iter,block,ch,status,score,phi_raw,perf_raw,phi_n,perf_n,weights
79,features.1,0,active,0.000000,0.000000e+00,0.000000e+00,0.0000,0.0000,25
79,features.1,1,pruned_before,nan,0.000000e+00,0.000000e+00,0.0000,0.0000,0
79,features.1,2,pruned_before,nan,0.000000e+00,0.000000e+00,0.0000,0.0000,0
79,features.1,3,pruned_before,nan,0.000000e+00,0.000000e+00,0.0000,0.0000,0
79,features.1,4,pruned_before,nan,0.000000e+00,0.000000e+00,0.0000,0.0000,0
79,features.1,5,pruned_before,nan,0.000000e+00,0.000000e+00,0.0000,0.0000,0
79,features.1,6,pruned_before,nan,0.000000e+00,0.000000e+00,0.0000,0.0000,0
79,features.1,7,pruned_before,nan,0.000000e+00,0.000000e+00,0.0000,0.0000,0
79,features.1,8,pruned_before,nan,0.000000e+00,0.000000e+00,0.0000,0.0000,0
79,features.1,9,active,0.000000,0.000000e+00,0.000000e+00,0.0000,0.0000,25
79,features.1,10,pruned_before,nan,0.000000e+00,0.000000e+00,0.0000,0.0000,0
79,features.1,11,protected,0.000000,3.493180e-06,4.156609e+00,1.0000,1.0000,25
79,features.1,12,pruned_before,nan,0.000000e+00,0.000000e+00,0.0000,0.0000,0
79,features.1,13,active,-0.006414,4.515856e-08,4.181297e-04,0.0129,0.0001,25
79,features.1,14,active,0.000000,0.000000e+00,0.000000e+00,0.0000,0.0000,25
79,features.1,15,active,0.000000,0.000000e+00,0.000000e+00,0.0000,0.0000,25
79,features.1,16,active,0.000000,0.000000e+00,1.617698e-08,0.0000,0.0000,25
79,features.1,17,active,0.000000,0.000000e+00,3.181063e-08,0.0000,0.0000,25
79,features.1,18,pruned_before,nan,0.000000e+00,0.000000e+00,0.0000,0.0000,0
79,features.1,19,pruned_before,nan,0.000000e+00,0.000000e+00,0.0000,0.0000,0
79,features.1,20,pruned_before,nan,0.000000e+00,0.000000e+00,0.0000,0.0000,0
79,features.1,21,pruned_before,nan,0.000000e+00,0.000000e+00,0.0000,0.0000,0
79,features.1,22,pruned_before,nan,0.000000e+00,0.000000e+00,0.0000,0.0000,0
79,features.1,23,active,0.000000,0.000000e+00,0.000000e+00,0.0000,0.0000,25
79,features.1,24,pruned_before,nan,0.000000e+00,0.000000e+00,0.0000,0.0000,0
79,features.1,25,pruned_before,nan,0.000000e+00,0.000000e+00,0.0000,0.0000,0
79,features.1,26,pruned_before,nan,0.000000e+00,0.000000e+00,0.0000,0.0000,0
79,features.1,27,pruned_before,nan,0.000000e+00,0.000000e+00,0.0000,0.0000,0
79,features.1,28,pruned_before,nan,0.000000e+00,0.000000e+00,0.0000,0.0000,0
79,features.1,29,pruned_before,nan,0.000000e+00,0.000000e+00,0.0000,0.0000,0
79,features.1,30,pruned_before,nan,0.000000e+00,0.000000e+00,0.0000,0.0000,0
79,features.1,31,pruned_before,nan,0.000000e+00,0.000000e+00,0.0000,0.0000,0
79,features.2,0,pruned_before,nan,0.000000e+00,0.000000e+00,0.0000,0.0000,0
79,features.2,1,pruned_before,nan,0.000000e+00,0.000000e+00,0.0000,0.0000,0
79,features.2,2,pruned_before,nan,0.000000e+00,0.000000e+00,0.0000,0.0000,0
79,features.2,3,pruned_before,nan,0.000000e+00,0.000000e+00,0.0000,0.0000,0
79,features.2,4,pruned_before,nan,0.000000e+00,0.000000e+00,0.0000,0.0000,0
79,features.2,5,pruned_before,nan,0.000000e+00,0.000000e+00,0.0000,0.0000,0
79,features.2,6,pruned_before,nan,0.000000e+00,0.000000e+00,0.0000,0.0000,0
79,features.2,7,active,-0.000198,2.074275e-09,2.171395e-06,0.0004,0.0000,49
79,features.2,8,pruned_before,nan,0.000000e+00,0.000000e+00,0.0000,0.0000,0
79,features.2,9,pruned_before,nan,0.000000e+00,0.000000e+00,0.0000,0.0000,0
79,features.2,10,pruned_before,nan,0.000000e+00,0.000000e+00,0.0000,0.0000,0
79,features.2,11,pruned_before,nan,0.000000e+00,0.000000e+00,0.0000,0.0000,0
79,features.2,12,pruned_before,nan,0.000000e+00,0.000000e+00,0.0000,0.0000,0
79,features.2,13,pruned_before,nan,0.000000e+00,0.000000e+00,0.0000,0.0000,0
79,features.2,14,pruned_before,nan,0.000000e+00,0.000000e+00,0.0000,0.0000,0
79,features.2,15,pruned_before,nan,0.000000e+00,0.000000e+00,0.0000,0.0000,0
79,features.2,16,pruned_before,nan,0.000000e+00,0.000000e+00,0.0000,0.0000,0
79,features.2,17,pruned_before,nan,0.000000e+00,0.000000e+00,0.0000,0.0000,0
79,features.2,18,pruned_before,nan,0.000000e+00,0.000000e+00,0.0000,0.0000,0
79,features.2,19,pruned_before,nan,0.000000e+00,0.000000e+00,0.0000,0.0000,0
79,features.2,20,pruned_before,nan,0.000000e+00,0.000000e+00,0.0000,0.0000,0
79,features.2,21,pruned_before,nan,0.000000e+00,0.000000e+00,0.0000,0.0000,0
79,features.2,22,pruned_before,nan,0.000000e+00,0.000000e+00,0.0000,0.0000,0
79,features.2,23,protected,0.000000,5.216346e-06,1.982572e+00,1.0000,1.0000,49
79,features.2,24,pruned_before,nan,0.000000e+00,0.000000e+00,0.0000,0.0000,0
79,features.2,25,pruned_before,nan,0.000000e+00,0.000000e+00,0.0000,0.0000,0
79,features.2,26,pruned_before,nan,0.000000e+00,0.000000e+00,0.0000,0.0000,0
79,features.2,27,pruned_before,nan,0.000000e+00,0.000000e+00,0.0000,0.0000,0
79,features.2,28,pruned_before,nan,0.000000e+00,0.000000e+00,0.0000,0.0000,0
79,features.2,29,pruned_before,nan,0.000000e+00,0.000000e+00,0.0000,0.0000,0
79,features.2,30,pruned_before,nan,0.000000e+00,0.000000e+00,0.0000,0.0000,0
79,features.2,31,pruned_before,nan,0.000000e+00,0.000000e+00,0.0000,0.0000,0
79,features.2,32,pruned_before,nan,0.000000e+00,0.000000e+00,0.0000,0.0000,0
79,features.2,33,pruned_before,nan,0.000000e+00,0.000000e+00,0.0000,0.0000,0
79,features.2,34,pruned_before,nan,0.000000e+00,0.000000e+00,0.0000,0.0000,0
79,features.2,35,pruned_before,nan,0.000000e+00,0.000000e+00,0.0000,0.0000,0
79,features.2,36,pruned_before,nan,0.000000e+00,0.000000e+00,0.0000,0.0000,0
79,features.2,37,pruned_before,nan,0.000000e+00,0.000000e+00,0.0000,0.0000,0
79,features.2,38,pruned_before,nan,0.000000e+00,0.000000e+00,0.0000,0.0000,0
79,features.2,39,pruned_before,nan,0.000000e+00,0.000000e+00,0.0000,0.0000,0
79,features.2,40,pruned_before,nan,0.000000e+00,0.000000e+00,0.0000,0.0000,0
79,features.2,41,pruned_before,nan,0.000000e+00,0.000000e+00,0.0000,0.0000,0
79,features.2,42,pruned_before,nan,0.000000e+00,0.000000e+00,0.0000,0.0000,0
79,features.2,43,pruned_before,nan,0.000000e+00,0.000000e+00,0.0000,0.0000,0
79,features.2,44,pruned_before,nan,0.000000e+00,0.000000e+00,0.0000,0.0000,0
79,features.2,45,pruned_before,nan,0.000000e+00,0.000000e+00,0.0000,0.0000,0
79,features.2,46,pruned_before,nan,0.000000e+00,0.000000e+00,0.0000,0.0000,0
79,features.2,47,pruned_before,nan,0.000000e+00,0.000000e+00,0.0000,0.0000,0
79,features.2,48,pruned_before,nan,0.000000e+00,0.000000e+00,0.0000,0.0000,0
79,features.2,49,pruned_before,nan,0.000000e+00,0.000000e+00,0.0000,0.0000,0
79,features.2,50,pruned_before,nan,0.000000e+00,0.000000e+00,0.0000,0.0000,0
79,features.2,51,pruned_before,nan,0.000000e+00,0.000000e+00,0.0000,0.0000,0
79,features.2,52,pruned_before,nan,0.000000e+00,0.000000e+00,0.0000,0.0000,0
79,features.2,53,pruned_before,nan,0.000000e+00,0.000000e+00,0.0000,0.0000,0
79,features.2,54,pruned_before,nan,0.000000e+00,0.000000e+00,0.0000,0.0000,0
79,features.2,55,active,-0.017965,1.928862e-07,2.075320e-03,0.0370,0.0010,49
79,features.2,56,pruned_before,nan,0.000000e+00,0.000000e+00,0.0000,0.0000,0
79,features.2,57,pruned_before,nan,0.000000e+00,0.000000e+00,0.0000,0.0000,0
79,features.2,58,pruned_before,nan,0.000000e+00,0.000000e+00,0.0000,0.0000,0
79,features.2,59,pruned_before,nan,0.000000e+00,0.000000e+00,0.0000,0.0000,0
79,features.2,60,pruned_before,nan,0.000000e+00,0.000000e+00,0.0000,0.0000,0
79,features.2,61,pruned_before,nan,0.000000e+00,0.000000e+00,0.0000,0.0000,0
79,features.2,62,pruned_before,nan,0.000000e+00,0.000000e+00,0.0000,0.0000,0
79,features.2,63,pruned_before,nan,0.000000e+00,0.000000e+00,0.0000,0.0000,0
79,features.2,64,pruned_before,nan,0.000000e+00,0.000000e+00,0.0000,0.0000,0
79,features.2,65,pruned_before,nan,0.000000e+00,0.000000e+00,0.0000,0.0000,0
79,features.2,66,pruned_before,nan,0.000000e+00,0.000000e+00,0.0000,0.0000,0
79,features.2,67,pruned_before,nan,0.000000e+00,0.000000e+00,0.0000,0.0000,0
79,features.2,68,pruned_before,nan,0.000000e+00,0.000000e+00,0.0000,0.0000,0
79,features.2,69,pruned_before,nan,0.000000e+00,0.000000e+00,0.0000,0.0000,0
79,features.2,70,pruned_before,nan,0.000000e+00,0.000000e+00,0.0000,0.0000,0
79,features.2,71,pruned_before,nan,0.000000e+00,0.000000e+00,0.0000,0.0000,0
79,features.2,72,pruned_before,nan,0.000000e+00,0.000000e+00,0.0000,0.0000,0
79,features.2,73,pruned_before,nan,0.000000e+00,0.000000e+00,0.0000,0.0000,0
79,features.2,74,pruned_before,nan,0.000000e+00,0.000000e+00,0.0000,0.0000,0
79,features.2,75,pruned_before,nan,0.000000e+00,0.000000e+00,0.0000,0.0000,0
79,features.2,76,pruned_before,nan,0.000000e+00,0.000000e+00,0.0000,0.0000,0
79,features.2,77,pruned_before,nan,0.000000e+00,0.000000e+00,0.0000,0.0000,0
79,features.2,78,pruned_before,nan,0.000000e+00,0.000000e+00,0.0000,0.0000,0
79,features.2,79,pruned_before,nan,0.000000e+00,0.000000e+00,0.0000,0.0000,0
79,features.2,80,pruned_before,nan,0.000000e+00,0.000000e+00,0.0000,0.0000,0
79,features.2,81,pruned_before,nan,0.000000e+00,0.000000e+00,0.0000,0.0000,0
79,features.2,82,pruned_before,nan,0.000000e+00,0.000000e+00,0.0000,0.0000,0
79,features.2,83,pruned_before,nan,0.000000e+00,0.000000e+00,0.0000,0.0000,0
79,features.2,84,pruned_before,nan,0.000000e+00,0.000000e+00,0.0000,0.0000,0
79,features.2,85,pruned_before,nan,0.000000e+00,0.000000e+00,0.0000,0.0000,0
79,features.2,86,pruned_before,nan,0.000000e+00,0.000000e+00,0.0000,0.0000,0
79,features.2,87,pruned_before,nan,0.000000e+00,0.000000e+00,0.0000,0.0000,0
79,features.2,88,pruned_before,nan,0.000000e+00,0.000000e+00,0.0000,0.0000,0
79,features.2,89,pruned_before,nan,0.000000e+00,0.000000e+00,0.0000,0.0000,0
79,features.2,90,pruned_before,nan,0.000000e+00,0.000000e+00,0.0000,0.0000,0
79,features.2,91,pruned_before,nan,0.000000e+00,0.000000e+00,0.0000,0.0000,0
79,features.2,92,pruned_before,nan,0.000000e+00,0.000000e+00,0.0000,0.0000,0
79,features.2,93,pruned_before,nan,0.000000e+00,0.000000e+00,0.0000,0.0000,0
79,features.2,94,pruned_before,nan,0.000000e+00,0.000000e+00,0.0000,0.0000,0
79,features.2,95,pruned_before,nan,0.000000e+00,0.000000e+00,0.0000,0.0000,0
79,features.3,0,pruned_before,nan,0.000000e+00,0.000000e+00,0.0000,0.0000,0
79,features.3,1,pruned_before,nan,0.000000e+00,0.000000e+00,0.0000,0.0000,0
79,features.3,2,pruned_before,nan,0.000000e+00,0.000000e+00,0.0000,0.0000,0
79,features.3,3,pruned_before,nan,0.000000e+00,0.000000e+00,0.0000,0.0000,0
79,features.3,4,pruned_before,nan,0.000000e+00,0.000000e+00,0.0000,0.0000,0
79,features.3,5,pruned_before,nan,0.000000e+00,0.000000e+00,0.0000,0.0000,0
79,features.3,6,pruned_before,nan,0.000000e+00,0.000000e+00,0.0000,0.0000,0
79,features.3,7,pruned_before,nan,0.000000e+00,0.000000e+00,0.0000,0.0000,0
79,features.3,8,pruned_before,nan,0.000000e+00,0.000000e+00,0.0000,0.0000,0
79,features.3,9,pruned_before,nan,0.000000e+00,0.000000e+00,0.0000,0.0000,0
79,features.3,10,pruned_before,nan,0.000000e+00,0.000000e+00,0.0000,0.0000,0
79,features.3,11,pruned_before,nan,0.000000e+00,0.000000e+00,0.0000,0.0000,0
79,features.3,12,pruned_before,nan,0.000000e+00,0.000000e+00,0.0000,0.0000,0
79,features.3,13,pruned_before,nan,0.000000e+00,0.000000e+00,0.0000,0.0000,0
79,features.3,14,pruned_before,nan,0.000000e+00,0.000000e+00,0.0000,0.0000,0
79,features.3,15,pruned_before,nan,0.000000e+00,0.000000e+00,0.0000,0.0000,0
79,features.3,16,pruned_before,nan,0.000000e+00,0.000000e+00,0.0000,0.0000,0
79,features.3,17,pruned_before,nan,0.000000e+00,0.000000e+00,0.0000,0.0000,0
79,features.3,18,pruned_before,nan,0.000000e+00,0.000000e+00,0.0000,0.0000,0
79,features.3,19,active,0.449817,8.553429e-09,4.726276e-03,0.0206,0.9203,57
79,features.3,20,pruned_before,nan,0.000000e+00,0.000000e+00,0.0000,0.0000,0
79,features.3,21,pruned_before,nan,0.000000e+00,0.000000e+00,0.0000,0.0000,0
79,features.3,22,pruned_before,nan,0.000000e+00,0.000000e+00,0.0000,0.0000,0
79,features.3,23,pruned_before,nan,0.000000e+00,0.000000e+00,0.0000,0.0000,0
79,features.3,24,pruned_before,nan,0.000000e+00,0.000000e+00,0.0000,0.0000,0
79,features.3,25,pruned_before,nan,0.000000e+00,0.000000e+00,0.0000,0.0000,0
79,features.3,26,pruned_before,nan,0.000000e+00,0.000000e+00,0.0000,0.0000,0
79,features.3,27,pruned_before,nan,0.000000e+00,0.000000e+00,0.0000,0.0000,0
79,features.3,28,pruned_before,nan,0.000000e+00,0.000000e+00,0.0000,0.0000,0
79,features.3,29,pruned_before,nan,0.000000e+00,0.000000e+00,0.0000,0.0000,0
79,features.3,30,pruned_before,nan,0.000000e+00,0.000000e+00,0.0000,0.0000,0
79,features.3,31,pruned_before,nan,0.000000e+00,0.000000e+00,0.0000,0.0000,0
79,features.3,32,pruned_before,nan,0.000000e+00,0.000000e+00,0.0000,0.0000,0
79,features.3,33,pruned_before,nan,0.000000e+00,0.000000e+00,0.0000,0.0000,0
79,features.3,34,active,0.007209,8.136804e-08,1.081646e-03,0.1962,0.2106,57
79,features.3,35,pruned_before,nan,0.000000e+00,0.000000e+00,0.0000,0.0000,0
79,features.3,36,pruned_before,nan,0.000000e+00,0.000000e+00,0.0000,0.0000,0
79,features.3,37,pruned_before,nan,0.000000e+00,0.000000e+00,0.0000,0.0000,0
79,features.3,38,pruned_before,nan,0.000000e+00,0.000000e+00,0.0000,0.0000,0
79,features.3,39,pruned_before,nan,0.000000e+00,0.000000e+00,0.0000,0.0000,0
79,features.3,40,pruned_before,nan,0.000000e+00,0.000000e+00,0.0000,0.0000,0
79,features.3,41,pruned_before,nan,0.000000e+00,0.000000e+00,0.0000,0.0000,0
79,features.3,42,pruned_before,nan,0.000000e+00,0.000000e+00,0.0000,0.0000,0
79,features.3,43,pruned_before,nan,0.000000e+00,0.000000e+00,0.0000,0.0000,0
79,features.3,44,pruned_before,nan,0.000000e+00,0.000000e+00,0.0000,0.0000,0
79,features.3,45,pruned_before,nan,0.000000e+00,0.000000e+00,0.0000,0.0000,0
79,features.3,46,pruned_before,nan,0.000000e+00,0.000000e+00,0.0000,0.0000,0
79,features.3,47,pruned_before,nan,0.000000e+00,0.000000e+00,0.0000,0.0000,0
79,features.3,48,pruned_before,nan,0.000000e+00,0.000000e+00,0.0000,0.0000,0
79,features.3,49,pruned_before,nan,0.000000e+00,0.000000e+00,0.0000,0.0000,0
79,features.3,50,pruned_before,nan,0.000000e+00,0.000000e+00,0.0000,0.0000,0
79,features.3,51,pruned_before,nan,0.000000e+00,0.000000e+00,0.0000,0.0000,0
79,features.3,52,pruned_before,nan,0.000000e+00,0.000000e+00,0.0000,0.0000,0
79,features.3,53,protected,0.000001,4.147387e-07,5.135818e-03,1.0000,1.0000,57
79,features.3,54,pruned_before,nan,0.000000e+00,0.000000e+00,0.0000,0.0000,0
79,features.3,55,pruned_before,nan,0.000000e+00,0.000000e+00,0.0000,0.0000,0
79,features.3,56,pruned_before,nan,0.000000e+00,0.000000e+00,0.0000,0.0000,0
79,features.3,57,pruned_before,nan,0.000000e+00,0.000000e+00,0.0000,0.0000,0
79,features.3,58,pruned_before,nan,0.000000e+00,0.000000e+00,0.0000,0.0000,0
79,features.3,59,pruned_before,nan,0.000000e+00,0.000000e+00,0.0000,0.0000,0
79,features.3,60,pruned_before,nan,0.000000e+00,0.000000e+00,0.0000,0.0000,0
79,features.3,61,pruned_before,nan,0.000000e+00,0.000000e+00,0.0000,0.0000,0
79,features.3,62,pruned_before,nan,0.000000e+00,0.000000e+00,0.0000,0.0000,0
79,features.3,63,pruned_before,nan,0.000000e+00,0.000000e+00,0.0000,0.0000,0
79,features.3,64,pruned_before,nan,0.000000e+00,0.000000e+00,0.0000,0.0000,0
79,features.3,65,pruned_before,nan,0.000000e+00,0.000000e+00,0.0000,0.0000,0
79,features.3,66,pruned_before,nan,0.000000e+00,0.000000e+00,0.0000,0.0000,0
79,features.3,67,pruned_before,nan,0.000000e+00,0.000000e+00,0.0000,0.0000,0
79,features.3,68,pruned_before,nan,0.000000e+00,0.000000e+00,0.0000,0.0000,0
79,features.3,69,pruned_before,nan,0.000000e+00,0.000000e+00,0.0000,0.0000,0
79,features.3,70,pruned_before,nan,0.000000e+00,0.000000e+00,0.0000,0.0000,0
79,features.3,71,pruned_before,nan,0.000000e+00,0.000000e+00,0.0000,0.0000,0
79,features.3,72,pruned_before,nan,0.000000e+00,0.000000e+00,0.0000,0.0000,0
79,features.3,73,pruned_before,nan,0.000000e+00,0.000000e+00,0.0000,0.0000,0
79,features.3,74,pruned_before,nan,0.000000e+00,0.000000e+00,0.0000,0.0000,0
79,features.3,75,pruned_before,nan,0.000000e+00,0.000000e+00,0.0000,0.0000,0
79,features.3,76,pruned_before,nan,0.000000e+00,0.000000e+00,0.0000,0.0000,0
79,features.3,77,pruned_before,nan,0.000000e+00,0.000000e+00,0.0000,0.0000,0
79,features.3,78,pruned_before,nan,0.000000e+00,0.000000e+00,0.0000,0.0000,0
79,features.3,79,pruned_before,nan,0.000000e+00,0.000000e+00,0.0000,0.0000,0
79,features.3,80,pruned_before,nan,0.000000e+00,0.000000e+00,0.0000,0.0000,0
79,features.3,81,pruned_before,nan,0.000000e+00,0.000000e+00,0.0000,0.0000,0
79,features.3,82,pruned_before,nan,0.000000e+00,0.000000e+00,0.0000,0.0000,0
79,features.3,83,active,0.000296,1.725192e-10,5.174295e-06,0.0004,0.0010,57
79,features.3,84,pruned_before,nan,0.000000e+00,0.000000e+00,0.0000,0.0000,0
79,features.3,85,pruned_before,nan,0.000000e+00,0.000000e+00,0.0000,0.0000,0
79,features.3,86,pruned_before,nan,0.000000e+00,0.000000e+00,0.0000,0.0000,0
79,features.3,87,pruned_before,nan,0.000000e+00,0.000000e+00,0.0000,0.0000,0
79,features.3,88,pruned_before,nan,0.000000e+00,0.000000e+00,0.0000,0.0000,0
79,features.3,89,pruned_before,nan,0.000000e+00,0.000000e+00,0.0000,0.0000,0
79,features.3,90,pruned_before,nan,0.000000e+00,0.000000e+00,0.0000,0.0000,0
79,features.3,91,pruned_before,nan,0.000000e+00,0.000000e+00,0.0000,0.0000,0
79,features.3,92,pruned_before,nan,0.000000e+00,0.000000e+00,0.0000,0.0000,0
79,features.3,93,pruned_before,nan,0.000000e+00,0.000000e+00,0.0000,0.0000,0
79,features.3,94,pruned_before,nan,0.000000e+00,0.000000e+00,0.0000,0.0000,0
79,features.3,95,active,0.112243,2.709091e-09,1.186466e-03,0.0065,0.2310,57
79,features.3,96,pruned_before,nan,0.000000e+00,0.000000e+00,0.0000,0.0000,0
79,features.3,97,pruned_before,nan,0.000000e+00,0.000000e+00,0.0000,0.0000,0
79,features.3,98,pruned_before,nan,0.000000e+00,0.000000e+00,0.0000,0.0000,0
79,features.3,99,pruned_before,nan,0.000000e+00,0.000000e+00,0.0000,0.0000,0
79,features.3,100,pruned_before,nan,0.000000e+00,0.000000e+00,0.0000,0.0000,0
79,features.3,101,pruned_before,nan,0.000000e+00,0.000000e+00,0.0000,0.0000,0
79,features.3,102,pruned_before,nan,0.000000e+00,0.000000e+00,0.0000,0.0000,0
79,features.3,103,pruned_before,nan,0.000000e+00,0.000000e+00,0.0000,0.0000,0
79,features.3,104,pruned_before,nan,0.000000e+00,0.000000e+00,0.0000,0.0000,0
79,features.3,105,pruned_before,nan,0.000000e+00,0.000000e+00,0.0000,0.0000,0
79,features.3,106,pruned_before,nan,0.000000e+00,0.000000e+00,0.0000,0.0000,0
79,features.3,107,pruned_before,nan,0.000000e+00,0.000000e+00,0.0000,0.0000,0
79,features.3,108,pruned_before,nan,0.000000e+00,0.000000e+00,0.0000,0.0000,0
79,features.3,109,pruned_before,nan,0.000000e+00,0.000000e+00,0.0000,0.0000,0
79,features.3,110,pruned_before,nan,0.000000e+00,0.000000e+00,0.0000,0.0000,0
79,features.3,111,pruned_before,nan,0.000000e+00,0.000000e+00,0.0000,0.0000,0
79,features.3,112,pruned_before,nan,0.000000e+00,0.000000e+00,0.0000,0.0000,0
79,features.3,113,pruned_before,nan,0.000000e+00,0.000000e+00,0.0000,0.0000,0
79,features.3,114,pruned_before,nan,0.000000e+00,0.000000e+00,0.0000,0.0000,0
79,features.3,115,pruned_before,nan,0.000000e+00,0.000000e+00,0.0000,0.0000,0
79,features.3,116,pruned_before,nan,0.000000e+00,0.000000e+00,0.0000,0.0000,0
79,features.3,117,pruned_before,nan,0.000000e+00,0.000000e+00,0.0000,0.0000,0
79,features.3,118,pruned_before,nan,0.000000e+00,0.000000e+00,0.0000,0.0000,0
79,features.3,119,pruned_before,nan,0.000000e+00,0.000000e+00,0.0000,0.0000,0
79,features.3,120,pruned_before,nan,0.000000e+00,0.000000e+00,0.0000,0.0000,0
79,features.3,121,pruned_before,nan,0.000000e+00,0.000000e+00,0.0000,0.0000,0
79,features.3,122,pruned_before,nan,0.000000e+00,0.000000e+00,0.0000,0.0000,0
79,features.3,123,pruned_before,nan,0.000000e+00,0.000000e+00,0.0000,0.0000,0
79,features.3,124,pruned_before,nan,0.000000e+00,0.000000e+00,0.0000,0.0000,0
79,features.3,125,pruned_before,nan,0.000000e+00,0.000000e+00,0.0000,0.0000,0
79,features.3,126,pruned_before,nan,0.000000e+00,0.000000e+00,0.0000,0.0000,0
79,features.3,127,pruned_before,nan,0.000000e+00,0.000000e+00,0.0000,0.0000,0
79,features.3,128,pruned_before,nan,0.000000e+00,0.000000e+00,0.0000,0.0000,0
79,features.3,129,pruned_before,nan,0.000000e+00,0.000000e+00,0.0000,0.0000,0
79,features.3,130,pruned_before,nan,0.000000e+00,0.000000e+00,0.0000,0.0000,0
79,features.3,131,pruned_before,nan,0.000000e+00,0.000000e+00,0.0000,0.0000,0
79,features.3,132,pruned_before,nan,0.000000e+00,0.000000e+00,0.0000,0.0000,0
79,features.3,133,pruned_before,nan,0.000000e+00,0.000000e+00,0.0000,0.0000,0
79,features.3,134,pruned_before,nan,0.000000e+00,0.000000e+00,0.0000,0.0000,0
79,features.3,135,pruned_before,nan,0.000000e+00,0.000000e+00,0.0000,0.0000,0
79,features.3,136,pruned_before,nan,0.000000e+00,0.000000e+00,0.0000,0.0000,0
79,features.3,137,pruned_before,nan,0.000000e+00,0.000000e+00,0.0000,0.0000,0
79,features.3,138,pruned_before,nan,0.000000e+00,0.000000e+00,0.0000,0.0000,0
79,features.3,139,pruned_before,nan,0.000000e+00,0.000000e+00,0.0000,0.0000,0
79,features.3,140,pruned_before,nan,0.000000e+00,0.000000e+00,0.0000,0.0000,0
79,features.3,141,pruned_before,nan,0.000000e+00,0.000000e+00,0.0000,0.0000,0
79,features.3,142,pruned_before,nan,0.000000e+00,0.000000e+00,0.0000,0.0000,0
79,features.3,143,pruned_before,nan,0.000000e+00,0.000000e+00,0.0000,0.0000,0
79,features.4,0,pruned_before,nan,0.000000e+00,0.000000e+00,0.0000,0.0000,0
79,features.4,1,active,-0.009970,1.605479e-07,3.482156e-03,0.0476,0.0277,65
79,features.4,2,pruned_before,nan,0.000000e+00,0.000000e+00,0.0000,0.0000,0
79,features.4,3,pruned_before,nan,0.000000e+00,0.000000e+00,0.0000,0.0000,0
79,features.4,4,pruned_before,nan,0.000000e+00,0.000000e+00,0.0000,0.0000,0
79,features.4,5,pruned_before,nan,0.000000e+00,0.000000e+00,0.0000,0.0000,0
79,features.4,6,pruned_before,nan,0.000000e+00,0.000000e+00,0.0000,0.0000,0
79,features.4,7,pruned_before,nan,0.000000e+00,0.000000e+00,0.0000,0.0000,0
79,features.4,8,pruned_before,nan,0.000000e+00,0.000000e+00,0.0000,0.0000,0
79,features.4,9,pruned_before,nan,0.000000e+00,0.000000e+00,0.0000,0.0000,0
79,features.4,10,pruned_before,nan,0.000000e+00,0.000000e+00,0.0000,0.0000,0
79,features.4,11,pruned_before,nan,0.000000e+00,0.000000e+00,0.0000,0.0000,0
79,features.4,12,pruned_before,nan,0.000000e+00,0.000000e+00,0.0000,0.0000,0
79,features.4,13,pruned_before,nan,0.000000e+00,0.000000e+00,0.0000,0.0000,0
79,features.4,14,pruned_before,nan,0.000000e+00,0.000000e+00,0.0000,0.0000,0
79,features.4,15,pruned_before,nan,0.000000e+00,0.000000e+00,0.0000,0.0000,0
79,features.4,16,pruned_before,nan,0.000000e+00,0.000000e+00,0.0000,0.0000,0
79,features.4,17,pruned_before,nan,0.000000e+00,0.000000e+00,0.0000,0.0000,0
79,features.4,18,pruned_before,nan,0.000000e+00,0.000000e+00,0.0000,0.0000,0
79,features.4,19,pruned_before,nan,0.000000e+00,0.000000e+00,0.0000,0.0000,0
79,features.4,20,pruned_before,nan,0.000000e+00,0.000000e+00,0.0000,0.0000,0
79,features.4,21,pruned_before,nan,0.000000e+00,0.000000e+00,0.0000,0.0000,0
79,features.4,22,pruned_before,nan,0.000000e+00,0.000000e+00,0.0000,0.0000,0
79,features.4,23,pruned_before,nan,0.000000e+00,0.000000e+00,0.0000,0.0000,0
79,features.4,24,pruned_before,nan,0.000000e+00,0.000000e+00,0.0000,0.0000,0
79,features.4,25,pruned_before,nan,0.000000e+00,0.000000e+00,0.0000,0.0000,0
79,features.4,26,active,0.007967,2.713433e-07,1.212459e-02,0.0805,0.0965,65
79,features.4,27,pruned_before,nan,0.000000e+00,0.000000e+00,0.0000,0.0000,0
79,features.4,28,pruned_before,nan,0.000000e+00,0.000000e+00,0.0000,0.0000,0
79,features.4,29,pruned_before,nan,0.000000e+00,0.000000e+00,0.0000,0.0000,0
79,features.4,30,pruned_before,nan,0.000000e+00,0.000000e+00,0.0000,0.0000,0
79,features.4,31,pruned_before,nan,0.000000e+00,0.000000e+00,0.0000,0.0000,0
79,features.4,32,protected,0.000000,3.369827e-06,1.257010e-01,1.0000,1.0000,65
79,features.4,33,pruned_before,nan,0.000000e+00,0.000000e+00,0.0000,0.0000,0
79,features.4,34,pruned_before,nan,0.000000e+00,0.000000e+00,0.0000,0.0000,0
79,features.4,35,pruned_before,nan,0.000000e+00,0.000000e+00,0.0000,0.0000,0
79,features.4,36,pruned_before,nan,0.000000e+00,0.000000e+00,0.0000,0.0000,0
79,features.4,37,pruned_before,nan,0.000000e+00,0.000000e+00,0.0000,0.0000,0
79,features.4,38,pruned_before,nan,0.000000e+00,0.000000e+00,0.0000,0.0000,0
79,features.4,39,pruned_before,nan,0.000000e+00,0.000000e+00,0.0000,0.0000,0
79,features.4,40,pruned_before,nan,0.000000e+00,0.000000e+00,0.0000,0.0000,0
79,features.4,41,pruned_before,nan,0.000000e+00,0.000000e+00,0.0000,0.0000,0
79,features.4,42,pruned_before,nan,0.000000e+00,0.000000e+00,0.0000,0.0000,0
79,features.4,43,pruned_before,nan,0.000000e+00,0.000000e+00,0.0000,0.0000,0
79,features.4,44,pruned_before,nan,0.000000e+00,0.000000e+00,0.0000,0.0000,0
79,features.4,45,pruned_before,nan,0.000000e+00,0.000000e+00,0.0000,0.0000,0
79,features.4,46,pruned_before,nan,0.000000e+00,0.000000e+00,0.0000,0.0000,0
79,features.4,47,pruned_before,nan,0.000000e+00,0.000000e+00,0.0000,0.0000,0
79,features.4,48,pruned_before,nan,0.000000e+00,0.000000e+00,0.0000,0.0000,0
79,features.4,49,pruned_before,nan,0.000000e+00,0.000000e+00,0.0000,0.0000,0
79,features.4,50,pruned_before,nan,0.000000e+00,0.000000e+00,0.0000,0.0000,0
79,features.4,51,pruned_before,nan,0.000000e+00,0.000000e+00,0.0000,0.0000,0
79,features.4,52,pruned_before,nan,0.000000e+00,0.000000e+00,0.0000,0.0000,0
79,features.4,53,pruned_before,nan,0.000000e+00,0.000000e+00,0.0000,0.0000,0
79,features.4,54,pruned_before,nan,0.000000e+00,0.000000e+00,0.0000,0.0000,0
79,features.4,55,pruned_before,nan,0.000000e+00,0.000000e+00,0.0000,0.0000,0
79,features.4,56,pruned_before,nan,0.000000e+00,0.000000e+00,0.0000,0.0000,0
79,features.4,57,pruned_before,nan,0.000000e+00,0.000000e+00,0.0000,0.0000,0
79,features.4,58,pruned_before,nan,0.000000e+00,0.000000e+00,0.0000,0.0000,0
79,features.4,59,active,0.059919,3.747992e-08,1.646173e-02,0.0111,0.1310,65
79,features.4,60,pruned_before,nan,0.000000e+00,0.000000e+00,0.0000,0.0000,0
79,features.4,61,pruned_before,nan,0.000000e+00,0.000000e+00,0.0000,0.0000,0
79,features.4,62,pruned_before,nan,0.000000e+00,0.000000e+00,0.0000,0.0000,0
79,features.4,63,pruned_before,nan,0.000000e+00,0.000000e+00,0.0000,0.0000,0
79,features.4,64,pruned_before,nan,0.000000e+00,0.000000e+00,0.0000,0.0000,0
79,features.4,65,pruned_before,nan,0.000000e+00,0.000000e+00,0.0000,0.0000,0
79,features.4,66,pruned_before,nan,0.000000e+00,0.000000e+00,0.0000,0.0000,0
79,features.4,67,pruned_before,nan,0.000000e+00,0.000000e+00,0.0000,0.0000,0
79,features.4,68,pruned_before,nan,0.000000e+00,0.000000e+00,0.0000,0.0000,0
79,features.4,69,pruned_before,nan,0.000000e+00,0.000000e+00,0.0000,0.0000,0
79,features.4,70,pruned_before,nan,0.000000e+00,0.000000e+00,0.0000,0.0000,0
79,features.4,71,pruned_before,nan,0.000000e+00,0.000000e+00,0.0000,0.0000,0
79,features.4,72,pruned_before,nan,0.000000e+00,0.000000e+00,0.0000,0.0000,0
79,features.4,73,pruned_before,nan,0.000000e+00,0.000000e+00,0.0000,0.0000,0
79,features.4,74,pruned_before,nan,0.000000e+00,0.000000e+00,0.0000,0.0000,0
79,features.4,75,pruned_before,nan,0.000000e+00,0.000000e+00,0.0000,0.0000,0
79,features.4,76,pruned_before,nan,0.000000e+00,0.000000e+00,0.0000,0.0000,0
79,features.4,77,pruned_before,nan,0.000000e+00,0.000000e+00,0.0000,0.0000,0
79,features.4,78,pruned_before,nan,0.000000e+00,0.000000e+00,0.0000,0.0000,0
79,features.4,79,pruned_before,nan,0.000000e+00,0.000000e+00,0.0000,0.0000,0
79,features.4,80,pruned_before,nan,0.000000e+00,0.000000e+00,0.0000,0.0000,0
79,features.4,81,pruned_before,nan,0.000000e+00,0.000000e+00,0.0000,0.0000,0
79,features.4,82,pruned_before,nan,0.000000e+00,0.000000e+00,0.0000,0.0000,0
79,features.4,83,pruned_before,nan,0.000000e+00,0.000000e+00,0.0000,0.0000,0
79,features.4,84,pruned_before,nan,0.000000e+00,0.000000e+00,0.0000,0.0000,0
79,features.4,85,pruned_before,nan,0.000000e+00,0.000000e+00,0.0000,0.0000,0
79,features.4,86,pruned_before,nan,0.000000e+00,0.000000e+00,0.0000,0.0000,0
79,features.4,87,pruned_before,nan,0.000000e+00,0.000000e+00,0.0000,0.0000,0
79,features.4,88,pruned_before,nan,0.000000e+00,0.000000e+00,0.0000,0.0000,0
79,features.4,89,pruned_before,nan,0.000000e+00,0.000000e+00,0.0000,0.0000,0
79,features.4,90,pruned_before,nan,0.000000e+00,0.000000e+00,0.0000,0.0000,0
79,features.4,91,pruned_before,nan,0.000000e+00,0.000000e+00,0.0000,0.0000,0
79,features.4,92,pruned_before,nan,0.000000e+00,0.000000e+00,0.0000,0.0000,0
79,features.4,93,pruned_before,nan,0.000000e+00,0.000000e+00,0.0000,0.0000,0
79,features.4,94,pruned_before,nan,0.000000e+00,0.000000e+00,0.0000,0.0000,0
79,features.4,95,pruned_before,nan,0.000000e+00,0.000000e+00,0.0000,0.0000,0
79,features.4,96,pruned_before,nan,0.000000e+00,0.000000e+00,0.0000,0.0000,0
79,features.4,97,pruned_before,nan,0.000000e+00,0.000000e+00,0.0000,0.0000,0
79,features.4,98,pruned_before,nan,0.000000e+00,0.000000e+00,0.0000,0.0000,0
79,features.4,99,pruned_before,nan,0.000000e+00,0.000000e+00,0.0000,0.0000,0
79,features.4,100,active,-0.070008,4.848317e-07,4.848718e-04,0.1439,0.0039,65
79,features.4,101,pruned_before,nan,0.000000e+00,0.000000e+00,0.0000,0.0000,0
79,features.4,102,pruned_before,nan,0.000000e+00,0.000000e+00,0.0000,0.0000,0
79,features.4,103,pruned_before,nan,0.000000e+00,0.000000e+00,0.0000,0.0000,0
79,features.4,104,pruned_before,nan,0.000000e+00,0.000000e+00,0.0000,0.0000,0
79,features.4,105,pruned_before,nan,0.000000e+00,0.000000e+00,0.0000,0.0000,0
79,features.4,106,pruned_before,nan,0.000000e+00,0.000000e+00,0.0000,0.0000,0
79,features.4,107,pruned_before,nan,0.000000e+00,0.000000e+00,0.0000,0.0000,0
79,features.4,108,pruned_before,nan,0.000000e+00,0.000000e+00,0.0000,0.0000,0
79,features.4,109,pruned_before,nan,0.000000e+00,0.000000e+00,0.0000,0.0000,0
79,features.4,110,pruned_before,nan,0.000000e+00,0.000000e+00,0.0000,0.0000,0
79,features.4,111,pruned_before,nan,0.000000e+00,0.000000e+00,0.0000,0.0000,0
79,features.4,112,pruned_before,nan,0.000000e+00,0.000000e+00,0.0000,0.0000,0
79,features.4,113,pruned_before,nan,0.000000e+00,0.000000e+00,0.0000,0.0000,0
79,features.4,114,pruned_before,nan,0.000000e+00,0.000000e+00,0.0000,0.0000,0
79,features.4,115,pruned_before,nan,0.000000e+00,0.000000e+00,0.0000,0.0000,0
79,features.4,116,pruned_before,nan,0.000000e+00,0.000000e+00,0.0000,0.0000,0
79,features.4,117,pruned_before,nan,0.000000e+00,0.000000e+00,0.0000,0.0000,0
79,features.4,118,pruned_before,nan,0.000000e+00,0.000000e+00,0.0000,0.0000,0
79,features.4,119,pruned_before,nan,0.000000e+00,0.000000e+00,0.0000,0.0000,0
79,features.4,120,pruned_before,nan,0.000000e+00,0.000000e+00,0.0000,0.0000,0
79,features.4,121,pruned_before,nan,0.000000e+00,0.000000e+00,0.0000,0.0000,0
79,features.4,122,pruned_before,nan,0.000000e+00,0.000000e+00,0.0000,0.0000,0
79,features.4,123,pruned_before,nan,0.000000e+00,0.000000e+00,0.0000,0.0000,0
79,features.4,124,pruned_before,nan,0.000000e+00,0.000000e+00,0.0000,0.0000,0
79,features.4,125,pruned_before,nan,0.000000e+00,0.000000e+00,0.0000,0.0000,0
79,features.4,126,pruned_before,nan,0.000000e+00,0.000000e+00,0.0000,0.0000,0
79,features.4,127,pruned_before,nan,0.000000e+00,0.000000e+00,0.0000,0.0000,0
79,features.4,128,pruned_before,nan,0.000000e+00,0.000000e+00,0.0000,0.0000,0
79,features.4,129,pruned_before,nan,0.000000e+00,0.000000e+00,0.0000,0.0000,0
79,features.4,130,pruned_before,nan,0.000000e+00,0.000000e+00,0.0000,0.0000,0
79,features.4,131,pruned_before,nan,0.000000e+00,0.000000e+00,0.0000,0.0000,0
79,features.4,132,pruned_before,nan,0.000000e+00,0.000000e+00,0.0000,0.0000,0
79,features.4,133,pruned_before,nan,0.000000e+00,0.000000e+00,0.0000,0.0000,0
79,features.4,134,pruned_before,nan,0.000000e+00,0.000000e+00,0.0000,0.0000,0
79,features.4,135,pruned_before,nan,0.000000e+00,0.000000e+00,0.0000,0.0000,0
79,features.4,136,pruned_before,nan,0.000000e+00,0.000000e+00,0.0000,0.0000,0
79,features.4,137,pruned_before,nan,0.000000e+00,0.000000e+00,0.0000,0.0000,0
79,features.4,138,pruned_before,nan,0.000000e+00,0.000000e+00,0.0000,0.0000,0
79,features.4,139,pruned_before,nan,0.000000e+00,0.000000e+00,0.0000,0.0000,0
79,features.4,140,pruned_before,nan,0.000000e+00,0.000000e+00,0.0000,0.0000,0
79,features.4,141,pruned_before,nan,0.000000e+00,0.000000e+00,0.0000,0.0000,0
79,features.4,142,pruned_before,nan,0.000000e+00,0.000000e+00,0.0000,0.0000,0
79,features.4,143,pruned_before,nan,0.000000e+00,0.000000e+00,0.0000,0.0000,0
79,features.5,0,pruned_before,nan,0.000000e+00,0.000000e+00,0.0000,0.0000,0
79,features.5,1,pruned_before,nan,0.000000e+00,0.000000e+00,0.0000,0.0000,0
79,features.5,2,pruned_before,nan,0.000000e+00,0.000000e+00,0.0000,0.0000,0
79,features.5,3,pruned_before,nan,0.000000e+00,0.000000e+00,0.0000,0.0000,0
79,features.5,4,pruned_before,nan,0.000000e+00,0.000000e+00,0.0000,0.0000,0
79,features.5,5,pruned_before,nan,0.000000e+00,0.000000e+00,0.0000,0.0000,0
79,features.5,6,pruned_before,nan,0.000000e+00,0.000000e+00,0.0000,0.0000,0
79,features.5,7,pruned_before,nan,0.000000e+00,0.000000e+00,0.0000,0.0000,0
79,features.5,8,pruned_before,nan,0.000000e+00,0.000000e+00,0.0000,0.0000,0
79,features.5,9,pruned_before,nan,0.000000e+00,0.000000e+00,0.0000,0.0000,0
79,features.5,10,active,-0.006069,9.248244e-09,7.351650e-06,0.0121,0.0000,73
79,features.5,11,active,-0.011307,1.735626e-08,1.594680e-04,0.0228,0.0002,73
79,features.5,12,active,-0.003388,5.172652e-09,1.480380e-05,0.0068,0.0000,73
79,features.5,13,pruned_before,nan,0.000000e+00,0.000000e+00,0.0000,0.0000,0
79,features.5,14,pruned_before,nan,0.000000e+00,0.000000e+00,0.0000,0.0000,0
79,features.5,15,pruned_before,nan,0.000000e+00,0.000000e+00,0.0000,0.0000,0
79,features.5,16,active,-0.000490,1.041439e-09,3.387673e-04,0.0014,0.0004,73
79,features.5,17,pruned_before,nan,0.000000e+00,0.000000e+00,0.0000,0.0000,0
79,features.5,18,pruned_before,nan,0.000000e+00,0.000000e+00,0.0000,0.0000,0
79,features.5,19,pruned_before,nan,0.000000e+00,0.000000e+00,0.0000,0.0000,0
79,features.5,20,pruned_before,nan,0.000000e+00,0.000000e+00,0.0000,0.0000,0
79,features.5,21,pruned_before,nan,0.000000e+00,0.000000e+00,0.0000,0.0000,0
79,features.5,22,pruned_before,nan,0.000000e+00,0.000000e+00,0.0000,0.0000,0
79,features.5,23,pruned_before,nan,0.000000e+00,0.000000e+00,0.0000,0.0000,0
79,features.5,24,pruned_before,nan,0.000000e+00,0.000000e+00,0.0000,0.0000,0
79,features.5,25,pruned_before,nan,0.000000e+00,0.000000e+00,0.0000,0.0000,0
79,features.5,26,active,-0.001054,1.655894e-09,5.836754e-05,0.0022,0.0001,73
79,features.5,27,pruned_before,nan,0.000000e+00,0.000000e+00,0.0000,0.0000,0
79,features.5,28,active,-0.009598,1.644390e-08,2.099474e-03,0.0216,0.0024,73
79,features.5,29,pruned_before,nan,0.000000e+00,0.000000e+00,0.0000,0.0000,0
79,features.5,30,pruned_before,nan,0.000000e+00,0.000000e+00,0.0000,0.0000,0
79,features.5,31,pruned_before,nan,0.000000e+00,0.000000e+00,0.0000,0.0000,0
79,features.5,32,active,0.002053,9.455140e-10,4.673522e-03,0.0012,0.0053,73
79,features.5,33,active,-0.000164,2.530822e-10,4.429589e-06,0.0003,0.0000,73
79,features.5,34,active,-0.006721,1.025979e-08,2.886010e-05,0.0135,0.0000,73
79,features.5,35,pruned_before,nan,0.000000e+00,0.000000e+00,0.0000,0.0000,0
79,features.5,36,active,-0.005490,1.396842e-08,6.437039e-03,0.0183,0.0074,73
79,features.5,37,pruned_before,nan,0.000000e+00,0.000000e+00,0.0000,0.0000,0
79,features.5,38,active,-0.001710,2.634355e-09,3.498876e-05,0.0035,0.0000,73
79,features.5,39,pruned_before,nan,0.000000e+00,0.000000e+00,0.0000,0.0000,0
79,features.5,40,pruned_before,nan,0.000000e+00,0.000000e+00,0.0000,0.0000,0
79,features.5,41,pruned_before,nan,0.000000e+00,0.000000e+00,0.0000,0.0000,0
79,features.5,42,pruned_before,nan,0.000000e+00,0.000000e+00,0.0000,0.0000,0
79,features.5,43,active,-0.006503,9.960911e-09,6.767201e-05,0.0131,0.0001,73
79,features.5,44,pruned_before,nan,0.000000e+00,0.000000e+00,0.0000,0.0000,0
79,features.5,45,pruned_before,nan,0.000000e+00,0.000000e+00,0.0000,0.0000,0
79,features.5,46,active,-0.004512,7.106893e-09,2.707476e-04,0.0093,0.0003,73
79,features.5,47,pruned_before,nan,0.000000e+00,0.000000e+00,0.0000,0.0000,0
79,features.5,48,pruned_before,nan,0.000000e+00,0.000000e+00,0.0000,0.0000,0
79,features.5,49,pruned_before,nan,0.000000e+00,0.000000e+00,0.0000,0.0000,0
79,features.5,50,pruned_before,nan,0.000000e+00,0.000000e+00,0.0000,0.0000,0
79,features.5,51,pruned_before,nan,0.000000e+00,0.000000e+00,0.0000,0.0000,0
79,features.5,52,pruned_before,nan,0.000000e+00,0.000000e+00,0.0000,0.0000,0
79,features.5,53,pruned_before,nan,0.000000e+00,0.000000e+00,0.0000,0.0000,0
79,features.5,54,active,0.002957,1.754706e-08,2.531065e-02,0.0230,0.0290,73
79,features.5,55,pruned_before,nan,0.000000e+00,0.000000e+00,0.0000,0.0000,0
79,features.5,56,pruned_before,nan,0.000000e+00,0.000000e+00,0.0000,0.0000,0
79,features.5,57,active,-0.005741,8.811315e-09,7.917838e-05,0.0116,0.0001,73
79,features.5,58,pruned_before,nan,0.000000e+00,0.000000e+00,0.0000,0.0000,0
79,features.5,59,pruned_before,nan,0.000000e+00,0.000000e+00,0.0000,0.0000,0
79,features.5,60,pruned_before,nan,0.000000e+00,0.000000e+00,0.0000,0.0000,0
79,features.5,61,active,-0.000266,5.539716e-10,1.712721e-04,0.0007,0.0002,73
79,features.5,62,pruned_before,nan,0.000000e+00,0.000000e+00,0.0000,0.0000,0
79,features.5,63,pruned_before,nan,0.000000e+00,0.000000e+00,0.0000,0.0000,0
79,features.5,64,pruned_before,nan,0.000000e+00,0.000000e+00,0.0000,0.0000,0
79,features.5,65,pruned_before,nan,0.000000e+00,0.000000e+00,0.0000,0.0000,0
79,features.5,66,pruned_before,nan,0.000000e+00,0.000000e+00,0.0000,0.0000,0
79,features.5,67,active,0.037004,4.406033e-08,1.152561e-01,0.0579,0.1319,73
79,features.5,68,pruned_before,nan,0.000000e+00,0.000000e+00,0.0000,0.0000,0
79,features.5,69,active,0.000157,1.454903e-08,1.697483e-02,0.0191,0.0194,73
79,features.5,70,pruned_before,nan,0.000000e+00,0.000000e+00,0.0000,0.0000,0
79,features.5,71,pruned_before,nan,0.000000e+00,0.000000e+00,0.0000,0.0000,0
79,features.5,72,pruned_before,nan,0.000000e+00,0.000000e+00,0.0000,0.0000,0
79,features.5,73,pruned_before,nan,0.000000e+00,0.000000e+00,0.0000,0.0000,0
79,features.5,74,pruned_before,nan,0.000000e+00,0.000000e+00,0.0000,0.0000,0
79,features.5,75,pruned_before,nan,0.000000e+00,0.000000e+00,0.0000,0.0000,0
79,features.5,76,pruned_before,nan,0.000000e+00,0.000000e+00,0.0000,0.0000,0
79,features.5,77,pruned_before,nan,0.000000e+00,0.000000e+00,0.0000,0.0000,0
79,features.5,78,pruned_before,nan,0.000000e+00,0.000000e+00,0.0000,0.0000,0
79,features.5,79,pruned_before,nan,0.000000e+00,0.000000e+00,0.0000,0.0000,0
79,features.5,80,active,-0.003599,5.492487e-09,1.369468e-05,0.0072,0.0000,73
79,features.5,81,pruned_before,nan,0.000000e+00,0.000000e+00,0.0000,0.0000,0
79,features.5,82,pruned_before,nan,0.000000e+00,0.000000e+00,0.0000,0.0000,0
79,features.5,83,pruned_before,nan,0.000000e+00,0.000000e+00,0.0000,0.0000,0
79,features.5,84,pruned_before,nan,0.000000e+00,0.000000e+00,0.0000,0.0000,0
79,features.5,85,pruned_before,nan,0.000000e+00,0.000000e+00,0.0000,0.0000,0
79,features.5,86,pruned_before,nan,0.000000e+00,0.000000e+00,0.0000,0.0000,0
79,features.5,87,pruned_before,nan,0.000000e+00,0.000000e+00,0.0000,0.0000,0
79,features.5,88,pruned_before,nan,0.000000e+00,0.000000e+00,0.0000,0.0000,0
79,features.5,89,active,-0.004560,6.994775e-09,5.934460e-05,0.0092,0.0001,73
79,features.5,90,pruned_before,nan,0.000000e+00,0.000000e+00,0.0000,0.0000,0
79,features.5,91,active,-0.010848,1.654205e-08,2.631209e-05,0.0217,0.0000,73
79,features.5,92,pruned_before,nan,0.000000e+00,0.000000e+00,0.0000,0.0000,0
79,features.5,93,pruned_before,nan,0.000000e+00,0.000000e+00,0.0000,0.0000,0
79,features.5,94,pruned_before,nan,0.000000e+00,0.000000e+00,0.0000,0.0000,0
79,features.5,95,pruned_before,nan,0.000000e+00,0.000000e+00,0.0000,0.0000,0
79,features.5,96,pruned_before,nan,0.000000e+00,0.000000e+00,0.0000,0.0000,0
79,features.5,97,pruned_before,nan,0.000000e+00,0.000000e+00,0.0000,0.0000,0
79,features.5,98,pruned_before,nan,0.000000e+00,0.000000e+00,0.0000,0.0000,0
79,features.5,99,pruned_before,nan,0.000000e+00,0.000000e+00,0.0000,0.0000,0
79,features.5,100,active,-0.000858,1.381480e-09,8.579126e-05,0.0018,0.0001,73
79,features.5,101,pruned_before,nan,0.000000e+00,0.000000e+00,0.0000,0.0000,0
79,features.5,102,pruned_before,nan,0.000000e+00,0.000000e+00,0.0000,0.0000,0
79,features.5,103,pruned_before,nan,0.000000e+00,0.000000e+00,0.0000,0.0000,0
79,features.5,104,pruned_before,nan,0.000000e+00,0.000000e+00,0.0000,0.0000,0
79,features.5,105,pruned_before,nan,0.000000e+00,0.000000e+00,0.0000,0.0000,0
79,features.5,106,pruned_before,nan,0.000000e+00,0.000000e+00,0.0000,0.0000,0
79,features.5,107,pruned_before,nan,0.000000e+00,0.000000e+00,0.0000,0.0000,0
79,features.5,108,pruned_before,nan,0.000000e+00,0.000000e+00,0.0000,0.0000,0
79,features.5,109,active,-0.005075,9.352607e-09,1.864095e-03,0.0123,0.0021,73
79,features.5,110,pruned_before,nan,0.000000e+00,0.000000e+00,0.0000,0.0000,0
79,features.5,111,active,-0.002509,3.846111e-09,3.000111e-05,0.0051,0.0000,73
79,features.5,112,active,-0.005469,8.441569e-09,1.305721e-04,0.0111,0.0001,73
79,features.5,113,pruned_before,nan,0.000000e+00,0.000000e+00,0.0000,0.0000,0
79,features.5,114,pruned_before,nan,0.000000e+00,0.000000e+00,0.0000,0.0000,0
79,features.5,115,pruned_before,nan,0.000000e+00,0.000000e+00,0.0000,0.0000,0
79,features.5,116,pruned_before,nan,0.000000e+00,0.000000e+00,0.0000,0.0000,0
79,features.5,117,pruned_before,nan,0.000000e+00,0.000000e+00,0.0000,0.0000,0
79,features.5,118,active,-0.000195,2.068082e-09,2.032647e-03,0.0027,0.0023,73
79,features.5,119,pruned_before,nan,0.000000e+00,0.000000e+00,0.0000,0.0000,0
79,features.5,120,pruned_before,nan,0.000000e+00,0.000000e+00,0.0000,0.0000,0
79,features.5,121,pruned_before,nan,0.000000e+00,0.000000e+00,0.0000,0.0000,0
79,features.5,122,pruned_before,nan,0.000000e+00,0.000000e+00,0.0000,0.0000,0
79,features.5,123,active,-0.018678,2.865527e-08,2.448232e-04,0.0376,0.0003,73
79,features.5,124,active,0.000000,0.000000e+00,0.000000e+00,0.0000,0.0000,73
79,features.5,125,active,-0.002888,5.054478e-09,7.537787e-04,0.0066,0.0009,73
79,features.5,126,pruned_before,nan,0.000000e+00,0.000000e+00,0.0000,0.0000,0
79,features.5,127,pruned_before,nan,0.000000e+00,0.000000e+00,0.0000,0.0000,0
79,features.5,128,active,-0.002009,3.124980e-09,7.568974e-05,0.0041,0.0001,73
79,features.5,129,pruned_before,nan,0.000000e+00,0.000000e+00,0.0000,0.0000,0
79,features.5,130,active,-0.004804,7.415974e-09,1.153599e-04,0.0097,0.0001,73
79,features.5,131,pruned_before,nan,0.000000e+00,0.000000e+00,0.0000,0.0000,0
79,features.5,132,pruned_before,nan,0.000000e+00,0.000000e+00,0.0000,0.0000,0
79,features.5,133,active,0.037467,3.897702e-08,1.102309e-01,0.0512,0.1261,73
79,features.5,134,pruned_before,nan,0.000000e+00,0.000000e+00,0.0000,0.0000,0
79,features.5,135,active,-0.002232,3.401418e-09,2.996832e-06,0.0045,0.0000,73
79,features.5,136,pruned_before,nan,0.000000e+00,0.000000e+00,0.0000,0.0000,0
79,features.5,137,pruned_before,nan,0.000000e+00,0.000000e+00,0.0000,0.0000,0
79,features.5,138,pruned_before,nan,0.000000e+00,0.000000e+00,0.0000,0.0000,0
79,features.5,139,pruned_before,nan,0.000000e+00,0.000000e+00,0.0000,0.0000,0
79,features.5,140,pruned_before,nan,0.000000e+00,0.000000e+00,0.0000,0.0000,0
79,features.5,141,pruned_before,nan,0.000000e+00,0.000000e+00,0.0000,0.0000,0
79,features.5,142,pruned_before,nan,0.000000e+00,0.000000e+00,0.0000,0.0000,0
79,features.5,143,pruned_before,nan,0.000000e+00,0.000000e+00,0.0000,0.0000,0
79,features.5,144,pruned_before,nan,0.000000e+00,0.000000e+00,0.0000,0.0000,0
79,features.5,145,active,-0.004759,7.258774e-09,1.440466e-05,0.0095,0.0000,73
79,features.5,146,pruned_before,nan,0.000000e+00,0.000000e+00,0.0000,0.0000,0
79,features.5,147,pruned_before,nan,0.000000e+00,0.000000e+00,0.0000,0.0000,0
79,features.5,148,active,-0.019387,2.975027e-08,2.626776e-04,0.0391,0.0003,73
79,features.5,149,pruned_before,nan,0.000000e+00,0.000000e+00,0.0000,0.0000,0
79,features.5,150,active,-0.008637,1.843115e-08,6.059104e-03,0.0242,0.0069,73
79,features.5,151,pruned_before,nan,0.000000e+00,0.000000e+00,0.0000,0.0000,0
79,features.5,152,pruned_before,nan,0.000000e+00,0.000000e+00,0.0000,0.0000,0
79,features.5,153,pruned_before,nan,0.000000e+00,0.000000e+00,0.0000,0.0000,0
79,features.5,154,pruned_before,nan,0.000000e+00,0.000000e+00,0.0000,0.0000,0
79,features.5,155,pruned_before,nan,0.000000e+00,0.000000e+00,0.0000,0.0000,0
79,features.5,156,active,-0.005181,8.290806e-09,4.612372e-04,0.0109,0.0005,73
79,features.5,157,pruned_before,nan,0.000000e+00,0.000000e+00,0.0000,0.0000,0
79,features.5,158,active,-0.008572,1.380404e-08,8.626569e-04,0.0181,0.0010,73
79,features.5,159,active,-0.009478,1.457238e-08,1.598426e-04,0.0191,0.0002,73
79,features.5,160,pruned_before,nan,0.000000e+00,0.000000e+00,0.0000,0.0000,0
79,features.5,161,pruned_before,nan,0.000000e+00,0.000000e+00,0.0000,0.0000,0
79,features.5,162,pruned_before,nan,0.000000e+00,0.000000e+00,0.0000,0.0000,0
79,features.5,163,active,-0.001472,2.526197e-09,3.267700e-04,0.0033,0.0004,73
79,features.5,164,pruned_before,nan,0.000000e+00,0.000000e+00,0.0000,0.0000,0
79,features.5,165,pruned_before,nan,0.000000e+00,0.000000e+00,0.0000,0.0000,0
79,features.5,166,active,-0.001874,4.091218e-09,1.420176e-03,0.0054,0.0016,73
79,features.5,167,pruned_before,nan,0.000000e+00,0.000000e+00,0.0000,0.0000,0
79,features.5,168,active,-0.001714,2.751444e-09,1.617841e-04,0.0036,0.0002,73
79,features.5,169,active,-0.006745,1.036979e-08,1.141095e-04,0.0136,0.0001,73
79,features.5,170,pruned_before,nan,0.000000e+00,0.000000e+00,0.0000,0.0000,0
79,features.5,171,pruned_before,nan,0.000000e+00,0.000000e+00,0.0000,0.0000,0
79,features.5,172,pruned_before,nan,0.000000e+00,0.000000e+00,0.0000,0.0000,0
79,features.5,173,active,-0.004885,7.645571e-09,2.381288e-04,0.0100,0.0003,73
79,features.5,174,pruned_before,nan,0.000000e+00,0.000000e+00,0.0000,0.0000,0
79,features.5,175,pruned_before,nan,0.000000e+00,0.000000e+00,0.0000,0.0000,0
79,features.5,176,protected,0.000001,7.613758e-07,8.739638e-01,1.0000,1.0000,73
79,features.5,177,pruned_before,nan,0.000000e+00,0.000000e+00,0.0000,0.0000,0
79,features.5,178,pruned_before,nan,0.000000e+00,0.000000e+00,0.0000,0.0000,0
79,features.5,179,pruned_before,nan,0.000000e+00,0.000000e+00,0.0000,0.0000,0
79,features.5,180,pruned_before,nan,0.000000e+00,0.000000e+00,0.0000,0.0000,0
79,features.5,181,pruned_before,nan,0.000000e+00,0.000000e+00,0.0000,0.0000,0
79,features.5,182,active,-0.003621,6.386018e-09,1.001004e-03,0.0084,0.0011,73
79,features.5,183,active,-0.011319,1.731353e-08,8.852296e-05,0.0227,0.0001,73
79,features.5,184,pruned_before,nan,0.000000e+00,0.000000e+00,0.0000,0.0000,0
79,features.5,185,pruned_before,nan,0.000000e+00,0.000000e+00,0.0000,0.0000,0
79,features.5,186,pruned_before,nan,0.000000e+00,0.000000e+00,0.0000,0.0000,0
79,features.5,187,pruned_before,nan,0.000000e+00,0.000000e+00,0.0000,0.0000,0
79,features.5,188,pruned_before,nan,0.000000e+00,0.000000e+00,0.0000,0.0000,0
79,features.5,189,pruned_before,nan,0.000000e+00,0.000000e+00,0.0000,0.0000,0
79,features.5,190,pruned_before,nan,0.000000e+00,0.000000e+00,0.0000,0.0000,0
79,features.5,191,active,-0.003289,5.086194e-09,8.984828e-05,0.0067,0.0001,73
79,features.6,0,pruned_before,nan,0.000000e+00,0.000000e+00,0.0000,0.0000,0
79,features.6,1,pruned_before,nan,0.000000e+00,0.000000e+00,0.0000,0.0000,0
79,features.6,2,pruned_before,nan,0.000000e+00,0.000000e+00,0.0000,0.0000,0
79,features.6,3,protected,0.000002,2.473503e-07,7.252043e-01,1.0000,1.0000,73
79,features.6,4,pruned_before,nan,0.000000e+00,0.000000e+00,0.0000,0.0000,0
79,features.6,5,pruned_before,nan,0.000000e+00,0.000000e+00,0.0000,0.0000,0
79,features.6,6,active,0.000000,0.000000e+00,0.000000e+00,0.0000,0.0000,73
79,features.6,7,pruned_before,nan,0.000000e+00,0.000000e+00,0.0000,0.0000,0
79,features.6,8,pruned_before,nan,0.000000e+00,0.000000e+00,0.0000,0.0000,0
79,features.6,9,pruned_before,nan,0.000000e+00,0.000000e+00,0.0000,0.0000,0
79,features.6,10,pruned_before,nan,0.000000e+00,0.000000e+00,0.0000,0.0000,0
79,features.6,11,pruned_before,nan,0.000000e+00,0.000000e+00,0.0000,0.0000,0
79,features.6,12,pruned_before,nan,0.000000e+00,0.000000e+00,0.0000,0.0000,0
79,features.6,13,pruned_before,nan,0.000000e+00,0.000000e+00,0.0000,0.0000,0
79,features.6,14,pruned_before,nan,0.000000e+00,0.000000e+00,0.0000,0.0000,0
79,features.6,15,pruned_before,nan,0.000000e+00,0.000000e+00,0.0000,0.0000,0
79,features.6,16,pruned_before,nan,0.000000e+00,0.000000e+00,0.0000,0.0000,0
79,features.6,17,pruned_before,nan,0.000000e+00,0.000000e+00,0.0000,0.0000,0
79,features.6,18,pruned_before,nan,0.000000e+00,0.000000e+00,0.0000,0.0000,0
79,features.6,19,pruned_before,nan,0.000000e+00,0.000000e+00,0.0000,0.0000,0
79,features.6,20,pruned_before,nan,0.000000e+00,0.000000e+00,0.0000,0.0000,0
79,features.6,21,pruned_before,nan,0.000000e+00,0.000000e+00,0.0000,0.0000,0
79,features.6,22,pruned_before,nan,0.000000e+00,0.000000e+00,0.0000,0.0000,0
79,features.6,23,pruned_before,nan,0.000000e+00,0.000000e+00,0.0000,0.0000,0
79,features.6,24,pruned_before,nan,0.000000e+00,0.000000e+00,0.0000,0.0000,0
79,features.6,25,pruned_before,nan,0.000000e+00,0.000000e+00,0.0000,0.0000,0
79,features.6,26,pruned_before,nan,0.000000e+00,0.000000e+00,0.0000,0.0000,0
79,features.6,27,pruned_before,nan,0.000000e+00,0.000000e+00,0.0000,0.0000,0
79,features.6,28,pruned_before,nan,0.000000e+00,0.000000e+00,0.0000,0.0000,0
79,features.6,29,pruned_before,nan,0.000000e+00,0.000000e+00,0.0000,0.0000,0
79,features.6,30,pruned_before,nan,0.000000e+00,0.000000e+00,0.0000,0.0000,0
79,features.6,31,pruned_before,nan,0.000000e+00,0.000000e+00,0.0000,0.0000,0
79,features.6,32,pruned_before,nan,0.000000e+00,0.000000e+00,0.0000,0.0000,0
79,features.6,33,pruned_before,nan,0.000000e+00,0.000000e+00,0.0000,0.0000,0
79,features.6,34,pruned_before,nan,0.000000e+00,0.000000e+00,0.0000,0.0000,0
79,features.6,35,pruned_before,nan,0.000000e+00,0.000000e+00,0.0000,0.0000,0
79,features.6,36,pruned_before,nan,0.000000e+00,0.000000e+00,0.0000,0.0000,0
79,features.6,37,pruned_before,nan,0.000000e+00,0.000000e+00,0.0000,0.0000,0
79,features.6,38,pruned_before,nan,0.000000e+00,0.000000e+00,0.0000,0.0000,0
79,features.6,39,pruned_before,nan,0.000000e+00,0.000000e+00,0.0000,0.0000,0
79,features.6,40,pruned_before,nan,0.000000e+00,0.000000e+00,0.0000,0.0000,0
79,features.6,41,pruned_before,nan,0.000000e+00,0.000000e+00,0.0000,0.0000,0
79,features.6,42,pruned_before,nan,0.000000e+00,0.000000e+00,0.0000,0.0000,0
79,features.6,43,pruned_before,nan,0.000000e+00,0.000000e+00,0.0000,0.0000,0
79,features.6,44,pruned_before,nan,0.000000e+00,0.000000e+00,0.0000,0.0000,0
79,features.6,45,pruned_before,nan,0.000000e+00,0.000000e+00,0.0000,0.0000,0
79,features.6,46,pruned_before,nan,0.000000e+00,0.000000e+00,0.0000,0.0000,0
79,features.6,47,pruned_before,nan,0.000000e+00,0.000000e+00,0.0000,0.0000,0
79,features.6,48,pruned_before,nan,0.000000e+00,0.000000e+00,0.0000,0.0000,0
79,features.6,49,pruned_before,nan,0.000000e+00,0.000000e+00,0.0000,0.0000,0
79,features.6,50,pruned_before,nan,0.000000e+00,0.000000e+00,0.0000,0.0000,0
79,features.6,51,pruned_before,nan,0.000000e+00,0.000000e+00,0.0000,0.0000,0
79,features.6,52,pruned_before,nan,0.000000e+00,0.000000e+00,0.0000,0.0000,0
79,features.6,53,active,-0.001676,9.149401e-10,2.515459e-04,0.0037,0.0003,73
79,features.6,54,pruned_before,nan,0.000000e+00,0.000000e+00,0.0000,0.0000,0
79,features.6,55,pruned_before,nan,0.000000e+00,0.000000e+00,0.0000,0.0000,0
79,features.6,56,pruned_before,nan,0.000000e+00,0.000000e+00,0.0000,0.0000,0
79,features.6,57,pruned_before,nan,0.000000e+00,0.000000e+00,0.0000,0.0000,0
79,features.6,58,pruned_before,nan,0.000000e+00,0.000000e+00,0.0000,0.0000,0
79,features.6,59,pruned_before,nan,0.000000e+00,0.000000e+00,0.0000,0.0000,0
79,features.6,60,pruned_before,nan,0.000000e+00,0.000000e+00,0.0000,0.0000,0
79,features.6,61,pruned_before,nan,0.000000e+00,0.000000e+00,0.0000,0.0000,0
79,features.6,62,pruned_before,nan,0.000000e+00,0.000000e+00,0.0000,0.0000,0
79,features.6,63,pruned_before,nan,0.000000e+00,0.000000e+00,0.0000,0.0000,0
79,features.6,64,pruned_before,nan,0.000000e+00,0.000000e+00,0.0000,0.0000,0
79,features.6,65,pruned_before,nan,0.000000e+00,0.000000e+00,0.0000,0.0000,0
79,features.6,66,pruned_before,nan,0.000000e+00,0.000000e+00,0.0000,0.0000,0
79,features.6,67,pruned_before,nan,0.000000e+00,0.000000e+00,0.0000,0.0000,0
79,features.6,68,pruned_before,nan,0.000000e+00,0.000000e+00,0.0000,0.0000,0
79,features.6,69,pruned_before,nan,0.000000e+00,0.000000e+00,0.0000,0.0000,0
79,features.6,70,pruned_before,nan,0.000000e+00,0.000000e+00,0.0000,0.0000,0
79,features.6,71,pruned_before,nan,0.000000e+00,0.000000e+00,0.0000,0.0000,0
79,features.6,72,pruned_before,nan,0.000000e+00,0.000000e+00,0.0000,0.0000,0
79,features.6,73,pruned_before,nan,0.000000e+00,0.000000e+00,0.0000,0.0000,0
79,features.6,74,pruned_before,nan,0.000000e+00,0.000000e+00,0.0000,0.0000,0
79,features.6,75,pruned_before,nan,0.000000e+00,0.000000e+00,0.0000,0.0000,0
79,features.6,76,pruned_before,nan,0.000000e+00,0.000000e+00,0.0000,0.0000,0
79,features.6,77,pruned_before,nan,0.000000e+00,0.000000e+00,0.0000,0.0000,0
79,features.6,78,pruned_before,nan,0.000000e+00,0.000000e+00,0.0000,0.0000,0
79,features.6,79,pruned_before,nan,0.000000e+00,0.000000e+00,0.0000,0.0000,0
79,features.6,80,pruned_before,nan,0.000000e+00,0.000000e+00,0.0000,0.0000,0
79,features.6,81,pruned_before,nan,0.000000e+00,0.000000e+00,0.0000,0.0000,0
79,features.6,82,pruned_before,nan,0.000000e+00,0.000000e+00,0.0000,0.0000,0
79,features.6,83,pruned_before,nan,0.000000e+00,0.000000e+00,0.0000,0.0000,0
79,features.6,84,pruned_before,nan,0.000000e+00,0.000000e+00,0.0000,0.0000,0
79,features.6,85,pruned_before,nan,0.000000e+00,0.000000e+00,0.0000,0.0000,0
79,features.6,86,pruned_before,nan,0.000000e+00,0.000000e+00,0.0000,0.0000,0
79,features.6,87,pruned_before,nan,0.000000e+00,0.000000e+00,0.0000,0.0000,0
79,features.6,88,pruned_before,nan,0.000000e+00,0.000000e+00,0.0000,0.0000,0
79,features.6,89,pruned_before,nan,0.000000e+00,0.000000e+00,0.0000,0.0000,0
79,features.6,90,pruned_before,nan,0.000000e+00,0.000000e+00,0.0000,0.0000,0
79,features.6,91,pruned_before,nan,0.000000e+00,0.000000e+00,0.0000,0.0000,0
79,features.6,92,pruned_before,nan,0.000000e+00,0.000000e+00,0.0000,0.0000,0
79,features.6,93,pruned_before,nan,0.000000e+00,0.000000e+00,0.0000,0.0000,0
79,features.6,94,pruned_before,nan,0.000000e+00,0.000000e+00,0.0000,0.0000,0
79,features.6,95,pruned_before,nan,0.000000e+00,0.000000e+00,0.0000,0.0000,0
79,features.6,96,pruned_before,nan,0.000000e+00,0.000000e+00,0.0000,0.0000,0
79,features.6,97,pruned_before,nan,0.000000e+00,0.000000e+00,0.0000,0.0000,0
79,features.6,98,pruned_before,nan,0.000000e+00,0.000000e+00,0.0000,0.0000,0
79,features.6,99,pruned_before,nan,0.000000e+00,0.000000e+00,0.0000,0.0000,0
79,features.6,100,pruned_before,nan,0.000000e+00,0.000000e+00,0.0000,0.0000,0
79,features.6,101,pruned_before,nan,0.000000e+00,0.000000e+00,0.0000,0.0000,0
79,features.6,102,pruned_before,nan,0.000000e+00,0.000000e+00,0.0000,0.0000,0
79,features.6,103,pruned_before,nan,0.000000e+00,0.000000e+00,0.0000,0.0000,0
79,features.6,104,pruned_before,nan,0.000000e+00,0.000000e+00,0.0000,0.0000,0
79,features.6,105,pruned_before,nan,0.000000e+00,0.000000e+00,0.0000,0.0000,0
79,features.6,106,pruned_before,nan,0.000000e+00,0.000000e+00,0.0000,0.0000,0
79,features.6,107,pruned_before,nan,0.000000e+00,0.000000e+00,0.0000,0.0000,0
79,features.6,108,pruned_before,nan,0.000000e+00,0.000000e+00,0.0000,0.0000,0
79,features.6,109,pruned_before,nan,0.000000e+00,0.000000e+00,0.0000,0.0000,0
79,features.6,110,pruned_before,nan,0.000000e+00,0.000000e+00,0.0000,0.0000,0
79,features.6,111,pruned_before,nan,0.000000e+00,0.000000e+00,0.0000,0.0000,0
79,features.6,112,pruned_before,nan,0.000000e+00,0.000000e+00,0.0000,0.0000,0
79,features.6,113,pruned_before,nan,0.000000e+00,0.000000e+00,0.0000,0.0000,0
79,features.6,114,pruned_before,nan,0.000000e+00,0.000000e+00,0.0000,0.0000,0
79,features.6,115,pruned_before,nan,0.000000e+00,0.000000e+00,0.0000,0.0000,0
79,features.6,116,pruned_before,nan,0.000000e+00,0.000000e+00,0.0000,0.0000,0
79,features.6,117,pruned_before,nan,0.000000e+00,0.000000e+00,0.0000,0.0000,0
79,features.6,118,pruned_before,nan,0.000000e+00,0.000000e+00,0.0000,0.0000,0
79,features.6,119,pruned_before,nan,0.000000e+00,0.000000e+00,0.0000,0.0000,0
79,features.6,120,pruned_before,nan,0.000000e+00,0.000000e+00,0.0000,0.0000,0
79,features.6,121,pruned_before,nan,0.000000e+00,0.000000e+00,0.0000,0.0000,0
79,features.6,122,pruned_before,nan,0.000000e+00,0.000000e+00,0.0000,0.0000,0
79,features.6,123,pruned_before,nan,0.000000e+00,0.000000e+00,0.0000,0.0000,0
79,features.6,124,pruned_before,nan,0.000000e+00,0.000000e+00,0.0000,0.0000,0
79,features.6,125,pruned_before,nan,0.000000e+00,0.000000e+00,0.0000,0.0000,0
79,features.6,126,pruned_before,nan,0.000000e+00,0.000000e+00,0.0000,0.0000,0
79,features.6,127,pruned_before,nan,0.000000e+00,0.000000e+00,0.0000,0.0000,0
79,features.6,128,pruned_before,nan,0.000000e+00,0.000000e+00,0.0000,0.0000,0
79,features.6,129,pruned_before,nan,0.000000e+00,0.000000e+00,0.0000,0.0000,0
79,features.6,130,pruned_before,nan,0.000000e+00,0.000000e+00,0.0000,0.0000,0
79,features.6,131,pruned_before,nan,0.000000e+00,0.000000e+00,0.0000,0.0000,0
79,features.6,132,pruned_before,nan,0.000000e+00,0.000000e+00,0.0000,0.0000,0
79,features.6,133,pruned_before,nan,0.000000e+00,0.000000e+00,0.0000,0.0000,0
79,features.6,134,pruned_before,nan,0.000000e+00,0.000000e+00,0.0000,0.0000,0
79,features.6,135,pruned_before,nan,0.000000e+00,0.000000e+00,0.0000,0.0000,0
79,features.6,136,pruned_before,nan,0.000000e+00,0.000000e+00,0.0000,0.0000,0
79,features.6,137,pruned_before,nan,0.000000e+00,0.000000e+00,0.0000,0.0000,0
79,features.6,138,pruned_before,nan,0.000000e+00,0.000000e+00,0.0000,0.0000,0
79,features.6,139,pruned_before,nan,0.000000e+00,0.000000e+00,0.0000,0.0000,0
79,features.6,140,pruned_before,nan,0.000000e+00,0.000000e+00,0.0000,0.0000,0
79,features.6,141,pruned_before,nan,0.000000e+00,0.000000e+00,0.0000,0.0000,0
79,features.6,142,pruned_before,nan,0.000000e+00,0.000000e+00,0.0000,0.0000,0
79,features.6,143,pruned_before,nan,0.000000e+00,0.000000e+00,0.0000,0.0000,0
79,features.6,144,pruned_before,nan,0.000000e+00,0.000000e+00,0.0000,0.0000,0
79,features.6,145,pruned_before,nan,0.000000e+00,0.000000e+00,0.0000,0.0000,0
79,features.6,146,pruned_before,nan,0.000000e+00,0.000000e+00,0.0000,0.0000,0
79,features.6,147,pruned_before,nan,0.000000e+00,0.000000e+00,0.0000,0.0000,0
79,features.6,148,pruned_before,nan,0.000000e+00,0.000000e+00,0.0000,0.0000,0
79,features.6,149,pruned_before,nan,0.000000e+00,0.000000e+00,0.0000,0.0000,0
79,features.6,150,pruned_before,nan,0.000000e+00,0.000000e+00,0.0000,0.0000,0
79,features.6,151,pruned_before,nan,0.000000e+00,0.000000e+00,0.0000,0.0000,0
79,features.6,152,pruned_before,nan,0.000000e+00,0.000000e+00,0.0000,0.0000,0
79,features.6,153,pruned_before,nan,0.000000e+00,0.000000e+00,0.0000,0.0000,0
79,features.6,154,pruned_before,nan,0.000000e+00,0.000000e+00,0.0000,0.0000,0
79,features.6,155,pruned_before,nan,0.000000e+00,0.000000e+00,0.0000,0.0000,0
79,features.6,156,pruned_before,nan,0.000000e+00,0.000000e+00,0.0000,0.0000,0
79,features.6,157,pruned_before,nan,0.000000e+00,0.000000e+00,0.0000,0.0000,0
79,features.6,158,pruned_before,nan,0.000000e+00,0.000000e+00,0.0000,0.0000,0
79,features.6,159,pruned_before,nan,0.000000e+00,0.000000e+00,0.0000,0.0000,0
79,features.6,160,pruned_before,nan,0.000000e+00,0.000000e+00,0.0000,0.0000,0
79,features.6,161,pruned_before,nan,0.000000e+00,0.000000e+00,0.0000,0.0000,0
79,features.6,162,pruned_before,nan,0.000000e+00,0.000000e+00,0.0000,0.0000,0
79,features.6,163,pruned_before,nan,0.000000e+00,0.000000e+00,0.0000,0.0000,0
79,features.6,164,pruned_before,nan,0.000000e+00,0.000000e+00,0.0000,0.0000,0
79,features.6,165,pruned_before,nan,0.000000e+00,0.000000e+00,0.0000,0.0000,0
79,features.6,166,pruned_before,nan,0.000000e+00,0.000000e+00,0.0000,0.0000,0
79,features.6,167,pruned_before,nan,0.000000e+00,0.000000e+00,0.0000,0.0000,0
79,features.6,168,pruned_before,nan,0.000000e+00,0.000000e+00,0.0000,0.0000,0
79,features.6,169,pruned_before,nan,0.000000e+00,0.000000e+00,0.0000,0.0000,0
79,features.6,170,pruned_before,nan,0.000000e+00,0.000000e+00,0.0000,0.0000,0
79,features.6,171,pruned_before,nan,0.000000e+00,0.000000e+00,0.0000,0.0000,0
79,features.6,172,pruned_before,nan,0.000000e+00,0.000000e+00,0.0000,0.0000,0
79,features.6,173,pruned_before,nan,0.000000e+00,0.000000e+00,0.0000,0.0000,0
79,features.6,174,pruned_before,nan,0.000000e+00,0.000000e+00,0.0000,0.0000,0
79,features.6,175,pruned_before,nan,0.000000e+00,0.000000e+00,0.0000,0.0000,0
79,features.6,176,pruned_before,nan,0.000000e+00,0.000000e+00,0.0000,0.0000,0
79,features.6,177,active,-0.000014,7.888094e-12,2.411485e-06,0.0000,0.0000,73
79,features.6,178,active,-0.006083,3.124521e-09,3.376968e-04,0.0126,0.0005,73
79,features.6,179,pruned_before,nan,0.000000e+00,0.000000e+00,0.0000,0.0000,0
79,features.6,180,pruned_before,nan,0.000000e+00,0.000000e+00,0.0000,0.0000,0
79,features.6,181,pruned_before,nan,0.000000e+00,0.000000e+00,0.0000,0.0000,0
79,features.6,182,pruned_before,nan,0.000000e+00,0.000000e+00,0.0000,0.0000,0
79,features.6,183,pruned_before,nan,0.000000e+00,0.000000e+00,0.0000,0.0000,0
79,features.6,184,pruned_before,nan,0.000000e+00,0.000000e+00,0.0000,0.0000,0
79,features.6,185,pruned_before,nan,0.000000e+00,0.000000e+00,0.0000,0.0000,0
79,features.6,186,pruned_before,nan,0.000000e+00,0.000000e+00,0.0000,0.0000,0
79,features.6,187,pruned_before,nan,0.000000e+00,0.000000e+00,0.0000,0.0000,0
79,features.6,188,active,-0.003045,1.551695e-09,1.328568e-04,0.0063,0.0002,73
79,features.6,189,pruned_before,nan,0.000000e+00,0.000000e+00,0.0000,0.0000,0
79,features.6,190,pruned_before,nan,0.000000e+00,0.000000e+00,0.0000,0.0000,0
79,features.6,191,pruned_before,nan,0.000000e+00,0.000000e+00,0.0000,0.0000,0
79,features.7,0,pruned_before,nan,0.000000e+00,0.000000e+00,0.0000,0.0000,0
79,features.7,1,pruned_before,nan,0.000000e+00,0.000000e+00,0.0000,0.0000,0
79,features.7,2,pruned_before,nan,0.000000e+00,0.000000e+00,0.0000,0.0000,0
79,features.7,3,pruned_before,nan,0.000000e+00,0.000000e+00,0.0000,0.0000,0
79,features.7,4,pruned_before,nan,0.000000e+00,0.000000e+00,0.0000,0.0000,0
79,features.7,5,pruned_before,nan,0.000000e+00,0.000000e+00,0.0000,0.0000,0
79,features.7,6,pruned_before,nan,0.000000e+00,0.000000e+00,0.0000,0.0000,0
79,features.7,7,pruned_before,nan,0.000000e+00,0.000000e+00,0.0000,0.0000,0
79,features.7,8,pruned_before,nan,0.000000e+00,0.000000e+00,0.0000,0.0000,0
79,features.7,9,pruned_before,nan,0.000000e+00,0.000000e+00,0.0000,0.0000,0
79,features.7,10,pruned_before,nan,0.000000e+00,0.000000e+00,0.0000,0.0000,0
79,features.7,11,pruned_before,nan,0.000000e+00,0.000000e+00,0.0000,0.0000,0
79,features.7,12,pruned_before,nan,0.000000e+00,0.000000e+00,0.0000,0.0000,0
79,features.7,13,pruned_before,nan,0.000000e+00,0.000000e+00,0.0000,0.0000,0
79,features.7,14,pruned_before,nan,0.000000e+00,0.000000e+00,0.0000,0.0000,0
79,features.7,15,pruned_before,nan,0.000000e+00,0.000000e+00,0.0000,0.0000,0
79,features.7,16,pruned_before,nan,0.000000e+00,0.000000e+00,0.0000,0.0000,0
79,features.7,17,pruned_before,nan,0.000000e+00,0.000000e+00,0.0000,0.0000,0
79,features.7,18,pruned_before,nan,0.000000e+00,0.000000e+00,0.0000,0.0000,0
79,features.7,19,pruned_before,nan,0.000000e+00,0.000000e+00,0.0000,0.0000,0
79,features.7,20,pruned_before,nan,0.000000e+00,0.000000e+00,0.0000,0.0000,0
79,features.7,21,pruned_before,nan,0.000000e+00,0.000000e+00,0.0000,0.0000,0
79,features.7,22,pruned_before,nan,0.000000e+00,0.000000e+00,0.0000,0.0000,0
79,features.7,23,pruned_before,nan,0.000000e+00,0.000000e+00,0.0000,0.0000,0
79,features.7,24,pruned_before,nan,0.000000e+00,0.000000e+00,0.0000,0.0000,0
79,features.7,25,active,-0.003560,2.512520e-07,2.437898e-05,0.0080,0.0008,105
79,features.7,26,pruned_before,nan,0.000000e+00,0.000000e+00,0.0000,0.0000,0
79,features.7,27,pruned_before,nan,0.000000e+00,0.000000e+00,0.0000,0.0000,0
79,features.7,28,pruned_before,nan,0.000000e+00,0.000000e+00,0.0000,0.0000,0
79,features.7,29,pruned_before,nan,0.000000e+00,0.000000e+00,0.0000,0.0000,0
79,features.7,30,pruned_before,nan,0.000000e+00,0.000000e+00,0.0000,0.0000,0
79,features.7,31,pruned_before,nan,0.000000e+00,0.000000e+00,0.0000,0.0000,0
79,features.7,32,pruned_before,nan,0.000000e+00,0.000000e+00,0.0000,0.0000,0
79,features.7,33,pruned_before,nan,0.000000e+00,0.000000e+00,0.0000,0.0000,0
79,features.7,34,pruned_before,nan,0.000000e+00,0.000000e+00,0.0000,0.0000,0
79,features.7,35,pruned_before,nan,0.000000e+00,0.000000e+00,0.0000,0.0000,0
79,features.7,36,pruned_before,nan,0.000000e+00,0.000000e+00,0.0000,0.0000,0
79,features.7,37,pruned_before,nan,0.000000e+00,0.000000e+00,0.0000,0.0000,0
79,features.7,38,pruned_before,nan,0.000000e+00,0.000000e+00,0.0000,0.0000,0
79,features.7,39,pruned_before,nan,0.000000e+00,0.000000e+00,0.0000,0.0000,0
79,features.7,40,pruned_before,nan,0.000000e+00,0.000000e+00,0.0000,0.0000,0
79,features.7,41,pruned_before,nan,0.000000e+00,0.000000e+00,0.0000,0.0000,0
79,features.7,42,pruned_before,nan,0.000000e+00,0.000000e+00,0.0000,0.0000,0
79,features.7,43,pruned_before,nan,0.000000e+00,0.000000e+00,0.0000,0.0000,0
79,features.7,44,pruned_before,nan,0.000000e+00,0.000000e+00,0.0000,0.0000,0
79,features.7,45,active,0.008819,3.233066e-08,5.394256e-04,0.0010,0.0187,105
79,features.7,46,pruned_before,nan,0.000000e+00,0.000000e+00,0.0000,0.0000,0
79,features.7,47,pruned_before,nan,0.000000e+00,0.000000e+00,0.0000,0.0000,0
79,features.7,48,pruned_before,nan,0.000000e+00,0.000000e+00,0.0000,0.0000,0
79,features.7,49,pruned_before,nan,0.000000e+00,0.000000e+00,0.0000,0.0000,0
79,features.7,50,pruned_before,nan,0.000000e+00,0.000000e+00,0.0000,0.0000,0
79,features.7,51,pruned_before,nan,0.000000e+00,0.000000e+00,0.0000,0.0000,0
79,features.7,52,pruned_before,nan,0.000000e+00,0.000000e+00,0.0000,0.0000,0
79,features.7,53,pruned_before,nan,0.000000e+00,0.000000e+00,0.0000,0.0000,0
79,features.7,54,pruned_before,nan,0.000000e+00,0.000000e+00,0.0000,0.0000,0
79,features.7,55,pruned_before,nan,0.000000e+00,0.000000e+00,0.0000,0.0000,0
79,features.7,56,pruned_before,nan,0.000000e+00,0.000000e+00,0.0000,0.0000,0
79,features.7,57,pruned_before,nan,0.000000e+00,0.000000e+00,0.0000,0.0000,0
79,features.7,58,pruned_before,nan,0.000000e+00,0.000000e+00,0.0000,0.0000,0
79,features.7,59,pruned_before,nan,0.000000e+00,0.000000e+00,0.0000,0.0000,0
79,features.7,60,pruned_before,nan,0.000000e+00,0.000000e+00,0.0000,0.0000,0
79,features.7,61,pruned_before,nan,0.000000e+00,0.000000e+00,0.0000,0.0000,0
79,features.7,62,pruned_before,nan,0.000000e+00,0.000000e+00,0.0000,0.0000,0
79,features.7,63,pruned_before,nan,0.000000e+00,0.000000e+00,0.0000,0.0000,0
79,features.7,64,pruned_before,nan,0.000000e+00,0.000000e+00,0.0000,0.0000,0
79,features.7,65,pruned_before,nan,0.000000e+00,0.000000e+00,0.0000,0.0000,0
79,features.7,66,pruned_before,nan,0.000000e+00,0.000000e+00,0.0000,0.0000,0
79,features.7,67,pruned_before,nan,0.000000e+00,0.000000e+00,0.0000,0.0000,0
79,features.7,68,pruned_before,nan,0.000000e+00,0.000000e+00,0.0000,0.0000,0
79,features.7,69,pruned_before,nan,0.000000e+00,0.000000e+00,0.0000,0.0000,0
79,features.7,70,pruned_before,nan,0.000000e+00,0.000000e+00,0.0000,0.0000,0
79,features.7,71,pruned_before,nan,0.000000e+00,0.000000e+00,0.0000,0.0000,0
79,features.7,72,pruned_before,nan,0.000000e+00,0.000000e+00,0.0000,0.0000,0
79,features.7,73,pruned_before,nan,0.000000e+00,0.000000e+00,0.0000,0.0000,0
79,features.7,74,pruned_before,nan,0.000000e+00,0.000000e+00,0.0000,0.0000,0
79,features.7,75,pruned_before,nan,0.000000e+00,0.000000e+00,0.0000,0.0000,0
79,features.7,76,active,0.029137,9.387173e-08,1.770356e-03,0.0030,0.0612,105
79,features.7,77,active,0.018805,5.647973e-07,1.604473e-03,0.0179,0.0555,105
79,features.7,78,active,0.085838,6.244499e-07,5.534167e-03,0.0198,0.1915,105
79,features.7,79,pruned_before,nan,0.000000e+00,0.000000e+00,0.0000,0.0000,0
79,features.7,80,pruned_before,nan,0.000000e+00,0.000000e+00,0.0000,0.0000,0
79,features.7,81,pruned_before,nan,0.000000e+00,0.000000e+00,0.0000,0.0000,0
79,features.7,82,pruned_before,nan,0.000000e+00,0.000000e+00,0.0000,0.0000,0
79,features.7,83,active,-0.012846,1.492912e-06,6.250567e-04,0.0473,0.0216,105
79,features.7,84,pruned_before,nan,0.000000e+00,0.000000e+00,0.0000,0.0000,0
79,features.7,85,active,0.005227,6.644419e-08,3.630138e-04,0.0021,0.0126,105
79,features.7,86,pruned_before,nan,0.000000e+00,0.000000e+00,0.0000,0.0000,0
79,features.7,87,pruned_before,nan,0.000000e+00,0.000000e+00,0.0000,0.0000,0
79,features.7,88,pruned_before,nan,0.000000e+00,0.000000e+00,0.0000,0.0000,0
79,features.7,89,pruned_before,nan,0.000000e+00,0.000000e+00,0.0000,0.0000,0
79,features.7,90,pruned_before,nan,0.000000e+00,0.000000e+00,0.0000,0.0000,0
79,features.7,91,pruned_before,nan,0.000000e+00,0.000000e+00,0.0000,0.0000,0
79,features.7,92,pruned_before,nan,0.000000e+00,0.000000e+00,0.0000,0.0000,0
79,features.7,93,pruned_before,nan,0.000000e+00,0.000000e+00,0.0000,0.0000,0
79,features.7,94,active,0.041654,9.714362e-08,2.496913e-03,0.0031,0.0864,105
79,features.7,95,active,0.003769,1.533915e-07,3.583922e-04,0.0049,0.0124,105
79,features.7,96,pruned_before,nan,0.000000e+00,0.000000e+00,0.0000,0.0000,0
79,features.7,97,pruned_before,nan,0.000000e+00,0.000000e+00,0.0000,0.0000,0
79,features.7,98,pruned_before,nan,0.000000e+00,0.000000e+00,0.0000,0.0000,0
79,features.7,99,pruned_before,nan,0.000000e+00,0.000000e+00,0.0000,0.0000,0
79,features.7,100,pruned_before,nan,0.000000e+00,0.000000e+00,0.0000,0.0000,0
79,features.7,101,pruned_before,nan,0.000000e+00,0.000000e+00,0.0000,0.0000,0
79,features.7,102,pruned_before,nan,0.000000e+00,0.000000e+00,0.0000,0.0000,0
79,features.7,103,pruned_before,nan,0.000000e+00,0.000000e+00,0.0000,0.0000,0
79,features.7,104,pruned_before,nan,0.000000e+00,0.000000e+00,0.0000,0.0000,0
79,features.7,105,pruned_before,nan,0.000000e+00,0.000000e+00,0.0000,0.0000,0
79,features.7,106,pruned_before,nan,0.000000e+00,0.000000e+00,0.0000,0.0000,0
79,features.7,107,pruned_before,nan,0.000000e+00,0.000000e+00,0.0000,0.0000,0
79,features.7,108,pruned_before,nan,0.000000e+00,0.000000e+00,0.0000,0.0000,0
79,features.7,109,pruned_before,nan,0.000000e+00,0.000000e+00,0.0000,0.0000,0
79,features.7,110,pruned_before,nan,0.000000e+00,0.000000e+00,0.0000,0.0000,0
79,features.7,111,pruned_before,nan,0.000000e+00,0.000000e+00,0.0000,0.0000,0
79,features.7,112,pruned_before,nan,0.000000e+00,0.000000e+00,0.0000,0.0000,0
79,features.7,113,pruned_before,nan,0.000000e+00,0.000000e+00,0.0000,0.0000,0
79,features.7,114,pruned_before,nan,0.000000e+00,0.000000e+00,0.0000,0.0000,0
79,features.7,115,pruned_before,nan,0.000000e+00,0.000000e+00,0.0000,0.0000,0
79,features.7,116,pruned_before,nan,0.000000e+00,0.000000e+00,0.0000,0.0000,0
79,features.7,117,pruned_before,nan,0.000000e+00,0.000000e+00,0.0000,0.0000,0
79,features.7,118,protected,0.000000,3.155108e-05,2.890384e-02,1.0000,1.0000,105
79,features.7,119,pruned_before,nan,0.000000e+00,0.000000e+00,0.0000,0.0000,0
79,features.7,120,pruned_before,nan,0.000000e+00,0.000000e+00,0.0000,0.0000,0
79,features.7,121,pruned_before,nan,0.000000e+00,0.000000e+00,0.0000,0.0000,0
79,features.7,122,pruned_before,nan,0.000000e+00,0.000000e+00,0.0000,0.0000,0
79,features.7,123,pruned_before,nan,0.000000e+00,0.000000e+00,0.0000,0.0000,0
79,features.7,124,pruned_before,nan,0.000000e+00,0.000000e+00,0.0000,0.0000,0
79,features.7,125,pruned_before,nan,0.000000e+00,0.000000e+00,0.0000,0.0000,0
79,features.7,126,pruned_before,nan,0.000000e+00,0.000000e+00,0.0000,0.0000,0
79,features.7,127,pruned_before,nan,0.000000e+00,0.000000e+00,0.0000,0.0000,0
79,features.7,128,pruned_before,nan,0.000000e+00,0.000000e+00,0.0000,0.0000,0
79,features.7,129,pruned_before,nan,0.000000e+00,0.000000e+00,0.0000,0.0000,0
79,features.7,130,pruned_before,nan,0.000000e+00,0.000000e+00,0.0000,0.0000,0
79,features.7,131,pruned_before,nan,0.000000e+00,0.000000e+00,0.0000,0.0000,0
79,features.7,132,pruned_before,nan,0.000000e+00,0.000000e+00,0.0000,0.0000,0
79,features.7,133,pruned_before,nan,0.000000e+00,0.000000e+00,0.0000,0.0000,0
79,features.7,134,pruned_before,nan,0.000000e+00,0.000000e+00,0.0000,0.0000,0
79,features.7,135,pruned_before,nan,0.000000e+00,0.000000e+00,0.0000,0.0000,0
79,features.7,136,pruned_before,nan,0.000000e+00,0.000000e+00,0.0000,0.0000,0
79,features.7,137,pruned_before,nan,0.000000e+00,0.000000e+00,0.0000,0.0000,0
79,features.7,138,pruned_before,nan,0.000000e+00,0.000000e+00,0.0000,0.0000,0
79,features.7,139,active,0.003426,2.448091e-06,2.440725e-03,0.0776,0.0844,105
79,features.7,140,pruned_before,nan,0.000000e+00,0.000000e+00,0.0000,0.0000,0
79,features.7,141,active,0.000744,1.158860e-07,1.491780e-04,0.0037,0.0052,105
79,features.7,142,active,-0.000150,1.784230e-07,1.547655e-04,0.0057,0.0054,105
79,features.7,143,pruned_before,nan,0.000000e+00,0.000000e+00,0.0000,0.0000,0
79,features.7,144,pruned_before,nan,0.000000e+00,0.000000e+00,0.0000,0.0000,0
79,features.7,145,pruned_before,nan,0.000000e+00,0.000000e+00,0.0000,0.0000,0
79,features.7,146,pruned_before,nan,0.000000e+00,0.000000e+00,0.0000,0.0000,0
79,features.7,147,pruned_before,nan,0.000000e+00,0.000000e+00,0.0000,0.0000,0
79,features.7,148,pruned_before,nan,0.000000e+00,0.000000e+00,0.0000,0.0000,0
79,features.7,149,pruned_before,nan,0.000000e+00,0.000000e+00,0.0000,0.0000,0
79,features.7,150,pruned_before,nan,0.000000e+00,0.000000e+00,0.0000,0.0000,0
79,features.7,151,pruned_before,nan,0.000000e+00,0.000000e+00,0.0000,0.0000,0
79,features.7,152,pruned_before,nan,0.000000e+00,0.000000e+00,0.0000,0.0000,0
79,features.7,153,pruned_before,nan,0.000000e+00,0.000000e+00,0.0000,0.0000,0
79,features.7,154,pruned_before,nan,0.000000e+00,0.000000e+00,0.0000,0.0000,0
79,features.7,155,pruned_before,nan,0.000000e+00,0.000000e+00,0.0000,0.0000,0
79,features.7,156,pruned_before,nan,0.000000e+00,0.000000e+00,0.0000,0.0000,0
79,features.7,157,pruned_before,nan,0.000000e+00,0.000000e+00,0.0000,0.0000,0
79,features.7,158,pruned_before,nan,0.000000e+00,0.000000e+00,0.0000,0.0000,0
79,features.7,159,pruned_before,nan,0.000000e+00,0.000000e+00,0.0000,0.0000,0
79,features.7,160,pruned_before,nan,0.000000e+00,0.000000e+00,0.0000,0.0000,0
79,features.7,161,pruned_before,nan,0.000000e+00,0.000000e+00,0.0000,0.0000,0
79,features.7,162,pruned_before,nan,0.000000e+00,0.000000e+00,0.0000,0.0000,0
79,features.7,163,pruned_before,nan,0.000000e+00,0.000000e+00,0.0000,0.0000,0
79,features.7,164,pruned_before,nan,0.000000e+00,0.000000e+00,0.0000,0.0000,0
79,features.7,165,pruned_before,nan,0.000000e+00,0.000000e+00,0.0000,0.0000,0
79,features.7,166,pruned_before,nan,0.000000e+00,0.000000e+00,0.0000,0.0000,0
79,features.7,167,pruned_before,nan,0.000000e+00,0.000000e+00,0.0000,0.0000,0
79,features.7,168,pruned_before,nan,0.000000e+00,0.000000e+00,0.0000,0.0000,0
79,features.7,169,pruned_before,nan,0.000000e+00,0.000000e+00,0.0000,0.0000,0
79,features.7,170,pruned_before,nan,0.000000e+00,0.000000e+00,0.0000,0.0000,0
79,features.7,171,pruned_before,nan,0.000000e+00,0.000000e+00,0.0000,0.0000,0
79,features.7,172,pruned_before,nan,0.000000e+00,0.000000e+00,0.0000,0.0000,0
79,features.7,173,pruned_before,nan,0.000000e+00,0.000000e+00,0.0000,0.0000,0
79,features.7,174,pruned_before,nan,0.000000e+00,0.000000e+00,0.0000,0.0000,0
79,features.7,175,pruned_before,nan,0.000000e+00,0.000000e+00,0.0000,0.0000,0
79,features.7,176,pruned_before,nan,0.000000e+00,0.000000e+00,0.0000,0.0000,0
79,features.7,177,pruned_before,nan,0.000000e+00,0.000000e+00,0.0000,0.0000,0
79,features.7,178,pruned_before,nan,0.000000e+00,0.000000e+00,0.0000,0.0000,0
79,features.7,179,pruned_before,nan,0.000000e+00,0.000000e+00,0.0000,0.0000,0
79,features.7,180,pruned_before,nan,0.000000e+00,0.000000e+00,0.0000,0.0000,0
79,features.7,181,pruned_before,nan,0.000000e+00,0.000000e+00,0.0000,0.0000,0
79,features.7,182,pruned_before,nan,0.000000e+00,0.000000e+00,0.0000,0.0000,0
79,features.7,183,pruned_before,nan,0.000000e+00,0.000000e+00,0.0000,0.0000,0
79,features.7,184,pruned_before,nan,0.000000e+00,0.000000e+00,0.0000,0.0000,0
79,features.7,185,pruned_before,nan,0.000000e+00,0.000000e+00,0.0000,0.0000,0
79,features.7,186,pruned_before,nan,0.000000e+00,0.000000e+00,0.0000,0.0000,0
79,features.7,187,active,0.000583,2.998011e-07,3.083559e-04,0.0095,0.0107,105
79,features.7,188,pruned_before,nan,0.000000e+00,0.000000e+00,0.0000,0.0000,0
79,features.7,189,pruned_before,nan,0.000000e+00,0.000000e+00,0.0000,0.0000,0
79,features.7,190,pruned_before,nan,0.000000e+00,0.000000e+00,0.0000,0.0000,0
79,features.7,191,pruned_before,nan,0.000000e+00,0.000000e+00,0.0000,0.0000,0
79,features.8,0,active,0.104573,1.712422e-07,1.119762e-03,0.0507,0.2598,137
79,features.8,1,pruned_before,nan,0.000000e+00,0.000000e+00,0.0000,0.0000,0
79,features.8,2,pruned_before,nan,0.000000e+00,0.000000e+00,0.0000,0.0000,0
79,features.8,3,pruned_before,nan,0.000000e+00,0.000000e+00,0.0000,0.0000,0
79,features.8,4,pruned_before,nan,0.000000e+00,0.000000e+00,0.0000,0.0000,0
79,features.8,5,pruned_before,nan,0.000000e+00,0.000000e+00,0.0000,0.0000,0
79,features.8,6,pruned_before,nan,0.000000e+00,0.000000e+00,0.0000,0.0000,0
79,features.8,7,pruned_before,nan,0.000000e+00,0.000000e+00,0.0000,0.0000,0
79,features.8,8,pruned_before,nan,0.000000e+00,0.000000e+00,0.0000,0.0000,0
79,features.8,9,pruned_before,nan,0.000000e+00,0.000000e+00,0.0000,0.0000,0
79,features.8,10,active,0.006456,9.329082e-08,1.745951e-04,0.0276,0.0405,137
79,features.8,11,protected,0.000000,3.380378e-06,4.310038e-03,1.0000,1.0000,137
79,features.8,12,pruned_before,nan,0.000000e+00,0.000000e+00,0.0000,0.0000,0
79,features.8,13,active,0.004111,5.856682e-08,1.101089e-04,0.0173,0.0255,137
79,features.8,14,pruned_before,nan,0.000000e+00,0.000000e+00,0.0000,0.0000,0
79,features.8,15,pruned_before,nan,0.000000e+00,0.000000e+00,0.0000,0.0000,0
79,features.8,16,pruned_before,nan,0.000000e+00,0.000000e+00,0.0000,0.0000,0
79,features.8,17,pruned_before,nan,0.000000e+00,0.000000e+00,0.0000,0.0000,0
79,features.8,18,pruned_before,nan,0.000000e+00,0.000000e+00,0.0000,0.0000,0
79,features.8,19,active,-0.001087,2.184577e-08,1.848296e-05,0.0065,0.0043,137
79,features.8,20,pruned_before,nan,0.000000e+00,0.000000e+00,0.0000,0.0000,0
79,features.8,21,pruned_before,nan,0.000000e+00,0.000000e+00,0.0000,0.0000,0
79,features.8,22,pruned_before,nan,0.000000e+00,0.000000e+00,0.0000,0.0000,0
79,features.8,23,pruned_before,nan,0.000000e+00,0.000000e+00,0.0000,0.0000,0
79,features.8,24,pruned_before,nan,0.000000e+00,0.000000e+00,0.0000,0.0000,0
79,features.8,25,pruned_before,nan,0.000000e+00,0.000000e+00,0.0000,0.0000,0
79,features.8,26,pruned_before,nan,0.000000e+00,0.000000e+00,0.0000,0.0000,0
79,features.8,27,pruned_before,nan,0.000000e+00,0.000000e+00,0.0000,0.0000,0
79,features.8,28,pruned_before,nan,0.000000e+00,0.000000e+00,0.0000,0.0000,0
79,features.8,29,pruned_before,nan,0.000000e+00,0.000000e+00,0.0000,0.0000,0
79,features.8,30,pruned_before,nan,0.000000e+00,0.000000e+00,0.0000,0.0000,0
79,features.8,31,pruned_before,nan,0.000000e+00,0.000000e+00,0.0000,0.0000,0
79,features.8,32,pruned_before,nan,0.000000e+00,0.000000e+00,0.0000,0.0000,0
79,features.8,33,pruned_before,nan,0.000000e+00,0.000000e+00,0.0000,0.0000,0
79,features.8,34,pruned_before,nan,0.000000e+00,0.000000e+00,0.0000,0.0000,0
79,features.8,35,pruned_before,nan,0.000000e+00,0.000000e+00,0.0000,0.0000,0
79,features.8,36,pruned_before,nan,0.000000e+00,0.000000e+00,0.0000,0.0000,0
79,features.8,37,pruned_before,nan,0.000000e+00,0.000000e+00,0.0000,0.0000,0
79,features.8,38,pruned_before,nan,0.000000e+00,0.000000e+00,0.0000,0.0000,0
79,features.8,39,pruned_before,nan,0.000000e+00,0.000000e+00,0.0000,0.0000,0
79,features.8,40,pruned_before,nan,0.000000e+00,0.000000e+00,0.0000,0.0000,0
79,features.8,41,pruned_before,nan,0.000000e+00,0.000000e+00,0.0000,0.0000,0
79,features.8,42,pruned_before,nan,0.000000e+00,0.000000e+00,0.0000,0.0000,0
79,features.8,43,pruned_before,nan,0.000000e+00,0.000000e+00,0.0000,0.0000,0
79,features.8,44,active,-0.012969,1.088108e-07,2.694153e-05,0.0322,0.0063,137
79,features.8,45,pruned_before,nan,0.000000e+00,0.000000e+00,0.0000,0.0000,0
79,features.8,46,pruned_before,nan,0.000000e+00,0.000000e+00,0.0000,0.0000,0
79,features.8,47,active,0.004376,3.392138e-08,8.097256e-05,0.0100,0.0188,137
79,features.8,48,pruned_before,nan,0.000000e+00,0.000000e+00,0.0000,0.0000,0
79,features.8,49,pruned_before,nan,0.000000e+00,0.000000e+00,0.0000,0.0000,0
79,features.8,50,pruned_before,nan,0.000000e+00,0.000000e+00,0.0000,0.0000,0
79,features.8,51,pruned_before,nan,0.000000e+00,0.000000e+00,0.0000,0.0000,0
79,features.8,52,pruned_before,nan,0.000000e+00,0.000000e+00,0.0000,0.0000,0
79,features.8,53,pruned_before,nan,0.000000e+00,0.000000e+00,0.0000,0.0000,0
79,features.8,54,pruned_before,nan,0.000000e+00,0.000000e+00,0.0000,0.0000,0
79,features.8,55,pruned_before,nan,0.000000e+00,0.000000e+00,0.0000,0.0000,0
79,features.8,56,pruned_before,nan,0.000000e+00,0.000000e+00,0.0000,0.0000,0
79,features.8,57,pruned_before,nan,0.000000e+00,0.000000e+00,0.0000,0.0000,0
79,features.8,58,pruned_before,nan,0.000000e+00,0.000000e+00,0.0000,0.0000,0
79,features.8,59,pruned_before,nan,0.000000e+00,0.000000e+00,0.0000,0.0000,0
79,features.8,60,pruned_before,nan,0.000000e+00,0.000000e+00,0.0000,0.0000,0
79,features.8,61,pruned_before,nan,0.000000e+00,0.000000e+00,0.0000,0.0000,0
79,features.8,62,pruned_before,nan,0.000000e+00,0.000000e+00,0.0000,0.0000,0
79,features.8,63,pruned_before,nan,0.000000e+00,0.000000e+00,0.0000,0.0000,0
79,features.8,64,pruned_before,nan,0.000000e+00,0.000000e+00,0.0000,0.0000,0
79,features.8,65,pruned_before,nan,0.000000e+00,0.000000e+00,0.0000,0.0000,0
79,features.8,66,pruned_before,nan,0.000000e+00,0.000000e+00,0.0000,0.0000,0
79,features.8,67,pruned_before,nan,0.000000e+00,0.000000e+00,0.0000,0.0000,0
79,features.8,68,pruned_before,nan,0.000000e+00,0.000000e+00,0.0000,0.0000,0
79,features.8,69,pruned_before,nan,0.000000e+00,0.000000e+00,0.0000,0.0000,0
79,features.8,70,pruned_before,nan,0.000000e+00,0.000000e+00,0.0000,0.0000,0
79,features.8,71,pruned_before,nan,0.000000e+00,0.000000e+00,0.0000,0.0000,0
79,features.8,72,pruned_before,nan,0.000000e+00,0.000000e+00,0.0000,0.0000,0
79,features.8,73,pruned_before,nan,0.000000e+00,0.000000e+00,0.0000,0.0000,0
79,features.8,74,pruned_before,nan,0.000000e+00,0.000000e+00,0.0000,0.0000,0
79,features.8,75,pruned_before,nan,0.000000e+00,0.000000e+00,0.0000,0.0000,0
79,features.8,76,pruned_before,nan,0.000000e+00,0.000000e+00,0.0000,0.0000,0
79,features.8,77,pruned_before,nan,0.000000e+00,0.000000e+00,0.0000,0.0000,0
79,features.8,78,pruned_before,nan,0.000000e+00,0.000000e+00,0.0000,0.0000,0
79,features.8,79,pruned_before,nan,0.000000e+00,0.000000e+00,0.0000,0.0000,0
79,features.8,80,pruned_before,nan,0.000000e+00,0.000000e+00,0.0000,0.0000,0
79,features.8,81,pruned_before,nan,0.000000e+00,0.000000e+00,0.0000,0.0000,0
79,features.8,82,pruned_before,nan,0.000000e+00,0.000000e+00,0.0000,0.0000,0
79,features.8,83,pruned_before,nan,0.000000e+00,0.000000e+00,0.0000,0.0000,0
79,features.8,84,active,0.002622,2.822414e-08,5.858824e-05,0.0083,0.0136,137
79,features.8,85,pruned_before,nan,0.000000e+00,0.000000e+00,0.0000,0.0000,0
79,features.8,86,pruned_before,nan,0.000000e+00,0.000000e+00,0.0000,0.0000,0
79,features.8,87,pruned_before,nan,0.000000e+00,0.000000e+00,0.0000,0.0000,0
79,features.8,88,pruned_before,nan,0.000000e+00,0.000000e+00,0.0000,0.0000,0
79,features.8,89,pruned_before,nan,0.000000e+00,0.000000e+00,0.0000,0.0000,0
79,features.8,90,pruned_before,nan,0.000000e+00,0.000000e+00,0.0000,0.0000,0
79,features.8,91,pruned_before,nan,0.000000e+00,0.000000e+00,0.0000,0.0000,0
79,features.8,92,pruned_before,nan,0.000000e+00,0.000000e+00,0.0000,0.0000,0
79,features.8,93,pruned_before,nan,0.000000e+00,0.000000e+00,0.0000,0.0000,0
79,features.8,94,pruned_before,nan,0.000000e+00,0.000000e+00,0.0000,0.0000,0
79,features.8,95,pruned_before,nan,0.000000e+00,0.000000e+00,0.0000,0.0000,0
79,features.8,96,pruned_before,nan,0.000000e+00,0.000000e+00,0.0000,0.0000,0
79,features.8,97,pruned_before,nan,0.000000e+00,0.000000e+00,0.0000,0.0000,0
79,features.8,98,pruned_before,nan,0.000000e+00,0.000000e+00,0.0000,0.0000,0
79,features.8,99,pruned_before,nan,0.000000e+00,0.000000e+00,0.0000,0.0000,0
79,features.8,100,pruned_before,nan,0.000000e+00,0.000000e+00,0.0000,0.0000,0
79,features.8,101,pruned_before,nan,0.000000e+00,0.000000e+00,0.0000,0.0000,0
79,features.8,102,pruned_before,nan,0.000000e+00,0.000000e+00,0.0000,0.0000,0
79,features.8,103,pruned_before,nan,0.000000e+00,0.000000e+00,0.0000,0.0000,0
79,features.8,104,pruned_before,nan,0.000000e+00,0.000000e+00,0.0000,0.0000,0
79,features.8,105,pruned_before,nan,0.000000e+00,0.000000e+00,0.0000,0.0000,0
79,features.8,106,pruned_before,nan,0.000000e+00,0.000000e+00,0.0000,0.0000,0
79,features.8,107,pruned_before,nan,0.000000e+00,0.000000e+00,0.0000,0.0000,0
79,features.8,108,pruned_before,nan,0.000000e+00,0.000000e+00,0.0000,0.0000,0
79,features.8,109,pruned_before,nan,0.000000e+00,0.000000e+00,0.0000,0.0000,0
79,features.8,110,pruned_before,nan,0.000000e+00,0.000000e+00,0.0000,0.0000,0
79,features.8,111,pruned_before,nan,0.000000e+00,0.000000e+00,0.0000,0.0000,0
79,features.8,112,pruned_before,nan,0.000000e+00,0.000000e+00,0.0000,0.0000,0
79,features.8,113,pruned_before,nan,0.000000e+00,0.000000e+00,0.0000,0.0000,0
79,features.8,114,pruned_before,nan,0.000000e+00,0.000000e+00,0.0000,0.0000,0
79,features.8,115,pruned_before,nan,0.000000e+00,0.000000e+00,0.0000,0.0000,0
79,features.8,116,pruned_before,nan,0.000000e+00,0.000000e+00,0.0000,0.0000,0
79,features.8,117,pruned_before,nan,0.000000e+00,0.000000e+00,0.0000,0.0000,0
79,features.8,118,pruned_before,nan,0.000000e+00,0.000000e+00,0.0000,0.0000,0
79,features.8,119,pruned_before,nan,0.000000e+00,0.000000e+00,0.0000,0.0000,0
79,features.8,120,pruned_before,nan,0.000000e+00,0.000000e+00,0.0000,0.0000,0
79,features.8,121,pruned_before,nan,0.000000e+00,0.000000e+00,0.0000,0.0000,0
79,features.8,122,pruned_before,nan,0.000000e+00,0.000000e+00,0.0000,0.0000,0
79,features.8,123,pruned_before,nan,0.000000e+00,0.000000e+00,0.0000,0.0000,0
79,features.8,124,pruned_before,nan,0.000000e+00,0.000000e+00,0.0000,0.0000,0
79,features.8,125,pruned_before,nan,0.000000e+00,0.000000e+00,0.0000,0.0000,0
79,features.8,126,pruned_before,nan,0.000000e+00,0.000000e+00,0.0000,0.0000,0
79,features.8,127,pruned_before,nan,0.000000e+00,0.000000e+00,0.0000,0.0000,0
79,features.8,128,pruned_before,nan,0.000000e+00,0.000000e+00,0.0000,0.0000,0
79,features.8,129,pruned_before,nan,0.000000e+00,0.000000e+00,0.0000,0.0000,0
79,features.8,130,pruned_before,nan,0.000000e+00,0.000000e+00,0.0000,0.0000,0
79,features.8,131,pruned_before,nan,0.000000e+00,0.000000e+00,0.0000,0.0000,0
79,features.8,132,pruned_before,nan,0.000000e+00,0.000000e+00,0.0000,0.0000,0
79,features.8,133,pruned_before,nan,0.000000e+00,0.000000e+00,0.0000,0.0000,0
79,features.8,134,pruned_before,nan,0.000000e+00,0.000000e+00,0.0000,0.0000,0
79,features.8,135,pruned_before,nan,0.000000e+00,0.000000e+00,0.0000,0.0000,0
79,features.8,136,pruned_before,nan,0.000000e+00,0.000000e+00,0.0000,0.0000,0
79,features.8,137,pruned_before,nan,0.000000e+00,0.000000e+00,0.0000,0.0000,0
79,features.8,138,pruned_before,nan,0.000000e+00,0.000000e+00,0.0000,0.0000,0
79,features.8,139,pruned_before,nan,0.000000e+00,0.000000e+00,0.0000,0.0000,0
79,features.8,140,pruned_before,nan,0.000000e+00,0.000000e+00,0.0000,0.0000,0
79,features.8,141,pruned_before,nan,0.000000e+00,0.000000e+00,0.0000,0.0000,0
79,features.8,142,pruned_before,nan,0.000000e+00,0.000000e+00,0.0000,0.0000,0
79,features.8,143,pruned_before,nan,0.000000e+00,0.000000e+00,0.0000,0.0000,0
79,features.8,144,pruned_before,nan,0.000000e+00,0.000000e+00,0.0000,0.0000,0
79,features.8,145,active,0.028313,2.606416e-07,5.763805e-04,0.0771,0.1337,137
79,features.8,146,pruned_before,nan,0.000000e+00,0.000000e+00,0.0000,0.0000,0
79,features.8,147,pruned_before,nan,0.000000e+00,0.000000e+00,0.0000,0.0000,0
79,features.8,148,pruned_before,nan,0.000000e+00,0.000000e+00,0.0000,0.0000,0
79,features.8,149,pruned_before,nan,0.000000e+00,0.000000e+00,0.0000,0.0000,0
79,features.8,150,pruned_before,nan,0.000000e+00,0.000000e+00,0.0000,0.0000,0
79,features.8,151,pruned_before,nan,0.000000e+00,0.000000e+00,0.0000,0.0000,0
79,features.8,152,pruned_before,nan,0.000000e+00,0.000000e+00,0.0000,0.0000,0
79,features.8,153,pruned_before,nan,0.000000e+00,0.000000e+00,0.0000,0.0000,0
79,features.8,154,pruned_before,nan,0.000000e+00,0.000000e+00,0.0000,0.0000,0
79,features.8,155,pruned_before,nan,0.000000e+00,0.000000e+00,0.0000,0.0000,0
79,features.8,156,pruned_before,nan,0.000000e+00,0.000000e+00,0.0000,0.0000,0
79,features.8,157,pruned_before,nan,0.000000e+00,0.000000e+00,0.0000,0.0000,0
79,features.8,158,pruned_before,nan,0.000000e+00,0.000000e+00,0.0000,0.0000,0
79,features.8,159,pruned_before,nan,0.000000e+00,0.000000e+00,0.0000,0.0000,0
79,features.8,160,pruned_before,nan,0.000000e+00,0.000000e+00,0.0000,0.0000,0
79,features.8,161,pruned_before,nan,0.000000e+00,0.000000e+00,0.0000,0.0000,0
79,features.8,162,pruned_before,nan,0.000000e+00,0.000000e+00,0.0000,0.0000,0
79,features.8,163,pruned_before,nan,0.000000e+00,0.000000e+00,0.0000,0.0000,0
79,features.8,164,pruned_before,nan,0.000000e+00,0.000000e+00,0.0000,0.0000,0
79,features.8,165,active,0.032240,5.976050e-08,3.541096e-04,0.0177,0.0822,137
79,features.8,166,pruned_before,nan,0.000000e+00,0.000000e+00,0.0000,0.0000,0
79,features.8,167,pruned_before,nan,0.000000e+00,0.000000e+00,0.0000,0.0000,0
79,features.8,168,pruned_before,nan,0.000000e+00,0.000000e+00,0.0000,0.0000,0
79,features.8,169,active,0.000791,2.278790e-08,3.587755e-05,0.0067,0.0083,137
79,features.8,170,pruned_before,nan,0.000000e+00,0.000000e+00,0.0000,0.0000,0
79,features.8,171,pruned_before,nan,0.000000e+00,0.000000e+00,0.0000,0.0000,0
79,features.8,172,pruned_before,nan,0.000000e+00,0.000000e+00,0.0000,0.0000,0
79,features.8,173,pruned_before,nan,0.000000e+00,0.000000e+00,0.0000,0.0000,0
79,features.8,174,pruned_before,nan,0.000000e+00,0.000000e+00,0.0000,0.0000,0
79,features.8,175,pruned_before,nan,0.000000e+00,0.000000e+00,0.0000,0.0000,0
79,features.8,176,pruned_before,nan,0.000000e+00,0.000000e+00,0.0000,0.0000,0
79,features.8,177,pruned_before,nan,0.000000e+00,0.000000e+00,0.0000,0.0000,0
79,features.8,178,pruned_before,nan,0.000000e+00,0.000000e+00,0.0000,0.0000,0
79,features.8,179,pruned_before,nan,0.000000e+00,0.000000e+00,0.0000,0.0000,0
79,features.8,180,pruned_before,nan,0.000000e+00,0.000000e+00,0.0000,0.0000,0
79,features.8,181,pruned_before,nan,0.000000e+00,0.000000e+00,0.0000,0.0000,0
79,features.8,182,pruned_before,nan,0.000000e+00,0.000000e+00,0.0000,0.0000,0
79,features.8,183,pruned_before,nan,0.000000e+00,0.000000e+00,0.0000,0.0000,0
79,features.8,184,pruned_before,nan,0.000000e+00,0.000000e+00,0.0000,0.0000,0
79,features.8,185,pruned_before,nan,0.000000e+00,0.000000e+00,0.0000,0.0000,0
79,features.8,186,active,-0.006325,8.282984e-08,5.108333e-05,0.0245,0.0119,137
79,features.8,187,pruned_before,nan,0.000000e+00,0.000000e+00,0.0000,0.0000,0
79,features.8,188,pruned_before,nan,0.000000e+00,0.000000e+00,0.0000,0.0000,0
79,features.8,189,pruned_before,nan,0.000000e+00,0.000000e+00,0.0000,0.0000,0
79,features.8,190,pruned_before,nan,0.000000e+00,0.000000e+00,0.0000,0.0000,0
79,features.8,191,pruned_before,nan,0.000000e+00,0.000000e+00,0.0000,0.0000,0
79,features.8,192,pruned_before,nan,0.000000e+00,0.000000e+00,0.0000,0.0000,0
79,features.8,193,pruned_before,nan,0.000000e+00,0.000000e+00,0.0000,0.0000,0
79,features.8,194,pruned_before,nan,0.000000e+00,0.000000e+00,0.0000,0.0000,0
79,features.8,195,pruned_before,nan,0.000000e+00,0.000000e+00,0.0000,0.0000,0
79,features.8,196,pruned_before,nan,0.000000e+00,0.000000e+00,0.0000,0.0000,0
79,features.8,197,pruned_before,nan,0.000000e+00,0.000000e+00,0.0000,0.0000,0
79,features.8,198,pruned_before,nan,0.000000e+00,0.000000e+00,0.0000,0.0000,0
79,features.8,199,pruned_before,nan,0.000000e+00,0.000000e+00,0.0000,0.0000,0
79,features.8,200,pruned_before,nan,0.000000e+00,0.000000e+00,0.0000,0.0000,0
79,features.8,201,pruned_before,nan,0.000000e+00,0.000000e+00,0.0000,0.0000,0
79,features.8,202,pruned_before,nan,0.000000e+00,0.000000e+00,0.0000,0.0000,0
79,features.8,203,pruned_before,nan,0.000000e+00,0.000000e+00,0.0000,0.0000,0
79,features.8,204,pruned_before,nan,0.000000e+00,0.000000e+00,0.0000,0.0000,0
79,features.8,205,pruned_before,nan,0.000000e+00,0.000000e+00,0.0000,0.0000,0
79,features.8,206,pruned_before,nan,0.000000e+00,0.000000e+00,0.0000,0.0000,0
79,features.8,207,pruned_before,nan,0.000000e+00,0.000000e+00,0.0000,0.0000,0
79,features.8,208,pruned_before,nan,0.000000e+00,0.000000e+00,0.0000,0.0000,0
79,features.8,209,pruned_before,nan,0.000000e+00,0.000000e+00,0.0000,0.0000,0
79,features.8,210,pruned_before,nan,0.000000e+00,0.000000e+00,0.0000,0.0000,0
79,features.8,211,pruned_before,nan,0.000000e+00,0.000000e+00,0.0000,0.0000,0
79,features.8,212,pruned_before,nan,0.000000e+00,0.000000e+00,0.0000,0.0000,0
79,features.8,213,pruned_before,nan,0.000000e+00,0.000000e+00,0.0000,0.0000,0
79,features.8,214,pruned_before,nan,0.000000e+00,0.000000e+00,0.0000,0.0000,0
79,features.8,215,pruned_before,nan,0.000000e+00,0.000000e+00,0.0000,0.0000,0
79,features.8,216,pruned_before,nan,0.000000e+00,0.000000e+00,0.0000,0.0000,0
79,features.8,217,pruned_before,nan,0.000000e+00,0.000000e+00,0.0000,0.0000,0
79,features.8,218,pruned_before,nan,0.000000e+00,0.000000e+00,0.0000,0.0000,0
79,features.8,219,pruned_before,nan,0.000000e+00,0.000000e+00,0.0000,0.0000,0
79,features.8,220,pruned_before,nan,0.000000e+00,0.000000e+00,0.0000,0.0000,0
79,features.8,221,pruned_before,nan,0.000000e+00,0.000000e+00,0.0000,0.0000,0
79,features.8,222,pruned_before,nan,0.000000e+00,0.000000e+00,0.0000,0.0000,0
79,features.8,223,pruned_before,nan,0.000000e+00,0.000000e+00,0.0000,0.0000,0
79,features.8,224,pruned_before,nan,0.000000e+00,0.000000e+00,0.0000,0.0000,0
79,features.8,225,pruned_before,nan,0.000000e+00,0.000000e+00,0.0000,0.0000,0
79,features.8,226,pruned_before,nan,0.000000e+00,0.000000e+00,0.0000,0.0000,0
79,features.8,227,pruned_before,nan,0.000000e+00,0.000000e+00,0.0000,0.0000,0
79,features.8,228,pruned_before,nan,0.000000e+00,0.000000e+00,0.0000,0.0000,0
79,features.8,229,pruned_before,nan,0.000000e+00,0.000000e+00,0.0000,0.0000,0
79,features.8,230,pruned_before,nan,0.000000e+00,0.000000e+00,0.0000,0.0000,0
79,features.8,231,pruned_before,nan,0.000000e+00,0.000000e+00,0.0000,0.0000,0
79,features.8,232,pruned_before,nan,0.000000e+00,0.000000e+00,0.0000,0.0000,0
79,features.8,233,pruned_before,nan,0.000000e+00,0.000000e+00,0.0000,0.0000,0
79,features.8,234,pruned_before,nan,0.000000e+00,0.000000e+00,0.0000,0.0000,0
79,features.8,235,pruned_before,nan,0.000000e+00,0.000000e+00,0.0000,0.0000,0
79,features.8,236,pruned_before,nan,0.000000e+00,0.000000e+00,0.0000,0.0000,0
79,features.8,237,pruned_before,nan,0.000000e+00,0.000000e+00,0.0000,0.0000,0
79,features.8,238,pruned_before,nan,0.000000e+00,0.000000e+00,0.0000,0.0000,0
79,features.8,239,pruned_before,nan,0.000000e+00,0.000000e+00,0.0000,0.0000,0
79,features.8,240,pruned_before,nan,0.000000e+00,0.000000e+00,0.0000,0.0000,0
79,features.8,241,pruned_before,nan,0.000000e+00,0.000000e+00,0.0000,0.0000,0
79,features.8,242,pruned_before,nan,0.000000e+00,0.000000e+00,0.0000,0.0000,0
79,features.8,243,pruned_before,nan,0.000000e+00,0.000000e+00,0.0000,0.0000,0
79,features.8,244,pruned_before,nan,0.000000e+00,0.000000e+00,0.0000,0.0000,0
79,features.8,245,pruned_before,nan,0.000000e+00,0.000000e+00,0.0000,0.0000,0
79,features.8,246,active,0.014109,3.017872e-08,1.600959e-04,0.0089,0.0371,137
79,features.8,247,pruned_before,nan,0.000000e+00,0.000000e+00,0.0000,0.0000,0
79,features.8,248,pruned_before,nan,0.000000e+00,0.000000e+00,0.0000,0.0000,0
79,features.8,249,active,0.019725,7.745370e-08,2.687851e-04,0.0229,0.0624,137
79,features.8,250,pruned_before,nan,0.000000e+00,0.000000e+00,0.0000,0.0000,0
79,features.8,251,pruned_before,nan,0.000000e+00,0.000000e+00,0.0000,0.0000,0
79,features.8,252,pruned_before,nan,0.000000e+00,0.000000e+00,0.0000,0.0000,0
79,features.8,253,pruned_before,nan,0.000000e+00,0.000000e+00,0.0000,0.0000,0
79,features.8,254,pruned_before,nan,0.000000e+00,0.000000e+00,0.0000,0.0000,0
79,features.8,255,pruned_before,nan,0.000000e+00,0.000000e+00,0.0000,0.0000,0
79,features.8,256,pruned_before,nan,0.000000e+00,0.000000e+00,0.0000,0.0000,0
79,features.8,257,pruned_before,nan,0.000000e+00,0.000000e+00,0.0000,0.0000,0
79,features.8,258,pruned_before,nan,0.000000e+00,0.000000e+00,0.0000,0.0000,0
79,features.8,259,pruned_before,nan,0.000000e+00,0.000000e+00,0.0000,0.0000,0
79,features.8,260,pruned_before,nan,0.000000e+00,0.000000e+00,0.0000,0.0000,0
79,features.8,261,pruned_before,nan,0.000000e+00,0.000000e+00,0.0000,0.0000,0
79,features.8,262,pruned_before,nan,0.000000e+00,0.000000e+00,0.0000,0.0000,0
79,features.8,263,pruned_before,nan,0.000000e+00,0.000000e+00,0.0000,0.0000,0
79,features.8,264,pruned_before,nan,0.000000e+00,0.000000e+00,0.0000,0.0000,0
79,features.8,265,pruned_before,nan,0.000000e+00,0.000000e+00,0.0000,0.0000,0
79,features.8,266,pruned_before,nan,0.000000e+00,0.000000e+00,0.0000,0.0000,0
79,features.8,267,pruned_before,nan,0.000000e+00,0.000000e+00,0.0000,0.0000,0
79,features.8,268,pruned_before,nan,0.000000e+00,0.000000e+00,0.0000,0.0000,0
79,features.8,269,pruned_before,nan,0.000000e+00,0.000000e+00,0.0000,0.0000,0
79,features.8,270,pruned_before,nan,0.000000e+00,0.000000e+00,0.0000,0.0000,0
79,features.8,271,pruned_before,nan,0.000000e+00,0.000000e+00,0.0000,0.0000,0
79,features.8,272,pruned_before,nan,0.000000e+00,0.000000e+00,0.0000,0.0000,0
79,features.8,273,pruned_before,nan,0.000000e+00,0.000000e+00,0.0000,0.0000,0
79,features.8,274,pruned_before,nan,0.000000e+00,0.000000e+00,0.0000,0.0000,0
79,features.8,275,pruned_before,nan,0.000000e+00,0.000000e+00,0.0000,0.0000,0
79,features.8,276,pruned_before,nan,0.000000e+00,0.000000e+00,0.0000,0.0000,0
79,features.8,277,pruned_before,nan,0.000000e+00,0.000000e+00,0.0000,0.0000,0
79,features.8,278,pruned_before,nan,0.000000e+00,0.000000e+00,0.0000,0.0000,0
79,features.8,279,pruned_before,nan,0.000000e+00,0.000000e+00,0.0000,0.0000,0
79,features.8,280,pruned_before,nan,0.000000e+00,0.000000e+00,0.0000,0.0000,0
79,features.8,281,pruned_before,nan,0.000000e+00,0.000000e+00,0.0000,0.0000,0
79,features.8,282,pruned_before,nan,0.000000e+00,0.000000e+00,0.0000,0.0000,0
79,features.8,283,pruned_before,nan,0.000000e+00,0.000000e+00,0.0000,0.0000,0
79,features.8,284,pruned_before,nan,0.000000e+00,0.000000e+00,0.0000,0.0000,0
79,features.8,285,pruned_before,nan,0.000000e+00,0.000000e+00,0.0000,0.0000,0
79,features.8,286,pruned_before,nan,0.000000e+00,0.000000e+00,0.0000,0.0000,0
79,features.8,287,pruned_before,nan,0.000000e+00,0.000000e+00,0.0000,0.0000,0
79,features.8,288,pruned_before,nan,0.000000e+00,0.000000e+00,0.0000,0.0000,0
79,features.8,289,pruned_before,nan,0.000000e+00,0.000000e+00,0.0000,0.0000,0
79,features.8,290,pruned_before,nan,0.000000e+00,0.000000e+00,0.0000,0.0000,0
79,features.8,291,pruned_before,nan,0.000000e+00,0.000000e+00,0.0000,0.0000,0
79,features.8,292,pruned_before,nan,0.000000e+00,0.000000e+00,0.0000,0.0000,0
79,features.8,293,pruned_before,nan,0.000000e+00,0.000000e+00,0.0000,0.0000,0
79,features.8,294,pruned_before,nan,0.000000e+00,0.000000e+00,0.0000,0.0000,0
79,features.8,295,pruned_before,nan,0.000000e+00,0.000000e+00,0.0000,0.0000,0
79,features.8,296,pruned_before,nan,0.000000e+00,0.000000e+00,0.0000,0.0000,0
79,features.8,297,pruned_before,nan,0.000000e+00,0.000000e+00,0.0000,0.0000,0
79,features.8,298,pruned_before,nan,0.000000e+00,0.000000e+00,0.0000,0.0000,0
79,features.8,299,pruned_before,nan,0.000000e+00,0.000000e+00,0.0000,0.0000,0
79,features.8,300,pruned_before,nan,0.000000e+00,0.000000e+00,0.0000,0.0000,0
79,features.8,301,pruned_before,nan,0.000000e+00,0.000000e+00,0.0000,0.0000,0
79,features.8,302,pruned_before,nan,0.000000e+00,0.000000e+00,0.0000,0.0000,0
79,features.8,303,pruned_before,nan,0.000000e+00,0.000000e+00,0.0000,0.0000,0
79,features.8,304,pruned_before,nan,0.000000e+00,0.000000e+00,0.0000,0.0000,0
79,features.8,305,pruned_before,nan,0.000000e+00,0.000000e+00,0.0000,0.0000,0
79,features.8,306,pruned_before,nan,0.000000e+00,0.000000e+00,0.0000,0.0000,0
79,features.8,307,pruned_before,nan,0.000000e+00,0.000000e+00,0.0000,0.0000,0
79,features.8,308,pruned_before,nan,0.000000e+00,0.000000e+00,0.0000,0.0000,0
79,features.8,309,pruned_before,nan,0.000000e+00,0.000000e+00,0.0000,0.0000,0
79,features.8,310,pruned_before,nan,0.000000e+00,0.000000e+00,0.0000,0.0000,0
79,features.8,311,pruned_before,nan,0.000000e+00,0.000000e+00,0.0000,0.0000,0
79,features.8,312,pruned_before,nan,0.000000e+00,0.000000e+00,0.0000,0.0000,0
79,features.8,313,pruned_before,nan,0.000000e+00,0.000000e+00,0.0000,0.0000,0
79,features.8,314,pruned_before,nan,0.000000e+00,0.000000e+00,0.0000,0.0000,0
79,features.8,315,pruned_before,nan,0.000000e+00,0.000000e+00,0.0000,0.0000,0
79,features.8,316,pruned_before,nan,0.000000e+00,0.000000e+00,0.0000,0.0000,0
79,features.8,317,pruned_before,nan,0.000000e+00,0.000000e+00,0.0000,0.0000,0
79,features.8,318,pruned_before,nan,0.000000e+00,0.000000e+00,0.0000,0.0000,0
79,features.8,319,pruned_before,nan,0.000000e+00,0.000000e+00,0.0000,0.0000,0
79,features.8,320,pruned_before,nan,0.000000e+00,0.000000e+00,0.0000,0.0000,0
79,features.8,321,pruned_before,nan,0.000000e+00,0.000000e+00,0.0000,0.0000,0
79,features.8,322,pruned_before,nan,0.000000e+00,0.000000e+00,0.0000,0.0000,0
79,features.8,323,pruned_before,nan,0.000000e+00,0.000000e+00,0.0000,0.0000,0
79,features.8,324,active,-0.000670,8.848195e-09,5.508568e-06,0.0026,0.0013,137
79,features.8,325,pruned_before,nan,0.000000e+00,0.000000e+00,0.0000,0.0000,0
79,features.8,326,pruned_before,nan,0.000000e+00,0.000000e+00,0.0000,0.0000,0
79,features.8,327,pruned_before,nan,0.000000e+00,0.000000e+00,0.0000,0.0000,0
79,features.8,328,pruned_before,nan,0.000000e+00,0.000000e+00,0.0000,0.0000,0
79,features.8,329,pruned_before,nan,0.000000e+00,0.000000e+00,0.0000,0.0000,0
79,features.8,330,pruned_before,nan,0.000000e+00,0.000000e+00,0.0000,0.0000,0
79,features.8,331,active,0.003482,7.336067e-08,1.235477e-04,0.0217,0.0287,137
79,features.8,332,pruned_before,nan,0.000000e+00,0.000000e+00,0.0000,0.0000,0
79,features.8,333,pruned_before,nan,0.000000e+00,0.000000e+00,0.0000,0.0000,0
79,features.8,334,pruned_before,nan,0.000000e+00,0.000000e+00,0.0000,0.0000,0
79,features.8,335,pruned_before,nan,0.000000e+00,0.000000e+00,0.0000,0.0000,0
79,features.8,336,pruned_before,nan,0.000000e+00,0.000000e+00,0.0000,0.0000,0
79,features.8,337,pruned_before,nan,0.000000e+00,0.000000e+00,0.0000,0.0000,0
79,features.8,338,pruned_before,nan,0.000000e+00,0.000000e+00,0.0000,0.0000,0
79,features.8,339,pruned_before,nan,0.000000e+00,0.000000e+00,0.0000,0.0000,0
79,features.8,340,pruned_before,nan,0.000000e+00,0.000000e+00,0.0000,0.0000,0
79,features.8,341,active,-0.000970,2.424126e-08,2.254545e-05,0.0072,0.0052,137
79,features.8,342,pruned_before,nan,0.000000e+00,0.000000e+00,0.0000,0.0000,0
79,features.8,343,pruned_before,nan,0.000000e+00,0.000000e+00,0.0000,0.0000,0
79,features.8,344,pruned_before,nan,0.000000e+00,0.000000e+00,0.0000,0.0000,0
79,features.8,345,pruned_before,nan,0.000000e+00,0.000000e+00,0.0000,0.0000,0
79,features.8,346,pruned_before,nan,0.000000e+00,0.000000e+00,0.0000,0.0000,0
79,features.8,347,active,0.004143,1.032481e-07,1.673577e-04,0.0305,0.0388,137
79,features.8,348,active,-0.000231,3.722954e-08,4.547433e-05,0.0110,0.0106,137
79,features.8,349,pruned_before,nan,0.000000e+00,0.000000e+00,0.0000,0.0000,0
79,features.8,350,pruned_before,nan,0.000000e+00,0.000000e+00,0.0000,0.0000,0
79,features.8,351,pruned_before,nan,0.000000e+00,0.000000e+00,0.0000,0.0000,0
79,features.8,352,pruned_before,nan,0.000000e+00,0.000000e+00,0.0000,0.0000,0
79,features.8,353,pruned_before,nan,0.000000e+00,0.000000e+00,0.0000,0.0000,0
79,features.8,354,pruned_before,nan,0.000000e+00,0.000000e+00,0.0000,0.0000,0
79,features.8,355,pruned_before,nan,0.000000e+00,0.000000e+00,0.0000,0.0000,0
79,features.8,356,pruned_before,nan,0.000000e+00,0.000000e+00,0.0000,0.0000,0
79,features.8,357,pruned_before,nan,0.000000e+00,0.000000e+00,0.0000,0.0000,0
79,features.8,358,pruned_before,nan,0.000000e+00,0.000000e+00,0.0000,0.0000,0
79,features.8,359,pruned_before,nan,0.000000e+00,0.000000e+00,0.0000,0.0000,0
79,features.8,360,pruned_before,nan,0.000000e+00,0.000000e+00,0.0000,0.0000,0
79,features.8,361,pruned_before,nan,0.000000e+00,0.000000e+00,0.0000,0.0000,0
79,features.8,362,pruned_before,nan,0.000000e+00,0.000000e+00,0.0000,0.0000,0
79,features.8,363,pruned_before,nan,0.000000e+00,0.000000e+00,0.0000,0.0000,0
79,features.8,364,pruned_before,nan,0.000000e+00,0.000000e+00,0.0000,0.0000,0
79,features.8,365,pruned_before,nan,0.000000e+00,0.000000e+00,0.0000,0.0000,0
79,features.8,366,pruned_before,nan,0.000000e+00,0.000000e+00,0.0000,0.0000,0
79,features.8,367,pruned_before,nan,0.000000e+00,0.000000e+00,0.0000,0.0000,0
79,features.8,368,pruned_before,nan,0.000000e+00,0.000000e+00,0.0000,0.0000,0
79,features.8,369,pruned_before,nan,0.000000e+00,0.000000e+00,0.0000,0.0000,0
79,features.8,370,pruned_before,nan,0.000000e+00,0.000000e+00,0.0000,0.0000,0
79,features.8,371,pruned_before,nan,0.000000e+00,0.000000e+00,0.0000,0.0000,0
79,features.8,372,active,0.009520,4.613482e-08,1.408824e-04,0.0136,0.0327,137
79,features.8,373,pruned_before,nan,0.000000e+00,0.000000e+00,0.0000,0.0000,0
79,features.8,374,active,-0.003187,3.827040e-08,2.132232e-05,0.0113,0.0049,137
79,features.8,375,pruned_before,nan,0.000000e+00,0.000000e+00,0.0000,0.0000,0
79,features.8,376,pruned_before,nan,0.000000e+00,0.000000e+00,0.0000,0.0000,0
79,features.8,377,pruned_before,nan,0.000000e+00,0.000000e+00,0.0000,0.0000,0
79,features.8,378,pruned_before,nan,0.000000e+00,0.000000e+00,0.0000,0.0000,0
79,features.8,379,pruned_before,nan,0.000000e+00,0.000000e+00,0.0000,0.0000,0
79,features.8,380,pruned_before,nan,0.000000e+00,0.000000e+00,0.0000,0.0000,0
79,features.8,381,pruned_before,nan,0.000000e+00,0.000000e+00,0.0000,0.0000,0
79,features.8,382,pruned_before,nan,0.000000e+00,0.000000e+00,0.0000,0.0000,0
79,features.8,383,pruned_before,nan,0.000000e+00,0.000000e+00,0.0000,0.0000,0
79,features.9,0,pruned_before,nan,0.000000e+00,0.000000e+00,0.0000,0.0000,0
79,features.9,1,pruned_before,nan,0.000000e+00,0.000000e+00,0.0000,0.0000,0
79,features.9,2,pruned_before,nan,0.000000e+00,0.000000e+00,0.0000,0.0000,0
79,features.9,3,pruned_before,nan,0.000000e+00,0.000000e+00,0.0000,0.0000,0
79,features.9,4,pruned_before,nan,0.000000e+00,0.000000e+00,0.0000,0.0000,0
79,features.9,5,pruned_before,nan,0.000000e+00,0.000000e+00,0.0000,0.0000,0
79,features.9,6,pruned_before,nan,0.000000e+00,0.000000e+00,0.0000,0.0000,0
79,features.9,7,active,-0.004258,2.105015e-08,1.968954e-05,0.0107,0.0022,137
79,features.9,8,pruned_before,nan,0.000000e+00,0.000000e+00,0.0000,0.0000,0
79,features.9,9,pruned_before,nan,0.000000e+00,0.000000e+00,0.0000,0.0000,0
79,features.9,10,pruned_before,nan,0.000000e+00,0.000000e+00,0.0000,0.0000,0
79,features.9,11,pruned_before,nan,0.000000e+00,0.000000e+00,0.0000,0.0000,0
79,features.9,12,pruned_before,nan,0.000000e+00,0.000000e+00,0.0000,0.0000,0
79,features.9,13,pruned_before,nan,0.000000e+00,0.000000e+00,0.0000,0.0000,0
79,features.9,14,pruned_before,nan,0.000000e+00,0.000000e+00,0.0000,0.0000,0
79,features.9,15,pruned_before,nan,0.000000e+00,0.000000e+00,0.0000,0.0000,0
79,features.9,16,pruned_before,nan,0.000000e+00,0.000000e+00,0.0000,0.0000,0
79,features.9,17,pruned_before,nan,0.000000e+00,0.000000e+00,0.0000,0.0000,0
79,features.9,18,pruned_before,nan,0.000000e+00,0.000000e+00,0.0000,0.0000,0
79,features.9,19,pruned_before,nan,0.000000e+00,0.000000e+00,0.0000,0.0000,0
79,features.9,20,pruned_before,nan,0.000000e+00,0.000000e+00,0.0000,0.0000,0
79,features.9,21,pruned_before,nan,0.000000e+00,0.000000e+00,0.0000,0.0000,0
79,features.9,22,pruned_before,nan,0.000000e+00,0.000000e+00,0.0000,0.0000,0
79,features.9,23,pruned_before,nan,0.000000e+00,0.000000e+00,0.0000,0.0000,0
79,features.9,24,pruned_before,nan,0.000000e+00,0.000000e+00,0.0000,0.0000,0
79,features.9,25,pruned_before,nan,0.000000e+00,0.000000e+00,0.0000,0.0000,0
79,features.9,26,pruned_before,nan,0.000000e+00,0.000000e+00,0.0000,0.0000,0
79,features.9,27,pruned_before,nan,0.000000e+00,0.000000e+00,0.0000,0.0000,0
79,features.9,28,pruned_before,nan,0.000000e+00,0.000000e+00,0.0000,0.0000,0
79,features.9,29,pruned_before,nan,0.000000e+00,0.000000e+00,0.0000,0.0000,0
79,features.9,30,pruned_before,nan,0.000000e+00,0.000000e+00,0.0000,0.0000,0
79,features.9,31,pruned_before,nan,0.000000e+00,0.000000e+00,0.0000,0.0000,0
79,features.9,32,pruned_before,nan,0.000000e+00,0.000000e+00,0.0000,0.0000,0
79,features.9,33,pruned_before,nan,0.000000e+00,0.000000e+00,0.0000,0.0000,0
79,features.9,34,pruned_before,nan,0.000000e+00,0.000000e+00,0.0000,0.0000,0
79,features.9,35,pruned_before,nan,0.000000e+00,0.000000e+00,0.0000,0.0000,0
79,features.9,36,pruned_before,nan,0.000000e+00,0.000000e+00,0.0000,0.0000,0
79,features.9,37,pruned_before,nan,0.000000e+00,0.000000e+00,0.0000,0.0000,0
79,features.9,38,pruned_before,nan,0.000000e+00,0.000000e+00,0.0000,0.0000,0
79,features.9,39,pruned_before,nan,0.000000e+00,0.000000e+00,0.0000,0.0000,0
79,features.9,40,pruned_before,nan,0.000000e+00,0.000000e+00,0.0000,0.0000,0
79,features.9,41,pruned_before,nan,0.000000e+00,0.000000e+00,0.0000,0.0000,0
79,features.9,42,pruned_before,nan,0.000000e+00,0.000000e+00,0.0000,0.0000,0
79,features.9,43,pruned_before,nan,0.000000e+00,0.000000e+00,0.0000,0.0000,0
79,features.9,44,pruned_before,nan,0.000000e+00,0.000000e+00,0.0000,0.0000,0
79,features.9,45,pruned_before,nan,0.000000e+00,0.000000e+00,0.0000,0.0000,0
79,features.9,46,pruned_before,nan,0.000000e+00,0.000000e+00,0.0000,0.0000,0
79,features.9,47,pruned_before,nan,0.000000e+00,0.000000e+00,0.0000,0.0000,0
79,features.9,48,pruned_before,nan,0.000000e+00,0.000000e+00,0.0000,0.0000,0
79,features.9,49,pruned_before,nan,0.000000e+00,0.000000e+00,0.0000,0.0000,0
79,features.9,50,pruned_before,nan,0.000000e+00,0.000000e+00,0.0000,0.0000,0
79,features.9,51,pruned_before,nan,0.000000e+00,0.000000e+00,0.0000,0.0000,0
79,features.9,52,pruned_before,nan,0.000000e+00,0.000000e+00,0.0000,0.0000,0
79,features.9,53,pruned_before,nan,0.000000e+00,0.000000e+00,0.0000,0.0000,0
79,features.9,54,pruned_before,nan,0.000000e+00,0.000000e+00,0.0000,0.0000,0
79,features.9,55,pruned_before,nan,0.000000e+00,0.000000e+00,0.0000,0.0000,0
79,features.9,56,pruned_before,nan,0.000000e+00,0.000000e+00,0.0000,0.0000,0
79,features.9,57,pruned_before,nan,0.000000e+00,0.000000e+00,0.0000,0.0000,0
79,features.9,58,pruned_before,nan,0.000000e+00,0.000000e+00,0.0000,0.0000,0
79,features.9,59,pruned_before,nan,0.000000e+00,0.000000e+00,0.0000,0.0000,0
79,features.9,60,pruned_before,nan,0.000000e+00,0.000000e+00,0.0000,0.0000,0
79,features.9,61,pruned_before,nan,0.000000e+00,0.000000e+00,0.0000,0.0000,0
79,features.9,62,pruned_before,nan,0.000000e+00,0.000000e+00,0.0000,0.0000,0
79,features.9,63,pruned_before,nan,0.000000e+00,0.000000e+00,0.0000,0.0000,0
79,features.9,64,pruned_before,nan,0.000000e+00,0.000000e+00,0.0000,0.0000,0
79,features.9,65,pruned_before,nan,0.000000e+00,0.000000e+00,0.0000,0.0000,0
79,features.9,66,pruned_before,nan,0.000000e+00,0.000000e+00,0.0000,0.0000,0
79,features.9,67,pruned_before,nan,0.000000e+00,0.000000e+00,0.0000,0.0000,0
79,features.9,68,pruned_before,nan,0.000000e+00,0.000000e+00,0.0000,0.0000,0
79,features.9,69,pruned_before,nan,0.000000e+00,0.000000e+00,0.0000,0.0000,0
79,features.9,70,pruned_before,nan,0.000000e+00,0.000000e+00,0.0000,0.0000,0
79,features.9,71,pruned_before,nan,0.000000e+00,0.000000e+00,0.0000,0.0000,0
79,features.9,72,pruned_before,nan,0.000000e+00,0.000000e+00,0.0000,0.0000,0
79,features.9,73,pruned_before,nan,0.000000e+00,0.000000e+00,0.0000,0.0000,0
79,features.9,74,pruned_before,nan,0.000000e+00,0.000000e+00,0.0000,0.0000,0
79,features.9,75,pruned_before,nan,0.000000e+00,0.000000e+00,0.0000,0.0000,0
79,features.9,76,pruned_before,nan,0.000000e+00,0.000000e+00,0.0000,0.0000,0
79,features.9,77,pruned_before,nan,0.000000e+00,0.000000e+00,0.0000,0.0000,0
79,features.9,78,pruned_before,nan,0.000000e+00,0.000000e+00,0.0000,0.0000,0
79,features.9,79,pruned_before,nan,0.000000e+00,0.000000e+00,0.0000,0.0000,0
79,features.9,80,pruned_before,nan,0.000000e+00,0.000000e+00,0.0000,0.0000,0
79,features.9,81,pruned_before,nan,0.000000e+00,0.000000e+00,0.0000,0.0000,0
79,features.9,82,pruned_before,nan,0.000000e+00,0.000000e+00,0.0000,0.0000,0
79,features.9,83,pruned_before,nan,0.000000e+00,0.000000e+00,0.0000,0.0000,0
79,features.9,84,pruned_before,nan,0.000000e+00,0.000000e+00,0.0000,0.0000,0
79,features.9,85,pruned_before,nan,0.000000e+00,0.000000e+00,0.0000,0.0000,0
79,features.9,86,pruned_before,nan,0.000000e+00,0.000000e+00,0.0000,0.0000,0
79,features.9,87,pruned_before,nan,0.000000e+00,0.000000e+00,0.0000,0.0000,0
79,features.9,88,pruned_before,nan,0.000000e+00,0.000000e+00,0.0000,0.0000,0
79,features.9,89,pruned_before,nan,0.000000e+00,0.000000e+00,0.0000,0.0000,0
79,features.9,90,pruned_before,nan,0.000000e+00,0.000000e+00,0.0000,0.0000,0
79,features.9,91,pruned_before,nan,0.000000e+00,0.000000e+00,0.0000,0.0000,0
79,features.9,92,active,0.000000,0.000000e+00,0.000000e+00,0.0000,0.0000,137
79,features.9,93,pruned_before,nan,0.000000e+00,0.000000e+00,0.0000,0.0000,0
79,features.9,94,pruned_before,nan,0.000000e+00,0.000000e+00,0.0000,0.0000,0
79,features.9,95,pruned_before,nan,0.000000e+00,0.000000e+00,0.0000,0.0000,0
79,features.9,96,pruned_before,nan,0.000000e+00,0.000000e+00,0.0000,0.0000,0
79,features.9,97,pruned_before,nan,0.000000e+00,0.000000e+00,0.0000,0.0000,0
79,features.9,98,pruned_before,nan,0.000000e+00,0.000000e+00,0.0000,0.0000,0
79,features.9,99,pruned_before,nan,0.000000e+00,0.000000e+00,0.0000,0.0000,0
79,features.9,100,pruned_before,nan,0.000000e+00,0.000000e+00,0.0000,0.0000,0
79,features.9,101,pruned_before,nan,0.000000e+00,0.000000e+00,0.0000,0.0000,0
79,features.9,102,pruned_before,nan,0.000000e+00,0.000000e+00,0.0000,0.0000,0
79,features.9,103,pruned_before,nan,0.000000e+00,0.000000e+00,0.0000,0.0000,0
79,features.9,104,pruned_before,nan,0.000000e+00,0.000000e+00,0.0000,0.0000,0
79,features.9,105,pruned_before,nan,0.000000e+00,0.000000e+00,0.0000,0.0000,0
79,features.9,106,pruned_before,nan,0.000000e+00,0.000000e+00,0.0000,0.0000,0
79,features.9,107,pruned_before,nan,0.000000e+00,0.000000e+00,0.0000,0.0000,0
79,features.9,108,pruned_before,nan,0.000000e+00,0.000000e+00,0.0000,0.0000,0
79,features.9,109,pruned_before,nan,0.000000e+00,0.000000e+00,0.0000,0.0000,0
79,features.9,110,pruned_before,nan,0.000000e+00,0.000000e+00,0.0000,0.0000,0
79,features.9,111,pruned_before,nan,0.000000e+00,0.000000e+00,0.0000,0.0000,0
79,features.9,112,pruned_before,nan,0.000000e+00,0.000000e+00,0.0000,0.0000,0
79,features.9,113,pruned_before,nan,0.000000e+00,0.000000e+00,0.0000,0.0000,0
79,features.9,114,protected,0.458870,1.612301e-07,8.853899e-03,0.0823,1.0000,137
79,features.9,115,pruned_before,nan,0.000000e+00,0.000000e+00,0.0000,0.0000,0
79,features.9,116,pruned_before,nan,0.000000e+00,0.000000e+00,0.0000,0.0000,0
79,features.9,117,pruned_before,nan,0.000000e+00,0.000000e+00,0.0000,0.0000,0
79,features.9,118,pruned_before,nan,0.000000e+00,0.000000e+00,0.0000,0.0000,0
79,features.9,119,pruned_before,nan,0.000000e+00,0.000000e+00,0.0000,0.0000,0
79,features.9,120,pruned_before,nan,0.000000e+00,0.000000e+00,0.0000,0.0000,0
79,features.9,121,pruned_before,nan,0.000000e+00,0.000000e+00,0.0000,0.0000,0
79,features.9,122,pruned_before,nan,0.000000e+00,0.000000e+00,0.0000,0.0000,0
79,features.9,123,pruned_before,nan,0.000000e+00,0.000000e+00,0.0000,0.0000,0
79,features.9,124,pruned_before,nan,0.000000e+00,0.000000e+00,0.0000,0.0000,0
79,features.9,125,pruned_before,nan,0.000000e+00,0.000000e+00,0.0000,0.0000,0
79,features.9,126,pruned_before,nan,0.000000e+00,0.000000e+00,0.0000,0.0000,0
79,features.9,127,pruned_before,nan,0.000000e+00,0.000000e+00,0.0000,0.0000,0
79,features.9,128,pruned_before,nan,0.000000e+00,0.000000e+00,0.0000,0.0000,0
79,features.9,129,pruned_before,nan,0.000000e+00,0.000000e+00,0.0000,0.0000,0
79,features.9,130,pruned_before,nan,0.000000e+00,0.000000e+00,0.0000,0.0000,0
79,features.9,131,pruned_before,nan,0.000000e+00,0.000000e+00,0.0000,0.0000,0
79,features.9,132,pruned_before,nan,0.000000e+00,0.000000e+00,0.0000,0.0000,0
79,features.9,133,pruned_before,nan,0.000000e+00,0.000000e+00,0.0000,0.0000,0
79,features.9,134,pruned_before,nan,0.000000e+00,0.000000e+00,0.0000,0.0000,0
79,features.9,135,pruned_before,nan,0.000000e+00,0.000000e+00,0.0000,0.0000,0
79,features.9,136,pruned_before,nan,0.000000e+00,0.000000e+00,0.0000,0.0000,0
79,features.9,137,pruned_before,nan,0.000000e+00,0.000000e+00,0.0000,0.0000,0
79,features.9,138,pruned_before,nan,0.000000e+00,0.000000e+00,0.0000,0.0000,0
79,features.9,139,pruned_before,nan,0.000000e+00,0.000000e+00,0.0000,0.0000,0
79,features.9,140,pruned_before,nan,0.000000e+00,0.000000e+00,0.0000,0.0000,0
79,features.9,141,pruned_before,nan,0.000000e+00,0.000000e+00,0.0000,0.0000,0
79,features.9,142,pruned_before,nan,0.000000e+00,0.000000e+00,0.0000,0.0000,0
79,features.9,143,pruned_before,nan,0.000000e+00,0.000000e+00,0.0000,0.0000,0
79,features.9,144,pruned_before,nan,0.000000e+00,0.000000e+00,0.0000,0.0000,0
79,features.9,145,pruned_before,nan,0.000000e+00,0.000000e+00,0.0000,0.0000,0
79,features.9,146,pruned_before,nan,0.000000e+00,0.000000e+00,0.0000,0.0000,0
79,features.9,147,pruned_before,nan,0.000000e+00,0.000000e+00,0.0000,0.0000,0
79,features.9,148,pruned_before,nan,0.000000e+00,0.000000e+00,0.0000,0.0000,0
79,features.9,149,pruned_before,nan,0.000000e+00,0.000000e+00,0.0000,0.0000,0
79,features.9,150,pruned_before,nan,0.000000e+00,0.000000e+00,0.0000,0.0000,0
79,features.9,151,pruned_before,nan,0.000000e+00,0.000000e+00,0.0000,0.0000,0
79,features.9,152,pruned_before,nan,0.000000e+00,0.000000e+00,0.0000,0.0000,0
79,features.9,153,pruned_before,nan,0.000000e+00,0.000000e+00,0.0000,0.0000,0
79,features.9,154,pruned_before,nan,0.000000e+00,0.000000e+00,0.0000,0.0000,0
79,features.9,155,pruned_before,nan,0.000000e+00,0.000000e+00,0.0000,0.0000,0
79,features.9,156,pruned_before,nan,0.000000e+00,0.000000e+00,0.0000,0.0000,0
79,features.9,157,pruned_before,nan,0.000000e+00,0.000000e+00,0.0000,0.0000,0
79,features.9,158,active,-0.004908,2.202531e-08,1.259031e-05,0.0112,0.0014,137
79,features.9,159,pruned_before,nan,0.000000e+00,0.000000e+00,0.0000,0.0000,0
79,features.9,160,pruned_before,nan,0.000000e+00,0.000000e+00,0.0000,0.0000,0
79,features.9,161,pruned_before,nan,0.000000e+00,0.000000e+00,0.0000,0.0000,0
79,features.9,162,pruned_before,nan,0.000000e+00,0.000000e+00,0.0000,0.0000,0
79,features.9,163,pruned_before,nan,0.000000e+00,0.000000e+00,0.0000,0.0000,0
79,features.9,164,pruned_before,nan,0.000000e+00,0.000000e+00,0.0000,0.0000,0
79,features.9,165,pruned_before,nan,0.000000e+00,0.000000e+00,0.0000,0.0000,0
79,features.9,166,pruned_before,nan,0.000000e+00,0.000000e+00,0.0000,0.0000,0
79,features.9,167,pruned_before,nan,0.000000e+00,0.000000e+00,0.0000,0.0000,0
79,features.9,168,pruned_before,nan,0.000000e+00,0.000000e+00,0.0000,0.0000,0
79,features.9,169,pruned_before,nan,0.000000e+00,0.000000e+00,0.0000,0.0000,0
79,features.9,170,pruned_before,nan,0.000000e+00,0.000000e+00,0.0000,0.0000,0
79,features.9,171,pruned_before,nan,0.000000e+00,0.000000e+00,0.0000,0.0000,0
79,features.9,172,pruned_before,nan,0.000000e+00,0.000000e+00,0.0000,0.0000,0
79,features.9,173,pruned_before,nan,0.000000e+00,0.000000e+00,0.0000,0.0000,0
79,features.9,174,pruned_before,nan,0.000000e+00,0.000000e+00,0.0000,0.0000,0
79,features.9,175,pruned_before,nan,0.000000e+00,0.000000e+00,0.0000,0.0000,0
79,features.9,176,pruned_before,nan,0.000000e+00,0.000000e+00,0.0000,0.0000,0
79,features.9,177,pruned_before,nan,0.000000e+00,0.000000e+00,0.0000,0.0000,0
79,features.9,178,pruned_before,nan,0.000000e+00,0.000000e+00,0.0000,0.0000,0
79,features.9,179,pruned_before,nan,0.000000e+00,0.000000e+00,0.0000,0.0000,0
79,features.9,180,pruned_before,nan,0.000000e+00,0.000000e+00,0.0000,0.0000,0
79,features.9,181,pruned_before,nan,0.000000e+00,0.000000e+00,0.0000,0.0000,0
79,features.9,182,pruned_before,nan,0.000000e+00,0.000000e+00,0.0000,0.0000,0
79,features.9,183,pruned_before,nan,0.000000e+00,0.000000e+00,0.0000,0.0000,0
79,features.9,184,pruned_before,nan,0.000000e+00,0.000000e+00,0.0000,0.0000,0
79,features.9,185,pruned_before,nan,0.000000e+00,0.000000e+00,0.0000,0.0000,0
79,features.9,186,pruned_before,nan,0.000000e+00,0.000000e+00,0.0000,0.0000,0
79,features.9,187,pruned_before,nan,0.000000e+00,0.000000e+00,0.0000,0.0000,0
79,features.9,188,pruned_before,nan,0.000000e+00,0.000000e+00,0.0000,0.0000,0
79,features.9,189,pruned_before,nan,0.000000e+00,0.000000e+00,0.0000,0.0000,0
79,features.9,190,pruned_before,nan,0.000000e+00,0.000000e+00,0.0000,0.0000,0
79,features.9,191,pruned_before,nan,0.000000e+00,0.000000e+00,0.0000,0.0000,0
79,features.9,192,pruned_before,nan,0.000000e+00,0.000000e+00,0.0000,0.0000,0
79,features.9,193,pruned_before,nan,0.000000e+00,0.000000e+00,0.0000,0.0000,0
79,features.9,194,pruned_before,nan,0.000000e+00,0.000000e+00,0.0000,0.0000,0
79,features.9,195,pruned_before,nan,0.000000e+00,0.000000e+00,0.0000,0.0000,0
79,features.9,196,pruned_before,nan,0.000000e+00,0.000000e+00,0.0000,0.0000,0
79,features.9,197,pruned_before,nan,0.000000e+00,0.000000e+00,0.0000,0.0000,0
79,features.9,198,pruned_before,nan,0.000000e+00,0.000000e+00,0.0000,0.0000,0
79,features.9,199,pruned_before,nan,0.000000e+00,0.000000e+00,0.0000,0.0000,0
79,features.9,200,pruned_before,nan,0.000000e+00,0.000000e+00,0.0000,0.0000,0
79,features.9,201,pruned_before,nan,0.000000e+00,0.000000e+00,0.0000,0.0000,0
79,features.9,202,pruned_before,nan,0.000000e+00,0.000000e+00,0.0000,0.0000,0
79,features.9,203,pruned_before,nan,0.000000e+00,0.000000e+00,0.0000,0.0000,0
79,features.9,204,pruned_before,nan,0.000000e+00,0.000000e+00,0.0000,0.0000,0
79,features.9,205,pruned_before,nan,0.000000e+00,0.000000e+00,0.0000,0.0000,0
79,features.9,206,pruned_before,nan,0.000000e+00,0.000000e+00,0.0000,0.0000,0
79,features.9,207,active,0.001614,1.227293e-08,8.401222e-05,0.0063,0.0095,137
79,features.9,208,pruned_before,nan,0.000000e+00,0.000000e+00,0.0000,0.0000,0
79,features.9,209,pruned_before,nan,0.000000e+00,0.000000e+00,0.0000,0.0000,0
79,features.9,210,pruned_before,nan,0.000000e+00,0.000000e+00,0.0000,0.0000,0
79,features.9,211,pruned_before,nan,0.000000e+00,0.000000e+00,0.0000,0.0000,0
79,features.9,212,pruned_before,nan,0.000000e+00,0.000000e+00,0.0000,0.0000,0
79,features.9,213,pruned_before,nan,0.000000e+00,0.000000e+00,0.0000,0.0000,0
79,features.9,214,active,-0.450058,1.960001e-06,8.843525e-04,1.0000,0.0999,137
79,features.9,215,pruned_before,nan,0.000000e+00,0.000000e+00,0.0000,0.0000,0
79,features.9,216,pruned_before,nan,0.000000e+00,0.000000e+00,0.0000,0.0000,0
79,features.9,217,pruned_before,nan,0.000000e+00,0.000000e+00,0.0000,0.0000,0
79,features.9,218,pruned_before,nan,0.000000e+00,0.000000e+00,0.0000,0.0000,0
79,features.9,219,pruned_before,nan,0.000000e+00,0.000000e+00,0.0000,0.0000,0
79,features.9,220,pruned_before,nan,0.000000e+00,0.000000e+00,0.0000,0.0000,0
79,features.9,221,pruned_before,nan,0.000000e+00,0.000000e+00,0.0000,0.0000,0
79,features.9,222,pruned_before,nan,0.000000e+00,0.000000e+00,0.0000,0.0000,0
79,features.9,223,pruned_before,nan,0.000000e+00,0.000000e+00,0.0000,0.0000,0
79,features.9,224,pruned_before,nan,0.000000e+00,0.000000e+00,0.0000,0.0000,0
79,features.9,225,pruned_before,nan,0.000000e+00,0.000000e+00,0.0000,0.0000,0
79,features.9,226,pruned_before,nan,0.000000e+00,0.000000e+00,0.0000,0.0000,0
79,features.9,227,pruned_before,nan,0.000000e+00,0.000000e+00,0.0000,0.0000,0
79,features.9,228,pruned_before,nan,0.000000e+00,0.000000e+00,0.0000,0.0000,0
79,features.9,229,pruned_before,nan,0.000000e+00,0.000000e+00,0.0000,0.0000,0
79,features.9,230,pruned_before,nan,0.000000e+00,0.000000e+00,0.0000,0.0000,0
79,features.9,231,pruned_before,nan,0.000000e+00,0.000000e+00,0.0000,0.0000,0
79,features.9,232,pruned_before,nan,0.000000e+00,0.000000e+00,0.0000,0.0000,0
79,features.9,233,pruned_before,nan,0.000000e+00,0.000000e+00,0.0000,0.0000,0
79,features.9,234,pruned_before,nan,0.000000e+00,0.000000e+00,0.0000,0.0000,0
79,features.9,235,pruned_before,nan,0.000000e+00,0.000000e+00,0.0000,0.0000,0
79,features.9,236,pruned_before,nan,0.000000e+00,0.000000e+00,0.0000,0.0000,0
79,features.9,237,active,-0.033850,1.582708e-07,1.155541e-04,0.0808,0.0131,137
79,features.9,238,pruned_before,nan,0.000000e+00,0.000000e+00,0.0000,0.0000,0
79,features.9,239,pruned_before,nan,0.000000e+00,0.000000e+00,0.0000,0.0000,0
79,features.9,240,pruned_before,nan,0.000000e+00,0.000000e+00,0.0000,0.0000,0
79,features.9,241,pruned_before,nan,0.000000e+00,0.000000e+00,0.0000,0.0000,0
79,features.9,242,pruned_before,nan,0.000000e+00,0.000000e+00,0.0000,0.0000,0
79,features.9,243,pruned_before,nan,0.000000e+00,0.000000e+00,0.0000,0.0000,0
79,features.9,244,pruned_before,nan,0.000000e+00,0.000000e+00,0.0000,0.0000,0
79,features.9,245,pruned_before,nan,0.000000e+00,0.000000e+00,0.0000,0.0000,0
79,features.9,246,pruned_before,nan,0.000000e+00,0.000000e+00,0.0000,0.0000,0
79,features.9,247,pruned_before,nan,0.000000e+00,0.000000e+00,0.0000,0.0000,0
79,features.9,248,pruned_before,nan,0.000000e+00,0.000000e+00,0.0000,0.0000,0
79,features.9,249,pruned_before,nan,0.000000e+00,0.000000e+00,0.0000,0.0000,0
79,features.9,250,pruned_before,nan,0.000000e+00,0.000000e+00,0.0000,0.0000,0
79,features.9,251,pruned_before,nan,0.000000e+00,0.000000e+00,0.0000,0.0000,0
79,features.9,252,pruned_before,nan,0.000000e+00,0.000000e+00,0.0000,0.0000,0
79,features.9,253,pruned_before,nan,0.000000e+00,0.000000e+00,0.0000,0.0000,0
79,features.9,254,pruned_before,nan,0.000000e+00,0.000000e+00,0.0000,0.0000,0
79,features.9,255,pruned_before,nan,0.000000e+00,0.000000e+00,0.0000,0.0000,0
79,features.9,256,pruned_before,nan,0.000000e+00,0.000000e+00,0.0000,0.0000,0
79,features.9,257,pruned_before,nan,0.000000e+00,0.000000e+00,0.0000,0.0000,0
79,features.9,258,active,-0.005728,2.693360e-08,2.024208e-05,0.0137,0.0023,137
79,features.9,259,pruned_before,nan,0.000000e+00,0.000000e+00,0.0000,0.0000,0
79,features.9,260,pruned_before,nan,0.000000e+00,0.000000e+00,0.0000,0.0000,0
79,features.9,261,pruned_before,nan,0.000000e+00,0.000000e+00,0.0000,0.0000,0
79,features.9,262,pruned_before,nan,0.000000e+00,0.000000e+00,0.0000,0.0000,0
79,features.9,263,pruned_before,nan,0.000000e+00,0.000000e+00,0.0000,0.0000,0
79,features.9,264,pruned_before,nan,0.000000e+00,0.000000e+00,0.0000,0.0000,0
79,features.9,265,pruned_before,nan,0.000000e+00,0.000000e+00,0.0000,0.0000,0
79,features.9,266,active,0.000000,0.000000e+00,0.000000e+00,0.0000,0.0000,137
79,features.9,267,pruned_before,nan,0.000000e+00,0.000000e+00,0.0000,0.0000,0
79,features.9,268,pruned_before,nan,0.000000e+00,0.000000e+00,0.0000,0.0000,0
79,features.9,269,pruned_before,nan,0.000000e+00,0.000000e+00,0.0000,0.0000,0
79,features.9,270,pruned_before,nan,0.000000e+00,0.000000e+00,0.0000,0.0000,0
79,features.9,271,pruned_before,nan,0.000000e+00,0.000000e+00,0.0000,0.0000,0
79,features.9,272,pruned_before,nan,0.000000e+00,0.000000e+00,0.0000,0.0000,0
79,features.9,273,pruned_before,nan,0.000000e+00,0.000000e+00,0.0000,0.0000,0
79,features.9,274,pruned_before,nan,0.000000e+00,0.000000e+00,0.0000,0.0000,0
79,features.9,275,pruned_before,nan,0.000000e+00,0.000000e+00,0.0000,0.0000,0
79,features.9,276,pruned_before,nan,0.000000e+00,0.000000e+00,0.0000,0.0000,0
79,features.9,277,pruned_before,nan,0.000000e+00,0.000000e+00,0.0000,0.0000,0
79,features.9,278,pruned_before,nan,0.000000e+00,0.000000e+00,0.0000,0.0000,0
79,features.9,279,pruned_before,nan,0.000000e+00,0.000000e+00,0.0000,0.0000,0
79,features.9,280,pruned_before,nan,0.000000e+00,0.000000e+00,0.0000,0.0000,0
79,features.9,281,pruned_before,nan,0.000000e+00,0.000000e+00,0.0000,0.0000,0
79,features.9,282,pruned_before,nan,0.000000e+00,0.000000e+00,0.0000,0.0000,0
79,features.9,283,pruned_before,nan,0.000000e+00,0.000000e+00,0.0000,0.0000,0
79,features.9,284,pruned_before,nan,0.000000e+00,0.000000e+00,0.0000,0.0000,0
79,features.9,285,pruned_before,nan,0.000000e+00,0.000000e+00,0.0000,0.0000,0
79,features.9,286,pruned_before,nan,0.000000e+00,0.000000e+00,0.0000,0.0000,0
79,features.9,287,pruned_before,nan,0.000000e+00,0.000000e+00,0.0000,0.0000,0
79,features.9,288,pruned_before,nan,0.000000e+00,0.000000e+00,0.0000,0.0000,0
79,features.9,289,pruned_before,nan,0.000000e+00,0.000000e+00,0.0000,0.0000,0
79,features.9,290,pruned_before,nan,0.000000e+00,0.000000e+00,0.0000,0.0000,0
79,features.9,291,pruned_before,nan,0.000000e+00,0.000000e+00,0.0000,0.0000,0
79,features.9,292,pruned_before,nan,0.000000e+00,0.000000e+00,0.0000,0.0000,0
79,features.9,293,pruned_before,nan,0.000000e+00,0.000000e+00,0.0000,0.0000,0
79,features.9,294,pruned_before,nan,0.000000e+00,0.000000e+00,0.0000,0.0000,0
79,features.9,295,pruned_before,nan,0.000000e+00,0.000000e+00,0.0000,0.0000,0
79,features.9,296,pruned_before,nan,0.000000e+00,0.000000e+00,0.0000,0.0000,0
79,features.9,297,pruned_before,nan,0.000000e+00,0.000000e+00,0.0000,0.0000,0
79,features.9,298,pruned_before,nan,0.000000e+00,0.000000e+00,0.0000,0.0000,0
79,features.9,299,pruned_before,nan,0.000000e+00,0.000000e+00,0.0000,0.0000,0
79,features.9,300,pruned_before,nan,0.000000e+00,0.000000e+00,0.0000,0.0000,0
79,features.9,301,pruned_before,nan,0.000000e+00,0.000000e+00,0.0000,0.0000,0
79,features.9,302,pruned_before,nan,0.000000e+00,0.000000e+00,0.0000,0.0000,0
79,features.9,303,pruned_before,nan,0.000000e+00,0.000000e+00,0.0000,0.0000,0
79,features.9,304,pruned_before,nan,0.000000e+00,0.000000e+00,0.0000,0.0000,0
79,features.9,305,pruned_before,nan,0.000000e+00,0.000000e+00,0.0000,0.0000,0
79,features.9,306,pruned_before,nan,0.000000e+00,0.000000e+00,0.0000,0.0000,0
79,features.9,307,pruned_before,nan,0.000000e+00,0.000000e+00,0.0000,0.0000,0
79,features.9,308,pruned_before,nan,0.000000e+00,0.000000e+00,0.0000,0.0000,0
79,features.9,309,pruned_before,nan,0.000000e+00,0.000000e+00,0.0000,0.0000,0
79,features.9,310,pruned_before,nan,0.000000e+00,0.000000e+00,0.0000,0.0000,0
79,features.9,311,pruned_before,nan,0.000000e+00,0.000000e+00,0.0000,0.0000,0
79,features.9,312,pruned_before,nan,0.000000e+00,0.000000e+00,0.0000,0.0000,0
79,features.9,313,pruned_before,nan,0.000000e+00,0.000000e+00,0.0000,0.0000,0
79,features.9,314,active,0.002807,3.121259e-09,6.381189e-05,0.0016,0.0072,137
79,features.9,315,pruned_before,nan,0.000000e+00,0.000000e+00,0.0000,0.0000,0
79,features.9,316,active,0.000000,0.000000e+00,0.000000e+00,0.0000,0.0000,137
79,features.9,317,pruned_before,nan,0.000000e+00,0.000000e+00,0.0000,0.0000,0
79,features.9,318,pruned_before,nan,0.000000e+00,0.000000e+00,0.0000,0.0000,0
79,features.9,319,pruned_before,nan,0.000000e+00,0.000000e+00,0.0000,0.0000,0
79,features.9,320,pruned_before,nan,0.000000e+00,0.000000e+00,0.0000,0.0000,0
79,features.9,321,pruned_before,nan,0.000000e+00,0.000000e+00,0.0000,0.0000,0
79,features.9,322,pruned_before,nan,0.000000e+00,0.000000e+00,0.0000,0.0000,0
79,features.9,323,pruned_before,nan,0.000000e+00,0.000000e+00,0.0000,0.0000,0
79,features.9,324,pruned_before,nan,0.000000e+00,0.000000e+00,0.0000,0.0000,0
79,features.9,325,pruned_before,nan,0.000000e+00,0.000000e+00,0.0000,0.0000,0
79,features.9,326,pruned_before,nan,0.000000e+00,0.000000e+00,0.0000,0.0000,0
79,features.9,327,pruned_before,nan,0.000000e+00,0.000000e+00,0.0000,0.0000,0
79,features.9,328,pruned_before,nan,0.000000e+00,0.000000e+00,0.0000,0.0000,0
79,features.9,329,pruned_before,nan,0.000000e+00,0.000000e+00,0.0000,0.0000,0
79,features.9,330,pruned_before,nan,0.000000e+00,0.000000e+00,0.0000,0.0000,0
79,features.9,331,pruned_before,nan,0.000000e+00,0.000000e+00,0.0000,0.0000,0
79,features.9,332,pruned_before,nan,0.000000e+00,0.000000e+00,0.0000,0.0000,0
79,features.9,333,pruned_before,nan,0.000000e+00,0.000000e+00,0.0000,0.0000,0
79,features.9,334,pruned_before,nan,0.000000e+00,0.000000e+00,0.0000,0.0000,0
79,features.9,335,pruned_before,nan,0.000000e+00,0.000000e+00,0.0000,0.0000,0
79,features.9,336,pruned_before,nan,0.000000e+00,0.000000e+00,0.0000,0.0000,0
79,features.9,337,pruned_before,nan,0.000000e+00,0.000000e+00,0.0000,0.0000,0
79,features.9,338,pruned_before,nan,0.000000e+00,0.000000e+00,0.0000,0.0000,0
79,features.9,339,pruned_before,nan,0.000000e+00,0.000000e+00,0.0000,0.0000,0
79,features.9,340,pruned_before,nan,0.000000e+00,0.000000e+00,0.0000,0.0000,0
79,features.9,341,pruned_before,nan,0.000000e+00,0.000000e+00,0.0000,0.0000,0
79,features.9,342,pruned_before,nan,0.000000e+00,0.000000e+00,0.0000,0.0000,0
79,features.9,343,pruned_before,nan,0.000000e+00,0.000000e+00,0.0000,0.0000,0
79,features.9,344,pruned_before,nan,0.000000e+00,0.000000e+00,0.0000,0.0000,0
79,features.9,345,pruned_before,nan,0.000000e+00,0.000000e+00,0.0000,0.0000,0
79,features.9,346,pruned_before,nan,0.000000e+00,0.000000e+00,0.0000,0.0000,0
79,features.9,347,pruned_before,nan,0.000000e+00,0.000000e+00,0.0000,0.0000,0
79,features.9,348,pruned_before,nan,0.000000e+00,0.000000e+00,0.0000,0.0000,0
79,features.9,349,pruned_before,nan,0.000000e+00,0.000000e+00,0.0000,0.0000,0
79,features.9,350,pruned_before,nan,0.000000e+00,0.000000e+00,0.0000,0.0000,0
79,features.9,351,pruned_before,nan,0.000000e+00,0.000000e+00,0.0000,0.0000,0
79,features.9,352,pruned_before,nan,0.000000e+00,0.000000e+00,0.0000,0.0000,0
79,features.9,353,pruned_before,nan,0.000000e+00,0.000000e+00,0.0000,0.0000,0
79,features.9,354,pruned_before,nan,0.000000e+00,0.000000e+00,0.0000,0.0000,0
79,features.9,355,pruned_before,nan,0.000000e+00,0.000000e+00,0.0000,0.0000,0
79,features.9,356,active,-0.023068,1.320044e-07,1.878179e-04,0.0673,0.0212,137
79,features.9,357,pruned_before,nan,0.000000e+00,0.000000e+00,0.0000,0.0000,0
79,features.9,358,pruned_before,nan,0.000000e+00,0.000000e+00,0.0000,0.0000,0
79,features.9,359,pruned_before,nan,0.000000e+00,0.000000e+00,0.0000,0.0000,0
79,features.9,360,pruned_before,nan,0.000000e+00,0.000000e+00,0.0000,0.0000,0
79,features.9,361,pruned_before,nan,0.000000e+00,0.000000e+00,0.0000,0.0000,0
79,features.9,362,pruned_before,nan,0.000000e+00,0.000000e+00,0.0000,0.0000,0
79,features.9,363,pruned_before,nan,0.000000e+00,0.000000e+00,0.0000,0.0000,0
79,features.9,364,pruned_before,nan,0.000000e+00,0.000000e+00,0.0000,0.0000,0
79,features.9,365,pruned_before,nan,0.000000e+00,0.000000e+00,0.0000,0.0000,0
79,features.9,366,pruned_before,nan,0.000000e+00,0.000000e+00,0.0000,0.0000,0
79,features.9,367,pruned_before,nan,0.000000e+00,0.000000e+00,0.0000,0.0000,0
79,features.9,368,pruned_before,nan,0.000000e+00,0.000000e+00,0.0000,0.0000,0
79,features.9,369,pruned_before,nan,0.000000e+00,0.000000e+00,0.0000,0.0000,0
79,features.9,370,pruned_before,nan,0.000000e+00,0.000000e+00,0.0000,0.0000,0
79,features.9,371,pruned_before,nan,0.000000e+00,0.000000e+00,0.0000,0.0000,0
79,features.9,372,pruned_before,nan,0.000000e+00,0.000000e+00,0.0000,0.0000,0
79,features.9,373,pruned_before,nan,0.000000e+00,0.000000e+00,0.0000,0.0000,0
79,features.9,374,pruned_before,nan,0.000000e+00,0.000000e+00,0.0000,0.0000,0
79,features.9,375,pruned_before,nan,0.000000e+00,0.000000e+00,0.0000,0.0000,0
79,features.9,376,pruned_before,nan,0.000000e+00,0.000000e+00,0.0000,0.0000,0
79,features.9,377,pruned_before,nan,0.000000e+00,0.000000e+00,0.0000,0.0000,0
79,features.9,378,pruned_before,nan,0.000000e+00,0.000000e+00,0.0000,0.0000,0
79,features.9,379,pruned_before,nan,0.000000e+00,0.000000e+00,0.0000,0.0000,0
79,features.9,380,pruned_before,nan,0.000000e+00,0.000000e+00,0.0000,0.0000,0
79,features.9,381,pruned_before,nan,0.000000e+00,0.000000e+00,0.0000,0.0000,0
79,features.9,382,pruned_before,nan,0.000000e+00,0.000000e+00,0.0000,0.0000,0
79,features.9,383,pruned_before,nan,0.000000e+00,0.000000e+00,0.0000,0.0000,0
79,features.10,0,active,0.000000,0.000000e+00,0.000000e+00,0.0000,0.0000,137
79,features.10,1,pruned_before,nan,0.000000e+00,0.000000e+00,0.0000,0.0000,0
79,features.10,2,pruned_before,nan,0.000000e+00,0.000000e+00,0.0000,0.0000,0
79,features.10,3,pruned_before,nan,0.000000e+00,0.000000e+00,0.0000,0.0000,0
79,features.10,4,pruned_before,nan,0.000000e+00,0.000000e+00,0.0000,0.0000,0
79,features.10,5,pruned_before,nan,0.000000e+00,0.000000e+00,0.0000,0.0000,0
79,features.10,6,pruned_before,nan,0.000000e+00,0.000000e+00,0.0000,0.0000,0
79,features.10,7,pruned_before,nan,0.000000e+00,0.000000e+00,0.0000,0.0000,0
79,features.10,8,pruned_before,nan,0.000000e+00,0.000000e+00,0.0000,0.0000,0
79,features.10,9,pruned_before,nan,0.000000e+00,0.000000e+00,0.0000,0.0000,0
79,features.10,10,pruned_before,nan,0.000000e+00,0.000000e+00,0.0000,0.0000,0
79,features.10,11,pruned_before,nan,0.000000e+00,0.000000e+00,0.0000,0.0000,0
79,features.10,12,pruned_before,nan,0.000000e+00,0.000000e+00,0.0000,0.0000,0
79,features.10,13,pruned_before,nan,0.000000e+00,0.000000e+00,0.0000,0.0000,0
79,features.10,14,pruned_before,nan,0.000000e+00,0.000000e+00,0.0000,0.0000,0
79,features.10,15,pruned_before,nan,0.000000e+00,0.000000e+00,0.0000,0.0000,0
79,features.10,16,pruned_before,nan,0.000000e+00,0.000000e+00,0.0000,0.0000,0
79,features.10,17,pruned_before,nan,0.000000e+00,0.000000e+00,0.0000,0.0000,0
79,features.10,18,pruned_before,nan,0.000000e+00,0.000000e+00,0.0000,0.0000,0
79,features.10,19,pruned_before,nan,0.000000e+00,0.000000e+00,0.0000,0.0000,0
79,features.10,20,pruned_before,nan,0.000000e+00,0.000000e+00,0.0000,0.0000,0
79,features.10,21,pruned_before,nan,0.000000e+00,0.000000e+00,0.0000,0.0000,0
79,features.10,22,pruned_before,nan,0.000000e+00,0.000000e+00,0.0000,0.0000,0
79,features.10,23,pruned_before,nan,0.000000e+00,0.000000e+00,0.0000,0.0000,0
79,features.10,24,pruned_before,nan,0.000000e+00,0.000000e+00,0.0000,0.0000,0
79,features.10,25,pruned_before,nan,0.000000e+00,0.000000e+00,0.0000,0.0000,0
79,features.10,26,pruned_before,nan,0.000000e+00,0.000000e+00,0.0000,0.0000,0
79,features.10,27,pruned_before,nan,0.000000e+00,0.000000e+00,0.0000,0.0000,0
79,features.10,28,pruned_before,nan,0.000000e+00,0.000000e+00,0.0000,0.0000,0
79,features.10,29,pruned_before,nan,0.000000e+00,0.000000e+00,0.0000,0.0000,0
79,features.10,30,pruned_before,nan,0.000000e+00,0.000000e+00,0.0000,0.0000,0
79,features.10,31,pruned_before,nan,0.000000e+00,0.000000e+00,0.0000,0.0000,0
79,features.10,32,pruned_before,nan,0.000000e+00,0.000000e+00,0.0000,0.0000,0
79,features.10,33,pruned_before,nan,0.000000e+00,0.000000e+00,0.0000,0.0000,0
79,features.10,34,pruned_before,nan,0.000000e+00,0.000000e+00,0.0000,0.0000,0
79,features.10,35,pruned_before,nan,0.000000e+00,0.000000e+00,0.0000,0.0000,0
79,features.10,36,pruned_before,nan,0.000000e+00,0.000000e+00,0.0000,0.0000,0
79,features.10,37,pruned_before,nan,0.000000e+00,0.000000e+00,0.0000,0.0000,0
79,features.10,38,pruned_before,nan,0.000000e+00,0.000000e+00,0.0000,0.0000,0
79,features.10,39,pruned_before,nan,0.000000e+00,0.000000e+00,0.0000,0.0000,0
79,features.10,40,pruned_before,nan,0.000000e+00,0.000000e+00,0.0000,0.0000,0
79,features.10,41,pruned_before,nan,0.000000e+00,0.000000e+00,0.0000,0.0000,0
79,features.10,42,pruned_before,nan,0.000000e+00,0.000000e+00,0.0000,0.0000,0
79,features.10,43,pruned_before,nan,0.000000e+00,0.000000e+00,0.0000,0.0000,0
79,features.10,44,pruned_before,nan,0.000000e+00,0.000000e+00,0.0000,0.0000,0
79,features.10,45,pruned_before,nan,0.000000e+00,0.000000e+00,0.0000,0.0000,0
79,features.10,46,pruned_before,nan,0.000000e+00,0.000000e+00,0.0000,0.0000,0
79,features.10,47,pruned_before,nan,0.000000e+00,0.000000e+00,0.0000,0.0000,0
79,features.10,48,pruned_before,nan,0.000000e+00,0.000000e+00,0.0000,0.0000,0
79,features.10,49,pruned_before,nan,0.000000e+00,0.000000e+00,0.0000,0.0000,0
79,features.10,50,pruned_before,nan,0.000000e+00,0.000000e+00,0.0000,0.0000,0
79,features.10,51,pruned_before,nan,0.000000e+00,0.000000e+00,0.0000,0.0000,0
79,features.10,52,pruned_before,nan,0.000000e+00,0.000000e+00,0.0000,0.0000,0
79,features.10,53,pruned_before,nan,0.000000e+00,0.000000e+00,0.0000,0.0000,0
79,features.10,54,pruned_before,nan,0.000000e+00,0.000000e+00,0.0000,0.0000,0
79,features.10,55,pruned_before,nan,0.000000e+00,0.000000e+00,0.0000,0.0000,0
79,features.10,56,pruned_before,nan,0.000000e+00,0.000000e+00,0.0000,0.0000,0
79,features.10,57,pruned_before,nan,0.000000e+00,0.000000e+00,0.0000,0.0000,0
79,features.10,58,pruned_before,nan,0.000000e+00,0.000000e+00,0.0000,0.0000,0
79,features.10,59,pruned_before,nan,0.000000e+00,0.000000e+00,0.0000,0.0000,0
79,features.10,60,pruned_before,nan,0.000000e+00,0.000000e+00,0.0000,0.0000,0
79,features.10,61,pruned_before,nan,0.000000e+00,0.000000e+00,0.0000,0.0000,0
79,features.10,62,protected,0.106537,1.082639e-07,1.353355e-03,0.7869,1.0000,137
79,features.10,63,pruned_before,nan,0.000000e+00,0.000000e+00,0.0000,0.0000,0
79,features.10,64,pruned_before,nan,0.000000e+00,0.000000e+00,0.0000,0.0000,0
79,features.10,65,pruned_before,nan,0.000000e+00,0.000000e+00,0.0000,0.0000,0
79,features.10,66,pruned_before,nan,0.000000e+00,0.000000e+00,0.0000,0.0000,0
79,features.10,67,pruned_before,nan,0.000000e+00,0.000000e+00,0.0000,0.0000,0
79,features.10,68,pruned_before,nan,0.000000e+00,0.000000e+00,0.0000,0.0000,0
79,features.10,69,pruned_before,nan,0.000000e+00,0.000000e+00,0.0000,0.0000,0
79,features.10,70,pruned_before,nan,0.000000e+00,0.000000e+00,0.0000,0.0000,0
79,features.10,71,pruned_before,nan,0.000000e+00,0.000000e+00,0.0000,0.0000,0
79,features.10,72,pruned_before,nan,0.000000e+00,0.000000e+00,0.0000,0.0000,0
79,features.10,73,pruned_before,nan,0.000000e+00,0.000000e+00,0.0000,0.0000,0
79,features.10,74,pruned_before,nan,0.000000e+00,0.000000e+00,0.0000,0.0000,0
79,features.10,75,pruned_before,nan,0.000000e+00,0.000000e+00,0.0000,0.0000,0
79,features.10,76,pruned_before,nan,0.000000e+00,0.000000e+00,0.0000,0.0000,0
79,features.10,77,pruned_before,nan,0.000000e+00,0.000000e+00,0.0000,0.0000,0
79,features.10,78,pruned_before,nan,0.000000e+00,0.000000e+00,0.0000,0.0000,0
79,features.10,79,pruned_before,nan,0.000000e+00,0.000000e+00,0.0000,0.0000,0
79,features.10,80,pruned_before,nan,0.000000e+00,0.000000e+00,0.0000,0.0000,0
79,features.10,81,pruned_before,nan,0.000000e+00,0.000000e+00,0.0000,0.0000,0
79,features.10,82,pruned_before,nan,0.000000e+00,0.000000e+00,0.0000,0.0000,0
79,features.10,83,pruned_before,nan,0.000000e+00,0.000000e+00,0.0000,0.0000,0
79,features.10,84,pruned_before,nan,0.000000e+00,0.000000e+00,0.0000,0.0000,0
79,features.10,85,pruned_before,nan,0.000000e+00,0.000000e+00,0.0000,0.0000,0
79,features.10,86,pruned_before,nan,0.000000e+00,0.000000e+00,0.0000,0.0000,0
79,features.10,87,pruned_before,nan,0.000000e+00,0.000000e+00,0.0000,0.0000,0
79,features.10,88,pruned_before,nan,0.000000e+00,0.000000e+00,0.0000,0.0000,0
79,features.10,89,pruned_before,nan,0.000000e+00,0.000000e+00,0.0000,0.0000,0
79,features.10,90,pruned_before,nan,0.000000e+00,0.000000e+00,0.0000,0.0000,0
79,features.10,91,active,-0.373349,1.375772e-07,3.427991e-04,1.0000,0.2533,137
79,features.10,92,pruned_before,nan,0.000000e+00,0.000000e+00,0.0000,0.0000,0
79,features.10,93,pruned_before,nan,0.000000e+00,0.000000e+00,0.0000,0.0000,0
79,features.10,94,pruned_before,nan,0.000000e+00,0.000000e+00,0.0000,0.0000,0
79,features.10,95,pruned_before,nan,0.000000e+00,0.000000e+00,0.0000,0.0000,0
79,features.10,96,pruned_before,nan,0.000000e+00,0.000000e+00,0.0000,0.0000,0
79,features.10,97,pruned_before,nan,0.000000e+00,0.000000e+00,0.0000,0.0000,0
79,features.10,98,pruned_before,nan,0.000000e+00,0.000000e+00,0.0000,0.0000,0
79,features.10,99,pruned_before,nan,0.000000e+00,0.000000e+00,0.0000,0.0000,0
79,features.10,100,pruned_before,nan,0.000000e+00,0.000000e+00,0.0000,0.0000,0
79,features.10,101,pruned_before,nan,0.000000e+00,0.000000e+00,0.0000,0.0000,0
79,features.10,102,pruned_before,nan,0.000000e+00,0.000000e+00,0.0000,0.0000,0
79,features.10,103,pruned_before,nan,0.000000e+00,0.000000e+00,0.0000,0.0000,0
79,features.10,104,pruned_before,nan,0.000000e+00,0.000000e+00,0.0000,0.0000,0
79,features.10,105,pruned_before,nan,0.000000e+00,0.000000e+00,0.0000,0.0000,0
79,features.10,106,pruned_before,nan,0.000000e+00,0.000000e+00,0.0000,0.0000,0
79,features.10,107,pruned_before,nan,0.000000e+00,0.000000e+00,0.0000,0.0000,0
79,features.10,108,pruned_before,nan,0.000000e+00,0.000000e+00,0.0000,0.0000,0
79,features.10,109,pruned_before,nan,0.000000e+00,0.000000e+00,0.0000,0.0000,0
79,features.10,110,pruned_before,nan,0.000000e+00,0.000000e+00,0.0000,0.0000,0
79,features.10,111,pruned_before,nan,0.000000e+00,0.000000e+00,0.0000,0.0000,0
79,features.10,112,pruned_before,nan,0.000000e+00,0.000000e+00,0.0000,0.0000,0
79,features.10,113,pruned_before,nan,0.000000e+00,0.000000e+00,0.0000,0.0000,0
79,features.10,114,pruned_before,nan,0.000000e+00,0.000000e+00,0.0000,0.0000,0
79,features.10,115,pruned_before,nan,0.000000e+00,0.000000e+00,0.0000,0.0000,0
79,features.10,116,pruned_before,nan,0.000000e+00,0.000000e+00,0.0000,0.0000,0
79,features.10,117,pruned_before,nan,0.000000e+00,0.000000e+00,0.0000,0.0000,0
79,features.10,118,pruned_before,nan,0.000000e+00,0.000000e+00,0.0000,0.0000,0
79,features.10,119,pruned_before,nan,0.000000e+00,0.000000e+00,0.0000,0.0000,0
79,features.10,120,pruned_before,nan,0.000000e+00,0.000000e+00,0.0000,0.0000,0
79,features.10,121,pruned_before,nan,0.000000e+00,0.000000e+00,0.0000,0.0000,0
79,features.10,122,pruned_before,nan,0.000000e+00,0.000000e+00,0.0000,0.0000,0
79,features.10,123,pruned_before,nan,0.000000e+00,0.000000e+00,0.0000,0.0000,0
79,features.10,124,pruned_before,nan,0.000000e+00,0.000000e+00,0.0000,0.0000,0
79,features.10,125,pruned_before,nan,0.000000e+00,0.000000e+00,0.0000,0.0000,0
79,features.10,126,pruned_before,nan,0.000000e+00,0.000000e+00,0.0000,0.0000,0
79,features.10,127,pruned_before,nan,0.000000e+00,0.000000e+00,0.0000,0.0000,0
79,features.10,128,pruned_before,nan,0.000000e+00,0.000000e+00,0.0000,0.0000,0
79,features.10,129,pruned_before,nan,0.000000e+00,0.000000e+00,0.0000,0.0000,0
79,features.10,130,pruned_before,nan,0.000000e+00,0.000000e+00,0.0000,0.0000,0
79,features.10,131,pruned_before,nan,0.000000e+00,0.000000e+00,0.0000,0.0000,0
79,features.10,132,pruned_before,nan,0.000000e+00,0.000000e+00,0.0000,0.0000,0
79,features.10,133,pruned_before,nan,0.000000e+00,0.000000e+00,0.0000,0.0000,0
79,features.10,134,pruned_before,nan,0.000000e+00,0.000000e+00,0.0000,0.0000,0
79,features.10,135,pruned_before,nan,0.000000e+00,0.000000e+00,0.0000,0.0000,0
79,features.10,136,pruned_before,nan,0.000000e+00,0.000000e+00,0.0000,0.0000,0
79,features.10,137,pruned_before,nan,0.000000e+00,0.000000e+00,0.0000,0.0000,0
79,features.10,138,pruned_before,nan,0.000000e+00,0.000000e+00,0.0000,0.0000,0
79,features.10,139,pruned_before,nan,0.000000e+00,0.000000e+00,0.0000,0.0000,0
79,features.10,140,pruned_before,nan,0.000000e+00,0.000000e+00,0.0000,0.0000,0
79,features.10,141,pruned_before,nan,0.000000e+00,0.000000e+00,0.0000,0.0000,0
79,features.10,142,pruned_before,nan,0.000000e+00,0.000000e+00,0.0000,0.0000,0
79,features.10,143,pruned_before,nan,0.000000e+00,0.000000e+00,0.0000,0.0000,0
79,features.10,144,pruned_before,nan,0.000000e+00,0.000000e+00,0.0000,0.0000,0
79,features.10,145,pruned_before,nan,0.000000e+00,0.000000e+00,0.0000,0.0000,0
79,features.10,146,pruned_before,nan,0.000000e+00,0.000000e+00,0.0000,0.0000,0
79,features.10,147,pruned_before,nan,0.000000e+00,0.000000e+00,0.0000,0.0000,0
79,features.10,148,pruned_before,nan,0.000000e+00,0.000000e+00,0.0000,0.0000,0
79,features.10,149,active,0.000000,0.000000e+00,6.613458e-11,0.0000,0.0000,137
79,features.10,150,pruned_before,nan,0.000000e+00,0.000000e+00,0.0000,0.0000,0
79,features.10,151,pruned_before,nan,0.000000e+00,0.000000e+00,0.0000,0.0000,0
79,features.10,152,pruned_before,nan,0.000000e+00,0.000000e+00,0.0000,0.0000,0
79,features.10,153,pruned_before,nan,0.000000e+00,0.000000e+00,0.0000,0.0000,0
79,features.10,154,pruned_before,nan,0.000000e+00,0.000000e+00,0.0000,0.0000,0
79,features.10,155,pruned_before,nan,0.000000e+00,0.000000e+00,0.0000,0.0000,0
79,features.10,156,active,0.000000,0.000000e+00,0.000000e+00,0.0000,0.0000,137
79,features.10,157,pruned_before,nan,0.000000e+00,0.000000e+00,0.0000,0.0000,0
79,features.10,158,pruned_before,nan,0.000000e+00,0.000000e+00,0.0000,0.0000,0
79,features.10,159,pruned_before,nan,0.000000e+00,0.000000e+00,0.0000,0.0000,0
79,features.10,160,pruned_before,nan,0.000000e+00,0.000000e+00,0.0000,0.0000,0
79,features.10,161,pruned_before,nan,0.000000e+00,0.000000e+00,0.0000,0.0000,0
79,features.10,162,pruned_before,nan,0.000000e+00,0.000000e+00,0.0000,0.0000,0
79,features.10,163,pruned_before,nan,0.000000e+00,0.000000e+00,0.0000,0.0000,0
79,features.10,164,pruned_before,nan,0.000000e+00,0.000000e+00,0.0000,0.0000,0
79,features.10,165,pruned_before,nan,0.000000e+00,0.000000e+00,0.0000,0.0000,0
79,features.10,166,pruned_before,nan,0.000000e+00,0.000000e+00,0.0000,0.0000,0
79,features.10,167,pruned_before,nan,0.000000e+00,0.000000e+00,0.0000,0.0000,0
79,features.10,168,pruned_before,nan,0.000000e+00,0.000000e+00,0.0000,0.0000,0
79,features.10,169,pruned_before,nan,0.000000e+00,0.000000e+00,0.0000,0.0000,0
79,features.10,170,pruned_before,nan,0.000000e+00,0.000000e+00,0.0000,0.0000,0
79,features.10,171,pruned_before,nan,0.000000e+00,0.000000e+00,0.0000,0.0000,0
79,features.10,172,pruned_before,nan,0.000000e+00,0.000000e+00,0.0000,0.0000,0
79,features.10,173,pruned_before,nan,0.000000e+00,0.000000e+00,0.0000,0.0000,0
79,features.10,174,pruned_before,nan,0.000000e+00,0.000000e+00,0.0000,0.0000,0
79,features.10,175,pruned_before,nan,0.000000e+00,0.000000e+00,0.0000,0.0000,0
79,features.10,176,pruned_before,nan,0.000000e+00,0.000000e+00,0.0000,0.0000,0
79,features.10,177,pruned_before,nan,0.000000e+00,0.000000e+00,0.0000,0.0000,0
79,features.10,178,pruned_before,nan,0.000000e+00,0.000000e+00,0.0000,0.0000,0
79,features.10,179,pruned_before,nan,0.000000e+00,0.000000e+00,0.0000,0.0000,0
79,features.10,180,pruned_before,nan,0.000000e+00,0.000000e+00,0.0000,0.0000,0
79,features.10,181,pruned_before,nan,0.000000e+00,0.000000e+00,0.0000,0.0000,0
79,features.10,182,active,0.000000,0.000000e+00,0.000000e+00,0.0000,0.0000,137
79,features.10,183,pruned_before,nan,0.000000e+00,0.000000e+00,0.0000,0.0000,0
79,features.10,184,pruned_before,nan,0.000000e+00,0.000000e+00,0.0000,0.0000,0
79,features.10,185,pruned_before,nan,0.000000e+00,0.000000e+00,0.0000,0.0000,0
79,features.10,186,pruned_before,nan,0.000000e+00,0.000000e+00,0.0000,0.0000,0
79,features.10,187,pruned_before,nan,0.000000e+00,0.000000e+00,0.0000,0.0000,0
79,features.10,188,pruned_before,nan,0.000000e+00,0.000000e+00,0.0000,0.0000,0
79,features.10,189,pruned_before,nan,0.000000e+00,0.000000e+00,0.0000,0.0000,0
79,features.10,190,pruned_before,nan,0.000000e+00,0.000000e+00,0.0000,0.0000,0
79,features.10,191,pruned_before,nan,0.000000e+00,0.000000e+00,0.0000,0.0000,0
79,features.10,192,pruned_before,nan,0.000000e+00,0.000000e+00,0.0000,0.0000,0
79,features.10,193,pruned_before,nan,0.000000e+00,0.000000e+00,0.0000,0.0000,0
79,features.10,194,pruned_before,nan,0.000000e+00,0.000000e+00,0.0000,0.0000,0
79,features.10,195,pruned_before,nan,0.000000e+00,0.000000e+00,0.0000,0.0000,0
79,features.10,196,pruned_before,nan,0.000000e+00,0.000000e+00,0.0000,0.0000,0
79,features.10,197,pruned_before,nan,0.000000e+00,0.000000e+00,0.0000,0.0000,0
79,features.10,198,pruned_before,nan,0.000000e+00,0.000000e+00,0.0000,0.0000,0
79,features.10,199,pruned_before,nan,0.000000e+00,0.000000e+00,0.0000,0.0000,0
79,features.10,200,pruned_before,nan,0.000000e+00,0.000000e+00,0.0000,0.0000,0
79,features.10,201,pruned_before,nan,0.000000e+00,0.000000e+00,0.0000,0.0000,0
79,features.10,202,pruned_before,nan,0.000000e+00,0.000000e+00,0.0000,0.0000,0
79,features.10,203,pruned_before,nan,0.000000e+00,0.000000e+00,0.0000,0.0000,0
79,features.10,204,pruned_before,nan,0.000000e+00,0.000000e+00,0.0000,0.0000,0
79,features.10,205,pruned_before,nan,0.000000e+00,0.000000e+00,0.0000,0.0000,0
79,features.10,206,pruned_before,nan,0.000000e+00,0.000000e+00,0.0000,0.0000,0
79,features.10,207,pruned_before,nan,0.000000e+00,0.000000e+00,0.0000,0.0000,0
79,features.10,208,pruned_before,nan,0.000000e+00,0.000000e+00,0.0000,0.0000,0
79,features.10,209,pruned_before,nan,0.000000e+00,0.000000e+00,0.0000,0.0000,0
79,features.10,210,pruned_before,nan,0.000000e+00,0.000000e+00,0.0000,0.0000,0
79,features.10,211,pruned_before,nan,0.000000e+00,0.000000e+00,0.0000,0.0000,0
79,features.10,212,pruned_before,nan,0.000000e+00,0.000000e+00,0.0000,0.0000,0
79,features.10,213,pruned_before,nan,0.000000e+00,0.000000e+00,0.0000,0.0000,0
79,features.10,214,pruned_before,nan,0.000000e+00,0.000000e+00,0.0000,0.0000,0
79,features.10,215,pruned_before,nan,0.000000e+00,0.000000e+00,0.0000,0.0000,0
79,features.10,216,pruned_before,nan,0.000000e+00,0.000000e+00,0.0000,0.0000,0
79,features.10,217,pruned_before,nan,0.000000e+00,0.000000e+00,0.0000,0.0000,0
79,features.10,218,active,-0.104581,3.072783e-08,1.919771e-05,0.2233,0.0142,137
79,features.10,219,pruned_before,nan,0.000000e+00,0.000000e+00,0.0000,0.0000,0
79,features.10,220,pruned_before,nan,0.000000e+00,0.000000e+00,0.0000,0.0000,0
79,features.10,221,pruned_before,nan,0.000000e+00,0.000000e+00,0.0000,0.0000,0
79,features.10,222,pruned_before,nan,0.000000e+00,0.000000e+00,0.0000,0.0000,0
79,features.10,223,pruned_before,nan,0.000000e+00,0.000000e+00,0.0000,0.0000,0
79,features.10,224,pruned_before,nan,0.000000e+00,0.000000e+00,0.0000,0.0000,0
79,features.10,225,pruned_before,nan,0.000000e+00,0.000000e+00,0.0000,0.0000,0
79,features.10,226,pruned_before,nan,0.000000e+00,0.000000e+00,0.0000,0.0000,0
79,features.10,227,pruned_before,nan,0.000000e+00,0.000000e+00,0.0000,0.0000,0
79,features.10,228,pruned_before,nan,0.000000e+00,0.000000e+00,0.0000,0.0000,0
79,features.10,229,pruned_before,nan,0.000000e+00,0.000000e+00,0.0000,0.0000,0
79,features.10,230,pruned_before,nan,0.000000e+00,0.000000e+00,0.0000,0.0000,0
79,features.10,231,pruned_before,nan,0.000000e+00,0.000000e+00,0.0000,0.0000,0
79,features.10,232,pruned_before,nan,0.000000e+00,0.000000e+00,0.0000,0.0000,0
79,features.10,233,pruned_before,nan,0.000000e+00,0.000000e+00,0.0000,0.0000,0
79,features.10,234,pruned_before,nan,0.000000e+00,0.000000e+00,0.0000,0.0000,0
79,features.10,235,pruned_before,nan,0.000000e+00,0.000000e+00,0.0000,0.0000,0
79,features.10,236,pruned_before,nan,0.000000e+00,0.000000e+00,0.0000,0.0000,0
79,features.10,237,pruned_before,nan,0.000000e+00,0.000000e+00,0.0000,0.0000,0
79,features.10,238,pruned_before,nan,0.000000e+00,0.000000e+00,0.0000,0.0000,0
79,features.10,239,pruned_before,nan,0.000000e+00,0.000000e+00,0.0000,0.0000,0
79,features.10,240,pruned_before,nan,0.000000e+00,0.000000e+00,0.0000,0.0000,0
79,features.10,241,pruned_before,nan,0.000000e+00,0.000000e+00,0.0000,0.0000,0
79,features.10,242,pruned_before,nan,0.000000e+00,0.000000e+00,0.0000,0.0000,0
79,features.10,243,pruned_before,nan,0.000000e+00,0.000000e+00,0.0000,0.0000,0
79,features.10,244,pruned_before,nan,0.000000e+00,0.000000e+00,0.0000,0.0000,0
79,features.10,245,pruned_before,nan,0.000000e+00,0.000000e+00,0.0000,0.0000,0
79,features.10,246,pruned_before,nan,0.000000e+00,0.000000e+00,0.0000,0.0000,0
79,features.10,247,pruned_before,nan,0.000000e+00,0.000000e+00,0.0000,0.0000,0
79,features.10,248,pruned_before,nan,0.000000e+00,0.000000e+00,0.0000,0.0000,0
79,features.10,249,pruned_before,nan,0.000000e+00,0.000000e+00,0.0000,0.0000,0
79,features.10,250,pruned_before,nan,0.000000e+00,0.000000e+00,0.0000,0.0000,0
79,features.10,251,pruned_before,nan,0.000000e+00,0.000000e+00,0.0000,0.0000,0
79,features.10,252,pruned_before,nan,0.000000e+00,0.000000e+00,0.0000,0.0000,0
79,features.10,253,pruned_before,nan,0.000000e+00,0.000000e+00,0.0000,0.0000,0
79,features.10,254,pruned_before,nan,0.000000e+00,0.000000e+00,0.0000,0.0000,0
79,features.10,255,pruned_before,nan,0.000000e+00,0.000000e+00,0.0000,0.0000,0
79,features.10,256,pruned_before,nan,0.000000e+00,0.000000e+00,0.0000,0.0000,0
79,features.10,257,pruned_before,nan,0.000000e+00,0.000000e+00,0.0000,0.0000,0
79,features.10,258,pruned_before,nan,0.000000e+00,0.000000e+00,0.0000,0.0000,0
79,features.10,259,pruned_before,nan,0.000000e+00,0.000000e+00,0.0000,0.0000,0
79,features.10,260,pruned_before,nan,0.000000e+00,0.000000e+00,0.0000,0.0000,0
79,features.10,261,pruned_before,nan,0.000000e+00,0.000000e+00,0.0000,0.0000,0
79,features.10,262,pruned_before,nan,0.000000e+00,0.000000e+00,0.0000,0.0000,0
79,features.10,263,pruned_before,nan,0.000000e+00,0.000000e+00,0.0000,0.0000,0
79,features.10,264,pruned_before,nan,0.000000e+00,0.000000e+00,0.0000,0.0000,0
79,features.10,265,pruned_before,nan,0.000000e+00,0.000000e+00,0.0000,0.0000,0
79,features.10,266,pruned_before,nan,0.000000e+00,0.000000e+00,0.0000,0.0000,0
79,features.10,267,pruned_before,nan,0.000000e+00,0.000000e+00,0.0000,0.0000,0
79,features.10,268,pruned_before,nan,0.000000e+00,0.000000e+00,0.0000,0.0000,0
79,features.10,269,pruned_before,nan,0.000000e+00,0.000000e+00,0.0000,0.0000,0
79,features.10,270,pruned_before,nan,0.000000e+00,0.000000e+00,0.0000,0.0000,0
79,features.10,271,active,0.000000,0.000000e+00,0.000000e+00,0.0000,0.0000,137
79,features.10,272,pruned_before,nan,0.000000e+00,0.000000e+00,0.0000,0.0000,0
79,features.10,273,pruned_before,nan,0.000000e+00,0.000000e+00,0.0000,0.0000,0
79,features.10,274,pruned_before,nan,0.000000e+00,0.000000e+00,0.0000,0.0000,0
79,features.10,275,pruned_before,nan,0.000000e+00,0.000000e+00,0.0000,0.0000,0
79,features.10,276,pruned_before,nan,0.000000e+00,0.000000e+00,0.0000,0.0000,0
79,features.10,277,pruned_before,nan,0.000000e+00,0.000000e+00,0.0000,0.0000,0
79,features.10,278,pruned_before,nan,0.000000e+00,0.000000e+00,0.0000,0.0000,0
79,features.10,279,pruned_before,nan,0.000000e+00,0.000000e+00,0.0000,0.0000,0
79,features.10,280,pruned_before,nan,0.000000e+00,0.000000e+00,0.0000,0.0000,0
79,features.10,281,pruned_before,nan,0.000000e+00,0.000000e+00,0.0000,0.0000,0
79,features.10,282,pruned_before,nan,0.000000e+00,0.000000e+00,0.0000,0.0000,0
79,features.10,283,pruned_before,nan,0.000000e+00,0.000000e+00,0.0000,0.0000,0
79,features.10,284,pruned_before,nan,0.000000e+00,0.000000e+00,0.0000,0.0000,0
79,features.10,285,pruned_before,nan,0.000000e+00,0.000000e+00,0.0000,0.0000,0
79,features.10,286,pruned_before,nan,0.000000e+00,0.000000e+00,0.0000,0.0000,0
79,features.10,287,pruned_before,nan,0.000000e+00,0.000000e+00,0.0000,0.0000,0
79,features.10,288,pruned_before,nan,0.000000e+00,0.000000e+00,0.0000,0.0000,0
79,features.10,289,pruned_before,nan,0.000000e+00,0.000000e+00,0.0000,0.0000,0
79,features.10,290,pruned_before,nan,0.000000e+00,0.000000e+00,0.0000,0.0000,0
79,features.10,291,pruned_before,nan,0.000000e+00,0.000000e+00,0.0000,0.0000,0
79,features.10,292,pruned_before,nan,0.000000e+00,0.000000e+00,0.0000,0.0000,0
79,features.10,293,active,0.018726,4.220377e-08,4.658439e-04,0.3068,0.3442,137
79,features.10,294,pruned_before,nan,0.000000e+00,0.000000e+00,0.0000,0.0000,0
79,features.10,295,pruned_before,nan,0.000000e+00,0.000000e+00,0.0000,0.0000,0
79,features.10,296,pruned_before,nan,0.000000e+00,0.000000e+00,0.0000,0.0000,0
79,features.10,297,pruned_before,nan,0.000000e+00,0.000000e+00,0.0000,0.0000,0
79,features.10,298,pruned_before,nan,0.000000e+00,0.000000e+00,0.0000,0.0000,0
79,features.10,299,pruned_before,nan,0.000000e+00,0.000000e+00,0.0000,0.0000,0
79,features.10,300,pruned_before,nan,0.000000e+00,0.000000e+00,0.0000,0.0000,0
79,features.10,301,pruned_before,nan,0.000000e+00,0.000000e+00,0.0000,0.0000,0
79,features.10,302,pruned_before,nan,0.000000e+00,0.000000e+00,0.0000,0.0000,0
79,features.10,303,pruned_before,nan,0.000000e+00,0.000000e+00,0.0000,0.0000,0
79,features.10,304,pruned_before,nan,0.000000e+00,0.000000e+00,0.0000,0.0000,0
79,features.10,305,pruned_before,nan,0.000000e+00,0.000000e+00,0.0000,0.0000,0
79,features.10,306,pruned_before,nan,0.000000e+00,0.000000e+00,0.0000,0.0000,0
79,features.10,307,pruned_before,nan,0.000000e+00,0.000000e+00,0.0000,0.0000,0
79,features.10,308,pruned_before,nan,0.000000e+00,0.000000e+00,0.0000,0.0000,0
79,features.10,309,pruned_before,nan,0.000000e+00,0.000000e+00,0.0000,0.0000,0
79,features.10,310,pruned_before,nan,0.000000e+00,0.000000e+00,0.0000,0.0000,0
79,features.10,311,pruned_before,nan,0.000000e+00,0.000000e+00,0.0000,0.0000,0
79,features.10,312,pruned_before,nan,0.000000e+00,0.000000e+00,0.0000,0.0000,0
79,features.10,313,pruned_before,nan,0.000000e+00,0.000000e+00,0.0000,0.0000,0
79,features.10,314,pruned_before,nan,0.000000e+00,0.000000e+00,0.0000,0.0000,0
79,features.10,315,pruned_before,nan,0.000000e+00,0.000000e+00,0.0000,0.0000,0
79,features.10,316,pruned_before,nan,0.000000e+00,0.000000e+00,0.0000,0.0000,0
79,features.10,317,pruned_before,nan,0.000000e+00,0.000000e+00,0.0000,0.0000,0
79,features.10,318,pruned_before,nan,0.000000e+00,0.000000e+00,0.0000,0.0000,0
79,features.10,319,pruned_before,nan,0.000000e+00,0.000000e+00,0.0000,0.0000,0
79,features.10,320,pruned_before,nan,0.000000e+00,0.000000e+00,0.0000,0.0000,0
79,features.10,321,pruned_before,nan,0.000000e+00,0.000000e+00,0.0000,0.0000,0
79,features.10,322,pruned_before,nan,0.000000e+00,0.000000e+00,0.0000,0.0000,0
79,features.10,323,pruned_before,nan,0.000000e+00,0.000000e+00,0.0000,0.0000,0
79,features.10,324,pruned_before,nan,0.000000e+00,0.000000e+00,0.0000,0.0000,0
79,features.10,325,pruned_before,nan,0.000000e+00,0.000000e+00,0.0000,0.0000,0
79,features.10,326,pruned_before,nan,0.000000e+00,0.000000e+00,0.0000,0.0000,0
79,features.10,327,pruned_before,nan,0.000000e+00,0.000000e+00,0.0000,0.0000,0
79,features.10,328,pruned_before,nan,0.000000e+00,0.000000e+00,0.0000,0.0000,0
79,features.10,329,pruned_before,nan,0.000000e+00,0.000000e+00,0.0000,0.0000,0
79,features.10,330,pruned_before,nan,0.000000e+00,0.000000e+00,0.0000,0.0000,0
79,features.10,331,pruned_before,nan,0.000000e+00,0.000000e+00,0.0000,0.0000,0
79,features.10,332,pruned_before,nan,0.000000e+00,0.000000e+00,0.0000,0.0000,0
79,features.10,333,pruned_before,nan,0.000000e+00,0.000000e+00,0.0000,0.0000,0
79,features.10,334,pruned_before,nan,0.000000e+00,0.000000e+00,0.0000,0.0000,0
79,features.10,335,pruned_before,nan,0.000000e+00,0.000000e+00,0.0000,0.0000,0
79,features.10,336,pruned_before,nan,0.000000e+00,0.000000e+00,0.0000,0.0000,0
79,features.10,337,pruned_before,nan,0.000000e+00,0.000000e+00,0.0000,0.0000,0
79,features.10,338,pruned_before,nan,0.000000e+00,0.000000e+00,0.0000,0.0000,0
79,features.10,339,pruned_before,nan,0.000000e+00,0.000000e+00,0.0000,0.0000,0
79,features.10,340,pruned_before,nan,0.000000e+00,0.000000e+00,0.0000,0.0000,0
79,features.10,341,pruned_before,nan,0.000000e+00,0.000000e+00,0.0000,0.0000,0
79,features.10,342,active,-0.032366,9.164179e-09,2.542119e-06,0.0666,0.0019,137
79,features.10,343,pruned_before,nan,0.000000e+00,0.000000e+00,0.0000,0.0000,0
79,features.10,344,pruned_before,nan,0.000000e+00,0.000000e+00,0.0000,0.0000,0
79,features.10,345,pruned_before,nan,0.000000e+00,0.000000e+00,0.0000,0.0000,0
79,features.10,346,pruned_before,nan,0.000000e+00,0.000000e+00,0.0000,0.0000,0
79,features.10,347,pruned_before,nan,0.000000e+00,0.000000e+00,0.0000,0.0000,0
79,features.10,348,active,0.079711,2.549752e-09,2.408368e-04,0.0185,0.1780,137
79,features.10,349,pruned_before,nan,0.000000e+00,0.000000e+00,0.0000,0.0000,0
79,features.10,350,pruned_before,nan,0.000000e+00,0.000000e+00,0.0000,0.0000,0
79,features.10,351,pruned_before,nan,0.000000e+00,0.000000e+00,0.0000,0.0000,0
79,features.10,352,active,-0.084447,3.487780e-08,1.145188e-04,0.2535,0.0846,137
79,features.10,353,pruned_before,nan,0.000000e+00,0.000000e+00,0.0000,0.0000,0
79,features.10,354,pruned_before,nan,0.000000e+00,0.000000e+00,0.0000,0.0000,0
79,features.10,355,pruned_before,nan,0.000000e+00,0.000000e+00,0.0000,0.0000,0
79,features.10,356,pruned_before,nan,0.000000e+00,0.000000e+00,0.0000,0.0000,0
79,features.10,357,pruned_before,nan,0.000000e+00,0.000000e+00,0.0000,0.0000,0
79,features.10,358,pruned_before,nan,0.000000e+00,0.000000e+00,0.0000,0.0000,0
79,features.10,359,pruned_before,nan,0.000000e+00,0.000000e+00,0.0000,0.0000,0
79,features.10,360,pruned_before,nan,0.000000e+00,0.000000e+00,0.0000,0.0000,0
79,features.10,361,pruned_before,nan,0.000000e+00,0.000000e+00,0.0000,0.0000,0
79,features.10,362,pruned_before,nan,0.000000e+00,0.000000e+00,0.0000,0.0000,0
79,features.10,363,pruned_before,nan,0.000000e+00,0.000000e+00,0.0000,0.0000,0
79,features.10,364,pruned_before,nan,0.000000e+00,0.000000e+00,0.0000,0.0000,0
79,features.10,365,pruned_before,nan,0.000000e+00,0.000000e+00,0.0000,0.0000,0
79,features.10,366,pruned_before,nan,0.000000e+00,0.000000e+00,0.0000,0.0000,0
79,features.10,367,pruned_before,nan,0.000000e+00,0.000000e+00,0.0000,0.0000,0
79,features.10,368,pruned_before,nan,0.000000e+00,0.000000e+00,0.0000,0.0000,0
79,features.10,369,pruned_before,nan,0.000000e+00,0.000000e+00,0.0000,0.0000,0
79,features.10,370,pruned_before,nan,0.000000e+00,0.000000e+00,0.0000,0.0000,0
79,features.10,371,pruned_before,nan,0.000000e+00,0.000000e+00,0.0000,0.0000,0
79,features.10,372,pruned_before,nan,0.000000e+00,0.000000e+00,0.0000,0.0000,0
79,features.10,373,pruned_before,nan,0.000000e+00,0.000000e+00,0.0000,0.0000,0
79,features.10,374,pruned_before,nan,0.000000e+00,0.000000e+00,0.0000,0.0000,0
79,features.10,375,pruned_before,nan,0.000000e+00,0.000000e+00,0.0000,0.0000,0
79,features.10,376,pruned_before,nan,0.000000e+00,0.000000e+00,0.0000,0.0000,0
79,features.10,377,pruned_before,nan,0.000000e+00,0.000000e+00,0.0000,0.0000,0
79,features.10,378,pruned_before,nan,0.000000e+00,0.000000e+00,0.0000,0.0000,0
79,features.10,379,pruned_before,nan,0.000000e+00,0.000000e+00,0.0000,0.0000,0
79,features.10,380,pruned_before,nan,0.000000e+00,0.000000e+00,0.0000,0.0000,0
79,features.10,381,pruned_before,nan,0.000000e+00,0.000000e+00,0.0000,0.0000,0
79,features.10,382,pruned_before,nan,0.000000e+00,0.000000e+00,0.0000,0.0000,0
79,features.10,383,pruned_before,nan,0.000000e+00,0.000000e+00,0.0000,0.0000,0
79,features.11,0,pruned_before,nan,0.000000e+00,0.000000e+00,0.0000,0.0000,0
79,features.11,1,pruned_before,nan,0.000000e+00,0.000000e+00,0.0000,0.0000,0
79,features.11,2,pruned_before,nan,0.000000e+00,0.000000e+00,0.0000,0.0000,0
79,features.11,3,pruned_before,nan,0.000000e+00,0.000000e+00,0.0000,0.0000,0
79,features.11,4,pruned_before,nan,0.000000e+00,0.000000e+00,0.0000,0.0000,0
79,features.11,5,pruned_before,nan,0.000000e+00,0.000000e+00,0.0000,0.0000,0
79,features.11,6,pruned_before,nan,0.000000e+00,0.000000e+00,0.0000,0.0000,0
79,features.11,7,pruned_before,nan,0.000000e+00,0.000000e+00,0.0000,0.0000,0
79,features.11,8,pruned_before,nan,0.000000e+00,0.000000e+00,0.0000,0.0000,0
79,features.11,9,pruned_before,nan,0.000000e+00,0.000000e+00,0.0000,0.0000,0
79,features.11,10,pruned_before,nan,0.000000e+00,0.000000e+00,0.0000,0.0000,0
79,features.11,11,pruned_before,nan,0.000000e+00,0.000000e+00,0.0000,0.0000,0
79,features.11,12,pruned_before,nan,0.000000e+00,0.000000e+00,0.0000,0.0000,0
79,features.11,13,pruned_before,nan,0.000000e+00,0.000000e+00,0.0000,0.0000,0
79,features.11,14,pruned_before,nan,0.000000e+00,0.000000e+00,0.0000,0.0000,0
79,features.11,15,pruned_before,nan,0.000000e+00,0.000000e+00,0.0000,0.0000,0
79,features.11,16,pruned_before,nan,0.000000e+00,0.000000e+00,0.0000,0.0000,0
79,features.11,17,pruned_before,nan,0.000000e+00,0.000000e+00,0.0000,0.0000,0
79,features.11,18,pruned_before,nan,0.000000e+00,0.000000e+00,0.0000,0.0000,0
79,features.11,19,pruned_before,nan,0.000000e+00,0.000000e+00,0.0000,0.0000,0
79,features.11,20,pruned_before,nan,0.000000e+00,0.000000e+00,0.0000,0.0000,0
79,features.11,21,pruned_before,nan,0.000000e+00,0.000000e+00,0.0000,0.0000,0
79,features.11,22,pruned_before,nan,0.000000e+00,0.000000e+00,0.0000,0.0000,0
79,features.11,23,pruned_before,nan,0.000000e+00,0.000000e+00,0.0000,0.0000,0
79,features.11,24,pruned_before,nan,0.000000e+00,0.000000e+00,0.0000,0.0000,0
79,features.11,25,pruned_before,nan,0.000000e+00,0.000000e+00,0.0000,0.0000,0
79,features.11,26,pruned_before,nan,0.000000e+00,0.000000e+00,0.0000,0.0000,0
79,features.11,27,pruned_before,nan,0.000000e+00,0.000000e+00,0.0000,0.0000,0
79,features.11,28,pruned_before,nan,0.000000e+00,0.000000e+00,0.0000,0.0000,0
79,features.11,29,pruned_before,nan,0.000000e+00,0.000000e+00,0.0000,0.0000,0
79,features.11,30,pruned_before,nan,0.000000e+00,0.000000e+00,0.0000,0.0000,0
79,features.11,31,pruned_before,nan,0.000000e+00,0.000000e+00,0.0000,0.0000,0
79,features.11,32,pruned_before,nan,0.000000e+00,0.000000e+00,0.0000,0.0000,0
79,features.11,33,protected,0.000000,1.289728e-05,3.037424e-02,1.0000,1.0000,169
79,features.11,34,pruned_before,nan,0.000000e+00,0.000000e+00,0.0000,0.0000,0
79,features.11,35,pruned_before,nan,0.000000e+00,0.000000e+00,0.0000,0.0000,0
79,features.11,36,pruned_before,nan,0.000000e+00,0.000000e+00,0.0000,0.0000,0
79,features.11,37,pruned_before,nan,0.000000e+00,0.000000e+00,0.0000,0.0000,0
79,features.11,38,pruned_before,nan,0.000000e+00,0.000000e+00,0.0000,0.0000,0
79,features.11,39,pruned_before,nan,0.000000e+00,0.000000e+00,0.0000,0.0000,0
79,features.11,40,pruned_before,nan,0.000000e+00,0.000000e+00,0.0000,0.0000,0
79,features.11,41,pruned_before,nan,0.000000e+00,0.000000e+00,0.0000,0.0000,0
79,features.11,42,pruned_before,nan,0.000000e+00,0.000000e+00,0.0000,0.0000,0
79,features.11,43,pruned_before,nan,0.000000e+00,0.000000e+00,0.0000,0.0000,0
79,features.11,44,pruned_before,nan,0.000000e+00,0.000000e+00,0.0000,0.0000,0
79,features.11,45,pruned_before,nan,0.000000e+00,0.000000e+00,0.0000,0.0000,0
79,features.11,46,pruned_before,nan,0.000000e+00,0.000000e+00,0.0000,0.0000,0
79,features.11,47,pruned_before,nan,0.000000e+00,0.000000e+00,0.0000,0.0000,0
79,features.11,48,pruned_before,nan,0.000000e+00,0.000000e+00,0.0000,0.0000,0
79,features.11,49,pruned_before,nan,0.000000e+00,0.000000e+00,0.0000,0.0000,0
79,features.11,50,pruned_before,nan,0.000000e+00,0.000000e+00,0.0000,0.0000,0
79,features.11,51,pruned_before,nan,0.000000e+00,0.000000e+00,0.0000,0.0000,0
79,features.11,52,pruned_before,nan,0.000000e+00,0.000000e+00,0.0000,0.0000,0
79,features.11,53,pruned_before,nan,0.000000e+00,0.000000e+00,0.0000,0.0000,0
79,features.11,54,pruned_before,nan,0.000000e+00,0.000000e+00,0.0000,0.0000,0
79,features.11,55,pruned_before,nan,0.000000e+00,0.000000e+00,0.0000,0.0000,0
79,features.11,56,pruned_before,nan,0.000000e+00,0.000000e+00,0.0000,0.0000,0
79,features.11,57,pruned_before,nan,0.000000e+00,0.000000e+00,0.0000,0.0000,0
79,features.11,58,pruned_before,nan,0.000000e+00,0.000000e+00,0.0000,0.0000,0
79,features.11,59,pruned_before,nan,0.000000e+00,0.000000e+00,0.0000,0.0000,0
79,features.11,60,pruned_before,nan,0.000000e+00,0.000000e+00,0.0000,0.0000,0
79,features.11,61,pruned_before,nan,0.000000e+00,0.000000e+00,0.0000,0.0000,0
79,features.11,62,pruned_before,nan,0.000000e+00,0.000000e+00,0.0000,0.0000,0
79,features.11,63,pruned_before,nan,0.000000e+00,0.000000e+00,0.0000,0.0000,0
79,features.11,64,pruned_before,nan,0.000000e+00,0.000000e+00,0.0000,0.0000,0
79,features.11,65,active,0.267222,4.291744e-07,1.724407e-02,0.0333,0.5677,169
79,features.11,66,pruned_before,nan,0.000000e+00,0.000000e+00,0.0000,0.0000,0
79,features.11,67,pruned_before,nan,0.000000e+00,0.000000e+00,0.0000,0.0000,0
79,features.11,68,pruned_before,nan,0.000000e+00,0.000000e+00,0.0000,0.0000,0
79,features.11,69,pruned_before,nan,0.000000e+00,0.000000e+00,0.0000,0.0000,0
79,features.11,70,pruned_before,nan,0.000000e+00,0.000000e+00,0.0000,0.0000,0
79,features.11,71,pruned_before,nan,0.000000e+00,0.000000e+00,0.0000,0.0000,0
79,features.11,72,pruned_before,nan,0.000000e+00,0.000000e+00,0.0000,0.0000,0
79,features.11,73,pruned_before,nan,0.000000e+00,0.000000e+00,0.0000,0.0000,0
79,features.11,74,pruned_before,nan,0.000000e+00,0.000000e+00,0.0000,0.0000,0
79,features.11,75,pruned_before,nan,0.000000e+00,0.000000e+00,0.0000,0.0000,0
79,features.11,76,pruned_before,nan,0.000000e+00,0.000000e+00,0.0000,0.0000,0
79,features.11,77,pruned_before,nan,0.000000e+00,0.000000e+00,0.0000,0.0000,0
79,features.11,78,pruned_before,nan,0.000000e+00,0.000000e+00,0.0000,0.0000,0
79,features.11,79,active,0.001287,5.922952e-09,9.211525e-05,0.0005,0.0030,169
79,features.11,80,pruned_before,nan,0.000000e+00,0.000000e+00,0.0000,0.0000,0
79,features.11,81,pruned_before,nan,0.000000e+00,0.000000e+00,0.0000,0.0000,0
79,features.11,82,active,-0.002721,1.539673e-07,1.973398e-04,0.0119,0.0065,169
79,features.11,83,pruned_before,nan,0.000000e+00,0.000000e+00,0.0000,0.0000,0
79,features.11,84,pruned_before,nan,0.000000e+00,0.000000e+00,0.0000,0.0000,0
79,features.11,85,pruned_before,nan,0.000000e+00,0.000000e+00,0.0000,0.0000,0
79,features.11,86,pruned_before,nan,0.000000e+00,0.000000e+00,0.0000,0.0000,0
79,features.11,87,pruned_before,nan,0.000000e+00,0.000000e+00,0.0000,0.0000,0
79,features.11,88,pruned_before,nan,0.000000e+00,0.000000e+00,0.0000,0.0000,0
79,features.11,89,pruned_before,nan,0.000000e+00,0.000000e+00,0.0000,0.0000,0
79,features.11,90,active,0.006851,7.058674e-08,5.824306e-04,0.0055,0.0192,169
79,features.11,91,pruned_before,nan,0.000000e+00,0.000000e+00,0.0000,0.0000,0
79,features.11,92,pruned_before,nan,0.000000e+00,0.000000e+00,0.0000,0.0000,0
79,features.11,93,pruned_before,nan,0.000000e+00,0.000000e+00,0.0000,0.0000,0
79,features.11,94,pruned_before,nan,0.000000e+00,0.000000e+00,0.0000,0.0000,0
79,features.11,95,pruned_before,nan,0.000000e+00,0.000000e+00,0.0000,0.0000,0
79,features.11,96,pruned_before,nan,0.000000e+00,0.000000e+00,0.0000,0.0000,0
79,features.11,97,pruned_before,nan,0.000000e+00,0.000000e+00,0.0000,0.0000,0
79,features.11,98,pruned_before,nan,0.000000e+00,0.000000e+00,0.0000,0.0000,0
79,features.11,99,pruned_before,nan,0.000000e+00,0.000000e+00,0.0000,0.0000,0
79,features.11,100,pruned_before,nan,0.000000e+00,0.000000e+00,0.0000,0.0000,0
79,features.11,101,active,0.013585,1.594538e-07,1.200799e-03,0.0124,0.0395,169
79,features.11,102,pruned_before,nan,0.000000e+00,0.000000e+00,0.0000,0.0000,0
79,features.11,103,pruned_before,nan,0.000000e+00,0.000000e+00,0.0000,0.0000,0
79,features.11,104,pruned_before,nan,0.000000e+00,0.000000e+00,0.0000,0.0000,0
79,features.11,105,pruned_before,nan,0.000000e+00,0.000000e+00,0.0000,0.0000,0
79,features.11,106,pruned_before,nan,0.000000e+00,0.000000e+00,0.0000,0.0000,0
79,features.11,107,pruned_before,nan,0.000000e+00,0.000000e+00,0.0000,0.0000,0
79,features.11,108,pruned_before,nan,0.000000e+00,0.000000e+00,0.0000,0.0000,0
79,features.11,109,pruned_before,nan,0.000000e+00,0.000000e+00,0.0000,0.0000,0
79,features.11,110,pruned_before,nan,0.000000e+00,0.000000e+00,0.0000,0.0000,0
79,features.11,111,pruned_before,nan,0.000000e+00,0.000000e+00,0.0000,0.0000,0
79,features.11,112,pruned_before,nan,0.000000e+00,0.000000e+00,0.0000,0.0000,0
79,features.11,113,pruned_before,nan,0.000000e+00,0.000000e+00,0.0000,0.0000,0
79,features.11,114,pruned_before,nan,0.000000e+00,0.000000e+00,0.0000,0.0000,0
79,features.11,115,pruned_before,nan,0.000000e+00,0.000000e+00,0.0000,0.0000,0
79,features.11,116,pruned_before,nan,0.000000e+00,0.000000e+00,0.0000,0.0000,0
79,features.11,117,pruned_before,nan,0.000000e+00,0.000000e+00,0.0000,0.0000,0
79,features.11,118,pruned_before,nan,0.000000e+00,0.000000e+00,0.0000,0.0000,0
79,features.11,119,active,0.034860,2.926524e-08,2.186644e-03,0.0023,0.0720,169
79,features.11,120,pruned_before,nan,0.000000e+00,0.000000e+00,0.0000,0.0000,0
79,features.11,121,pruned_before,nan,0.000000e+00,0.000000e+00,0.0000,0.0000,0
79,features.11,122,pruned_before,nan,0.000000e+00,0.000000e+00,0.0000,0.0000,0
79,features.11,123,pruned_before,nan,0.000000e+00,0.000000e+00,0.0000,0.0000,0
79,features.11,124,pruned_before,nan,0.000000e+00,0.000000e+00,0.0000,0.0000,0
79,features.11,125,pruned_before,nan,0.000000e+00,0.000000e+00,0.0000,0.0000,0
79,features.11,126,pruned_before,nan,0.000000e+00,0.000000e+00,0.0000,0.0000,0
79,features.11,127,pruned_before,nan,0.000000e+00,0.000000e+00,0.0000,0.0000,0
79,features.11,128,pruned_before,nan,0.000000e+00,0.000000e+00,0.0000,0.0000,0
79,features.11,129,pruned_before,nan,0.000000e+00,0.000000e+00,0.0000,0.0000,0
79,features.11,130,pruned_before,nan,0.000000e+00,0.000000e+00,0.0000,0.0000,0
79,features.11,131,pruned_before,nan,0.000000e+00,0.000000e+00,0.0000,0.0000,0
79,features.11,132,active,0.001235,3.867884e-08,1.661444e-04,0.0030,0.0055,169
79,features.11,133,pruned_before,nan,0.000000e+00,0.000000e+00,0.0000,0.0000,0
79,features.11,134,pruned_before,nan,0.000000e+00,0.000000e+00,0.0000,0.0000,0
79,features.11,135,pruned_before,nan,0.000000e+00,0.000000e+00,0.0000,0.0000,0
79,features.11,136,pruned_before,nan,0.000000e+00,0.000000e+00,0.0000,0.0000,0
79,features.11,137,pruned_before,nan,0.000000e+00,0.000000e+00,0.0000,0.0000,0
79,features.11,138,pruned_before,nan,0.000000e+00,0.000000e+00,0.0000,0.0000,0
79,features.11,139,pruned_before,nan,0.000000e+00,0.000000e+00,0.0000,0.0000,0
79,features.11,140,pruned_before,nan,0.000000e+00,0.000000e+00,0.0000,0.0000,0
79,features.11,141,pruned_before,nan,0.000000e+00,0.000000e+00,0.0000,0.0000,0
79,features.11,142,pruned_before,nan,0.000000e+00,0.000000e+00,0.0000,0.0000,0
79,features.11,143,pruned_before,nan,0.000000e+00,0.000000e+00,0.0000,0.0000,0
79,features.11,144,pruned_before,nan,0.000000e+00,0.000000e+00,0.0000,0.0000,0
79,features.11,145,pruned_before,nan,0.000000e+00,0.000000e+00,0.0000,0.0000,0
79,features.11,146,pruned_before,nan,0.000000e+00,0.000000e+00,0.0000,0.0000,0
79,features.11,147,pruned_before,nan,0.000000e+00,0.000000e+00,0.0000,0.0000,0
79,features.11,148,pruned_before,nan,0.000000e+00,0.000000e+00,0.0000,0.0000,0
79,features.11,149,pruned_before,nan,0.000000e+00,0.000000e+00,0.0000,0.0000,0
79,features.11,150,pruned_before,nan,0.000000e+00,0.000000e+00,0.0000,0.0000,0
79,features.11,151,pruned_before,nan,0.000000e+00,0.000000e+00,0.0000,0.0000,0
79,features.11,152,pruned_before,nan,0.000000e+00,0.000000e+00,0.0000,0.0000,0
79,features.11,153,pruned_before,nan,0.000000e+00,0.000000e+00,0.0000,0.0000,0
79,features.11,154,pruned_before,nan,0.000000e+00,0.000000e+00,0.0000,0.0000,0
79,features.11,155,pruned_before,nan,0.000000e+00,0.000000e+00,0.0000,0.0000,0
79,features.11,156,pruned_before,nan,0.000000e+00,0.000000e+00,0.0000,0.0000,0
79,features.11,157,pruned_before,nan,0.000000e+00,0.000000e+00,0.0000,0.0000,0
79,features.11,158,pruned_before,nan,0.000000e+00,0.000000e+00,0.0000,0.0000,0
79,features.11,159,pruned_before,nan,0.000000e+00,0.000000e+00,0.0000,0.0000,0
79,features.11,160,pruned_before,nan,0.000000e+00,0.000000e+00,0.0000,0.0000,0
79,features.11,161,pruned_before,nan,0.000000e+00,0.000000e+00,0.0000,0.0000,0
79,features.11,162,pruned_before,nan,0.000000e+00,0.000000e+00,0.0000,0.0000,0
79,features.11,163,pruned_before,nan,0.000000e+00,0.000000e+00,0.0000,0.0000,0
79,features.11,164,pruned_before,nan,0.000000e+00,0.000000e+00,0.0000,0.0000,0
79,features.11,165,pruned_before,nan,0.000000e+00,0.000000e+00,0.0000,0.0000,0
79,features.11,166,pruned_before,nan,0.000000e+00,0.000000e+00,0.0000,0.0000,0
79,features.11,167,pruned_before,nan,0.000000e+00,0.000000e+00,0.0000,0.0000,0
79,features.11,168,pruned_before,nan,0.000000e+00,0.000000e+00,0.0000,0.0000,0
79,features.11,169,pruned_before,nan,0.000000e+00,0.000000e+00,0.0000,0.0000,0
79,features.11,170,pruned_before,nan,0.000000e+00,0.000000e+00,0.0000,0.0000,0
79,features.11,171,pruned_before,nan,0.000000e+00,0.000000e+00,0.0000,0.0000,0
79,features.11,172,pruned_before,nan,0.000000e+00,0.000000e+00,0.0000,0.0000,0
79,features.11,173,pruned_before,nan,0.000000e+00,0.000000e+00,0.0000,0.0000,0
79,features.11,174,pruned_before,nan,0.000000e+00,0.000000e+00,0.0000,0.0000,0
79,features.11,175,pruned_before,nan,0.000000e+00,0.000000e+00,0.0000,0.0000,0
79,features.11,176,pruned_before,nan,0.000000e+00,0.000000e+00,0.0000,0.0000,0
79,features.11,177,pruned_before,nan,0.000000e+00,0.000000e+00,0.0000,0.0000,0
79,features.11,178,pruned_before,nan,0.000000e+00,0.000000e+00,0.0000,0.0000,0
79,features.11,179,active,-0.004847,2.073559e-07,1.939113e-04,0.0161,0.0064,169
79,features.11,180,pruned_before,nan,0.000000e+00,0.000000e+00,0.0000,0.0000,0
79,features.11,181,pruned_before,nan,0.000000e+00,0.000000e+00,0.0000,0.0000,0
79,features.11,182,pruned_before,nan,0.000000e+00,0.000000e+00,0.0000,0.0000,0
79,features.11,183,pruned_before,nan,0.000000e+00,0.000000e+00,0.0000,0.0000,0
79,features.11,184,pruned_before,nan,0.000000e+00,0.000000e+00,0.0000,0.0000,0
79,features.11,185,pruned_before,nan,0.000000e+00,0.000000e+00,0.0000,0.0000,0
79,features.11,186,pruned_before,nan,0.000000e+00,0.000000e+00,0.0000,0.0000,0
79,features.11,187,pruned_before,nan,0.000000e+00,0.000000e+00,0.0000,0.0000,0
79,features.11,188,pruned_before,nan,0.000000e+00,0.000000e+00,0.0000,0.0000,0
79,features.11,189,pruned_before,nan,0.000000e+00,0.000000e+00,0.0000,0.0000,0
79,features.11,190,pruned_before,nan,0.000000e+00,0.000000e+00,0.0000,0.0000,0
79,features.11,191,pruned_before,nan,0.000000e+00,0.000000e+00,0.0000,0.0000,0
79,features.11,192,pruned_before,nan,0.000000e+00,0.000000e+00,0.0000,0.0000,0
79,features.11,193,pruned_before,nan,0.000000e+00,0.000000e+00,0.0000,0.0000,0
79,features.11,194,pruned_before,nan,0.000000e+00,0.000000e+00,0.0000,0.0000,0
79,features.11,195,pruned_before,nan,0.000000e+00,0.000000e+00,0.0000,0.0000,0
79,features.11,196,pruned_before,nan,0.000000e+00,0.000000e+00,0.0000,0.0000,0
79,features.11,197,pruned_before,nan,0.000000e+00,0.000000e+00,0.0000,0.0000,0
79,features.11,198,pruned_before,nan,0.000000e+00,0.000000e+00,0.0000,0.0000,0
79,features.11,199,pruned_before,nan,0.000000e+00,0.000000e+00,0.0000,0.0000,0
79,features.11,200,pruned_before,nan,0.000000e+00,0.000000e+00,0.0000,0.0000,0
79,features.11,201,pruned_before,nan,0.000000e+00,0.000000e+00,0.0000,0.0000,0
79,features.11,202,pruned_before,nan,0.000000e+00,0.000000e+00,0.0000,0.0000,0
79,features.11,203,active,-0.017322,1.239574e-06,1.867011e-03,0.0961,0.0615,169
79,features.11,204,pruned_before,nan,0.000000e+00,0.000000e+00,0.0000,0.0000,0
79,features.11,205,pruned_before,nan,0.000000e+00,0.000000e+00,0.0000,0.0000,0
79,features.11,206,pruned_before,nan,0.000000e+00,0.000000e+00,0.0000,0.0000,0
79,features.11,207,pruned_before,nan,0.000000e+00,0.000000e+00,0.0000,0.0000,0
79,features.11,208,pruned_before,nan,0.000000e+00,0.000000e+00,0.0000,0.0000,0
79,features.11,209,pruned_before,nan,0.000000e+00,0.000000e+00,0.0000,0.0000,0
79,features.11,210,pruned_before,nan,0.000000e+00,0.000000e+00,0.0000,0.0000,0
79,features.11,211,pruned_before,nan,0.000000e+00,0.000000e+00,0.0000,0.0000,0
79,features.11,212,pruned_before,nan,0.000000e+00,0.000000e+00,0.0000,0.0000,0
79,features.11,213,pruned_before,nan,0.000000e+00,0.000000e+00,0.0000,0.0000,0
79,features.11,214,pruned_before,nan,0.000000e+00,0.000000e+00,0.0000,0.0000,0
79,features.11,215,pruned_before,nan,0.000000e+00,0.000000e+00,0.0000,0.0000,0
79,features.11,216,pruned_before,nan,0.000000e+00,0.000000e+00,0.0000,0.0000,0
79,features.11,217,pruned_before,nan,0.000000e+00,0.000000e+00,0.0000,0.0000,0
79,features.11,218,active,-0.023365,1.113279e-06,1.202456e-03,0.0863,0.0396,169
79,features.11,219,pruned_before,nan,0.000000e+00,0.000000e+00,0.0000,0.0000,0
79,features.11,220,pruned_before,nan,0.000000e+00,0.000000e+00,0.0000,0.0000,0
79,features.11,221,pruned_before,nan,0.000000e+00,0.000000e+00,0.0000,0.0000,0
79,features.11,222,pruned_before,nan,0.000000e+00,0.000000e+00,0.0000,0.0000,0
79,features.11,223,pruned_before,nan,0.000000e+00,0.000000e+00,0.0000,0.0000,0
79,features.11,224,pruned_before,nan,0.000000e+00,0.000000e+00,0.0000,0.0000,0
79,features.11,225,pruned_before,nan,0.000000e+00,0.000000e+00,0.0000,0.0000,0
79,features.11,226,pruned_before,nan,0.000000e+00,0.000000e+00,0.0000,0.0000,0
79,features.11,227,pruned_before,nan,0.000000e+00,0.000000e+00,0.0000,0.0000,0
79,features.11,228,pruned_before,nan,0.000000e+00,0.000000e+00,0.0000,0.0000,0
79,features.11,229,pruned_before,nan,0.000000e+00,0.000000e+00,0.0000,0.0000,0
79,features.11,230,pruned_before,nan,0.000000e+00,0.000000e+00,0.0000,0.0000,0
79,features.11,231,pruned_before,nan,0.000000e+00,0.000000e+00,0.0000,0.0000,0
79,features.11,232,pruned_before,nan,0.000000e+00,0.000000e+00,0.0000,0.0000,0
79,features.11,233,pruned_before,nan,0.000000e+00,0.000000e+00,0.0000,0.0000,0
79,features.11,234,pruned_before,nan,0.000000e+00,0.000000e+00,0.0000,0.0000,0
79,features.11,235,pruned_before,nan,0.000000e+00,0.000000e+00,0.0000,0.0000,0
79,features.11,236,pruned_before,nan,0.000000e+00,0.000000e+00,0.0000,0.0000,0
79,features.11,237,pruned_before,nan,0.000000e+00,0.000000e+00,0.0000,0.0000,0
79,features.11,238,pruned_before,nan,0.000000e+00,0.000000e+00,0.0000,0.0000,0
79,features.11,239,pruned_before,nan,0.000000e+00,0.000000e+00,0.0000,0.0000,0
79,features.11,240,pruned_before,nan,0.000000e+00,0.000000e+00,0.0000,0.0000,0
79,features.11,241,pruned_before,nan,0.000000e+00,0.000000e+00,0.0000,0.0000,0
79,features.11,242,pruned_before,nan,0.000000e+00,0.000000e+00,0.0000,0.0000,0
79,features.11,243,pruned_before,nan,0.000000e+00,0.000000e+00,0.0000,0.0000,0
79,features.11,244,pruned_before,nan,0.000000e+00,0.000000e+00,0.0000,0.0000,0
79,features.11,245,pruned_before,nan,0.000000e+00,0.000000e+00,0.0000,0.0000,0
79,features.11,246,pruned_before,nan,0.000000e+00,0.000000e+00,0.0000,0.0000,0
79,features.11,247,pruned_before,nan,0.000000e+00,0.000000e+00,0.0000,0.0000,0
79,features.11,248,pruned_before,nan,0.000000e+00,0.000000e+00,0.0000,0.0000,0
79,features.11,249,pruned_before,nan,0.000000e+00,0.000000e+00,0.0000,0.0000,0
79,features.11,250,pruned_before,nan,0.000000e+00,0.000000e+00,0.0000,0.0000,0
79,features.11,251,pruned_before,nan,0.000000e+00,0.000000e+00,0.0000,0.0000,0
79,features.11,252,pruned_before,nan,0.000000e+00,0.000000e+00,0.0000,0.0000,0
79,features.11,253,pruned_before,nan,0.000000e+00,0.000000e+00,0.0000,0.0000,0
79,features.11,254,pruned_before,nan,0.000000e+00,0.000000e+00,0.0000,0.0000,0
79,features.11,255,pruned_before,nan,0.000000e+00,0.000000e+00,0.0000,0.0000,0
79,features.11,256,pruned_before,nan,0.000000e+00,0.000000e+00,0.0000,0.0000,0
79,features.11,257,pruned_before,nan,0.000000e+00,0.000000e+00,0.0000,0.0000,0
79,features.11,258,pruned_before,nan,0.000000e+00,0.000000e+00,0.0000,0.0000,0
79,features.11,259,pruned_before,nan,0.000000e+00,0.000000e+00,0.0000,0.0000,0
79,features.11,260,pruned_before,nan,0.000000e+00,0.000000e+00,0.0000,0.0000,0
79,features.11,261,pruned_before,nan,0.000000e+00,0.000000e+00,0.0000,0.0000,0
79,features.11,262,pruned_before,nan,0.000000e+00,0.000000e+00,0.0000,0.0000,0
79,features.11,263,pruned_before,nan,0.000000e+00,0.000000e+00,0.0000,0.0000,0
79,features.11,264,active,0.011214,1.033863e-07,9.246939e-04,0.0080,0.0304,169
79,features.11,265,pruned_before,nan,0.000000e+00,0.000000e+00,0.0000,0.0000,0
79,features.11,266,pruned_before,nan,0.000000e+00,0.000000e+00,0.0000,0.0000,0
79,features.11,267,pruned_before,nan,0.000000e+00,0.000000e+00,0.0000,0.0000,0
79,features.11,268,pruned_before,nan,0.000000e+00,0.000000e+00,0.0000,0.0000,0
79,features.11,269,pruned_before,nan,0.000000e+00,0.000000e+00,0.0000,0.0000,0
79,features.11,270,pruned_before,nan,0.000000e+00,0.000000e+00,0.0000,0.0000,0
79,features.11,271,pruned_before,nan,0.000000e+00,0.000000e+00,0.0000,0.0000,0
79,features.11,272,active,0.002530,8.307319e-09,1.732650e-04,0.0006,0.0057,169
79,features.11,273,pruned_before,nan,0.000000e+00,0.000000e+00,0.0000,0.0000,0
79,features.11,274,pruned_before,nan,0.000000e+00,0.000000e+00,0.0000,0.0000,0
79,features.11,275,pruned_before,nan,0.000000e+00,0.000000e+00,0.0000,0.0000,0
79,features.11,276,pruned_before,nan,0.000000e+00,0.000000e+00,0.0000,0.0000,0
79,features.11,277,pruned_before,nan,0.000000e+00,0.000000e+00,0.0000,0.0000,0
79,features.11,278,pruned_before,nan,0.000000e+00,0.000000e+00,0.0000,0.0000,0
79,features.11,279,pruned_before,nan,0.000000e+00,0.000000e+00,0.0000,0.0000,0
79,features.11,280,pruned_before,nan,0.000000e+00,0.000000e+00,0.0000,0.0000,0
79,features.11,281,pruned_before,nan,0.000000e+00,0.000000e+00,0.0000,0.0000,0
79,features.11,282,pruned_before,nan,0.000000e+00,0.000000e+00,0.0000,0.0000,0
79,features.11,283,pruned_before,nan,0.000000e+00,0.000000e+00,0.0000,0.0000,0
79,features.11,284,pruned_before,nan,0.000000e+00,0.000000e+00,0.0000,0.0000,0
79,features.11,285,pruned_before,nan,0.000000e+00,0.000000e+00,0.0000,0.0000,0
79,features.11,286,pruned_before,nan,0.000000e+00,0.000000e+00,0.0000,0.0000,0
79,features.11,287,pruned_before,nan,0.000000e+00,0.000000e+00,0.0000,0.0000,0
79,features.11,288,pruned_before,nan,0.000000e+00,0.000000e+00,0.0000,0.0000,0
79,features.11,289,pruned_before,nan,0.000000e+00,0.000000e+00,0.0000,0.0000,0
79,features.11,290,pruned_before,nan,0.000000e+00,0.000000e+00,0.0000,0.0000,0
79,features.11,291,pruned_before,nan,0.000000e+00,0.000000e+00,0.0000,0.0000,0
79,features.11,292,pruned_before,nan,0.000000e+00,0.000000e+00,0.0000,0.0000,0
79,features.11,293,pruned_before,nan,0.000000e+00,0.000000e+00,0.0000,0.0000,0
79,features.11,294,pruned_before,nan,0.000000e+00,0.000000e+00,0.0000,0.0000,0
79,features.11,295,active,-0.021523,6.142575e-07,1.391364e-04,0.0476,0.0046,169
79,features.11,296,pruned_before,nan,0.000000e+00,0.000000e+00,0.0000,0.0000,0
79,features.11,297,pruned_before,nan,0.000000e+00,0.000000e+00,0.0000,0.0000,0
79,features.11,298,pruned_before,nan,0.000000e+00,0.000000e+00,0.0000,0.0000,0
79,features.11,299,pruned_before,nan,0.000000e+00,0.000000e+00,0.0000,0.0000,0
79,features.11,300,pruned_before,nan,0.000000e+00,0.000000e+00,0.0000,0.0000,0
79,features.11,301,pruned_before,nan,0.000000e+00,0.000000e+00,0.0000,0.0000,0
79,features.11,302,pruned_before,nan,0.000000e+00,0.000000e+00,0.0000,0.0000,0
79,features.11,303,pruned_before,nan,0.000000e+00,0.000000e+00,0.0000,0.0000,0
79,features.11,304,pruned_before,nan,0.000000e+00,0.000000e+00,0.0000,0.0000,0
79,features.11,305,pruned_before,nan,0.000000e+00,0.000000e+00,0.0000,0.0000,0
79,features.11,306,pruned_before,nan,0.000000e+00,0.000000e+00,0.0000,0.0000,0
79,features.11,307,pruned_before,nan,0.000000e+00,0.000000e+00,0.0000,0.0000,0
79,features.11,308,pruned_before,nan,0.000000e+00,0.000000e+00,0.0000,0.0000,0
79,features.11,309,pruned_before,nan,0.000000e+00,0.000000e+00,0.0000,0.0000,0
79,features.11,310,pruned_before,nan,0.000000e+00,0.000000e+00,0.0000,0.0000,0
79,features.11,311,pruned_before,nan,0.000000e+00,0.000000e+00,0.0000,0.0000,0
79,features.11,312,pruned_before,nan,0.000000e+00,0.000000e+00,0.0000,0.0000,0
79,features.11,313,pruned_before,nan,0.000000e+00,0.000000e+00,0.0000,0.0000,0
79,features.11,314,pruned_before,nan,0.000000e+00,0.000000e+00,0.0000,0.0000,0
79,features.11,315,pruned_before,nan,0.000000e+00,0.000000e+00,0.0000,0.0000,0
79,features.11,316,pruned_before,nan,0.000000e+00,0.000000e+00,0.0000,0.0000,0
79,features.11,317,pruned_before,nan,0.000000e+00,0.000000e+00,0.0000,0.0000,0
79,features.11,318,pruned_before,nan,0.000000e+00,0.000000e+00,0.0000,0.0000,0
79,features.11,319,pruned_before,nan,0.000000e+00,0.000000e+00,0.0000,0.0000,0
79,features.11,320,pruned_before,nan,0.000000e+00,0.000000e+00,0.0000,0.0000,0
79,features.11,321,pruned_before,nan,0.000000e+00,0.000000e+00,0.0000,0.0000,0
79,features.11,322,pruned_before,nan,0.000000e+00,0.000000e+00,0.0000,0.0000,0
79,features.11,323,pruned_before,nan,0.000000e+00,0.000000e+00,0.0000,0.0000,0
79,features.11,324,pruned_before,nan,0.000000e+00,0.000000e+00,0.0000,0.0000,0
79,features.11,325,pruned_before,nan,0.000000e+00,0.000000e+00,0.0000,0.0000,0
79,features.11,326,pruned_before,nan,0.000000e+00,0.000000e+00,0.0000,0.0000,0
79,features.11,327,pruned_before,nan,0.000000e+00,0.000000e+00,0.0000,0.0000,0
79,features.11,328,pruned_before,nan,0.000000e+00,0.000000e+00,0.0000,0.0000,0
79,features.11,329,pruned_before,nan,0.000000e+00,0.000000e+00,0.0000,0.0000,0
79,features.11,330,pruned_before,nan,0.000000e+00,0.000000e+00,0.0000,0.0000,0
79,features.11,331,pruned_before,nan,0.000000e+00,0.000000e+00,0.0000,0.0000,0
79,features.11,332,pruned_before,nan,0.000000e+00,0.000000e+00,0.0000,0.0000,0
79,features.11,333,pruned_before,nan,0.000000e+00,0.000000e+00,0.0000,0.0000,0
79,features.11,334,pruned_before,nan,0.000000e+00,0.000000e+00,0.0000,0.0000,0
79,features.11,335,pruned_before,nan,0.000000e+00,0.000000e+00,0.0000,0.0000,0
79,features.11,336,pruned_before,nan,0.000000e+00,0.000000e+00,0.0000,0.0000,0
79,features.11,337,pruned_before,nan,0.000000e+00,0.000000e+00,0.0000,0.0000,0
79,features.11,338,pruned_before,nan,0.000000e+00,0.000000e+00,0.0000,0.0000,0
79,features.11,339,pruned_before,nan,0.000000e+00,0.000000e+00,0.0000,0.0000,0
79,features.11,340,pruned_before,nan,0.000000e+00,0.000000e+00,0.0000,0.0000,0
79,features.11,341,pruned_before,nan,0.000000e+00,0.000000e+00,0.0000,0.0000,0
79,features.11,342,pruned_before,nan,0.000000e+00,0.000000e+00,0.0000,0.0000,0
79,features.11,343,pruned_before,nan,0.000000e+00,0.000000e+00,0.0000,0.0000,0
79,features.11,344,pruned_before,nan,0.000000e+00,0.000000e+00,0.0000,0.0000,0
79,features.11,345,active,0.000163,4.048727e-08,1.052367e-04,0.0031,0.0035,169
79,features.11,346,pruned_before,nan,0.000000e+00,0.000000e+00,0.0000,0.0000,0
79,features.11,347,pruned_before,nan,0.000000e+00,0.000000e+00,0.0000,0.0000,0
79,features.11,348,pruned_before,nan,0.000000e+00,0.000000e+00,0.0000,0.0000,0
79,features.11,349,pruned_before,nan,0.000000e+00,0.000000e+00,0.0000,0.0000,0
79,features.11,350,pruned_before,nan,0.000000e+00,0.000000e+00,0.0000,0.0000,0
79,features.11,351,pruned_before,nan,0.000000e+00,0.000000e+00,0.0000,0.0000,0
79,features.11,352,pruned_before,nan,0.000000e+00,0.000000e+00,0.0000,0.0000,0
79,features.11,353,pruned_before,nan,0.000000e+00,0.000000e+00,0.0000,0.0000,0
79,features.11,354,pruned_before,nan,0.000000e+00,0.000000e+00,0.0000,0.0000,0
79,features.11,355,pruned_before,nan,0.000000e+00,0.000000e+00,0.0000,0.0000,0
79,features.11,356,pruned_before,nan,0.000000e+00,0.000000e+00,0.0000,0.0000,0
79,features.11,357,pruned_before,nan,0.000000e+00,0.000000e+00,0.0000,0.0000,0
79,features.11,358,pruned_before,nan,0.000000e+00,0.000000e+00,0.0000,0.0000,0
79,features.11,359,pruned_before,nan,0.000000e+00,0.000000e+00,0.0000,0.0000,0
79,features.11,360,pruned_before,nan,0.000000e+00,0.000000e+00,0.0000,0.0000,0
79,features.11,361,pruned_before,nan,0.000000e+00,0.000000e+00,0.0000,0.0000,0
79,features.11,362,pruned_before,nan,0.000000e+00,0.000000e+00,0.0000,0.0000,0
79,features.11,363,pruned_before,nan,0.000000e+00,0.000000e+00,0.0000,0.0000,0
79,features.11,364,pruned_before,nan,0.000000e+00,0.000000e+00,0.0000,0.0000,0
79,features.11,365,pruned_before,nan,0.000000e+00,0.000000e+00,0.0000,0.0000,0
79,features.11,366,pruned_before,nan,0.000000e+00,0.000000e+00,0.0000,0.0000,0
79,features.11,367,active,0.003700,4.477896e-08,3.302425e-04,0.0035,0.0109,169
79,features.11,368,pruned_before,nan,0.000000e+00,0.000000e+00,0.0000,0.0000,0
79,features.11,369,pruned_before,nan,0.000000e+00,0.000000e+00,0.0000,0.0000,0
79,features.11,370,pruned_before,nan,0.000000e+00,0.000000e+00,0.0000,0.0000,0
79,features.11,371,pruned_before,nan,0.000000e+00,0.000000e+00,0.0000,0.0000,0
79,features.11,372,pruned_before,nan,0.000000e+00,0.000000e+00,0.0000,0.0000,0
79,features.11,373,pruned_before,nan,0.000000e+00,0.000000e+00,0.0000,0.0000,0
79,features.11,374,pruned_before,nan,0.000000e+00,0.000000e+00,0.0000,0.0000,0
79,features.11,375,pruned_before,nan,0.000000e+00,0.000000e+00,0.0000,0.0000,0
79,features.11,376,pruned_before,nan,0.000000e+00,0.000000e+00,0.0000,0.0000,0
79,features.11,377,pruned_before,nan,0.000000e+00,0.000000e+00,0.0000,0.0000,0
79,features.11,378,pruned_before,nan,0.000000e+00,0.000000e+00,0.0000,0.0000,0
79,features.11,379,pruned_before,nan,0.000000e+00,0.000000e+00,0.0000,0.0000,0
79,features.11,380,pruned_before,nan,0.000000e+00,0.000000e+00,0.0000,0.0000,0
79,features.11,381,pruned_before,nan,0.000000e+00,0.000000e+00,0.0000,0.0000,0
79,features.11,382,pruned_before,nan,0.000000e+00,0.000000e+00,0.0000,0.0000,0
79,features.11,383,pruned_before,nan,0.000000e+00,0.000000e+00,0.0000,0.0000,0
79,features.12,0,pruned_before,nan,0.000000e+00,0.000000e+00,0.0000,0.0000,0
79,features.12,1,pruned_before,nan,0.000000e+00,0.000000e+00,0.0000,0.0000,0
79,features.12,2,pruned_before,nan,0.000000e+00,0.000000e+00,0.0000,0.0000,0
79,features.12,3,pruned_before,nan,0.000000e+00,0.000000e+00,0.0000,0.0000,0
79,features.12,4,pruned_before,nan,0.000000e+00,0.000000e+00,0.0000,0.0000,0
79,features.12,5,pruned_before,nan,0.000000e+00,0.000000e+00,0.0000,0.0000,0
79,features.12,6,pruned_before,nan,0.000000e+00,0.000000e+00,0.0000,0.0000,0
79,features.12,7,pruned_before,nan,0.000000e+00,0.000000e+00,0.0000,0.0000,0
79,features.12,8,pruned_before,nan,0.000000e+00,0.000000e+00,0.0000,0.0000,0
79,features.12,9,pruned_before,nan,0.000000e+00,0.000000e+00,0.0000,0.0000,0
79,features.12,10,pruned_before,nan,0.000000e+00,0.000000e+00,0.0000,0.0000,0
79,features.12,11,pruned_before,nan,0.000000e+00,0.000000e+00,0.0000,0.0000,0
79,features.12,12,pruned_before,nan,0.000000e+00,0.000000e+00,0.0000,0.0000,0
79,features.12,13,pruned_before,nan,0.000000e+00,0.000000e+00,0.0000,0.0000,0
79,features.12,14,pruned_before,nan,0.000000e+00,0.000000e+00,0.0000,0.0000,0
79,features.12,15,pruned_before,nan,0.000000e+00,0.000000e+00,0.0000,0.0000,0
79,features.12,16,pruned_before,nan,0.000000e+00,0.000000e+00,0.0000,0.0000,0
79,features.12,17,pruned_before,nan,0.000000e+00,0.000000e+00,0.0000,0.0000,0
79,features.12,18,pruned_before,nan,0.000000e+00,0.000000e+00,0.0000,0.0000,0
79,features.12,19,pruned_before,nan,0.000000e+00,0.000000e+00,0.0000,0.0000,0
79,features.12,20,pruned_before,nan,0.000000e+00,0.000000e+00,0.0000,0.0000,0
79,features.12,21,pruned_before,nan,0.000000e+00,0.000000e+00,0.0000,0.0000,0
79,features.12,22,pruned_before,nan,0.000000e+00,0.000000e+00,0.0000,0.0000,0
79,features.12,23,pruned_before,nan,0.000000e+00,0.000000e+00,0.0000,0.0000,0
79,features.12,24,pruned_before,nan,0.000000e+00,0.000000e+00,0.0000,0.0000,0
79,features.12,25,pruned_before,nan,0.000000e+00,0.000000e+00,0.0000,0.0000,0
79,features.12,26,pruned_before,nan,0.000000e+00,0.000000e+00,0.0000,0.0000,0
79,features.12,27,active,-0.082794,1.604066e-07,2.827521e-04,0.1786,0.0130,201
79,features.12,28,pruned_before,nan,0.000000e+00,0.000000e+00,0.0000,0.0000,0
79,features.12,29,pruned_before,nan,0.000000e+00,0.000000e+00,0.0000,0.0000,0
79,features.12,30,pruned_before,nan,0.000000e+00,0.000000e+00,0.0000,0.0000,0
79,features.12,31,pruned_before,nan,0.000000e+00,0.000000e+00,0.0000,0.0000,0
79,features.12,32,pruned_before,nan,0.000000e+00,0.000000e+00,0.0000,0.0000,0
79,features.12,33,pruned_before,nan,0.000000e+00,0.000000e+00,0.0000,0.0000,0
79,features.12,34,protected,0.000001,8.979820e-07,2.167902e-02,1.0000,1.0000,201
79,features.12,35,pruned_before,nan,0.000000e+00,0.000000e+00,0.0000,0.0000,0
79,features.12,36,pruned_before,nan,0.000000e+00,0.000000e+00,0.0000,0.0000,0
79,features.12,37,pruned_before,nan,0.000000e+00,0.000000e+00,0.0000,0.0000,0
79,features.12,38,pruned_before,nan,0.000000e+00,0.000000e+00,0.0000,0.0000,0
79,features.12,39,pruned_before,nan,0.000000e+00,0.000000e+00,0.0000,0.0000,0
79,features.12,40,pruned_before,nan,0.000000e+00,0.000000e+00,0.0000,0.0000,0
79,features.12,41,pruned_before,nan,0.000000e+00,0.000000e+00,0.0000,0.0000,0
79,features.12,42,pruned_before,nan,0.000000e+00,0.000000e+00,0.0000,0.0000,0
79,features.12,43,pruned_before,nan,0.000000e+00,0.000000e+00,0.0000,0.0000,0
79,features.12,44,pruned_before,nan,0.000000e+00,0.000000e+00,0.0000,0.0000,0
79,features.12,45,pruned_before,nan,0.000000e+00,0.000000e+00,0.0000,0.0000,0
79,features.12,46,active,-0.003830,7.329275e-09,1.086077e-05,0.0082,0.0005,201
79,features.12,47,pruned_before,nan,0.000000e+00,0.000000e+00,0.0000,0.0000,0
79,features.12,48,active,-0.000052,9.839085e-11,1.045365e-07,0.0001,0.0000,201
79,features.12,49,pruned_before,nan,0.000000e+00,0.000000e+00,0.0000,0.0000,0
79,features.12,50,pruned_before,nan,0.000000e+00,0.000000e+00,0.0000,0.0000,0
79,features.12,51,pruned_before,nan,0.000000e+00,0.000000e+00,0.0000,0.0000,0
79,features.12,52,pruned_before,nan,0.000000e+00,0.000000e+00,0.0000,0.0000,0
79,features.12,53,pruned_before,nan,0.000000e+00,0.000000e+00,0.0000,0.0000,0
79,features.12,54,pruned_before,nan,0.000000e+00,0.000000e+00,0.0000,0.0000,0
79,features.12,55,pruned_before,nan,0.000000e+00,0.000000e+00,0.0000,0.0000,0
79,features.12,56,pruned_before,nan,0.000000e+00,0.000000e+00,0.0000,0.0000,0
79,features.12,57,pruned_before,nan,0.000000e+00,0.000000e+00,0.0000,0.0000,0
79,features.12,58,pruned_before,nan,0.000000e+00,0.000000e+00,0.0000,0.0000,0
79,features.12,59,pruned_before,nan,0.000000e+00,0.000000e+00,0.0000,0.0000,0
79,features.12,60,pruned_before,nan,0.000000e+00,0.000000e+00,0.0000,0.0000,0
79,features.12,61,pruned_before,nan,0.000000e+00,0.000000e+00,0.0000,0.0000,0
79,features.12,62,pruned_before,nan,0.000000e+00,0.000000e+00,0.0000,0.0000,0
79,features.12,63,pruned_before,nan,0.000000e+00,0.000000e+00,0.0000,0.0000,0
79,features.12,64,pruned_before,nan,0.000000e+00,0.000000e+00,0.0000,0.0000,0
79,features.12,65,pruned_before,nan,0.000000e+00,0.000000e+00,0.0000,0.0000,0
79,features.12,66,pruned_before,nan,0.000000e+00,0.000000e+00,0.0000,0.0000,0
79,features.12,67,pruned_before,nan,0.000000e+00,0.000000e+00,0.0000,0.0000,0
79,features.12,68,pruned_before,nan,0.000000e+00,0.000000e+00,0.0000,0.0000,0
79,features.12,69,pruned_before,nan,0.000000e+00,0.000000e+00,0.0000,0.0000,0
79,features.12,70,pruned_before,nan,0.000000e+00,0.000000e+00,0.0000,0.0000,0
79,features.12,71,pruned_before,nan,0.000000e+00,0.000000e+00,0.0000,0.0000,0
79,features.12,72,pruned_before,nan,0.000000e+00,0.000000e+00,0.0000,0.0000,0
79,features.12,73,pruned_before,nan,0.000000e+00,0.000000e+00,0.0000,0.0000,0
79,features.12,74,pruned_before,nan,0.000000e+00,0.000000e+00,0.0000,0.0000,0
79,features.12,75,pruned_before,nan,0.000000e+00,0.000000e+00,0.0000,0.0000,0
79,features.12,76,pruned_before,nan,0.000000e+00,0.000000e+00,0.0000,0.0000,0
79,features.12,77,pruned_before,nan,0.000000e+00,0.000000e+00,0.0000,0.0000,0
79,features.12,78,pruned_before,nan,0.000000e+00,0.000000e+00,0.0000,0.0000,0
79,features.12,79,pruned_before,nan,0.000000e+00,0.000000e+00,0.0000,0.0000,0
79,features.12,80,pruned_before,nan,0.000000e+00,0.000000e+00,0.0000,0.0000,0
79,features.12,81,pruned_before,nan,0.000000e+00,0.000000e+00,0.0000,0.0000,0
79,features.12,82,pruned_before,nan,0.000000e+00,0.000000e+00,0.0000,0.0000,0
79,features.12,83,pruned_before,nan,0.000000e+00,0.000000e+00,0.0000,0.0000,0
79,features.12,84,pruned_before,nan,0.000000e+00,0.000000e+00,0.0000,0.0000,0
79,features.12,85,pruned_before,nan,0.000000e+00,0.000000e+00,0.0000,0.0000,0
79,features.12,86,pruned_before,nan,0.000000e+00,0.000000e+00,0.0000,0.0000,0
79,features.12,87,pruned_before,nan,0.000000e+00,0.000000e+00,0.0000,0.0000,0
79,features.12,88,pruned_before,nan,0.000000e+00,0.000000e+00,0.0000,0.0000,0
79,features.12,89,active,0.000000,0.000000e+00,0.000000e+00,0.0000,0.0000,201
79,features.12,90,active,0.000000,0.000000e+00,0.000000e+00,0.0000,0.0000,201
79,features.12,91,pruned_before,nan,0.000000e+00,0.000000e+00,0.0000,0.0000,0
79,features.12,92,pruned_before,nan,0.000000e+00,0.000000e+00,0.0000,0.0000,0
79,features.12,93,pruned_before,nan,0.000000e+00,0.000000e+00,0.0000,0.0000,0
79,features.12,94,pruned_before,nan,0.000000e+00,0.000000e+00,0.0000,0.0000,0
79,features.12,95,pruned_before,nan,0.000000e+00,0.000000e+00,0.0000,0.0000,0
79,features.12,96,pruned_before,nan,0.000000e+00,0.000000e+00,0.0000,0.0000,0
79,features.12,97,pruned_before,nan,0.000000e+00,0.000000e+00,0.0000,0.0000,0
79,features.12,98,pruned_before,nan,0.000000e+00,0.000000e+00,0.0000,0.0000,0
79,features.12,99,active,-0.003097,5.873268e-09,7.505735e-06,0.0065,0.0003,201
79,features.12,100,pruned_before,nan,0.000000e+00,0.000000e+00,0.0000,0.0000,0
79,features.12,101,pruned_before,nan,0.000000e+00,0.000000e+00,0.0000,0.0000,0
79,features.12,102,pruned_before,nan,0.000000e+00,0.000000e+00,0.0000,0.0000,0
79,features.12,103,pruned_before,nan,0.000000e+00,0.000000e+00,0.0000,0.0000,0
79,features.12,104,pruned_before,nan,0.000000e+00,0.000000e+00,0.0000,0.0000,0
79,features.12,105,pruned_before,nan,0.000000e+00,0.000000e+00,0.0000,0.0000,0
79,features.12,106,pruned_before,nan,0.000000e+00,0.000000e+00,0.0000,0.0000,0
79,features.12,107,pruned_before,nan,0.000000e+00,0.000000e+00,0.0000,0.0000,0
79,features.12,108,pruned_before,nan,0.000000e+00,0.000000e+00,0.0000,0.0000,0
79,features.12,109,pruned_before,nan,0.000000e+00,0.000000e+00,0.0000,0.0000,0
79,features.12,110,pruned_before,nan,0.000000e+00,0.000000e+00,0.0000,0.0000,0
79,features.12,111,pruned_before,nan,0.000000e+00,0.000000e+00,0.0000,0.0000,0
79,features.12,112,pruned_before,nan,0.000000e+00,0.000000e+00,0.0000,0.0000,0
79,features.12,113,pruned_before,nan,0.000000e+00,0.000000e+00,0.0000,0.0000,0
79,features.12,114,pruned_before,nan,0.000000e+00,0.000000e+00,0.0000,0.0000,0
79,features.12,115,pruned_before,nan,0.000000e+00,0.000000e+00,0.0000,0.0000,0
79,features.12,116,pruned_before,nan,0.000000e+00,0.000000e+00,0.0000,0.0000,0
79,features.12,117,active,0.000000,0.000000e+00,0.000000e+00,0.0000,0.0000,201
79,features.12,118,pruned_before,nan,0.000000e+00,0.000000e+00,0.0000,0.0000,0
79,features.12,119,pruned_before,nan,0.000000e+00,0.000000e+00,0.0000,0.0000,0
79,features.12,120,pruned_before,nan,0.000000e+00,0.000000e+00,0.0000,0.0000,0
79,features.12,121,pruned_before,nan,0.000000e+00,0.000000e+00,0.0000,0.0000,0
79,features.12,122,pruned_before,nan,0.000000e+00,0.000000e+00,0.0000,0.0000,0
79,features.12,123,pruned_before,nan,0.000000e+00,0.000000e+00,0.0000,0.0000,0
79,features.12,124,pruned_before,nan,0.000000e+00,0.000000e+00,0.0000,0.0000,0
79,features.12,125,pruned_before,nan,0.000000e+00,0.000000e+00,0.0000,0.0000,0
79,features.12,126,pruned_before,nan,0.000000e+00,0.000000e+00,0.0000,0.0000,0
79,features.12,127,pruned_before,nan,0.000000e+00,0.000000e+00,0.0000,0.0000,0
79,features.12,128,pruned_before,nan,0.000000e+00,0.000000e+00,0.0000,0.0000,0
79,features.12,129,pruned_before,nan,0.000000e+00,0.000000e+00,0.0000,0.0000,0
79,features.12,130,pruned_before,nan,0.000000e+00,0.000000e+00,0.0000,0.0000,0
79,features.12,131,active,0.008243,1.384280e-09,3.908199e-04,0.0015,0.0180,201
79,features.12,132,pruned_before,nan,0.000000e+00,0.000000e+00,0.0000,0.0000,0
79,features.12,133,active,0.001383,3.656709e-09,1.482236e-04,0.0041,0.0068,201
79,features.12,134,pruned_before,nan,0.000000e+00,0.000000e+00,0.0000,0.0000,0
79,features.12,135,pruned_before,nan,0.000000e+00,0.000000e+00,0.0000,0.0000,0
79,features.12,136,pruned_before,nan,0.000000e+00,0.000000e+00,0.0000,0.0000,0
79,features.12,137,pruned_before,nan,0.000000e+00,0.000000e+00,0.0000,0.0000,0
79,features.12,138,pruned_before,nan,0.000000e+00,0.000000e+00,0.0000,0.0000,0
79,features.12,139,pruned_before,nan,0.000000e+00,0.000000e+00,0.0000,0.0000,0
79,features.12,140,pruned_before,nan,0.000000e+00,0.000000e+00,0.0000,0.0000,0
79,features.12,141,pruned_before,nan,0.000000e+00,0.000000e+00,0.0000,0.0000,0
79,features.12,142,pruned_before,nan,0.000000e+00,0.000000e+00,0.0000,0.0000,0
79,features.12,143,pruned_before,nan,0.000000e+00,0.000000e+00,0.0000,0.0000,0
79,features.12,144,pruned_before,nan,0.000000e+00,0.000000e+00,0.0000,0.0000,0
79,features.12,145,pruned_before,nan,0.000000e+00,0.000000e+00,0.0000,0.0000,0
79,features.12,146,pruned_before,nan,0.000000e+00,0.000000e+00,0.0000,0.0000,0
79,features.12,147,pruned_before,nan,0.000000e+00,0.000000e+00,0.0000,0.0000,0
79,features.12,148,pruned_before,nan,0.000000e+00,0.000000e+00,0.0000,0.0000,0
79,features.12,149,pruned_before,nan,0.000000e+00,0.000000e+00,0.0000,0.0000,0
79,features.12,150,pruned_before,nan,0.000000e+00,0.000000e+00,0.0000,0.0000,0
79,features.12,151,pruned_before,nan,0.000000e+00,0.000000e+00,0.0000,0.0000,0
79,features.12,152,pruned_before,nan,0.000000e+00,0.000000e+00,0.0000,0.0000,0
79,features.12,153,pruned_before,nan,0.000000e+00,0.000000e+00,0.0000,0.0000,0
79,features.12,154,pruned_before,nan,0.000000e+00,0.000000e+00,0.0000,0.0000,0
79,features.12,155,pruned_before,nan,0.000000e+00,0.000000e+00,0.0000,0.0000,0
79,features.12,156,pruned_before,nan,0.000000e+00,0.000000e+00,0.0000,0.0000,0
79,features.12,157,pruned_before,nan,0.000000e+00,0.000000e+00,0.0000,0.0000,0
79,features.12,158,pruned_before,nan,0.000000e+00,0.000000e+00,0.0000,0.0000,0
79,features.12,159,pruned_before,nan,0.000000e+00,0.000000e+00,0.0000,0.0000,0
79,features.12,160,pruned_before,nan,0.000000e+00,0.000000e+00,0.0000,0.0000,0
79,features.12,161,pruned_before,nan,0.000000e+00,0.000000e+00,0.0000,0.0000,0
79,features.12,162,pruned_before,nan,0.000000e+00,0.000000e+00,0.0000,0.0000,0
79,features.12,163,active,0.000000,0.000000e+00,0.000000e+00,0.0000,0.0000,201
79,features.12,164,pruned_before,nan,0.000000e+00,0.000000e+00,0.0000,0.0000,0
79,features.12,165,pruned_before,nan,0.000000e+00,0.000000e+00,0.0000,0.0000,0
79,features.12,166,pruned_before,nan,0.000000e+00,0.000000e+00,0.0000,0.0000,0
79,features.12,167,pruned_before,nan,0.000000e+00,0.000000e+00,0.0000,0.0000,0
79,features.12,168,pruned_before,nan,0.000000e+00,0.000000e+00,0.0000,0.0000,0
79,features.12,169,pruned_before,nan,0.000000e+00,0.000000e+00,0.0000,0.0000,0
79,features.12,170,pruned_before,nan,0.000000e+00,0.000000e+00,0.0000,0.0000,0
79,features.12,171,pruned_before,nan,0.000000e+00,0.000000e+00,0.0000,0.0000,0
79,features.12,172,pruned_before,nan,0.000000e+00,0.000000e+00,0.0000,0.0000,0
79,features.12,173,pruned_before,nan,0.000000e+00,0.000000e+00,0.0000,0.0000,0
79,features.12,174,pruned_before,nan,0.000000e+00,0.000000e+00,0.0000,0.0000,0
79,features.12,175,pruned_before,nan,0.000000e+00,0.000000e+00,0.0000,0.0000,0
79,features.12,176,pruned_before,nan,0.000000e+00,0.000000e+00,0.0000,0.0000,0
79,features.12,177,pruned_before,nan,0.000000e+00,0.000000e+00,0.0000,0.0000,0
79,features.12,178,pruned_before,nan,0.000000e+00,0.000000e+00,0.0000,0.0000,0
79,features.12,179,pruned_before,nan,0.000000e+00,0.000000e+00,0.0000,0.0000,0
79,features.12,180,pruned_before,nan,0.000000e+00,0.000000e+00,0.0000,0.0000,0
79,features.12,181,pruned_before,nan,0.000000e+00,0.000000e+00,0.0000,0.0000,0
79,features.12,182,pruned_before,nan,0.000000e+00,0.000000e+00,0.0000,0.0000,0
79,features.12,183,pruned_before,nan,0.000000e+00,0.000000e+00,0.0000,0.0000,0
79,features.12,184,pruned_before,nan,0.000000e+00,0.000000e+00,0.0000,0.0000,0
79,features.12,185,pruned_before,nan,0.000000e+00,0.000000e+00,0.0000,0.0000,0
79,features.12,186,pruned_before,nan,0.000000e+00,0.000000e+00,0.0000,0.0000,0
79,features.12,187,pruned_before,nan,0.000000e+00,0.000000e+00,0.0000,0.0000,0
79,features.12,188,pruned_before,nan,0.000000e+00,0.000000e+00,0.0000,0.0000,0
79,features.12,189,pruned_before,nan,0.000000e+00,0.000000e+00,0.0000,0.0000,0
79,features.12,190,pruned_before,nan,0.000000e+00,0.000000e+00,0.0000,0.0000,0
79,features.12,191,pruned_before,nan,0.000000e+00,0.000000e+00,0.0000,0.0000,0
79,features.12,192,pruned_before,nan,0.000000e+00,0.000000e+00,0.0000,0.0000,0
79,features.12,193,pruned_before,nan,0.000000e+00,0.000000e+00,0.0000,0.0000,0
79,features.12,194,pruned_before,nan,0.000000e+00,0.000000e+00,0.0000,0.0000,0
79,features.12,195,pruned_before,nan,0.000000e+00,0.000000e+00,0.0000,0.0000,0
79,features.12,196,pruned_before,nan,0.000000e+00,0.000000e+00,0.0000,0.0000,0
79,features.12,197,pruned_before,nan,0.000000e+00,0.000000e+00,0.0000,0.0000,0
79,features.12,198,pruned_before,nan,0.000000e+00,0.000000e+00,0.0000,0.0000,0
79,features.12,199,pruned_before,nan,0.000000e+00,0.000000e+00,0.0000,0.0000,0
79,features.12,200,pruned_before,nan,0.000000e+00,0.000000e+00,0.0000,0.0000,0
79,features.12,201,pruned_before,nan,0.000000e+00,0.000000e+00,0.0000,0.0000,0
79,features.12,202,pruned_before,nan,0.000000e+00,0.000000e+00,0.0000,0.0000,0
79,features.12,203,pruned_before,nan,0.000000e+00,0.000000e+00,0.0000,0.0000,0
79,features.12,204,pruned_before,nan,0.000000e+00,0.000000e+00,0.0000,0.0000,0
79,features.12,205,pruned_before,nan,0.000000e+00,0.000000e+00,0.0000,0.0000,0
79,features.12,206,pruned_before,nan,0.000000e+00,0.000000e+00,0.0000,0.0000,0
79,features.12,207,pruned_before,nan,0.000000e+00,0.000000e+00,0.0000,0.0000,0
79,features.12,208,pruned_before,nan,0.000000e+00,0.000000e+00,0.0000,0.0000,0
79,features.12,209,pruned_before,nan,0.000000e+00,0.000000e+00,0.0000,0.0000,0
79,features.12,210,pruned_before,nan,0.000000e+00,0.000000e+00,0.0000,0.0000,0
79,features.12,211,pruned_before,nan,0.000000e+00,0.000000e+00,0.0000,0.0000,0
79,features.12,212,pruned_before,nan,0.000000e+00,0.000000e+00,0.0000,0.0000,0
79,features.12,213,pruned_before,nan,0.000000e+00,0.000000e+00,0.0000,0.0000,0
79,features.12,214,pruned_before,nan,0.000000e+00,0.000000e+00,0.0000,0.0000,0
79,features.12,215,pruned_before,nan,0.000000e+00,0.000000e+00,0.0000,0.0000,0
79,features.12,216,pruned_before,nan,0.000000e+00,0.000000e+00,0.0000,0.0000,0
79,features.12,217,pruned_before,nan,0.000000e+00,0.000000e+00,0.0000,0.0000,0
79,features.12,218,pruned_before,nan,0.000000e+00,0.000000e+00,0.0000,0.0000,0
79,features.12,219,pruned_before,nan,0.000000e+00,0.000000e+00,0.0000,0.0000,0
79,features.12,220,pruned_before,nan,0.000000e+00,0.000000e+00,0.0000,0.0000,0
79,features.12,221,pruned_before,nan,0.000000e+00,0.000000e+00,0.0000,0.0000,0
79,features.12,222,pruned_before,nan,0.000000e+00,0.000000e+00,0.0000,0.0000,0
79,features.12,223,pruned_before,nan,0.000000e+00,0.000000e+00,0.0000,0.0000,0
79,features.12,224,pruned_before,nan,0.000000e+00,0.000000e+00,0.0000,0.0000,0
79,features.12,225,pruned_before,nan,0.000000e+00,0.000000e+00,0.0000,0.0000,0
79,features.12,226,pruned_before,nan,0.000000e+00,0.000000e+00,0.0000,0.0000,0
79,features.12,227,pruned_before,nan,0.000000e+00,0.000000e+00,0.0000,0.0000,0
79,features.12,228,pruned_before,nan,0.000000e+00,0.000000e+00,0.0000,0.0000,0
79,features.12,229,pruned_before,nan,0.000000e+00,0.000000e+00,0.0000,0.0000,0
79,features.12,230,pruned_before,nan,0.000000e+00,0.000000e+00,0.0000,0.0000,0
79,features.12,231,pruned_before,nan,0.000000e+00,0.000000e+00,0.0000,0.0000,0
79,features.12,232,active,0.000000,0.000000e+00,0.000000e+00,0.0000,0.0000,201
79,features.12,233,pruned_before,nan,0.000000e+00,0.000000e+00,0.0000,0.0000,0
79,features.12,234,pruned_before,nan,0.000000e+00,0.000000e+00,0.0000,0.0000,0
79,features.12,235,active,0.000000,0.000000e+00,0.000000e+00,0.0000,0.0000,201
79,features.12,236,pruned_before,nan,0.000000e+00,0.000000e+00,0.0000,0.0000,0
79,features.12,237,pruned_before,nan,0.000000e+00,0.000000e+00,0.0000,0.0000,0
79,features.12,238,pruned_before,nan,0.000000e+00,0.000000e+00,0.0000,0.0000,0
79,features.12,239,pruned_before,nan,0.000000e+00,0.000000e+00,0.0000,0.0000,0
79,features.12,240,pruned_before,nan,0.000000e+00,0.000000e+00,0.0000,0.0000,0
79,features.12,241,pruned_before,nan,0.000000e+00,0.000000e+00,0.0000,0.0000,0
79,features.12,242,pruned_before,nan,0.000000e+00,0.000000e+00,0.0000,0.0000,0
79,features.12,243,pruned_before,nan,0.000000e+00,0.000000e+00,0.0000,0.0000,0
79,features.12,244,pruned_before,nan,0.000000e+00,0.000000e+00,0.0000,0.0000,0
79,features.12,245,pruned_before,nan,0.000000e+00,0.000000e+00,0.0000,0.0000,0
79,features.12,246,pruned_before,nan,0.000000e+00,0.000000e+00,0.0000,0.0000,0
79,features.12,247,pruned_before,nan,0.000000e+00,0.000000e+00,0.0000,0.0000,0
79,features.12,248,pruned_before,nan,0.000000e+00,0.000000e+00,0.0000,0.0000,0
79,features.12,249,pruned_before,nan,0.000000e+00,0.000000e+00,0.0000,0.0000,0
79,features.12,250,pruned_before,nan,0.000000e+00,0.000000e+00,0.0000,0.0000,0
79,features.12,251,pruned_before,nan,0.000000e+00,0.000000e+00,0.0000,0.0000,0
79,features.12,252,pruned_before,nan,0.000000e+00,0.000000e+00,0.0000,0.0000,0
79,features.12,253,pruned_before,nan,0.000000e+00,0.000000e+00,0.0000,0.0000,0
79,features.12,254,pruned_before,nan,0.000000e+00,0.000000e+00,0.0000,0.0000,0
79,features.12,255,pruned_before,nan,0.000000e+00,0.000000e+00,0.0000,0.0000,0
79,features.12,256,pruned_before,nan,0.000000e+00,0.000000e+00,0.0000,0.0000,0
79,features.12,257,pruned_before,nan,0.000000e+00,0.000000e+00,0.0000,0.0000,0
79,features.12,258,pruned_before,nan,0.000000e+00,0.000000e+00,0.0000,0.0000,0
79,features.12,259,pruned_before,nan,0.000000e+00,0.000000e+00,0.0000,0.0000,0
79,features.12,260,pruned_before,nan,0.000000e+00,0.000000e+00,0.0000,0.0000,0
79,features.12,261,pruned_before,nan,0.000000e+00,0.000000e+00,0.0000,0.0000,0
79,features.12,262,pruned_before,nan,0.000000e+00,0.000000e+00,0.0000,0.0000,0
79,features.12,263,pruned_before,nan,0.000000e+00,0.000000e+00,0.0000,0.0000,0
79,features.12,264,pruned_before,nan,0.000000e+00,0.000000e+00,0.0000,0.0000,0
79,features.12,265,pruned_before,nan,0.000000e+00,0.000000e+00,0.0000,0.0000,0
79,features.12,266,pruned_before,nan,0.000000e+00,0.000000e+00,0.0000,0.0000,0
79,features.12,267,pruned_before,nan,0.000000e+00,0.000000e+00,0.0000,0.0000,0
79,features.12,268,pruned_before,nan,0.000000e+00,0.000000e+00,0.0000,0.0000,0
79,features.12,269,pruned_before,nan,0.000000e+00,0.000000e+00,0.0000,0.0000,0
79,features.12,270,pruned_before,nan,0.000000e+00,0.000000e+00,0.0000,0.0000,0
79,features.12,271,pruned_before,nan,0.000000e+00,0.000000e+00,0.0000,0.0000,0
79,features.12,272,pruned_before,nan,0.000000e+00,0.000000e+00,0.0000,0.0000,0
79,features.12,273,pruned_before,nan,0.000000e+00,0.000000e+00,0.0000,0.0000,0
79,features.12,274,pruned_before,nan,0.000000e+00,0.000000e+00,0.0000,0.0000,0
79,features.12,275,pruned_before,nan,0.000000e+00,0.000000e+00,0.0000,0.0000,0
79,features.12,276,pruned_before,nan,0.000000e+00,0.000000e+00,0.0000,0.0000,0
79,features.12,277,pruned_before,nan,0.000000e+00,0.000000e+00,0.0000,0.0000,0
79,features.12,278,pruned_before,nan,0.000000e+00,0.000000e+00,0.0000,0.0000,0
79,features.12,279,pruned_before,nan,0.000000e+00,0.000000e+00,0.0000,0.0000,0
79,features.12,280,pruned_before,nan,0.000000e+00,0.000000e+00,0.0000,0.0000,0
79,features.12,281,pruned_before,nan,0.000000e+00,0.000000e+00,0.0000,0.0000,0
79,features.12,282,pruned_before,nan,0.000000e+00,0.000000e+00,0.0000,0.0000,0
79,features.12,283,pruned_before,nan,0.000000e+00,0.000000e+00,0.0000,0.0000,0
79,features.12,284,pruned_before,nan,0.000000e+00,0.000000e+00,0.0000,0.0000,0
79,features.12,285,pruned_before,nan,0.000000e+00,0.000000e+00,0.0000,0.0000,0
79,features.12,286,pruned_before,nan,0.000000e+00,0.000000e+00,0.0000,0.0000,0
79,features.12,287,pruned_before,nan,0.000000e+00,0.000000e+00,0.0000,0.0000,0
79,features.12,288,pruned_before,nan,0.000000e+00,0.000000e+00,0.0000,0.0000,0
79,features.12,289,pruned_before,nan,0.000000e+00,0.000000e+00,0.0000,0.0000,0
79,features.12,290,pruned_before,nan,0.000000e+00,0.000000e+00,0.0000,0.0000,0
79,features.12,291,pruned_before,nan,0.000000e+00,0.000000e+00,0.0000,0.0000,0
79,features.12,292,pruned_before,nan,0.000000e+00,0.000000e+00,0.0000,0.0000,0
79,features.12,293,pruned_before,nan,0.000000e+00,0.000000e+00,0.0000,0.0000,0
79,features.12,294,pruned_before,nan,0.000000e+00,0.000000e+00,0.0000,0.0000,0
79,features.12,295,pruned_before,nan,0.000000e+00,0.000000e+00,0.0000,0.0000,0
79,features.12,296,pruned_before,nan,0.000000e+00,0.000000e+00,0.0000,0.0000,0
79,features.12,297,pruned_before,nan,0.000000e+00,0.000000e+00,0.0000,0.0000,0
79,features.12,298,pruned_before,nan,0.000000e+00,0.000000e+00,0.0000,0.0000,0
79,features.12,299,pruned_before,nan,0.000000e+00,0.000000e+00,0.0000,0.0000,0
79,features.12,300,pruned_before,nan,0.000000e+00,0.000000e+00,0.0000,0.0000,0
79,features.12,301,pruned_before,nan,0.000000e+00,0.000000e+00,0.0000,0.0000,0
79,features.12,302,pruned_before,nan,0.000000e+00,0.000000e+00,0.0000,0.0000,0
79,features.12,303,pruned_before,nan,0.000000e+00,0.000000e+00,0.0000,0.0000,0
79,features.12,304,pruned_before,nan,0.000000e+00,0.000000e+00,0.0000,0.0000,0
79,features.12,305,pruned_before,nan,0.000000e+00,0.000000e+00,0.0000,0.0000,0
79,features.12,306,pruned_before,nan,0.000000e+00,0.000000e+00,0.0000,0.0000,0
79,features.12,307,pruned_before,nan,0.000000e+00,0.000000e+00,0.0000,0.0000,0
79,features.12,308,pruned_before,nan,0.000000e+00,0.000000e+00,0.0000,0.0000,0
79,features.12,309,pruned_before,nan,0.000000e+00,0.000000e+00,0.0000,0.0000,0
79,features.12,310,pruned_before,nan,0.000000e+00,0.000000e+00,0.0000,0.0000,0
79,features.12,311,pruned_before,nan,0.000000e+00,0.000000e+00,0.0000,0.0000,0
79,features.12,312,pruned_before,nan,0.000000e+00,0.000000e+00,0.0000,0.0000,0
79,features.12,313,pruned_before,nan,0.000000e+00,0.000000e+00,0.0000,0.0000,0
79,features.12,314,active,-0.018578,4.672833e-08,3.225862e-04,0.0520,0.0149,201
79,features.12,315,pruned_before,nan,0.000000e+00,0.000000e+00,0.0000,0.0000,0
79,features.12,316,pruned_before,nan,0.000000e+00,0.000000e+00,0.0000,0.0000,0
79,features.12,317,pruned_before,nan,0.000000e+00,0.000000e+00,0.0000,0.0000,0
79,features.12,318,pruned_before,nan,0.000000e+00,0.000000e+00,0.0000,0.0000,0
79,features.12,319,pruned_before,nan,0.000000e+00,0.000000e+00,0.0000,0.0000,0
79,features.12,320,pruned_before,nan,0.000000e+00,0.000000e+00,0.0000,0.0000,0
79,features.12,321,pruned_before,nan,0.000000e+00,0.000000e+00,0.0000,0.0000,0
79,features.12,322,pruned_before,nan,0.000000e+00,0.000000e+00,0.0000,0.0000,0
79,features.12,323,pruned_before,nan,0.000000e+00,0.000000e+00,0.0000,0.0000,0
79,features.12,324,pruned_before,nan,0.000000e+00,0.000000e+00,0.0000,0.0000,0
79,features.12,325,pruned_before,nan,0.000000e+00,0.000000e+00,0.0000,0.0000,0
79,features.12,326,pruned_before,nan,0.000000e+00,0.000000e+00,0.0000,0.0000,0
79,features.12,327,pruned_before,nan,0.000000e+00,0.000000e+00,0.0000,0.0000,0
79,features.12,328,pruned_before,nan,0.000000e+00,0.000000e+00,0.0000,0.0000,0
79,features.12,329,pruned_before,nan,0.000000e+00,0.000000e+00,0.0000,0.0000,0
79,features.12,330,pruned_before,nan,0.000000e+00,0.000000e+00,0.0000,0.0000,0
79,features.12,331,pruned_before,nan,0.000000e+00,0.000000e+00,0.0000,0.0000,0
79,features.12,332,pruned_before,nan,0.000000e+00,0.000000e+00,0.0000,0.0000,0
79,features.12,333,pruned_before,nan,0.000000e+00,0.000000e+00,0.0000,0.0000,0
79,features.12,334,pruned_before,nan,0.000000e+00,0.000000e+00,0.0000,0.0000,0
79,features.12,335,pruned_before,nan,0.000000e+00,0.000000e+00,0.0000,0.0000,0
79,features.12,336,pruned_before,nan,0.000000e+00,0.000000e+00,0.0000,0.0000,0
79,features.12,337,pruned_before,nan,0.000000e+00,0.000000e+00,0.0000,0.0000,0
79,features.12,338,pruned_before,nan,0.000000e+00,0.000000e+00,0.0000,0.0000,0
79,features.12,339,pruned_before,nan,0.000000e+00,0.000000e+00,0.0000,0.0000,0
79,features.12,340,pruned_before,nan,0.000000e+00,0.000000e+00,0.0000,0.0000,0
79,features.12,341,pruned_before,nan,0.000000e+00,0.000000e+00,0.0000,0.0000,0
79,features.12,342,pruned_before,nan,0.000000e+00,0.000000e+00,0.0000,0.0000,0
79,features.12,343,pruned_before,nan,0.000000e+00,0.000000e+00,0.0000,0.0000,0
79,features.12,344,pruned_before,nan,0.000000e+00,0.000000e+00,0.0000,0.0000,0
79,features.12,345,pruned_before,nan,0.000000e+00,0.000000e+00,0.0000,0.0000,0
79,features.12,346,pruned_before,nan,0.000000e+00,0.000000e+00,0.0000,0.0000,0
79,features.12,347,pruned_before,nan,0.000000e+00,0.000000e+00,0.0000,0.0000,0
79,features.12,348,pruned_before,nan,0.000000e+00,0.000000e+00,0.0000,0.0000,0
79,features.12,349,pruned_before,nan,0.000000e+00,0.000000e+00,0.0000,0.0000,0
79,features.12,350,pruned_before,nan,0.000000e+00,0.000000e+00,0.0000,0.0000,0
79,features.12,351,pruned_before,nan,0.000000e+00,0.000000e+00,0.0000,0.0000,0
79,features.12,352,pruned_before,nan,0.000000e+00,0.000000e+00,0.0000,0.0000,0
79,features.12,353,pruned_before,nan,0.000000e+00,0.000000e+00,0.0000,0.0000,0
79,features.12,354,pruned_before,nan,0.000000e+00,0.000000e+00,0.0000,0.0000,0
79,features.12,355,pruned_before,nan,0.000000e+00,0.000000e+00,0.0000,0.0000,0
79,features.12,356,pruned_before,nan,0.000000e+00,0.000000e+00,0.0000,0.0000,0
79,features.12,357,pruned_before,nan,0.000000e+00,0.000000e+00,0.0000,0.0000,0
79,features.12,358,pruned_before,nan,0.000000e+00,0.000000e+00,0.0000,0.0000,0
79,features.12,359,pruned_before,nan,0.000000e+00,0.000000e+00,0.0000,0.0000,0
79,features.12,360,pruned_before,nan,0.000000e+00,0.000000e+00,0.0000,0.0000,0
79,features.12,361,pruned_before,nan,0.000000e+00,0.000000e+00,0.0000,0.0000,0
79,features.12,362,pruned_before,nan,0.000000e+00,0.000000e+00,0.0000,0.0000,0
79,features.12,363,pruned_before,nan,0.000000e+00,0.000000e+00,0.0000,0.0000,0
79,features.12,364,pruned_before,nan,0.000000e+00,0.000000e+00,0.0000,0.0000,0
79,features.12,365,pruned_before,nan,0.000000e+00,0.000000e+00,0.0000,0.0000,0
79,features.12,366,pruned_before,nan,0.000000e+00,0.000000e+00,0.0000,0.0000,0
79,features.12,367,pruned_before,nan,0.000000e+00,0.000000e+00,0.0000,0.0000,0
79,features.12,368,pruned_before,nan,0.000000e+00,0.000000e+00,0.0000,0.0000,0
79,features.12,369,active,0.000000,0.000000e+00,0.000000e+00,0.0000,0.0000,201
79,features.12,370,pruned_before,nan,0.000000e+00,0.000000e+00,0.0000,0.0000,0
79,features.12,371,pruned_before,nan,0.000000e+00,0.000000e+00,0.0000,0.0000,0
79,features.12,372,pruned_before,nan,0.000000e+00,0.000000e+00,0.0000,0.0000,0
79,features.12,373,pruned_before,nan,0.000000e+00,0.000000e+00,0.0000,0.0000,0
79,features.12,374,pruned_before,nan,0.000000e+00,0.000000e+00,0.0000,0.0000,0
79,features.12,375,pruned_before,nan,0.000000e+00,0.000000e+00,0.0000,0.0000,0
79,features.12,376,pruned_before,nan,0.000000e+00,0.000000e+00,0.0000,0.0000,0
79,features.12,377,pruned_before,nan,0.000000e+00,0.000000e+00,0.0000,0.0000,0
79,features.12,378,pruned_before,nan,0.000000e+00,0.000000e+00,0.0000,0.0000,0
79,features.12,379,pruned_before,nan,0.000000e+00,0.000000e+00,0.0000,0.0000,0
79,features.12,380,pruned_before,nan,0.000000e+00,0.000000e+00,0.0000,0.0000,0
79,features.12,381,pruned_before,nan,0.000000e+00,0.000000e+00,0.0000,0.0000,0
79,features.12,382,pruned_before,nan,0.000000e+00,0.000000e+00,0.0000,0.0000,0
79,features.12,383,pruned_before,nan,0.000000e+00,0.000000e+00,0.0000,0.0000,0
79,features.12,384,pruned_before,nan,0.000000e+00,0.000000e+00,0.0000,0.0000,0
79,features.12,385,pruned_before,nan,0.000000e+00,0.000000e+00,0.0000,0.0000,0
79,features.12,386,pruned_before,nan,0.000000e+00,0.000000e+00,0.0000,0.0000,0
79,features.12,387,pruned_before,nan,0.000000e+00,0.000000e+00,0.0000,0.0000,0
79,features.12,388,pruned_before,nan,0.000000e+00,0.000000e+00,0.0000,0.0000,0
79,features.12,389,pruned_before,nan,0.000000e+00,0.000000e+00,0.0000,0.0000,0
79,features.12,390,pruned_before,nan,0.000000e+00,0.000000e+00,0.0000,0.0000,0
79,features.12,391,pruned_before,nan,0.000000e+00,0.000000e+00,0.0000,0.0000,0
79,features.12,392,pruned_before,nan,0.000000e+00,0.000000e+00,0.0000,0.0000,0
79,features.12,393,pruned_before,nan,0.000000e+00,0.000000e+00,0.0000,0.0000,0
79,features.12,394,pruned_before,nan,0.000000e+00,0.000000e+00,0.0000,0.0000,0
79,features.12,395,pruned_before,nan,0.000000e+00,0.000000e+00,0.0000,0.0000,0
79,features.12,396,pruned_before,nan,0.000000e+00,0.000000e+00,0.0000,0.0000,0
79,features.12,397,pruned_before,nan,0.000000e+00,0.000000e+00,0.0000,0.0000,0
79,features.12,398,pruned_before,nan,0.000000e+00,0.000000e+00,0.0000,0.0000,0
79,features.12,399,pruned_before,nan,0.000000e+00,0.000000e+00,0.0000,0.0000,0
79,features.12,400,pruned_before,nan,0.000000e+00,0.000000e+00,0.0000,0.0000,0
79,features.12,401,pruned_before,nan,0.000000e+00,0.000000e+00,0.0000,0.0000,0
79,features.12,402,pruned_before,nan,0.000000e+00,0.000000e+00,0.0000,0.0000,0
79,features.12,403,pruned_before,nan,0.000000e+00,0.000000e+00,0.0000,0.0000,0
79,features.12,404,pruned_before,nan,0.000000e+00,0.000000e+00,0.0000,0.0000,0
79,features.12,405,pruned_before,nan,0.000000e+00,0.000000e+00,0.0000,0.0000,0
79,features.12,406,pruned_before,nan,0.000000e+00,0.000000e+00,0.0000,0.0000,0
79,features.12,407,pruned_before,nan,0.000000e+00,0.000000e+00,0.0000,0.0000,0
79,features.12,408,pruned_before,nan,0.000000e+00,0.000000e+00,0.0000,0.0000,0
79,features.12,409,pruned_before,nan,0.000000e+00,0.000000e+00,0.0000,0.0000,0
79,features.12,410,pruned_before,nan,0.000000e+00,0.000000e+00,0.0000,0.0000,0
79,features.12,411,pruned_before,nan,0.000000e+00,0.000000e+00,0.0000,0.0000,0
79,features.12,412,pruned_before,nan,0.000000e+00,0.000000e+00,0.0000,0.0000,0
79,features.12,413,pruned_before,nan,0.000000e+00,0.000000e+00,0.0000,0.0000,0
79,features.12,414,pruned_before,nan,0.000000e+00,0.000000e+00,0.0000,0.0000,0
79,features.12,415,pruned_before,nan,0.000000e+00,0.000000e+00,0.0000,0.0000,0
79,features.12,416,pruned_before,nan,0.000000e+00,0.000000e+00,0.0000,0.0000,0
79,features.12,417,pruned_before,nan,0.000000e+00,0.000000e+00,0.0000,0.0000,0
79,features.12,418,pruned_before,nan,0.000000e+00,0.000000e+00,0.0000,0.0000,0
79,features.12,419,pruned_before,nan,0.000000e+00,0.000000e+00,0.0000,0.0000,0
79,features.12,420,pruned_before,nan,0.000000e+00,0.000000e+00,0.0000,0.0000,0
79,features.12,421,pruned_before,nan,0.000000e+00,0.000000e+00,0.0000,0.0000,0
79,features.12,422,pruned_before,nan,0.000000e+00,0.000000e+00,0.0000,0.0000,0
79,features.12,423,pruned_before,nan,0.000000e+00,0.000000e+00,0.0000,0.0000,0
79,features.12,424,pruned_before,nan,0.000000e+00,0.000000e+00,0.0000,0.0000,0
79,features.12,425,pruned_before,nan,0.000000e+00,0.000000e+00,0.0000,0.0000,0
79,features.12,426,pruned_before,nan,0.000000e+00,0.000000e+00,0.0000,0.0000,0
79,features.12,427,pruned_before,nan,0.000000e+00,0.000000e+00,0.0000,0.0000,0
79,features.12,428,pruned_before,nan,0.000000e+00,0.000000e+00,0.0000,0.0000,0
79,features.12,429,active,-0.023077,4.201770e-08,1.382496e-05,0.0468,0.0006,201
79,features.12,430,pruned_before,nan,0.000000e+00,0.000000e+00,0.0000,0.0000,0
79,features.12,431,pruned_before,nan,0.000000e+00,0.000000e+00,0.0000,0.0000,0
79,features.12,432,pruned_before,nan,0.000000e+00,0.000000e+00,0.0000,0.0000,0
79,features.12,433,pruned_before,nan,0.000000e+00,0.000000e+00,0.0000,0.0000,0
79,features.12,434,pruned_before,nan,0.000000e+00,0.000000e+00,0.0000,0.0000,0
79,features.12,435,pruned_before,nan,0.000000e+00,0.000000e+00,0.0000,0.0000,0
79,features.12,436,pruned_before,nan,0.000000e+00,0.000000e+00,0.0000,0.0000,0
79,features.12,437,pruned_before,nan,0.000000e+00,0.000000e+00,0.0000,0.0000,0
79,features.12,438,pruned_before,nan,0.000000e+00,0.000000e+00,0.0000,0.0000,0
79,features.12,439,pruned_before,nan,0.000000e+00,0.000000e+00,0.0000,0.0000,0
79,features.12,440,pruned_before,nan,0.000000e+00,0.000000e+00,0.0000,0.0000,0
79,features.12,441,pruned_before,nan,0.000000e+00,0.000000e+00,0.0000,0.0000,0
79,features.12,442,pruned_before,nan,0.000000e+00,0.000000e+00,0.0000,0.0000,0
79,features.12,443,pruned_before,nan,0.000000e+00,0.000000e+00,0.0000,0.0000,0
79,features.12,444,pruned_before,nan,0.000000e+00,0.000000e+00,0.0000,0.0000,0
79,features.12,445,pruned_before,nan,0.000000e+00,0.000000e+00,0.0000,0.0000,0
79,features.12,446,pruned_before,nan,0.000000e+00,0.000000e+00,0.0000,0.0000,0
79,features.12,447,pruned_before,nan,0.000000e+00,0.000000e+00,0.0000,0.0000,0
79,features.12,448,pruned_before,nan,0.000000e+00,0.000000e+00,0.0000,0.0000,0
79,features.12,449,pruned_before,nan,0.000000e+00,0.000000e+00,0.0000,0.0000,0
79,features.12,450,active,-0.165551,3.351830e-07,9.139886e-04,0.3733,0.0422,201
79,features.12,451,pruned_before,nan,0.000000e+00,0.000000e+00,0.0000,0.0000,0
79,features.12,452,pruned_before,nan,0.000000e+00,0.000000e+00,0.0000,0.0000,0
79,features.12,453,pruned_before,nan,0.000000e+00,0.000000e+00,0.0000,0.0000,0
79,features.12,454,pruned_before,nan,0.000000e+00,0.000000e+00,0.0000,0.0000,0
79,features.12,455,pruned_before,nan,0.000000e+00,0.000000e+00,0.0000,0.0000,0
79,features.12,456,pruned_before,nan,0.000000e+00,0.000000e+00,0.0000,0.0000,0
79,features.12,457,pruned_before,nan,0.000000e+00,0.000000e+00,0.0000,0.0000,0
79,features.12,458,pruned_before,nan,0.000000e+00,0.000000e+00,0.0000,0.0000,0
79,features.12,459,pruned_before,nan,0.000000e+00,0.000000e+00,0.0000,0.0000,0
79,features.12,460,pruned_before,nan,0.000000e+00,0.000000e+00,0.0000,0.0000,0
79,features.12,461,pruned_before,nan,0.000000e+00,0.000000e+00,0.0000,0.0000,0
79,features.12,462,pruned_before,nan,0.000000e+00,0.000000e+00,0.0000,0.0000,0
79,features.12,463,pruned_before,nan,0.000000e+00,0.000000e+00,0.0000,0.0000,0
79,features.12,464,pruned_before,nan,0.000000e+00,0.000000e+00,0.0000,0.0000,0
79,features.12,465,pruned_before,nan,0.000000e+00,0.000000e+00,0.0000,0.0000,0
79,features.12,466,pruned_before,nan,0.000000e+00,0.000000e+00,0.0000,0.0000,0
79,features.12,467,pruned_before,nan,0.000000e+00,0.000000e+00,0.0000,0.0000,0
79,features.12,468,pruned_before,nan,0.000000e+00,0.000000e+00,0.0000,0.0000,0
79,features.12,469,pruned_before,nan,0.000000e+00,0.000000e+00,0.0000,0.0000,0
79,features.12,470,pruned_before,nan,0.000000e+00,0.000000e+00,0.0000,0.0000,0
79,features.12,471,pruned_before,nan,0.000000e+00,0.000000e+00,0.0000,0.0000,0
79,features.12,472,pruned_before,nan,0.000000e+00,0.000000e+00,0.0000,0.0000,0
79,features.12,473,pruned_before,nan,0.000000e+00,0.000000e+00,0.0000,0.0000,0
79,features.12,474,pruned_before,nan,0.000000e+00,0.000000e+00,0.0000,0.0000,0
79,features.12,475,pruned_before,nan,0.000000e+00,0.000000e+00,0.0000,0.0000,0
79,features.12,476,pruned_before,nan,0.000000e+00,0.000000e+00,0.0000,0.0000,0
79,features.12,477,pruned_before,nan,0.000000e+00,0.000000e+00,0.0000,0.0000,0
79,features.12,478,pruned_before,nan,0.000000e+00,0.000000e+00,0.0000,0.0000,0
79,features.12,479,pruned_before,nan,0.000000e+00,0.000000e+00,0.0000,0.0000,0
79,features.12,480,pruned_before,nan,0.000000e+00,0.000000e+00,0.0000,0.0000,0
79,features.12,481,pruned_before,nan,0.000000e+00,0.000000e+00,0.0000,0.0000,0
79,features.12,482,pruned_before,nan,0.000000e+00,0.000000e+00,0.0000,0.0000,0
79,features.12,483,pruned_before,nan,0.000000e+00,0.000000e+00,0.0000,0.0000,0
79,features.12,484,pruned_before,nan,0.000000e+00,0.000000e+00,0.0000,0.0000,0
79,features.12,485,pruned_before,nan,0.000000e+00,0.000000e+00,0.0000,0.0000,0
79,features.12,486,pruned_before,nan,0.000000e+00,0.000000e+00,0.0000,0.0000,0
79,features.12,487,pruned_before,nan,0.000000e+00,0.000000e+00,0.0000,0.0000,0
79,features.12,488,pruned_before,nan,0.000000e+00,0.000000e+00,0.0000,0.0000,0
79,features.12,489,pruned_before,nan,0.000000e+00,0.000000e+00,0.0000,0.0000,0
79,features.12,490,pruned_before,nan,0.000000e+00,0.000000e+00,0.0000,0.0000,0
79,features.12,491,pruned_before,nan,0.000000e+00,0.000000e+00,0.0000,0.0000,0
79,features.12,492,pruned_before,nan,0.000000e+00,0.000000e+00,0.0000,0.0000,0
79,features.12,493,active,-0.010091,2.212044e-08,9.651303e-05,0.0246,0.0045,201
79,features.12,494,pruned_before,nan,0.000000e+00,0.000000e+00,0.0000,0.0000,0
79,features.12,495,pruned_before,nan,0.000000e+00,0.000000e+00,0.0000,0.0000,0
79,features.12,496,pruned_before,nan,0.000000e+00,0.000000e+00,0.0000,0.0000,0
79,features.12,497,pruned_before,nan,0.000000e+00,0.000000e+00,0.0000,0.0000,0
79,features.12,498,pruned_before,nan,0.000000e+00,0.000000e+00,0.0000,0.0000,0
79,features.12,499,pruned_before,nan,0.000000e+00,0.000000e+00,0.0000,0.0000,0
79,features.12,500,pruned_before,nan,0.000000e+00,0.000000e+00,0.0000,0.0000,0
79,features.12,501,pruned_before,nan,0.000000e+00,0.000000e+00,0.0000,0.0000,0
79,features.12,502,pruned_before,nan,0.000000e+00,0.000000e+00,0.0000,0.0000,0
79,features.12,503,pruned_before,nan,0.000000e+00,0.000000e+00,0.0000,0.0000,0
79,features.12,504,pruned_before,nan,0.000000e+00,0.000000e+00,0.0000,0.0000,0
79,features.12,505,pruned_before,nan,0.000000e+00,0.000000e+00,0.0000,0.0000,0
79,features.12,506,pruned_before,nan,0.000000e+00,0.000000e+00,0.0000,0.0000,0
79,features.12,507,pruned_before,nan,0.000000e+00,0.000000e+00,0.0000,0.0000,0
79,features.12,508,pruned_before,nan,0.000000e+00,0.000000e+00,0.0000,0.0000,0
79,features.12,509,pruned_before,nan,0.000000e+00,0.000000e+00,0.0000,0.0000,0
79,features.12,510,pruned_before,nan,0.000000e+00,0.000000e+00,0.0000,0.0000,0
79,features.12,511,pruned_before,nan,0.000000e+00,0.000000e+00,0.0000,0.0000,0
79,features.12,512,pruned_before,nan,0.000000e+00,0.000000e+00,0.0000,0.0000,0
79,features.12,513,pruned_before,nan,0.000000e+00,0.000000e+00,0.0000,0.0000,0
79,features.12,514,pruned_before,nan,0.000000e+00,0.000000e+00,0.0000,0.0000,0
79,features.12,515,pruned_before,nan,0.000000e+00,0.000000e+00,0.0000,0.0000,0
79,features.12,516,pruned_before,nan,0.000000e+00,0.000000e+00,0.0000,0.0000,0
79,features.12,517,pruned_before,nan,0.000000e+00,0.000000e+00,0.0000,0.0000,0
79,features.12,518,pruned_before,nan,0.000000e+00,0.000000e+00,0.0000,0.0000,0
79,features.12,519,pruned_before,nan,0.000000e+00,0.000000e+00,0.0000,0.0000,0
79,features.12,520,pruned_before,nan,0.000000e+00,0.000000e+00,0.0000,0.0000,0
79,features.12,521,pruned_before,nan,0.000000e+00,0.000000e+00,0.0000,0.0000,0
79,features.12,522,pruned_before,nan,0.000000e+00,0.000000e+00,0.0000,0.0000,0
79,features.12,523,pruned_before,nan,0.000000e+00,0.000000e+00,0.0000,0.0000,0
79,features.12,524,pruned_before,nan,0.000000e+00,0.000000e+00,0.0000,0.0000,0
79,features.12,525,pruned_before,nan,0.000000e+00,0.000000e+00,0.0000,0.0000,0
79,features.12,526,pruned_before,nan,0.000000e+00,0.000000e+00,0.0000,0.0000,0
79,features.12,527,pruned_before,nan,0.000000e+00,0.000000e+00,0.0000,0.0000,0
79,features.12,528,pruned_before,nan,0.000000e+00,0.000000e+00,0.0000,0.0000,0
79,features.12,529,pruned_before,nan,0.000000e+00,0.000000e+00,0.0000,0.0000,0
79,features.12,530,pruned_before,nan,0.000000e+00,0.000000e+00,0.0000,0.0000,0
79,features.12,531,pruned_before,nan,0.000000e+00,0.000000e+00,0.0000,0.0000,0
79,features.12,532,pruned_before,nan,0.000000e+00,0.000000e+00,0.0000,0.0000,0
79,features.12,533,pruned_before,nan,0.000000e+00,0.000000e+00,0.0000,0.0000,0
79,features.12,534,pruned_before,nan,0.000000e+00,0.000000e+00,0.0000,0.0000,0
79,features.12,535,pruned_before,nan,0.000000e+00,0.000000e+00,0.0000,0.0000,0
79,features.12,536,pruned_before,nan,0.000000e+00,0.000000e+00,0.0000,0.0000,0
79,features.12,537,pruned_before,nan,0.000000e+00,0.000000e+00,0.0000,0.0000,0
79,features.12,538,pruned_before,nan,0.000000e+00,0.000000e+00,0.0000,0.0000,0
79,features.12,539,pruned_before,nan,0.000000e+00,0.000000e+00,0.0000,0.0000,0
79,features.12,540,pruned_before,nan,0.000000e+00,0.000000e+00,0.0000,0.0000,0
79,features.12,541,pruned_before,nan,0.000000e+00,0.000000e+00,0.0000,0.0000,0
79,features.12,542,pruned_before,nan,0.000000e+00,0.000000e+00,0.0000,0.0000,0
79,features.12,543,pruned_before,nan,0.000000e+00,0.000000e+00,0.0000,0.0000,0
79,features.12,544,pruned_before,nan,0.000000e+00,0.000000e+00,0.0000,0.0000,0
79,features.12,545,pruned_before,nan,0.000000e+00,0.000000e+00,0.0000,0.0000,0
79,features.12,546,pruned_before,nan,0.000000e+00,0.000000e+00,0.0000,0.0000,0
79,features.12,547,pruned_before,nan,0.000000e+00,0.000000e+00,0.0000,0.0000,0
79,features.12,548,pruned_before,nan,0.000000e+00,0.000000e+00,0.0000,0.0000,0
79,features.12,549,pruned_before,nan,0.000000e+00,0.000000e+00,0.0000,0.0000,0
79,features.12,550,pruned_before,nan,0.000000e+00,0.000000e+00,0.0000,0.0000,0
79,features.12,551,pruned_before,nan,0.000000e+00,0.000000e+00,0.0000,0.0000,0
79,features.12,552,pruned_before,nan,0.000000e+00,0.000000e+00,0.0000,0.0000,0
79,features.12,553,pruned_before,nan,0.000000e+00,0.000000e+00,0.0000,0.0000,0
79,features.12,554,pruned_before,nan,0.000000e+00,0.000000e+00,0.0000,0.0000,0
79,features.12,555,pruned_before,nan,0.000000e+00,0.000000e+00,0.0000,0.0000,0
79,features.12,556,pruned_before,nan,0.000000e+00,0.000000e+00,0.0000,0.0000,0
79,features.12,557,pruned_before,nan,0.000000e+00,0.000000e+00,0.0000,0.0000,0
79,features.12,558,pruned_before,nan,0.000000e+00,0.000000e+00,0.0000,0.0000,0
79,features.12,559,pruned_before,nan,0.000000e+00,0.000000e+00,0.0000,0.0000,0
79,features.12,560,pruned_before,nan,0.000000e+00,0.000000e+00,0.0000,0.0000,0
79,features.12,561,pruned_before,nan,0.000000e+00,0.000000e+00,0.0000,0.0000,0
79,features.12,562,pruned_before,nan,0.000000e+00,0.000000e+00,0.0000,0.0000,0
79,features.12,563,pruned_before,nan,0.000000e+00,0.000000e+00,0.0000,0.0000,0
79,features.12,564,pruned_before,nan,0.000000e+00,0.000000e+00,0.0000,0.0000,0
79,features.12,565,pruned_before,nan,0.000000e+00,0.000000e+00,0.0000,0.0000,0
79,features.12,566,pruned_before,nan,0.000000e+00,0.000000e+00,0.0000,0.0000,0
79,features.12,567,pruned_before,nan,0.000000e+00,0.000000e+00,0.0000,0.0000,0
79,features.12,568,pruned_before,nan,0.000000e+00,0.000000e+00,0.0000,0.0000,0
79,features.12,569,pruned_before,nan,0.000000e+00,0.000000e+00,0.0000,0.0000,0
79,features.12,570,pruned_before,nan,0.000000e+00,0.000000e+00,0.0000,0.0000,0
79,features.12,571,pruned_before,nan,0.000000e+00,0.000000e+00,0.0000,0.0000,0
79,features.12,572,pruned_before,nan,0.000000e+00,0.000000e+00,0.0000,0.0000,0
79,features.12,573,pruned_before,nan,0.000000e+00,0.000000e+00,0.0000,0.0000,0
79,features.12,574,pruned_before,nan,0.000000e+00,0.000000e+00,0.0000,0.0000,0
79,features.12,575,pruned_before,nan,0.000000e+00,0.000000e+00,0.0000,0.0000,0
79,features.13,0,pruned_before,nan,0.000000e+00,0.000000e+00,0.0000,0.0000,0
79,features.13,1,pruned_before,nan,0.000000e+00,0.000000e+00,0.0000,0.0000,0
79,features.13,2,pruned_before,nan,0.000000e+00,0.000000e+00,0.0000,0.0000,0
79,features.13,3,pruned_before,nan,0.000000e+00,0.000000e+00,0.0000,0.0000,0
79,features.13,4,pruned_before,nan,0.000000e+00,0.000000e+00,0.0000,0.0000,0
79,features.13,5,pruned_before,nan,0.000000e+00,0.000000e+00,0.0000,0.0000,0
79,features.13,6,pruned_before,nan,0.000000e+00,0.000000e+00,0.0000,0.0000,0
79,features.13,7,pruned_before,nan,0.000000e+00,0.000000e+00,0.0000,0.0000,0
79,features.13,8,pruned_before,nan,0.000000e+00,0.000000e+00,0.0000,0.0000,0
79,features.13,9,pruned_before,nan,0.000000e+00,0.000000e+00,0.0000,0.0000,0
79,features.13,10,pruned_before,nan,0.000000e+00,0.000000e+00,0.0000,0.0000,0
79,features.13,11,pruned_before,nan,0.000000e+00,0.000000e+00,0.0000,0.0000,0
79,features.13,12,pruned_before,nan,0.000000e+00,0.000000e+00,0.0000,0.0000,0
79,features.13,13,pruned_before,nan,0.000000e+00,0.000000e+00,0.0000,0.0000,0
79,features.13,14,pruned_before,nan,0.000000e+00,0.000000e+00,0.0000,0.0000,0
79,features.13,15,pruned_before,nan,0.000000e+00,0.000000e+00,0.0000,0.0000,0
79,features.13,16,pruned_before,nan,0.000000e+00,0.000000e+00,0.0000,0.0000,0
79,features.13,17,pruned_before,nan,0.000000e+00,0.000000e+00,0.0000,0.0000,0
79,features.13,18,pruned_before,nan,0.000000e+00,0.000000e+00,0.0000,0.0000,0
79,features.13,19,pruned_before,nan,0.000000e+00,0.000000e+00,0.0000,0.0000,0
79,features.13,20,pruned_before,nan,0.000000e+00,0.000000e+00,0.0000,0.0000,0
79,features.13,21,pruned_before,nan,0.000000e+00,0.000000e+00,0.0000,0.0000,0
79,features.13,22,pruned_before,nan,0.000000e+00,0.000000e+00,0.0000,0.0000,0
79,features.13,23,pruned_before,nan,0.000000e+00,0.000000e+00,0.0000,0.0000,0
79,features.13,24,pruned_before,nan,0.000000e+00,0.000000e+00,0.0000,0.0000,0
79,features.13,25,active,0.000000,0.000000e+00,0.000000e+00,0.0000,0.0000,201
79,features.13,26,pruned_before,nan,0.000000e+00,0.000000e+00,0.0000,0.0000,0
79,features.13,27,pruned_before,nan,0.000000e+00,0.000000e+00,0.0000,0.0000,0
79,features.13,28,pruned_before,nan,0.000000e+00,0.000000e+00,0.0000,0.0000,0
79,features.13,29,pruned_before,nan,0.000000e+00,0.000000e+00,0.0000,0.0000,0
79,features.13,30,pruned_before,nan,0.000000e+00,0.000000e+00,0.0000,0.0000,0
79,features.13,31,pruned_before,nan,0.000000e+00,0.000000e+00,0.0000,0.0000,0
79,features.13,32,pruned_before,nan,0.000000e+00,0.000000e+00,0.0000,0.0000,0
79,features.13,33,pruned_before,nan,0.000000e+00,0.000000e+00,0.0000,0.0000,0
79,features.13,34,pruned_before,nan,0.000000e+00,0.000000e+00,0.0000,0.0000,0
79,features.13,35,pruned_before,nan,0.000000e+00,0.000000e+00,0.0000,0.0000,0
79,features.13,36,active,0.000066,3.655034e-09,1.750145e-04,0.0007,0.0008,201
79,features.13,37,pruned_before,nan,0.000000e+00,0.000000e+00,0.0000,0.0000,0
79,features.13,38,pruned_before,nan,0.000000e+00,0.000000e+00,0.0000,0.0000,0
79,features.13,39,pruned_before,nan,0.000000e+00,0.000000e+00,0.0000,0.0000,0
79,features.13,40,pruned_before,nan,0.000000e+00,0.000000e+00,0.0000,0.0000,0
79,features.13,41,pruned_before,nan,0.000000e+00,0.000000e+00,0.0000,0.0000,0
79,features.13,42,active,-0.002587,3.058596e-08,9.335571e-05,0.0056,0.0004,201
79,features.13,43,pruned_before,nan,0.000000e+00,0.000000e+00,0.0000,0.0000,0
79,features.13,44,pruned_before,nan,0.000000e+00,0.000000e+00,0.0000,0.0000,0
79,features.13,45,pruned_before,nan,0.000000e+00,0.000000e+00,0.0000,0.0000,0
79,features.13,46,pruned_before,nan,0.000000e+00,0.000000e+00,0.0000,0.0000,0
79,features.13,47,pruned_before,nan,0.000000e+00,0.000000e+00,0.0000,0.0000,0
79,features.13,48,pruned_before,nan,0.000000e+00,0.000000e+00,0.0000,0.0000,0
79,features.13,49,pruned_before,nan,0.000000e+00,0.000000e+00,0.0000,0.0000,0
79,features.13,50,pruned_before,nan,0.000000e+00,0.000000e+00,0.0000,0.0000,0
79,features.13,51,pruned_before,nan,0.000000e+00,0.000000e+00,0.0000,0.0000,0
79,features.13,52,pruned_before,nan,0.000000e+00,0.000000e+00,0.0000,0.0000,0
79,features.13,53,pruned_before,nan,0.000000e+00,0.000000e+00,0.0000,0.0000,0
79,features.13,54,pruned_before,nan,0.000000e+00,0.000000e+00,0.0000,0.0000,0
79,features.13,55,pruned_before,nan,0.000000e+00,0.000000e+00,0.0000,0.0000,0
79,features.13,56,pruned_before,nan,0.000000e+00,0.000000e+00,0.0000,0.0000,0
79,features.13,57,pruned_before,nan,0.000000e+00,0.000000e+00,0.0000,0.0000,0
79,features.13,58,pruned_before,nan,0.000000e+00,0.000000e+00,0.0000,0.0000,0
79,features.13,59,pruned_before,nan,0.000000e+00,0.000000e+00,0.0000,0.0000,0
79,features.13,60,pruned_before,nan,0.000000e+00,0.000000e+00,0.0000,0.0000,0
79,features.13,61,pruned_before,nan,0.000000e+00,0.000000e+00,0.0000,0.0000,0
79,features.13,62,pruned_before,nan,0.000000e+00,0.000000e+00,0.0000,0.0000,0
79,features.13,63,pruned_before,nan,0.000000e+00,0.000000e+00,0.0000,0.0000,0
79,features.13,64,pruned_before,nan,0.000000e+00,0.000000e+00,0.0000,0.0000,0
79,features.13,65,pruned_before,nan,0.000000e+00,0.000000e+00,0.0000,0.0000,0
79,features.13,66,pruned_before,nan,0.000000e+00,0.000000e+00,0.0000,0.0000,0
79,features.13,67,pruned_before,nan,0.000000e+00,0.000000e+00,0.0000,0.0000,0
79,features.13,68,pruned_before,nan,0.000000e+00,0.000000e+00,0.0000,0.0000,0
79,features.13,69,pruned_before,nan,0.000000e+00,0.000000e+00,0.0000,0.0000,0
79,features.13,70,pruned_before,nan,0.000000e+00,0.000000e+00,0.0000,0.0000,0
79,features.13,71,pruned_before,nan,0.000000e+00,0.000000e+00,0.0000,0.0000,0
79,features.13,72,pruned_before,nan,0.000000e+00,0.000000e+00,0.0000,0.0000,0
79,features.13,73,pruned_before,nan,0.000000e+00,0.000000e+00,0.0000,0.0000,0
79,features.13,74,pruned_before,nan,0.000000e+00,0.000000e+00,0.0000,0.0000,0
79,features.13,75,pruned_before,nan,0.000000e+00,0.000000e+00,0.0000,0.0000,0
79,features.13,76,pruned_before,nan,0.000000e+00,0.000000e+00,0.0000,0.0000,0
79,features.13,77,pruned_before,nan,0.000000e+00,0.000000e+00,0.0000,0.0000,0
79,features.13,78,pruned_before,nan,0.000000e+00,0.000000e+00,0.0000,0.0000,0
79,features.13,79,pruned_before,nan,0.000000e+00,0.000000e+00,0.0000,0.0000,0
79,features.13,80,pruned_before,nan,0.000000e+00,0.000000e+00,0.0000,0.0000,0
79,features.13,81,pruned_before,nan,0.000000e+00,0.000000e+00,0.0000,0.0000,0
79,features.13,82,pruned_before,nan,0.000000e+00,0.000000e+00,0.0000,0.0000,0
79,features.13,83,pruned_before,nan,0.000000e+00,0.000000e+00,0.0000,0.0000,0
79,features.13,84,pruned_before,nan,0.000000e+00,0.000000e+00,0.0000,0.0000,0
79,features.13,85,pruned_before,nan,0.000000e+00,0.000000e+00,0.0000,0.0000,0
79,features.13,86,pruned_before,nan,0.000000e+00,0.000000e+00,0.0000,0.0000,0
79,features.13,87,pruned_before,nan,0.000000e+00,0.000000e+00,0.0000,0.0000,0
79,features.13,88,pruned_before,nan,0.000000e+00,0.000000e+00,0.0000,0.0000,0
79,features.13,89,pruned_before,nan,0.000000e+00,0.000000e+00,0.0000,0.0000,0
79,features.13,90,pruned_before,nan,0.000000e+00,0.000000e+00,0.0000,0.0000,0
79,features.13,91,pruned_before,nan,0.000000e+00,0.000000e+00,0.0000,0.0000,0
79,features.13,92,pruned_before,nan,0.000000e+00,0.000000e+00,0.0000,0.0000,0
79,features.13,93,pruned_before,nan,0.000000e+00,0.000000e+00,0.0000,0.0000,0
79,features.13,94,pruned_before,nan,0.000000e+00,0.000000e+00,0.0000,0.0000,0
79,features.13,95,pruned_before,nan,0.000000e+00,0.000000e+00,0.0000,0.0000,0
79,features.13,96,pruned_before,nan,0.000000e+00,0.000000e+00,0.0000,0.0000,0
79,features.13,97,pruned_before,nan,0.000000e+00,0.000000e+00,0.0000,0.0000,0
79,features.13,98,pruned_before,nan,0.000000e+00,0.000000e+00,0.0000,0.0000,0
79,features.13,99,pruned_before,nan,0.000000e+00,0.000000e+00,0.0000,0.0000,0
79,features.13,100,pruned_before,nan,0.000000e+00,0.000000e+00,0.0000,0.0000,0
79,features.13,101,pruned_before,nan,0.000000e+00,0.000000e+00,0.0000,0.0000,0
79,features.13,102,pruned_before,nan,0.000000e+00,0.000000e+00,0.0000,0.0000,0
79,features.13,103,pruned_before,nan,0.000000e+00,0.000000e+00,0.0000,0.0000,0
79,features.13,104,pruned_before,nan,0.000000e+00,0.000000e+00,0.0000,0.0000,0
79,features.13,105,pruned_before,nan,0.000000e+00,0.000000e+00,0.0000,0.0000,0
79,features.13,106,pruned_before,nan,0.000000e+00,0.000000e+00,0.0000,0.0000,0
79,features.13,107,pruned_before,nan,0.000000e+00,0.000000e+00,0.0000,0.0000,0
79,features.13,108,pruned_before,nan,0.000000e+00,0.000000e+00,0.0000,0.0000,0
79,features.13,109,pruned_before,nan,0.000000e+00,0.000000e+00,0.0000,0.0000,0
79,features.13,110,pruned_before,nan,0.000000e+00,0.000000e+00,0.0000,0.0000,0
79,features.13,111,pruned_before,nan,0.000000e+00,0.000000e+00,0.0000,0.0000,0
79,features.13,112,pruned_before,nan,0.000000e+00,0.000000e+00,0.0000,0.0000,0
79,features.13,113,pruned_before,nan,0.000000e+00,0.000000e+00,0.0000,0.0000,0
79,features.13,114,pruned_before,nan,0.000000e+00,0.000000e+00,0.0000,0.0000,0
79,features.13,115,pruned_before,nan,0.000000e+00,0.000000e+00,0.0000,0.0000,0
79,features.13,116,pruned_before,nan,0.000000e+00,0.000000e+00,0.0000,0.0000,0
79,features.13,117,pruned_before,nan,0.000000e+00,0.000000e+00,0.0000,0.0000,0
79,features.13,118,pruned_before,nan,0.000000e+00,0.000000e+00,0.0000,0.0000,0
79,features.13,119,pruned_before,nan,0.000000e+00,0.000000e+00,0.0000,0.0000,0
79,features.13,120,pruned_before,nan,0.000000e+00,0.000000e+00,0.0000,0.0000,0
79,features.13,121,pruned_before,nan,0.000000e+00,0.000000e+00,0.0000,0.0000,0
79,features.13,122,active,0.000000,0.000000e+00,0.000000e+00,0.0000,0.0000,201
79,features.13,123,pruned_before,nan,0.000000e+00,0.000000e+00,0.0000,0.0000,0
79,features.13,124,pruned_before,nan,0.000000e+00,0.000000e+00,0.0000,0.0000,0
79,features.13,125,pruned_before,nan,0.000000e+00,0.000000e+00,0.0000,0.0000,0
79,features.13,126,pruned_before,nan,0.000000e+00,0.000000e+00,0.0000,0.0000,0
79,features.13,127,pruned_before,nan,0.000000e+00,0.000000e+00,0.0000,0.0000,0
79,features.13,128,pruned_before,nan,0.000000e+00,0.000000e+00,0.0000,0.0000,0
79,features.13,129,pruned_before,nan,0.000000e+00,0.000000e+00,0.0000,0.0000,0
79,features.13,130,pruned_before,nan,0.000000e+00,0.000000e+00,0.0000,0.0000,0
79,features.13,131,pruned_before,nan,0.000000e+00,0.000000e+00,0.0000,0.0000,0
79,features.13,132,active,0.000000,0.000000e+00,0.000000e+00,0.0000,0.0000,201
79,features.13,133,protected,0.000000,5.460801e-06,2.185238e-01,1.0000,1.0000,201
79,features.13,134,pruned_before,nan,0.000000e+00,0.000000e+00,0.0000,0.0000,0
79,features.13,135,pruned_before,nan,0.000000e+00,0.000000e+00,0.0000,0.0000,0
79,features.13,136,pruned_before,nan,0.000000e+00,0.000000e+00,0.0000,0.0000,0
79,features.13,137,pruned_before,nan,0.000000e+00,0.000000e+00,0.0000,0.0000,0
79,features.13,138,pruned_before,nan,0.000000e+00,0.000000e+00,0.0000,0.0000,0
79,features.13,139,pruned_before,nan,0.000000e+00,0.000000e+00,0.0000,0.0000,0
79,features.13,140,pruned_before,nan,0.000000e+00,0.000000e+00,0.0000,0.0000,0
79,features.13,141,pruned_before,nan,0.000000e+00,0.000000e+00,0.0000,0.0000,0
79,features.13,142,pruned_before,nan,0.000000e+00,0.000000e+00,0.0000,0.0000,0
79,features.13,143,pruned_before,nan,0.000000e+00,0.000000e+00,0.0000,0.0000,0
79,features.13,144,pruned_before,nan,0.000000e+00,0.000000e+00,0.0000,0.0000,0
79,features.13,145,active,0.000265,8.126947e-10,1.481872e-04,0.0001,0.0007,201
79,features.13,146,pruned_before,nan,0.000000e+00,0.000000e+00,0.0000,0.0000,0
79,features.13,147,pruned_before,nan,0.000000e+00,0.000000e+00,0.0000,0.0000,0
79,features.13,148,pruned_before,nan,0.000000e+00,0.000000e+00,0.0000,0.0000,0
79,features.13,149,pruned_before,nan,0.000000e+00,0.000000e+00,0.0000,0.0000,0
79,features.13,150,pruned_before,nan,0.000000e+00,0.000000e+00,0.0000,0.0000,0
79,features.13,151,pruned_before,nan,0.000000e+00,0.000000e+00,0.0000,0.0000,0
79,features.13,152,pruned_before,nan,0.000000e+00,0.000000e+00,0.0000,0.0000,0
79,features.13,153,pruned_before,nan,0.000000e+00,0.000000e+00,0.0000,0.0000,0
79,features.13,154,pruned_before,nan,0.000000e+00,0.000000e+00,0.0000,0.0000,0
79,features.13,155,pruned_before,nan,0.000000e+00,0.000000e+00,0.0000,0.0000,0
79,features.13,156,pruned_before,nan,0.000000e+00,0.000000e+00,0.0000,0.0000,0
79,features.13,157,pruned_before,nan,0.000000e+00,0.000000e+00,0.0000,0.0000,0
79,features.13,158,pruned_before,nan,0.000000e+00,0.000000e+00,0.0000,0.0000,0
79,features.13,159,pruned_before,nan,0.000000e+00,0.000000e+00,0.0000,0.0000,0
79,features.13,160,pruned_before,nan,0.000000e+00,0.000000e+00,0.0000,0.0000,0
79,features.13,161,pruned_before,nan,0.000000e+00,0.000000e+00,0.0000,0.0000,0
79,features.13,162,pruned_before,nan,0.000000e+00,0.000000e+00,0.0000,0.0000,0
79,features.13,163,pruned_before,nan,0.000000e+00,0.000000e+00,0.0000,0.0000,0
79,features.13,164,pruned_before,nan,0.000000e+00,0.000000e+00,0.0000,0.0000,0
79,features.13,165,pruned_before,nan,0.000000e+00,0.000000e+00,0.0000,0.0000,0
79,features.13,166,pruned_before,nan,0.000000e+00,0.000000e+00,0.0000,0.0000,0
79,features.13,167,pruned_before,nan,0.000000e+00,0.000000e+00,0.0000,0.0000,0
79,features.13,168,pruned_before,nan,0.000000e+00,0.000000e+00,0.0000,0.0000,0
79,features.13,169,pruned_before,nan,0.000000e+00,0.000000e+00,0.0000,0.0000,0
79,features.13,170,pruned_before,nan,0.000000e+00,0.000000e+00,0.0000,0.0000,0
79,features.13,171,pruned_before,nan,0.000000e+00,0.000000e+00,0.0000,0.0000,0
79,features.13,172,pruned_before,nan,0.000000e+00,0.000000e+00,0.0000,0.0000,0
79,features.13,173,pruned_before,nan,0.000000e+00,0.000000e+00,0.0000,0.0000,0
79,features.13,174,pruned_before,nan,0.000000e+00,0.000000e+00,0.0000,0.0000,0
79,features.13,175,pruned_before,nan,0.000000e+00,0.000000e+00,0.0000,0.0000,0
79,features.13,176,pruned_before,nan,0.000000e+00,0.000000e+00,0.0000,0.0000,0
79,features.13,177,pruned_before,nan,0.000000e+00,0.000000e+00,0.0000,0.0000,0
79,features.13,178,pruned_before,nan,0.000000e+00,0.000000e+00,0.0000,0.0000,0
79,features.13,179,pruned_before,nan,0.000000e+00,0.000000e+00,0.0000,0.0000,0
79,features.13,180,pruned_before,nan,0.000000e+00,0.000000e+00,0.0000,0.0000,0
79,features.13,181,active,-0.001116,1.634384e-08,1.662560e-04,0.0030,0.0008,201
79,features.13,182,pruned_before,nan,0.000000e+00,0.000000e+00,0.0000,0.0000,0
79,features.13,183,pruned_before,nan,0.000000e+00,0.000000e+00,0.0000,0.0000,0
79,features.13,184,pruned_before,nan,0.000000e+00,0.000000e+00,0.0000,0.0000,0
79,features.13,185,pruned_before,nan,0.000000e+00,0.000000e+00,0.0000,0.0000,0
79,features.13,186,active,-0.000094,1.232146e-09,8.086836e-06,0.0002,0.0000,201
79,features.13,187,pruned_before,nan,0.000000e+00,0.000000e+00,0.0000,0.0000,0
79,features.13,188,pruned_before,nan,0.000000e+00,0.000000e+00,0.0000,0.0000,0
79,features.13,189,pruned_before,nan,0.000000e+00,0.000000e+00,0.0000,0.0000,0
79,features.13,190,pruned_before,nan,0.000000e+00,0.000000e+00,0.0000,0.0000,0
79,features.13,191,pruned_before,nan,0.000000e+00,0.000000e+00,0.0000,0.0000,0
79,features.13,192,active,-0.000000,4.747253e-13,1.135674e-09,0.0000,0.0000,201
79,features.13,193,pruned_before,nan,0.000000e+00,0.000000e+00,0.0000,0.0000,0
79,features.13,194,pruned_before,nan,0.000000e+00,0.000000e+00,0.0000,0.0000,0
79,features.13,195,pruned_before,nan,0.000000e+00,0.000000e+00,0.0000,0.0000,0
79,features.13,196,pruned_before,nan,0.000000e+00,0.000000e+00,0.0000,0.0000,0
79,features.13,197,pruned_before,nan,0.000000e+00,0.000000e+00,0.0000,0.0000,0
79,features.13,198,pruned_before,nan,0.000000e+00,0.000000e+00,0.0000,0.0000,0
79,features.13,199,pruned_before,nan,0.000000e+00,0.000000e+00,0.0000,0.0000,0
79,features.13,200,pruned_before,nan,0.000000e+00,0.000000e+00,0.0000,0.0000,0
79,features.13,201,pruned_before,nan,0.000000e+00,0.000000e+00,0.0000,0.0000,0
79,features.13,202,pruned_before,nan,0.000000e+00,0.000000e+00,0.0000,0.0000,0
79,features.13,203,pruned_before,nan,0.000000e+00,0.000000e+00,0.0000,0.0000,0
79,features.13,204,pruned_before,nan,0.000000e+00,0.000000e+00,0.0000,0.0000,0
79,features.13,205,pruned_before,nan,0.000000e+00,0.000000e+00,0.0000,0.0000,0
79,features.13,206,pruned_before,nan,0.000000e+00,0.000000e+00,0.0000,0.0000,0
79,features.13,207,pruned_before,nan,0.000000e+00,0.000000e+00,0.0000,0.0000,0
79,features.13,208,pruned_before,nan,0.000000e+00,0.000000e+00,0.0000,0.0000,0
79,features.13,209,pruned_before,nan,0.000000e+00,0.000000e+00,0.0000,0.0000,0
79,features.13,210,active,-0.000276,3.486934e-09,1.879703e-05,0.0006,0.0001,201
79,features.13,211,pruned_before,nan,0.000000e+00,0.000000e+00,0.0000,0.0000,0
79,features.13,212,pruned_before,nan,0.000000e+00,0.000000e+00,0.0000,0.0000,0
79,features.13,213,pruned_before,nan,0.000000e+00,0.000000e+00,0.0000,0.0000,0
79,features.13,214,pruned_before,nan,0.000000e+00,0.000000e+00,0.0000,0.0000,0
79,features.13,215,pruned_before,nan,0.000000e+00,0.000000e+00,0.0000,0.0000,0
79,features.13,216,pruned_before,nan,0.000000e+00,0.000000e+00,0.0000,0.0000,0
79,features.13,217,pruned_before,nan,0.000000e+00,0.000000e+00,0.0000,0.0000,0
79,features.13,218,pruned_before,nan,0.000000e+00,0.000000e+00,0.0000,0.0000,0
79,features.13,219,pruned_before,nan,0.000000e+00,0.000000e+00,0.0000,0.0000,0
79,features.13,220,pruned_before,nan,0.000000e+00,0.000000e+00,0.0000,0.0000,0
79,features.13,221,pruned_before,nan,0.000000e+00,0.000000e+00,0.0000,0.0000,0
79,features.13,222,pruned_before,nan,0.000000e+00,0.000000e+00,0.0000,0.0000,0
79,features.13,223,pruned_before,nan,0.000000e+00,0.000000e+00,0.0000,0.0000,0
79,features.13,224,pruned_before,nan,0.000000e+00,0.000000e+00,0.0000,0.0000,0
79,features.13,225,active,-0.000061,8.236744e-10,6.431017e-06,0.0002,0.0000,201
79,features.13,226,pruned_before,nan,0.000000e+00,0.000000e+00,0.0000,0.0000,0
79,features.13,227,pruned_before,nan,0.000000e+00,0.000000e+00,0.0000,0.0000,0
79,features.13,228,pruned_before,nan,0.000000e+00,0.000000e+00,0.0000,0.0000,0
79,features.13,229,pruned_before,nan,0.000000e+00,0.000000e+00,0.0000,0.0000,0
79,features.13,230,pruned_before,nan,0.000000e+00,0.000000e+00,0.0000,0.0000,0
79,features.13,231,pruned_before,nan,0.000000e+00,0.000000e+00,0.0000,0.0000,0
79,features.13,232,pruned_before,nan,0.000000e+00,0.000000e+00,0.0000,0.0000,0
79,features.13,233,pruned_before,nan,0.000000e+00,0.000000e+00,0.0000,0.0000,0
79,features.13,234,pruned_before,nan,0.000000e+00,0.000000e+00,0.0000,0.0000,0
79,features.13,235,pruned_before,nan,0.000000e+00,0.000000e+00,0.0000,0.0000,0
79,features.13,236,active,-0.000333,3.768544e-09,5.200963e-06,0.0007,0.0000,201
79,features.13,237,pruned_before,nan,0.000000e+00,0.000000e+00,0.0000,0.0000,0
79,features.13,238,pruned_before,nan,0.000000e+00,0.000000e+00,0.0000,0.0000,0
79,features.13,239,pruned_before,nan,0.000000e+00,0.000000e+00,0.0000,0.0000,0
79,features.13,240,pruned_before,nan,0.000000e+00,0.000000e+00,0.0000,0.0000,0
79,features.13,241,pruned_before,nan,0.000000e+00,0.000000e+00,0.0000,0.0000,0
79,features.13,242,pruned_before,nan,0.000000e+00,0.000000e+00,0.0000,0.0000,0
79,features.13,243,pruned_before,nan,0.000000e+00,0.000000e+00,0.0000,0.0000,0
79,features.13,244,pruned_before,nan,0.000000e+00,0.000000e+00,0.0000,0.0000,0
79,features.13,245,pruned_before,nan,0.000000e+00,0.000000e+00,0.0000,0.0000,0
79,features.13,246,pruned_before,nan,0.000000e+00,0.000000e+00,0.0000,0.0000,0
79,features.13,247,pruned_before,nan,0.000000e+00,0.000000e+00,0.0000,0.0000,0
79,features.13,248,pruned_before,nan,0.000000e+00,0.000000e+00,0.0000,0.0000,0
79,features.13,249,pruned_before,nan,0.000000e+00,0.000000e+00,0.0000,0.0000,0
79,features.13,250,pruned_before,nan,0.000000e+00,0.000000e+00,0.0000,0.0000,0
79,features.13,251,pruned_before,nan,0.000000e+00,0.000000e+00,0.0000,0.0000,0
79,features.13,252,pruned_before,nan,0.000000e+00,0.000000e+00,0.0000,0.0000,0
79,features.13,253,pruned_before,nan,0.000000e+00,0.000000e+00,0.0000,0.0000,0
79,features.13,254,pruned_before,nan,0.000000e+00,0.000000e+00,0.0000,0.0000,0
79,features.13,255,pruned_before,nan,0.000000e+00,0.000000e+00,0.0000,0.0000,0
79,features.13,256,pruned_before,nan,0.000000e+00,0.000000e+00,0.0000,0.0000,0
79,features.13,257,pruned_before,nan,0.000000e+00,0.000000e+00,0.0000,0.0000,0
79,features.13,258,pruned_before,nan,0.000000e+00,0.000000e+00,0.0000,0.0000,0
79,features.13,259,pruned_before,nan,0.000000e+00,0.000000e+00,0.0000,0.0000,0
79,features.13,260,pruned_before,nan,0.000000e+00,0.000000e+00,0.0000,0.0000,0
79,features.13,261,pruned_before,nan,0.000000e+00,0.000000e+00,0.0000,0.0000,0
79,features.13,262,pruned_before,nan,0.000000e+00,0.000000e+00,0.0000,0.0000,0
79,features.13,263,pruned_before,nan,0.000000e+00,0.000000e+00,0.0000,0.0000,0
79,features.13,264,pruned_before,nan,0.000000e+00,0.000000e+00,0.0000,0.0000,0
79,features.13,265,pruned_before,nan,0.000000e+00,0.000000e+00,0.0000,0.0000,0
79,features.13,266,pruned_before,nan,0.000000e+00,0.000000e+00,0.0000,0.0000,0
79,features.13,267,pruned_before,nan,0.000000e+00,0.000000e+00,0.0000,0.0000,0
79,features.13,268,pruned_before,nan,0.000000e+00,0.000000e+00,0.0000,0.0000,0
79,features.13,269,pruned_before,nan,0.000000e+00,0.000000e+00,0.0000,0.0000,0
79,features.13,270,pruned_before,nan,0.000000e+00,0.000000e+00,0.0000,0.0000,0
79,features.13,271,pruned_before,nan,0.000000e+00,0.000000e+00,0.0000,0.0000,0
79,features.13,272,pruned_before,nan,0.000000e+00,0.000000e+00,0.0000,0.0000,0
79,features.13,273,pruned_before,nan,0.000000e+00,0.000000e+00,0.0000,0.0000,0
79,features.13,274,pruned_before,nan,0.000000e+00,0.000000e+00,0.0000,0.0000,0
79,features.13,275,pruned_before,nan,0.000000e+00,0.000000e+00,0.0000,0.0000,0
79,features.13,276,pruned_before,nan,0.000000e+00,0.000000e+00,0.0000,0.0000,0
79,features.13,277,pruned_before,nan,0.000000e+00,0.000000e+00,0.0000,0.0000,0
79,features.13,278,pruned_before,nan,0.000000e+00,0.000000e+00,0.0000,0.0000,0
79,features.13,279,pruned_before,nan,0.000000e+00,0.000000e+00,0.0000,0.0000,0
79,features.13,280,active,0.000000,0.000000e+00,0.000000e+00,0.0000,0.0000,201
79,features.13,281,active,0.000000,0.000000e+00,0.000000e+00,0.0000,0.0000,201
79,features.13,282,pruned_before,nan,0.000000e+00,0.000000e+00,0.0000,0.0000,0
79,features.13,283,pruned_before,nan,0.000000e+00,0.000000e+00,0.0000,0.0000,0
79,features.13,284,pruned_before,nan,0.000000e+00,0.000000e+00,0.0000,0.0000,0
79,features.13,285,pruned_before,nan,0.000000e+00,0.000000e+00,0.0000,0.0000,0
79,features.13,286,pruned_before,nan,0.000000e+00,0.000000e+00,0.0000,0.0000,0
79,features.13,287,pruned_before,nan,0.000000e+00,0.000000e+00,0.0000,0.0000,0
79,features.13,288,pruned_before,nan,0.000000e+00,0.000000e+00,0.0000,0.0000,0
79,features.13,289,pruned_before,nan,0.000000e+00,0.000000e+00,0.0000,0.0000,0
79,features.13,290,pruned_before,nan,0.000000e+00,0.000000e+00,0.0000,0.0000,0
79,features.13,291,pruned_before,nan,0.000000e+00,0.000000e+00,0.0000,0.0000,0
79,features.13,292,pruned_before,nan,0.000000e+00,0.000000e+00,0.0000,0.0000,0
79,features.13,293,pruned_before,nan,0.000000e+00,0.000000e+00,0.0000,0.0000,0
79,features.13,294,pruned_before,nan,0.000000e+00,0.000000e+00,0.0000,0.0000,0
79,features.13,295,active,-0.000008,9.264530e-11,2.773257e-08,0.0000,0.0000,201
79,features.13,296,pruned_before,nan,0.000000e+00,0.000000e+00,0.0000,0.0000,0
79,features.13,297,pruned_before,nan,0.000000e+00,0.000000e+00,0.0000,0.0000,0
79,features.13,298,pruned_before,nan,0.000000e+00,0.000000e+00,0.0000,0.0000,0
79,features.13,299,pruned_before,nan,0.000000e+00,0.000000e+00,0.0000,0.0000,0
79,features.13,300,pruned_before,nan,0.000000e+00,0.000000e+00,0.0000,0.0000,0
79,features.13,301,pruned_before,nan,0.000000e+00,0.000000e+00,0.0000,0.0000,0
79,features.13,302,pruned_before,nan,0.000000e+00,0.000000e+00,0.0000,0.0000,0
79,features.13,303,pruned_before,nan,0.000000e+00,0.000000e+00,0.0000,0.0000,0
79,features.13,304,pruned_before,nan,0.000000e+00,0.000000e+00,0.0000,0.0000,0
79,features.13,305,pruned_before,nan,0.000000e+00,0.000000e+00,0.0000,0.0000,0
79,features.13,306,pruned_before,nan,0.000000e+00,0.000000e+00,0.0000,0.0000,0
79,features.13,307,pruned_before,nan,0.000000e+00,0.000000e+00,0.0000,0.0000,0
79,features.13,308,pruned_before,nan,0.000000e+00,0.000000e+00,0.0000,0.0000,0
79,features.13,309,pruned_before,nan,0.000000e+00,0.000000e+00,0.0000,0.0000,0
79,features.13,310,pruned_before,nan,0.000000e+00,0.000000e+00,0.0000,0.0000,0
79,features.13,311,pruned_before,nan,0.000000e+00,0.000000e+00,0.0000,0.0000,0
79,features.13,312,pruned_before,nan,0.000000e+00,0.000000e+00,0.0000,0.0000,0
79,features.13,313,pruned_before,nan,0.000000e+00,0.000000e+00,0.0000,0.0000,0
79,features.13,314,pruned_before,nan,0.000000e+00,0.000000e+00,0.0000,0.0000,0
79,features.13,315,pruned_before,nan,0.000000e+00,0.000000e+00,0.0000,0.0000,0
79,features.13,316,pruned_before,nan,0.000000e+00,0.000000e+00,0.0000,0.0000,0
79,features.13,317,pruned_before,nan,0.000000e+00,0.000000e+00,0.0000,0.0000,0
79,features.13,318,pruned_before,nan,0.000000e+00,0.000000e+00,0.0000,0.0000,0
79,features.13,319,pruned_before,nan,0.000000e+00,0.000000e+00,0.0000,0.0000,0
79,features.13,320,pruned_before,nan,0.000000e+00,0.000000e+00,0.0000,0.0000,0
79,features.13,321,pruned_before,nan,0.000000e+00,0.000000e+00,0.0000,0.0000,0
79,features.13,322,pruned_before,nan,0.000000e+00,0.000000e+00,0.0000,0.0000,0
79,features.13,323,pruned_before,nan,0.000000e+00,0.000000e+00,0.0000,0.0000,0
79,features.13,324,pruned_before,nan,0.000000e+00,0.000000e+00,0.0000,0.0000,0
79,features.13,325,pruned_before,nan,0.000000e+00,0.000000e+00,0.0000,0.0000,0
79,features.13,326,pruned_before,nan,0.000000e+00,0.000000e+00,0.0000,0.0000,0
79,features.13,327,pruned_before,nan,0.000000e+00,0.000000e+00,0.0000,0.0000,0
79,features.13,328,pruned_before,nan,0.000000e+00,0.000000e+00,0.0000,0.0000,0
79,features.13,329,pruned_before,nan,0.000000e+00,0.000000e+00,0.0000,0.0000,0
79,features.13,330,pruned_before,nan,0.000000e+00,0.000000e+00,0.0000,0.0000,0
79,features.13,331,pruned_before,nan,0.000000e+00,0.000000e+00,0.0000,0.0000,0
79,features.13,332,active,-0.000011,3.961461e-10,1.105818e-05,0.0001,0.0001,201
79,features.13,333,pruned_before,nan,0.000000e+00,0.000000e+00,0.0000,0.0000,0
79,features.13,334,pruned_before,nan,0.000000e+00,0.000000e+00,0.0000,0.0000,0
79,features.13,335,pruned_before,nan,0.000000e+00,0.000000e+00,0.0000,0.0000,0
79,features.13,336,pruned_before,nan,0.000000e+00,0.000000e+00,0.0000,0.0000,0
79,features.13,337,pruned_before,nan,0.000000e+00,0.000000e+00,0.0000,0.0000,0
79,features.13,338,pruned_before,nan,0.000000e+00,0.000000e+00,0.0000,0.0000,0
79,features.13,339,pruned_before,nan,0.000000e+00,0.000000e+00,0.0000,0.0000,0
79,features.13,340,pruned_before,nan,0.000000e+00,0.000000e+00,0.0000,0.0000,0
79,features.13,341,pruned_before,nan,0.000000e+00,0.000000e+00,0.0000,0.0000,0
79,features.13,342,pruned_before,nan,0.000000e+00,0.000000e+00,0.0000,0.0000,0
79,features.13,343,pruned_before,nan,0.000000e+00,0.000000e+00,0.0000,0.0000,0
79,features.13,344,pruned_before,nan,0.000000e+00,0.000000e+00,0.0000,0.0000,0
79,features.13,345,pruned_before,nan,0.000000e+00,0.000000e+00,0.0000,0.0000,0
79,features.13,346,pruned_before,nan,0.000000e+00,0.000000e+00,0.0000,0.0000,0
79,features.13,347,pruned_before,nan,0.000000e+00,0.000000e+00,0.0000,0.0000,0
79,features.13,348,pruned_before,nan,0.000000e+00,0.000000e+00,0.0000,0.0000,0
79,features.13,349,pruned_before,nan,0.000000e+00,0.000000e+00,0.0000,0.0000,0
79,features.13,350,pruned_before,nan,0.000000e+00,0.000000e+00,0.0000,0.0000,0
79,features.13,351,pruned_before,nan,0.000000e+00,0.000000e+00,0.0000,0.0000,0
79,features.13,352,pruned_before,nan,0.000000e+00,0.000000e+00,0.0000,0.0000,0
79,features.13,353,active,-0.000388,4.265387e-09,1.259077e-06,0.0008,0.0000,201
79,features.13,354,pruned_before,nan,0.000000e+00,0.000000e+00,0.0000,0.0000,0
79,features.13,355,pruned_before,nan,0.000000e+00,0.000000e+00,0.0000,0.0000,0
79,features.13,356,pruned_before,nan,0.000000e+00,0.000000e+00,0.0000,0.0000,0
79,features.13,357,pruned_before,nan,0.000000e+00,0.000000e+00,0.0000,0.0000,0
79,features.13,358,pruned_before,nan,0.000000e+00,0.000000e+00,0.0000,0.0000,0
79,features.13,359,pruned_before,nan,0.000000e+00,0.000000e+00,0.0000,0.0000,0
79,features.13,360,active,-0.000004,7.187719e-10,2.720131e-05,0.0001,0.0001,201
79,features.13,361,pruned_before,nan,0.000000e+00,0.000000e+00,0.0000,0.0000,0
79,features.13,362,pruned_before,nan,0.000000e+00,0.000000e+00,0.0000,0.0000,0
79,features.13,363,pruned_before,nan,0.000000e+00,0.000000e+00,0.0000,0.0000,0
79,features.13,364,pruned_before,nan,0.000000e+00,0.000000e+00,0.0000,0.0000,0
79,features.13,365,pruned_before,nan,0.000000e+00,0.000000e+00,0.0000,0.0000,0
79,features.13,366,pruned_before,nan,0.000000e+00,0.000000e+00,0.0000,0.0000,0
79,features.13,367,pruned_before,nan,0.000000e+00,0.000000e+00,0.0000,0.0000,0
79,features.13,368,pruned_before,nan,0.000000e+00,0.000000e+00,0.0000,0.0000,0
79,features.13,369,pruned_before,nan,0.000000e+00,0.000000e+00,0.0000,0.0000,0
79,features.13,370,pruned_before,nan,0.000000e+00,0.000000e+00,0.0000,0.0000,0
79,features.13,371,pruned_before,nan,0.000000e+00,0.000000e+00,0.0000,0.0000,0
79,features.13,372,pruned_before,nan,0.000000e+00,0.000000e+00,0.0000,0.0000,0
79,features.13,373,pruned_before,nan,0.000000e+00,0.000000e+00,0.0000,0.0000,0
79,features.13,374,pruned_before,nan,0.000000e+00,0.000000e+00,0.0000,0.0000,0
79,features.13,375,pruned_before,nan,0.000000e+00,0.000000e+00,0.0000,0.0000,0
79,features.13,376,pruned_before,nan,0.000000e+00,0.000000e+00,0.0000,0.0000,0
79,features.13,377,pruned_before,nan,0.000000e+00,0.000000e+00,0.0000,0.0000,0
79,features.13,378,pruned_before,nan,0.000000e+00,0.000000e+00,0.0000,0.0000,0
79,features.13,379,pruned_before,nan,0.000000e+00,0.000000e+00,0.0000,0.0000,0
79,features.13,380,pruned_before,nan,0.000000e+00,0.000000e+00,0.0000,0.0000,0
79,features.13,381,pruned_before,nan,0.000000e+00,0.000000e+00,0.0000,0.0000,0
79,features.13,382,pruned_before,nan,0.000000e+00,0.000000e+00,0.0000,0.0000,0
79,features.13,383,pruned_before,nan,0.000000e+00,0.000000e+00,0.0000,0.0000,0
79,features.13,384,pruned_before,nan,0.000000e+00,0.000000e+00,0.0000,0.0000,0
79,features.13,385,pruned_before,nan,0.000000e+00,0.000000e+00,0.0000,0.0000,0
79,features.13,386,pruned_before,nan,0.000000e+00,0.000000e+00,0.0000,0.0000,0
79,features.13,387,active,-0.000527,7.289552e-09,6.147478e-05,0.0013,0.0003,201
79,features.13,388,pruned_before,nan,0.000000e+00,0.000000e+00,0.0000,0.0000,0
79,features.13,389,pruned_before,nan,0.000000e+00,0.000000e+00,0.0000,0.0000,0
79,features.13,390,pruned_before,nan,0.000000e+00,0.000000e+00,0.0000,0.0000,0
79,features.13,391,pruned_before,nan,0.000000e+00,0.000000e+00,0.0000,0.0000,0
79,features.13,392,pruned_before,nan,0.000000e+00,0.000000e+00,0.0000,0.0000,0
79,features.13,393,pruned_before,nan,0.000000e+00,0.000000e+00,0.0000,0.0000,0
79,features.13,394,pruned_before,nan,0.000000e+00,0.000000e+00,0.0000,0.0000,0
79,features.13,395,pruned_before,nan,0.000000e+00,0.000000e+00,0.0000,0.0000,0
79,features.13,396,pruned_before,nan,0.000000e+00,0.000000e+00,0.0000,0.0000,0
79,features.13,397,pruned_before,nan,0.000000e+00,0.000000e+00,0.0000,0.0000,0
79,features.13,398,pruned_before,nan,0.000000e+00,0.000000e+00,0.0000,0.0000,0
79,features.13,399,pruned_before,nan,0.000000e+00,0.000000e+00,0.0000,0.0000,0
79,features.13,400,pruned_before,nan,0.000000e+00,0.000000e+00,0.0000,0.0000,0
79,features.13,401,pruned_before,nan,0.000000e+00,0.000000e+00,0.0000,0.0000,0
79,features.13,402,pruned_before,nan,0.000000e+00,0.000000e+00,0.0000,0.0000,0
79,features.13,403,pruned_before,nan,0.000000e+00,0.000000e+00,0.0000,0.0000,0
79,features.13,404,pruned_before,nan,0.000000e+00,0.000000e+00,0.0000,0.0000,0
79,features.13,405,pruned_before,nan,0.000000e+00,0.000000e+00,0.0000,0.0000,0
79,features.13,406,pruned_before,nan,0.000000e+00,0.000000e+00,0.0000,0.0000,0
79,features.13,407,pruned_before,nan,0.000000e+00,0.000000e+00,0.0000,0.0000,0
79,features.13,408,pruned_before,nan,0.000000e+00,0.000000e+00,0.0000,0.0000,0
79,features.13,409,pruned_before,nan,0.000000e+00,0.000000e+00,0.0000,0.0000,0
79,features.13,410,pruned_before,nan,0.000000e+00,0.000000e+00,0.0000,0.0000,0
79,features.13,411,pruned_before,nan,0.000000e+00,0.000000e+00,0.0000,0.0000,0
79,features.13,412,pruned_before,nan,0.000000e+00,0.000000e+00,0.0000,0.0000,0
79,features.13,413,pruned_before,nan,0.000000e+00,0.000000e+00,0.0000,0.0000,0
79,features.13,414,pruned_before,nan,0.000000e+00,0.000000e+00,0.0000,0.0000,0
79,features.13,415,pruned_before,nan,0.000000e+00,0.000000e+00,0.0000,0.0000,0
79,features.13,416,pruned_before,nan,0.000000e+00,0.000000e+00,0.0000,0.0000,0
79,features.13,417,pruned_before,nan,0.000000e+00,0.000000e+00,0.0000,0.0000,0
79,features.13,418,pruned_before,nan,0.000000e+00,0.000000e+00,0.0000,0.0000,0
79,features.13,419,pruned_before,nan,0.000000e+00,0.000000e+00,0.0000,0.0000,0
79,features.13,420,pruned_before,nan,0.000000e+00,0.000000e+00,0.0000,0.0000,0
79,features.13,421,pruned_before,nan,0.000000e+00,0.000000e+00,0.0000,0.0000,0
79,features.13,422,pruned_before,nan,0.000000e+00,0.000000e+00,0.0000,0.0000,0
79,features.13,423,pruned_before,nan,0.000000e+00,0.000000e+00,0.0000,0.0000,0
79,features.13,424,pruned_before,nan,0.000000e+00,0.000000e+00,0.0000,0.0000,0
79,features.13,425,pruned_before,nan,0.000000e+00,0.000000e+00,0.0000,0.0000,0
79,features.13,426,pruned_before,nan,0.000000e+00,0.000000e+00,0.0000,0.0000,0
79,features.13,427,pruned_before,nan,0.000000e+00,0.000000e+00,0.0000,0.0000,0
79,features.13,428,pruned_before,nan,0.000000e+00,0.000000e+00,0.0000,0.0000,0
79,features.13,429,pruned_before,nan,0.000000e+00,0.000000e+00,0.0000,0.0000,0
79,features.13,430,pruned_before,nan,0.000000e+00,0.000000e+00,0.0000,0.0000,0
79,features.13,431,pruned_before,nan,0.000000e+00,0.000000e+00,0.0000,0.0000,0
79,features.13,432,pruned_before,nan,0.000000e+00,0.000000e+00,0.0000,0.0000,0
79,features.13,433,pruned_before,nan,0.000000e+00,0.000000e+00,0.0000,0.0000,0
79,features.13,434,pruned_before,nan,0.000000e+00,0.000000e+00,0.0000,0.0000,0
79,features.13,435,pruned_before,nan,0.000000e+00,0.000000e+00,0.0000,0.0000,0
79,features.13,436,pruned_before,nan,0.000000e+00,0.000000e+00,0.0000,0.0000,0
79,features.13,437,pruned_before,nan,0.000000e+00,0.000000e+00,0.0000,0.0000,0
79,features.13,438,pruned_before,nan,0.000000e+00,0.000000e+00,0.0000,0.0000,0
79,features.13,439,pruned_before,nan,0.000000e+00,0.000000e+00,0.0000,0.0000,0
79,features.13,440,pruned_before,nan,0.000000e+00,0.000000e+00,0.0000,0.0000,0
79,features.13,441,pruned_before,nan,0.000000e+00,0.000000e+00,0.0000,0.0000,0
79,features.13,442,pruned_before,nan,0.000000e+00,0.000000e+00,0.0000,0.0000,0
79,features.13,443,pruned_before,nan,0.000000e+00,0.000000e+00,0.0000,0.0000,0
79,features.13,444,pruned_before,nan,0.000000e+00,0.000000e+00,0.0000,0.0000,0
79,features.13,445,pruned_before,nan,0.000000e+00,0.000000e+00,0.0000,0.0000,0
79,features.13,446,pruned_before,nan,0.000000e+00,0.000000e+00,0.0000,0.0000,0
79,features.13,447,pruned_before,nan,0.000000e+00,0.000000e+00,0.0000,0.0000,0
79,features.13,448,active,-0.000194,2.742628e-09,2.515537e-05,0.0005,0.0001,201
79,features.13,449,pruned_before,nan,0.000000e+00,0.000000e+00,0.0000,0.0000,0
79,features.13,450,pruned_before,nan,0.000000e+00,0.000000e+00,0.0000,0.0000,0
79,features.13,451,pruned_before,nan,0.000000e+00,0.000000e+00,0.0000,0.0000,0
79,features.13,452,pruned_before,nan,0.000000e+00,0.000000e+00,0.0000,0.0000,0
79,features.13,453,pruned_before,nan,0.000000e+00,0.000000e+00,0.0000,0.0000,0
79,features.13,454,active,-0.000555,6.432303e-09,1.488395e-05,0.0012,0.0001,201
79,features.13,455,pruned_before,nan,0.000000e+00,0.000000e+00,0.0000,0.0000,0
79,features.13,456,pruned_before,nan,0.000000e+00,0.000000e+00,0.0000,0.0000,0
79,features.13,457,pruned_before,nan,0.000000e+00,0.000000e+00,0.0000,0.0000,0
79,features.13,458,pruned_before,nan,0.000000e+00,0.000000e+00,0.0000,0.0000,0
79,features.13,459,pruned_before,nan,0.000000e+00,0.000000e+00,0.0000,0.0000,0
79,features.13,460,pruned_before,nan,0.000000e+00,0.000000e+00,0.0000,0.0000,0
79,features.13,461,pruned_before,nan,0.000000e+00,0.000000e+00,0.0000,0.0000,0
79,features.13,462,pruned_before,nan,0.000000e+00,0.000000e+00,0.0000,0.0000,0
79,features.13,463,pruned_before,nan,0.000000e+00,0.000000e+00,0.0000,0.0000,0
79,features.13,464,pruned_before,nan,0.000000e+00,0.000000e+00,0.0000,0.0000,0
79,features.13,465,pruned_before,nan,0.000000e+00,0.000000e+00,0.0000,0.0000,0
79,features.13,466,pruned_before,nan,0.000000e+00,0.000000e+00,0.0000,0.0000,0
79,features.13,467,pruned_before,nan,0.000000e+00,0.000000e+00,0.0000,0.0000,0
79,features.13,468,pruned_before,nan,0.000000e+00,0.000000e+00,0.0000,0.0000,0
79,features.13,469,pruned_before,nan,0.000000e+00,0.000000e+00,0.0000,0.0000,0
79,features.13,470,pruned_before,nan,0.000000e+00,0.000000e+00,0.0000,0.0000,0
79,features.13,471,pruned_before,nan,0.000000e+00,0.000000e+00,0.0000,0.0000,0
79,features.13,472,pruned_before,nan,0.000000e+00,0.000000e+00,0.0000,0.0000,0
79,features.13,473,pruned_before,nan,0.000000e+00,0.000000e+00,0.0000,0.0000,0
79,features.13,474,pruned_before,nan,0.000000e+00,0.000000e+00,0.0000,0.0000,0
79,features.13,475,pruned_before,nan,0.000000e+00,0.000000e+00,0.0000,0.0000,0
79,features.13,476,pruned_before,nan,0.000000e+00,0.000000e+00,0.0000,0.0000,0
79,features.13,477,pruned_before,nan,0.000000e+00,0.000000e+00,0.0000,0.0000,0
79,features.13,478,pruned_before,nan,0.000000e+00,0.000000e+00,0.0000,0.0000,0
79,features.13,479,pruned_before,nan,0.000000e+00,0.000000e+00,0.0000,0.0000,0
79,features.13,480,pruned_before,nan,0.000000e+00,0.000000e+00,0.0000,0.0000,0
79,features.13,481,pruned_before,nan,0.000000e+00,0.000000e+00,0.0000,0.0000,0
79,features.13,482,pruned_before,nan,0.000000e+00,0.000000e+00,0.0000,0.0000,0
79,features.13,483,pruned_before,nan,0.000000e+00,0.000000e+00,0.0000,0.0000,0
79,features.13,484,pruned_before,nan,0.000000e+00,0.000000e+00,0.0000,0.0000,0
79,features.13,485,pruned_before,nan,0.000000e+00,0.000000e+00,0.0000,0.0000,0
79,features.13,486,pruned_before,nan,0.000000e+00,0.000000e+00,0.0000,0.0000,0
79,features.13,487,pruned_before,nan,0.000000e+00,0.000000e+00,0.0000,0.0000,0
79,features.13,488,pruned_before,nan,0.000000e+00,0.000000e+00,0.0000,0.0000,0
79,features.13,489,pruned_before,nan,0.000000e+00,0.000000e+00,0.0000,0.0000,0
79,features.13,490,pruned_before,nan,0.000000e+00,0.000000e+00,0.0000,0.0000,0
79,features.13,491,pruned_before,nan,0.000000e+00,0.000000e+00,0.0000,0.0000,0
79,features.13,492,pruned_before,nan,0.000000e+00,0.000000e+00,0.0000,0.0000,0
79,features.13,493,pruned_before,nan,0.000000e+00,0.000000e+00,0.0000,0.0000,0
79,features.13,494,pruned_before,nan,0.000000e+00,0.000000e+00,0.0000,0.0000,0
79,features.13,495,pruned_before,nan,0.000000e+00,0.000000e+00,0.0000,0.0000,0
79,features.13,496,pruned_before,nan,0.000000e+00,0.000000e+00,0.0000,0.0000,0
79,features.13,497,pruned_before,nan,0.000000e+00,0.000000e+00,0.0000,0.0000,0
79,features.13,498,pruned_before,nan,0.000000e+00,0.000000e+00,0.0000,0.0000,0
79,features.13,499,pruned_before,nan,0.000000e+00,0.000000e+00,0.0000,0.0000,0
79,features.13,500,pruned_before,nan,0.000000e+00,0.000000e+00,0.0000,0.0000,0
79,features.13,501,pruned_before,nan,0.000000e+00,0.000000e+00,0.0000,0.0000,0
79,features.13,502,pruned_before,nan,0.000000e+00,0.000000e+00,0.0000,0.0000,0
79,features.13,503,pruned_before,nan,0.000000e+00,0.000000e+00,0.0000,0.0000,0
79,features.13,504,pruned_before,nan,0.000000e+00,0.000000e+00,0.0000,0.0000,0
79,features.13,505,pruned_before,nan,0.000000e+00,0.000000e+00,0.0000,0.0000,0
79,features.13,506,pruned_before,nan,0.000000e+00,0.000000e+00,0.0000,0.0000,0
79,features.13,507,pruned_before,nan,0.000000e+00,0.000000e+00,0.0000,0.0000,0
79,features.13,508,pruned_before,nan,0.000000e+00,0.000000e+00,0.0000,0.0000,0
79,features.13,509,pruned_before,nan,0.000000e+00,0.000000e+00,0.0000,0.0000,0
79,features.13,510,pruned_before,nan,0.000000e+00,0.000000e+00,0.0000,0.0000,0
79,features.13,511,pruned_before,nan,0.000000e+00,0.000000e+00,0.0000,0.0000,0
79,features.13,512,pruned_before,nan,0.000000e+00,0.000000e+00,0.0000,0.0000,0
79,features.13,513,pruned_before,nan,0.000000e+00,0.000000e+00,0.0000,0.0000,0
79,features.13,514,pruned_before,nan,0.000000e+00,0.000000e+00,0.0000,0.0000,0
79,features.13,515,pruned_before,nan,0.000000e+00,0.000000e+00,0.0000,0.0000,0
79,features.13,516,pruned_before,nan,0.000000e+00,0.000000e+00,0.0000,0.0000,0
79,features.13,517,pruned_before,nan,0.000000e+00,0.000000e+00,0.0000,0.0000,0
79,features.13,518,pruned_before,nan,0.000000e+00,0.000000e+00,0.0000,0.0000,0
79,features.13,519,pruned_before,nan,0.000000e+00,0.000000e+00,0.0000,0.0000,0
79,features.13,520,pruned_before,nan,0.000000e+00,0.000000e+00,0.0000,0.0000,0
79,features.13,521,pruned_before,nan,0.000000e+00,0.000000e+00,0.0000,0.0000,0
79,features.13,522,pruned_before,nan,0.000000e+00,0.000000e+00,0.0000,0.0000,0
79,features.13,523,pruned_before,nan,0.000000e+00,0.000000e+00,0.0000,0.0000,0
79,features.13,524,pruned_before,nan,0.000000e+00,0.000000e+00,0.0000,0.0000,0
79,features.13,525,pruned_before,nan,0.000000e+00,0.000000e+00,0.0000,0.0000,0
79,features.13,526,pruned_before,nan,0.000000e+00,0.000000e+00,0.0000,0.0000,0
79,features.13,527,pruned_before,nan,0.000000e+00,0.000000e+00,0.0000,0.0000,0
79,features.13,528,pruned_before,nan,0.000000e+00,0.000000e+00,0.0000,0.0000,0
79,features.13,529,pruned_before,nan,0.000000e+00,0.000000e+00,0.0000,0.0000,0
79,features.13,530,pruned_before,nan,0.000000e+00,0.000000e+00,0.0000,0.0000,0
79,features.13,531,pruned_before,nan,0.000000e+00,0.000000e+00,0.0000,0.0000,0
79,features.13,532,pruned_before,nan,0.000000e+00,0.000000e+00,0.0000,0.0000,0
79,features.13,533,pruned_before,nan,0.000000e+00,0.000000e+00,0.0000,0.0000,0
79,features.13,534,active,0.000000,0.000000e+00,0.000000e+00,0.0000,0.0000,201
79,features.13,535,pruned_before,nan,0.000000e+00,0.000000e+00,0.0000,0.0000,0
79,features.13,536,pruned_before,nan,0.000000e+00,0.000000e+00,0.0000,0.0000,0
79,features.13,537,pruned_before,nan,0.000000e+00,0.000000e+00,0.0000,0.0000,0
79,features.13,538,pruned_before,nan,0.000000e+00,0.000000e+00,0.0000,0.0000,0
79,features.13,539,pruned_before,nan,0.000000e+00,0.000000e+00,0.0000,0.0000,0
79,features.13,540,pruned_before,nan,0.000000e+00,0.000000e+00,0.0000,0.0000,0
79,features.13,541,pruned_before,nan,0.000000e+00,0.000000e+00,0.0000,0.0000,0
79,features.13,542,pruned_before,nan,0.000000e+00,0.000000e+00,0.0000,0.0000,0
79,features.13,543,pruned_before,nan,0.000000e+00,0.000000e+00,0.0000,0.0000,0
79,features.13,544,active,0.000000,0.000000e+00,0.000000e+00,0.0000,0.0000,201
79,features.13,545,pruned_before,nan,0.000000e+00,0.000000e+00,0.0000,0.0000,0
79,features.13,546,pruned_before,nan,0.000000e+00,0.000000e+00,0.0000,0.0000,0
79,features.13,547,pruned_before,nan,0.000000e+00,0.000000e+00,0.0000,0.0000,0
79,features.13,548,pruned_before,nan,0.000000e+00,0.000000e+00,0.0000,0.0000,0
79,features.13,549,pruned_before,nan,0.000000e+00,0.000000e+00,0.0000,0.0000,0
79,features.13,550,pruned_before,nan,0.000000e+00,0.000000e+00,0.0000,0.0000,0
79,features.13,551,pruned_before,nan,0.000000e+00,0.000000e+00,0.0000,0.0000,0
79,features.13,552,pruned_before,nan,0.000000e+00,0.000000e+00,0.0000,0.0000,0
79,features.13,553,pruned_before,nan,0.000000e+00,0.000000e+00,0.0000,0.0000,0
79,features.13,554,pruned_before,nan,0.000000e+00,0.000000e+00,0.0000,0.0000,0
79,features.13,555,pruned_before,nan,0.000000e+00,0.000000e+00,0.0000,0.0000,0
79,features.13,556,pruned_before,nan,0.000000e+00,0.000000e+00,0.0000,0.0000,0
79,features.13,557,pruned_before,nan,0.000000e+00,0.000000e+00,0.0000,0.0000,0
79,features.13,558,pruned_before,nan,0.000000e+00,0.000000e+00,0.0000,0.0000,0
79,features.13,559,pruned_before,nan,0.000000e+00,0.000000e+00,0.0000,0.0000,0
79,features.13,560,pruned_before,nan,0.000000e+00,0.000000e+00,0.0000,0.0000,0
79,features.13,561,pruned_before,nan,0.000000e+00,0.000000e+00,0.0000,0.0000,0
79,features.13,562,pruned_before,nan,0.000000e+00,0.000000e+00,0.0000,0.0000,0
79,features.13,563,pruned_before,nan,0.000000e+00,0.000000e+00,0.0000,0.0000,0
79,features.13,564,pruned_before,nan,0.000000e+00,0.000000e+00,0.0000,0.0000,0
79,features.13,565,pruned_before,nan,0.000000e+00,0.000000e+00,0.0000,0.0000,0
79,features.13,566,pruned_before,nan,0.000000e+00,0.000000e+00,0.0000,0.0000,0
79,features.13,567,pruned_before,nan,0.000000e+00,0.000000e+00,0.0000,0.0000,0
79,features.13,568,pruned_before,nan,0.000000e+00,0.000000e+00,0.0000,0.0000,0
79,features.13,569,pruned_before,nan,0.000000e+00,0.000000e+00,0.0000,0.0000,0
79,features.13,570,pruned_before,nan,0.000000e+00,0.000000e+00,0.0000,0.0000,0
79,features.13,571,pruned_before,nan,0.000000e+00,0.000000e+00,0.0000,0.0000,0
79,features.13,572,pruned_before,nan,0.000000e+00,0.000000e+00,0.0000,0.0000,0
79,features.13,573,pruned_before,nan,0.000000e+00,0.000000e+00,0.0000,0.0000,0
79,features.13,574,pruned_before,nan,0.000000e+00,0.000000e+00,0.0000,0.0000,0
79,features.13,575,pruned_before,nan,0.000000e+00,0.000000e+00,0.0000,0.0000,0
79,features.14,0,pruned_before,nan,0.000000e+00,0.000000e+00,0.0000,0.0000,0
79,features.14,1,pruned_before,nan,0.000000e+00,0.000000e+00,0.0000,0.0000,0
79,features.14,2,active,0.003308,8.205158e-08,2.871793e-04,0.0013,0.0079,265
79,features.14,3,pruned_before,nan,0.000000e+00,0.000000e+00,0.0000,0.0000,0
79,features.14,4,pruned_before,nan,0.000000e+00,0.000000e+00,0.0000,0.0000,0
79,features.14,5,pruned_before,nan,0.000000e+00,0.000000e+00,0.0000,0.0000,0
79,features.14,6,pruned_before,nan,0.000000e+00,0.000000e+00,0.0000,0.0000,0
79,features.14,7,pruned_before,nan,0.000000e+00,0.000000e+00,0.0000,0.0000,0
79,features.14,8,pruned_before,nan,0.000000e+00,0.000000e+00,0.0000,0.0000,0
79,features.14,9,pruned_before,nan,0.000000e+00,0.000000e+00,0.0000,0.0000,0
79,features.14,10,pruned_before,nan,0.000000e+00,0.000000e+00,0.0000,0.0000,0
79,features.14,11,pruned_before,nan,0.000000e+00,0.000000e+00,0.0000,0.0000,0
79,features.14,12,active,-0.004756,6.973999e-07,5.727367e-05,0.0111,0.0016,265
79,features.14,13,pruned_before,nan,0.000000e+00,0.000000e+00,0.0000,0.0000,0
79,features.14,14,pruned_before,nan,0.000000e+00,0.000000e+00,0.0000,0.0000,0
79,features.14,15,pruned_before,nan,0.000000e+00,0.000000e+00,0.0000,0.0000,0
79,features.14,16,pruned_before,nan,0.000000e+00,0.000000e+00,0.0000,0.0000,0
79,features.14,17,pruned_before,nan,0.000000e+00,0.000000e+00,0.0000,0.0000,0
79,features.14,18,pruned_before,nan,0.000000e+00,0.000000e+00,0.0000,0.0000,0
79,features.14,19,pruned_before,nan,0.000000e+00,0.000000e+00,0.0000,0.0000,0
79,features.14,20,pruned_before,nan,0.000000e+00,0.000000e+00,0.0000,0.0000,0
79,features.14,21,pruned_before,nan,0.000000e+00,0.000000e+00,0.0000,0.0000,0
79,features.14,22,pruned_before,nan,0.000000e+00,0.000000e+00,0.0000,0.0000,0
79,features.14,23,pruned_before,nan,0.000000e+00,0.000000e+00,0.0000,0.0000,0
79,features.14,24,pruned_before,nan,0.000000e+00,0.000000e+00,0.0000,0.0000,0
79,features.14,25,pruned_before,nan,0.000000e+00,0.000000e+00,0.0000,0.0000,0
79,features.14,26,pruned_before,nan,0.000000e+00,0.000000e+00,0.0000,0.0000,0
79,features.14,27,pruned_before,nan,0.000000e+00,0.000000e+00,0.0000,0.0000,0
79,features.14,28,pruned_before,nan,0.000000e+00,0.000000e+00,0.0000,0.0000,0
79,features.14,29,pruned_before,nan,0.000000e+00,0.000000e+00,0.0000,0.0000,0
79,features.14,30,pruned_before,nan,0.000000e+00,0.000000e+00,0.0000,0.0000,0
79,features.14,31,pruned_before,nan,0.000000e+00,0.000000e+00,0.0000,0.0000,0
79,features.14,32,pruned_before,nan,0.000000e+00,0.000000e+00,0.0000,0.0000,0
79,features.14,33,active,-0.000011,2.538403e-08,1.385321e-05,0.0004,0.0004,265
79,features.14,34,pruned_before,nan,0.000000e+00,0.000000e+00,0.0000,0.0000,0
79,features.14,35,pruned_before,nan,0.000000e+00,0.000000e+00,0.0000,0.0000,0
79,features.14,36,pruned_before,nan,0.000000e+00,0.000000e+00,0.0000,0.0000,0
79,features.14,37,pruned_before,nan,0.000000e+00,0.000000e+00,0.0000,0.0000,0
79,features.14,38,pruned_before,nan,0.000000e+00,0.000000e+00,0.0000,0.0000,0
79,features.14,39,pruned_before,nan,0.000000e+00,0.000000e+00,0.0000,0.0000,0
79,features.14,40,pruned_before,nan,0.000000e+00,0.000000e+00,0.0000,0.0000,0
79,features.14,41,pruned_before,nan,0.000000e+00,0.000000e+00,0.0000,0.0000,0
79,features.14,42,pruned_before,nan,0.000000e+00,0.000000e+00,0.0000,0.0000,0
79,features.14,43,pruned_before,nan,0.000000e+00,0.000000e+00,0.0000,0.0000,0
79,features.14,44,pruned_before,nan,0.000000e+00,0.000000e+00,0.0000,0.0000,0
79,features.14,45,pruned_before,nan,0.000000e+00,0.000000e+00,0.0000,0.0000,0
79,features.14,46,pruned_before,nan,0.000000e+00,0.000000e+00,0.0000,0.0000,0
79,features.14,47,pruned_before,nan,0.000000e+00,0.000000e+00,0.0000,0.0000,0
79,features.14,48,pruned_before,nan,0.000000e+00,0.000000e+00,0.0000,0.0000,0
79,features.14,49,pruned_before,nan,0.000000e+00,0.000000e+00,0.0000,0.0000,0
79,features.14,50,pruned_before,nan,0.000000e+00,0.000000e+00,0.0000,0.0000,0
79,features.14,51,pruned_before,nan,0.000000e+00,0.000000e+00,0.0000,0.0000,0
79,features.14,52,pruned_before,nan,0.000000e+00,0.000000e+00,0.0000,0.0000,0
79,features.14,53,pruned_before,nan,0.000000e+00,0.000000e+00,0.0000,0.0000,0
79,features.14,54,pruned_before,nan,0.000000e+00,0.000000e+00,0.0000,0.0000,0
79,features.14,55,pruned_before,nan,0.000000e+00,0.000000e+00,0.0000,0.0000,0
79,features.14,56,pruned_before,nan,0.000000e+00,0.000000e+00,0.0000,0.0000,0
79,features.14,57,pruned_before,nan,0.000000e+00,0.000000e+00,0.0000,0.0000,0
79,features.14,58,pruned_before,nan,0.000000e+00,0.000000e+00,0.0000,0.0000,0
79,features.14,59,pruned_before,nan,0.000000e+00,0.000000e+00,0.0000,0.0000,0
79,features.14,60,pruned_before,nan,0.000000e+00,0.000000e+00,0.0000,0.0000,0
79,features.14,61,pruned_before,nan,0.000000e+00,0.000000e+00,0.0000,0.0000,0
79,features.14,62,pruned_before,nan,0.000000e+00,0.000000e+00,0.0000,0.0000,0
79,features.14,63,pruned_before,nan,0.000000e+00,0.000000e+00,0.0000,0.0000,0
79,features.14,64,pruned_before,nan,0.000000e+00,0.000000e+00,0.0000,0.0000,0
79,features.14,65,pruned_before,nan,0.000000e+00,0.000000e+00,0.0000,0.0000,0
79,features.14,66,pruned_before,nan,0.000000e+00,0.000000e+00,0.0000,0.0000,0
79,features.14,67,pruned_before,nan,0.000000e+00,0.000000e+00,0.0000,0.0000,0
79,features.14,68,pruned_before,nan,0.000000e+00,0.000000e+00,0.0000,0.0000,0
79,features.14,69,pruned_before,nan,0.000000e+00,0.000000e+00,0.0000,0.0000,0
79,features.14,70,pruned_before,nan,0.000000e+00,0.000000e+00,0.0000,0.0000,0
79,features.14,71,pruned_before,nan,0.000000e+00,0.000000e+00,0.0000,0.0000,0
79,features.14,72,pruned_before,nan,0.000000e+00,0.000000e+00,0.0000,0.0000,0
79,features.14,73,pruned_before,nan,0.000000e+00,0.000000e+00,0.0000,0.0000,0
79,features.14,74,pruned_before,nan,0.000000e+00,0.000000e+00,0.0000,0.0000,0
79,features.14,75,pruned_before,nan,0.000000e+00,0.000000e+00,0.0000,0.0000,0
79,features.14,76,pruned_before,nan,0.000000e+00,0.000000e+00,0.0000,0.0000,0
79,features.14,77,pruned_before,nan,0.000000e+00,0.000000e+00,0.0000,0.0000,0
79,features.14,78,active,-0.014868,2.042877e-06,9.991137e-05,0.0325,0.0028,265
79,features.14,79,pruned_before,nan,0.000000e+00,0.000000e+00,0.0000,0.0000,0
79,features.14,80,pruned_before,nan,0.000000e+00,0.000000e+00,0.0000,0.0000,0
79,features.14,81,pruned_before,nan,0.000000e+00,0.000000e+00,0.0000,0.0000,0
79,features.14,82,pruned_before,nan,0.000000e+00,0.000000e+00,0.0000,0.0000,0
79,features.14,83,active,-0.002825,4.879725e-07,7.658011e-05,0.0078,0.0021,265
79,features.14,84,pruned_before,nan,0.000000e+00,0.000000e+00,0.0000,0.0000,0
79,features.14,85,pruned_before,nan,0.000000e+00,0.000000e+00,0.0000,0.0000,0
79,features.14,86,pruned_before,nan,0.000000e+00,0.000000e+00,0.0000,0.0000,0
79,features.14,87,pruned_before,nan,0.000000e+00,0.000000e+00,0.0000,0.0000,0
79,features.14,88,pruned_before,nan,0.000000e+00,0.000000e+00,0.0000,0.0000,0
79,features.14,89,pruned_before,nan,0.000000e+00,0.000000e+00,0.0000,0.0000,0
79,features.14,90,pruned_before,nan,0.000000e+00,0.000000e+00,0.0000,0.0000,0
79,features.14,91,active,-0.000253,4.155995e-08,5.640672e-06,0.0007,0.0002,265
79,features.14,92,pruned_before,nan,0.000000e+00,0.000000e+00,0.0000,0.0000,0
79,features.14,93,pruned_before,nan,0.000000e+00,0.000000e+00,0.0000,0.0000,0
79,features.14,94,pruned_before,nan,0.000000e+00,0.000000e+00,0.0000,0.0000,0
79,features.14,95,pruned_before,nan,0.000000e+00,0.000000e+00,0.0000,0.0000,0
79,features.14,96,pruned_before,nan,0.000000e+00,0.000000e+00,0.0000,0.0000,0
79,features.14,97,pruned_before,nan,0.000000e+00,0.000000e+00,0.0000,0.0000,0
79,features.14,98,pruned_before,nan,0.000000e+00,0.000000e+00,0.0000,0.0000,0
79,features.14,99,pruned_before,nan,0.000000e+00,0.000000e+00,0.0000,0.0000,0
79,features.14,100,pruned_before,nan,0.000000e+00,0.000000e+00,0.0000,0.0000,0
79,features.14,101,pruned_before,nan,0.000000e+00,0.000000e+00,0.0000,0.0000,0
79,features.14,102,pruned_before,nan,0.000000e+00,0.000000e+00,0.0000,0.0000,0
79,features.14,103,active,0.000410,1.528874e-07,1.179080e-04,0.0024,0.0033,265
79,features.14,104,pruned_before,nan,0.000000e+00,0.000000e+00,0.0000,0.0000,0
79,features.14,105,pruned_before,nan,0.000000e+00,0.000000e+00,0.0000,0.0000,0
79,features.14,106,pruned_before,nan,0.000000e+00,0.000000e+00,0.0000,0.0000,0
79,features.14,107,pruned_before,nan,0.000000e+00,0.000000e+00,0.0000,0.0000,0
79,features.14,108,pruned_before,nan,0.000000e+00,0.000000e+00,0.0000,0.0000,0
79,features.14,109,active,0.000153,4.080883e-08,3.459913e-05,0.0006,0.0010,265
79,features.14,110,pruned_before,nan,0.000000e+00,0.000000e+00,0.0000,0.0000,0
79,features.14,111,active,0.000723,1.805426e-08,6.282564e-05,0.0003,0.0017,265
79,features.14,112,pruned_before,nan,0.000000e+00,0.000000e+00,0.0000,0.0000,0
79,features.14,113,pruned_before,nan,0.000000e+00,0.000000e+00,0.0000,0.0000,0
79,features.14,114,pruned_before,nan,0.000000e+00,0.000000e+00,0.0000,0.0000,0
79,features.14,115,pruned_before,nan,0.000000e+00,0.000000e+00,0.0000,0.0000,0
79,features.14,116,pruned_before,nan,0.000000e+00,0.000000e+00,0.0000,0.0000,0
79,features.14,117,pruned_before,nan,0.000000e+00,0.000000e+00,0.0000,0.0000,0
79,features.14,118,pruned_before,nan,0.000000e+00,0.000000e+00,0.0000,0.0000,0
79,features.14,119,pruned_before,nan,0.000000e+00,0.000000e+00,0.0000,0.0000,0
79,features.14,120,pruned_before,nan,0.000000e+00,0.000000e+00,0.0000,0.0000,0
79,features.14,121,pruned_before,nan,0.000000e+00,0.000000e+00,0.0000,0.0000,0
79,features.14,122,active,0.000294,9.102786e-09,2.653569e-05,0.0001,0.0007,265
79,features.14,123,pruned_before,nan,0.000000e+00,0.000000e+00,0.0000,0.0000,0
79,features.14,124,pruned_before,nan,0.000000e+00,0.000000e+00,0.0000,0.0000,0
79,features.14,125,pruned_before,nan,0.000000e+00,0.000000e+00,0.0000,0.0000,0
79,features.14,126,pruned_before,nan,0.000000e+00,0.000000e+00,0.0000,0.0000,0
79,features.14,127,pruned_before,nan,0.000000e+00,0.000000e+00,0.0000,0.0000,0
79,features.14,128,pruned_before,nan,0.000000e+00,0.000000e+00,0.0000,0.0000,0
79,features.14,129,pruned_before,nan,0.000000e+00,0.000000e+00,0.0000,0.0000,0
79,features.14,130,active,-0.008014,1.012869e-06,2.952760e-06,0.0161,0.0001,265
79,features.14,131,pruned_before,nan,0.000000e+00,0.000000e+00,0.0000,0.0000,0
79,features.14,132,pruned_before,nan,0.000000e+00,0.000000e+00,0.0000,0.0000,0
79,features.14,133,pruned_before,nan,0.000000e+00,0.000000e+00,0.0000,0.0000,0
79,features.14,134,pruned_before,nan,0.000000e+00,0.000000e+00,0.0000,0.0000,0
79,features.14,135,pruned_before,nan,0.000000e+00,0.000000e+00,0.0000,0.0000,0
79,features.14,136,pruned_before,nan,0.000000e+00,0.000000e+00,0.0000,0.0000,0
79,features.14,137,pruned_before,nan,0.000000e+00,0.000000e+00,0.0000,0.0000,0
79,features.14,138,pruned_before,nan,0.000000e+00,0.000000e+00,0.0000,0.0000,0
79,features.14,139,pruned_before,nan,0.000000e+00,0.000000e+00,0.0000,0.0000,0
79,features.14,140,pruned_before,nan,0.000000e+00,0.000000e+00,0.0000,0.0000,0
79,features.14,141,pruned_before,nan,0.000000e+00,0.000000e+00,0.0000,0.0000,0
79,features.14,142,active,-0.000110,1.687321e-08,1.727345e-06,0.0003,0.0000,265
79,features.14,143,pruned_before,nan,0.000000e+00,0.000000e+00,0.0000,0.0000,0
79,features.14,144,pruned_before,nan,0.000000e+00,0.000000e+00,0.0000,0.0000,0
79,features.14,145,pruned_before,nan,0.000000e+00,0.000000e+00,0.0000,0.0000,0
79,features.14,146,pruned_before,nan,0.000000e+00,0.000000e+00,0.0000,0.0000,0
79,features.14,147,pruned_before,nan,0.000000e+00,0.000000e+00,0.0000,0.0000,0
79,features.14,148,pruned_before,nan,0.000000e+00,0.000000e+00,0.0000,0.0000,0
79,features.14,149,pruned_before,nan,0.000000e+00,0.000000e+00,0.0000,0.0000,0
79,features.14,150,pruned_before,nan,0.000000e+00,0.000000e+00,0.0000,0.0000,0
79,features.14,151,pruned_before,nan,0.000000e+00,0.000000e+00,0.0000,0.0000,0
79,features.14,152,pruned_before,nan,0.000000e+00,0.000000e+00,0.0000,0.0000,0
79,features.14,153,pruned_before,nan,0.000000e+00,0.000000e+00,0.0000,0.0000,0
79,features.14,154,pruned_before,nan,0.000000e+00,0.000000e+00,0.0000,0.0000,0
79,features.14,155,pruned_before,nan,0.000000e+00,0.000000e+00,0.0000,0.0000,0
79,features.14,156,pruned_before,nan,0.000000e+00,0.000000e+00,0.0000,0.0000,0
79,features.14,157,pruned_before,nan,0.000000e+00,0.000000e+00,0.0000,0.0000,0
79,features.14,158,pruned_before,nan,0.000000e+00,0.000000e+00,0.0000,0.0000,0
79,features.14,159,pruned_before,nan,0.000000e+00,0.000000e+00,0.0000,0.0000,0
79,features.14,160,pruned_before,nan,0.000000e+00,0.000000e+00,0.0000,0.0000,0
79,features.14,161,pruned_before,nan,0.000000e+00,0.000000e+00,0.0000,0.0000,0
79,features.14,162,pruned_before,nan,0.000000e+00,0.000000e+00,0.0000,0.0000,0
79,features.14,163,pruned_before,nan,0.000000e+00,0.000000e+00,0.0000,0.0000,0
79,features.14,164,pruned_before,nan,0.000000e+00,0.000000e+00,0.0000,0.0000,0
79,features.14,165,pruned_before,nan,0.000000e+00,0.000000e+00,0.0000,0.0000,0
79,features.14,166,pruned_before,nan,0.000000e+00,0.000000e+00,0.0000,0.0000,0
79,features.14,167,pruned_before,nan,0.000000e+00,0.000000e+00,0.0000,0.0000,0
79,features.14,168,pruned_before,nan,0.000000e+00,0.000000e+00,0.0000,0.0000,0
79,features.14,169,pruned_before,nan,0.000000e+00,0.000000e+00,0.0000,0.0000,0
79,features.14,170,pruned_before,nan,0.000000e+00,0.000000e+00,0.0000,0.0000,0
79,features.14,171,active,-0.000324,6.727277e-08,1.531061e-05,0.0011,0.0004,265
79,features.14,172,pruned_before,nan,0.000000e+00,0.000000e+00,0.0000,0.0000,0
79,features.14,173,pruned_before,nan,0.000000e+00,0.000000e+00,0.0000,0.0000,0
79,features.14,174,pruned_before,nan,0.000000e+00,0.000000e+00,0.0000,0.0000,0
79,features.14,175,pruned_before,nan,0.000000e+00,0.000000e+00,0.0000,0.0000,0
79,features.14,176,pruned_before,nan,0.000000e+00,0.000000e+00,0.0000,0.0000,0
79,features.14,177,pruned_before,nan,0.000000e+00,0.000000e+00,0.0000,0.0000,0
79,features.14,178,pruned_before,nan,0.000000e+00,0.000000e+00,0.0000,0.0000,0
79,features.14,179,pruned_before,nan,0.000000e+00,0.000000e+00,0.0000,0.0000,0
79,features.14,180,active,-0.000081,2.688102e-08,9.632418e-06,0.0004,0.0003,265
79,features.14,181,pruned_before,nan,0.000000e+00,0.000000e+00,0.0000,0.0000,0
79,features.14,182,pruned_before,nan,0.000000e+00,0.000000e+00,0.0000,0.0000,0
79,features.14,183,pruned_before,nan,0.000000e+00,0.000000e+00,0.0000,0.0000,0
79,features.14,184,pruned_before,nan,0.000000e+00,0.000000e+00,0.0000,0.0000,0
79,features.14,185,pruned_before,nan,0.000000e+00,0.000000e+00,0.0000,0.0000,0
79,features.14,186,pruned_before,nan,0.000000e+00,0.000000e+00,0.0000,0.0000,0
79,features.14,187,pruned_before,nan,0.000000e+00,0.000000e+00,0.0000,0.0000,0
79,features.14,188,pruned_before,nan,0.000000e+00,0.000000e+00,0.0000,0.0000,0
79,features.14,189,pruned_before,nan,0.000000e+00,0.000000e+00,0.0000,0.0000,0
79,features.14,190,pruned_before,nan,0.000000e+00,0.000000e+00,0.0000,0.0000,0
79,features.14,191,pruned_before,nan,0.000000e+00,0.000000e+00,0.0000,0.0000,0
79,features.14,192,pruned_before,nan,0.000000e+00,0.000000e+00,0.0000,0.0000,0
79,features.14,193,pruned_before,nan,0.000000e+00,0.000000e+00,0.0000,0.0000,0
79,features.14,194,pruned_before,nan,0.000000e+00,0.000000e+00,0.0000,0.0000,0
79,features.14,195,pruned_before,nan,0.000000e+00,0.000000e+00,0.0000,0.0000,0
79,features.14,196,pruned_before,nan,0.000000e+00,0.000000e+00,0.0000,0.0000,0
79,features.14,197,pruned_before,nan,0.000000e+00,0.000000e+00,0.0000,0.0000,0
79,features.14,198,pruned_before,nan,0.000000e+00,0.000000e+00,0.0000,0.0000,0
79,features.14,199,pruned_before,nan,0.000000e+00,0.000000e+00,0.0000,0.0000,0
79,features.14,200,pruned_before,nan,0.000000e+00,0.000000e+00,0.0000,0.0000,0
79,features.14,201,pruned_before,nan,0.000000e+00,0.000000e+00,0.0000,0.0000,0
79,features.14,202,pruned_before,nan,0.000000e+00,0.000000e+00,0.0000,0.0000,0
79,features.14,203,pruned_before,nan,0.000000e+00,0.000000e+00,0.0000,0.0000,0
79,features.14,204,active,-0.000352,7.510809e-08,1.776676e-05,0.0012,0.0005,265
79,features.14,205,pruned_before,nan,0.000000e+00,0.000000e+00,0.0000,0.0000,0
79,features.14,206,pruned_before,nan,0.000000e+00,0.000000e+00,0.0000,0.0000,0
79,features.14,207,pruned_before,nan,0.000000e+00,0.000000e+00,0.0000,0.0000,0
79,features.14,208,pruned_before,nan,0.000000e+00,0.000000e+00,0.0000,0.0000,0
79,features.14,209,pruned_before,nan,0.000000e+00,0.000000e+00,0.0000,0.0000,0
79,features.14,210,pruned_before,nan,0.000000e+00,0.000000e+00,0.0000,0.0000,0
79,features.14,211,pruned_before,nan,0.000000e+00,0.000000e+00,0.0000,0.0000,0
79,features.14,212,pruned_before,nan,0.000000e+00,0.000000e+00,0.0000,0.0000,0
79,features.14,213,pruned_before,nan,0.000000e+00,0.000000e+00,0.0000,0.0000,0
79,features.14,214,pruned_before,nan,0.000000e+00,0.000000e+00,0.0000,0.0000,0
79,features.14,215,pruned_before,nan,0.000000e+00,0.000000e+00,0.0000,0.0000,0
79,features.14,216,pruned_before,nan,0.000000e+00,0.000000e+00,0.0000,0.0000,0
79,features.14,217,active,-0.000471,6.844541e-08,5.304680e-06,0.0011,0.0001,265
79,features.14,218,pruned_before,nan,0.000000e+00,0.000000e+00,0.0000,0.0000,0
79,features.14,219,active,-0.000737,1.375847e-07,2.590107e-05,0.0022,0.0007,265
79,features.14,220,pruned_before,nan,0.000000e+00,0.000000e+00,0.0000,0.0000,0
79,features.14,221,pruned_before,nan,0.000000e+00,0.000000e+00,0.0000,0.0000,0
79,features.14,222,pruned_before,nan,0.000000e+00,0.000000e+00,0.0000,0.0000,0
79,features.14,223,pruned_before,nan,0.000000e+00,0.000000e+00,0.0000,0.0000,0
79,features.14,224,pruned_before,nan,0.000000e+00,0.000000e+00,0.0000,0.0000,0
79,features.14,225,pruned_before,nan,0.000000e+00,0.000000e+00,0.0000,0.0000,0
79,features.14,226,pruned_before,nan,0.000000e+00,0.000000e+00,0.0000,0.0000,0
79,features.14,227,pruned_before,nan,0.000000e+00,0.000000e+00,0.0000,0.0000,0
79,features.14,228,pruned_before,nan,0.000000e+00,0.000000e+00,0.0000,0.0000,0
79,features.14,229,pruned_before,nan,0.000000e+00,0.000000e+00,0.0000,0.0000,0
79,features.14,230,pruned_before,nan,0.000000e+00,0.000000e+00,0.0000,0.0000,0
79,features.14,231,pruned_before,nan,0.000000e+00,0.000000e+00,0.0000,0.0000,0
79,features.14,232,pruned_before,nan,0.000000e+00,0.000000e+00,0.0000,0.0000,0
79,features.14,233,pruned_before,nan,0.000000e+00,0.000000e+00,0.0000,0.0000,0
79,features.14,234,pruned_before,nan,0.000000e+00,0.000000e+00,0.0000,0.0000,0
79,features.14,235,pruned_before,nan,0.000000e+00,0.000000e+00,0.0000,0.0000,0
79,features.14,236,active,-0.000403,8.367386e-08,1.902818e-05,0.0013,0.0005,265
79,features.14,237,pruned_before,nan,0.000000e+00,0.000000e+00,0.0000,0.0000,0
79,features.14,238,pruned_before,nan,0.000000e+00,0.000000e+00,0.0000,0.0000,0
79,features.14,239,pruned_before,nan,0.000000e+00,0.000000e+00,0.0000,0.0000,0
79,features.14,240,pruned_before,nan,0.000000e+00,0.000000e+00,0.0000,0.0000,0
79,features.14,241,pruned_before,nan,0.000000e+00,0.000000e+00,0.0000,0.0000,0
79,features.14,242,pruned_before,nan,0.000000e+00,0.000000e+00,0.0000,0.0000,0
79,features.14,243,active,-0.000607,8.137015e-08,2.922187e-06,0.0013,0.0001,265
79,features.14,244,pruned_before,nan,0.000000e+00,0.000000e+00,0.0000,0.0000,0
79,features.14,245,pruned_before,nan,0.000000e+00,0.000000e+00,0.0000,0.0000,0
79,features.14,246,pruned_before,nan,0.000000e+00,0.000000e+00,0.0000,0.0000,0
79,features.14,247,pruned_before,nan,0.000000e+00,0.000000e+00,0.0000,0.0000,0
79,features.14,248,pruned_before,nan,0.000000e+00,0.000000e+00,0.0000,0.0000,0
79,features.14,249,pruned_before,nan,0.000000e+00,0.000000e+00,0.0000,0.0000,0
79,features.14,250,pruned_before,nan,0.000000e+00,0.000000e+00,0.0000,0.0000,0
79,features.14,251,pruned_before,nan,0.000000e+00,0.000000e+00,0.0000,0.0000,0
79,features.14,252,pruned_before,nan,0.000000e+00,0.000000e+00,0.0000,0.0000,0
79,features.14,253,active,-0.013474,1.701169e-06,3.949054e-06,0.0271,0.0001,265
79,features.14,254,pruned_before,nan,0.000000e+00,0.000000e+00,0.0000,0.0000,0
79,features.14,255,pruned_before,nan,0.000000e+00,0.000000e+00,0.0000,0.0000,0
79,features.14,256,pruned_before,nan,0.000000e+00,0.000000e+00,0.0000,0.0000,0
79,features.14,257,pruned_before,nan,0.000000e+00,0.000000e+00,0.0000,0.0000,0
79,features.14,258,pruned_before,nan,0.000000e+00,0.000000e+00,0.0000,0.0000,0
79,features.14,259,active,-0.000181,3.603823e-08,7.672194e-06,0.0006,0.0002,265
79,features.14,260,pruned_before,nan,0.000000e+00,0.000000e+00,0.0000,0.0000,0
79,features.14,261,pruned_before,nan,0.000000e+00,0.000000e+00,0.0000,0.0000,0
79,features.14,262,pruned_before,nan,0.000000e+00,0.000000e+00,0.0000,0.0000,0
79,features.14,263,pruned_before,nan,0.000000e+00,0.000000e+00,0.0000,0.0000,0
79,features.14,264,active,0.069682,1.567461e-06,5.957125e-03,0.0249,0.1643,265
79,features.14,265,pruned_before,nan,0.000000e+00,0.000000e+00,0.0000,0.0000,0
79,features.14,266,pruned_before,nan,0.000000e+00,0.000000e+00,0.0000,0.0000,0
79,features.14,267,pruned_before,nan,0.000000e+00,0.000000e+00,0.0000,0.0000,0
79,features.14,268,pruned_before,nan,0.000000e+00,0.000000e+00,0.0000,0.0000,0
79,features.14,269,active,-0.000139,4.120170e-08,1.368550e-05,0.0007,0.0004,265
79,features.14,270,pruned_before,nan,0.000000e+00,0.000000e+00,0.0000,0.0000,0
79,features.14,271,pruned_before,nan,0.000000e+00,0.000000e+00,0.0000,0.0000,0
79,features.14,272,pruned_before,nan,0.000000e+00,0.000000e+00,0.0000,0.0000,0
79,features.14,273,pruned_before,nan,0.000000e+00,0.000000e+00,0.0000,0.0000,0
79,features.14,274,pruned_before,nan,0.000000e+00,0.000000e+00,0.0000,0.0000,0
79,features.14,275,pruned_before,nan,0.000000e+00,0.000000e+00,0.0000,0.0000,0
79,features.14,276,pruned_before,nan,0.000000e+00,0.000000e+00,0.0000,0.0000,0
79,features.14,277,pruned_before,nan,0.000000e+00,0.000000e+00,0.0000,0.0000,0
79,features.14,278,pruned_before,nan,0.000000e+00,0.000000e+00,0.0000,0.0000,0
79,features.14,279,pruned_before,nan,0.000000e+00,0.000000e+00,0.0000,0.0000,0
79,features.14,280,pruned_before,nan,0.000000e+00,0.000000e+00,0.0000,0.0000,0
79,features.14,281,pruned_before,nan,0.000000e+00,0.000000e+00,0.0000,0.0000,0
79,features.14,282,pruned_before,nan,0.000000e+00,0.000000e+00,0.0000,0.0000,0
79,features.14,283,pruned_before,nan,0.000000e+00,0.000000e+00,0.0000,0.0000,0
79,features.14,284,pruned_before,nan,0.000000e+00,0.000000e+00,0.0000,0.0000,0
79,features.14,285,pruned_before,nan,0.000000e+00,0.000000e+00,0.0000,0.0000,0
79,features.14,286,pruned_before,nan,0.000000e+00,0.000000e+00,0.0000,0.0000,0
79,features.14,287,active,-0.006450,8.307873e-07,1.134054e-05,0.0132,0.0003,265
79,features.14,288,pruned_before,nan,0.000000e+00,0.000000e+00,0.0000,0.0000,0
79,features.14,289,pruned_before,nan,0.000000e+00,0.000000e+00,0.0000,0.0000,0
79,features.14,290,pruned_before,nan,0.000000e+00,0.000000e+00,0.0000,0.0000,0
79,features.14,291,pruned_before,nan,0.000000e+00,0.000000e+00,0.0000,0.0000,0
79,features.14,292,pruned_before,nan,0.000000e+00,0.000000e+00,0.0000,0.0000,0
79,features.14,293,pruned_before,nan,0.000000e+00,0.000000e+00,0.0000,0.0000,0
79,features.14,294,active,-0.003226,4.391760e-07,1.936221e-05,0.0070,0.0005,265
79,features.14,295,pruned_before,nan,0.000000e+00,0.000000e+00,0.0000,0.0000,0
79,features.14,296,pruned_before,nan,0.000000e+00,0.000000e+00,0.0000,0.0000,0
79,features.14,297,pruned_before,nan,0.000000e+00,0.000000e+00,0.0000,0.0000,0
79,features.14,298,pruned_before,nan,0.000000e+00,0.000000e+00,0.0000,0.0000,0
79,features.14,299,pruned_before,nan,0.000000e+00,0.000000e+00,0.0000,0.0000,0
79,features.14,300,pruned_before,nan,0.000000e+00,0.000000e+00,0.0000,0.0000,0
79,features.14,301,pruned_before,nan,0.000000e+00,0.000000e+00,0.0000,0.0000,0
79,features.14,302,pruned_before,nan,0.000000e+00,0.000000e+00,0.0000,0.0000,0
79,features.14,303,pruned_before,nan,0.000000e+00,0.000000e+00,0.0000,0.0000,0
79,features.14,304,active,0.000000,0.000000e+00,9.130052e-09,0.0000,0.0000,265
79,features.14,305,pruned_before,nan,0.000000e+00,0.000000e+00,0.0000,0.0000,0
79,features.14,306,pruned_before,nan,0.000000e+00,0.000000e+00,0.0000,0.0000,0
79,features.14,307,pruned_before,nan,0.000000e+00,0.000000e+00,0.0000,0.0000,0
79,features.14,308,pruned_before,nan,0.000000e+00,0.000000e+00,0.0000,0.0000,0
79,features.14,309,active,0.000093,7.302469e-09,1.093911e-05,0.0001,0.0003,265
79,features.14,310,pruned_before,nan,0.000000e+00,0.000000e+00,0.0000,0.0000,0
79,features.14,311,pruned_before,nan,0.000000e+00,0.000000e+00,0.0000,0.0000,0
79,features.14,312,pruned_before,nan,0.000000e+00,0.000000e+00,0.0000,0.0000,0
79,features.14,313,pruned_before,nan,0.000000e+00,0.000000e+00,0.0000,0.0000,0
79,features.14,314,pruned_before,nan,0.000000e+00,0.000000e+00,0.0000,0.0000,0
79,features.14,315,pruned_before,nan,0.000000e+00,0.000000e+00,0.0000,0.0000,0
79,features.14,316,active,-0.000070,5.561965e-08,2.701835e-05,0.0009,0.0007,265
79,features.14,317,pruned_before,nan,0.000000e+00,0.000000e+00,0.0000,0.0000,0
79,features.14,318,active,-0.000480,7.990529e-08,1.124305e-05,0.0013,0.0003,265
79,features.14,319,pruned_before,nan,0.000000e+00,0.000000e+00,0.0000,0.0000,0
79,features.14,320,pruned_before,nan,0.000000e+00,0.000000e+00,0.0000,0.0000,0
79,features.14,321,pruned_before,nan,0.000000e+00,0.000000e+00,0.0000,0.0000,0
79,features.14,322,pruned_before,nan,0.000000e+00,0.000000e+00,0.0000,0.0000,0
79,features.14,323,pruned_before,nan,0.000000e+00,0.000000e+00,0.0000,0.0000,0
79,features.14,324,pruned_before,nan,0.000000e+00,0.000000e+00,0.0000,0.0000,0
79,features.14,325,pruned_before,nan,0.000000e+00,0.000000e+00,0.0000,0.0000,0
79,features.14,326,pruned_before,nan,0.000000e+00,0.000000e+00,0.0000,0.0000,0
79,features.14,327,pruned_before,nan,0.000000e+00,0.000000e+00,0.0000,0.0000,0
79,features.14,328,pruned_before,nan,0.000000e+00,0.000000e+00,0.0000,0.0000,0
79,features.14,329,pruned_before,nan,0.000000e+00,0.000000e+00,0.0000,0.0000,0
79,features.14,330,pruned_before,nan,0.000000e+00,0.000000e+00,0.0000,0.0000,0
79,features.14,331,pruned_before,nan,0.000000e+00,0.000000e+00,0.0000,0.0000,0
79,features.14,332,pruned_before,nan,0.000000e+00,0.000000e+00,0.0000,0.0000,0
79,features.14,333,active,-0.005791,3.065954e-06,1.348154e-03,0.0488,0.0372,265
79,features.14,334,pruned_before,nan,0.000000e+00,0.000000e+00,0.0000,0.0000,0
79,features.14,335,pruned_before,nan,0.000000e+00,0.000000e+00,0.0000,0.0000,0
79,features.14,336,pruned_before,nan,0.000000e+00,0.000000e+00,0.0000,0.0000,0
79,features.14,337,pruned_before,nan,0.000000e+00,0.000000e+00,0.0000,0.0000,0
79,features.14,338,pruned_before,nan,0.000000e+00,0.000000e+00,0.0000,0.0000,0
79,features.14,339,pruned_before,nan,0.000000e+00,0.000000e+00,0.0000,0.0000,0
79,features.14,340,pruned_before,nan,0.000000e+00,0.000000e+00,0.0000,0.0000,0
79,features.14,341,pruned_before,nan,0.000000e+00,0.000000e+00,0.0000,0.0000,0
79,features.14,342,pruned_before,nan,0.000000e+00,0.000000e+00,0.0000,0.0000,0
79,features.14,343,pruned_before,nan,0.000000e+00,0.000000e+00,0.0000,0.0000,0
79,features.14,344,pruned_before,nan,0.000000e+00,0.000000e+00,0.0000,0.0000,0
79,features.14,345,pruned_before,nan,0.000000e+00,0.000000e+00,0.0000,0.0000,0
79,features.14,346,pruned_before,nan,0.000000e+00,0.000000e+00,0.0000,0.0000,0
79,features.14,347,pruned_before,nan,0.000000e+00,0.000000e+00,0.0000,0.0000,0
79,features.14,348,pruned_before,nan,0.000000e+00,0.000000e+00,0.0000,0.0000,0
79,features.14,349,pruned_before,nan,0.000000e+00,0.000000e+00,0.0000,0.0000,0
79,features.14,350,pruned_before,nan,0.000000e+00,0.000000e+00,0.0000,0.0000,0
79,features.14,351,pruned_before,nan,0.000000e+00,0.000000e+00,0.0000,0.0000,0
79,features.14,352,pruned_before,nan,0.000000e+00,0.000000e+00,0.0000,0.0000,0
79,features.14,353,pruned_before,nan,0.000000e+00,0.000000e+00,0.0000,0.0000,0
79,features.14,354,pruned_before,nan,0.000000e+00,0.000000e+00,0.0000,0.0000,0
79,features.14,355,pruned_before,nan,0.000000e+00,0.000000e+00,0.0000,0.0000,0
79,features.14,356,pruned_before,nan,0.000000e+00,0.000000e+00,0.0000,0.0000,0
79,features.14,357,pruned_before,nan,0.000000e+00,0.000000e+00,0.0000,0.0000,0
79,features.14,358,pruned_before,nan,0.000000e+00,0.000000e+00,0.0000,0.0000,0
79,features.14,359,pruned_before,nan,0.000000e+00,0.000000e+00,0.0000,0.0000,0
79,features.14,360,pruned_before,nan,0.000000e+00,0.000000e+00,0.0000,0.0000,0
79,features.14,361,pruned_before,nan,0.000000e+00,0.000000e+00,0.0000,0.0000,0
79,features.14,362,pruned_before,nan,0.000000e+00,0.000000e+00,0.0000,0.0000,0
79,features.14,363,pruned_before,nan,0.000000e+00,0.000000e+00,0.0000,0.0000,0
79,features.14,364,pruned_before,nan,0.000000e+00,0.000000e+00,0.0000,0.0000,0
79,features.14,365,pruned_before,nan,0.000000e+00,0.000000e+00,0.0000,0.0000,0
79,features.14,366,pruned_before,nan,0.000000e+00,0.000000e+00,0.0000,0.0000,0
79,features.14,367,pruned_before,nan,0.000000e+00,0.000000e+00,0.0000,0.0000,0
79,features.14,368,pruned_before,nan,0.000000e+00,0.000000e+00,0.0000,0.0000,0
79,features.14,369,pruned_before,nan,0.000000e+00,0.000000e+00,0.0000,0.0000,0
79,features.14,370,pruned_before,nan,0.000000e+00,0.000000e+00,0.0000,0.0000,0
79,features.14,371,pruned_before,nan,0.000000e+00,0.000000e+00,0.0000,0.0000,0
79,features.14,372,pruned_before,nan,0.000000e+00,0.000000e+00,0.0000,0.0000,0
79,features.14,373,pruned_before,nan,0.000000e+00,0.000000e+00,0.0000,0.0000,0
79,features.14,374,pruned_before,nan,0.000000e+00,0.000000e+00,0.0000,0.0000,0
79,features.14,375,pruned_before,nan,0.000000e+00,0.000000e+00,0.0000,0.0000,0
79,features.14,376,pruned_before,nan,0.000000e+00,0.000000e+00,0.0000,0.0000,0
79,features.14,377,pruned_before,nan,0.000000e+00,0.000000e+00,0.0000,0.0000,0
79,features.14,378,active,-0.000399,1.075962e-07,3.312523e-05,0.0017,0.0009,265
79,features.14,379,pruned_before,nan,0.000000e+00,0.000000e+00,0.0000,0.0000,0
79,features.14,380,pruned_before,nan,0.000000e+00,0.000000e+00,0.0000,0.0000,0
79,features.14,381,pruned_before,nan,0.000000e+00,0.000000e+00,0.0000,0.0000,0
79,features.14,382,pruned_before,nan,0.000000e+00,0.000000e+00,0.0000,0.0000,0
79,features.14,383,pruned_before,nan,0.000000e+00,0.000000e+00,0.0000,0.0000,0
79,features.14,384,pruned_before,nan,0.000000e+00,0.000000e+00,0.0000,0.0000,0
79,features.14,385,pruned_before,nan,0.000000e+00,0.000000e+00,0.0000,0.0000,0
79,features.14,386,pruned_before,nan,0.000000e+00,0.000000e+00,0.0000,0.0000,0
79,features.14,387,pruned_before,nan,0.000000e+00,0.000000e+00,0.0000,0.0000,0
79,features.14,388,pruned_before,nan,0.000000e+00,0.000000e+00,0.0000,0.0000,0
79,features.14,389,pruned_before,nan,0.000000e+00,0.000000e+00,0.0000,0.0000,0
79,features.14,390,pruned_before,nan,0.000000e+00,0.000000e+00,0.0000,0.0000,0
79,features.14,391,pruned_before,nan,0.000000e+00,0.000000e+00,0.0000,0.0000,0
79,features.14,392,pruned_before,nan,0.000000e+00,0.000000e+00,0.0000,0.0000,0
79,features.14,393,pruned_before,nan,0.000000e+00,0.000000e+00,0.0000,0.0000,0
79,features.14,394,pruned_before,nan,0.000000e+00,0.000000e+00,0.0000,0.0000,0
79,features.14,395,pruned_before,nan,0.000000e+00,0.000000e+00,0.0000,0.0000,0
79,features.14,396,pruned_before,nan,0.000000e+00,0.000000e+00,0.0000,0.0000,0
79,features.14,397,pruned_before,nan,0.000000e+00,0.000000e+00,0.0000,0.0000,0
79,features.14,398,pruned_before,nan,0.000000e+00,0.000000e+00,0.0000,0.0000,0
79,features.14,399,pruned_before,nan,0.000000e+00,0.000000e+00,0.0000,0.0000,0
79,features.14,400,pruned_before,nan,0.000000e+00,0.000000e+00,0.0000,0.0000,0
79,features.14,401,pruned_before,nan,0.000000e+00,0.000000e+00,0.0000,0.0000,0
79,features.14,402,active,0.000643,1.995827e-07,1.617439e-04,0.0032,0.0045,265
79,features.14,403,pruned_before,nan,0.000000e+00,0.000000e+00,0.0000,0.0000,0
79,features.14,404,pruned_before,nan,0.000000e+00,0.000000e+00,0.0000,0.0000,0
79,features.14,405,pruned_before,nan,0.000000e+00,0.000000e+00,0.0000,0.0000,0
79,features.14,406,pruned_before,nan,0.000000e+00,0.000000e+00,0.0000,0.0000,0
79,features.14,407,pruned_before,nan,0.000000e+00,0.000000e+00,0.0000,0.0000,0
79,features.14,408,pruned_before,nan,0.000000e+00,0.000000e+00,0.0000,0.0000,0
79,features.14,409,pruned_before,nan,0.000000e+00,0.000000e+00,0.0000,0.0000,0
79,features.14,410,pruned_before,nan,0.000000e+00,0.000000e+00,0.0000,0.0000,0
79,features.14,411,active,-0.001663,2.238323e-07,8.451740e-06,0.0036,0.0002,265
79,features.14,412,pruned_before,nan,0.000000e+00,0.000000e+00,0.0000,0.0000,0
79,features.14,413,pruned_before,nan,0.000000e+00,0.000000e+00,0.0000,0.0000,0
79,features.14,414,pruned_before,nan,0.000000e+00,0.000000e+00,0.0000,0.0000,0
79,features.14,415,pruned_before,nan,0.000000e+00,0.000000e+00,0.0000,0.0000,0
79,features.14,416,pruned_before,nan,0.000000e+00,0.000000e+00,0.0000,0.0000,0
79,features.14,417,active,-0.001863,3.067861e-07,4.183663e-05,0.0049,0.0012,265
79,features.14,418,pruned_before,nan,0.000000e+00,0.000000e+00,0.0000,0.0000,0
79,features.14,419,pruned_before,nan,0.000000e+00,0.000000e+00,0.0000,0.0000,0
79,features.14,420,pruned_before,nan,0.000000e+00,0.000000e+00,0.0000,0.0000,0
79,features.14,421,pruned_before,nan,0.000000e+00,0.000000e+00,0.0000,0.0000,0
79,features.14,422,pruned_before,nan,0.000000e+00,0.000000e+00,0.0000,0.0000,0
79,features.14,423,active,0.001951,4.363144e-08,1.666259e-04,0.0007,0.0046,265
79,features.14,424,pruned_before,nan,0.000000e+00,0.000000e+00,0.0000,0.0000,0
79,features.14,425,active,-0.000457,9.302299e-08,2.049801e-05,0.0015,0.0006,265
79,features.14,426,pruned_before,nan,0.000000e+00,0.000000e+00,0.0000,0.0000,0
79,features.14,427,pruned_before,nan,0.000000e+00,0.000000e+00,0.0000,0.0000,0
79,features.14,428,pruned_before,nan,0.000000e+00,0.000000e+00,0.0000,0.0000,0
79,features.14,429,pruned_before,nan,0.000000e+00,0.000000e+00,0.0000,0.0000,0
79,features.14,430,pruned_before,nan,0.000000e+00,0.000000e+00,0.0000,0.0000,0
79,features.14,431,pruned_before,nan,0.000000e+00,0.000000e+00,0.0000,0.0000,0
79,features.14,432,active,-0.005365,8.336133e-07,9.168210e-05,0.0133,0.0025,265
79,features.14,433,pruned_before,nan,0.000000e+00,0.000000e+00,0.0000,0.0000,0
79,features.14,434,pruned_before,nan,0.000000e+00,0.000000e+00,0.0000,0.0000,0
79,features.14,435,pruned_before,nan,0.000000e+00,0.000000e+00,0.0000,0.0000,0
79,features.14,436,pruned_before,nan,0.000000e+00,0.000000e+00,0.0000,0.0000,0
79,features.14,437,pruned_before,nan,0.000000e+00,0.000000e+00,0.0000,0.0000,0
79,features.14,438,pruned_before,nan,0.000000e+00,0.000000e+00,0.0000,0.0000,0
79,features.14,439,pruned_before,nan,0.000000e+00,0.000000e+00,0.0000,0.0000,0
79,features.14,440,pruned_before,nan,0.000000e+00,0.000000e+00,0.0000,0.0000,0
79,features.14,441,pruned_before,nan,0.000000e+00,0.000000e+00,0.0000,0.0000,0
79,features.14,442,pruned_before,nan,0.000000e+00,0.000000e+00,0.0000,0.0000,0
79,features.14,443,pruned_before,nan,0.000000e+00,0.000000e+00,0.0000,0.0000,0
79,features.14,444,pruned_before,nan,0.000000e+00,0.000000e+00,0.0000,0.0000,0
79,features.14,445,pruned_before,nan,0.000000e+00,0.000000e+00,0.0000,0.0000,0
79,features.14,446,pruned_before,nan,0.000000e+00,0.000000e+00,0.0000,0.0000,0
79,features.14,447,pruned_before,nan,0.000000e+00,0.000000e+00,0.0000,0.0000,0
79,features.14,448,pruned_before,nan,0.000000e+00,0.000000e+00,0.0000,0.0000,0
79,features.14,449,pruned_before,nan,0.000000e+00,0.000000e+00,0.0000,0.0000,0
79,features.14,450,pruned_before,nan,0.000000e+00,0.000000e+00,0.0000,0.0000,0
79,features.14,451,pruned_before,nan,0.000000e+00,0.000000e+00,0.0000,0.0000,0
79,features.14,452,pruned_before,nan,0.000000e+00,0.000000e+00,0.0000,0.0000,0
79,features.14,453,pruned_before,nan,0.000000e+00,0.000000e+00,0.0000,0.0000,0
79,features.14,454,pruned_before,nan,0.000000e+00,0.000000e+00,0.0000,0.0000,0
79,features.14,455,pruned_before,nan,0.000000e+00,0.000000e+00,0.0000,0.0000,0
79,features.14,456,pruned_before,nan,0.000000e+00,0.000000e+00,0.0000,0.0000,0
79,features.14,457,pruned_before,nan,0.000000e+00,0.000000e+00,0.0000,0.0000,0
79,features.14,458,pruned_before,nan,0.000000e+00,0.000000e+00,0.0000,0.0000,0
79,features.14,459,pruned_before,nan,0.000000e+00,0.000000e+00,0.0000,0.0000,0
79,features.14,460,pruned_before,nan,0.000000e+00,0.000000e+00,0.0000,0.0000,0
79,features.14,461,pruned_before,nan,0.000000e+00,0.000000e+00,0.0000,0.0000,0
79,features.14,462,pruned_before,nan,0.000000e+00,0.000000e+00,0.0000,0.0000,0
79,features.14,463,pruned_before,nan,0.000000e+00,0.000000e+00,0.0000,0.0000,0
79,features.14,464,pruned_before,nan,0.000000e+00,0.000000e+00,0.0000,0.0000,0
79,features.14,465,pruned_before,nan,0.000000e+00,0.000000e+00,0.0000,0.0000,0
79,features.14,466,pruned_before,nan,0.000000e+00,0.000000e+00,0.0000,0.0000,0
79,features.14,467,pruned_before,nan,0.000000e+00,0.000000e+00,0.0000,0.0000,0
79,features.14,468,pruned_before,nan,0.000000e+00,0.000000e+00,0.0000,0.0000,0
79,features.14,469,pruned_before,nan,0.000000e+00,0.000000e+00,0.0000,0.0000,0
79,features.14,470,pruned_before,nan,0.000000e+00,0.000000e+00,0.0000,0.0000,0
79,features.14,471,pruned_before,nan,0.000000e+00,0.000000e+00,0.0000,0.0000,0
79,features.14,472,pruned_before,nan,0.000000e+00,0.000000e+00,0.0000,0.0000,0
79,features.14,473,pruned_before,nan,0.000000e+00,0.000000e+00,0.0000,0.0000,0
79,features.14,474,pruned_before,nan,0.000000e+00,0.000000e+00,0.0000,0.0000,0
79,features.14,475,pruned_before,nan,0.000000e+00,0.000000e+00,0.0000,0.0000,0
79,features.14,476,pruned_before,nan,0.000000e+00,0.000000e+00,0.0000,0.0000,0
79,features.14,477,pruned_before,nan,0.000000e+00,0.000000e+00,0.0000,0.0000,0
79,features.14,478,pruned_before,nan,0.000000e+00,0.000000e+00,0.0000,0.0000,0
79,features.14,479,pruned_before,nan,0.000000e+00,0.000000e+00,0.0000,0.0000,0
79,features.14,480,pruned_before,nan,0.000000e+00,0.000000e+00,0.0000,0.0000,0
79,features.14,481,pruned_before,nan,0.000000e+00,0.000000e+00,0.0000,0.0000,0
79,features.14,482,pruned_before,nan,0.000000e+00,0.000000e+00,0.0000,0.0000,0
79,features.14,483,pruned_before,nan,0.000000e+00,0.000000e+00,0.0000,0.0000,0
79,features.14,484,protected,0.000000,6.287317e-05,3.625882e-02,1.0000,1.0000,265
79,features.14,485,pruned_before,nan,0.000000e+00,0.000000e+00,0.0000,0.0000,0
79,features.14,486,pruned_before,nan,0.000000e+00,0.000000e+00,0.0000,0.0000,0
79,features.14,487,pruned_before,nan,0.000000e+00,0.000000e+00,0.0000,0.0000,0
79,features.14,488,pruned_before,nan,0.000000e+00,0.000000e+00,0.0000,0.0000,0
79,features.14,489,pruned_before,nan,0.000000e+00,0.000000e+00,0.0000,0.0000,0
79,features.14,490,pruned_before,nan,0.000000e+00,0.000000e+00,0.0000,0.0000,0
79,features.14,491,pruned_before,nan,0.000000e+00,0.000000e+00,0.0000,0.0000,0
79,features.14,492,pruned_before,nan,0.000000e+00,0.000000e+00,0.0000,0.0000,0
79,features.14,493,pruned_before,nan,0.000000e+00,0.000000e+00,0.0000,0.0000,0
79,features.14,494,pruned_before,nan,0.000000e+00,0.000000e+00,0.0000,0.0000,0
79,features.14,495,pruned_before,nan,0.000000e+00,0.000000e+00,0.0000,0.0000,0
79,features.14,496,pruned_before,nan,0.000000e+00,0.000000e+00,0.0000,0.0000,0
79,features.14,497,pruned_before,nan,0.000000e+00,0.000000e+00,0.0000,0.0000,0
79,features.14,498,pruned_before,nan,0.000000e+00,0.000000e+00,0.0000,0.0000,0
79,features.14,499,pruned_before,nan,0.000000e+00,0.000000e+00,0.0000,0.0000,0
79,features.14,500,pruned_before,nan,0.000000e+00,0.000000e+00,0.0000,0.0000,0
79,features.14,501,pruned_before,nan,0.000000e+00,0.000000e+00,0.0000,0.0000,0
79,features.14,502,pruned_before,nan,0.000000e+00,0.000000e+00,0.0000,0.0000,0
79,features.14,503,pruned_before,nan,0.000000e+00,0.000000e+00,0.0000,0.0000,0
79,features.14,504,pruned_before,nan,0.000000e+00,0.000000e+00,0.0000,0.0000,0
79,features.14,505,pruned_before,nan,0.000000e+00,0.000000e+00,0.0000,0.0000,0
79,features.14,506,pruned_before,nan,0.000000e+00,0.000000e+00,0.0000,0.0000,0
79,features.14,507,pruned_before,nan,0.000000e+00,0.000000e+00,0.0000,0.0000,0
79,features.14,508,active,0.000940,2.318970e-07,2.018710e-04,0.0037,0.0056,265
79,features.14,509,pruned_before,nan,0.000000e+00,0.000000e+00,0.0000,0.0000,0
79,features.14,510,pruned_before,nan,0.000000e+00,0.000000e+00,0.0000,0.0000,0
79,features.14,511,pruned_before,nan,0.000000e+00,0.000000e+00,0.0000,0.0000,0
79,features.14,512,pruned_before,nan,0.000000e+00,0.000000e+00,0.0000,0.0000,0
79,features.14,513,pruned_before,nan,0.000000e+00,0.000000e+00,0.0000,0.0000,0
79,features.14,514,pruned_before,nan,0.000000e+00,0.000000e+00,0.0000,0.0000,0
79,features.14,515,pruned_before,nan,0.000000e+00,0.000000e+00,0.0000,0.0000,0
79,features.14,516,active,-0.000469,9.967123e-08,2.345903e-05,0.0016,0.0006,265
79,features.14,517,pruned_before,nan,0.000000e+00,0.000000e+00,0.0000,0.0000,0
79,features.14,518,pruned_before,nan,0.000000e+00,0.000000e+00,0.0000,0.0000,0
79,features.14,519,pruned_before,nan,0.000000e+00,0.000000e+00,0.0000,0.0000,0
79,features.14,520,pruned_before,nan,0.000000e+00,0.000000e+00,0.0000,0.0000,0
79,features.14,521,pruned_before,nan,0.000000e+00,0.000000e+00,0.0000,0.0000,0
79,features.14,522,pruned_before,nan,0.000000e+00,0.000000e+00,0.0000,0.0000,0
79,features.14,523,pruned_before,nan,0.000000e+00,0.000000e+00,0.0000,0.0000,0
79,features.14,524,pruned_before,nan,0.000000e+00,0.000000e+00,0.0000,0.0000,0
79,features.14,525,pruned_before,nan,0.000000e+00,0.000000e+00,0.0000,0.0000,0
79,features.14,526,pruned_before,nan,0.000000e+00,0.000000e+00,0.0000,0.0000,0
79,features.14,527,pruned_before,nan,0.000000e+00,0.000000e+00,0.0000,0.0000,0
79,features.14,528,pruned_before,nan,0.000000e+00,0.000000e+00,0.0000,0.0000,0
79,features.14,529,pruned_before,nan,0.000000e+00,0.000000e+00,0.0000,0.0000,0
79,features.14,530,pruned_before,nan,0.000000e+00,0.000000e+00,0.0000,0.0000,0
79,features.14,531,pruned_before,nan,0.000000e+00,0.000000e+00,0.0000,0.0000,0
79,features.14,532,pruned_before,nan,0.000000e+00,0.000000e+00,0.0000,0.0000,0
79,features.14,533,pruned_before,nan,0.000000e+00,0.000000e+00,0.0000,0.0000,0
79,features.14,534,pruned_before,nan,0.000000e+00,0.000000e+00,0.0000,0.0000,0
79,features.14,535,pruned_before,nan,0.000000e+00,0.000000e+00,0.0000,0.0000,0
79,features.14,536,pruned_before,nan,0.000000e+00,0.000000e+00,0.0000,0.0000,0
79,features.14,537,pruned_before,nan,0.000000e+00,0.000000e+00,0.0000,0.0000,0
79,features.14,538,active,0.020782,1.270973e-07,1.580382e-03,0.0020,0.0436,265
79,features.14,539,pruned_before,nan,0.000000e+00,0.000000e+00,0.0000,0.0000,0
79,features.14,540,pruned_before,nan,0.000000e+00,0.000000e+00,0.0000,0.0000,0
79,features.14,541,pruned_before,nan,0.000000e+00,0.000000e+00,0.0000,0.0000,0
79,features.14,542,pruned_before,nan,0.000000e+00,0.000000e+00,0.0000,0.0000,0
79,features.14,543,active,0.000000,0.000000e+00,0.000000e+00,0.0000,0.0000,265
79,features.14,544,pruned_before,nan,0.000000e+00,0.000000e+00,0.0000,0.0000,0
79,features.14,545,pruned_before,nan,0.000000e+00,0.000000e+00,0.0000,0.0000,0
79,features.14,546,pruned_before,nan,0.000000e+00,0.000000e+00,0.0000,0.0000,0
79,features.14,547,pruned_before,nan,0.000000e+00,0.000000e+00,0.0000,0.0000,0
79,features.14,548,pruned_before,nan,0.000000e+00,0.000000e+00,0.0000,0.0000,0
79,features.14,549,pruned_before,nan,0.000000e+00,0.000000e+00,0.0000,0.0000,0
79,features.14,550,pruned_before,nan,0.000000e+00,0.000000e+00,0.0000,0.0000,0
79,features.14,551,pruned_before,nan,0.000000e+00,0.000000e+00,0.0000,0.0000,0
79,features.14,552,pruned_before,nan,0.000000e+00,0.000000e+00,0.0000,0.0000,0
79,features.14,553,pruned_before,nan,0.000000e+00,0.000000e+00,0.0000,0.0000,0
79,features.14,554,pruned_before,nan,0.000000e+00,0.000000e+00,0.0000,0.0000,0
79,features.14,555,pruned_before,nan,0.000000e+00,0.000000e+00,0.0000,0.0000,0
79,features.14,556,pruned_before,nan,0.000000e+00,0.000000e+00,0.0000,0.0000,0
79,features.14,557,pruned_before,nan,0.000000e+00,0.000000e+00,0.0000,0.0000,0
79,features.14,558,pruned_before,nan,0.000000e+00,0.000000e+00,0.0000,0.0000,0
79,features.14,559,pruned_before,nan,0.000000e+00,0.000000e+00,0.0000,0.0000,0
79,features.14,560,pruned_before,nan,0.000000e+00,0.000000e+00,0.0000,0.0000,0
79,features.14,561,active,-0.001565,2.197840e-07,1.323669e-05,0.0035,0.0004,265
79,features.14,562,pruned_before,nan,0.000000e+00,0.000000e+00,0.0000,0.0000,0
79,features.14,563,pruned_before,nan,0.000000e+00,0.000000e+00,0.0000,0.0000,0
79,features.14,564,pruned_before,nan,0.000000e+00,0.000000e+00,0.0000,0.0000,0
79,features.14,565,pruned_before,nan,0.000000e+00,0.000000e+00,0.0000,0.0000,0
79,features.14,566,pruned_before,nan,0.000000e+00,0.000000e+00,0.0000,0.0000,0
79,features.14,567,pruned_before,nan,0.000000e+00,0.000000e+00,0.0000,0.0000,0
79,features.14,568,pruned_before,nan,0.000000e+00,0.000000e+00,0.0000,0.0000,0
79,features.14,569,pruned_before,nan,0.000000e+00,0.000000e+00,0.0000,0.0000,0
79,features.14,570,pruned_before,nan,0.000000e+00,0.000000e+00,0.0000,0.0000,0
79,features.14,571,pruned_before,nan,0.000000e+00,0.000000e+00,0.0000,0.0000,0
79,features.14,572,pruned_before,nan,0.000000e+00,0.000000e+00,0.0000,0.0000,0
79,features.14,573,pruned_before,nan,0.000000e+00,0.000000e+00,0.0000,0.0000,0
79,features.14,574,pruned_before,nan,0.000000e+00,0.000000e+00,0.0000,0.0000,0
79,features.14,575,pruned_before,nan,0.000000e+00,0.000000e+00,0.0000,0.0000,0
79,features.15,0,pruned_before,nan,0.000000e+00,0.000000e+00,0.0000,0.0000,0
79,features.15,1,pruned_before,nan,0.000000e+00,0.000000e+00,0.0000,0.0000,0
79,features.15,2,pruned_before,nan,0.000000e+00,0.000000e+00,0.0000,0.0000,0
79,features.15,3,pruned_before,nan,0.000000e+00,0.000000e+00,0.0000,0.0000,0
79,features.15,4,pruned_before,nan,0.000000e+00,0.000000e+00,0.0000,0.0000,0
79,features.15,5,pruned_before,nan,0.000000e+00,0.000000e+00,0.0000,0.0000,0
79,features.15,6,pruned_before,nan,0.000000e+00,0.000000e+00,0.0000,0.0000,0
79,features.15,7,pruned_before,nan,0.000000e+00,0.000000e+00,0.0000,0.0000,0
79,features.15,8,pruned_before,nan,0.000000e+00,0.000000e+00,0.0000,0.0000,0
79,features.15,9,pruned_before,nan,0.000000e+00,0.000000e+00,0.0000,0.0000,0
79,features.15,10,pruned_before,nan,0.000000e+00,0.000000e+00,0.0000,0.0000,0
79,features.15,11,pruned_before,nan,0.000000e+00,0.000000e+00,0.0000,0.0000,0
79,features.15,12,pruned_before,nan,0.000000e+00,0.000000e+00,0.0000,0.0000,0
79,features.15,13,pruned_before,nan,0.000000e+00,0.000000e+00,0.0000,0.0000,0
79,features.15,14,pruned_before,nan,0.000000e+00,0.000000e+00,0.0000,0.0000,0
79,features.15,15,pruned_before,nan,0.000000e+00,0.000000e+00,0.0000,0.0000,0
79,features.15,16,pruned_before,nan,0.000000e+00,0.000000e+00,0.0000,0.0000,0
79,features.15,17,pruned_before,nan,0.000000e+00,0.000000e+00,0.0000,0.0000,0
79,features.15,18,pruned_before,nan,0.000000e+00,0.000000e+00,0.0000,0.0000,0
79,features.15,19,pruned_before,nan,0.000000e+00,0.000000e+00,0.0000,0.0000,0
79,features.15,20,pruned_before,nan,0.000000e+00,0.000000e+00,0.0000,0.0000,0
79,features.15,21,pruned_before,nan,0.000000e+00,0.000000e+00,0.0000,0.0000,0
79,features.15,22,pruned_before,nan,0.000000e+00,0.000000e+00,0.0000,0.0000,0
79,features.15,23,pruned_before,nan,0.000000e+00,0.000000e+00,0.0000,0.0000,0
79,features.15,24,pruned_before,nan,0.000000e+00,0.000000e+00,0.0000,0.0000,0
79,features.15,25,pruned_before,nan,0.000000e+00,0.000000e+00,0.0000,0.0000,0
79,features.15,26,pruned_before,nan,0.000000e+00,0.000000e+00,0.0000,0.0000,0
79,features.15,27,pruned_before,nan,0.000000e+00,0.000000e+00,0.0000,0.0000,0
79,features.15,28,pruned_before,nan,0.000000e+00,0.000000e+00,0.0000,0.0000,0
79,features.15,29,pruned_before,nan,0.000000e+00,0.000000e+00,0.0000,0.0000,0
79,features.15,30,pruned_before,nan,0.000000e+00,0.000000e+00,0.0000,0.0000,0
79,features.15,31,pruned_before,nan,0.000000e+00,0.000000e+00,0.0000,0.0000,0
79,features.15,32,pruned_before,nan,0.000000e+00,0.000000e+00,0.0000,0.0000,0
79,features.15,33,pruned_before,nan,0.000000e+00,0.000000e+00,0.0000,0.0000,0
79,features.15,34,pruned_before,nan,0.000000e+00,0.000000e+00,0.0000,0.0000,0
79,features.15,35,pruned_before,nan,0.000000e+00,0.000000e+00,0.0000,0.0000,0
79,features.15,36,pruned_before,nan,0.000000e+00,0.000000e+00,0.0000,0.0000,0
79,features.15,37,pruned_before,nan,0.000000e+00,0.000000e+00,0.0000,0.0000,0
79,features.15,38,pruned_before,nan,0.000000e+00,0.000000e+00,0.0000,0.0000,0
79,features.15,39,pruned_before,nan,0.000000e+00,0.000000e+00,0.0000,0.0000,0
79,features.15,40,pruned_before,nan,0.000000e+00,0.000000e+00,0.0000,0.0000,0
79,features.15,41,pruned_before,nan,0.000000e+00,0.000000e+00,0.0000,0.0000,0
79,features.15,42,pruned_before,nan,0.000000e+00,0.000000e+00,0.0000,0.0000,0
79,features.15,43,pruned_before,nan,0.000000e+00,0.000000e+00,0.0000,0.0000,0
79,features.15,44,pruned_before,nan,0.000000e+00,0.000000e+00,0.0000,0.0000,0
79,features.15,45,pruned_before,nan,0.000000e+00,0.000000e+00,0.0000,0.0000,0
79,features.15,46,pruned_before,nan,0.000000e+00,0.000000e+00,0.0000,0.0000,0
79,features.15,47,pruned_before,nan,0.000000e+00,0.000000e+00,0.0000,0.0000,0
79,features.15,48,pruned_before,nan,0.000000e+00,0.000000e+00,0.0000,0.0000,0
79,features.15,49,pruned_before,nan,0.000000e+00,0.000000e+00,0.0000,0.0000,0
79,features.15,50,pruned_before,nan,0.000000e+00,0.000000e+00,0.0000,0.0000,0
79,features.15,51,pruned_before,nan,0.000000e+00,0.000000e+00,0.0000,0.0000,0
79,features.15,52,active,-0.011603,6.573969e-08,1.195924e-05,0.0233,0.0001,329
79,features.15,53,pruned_before,nan,0.000000e+00,0.000000e+00,0.0000,0.0000,0
79,features.15,54,pruned_before,nan,0.000000e+00,0.000000e+00,0.0000,0.0000,0
79,features.15,55,pruned_before,nan,0.000000e+00,0.000000e+00,0.0000,0.0000,0
79,features.15,56,pruned_before,nan,0.000000e+00,0.000000e+00,0.0000,0.0000,0
79,features.15,57,pruned_before,nan,0.000000e+00,0.000000e+00,0.0000,0.0000,0
79,features.15,58,pruned_before,nan,0.000000e+00,0.000000e+00,0.0000,0.0000,0
79,features.15,59,pruned_before,nan,0.000000e+00,0.000000e+00,0.0000,0.0000,0
79,features.15,60,pruned_before,nan,0.000000e+00,0.000000e+00,0.0000,0.0000,0
79,features.15,61,pruned_before,nan,0.000000e+00,0.000000e+00,0.0000,0.0000,0
79,features.15,62,pruned_before,nan,0.000000e+00,0.000000e+00,0.0000,0.0000,0
79,features.15,63,pruned_before,nan,0.000000e+00,0.000000e+00,0.0000,0.0000,0
79,features.15,64,pruned_before,nan,0.000000e+00,0.000000e+00,0.0000,0.0000,0
79,features.15,65,pruned_before,nan,0.000000e+00,0.000000e+00,0.0000,0.0000,0
79,features.15,66,pruned_before,nan,0.000000e+00,0.000000e+00,0.0000,0.0000,0
79,features.15,67,pruned_before,nan,0.000000e+00,0.000000e+00,0.0000,0.0000,0
79,features.15,68,pruned_before,nan,0.000000e+00,0.000000e+00,0.0000,0.0000,0
79,features.15,69,pruned_before,nan,0.000000e+00,0.000000e+00,0.0000,0.0000,0
79,features.15,70,pruned_before,nan,0.000000e+00,0.000000e+00,0.0000,0.0000,0
79,features.15,71,pruned_before,nan,0.000000e+00,0.000000e+00,0.0000,0.0000,0
79,features.15,72,pruned_before,nan,0.000000e+00,0.000000e+00,0.0000,0.0000,0
79,features.15,73,pruned_before,nan,0.000000e+00,0.000000e+00,0.0000,0.0000,0
79,features.15,74,pruned_before,nan,0.000000e+00,0.000000e+00,0.0000,0.0000,0
79,features.15,75,pruned_before,nan,0.000000e+00,0.000000e+00,0.0000,0.0000,0
79,features.15,76,pruned_before,nan,0.000000e+00,0.000000e+00,0.0000,0.0000,0
79,features.15,77,pruned_before,nan,0.000000e+00,0.000000e+00,0.0000,0.0000,0
79,features.15,78,pruned_before,nan,0.000000e+00,0.000000e+00,0.0000,0.0000,0
79,features.15,79,pruned_before,nan,0.000000e+00,0.000000e+00,0.0000,0.0000,0
79,features.15,80,pruned_before,nan,0.000000e+00,0.000000e+00,0.0000,0.0000,0
79,features.15,81,pruned_before,nan,0.000000e+00,0.000000e+00,0.0000,0.0000,0
79,features.15,82,pruned_before,nan,0.000000e+00,0.000000e+00,0.0000,0.0000,0
79,features.15,83,pruned_before,nan,0.000000e+00,0.000000e+00,0.0000,0.0000,0
79,features.15,84,pruned_before,nan,0.000000e+00,0.000000e+00,0.0000,0.0000,0
79,features.15,85,pruned_before,nan,0.000000e+00,0.000000e+00,0.0000,0.0000,0
79,features.15,86,pruned_before,nan,0.000000e+00,0.000000e+00,0.0000,0.0000,0
79,features.15,87,pruned_before,nan,0.000000e+00,0.000000e+00,0.0000,0.0000,0
79,features.15,88,pruned_before,nan,0.000000e+00,0.000000e+00,0.0000,0.0000,0
79,features.15,89,pruned_before,nan,0.000000e+00,0.000000e+00,0.0000,0.0000,0
79,features.15,90,pruned_before,nan,0.000000e+00,0.000000e+00,0.0000,0.0000,0
79,features.15,91,pruned_before,nan,0.000000e+00,0.000000e+00,0.0000,0.0000,0
79,features.15,92,pruned_before,nan,0.000000e+00,0.000000e+00,0.0000,0.0000,0
79,features.15,93,pruned_before,nan,0.000000e+00,0.000000e+00,0.0000,0.0000,0
79,features.15,94,pruned_before,nan,0.000000e+00,0.000000e+00,0.0000,0.0000,0
79,features.15,95,pruned_before,nan,0.000000e+00,0.000000e+00,0.0000,0.0000,0
79,features.15,96,pruned_before,nan,0.000000e+00,0.000000e+00,0.0000,0.0000,0
79,features.15,97,active,-0.002597,1.507255e-08,2.613207e-05,0.0053,0.0001,329
79,features.15,98,pruned_before,nan,0.000000e+00,0.000000e+00,0.0000,0.0000,0
79,features.15,99,pruned_before,nan,0.000000e+00,0.000000e+00,0.0000,0.0000,0
79,features.15,100,pruned_before,nan,0.000000e+00,0.000000e+00,0.0000,0.0000,0
79,features.15,101,pruned_before,nan,0.000000e+00,0.000000e+00,0.0000,0.0000,0
79,features.15,102,pruned_before,nan,0.000000e+00,0.000000e+00,0.0000,0.0000,0
79,features.15,103,active,-0.008834,5.014659e-08,1.531005e-05,0.0178,0.0001,329
79,features.15,104,pruned_before,nan,0.000000e+00,0.000000e+00,0.0000,0.0000,0
79,features.15,105,pruned_before,nan,0.000000e+00,0.000000e+00,0.0000,0.0000,0
79,features.15,106,pruned_before,nan,0.000000e+00,0.000000e+00,0.0000,0.0000,0
79,features.15,107,pruned_before,nan,0.000000e+00,0.000000e+00,0.0000,0.0000,0
79,features.15,108,pruned_before,nan,0.000000e+00,0.000000e+00,0.0000,0.0000,0
79,features.15,109,pruned_before,nan,0.000000e+00,0.000000e+00,0.0000,0.0000,0
79,features.15,110,pruned_before,nan,0.000000e+00,0.000000e+00,0.0000,0.0000,0
79,features.15,111,pruned_before,nan,0.000000e+00,0.000000e+00,0.0000,0.0000,0
79,features.15,112,pruned_before,nan,0.000000e+00,0.000000e+00,0.0000,0.0000,0
79,features.15,113,pruned_before,nan,0.000000e+00,0.000000e+00,0.0000,0.0000,0
79,features.15,114,active,-0.008639,4.898852e-08,1.166892e-05,0.0173,0.0001,329
79,features.15,115,pruned_before,nan,0.000000e+00,0.000000e+00,0.0000,0.0000,0
79,features.15,116,pruned_before,nan,0.000000e+00,0.000000e+00,0.0000,0.0000,0
79,features.15,117,pruned_before,nan,0.000000e+00,0.000000e+00,0.0000,0.0000,0
79,features.15,118,pruned_before,nan,0.000000e+00,0.000000e+00,0.0000,0.0000,0
79,features.15,119,pruned_before,nan,0.000000e+00,0.000000e+00,0.0000,0.0000,0
79,features.15,120,pruned_before,nan,0.000000e+00,0.000000e+00,0.0000,0.0000,0
79,features.15,121,pruned_before,nan,0.000000e+00,0.000000e+00,0.0000,0.0000,0
79,features.15,122,pruned_before,nan,0.000000e+00,0.000000e+00,0.0000,0.0000,0
79,features.15,123,pruned_before,nan,0.000000e+00,0.000000e+00,0.0000,0.0000,0
79,features.15,124,pruned_before,nan,0.000000e+00,0.000000e+00,0.0000,0.0000,0
79,features.15,125,pruned_before,nan,0.000000e+00,0.000000e+00,0.0000,0.0000,0
79,features.15,126,pruned_before,nan,0.000000e+00,0.000000e+00,0.0000,0.0000,0
79,features.15,127,pruned_before,nan,0.000000e+00,0.000000e+00,0.0000,0.0000,0
79,features.15,128,pruned_before,nan,0.000000e+00,0.000000e+00,0.0000,0.0000,0
79,features.15,129,pruned_before,nan,0.000000e+00,0.000000e+00,0.0000,0.0000,0
79,features.15,130,pruned_before,nan,0.000000e+00,0.000000e+00,0.0000,0.0000,0
79,features.15,131,pruned_before,nan,0.000000e+00,0.000000e+00,0.0000,0.0000,0
79,features.15,132,pruned_before,nan,0.000000e+00,0.000000e+00,0.0000,0.0000,0
79,features.15,133,pruned_before,nan,0.000000e+00,0.000000e+00,0.0000,0.0000,0
79,features.15,134,pruned_before,nan,0.000000e+00,0.000000e+00,0.0000,0.0000,0
79,features.15,135,pruned_before,nan,0.000000e+00,0.000000e+00,0.0000,0.0000,0
79,features.15,136,pruned_before,nan,0.000000e+00,0.000000e+00,0.0000,0.0000,0
79,features.15,137,pruned_before,nan,0.000000e+00,0.000000e+00,0.0000,0.0000,0
79,features.15,138,pruned_before,nan,0.000000e+00,0.000000e+00,0.0000,0.0000,0
79,features.15,139,pruned_before,nan,0.000000e+00,0.000000e+00,0.0000,0.0000,0
79,features.15,140,pruned_before,nan,0.000000e+00,0.000000e+00,0.0000,0.0000,0
79,features.15,141,pruned_before,nan,0.000000e+00,0.000000e+00,0.0000,0.0000,0
79,features.15,142,pruned_before,nan,0.000000e+00,0.000000e+00,0.0000,0.0000,0
79,features.15,143,pruned_before,nan,0.000000e+00,0.000000e+00,0.0000,0.0000,0
79,features.15,144,pruned_before,nan,0.000000e+00,0.000000e+00,0.0000,0.0000,0
79,features.15,145,pruned_before,nan,0.000000e+00,0.000000e+00,0.0000,0.0000,0
79,features.15,146,pruned_before,nan,0.000000e+00,0.000000e+00,0.0000,0.0000,0
79,features.15,147,pruned_before,nan,0.000000e+00,0.000000e+00,0.0000,0.0000,0
79,features.15,148,pruned_before,nan,0.000000e+00,0.000000e+00,0.0000,0.0000,0
79,features.15,149,pruned_before,nan,0.000000e+00,0.000000e+00,0.0000,0.0000,0
79,features.15,150,pruned_before,nan,0.000000e+00,0.000000e+00,0.0000,0.0000,0
79,features.15,151,pruned_before,nan,0.000000e+00,0.000000e+00,0.0000,0.0000,0
79,features.15,152,pruned_before,nan,0.000000e+00,0.000000e+00,0.0000,0.0000,0
79,features.15,153,pruned_before,nan,0.000000e+00,0.000000e+00,0.0000,0.0000,0
79,features.15,154,pruned_before,nan,0.000000e+00,0.000000e+00,0.0000,0.0000,0
79,features.15,155,pruned_before,nan,0.000000e+00,0.000000e+00,0.0000,0.0000,0
79,features.15,156,pruned_before,nan,0.000000e+00,0.000000e+00,0.0000,0.0000,0
79,features.15,157,pruned_before,nan,0.000000e+00,0.000000e+00,0.0000,0.0000,0
79,features.15,158,pruned_before,nan,0.000000e+00,0.000000e+00,0.0000,0.0000,0
79,features.15,159,pruned_before,nan,0.000000e+00,0.000000e+00,0.0000,0.0000,0
79,features.15,160,active,-0.001922,1.086839e-08,4.265379e-07,0.0038,0.0000,329
79,features.15,161,pruned_before,nan,0.000000e+00,0.000000e+00,0.0000,0.0000,0
79,features.15,162,pruned_before,nan,0.000000e+00,0.000000e+00,0.0000,0.0000,0
79,features.15,163,pruned_before,nan,0.000000e+00,0.000000e+00,0.0000,0.0000,0
79,features.15,164,pruned_before,nan,0.000000e+00,0.000000e+00,0.0000,0.0000,0
79,features.15,165,pruned_before,nan,0.000000e+00,0.000000e+00,0.0000,0.0000,0
79,features.15,166,pruned_before,nan,0.000000e+00,0.000000e+00,0.0000,0.0000,0
79,features.15,167,pruned_before,nan,0.000000e+00,0.000000e+00,0.0000,0.0000,0
79,features.15,168,pruned_before,nan,0.000000e+00,0.000000e+00,0.0000,0.0000,0
79,features.15,169,pruned_before,nan,0.000000e+00,0.000000e+00,0.0000,0.0000,0
79,features.15,170,pruned_before,nan,0.000000e+00,0.000000e+00,0.0000,0.0000,0
79,features.15,171,pruned_before,nan,0.000000e+00,0.000000e+00,0.0000,0.0000,0
79,features.15,172,pruned_before,nan,0.000000e+00,0.000000e+00,0.0000,0.0000,0
79,features.15,173,pruned_before,nan,0.000000e+00,0.000000e+00,0.0000,0.0000,0
79,features.15,174,pruned_before,nan,0.000000e+00,0.000000e+00,0.0000,0.0000,0
79,features.15,175,pruned_before,nan,0.000000e+00,0.000000e+00,0.0000,0.0000,0
79,features.15,176,pruned_before,nan,0.000000e+00,0.000000e+00,0.0000,0.0000,0
79,features.15,177,pruned_before,nan,0.000000e+00,0.000000e+00,0.0000,0.0000,0
79,features.15,178,pruned_before,nan,0.000000e+00,0.000000e+00,0.0000,0.0000,0
79,features.15,179,pruned_before,nan,0.000000e+00,0.000000e+00,0.0000,0.0000,0
79,features.15,180,pruned_before,nan,0.000000e+00,0.000000e+00,0.0000,0.0000,0
79,features.15,181,pruned_before,nan,0.000000e+00,0.000000e+00,0.0000,0.0000,0
79,features.15,182,pruned_before,nan,0.000000e+00,0.000000e+00,0.0000,0.0000,0
79,features.15,183,pruned_before,nan,0.000000e+00,0.000000e+00,0.0000,0.0000,0
79,features.15,184,pruned_before,nan,0.000000e+00,0.000000e+00,0.0000,0.0000,0
79,features.15,185,pruned_before,nan,0.000000e+00,0.000000e+00,0.0000,0.0000,0
79,features.15,186,pruned_before,nan,0.000000e+00,0.000000e+00,0.0000,0.0000,0
79,features.15,187,pruned_before,nan,0.000000e+00,0.000000e+00,0.0000,0.0000,0
79,features.15,188,pruned_before,nan,0.000000e+00,0.000000e+00,0.0000,0.0000,0
79,features.15,189,pruned_before,nan,0.000000e+00,0.000000e+00,0.0000,0.0000,0
79,features.15,190,pruned_before,nan,0.000000e+00,0.000000e+00,0.0000,0.0000,0
79,features.15,191,pruned_before,nan,0.000000e+00,0.000000e+00,0.0000,0.0000,0
79,features.15,192,pruned_before,nan,0.000000e+00,0.000000e+00,0.0000,0.0000,0
79,features.15,193,pruned_before,nan,0.000000e+00,0.000000e+00,0.0000,0.0000,0
79,features.15,194,pruned_before,nan,0.000000e+00,0.000000e+00,0.0000,0.0000,0
79,features.15,195,pruned_before,nan,0.000000e+00,0.000000e+00,0.0000,0.0000,0
79,features.15,196,pruned_before,nan,0.000000e+00,0.000000e+00,0.0000,0.0000,0
79,features.15,197,pruned_before,nan,0.000000e+00,0.000000e+00,0.0000,0.0000,0
79,features.15,198,pruned_before,nan,0.000000e+00,0.000000e+00,0.0000,0.0000,0
79,features.15,199,pruned_before,nan,0.000000e+00,0.000000e+00,0.0000,0.0000,0
79,features.15,200,pruned_before,nan,0.000000e+00,0.000000e+00,0.0000,0.0000,0
79,features.15,201,pruned_before,nan,0.000000e+00,0.000000e+00,0.0000,0.0000,0
79,features.15,202,pruned_before,nan,0.000000e+00,0.000000e+00,0.0000,0.0000,0
79,features.15,203,pruned_before,nan,0.000000e+00,0.000000e+00,0.0000,0.0000,0
79,features.15,204,pruned_before,nan,0.000000e+00,0.000000e+00,0.0000,0.0000,0
79,features.15,205,pruned_before,nan,0.000000e+00,0.000000e+00,0.0000,0.0000,0
79,features.15,206,pruned_before,nan,0.000000e+00,0.000000e+00,0.0000,0.0000,0
79,features.15,207,pruned_before,nan,0.000000e+00,0.000000e+00,0.0000,0.0000,0
79,features.15,208,pruned_before,nan,0.000000e+00,0.000000e+00,0.0000,0.0000,0
79,features.15,209,pruned_before,nan,0.000000e+00,0.000000e+00,0.0000,0.0000,0
79,features.15,210,pruned_before,nan,0.000000e+00,0.000000e+00,0.0000,0.0000,0
79,features.15,211,pruned_before,nan,0.000000e+00,0.000000e+00,0.0000,0.0000,0
79,features.15,212,pruned_before,nan,0.000000e+00,0.000000e+00,0.0000,0.0000,0
79,features.15,213,pruned_before,nan,0.000000e+00,0.000000e+00,0.0000,0.0000,0
79,features.15,214,pruned_before,nan,0.000000e+00,0.000000e+00,0.0000,0.0000,0
79,features.15,215,pruned_before,nan,0.000000e+00,0.000000e+00,0.0000,0.0000,0
79,features.15,216,pruned_before,nan,0.000000e+00,0.000000e+00,0.0000,0.0000,0
79,features.15,217,pruned_before,nan,0.000000e+00,0.000000e+00,0.0000,0.0000,0
79,features.15,218,pruned_before,nan,0.000000e+00,0.000000e+00,0.0000,0.0000,0
79,features.15,219,pruned_before,nan,0.000000e+00,0.000000e+00,0.0000,0.0000,0
79,features.15,220,pruned_before,nan,0.000000e+00,0.000000e+00,0.0000,0.0000,0
79,features.15,221,pruned_before,nan,0.000000e+00,0.000000e+00,0.0000,0.0000,0
79,features.15,222,pruned_before,nan,0.000000e+00,0.000000e+00,0.0000,0.0000,0
79,features.15,223,pruned_before,nan,0.000000e+00,0.000000e+00,0.0000,0.0000,0
79,features.15,224,pruned_before,nan,0.000000e+00,0.000000e+00,0.0000,0.0000,0
79,features.15,225,pruned_before,nan,0.000000e+00,0.000000e+00,0.0000,0.0000,0
79,features.15,226,active,-0.002127,1.399545e-08,1.302254e-04,0.0050,0.0007,329
79,features.15,227,pruned_before,nan,0.000000e+00,0.000000e+00,0.0000,0.0000,0
79,features.15,228,pruned_before,nan,0.000000e+00,0.000000e+00,0.0000,0.0000,0
79,features.15,229,pruned_before,nan,0.000000e+00,0.000000e+00,0.0000,0.0000,0
79,features.15,230,pruned_before,nan,0.000000e+00,0.000000e+00,0.0000,0.0000,0
79,features.15,231,pruned_before,nan,0.000000e+00,0.000000e+00,0.0000,0.0000,0
79,features.15,232,pruned_before,nan,0.000000e+00,0.000000e+00,0.0000,0.0000,0
79,features.15,233,pruned_before,nan,0.000000e+00,0.000000e+00,0.0000,0.0000,0
79,features.15,234,active,-0.161197,9.203349e-07,6.274506e-04,0.3258,0.0034,329
79,features.15,235,pruned_before,nan,0.000000e+00,0.000000e+00,0.0000,0.0000,0
79,features.15,236,pruned_before,nan,0.000000e+00,0.000000e+00,0.0000,0.0000,0
79,features.15,237,pruned_before,nan,0.000000e+00,0.000000e+00,0.0000,0.0000,0
79,features.15,238,pruned_before,nan,0.000000e+00,0.000000e+00,0.0000,0.0000,0
79,features.15,239,pruned_before,nan,0.000000e+00,0.000000e+00,0.0000,0.0000,0
79,features.15,240,pruned_before,nan,0.000000e+00,0.000000e+00,0.0000,0.0000,0
79,features.15,241,pruned_before,nan,0.000000e+00,0.000000e+00,0.0000,0.0000,0
79,features.15,242,pruned_before,nan,0.000000e+00,0.000000e+00,0.0000,0.0000,0
79,features.15,243,pruned_before,nan,0.000000e+00,0.000000e+00,0.0000,0.0000,0
79,features.15,244,pruned_before,nan,0.000000e+00,0.000000e+00,0.0000,0.0000,0
79,features.15,245,pruned_before,nan,0.000000e+00,0.000000e+00,0.0000,0.0000,0
79,features.15,246,pruned_before,nan,0.000000e+00,0.000000e+00,0.0000,0.0000,0
79,features.15,247,pruned_before,nan,0.000000e+00,0.000000e+00,0.0000,0.0000,0
79,features.15,248,pruned_before,nan,0.000000e+00,0.000000e+00,0.0000,0.0000,0
79,features.15,249,pruned_before,nan,0.000000e+00,0.000000e+00,0.0000,0.0000,0
79,features.15,250,pruned_before,nan,0.000000e+00,0.000000e+00,0.0000,0.0000,0
79,features.15,251,pruned_before,nan,0.000000e+00,0.000000e+00,0.0000,0.0000,0
79,features.15,252,pruned_before,nan,0.000000e+00,0.000000e+00,0.0000,0.0000,0
79,features.15,253,pruned_before,nan,0.000000e+00,0.000000e+00,0.0000,0.0000,0
79,features.15,254,pruned_before,nan,0.000000e+00,0.000000e+00,0.0000,0.0000,0
79,features.15,255,pruned_before,nan,0.000000e+00,0.000000e+00,0.0000,0.0000,0
79,features.15,256,pruned_before,nan,0.000000e+00,0.000000e+00,0.0000,0.0000,0
79,features.15,257,pruned_before,nan,0.000000e+00,0.000000e+00,0.0000,0.0000,0
79,features.15,258,pruned_before,nan,0.000000e+00,0.000000e+00,0.0000,0.0000,0
79,features.15,259,pruned_before,nan,0.000000e+00,0.000000e+00,0.0000,0.0000,0
79,features.15,260,pruned_before,nan,0.000000e+00,0.000000e+00,0.0000,0.0000,0
79,features.15,261,pruned_before,nan,0.000000e+00,0.000000e+00,0.0000,0.0000,0
79,features.15,262,pruned_before,nan,0.000000e+00,0.000000e+00,0.0000,0.0000,0
79,features.15,263,pruned_before,nan,0.000000e+00,0.000000e+00,0.0000,0.0000,0
79,features.15,264,pruned_before,nan,0.000000e+00,0.000000e+00,0.0000,0.0000,0
79,features.15,265,pruned_before,nan,0.000000e+00,0.000000e+00,0.0000,0.0000,0
79,features.15,266,pruned_before,nan,0.000000e+00,0.000000e+00,0.0000,0.0000,0
79,features.15,267,pruned_before,nan,0.000000e+00,0.000000e+00,0.0000,0.0000,0
79,features.15,268,pruned_before,nan,0.000000e+00,0.000000e+00,0.0000,0.0000,0
79,features.15,269,pruned_before,nan,0.000000e+00,0.000000e+00,0.0000,0.0000,0
79,features.15,270,pruned_before,nan,0.000000e+00,0.000000e+00,0.0000,0.0000,0
79,features.15,271,pruned_before,nan,0.000000e+00,0.000000e+00,0.0000,0.0000,0
79,features.15,272,pruned_before,nan,0.000000e+00,0.000000e+00,0.0000,0.0000,0
79,features.15,273,pruned_before,nan,0.000000e+00,0.000000e+00,0.0000,0.0000,0
79,features.15,274,pruned_before,nan,0.000000e+00,0.000000e+00,0.0000,0.0000,0
79,features.15,275,pruned_before,nan,0.000000e+00,0.000000e+00,0.0000,0.0000,0
79,features.15,276,pruned_before,nan,0.000000e+00,0.000000e+00,0.0000,0.0000,0
79,features.15,277,pruned_before,nan,0.000000e+00,0.000000e+00,0.0000,0.0000,0
79,features.15,278,pruned_before,nan,0.000000e+00,0.000000e+00,0.0000,0.0000,0
79,features.15,279,pruned_before,nan,0.000000e+00,0.000000e+00,0.0000,0.0000,0
79,features.15,280,pruned_before,nan,0.000000e+00,0.000000e+00,0.0000,0.0000,0
79,features.15,281,pruned_before,nan,0.000000e+00,0.000000e+00,0.0000,0.0000,0
79,features.15,282,pruned_before,nan,0.000000e+00,0.000000e+00,0.0000,0.0000,0
79,features.15,283,pruned_before,nan,0.000000e+00,0.000000e+00,0.0000,0.0000,0
79,features.15,284,pruned_before,nan,0.000000e+00,0.000000e+00,0.0000,0.0000,0
79,features.15,285,pruned_before,nan,0.000000e+00,0.000000e+00,0.0000,0.0000,0
79,features.15,286,pruned_before,nan,0.000000e+00,0.000000e+00,0.0000,0.0000,0
79,features.15,287,pruned_before,nan,0.000000e+00,0.000000e+00,0.0000,0.0000,0
79,features.15,288,pruned_before,nan,0.000000e+00,0.000000e+00,0.0000,0.0000,0
79,features.15,289,pruned_before,nan,0.000000e+00,0.000000e+00,0.0000,0.0000,0
79,features.15,290,pruned_before,nan,0.000000e+00,0.000000e+00,0.0000,0.0000,0
79,features.15,291,pruned_before,nan,0.000000e+00,0.000000e+00,0.0000,0.0000,0
79,features.15,292,pruned_before,nan,0.000000e+00,0.000000e+00,0.0000,0.0000,0
79,features.15,293,pruned_before,nan,0.000000e+00,0.000000e+00,0.0000,0.0000,0
79,features.15,294,pruned_before,nan,0.000000e+00,0.000000e+00,0.0000,0.0000,0
79,features.15,295,pruned_before,nan,0.000000e+00,0.000000e+00,0.0000,0.0000,0
79,features.15,296,pruned_before,nan,0.000000e+00,0.000000e+00,0.0000,0.0000,0
79,features.15,297,pruned_before,nan,0.000000e+00,0.000000e+00,0.0000,0.0000,0
79,features.15,298,pruned_before,nan,0.000000e+00,0.000000e+00,0.0000,0.0000,0
79,features.15,299,active,-0.019362,1.097165e-07,2.087681e-05,0.0388,0.0001,329
79,features.15,300,pruned_before,nan,0.000000e+00,0.000000e+00,0.0000,0.0000,0
79,features.15,301,pruned_before,nan,0.000000e+00,0.000000e+00,0.0000,0.0000,0
79,features.15,302,pruned_before,nan,0.000000e+00,0.000000e+00,0.0000,0.0000,0
79,features.15,303,pruned_before,nan,0.000000e+00,0.000000e+00,0.0000,0.0000,0
79,features.15,304,pruned_before,nan,0.000000e+00,0.000000e+00,0.0000,0.0000,0
79,features.15,305,pruned_before,nan,0.000000e+00,0.000000e+00,0.0000,0.0000,0
79,features.15,306,pruned_before,nan,0.000000e+00,0.000000e+00,0.0000,0.0000,0
79,features.15,307,pruned_before,nan,0.000000e+00,0.000000e+00,0.0000,0.0000,0
79,features.15,308,pruned_before,nan,0.000000e+00,0.000000e+00,0.0000,0.0000,0
79,features.15,309,pruned_before,nan,0.000000e+00,0.000000e+00,0.0000,0.0000,0
79,features.15,310,pruned_before,nan,0.000000e+00,0.000000e+00,0.0000,0.0000,0
79,features.15,311,pruned_before,nan,0.000000e+00,0.000000e+00,0.0000,0.0000,0
79,features.15,312,pruned_before,nan,0.000000e+00,0.000000e+00,0.0000,0.0000,0
79,features.15,313,pruned_before,nan,0.000000e+00,0.000000e+00,0.0000,0.0000,0
79,features.15,314,pruned_before,nan,0.000000e+00,0.000000e+00,0.0000,0.0000,0
79,features.15,315,pruned_before,nan,0.000000e+00,0.000000e+00,0.0000,0.0000,0
79,features.15,316,pruned_before,nan,0.000000e+00,0.000000e+00,0.0000,0.0000,0
79,features.15,317,pruned_before,nan,0.000000e+00,0.000000e+00,0.0000,0.0000,0
79,features.15,318,pruned_before,nan,0.000000e+00,0.000000e+00,0.0000,0.0000,0
79,features.15,319,pruned_before,nan,0.000000e+00,0.000000e+00,0.0000,0.0000,0
79,features.15,320,pruned_before,nan,0.000000e+00,0.000000e+00,0.0000,0.0000,0
79,features.15,321,pruned_before,nan,0.000000e+00,0.000000e+00,0.0000,0.0000,0
79,features.15,322,pruned_before,nan,0.000000e+00,0.000000e+00,0.0000,0.0000,0
79,features.15,323,pruned_before,nan,0.000000e+00,0.000000e+00,0.0000,0.0000,0
79,features.15,324,pruned_before,nan,0.000000e+00,0.000000e+00,0.0000,0.0000,0
79,features.15,325,pruned_before,nan,0.000000e+00,0.000000e+00,0.0000,0.0000,0
79,features.15,326,pruned_before,nan,0.000000e+00,0.000000e+00,0.0000,0.0000,0
79,features.15,327,pruned_before,nan,0.000000e+00,0.000000e+00,0.0000,0.0000,0
79,features.15,328,pruned_before,nan,0.000000e+00,0.000000e+00,0.0000,0.0000,0
79,features.15,329,pruned_before,nan,0.000000e+00,0.000000e+00,0.0000,0.0000,0
79,features.15,330,pruned_before,nan,0.000000e+00,0.000000e+00,0.0000,0.0000,0
79,features.15,331,pruned_before,nan,0.000000e+00,0.000000e+00,0.0000,0.0000,0
79,features.15,332,pruned_before,nan,0.000000e+00,0.000000e+00,0.0000,0.0000,0
79,features.15,333,pruned_before,nan,0.000000e+00,0.000000e+00,0.0000,0.0000,0
79,features.15,334,pruned_before,nan,0.000000e+00,0.000000e+00,0.0000,0.0000,0
79,features.15,335,pruned_before,nan,0.000000e+00,0.000000e+00,0.0000,0.0000,0
79,features.15,336,pruned_before,nan,0.000000e+00,0.000000e+00,0.0000,0.0000,0
79,features.15,337,pruned_before,nan,0.000000e+00,0.000000e+00,0.0000,0.0000,0
79,features.15,338,pruned_before,nan,0.000000e+00,0.000000e+00,0.0000,0.0000,0
79,features.15,339,pruned_before,nan,0.000000e+00,0.000000e+00,0.0000,0.0000,0
79,features.15,340,pruned_before,nan,0.000000e+00,0.000000e+00,0.0000,0.0000,0
79,features.15,341,pruned_before,nan,0.000000e+00,0.000000e+00,0.0000,0.0000,0
79,features.15,342,pruned_before,nan,0.000000e+00,0.000000e+00,0.0000,0.0000,0
79,features.15,343,pruned_before,nan,0.000000e+00,0.000000e+00,0.0000,0.0000,0
79,features.15,344,pruned_before,nan,0.000000e+00,0.000000e+00,0.0000,0.0000,0
79,features.15,345,pruned_before,nan,0.000000e+00,0.000000e+00,0.0000,0.0000,0
79,features.15,346,pruned_before,nan,0.000000e+00,0.000000e+00,0.0000,0.0000,0
79,features.15,347,pruned_before,nan,0.000000e+00,0.000000e+00,0.0000,0.0000,0
79,features.15,348,pruned_before,nan,0.000000e+00,0.000000e+00,0.0000,0.0000,0
79,features.15,349,pruned_before,nan,0.000000e+00,0.000000e+00,0.0000,0.0000,0
79,features.15,350,pruned_before,nan,0.000000e+00,0.000000e+00,0.0000,0.0000,0
79,features.15,351,pruned_before,nan,0.000000e+00,0.000000e+00,0.0000,0.0000,0
79,features.15,352,pruned_before,nan,0.000000e+00,0.000000e+00,0.0000,0.0000,0
79,features.15,353,pruned_before,nan,0.000000e+00,0.000000e+00,0.0000,0.0000,0
79,features.15,354,pruned_before,nan,0.000000e+00,0.000000e+00,0.0000,0.0000,0
79,features.15,355,pruned_before,nan,0.000000e+00,0.000000e+00,0.0000,0.0000,0
79,features.15,356,active,-0.019848,1.124872e-07,2.230708e-05,0.0398,0.0001,329
79,features.15,357,pruned_before,nan,0.000000e+00,0.000000e+00,0.0000,0.0000,0
79,features.15,358,pruned_before,nan,0.000000e+00,0.000000e+00,0.0000,0.0000,0
79,features.15,359,pruned_before,nan,0.000000e+00,0.000000e+00,0.0000,0.0000,0
79,features.15,360,pruned_before,nan,0.000000e+00,0.000000e+00,0.0000,0.0000,0
79,features.15,361,pruned_before,nan,0.000000e+00,0.000000e+00,0.0000,0.0000,0
79,features.15,362,pruned_before,nan,0.000000e+00,0.000000e+00,0.0000,0.0000,0
79,features.15,363,pruned_before,nan,0.000000e+00,0.000000e+00,0.0000,0.0000,0
79,features.15,364,pruned_before,nan,0.000000e+00,0.000000e+00,0.0000,0.0000,0
79,features.15,365,pruned_before,nan,0.000000e+00,0.000000e+00,0.0000,0.0000,0
79,features.15,366,pruned_before,nan,0.000000e+00,0.000000e+00,0.0000,0.0000,0
79,features.15,367,pruned_before,nan,0.000000e+00,0.000000e+00,0.0000,0.0000,0
79,features.15,368,pruned_before,nan,0.000000e+00,0.000000e+00,0.0000,0.0000,0
79,features.15,369,pruned_before,nan,0.000000e+00,0.000000e+00,0.0000,0.0000,0
79,features.15,370,pruned_before,nan,0.000000e+00,0.000000e+00,0.0000,0.0000,0
79,features.15,371,pruned_before,nan,0.000000e+00,0.000000e+00,0.0000,0.0000,0
79,features.15,372,pruned_before,nan,0.000000e+00,0.000000e+00,0.0000,0.0000,0
79,features.15,373,pruned_before,nan,0.000000e+00,0.000000e+00,0.0000,0.0000,0
79,features.15,374,active,-0.006298,3.588437e-08,1.960191e-05,0.0127,0.0001,329
79,features.15,375,pruned_before,nan,0.000000e+00,0.000000e+00,0.0000,0.0000,0
79,features.15,376,pruned_before,nan,0.000000e+00,0.000000e+00,0.0000,0.0000,0
79,features.15,377,active,-0.019598,1.110841e-07,2.294151e-05,0.0393,0.0001,329
79,features.15,378,pruned_before,nan,0.000000e+00,0.000000e+00,0.0000,0.0000,0
79,features.15,379,pruned_before,nan,0.000000e+00,0.000000e+00,0.0000,0.0000,0
79,features.15,380,pruned_before,nan,0.000000e+00,0.000000e+00,0.0000,0.0000,0
79,features.15,381,pruned_before,nan,0.000000e+00,0.000000e+00,0.0000,0.0000,0
79,features.15,382,pruned_before,nan,0.000000e+00,0.000000e+00,0.0000,0.0000,0
79,features.15,383,pruned_before,nan,0.000000e+00,0.000000e+00,0.0000,0.0000,0
79,features.15,384,pruned_before,nan,0.000000e+00,0.000000e+00,0.0000,0.0000,0
79,features.15,385,pruned_before,nan,0.000000e+00,0.000000e+00,0.0000,0.0000,0
79,features.15,386,active,-0.001938,1.113514e-08,1.212499e-05,0.0039,0.0001,329
79,features.15,387,pruned_before,nan,0.000000e+00,0.000000e+00,0.0000,0.0000,0
79,features.15,388,pruned_before,nan,0.000000e+00,0.000000e+00,0.0000,0.0000,0
79,features.15,389,pruned_before,nan,0.000000e+00,0.000000e+00,0.0000,0.0000,0
79,features.15,390,pruned_before,nan,0.000000e+00,0.000000e+00,0.0000,0.0000,0
79,features.15,391,pruned_before,nan,0.000000e+00,0.000000e+00,0.0000,0.0000,0
79,features.15,392,active,-0.002627,1.492998e-08,5.590666e-06,0.0053,0.0000,329
79,features.15,393,pruned_before,nan,0.000000e+00,0.000000e+00,0.0000,0.0000,0
79,features.15,394,pruned_before,nan,0.000000e+00,0.000000e+00,0.0000,0.0000,0
79,features.15,395,pruned_before,nan,0.000000e+00,0.000000e+00,0.0000,0.0000,0
79,features.15,396,pruned_before,nan,0.000000e+00,0.000000e+00,0.0000,0.0000,0
79,features.15,397,pruned_before,nan,0.000000e+00,0.000000e+00,0.0000,0.0000,0
79,features.15,398,active,-0.010124,5.735463e-08,9.873492e-06,0.0203,0.0001,329
79,features.15,399,pruned_before,nan,0.000000e+00,0.000000e+00,0.0000,0.0000,0
79,features.15,400,pruned_before,nan,0.000000e+00,0.000000e+00,0.0000,0.0000,0
79,features.15,401,pruned_before,nan,0.000000e+00,0.000000e+00,0.0000,0.0000,0
79,features.15,402,pruned_before,nan,0.000000e+00,0.000000e+00,0.0000,0.0000,0
79,features.15,403,pruned_before,nan,0.000000e+00,0.000000e+00,0.0000,0.0000,0
79,features.15,404,pruned_before,nan,0.000000e+00,0.000000e+00,0.0000,0.0000,0
79,features.15,405,pruned_before,nan,0.000000e+00,0.000000e+00,0.0000,0.0000,0
79,features.15,406,pruned_before,nan,0.000000e+00,0.000000e+00,0.0000,0.0000,0
79,features.15,407,pruned_before,nan,0.000000e+00,0.000000e+00,0.0000,0.0000,0
79,features.15,408,pruned_before,nan,0.000000e+00,0.000000e+00,0.0000,0.0000,0
79,features.15,409,active,-0.012207,6.961698e-08,4.259877e-05,0.0246,0.0002,329
79,features.15,410,pruned_before,nan,0.000000e+00,0.000000e+00,0.0000,0.0000,0
79,features.15,411,pruned_before,nan,0.000000e+00,0.000000e+00,0.0000,0.0000,0
79,features.15,412,pruned_before,nan,0.000000e+00,0.000000e+00,0.0000,0.0000,0
79,features.15,413,pruned_before,nan,0.000000e+00,0.000000e+00,0.0000,0.0000,0
79,features.15,414,pruned_before,nan,0.000000e+00,0.000000e+00,0.0000,0.0000,0
79,features.15,415,pruned_before,nan,0.000000e+00,0.000000e+00,0.0000,0.0000,0
79,features.15,416,pruned_before,nan,0.000000e+00,0.000000e+00,0.0000,0.0000,0
79,features.15,417,pruned_before,nan,0.000000e+00,0.000000e+00,0.0000,0.0000,0
79,features.15,418,pruned_before,nan,0.000000e+00,0.000000e+00,0.0000,0.0000,0
79,features.15,419,pruned_before,nan,0.000000e+00,0.000000e+00,0.0000,0.0000,0
79,features.15,420,pruned_before,nan,0.000000e+00,0.000000e+00,0.0000,0.0000,0
79,features.15,421,pruned_before,nan,0.000000e+00,0.000000e+00,0.0000,0.0000,0
79,features.15,422,pruned_before,nan,0.000000e+00,0.000000e+00,0.0000,0.0000,0
79,features.15,423,pruned_before,nan,0.000000e+00,0.000000e+00,0.0000,0.0000,0
79,features.15,424,pruned_before,nan,0.000000e+00,0.000000e+00,0.0000,0.0000,0
79,features.15,425,pruned_before,nan,0.000000e+00,0.000000e+00,0.0000,0.0000,0
79,features.15,426,pruned_before,nan,0.000000e+00,0.000000e+00,0.0000,0.0000,0
79,features.15,427,pruned_before,nan,0.000000e+00,0.000000e+00,0.0000,0.0000,0
79,features.15,428,pruned_before,nan,0.000000e+00,0.000000e+00,0.0000,0.0000,0
79,features.15,429,pruned_before,nan,0.000000e+00,0.000000e+00,0.0000,0.0000,0
79,features.15,430,pruned_before,nan,0.000000e+00,0.000000e+00,0.0000,0.0000,0
79,features.15,431,pruned_before,nan,0.000000e+00,0.000000e+00,0.0000,0.0000,0
79,features.15,432,pruned_before,nan,0.000000e+00,0.000000e+00,0.0000,0.0000,0
79,features.15,433,pruned_before,nan,0.000000e+00,0.000000e+00,0.0000,0.0000,0
79,features.15,434,pruned_before,nan,0.000000e+00,0.000000e+00,0.0000,0.0000,0
79,features.15,435,pruned_before,nan,0.000000e+00,0.000000e+00,0.0000,0.0000,0
79,features.15,436,pruned_before,nan,0.000000e+00,0.000000e+00,0.0000,0.0000,0
79,features.15,437,pruned_before,nan,0.000000e+00,0.000000e+00,0.0000,0.0000,0
79,features.15,438,pruned_before,nan,0.000000e+00,0.000000e+00,0.0000,0.0000,0
79,features.15,439,pruned_before,nan,0.000000e+00,0.000000e+00,0.0000,0.0000,0
79,features.15,440,pruned_before,nan,0.000000e+00,0.000000e+00,0.0000,0.0000,0
79,features.15,441,pruned_before,nan,0.000000e+00,0.000000e+00,0.0000,0.0000,0
79,features.15,442,pruned_before,nan,0.000000e+00,0.000000e+00,0.0000,0.0000,0
79,features.15,443,pruned_before,nan,0.000000e+00,0.000000e+00,0.0000,0.0000,0
79,features.15,444,pruned_before,nan,0.000000e+00,0.000000e+00,0.0000,0.0000,0
79,features.15,445,pruned_before,nan,0.000000e+00,0.000000e+00,0.0000,0.0000,0
79,features.15,446,pruned_before,nan,0.000000e+00,0.000000e+00,0.0000,0.0000,0
79,features.15,447,pruned_before,nan,0.000000e+00,0.000000e+00,0.0000,0.0000,0
79,features.15,448,pruned_before,nan,0.000000e+00,0.000000e+00,0.0000,0.0000,0
79,features.15,449,pruned_before,nan,0.000000e+00,0.000000e+00,0.0000,0.0000,0
79,features.15,450,pruned_before,nan,0.000000e+00,0.000000e+00,0.0000,0.0000,0
79,features.15,451,pruned_before,nan,0.000000e+00,0.000000e+00,0.0000,0.0000,0
79,features.15,452,pruned_before,nan,0.000000e+00,0.000000e+00,0.0000,0.0000,0
79,features.15,453,pruned_before,nan,0.000000e+00,0.000000e+00,0.0000,0.0000,0
79,features.15,454,pruned_before,nan,0.000000e+00,0.000000e+00,0.0000,0.0000,0
79,features.15,455,pruned_before,nan,0.000000e+00,0.000000e+00,0.0000,0.0000,0
79,features.15,456,pruned_before,nan,0.000000e+00,0.000000e+00,0.0000,0.0000,0
79,features.15,457,pruned_before,nan,0.000000e+00,0.000000e+00,0.0000,0.0000,0
79,features.15,458,pruned_before,nan,0.000000e+00,0.000000e+00,0.0000,0.0000,0
79,features.15,459,pruned_before,nan,0.000000e+00,0.000000e+00,0.0000,0.0000,0
79,features.15,460,pruned_before,nan,0.000000e+00,0.000000e+00,0.0000,0.0000,0
79,features.15,461,pruned_before,nan,0.000000e+00,0.000000e+00,0.0000,0.0000,0
79,features.15,462,pruned_before,nan,0.000000e+00,0.000000e+00,0.0000,0.0000,0
79,features.15,463,pruned_before,nan,0.000000e+00,0.000000e+00,0.0000,0.0000,0
79,features.15,464,pruned_before,nan,0.000000e+00,0.000000e+00,0.0000,0.0000,0
79,features.15,465,pruned_before,nan,0.000000e+00,0.000000e+00,0.0000,0.0000,0
79,features.15,466,pruned_before,nan,0.000000e+00,0.000000e+00,0.0000,0.0000,0
79,features.15,467,pruned_before,nan,0.000000e+00,0.000000e+00,0.0000,0.0000,0
79,features.15,468,pruned_before,nan,0.000000e+00,0.000000e+00,0.0000,0.0000,0
79,features.15,469,pruned_before,nan,0.000000e+00,0.000000e+00,0.0000,0.0000,0
79,features.15,470,pruned_before,nan,0.000000e+00,0.000000e+00,0.0000,0.0000,0
79,features.15,471,pruned_before,nan,0.000000e+00,0.000000e+00,0.0000,0.0000,0
79,features.15,472,pruned_before,nan,0.000000e+00,0.000000e+00,0.0000,0.0000,0
79,features.15,473,pruned_before,nan,0.000000e+00,0.000000e+00,0.0000,0.0000,0
79,features.15,474,pruned_before,nan,0.000000e+00,0.000000e+00,0.0000,0.0000,0
79,features.15,475,pruned_before,nan,0.000000e+00,0.000000e+00,0.0000,0.0000,0
79,features.15,476,pruned_before,nan,0.000000e+00,0.000000e+00,0.0000,0.0000,0
79,features.15,477,pruned_before,nan,0.000000e+00,0.000000e+00,0.0000,0.0000,0
79,features.15,478,pruned_before,nan,0.000000e+00,0.000000e+00,0.0000,0.0000,0
79,features.15,479,pruned_before,nan,0.000000e+00,0.000000e+00,0.0000,0.0000,0
79,features.15,480,pruned_before,nan,0.000000e+00,0.000000e+00,0.0000,0.0000,0
79,features.15,481,pruned_before,nan,0.000000e+00,0.000000e+00,0.0000,0.0000,0
79,features.15,482,pruned_before,nan,0.000000e+00,0.000000e+00,0.0000,0.0000,0
79,features.15,483,pruned_before,nan,0.000000e+00,0.000000e+00,0.0000,0.0000,0
79,features.15,484,pruned_before,nan,0.000000e+00,0.000000e+00,0.0000,0.0000,0
79,features.15,485,pruned_before,nan,0.000000e+00,0.000000e+00,0.0000,0.0000,0
79,features.15,486,pruned_before,nan,0.000000e+00,0.000000e+00,0.0000,0.0000,0
79,features.15,487,pruned_before,nan,0.000000e+00,0.000000e+00,0.0000,0.0000,0
79,features.15,488,pruned_before,nan,0.000000e+00,0.000000e+00,0.0000,0.0000,0
79,features.15,489,pruned_before,nan,0.000000e+00,0.000000e+00,0.0000,0.0000,0
79,features.15,490,pruned_before,nan,0.000000e+00,0.000000e+00,0.0000,0.0000,0
79,features.15,491,pruned_before,nan,0.000000e+00,0.000000e+00,0.0000,0.0000,0
79,features.15,492,pruned_before,nan,0.000000e+00,0.000000e+00,0.0000,0.0000,0
79,features.15,493,pruned_before,nan,0.000000e+00,0.000000e+00,0.0000,0.0000,0
79,features.15,494,pruned_before,nan,0.000000e+00,0.000000e+00,0.0000,0.0000,0
79,features.15,495,pruned_before,nan,0.000000e+00,0.000000e+00,0.0000,0.0000,0
79,features.15,496,pruned_before,nan,0.000000e+00,0.000000e+00,0.0000,0.0000,0
79,features.15,497,pruned_before,nan,0.000000e+00,0.000000e+00,0.0000,0.0000,0
79,features.15,498,pruned_before,nan,0.000000e+00,0.000000e+00,0.0000,0.0000,0
79,features.15,499,pruned_before,nan,0.000000e+00,0.000000e+00,0.0000,0.0000,0
79,features.15,500,pruned_before,nan,0.000000e+00,0.000000e+00,0.0000,0.0000,0
79,features.15,501,pruned_before,nan,0.000000e+00,0.000000e+00,0.0000,0.0000,0
79,features.15,502,pruned_before,nan,0.000000e+00,0.000000e+00,0.0000,0.0000,0
79,features.15,503,pruned_before,nan,0.000000e+00,0.000000e+00,0.0000,0.0000,0
79,features.15,504,pruned_before,nan,0.000000e+00,0.000000e+00,0.0000,0.0000,0
79,features.15,505,pruned_before,nan,0.000000e+00,0.000000e+00,0.0000,0.0000,0
79,features.15,506,pruned_before,nan,0.000000e+00,0.000000e+00,0.0000,0.0000,0
79,features.15,507,pruned_before,nan,0.000000e+00,0.000000e+00,0.0000,0.0000,0
79,features.15,508,pruned_before,nan,0.000000e+00,0.000000e+00,0.0000,0.0000,0
79,features.15,509,pruned_before,nan,0.000000e+00,0.000000e+00,0.0000,0.0000,0
79,features.15,510,pruned_before,nan,0.000000e+00,0.000000e+00,0.0000,0.0000,0
79,features.15,511,pruned_before,nan,0.000000e+00,0.000000e+00,0.0000,0.0000,0
79,features.15,512,pruned_before,nan,0.000000e+00,0.000000e+00,0.0000,0.0000,0
79,features.15,513,pruned_before,nan,0.000000e+00,0.000000e+00,0.0000,0.0000,0
79,features.15,514,pruned_before,nan,0.000000e+00,0.000000e+00,0.0000,0.0000,0
79,features.15,515,pruned_before,nan,0.000000e+00,0.000000e+00,0.0000,0.0000,0
79,features.15,516,pruned_before,nan,0.000000e+00,0.000000e+00,0.0000,0.0000,0
79,features.15,517,pruned_before,nan,0.000000e+00,0.000000e+00,0.0000,0.0000,0
79,features.15,518,pruned_before,nan,0.000000e+00,0.000000e+00,0.0000,0.0000,0
79,features.15,519,pruned_before,nan,0.000000e+00,0.000000e+00,0.0000,0.0000,0
79,features.15,520,pruned_before,nan,0.000000e+00,0.000000e+00,0.0000,0.0000,0
79,features.15,521,pruned_before,nan,0.000000e+00,0.000000e+00,0.0000,0.0000,0
79,features.15,522,pruned_before,nan,0.000000e+00,0.000000e+00,0.0000,0.0000,0
79,features.15,523,pruned_before,nan,0.000000e+00,0.000000e+00,0.0000,0.0000,0
79,features.15,524,pruned_before,nan,0.000000e+00,0.000000e+00,0.0000,0.0000,0
79,features.15,525,pruned_before,nan,0.000000e+00,0.000000e+00,0.0000,0.0000,0
79,features.15,526,pruned_before,nan,0.000000e+00,0.000000e+00,0.0000,0.0000,0
79,features.15,527,pruned_before,nan,0.000000e+00,0.000000e+00,0.0000,0.0000,0
79,features.15,528,pruned_before,nan,0.000000e+00,0.000000e+00,0.0000,0.0000,0
79,features.15,529,pruned_before,nan,0.000000e+00,0.000000e+00,0.0000,0.0000,0
79,features.15,530,pruned_before,nan,0.000000e+00,0.000000e+00,0.0000,0.0000,0
79,features.15,531,pruned_before,nan,0.000000e+00,0.000000e+00,0.0000,0.0000,0
79,features.15,532,pruned_before,nan,0.000000e+00,0.000000e+00,0.0000,0.0000,0
79,features.15,533,pruned_before,nan,0.000000e+00,0.000000e+00,0.0000,0.0000,0
79,features.15,534,pruned_before,nan,0.000000e+00,0.000000e+00,0.0000,0.0000,0
79,features.15,535,pruned_before,nan,0.000000e+00,0.000000e+00,0.0000,0.0000,0
79,features.15,536,pruned_before,nan,0.000000e+00,0.000000e+00,0.0000,0.0000,0
79,features.15,537,pruned_before,nan,0.000000e+00,0.000000e+00,0.0000,0.0000,0
79,features.15,538,pruned_before,nan,0.000000e+00,0.000000e+00,0.0000,0.0000,0
79,features.15,539,pruned_before,nan,0.000000e+00,0.000000e+00,0.0000,0.0000,0
79,features.15,540,pruned_before,nan,0.000000e+00,0.000000e+00,0.0000,0.0000,0
79,features.15,541,pruned_before,nan,0.000000e+00,0.000000e+00,0.0000,0.0000,0
79,features.15,542,pruned_before,nan,0.000000e+00,0.000000e+00,0.0000,0.0000,0
79,features.15,543,pruned_before,nan,0.000000e+00,0.000000e+00,0.0000,0.0000,0
79,features.15,544,pruned_before,nan,0.000000e+00,0.000000e+00,0.0000,0.0000,0
79,features.15,545,pruned_before,nan,0.000000e+00,0.000000e+00,0.0000,0.0000,0
79,features.15,546,active,-0.003469,1.969120e-08,5.841081e-06,0.0070,0.0000,329
79,features.15,547,pruned_before,nan,0.000000e+00,0.000000e+00,0.0000,0.0000,0
79,features.15,548,pruned_before,nan,0.000000e+00,0.000000e+00,0.0000,0.0000,0
79,features.15,549,pruned_before,nan,0.000000e+00,0.000000e+00,0.0000,0.0000,0
79,features.15,550,pruned_before,nan,0.000000e+00,0.000000e+00,0.0000,0.0000,0
79,features.15,551,pruned_before,nan,0.000000e+00,0.000000e+00,0.0000,0.0000,0
79,features.15,552,pruned_before,nan,0.000000e+00,0.000000e+00,0.0000,0.0000,0
79,features.15,553,pruned_before,nan,0.000000e+00,0.000000e+00,0.0000,0.0000,0
79,features.15,554,pruned_before,nan,0.000000e+00,0.000000e+00,0.0000,0.0000,0
79,features.15,555,pruned_before,nan,0.000000e+00,0.000000e+00,0.0000,0.0000,0
79,features.15,556,pruned_before,nan,0.000000e+00,0.000000e+00,0.0000,0.0000,0
79,features.15,557,pruned_before,nan,0.000000e+00,0.000000e+00,0.0000,0.0000,0
79,features.15,558,pruned_before,nan,0.000000e+00,0.000000e+00,0.0000,0.0000,0
79,features.15,559,pruned_before,nan,0.000000e+00,0.000000e+00,0.0000,0.0000,0
79,features.15,560,pruned_before,nan,0.000000e+00,0.000000e+00,0.0000,0.0000,0
79,features.15,561,pruned_before,nan,0.000000e+00,0.000000e+00,0.0000,0.0000,0
79,features.15,562,pruned_before,nan,0.000000e+00,0.000000e+00,0.0000,0.0000,0
79,features.15,563,pruned_before,nan,0.000000e+00,0.000000e+00,0.0000,0.0000,0
79,features.15,564,pruned_before,nan,0.000000e+00,0.000000e+00,0.0000,0.0000,0
79,features.15,565,pruned_before,nan,0.000000e+00,0.000000e+00,0.0000,0.0000,0
79,features.15,566,pruned_before,nan,0.000000e+00,0.000000e+00,0.0000,0.0000,0
79,features.15,567,pruned_before,nan,0.000000e+00,0.000000e+00,0.0000,0.0000,0
79,features.15,568,pruned_before,nan,0.000000e+00,0.000000e+00,0.0000,0.0000,0
79,features.15,569,pruned_before,nan,0.000000e+00,0.000000e+00,0.0000,0.0000,0
79,features.15,570,pruned_before,nan,0.000000e+00,0.000000e+00,0.0000,0.0000,0
79,features.15,571,pruned_before,nan,0.000000e+00,0.000000e+00,0.0000,0.0000,0
79,features.15,572,pruned_before,nan,0.000000e+00,0.000000e+00,0.0000,0.0000,0
79,features.15,573,pruned_before,nan,0.000000e+00,0.000000e+00,0.0000,0.0000,0
79,features.15,574,pruned_before,nan,0.000000e+00,0.000000e+00,0.0000,0.0000,0
79,features.15,575,pruned_before,nan,0.000000e+00,0.000000e+00,0.0000,0.0000,0
79,features.15,576,pruned_before,nan,0.000000e+00,0.000000e+00,0.0000,0.0000,0
79,features.15,577,pruned_before,nan,0.000000e+00,0.000000e+00,0.0000,0.0000,0
79,features.15,578,pruned_before,nan,0.000000e+00,0.000000e+00,0.0000,0.0000,0
79,features.15,579,pruned_before,nan,0.000000e+00,0.000000e+00,0.0000,0.0000,0
79,features.15,580,active,-0.041081,2.323946e-07,1.815756e-05,0.0823,0.0001,329
79,features.15,581,pruned_before,nan,0.000000e+00,0.000000e+00,0.0000,0.0000,0
79,features.15,582,pruned_before,nan,0.000000e+00,0.000000e+00,0.0000,0.0000,0
79,features.15,583,pruned_before,nan,0.000000e+00,0.000000e+00,0.0000,0.0000,0
79,features.15,584,pruned_before,nan,0.000000e+00,0.000000e+00,0.0000,0.0000,0
79,features.15,585,pruned_before,nan,0.000000e+00,0.000000e+00,0.0000,0.0000,0
79,features.15,586,pruned_before,nan,0.000000e+00,0.000000e+00,0.0000,0.0000,0
79,features.15,587,pruned_before,nan,0.000000e+00,0.000000e+00,0.0000,0.0000,0
79,features.15,588,pruned_before,nan,0.000000e+00,0.000000e+00,0.0000,0.0000,0
79,features.15,589,pruned_before,nan,0.000000e+00,0.000000e+00,0.0000,0.0000,0
79,features.15,590,pruned_before,nan,0.000000e+00,0.000000e+00,0.0000,0.0000,0
79,features.15,591,pruned_before,nan,0.000000e+00,0.000000e+00,0.0000,0.0000,0
79,features.15,592,pruned_before,nan,0.000000e+00,0.000000e+00,0.0000,0.0000,0
79,features.15,593,pruned_before,nan,0.000000e+00,0.000000e+00,0.0000,0.0000,0
79,features.15,594,pruned_before,nan,0.000000e+00,0.000000e+00,0.0000,0.0000,0
79,features.15,595,pruned_before,nan,0.000000e+00,0.000000e+00,0.0000,0.0000,0
79,features.15,596,pruned_before,nan,0.000000e+00,0.000000e+00,0.0000,0.0000,0
79,features.15,597,pruned_before,nan,0.000000e+00,0.000000e+00,0.0000,0.0000,0
79,features.15,598,pruned_before,nan,0.000000e+00,0.000000e+00,0.0000,0.0000,0
79,features.15,599,pruned_before,nan,0.000000e+00,0.000000e+00,0.0000,0.0000,0
79,features.15,600,pruned_before,nan,0.000000e+00,0.000000e+00,0.0000,0.0000,0
79,features.15,601,pruned_before,nan,0.000000e+00,0.000000e+00,0.0000,0.0000,0
79,features.15,602,pruned_before,nan,0.000000e+00,0.000000e+00,0.0000,0.0000,0
79,features.15,603,pruned_before,nan,0.000000e+00,0.000000e+00,0.0000,0.0000,0
79,features.15,604,pruned_before,nan,0.000000e+00,0.000000e+00,0.0000,0.0000,0
79,features.15,605,pruned_before,nan,0.000000e+00,0.000000e+00,0.0000,0.0000,0
79,features.15,606,pruned_before,nan,0.000000e+00,0.000000e+00,0.0000,0.0000,0
79,features.15,607,pruned_before,nan,0.000000e+00,0.000000e+00,0.0000,0.0000,0
79,features.15,608,pruned_before,nan,0.000000e+00,0.000000e+00,0.0000,0.0000,0
79,features.15,609,pruned_before,nan,0.000000e+00,0.000000e+00,0.0000,0.0000,0
79,features.15,610,pruned_before,nan,0.000000e+00,0.000000e+00,0.0000,0.0000,0
79,features.15,611,pruned_before,nan,0.000000e+00,0.000000e+00,0.0000,0.0000,0
79,features.15,612,pruned_before,nan,0.000000e+00,0.000000e+00,0.0000,0.0000,0
79,features.15,613,active,-0.002042,1.157466e-08,2.601948e-06,0.0041,0.0000,329
79,features.15,614,pruned_before,nan,0.000000e+00,0.000000e+00,0.0000,0.0000,0
79,features.15,615,pruned_before,nan,0.000000e+00,0.000000e+00,0.0000,0.0000,0
79,features.15,616,active,-0.006759,3.840367e-08,1.410222e-05,0.0136,0.0001,329
79,features.15,617,pruned_before,nan,0.000000e+00,0.000000e+00,0.0000,0.0000,0
79,features.15,618,pruned_before,nan,0.000000e+00,0.000000e+00,0.0000,0.0000,0
79,features.15,619,pruned_before,nan,0.000000e+00,0.000000e+00,0.0000,0.0000,0
79,features.15,620,pruned_before,nan,0.000000e+00,0.000000e+00,0.0000,0.0000,0
79,features.15,621,pruned_before,nan,0.000000e+00,0.000000e+00,0.0000,0.0000,0
79,features.15,622,pruned_before,nan,0.000000e+00,0.000000e+00,0.0000,0.0000,0
79,features.15,623,pruned_before,nan,0.000000e+00,0.000000e+00,0.0000,0.0000,0
79,features.15,624,pruned_before,nan,0.000000e+00,0.000000e+00,0.0000,0.0000,0
79,features.15,625,pruned_before,nan,0.000000e+00,0.000000e+00,0.0000,0.0000,0
79,features.15,626,pruned_before,nan,0.000000e+00,0.000000e+00,0.0000,0.0000,0
79,features.15,627,pruned_before,nan,0.000000e+00,0.000000e+00,0.0000,0.0000,0
79,features.15,628,pruned_before,nan,0.000000e+00,0.000000e+00,0.0000,0.0000,0
79,features.15,629,pruned_before,nan,0.000000e+00,0.000000e+00,0.0000,0.0000,0
79,features.15,630,pruned_before,nan,0.000000e+00,0.000000e+00,0.0000,0.0000,0
79,features.15,631,active,-0.059346,3.355444e-07,1.476949e-05,0.1188,0.0001,329
79,features.15,632,pruned_before,nan,0.000000e+00,0.000000e+00,0.0000,0.0000,0
79,features.15,633,pruned_before,nan,0.000000e+00,0.000000e+00,0.0000,0.0000,0
79,features.15,634,pruned_before,nan,0.000000e+00,0.000000e+00,0.0000,0.0000,0
79,features.15,635,pruned_before,nan,0.000000e+00,0.000000e+00,0.0000,0.0000,0
79,features.15,636,pruned_before,nan,0.000000e+00,0.000000e+00,0.0000,0.0000,0
79,features.15,637,pruned_before,nan,0.000000e+00,0.000000e+00,0.0000,0.0000,0
79,features.15,638,pruned_before,nan,0.000000e+00,0.000000e+00,0.0000,0.0000,0
79,features.15,639,pruned_before,nan,0.000000e+00,0.000000e+00,0.0000,0.0000,0
79,features.15,640,pruned_before,nan,0.000000e+00,0.000000e+00,0.0000,0.0000,0
79,features.15,641,pruned_before,nan,0.000000e+00,0.000000e+00,0.0000,0.0000,0
79,features.15,642,pruned_before,nan,0.000000e+00,0.000000e+00,0.0000,0.0000,0
79,features.15,643,pruned_before,nan,0.000000e+00,0.000000e+00,0.0000,0.0000,0
79,features.15,644,pruned_before,nan,0.000000e+00,0.000000e+00,0.0000,0.0000,0
79,features.15,645,pruned_before,nan,0.000000e+00,0.000000e+00,0.0000,0.0000,0
79,features.15,646,pruned_before,nan,0.000000e+00,0.000000e+00,0.0000,0.0000,0
79,features.15,647,pruned_before,nan,0.000000e+00,0.000000e+00,0.0000,0.0000,0
79,features.15,648,pruned_before,nan,0.000000e+00,0.000000e+00,0.0000,0.0000,0
79,features.15,649,pruned_before,nan,0.000000e+00,0.000000e+00,0.0000,0.0000,0
79,features.15,650,pruned_before,nan,0.000000e+00,0.000000e+00,0.0000,0.0000,0
79,features.15,651,pruned_before,nan,0.000000e+00,0.000000e+00,0.0000,0.0000,0
79,features.15,652,pruned_before,nan,0.000000e+00,0.000000e+00,0.0000,0.0000,0
79,features.15,653,pruned_before,nan,0.000000e+00,0.000000e+00,0.0000,0.0000,0
79,features.15,654,pruned_before,nan,0.000000e+00,0.000000e+00,0.0000,0.0000,0
79,features.15,655,pruned_before,nan,0.000000e+00,0.000000e+00,0.0000,0.0000,0
79,features.15,656,pruned_before,nan,0.000000e+00,0.000000e+00,0.0000,0.0000,0
79,features.15,657,pruned_before,nan,0.000000e+00,0.000000e+00,0.0000,0.0000,0
79,features.15,658,pruned_before,nan,0.000000e+00,0.000000e+00,0.0000,0.0000,0
79,features.15,659,pruned_before,nan,0.000000e+00,0.000000e+00,0.0000,0.0000,0
79,features.15,660,pruned_before,nan,0.000000e+00,0.000000e+00,0.0000,0.0000,0
79,features.15,661,pruned_before,nan,0.000000e+00,0.000000e+00,0.0000,0.0000,0
79,features.15,662,pruned_before,nan,0.000000e+00,0.000000e+00,0.0000,0.0000,0
79,features.15,663,pruned_before,nan,0.000000e+00,0.000000e+00,0.0000,0.0000,0
79,features.15,664,pruned_before,nan,0.000000e+00,0.000000e+00,0.0000,0.0000,0
79,features.15,665,pruned_before,nan,0.000000e+00,0.000000e+00,0.0000,0.0000,0
79,features.15,666,pruned_before,nan,0.000000e+00,0.000000e+00,0.0000,0.0000,0
79,features.15,667,pruned_before,nan,0.000000e+00,0.000000e+00,0.0000,0.0000,0
79,features.15,668,pruned_before,nan,0.000000e+00,0.000000e+00,0.0000,0.0000,0
79,features.15,669,pruned_before,nan,0.000000e+00,0.000000e+00,0.0000,0.0000,0
79,features.15,670,pruned_before,nan,0.000000e+00,0.000000e+00,0.0000,0.0000,0
79,features.15,671,pruned_before,nan,0.000000e+00,0.000000e+00,0.0000,0.0000,0
79,features.15,672,pruned_before,nan,0.000000e+00,0.000000e+00,0.0000,0.0000,0
79,features.15,673,pruned_before,nan,0.000000e+00,0.000000e+00,0.0000,0.0000,0
79,features.15,674,pruned_before,nan,0.000000e+00,0.000000e+00,0.0000,0.0000,0
79,features.15,675,pruned_before,nan,0.000000e+00,0.000000e+00,0.0000,0.0000,0
79,features.15,676,pruned_before,nan,0.000000e+00,0.000000e+00,0.0000,0.0000,0
79,features.15,677,pruned_before,nan,0.000000e+00,0.000000e+00,0.0000,0.0000,0
79,features.15,678,pruned_before,nan,0.000000e+00,0.000000e+00,0.0000,0.0000,0
79,features.15,679,pruned_before,nan,0.000000e+00,0.000000e+00,0.0000,0.0000,0
79,features.15,680,pruned_before,nan,0.000000e+00,0.000000e+00,0.0000,0.0000,0
79,features.15,681,pruned_before,nan,0.000000e+00,0.000000e+00,0.0000,0.0000,0
79,features.15,682,pruned_before,nan,0.000000e+00,0.000000e+00,0.0000,0.0000,0
79,features.15,683,pruned_before,nan,0.000000e+00,0.000000e+00,0.0000,0.0000,0
79,features.15,684,pruned_before,nan,0.000000e+00,0.000000e+00,0.0000,0.0000,0
79,features.15,685,pruned_before,nan,0.000000e+00,0.000000e+00,0.0000,0.0000,0
79,features.15,686,pruned_before,nan,0.000000e+00,0.000000e+00,0.0000,0.0000,0
79,features.15,687,pruned_before,nan,0.000000e+00,0.000000e+00,0.0000,0.0000,0
79,features.15,688,pruned_before,nan,0.000000e+00,0.000000e+00,0.0000,0.0000,0
79,features.15,689,pruned_before,nan,0.000000e+00,0.000000e+00,0.0000,0.0000,0
79,features.15,690,pruned_before,nan,0.000000e+00,0.000000e+00,0.0000,0.0000,0
79,features.15,691,active,-0.003598,2.034403e-08,9.590719e-07,0.0072,0.0000,329
79,features.15,692,pruned_before,nan,0.000000e+00,0.000000e+00,0.0000,0.0000,0
79,features.15,693,pruned_before,nan,0.000000e+00,0.000000e+00,0.0000,0.0000,0
79,features.15,694,pruned_before,nan,0.000000e+00,0.000000e+00,0.0000,0.0000,0
79,features.15,695,active,-0.006829,3.867675e-08,6.102550e-06,0.0137,0.0000,329
79,features.15,696,pruned_before,nan,0.000000e+00,0.000000e+00,0.0000,0.0000,0
79,features.15,697,pruned_before,nan,0.000000e+00,0.000000e+00,0.0000,0.0000,0
79,features.15,698,pruned_before,nan,0.000000e+00,0.000000e+00,0.0000,0.0000,0
79,features.15,699,pruned_before,nan,0.000000e+00,0.000000e+00,0.0000,0.0000,0
79,features.15,700,pruned_before,nan,0.000000e+00,0.000000e+00,0.0000,0.0000,0
79,features.15,701,pruned_before,nan,0.000000e+00,0.000000e+00,0.0000,0.0000,0
79,features.15,702,pruned_before,nan,0.000000e+00,0.000000e+00,0.0000,0.0000,0
79,features.15,703,pruned_before,nan,0.000000e+00,0.000000e+00,0.0000,0.0000,0
79,features.15,704,active,-0.008137,4.643818e-08,3.052575e-05,0.0164,0.0002,329
79,features.15,705,pruned_before,nan,0.000000e+00,0.000000e+00,0.0000,0.0000,0
79,features.15,706,pruned_before,nan,0.000000e+00,0.000000e+00,0.0000,0.0000,0
79,features.15,707,pruned_before,nan,0.000000e+00,0.000000e+00,0.0000,0.0000,0
79,features.15,708,pruned_before,nan,0.000000e+00,0.000000e+00,0.0000,0.0000,0
79,features.15,709,pruned_before,nan,0.000000e+00,0.000000e+00,0.0000,0.0000,0
79,features.15,710,pruned_before,nan,0.000000e+00,0.000000e+00,0.0000,0.0000,0
79,features.15,711,pruned_before,nan,0.000000e+00,0.000000e+00,0.0000,0.0000,0
79,features.15,712,pruned_before,nan,0.000000e+00,0.000000e+00,0.0000,0.0000,0
79,features.15,713,pruned_before,nan,0.000000e+00,0.000000e+00,0.0000,0.0000,0
79,features.15,714,pruned_before,nan,0.000000e+00,0.000000e+00,0.0000,0.0000,0
79,features.15,715,pruned_before,nan,0.000000e+00,0.000000e+00,0.0000,0.0000,0
79,features.15,716,pruned_before,nan,0.000000e+00,0.000000e+00,0.0000,0.0000,0
79,features.15,717,pruned_before,nan,0.000000e+00,0.000000e+00,0.0000,0.0000,0
79,features.15,718,pruned_before,nan,0.000000e+00,0.000000e+00,0.0000,0.0000,0
79,features.15,719,pruned_before,nan,0.000000e+00,0.000000e+00,0.0000,0.0000,0
79,features.15,720,pruned_before,nan,0.000000e+00,0.000000e+00,0.0000,0.0000,0
79,features.15,721,pruned_before,nan,0.000000e+00,0.000000e+00,0.0000,0.0000,0
79,features.15,722,pruned_before,nan,0.000000e+00,0.000000e+00,0.0000,0.0000,0
79,features.15,723,pruned_before,nan,0.000000e+00,0.000000e+00,0.0000,0.0000,0
79,features.15,724,pruned_before,nan,0.000000e+00,0.000000e+00,0.0000,0.0000,0
79,features.15,725,pruned_before,nan,0.000000e+00,0.000000e+00,0.0000,0.0000,0
79,features.15,726,pruned_before,nan,0.000000e+00,0.000000e+00,0.0000,0.0000,0
79,features.15,727,pruned_before,nan,0.000000e+00,0.000000e+00,0.0000,0.0000,0
79,features.15,728,pruned_before,nan,0.000000e+00,0.000000e+00,0.0000,0.0000,0
79,features.15,729,pruned_before,nan,0.000000e+00,0.000000e+00,0.0000,0.0000,0
79,features.15,730,pruned_before,nan,0.000000e+00,0.000000e+00,0.0000,0.0000,0
79,features.15,731,pruned_before,nan,0.000000e+00,0.000000e+00,0.0000,0.0000,0
79,features.15,732,pruned_before,nan,0.000000e+00,0.000000e+00,0.0000,0.0000,0
79,features.15,733,pruned_before,nan,0.000000e+00,0.000000e+00,0.0000,0.0000,0
79,features.15,734,pruned_before,nan,0.000000e+00,0.000000e+00,0.0000,0.0000,0
79,features.15,735,pruned_before,nan,0.000000e+00,0.000000e+00,0.0000,0.0000,0
79,features.15,736,pruned_before,nan,0.000000e+00,0.000000e+00,0.0000,0.0000,0
79,features.15,737,pruned_before,nan,0.000000e+00,0.000000e+00,0.0000,0.0000,0
79,features.15,738,pruned_before,nan,0.000000e+00,0.000000e+00,0.0000,0.0000,0
79,features.15,739,pruned_before,nan,0.000000e+00,0.000000e+00,0.0000,0.0000,0
79,features.15,740,pruned_before,nan,0.000000e+00,0.000000e+00,0.0000,0.0000,0
79,features.15,741,pruned_before,nan,0.000000e+00,0.000000e+00,0.0000,0.0000,0
79,features.15,742,pruned_before,nan,0.000000e+00,0.000000e+00,0.0000,0.0000,0
79,features.15,743,pruned_before,nan,0.000000e+00,0.000000e+00,0.0000,0.0000,0
79,features.15,744,pruned_before,nan,0.000000e+00,0.000000e+00,0.0000,0.0000,0
79,features.15,745,pruned_before,nan,0.000000e+00,0.000000e+00,0.0000,0.0000,0
79,features.15,746,pruned_before,nan,0.000000e+00,0.000000e+00,0.0000,0.0000,0
79,features.15,747,pruned_before,nan,0.000000e+00,0.000000e+00,0.0000,0.0000,0
79,features.15,748,pruned_before,nan,0.000000e+00,0.000000e+00,0.0000,0.0000,0
79,features.15,749,pruned_before,nan,0.000000e+00,0.000000e+00,0.0000,0.0000,0
79,features.15,750,pruned_before,nan,0.000000e+00,0.000000e+00,0.0000,0.0000,0
79,features.15,751,pruned_before,nan,0.000000e+00,0.000000e+00,0.0000,0.0000,0
79,features.15,752,pruned_before,nan,0.000000e+00,0.000000e+00,0.0000,0.0000,0
79,features.15,753,pruned_before,nan,0.000000e+00,0.000000e+00,0.0000,0.0000,0
79,features.15,754,pruned_before,nan,0.000000e+00,0.000000e+00,0.0000,0.0000,0
79,features.15,755,pruned_before,nan,0.000000e+00,0.000000e+00,0.0000,0.0000,0
79,features.15,756,active,-0.001252,7.106260e-09,2.055978e-06,0.0025,0.0000,329
79,features.15,757,pruned_before,nan,0.000000e+00,0.000000e+00,0.0000,0.0000,0
79,features.15,758,pruned_before,nan,0.000000e+00,0.000000e+00,0.0000,0.0000,0
79,features.15,759,pruned_before,nan,0.000000e+00,0.000000e+00,0.0000,0.0000,0
79,features.15,760,pruned_before,nan,0.000000e+00,0.000000e+00,0.0000,0.0000,0
79,features.15,761,pruned_before,nan,0.000000e+00,0.000000e+00,0.0000,0.0000,0
79,features.15,762,pruned_before,nan,0.000000e+00,0.000000e+00,0.0000,0.0000,0
79,features.15,763,pruned_before,nan,0.000000e+00,0.000000e+00,0.0000,0.0000,0
79,features.15,764,pruned_before,nan,0.000000e+00,0.000000e+00,0.0000,0.0000,0
79,features.15,765,pruned_before,nan,0.000000e+00,0.000000e+00,0.0000,0.0000,0
79,features.15,766,pruned_before,nan,0.000000e+00,0.000000e+00,0.0000,0.0000,0
79,features.15,767,pruned_before,nan,0.000000e+00,0.000000e+00,0.0000,0.0000,0
79,features.15,768,pruned_before,nan,0.000000e+00,0.000000e+00,0.0000,0.0000,0
79,features.15,769,pruned_before,nan,0.000000e+00,0.000000e+00,0.0000,0.0000,0
79,features.15,770,pruned_before,nan,0.000000e+00,0.000000e+00,0.0000,0.0000,0
79,features.15,771,protected,0.000000,2.825106e-06,1.858457e-01,1.0000,1.0000,329
79,features.15,772,pruned_before,nan,0.000000e+00,0.000000e+00,0.0000,0.0000,0
79,features.15,773,pruned_before,nan,0.000000e+00,0.000000e+00,0.0000,0.0000,0
79,features.15,774,pruned_before,nan,0.000000e+00,0.000000e+00,0.0000,0.0000,0
79,features.15,775,pruned_before,nan,0.000000e+00,0.000000e+00,0.0000,0.0000,0
79,features.15,776,pruned_before,nan,0.000000e+00,0.000000e+00,0.0000,0.0000,0
79,features.15,777,pruned_before,nan,0.000000e+00,0.000000e+00,0.0000,0.0000,0
79,features.15,778,pruned_before,nan,0.000000e+00,0.000000e+00,0.0000,0.0000,0
79,features.15,779,pruned_before,nan,0.000000e+00,0.000000e+00,0.0000,0.0000,0
79,features.15,780,pruned_before,nan,0.000000e+00,0.000000e+00,0.0000,0.0000,0
79,features.15,781,pruned_before,nan,0.000000e+00,0.000000e+00,0.0000,0.0000,0
79,features.15,782,pruned_before,nan,0.000000e+00,0.000000e+00,0.0000,0.0000,0
79,features.15,783,pruned_before,nan,0.000000e+00,0.000000e+00,0.0000,0.0000,0
79,features.15,784,pruned_before,nan,0.000000e+00,0.000000e+00,0.0000,0.0000,0
79,features.15,785,pruned_before,nan,0.000000e+00,0.000000e+00,0.0000,0.0000,0
79,features.15,786,pruned_before,nan,0.000000e+00,0.000000e+00,0.0000,0.0000,0
79,features.15,787,pruned_before,nan,0.000000e+00,0.000000e+00,0.0000,0.0000,0
79,features.15,788,pruned_before,nan,0.000000e+00,0.000000e+00,0.0000,0.0000,0
79,features.15,789,pruned_before,nan,0.000000e+00,0.000000e+00,0.0000,0.0000,0
79,features.15,790,pruned_before,nan,0.000000e+00,0.000000e+00,0.0000,0.0000,0
79,features.15,791,pruned_before,nan,0.000000e+00,0.000000e+00,0.0000,0.0000,0
79,features.15,792,pruned_before,nan,0.000000e+00,0.000000e+00,0.0000,0.0000,0
79,features.15,793,pruned_before,nan,0.000000e+00,0.000000e+00,0.0000,0.0000,0
79,features.15,794,pruned_before,nan,0.000000e+00,0.000000e+00,0.0000,0.0000,0
79,features.15,795,pruned_before,nan,0.000000e+00,0.000000e+00,0.0000,0.0000,0
79,features.15,796,pruned_before,nan,0.000000e+00,0.000000e+00,0.0000,0.0000,0
79,features.15,797,pruned_before,nan,0.000000e+00,0.000000e+00,0.0000,0.0000,0
79,features.15,798,pruned_before,nan,0.000000e+00,0.000000e+00,0.0000,0.0000,0
79,features.15,799,pruned_before,nan,0.000000e+00,0.000000e+00,0.0000,0.0000,0
79,features.15,800,pruned_before,nan,0.000000e+00,0.000000e+00,0.0000,0.0000,0
79,features.15,801,pruned_before,nan,0.000000e+00,0.000000e+00,0.0000,0.0000,0
79,features.15,802,pruned_before,nan,0.000000e+00,0.000000e+00,0.0000,0.0000,0
79,features.15,803,pruned_before,nan,0.000000e+00,0.000000e+00,0.0000,0.0000,0
79,features.15,804,pruned_before,nan,0.000000e+00,0.000000e+00,0.0000,0.0000,0
79,features.15,805,pruned_before,nan,0.000000e+00,0.000000e+00,0.0000,0.0000,0
79,features.15,806,pruned_before,nan,0.000000e+00,0.000000e+00,0.0000,0.0000,0
79,features.15,807,pruned_before,nan,0.000000e+00,0.000000e+00,0.0000,0.0000,0
79,features.15,808,pruned_before,nan,0.000000e+00,0.000000e+00,0.0000,0.0000,0
79,features.15,809,pruned_before,nan,0.000000e+00,0.000000e+00,0.0000,0.0000,0
79,features.15,810,pruned_before,nan,0.000000e+00,0.000000e+00,0.0000,0.0000,0
79,features.15,811,pruned_before,nan,0.000000e+00,0.000000e+00,0.0000,0.0000,0
79,features.15,812,pruned_before,nan,0.000000e+00,0.000000e+00,0.0000,0.0000,0
79,features.15,813,pruned_before,nan,0.000000e+00,0.000000e+00,0.0000,0.0000,0
79,features.15,814,pruned_before,nan,0.000000e+00,0.000000e+00,0.0000,0.0000,0
79,features.15,815,pruned_before,nan,0.000000e+00,0.000000e+00,0.0000,0.0000,0
79,features.15,816,pruned_before,nan,0.000000e+00,0.000000e+00,0.0000,0.0000,0
79,features.15,817,pruned_before,nan,0.000000e+00,0.000000e+00,0.0000,0.0000,0
79,features.15,818,pruned_before,nan,0.000000e+00,0.000000e+00,0.0000,0.0000,0
79,features.15,819,pruned_before,nan,0.000000e+00,0.000000e+00,0.0000,0.0000,0
79,features.15,820,pruned_before,nan,0.000000e+00,0.000000e+00,0.0000,0.0000,0
79,features.15,821,pruned_before,nan,0.000000e+00,0.000000e+00,0.0000,0.0000,0
79,features.15,822,pruned_before,nan,0.000000e+00,0.000000e+00,0.0000,0.0000,0
79,features.15,823,pruned_before,nan,0.000000e+00,0.000000e+00,0.0000,0.0000,0
79,features.15,824,pruned_before,nan,0.000000e+00,0.000000e+00,0.0000,0.0000,0
79,features.15,825,pruned_before,nan,0.000000e+00,0.000000e+00,0.0000,0.0000,0
79,features.15,826,pruned_before,nan,0.000000e+00,0.000000e+00,0.0000,0.0000,0
79,features.15,827,pruned_before,nan,0.000000e+00,0.000000e+00,0.0000,0.0000,0
79,features.15,828,pruned_before,nan,0.000000e+00,0.000000e+00,0.0000,0.0000,0
79,features.15,829,pruned_before,nan,0.000000e+00,0.000000e+00,0.0000,0.0000,0
79,features.15,830,pruned_before,nan,0.000000e+00,0.000000e+00,0.0000,0.0000,0
79,features.15,831,pruned_before,nan,0.000000e+00,0.000000e+00,0.0000,0.0000,0
79,features.15,832,pruned_before,nan,0.000000e+00,0.000000e+00,0.0000,0.0000,0
79,features.15,833,pruned_before,nan,0.000000e+00,0.000000e+00,0.0000,0.0000,0
79,features.15,834,pruned_before,nan,0.000000e+00,0.000000e+00,0.0000,0.0000,0
79,features.15,835,pruned_before,nan,0.000000e+00,0.000000e+00,0.0000,0.0000,0
79,features.15,836,pruned_before,nan,0.000000e+00,0.000000e+00,0.0000,0.0000,0
79,features.15,837,pruned_before,nan,0.000000e+00,0.000000e+00,0.0000,0.0000,0
79,features.15,838,pruned_before,nan,0.000000e+00,0.000000e+00,0.0000,0.0000,0
79,features.15,839,pruned_before,nan,0.000000e+00,0.000000e+00,0.0000,0.0000,0
79,features.15,840,pruned_before,nan,0.000000e+00,0.000000e+00,0.0000,0.0000,0
79,features.15,841,pruned_before,nan,0.000000e+00,0.000000e+00,0.0000,0.0000,0
79,features.15,842,pruned_before,nan,0.000000e+00,0.000000e+00,0.0000,0.0000,0
79,features.15,843,pruned_before,nan,0.000000e+00,0.000000e+00,0.0000,0.0000,0
79,features.15,844,pruned_before,nan,0.000000e+00,0.000000e+00,0.0000,0.0000,0
79,features.15,845,pruned_before,nan,0.000000e+00,0.000000e+00,0.0000,0.0000,0
79,features.15,846,pruned_before,nan,0.000000e+00,0.000000e+00,0.0000,0.0000,0
79,features.15,847,pruned_before,nan,0.000000e+00,0.000000e+00,0.0000,0.0000,0
79,features.15,848,pruned_before,nan,0.000000e+00,0.000000e+00,0.0000,0.0000,0
79,features.15,849,pruned_before,nan,0.000000e+00,0.000000e+00,0.0000,0.0000,0
79,features.15,850,pruned_before,nan,0.000000e+00,0.000000e+00,0.0000,0.0000,0
79,features.15,851,pruned_before,nan,0.000000e+00,0.000000e+00,0.0000,0.0000,0
79,features.15,852,pruned_before,nan,0.000000e+00,0.000000e+00,0.0000,0.0000,0
79,features.15,853,pruned_before,nan,0.000000e+00,0.000000e+00,0.0000,0.0000,0
79,features.15,854,pruned_before,nan,0.000000e+00,0.000000e+00,0.0000,0.0000,0
79,features.15,855,pruned_before,nan,0.000000e+00,0.000000e+00,0.0000,0.0000,0
79,features.15,856,pruned_before,nan,0.000000e+00,0.000000e+00,0.0000,0.0000,0
79,features.15,857,pruned_before,nan,0.000000e+00,0.000000e+00,0.0000,0.0000,0
79,features.15,858,pruned_before,nan,0.000000e+00,0.000000e+00,0.0000,0.0000,0
79,features.15,859,pruned_before,nan,0.000000e+00,0.000000e+00,0.0000,0.0000,0
79,features.15,860,pruned_before,nan,0.000000e+00,0.000000e+00,0.0000,0.0000,0
79,features.15,861,pruned_before,nan,0.000000e+00,0.000000e+00,0.0000,0.0000,0
79,features.15,862,pruned_before,nan,0.000000e+00,0.000000e+00,0.0000,0.0000,0
79,features.15,863,pruned_before,nan,0.000000e+00,0.000000e+00,0.0000,0.0000,0
79,features.15,864,active,-0.008124,4.596268e-08,3.985560e-06,0.0163,0.0000,329
79,features.15,865,pruned_before,nan,0.000000e+00,0.000000e+00,0.0000,0.0000,0
79,features.15,866,pruned_before,nan,0.000000e+00,0.000000e+00,0.0000,0.0000,0
79,features.15,867,pruned_before,nan,0.000000e+00,0.000000e+00,0.0000,0.0000,0
79,features.15,868,pruned_before,nan,0.000000e+00,0.000000e+00,0.0000,0.0000,0
79,features.15,869,pruned_before,nan,0.000000e+00,0.000000e+00,0.0000,0.0000,0
79,features.15,870,pruned_before,nan,0.000000e+00,0.000000e+00,0.0000,0.0000,0
79,features.15,871,pruned_before,nan,0.000000e+00,0.000000e+00,0.0000,0.0000,0
79,features.15,872,pruned_before,nan,0.000000e+00,0.000000e+00,0.0000,0.0000,0
79,features.15,873,pruned_before,nan,0.000000e+00,0.000000e+00,0.0000,0.0000,0
79,features.15,874,pruned_before,nan,0.000000e+00,0.000000e+00,0.0000,0.0000,0
79,features.15,875,pruned_before,nan,0.000000e+00,0.000000e+00,0.0000,0.0000,0
79,features.15,876,pruned_before,nan,0.000000e+00,0.000000e+00,0.0000,0.0000,0
79,features.15,877,pruned_before,nan,0.000000e+00,0.000000e+00,0.0000,0.0000,0
79,features.15,878,pruned_before,nan,0.000000e+00,0.000000e+00,0.0000,0.0000,0
79,features.15,879,pruned_before,nan,0.000000e+00,0.000000e+00,0.0000,0.0000,0
79,features.15,880,pruned_before,nan,0.000000e+00,0.000000e+00,0.0000,0.0000,0
79,features.15,881,pruned_before,nan,0.000000e+00,0.000000e+00,0.0000,0.0000,0
79,features.15,882,pruned_before,nan,0.000000e+00,0.000000e+00,0.0000,0.0000,0
79,features.15,883,pruned_before,nan,0.000000e+00,0.000000e+00,0.0000,0.0000,0
79,features.15,884,pruned_before,nan,0.000000e+00,0.000000e+00,0.0000,0.0000,0
79,features.15,885,pruned_before,nan,0.000000e+00,0.000000e+00,0.0000,0.0000,0
79,features.15,886,pruned_before,nan,0.000000e+00,0.000000e+00,0.0000,0.0000,0
79,features.15,887,pruned_before,nan,0.000000e+00,0.000000e+00,0.0000,0.0000,0
79,features.15,888,active,-0.045364,2.564140e-07,6.432493e-06,0.0908,0.0000,329
79,features.15,889,pruned_before,nan,0.000000e+00,0.000000e+00,0.0000,0.0000,0
79,features.15,890,pruned_before,nan,0.000000e+00,0.000000e+00,0.0000,0.0000,0
79,features.15,891,pruned_before,nan,0.000000e+00,0.000000e+00,0.0000,0.0000,0
79,features.15,892,pruned_before,nan,0.000000e+00,0.000000e+00,0.0000,0.0000,0
79,features.15,893,pruned_before,nan,0.000000e+00,0.000000e+00,0.0000,0.0000,0
79,features.15,894,pruned_before,nan,0.000000e+00,0.000000e+00,0.0000,0.0000,0
79,features.15,895,pruned_before,nan,0.000000e+00,0.000000e+00,0.0000,0.0000,0
79,features.15,896,pruned_before,nan,0.000000e+00,0.000000e+00,0.0000,0.0000,0
79,features.15,897,pruned_before,nan,0.000000e+00,0.000000e+00,0.0000,0.0000,0
79,features.15,898,pruned_before,nan,0.000000e+00,0.000000e+00,0.0000,0.0000,0
79,features.15,899,pruned_before,nan,0.000000e+00,0.000000e+00,0.0000,0.0000,0
79,features.15,900,pruned_before,nan,0.000000e+00,0.000000e+00,0.0000,0.0000,0
79,features.15,901,pruned_before,nan,0.000000e+00,0.000000e+00,0.0000,0.0000,0
79,features.15,902,pruned_before,nan,0.000000e+00,0.000000e+00,0.0000,0.0000,0
79,features.15,903,pruned_before,nan,0.000000e+00,0.000000e+00,0.0000,0.0000,0
79,features.15,904,pruned_before,nan,0.000000e+00,0.000000e+00,0.0000,0.0000,0
79,features.15,905,pruned_before,nan,0.000000e+00,0.000000e+00,0.0000,0.0000,0
79,features.15,906,pruned_before,nan,0.000000e+00,0.000000e+00,0.0000,0.0000,0
79,features.15,907,pruned_before,nan,0.000000e+00,0.000000e+00,0.0000,0.0000,0
79,features.15,908,pruned_before,nan,0.000000e+00,0.000000e+00,0.0000,0.0000,0
79,features.15,909,pruned_before,nan,0.000000e+00,0.000000e+00,0.0000,0.0000,0
79,features.15,910,pruned_before,nan,0.000000e+00,0.000000e+00,0.0000,0.0000,0
79,features.15,911,pruned_before,nan,0.000000e+00,0.000000e+00,0.0000,0.0000,0
79,features.15,912,pruned_before,nan,0.000000e+00,0.000000e+00,0.0000,0.0000,0
79,features.15,913,pruned_before,nan,0.000000e+00,0.000000e+00,0.0000,0.0000,0
79,features.15,914,pruned_before,nan,0.000000e+00,0.000000e+00,0.0000,0.0000,0
79,features.15,915,active,-0.001844,1.067346e-08,1.664567e-05,0.0038,0.0001,329
79,features.15,916,pruned_before,nan,0.000000e+00,0.000000e+00,0.0000,0.0000,0
79,features.15,917,pruned_before,nan,0.000000e+00,0.000000e+00,0.0000,0.0000,0
79,features.15,918,pruned_before,nan,0.000000e+00,0.000000e+00,0.0000,0.0000,0
79,features.15,919,pruned_before,nan,0.000000e+00,0.000000e+00,0.0000,0.0000,0
79,features.15,920,pruned_before,nan,0.000000e+00,0.000000e+00,0.0000,0.0000,0
79,features.15,921,pruned_before,nan,0.000000e+00,0.000000e+00,0.0000,0.0000,0
79,features.15,922,pruned_before,nan,0.000000e+00,0.000000e+00,0.0000,0.0000,0
79,features.15,923,pruned_before,nan,0.000000e+00,0.000000e+00,0.0000,0.0000,0
79,features.15,924,pruned_before,nan,0.000000e+00,0.000000e+00,0.0000,0.0000,0
79,features.15,925,pruned_before,nan,0.000000e+00,0.000000e+00,0.0000,0.0000,0
79,features.15,926,pruned_before,nan,0.000000e+00,0.000000e+00,0.0000,0.0000,0
79,features.15,927,pruned_before,nan,0.000000e+00,0.000000e+00,0.0000,0.0000,0
79,features.15,928,pruned_before,nan,0.000000e+00,0.000000e+00,0.0000,0.0000,0
79,features.15,929,pruned_before,nan,0.000000e+00,0.000000e+00,0.0000,0.0000,0
79,features.15,930,pruned_before,nan,0.000000e+00,0.000000e+00,0.0000,0.0000,0
79,features.15,931,pruned_before,nan,0.000000e+00,0.000000e+00,0.0000,0.0000,0
79,features.15,932,pruned_before,nan,0.000000e+00,0.000000e+00,0.0000,0.0000,0
79,features.15,933,pruned_before,nan,0.000000e+00,0.000000e+00,0.0000,0.0000,0
79,features.15,934,pruned_before,nan,0.000000e+00,0.000000e+00,0.0000,0.0000,0
79,features.15,935,pruned_before,nan,0.000000e+00,0.000000e+00,0.0000,0.0000,0
79,features.15,936,pruned_before,nan,0.000000e+00,0.000000e+00,0.0000,0.0000,0
79,features.15,937,pruned_before,nan,0.000000e+00,0.000000e+00,0.0000,0.0000,0
79,features.15,938,pruned_before,nan,0.000000e+00,0.000000e+00,0.0000,0.0000,0
79,features.15,939,pruned_before,nan,0.000000e+00,0.000000e+00,0.0000,0.0000,0
79,features.15,940,pruned_before,nan,0.000000e+00,0.000000e+00,0.0000,0.0000,0
79,features.15,941,pruned_before,nan,0.000000e+00,0.000000e+00,0.0000,0.0000,0
79,features.15,942,pruned_before,nan,0.000000e+00,0.000000e+00,0.0000,0.0000,0
79,features.15,943,pruned_before,nan,0.000000e+00,0.000000e+00,0.0000,0.0000,0
79,features.15,944,active,-0.006782,3.840522e-08,5.506508e-06,0.0136,0.0000,329
79,features.15,945,pruned_before,nan,0.000000e+00,0.000000e+00,0.0000,0.0000,0
79,features.15,946,pruned_before,nan,0.000000e+00,0.000000e+00,0.0000,0.0000,0
79,features.15,947,pruned_before,nan,0.000000e+00,0.000000e+00,0.0000,0.0000,0
79,features.15,948,pruned_before,nan,0.000000e+00,0.000000e+00,0.0000,0.0000,0
79,features.15,949,pruned_before,nan,0.000000e+00,0.000000e+00,0.0000,0.0000,0
79,features.15,950,pruned_before,nan,0.000000e+00,0.000000e+00,0.0000,0.0000,0
79,features.15,951,pruned_before,nan,0.000000e+00,0.000000e+00,0.0000,0.0000,0
79,features.15,952,pruned_before,nan,0.000000e+00,0.000000e+00,0.0000,0.0000,0
79,features.15,953,pruned_before,nan,0.000000e+00,0.000000e+00,0.0000,0.0000,0
79,features.15,954,pruned_before,nan,0.000000e+00,0.000000e+00,0.0000,0.0000,0
79,features.15,955,pruned_before,nan,0.000000e+00,0.000000e+00,0.0000,0.0000,0
79,features.15,956,pruned_before,nan,0.000000e+00,0.000000e+00,0.0000,0.0000,0
79,features.15,957,pruned_before,nan,0.000000e+00,0.000000e+00,0.0000,0.0000,0
79,features.15,958,pruned_before,nan,0.000000e+00,0.000000e+00,0.0000,0.0000,0
79,features.15,959,pruned_before,nan,0.000000e+00,0.000000e+00,0.0000,0.0000,0
79,features.16,0,pruned_before,nan,0.000000e+00,0.000000e+00,0.0000,0.0000,0
79,features.16,1,pruned_before,nan,0.000000e+00,0.000000e+00,0.0000,0.0000,0
79,features.16,2,pruned_before,nan,0.000000e+00,0.000000e+00,0.0000,0.0000,0
79,features.16,3,pruned_before,nan,0.000000e+00,0.000000e+00,0.0000,0.0000,0
79,features.16,4,active,-0.004294,7.312303e-08,6.168662e-06,0.0086,0.0000,329
79,features.16,5,pruned_before,nan,0.000000e+00,0.000000e+00,0.0000,0.0000,0
79,features.16,6,active,-0.001517,2.581624e-08,8.920030e-07,0.0030,0.0000,329
79,features.16,7,active,-0.001533,2.608582e-08,5.847118e-07,0.0031,0.0000,329
79,features.16,8,pruned_before,nan,0.000000e+00,0.000000e+00,0.0000,0.0000,0
79,features.16,9,pruned_before,nan,0.000000e+00,0.000000e+00,0.0000,0.0000,0
79,features.16,10,pruned_before,nan,0.000000e+00,0.000000e+00,0.0000,0.0000,0
79,features.16,11,pruned_before,nan,0.000000e+00,0.000000e+00,0.0000,0.0000,0
79,features.16,12,pruned_before,nan,0.000000e+00,0.000000e+00,0.0000,0.0000,0
79,features.16,13,pruned_before,nan,0.000000e+00,0.000000e+00,0.0000,0.0000,0
79,features.16,14,pruned_before,nan,0.000000e+00,0.000000e+00,0.0000,0.0000,0
79,features.16,15,pruned_before,nan,0.000000e+00,0.000000e+00,0.0000,0.0000,0
79,features.16,16,pruned_before,nan,0.000000e+00,0.000000e+00,0.0000,0.0000,0
79,features.16,17,pruned_before,nan,0.000000e+00,0.000000e+00,0.0000,0.0000,0
79,features.16,18,pruned_before,nan,0.000000e+00,0.000000e+00,0.0000,0.0000,0
79,features.16,19,pruned_before,nan,0.000000e+00,0.000000e+00,0.0000,0.0000,0
79,features.16,20,pruned_before,nan,0.000000e+00,0.000000e+00,0.0000,0.0000,0
79,features.16,21,pruned_before,nan,0.000000e+00,0.000000e+00,0.0000,0.0000,0
79,features.16,22,pruned_before,nan,0.000000e+00,0.000000e+00,0.0000,0.0000,0
79,features.16,23,pruned_before,nan,0.000000e+00,0.000000e+00,0.0000,0.0000,0
79,features.16,24,pruned_before,nan,0.000000e+00,0.000000e+00,0.0000,0.0000,0
79,features.16,25,pruned_before,nan,0.000000e+00,0.000000e+00,0.0000,0.0000,0
79,features.16,26,pruned_before,nan,0.000000e+00,0.000000e+00,0.0000,0.0000,0
79,features.16,27,pruned_before,nan,0.000000e+00,0.000000e+00,0.0000,0.0000,0
79,features.16,28,active,-0.003556,6.055374e-08,4.200807e-06,0.0071,0.0000,329
79,features.16,29,pruned_before,nan,0.000000e+00,0.000000e+00,0.0000,0.0000,0
79,features.16,30,pruned_before,nan,0.000000e+00,0.000000e+00,0.0000,0.0000,0
79,features.16,31,pruned_before,nan,0.000000e+00,0.000000e+00,0.0000,0.0000,0
79,features.16,32,pruned_before,nan,0.000000e+00,0.000000e+00,0.0000,0.0000,0
79,features.16,33,pruned_before,nan,0.000000e+00,0.000000e+00,0.0000,0.0000,0
79,features.16,34,pruned_before,nan,0.000000e+00,0.000000e+00,0.0000,0.0000,0
79,features.16,35,active,-0.000359,6.215026e-09,9.418024e-06,0.0007,0.0000,329
79,features.16,36,active,-0.009859,1.683902e-07,5.947393e-05,0.0198,0.0001,329
79,features.16,37,pruned_before,nan,0.000000e+00,0.000000e+00,0.0000,0.0000,0
79,features.16,38,pruned_before,nan,0.000000e+00,0.000000e+00,0.0000,0.0000,0
79,features.16,39,pruned_before,nan,0.000000e+00,0.000000e+00,0.0000,0.0000,0
79,features.16,40,pruned_before,nan,0.000000e+00,0.000000e+00,0.0000,0.0000,0
79,features.16,41,pruned_before,nan,0.000000e+00,0.000000e+00,0.0000,0.0000,0
79,features.16,42,pruned_before,nan,0.000000e+00,0.000000e+00,0.0000,0.0000,0
79,features.16,43,pruned_before,nan,0.000000e+00,0.000000e+00,0.0000,0.0000,0
79,features.16,44,pruned_before,nan,0.000000e+00,0.000000e+00,0.0000,0.0000,0
79,features.16,45,pruned_before,nan,0.000000e+00,0.000000e+00,0.0000,0.0000,0
79,features.16,46,pruned_before,nan,0.000000e+00,0.000000e+00,0.0000,0.0000,0
79,features.16,47,pruned_before,nan,0.000000e+00,0.000000e+00,0.0000,0.0000,0
79,features.16,48,pruned_before,nan,0.000000e+00,0.000000e+00,0.0000,0.0000,0
79,features.16,49,pruned_before,nan,0.000000e+00,0.000000e+00,0.0000,0.0000,0
79,features.16,50,pruned_before,nan,0.000000e+00,0.000000e+00,0.0000,0.0000,0
79,features.16,51,pruned_before,nan,0.000000e+00,0.000000e+00,0.0000,0.0000,0
79,features.16,52,active,-0.002412,4.113834e-08,8.422749e-06,0.0048,0.0000,329
79,features.16,53,pruned_before,nan,0.000000e+00,0.000000e+00,0.0000,0.0000,0
79,features.16,54,active,-0.004218,7.181100e-08,3.957992e-06,0.0084,0.0000,329
79,features.16,55,pruned_before,nan,0.000000e+00,0.000000e+00,0.0000,0.0000,0
79,features.16,56,pruned_before,nan,0.000000e+00,0.000000e+00,0.0000,0.0000,0
79,features.16,57,pruned_before,nan,0.000000e+00,0.000000e+00,0.0000,0.0000,0
79,features.16,58,pruned_before,nan,0.000000e+00,0.000000e+00,0.0000,0.0000,0
79,features.16,59,pruned_before,nan,0.000000e+00,0.000000e+00,0.0000,0.0000,0
79,features.16,60,active,-0.003679,6.265834e-08,5.570323e-06,0.0074,0.0000,329
79,features.16,61,pruned_before,nan,0.000000e+00,0.000000e+00,0.0000,0.0000,0
79,features.16,62,pruned_before,nan,0.000000e+00,0.000000e+00,0.0000,0.0000,0
79,features.16,63,pruned_before,nan,0.000000e+00,0.000000e+00,0.0000,0.0000,0
79,features.16,64,active,-0.001026,1.749543e-08,3.883102e-06,0.0021,0.0000,329
79,features.16,65,pruned_before,nan,0.000000e+00,0.000000e+00,0.0000,0.0000,0
79,features.16,66,pruned_before,nan,0.000000e+00,0.000000e+00,0.0000,0.0000,0
79,features.16,67,pruned_before,nan,0.000000e+00,0.000000e+00,0.0000,0.0000,0
79,features.16,68,pruned_before,nan,0.000000e+00,0.000000e+00,0.0000,0.0000,0
79,features.16,69,pruned_before,nan,0.000000e+00,0.000000e+00,0.0000,0.0000,0
79,features.16,70,pruned_before,nan,0.000000e+00,0.000000e+00,0.0000,0.0000,0
79,features.16,71,pruned_before,nan,0.000000e+00,0.000000e+00,0.0000,0.0000,0
79,features.16,72,pruned_before,nan,0.000000e+00,0.000000e+00,0.0000,0.0000,0
79,features.16,73,active,-0.006038,1.032663e-07,4.873445e-05,0.0121,0.0001,329
79,features.16,74,pruned_before,nan,0.000000e+00,0.000000e+00,0.0000,0.0000,0
79,features.16,75,pruned_before,nan,0.000000e+00,0.000000e+00,0.0000,0.0000,0
79,features.16,76,pruned_before,nan,0.000000e+00,0.000000e+00,0.0000,0.0000,0
79,features.16,77,pruned_before,nan,0.000000e+00,0.000000e+00,0.0000,0.0000,0
79,features.16,78,pruned_before,nan,0.000000e+00,0.000000e+00,0.0000,0.0000,0
79,features.16,79,active,-0.002810,4.785819e-08,5.030125e-06,0.0056,0.0000,329
79,features.16,80,active,0.000000,0.000000e+00,0.000000e+00,0.0000,0.0000,329
79,features.16,81,active,-0.001736,2.955181e-08,1.018122e-06,0.0035,0.0000,329
79,features.16,82,pruned_before,nan,0.000000e+00,0.000000e+00,0.0000,0.0000,0
79,features.16,83,pruned_before,nan,0.000000e+00,0.000000e+00,0.0000,0.0000,0
79,features.16,84,pruned_before,nan,0.000000e+00,0.000000e+00,0.0000,0.0000,0
79,features.16,85,pruned_before,nan,0.000000e+00,0.000000e+00,0.0000,0.0000,0
79,features.16,86,active,-0.001098,1.875282e-08,6.455821e-06,0.0022,0.0000,329
79,features.16,87,pruned_before,nan,0.000000e+00,0.000000e+00,0.0000,0.0000,0
79,features.16,88,pruned_before,nan,0.000000e+00,0.000000e+00,0.0000,0.0000,0
79,features.16,89,pruned_before,nan,0.000000e+00,0.000000e+00,0.0000,0.0000,0
79,features.16,90,pruned_before,nan,0.000000e+00,0.000000e+00,0.0000,0.0000,0
79,features.16,91,pruned_before,nan,0.000000e+00,0.000000e+00,0.0000,0.0000,0
79,features.16,92,active,-0.000517,8.805114e-09,8.867840e-07,0.0010,0.0000,329
79,features.16,93,pruned_before,nan,0.000000e+00,0.000000e+00,0.0000,0.0000,0
79,features.16,94,pruned_before,nan,0.000000e+00,0.000000e+00,0.0000,0.0000,0
79,features.16,95,pruned_before,nan,0.000000e+00,0.000000e+00,0.0000,0.0000,0
79,features.16,96,pruned_before,nan,0.000000e+00,0.000000e+00,0.0000,0.0000,0
79,features.16,97,pruned_before,nan,0.000000e+00,0.000000e+00,0.0000,0.0000,0
79,features.16,98,pruned_before,nan,0.000000e+00,0.000000e+00,0.0000,0.0000,0
79,features.16,99,active,-0.000957,1.630608e-08,1.602193e-06,0.0019,0.0000,329
79,features.16,100,pruned_before,nan,0.000000e+00,0.000000e+00,0.0000,0.0000,0
79,features.16,101,pruned_before,nan,0.000000e+00,0.000000e+00,0.0000,0.0000,0
79,features.16,102,pruned_before,nan,0.000000e+00,0.000000e+00,0.0000,0.0000,0
79,features.16,103,pruned_before,nan,0.000000e+00,0.000000e+00,0.0000,0.0000,0
79,features.16,104,pruned_before,nan,0.000000e+00,0.000000e+00,0.0000,0.0000,0
79,features.16,105,pruned_before,nan,0.000000e+00,0.000000e+00,0.0000,0.0000,0
79,features.16,106,pruned_before,nan,0.000000e+00,0.000000e+00,0.0000,0.0000,0
79,features.16,107,pruned_before,nan,0.000000e+00,0.000000e+00,0.0000,0.0000,0
79,features.16,108,pruned_before,nan,0.000000e+00,0.000000e+00,0.0000,0.0000,0
79,features.16,109,pruned_before,nan,0.000000e+00,0.000000e+00,0.0000,0.0000,0
79,features.16,110,pruned_before,nan,0.000000e+00,0.000000e+00,0.0000,0.0000,0
79,features.16,111,pruned_before,nan,0.000000e+00,0.000000e+00,0.0000,0.0000,0
79,features.16,112,pruned_before,nan,0.000000e+00,0.000000e+00,0.0000,0.0000,0
79,features.16,113,pruned_before,nan,0.000000e+00,0.000000e+00,0.0000,0.0000,0
79,features.16,114,pruned_before,nan,0.000000e+00,0.000000e+00,0.0000,0.0000,0
79,features.16,115,pruned_before,nan,0.000000e+00,0.000000e+00,0.0000,0.0000,0
79,features.16,116,pruned_before,nan,0.000000e+00,0.000000e+00,0.0000,0.0000,0
79,features.16,117,pruned_before,nan,0.000000e+00,0.000000e+00,0.0000,0.0000,0
79,features.16,118,pruned_before,nan,0.000000e+00,0.000000e+00,0.0000,0.0000,0
79,features.16,119,pruned_before,nan,0.000000e+00,0.000000e+00,0.0000,0.0000,0
79,features.16,120,pruned_before,nan,0.000000e+00,0.000000e+00,0.0000,0.0000,0
79,features.16,121,pruned_before,nan,0.000000e+00,0.000000e+00,0.0000,0.0000,0
79,features.16,122,pruned_before,nan,0.000000e+00,0.000000e+00,0.0000,0.0000,0
79,features.16,123,active,-0.004188,7.128182e-08,2.116027e-06,0.0084,0.0000,329
79,features.16,124,pruned_before,nan,0.000000e+00,0.000000e+00,0.0000,0.0000,0
79,features.16,125,pruned_before,nan,0.000000e+00,0.000000e+00,0.0000,0.0000,0
79,features.16,126,pruned_before,nan,0.000000e+00,0.000000e+00,0.0000,0.0000,0
79,features.16,127,pruned_before,nan,0.000000e+00,0.000000e+00,0.0000,0.0000,0
79,features.16,128,pruned_before,nan,0.000000e+00,0.000000e+00,0.0000,0.0000,0
79,features.16,129,pruned_before,nan,0.000000e+00,0.000000e+00,0.0000,0.0000,0
79,features.16,130,pruned_before,nan,0.000000e+00,0.000000e+00,0.0000,0.0000,0
79,features.16,131,pruned_before,nan,0.000000e+00,0.000000e+00,0.0000,0.0000,0
79,features.16,132,pruned_before,nan,0.000000e+00,0.000000e+00,0.0000,0.0000,0
79,features.16,133,pruned_before,nan,0.000000e+00,0.000000e+00,0.0000,0.0000,0
79,features.16,134,pruned_before,nan,0.000000e+00,0.000000e+00,0.0000,0.0000,0
79,features.16,135,pruned_before,nan,0.000000e+00,0.000000e+00,0.0000,0.0000,0
79,features.16,136,pruned_before,nan,0.000000e+00,0.000000e+00,0.0000,0.0000,0
79,features.16,137,pruned_before,nan,0.000000e+00,0.000000e+00,0.0000,0.0000,0
79,features.16,138,pruned_before,nan,0.000000e+00,0.000000e+00,0.0000,0.0000,0
79,features.16,139,pruned_before,nan,0.000000e+00,0.000000e+00,0.0000,0.0000,0
79,features.16,140,active,-0.003790,6.462216e-08,1.241092e-05,0.0076,0.0000,329
79,features.16,141,pruned_before,nan,0.000000e+00,0.000000e+00,0.0000,0.0000,0
79,features.16,142,pruned_before,nan,0.000000e+00,0.000000e+00,0.0000,0.0000,0
79,features.16,143,pruned_before,nan,0.000000e+00,0.000000e+00,0.0000,0.0000,0
79,features.16,144,pruned_before,nan,0.000000e+00,0.000000e+00,0.0000,0.0000,0
79,features.16,145,pruned_before,nan,0.000000e+00,0.000000e+00,0.0000,0.0000,0
79,features.16,146,pruned_before,nan,0.000000e+00,0.000000e+00,0.0000,0.0000,0
79,features.16,147,pruned_before,nan,0.000000e+00,0.000000e+00,0.0000,0.0000,0
79,features.16,148,pruned_before,nan,0.000000e+00,0.000000e+00,0.0000,0.0000,0
79,features.16,149,pruned_before,nan,0.000000e+00,0.000000e+00,0.0000,0.0000,0
79,features.16,150,pruned_before,nan,0.000000e+00,0.000000e+00,0.0000,0.0000,0
79,features.16,151,pruned_before,nan,0.000000e+00,0.000000e+00,0.0000,0.0000,0
79,features.16,152,pruned_before,nan,0.000000e+00,0.000000e+00,0.0000,0.0000,0
79,features.16,153,pruned_before,nan,0.000000e+00,0.000000e+00,0.0000,0.0000,0
79,features.16,154,pruned_before,nan,0.000000e+00,0.000000e+00,0.0000,0.0000,0
79,features.16,155,pruned_before,nan,0.000000e+00,0.000000e+00,0.0000,0.0000,0
79,features.16,156,pruned_before,nan,0.000000e+00,0.000000e+00,0.0000,0.0000,0
79,features.16,157,pruned_before,nan,0.000000e+00,0.000000e+00,0.0000,0.0000,0
79,features.16,158,active,-0.007202,1.225972e-07,5.104756e-06,0.0144,0.0000,329
79,features.16,159,pruned_before,nan,0.000000e+00,0.000000e+00,0.0000,0.0000,0
79,features.16,160,pruned_before,nan,0.000000e+00,0.000000e+00,0.0000,0.0000,0
79,features.16,161,pruned_before,nan,0.000000e+00,0.000000e+00,0.0000,0.0000,0
79,features.16,162,pruned_before,nan,0.000000e+00,0.000000e+00,0.0000,0.0000,0
79,features.16,163,pruned_before,nan,0.000000e+00,0.000000e+00,0.0000,0.0000,0
79,features.16,164,active,-0.000475,8.100996e-09,1.563690e-06,0.0010,0.0000,329
79,features.16,165,pruned_before,nan,0.000000e+00,0.000000e+00,0.0000,0.0000,0
79,features.16,166,active,-0.008261,1.408315e-07,2.446493e-05,0.0166,0.0000,329
79,features.16,167,active,-0.003925,6.682652e-08,3.326998e-06,0.0079,0.0000,329
79,features.16,168,pruned_before,nan,0.000000e+00,0.000000e+00,0.0000,0.0000,0
79,features.16,169,pruned_before,nan,0.000000e+00,0.000000e+00,0.0000,0.0000,0
79,features.16,170,pruned_before,nan,0.000000e+00,0.000000e+00,0.0000,0.0000,0
79,features.16,171,pruned_before,nan,0.000000e+00,0.000000e+00,0.0000,0.0000,0
79,features.16,172,pruned_before,nan,0.000000e+00,0.000000e+00,0.0000,0.0000,0
79,features.16,173,pruned_before,nan,0.000000e+00,0.000000e+00,0.0000,0.0000,0
79,features.16,174,pruned_before,nan,0.000000e+00,0.000000e+00,0.0000,0.0000,0
79,features.16,175,pruned_before,nan,0.000000e+00,0.000000e+00,0.0000,0.0000,0
79,features.16,176,pruned_before,nan,0.000000e+00,0.000000e+00,0.0000,0.0000,0
79,features.16,177,pruned_before,nan,0.000000e+00,0.000000e+00,0.0000,0.0000,0
79,features.16,178,pruned_before,nan,0.000000e+00,0.000000e+00,0.0000,0.0000,0
79,features.16,179,pruned_before,nan,0.000000e+00,0.000000e+00,0.0000,0.0000,0
79,features.16,180,pruned_before,nan,0.000000e+00,0.000000e+00,0.0000,0.0000,0
79,features.16,181,pruned_before,nan,0.000000e+00,0.000000e+00,0.0000,0.0000,0
79,features.16,182,pruned_before,nan,0.000000e+00,0.000000e+00,0.0000,0.0000,0
79,features.16,183,pruned_before,nan,0.000000e+00,0.000000e+00,0.0000,0.0000,0
79,features.16,184,pruned_before,nan,0.000000e+00,0.000000e+00,0.0000,0.0000,0
79,features.16,185,pruned_before,nan,0.000000e+00,0.000000e+00,0.0000,0.0000,0
79,features.16,186,pruned_before,nan,0.000000e+00,0.000000e+00,0.0000,0.0000,0
79,features.16,187,pruned_before,nan,0.000000e+00,0.000000e+00,0.0000,0.0000,0
79,features.16,188,pruned_before,nan,0.000000e+00,0.000000e+00,0.0000,0.0000,0
79,features.16,189,pruned_before,nan,0.000000e+00,0.000000e+00,0.0000,0.0000,0
79,features.16,190,active,-0.005214,8.872730e-08,1.303070e-06,0.0104,0.0000,329
79,features.16,191,pruned_before,nan,0.000000e+00,0.000000e+00,0.0000,0.0000,0
79,features.16,192,pruned_before,nan,0.000000e+00,0.000000e+00,0.0000,0.0000,0
79,features.16,193,pruned_before,nan,0.000000e+00,0.000000e+00,0.0000,0.0000,0
79,features.16,194,pruned_before,nan,0.000000e+00,0.000000e+00,0.0000,0.0000,0
79,features.16,195,pruned_before,nan,0.000000e+00,0.000000e+00,0.0000,0.0000,0
79,features.16,196,pruned_before,nan,0.000000e+00,0.000000e+00,0.0000,0.0000,0
79,features.16,197,pruned_before,nan,0.000000e+00,0.000000e+00,0.0000,0.0000,0
79,features.16,198,pruned_before,nan,0.000000e+00,0.000000e+00,0.0000,0.0000,0
79,features.16,199,pruned_before,nan,0.000000e+00,0.000000e+00,0.0000,0.0000,0
79,features.16,200,pruned_before,nan,0.000000e+00,0.000000e+00,0.0000,0.0000,0
79,features.16,201,pruned_before,nan,0.000000e+00,0.000000e+00,0.0000,0.0000,0
79,features.16,202,active,-0.000691,1.175847e-08,6.088787e-07,0.0014,0.0000,329
79,features.16,203,pruned_before,nan,0.000000e+00,0.000000e+00,0.0000,0.0000,0
79,features.16,204,pruned_before,nan,0.000000e+00,0.000000e+00,0.0000,0.0000,0
79,features.16,205,pruned_before,nan,0.000000e+00,0.000000e+00,0.0000,0.0000,0
79,features.16,206,active,-0.006776,1.154081e-07,1.065473e-05,0.0136,0.0000,329
79,features.16,207,active,-0.000042,7.085911e-10,7.073243e-08,0.0001,0.0000,329
79,features.16,208,pruned_before,nan,0.000000e+00,0.000000e+00,0.0000,0.0000,0
79,features.16,209,pruned_before,nan,0.000000e+00,0.000000e+00,0.0000,0.0000,0
79,features.16,210,pruned_before,nan,0.000000e+00,0.000000e+00,0.0000,0.0000,0
79,features.16,211,active,-0.001542,2.624354e-08,9.192432e-07,0.0031,0.0000,329
79,features.16,212,pruned_before,nan,0.000000e+00,0.000000e+00,0.0000,0.0000,0
79,features.16,213,pruned_before,nan,0.000000e+00,0.000000e+00,0.0000,0.0000,0
79,features.16,214,pruned_before,nan,0.000000e+00,0.000000e+00,0.0000,0.0000,0
79,features.16,215,pruned_before,nan,0.000000e+00,0.000000e+00,0.0000,0.0000,0
79,features.16,216,pruned_before,nan,0.000000e+00,0.000000e+00,0.0000,0.0000,0
79,features.16,217,pruned_before,nan,0.000000e+00,0.000000e+00,0.0000,0.0000,0
79,features.16,218,pruned_before,nan,0.000000e+00,0.000000e+00,0.0000,0.0000,0
79,features.16,219,pruned_before,nan,0.000000e+00,0.000000e+00,0.0000,0.0000,0
79,features.16,220,pruned_before,nan,0.000000e+00,0.000000e+00,0.0000,0.0000,0
79,features.16,221,pruned_before,nan,0.000000e+00,0.000000e+00,0.0000,0.0000,0
79,features.16,222,pruned_before,nan,0.000000e+00,0.000000e+00,0.0000,0.0000,0
79,features.16,223,pruned_before,nan,0.000000e+00,0.000000e+00,0.0000,0.0000,0
79,features.16,224,pruned_before,nan,0.000000e+00,0.000000e+00,0.0000,0.0000,0
79,features.16,225,pruned_before,nan,0.000000e+00,0.000000e+00,0.0000,0.0000,0
79,features.16,226,pruned_before,nan,0.000000e+00,0.000000e+00,0.0000,0.0000,0
79,features.16,227,active,-0.004839,8.235235e-08,2.039967e-06,0.0097,0.0000,329
79,features.16,228,pruned_before,nan,0.000000e+00,0.000000e+00,0.0000,0.0000,0
79,features.16,229,pruned_before,nan,0.000000e+00,0.000000e+00,0.0000,0.0000,0
79,features.16,230,pruned_before,nan,0.000000e+00,0.000000e+00,0.0000,0.0000,0
79,features.16,231,pruned_before,nan,0.000000e+00,0.000000e+00,0.0000,0.0000,0
79,features.16,232,pruned_before,nan,0.000000e+00,0.000000e+00,0.0000,0.0000,0
79,features.16,233,pruned_before,nan,0.000000e+00,0.000000e+00,0.0000,0.0000,0
79,features.16,234,pruned_before,nan,0.000000e+00,0.000000e+00,0.0000,0.0000,0
79,features.16,235,pruned_before,nan,0.000000e+00,0.000000e+00,0.0000,0.0000,0
79,features.16,236,pruned_before,nan,0.000000e+00,0.000000e+00,0.0000,0.0000,0
79,features.16,237,pruned_before,nan,0.000000e+00,0.000000e+00,0.0000,0.0000,0
79,features.16,238,pruned_before,nan,0.000000e+00,0.000000e+00,0.0000,0.0000,0
79,features.16,239,active,-0.001680,2.858732e-08,4.264269e-07,0.0034,0.0000,329
79,features.16,240,active,-0.001458,2.487222e-08,5.915105e-06,0.0029,0.0000,329
79,features.16,241,pruned_before,nan,0.000000e+00,0.000000e+00,0.0000,0.0000,0
79,features.16,242,pruned_before,nan,0.000000e+00,0.000000e+00,0.0000,0.0000,0
79,features.16,243,pruned_before,nan,0.000000e+00,0.000000e+00,0.0000,0.0000,0
79,features.16,244,pruned_before,nan,0.000000e+00,0.000000e+00,0.0000,0.0000,0
79,features.16,245,pruned_before,nan,0.000000e+00,0.000000e+00,0.0000,0.0000,0
79,features.16,246,pruned_before,nan,0.000000e+00,0.000000e+00,0.0000,0.0000,0
79,features.16,247,pruned_before,nan,0.000000e+00,0.000000e+00,0.0000,0.0000,0
79,features.16,248,pruned_before,nan,0.000000e+00,0.000000e+00,0.0000,0.0000,0
79,features.16,249,pruned_before,nan,0.000000e+00,0.000000e+00,0.0000,0.0000,0
79,features.16,250,pruned_before,nan,0.000000e+00,0.000000e+00,0.0000,0.0000,0
79,features.16,251,pruned_before,nan,0.000000e+00,0.000000e+00,0.0000,0.0000,0
79,features.16,252,pruned_before,nan,0.000000e+00,0.000000e+00,0.0000,0.0000,0
79,features.16,253,pruned_before,nan,0.000000e+00,0.000000e+00,0.0000,0.0000,0
79,features.16,254,pruned_before,nan,0.000000e+00,0.000000e+00,0.0000,0.0000,0
79,features.16,255,pruned_before,nan,0.000000e+00,0.000000e+00,0.0000,0.0000,0
79,features.16,256,pruned_before,nan,0.000000e+00,0.000000e+00,0.0000,0.0000,0
79,features.16,257,pruned_before,nan,0.000000e+00,0.000000e+00,0.0000,0.0000,0
79,features.16,258,pruned_before,nan,0.000000e+00,0.000000e+00,0.0000,0.0000,0
79,features.16,259,pruned_before,nan,0.000000e+00,0.000000e+00,0.0000,0.0000,0
79,features.16,260,pruned_before,nan,0.000000e+00,0.000000e+00,0.0000,0.0000,0
79,features.16,261,pruned_before,nan,0.000000e+00,0.000000e+00,0.0000,0.0000,0
79,features.16,262,pruned_before,nan,0.000000e+00,0.000000e+00,0.0000,0.0000,0
79,features.16,263,pruned_before,nan,0.000000e+00,0.000000e+00,0.0000,0.0000,0
79,features.16,264,pruned_before,nan,0.000000e+00,0.000000e+00,0.0000,0.0000,0
79,features.16,265,pruned_before,nan,0.000000e+00,0.000000e+00,0.0000,0.0000,0
79,features.16,266,pruned_before,nan,0.000000e+00,0.000000e+00,0.0000,0.0000,0
79,features.16,267,pruned_before,nan,0.000000e+00,0.000000e+00,0.0000,0.0000,0
79,features.16,268,pruned_before,nan,0.000000e+00,0.000000e+00,0.0000,0.0000,0
79,features.16,269,pruned_before,nan,0.000000e+00,0.000000e+00,0.0000,0.0000,0
79,features.16,270,pruned_before,nan,0.000000e+00,0.000000e+00,0.0000,0.0000,0
79,features.16,271,pruned_before,nan,0.000000e+00,0.000000e+00,0.0000,0.0000,0
79,features.16,272,pruned_before,nan,0.000000e+00,0.000000e+00,0.0000,0.0000,0
79,features.16,273,pruned_before,nan,0.000000e+00,0.000000e+00,0.0000,0.0000,0
79,features.16,274,pruned_before,nan,0.000000e+00,0.000000e+00,0.0000,0.0000,0
79,features.16,275,pruned_before,nan,0.000000e+00,0.000000e+00,0.0000,0.0000,0
79,features.16,276,pruned_before,nan,0.000000e+00,0.000000e+00,0.0000,0.0000,0
79,features.16,277,pruned_before,nan,0.000000e+00,0.000000e+00,0.0000,0.0000,0
79,features.16,278,pruned_before,nan,0.000000e+00,0.000000e+00,0.0000,0.0000,0
79,features.16,279,pruned_before,nan,0.000000e+00,0.000000e+00,0.0000,0.0000,0
79,features.16,280,pruned_before,nan,0.000000e+00,0.000000e+00,0.0000,0.0000,0
79,features.16,281,pruned_before,nan,0.000000e+00,0.000000e+00,0.0000,0.0000,0
79,features.16,282,pruned_before,nan,0.000000e+00,0.000000e+00,0.0000,0.0000,0
79,features.16,283,pruned_before,nan,0.000000e+00,0.000000e+00,0.0000,0.0000,0
79,features.16,284,pruned_before,nan,0.000000e+00,0.000000e+00,0.0000,0.0000,0
79,features.16,285,pruned_before,nan,0.000000e+00,0.000000e+00,0.0000,0.0000,0
79,features.16,286,pruned_before,nan,0.000000e+00,0.000000e+00,0.0000,0.0000,0
79,features.16,287,pruned_before,nan,0.000000e+00,0.000000e+00,0.0000,0.0000,0
79,features.16,288,pruned_before,nan,0.000000e+00,0.000000e+00,0.0000,0.0000,0
79,features.16,289,pruned_before,nan,0.000000e+00,0.000000e+00,0.0000,0.0000,0
79,features.16,290,pruned_before,nan,0.000000e+00,0.000000e+00,0.0000,0.0000,0
79,features.16,291,pruned_before,nan,0.000000e+00,0.000000e+00,0.0000,0.0000,0
79,features.16,292,active,-0.000184,3.255723e-09,1.083751e-05,0.0004,0.0000,329
79,features.16,293,pruned_before,nan,0.000000e+00,0.000000e+00,0.0000,0.0000,0
79,features.16,294,pruned_before,nan,0.000000e+00,0.000000e+00,0.0000,0.0000,0
79,features.16,295,pruned_before,nan,0.000000e+00,0.000000e+00,0.0000,0.0000,0
79,features.16,296,pruned_before,nan,0.000000e+00,0.000000e+00,0.0000,0.0000,0
79,features.16,297,pruned_before,nan,0.000000e+00,0.000000e+00,0.0000,0.0000,0
79,features.16,298,pruned_before,nan,0.000000e+00,0.000000e+00,0.0000,0.0000,0
79,features.16,299,pruned_before,nan,0.000000e+00,0.000000e+00,0.0000,0.0000,0
79,features.16,300,pruned_before,nan,0.000000e+00,0.000000e+00,0.0000,0.0000,0
79,features.16,301,pruned_before,nan,0.000000e+00,0.000000e+00,0.0000,0.0000,0
79,features.16,302,pruned_before,nan,0.000000e+00,0.000000e+00,0.0000,0.0000,0
79,features.16,303,pruned_before,nan,0.000000e+00,0.000000e+00,0.0000,0.0000,0
79,features.16,304,pruned_before,nan,0.000000e+00,0.000000e+00,0.0000,0.0000,0
79,features.16,305,pruned_before,nan,0.000000e+00,0.000000e+00,0.0000,0.0000,0
79,features.16,306,pruned_before,nan,0.000000e+00,0.000000e+00,0.0000,0.0000,0
79,features.16,307,pruned_before,nan,0.000000e+00,0.000000e+00,0.0000,0.0000,0
79,features.16,308,pruned_before,nan,0.000000e+00,0.000000e+00,0.0000,0.0000,0
79,features.16,309,pruned_before,nan,0.000000e+00,0.000000e+00,0.0000,0.0000,0
79,features.16,310,pruned_before,nan,0.000000e+00,0.000000e+00,0.0000,0.0000,0
79,features.16,311,pruned_before,nan,0.000000e+00,0.000000e+00,0.0000,0.0000,0
79,features.16,312,pruned_before,nan,0.000000e+00,0.000000e+00,0.0000,0.0000,0
79,features.16,313,pruned_before,nan,0.000000e+00,0.000000e+00,0.0000,0.0000,0
79,features.16,314,active,-0.000482,8.219459e-09,1.151010e-06,0.0010,0.0000,329
79,features.16,315,pruned_before,nan,0.000000e+00,0.000000e+00,0.0000,0.0000,0
79,features.16,316,pruned_before,nan,0.000000e+00,0.000000e+00,0.0000,0.0000,0
79,features.16,317,pruned_before,nan,0.000000e+00,0.000000e+00,0.0000,0.0000,0
79,features.16,318,pruned_before,nan,0.000000e+00,0.000000e+00,0.0000,0.0000,0
79,features.16,319,active,-0.000538,9.172772e-09,2.418568e-06,0.0011,0.0000,329
79,features.16,320,pruned_before,nan,0.000000e+00,0.000000e+00,0.0000,0.0000,0
79,features.16,321,pruned_before,nan,0.000000e+00,0.000000e+00,0.0000,0.0000,0
79,features.16,322,pruned_before,nan,0.000000e+00,0.000000e+00,0.0000,0.0000,0
79,features.16,323,pruned_before,nan,0.000000e+00,0.000000e+00,0.0000,0.0000,0
79,features.16,324,pruned_before,nan,0.000000e+00,0.000000e+00,0.0000,0.0000,0
79,features.16,325,pruned_before,nan,0.000000e+00,0.000000e+00,0.0000,0.0000,0
79,features.16,326,pruned_before,nan,0.000000e+00,0.000000e+00,0.0000,0.0000,0
79,features.16,327,active,-0.000001,1.443150e-11,1.016975e-08,0.0000,0.0000,329
79,features.16,328,pruned_before,nan,0.000000e+00,0.000000e+00,0.0000,0.0000,0
79,features.16,329,pruned_before,nan,0.000000e+00,0.000000e+00,0.0000,0.0000,0
79,features.16,330,pruned_before,nan,0.000000e+00,0.000000e+00,0.0000,0.0000,0
79,features.16,331,pruned_before,nan,0.000000e+00,0.000000e+00,0.0000,0.0000,0
79,features.16,332,pruned_before,nan,0.000000e+00,0.000000e+00,0.0000,0.0000,0
79,features.16,333,pruned_before,nan,0.000000e+00,0.000000e+00,0.0000,0.0000,0
79,features.16,334,pruned_before,nan,0.000000e+00,0.000000e+00,0.0000,0.0000,0
79,features.16,335,pruned_before,nan,0.000000e+00,0.000000e+00,0.0000,0.0000,0
79,features.16,336,pruned_before,nan,0.000000e+00,0.000000e+00,0.0000,0.0000,0
79,features.16,337,pruned_before,nan,0.000000e+00,0.000000e+00,0.0000,0.0000,0
79,features.16,338,pruned_before,nan,0.000000e+00,0.000000e+00,0.0000,0.0000,0
79,features.16,339,pruned_before,nan,0.000000e+00,0.000000e+00,0.0000,0.0000,0
79,features.16,340,pruned_before,nan,0.000000e+00,0.000000e+00,0.0000,0.0000,0
79,features.16,341,pruned_before,nan,0.000000e+00,0.000000e+00,0.0000,0.0000,0
79,features.16,342,pruned_before,nan,0.000000e+00,0.000000e+00,0.0000,0.0000,0
79,features.16,343,active,-0.000949,1.617387e-08,1.708746e-06,0.0019,0.0000,329
79,features.16,344,active,-0.002377,4.045291e-08,1.597549e-06,0.0048,0.0000,329
79,features.16,345,pruned_before,nan,0.000000e+00,0.000000e+00,0.0000,0.0000,0
79,features.16,346,pruned_before,nan,0.000000e+00,0.000000e+00,0.0000,0.0000,0
79,features.16,347,active,-0.001986,3.391408e-08,1.100441e-05,0.0040,0.0000,329
79,features.16,348,active,0.000000,0.000000e+00,0.000000e+00,0.0000,0.0000,329
79,features.16,349,pruned_before,nan,0.000000e+00,0.000000e+00,0.0000,0.0000,0
79,features.16,350,pruned_before,nan,0.000000e+00,0.000000e+00,0.0000,0.0000,0
79,features.16,351,pruned_before,nan,0.000000e+00,0.000000e+00,0.0000,0.0000,0
79,features.16,352,pruned_before,nan,0.000000e+00,0.000000e+00,0.0000,0.0000,0
79,features.16,353,pruned_before,nan,0.000000e+00,0.000000e+00,0.0000,0.0000,0
79,features.16,354,pruned_before,nan,0.000000e+00,0.000000e+00,0.0000,0.0000,0
79,features.16,355,pruned_before,nan,0.000000e+00,0.000000e+00,0.0000,0.0000,0
79,features.16,356,pruned_before,nan,0.000000e+00,0.000000e+00,0.0000,0.0000,0
79,features.16,357,pruned_before,nan,0.000000e+00,0.000000e+00,0.0000,0.0000,0
79,features.16,358,pruned_before,nan,0.000000e+00,0.000000e+00,0.0000,0.0000,0
79,features.16,359,pruned_before,nan,0.000000e+00,0.000000e+00,0.0000,0.0000,0
79,features.16,360,pruned_before,nan,0.000000e+00,0.000000e+00,0.0000,0.0000,0
79,features.16,361,pruned_before,nan,0.000000e+00,0.000000e+00,0.0000,0.0000,0
79,features.16,362,pruned_before,nan,0.000000e+00,0.000000e+00,0.0000,0.0000,0
79,features.16,363,pruned_before,nan,0.000000e+00,0.000000e+00,0.0000,0.0000,0
79,features.16,364,pruned_before,nan,0.000000e+00,0.000000e+00,0.0000,0.0000,0
79,features.16,365,pruned_before,nan,0.000000e+00,0.000000e+00,0.0000,0.0000,0
79,features.16,366,pruned_before,nan,0.000000e+00,0.000000e+00,0.0000,0.0000,0
79,features.16,367,pruned_before,nan,0.000000e+00,0.000000e+00,0.0000,0.0000,0
79,features.16,368,pruned_before,nan,0.000000e+00,0.000000e+00,0.0000,0.0000,0
79,features.16,369,pruned_before,nan,0.000000e+00,0.000000e+00,0.0000,0.0000,0
79,features.16,370,pruned_before,nan,0.000000e+00,0.000000e+00,0.0000,0.0000,0
79,features.16,371,pruned_before,nan,0.000000e+00,0.000000e+00,0.0000,0.0000,0
79,features.16,372,pruned_before,nan,0.000000e+00,0.000000e+00,0.0000,0.0000,0
79,features.16,373,active,-0.000835,1.421291e-08,4.653580e-07,0.0017,0.0000,329
79,features.16,374,active,-0.002407,4.116019e-08,1.834963e-05,0.0048,0.0000,329
79,features.16,375,pruned_before,nan,0.000000e+00,0.000000e+00,0.0000,0.0000,0
79,features.16,376,pruned_before,nan,0.000000e+00,0.000000e+00,0.0000,0.0000,0
79,features.16,377,active,-0.001511,2.573801e-08,2.576550e-06,0.0030,0.0000,329
79,features.16,378,pruned_before,nan,0.000000e+00,0.000000e+00,0.0000,0.0000,0
79,features.16,379,pruned_before,nan,0.000000e+00,0.000000e+00,0.0000,0.0000,0
79,features.16,380,pruned_before,nan,0.000000e+00,0.000000e+00,0.0000,0.0000,0
79,features.16,381,pruned_before,nan,0.000000e+00,0.000000e+00,0.0000,0.0000,0
79,features.16,382,pruned_before,nan,0.000000e+00,0.000000e+00,0.0000,0.0000,0
79,features.16,383,pruned_before,nan,0.000000e+00,0.000000e+00,0.0000,0.0000,0
79,features.16,384,pruned_before,nan,0.000000e+00,0.000000e+00,0.0000,0.0000,0
79,features.16,385,pruned_before,nan,0.000000e+00,0.000000e+00,0.0000,0.0000,0
79,features.16,386,pruned_before,nan,0.000000e+00,0.000000e+00,0.0000,0.0000,0
79,features.16,387,pruned_before,nan,0.000000e+00,0.000000e+00,0.0000,0.0000,0
79,features.16,388,pruned_before,nan,0.000000e+00,0.000000e+00,0.0000,0.0000,0
79,features.16,389,pruned_before,nan,0.000000e+00,0.000000e+00,0.0000,0.0000,0
79,features.16,390,pruned_before,nan,0.000000e+00,0.000000e+00,0.0000,0.0000,0
79,features.16,391,pruned_before,nan,0.000000e+00,0.000000e+00,0.0000,0.0000,0
79,features.16,392,pruned_before,nan,0.000000e+00,0.000000e+00,0.0000,0.0000,0
79,features.16,393,pruned_before,nan,0.000000e+00,0.000000e+00,0.0000,0.0000,0
79,features.16,394,pruned_before,nan,0.000000e+00,0.000000e+00,0.0000,0.0000,0
79,features.16,395,active,-0.003196,5.440297e-08,1.461055e-06,0.0064,0.0000,329
79,features.16,396,pruned_before,nan,0.000000e+00,0.000000e+00,0.0000,0.0000,0
79,features.16,397,pruned_before,nan,0.000000e+00,0.000000e+00,0.0000,0.0000,0
79,features.16,398,pruned_before,nan,0.000000e+00,0.000000e+00,0.0000,0.0000,0
79,features.16,399,pruned_before,nan,0.000000e+00,0.000000e+00,0.0000,0.0000,0
79,features.16,400,pruned_before,nan,0.000000e+00,0.000000e+00,0.0000,0.0000,0
79,features.16,401,pruned_before,nan,0.000000e+00,0.000000e+00,0.0000,0.0000,0
79,features.16,402,pruned_before,nan,0.000000e+00,0.000000e+00,0.0000,0.0000,0
79,features.16,403,pruned_before,nan,0.000000e+00,0.000000e+00,0.0000,0.0000,0
79,features.16,404,active,0.000000,0.000000e+00,0.000000e+00,0.0000,0.0000,329
79,features.16,405,pruned_before,nan,0.000000e+00,0.000000e+00,0.0000,0.0000,0
79,features.16,406,protected,0.000000,8.507355e-06,7.792334e-01,1.0000,1.0000,329
79,features.16,407,active,-0.003788,6.451906e-08,6.875014e-06,0.0076,0.0000,329
79,features.16,408,pruned_before,nan,0.000000e+00,0.000000e+00,0.0000,0.0000,0
79,features.16,409,pruned_before,nan,0.000000e+00,0.000000e+00,0.0000,0.0000,0
79,features.16,410,pruned_before,nan,0.000000e+00,0.000000e+00,0.0000,0.0000,0
79,features.16,411,pruned_before,nan,0.000000e+00,0.000000e+00,0.0000,0.0000,0
79,features.16,412,pruned_before,nan,0.000000e+00,0.000000e+00,0.0000,0.0000,0
79,features.16,413,pruned_before,nan,0.000000e+00,0.000000e+00,0.0000,0.0000,0
79,features.16,414,active,-0.004237,7.218485e-08,8.163609e-06,0.0085,0.0000,329
79,features.16,415,pruned_before,nan,0.000000e+00,0.000000e+00,0.0000,0.0000,0
79,features.16,416,pruned_before,nan,0.000000e+00,0.000000e+00,0.0000,0.0000,0
79,features.16,417,pruned_before,nan,0.000000e+00,0.000000e+00,0.0000,0.0000,0
79,features.16,418,pruned_before,nan,0.000000e+00,0.000000e+00,0.0000,0.0000,0
79,features.16,419,pruned_before,nan,0.000000e+00,0.000000e+00,0.0000,0.0000,0
79,features.16,420,active,-0.001966,3.348619e-08,2.798886e-06,0.0039,0.0000,329
79,features.16,421,pruned_before,nan,0.000000e+00,0.000000e+00,0.0000,0.0000,0
79,features.16,422,active,-0.002129,3.624238e-08,1.012530e-06,0.0043,0.0000,329
79,features.16,423,pruned_before,nan,0.000000e+00,0.000000e+00,0.0000,0.0000,0
79,features.16,424,pruned_before,nan,0.000000e+00,0.000000e+00,0.0000,0.0000,0
79,features.16,425,pruned_before,nan,0.000000e+00,0.000000e+00,0.0000,0.0000,0
79,features.16,426,active,-0.006012,1.023437e-07,5.197141e-06,0.0120,0.0000,329
79,features.16,427,pruned_before,nan,0.000000e+00,0.000000e+00,0.0000,0.0000,0
79,features.16,428,pruned_before,nan,0.000000e+00,0.000000e+00,0.0000,0.0000,0
79,features.16,429,pruned_before,nan,0.000000e+00,0.000000e+00,0.0000,0.0000,0
79,features.16,430,pruned_before,nan,0.000000e+00,0.000000e+00,0.0000,0.0000,0
79,features.16,431,pruned_before,nan,0.000000e+00,0.000000e+00,0.0000,0.0000,0
79,features.16,432,pruned_before,nan,0.000000e+00,0.000000e+00,0.0000,0.0000,0
79,features.16,433,pruned_before,nan,0.000000e+00,0.000000e+00,0.0000,0.0000,0
79,features.16,434,pruned_before,nan,0.000000e+00,0.000000e+00,0.0000,0.0000,0
79,features.16,435,pruned_before,nan,0.000000e+00,0.000000e+00,0.0000,0.0000,0
79,features.16,436,pruned_before,nan,0.000000e+00,0.000000e+00,0.0000,0.0000,0
79,features.16,437,pruned_before,nan,0.000000e+00,0.000000e+00,0.0000,0.0000,0
79,features.16,438,active,-0.001418,2.415156e-08,2.548186e-06,0.0028,0.0000,329
79,features.16,439,pruned_before,nan,0.000000e+00,0.000000e+00,0.0000,0.0000,0
79,features.16,440,pruned_before,nan,0.000000e+00,0.000000e+00,0.0000,0.0000,0
79,features.16,441,pruned_before,nan,0.000000e+00,0.000000e+00,0.0000,0.0000,0
79,features.16,442,active,-0.001995,3.394828e-08,9.659927e-07,0.0040,0.0000,329
79,features.16,443,pruned_before,nan,0.000000e+00,0.000000e+00,0.0000,0.0000,0
79,features.16,444,pruned_before,nan,0.000000e+00,0.000000e+00,0.0000,0.0000,0
79,features.16,445,pruned_before,nan,0.000000e+00,0.000000e+00,0.0000,0.0000,0
79,features.16,446,pruned_before,nan,0.000000e+00,0.000000e+00,0.0000,0.0000,0
79,features.16,447,pruned_before,nan,0.000000e+00,0.000000e+00,0.0000,0.0000,0
79,features.16,448,pruned_before,nan,0.000000e+00,0.000000e+00,0.0000,0.0000,0
79,features.16,449,pruned_before,nan,0.000000e+00,0.000000e+00,0.0000,0.0000,0
79,features.16,450,pruned_before,nan,0.000000e+00,0.000000e+00,0.0000,0.0000,0
79,features.16,451,pruned_before,nan,0.000000e+00,0.000000e+00,0.0000,0.0000,0
79,features.16,452,pruned_before,nan,0.000000e+00,0.000000e+00,0.0000,0.0000,0
79,features.16,453,pruned_before,nan,0.000000e+00,0.000000e+00,0.0000,0.0000,0
79,features.16,454,pruned_before,nan,0.000000e+00,0.000000e+00,0.0000,0.0000,0
79,features.16,455,pruned_before,nan,0.000000e+00,0.000000e+00,0.0000,0.0000,0
79,features.16,456,pruned_before,nan,0.000000e+00,0.000000e+00,0.0000,0.0000,0
79,features.16,457,pruned_before,nan,0.000000e+00,0.000000e+00,0.0000,0.0000,0
79,features.16,458,pruned_before,nan,0.000000e+00,0.000000e+00,0.0000,0.0000,0
79,features.16,459,active,-0.008996,1.531956e-07,1.218682e-05,0.0180,0.0000,329
79,features.16,460,pruned_before,nan,0.000000e+00,0.000000e+00,0.0000,0.0000,0
79,features.16,461,pruned_before,nan,0.000000e+00,0.000000e+00,0.0000,0.0000,0
79,features.16,462,pruned_before,nan,0.000000e+00,0.000000e+00,0.0000,0.0000,0
79,features.16,463,pruned_before,nan,0.000000e+00,0.000000e+00,0.0000,0.0000,0
79,features.16,464,pruned_before,nan,0.000000e+00,0.000000e+00,0.0000,0.0000,0
79,features.16,465,pruned_before,nan,0.000000e+00,0.000000e+00,0.0000,0.0000,0
79,features.16,466,pruned_before,nan,0.000000e+00,0.000000e+00,0.0000,0.0000,0
79,features.16,467,pruned_before,nan,0.000000e+00,0.000000e+00,0.0000,0.0000,0
79,features.16,468,pruned_before,nan,0.000000e+00,0.000000e+00,0.0000,0.0000,0
79,features.16,469,pruned_before,nan,0.000000e+00,0.000000e+00,0.0000,0.0000,0
79,features.16,470,pruned_before,nan,0.000000e+00,0.000000e+00,0.0000,0.0000,0
79,features.16,471,pruned_before,nan,0.000000e+00,0.000000e+00,0.0000,0.0000,0
79,features.16,472,pruned_before,nan,0.000000e+00,0.000000e+00,0.0000,0.0000,0
79,features.16,473,pruned_before,nan,0.000000e+00,0.000000e+00,0.0000,0.0000,0
79,features.16,474,pruned_before,nan,0.000000e+00,0.000000e+00,0.0000,0.0000,0
79,features.16,475,pruned_before,nan,0.000000e+00,0.000000e+00,0.0000,0.0000,0
79,features.16,476,pruned_before,nan,0.000000e+00,0.000000e+00,0.0000,0.0000,0
79,features.16,477,pruned_before,nan,0.000000e+00,0.000000e+00,0.0000,0.0000,0
79,features.16,478,pruned_before,nan,0.000000e+00,0.000000e+00,0.0000,0.0000,0
79,features.16,479,active,-0.001182,2.025131e-08,1.286049e-05,0.0024,0.0000,329
79,features.16,480,active,-0.000785,1.336021e-08,4.972163e-07,0.0016,0.0000,329
79,features.16,481,pruned_before,nan,0.000000e+00,0.000000e+00,0.0000,0.0000,0
79,features.16,482,pruned_before,nan,0.000000e+00,0.000000e+00,0.0000,0.0000,0
79,features.16,483,pruned_before,nan,0.000000e+00,0.000000e+00,0.0000,0.0000,0
79,features.16,484,pruned_before,nan,0.000000e+00,0.000000e+00,0.0000,0.0000,0
79,features.16,485,pruned_before,nan,0.000000e+00,0.000000e+00,0.0000,0.0000,0
79,features.16,486,pruned_before,nan,0.000000e+00,0.000000e+00,0.0000,0.0000,0
79,features.16,487,pruned_before,nan,0.000000e+00,0.000000e+00,0.0000,0.0000,0
79,features.16,488,pruned_before,nan,0.000000e+00,0.000000e+00,0.0000,0.0000,0
79,features.16,489,pruned_before,nan,0.000000e+00,0.000000e+00,0.0000,0.0000,0
79,features.16,490,pruned_before,nan,0.000000e+00,0.000000e+00,0.0000,0.0000,0
79,features.16,491,pruned_before,nan,0.000000e+00,0.000000e+00,0.0000,0.0000,0
79,features.16,492,pruned_before,nan,0.000000e+00,0.000000e+00,0.0000,0.0000,0
79,features.16,493,pruned_before,nan,0.000000e+00,0.000000e+00,0.0000,0.0000,0
79,features.16,494,pruned_before,nan,0.000000e+00,0.000000e+00,0.0000,0.0000,0
79,features.16,495,pruned_before,nan,0.000000e+00,0.000000e+00,0.0000,0.0000,0
79,features.16,496,pruned_before,nan,0.000000e+00,0.000000e+00,0.0000,0.0000,0
79,features.16,497,pruned_before,nan,0.000000e+00,0.000000e+00,0.0000,0.0000,0
79,features.16,498,pruned_before,nan,0.000000e+00,0.000000e+00,0.0000,0.0000,0
79,features.16,499,pruned_before,nan,0.000000e+00,0.000000e+00,0.0000,0.0000,0
79,features.16,500,pruned_before,nan,0.000000e+00,0.000000e+00,0.0000,0.0000,0
79,features.16,501,pruned_before,nan,0.000000e+00,0.000000e+00,0.0000,0.0000,0
79,features.16,502,pruned_before,nan,0.000000e+00,0.000000e+00,0.0000,0.0000,0
79,features.16,503,pruned_before,nan,0.000000e+00,0.000000e+00,0.0000,0.0000,0
79,features.16,504,pruned_before,nan,0.000000e+00,0.000000e+00,0.0000,0.0000,0
79,features.16,505,pruned_before,nan,0.000000e+00,0.000000e+00,0.0000,0.0000,0
79,features.16,506,pruned_before,nan,0.000000e+00,0.000000e+00,0.0000,0.0000,0
79,features.16,507,pruned_before,nan,0.000000e+00,0.000000e+00,0.0000,0.0000,0
79,features.16,508,pruned_before,nan,0.000000e+00,0.000000e+00,0.0000,0.0000,0
79,features.16,509,pruned_before,nan,0.000000e+00,0.000000e+00,0.0000,0.0000,0
79,features.16,510,pruned_before,nan,0.000000e+00,0.000000e+00,0.0000,0.0000,0
79,features.16,511,pruned_before,nan,0.000000e+00,0.000000e+00,0.0000,0.0000,0
79,features.16,512,pruned_before,nan,0.000000e+00,0.000000e+00,0.0000,0.0000,0
79,features.16,513,pruned_before,nan,0.000000e+00,0.000000e+00,0.0000,0.0000,0
79,features.16,514,pruned_before,nan,0.000000e+00,0.000000e+00,0.0000,0.0000,0
79,features.16,515,pruned_before,nan,0.000000e+00,0.000000e+00,0.0000,0.0000,0
79,features.16,516,pruned_before,nan,0.000000e+00,0.000000e+00,0.0000,0.0000,0
79,features.16,517,pruned_before,nan,0.000000e+00,0.000000e+00,0.0000,0.0000,0
79,features.16,518,pruned_before,nan,0.000000e+00,0.000000e+00,0.0000,0.0000,0
79,features.16,519,pruned_before,nan,0.000000e+00,0.000000e+00,0.0000,0.0000,0
79,features.16,520,pruned_before,nan,0.000000e+00,0.000000e+00,0.0000,0.0000,0
79,features.16,521,pruned_before,nan,0.000000e+00,0.000000e+00,0.0000,0.0000,0
79,features.16,522,pruned_before,nan,0.000000e+00,0.000000e+00,0.0000,0.0000,0
79,features.16,523,pruned_before,nan,0.000000e+00,0.000000e+00,0.0000,0.0000,0
79,features.16,524,pruned_before,nan,0.000000e+00,0.000000e+00,0.0000,0.0000,0
79,features.16,525,active,-0.000205,3.507485e-09,1.876738e-06,0.0004,0.0000,329
79,features.16,526,pruned_before,nan,0.000000e+00,0.000000e+00,0.0000,0.0000,0
79,features.16,527,pruned_before,nan,0.000000e+00,0.000000e+00,0.0000,0.0000,0
79,features.16,528,pruned_before,nan,0.000000e+00,0.000000e+00,0.0000,0.0000,0
79,features.16,529,pruned_before,nan,0.000000e+00,0.000000e+00,0.0000,0.0000,0
79,features.16,530,pruned_before,nan,0.000000e+00,0.000000e+00,0.0000,0.0000,0
79,features.16,531,active,-0.004140,7.048016e-08,4.138577e-06,0.0083,0.0000,329
79,features.16,532,pruned_before,nan,0.000000e+00,0.000000e+00,0.0000,0.0000,0
79,features.16,533,pruned_before,nan,0.000000e+00,0.000000e+00,0.0000,0.0000,0
79,features.16,534,pruned_before,nan,0.000000e+00,0.000000e+00,0.0000,0.0000,0
79,features.16,535,pruned_before,nan,0.000000e+00,0.000000e+00,0.0000,0.0000,0
79,features.16,536,pruned_before,nan,0.000000e+00,0.000000e+00,0.0000,0.0000,0
79,features.16,537,pruned_before,nan,0.000000e+00,0.000000e+00,0.0000,0.0000,0
79,features.16,538,pruned_before,nan,0.000000e+00,0.000000e+00,0.0000,0.0000,0
79,features.16,539,active,-0.001918,3.280623e-08,1.649966e-05,0.0039,0.0000,329
79,features.16,540,pruned_before,nan,0.000000e+00,0.000000e+00,0.0000,0.0000,0
79,features.16,541,pruned_before,nan,0.000000e+00,0.000000e+00,0.0000,0.0000,0
79,features.16,542,pruned_before,nan,0.000000e+00,0.000000e+00,0.0000,0.0000,0
79,features.16,543,pruned_before,nan,0.000000e+00,0.000000e+00,0.0000,0.0000,0
79,features.16,544,pruned_before,nan,0.000000e+00,0.000000e+00,0.0000,0.0000,0
79,features.16,545,pruned_before,nan,0.000000e+00,0.000000e+00,0.0000,0.0000,0
79,features.16,546,pruned_before,nan,0.000000e+00,0.000000e+00,0.0000,0.0000,0
79,features.16,547,pruned_before,nan,0.000000e+00,0.000000e+00,0.0000,0.0000,0
79,features.16,548,pruned_before,nan,0.000000e+00,0.000000e+00,0.0000,0.0000,0
79,features.16,549,pruned_before,nan,0.000000e+00,0.000000e+00,0.0000,0.0000,0
79,features.16,550,active,-0.013445,2.288749e-07,9.728129e-06,0.0269,0.0000,329
79,features.16,551,pruned_before,nan,0.000000e+00,0.000000e+00,0.0000,0.0000,0
79,features.16,552,pruned_before,nan,0.000000e+00,0.000000e+00,0.0000,0.0000,0
79,features.16,553,pruned_before,nan,0.000000e+00,0.000000e+00,0.0000,0.0000,0
79,features.16,554,pruned_before,nan,0.000000e+00,0.000000e+00,0.0000,0.0000,0
79,features.16,555,pruned_before,nan,0.000000e+00,0.000000e+00,0.0000,0.0000,0
79,features.16,556,pruned_before,nan,0.000000e+00,0.000000e+00,0.0000,0.0000,0
79,features.16,557,pruned_before,nan,0.000000e+00,0.000000e+00,0.0000,0.0000,0
79,features.16,558,pruned_before,nan,0.000000e+00,0.000000e+00,0.0000,0.0000,0
79,features.16,559,pruned_before,nan,0.000000e+00,0.000000e+00,0.0000,0.0000,0
79,features.16,560,active,-0.003829,6.525057e-08,9.354621e-06,0.0077,0.0000,329
79,features.16,561,active,-0.001094,1.864245e-08,2.041623e-06,0.0022,0.0000,329
79,features.16,562,pruned_before,nan,0.000000e+00,0.000000e+00,0.0000,0.0000,0
79,features.16,563,active,-0.002336,3.979583e-08,3.761620e-06,0.0047,0.0000,329
79,features.16,564,pruned_before,nan,0.000000e+00,0.000000e+00,0.0000,0.0000,0
79,features.16,565,pruned_before,nan,0.000000e+00,0.000000e+00,0.0000,0.0000,0
79,features.16,566,pruned_before,nan,0.000000e+00,0.000000e+00,0.0000,0.0000,0
79,features.16,567,pruned_before,nan,0.000000e+00,0.000000e+00,0.0000,0.0000,0
79,features.16,568,pruned_before,nan,0.000000e+00,0.000000e+00,0.0000,0.0000,0
79,features.16,569,pruned_before,nan,0.000000e+00,0.000000e+00,0.0000,0.0000,0
79,features.16,570,pruned_before,nan,0.000000e+00,0.000000e+00,0.0000,0.0000,0
79,features.16,571,pruned_before,nan,0.000000e+00,0.000000e+00,0.0000,0.0000,0
79,features.16,572,pruned_before,nan,0.000000e+00,0.000000e+00,0.0000,0.0000,0
79,features.16,573,pruned_before,nan,0.000000e+00,0.000000e+00,0.0000,0.0000,0
79,features.16,574,pruned_before,nan,0.000000e+00,0.000000e+00,0.0000,0.0000,0
79,features.16,575,pruned_before,nan,0.000000e+00,0.000000e+00,0.0000,0.0000,0
79,features.16,576,pruned_before,nan,0.000000e+00,0.000000e+00,0.0000,0.0000,0
79,features.16,577,pruned_before,nan,0.000000e+00,0.000000e+00,0.0000,0.0000,0
79,features.16,578,pruned_before,nan,0.000000e+00,0.000000e+00,0.0000,0.0000,0
79,features.16,579,pruned_before,nan,0.000000e+00,0.000000e+00,0.0000,0.0000,0
79,features.16,580,pruned_before,nan,0.000000e+00,0.000000e+00,0.0000,0.0000,0
79,features.16,581,pruned_before,nan,0.000000e+00,0.000000e+00,0.0000,0.0000,0
79,features.16,582,pruned_before,nan,0.000000e+00,0.000000e+00,0.0000,0.0000,0
79,features.16,583,pruned_before,nan,0.000000e+00,0.000000e+00,0.0000,0.0000,0
79,features.16,584,pruned_before,nan,0.000000e+00,0.000000e+00,0.0000,0.0000,0
79,features.16,585,pruned_before,nan,0.000000e+00,0.000000e+00,0.0000,0.0000,0
79,features.16,586,active,-0.001111,1.891927e-08,1.311268e-06,0.0022,0.0000,329
79,features.16,587,pruned_before,nan,0.000000e+00,0.000000e+00,0.0000,0.0000,0
79,features.16,588,pruned_before,nan,0.000000e+00,0.000000e+00,0.0000,0.0000,0
79,features.16,589,pruned_before,nan,0.000000e+00,0.000000e+00,0.0000,0.0000,0
79,features.16,590,active,-0.001621,2.760893e-08,3.181744e-06,0.0032,0.0000,329
79,features.16,591,pruned_before,nan,0.000000e+00,0.000000e+00,0.0000,0.0000,0
79,features.16,592,pruned_before,nan,0.000000e+00,0.000000e+00,0.0000,0.0000,0
79,features.16,593,pruned_before,nan,0.000000e+00,0.000000e+00,0.0000,0.0000,0
79,features.16,594,pruned_before,nan,0.000000e+00,0.000000e+00,0.0000,0.0000,0
79,features.16,595,pruned_before,nan,0.000000e+00,0.000000e+00,0.0000,0.0000,0
79,features.16,596,pruned_before,nan,0.000000e+00,0.000000e+00,0.0000,0.0000,0
79,features.16,597,pruned_before,nan,0.000000e+00,0.000000e+00,0.0000,0.0000,0
79,features.16,598,pruned_before,nan,0.000000e+00,0.000000e+00,0.0000,0.0000,0
79,features.16,599,pruned_before,nan,0.000000e+00,0.000000e+00,0.0000,0.0000,0
79,features.16,600,pruned_before,nan,0.000000e+00,0.000000e+00,0.0000,0.0000,0
79,features.16,601,pruned_before,nan,0.000000e+00,0.000000e+00,0.0000,0.0000,0
79,features.16,602,pruned_before,nan,0.000000e+00,0.000000e+00,0.0000,0.0000,0
79,features.16,603,pruned_before,nan,0.000000e+00,0.000000e+00,0.0000,0.0000,0
79,features.16,604,pruned_before,nan,0.000000e+00,0.000000e+00,0.0000,0.0000,0
79,features.16,605,pruned_before,nan,0.000000e+00,0.000000e+00,0.0000,0.0000,0
79,features.16,606,active,-0.001294,2.202571e-08,6.321373e-07,0.0026,0.0000,329
79,features.16,607,pruned_before,nan,0.000000e+00,0.000000e+00,0.0000,0.0000,0
79,features.16,608,active,-0.000367,6.264560e-09,2.288151e-06,0.0007,0.0000,329
79,features.16,609,pruned_before,nan,0.000000e+00,0.000000e+00,0.0000,0.0000,0
79,features.16,610,pruned_before,nan,0.000000e+00,0.000000e+00,0.0000,0.0000,0
79,features.16,611,pruned_before,nan,0.000000e+00,0.000000e+00,0.0000,0.0000,0
79,features.16,612,pruned_before,nan,0.000000e+00,0.000000e+00,0.0000,0.0000,0
79,features.16,613,pruned_before,nan,0.000000e+00,0.000000e+00,0.0000,0.0000,0
79,features.16,614,pruned_before,nan,0.000000e+00,0.000000e+00,0.0000,0.0000,0
79,features.16,615,pruned_before,nan,0.000000e+00,0.000000e+00,0.0000,0.0000,0
79,features.16,616,pruned_before,nan,0.000000e+00,0.000000e+00,0.0000,0.0000,0
79,features.16,617,pruned_before,nan,0.000000e+00,0.000000e+00,0.0000,0.0000,0
79,features.16,618,pruned_before,nan,0.000000e+00,0.000000e+00,0.0000,0.0000,0
79,features.16,619,pruned_before,nan,0.000000e+00,0.000000e+00,0.0000,0.0000,0
79,features.16,620,active,-0.001759,2.994239e-08,8.615082e-07,0.0035,0.0000,329
79,features.16,621,active,-0.000375,6.392717e-09,1.144017e-06,0.0008,0.0000,329
79,features.16,622,pruned_before,nan,0.000000e+00,0.000000e+00,0.0000,0.0000,0
79,features.16,623,active,-0.005878,1.000871e-07,7.550391e-06,0.0118,0.0000,329
79,features.16,624,pruned_before,nan,0.000000e+00,0.000000e+00,0.0000,0.0000,0
79,features.16,625,pruned_before,nan,0.000000e+00,0.000000e+00,0.0000,0.0000,0
79,features.16,626,pruned_before,nan,0.000000e+00,0.000000e+00,0.0000,0.0000,0
79,features.16,627,pruned_before,nan,0.000000e+00,0.000000e+00,0.0000,0.0000,0
79,features.16,628,pruned_before,nan,0.000000e+00,0.000000e+00,0.0000,0.0000,0
79,features.16,629,pruned_before,nan,0.000000e+00,0.000000e+00,0.0000,0.0000,0
79,features.16,630,pruned_before,nan,0.000000e+00,0.000000e+00,0.0000,0.0000,0
79,features.16,631,pruned_before,nan,0.000000e+00,0.000000e+00,0.0000,0.0000,0
79,features.16,632,pruned_before,nan,0.000000e+00,0.000000e+00,0.0000,0.0000,0
79,features.16,633,active,-0.007847,1.335443e-07,2.394887e-06,0.0157,0.0000,329
79,features.16,634,pruned_before,nan,0.000000e+00,0.000000e+00,0.0000,0.0000,0
79,features.16,635,active,-0.001326,2.264706e-08,7.619871e-06,0.0027,0.0000,329
79,features.16,636,active,-0.002030,3.459541e-08,5.721378e-06,0.0041,0.0000,329
79,features.16,637,active,-0.015464,2.712241e-07,7.422254e-04,0.0319,0.0010,329
79,features.16,638,pruned_before,nan,0.000000e+00,0.000000e+00,0.0000,0.0000,0
79,features.16,639,active,-0.007081,1.205302e-07,4.895478e-06,0.0142,0.0000,329
79,features.16,640,pruned_before,nan,0.000000e+00,0.000000e+00,0.0000,0.0000,0
79,features.16,641,pruned_before,nan,0.000000e+00,0.000000e+00,0.0000,0.0000,0
79,features.16,642,pruned_before,nan,0.000000e+00,0.000000e+00,0.0000,0.0000,0
79,features.16,643,pruned_before,nan,0.000000e+00,0.000000e+00,0.0000,0.0000,0
79,features.16,644,pruned_before,nan,0.000000e+00,0.000000e+00,0.0000,0.0000,0
79,features.16,645,pruned_before,nan,0.000000e+00,0.000000e+00,0.0000,0.0000,0
79,features.16,646,pruned_before,nan,0.000000e+00,0.000000e+00,0.0000,0.0000,0
79,features.16,647,pruned_before,nan,0.000000e+00,0.000000e+00,0.0000,0.0000,0
79,features.16,648,active,-0.000187,3.205167e-09,1.730010e-06,0.0004,0.0000,329
79,features.16,649,pruned_before,nan,0.000000e+00,0.000000e+00,0.0000,0.0000,0
79,features.16,650,pruned_before,nan,0.000000e+00,0.000000e+00,0.0000,0.0000,0
79,features.16,651,pruned_before,nan,0.000000e+00,0.000000e+00,0.0000,0.0000,0
79,features.16,652,pruned_before,nan,0.000000e+00,0.000000e+00,0.0000,0.0000,0
79,features.16,653,pruned_before,nan,0.000000e+00,0.000000e+00,0.0000,0.0000,0
79,features.16,654,pruned_before,nan,0.000000e+00,0.000000e+00,0.0000,0.0000,0
79,features.16,655,pruned_before,nan,0.000000e+00,0.000000e+00,0.0000,0.0000,0
79,features.16,656,pruned_before,nan,0.000000e+00,0.000000e+00,0.0000,0.0000,0
79,features.16,657,pruned_before,nan,0.000000e+00,0.000000e+00,0.0000,0.0000,0
79,features.16,658,pruned_before,nan,0.000000e+00,0.000000e+00,0.0000,0.0000,0
79,features.16,659,active,-0.002258,3.854216e-08,1.147574e-05,0.0045,0.0000,329
79,features.16,660,pruned_before,nan,0.000000e+00,0.000000e+00,0.0000,0.0000,0
79,features.16,661,pruned_before,nan,0.000000e+00,0.000000e+00,0.0000,0.0000,0
79,features.16,662,pruned_before,nan,0.000000e+00,0.000000e+00,0.0000,0.0000,0
79,features.16,663,pruned_before,nan,0.000000e+00,0.000000e+00,0.0000,0.0000,0
79,features.16,664,pruned_before,nan,0.000000e+00,0.000000e+00,0.0000,0.0000,0
79,features.16,665,pruned_before,nan,0.000000e+00,0.000000e+00,0.0000,0.0000,0
79,features.16,666,pruned_before,nan,0.000000e+00,0.000000e+00,0.0000,0.0000,0
79,features.16,667,pruned_before,nan,0.000000e+00,0.000000e+00,0.0000,0.0000,0
79,features.16,668,active,-0.009367,1.594883e-07,9.925378e-06,0.0187,0.0000,329
79,features.16,669,pruned_before,nan,0.000000e+00,0.000000e+00,0.0000,0.0000,0
79,features.16,670,pruned_before,nan,0.000000e+00,0.000000e+00,0.0000,0.0000,0
79,features.16,671,pruned_before,nan,0.000000e+00,0.000000e+00,0.0000,0.0000,0
79,features.16,672,pruned_before,nan,0.000000e+00,0.000000e+00,0.0000,0.0000,0
79,features.16,673,pruned_before,nan,0.000000e+00,0.000000e+00,0.0000,0.0000,0
79,features.16,674,active,-0.012244,2.086373e-07,2.762892e-05,0.0245,0.0000,329
79,features.16,675,pruned_before,nan,0.000000e+00,0.000000e+00,0.0000,0.0000,0
79,features.16,676,pruned_before,nan,0.000000e+00,0.000000e+00,0.0000,0.0000,0
79,features.16,677,pruned_before,nan,0.000000e+00,0.000000e+00,0.0000,0.0000,0
79,features.16,678,pruned_before,nan,0.000000e+00,0.000000e+00,0.0000,0.0000,0
79,features.16,679,pruned_before,nan,0.000000e+00,0.000000e+00,0.0000,0.0000,0
79,features.16,680,pruned_before,nan,0.000000e+00,0.000000e+00,0.0000,0.0000,0
79,features.16,681,pruned_before,nan,0.000000e+00,0.000000e+00,0.0000,0.0000,0
79,features.16,682,pruned_before,nan,0.000000e+00,0.000000e+00,0.0000,0.0000,0
79,features.16,683,pruned_before,nan,0.000000e+00,0.000000e+00,0.0000,0.0000,0
79,features.16,684,pruned_before,nan,0.000000e+00,0.000000e+00,0.0000,0.0000,0
79,features.16,685,pruned_before,nan,0.000000e+00,0.000000e+00,0.0000,0.0000,0
79,features.16,686,pruned_before,nan,0.000000e+00,0.000000e+00,0.0000,0.0000,0
79,features.16,687,pruned_before,nan,0.000000e+00,0.000000e+00,0.0000,0.0000,0
79,features.16,688,pruned_before,nan,0.000000e+00,0.000000e+00,0.0000,0.0000,0
79,features.16,689,pruned_before,nan,0.000000e+00,0.000000e+00,0.0000,0.0000,0
79,features.16,690,pruned_before,nan,0.000000e+00,0.000000e+00,0.0000,0.0000,0
79,features.16,691,pruned_before,nan,0.000000e+00,0.000000e+00,0.0000,0.0000,0
79,features.16,692,pruned_before,nan,0.000000e+00,0.000000e+00,0.0000,0.0000,0
79,features.16,693,pruned_before,nan,0.000000e+00,0.000000e+00,0.0000,0.0000,0
79,features.16,694,pruned_before,nan,0.000000e+00,0.000000e+00,0.0000,0.0000,0
79,features.16,695,pruned_before,nan,0.000000e+00,0.000000e+00,0.0000,0.0000,0
79,features.16,696,active,-0.003065,5.218667e-08,3.810979e-06,0.0061,0.0000,329
79,features.16,697,pruned_before,nan,0.000000e+00,0.000000e+00,0.0000,0.0000,0
79,features.16,698,pruned_before,nan,0.000000e+00,0.000000e+00,0.0000,0.0000,0
79,features.16,699,pruned_before,nan,0.000000e+00,0.000000e+00,0.0000,0.0000,0
79,features.16,700,pruned_before,nan,0.000000e+00,0.000000e+00,0.0000,0.0000,0
79,features.16,701,active,-0.001386,2.364902e-08,6.729416e-06,0.0028,0.0000,329
79,features.16,702,pruned_before,nan,0.000000e+00,0.000000e+00,0.0000,0.0000,0
79,features.16,703,pruned_before,nan,0.000000e+00,0.000000e+00,0.0000,0.0000,0
79,features.16,704,pruned_before,nan,0.000000e+00,0.000000e+00,0.0000,0.0000,0
79,features.16,705,pruned_before,nan,0.000000e+00,0.000000e+00,0.0000,0.0000,0
79,features.16,706,pruned_before,nan,0.000000e+00,0.000000e+00,0.0000,0.0000,0
79,features.16,707,active,-0.000020,3.357692e-10,7.011347e-08,0.0000,0.0000,329
79,features.16,708,pruned_before,nan,0.000000e+00,0.000000e+00,0.0000,0.0000,0
79,features.16,709,pruned_before,nan,0.000000e+00,0.000000e+00,0.0000,0.0000,0
79,features.16,710,pruned_before,nan,0.000000e+00,0.000000e+00,0.0000,0.0000,0
79,features.16,711,pruned_before,nan,0.000000e+00,0.000000e+00,0.0000,0.0000,0
79,features.16,712,pruned_before,nan,0.000000e+00,0.000000e+00,0.0000,0.0000,0
79,features.16,713,pruned_before,nan,0.000000e+00,0.000000e+00,0.0000,0.0000,0
79,features.16,714,pruned_before,nan,0.000000e+00,0.000000e+00,0.0000,0.0000,0
79,features.16,715,pruned_before,nan,0.000000e+00,0.000000e+00,0.0000,0.0000,0
79,features.16,716,pruned_before,nan,0.000000e+00,0.000000e+00,0.0000,0.0000,0
79,features.16,717,pruned_before,nan,0.000000e+00,0.000000e+00,0.0000,0.0000,0
79,features.16,718,pruned_before,nan,0.000000e+00,0.000000e+00,0.0000,0.0000,0
79,features.16,719,pruned_before,nan,0.000000e+00,0.000000e+00,0.0000,0.0000,0
79,features.16,720,pruned_before,nan,0.000000e+00,0.000000e+00,0.0000,0.0000,0
79,features.16,721,pruned_before,nan,0.000000e+00,0.000000e+00,0.0000,0.0000,0
79,features.16,722,pruned_before,nan,0.000000e+00,0.000000e+00,0.0000,0.0000,0
79,features.16,723,pruned_before,nan,0.000000e+00,0.000000e+00,0.0000,0.0000,0
79,features.16,724,pruned_before,nan,0.000000e+00,0.000000e+00,0.0000,0.0000,0
79,features.16,725,pruned_before,nan,0.000000e+00,0.000000e+00,0.0000,0.0000,0
79,features.16,726,pruned_before,nan,0.000000e+00,0.000000e+00,0.0000,0.0000,0
79,features.16,727,pruned_before,nan,0.000000e+00,0.000000e+00,0.0000,0.0000,0
79,features.16,728,pruned_before,nan,0.000000e+00,0.000000e+00,0.0000,0.0000,0
79,features.16,729,pruned_before,nan,0.000000e+00,0.000000e+00,0.0000,0.0000,0
79,features.16,730,pruned_before,nan,0.000000e+00,0.000000e+00,0.0000,0.0000,0
79,features.16,731,pruned_before,nan,0.000000e+00,0.000000e+00,0.0000,0.0000,0
79,features.16,732,pruned_before,nan,0.000000e+00,0.000000e+00,0.0000,0.0000,0
79,features.16,733,pruned_before,nan,0.000000e+00,0.000000e+00,0.0000,0.0000,0
79,features.16,734,pruned_before,nan,0.000000e+00,0.000000e+00,0.0000,0.0000,0
79,features.16,735,pruned_before,nan,0.000000e+00,0.000000e+00,0.0000,0.0000,0
79,features.16,736,active,-0.001000,1.702523e-08,9.077721e-07,0.0020,0.0000,329
79,features.16,737,pruned_before,nan,0.000000e+00,0.000000e+00,0.0000,0.0000,0
79,features.16,738,pruned_before,nan,0.000000e+00,0.000000e+00,0.0000,0.0000,0
79,features.16,739,pruned_before,nan,0.000000e+00,0.000000e+00,0.0000,0.0000,0
79,features.16,740,pruned_before,nan,0.000000e+00,0.000000e+00,0.0000,0.0000,0
79,features.16,741,pruned_before,nan,0.000000e+00,0.000000e+00,0.0000,0.0000,0
79,features.16,742,pruned_before,nan,0.000000e+00,0.000000e+00,0.0000,0.0000,0
79,features.16,743,pruned_before,nan,0.000000e+00,0.000000e+00,0.0000,0.0000,0
79,features.16,744,pruned_before,nan,0.000000e+00,0.000000e+00,0.0000,0.0000,0
79,features.16,745,pruned_before,nan,0.000000e+00,0.000000e+00,0.0000,0.0000,0
79,features.16,746,pruned_before,nan,0.000000e+00,0.000000e+00,0.0000,0.0000,0
79,features.16,747,pruned_before,nan,0.000000e+00,0.000000e+00,0.0000,0.0000,0
79,features.16,748,pruned_before,nan,0.000000e+00,0.000000e+00,0.0000,0.0000,0
79,features.16,749,pruned_before,nan,0.000000e+00,0.000000e+00,0.0000,0.0000,0
79,features.16,750,pruned_before,nan,0.000000e+00,0.000000e+00,0.0000,0.0000,0
79,features.16,751,pruned_before,nan,0.000000e+00,0.000000e+00,0.0000,0.0000,0
79,features.16,752,pruned_before,nan,0.000000e+00,0.000000e+00,0.0000,0.0000,0
79,features.16,753,pruned_before,nan,0.000000e+00,0.000000e+00,0.0000,0.0000,0
79,features.16,754,pruned_before,nan,0.000000e+00,0.000000e+00,0.0000,0.0000,0
79,features.16,755,pruned_before,nan,0.000000e+00,0.000000e+00,0.0000,0.0000,0
79,features.16,756,pruned_before,nan,0.000000e+00,0.000000e+00,0.0000,0.0000,0
79,features.16,757,pruned_before,nan,0.000000e+00,0.000000e+00,0.0000,0.0000,0
79,features.16,758,pruned_before,nan,0.000000e+00,0.000000e+00,0.0000,0.0000,0
79,features.16,759,pruned_before,nan,0.000000e+00,0.000000e+00,0.0000,0.0000,0
79,features.16,760,pruned_before,nan,0.000000e+00,0.000000e+00,0.0000,0.0000,0
79,features.16,761,pruned_before,nan,0.000000e+00,0.000000e+00,0.0000,0.0000,0
79,features.16,762,pruned_before,nan,0.000000e+00,0.000000e+00,0.0000,0.0000,0
79,features.16,763,pruned_before,nan,0.000000e+00,0.000000e+00,0.0000,0.0000,0
79,features.16,764,pruned_before,nan,0.000000e+00,0.000000e+00,0.0000,0.0000,0
79,features.16,765,pruned_before,nan,0.000000e+00,0.000000e+00,0.0000,0.0000,0
79,features.16,766,pruned_before,nan,0.000000e+00,0.000000e+00,0.0000,0.0000,0
79,features.16,767,pruned_before,nan,0.000000e+00,0.000000e+00,0.0000,0.0000,0
79,features.16,768,pruned_before,nan,0.000000e+00,0.000000e+00,0.0000,0.0000,0
79,features.16,769,pruned_before,nan,0.000000e+00,0.000000e+00,0.0000,0.0000,0
79,features.16,770,pruned_before,nan,0.000000e+00,0.000000e+00,0.0000,0.0000,0
79,features.16,771,pruned_before,nan,0.000000e+00,0.000000e+00,0.0000,0.0000,0
79,features.16,772,pruned_before,nan,0.000000e+00,0.000000e+00,0.0000,0.0000,0
79,features.16,773,pruned_before,nan,0.000000e+00,0.000000e+00,0.0000,0.0000,0
79,features.16,774,pruned_before,nan,0.000000e+00,0.000000e+00,0.0000,0.0000,0
79,features.16,775,pruned_before,nan,0.000000e+00,0.000000e+00,0.0000,0.0000,0
79,features.16,776,pruned_before,nan,0.000000e+00,0.000000e+00,0.0000,0.0000,0
79,features.16,777,pruned_before,nan,0.000000e+00,0.000000e+00,0.0000,0.0000,0
79,features.16,778,pruned_before,nan,0.000000e+00,0.000000e+00,0.0000,0.0000,0
79,features.16,779,active,-0.009842,1.675180e-07,5.860076e-06,0.0197,0.0000,329
79,features.16,780,pruned_before,nan,0.000000e+00,0.000000e+00,0.0000,0.0000,0
79,features.16,781,pruned_before,nan,0.000000e+00,0.000000e+00,0.0000,0.0000,0
79,features.16,782,pruned_before,nan,0.000000e+00,0.000000e+00,0.0000,0.0000,0
79,features.16,783,pruned_before,nan,0.000000e+00,0.000000e+00,0.0000,0.0000,0
79,features.16,784,pruned_before,nan,0.000000e+00,0.000000e+00,0.0000,0.0000,0
79,features.16,785,pruned_before,nan,0.000000e+00,0.000000e+00,0.0000,0.0000,0
79,features.16,786,pruned_before,nan,0.000000e+00,0.000000e+00,0.0000,0.0000,0
79,features.16,787,pruned_before,nan,0.000000e+00,0.000000e+00,0.0000,0.0000,0
79,features.16,788,pruned_before,nan,0.000000e+00,0.000000e+00,0.0000,0.0000,0
79,features.16,789,pruned_before,nan,0.000000e+00,0.000000e+00,0.0000,0.0000,0
79,features.16,790,pruned_before,nan,0.000000e+00,0.000000e+00,0.0000,0.0000,0
79,features.16,791,pruned_before,nan,0.000000e+00,0.000000e+00,0.0000,0.0000,0
79,features.16,792,pruned_before,nan,0.000000e+00,0.000000e+00,0.0000,0.0000,0
79,features.16,793,pruned_before,nan,0.000000e+00,0.000000e+00,0.0000,0.0000,0
79,features.16,794,active,-0.004885,8.353307e-08,3.871674e-05,0.0098,0.0000,329
79,features.16,795,pruned_before,nan,0.000000e+00,0.000000e+00,0.0000,0.0000,0
79,features.16,796,pruned_before,nan,0.000000e+00,0.000000e+00,0.0000,0.0000,0
79,features.16,797,pruned_before,nan,0.000000e+00,0.000000e+00,0.0000,0.0000,0
79,features.16,798,pruned_before,nan,0.000000e+00,0.000000e+00,0.0000,0.0000,0
79,features.16,799,pruned_before,nan,0.000000e+00,0.000000e+00,0.0000,0.0000,0
79,features.16,800,pruned_before,nan,0.000000e+00,0.000000e+00,0.0000,0.0000,0
79,features.16,801,pruned_before,nan,0.000000e+00,0.000000e+00,0.0000,0.0000,0
79,features.16,802,pruned_before,nan,0.000000e+00,0.000000e+00,0.0000,0.0000,0
79,features.16,803,pruned_before,nan,0.000000e+00,0.000000e+00,0.0000,0.0000,0
79,features.16,804,pruned_before,nan,0.000000e+00,0.000000e+00,0.0000,0.0000,0
79,features.16,805,pruned_before,nan,0.000000e+00,0.000000e+00,0.0000,0.0000,0
79,features.16,806,pruned_before,nan,0.000000e+00,0.000000e+00,0.0000,0.0000,0
79,features.16,807,pruned_before,nan,0.000000e+00,0.000000e+00,0.0000,0.0000,0
79,features.16,808,pruned_before,nan,0.000000e+00,0.000000e+00,0.0000,0.0000,0
79,features.16,809,pruned_before,nan,0.000000e+00,0.000000e+00,0.0000,0.0000,0
79,features.16,810,pruned_before,nan,0.000000e+00,0.000000e+00,0.0000,0.0000,0
79,features.16,811,pruned_before,nan,0.000000e+00,0.000000e+00,0.0000,0.0000,0
79,features.16,812,pruned_before,nan,0.000000e+00,0.000000e+00,0.0000,0.0000,0
79,features.16,813,pruned_before,nan,0.000000e+00,0.000000e+00,0.0000,0.0000,0
79,features.16,814,active,0.000000,0.000000e+00,0.000000e+00,0.0000,0.0000,329
79,features.16,815,pruned_before,nan,0.000000e+00,0.000000e+00,0.0000,0.0000,0
79,features.16,816,pruned_before,nan,0.000000e+00,0.000000e+00,0.0000,0.0000,0
79,features.16,817,active,-0.005804,9.932954e-08,5.296923e-05,0.0117,0.0001,329
79,features.16,818,pruned_before,nan,0.000000e+00,0.000000e+00,0.0000,0.0000,0
79,features.16,819,pruned_before,nan,0.000000e+00,0.000000e+00,0.0000,0.0000,0
79,features.16,820,pruned_before,nan,0.000000e+00,0.000000e+00,0.0000,0.0000,0
79,features.16,821,active,-0.000029,5.014516e-10,1.336217e-06,0.0001,0.0000,329
79,features.16,822,pruned_before,nan,0.000000e+00,0.000000e+00,0.0000,0.0000,0
79,features.16,823,pruned_before,nan,0.000000e+00,0.000000e+00,0.0000,0.0000,0
79,features.16,824,pruned_before,nan,0.000000e+00,0.000000e+00,0.0000,0.0000,0
79,features.16,825,pruned_before,nan,0.000000e+00,0.000000e+00,0.0000,0.0000,0
79,features.16,826,pruned_before,nan,0.000000e+00,0.000000e+00,0.0000,0.0000,0
79,features.16,827,pruned_before,nan,0.000000e+00,0.000000e+00,0.0000,0.0000,0
79,features.16,828,pruned_before,nan,0.000000e+00,0.000000e+00,0.0000,0.0000,0
79,features.16,829,pruned_before,nan,0.000000e+00,0.000000e+00,0.0000,0.0000,0
79,features.16,830,pruned_before,nan,0.000000e+00,0.000000e+00,0.0000,0.0000,0
79,features.16,831,pruned_before,nan,0.000000e+00,0.000000e+00,0.0000,0.0000,0
79,features.16,832,pruned_before,nan,0.000000e+00,0.000000e+00,0.0000,0.0000,0
79,features.16,833,pruned_before,nan,0.000000e+00,0.000000e+00,0.0000,0.0000,0
79,features.16,834,pruned_before,nan,0.000000e+00,0.000000e+00,0.0000,0.0000,0
79,features.16,835,pruned_before,nan,0.000000e+00,0.000000e+00,0.0000,0.0000,0
79,features.16,836,pruned_before,nan,0.000000e+00,0.000000e+00,0.0000,0.0000,0
79,features.16,837,pruned_before,nan,0.000000e+00,0.000000e+00,0.0000,0.0000,0
79,features.16,838,pruned_before,nan,0.000000e+00,0.000000e+00,0.0000,0.0000,0
79,features.16,839,pruned_before,nan,0.000000e+00,0.000000e+00,0.0000,0.0000,0
79,features.16,840,pruned_before,nan,0.000000e+00,0.000000e+00,0.0000,0.0000,0
79,features.16,841,pruned_before,nan,0.000000e+00,0.000000e+00,0.0000,0.0000,0
79,features.16,842,pruned_before,nan,0.000000e+00,0.000000e+00,0.0000,0.0000,0
79,features.16,843,pruned_before,nan,0.000000e+00,0.000000e+00,0.0000,0.0000,0
79,features.16,844,pruned_before,nan,0.000000e+00,0.000000e+00,0.0000,0.0000,0
79,features.16,845,pruned_before,nan,0.000000e+00,0.000000e+00,0.0000,0.0000,0
79,features.16,846,pruned_before,nan,0.000000e+00,0.000000e+00,0.0000,0.0000,0
79,features.16,847,pruned_before,nan,0.000000e+00,0.000000e+00,0.0000,0.0000,0
79,features.16,848,pruned_before,nan,0.000000e+00,0.000000e+00,0.0000,0.0000,0
79,features.16,849,pruned_before,nan,0.000000e+00,0.000000e+00,0.0000,0.0000,0
79,features.16,850,pruned_before,nan,0.000000e+00,0.000000e+00,0.0000,0.0000,0
79,features.16,851,pruned_before,nan,0.000000e+00,0.000000e+00,0.0000,0.0000,0
79,features.16,852,active,-0.004175,7.144283e-08,3.699368e-05,0.0084,0.0000,329
79,features.16,853,pruned_before,nan,0.000000e+00,0.000000e+00,0.0000,0.0000,0
79,features.16,854,pruned_before,nan,0.000000e+00,0.000000e+00,0.0000,0.0000,0
79,features.16,855,pruned_before,nan,0.000000e+00,0.000000e+00,0.0000,0.0000,0
79,features.16,856,pruned_before,nan,0.000000e+00,0.000000e+00,0.0000,0.0000,0
79,features.16,857,pruned_before,nan,0.000000e+00,0.000000e+00,0.0000,0.0000,0
79,features.16,858,pruned_before,nan,0.000000e+00,0.000000e+00,0.0000,0.0000,0
79,features.16,859,pruned_before,nan,0.000000e+00,0.000000e+00,0.0000,0.0000,0
79,features.16,860,pruned_before,nan,0.000000e+00,0.000000e+00,0.0000,0.0000,0
79,features.16,861,pruned_before,nan,0.000000e+00,0.000000e+00,0.0000,0.0000,0
79,features.16,862,pruned_before,nan,0.000000e+00,0.000000e+00,0.0000,0.0000,0
79,features.16,863,pruned_before,nan,0.000000e+00,0.000000e+00,0.0000,0.0000,0
79,features.16,864,pruned_before,nan,0.000000e+00,0.000000e+00,0.0000,0.0000,0
79,features.16,865,pruned_before,nan,0.000000e+00,0.000000e+00,0.0000,0.0000,0
79,features.16,866,pruned_before,nan,0.000000e+00,0.000000e+00,0.0000,0.0000,0
79,features.16,867,pruned_before,nan,0.000000e+00,0.000000e+00,0.0000,0.0000,0
79,features.16,868,pruned_before,nan,0.000000e+00,0.000000e+00,0.0000,0.0000,0
79,features.16,869,pruned_before,nan,0.000000e+00,0.000000e+00,0.0000,0.0000,0
79,features.16,870,pruned_before,nan,0.000000e+00,0.000000e+00,0.0000,0.0000,0
79,features.16,871,active,-0.001579,2.714596e-08,2.502261e-05,0.0032,0.0000,329
79,features.16,872,pruned_before,nan,0.000000e+00,0.000000e+00,0.0000,0.0000,0
79,features.16,873,pruned_before,nan,0.000000e+00,0.000000e+00,0.0000,0.0000,0
79,features.16,874,pruned_before,nan,0.000000e+00,0.000000e+00,0.0000,0.0000,0
79,features.16,875,pruned_before,nan,0.000000e+00,0.000000e+00,0.0000,0.0000,0
79,features.16,876,pruned_before,nan,0.000000e+00,0.000000e+00,0.0000,0.0000,0
79,features.16,877,active,-0.001338,2.278578e-08,1.188801e-06,0.0027,0.0000,329
79,features.16,878,pruned_before,nan,0.000000e+00,0.000000e+00,0.0000,0.0000,0
79,features.16,879,pruned_before,nan,0.000000e+00,0.000000e+00,0.0000,0.0000,0
79,features.16,880,pruned_before,nan,0.000000e+00,0.000000e+00,0.0000,0.0000,0
79,features.16,881,pruned_before,nan,0.000000e+00,0.000000e+00,0.0000,0.0000,0
79,features.16,882,pruned_before,nan,0.000000e+00,0.000000e+00,0.0000,0.0000,0
79,features.16,883,pruned_before,nan,0.000000e+00,0.000000e+00,0.0000,0.0000,0
79,features.16,884,pruned_before,nan,0.000000e+00,0.000000e+00,0.0000,0.0000,0
79,features.16,885,pruned_before,nan,0.000000e+00,0.000000e+00,0.0000,0.0000,0
79,features.16,886,pruned_before,nan,0.000000e+00,0.000000e+00,0.0000,0.0000,0
79,features.16,887,pruned_before,nan,0.000000e+00,0.000000e+00,0.0000,0.0000,0
79,features.16,888,pruned_before,nan,0.000000e+00,0.000000e+00,0.0000,0.0000,0
79,features.16,889,pruned_before,nan,0.000000e+00,0.000000e+00,0.0000,0.0000,0
79,features.16,890,pruned_before,nan,0.000000e+00,0.000000e+00,0.0000,0.0000,0
79,features.16,891,active,-0.003534,6.017228e-08,3.142497e-06,0.0071,0.0000,329
79,features.16,892,pruned_before,nan,0.000000e+00,0.000000e+00,0.0000,0.0000,0
79,features.16,893,pruned_before,nan,0.000000e+00,0.000000e+00,0.0000,0.0000,0
79,features.16,894,active,-0.000977,1.692689e-08,2.796770e-05,0.0020,0.0000,329
79,features.16,895,pruned_before,nan,0.000000e+00,0.000000e+00,0.0000,0.0000,0
79,features.16,896,active,-0.000567,9.658470e-09,4.192276e-07,0.0011,0.0000,329
79,features.16,897,pruned_before,nan,0.000000e+00,0.000000e+00,0.0000,0.0000,0
79,features.16,898,pruned_before,nan,0.000000e+00,0.000000e+00,0.0000,0.0000,0
79,features.16,899,pruned_before,nan,0.000000e+00,0.000000e+00,0.0000,0.0000,0
79,features.16,900,pruned_before,nan,0.000000e+00,0.000000e+00,0.0000,0.0000,0
79,features.16,901,pruned_before,nan,0.000000e+00,0.000000e+00,0.0000,0.0000,0
79,features.16,902,active,-0.000669,1.138419e-08,3.689264e-07,0.0013,0.0000,329
79,features.16,903,pruned_before,nan,0.000000e+00,0.000000e+00,0.0000,0.0000,0
79,features.16,904,pruned_before,nan,0.000000e+00,0.000000e+00,0.0000,0.0000,0
79,features.16,905,pruned_before,nan,0.000000e+00,0.000000e+00,0.0000,0.0000,0
79,features.16,906,pruned_before,nan,0.000000e+00,0.000000e+00,0.0000,0.0000,0
79,features.16,907,pruned_before,nan,0.000000e+00,0.000000e+00,0.0000,0.0000,0
79,features.16,908,active,-0.002591,4.426747e-08,1.718035e-05,0.0052,0.0000,329
79,features.16,909,pruned_before,nan,0.000000e+00,0.000000e+00,0.0000,0.0000,0
79,features.16,910,pruned_before,nan,0.000000e+00,0.000000e+00,0.0000,0.0000,0
79,features.16,911,pruned_before,nan,0.000000e+00,0.000000e+00,0.0000,0.0000,0
79,features.16,912,pruned_before,nan,0.000000e+00,0.000000e+00,0.0000,0.0000,0
79,features.16,913,pruned_before,nan,0.000000e+00,0.000000e+00,0.0000,0.0000,0
79,features.16,914,pruned_before,nan,0.000000e+00,0.000000e+00,0.0000,0.0000,0
79,features.16,915,pruned_before,nan,0.000000e+00,0.000000e+00,0.0000,0.0000,0
79,features.16,916,pruned_before,nan,0.000000e+00,0.000000e+00,0.0000,0.0000,0
79,features.16,917,active,-0.007834,1.333287e-07,3.752461e-06,0.0157,0.0000,329
79,features.16,918,pruned_before,nan,0.000000e+00,0.000000e+00,0.0000,0.0000,0
79,features.16,919,pruned_before,nan,0.000000e+00,0.000000e+00,0.0000,0.0000,0
79,features.16,920,pruned_before,nan,0.000000e+00,0.000000e+00,0.0000,0.0000,0
79,features.16,921,pruned_before,nan,0.000000e+00,0.000000e+00,0.0000,0.0000,0
79,features.16,922,pruned_before,nan,0.000000e+00,0.000000e+00,0.0000,0.0000,0
79,features.16,923,pruned_before,nan,0.000000e+00,0.000000e+00,0.0000,0.0000,0
79,features.16,924,pruned_before,nan,0.000000e+00,0.000000e+00,0.0000,0.0000,0
79,features.16,925,pruned_before,nan,0.000000e+00,0.000000e+00,0.0000,0.0000,0
79,features.16,926,pruned_before,nan,0.000000e+00,0.000000e+00,0.0000,0.0000,0
79,features.16,927,active,-0.008508,1.448028e-07,3.918269e-06,0.0170,0.0000,329
79,features.16,928,pruned_before,nan,0.000000e+00,0.000000e+00,0.0000,0.0000,0
79,features.16,929,pruned_before,nan,0.000000e+00,0.000000e+00,0.0000,0.0000,0
79,features.16,930,pruned_before,nan,0.000000e+00,0.000000e+00,0.0000,0.0000,0
79,features.16,931,pruned_before,nan,0.000000e+00,0.000000e+00,0.0000,0.0000,0
79,features.16,932,pruned_before,nan,0.000000e+00,0.000000e+00,0.0000,0.0000,0
79,features.16,933,active,-0.000244,4.158683e-09,9.596054e-07,0.0005,0.0000,329
79,features.16,934,pruned_before,nan,0.000000e+00,0.000000e+00,0.0000,0.0000,0
79,features.16,935,active,-0.000552,9.397256e-09,6.737633e-07,0.0011,0.0000,329
79,features.16,936,pruned_before,nan,0.000000e+00,0.000000e+00,0.0000,0.0000,0
79,features.16,937,pruned_before,nan,0.000000e+00,0.000000e+00,0.0000,0.0000,0
79,features.16,938,pruned_before,nan,0.000000e+00,0.000000e+00,0.0000,0.0000,0
79,features.16,939,pruned_before,nan,0.000000e+00,0.000000e+00,0.0000,0.0000,0
79,features.16,940,pruned_before,nan,0.000000e+00,0.000000e+00,0.0000,0.0000,0
79,features.16,941,pruned_before,nan,0.000000e+00,0.000000e+00,0.0000,0.0000,0
79,features.16,942,pruned_before,nan,0.000000e+00,0.000000e+00,0.0000,0.0000,0
79,features.16,943,pruned_before,nan,0.000000e+00,0.000000e+00,0.0000,0.0000,0
79,features.16,944,pruned_before,nan,0.000000e+00,0.000000e+00,0.0000,0.0000,0
79,features.16,945,pruned_before,nan,0.000000e+00,0.000000e+00,0.0000,0.0000,0
79,features.16,946,pruned_before,nan,0.000000e+00,0.000000e+00,0.0000,0.0000,0
79,features.16,947,pruned_before,nan,0.000000e+00,0.000000e+00,0.0000,0.0000,0
79,features.16,948,pruned_before,nan,0.000000e+00,0.000000e+00,0.0000,0.0000,0
79,features.16,949,pruned_before,nan,0.000000e+00,0.000000e+00,0.0000,0.0000,0
79,features.16,950,pruned_before,nan,0.000000e+00,0.000000e+00,0.0000,0.0000,0
79,features.16,951,active,-0.006802,1.158352e-07,9.013640e-06,0.0136,0.0000,329
79,features.16,952,pruned_before,nan,0.000000e+00,0.000000e+00,0.0000,0.0000,0
79,features.16,953,pruned_before,nan,0.000000e+00,0.000000e+00,0.0000,0.0000,0
79,features.16,954,pruned_before,nan,0.000000e+00,0.000000e+00,0.0000,0.0000,0
79,features.16,955,pruned_before,nan,0.000000e+00,0.000000e+00,0.0000,0.0000,0
79,features.16,956,pruned_before,nan,0.000000e+00,0.000000e+00,0.0000,0.0000,0
79,features.16,957,pruned_before,nan,0.000000e+00,0.000000e+00,0.0000,0.0000,0
79,features.16,958,pruned_before,nan,0.000000e+00,0.000000e+00,0.0000,0.0000,0
79,features.16,959,pruned_before,nan,0.000000e+00,0.000000e+00,0.0000,0.0000,0
79,features.17,0,active,-0.017119,7.124571e-07,1.446201e-05,0.0475,0.0133,489
79,features.17,1,active,-0.002544,8.399729e-08,5.633260e-07,0.0056,0.0005,489
79,features.17,2,pruned_before,nan,0.000000e+00,0.000000e+00,0.0000,0.0000,0
79,features.17,3,pruned_before,nan,0.000000e+00,0.000000e+00,0.0000,0.0000,0
79,features.17,4,pruned_before,nan,0.000000e+00,0.000000e+00,0.0000,0.0000,0
79,features.17,5,pruned_before,nan,0.000000e+00,0.000000e+00,0.0000,0.0000,0
79,features.17,6,active,-0.012840,3.974110e-07,9.136391e-07,0.0265,0.0008,489
79,features.17,7,active,-0.011725,3.652924e-07,1.007179e-06,0.0244,0.0009,489
79,features.17,8,pruned_before,nan,0.000000e+00,0.000000e+00,0.0000,0.0000,0
79,features.17,9,pruned_before,nan,0.000000e+00,0.000000e+00,0.0000,0.0000,0
79,features.17,10,active,-0.015425,5.017916e-07,2.864292e-06,0.0335,0.0026,489
79,features.17,11,pruned_before,nan,0.000000e+00,0.000000e+00,0.0000,0.0000,0
79,features.17,12,active,-0.002990,1.007672e-07,8.082577e-07,0.0067,0.0007,489
79,features.17,13,pruned_before,nan,0.000000e+00,0.000000e+00,0.0000,0.0000,0
79,features.17,14,active,-0.004264,1.364274e-07,6.261544e-07,0.0091,0.0006,489
79,features.17,15,pruned_before,nan,0.000000e+00,0.000000e+00,0.0000,0.0000,0
79,features.17,16,pruned_before,nan,0.000000e+00,0.000000e+00,0.0000,0.0000,0
79,features.17,17,pruned_before,nan,0.000000e+00,0.000000e+00,0.0000,0.0000,0
79,features.17,18,active,-0.010686,3.249706e-07,3.417336e-07,0.0217,0.0003,489
79,features.17,19,pruned_before,nan,0.000000e+00,0.000000e+00,0.0000,0.0000,0
79,features.17,20,pruned_before,nan,0.000000e+00,0.000000e+00,0.0000,0.0000,0
79,features.17,21,pruned_before,nan,0.000000e+00,0.000000e+00,0.0000,0.0000,0
79,features.17,22,active,-0.005913,2.125321e-07,2.560505e-06,0.0142,0.0024,489
79,features.17,23,pruned_before,nan,0.000000e+00,0.000000e+00,0.0000,0.0000,0
79,features.17,24,pruned_before,nan,0.000000e+00,0.000000e+00,0.0000,0.0000,0
79,features.17,25,active,-0.030762,9.558245e-07,2.456921e-06,0.0638,0.0023,489
79,features.17,26,pruned_before,nan,0.000000e+00,0.000000e+00,0.0000,0.0000,0
79,features.17,27,pruned_before,nan,0.000000e+00,0.000000e+00,0.0000,0.0000,0
79,features.17,28,pruned_before,nan,0.000000e+00,0.000000e+00,0.0000,0.0000,0
79,features.17,29,active,-0.000695,6.700669e-08,3.350018e-06,0.0045,0.0031,489
79,features.17,30,pruned_before,nan,0.000000e+00,0.000000e+00,0.0000,0.0000,0
79,features.17,31,pruned_before,nan,0.000000e+00,0.000000e+00,0.0000,0.0000,0
79,features.17,32,active,-0.001680,1.277980e-07,5.616458e-06,0.0085,0.0052,489
79,features.17,33,active,0.000000,0.000000e+00,0.000000e+00,0.0000,0.0000,489
79,features.17,34,active,-0.034023,1.189908e-06,1.234583e-05,0.0794,0.0114,489
79,features.17,35,pruned_before,nan,0.000000e+00,0.000000e+00,0.0000,0.0000,0
79,features.17,36,pruned_before,nan,0.000000e+00,0.000000e+00,0.0000,0.0000,0
79,features.17,37,active,-0.003590,1.114156e-07,2.778482e-07,0.0074,0.0003,489
79,features.17,38,pruned_before,nan,0.000000e+00,0.000000e+00,0.0000,0.0000,0
79,features.17,39,pruned_before,nan,0.000000e+00,0.000000e+00,0.0000,0.0000,0
79,features.17,40,pruned_before,nan,0.000000e+00,0.000000e+00,0.0000,0.0000,0
79,features.17,41,pruned_before,nan,0.000000e+00,0.000000e+00,0.0000,0.0000,0
79,features.17,42,pruned_before,nan,0.000000e+00,0.000000e+00,0.0000,0.0000,0
79,features.17,43,pruned_before,nan,0.000000e+00,0.000000e+00,0.0000,0.0000,0
79,features.17,44,pruned_before,nan,0.000000e+00,0.000000e+00,0.0000,0.0000,0
79,features.17,45,active,-0.002275,7.857097e-08,7.527478e-07,0.0052,0.0007,489
79,features.17,46,pruned_before,nan,0.000000e+00,0.000000e+00,0.0000,0.0000,0
79,features.17,47,active,-0.010302,5.386975e-07,1.667762e-05,0.0359,0.0153,489
79,features.17,48,pruned_before,nan,0.000000e+00,0.000000e+00,0.0000,0.0000,0
79,features.17,49,pruned_before,nan,0.000000e+00,0.000000e+00,0.0000,0.0000,0
79,features.17,50,pruned_before,nan,0.000000e+00,0.000000e+00,0.0000,0.0000,0
79,features.17,51,pruned_before,nan,0.000000e+00,0.000000e+00,0.0000,0.0000,0
79,features.17,52,pruned_before,nan,0.000000e+00,0.000000e+00,0.0000,0.0000,0
79,features.17,53,pruned_before,nan,0.000000e+00,0.000000e+00,0.0000,0.0000,0
79,features.17,54,active,-0.001038,1.893871e-07,1.147949e-05,0.0126,0.0106,489
79,features.17,55,pruned_before,nan,0.000000e+00,0.000000e+00,0.0000,0.0000,0
79,features.17,56,pruned_before,nan,0.000000e+00,0.000000e+00,0.0000,0.0000,0
79,features.17,57,active,-0.020587,1.076761e-06,3.334606e-05,0.0719,0.0307,489
79,features.17,58,pruned_before,nan,0.000000e+00,0.000000e+00,0.0000,0.0000,0
79,features.17,59,pruned_before,nan,0.000000e+00,0.000000e+00,0.0000,0.0000,0
79,features.17,60,active,-0.021033,6.617470e-07,2.276535e-06,0.0442,0.0021,489
79,features.17,61,pruned_before,nan,0.000000e+00,0.000000e+00,0.0000,0.0000,0
79,features.17,62,pruned_before,nan,0.000000e+00,0.000000e+00,0.0000,0.0000,0
79,features.17,63,active,-0.011484,3.522873e-07,5.882639e-07,0.0235,0.0005,489
79,features.17,64,active,-0.005280,2.612990e-07,7.475212e-06,0.0174,0.0069,489
79,features.17,65,pruned_before,nan,0.000000e+00,0.000000e+00,0.0000,0.0000,0
79,features.17,66,active,-0.007252,4.425669e-07,1.633437e-05,0.0295,0.0150,489
79,features.17,67,pruned_now,-0.043797,1.440307e-06,9.261188e-06,0.0961,0.0085,489
79,features.17,68,active,-0.009704,3.330148e-07,3.059826e-06,0.0222,0.0028,489
79,features.17,69,active,-0.001753,1.219584e-07,5.035120e-06,0.0081,0.0046,489
79,features.17,70,active,-0.028715,9.753301e-07,8.320268e-06,0.0651,0.0077,489
79,features.17,71,pruned_before,nan,0.000000e+00,0.000000e+00,0.0000,0.0000,0
79,features.17,72,active,-0.005263,1.624448e-07,3.415536e-07,0.0108,0.0003,489
79,features.17,73,pruned_before,nan,0.000000e+00,0.000000e+00,0.0000,0.0000,0
79,features.17,74,active,-0.000024,2.755580e-09,1.470233e-07,0.0002,0.0001,489
79,features.17,75,pruned_before,nan,0.000000e+00,0.000000e+00,0.0000,0.0000,0
79,features.17,76,active,-0.010464,3.178403e-07,3.071873e-07,0.0212,0.0003,489
79,features.17,77,pruned_before,nan,0.000000e+00,0.000000e+00,0.0000,0.0000,0
79,features.17,78,pruned_before,nan,0.000000e+00,0.000000e+00,0.0000,0.0000,0
79,features.17,79,pruned_before,nan,0.000000e+00,0.000000e+00,0.0000,0.0000,0
79,features.17,80,active,-0.001498,7.858066e-08,2.444150e-06,0.0052,0.0022,489
79,features.17,81,pruned_before,nan,0.000000e+00,0.000000e+00,0.0000,0.0000,0
79,features.17,82,pruned_before,nan,0.000000e+00,0.000000e+00,0.0000,0.0000,0
79,features.17,83,pruned_before,nan,0.000000e+00,0.000000e+00,0.0000,0.0000,0
79,features.17,84,pruned_before,nan,0.000000e+00,0.000000e+00,0.0000,0.0000,0
79,features.17,85,pruned_before,nan,0.000000e+00,0.000000e+00,0.0000,0.0000,0
79,features.17,86,pruned_before,nan,0.000000e+00,0.000000e+00,0.0000,0.0000,0
79,features.17,87,pruned_before,nan,0.000000e+00,0.000000e+00,0.0000,0.0000,0
79,features.17,88,pruned_before,nan,0.000000e+00,0.000000e+00,0.0000,0.0000,0
79,features.17,89,pruned_before,nan,0.000000e+00,0.000000e+00,0.0000,0.0000,0
79,features.17,90,pruned_before,nan,0.000000e+00,0.000000e+00,0.0000,0.0000,0
79,features.17,91,active,-0.002572,8.551754e-08,6.123408e-07,0.0057,0.0006,489
79,features.17,92,pruned_before,nan,0.000000e+00,0.000000e+00,0.0000,0.0000,0
79,features.17,93,pruned_before,nan,0.000000e+00,0.000000e+00,0.0000,0.0000,0
79,features.17,94,pruned_before,nan,0.000000e+00,0.000000e+00,0.0000,0.0000,0
79,features.17,95,pruned_before,nan,0.000000e+00,0.000000e+00,0.0000,0.0000,0
79,features.17,96,pruned_before,nan,0.000000e+00,0.000000e+00,0.0000,0.0000,0
79,features.17,97,active,-0.012498,3.872898e-07,9.234016e-07,0.0258,0.0008,489
79,features.17,98,pruned_before,nan,0.000000e+00,0.000000e+00,0.0000,0.0000,0
79,features.17,99,active,-0.032241,1.038078e-06,5.206294e-06,0.0693,0.0048,489
79,features.17,100,pruned_before,nan,0.000000e+00,0.000000e+00,0.0000,0.0000,0
79,features.17,101,pruned_before,nan,0.000000e+00,0.000000e+00,0.0000,0.0000,0
79,features.17,102,pruned_before,nan,0.000000e+00,0.000000e+00,0.0000,0.0000,0
79,features.17,103,pruned_before,nan,0.000000e+00,0.000000e+00,0.0000,0.0000,0
79,features.17,104,active,-0.002801,2.048641e-07,8.769975e-06,0.0137,0.0081,489
79,features.17,105,pruned_before,nan,0.000000e+00,0.000000e+00,0.0000,0.0000,0
79,features.17,106,active,-0.033268,1.115636e-06,8.598971e-06,0.0744,0.0079,489
79,features.17,107,pruned_before,nan,0.000000e+00,0.000000e+00,0.0000,0.0000,0
79,features.17,108,active,-0.005350,1.670857e-07,4.891066e-07,0.0111,0.0005,489
79,features.17,109,active,-0.015384,4.781521e-07,1.239705e-06,0.0319,0.0011,489
79,features.17,110,pruned_before,nan,0.000000e+00,0.000000e+00,0.0000,0.0000,0
79,features.17,111,pruned_before,nan,0.000000e+00,0.000000e+00,0.0000,0.0000,0
79,features.17,112,pruned_before,nan,0.000000e+00,0.000000e+00,0.0000,0.0000,0
79,features.17,113,pruned_before,nan,0.000000e+00,0.000000e+00,0.0000,0.0000,0
79,features.17,114,pruned_before,nan,0.000000e+00,0.000000e+00,0.0000,0.0000,0
79,features.17,115,pruned_before,nan,0.000000e+00,0.000000e+00,0.0000,0.0000,0
79,features.17,116,pruned_before,nan,0.000000e+00,0.000000e+00,0.0000,0.0000,0
79,features.17,117,pruned_before,nan,0.000000e+00,0.000000e+00,0.0000,0.0000,0
79,features.17,118,pruned_before,nan,0.000000e+00,0.000000e+00,0.0000,0.0000,0
79,features.17,119,pruned_before,nan,0.000000e+00,0.000000e+00,0.0000,0.0000,0
79,features.17,120,active,-0.015988,6.102625e-07,9.507629e-06,0.0407,0.0087,489
79,features.17,121,pruned_before,nan,0.000000e+00,0.000000e+00,0.0000,0.0000,0
79,features.17,122,pruned_before,nan,0.000000e+00,0.000000e+00,0.0000,0.0000,0
79,features.17,123,pruned_before,nan,0.000000e+00,0.000000e+00,0.0000,0.0000,0
79,features.17,124,active,-0.015647,4.749217e-07,4.328182e-07,0.0317,0.0004,489
79,features.17,125,active,-0.003637,1.418256e-07,2.380127e-06,0.0095,0.0022,489
79,features.17,126,pruned_before,nan,0.000000e+00,0.000000e+00,0.0000,0.0000,0
79,features.17,127,pruned_before,nan,0.000000e+00,0.000000e+00,0.0000,0.0000,0
79,features.17,128,pruned_before,nan,0.000000e+00,0.000000e+00,0.0000,0.0000,0
79,features.17,129,active,-0.003370,1.046704e-07,2.670487e-07,0.0070,0.0002,489
79,features.17,130,active,-0.004133,1.280099e-07,2.993680e-07,0.0085,0.0003,489
79,features.17,131,pruned_before,nan,0.000000e+00,0.000000e+00,0.0000,0.0000,0
79,features.17,132,pruned_before,nan,0.000000e+00,0.000000e+00,0.0000,0.0000,0
79,features.17,133,active,-0.020219,9.085151e-07,2.194322e-05,0.0606,0.0202,489
79,features.17,134,pruned_before,nan,0.000000e+00,0.000000e+00,0.0000,0.0000,0
79,features.17,135,pruned_before,nan,0.000000e+00,0.000000e+00,0.0000,0.0000,0
79,features.17,136,pruned_before,nan,0.000000e+00,0.000000e+00,0.0000,0.0000,0
79,features.17,137,pruned_before,nan,0.000000e+00,0.000000e+00,0.0000,0.0000,0
79,features.17,138,active,-0.004865,1.690781e-07,1.688330e-06,0.0113,0.0016,489
79,features.17,139,pruned_before,nan,0.000000e+00,0.000000e+00,0.0000,0.0000,0
79,features.17,140,pruned_before,nan,0.000000e+00,0.000000e+00,0.0000,0.0000,0
79,features.17,141,pruned_before,nan,0.000000e+00,0.000000e+00,0.0000,0.0000,0
79,features.17,142,pruned_before,nan,0.000000e+00,0.000000e+00,0.0000,0.0000,0
79,features.17,143,pruned_before,nan,0.000000e+00,0.000000e+00,0.0000,0.0000,0
79,features.17,144,active,-0.000828,1.729686e-07,1.074435e-05,0.0115,0.0099,489
79,features.17,145,pruned_before,nan,0.000000e+00,0.000000e+00,0.0000,0.0000,0
79,features.17,146,active,-0.002487,1.825539e-07,7.834141e-06,0.0122,0.0072,489
79,features.17,147,pruned_before,nan,0.000000e+00,0.000000e+00,0.0000,0.0000,0
79,features.17,148,pruned_before,nan,0.000000e+00,0.000000e+00,0.0000,0.0000,0
79,features.17,149,pruned_before,nan,0.000000e+00,0.000000e+00,0.0000,0.0000,0
79,features.17,150,pruned_before,nan,0.000000e+00,0.000000e+00,0.0000,0.0000,0
79,features.17,151,pruned_before,nan,0.000000e+00,0.000000e+00,0.0000,0.0000,0
79,features.17,152,active,-0.005082,1.558869e-07,2.596642e-07,0.0104,0.0002,489
79,features.17,153,pruned_before,nan,0.000000e+00,0.000000e+00,0.0000,0.0000,0
79,features.17,154,pruned_before,nan,0.000000e+00,0.000000e+00,0.0000,0.0000,0
79,features.17,155,active,-0.007978,2.464208e-07,5.307398e-07,0.0164,0.0005,489
79,features.17,156,active,-0.002470,8.722842e-08,9.584131e-07,0.0058,0.0009,489
79,features.17,157,pruned_before,nan,0.000000e+00,0.000000e+00,0.0000,0.0000,0
79,features.17,158,pruned_before,nan,0.000000e+00,0.000000e+00,0.0000,0.0000,0
79,features.17,159,pruned_before,nan,0.000000e+00,0.000000e+00,0.0000,0.0000,0
79,features.17,160,pruned_before,nan,0.000000e+00,0.000000e+00,0.0000,0.0000,0
79,features.17,161,pruned_before,nan,0.000000e+00,0.000000e+00,0.0000,0.0000,0
79,features.17,162,pruned_before,nan,0.000000e+00,0.000000e+00,0.0000,0.0000,0
79,features.17,163,pruned_before,nan,0.000000e+00,0.000000e+00,0.0000,0.0000,0
79,features.17,164,active,-0.027964,3.958065e-06,2.262867e-04,0.2641,0.2082,489
79,features.17,165,pruned_before,nan,0.000000e+00,0.000000e+00,0.0000,0.0000,0
79,features.17,166,pruned_before,nan,0.000000e+00,0.000000e+00,0.0000,0.0000,0
79,features.17,167,active,0.000343,3.291284e-08,3.131972e-06,0.0022,0.0029,489
79,features.17,168,active,-0.009012,2.827815e-07,9.190626e-07,0.0189,0.0008,489
79,features.17,169,active,-0.005261,3.701556e-07,1.540991e-05,0.0247,0.0142,489
79,features.17,170,pruned_before,nan,0.000000e+00,0.000000e+00,0.0000,0.0000,0
79,features.17,171,pruned_before,nan,0.000000e+00,0.000000e+00,0.0000,0.0000,0
79,features.17,172,active,-0.002763,8.580307e-08,2.177728e-07,0.0057,0.0002,489
79,features.17,173,pruned_before,nan,0.000000e+00,0.000000e+00,0.0000,0.0000,0
79,features.17,174,pruned_before,nan,0.000000e+00,0.000000e+00,0.0000,0.0000,0
79,features.17,175,pruned_before,nan,0.000000e+00,0.000000e+00,0.0000,0.0000,0
79,features.17,176,active,-0.001333,5.000926e-08,7.304967e-07,0.0033,0.0007,489
79,features.17,177,pruned_before,nan,0.000000e+00,0.000000e+00,0.0000,0.0000,0
79,features.17,178,pruned_before,nan,0.000000e+00,0.000000e+00,0.0000,0.0000,0
79,features.17,179,pruned_before,nan,0.000000e+00,0.000000e+00,0.0000,0.0000,0
79,features.17,180,active,-0.004257,1.341393e-07,4.744108e-07,0.0090,0.0004,489
79,features.17,181,active,0.024665,1.282468e-07,6.291712e-05,0.0086,0.0579,489
79,features.17,182,pruned_before,nan,0.000000e+00,0.000000e+00,0.0000,0.0000,0
79,features.17,183,pruned_before,nan,0.000000e+00,0.000000e+00,0.0000,0.0000,0
79,features.17,184,pruned_before,nan,0.000000e+00,0.000000e+00,0.0000,0.0000,0
79,features.17,185,pruned_before,nan,0.000000e+00,0.000000e+00,0.0000,0.0000,0
79,features.17,186,pruned_before,nan,0.000000e+00,0.000000e+00,0.0000,0.0000,0
79,features.17,187,active,-0.000039,4.905047e-09,2.709077e-07,0.0003,0.0002,489
79,features.17,188,active,0.030442,3.216663e-06,2.994736e-04,0.2147,0.2755,489
79,features.17,189,pruned_before,nan,0.000000e+00,0.000000e+00,0.0000,0.0000,0
79,features.17,190,pruned_before,nan,0.000000e+00,0.000000e+00,0.0000,0.0000,0
79,features.17,191,active,-0.011266,4.608267e-07,8.934555e-06,0.0308,0.0082,489
79,features.17,192,active,-0.000420,1.427432e-07,9.439894e-06,0.0095,0.0087,489
79,features.17,193,pruned_before,nan,0.000000e+00,0.000000e+00,0.0000,0.0000,0
79,features.17,194,pruned_before,nan,0.000000e+00,0.000000e+00,0.0000,0.0000,0
79,features.17,195,pruned_before,nan,0.000000e+00,0.000000e+00,0.0000,0.0000,0
79,features.17,196,active,0.003529,1.051503e-08,8.432769e-06,0.0007,0.0078,489
79,features.17,197,pruned_before,nan,0.000000e+00,0.000000e+00,0.0000,0.0000,0
79,features.17,198,pruned_before,nan,0.000000e+00,0.000000e+00,0.0000,0.0000,0
79,features.17,199,active,-0.029919,9.456771e-07,3.552218e-06,0.0631,0.0033,489
79,features.17,200,pruned_before,nan,0.000000e+00,0.000000e+00,0.0000,0.0000,0
79,features.17,201,pruned_before,nan,0.000000e+00,0.000000e+00,0.0000,0.0000,0
79,features.17,202,active,0.003148,3.736262e-07,3.394108e-05,0.0249,0.0312,489
79,features.17,203,pruned_before,nan,0.000000e+00,0.000000e+00,0.0000,0.0000,0
79,features.17,204,active,-0.005293,1.621339e-07,2.544261e-07,0.0108,0.0002,489
79,features.17,205,pruned_before,nan,0.000000e+00,0.000000e+00,0.0000,0.0000,0
79,features.17,206,pruned_before,nan,0.000000e+00,0.000000e+00,0.0000,0.0000,0
79,features.17,207,pruned_before,nan,0.000000e+00,0.000000e+00,0.0000,0.0000,0
79,features.17,208,pruned_before,nan,0.000000e+00,0.000000e+00,0.0000,0.0000,0
79,features.17,209,active,-0.019831,6.000899e-07,4.154155e-07,0.0400,0.0004,489
79,features.17,210,pruned_before,nan,0.000000e+00,0.000000e+00,0.0000,0.0000,0
79,features.17,211,pruned_before,nan,0.000000e+00,0.000000e+00,0.0000,0.0000,0
79,features.17,212,active,-0.006857,2.109658e-07,3.961216e-07,0.0141,0.0004,489
79,features.17,213,active,-0.008453,2.708385e-07,1.268830e-06,0.0181,0.0012,489
79,features.17,214,pruned_before,nan,0.000000e+00,0.000000e+00,0.0000,0.0000,0
79,features.17,215,pruned_before,nan,0.000000e+00,0.000000e+00,0.0000,0.0000,0
79,features.17,216,pruned_before,nan,0.000000e+00,0.000000e+00,0.0000,0.0000,0
79,features.17,217,pruned_before,nan,0.000000e+00,0.000000e+00,0.0000,0.0000,0
79,features.17,218,active,-0.007455,2.619994e-07,2.796844e-06,0.0175,0.0026,489
79,features.17,219,active,-0.035536,1.196151e-06,9.509165e-06,0.0798,0.0087,489
79,features.17,220,pruned_before,nan,0.000000e+00,0.000000e+00,0.0000,0.0000,0
79,features.17,221,pruned_now,-0.040132,1.377167e-06,1.264739e-05,0.0919,0.0116,489
79,features.17,222,pruned_before,nan,0.000000e+00,0.000000e+00,0.0000,0.0000,0
79,features.17,223,pruned_before,nan,0.000000e+00,0.000000e+00,0.0000,0.0000,0
79,features.17,224,pruned_before,nan,0.000000e+00,0.000000e+00,0.0000,0.0000,0
79,features.17,225,pruned_before,nan,0.000000e+00,0.000000e+00,0.0000,0.0000,0
79,features.17,226,pruned_before,nan,0.000000e+00,0.000000e+00,0.0000,0.0000,0
79,features.17,227,active,-0.027949,9.052669e-07,4.903290e-06,0.0604,0.0045,489
79,features.17,228,active,-0.011779,4.599890e-07,7.757932e-06,0.0307,0.0071,489
79,features.17,229,pruned_before,nan,0.000000e+00,0.000000e+00,0.0000,0.0000,0
79,features.17,230,pruned_before,nan,0.000000e+00,0.000000e+00,0.0000,0.0000,0
79,features.17,231,pruned_before,nan,0.000000e+00,0.000000e+00,0.0000,0.0000,0
79,features.17,232,pruned_before,nan,0.000000e+00,0.000000e+00,0.0000,0.0000,0
79,features.17,233,pruned_before,nan,0.000000e+00,0.000000e+00,0.0000,0.0000,0
79,features.17,234,pruned_before,nan,0.000000e+00,0.000000e+00,0.0000,0.0000,0
79,features.17,235,active,-0.000474,1.687965e-08,1.941496e-07,0.0011,0.0002,489
79,features.17,236,pruned_before,nan,0.000000e+00,0.000000e+00,0.0000,0.0000,0
79,features.17,237,active,-0.004845,1.492549e-07,2.945025e-07,0.0100,0.0003,489
79,features.17,238,pruned_before,nan,0.000000e+00,0.000000e+00,0.0000,0.0000,0
79,features.17,239,active,-0.002753,8.914501e-08,4.818097e-07,0.0059,0.0004,489
79,features.17,240,pruned_before,nan,0.000000e+00,0.000000e+00,0.0000,0.0000,0
79,features.17,241,pruned_before,nan,0.000000e+00,0.000000e+00,0.0000,0.0000,0
79,features.17,242,pruned_before,nan,0.000000e+00,0.000000e+00,0.0000,0.0000,0
79,features.17,243,pruned_before,nan,0.000000e+00,0.000000e+00,0.0000,0.0000,0
79,features.17,244,active,-0.009998,3.696480e-07,5.076574e-06,0.0247,0.0047,489
79,features.17,245,pruned_before,nan,0.000000e+00,0.000000e+00,0.0000,0.0000,0
79,features.17,246,pruned_before,nan,0.000000e+00,0.000000e+00,0.0000,0.0000,0
79,features.17,247,active,-0.001702,5.456021e-08,2.572542e-07,0.0036,0.0002,489
79,features.17,248,pruned_before,nan,0.000000e+00,0.000000e+00,0.0000,0.0000,0
79,features.17,249,pruned_before,nan,0.000000e+00,0.000000e+00,0.0000,0.0000,0
79,features.17,250,pruned_before,nan,0.000000e+00,0.000000e+00,0.0000,0.0000,0
79,features.17,251,pruned_before,nan,0.000000e+00,0.000000e+00,0.0000,0.0000,0
79,features.17,252,active,-0.003334,3.139051e-07,1.551958e-05,0.0209,0.0143,489
79,features.17,253,active,-0.001621,5.308496e-08,3.258618e-07,0.0035,0.0003,489
79,features.17,254,pruned_before,nan,0.000000e+00,0.000000e+00,0.0000,0.0000,0
79,features.17,255,pruned_before,nan,0.000000e+00,0.000000e+00,0.0000,0.0000,0
79,features.17,256,pruned_before,nan,0.000000e+00,0.000000e+00,0.0000,0.0000,0
79,features.17,257,pruned_before,nan,0.000000e+00,0.000000e+00,0.0000,0.0000,0
79,features.17,258,pruned_before,nan,0.000000e+00,0.000000e+00,0.0000,0.0000,0
79,features.17,259,pruned_before,nan,0.000000e+00,0.000000e+00,0.0000,0.0000,0
79,features.17,260,pruned_before,nan,0.000000e+00,0.000000e+00,0.0000,0.0000,0
79,features.17,261,pruned_before,nan,0.000000e+00,0.000000e+00,0.0000,0.0000,0
79,features.17,262,pruned_before,nan,0.000000e+00,0.000000e+00,0.0000,0.0000,0
79,features.17,263,pruned_before,nan,0.000000e+00,0.000000e+00,0.0000,0.0000,0
79,features.17,264,active,-0.027319,1.007291e-06,1.367400e-05,0.0672,0.0126,489
79,features.17,265,pruned_before,nan,0.000000e+00,0.000000e+00,0.0000,0.0000,0
79,features.17,266,pruned_before,nan,0.000000e+00,0.000000e+00,0.0000,0.0000,0
79,features.17,267,active,-0.000792,2.688673e-08,2.283346e-07,0.0018,0.0002,489
79,features.17,268,pruned_before,nan,0.000000e+00,0.000000e+00,0.0000,0.0000,0
79,features.17,269,active,-0.006230,1.999484e-07,9.601370e-07,0.0133,0.0009,489
79,features.17,270,pruned_before,nan,0.000000e+00,0.000000e+00,0.0000,0.0000,0
79,features.17,271,pruned_before,nan,0.000000e+00,0.000000e+00,0.0000,0.0000,0
79,features.17,272,active,-0.002318,1.281773e-07,4.257174e-06,0.0086,0.0039,489
79,features.17,273,pruned_before,nan,0.000000e+00,0.000000e+00,0.0000,0.0000,0
79,features.17,274,pruned_before,nan,0.000000e+00,0.000000e+00,0.0000,0.0000,0
79,features.17,275,active,-0.002094,6.560747e-08,2.056596e-07,0.0044,0.0002,489
79,features.17,276,pruned_before,nan,0.000000e+00,0.000000e+00,0.0000,0.0000,0
79,features.17,277,pruned_before,nan,0.000000e+00,0.000000e+00,0.0000,0.0000,0
79,features.17,278,pruned_before,nan,0.000000e+00,0.000000e+00,0.0000,0.0000,0
79,features.17,279,pruned_before,nan,0.000000e+00,0.000000e+00,0.0000,0.0000,0
79,features.17,280,pruned_before,nan,0.000000e+00,0.000000e+00,0.0000,0.0000,0
79,features.17,281,pruned_before,nan,0.000000e+00,0.000000e+00,0.0000,0.0000,0
79,features.17,282,pruned_before,nan,0.000000e+00,0.000000e+00,0.0000,0.0000,0
79,features.17,283,pruned_before,nan,0.000000e+00,0.000000e+00,0.0000,0.0000,0
79,features.17,284,pruned_before,nan,0.000000e+00,0.000000e+00,0.0000,0.0000,0
79,features.17,285,active,0.003976,8.179223e-08,1.457454e-05,0.0055,0.0134,489
79,features.17,286,pruned_before,nan,0.000000e+00,0.000000e+00,0.0000,0.0000,0
79,features.17,287,active,-0.002870,6.152322e-07,3.838354e-05,0.0411,0.0353,489
79,features.17,288,active,-0.012703,3.981598e-07,1.264063e-06,0.0266,0.0012,489
79,features.17,289,pruned_before,nan,0.000000e+00,0.000000e+00,0.0000,0.0000,0
79,features.17,290,pruned_before,nan,0.000000e+00,0.000000e+00,0.0000,0.0000,0
79,features.17,291,pruned_before,nan,0.000000e+00,0.000000e+00,0.0000,0.0000,0
79,features.17,292,pruned_before,nan,0.000000e+00,0.000000e+00,0.0000,0.0000,0
79,features.17,293,pruned_before,nan,0.000000e+00,0.000000e+00,0.0000,0.0000,0
79,features.17,294,active,0.000687,2.952066e-09,1.707206e-06,0.0002,0.0016,489
79,features.17,295,active,-0.025436,8.376823e-07,5.464044e-06,0.0559,0.0050,489
79,features.17,296,pruned_before,nan,0.000000e+00,0.000000e+00,0.0000,0.0000,0
79,features.17,297,pruned_before,nan,0.000000e+00,0.000000e+00,0.0000,0.0000,0
79,features.17,298,pruned_before,nan,0.000000e+00,0.000000e+00,0.0000,0.0000,0
79,features.17,299,pruned_before,nan,0.000000e+00,0.000000e+00,0.0000,0.0000,0
79,features.17,300,pruned_before,nan,0.000000e+00,0.000000e+00,0.0000,0.0000,0
79,features.17,301,pruned_before,nan,0.000000e+00,0.000000e+00,0.0000,0.0000,0
79,features.17,302,pruned_before,nan,0.000000e+00,0.000000e+00,0.0000,0.0000,0
79,features.17,303,pruned_before,nan,0.000000e+00,0.000000e+00,0.0000,0.0000,0
79,features.17,304,pruned_before,nan,0.000000e+00,0.000000e+00,0.0000,0.0000,0
79,features.17,305,pruned_before,nan,0.000000e+00,0.000000e+00,0.0000,0.0000,0
79,features.17,306,pruned_before,nan,0.000000e+00,0.000000e+00,0.0000,0.0000,0
79,features.17,307,pruned_before,nan,0.000000e+00,0.000000e+00,0.0000,0.0000,0
79,features.17,308,pruned_before,nan,0.000000e+00,0.000000e+00,0.0000,0.0000,0
79,features.17,309,pruned_before,nan,0.000000e+00,0.000000e+00,0.0000,0.0000,0
79,features.17,310,active,-0.001256,4.163030e-08,2.892334e-07,0.0028,0.0003,489
79,features.17,311,active,-0.003494,1.159652e-07,8.147613e-07,0.0077,0.0007,489
79,features.17,312,active,-0.002318,8.217091e-08,9.210091e-07,0.0055,0.0008,489
79,features.17,313,active,-0.009370,3.727901e-07,6.669884e-06,0.0249,0.0061,489
79,features.17,314,active,-0.008710,2.874755e-07,1.917620e-06,0.0192,0.0018,489
79,features.17,315,active,-0.006021,2.415443e-07,4.431158e-06,0.0161,0.0041,489
79,features.17,316,pruned_before,nan,0.000000e+00,0.000000e+00,0.0000,0.0000,0
79,features.17,317,pruned_before,nan,0.000000e+00,0.000000e+00,0.0000,0.0000,0
79,features.17,318,active,-0.006545,2.177135e-07,1.563322e-06,0.0145,0.0014,489
79,features.17,319,active,-0.000579,5.306753e-08,2.590094e-06,0.0035,0.0024,489
79,features.17,320,pruned_before,nan,0.000000e+00,0.000000e+00,0.0000,0.0000,0
79,features.17,321,pruned_before,nan,0.000000e+00,0.000000e+00,0.0000,0.0000,0
79,features.17,322,pruned_before,nan,0.000000e+00,0.000000e+00,0.0000,0.0000,0
79,features.17,323,active,-0.010939,3.474594e-07,1.423011e-06,0.0232,0.0013,489
79,features.17,324,pruned_before,nan,0.000000e+00,0.000000e+00,0.0000,0.0000,0
79,features.17,325,pruned_before,nan,0.000000e+00,0.000000e+00,0.0000,0.0000,0
79,features.17,326,active,-0.009294,2.975844e-07,1.379787e-06,0.0199,0.0013,489
79,features.17,327,pruned_before,nan,0.000000e+00,0.000000e+00,0.0000,0.0000,0
79,features.17,328,pruned_before,nan,0.000000e+00,0.000000e+00,0.0000,0.0000,0
79,features.17,329,active,-0.010755,4.596232e-07,9.956659e-06,0.0307,0.0092,489
79,features.17,330,pruned_before,nan,0.000000e+00,0.000000e+00,0.0000,0.0000,0
79,features.17,331,pruned_before,nan,0.000000e+00,0.000000e+00,0.0000,0.0000,0
79,features.17,332,active,-0.008268,2.711882e-07,1.695641e-06,0.0181,0.0016,489
79,features.17,333,active,-0.011965,3.788009e-07,1.464774e-06,0.0253,0.0013,489
79,features.17,334,active,-0.001698,5.971174e-08,6.399223e-07,0.0040,0.0006,489
79,features.17,335,pruned_now,-0.052499,1.834488e-06,1.893488e-05,0.1224,0.0174,489
79,features.17,336,active,-0.033080,9.997335e-07,6.026065e-07,0.0667,0.0006,489
79,features.17,337,pruned_before,nan,0.000000e+00,0.000000e+00,0.0000,0.0000,0
79,features.17,338,pruned_before,nan,0.000000e+00,0.000000e+00,0.0000,0.0000,0
79,features.17,339,pruned_before,nan,0.000000e+00,0.000000e+00,0.0000,0.0000,0
79,features.17,340,pruned_before,nan,0.000000e+00,0.000000e+00,0.0000,0.0000,0
79,features.17,341,active,-0.000452,4.496611e-08,2.278608e-06,0.0030,0.0021,489
79,features.17,342,pruned_before,nan,0.000000e+00,0.000000e+00,0.0000,0.0000,0
79,features.17,343,active,0.010974,1.160254e-06,1.080067e-04,0.0774,0.0994,489
79,features.17,344,pruned_before,nan,0.000000e+00,0.000000e+00,0.0000,0.0000,0
79,features.17,345,active,0.003175,4.833062e-07,4.195466e-05,0.0323,0.0386,489
79,features.17,346,pruned_before,nan,0.000000e+00,0.000000e+00,0.0000,0.0000,0
79,features.17,347,active,-0.026236,7.928699e-07,4.750734e-07,0.0529,0.0004,489
79,features.17,348,active,0.000880,3.520356e-08,4.465311e-06,0.0023,0.0041,489
79,features.17,349,pruned_before,nan,0.000000e+00,0.000000e+00,0.0000,0.0000,0
79,features.17,350,pruned_before,nan,0.000000e+00,0.000000e+00,0.0000,0.0000,0
79,features.17,351,pruned_before,nan,0.000000e+00,0.000000e+00,0.0000,0.0000,0
79,features.17,352,active,-0.000680,2.750568e-08,5.166139e-07,0.0018,0.0005,489
79,features.17,353,active,-0.022747,6.964405e-07,1.065603e-06,0.0465,0.0010,489
79,features.17,354,pruned_before,nan,0.000000e+00,0.000000e+00,0.0000,0.0000,0
79,features.17,355,pruned_before,nan,0.000000e+00,0.000000e+00,0.0000,0.0000,0
79,features.17,356,pruned_before,nan,0.000000e+00,0.000000e+00,0.0000,0.0000,0
79,features.17,357,pruned_before,nan,0.000000e+00,0.000000e+00,0.0000,0.0000,0
79,features.17,358,active,-0.003104,1.144651e-07,1.554386e-06,0.0076,0.0014,489
79,features.17,359,pruned_before,nan,0.000000e+00,0.000000e+00,0.0000,0.0000,0
79,features.17,360,active,-0.004174,2.253374e-07,7.270827e-06,0.0150,0.0067,489
79,features.17,361,active,-0.007858,2.415198e-07,4.364923e-07,0.0161,0.0004,489
79,features.17,362,pruned_before,nan,0.000000e+00,0.000000e+00,0.0000,0.0000,0
79,features.17,363,pruned_before,nan,0.000000e+00,0.000000e+00,0.0000,0.0000,0
79,features.17,364,pruned_before,nan,0.000000e+00,0.000000e+00,0.0000,0.0000,0
79,features.17,365,pruned_before,nan,0.000000e+00,0.000000e+00,0.0000,0.0000,0
79,features.17,366,protected,0.000000,1.498531e-05,1.086868e-03,1.0000,1.0000,489
79,features.17,367,active,-0.013857,4.872066e-07,5.214306e-06,0.0325,0.0048,489
79,features.17,368,pruned_before,nan,0.000000e+00,0.000000e+00,0.0000,0.0000,0
79,features.17,369,pruned_before,nan,0.000000e+00,0.000000e+00,0.0000,0.0000,0
79,features.17,370,active,0.082877,1.000298e-07,1.874086e-04,0.0067,0.1724,489
79,features.17,371,active,-0.001114,3.879116e-08,3.911465e-07,0.0026,0.0004,489
79,features.17,372,active,-0.003754,1.323854e-07,1.441222e-06,0.0088,0.0013,489
79,features.17,373,pruned_before,nan,0.000000e+00,0.000000e+00,0.0000,0.0000,0
79,features.17,374,active,-0.000199,8.440121e-08,5.689154e-06,0.0056,0.0052,489
79,features.17,375,pruned_before,nan,0.000000e+00,0.000000e+00,0.0000,0.0000,0
79,features.17,376,pruned_before,nan,0.000000e+00,0.000000e+00,0.0000,0.0000,0
79,features.17,377,pruned_before,nan,0.000000e+00,0.000000e+00,0.0000,0.0000,0
79,features.17,378,pruned_before,nan,0.000000e+00,0.000000e+00,0.0000,0.0000,0
79,features.17,379,active,-0.013510,4.854402e-07,5.842217e-06,0.0324,0.0054,489
79,features.17,380,active,0.000082,1.063232e-11,1.790201e-07,0.0000,0.0002,489
79,features.17,381,pruned_before,nan,0.000000e+00,0.000000e+00,0.0000,0.0000,0
79,features.17,382,pruned_before,nan,0.000000e+00,0.000000e+00,0.0000,0.0000,0
79,features.17,383,pruned_before,nan,0.000000e+00,0.000000e+00,0.0000,0.0000,0
79,features.17,384,active,-0.011700,5.320103e-07,1.315374e-05,0.0355,0.0121,489
79,features.17,385,active,-0.006538,2.441808e-07,3.498869e-06,0.0163,0.0032,489
79,features.17,386,pruned_before,nan,0.000000e+00,0.000000e+00,0.0000,0.0000,0
79,features.17,387,pruned_before,nan,0.000000e+00,0.000000e+00,0.0000,0.0000,0
79,features.17,388,pruned_before,nan,0.000000e+00,0.000000e+00,0.0000,0.0000,0
79,features.17,389,pruned_now,-0.039852,1.378393e-06,1.334558e-05,0.0920,0.0123,489
79,features.17,390,active,-0.028386,8.669359e-07,1.173153e-06,0.0579,0.0011,489
79,features.17,391,active,-0.006432,2.030939e-07,7.481673e-07,0.0136,0.0007,489
79,features.17,392,pruned_before,nan,0.000000e+00,0.000000e+00,0.0000,0.0000,0
79,features.17,393,pruned_before,nan,0.000000e+00,0.000000e+00,0.0000,0.0000,0
79,features.17,394,pruned_before,nan,0.000000e+00,0.000000e+00,0.0000,0.0000,0
79,features.17,395,pruned_before,nan,0.000000e+00,0.000000e+00,0.0000,0.0000,0
79,features.17,396,pruned_before,nan,0.000000e+00,0.000000e+00,0.0000,0.0000,0
79,features.17,397,active,-0.000849,5.109781e-08,1.861254e-06,0.0034,0.0017,489
79,features.17,398,pruned_before,nan,0.000000e+00,0.000000e+00,0.0000,0.0000,0
79,features.17,399,pruned_before,nan,0.000000e+00,0.000000e+00,0.0000,0.0000,0
79,features.17,400,active,-0.000355,1.540918e-08,3.466334e-07,0.0010,0.0003,489
79,features.17,401,pruned_before,nan,0.000000e+00,0.000000e+00,0.0000,0.0000,0
79,features.17,402,active,-0.006658,2.088148e-07,6.733258e-07,0.0139,0.0006,489
79,features.17,403,active,0.002451,4.539469e-08,8.621037e-06,0.0030,0.0079,489
79,features.17,404,active,-0.001050,6.713457e-08,2.585715e-06,0.0045,0.0024,489
79,features.17,405,pruned_before,nan,0.000000e+00,0.000000e+00,0.0000,0.0000,0
79,features.17,406,pruned_before,nan,0.000000e+00,0.000000e+00,0.0000,0.0000,0
79,features.17,407,active,-0.023913,8.082040e-07,6.637859e-06,0.0539,0.0061,489
79,features.17,408,pruned_before,nan,0.000000e+00,0.000000e+00,0.0000,0.0000,0
79,features.17,409,active,-0.000692,3.076419e-08,7.273188e-07,0.0021,0.0007,489
79,features.17,410,active,-0.017500,5.797273e-07,4.006244e-06,0.0387,0.0037,489
79,features.17,411,active,-0.003088,1.385406e-07,3.335359e-06,0.0092,0.0031,489
79,features.17,412,active,-0.008873,2.682888e-07,1.709711e-07,0.0179,0.0002,489
79,features.17,413,active,-0.000932,1.208244e-07,6.736901e-06,0.0081,0.0062,489
79,features.17,414,active,-0.001243,4.084936e-08,2.598024e-07,0.0027,0.0002,489
79,features.17,415,pruned_before,nan,0.000000e+00,0.000000e+00,0.0000,0.0000,0
79,features.17,416,pruned_before,nan,0.000000e+00,0.000000e+00,0.0000,0.0000,0
79,features.17,417,active,-0.009324,2.959420e-07,1.195967e-06,0.0197,0.0011,489
79,features.17,418,active,-0.002727,9.598158e-08,1.033918e-06,0.0064,0.0010,489
79,features.17,419,pruned_before,nan,0.000000e+00,0.000000e+00,0.0000,0.0000,0
79,features.17,420,pruned_before,nan,0.000000e+00,0.000000e+00,0.0000,0.0000,0
79,features.17,421,pruned_before,nan,0.000000e+00,0.000000e+00,0.0000,0.0000,0
79,features.17,422,pruned_before,nan,0.000000e+00,0.000000e+00,0.0000,0.0000,0
79,features.17,423,pruned_before,nan,0.000000e+00,0.000000e+00,0.0000,0.0000,0
79,features.17,424,pruned_before,nan,0.000000e+00,0.000000e+00,0.0000,0.0000,0
79,features.17,425,active,-0.010601,3.267613e-07,6.563699e-07,0.0218,0.0006,489
79,features.17,426,pruned_before,nan,0.000000e+00,0.000000e+00,0.0000,0.0000,0
79,features.17,427,pruned_before,nan,0.000000e+00,0.000000e+00,0.0000,0.0000,0
79,features.17,428,pruned_before,nan,0.000000e+00,0.000000e+00,0.0000,0.0000,0
79,features.17,429,pruned_before,nan,0.000000e+00,0.000000e+00,0.0000,0.0000,0
79,features.17,430,pruned_before,nan,0.000000e+00,0.000000e+00,0.0000,0.0000,0
79,features.17,431,pruned_before,nan,0.000000e+00,0.000000e+00,0.0000,0.0000,0
79,features.17,432,pruned_before,nan,0.000000e+00,0.000000e+00,0.0000,0.0000,0
79,features.17,433,pruned_before,nan,0.000000e+00,0.000000e+00,0.0000,0.0000,0
79,features.17,434,pruned_before,nan,0.000000e+00,0.000000e+00,0.0000,0.0000,0
79,features.17,435,pruned_before,nan,0.000000e+00,0.000000e+00,0.0000,0.0000,0
79,features.17,436,pruned_before,nan,0.000000e+00,0.000000e+00,0.0000,0.0000,0
79,features.17,437,pruned_now,-0.037200,1.139782e-06,1.804837e-06,0.0761,0.0017,489
79,features.17,438,pruned_before,nan,0.000000e+00,0.000000e+00,0.0000,0.0000,0
79,features.17,439,active,-0.006267,2.155253e-07,2.009680e-06,0.0144,0.0018,489
79,features.17,440,active,-0.012461,3.803654e-07,5.007951e-07,0.0254,0.0005,489
79,features.17,441,active,-0.017411,5.430830e-07,1.542919e-06,0.0362,0.0014,489
79,features.17,442,pruned_before,nan,0.000000e+00,0.000000e+00,0.0000,0.0000,0
79,features.17,443,pruned_before,nan,0.000000e+00,0.000000e+00,0.0000,0.0000,0
79,features.17,444,pruned_before,nan,0.000000e+00,0.000000e+00,0.0000,0.0000,0
79,features.17,445,pruned_before,nan,0.000000e+00,0.000000e+00,0.0000,0.0000,0
79,features.17,446,pruned_before,nan,0.000000e+00,0.000000e+00,0.0000,0.0000,0
79,features.17,447,pruned_before,nan,0.000000e+00,0.000000e+00,0.0000,0.0000,0
79,features.17,448,pruned_before,nan,0.000000e+00,0.000000e+00,0.0000,0.0000,0
79,features.17,449,active,-0.001198,4.809113e-08,8.839850e-07,0.0032,0.0008,489
79,features.17,450,active,-0.002205,7.112885e-08,3.668820e-07,0.0047,0.0003,489
79,features.17,451,pruned_before,nan,0.000000e+00,0.000000e+00,0.0000,0.0000,0
79,features.17,452,pruned_before,nan,0.000000e+00,0.000000e+00,0.0000,0.0000,0
79,features.17,453,active,0.000019,2.961373e-09,2.565594e-07,0.0002,0.0002,489
79,features.17,454,pruned_before,nan,0.000000e+00,0.000000e+00,0.0000,0.0000,0
79,features.17,455,active,-0.005601,1.967136e-07,2.091511e-06,0.0131,0.0019,489
79,features.17,456,active,-0.009493,3.299399e-07,3.294646e-06,0.0220,0.0030,489
79,features.17,457,pruned_before,nan,0.000000e+00,0.000000e+00,0.0000,0.0000,0
79,features.17,458,pruned_before,nan,0.000000e+00,0.000000e+00,0.0000,0.0000,0
79,features.17,459,pruned_before,nan,0.000000e+00,0.000000e+00,0.0000,0.0000,0
79,features.17,460,pruned_before,nan,0.000000e+00,0.000000e+00,0.0000,0.0000,0
79,features.17,461,pruned_before,nan,0.000000e+00,0.000000e+00,0.0000,0.0000,0
79,features.17,462,active,-0.018885,5.812884e-07,1.109411e-06,0.0388,0.0010,489
79,features.17,463,pruned_before,nan,0.000000e+00,0.000000e+00,0.0000,0.0000,0
79,features.17,464,pruned_before,nan,0.000000e+00,0.000000e+00,0.0000,0.0000,0
79,features.17,465,active,-0.022771,1.175706e-06,3.577365e-05,0.0785,0.0329,489
79,features.17,466,pruned_before,nan,0.000000e+00,0.000000e+00,0.0000,0.0000,0
79,features.17,467,pruned_before,nan,0.000000e+00,0.000000e+00,0.0000,0.0000,0
79,features.17,468,pruned_before,nan,0.000000e+00,0.000000e+00,0.0000,0.0000,0
79,features.17,469,active,-0.003052,9.691006e-08,3.941510e-07,0.0065,0.0004,489
79,features.17,470,pruned_before,nan,0.000000e+00,0.000000e+00,0.0000,0.0000,0
79,features.17,471,active,-0.009834,5.929217e-07,2.162653e-05,0.0396,0.0199,489
79,features.17,472,pruned_before,nan,0.000000e+00,0.000000e+00,0.0000,0.0000,0
79,features.17,473,pruned_before,nan,0.000000e+00,0.000000e+00,0.0000,0.0000,0
79,features.17,474,pruned_before,nan,0.000000e+00,0.000000e+00,0.0000,0.0000,0
79,features.17,475,pruned_before,nan,0.000000e+00,0.000000e+00,0.0000,0.0000,0
79,features.17,476,active,-0.020432,6.901582e-07,5.642025e-06,0.0461,0.0052,489
79,features.17,477,pruned_before,nan,0.000000e+00,0.000000e+00,0.0000,0.0000,0
79,features.17,478,pruned_before,nan,0.000000e+00,0.000000e+00,0.0000,0.0000,0
79,features.17,479,active,-0.009897,3.219255e-07,1.835520e-06,0.0215,0.0017,489
79,features.17,480,pruned_before,nan,0.000000e+00,0.000000e+00,0.0000,0.0000,0
79,features.17,481,pruned_before,nan,0.000000e+00,0.000000e+00,0.0000,0.0000,0
79,features.17,482,pruned_before,nan,0.000000e+00,0.000000e+00,0.0000,0.0000,0
79,features.17,483,pruned_before,nan,0.000000e+00,0.000000e+00,0.0000,0.0000,0
79,features.17,484,pruned_before,nan,0.000000e+00,0.000000e+00,0.0000,0.0000,0
79,features.17,485,pruned_before,nan,0.000000e+00,0.000000e+00,0.0000,0.0000,0
79,features.17,486,pruned_before,nan,0.000000e+00,0.000000e+00,0.0000,0.0000,0
79,features.17,487,pruned_before,nan,0.000000e+00,0.000000e+00,0.0000,0.0000,0
79,features.17,488,pruned_before,nan,0.000000e+00,0.000000e+00,0.0000,0.0000,0
79,features.17,489,pruned_before,nan,0.000000e+00,0.000000e+00,0.0000,0.0000,0
79,features.17,490,pruned_before,nan,0.000000e+00,0.000000e+00,0.0000,0.0000,0
79,features.17,491,pruned_before,nan,0.000000e+00,0.000000e+00,0.0000,0.0000,0
79,features.17,492,active,-0.003340,1.945192e-07,6.848018e-06,0.0130,0.0063,489
79,features.17,493,pruned_before,nan,0.000000e+00,0.000000e+00,0.0000,0.0000,0
79,features.17,494,active,-0.015507,5.312251e-07,4.821391e-06,0.0354,0.0044,489
79,features.17,495,pruned_before,nan,0.000000e+00,0.000000e+00,0.0000,0.0000,0
79,features.17,496,active,-0.001684,6.867153e-08,1.320939e-06,0.0046,0.0012,489
79,features.17,497,pruned_before,nan,0.000000e+00,0.000000e+00,0.0000,0.0000,0
79,features.17,498,pruned_before,nan,0.000000e+00,0.000000e+00,0.0000,0.0000,0
79,features.17,499,active,-0.033818,1.068396e-06,3.978291e-06,0.0713,0.0037,489
79,features.17,500,pruned_before,nan,0.000000e+00,0.000000e+00,0.0000,0.0000,0
79,features.17,501,active,-0.008701,4.158537e-07,1.124720e-05,0.0278,0.0103,489
79,features.17,502,active,-0.000409,1.494972e-08,1.959148e-07,0.0010,0.0002,489
79,features.17,503,active,-0.003880,1.791513e-07,4.558748e-06,0.0120,0.0042,489
79,features.17,504,pruned_before,nan,0.000000e+00,0.000000e+00,0.0000,0.0000,0
79,features.17,505,pruned_before,nan,0.000000e+00,0.000000e+00,0.0000,0.0000,0
79,features.17,506,active,-0.005146,1.598670e-07,4.098662e-07,0.0107,0.0004,489
79,features.17,507,pruned_before,nan,0.000000e+00,0.000000e+00,0.0000,0.0000,0
79,features.17,508,pruned_before,nan,0.000000e+00,0.000000e+00,0.0000,0.0000,0
79,features.17,509,active,-0.022545,7.450457e-07,5.030302e-06,0.0497,0.0046,489
79,features.17,510,active,-0.001272,5.189781e-08,9.993399e-07,0.0035,0.0009,489
79,features.17,511,active,-0.007923,2.567736e-07,1.400649e-06,0.0171,0.0013,489
79,features.17,512,active,-0.010797,3.394574e-07,1.150896e-06,0.0227,0.0011,489
79,features.17,513,pruned_before,nan,0.000000e+00,0.000000e+00,0.0000,0.0000,0
79,features.17,514,pruned_before,nan,0.000000e+00,0.000000e+00,0.0000,0.0000,0
79,features.17,515,active,-0.002955,1.164102e-07,2.019641e-06,0.0078,0.0019,489
79,features.17,516,active,0.000053,2.656009e-09,3.084834e-07,0.0002,0.0003,489
79,features.17,517,active,-0.021085,7.886888e-07,1.136861e-05,0.0526,0.0105,489
79,features.17,518,pruned_before,nan,0.000000e+00,0.000000e+00,0.0000,0.0000,0
79,features.17,519,pruned_before,nan,0.000000e+00,0.000000e+00,0.0000,0.0000,0
79,features.17,520,pruned_before,nan,0.000000e+00,0.000000e+00,0.0000,0.0000,0
79,features.17,521,pruned_before,nan,0.000000e+00,0.000000e+00,0.0000,0.0000,0
79,features.17,522,active,-0.006311,2.019052e-07,9.252656e-07,0.0135,0.0009,489
79,features.17,523,pruned_now,-0.039743,1.382978e-06,1.391420e-05,0.0923,0.0128,489
79,features.17,524,active,-0.017672,5.931471e-07,4.606383e-06,0.0396,0.0042,489
79,features.17,525,active,-0.008095,2.485729e-07,4.327858e-07,0.0166,0.0004,489
79,features.17,526,pruned_before,nan,0.000000e+00,0.000000e+00,0.0000,0.0000,0
79,features.17,527,pruned_now,-0.039650,1.217154e-06,2.089561e-06,0.0812,0.0019,489
79,features.17,528,pruned_before,nan,0.000000e+00,0.000000e+00,0.0000,0.0000,0
79,features.17,529,active,-0.004219,2.049969e-07,5.697172e-06,0.0137,0.0052,489
79,features.17,530,pruned_before,nan,0.000000e+00,0.000000e+00,0.0000,0.0000,0
79,features.17,531,active,-0.003594,3.724462e-07,1.920106e-05,0.0249,0.0177,489
79,features.17,532,active,-0.000366,2.536765e-08,1.045185e-06,0.0017,0.0010,489
79,features.17,533,pruned_before,nan,0.000000e+00,0.000000e+00,0.0000,0.0000,0
79,features.17,534,pruned_before,nan,0.000000e+00,0.000000e+00,0.0000,0.0000,0
79,features.17,535,pruned_before,nan,0.000000e+00,0.000000e+00,0.0000,0.0000,0
79,features.17,536,pruned_before,nan,0.000000e+00,0.000000e+00,0.0000,0.0000,0
79,features.17,537,pruned_before,nan,0.000000e+00,0.000000e+00,0.0000,0.0000,0
79,features.17,538,active,-0.000891,3.263616e-08,4.301802e-07,0.0022,0.0004,489
79,features.17,539,pruned_before,nan,0.000000e+00,0.000000e+00,0.0000,0.0000,0
79,features.17,540,pruned_before,nan,0.000000e+00,0.000000e+00,0.0000,0.0000,0
79,features.17,541,pruned_before,nan,0.000000e+00,0.000000e+00,0.0000,0.0000,0
79,features.17,542,active,-0.004982,5.244277e-07,2.720625e-05,0.0350,0.0250,489
79,features.17,543,active,-0.005139,1.589827e-07,3.602326e-07,0.0106,0.0003,489
79,features.17,544,pruned_before,nan,0.000000e+00,0.000000e+00,0.0000,0.0000,0
79,features.17,545,active,-0.004736,1.622793e-07,1.474980e-06,0.0108,0.0014,489
79,features.17,546,pruned_before,nan,0.000000e+00,0.000000e+00,0.0000,0.0000,0
79,features.17,547,pruned_before,nan,0.000000e+00,0.000000e+00,0.0000,0.0000,0
79,features.17,548,pruned_before,nan,0.000000e+00,0.000000e+00,0.0000,0.0000,0
79,features.17,549,pruned_before,nan,0.000000e+00,0.000000e+00,0.0000,0.0000,0
79,features.17,550,active,-0.018086,8.359880e-07,2.131977e-05,0.0558,0.0196,489
79,features.17,551,pruned_before,nan,0.000000e+00,0.000000e+00,0.0000,0.0000,0
79,features.17,552,pruned_before,nan,0.000000e+00,0.000000e+00,0.0000,0.0000,0
79,features.17,553,active,-0.004623,1.422754e-07,2.698447e-07,0.0095,0.0002,489
79,features.17,554,pruned_before,nan,0.000000e+00,0.000000e+00,0.0000,0.0000,0
79,features.17,555,active,-0.009784,3.016986e-07,6.129845e-07,0.0201,0.0006,489
79,features.17,556,active,-0.006731,2.045399e-07,2.044311e-07,0.0136,0.0002,489
79,features.17,557,pruned_before,nan,0.000000e+00,0.000000e+00,0.0000,0.0000,0
79,features.17,558,active,-0.010877,6.366898e-07,2.253456e-05,0.0425,0.0207,489
79,features.17,559,active,-0.005025,1.645729e-07,1.013939e-06,0.0110,0.0009,489
79,features.17,560,pruned_before,nan,0.000000e+00,0.000000e+00,0.0000,0.0000,0
79,features.17,561,pruned_now,-0.062958,1.990924e-06,7.545766e-06,0.1329,0.0069,489
79,features.17,562,active,-0.005943,1.906220e-07,9.081401e-07,0.0127,0.0008,489
79,features.17,563,pruned_before,nan,0.000000e+00,0.000000e+00,0.0000,0.0000,0
79,features.17,564,pruned_before,nan,0.000000e+00,0.000000e+00,0.0000,0.0000,0
79,features.17,565,pruned_before,nan,0.000000e+00,0.000000e+00,0.0000,0.0000,0
79,features.17,566,pruned_before,nan,0.000000e+00,0.000000e+00,0.0000,0.0000,0
79,features.17,567,pruned_before,nan,0.000000e+00,0.000000e+00,0.0000,0.0000,0
79,features.17,568,pruned_before,nan,0.000000e+00,0.000000e+00,0.0000,0.0000,0
79,features.17,569,pruned_before,nan,0.000000e+00,0.000000e+00,0.0000,0.0000,0
79,features.17,570,active,-0.011045,3.703093e-07,2.850081e-06,0.0247,0.0026,489
79,features.17,571,pruned_before,nan,0.000000e+00,0.000000e+00,0.0000,0.0000,0
79,features.17,572,active,-0.028121,1.015513e-06,1.252575e-05,0.0678,0.0115,489
79,features.17,573,pruned_before,nan,0.000000e+00,0.000000e+00,0.0000,0.0000,0
79,features.17,574,active,-0.003890,1.360952e-07,1.414266e-06,0.0091,0.0013,489
79,features.17,575,pruned_before,nan,0.000000e+00,0.000000e+00,0.0000,0.0000,0
79,features.17,576,pruned_before,nan,0.000000e+00,0.000000e+00,0.0000,0.0000,0
79,features.17,577,active,-0.030352,1.240767e-06,2.401312e-05,0.0828,0.0221,489
79,features.17,578,active,-0.007886,3.431778e-07,7.747468e-06,0.0229,0.0071,489
79,features.17,579,active,-0.006475,2.204203e-07,1.912706e-06,0.0147,0.0018,489
79,features.17,580,pruned_before,nan,0.000000e+00,0.000000e+00,0.0000,0.0000,0
79,features.17,581,pruned_before,nan,0.000000e+00,0.000000e+00,0.0000,0.0000,0
79,features.17,582,pruned_before,nan,0.000000e+00,0.000000e+00,0.0000,0.0000,0
79,features.17,583,pruned_before,nan,0.000000e+00,0.000000e+00,0.0000,0.0000,0
79,features.17,584,pruned_before,nan,0.000000e+00,0.000000e+00,0.0000,0.0000,0
79,features.17,585,active,-0.003060,1.007721e-07,6.578519e-07,0.0067,0.0006,489
79,features.17,586,pruned_before,nan,0.000000e+00,0.000000e+00,0.0000,0.0000,0
79,features.17,587,pruned_before,nan,0.000000e+00,0.000000e+00,0.0000,0.0000,0
79,features.17,588,pruned_before,nan,0.000000e+00,0.000000e+00,0.0000,0.0000,0
79,features.17,589,pruned_before,nan,0.000000e+00,0.000000e+00,0.0000,0.0000,0
79,features.17,590,pruned_before,nan,0.000000e+00,0.000000e+00,0.0000,0.0000,0
79,features.17,591,pruned_before,nan,0.000000e+00,0.000000e+00,0.0000,0.0000,0
79,features.17,592,active,-0.033063,1.080513e-06,6.497570e-06,0.0721,0.0060,489
79,features.17,593,active,-0.010495,3.299628e-07,1.117467e-06,0.0220,0.0010,489
79,features.17,594,pruned_before,nan,0.000000e+00,0.000000e+00,0.0000,0.0000,0
79,features.17,595,pruned_now,-0.041385,1.317709e-06,5.611280e-06,0.0879,0.0052,489
79,features.17,596,pruned_before,nan,0.000000e+00,0.000000e+00,0.0000,0.0000,0
79,features.17,597,pruned_before,nan,0.000000e+00,0.000000e+00,0.0000,0.0000,0
79,features.17,598,active,0.000975,8.637759e-08,8.383426e-06,0.0058,0.0077,489
79,features.17,599,pruned_before,nan,0.000000e+00,0.000000e+00,0.0000,0.0000,0
79,features.17,600,pruned_before,nan,0.000000e+00,0.000000e+00,0.0000,0.0000,0
79,features.17,601,pruned_before,nan,0.000000e+00,0.000000e+00,0.0000,0.0000,0
79,features.17,602,pruned_before,nan,0.000000e+00,0.000000e+00,0.0000,0.0000,0
79,features.17,603,pruned_before,nan,0.000000e+00,0.000000e+00,0.0000,0.0000,0
79,features.17,604,pruned_before,nan,0.000000e+00,0.000000e+00,0.0000,0.0000,0
79,features.17,605,active,-0.001144,1.394823e-07,7.628735e-06,0.0093,0.0070,489
79,features.17,606,pruned_now,-0.036666,1.400183e-06,2.185214e-05,0.0934,0.0201,489
79,features.17,607,pruned_before,nan,0.000000e+00,0.000000e+00,0.0000,0.0000,0
79,features.17,608,active,-0.018757,5.797193e-07,1.274677e-06,0.0387,0.0012,489
79,features.17,609,pruned_before,nan,0.000000e+00,0.000000e+00,0.0000,0.0000,0
79,features.17,610,pruned_before,nan,0.000000e+00,0.000000e+00,0.0000,0.0000,0
79,features.17,611,active,-0.001688,5.619970e-08,4.067512e-07,0.0038,0.0004,489
79,features.17,612,active,-0.004275,1.373118e-07,6.657860e-07,0.0092,0.0006,489
79,features.17,613,pruned_before,nan,0.000000e+00,0.000000e+00,0.0000,0.0000,0
79,features.17,614,active,-0.000808,6.585309e-08,3.020600e-06,0.0044,0.0028,489
79,features.17,615,pruned_before,nan,0.000000e+00,0.000000e+00,0.0000,0.0000,0
79,features.17,616,active,-0.000791,3.721107e-08,9.795183e-07,0.0025,0.0009,489
79,features.17,617,pruned_before,nan,0.000000e+00,0.000000e+00,0.0000,0.0000,0
79,features.17,618,active,-0.006398,1.965494e-07,3.471530e-07,0.0131,0.0003,489
79,features.17,619,pruned_before,nan,0.000000e+00,0.000000e+00,0.0000,0.0000,0
79,features.17,620,pruned_before,nan,0.000000e+00,0.000000e+00,0.0000,0.0000,0
79,features.17,621,active,-0.011973,4.383741e-07,5.769323e-06,0.0293,0.0053,489
79,features.17,622,pruned_before,nan,0.000000e+00,0.000000e+00,0.0000,0.0000,0
79,features.17,623,pruned_before,nan,0.000000e+00,0.000000e+00,0.0000,0.0000,0
79,features.17,624,active,-0.003791,1.209656e-07,5.337924e-07,0.0081,0.0005,489
79,features.17,625,active,-0.011011,3.525431e-07,1.633950e-06,0.0235,0.0015,489
79,features.17,626,pruned_before,nan,0.000000e+00,0.000000e+00,0.0000,0.0000,0
79,features.17,627,pruned_before,nan,0.000000e+00,0.000000e+00,0.0000,0.0000,0
79,features.17,628,active,0.002367,2.619835e-08,7.044735e-06,0.0017,0.0065,489
79,features.17,629,active,-0.004266,1.444658e-07,1.204198e-06,0.0096,0.0011,489
79,features.17,630,pruned_before,nan,0.000000e+00,0.000000e+00,0.0000,0.0000,0
79,features.17,631,pruned_before,nan,0.000000e+00,0.000000e+00,0.0000,0.0000,0
79,features.17,632,pruned_before,nan,0.000000e+00,0.000000e+00,0.0000,0.0000,0
79,features.17,633,pruned_before,nan,0.000000e+00,0.000000e+00,0.0000,0.0000,0
79,features.17,634,pruned_before,nan,0.000000e+00,0.000000e+00,0.0000,0.0000,0
79,features.17,635,pruned_before,nan,0.000000e+00,0.000000e+00,0.0000,0.0000,0
79,features.17,636,active,-0.008481,2.578358e-07,2.658373e-07,0.0172,0.0002,489
79,features.17,637,pruned_before,nan,0.000000e+00,0.000000e+00,0.0000,0.0000,0
79,features.17,638,pruned_before,nan,0.000000e+00,0.000000e+00,0.0000,0.0000,0
79,features.17,639,pruned_before,nan,0.000000e+00,0.000000e+00,0.0000,0.0000,0
79,features.17,640,pruned_before,nan,0.000000e+00,0.000000e+00,0.0000,0.0000,0
79,features.17,641,active,-0.002155,8.682507e-08,1.612775e-06,0.0058,0.0015,489
79,features.17,642,active,-0.003709,1.332073e-07,1.599204e-06,0.0089,0.0015,489
79,features.17,643,pruned_before,nan,0.000000e+00,0.000000e+00,0.0000,0.0000,0
79,features.17,644,pruned_before,nan,0.000000e+00,0.000000e+00,0.0000,0.0000,0
79,features.17,645,active,-0.002637,8.175039e-08,1.961722e-07,0.0055,0.0002,489
79,features.17,646,pruned_before,nan,0.000000e+00,0.000000e+00,0.0000,0.0000,0
79,features.17,647,pruned_before,nan,0.000000e+00,0.000000e+00,0.0000,0.0000,0
79,features.17,648,pruned_before,nan,0.000000e+00,0.000000e+00,0.0000,0.0000,0
79,features.17,649,pruned_before,nan,0.000000e+00,0.000000e+00,0.0000,0.0000,0
79,features.17,650,active,-0.030935,1.309457e-06,2.772793e-05,0.0874,0.0255,489
79,features.17,651,pruned_before,nan,0.000000e+00,0.000000e+00,0.0000,0.0000,0
79,features.17,652,pruned_before,nan,0.000000e+00,0.000000e+00,0.0000,0.0000,0
79,features.17,653,pruned_before,nan,0.000000e+00,0.000000e+00,0.0000,0.0000,0
79,features.17,654,active,-0.024044,7.248531e-07,3.079214e-07,0.0484,0.0003,489
79,features.17,655,pruned_before,nan,0.000000e+00,0.000000e+00,0.0000,0.0000,0
79,features.17,656,active,-0.001849,6.091808e-08,3.994915e-07,0.0041,0.0004,489
79,features.17,657,active,-0.000295,1.925693e-07,1.332658e-05,0.0129,0.0123,489
79,features.17,658,pruned_before,nan,0.000000e+00,0.000000e+00,0.0000,0.0000,0
79,features.17,659,pruned_before,nan,0.000000e+00,0.000000e+00,0.0000,0.0000,0
79,features.17,660,pruned_before,nan,0.000000e+00,0.000000e+00,0.0000,0.0000,0
79,features.17,661,pruned_before,nan,0.000000e+00,0.000000e+00,0.0000,0.0000,0
79,features.17,662,pruned_before,nan,0.000000e+00,0.000000e+00,0.0000,0.0000,0
79,features.17,663,pruned_before,nan,0.000000e+00,0.000000e+00,0.0000,0.0000,0
79,features.17,664,active,-0.005855,1.795594e-07,2.954139e-07,0.0120,0.0003,489
79,features.17,665,pruned_before,nan,0.000000e+00,0.000000e+00,0.0000,0.0000,0
79,features.17,666,active,-0.003236,1.015538e-07,3.307854e-07,0.0068,0.0003,489
79,features.17,667,pruned_before,nan,0.000000e+00,0.000000e+00,0.0000,0.0000,0
79,features.17,668,pruned_before,nan,0.000000e+00,0.000000e+00,0.0000,0.0000,0
79,features.17,669,active,0.001259,4.720299e-07,3.697349e-05,0.0315,0.0340,489
79,features.17,670,pruned_before,nan,0.000000e+00,0.000000e+00,0.0000,0.0000,0
79,features.17,671,pruned_before,nan,0.000000e+00,0.000000e+00,0.0000,0.0000,0
79,features.17,672,active,-0.007266,2.783798e-07,4.396351e-06,0.0186,0.0040,489
79,features.17,673,pruned_before,nan,0.000000e+00,0.000000e+00,0.0000,0.0000,0
79,features.17,674,active,-0.006399,1.945260e-07,1.985454e-07,0.0130,0.0002,489
79,features.17,675,pruned_before,nan,0.000000e+00,0.000000e+00,0.0000,0.0000,0
79,features.17,676,pruned_before,nan,0.000000e+00,0.000000e+00,0.0000,0.0000,0
79,features.17,677,pruned_before,nan,0.000000e+00,0.000000e+00,0.0000,0.0000,0
79,features.17,678,pruned_before,nan,0.000000e+00,0.000000e+00,0.0000,0.0000,0
79,features.17,679,pruned_before,nan,0.000000e+00,0.000000e+00,0.0000,0.0000,0
79,features.17,680,active,0.027134,2.130112e-07,7.443239e-05,0.0142,0.0685,489
79,features.17,681,pruned_before,nan,0.000000e+00,0.000000e+00,0.0000,0.0000,0
79,features.17,682,active,-0.006147,1.891921e-07,3.595633e-07,0.0126,0.0003,489
79,features.17,683,pruned_before,nan,0.000000e+00,0.000000e+00,0.0000,0.0000,0
79,features.17,684,active,-0.000317,1.222217e-08,1.974783e-07,0.0008,0.0002,489
79,features.17,685,active,-0.007156,2.328232e-07,1.331357e-06,0.0155,0.0012,489
79,features.17,686,pruned_before,nan,0.000000e+00,0.000000e+00,0.0000,0.0000,0
79,features.17,687,pruned_before,nan,0.000000e+00,0.000000e+00,0.0000,0.0000,0
79,features.17,688,pruned_before,nan,0.000000e+00,0.000000e+00,0.0000,0.0000,0
79,features.17,689,pruned_before,nan,0.000000e+00,0.000000e+00,0.0000,0.0000,0
79,features.17,690,active,-0.006159,1.947836e-07,7.391600e-07,0.0130,0.0007,489
79,features.17,691,pruned_before,nan,0.000000e+00,0.000000e+00,0.0000,0.0000,0
79,features.17,692,active,-0.005305,1.763353e-07,1.257539e-06,0.0118,0.0012,489
79,features.17,693,pruned_before,nan,0.000000e+00,0.000000e+00,0.0000,0.0000,0
79,features.17,694,pruned_before,nan,0.000000e+00,0.000000e+00,0.0000,0.0000,0
79,features.17,695,pruned_before,nan,0.000000e+00,0.000000e+00,0.0000,0.0000,0
79,features.17,696,pruned_before,nan,0.000000e+00,0.000000e+00,0.0000,0.0000,0
79,features.17,697,pruned_before,nan,0.000000e+00,0.000000e+00,0.0000,0.0000,0
79,features.17,698,active,-0.007487,2.269516e-07,1.859367e-07,0.0151,0.0002,489
79,features.17,699,active,-0.000327,1.125061e-08,1.040999e-07,0.0008,0.0001,489
79,features.17,700,pruned_before,nan,0.000000e+00,0.000000e+00,0.0000,0.0000,0
79,features.17,701,pruned_now,-0.043320,1.632772e-06,2.425703e-05,0.1090,0.0223,489
79,features.17,702,active,0.023205,1.218333e-07,5.927752e-05,0.0081,0.0545,489
79,features.17,703,pruned_before,nan,0.000000e+00,0.000000e+00,0.0000,0.0000,0
79,features.17,704,active,-0.005276,1.683533e-07,7.421027e-07,0.0112,0.0007,489
79,features.17,705,pruned_before,nan,0.000000e+00,0.000000e+00,0.0000,0.0000,0
79,features.17,706,pruned_before,nan,0.000000e+00,0.000000e+00,0.0000,0.0000,0
79,features.17,707,active,-0.004423,1.380900e-07,4.006350e-07,0.0092,0.0004,489
79,features.17,708,active,-0.032161,1.206374e-06,1.758792e-05,0.0805,0.0162,489
79,features.17,709,pruned_before,nan,0.000000e+00,0.000000e+00,0.0000,0.0000,0
79,features.17,710,pruned_before,nan,0.000000e+00,0.000000e+00,0.0000,0.0000,0
79,features.17,711,pruned_before,nan,0.000000e+00,0.000000e+00,0.0000,0.0000,0
79,features.17,712,pruned_before,nan,0.000000e+00,0.000000e+00,0.0000,0.0000,0
79,features.17,713,active,0.000491,5.646066e-08,5.161762e-06,0.0038,0.0047,489
79,features.17,714,pruned_before,nan,0.000000e+00,0.000000e+00,0.0000,0.0000,0
79,features.17,715,pruned_before,nan,0.000000e+00,0.000000e+00,0.0000,0.0000,0
79,features.17,716,pruned_before,nan,0.000000e+00,0.000000e+00,0.0000,0.0000,0
79,features.17,717,pruned_before,nan,0.000000e+00,0.000000e+00,0.0000,0.0000,0
79,features.17,718,active,-0.001759,5.508175e-08,1.711091e-07,0.0037,0.0002,489
79,features.17,719,active,-0.010236,3.324861e-07,1.864532e-06,0.0222,0.0017,489
79,features.17,720,pruned_before,nan,0.000000e+00,0.000000e+00,0.0000,0.0000,0
79,features.17,721,active,-0.003669,1.236645e-07,9.928531e-07,0.0083,0.0009,489
79,features.17,722,pruned_before,nan,0.000000e+00,0.000000e+00,0.0000,0.0000,0
79,features.17,723,pruned_before,nan,0.000000e+00,0.000000e+00,0.0000,0.0000,0
79,features.17,724,pruned_before,nan,0.000000e+00,0.000000e+00,0.0000,0.0000,0
79,features.17,725,pruned_before,nan,0.000000e+00,0.000000e+00,0.0000,0.0000,0
79,features.17,726,active,-0.025842,1.180163e-06,2.942134e-05,0.0788,0.0271,489
79,features.17,727,pruned_before,nan,0.000000e+00,0.000000e+00,0.0000,0.0000,0
79,features.17,728,pruned_before,nan,0.000000e+00,0.000000e+00,0.0000,0.0000,0
79,features.17,729,pruned_before,nan,0.000000e+00,0.000000e+00,0.0000,0.0000,0
79,features.17,730,active,-0.001128,7.901083e-08,3.279645e-06,0.0053,0.0030,489
79,features.17,731,pruned_before,nan,0.000000e+00,0.000000e+00,0.0000,0.0000,0
79,features.17,732,pruned_before,nan,0.000000e+00,0.000000e+00,0.0000,0.0000,0
79,features.17,733,pruned_before,nan,0.000000e+00,0.000000e+00,0.0000,0.0000,0
79,features.17,734,active,-0.001393,5.062104e-08,6.428264e-07,0.0034,0.0006,489
79,features.17,735,pruned_before,nan,0.000000e+00,0.000000e+00,0.0000,0.0000,0
79,features.17,736,pruned_before,nan,0.000000e+00,0.000000e+00,0.0000,0.0000,0
79,features.17,737,pruned_before,nan,0.000000e+00,0.000000e+00,0.0000,0.0000,0
79,features.17,738,pruned_before,nan,0.000000e+00,0.000000e+00,0.0000,0.0000,0
79,features.17,739,pruned_before,nan,0.000000e+00,0.000000e+00,0.0000,0.0000,0
79,features.17,740,pruned_before,nan,0.000000e+00,0.000000e+00,0.0000,0.0000,0
79,features.17,741,active,-0.001407,7.374527e-08,2.289657e-06,0.0049,0.0021,489
79,features.17,742,pruned_before,nan,0.000000e+00,0.000000e+00,0.0000,0.0000,0
79,features.17,743,pruned_before,nan,0.000000e+00,0.000000e+00,0.0000,0.0000,0
79,features.17,744,active,-0.000112,3.363499e-09,4.498273e-11,0.0002,0.0000,489
79,features.17,745,pruned_before,nan,0.000000e+00,0.000000e+00,0.0000,0.0000,0
79,features.17,746,active,-0.002270,7.463891e-08,4.801407e-07,0.0050,0.0004,489
79,features.17,747,pruned_before,nan,0.000000e+00,0.000000e+00,0.0000,0.0000,0
79,features.17,748,pruned_before,nan,0.000000e+00,0.000000e+00,0.0000,0.0000,0
79,features.17,749,pruned_before,nan,0.000000e+00,0.000000e+00,0.0000,0.0000,0
79,features.17,750,pruned_before,nan,0.000000e+00,0.000000e+00,0.0000,0.0000,0
79,features.17,751,pruned_before,nan,0.000000e+00,0.000000e+00,0.0000,0.0000,0
79,features.17,752,pruned_before,nan,0.000000e+00,0.000000e+00,0.0000,0.0000,0
79,features.17,753,pruned_before,nan,0.000000e+00,0.000000e+00,0.0000,0.0000,0
79,features.17,754,active,0.005132,3.390765e-07,3.574815e-05,0.0226,0.0329,489
79,features.17,755,active,-0.001404,4.721117e-08,3.720903e-07,0.0032,0.0003,489
79,features.17,756,active,-0.000564,1.930032e-08,1.747649e-07,0.0013,0.0002,489
79,features.17,757,pruned_before,nan,0.000000e+00,0.000000e+00,0.0000,0.0000,0
79,features.17,758,pruned_before,nan,0.000000e+00,0.000000e+00,0.0000,0.0000,0
79,features.17,759,pruned_before,nan,0.000000e+00,0.000000e+00,0.0000,0.0000,0
79,features.17,760,pruned_before,nan,0.000000e+00,0.000000e+00,0.0000,0.0000,0
79,features.17,761,pruned_before,nan,0.000000e+00,0.000000e+00,0.0000,0.0000,0
79,features.17,762,active,-0.000235,4.001209e-08,2.391516e-06,0.0027,0.0022,489
79,features.17,763,pruned_before,nan,0.000000e+00,0.000000e+00,0.0000,0.0000,0
79,features.17,764,pruned_before,nan,0.000000e+00,0.000000e+00,0.0000,0.0000,0
79,features.17,765,pruned_before,nan,0.000000e+00,0.000000e+00,0.0000,0.0000,0
79,features.17,766,pruned_before,nan,0.000000e+00,0.000000e+00,0.0000,0.0000,0
79,features.17,767,pruned_before,nan,0.000000e+00,0.000000e+00,0.0000,0.0000,0
79,features.17,768,pruned_before,nan,0.000000e+00,0.000000e+00,0.0000,0.0000,0
79,features.17,769,active,-0.004650,1.713498e-07,2.319071e-06,0.0114,0.0021,489
79,features.17,770,pruned_before,nan,0.000000e+00,0.000000e+00,0.0000,0.0000,0
79,features.17,771,active,-0.003131,9.661571e-08,2.016325e-07,0.0064,0.0002,489
79,features.17,772,active,-0.018989,8.048451e-07,1.709720e-05,0.0537,0.0157,489
79,features.17,773,active,-0.004597,1.452354e-07,5.415883e-07,0.0097,0.0005,489
79,features.17,774,pruned_before,nan,0.000000e+00,0.000000e+00,0.0000,0.0000,0
79,features.17,775,pruned_before,nan,0.000000e+00,0.000000e+00,0.0000,0.0000,0
79,features.17,776,pruned_before,nan,0.000000e+00,0.000000e+00,0.0000,0.0000,0
79,features.17,777,active,-0.008204,2.490151e-07,2.278730e-07,0.0166,0.0002,489
79,features.17,778,active,0.001189,2.182531e-07,1.841412e-05,0.0146,0.0169,489
79,features.17,779,pruned_before,nan,0.000000e+00,0.000000e+00,0.0000,0.0000,0
79,features.17,780,pruned_before,nan,0.000000e+00,0.000000e+00,0.0000,0.0000,0
79,features.17,781,active,-0.031313,1.167022e-06,1.657668e-05,0.0779,0.0153,489
79,features.17,782,pruned_before,nan,0.000000e+00,0.000000e+00,0.0000,0.0000,0
79,features.17,783,active,-0.001177,3.923076e-08,2.873747e-07,0.0026,0.0003,489
79,features.17,784,active,-0.001919,6.141464e-08,2.822340e-07,0.0041,0.0003,489
79,features.17,785,pruned_before,nan,0.000000e+00,0.000000e+00,0.0000,0.0000,0
79,features.17,786,pruned_before,nan,0.000000e+00,0.000000e+00,0.0000,0.0000,0
79,features.17,787,pruned_before,nan,0.000000e+00,0.000000e+00,0.0000,0.0000,0
79,features.17,788,active,-0.008725,2.911614e-07,2.152011e-06,0.0194,0.0020,489
79,features.17,789,pruned_before,nan,0.000000e+00,0.000000e+00,0.0000,0.0000,0
79,features.17,790,pruned_before,nan,0.000000e+00,0.000000e+00,0.0000,0.0000,0
79,features.17,791,active,-0.000414,1.558402e-08,2.300423e-07,0.0010,0.0002,489
79,features.17,792,pruned_before,nan,0.000000e+00,0.000000e+00,0.0000,0.0000,0
79,features.17,793,pruned_before,nan,0.000000e+00,0.000000e+00,0.0000,0.0000,0
79,features.17,794,pruned_before,nan,0.000000e+00,0.000000e+00,0.0000,0.0000,0
79,features.17,795,pruned_before,nan,0.000000e+00,0.000000e+00,0.0000,0.0000,0
79,features.17,796,active,-0.004777,2.664061e-07,8.938343e-06,0.0178,0.0082,489
79,features.17,797,active,-0.012138,4.334123e-07,5.050159e-06,0.0289,0.0046,489
79,features.17,798,active,-0.001103,3.799724e-08,3.592031e-07,0.0025,0.0003,489
79,features.17,799,active,-0.000683,3.630502e-08,1.149131e-06,0.0024,0.0011,489
79,features.17,800,pruned_before,nan,0.000000e+00,0.000000e+00,0.0000,0.0000,0
79,features.17,801,protected,0.128180,6.387547e-06,7.419113e-04,0.4263,0.6826,489
79,features.17,802,pruned_before,nan,0.000000e+00,0.000000e+00,0.0000,0.0000,0
79,features.17,803,pruned_before,nan,0.000000e+00,0.000000e+00,0.0000,0.0000,0
79,features.17,804,active,-0.007515,2.551193e-07,2.168267e-06,0.0170,0.0020,489
79,features.17,805,pruned_before,nan,0.000000e+00,0.000000e+00,0.0000,0.0000,0
79,features.17,806,pruned_before,nan,0.000000e+00,0.000000e+00,0.0000,0.0000,0
79,features.17,807,active,-0.009118,2.840645e-07,7.826914e-07,0.0190,0.0007,489
79,features.17,808,pruned_before,nan,0.000000e+00,0.000000e+00,0.0000,0.0000,0
79,features.17,809,active,-0.000841,4.470414e-08,1.414968e-06,0.0030,0.0013,489
79,features.17,810,pruned_before,nan,0.000000e+00,0.000000e+00,0.0000,0.0000,0
79,features.17,811,active,-0.018847,6.375236e-07,5.269857e-06,0.0425,0.0048,489
79,features.17,812,active,-0.023898,7.788163e-07,4.538995e-06,0.0520,0.0042,489
79,features.17,813,pruned_before,nan,0.000000e+00,0.000000e+00,0.0000,0.0000,0
79,features.17,814,pruned_before,nan,0.000000e+00,0.000000e+00,0.0000,0.0000,0
79,features.17,815,pruned_before,nan,0.000000e+00,0.000000e+00,0.0000,0.0000,0
79,features.17,816,pruned_before,nan,0.000000e+00,0.000000e+00,0.0000,0.0000,0
79,features.17,817,active,-0.014571,1.737940e-06,9.437768e-05,0.1160,0.0868,489
79,features.17,818,pruned_before,nan,0.000000e+00,0.000000e+00,0.0000,0.0000,0
79,features.17,819,active,-0.016525,5.007778e-07,4.006455e-07,0.0334,0.0004,489
79,features.17,820,pruned_before,nan,0.000000e+00,0.000000e+00,0.0000,0.0000,0
79,features.17,821,pruned_before,nan,0.000000e+00,0.000000e+00,0.0000,0.0000,0
79,features.17,822,active,-0.001320,6.421201e-08,1.788218e-06,0.0043,0.0016,489
79,features.17,823,pruned_before,nan,0.000000e+00,0.000000e+00,0.0000,0.0000,0
79,features.17,824,active,-0.028098,1.012619e-06,1.236549e-05,0.0676,0.0114,489
79,features.17,825,pruned_before,nan,0.000000e+00,0.000000e+00,0.0000,0.0000,0
79,features.17,826,pruned_before,nan,0.000000e+00,0.000000e+00,0.0000,0.0000,0
79,features.17,827,pruned_before,nan,0.000000e+00,0.000000e+00,0.0000,0.0000,0
79,features.17,828,active,-0.021096,6.899126e-07,4.181798e-06,0.0460,0.0038,489
79,features.17,829,pruned_before,nan,0.000000e+00,0.000000e+00,0.0000,0.0000,0
79,features.17,830,pruned_before,nan,0.000000e+00,0.000000e+00,0.0000,0.0000,0
79,features.17,831,pruned_before,nan,0.000000e+00,0.000000e+00,0.0000,0.0000,0
79,features.17,832,pruned_before,nan,0.000000e+00,0.000000e+00,0.0000,0.0000,0
79,features.17,833,pruned_before,nan,0.000000e+00,0.000000e+00,0.0000,0.0000,0
79,features.17,834,pruned_before,nan,0.000000e+00,0.000000e+00,0.0000,0.0000,0
79,features.17,835,pruned_before,nan,0.000000e+00,0.000000e+00,0.0000,0.0000,0
79,features.17,836,active,-0.023308,7.161763e-07,1.277059e-06,0.0478,0.0012,489
79,features.17,837,active,-0.005956,1.839938e-07,3.985509e-07,0.0123,0.0004,489
79,features.17,838,active,-0.002384,7.707199e-08,4.081909e-07,0.0051,0.0004,489
79,features.17,839,pruned_before,nan,0.000000e+00,0.000000e+00,0.0000,0.0000,0
79,features.17,840,pruned_before,nan,0.000000e+00,0.000000e+00,0.0000,0.0000,0
79,features.17,841,active,-0.007383,2.284643e-07,5.226314e-07,0.0152,0.0005,489
79,features.17,842,active,-0.003582,1.509917e-07,3.164776e-06,0.0101,0.0029,489
79,features.17,843,pruned_before,nan,0.000000e+00,0.000000e+00,0.0000,0.0000,0
79,features.17,844,pruned_before,nan,0.000000e+00,0.000000e+00,0.0000,0.0000,0
79,features.17,845,active,-0.000059,5.485097e-09,2.706014e-07,0.0004,0.0002,489
79,features.17,846,pruned_before,nan,0.000000e+00,0.000000e+00,0.0000,0.0000,0
79,features.17,847,pruned_before,nan,0.000000e+00,0.000000e+00,0.0000,0.0000,0
79,features.17,848,active,-0.003002,1.037380e-07,9.993421e-07,0.0069,0.0009,489
79,features.17,849,active,-0.004481,1.423520e-07,5.837360e-07,0.0095,0.0005,489
79,features.17,850,active,-0.003815,1.788738e-07,4.680259e-06,0.0119,0.0043,489
79,features.17,851,pruned_before,nan,0.000000e+00,0.000000e+00,0.0000,0.0000,0
79,features.17,852,pruned_before,nan,0.000000e+00,0.000000e+00,0.0000,0.0000,0
79,features.17,853,active,-0.006235,2.391043e-07,3.787950e-06,0.0160,0.0035,489
79,features.17,854,pruned_before,nan,0.000000e+00,0.000000e+00,0.0000,0.0000,0
79,features.17,855,pruned_before,nan,0.000000e+00,0.000000e+00,0.0000,0.0000,0
79,features.17,856,pruned_before,nan,0.000000e+00,0.000000e+00,0.0000,0.0000,0
79,features.17,857,active,-0.022043,6.894007e-07,2.086091e-06,0.0460,0.0019,489
79,features.17,858,pruned_before,nan,0.000000e+00,0.000000e+00,0.0000,0.0000,0
79,features.17,859,pruned_before,nan,0.000000e+00,0.000000e+00,0.0000,0.0000,0
79,features.17,860,pruned_before,nan,0.000000e+00,0.000000e+00,0.0000,0.0000,0
79,features.17,861,active,-0.009141,2.837606e-07,7.105136e-07,0.0189,0.0007,489
79,features.17,862,pruned_before,nan,0.000000e+00,0.000000e+00,0.0000,0.0000,0
79,features.17,863,pruned_before,nan,0.000000e+00,0.000000e+00,0.0000,0.0000,0
79,features.17,864,pruned_before,nan,0.000000e+00,0.000000e+00,0.0000,0.0000,0
79,features.17,865,active,-0.012661,3.963856e-07,1.227543e-06,0.0265,0.0011,489
79,features.17,866,pruned_before,nan,0.000000e+00,0.000000e+00,0.0000,0.0000,0
79,features.17,867,active,0.000502,3.591262e-07,2.713882e-05,0.0240,0.0250,489
79,features.17,868,active,-0.005317,1.657119e-07,4.605165e-07,0.0111,0.0004,489
79,features.17,869,pruned_before,nan,0.000000e+00,0.000000e+00,0.0000,0.0000,0
79,features.17,870,active,-0.002641,8.637991e-08,5.234129e-07,0.0058,0.0005,489
79,features.17,871,pruned_before,nan,0.000000e+00,0.000000e+00,0.0000,0.0000,0
79,features.17,872,pruned_before,nan,0.000000e+00,0.000000e+00,0.0000,0.0000,0
79,features.17,873,pruned_before,nan,0.000000e+00,0.000000e+00,0.0000,0.0000,0
79,features.17,874,pruned_before,nan,0.000000e+00,0.000000e+00,0.0000,0.0000,0
79,features.17,875,pruned_before,nan,0.000000e+00,0.000000e+00,0.0000,0.0000,0
79,features.17,876,pruned_before,nan,0.000000e+00,0.000000e+00,0.0000,0.0000,0
79,features.17,877,pruned_before,nan,0.000000e+00,0.000000e+00,0.0000,0.0000,0
79,features.17,878,pruned_before,nan,0.000000e+00,0.000000e+00,0.0000,0.0000,0
79,features.17,879,pruned_before,nan,0.000000e+00,0.000000e+00,0.0000,0.0000,0
79,features.17,880,pruned_now,-0.049008,1.562910e-06,6.826652e-06,0.1043,0.0063,489
79,features.17,881,pruned_before,nan,0.000000e+00,0.000000e+00,0.0000,0.0000,0
79,features.17,882,pruned_before,nan,0.000000e+00,0.000000e+00,0.0000,0.0000,0
79,features.17,883,active,-0.004705,1.482285e-07,5.238278e-07,0.0099,0.0005,489
79,features.17,884,active,-0.023656,7.579215e-07,3.550115e-06,0.0506,0.0033,489
79,features.17,885,pruned_before,nan,0.000000e+00,0.000000e+00,0.0000,0.0000,0
79,features.17,886,active,-0.001984,1.396122e-07,5.813360e-06,0.0093,0.0053,489
79,features.17,887,active,-0.014375,4.363789e-07,4.022222e-07,0.0291,0.0004,489
79,features.17,888,active,0.001764,5.640861e-08,7.925305e-06,0.0038,0.0073,489
79,features.17,889,active,-0.000264,1.248650e-08,3.315254e-07,0.0008,0.0003,489
79,features.17,890,active,-0.023311,7.245098e-07,1.875158e-06,0.0483,0.0017,489
79,features.17,891,pruned_before,nan,0.000000e+00,0.000000e+00,0.0000,0.0000,0
79,features.17,892,pruned_before,nan,0.000000e+00,0.000000e+00,0.0000,0.0000,0
79,features.17,893,active,-0.003542,3.974928e-07,2.113048e-05,0.0265,0.0194,489
79,features.17,894,active,-0.001419,4.580691e-08,2.387276e-07,0.0031,0.0002,489
79,features.17,895,pruned_before,nan,0.000000e+00,0.000000e+00,0.0000,0.0000,0
79,features.17,896,pruned_before,nan,0.000000e+00,0.000000e+00,0.0000,0.0000,0
79,features.17,897,active,-0.005064,1.997427e-07,3.479073e-06,0.0133,0.0032,489
79,features.17,898,pruned_before,nan,0.000000e+00,0.000000e+00,0.0000,0.0000,0
79,features.17,899,pruned_before,nan,0.000000e+00,0.000000e+00,0.0000,0.0000,0
79,features.17,900,pruned_before,nan,0.000000e+00,0.000000e+00,0.0000,0.0000,0
79,features.17,901,pruned_before,nan,0.000000e+00,0.000000e+00,0.0000,0.0000,0
79,features.17,902,active,-0.006603,2.825274e-07,6.138162e-06,0.0189,0.0056,489
79,features.17,903,pruned_before,nan,0.000000e+00,0.000000e+00,0.0000,0.0000,0
79,features.17,904,active,-0.004376,1.391799e-07,5.813915e-07,0.0093,0.0005,489
79,features.17,905,active,-0.002768,9.199989e-08,6.547632e-07,0.0061,0.0006,489
79,features.17,906,pruned_before,nan,0.000000e+00,0.000000e+00,0.0000,0.0000,0
79,features.17,907,pruned_before,nan,0.000000e+00,0.000000e+00,0.0000,0.0000,0
79,features.17,908,pruned_before,nan,0.000000e+00,0.000000e+00,0.0000,0.0000,0
79,features.17,909,pruned_before,nan,0.000000e+00,0.000000e+00,0.0000,0.0000,0
79,features.17,910,active,-0.004684,1.784234e-07,2.758045e-06,0.0119,0.0025,489
79,features.17,911,active,-0.034718,1.435013e-06,2.861198e-05,0.0958,0.0263,489
79,features.17,912,active,-0.028505,9.318351e-07,5.621579e-06,0.0622,0.0052,489
79,features.17,913,pruned_before,nan,0.000000e+00,0.000000e+00,0.0000,0.0000,0
79,features.17,914,pruned_before,nan,0.000000e+00,0.000000e+00,0.0000,0.0000,0
79,features.17,915,pruned_before,nan,0.000000e+00,0.000000e+00,0.0000,0.0000,0
79,features.17,916,pruned_before,nan,0.000000e+00,0.000000e+00,0.0000,0.0000,0
79,features.17,917,pruned_now,-0.037396,1.236690e-06,8.405925e-06,0.0825,0.0077,489
79,features.17,918,active,-0.026452,1.279488e-06,3.529978e-05,0.0854,0.0325,489
79,features.17,919,pruned_before,nan,0.000000e+00,0.000000e+00,0.0000,0.0000,0
79,features.17,920,active,-0.007990,2.451055e-07,4.090571e-07,0.0164,0.0004,489
79,features.17,921,pruned_before,nan,0.000000e+00,0.000000e+00,0.0000,0.0000,0
79,features.17,922,pruned_before,nan,0.000000e+00,0.000000e+00,0.0000,0.0000,0
79,features.17,923,pruned_before,nan,0.000000e+00,0.000000e+00,0.0000,0.0000,0
79,features.17,924,pruned_before,nan,0.000000e+00,0.000000e+00,0.0000,0.0000,0
79,features.17,925,active,-0.000069,1.402694e-08,8.667405e-07,0.0009,0.0008,489
79,features.17,926,pruned_before,nan,0.000000e+00,0.000000e+00,0.0000,0.0000,0
79,features.17,927,pruned_before,nan,0.000000e+00,0.000000e+00,0.0000,0.0000,0
79,features.17,928,pruned_before,nan,0.000000e+00,0.000000e+00,0.0000,0.0000,0
79,features.17,929,pruned_before,nan,0.000000e+00,0.000000e+00,0.0000,0.0000,0
79,features.17,930,active,0.000638,4.009479e-08,4.294861e-06,0.0027,0.0040,489
79,features.17,931,pruned_before,nan,0.000000e+00,0.000000e+00,0.0000,0.0000,0
79,features.17,932,active,-0.003050,2.327439e-07,1.024990e-05,0.0155,0.0094,489
79,features.17,933,pruned_before,nan,0.000000e+00,0.000000e+00,0.0000,0.0000,0
79,features.17,934,pruned_before,nan,0.000000e+00,0.000000e+00,0.0000,0.0000,0
79,features.17,935,pruned_before,nan,0.000000e+00,0.000000e+00,0.0000,0.0000,0
79,features.17,936,active,-0.025427,9.436528e-07,1.317155e-05,0.0630,0.0121,489
79,features.17,937,pruned_before,nan,0.000000e+00,0.000000e+00,0.0000,0.0000,0
79,features.17,938,active,0.001297,1.134425e-08,3.641729e-06,0.0008,0.0034,489
79,features.17,939,pruned_before,nan,0.000000e+00,0.000000e+00,0.0000,0.0000,0
79,features.17,940,pruned_before,nan,0.000000e+00,0.000000e+00,0.0000,0.0000,0
79,features.17,941,active,-0.002707,8.609925e-08,3.596199e-07,0.0057,0.0003,489
79,features.17,942,pruned_before,nan,0.000000e+00,0.000000e+00,0.0000,0.0000,0
79,features.17,943,pruned_before,nan,0.000000e+00,0.000000e+00,0.0000,0.0000,0
79,features.17,944,active,-0.026665,8.614243e-07,4.516225e-06,0.0575,0.0042,489
79,features.17,945,active,-0.007246,2.634562e-07,3.356338e-06,0.0176,0.0031,489
79,features.17,946,pruned_before,nan,0.000000e+00,0.000000e+00,0.0000,0.0000,0
79,features.17,947,pruned_before,nan,0.000000e+00,0.000000e+00,0.0000,0.0000,0
79,features.17,948,pruned_before,nan,0.000000e+00,0.000000e+00,0.0000,0.0000,0
79,features.17,949,pruned_before,nan,0.000000e+00,0.000000e+00,0.0000,0.0000,0
79,features.17,950,pruned_before,nan,0.000000e+00,0.000000e+00,0.0000,0.0000,0
79,features.17,951,pruned_before,nan,0.000000e+00,0.000000e+00,0.0000,0.0000,0
79,features.17,952,active,-0.002996,9.822603e-08,6.125611e-07,0.0066,0.0006,489
79,features.17,953,pruned_before,nan,0.000000e+00,0.000000e+00,0.0000,0.0000,0
79,features.17,954,pruned_before,nan,0.000000e+00,0.000000e+00,0.0000,0.0000,0
79,features.17,955,active,-0.008029,2.441498e-07,2.541806e-07,0.0163,0.0002,489
79,features.17,956,pruned_before,nan,0.000000e+00,0.000000e+00,0.0000,0.0000,0
79,features.17,957,pruned_before,nan,0.000000e+00,0.000000e+00,0.0000,0.0000,0
79,features.17,958,pruned_before,nan,0.000000e+00,0.000000e+00,0.0000,0.0000,0
79,features.17,959,pruned_before,nan,0.000000e+00,0.000000e+00,0.0000,0.0000,0
