iter,block,ch,status,score,phi_raw,perf_raw,phi_n,perf_n,weights
14,features.1,0,active,-0.017241,0.000000e+00,3.181443e-20,0.1379,0.1034,25
14,features.1,1,active,0.155172,1.362235e-07,4.764054e-03,0.4828,0.7931,25
14,features.1,2,active,-0.068966,8.189949e-07,3.432835e-03,0.8621,0.7241,25
14,features.1,3,active,0.068966,2.103346e-08,6.862020e-04,0.3448,0.4828,25
14,features.1,4,protected,0.275862,7.296741e-08,1.317606e-01,0.4483,1.0000,25
14,features.1,5,active,0.068965,3.347521e-07,1.265726e-02,0.6897,0.8276,25
14,features.1,6,active,0.310345,1.028523e-08,3.639003e-02,0.3103,0.9310,25
14,features.1,7,active,0.258621,2.581329e-08,2.914051e-02,0.3793,0.8966,25
14,features.1,8,active,0.034483,6.568870e-07,1.706579e-02,0.7931,0.8621,25
14,features.1,9,active,-0.068966,0.000000e+00,0.000000e+00,0.1724,0.0345,25
14,features.1,10,active,-0.120690,2.457143e-07,8.657527e-05,0.6207,0.3793,25
14,features.1,11,active,0.275862,6.038896e-08,1.264758e-01,0.4138,0.9655,25
14,features.1,12,active,-0.103448,4.093066e-07,1.091310e-03,0.7241,0.5172,25
14,features.1,13,active,-0.017241,1.015982e-08,2.574240e-05,0.2759,0.2414,25
14,features.1,14,active,-0.103448,0.000000e+00,0.000000e+00,0.2069,0.0000,25
14,features.1,15,active,-0.017241,0.000000e+00,0.000000e+00,0.1034,0.0690,25
14,features.1,16,active,0.103448,0.000000e+00,1.988369e-11,0.0000,0.2069,25
14,features.1,17,active,0.068966,0.000000e+00,1.716968e-11,0.0345,0.1724,25
14,features.1,18,active,0.103448,1.625779e-07,4.277688e-03,0.5517,0.7586,25
14,features.1,19,active,-0.224138,4.425842e-07,4.345619e-05,0.7586,0.3103,25
14,features.1,20,active,-0.120690,1.670146e-07,7.711178e-05,0.5862,0.3448,25
14,features.1,21,active,-0.224138,4.473291e-06,1.722518e-03,1.0000,0.5517,25
14,features.1,22,active,-0.172414,1.777606e-06,1.782860e-03,0.9310,0.5862,25
14,features.1,23,active,0.034483,0.000000e+00,8.290126e-14,0.0690,0.1379,25
14,features.1,24,active,-0.120690,2.702409e-07,9.513678e-05,0.6552,0.4138,25
14,features.1,25,active,-0.103448,8.043580e-07,1.830955e-03,0.8276,0.6207,25
14,features.1,26,active,-0.120690,1.472984e-07,4.301274e-05,0.5172,0.2759,25
14,features.1,27,active,-0.155172,1.782078e-06,2.959218e-03,0.9655,0.6552,25
14,features.1,28,pruned_before,nan,0.000000e+00,0.000000e+00,0.0000,0.0000,0
14,features.1,29,pruned_before,nan,0.000000e+00,0.000000e+00,0.0000,0.0000,0
14,features.1,30,active,-0.103448,8.892995e-07,3.394577e-03,0.8966,0.6897,25
14,features.1,31,active,0.103448,4.066581e-09,3.134873e-04,0.2414,0.4483,25
14,features.2,0,pruned_before,nan,0.000000e+00,0.000000e+00,0.0000,0.0000,0
14,features.2,1,pruned_before,nan,0.000000e+00,0.000000e+00,0.0000,0.0000,0
14,features.2,2,active,0.275510,2.795179e-08,5.236184e-04,0.3265,0.8776,49
14,features.2,3,active,-0.081633,6.839445e-06,3.565202e-04,0.9796,0.8163,49
14,features.2,4,active,0.051020,5.204319e-08,2.432250e-04,0.4694,0.5714,49
14,features.2,5,active,-0.112245,2.922529e-08,4.260357e-05,0.3469,0.1224,49
14,features.2,6,active,-0.193878,4.468698e-07,1.419626e-04,0.8163,0.4286,49
14,features.2,7,active,-0.061224,1.378247e-08,1.059705e-05,0.1429,0.0204,49
14,features.2,8,pruned_before,nan,0.000000e+00,0.000000e+00,0.0000,0.0000,0
14,features.2,9,active,-0.091837,1.991708e-08,1.760798e-05,0.2449,0.0612,49
14,features.2,10,pruned_before,nan,0.000000e+00,0.000000e+00,0.0000,0.0000,0
14,features.2,11,pruned_before,nan,0.000000e+00,0.000000e+00,0.0000,0.0000,0
14,features.2,12,active,0.193878,2.019461e-08,2.762232e-04,0.2653,0.6531,49
14,features.2,13,active,-0.061224,1.996236e-07,2.513113e-04,0.7347,0.6122,49
14,features.2,14,active,0.010204,1.971082e-08,7.810454e-05,0.2245,0.2449,49
14,features.2,15,pruned_before,nan,0.000000e+00,0.000000e+00,0.0000,0.0000,0
14,features.2,16,pruned_before,nan,0.000000e+00,0.000000e+00,0.0000,0.0000,0
14,features.2,17,pruned_before,nan,0.000000e+00,0.000000e+00,0.0000,0.0000,0
14,features.2,18,pruned_before,nan,0.000000e+00,0.000000e+00,0.0000,0.0000,0
14,features.2,19,pruned_now,-0.275510,6.712532e-07,8.708934e-05,0.8367,0.2857,49
14,features.2,20,active,-0.102041,7.084841e-06,3.459355e-04,1.0000,0.7959,49
14,features.2,21,pruned_now,-0.275510,1.056966e-07,4.020820e-05,0.6531,0.1020,49
14,features.2,22,active,0.336735,4.789734e-09,2.927459e-04,0.0408,0.7143,49
14,features.2,23,active,0.306122,2.298026e-08,6.040768e-04,0.2857,0.8980,49
14,features.2,24,active,-0.183673,4.436469e-08,1.692426e-05,0.4082,0.0408,49
14,features.2,25,pruned_before,nan,0.000000e+00,0.000000e+00,0.0000,0.0000,0
14,features.2,26,pruned_before,nan,0.000000e+00,0.000000e+00,0.0000,0.0000,0
14,features.2,27,pruned_before,nan,0.000000e+00,0.000000e+00,0.0000,0.0000,0
14,features.2,28,active,-0.112245,1.485897e-06,2.859746e-04,0.9184,0.6939,49
14,features.2,29,active,0.377551,6.801480e-09,4.852593e-04,0.0816,0.8367,49
14,features.2,30,pruned_before,nan,0.000000e+00,0.000000e+00,0.0000,0.0000,0
14,features.2,31,active,0.163265,4.799247e-08,3.388983e-04,0.4286,0.7551,49
14,features.2,32,active,-0.091837,5.305370e-08,8.977783e-05,0.4898,0.3061,49
14,features.2,33,pruned_now,-0.255102,1.460868e-06,1.295828e-04,0.8980,0.3878,49
14,features.2,34,active,0.020408,1.195285e-06,6.598813e-04,0.8776,0.9184,49
14,features.2,35,active,-0.204082,1.009558e-07,7.517684e-05,0.6327,0.2245,49
14,features.2,36,pruned_before,nan,0.000000e+00,0.000000e+00,0.0000,0.0000,0
14,features.2,37,pruned_before,nan,0.000000e+00,0.000000e+00,0.0000,0.0000,0
14,features.2,38,active,0.214286,1.127452e-08,2.277992e-04,0.1224,0.5510,49
14,features.2,39,pruned_before,nan,0.000000e+00,0.000000e+00,0.0000,0.0000,0
14,features.2,40,pruned_before,nan,0.000000e+00,0.000000e+00,0.0000,0.0000,0
14,features.2,41,pruned_before,nan,0.000000e+00,0.000000e+00,0.0000,0.0000,0
14,features.2,42,active,-0.163265,3.966835e-07,1.596068e-04,0.7755,0.4490,49
14,features.2,43,active,0.071429,7.054371e-08,2.802988e-04,0.5306,0.6735,49
14,features.2,44,active,-0.214286,9.916589e-08,5.888053e-05,0.6122,0.1837,49
14,features.2,45,pruned_before,nan,0.000000e+00,0.000000e+00,0.0000,0.0000,0
14,features.2,46,pruned_before,nan,0.000000e+00,0.000000e+00,0.0000,0.0000,0
14,features.2,47,active,0.173469,1.455195e-08,2.075445e-04,0.1837,0.5306,49
14,features.2,48,active,0.265306,5.569000e-09,2.510768e-04,0.0612,0.5918,49
14,features.2,49,active,0.010204,4.929987e-08,1.715087e-04,0.4490,0.4694,49
14,features.2,50,pruned_before,nan,0.000000e+00,0.000000e+00,0.0000,0.0000,0
14,features.2,51,active,-0.153061,2.188103e-06,2.740753e-04,0.9388,0.6327,49
14,features.2,52,pruned_before,nan,0.000000e+00,0.000000e+00,0.0000,0.0000,0
14,features.2,53,pruned_before,nan,0.000000e+00,0.000000e+00,0.0000,0.0000,0
14,features.2,54,pruned_before,nan,0.000000e+00,0.000000e+00,0.0000,0.0000,0
14,features.2,55,active,0.357143,3.247517e-09,3.019182e-04,0.0204,0.7347,49
14,features.2,56,pruned_before,nan,0.000000e+00,0.000000e+00,0.0000,0.0000,0
14,features.2,57,active,-0.091837,6.521078e-06,3.392169e-04,0.9592,0.7755,49
14,features.2,58,active,0.122449,9.905709e-09,9.356051e-05,0.1020,0.3469,49
14,features.2,59,pruned_before,nan,0.000000e+00,0.000000e+00,0.0000,0.0000,0
14,features.2,60,pruned_before,nan,0.000000e+00,0.000000e+00,0.0000,0.0000,0
14,features.2,61,pruned_before,nan,0.000000e+00,0.000000e+00,0.0000,0.0000,0
14,features.2,62,active,0.193878,8.672950e-08,1.272556e-03,0.5714,0.9592,49
14,features.2,63,pruned_before,nan,0.000000e+00,0.000000e+00,0.0000,0.0000,0
14,features.2,64,pruned_before,nan,0.000000e+00,0.000000e+00,0.0000,0.0000,0
14,features.2,65,active,0.102041,2.460960e-08,2.060342e-04,0.3061,0.5102,49
14,features.2,66,active,0.132653,1.872682e-09,8.501150e-05,0.0000,0.2653,49
14,features.2,67,pruned_before,nan,0.000000e+00,0.000000e+00,0.0000,0.0000,0
14,features.2,68,pruned_now,-0.255102,6.131074e-08,6.339951e-06,0.5102,0.0000,49
14,features.2,69,active,-0.234694,7.908151e-08,2.562465e-05,0.5510,0.0816,49
14,features.2,70,pruned_before,nan,0.000000e+00,0.000000e+00,0.0000,0.0000,0
14,features.2,71,pruned_before,nan,0.000000e+00,0.000000e+00,0.0000,0.0000,0
14,features.2,72,protected,0.204082,9.084051e-08,6.026146e-03,0.5918,1.0000,49
14,features.2,73,pruned_before,nan,0.000000e+00,0.000000e+00,0.0000,0.0000,0
14,features.2,74,active,-0.030612,3.326305e-08,9.349453e-05,0.3878,0.3265,49
14,features.2,75,pruned_before,nan,0.000000e+00,0.000000e+00,0.0000,0.0000,0
14,features.2,76,pruned_before,nan,0.000000e+00,0.000000e+00,0.0000,0.0000,0
14,features.2,77,pruned_before,nan,0.000000e+00,0.000000e+00,0.0000,0.0000,0
14,features.2,78,active,0.051020,3.475163e-07,4.953197e-04,0.7551,0.8571,49
14,features.2,79,active,0.000000,1.412522e-08,5.278317e-05,0.1633,0.1633,49
14,features.2,80,pruned_before,nan,0.000000e+00,0.000000e+00,0.0000,0.0000,0
14,features.2,81,pruned_before,nan,0.000000e+00,0.000000e+00,0.0000,0.0000,0
14,features.2,82,pruned_before,nan,0.000000e+00,0.000000e+00,0.0000,0.0000,0
14,features.2,83,pruned_before,nan,0.000000e+00,0.000000e+00,0.0000,0.0000,0
14,features.2,84,pruned_now,-0.285714,1.949699e-07,4.783552e-05,0.7143,0.1429,49
14,features.2,85,active,-0.224490,7.810722e-07,1.390398e-04,0.8571,0.4082,49
14,features.2,86,active,-0.091837,1.216782e-07,2.043446e-04,0.6735,0.4898,49
14,features.2,87,pruned_before,nan,0.000000e+00,0.000000e+00,0.0000,0.0000,0
14,features.2,88,pruned_before,nan,0.000000e+00,0.000000e+00,0.0000,0.0000,0
14,features.2,89,active,-0.163265,1.634913e-07,1.081762e-04,0.6939,0.3673,49
14,features.2,90,active,0.367347,1.880182e-08,1.013778e-03,0.2041,0.9388,49
14,features.2,91,pruned_before,nan,0.000000e+00,0.000000e+00,0.0000,0.0000,0
14,features.2,92,active,0.091837,4.369907e-07,1.422693e-03,0.7959,0.9796,49
14,features.2,93,pruned_before,nan,0.000000e+00,0.000000e+00,0.0000,0.0000,0
14,features.2,94,pruned_before,nan,0.000000e+00,0.000000e+00,0.0000,0.0000,0
14,features.2,95,active,-0.081633,3.067292e-08,6.080601e-05,0.3673,0.2041,49
14,features.3,0,active,-0.158879,1.472529e-07,3.368355e-05,0.8879,0.5701,57
14,features.3,1,active,-0.056075,7.334781e-08,3.570267e-05,0.7383,0.6262,57
14,features.3,2,pruned_before,nan,0.000000e+00,0.000000e+00,0.0000,0.0000,0
14,features.3,3,active,0.144860,1.080781e-09,1.679077e-05,0.0280,0.3178,57
14,features.3,4,pruned_before,nan,0.000000e+00,0.000000e+00,0.0000,0.0000,0
14,features.3,5,active,-0.009346,2.932297e-08,2.941353e-05,0.5234,0.5047,57
14,features.3,6,active,-0.056075,3.244314e-07,1.180079e-04,0.9813,0.8692,57
14,features.3,7,pruned_before,nan,0.000000e+00,0.000000e+00,0.0000,0.0000,0
14,features.3,8,active,0.158879,2.011678e-09,2.052867e-05,0.0467,0.3645,57
14,features.3,9,active,0.074766,4.507186e-09,1.204980e-05,0.1028,0.2523,57
14,features.3,10,active,0.032710,1.889065e-07,4.829576e-04,0.9252,0.9907,57
14,features.3,11,active,0.163551,1.477397e-08,4.424662e-05,0.3551,0.6822,57
14,features.3,12,active,-0.158879,9.775341e-08,2.683373e-05,0.7944,0.4766,57
14,features.3,13,active,-0.046729,2.352468e-08,2.259258e-05,0.4766,0.3832,57
14,features.3,14,pruned_before,nan,0.000000e+00,0.000000e+00,0.0000,0.0000,0
14,features.3,15,pruned_before,nan,0.000000e+00,0.000000e+00,0.0000,0.0000,0
14,features.3,16,active,-0.028037,2.864876e-09,2.859731e-06,0.0748,0.0187,57
14,features.3,17,active,0.219626,9.555469e-10,2.502680e-05,0.0187,0.4579,57
14,features.3,18,active,-0.051402,1.038614e-07,4.543006e-05,0.8131,0.7103,57
14,features.3,19,active,-0.093458,1.214546e-08,5.817013e-06,0.2804,0.0935,57
14,features.3,20,pruned_before,nan,0.000000e+00,0.000000e+00,0.0000,0.0000,0
14,features.3,21,active,-0.023364,4.300263e-08,3.199577e-05,0.5888,0.5421,57
14,features.3,22,active,-0.126168,3.389936e-08,1.371762e-05,0.5514,0.2991,57
14,features.3,23,active,-0.224299,2.182870e-07,2.761565e-05,0.9346,0.4860,57
14,features.3,24,pruned_now,-0.280374,1.081418e-07,1.228642e-05,0.8224,0.2617,57
14,features.3,25,active,0.140187,6.474927e-08,3.553799e-04,0.6916,0.9720,57
14,features.3,26,pruned_before,nan,0.000000e+00,0.000000e+00,0.0000,0.0000,0
14,features.3,27,active,0.028037,1.007063e-08,1.358559e-05,0.2336,0.2897,57
14,features.3,28,pruned_before,nan,0.000000e+00,0.000000e+00,0.0000,0.0000,0
14,features.3,29,active,-0.042056,1.116343e-07,6.120254e-05,0.8318,0.7477,57
14,features.3,30,active,0.032710,2.811049e-08,3.416740e-05,0.5140,0.5794,57
14,features.3,31,active,-0.009346,5.922255e-08,3.994890e-05,0.6729,0.6542,57
14,features.3,32,active,0.014019,6.280463e-10,3.733594e-06,0.0093,0.0374,57
14,features.3,33,pruned_before,nan,0.000000e+00,0.000000e+00,0.0000,0.0000,0
14,features.3,34,active,0.060748,3.004822e-09,9.853918e-06,0.0841,0.2056,57
14,features.3,35,active,-0.135514,2.171062e-08,8.893957e-06,0.4393,0.1682,57
14,features.3,36,active,-0.102804,1.180026e-08,5.174384e-06,0.2710,0.0654,57
14,features.3,37,active,-0.116822,2.317976e-08,1.151024e-05,0.4673,0.2336,57
14,features.3,38,active,-0.121495,1.105948e-08,2.620300e-06,0.2523,0.0093,57
14,features.3,39,pruned_before,nan,0.000000e+00,0.000000e+00,0.0000,0.0000,0
14,features.3,40,active,0.200935,2.060563e-08,1.026258e-04,0.4206,0.8224,57
14,features.3,41,active,-0.084112,1.490158e-08,9.254758e-06,0.3645,0.1963,57
14,features.3,42,active,0.079439,6.050310e-08,1.054571e-04,0.6822,0.8411,57
14,features.3,43,active,-0.242991,1.202044e-07,2.219335e-05,0.8598,0.3738,57
14,features.3,44,active,0.079439,7.209088e-08,1.587629e-04,0.7290,0.8879,57
14,features.3,45,active,-0.032710,7.021399e-08,3.939946e-05,0.7103,0.6449,57
14,features.3,46,active,-0.046729,8.389161e-08,4.253830e-05,0.7570,0.6636,57
14,features.3,47,active,-0.158878,7.528221e-08,2.402216e-05,0.7477,0.4299,57
14,features.3,48,active,0.378505,6.771773e-09,1.704926e-04,0.1589,0.9159,57
14,features.3,49,pruned_before,nan,0.000000e+00,0.000000e+00,0.0000,0.0000,0
14,features.3,50,active,-0.200935,4.944265e-08,1.003034e-05,0.6168,0.2150,57
14,features.3,51,pruned_before,nan,0.000000e+00,0.000000e+00,0.0000,0.0000,0
14,features.3,52,pruned_before,nan,0.000000e+00,0.000000e+00,0.0000,0.0000,0
14,features.3,53,active,0.350467,2.702590e-09,6.761617e-05,0.0654,0.7664,57
14,features.3,54,active,-0.084112,1.366814e-08,8.044086e-06,0.3178,0.1495,57
14,features.3,55,active,0.014019,5.682769e-08,4.400951e-05,0.6449,0.6729,57
14,features.3,56,active,-0.037383,1.145500e-08,9.095830e-06,0.2617,0.1869,57
14,features.3,57,active,0.000000,2.982248e-07,2.108726e-04,0.9533,0.9533,57
14,features.3,58,pruned_before,nan,0.000000e+00,0.000000e+00,0.0000,0.0000,0
14,features.3,59,pruned_now,-0.247664,2.321612e-07,2.484949e-05,0.9439,0.4486,57
14,features.3,60,active,-0.200935,3.078217e-08,7.900545e-06,0.5327,0.1308,57
14,features.3,61,pruned_before,nan,0.000000e+00,0.000000e+00,0.0000,0.0000,0
14,features.3,62,pruned_before,nan,0.000000e+00,0.000000e+00,0.0000,0.0000,0
14,features.3,63,active,-0.140187,2.309907e-08,9.089488e-06,0.4579,0.1776,57
14,features.3,64,active,0.350467,4.459197e-09,7.197564e-05,0.0935,0.7944,57
14,features.3,65,active,-0.032710,5.992973e-09,5.763840e-06,0.1495,0.0841,57
14,features.3,66,active,-0.032710,4.740855e-07,1.902061e-04,1.0000,0.9346,57
14,features.3,67,active,0.037383,2.188091e-08,3.014157e-05,0.4486,0.5234,57
14,features.3,68,pruned_before,nan,0.000000e+00,0.000000e+00,0.0000,0.0000,0
14,features.3,69,active,0.004673,1.184518e-07,1.133209e-04,0.8411,0.8505,57
14,features.3,70,active,0.186916,1.453583e-08,4.555791e-05,0.3458,0.7196,57
14,features.3,71,pruned_before,nan,0.000000e+00,0.000000e+00,0.0000,0.0000,0
14,features.3,72,pruned_before,nan,0.000000e+00,0.000000e+00,0.0000,0.0000,0
14,features.3,73,pruned_before,nan,0.000000e+00,0.000000e+00,0.0000,0.0000,0
14,features.3,74,pruned_before,nan,0.000000e+00,0.000000e+00,0.0000,0.0000,0
14,features.3,75,pruned_before,nan,0.000000e+00,0.000000e+00,0.0000,0.0000,0
14,features.3,76,active,-0.042056,5.158614e-09,3.473145e-06,0.1121,0.0280,57
14,features.3,77,active,0.051402,1.380749e-09,8.026289e-06,0.0374,0.1402,57
14,features.3,78,active,-0.079439,9.266981e-09,4.490792e-06,0.2150,0.0561,57
14,features.3,79,active,0.014019,9.448966e-08,8.890514e-05,0.7850,0.8131,57
14,features.3,80,pruned_before,nan,0.000000e+00,0.000000e+00,0.0000,0.0000,0
14,features.3,81,active,0.359813,7.344481e-09,1.633024e-04,0.1776,0.8972,57
14,features.3,82,pruned_before,nan,0.000000e+00,0.000000e+00,0.0000,0.0000,0
14,features.3,83,pruned_before,nan,0.000000e+00,0.000000e+00,0.0000,0.0000,0
14,features.3,84,active,-0.009346,9.825692e-08,7.111762e-05,0.8037,0.7850,57
14,features.3,85,active,0.009346,1.653638e-07,1.710791e-04,0.9065,0.9252,57
14,features.3,86,pruned_before,nan,0.000000e+00,0.000000e+00,0.0000,0.0000,0
14,features.3,87,active,0.336449,1.335892e-08,3.637756e-04,0.3084,0.9813,57
14,features.3,88,active,0.004673,2.620985e-08,2.992776e-05,0.5047,0.5140,57
14,features.3,89,active,0.032710,1.403112e-08,2.264381e-05,0.3271,0.3925,57
14,features.3,90,active,-0.196262,6.592256e-08,1.488678e-05,0.7009,0.3084,57
14,features.3,91,active,-0.032710,7.255669e-09,6.750920e-06,0.1682,0.1028,57
14,features.3,92,active,-0.056075,5.840693e-08,3.300973e-05,0.6636,0.5514,57
14,features.3,93,active,-0.088785,1.781784e-08,1.074124e-05,0.4019,0.2243,57
14,features.3,94,active,-0.065421,1.942501e-08,1.316777e-05,0.4112,0.2804,57
14,features.3,95,active,-0.107477,5.167263e-08,2.317629e-05,0.6262,0.4112,57
14,features.3,96,active,-0.070093,3.329078e-08,2.273000e-05,0.5421,0.4019,57
14,features.3,97,active,0.200935,9.261890e-09,3.541770e-05,0.2056,0.6075,57
14,features.3,98,active,-0.088785,1.274405e-08,7.572719e-06,0.2991,0.1215,57
14,features.3,99,active,-0.112150,1.667980e-08,8.823647e-06,0.3832,0.1589,57
14,features.3,100,active,0.098131,1.438480e-08,3.049207e-05,0.3364,0.5327,57
14,features.3,101,pruned_before,nan,0.000000e+00,0.000000e+00,0.0000,0.0000,0
14,features.3,102,active,-0.042056,4.279092e-08,2.776861e-05,0.5794,0.4953,57
14,features.3,103,pruned_before,nan,0.000000e+00,0.000000e+00,0.0000,0.0000,0
14,features.3,104,pruned_before,nan,0.000000e+00,0.000000e+00,0.0000,0.0000,0
14,features.3,105,active,-0.014019,5.657824e-09,7.520688e-06,0.1402,0.1121,57
14,features.3,106,active,0.182243,4.351261e-08,2.927212e-04,0.5981,0.9626,57
14,features.3,107,active,-0.107477,2.458536e-08,1.302581e-05,0.4860,0.2710,57
14,features.3,108,pruned_before,nan,0.000000e+00,0.000000e+00,0.0000,0.0000,0
14,features.3,109,active,-0.205607,5.696331e-08,1.193562e-05,0.6542,0.2430,57
14,features.3,110,protected,0.051402,1.494405e-07,6.272379e-04,0.8972,1.0000,57
14,features.3,111,active,-0.014019,2.505876e-08,2.654122e-05,0.4953,0.4673,57
14,features.3,112,active,0.070093,7.799176e-09,1.712710e-05,0.1869,0.3271,57
14,features.3,113,active,0.023364,1.021333e-10,4.032587e-06,0.0000,0.0467,57
14,features.3,114,active,-0.177570,1.771459e-07,3.336081e-05,0.9159,0.5607,57
14,features.3,115,active,0.163551,1.604727e-08,4.526483e-05,0.3738,0.7009,57
14,features.3,116,pruned_before,nan,0.000000e+00,0.000000e+00,0.0000,0.0000,0
14,features.3,117,active,0.154206,2.123517e-08,6.033620e-05,0.4299,0.7383,57
14,features.3,118,active,0.070093,5.450947e-08,6.998224e-05,0.6355,0.7757,57
14,features.3,119,active,0.028037,1.245583e-08,1.901568e-05,0.2897,0.3458,57
14,features.3,120,active,0.084112,8.980885e-08,2.018324e-04,0.7757,0.9439,57
14,features.3,121,active,0.112150,1.714645e-08,3.548829e-05,0.3925,0.6168,57
14,features.3,122,active,0.116822,4.217684e-08,7.347330e-05,0.5701,0.8037,57
14,features.3,123,active,-0.032710,3.175803e-07,1.689275e-04,0.9720,0.9065,57
14,features.3,124,active,0.037383,4.049967e-08,3.623296e-05,0.5607,0.6355,57
14,features.3,125,active,-0.126168,1.188350e-07,3.541459e-05,0.8505,0.5981,57
14,features.3,126,active,-0.149533,4.656152e-07,4.507724e-05,0.9907,0.6916,57
14,features.3,127,pruned_before,nan,0.000000e+00,0.000000e+00,0.0000,0.0000,0
14,features.3,128,active,0.191589,2.486592e-09,2.444862e-05,0.0561,0.4393,57
14,features.3,129,active,-0.186916,3.163841e-07,3.466501e-05,0.9626,0.5888,57
14,features.3,130,active,0.056075,7.139601e-08,1.051012e-04,0.7196,0.8318,57
14,features.3,131,pruned_before,nan,0.000000e+00,0.000000e+00,0.0000,0.0000,0
14,features.3,132,active,-0.065421,5.317451e-09,2.063793e-06,0.1308,0.0000,57
14,features.3,133,active,-0.228972,1.452991e-07,2.377765e-05,0.8785,0.4206,57
14,features.3,134,active,-0.135514,4.680349e-08,1.878309e-05,0.6075,0.3364,57
14,features.3,135,pruned_before,nan,0.000000e+00,0.000000e+00,0.0000,0.0000,0
14,features.3,136,active,0.252336,9.654587e-09,4.571736e-05,0.2243,0.7290,57
14,features.3,137,pruned_before,nan,0.000000e+00,0.000000e+00,0.0000,0.0000,0
14,features.3,138,active,0.317757,1.047694e-08,1.245000e-04,0.2430,0.8785,57
14,features.3,139,pruned_before,nan,0.000000e+00,0.000000e+00,0.0000,0.0000,0
14,features.3,140,active,-0.004673,1.208747e-07,1.158805e-04,0.8692,0.8598,57
14,features.3,141,active,0.079439,8.659256e-09,2.039230e-05,0.1963,0.3551,57
14,features.3,142,active,-0.023364,5.247028e-09,5.475938e-06,0.1215,0.0748,57
14,features.3,143,active,-0.004673,8.635899e-08,6.458278e-05,0.7664,0.7570,57
14,features.4,0,active,0.060976,1.394286e-06,3.749182e-05,0.8293,0.9512,65
14,features.4,1,active,0.252032,1.601191e-08,1.076875e-05,0.0488,0.5528,65
14,features.4,2,pruned_before,nan,0.000000e+00,0.000000e+00,0.0000,0.0000,0
14,features.4,3,active,-0.008130,3.688492e-07,7.739261e-06,0.4553,0.4390,65
14,features.4,4,pruned_before,nan,0.000000e+00,0.000000e+00,0.0000,0.0000,0
14,features.4,5,active,-0.024390,3.019159e-08,1.491981e-06,0.1057,0.0569,65
14,features.4,6,active,-0.134146,1.783571e-06,1.183921e-05,0.8618,0.5935,65
14,features.4,7,active,-0.178862,2.883968e-06,1.154042e-05,0.9268,0.5691,65
14,features.4,8,active,-0.223577,1.305045e-06,6.604805e-06,0.8130,0.3659,65
14,features.4,9,pruned_before,nan,0.000000e+00,0.000000e+00,0.0000,0.0000,0
14,features.4,10,active,-0.056911,1.009589e-07,3.747044e-06,0.2846,0.1707,65
14,features.4,11,active,0.215447,2.833791e-07,2.542387e-05,0.4228,0.8537,65
14,features.4,12,active,-0.182927,6.807172e-07,5.509759e-06,0.6341,0.2683,65
14,features.4,13,active,-0.186992,5.371551e-07,4.305144e-06,0.5854,0.2114,65
14,features.4,14,pruned_before,nan,0.000000e+00,0.000000e+00,0.0000,0.0000,0
14,features.4,15,active,-0.065041,8.300598e-07,1.088920e-05,0.6911,0.5610,65
14,features.4,16,active,-0.056911,1.503098e-06,1.841104e-05,0.8374,0.7236,65
14,features.4,17,active,-0.105691,5.801567e-06,2.044025e-05,0.9675,0.7561,65
14,features.4,18,pruned_before,nan,0.000000e+00,0.000000e+00,0.0000,0.0000,0
14,features.4,19,active,0.044715,1.812817e-07,7.699342e-06,0.3415,0.4309,65
14,features.4,20,active,-0.162602,4.425237e-07,3.932337e-06,0.5122,0.1870,65
14,features.4,21,pruned_before,nan,0.000000e+00,0.000000e+00,0.0000,0.0000,0
14,features.4,22,active,0.109756,1.050517e-06,6.713194e-05,0.7724,0.9919,65
14,features.4,23,active,0.117886,7.607381e-07,3.382984e-05,0.6829,0.9187,65
14,features.4,24,active,-0.020325,2.224967e-06,2.587514e-05,0.9024,0.8618,65
14,features.4,25,active,-0.069106,7.839756e-08,2.164353e-06,0.2276,0.0894,65
14,features.4,26,active,0.386179,1.512132e-08,2.264095e-05,0.0407,0.8130,65
14,features.4,27,active,-0.219512,1.372888e-06,6.779288e-06,0.8211,0.3821,65
14,features.4,28,active,-0.052846,1.900348e-07,5.146261e-06,0.3496,0.2439,65
14,features.4,29,active,-0.060976,2.403114e-07,5.679902e-06,0.4065,0.2846,65
14,features.4,30,pruned_before,nan,0.000000e+00,0.000000e+00,0.0000,0.0000,0
14,features.4,31,pruned_before,nan,0.000000e+00,0.000000e+00,0.0000,0.0000,0
14,features.4,32,active,0.191057,1.101351e-08,6.914333e-06,0.0163,0.3984,65
14,features.4,33,pruned_before,nan,0.000000e+00,0.000000e+00,0.0000,0.0000,0
14,features.4,34,active,-0.016260,1.006851e-06,1.860189e-05,0.7642,0.7317,65
14,features.4,35,active,0.028455,1.941145e-07,7.571831e-06,0.3659,0.4228,65
14,features.4,36,active,0.154472,3.971684e-07,2.218929e-05,0.4878,0.7967,65
14,features.4,37,active,0.113821,7.427038e-07,2.974786e-05,0.6667,0.8943,65
14,features.4,38,active,-0.052846,9.259773e-07,1.442842e-05,0.7480,0.6423,65
14,features.4,39,active,0.085366,3.901402e-07,1.472894e-05,0.4797,0.6504,65
14,features.4,40,pruned_before,nan,0.000000e+00,0.000000e+00,0.0000,0.0000,0
14,features.4,41,pruned_before,nan,0.000000e+00,0.000000e+00,0.0000,0.0000,0
14,features.4,42,pruned_before,nan,0.000000e+00,0.000000e+00,0.0000,0.0000,0
14,features.4,43,active,-0.036585,2.360566e-06,2.473542e-05,0.9106,0.8374,65
14,features.4,44,active,-0.097561,1.121494e-06,1.220567e-05,0.8049,0.6098,65
14,features.4,45,active,0.329268,2.232832e-08,1.874514e-05,0.0813,0.7398,65
14,features.4,46,protected,0.162602,7.554320e-07,9.030916e-05,0.6748,1.0000,65
14,features.4,47,active,0.093496,1.785208e-07,9.826213e-06,0.3333,0.5203,65
14,features.4,48,active,-0.073171,6.184376e-08,1.446231e-06,0.1951,0.0488,65
14,features.4,49,active,0.048781,1.119625e-06,2.923730e-05,0.7805,0.8780,65
14,features.4,50,active,-0.186992,1.762936e-06,8.384703e-06,0.8537,0.4797,65
14,features.4,51,pruned_before,nan,0.000000e+00,0.000000e+00,0.0000,0.0000,0
14,features.4,52,active,-0.101626,8.701137e-08,1.149606e-06,0.2358,0.0325,65
14,features.4,53,active,0.020325,3.695770e-07,9.525926e-06,0.4634,0.5041,65
14,features.4,54,active,-0.008130,3.076213e-06,3.383710e-05,0.9431,0.9268,65
14,features.4,55,active,-0.097561,9.335157e-08,1.946046e-06,0.2683,0.0732,65
14,features.4,56,active,0.052846,4.969363e-07,1.509973e-05,0.5528,0.6585,65
14,features.4,57,active,0.089431,1.119997e-06,4.282132e-05,0.7886,0.9675,65
14,features.4,58,active,-0.020325,6.532639e-06,3.481136e-05,0.9756,0.9350,65
14,features.4,59,active,-0.024390,5.054074e-08,3.168016e-06,0.1707,0.1220,65
14,features.4,60,active,-0.004065,1.484683e-07,6.024846e-06,0.3171,0.3089,65
14,features.4,61,active,0.101626,8.702290e-07,3.199446e-05,0.7073,0.9106,65
14,features.4,62,active,0.341463,1.291150e-07,5.941596e-05,0.3008,0.9837,65
14,features.4,63,active,0.418699,3.194308e-08,4.118013e-05,0.1220,0.9593,65
14,features.4,64,active,-0.158537,8.924329e-07,7.208058e-06,0.7236,0.4065,65
14,features.4,65,active,0.077236,1.192720e-07,7.921168e-06,0.2927,0.4472,65
14,features.4,66,active,-0.182927,7.383455e-07,5.717194e-06,0.6585,0.2927,65
14,features.4,67,active,0.020325,2.583088e-07,8.115536e-06,0.4146,0.4553,65
14,features.4,68,active,-0.060976,5.950564e-07,8.755800e-06,0.6098,0.4878,65
14,features.4,69,active,0.211382,2.191877e-07,2.370745e-05,0.3984,0.8211,65
14,features.4,70,active,-0.117886,7.141554e-07,7.382385e-06,0.6504,0.4146,65
14,features.4,71,active,-0.073171,2.709139e-06,2.076470e-05,0.9187,0.7724,65
14,features.4,72,active,-0.126016,3.073154e-06,1.699129e-05,0.9350,0.6829,65
14,features.4,73,active,0.073171,9.250717e-07,2.928337e-05,0.7398,0.8862,65
14,features.4,74,active,-0.044715,8.730385e-08,3.636553e-06,0.2439,0.1545,65
14,features.4,75,active,-0.016260,9.101647e-07,1.723588e-05,0.7317,0.6992,65
14,features.4,76,pruned_now,-0.256098,6.618754e-07,2.932234e-06,0.6260,0.1138,65
14,features.4,77,pruned_before,nan,0.000000e+00,0.000000e+00,0.0000,0.0000,0
14,features.4,78,active,-0.134146,9.685572e-08,6.266469e-07,0.2764,0.0081,65
14,features.4,79,active,-0.158537,4.783938e-07,4.416922e-06,0.5447,0.2276,65
14,features.4,80,active,-0.203252,5.172114e-07,3.675800e-06,0.5691,0.1626,65
14,features.4,81,active,0.158537,1.363375e-08,6.356171e-06,0.0325,0.3496,65
14,features.4,82,active,0.215447,3.403839e-08,1.165877e-05,0.1463,0.5772,65
14,features.4,83,active,0.032520,5.650133e-07,1.605011e-05,0.6016,0.6667,65
14,features.4,84,active,-0.170732,1.988355e-06,1.012248e-05,0.8780,0.5366,65
14,features.4,85,active,-0.060976,6.511457e-08,2.144575e-06,0.2033,0.0813,65
14,features.4,86,active,-0.028455,2.062741e-06,2.438832e-05,0.8862,0.8293,65
14,features.4,87,active,-0.117886,4.555536e-07,5.873452e-06,0.5366,0.3008,65
14,features.4,88,active,-0.056911,2.834939e-07,6.072642e-06,0.4309,0.3171,65
14,features.4,89,active,0.077236,1.925278e-07,9.805447e-06,0.3577,0.5122,65
14,features.4,90,active,-0.028455,9.121491e-08,4.216256e-06,0.2602,0.2033,65
14,features.4,91,pruned_before,nan,0.000000e+00,0.000000e+00,0.0000,0.0000,0
14,features.4,92,active,-0.158537,5.284214e-07,5.425906e-06,0.5772,0.2602,65
14,features.4,93,active,0.272358,4.400042e-08,1.761107e-05,0.1626,0.7073,65
14,features.4,94,active,-0.016260,5.051679e-07,1.007484e-05,0.5610,0.5285,65
14,features.4,95,active,0.138211,7.752504e-08,9.151757e-06,0.2195,0.4959,65
14,features.4,96,pruned_before,nan,0.000000e+00,0.000000e+00,0.0000,0.0000,0
14,features.4,97,active,-0.069106,3.384574e-08,4.253315e-07,0.1382,0.0000,65
14,features.4,98,active,0.162602,1.052657e-08,6.223240e-06,0.0081,0.3333,65
14,features.4,99,active,-0.154472,4.309640e-07,3.941856e-06,0.5041,0.1951,65
14,features.4,100,active,-0.052846,3.238743e-08,1.101253e-06,0.1301,0.0244,65
14,features.4,101,active,0.296748,2.572775e-08,1.710940e-05,0.0976,0.6911,65
14,features.4,102,active,-0.243902,5.465971e-07,2.501403e-06,0.5935,0.1057,65
14,features.4,103,active,-0.069106,4.307339e-07,6.367562e-06,0.4959,0.3577,65
14,features.4,104,active,0.052846,3.095208e-07,1.053513e-05,0.4390,0.5447,65
14,features.4,105,pruned_now,-0.280488,1.121294e-06,4.655145e-06,0.7967,0.2358,65
14,features.4,106,active,0.036585,1.680602e-08,3.176068e-06,0.0569,0.1301,65
14,features.4,107,active,-0.113821,1.957164e-07,3.564024e-06,0.3740,0.1463,65
14,features.4,108,active,-0.182927,2.008041e-07,8.572745e-07,0.3821,0.0163,65
14,features.4,109,active,-0.040650,9.752033e-07,1.615906e-05,0.7561,0.6748,65
14,features.4,110,active,0.361789,1.230461e-08,1.882728e-05,0.0244,0.7480,65
14,features.4,111,pruned_before,nan,0.000000e+00,0.000000e+00,0.0000,0.0000,0
14,features.4,112,active,-0.024390,5.166363e-08,3.562908e-06,0.1870,0.1382,65
14,features.4,113,active,-0.113821,3.503736e-07,4.390330e-06,0.4472,0.2195,65
14,features.4,114,active,-0.040650,5.081746e-08,2.380456e-06,0.1789,0.0976,65
14,features.4,115,active,0.378049,2.438177e-08,2.513236e-05,0.0894,0.8455,65
14,features.4,116,active,0.130081,8.909099e-07,5.912691e-05,0.7154,0.9756,65
14,features.4,117,active,-0.138211,5.961787e-07,6.252653e-06,0.6179,0.3415,65
14,features.4,118,active,0.130081,1.900871e-08,6.156990e-06,0.0650,0.3252,65
14,features.4,119,active,0.174797,4.426213e-07,2.902047e-05,0.5203,0.8699,65
14,features.4,120,active,0.032520,3.081365e-08,3.906571e-06,0.1138,0.1789,65
14,features.4,121,active,-0.138211,2.173665e-06,1.330175e-05,0.8943,0.6179,65
14,features.4,122,active,0.117886,3.995298e-08,6.908689e-06,0.1545,0.3902,65
14,features.4,123,active,-0.105691,8.210637e-06,2.132059e-05,1.0000,0.7886,65
14,features.4,124,active,-0.134146,1.913497e-06,1.219696e-05,0.8699,0.6016,65
14,features.4,125,active,0.296748,1.430315e-07,3.113235e-05,0.3089,0.9024,65
14,features.4,126,pruned_before,nan,0.000000e+00,0.000000e+00,0.0000,0.0000,0
14,features.4,127,active,0.276423,1.983428e-08,1.340361e-05,0.0732,0.6260,65
14,features.4,128,pruned_before,nan,0.000000e+00,0.000000e+00,0.0000,0.0000,0
14,features.4,129,pruned_before,nan,0.000000e+00,0.000000e+00,0.0000,0.0000,0
14,features.4,130,active,-0.113821,7.327128e-06,2.048610e-05,0.9919,0.7642,65
14,features.4,131,active,0.231707,6.193271e-09,8.140252e-06,0.0000,0.4634,65
14,features.4,132,active,-0.020325,6.992850e-06,3.651760e-05,0.9837,0.9431,65
14,features.4,133,active,-0.162602,2.044897e-07,1.685482e-06,0.3902,0.0650,65
14,features.4,134,active,0.000000,8.917944e-08,5.225044e-06,0.2520,0.2520,65
14,features.4,135,active,0.186992,6.826892e-08,1.178540e-05,0.2114,0.5854,65
14,features.4,136,active,0.000000,3.792460e-07,8.303741e-06,0.4715,0.4715,65
14,features.4,137,active,-0.211382,8.410451e-07,5.658768e-06,0.6992,0.2764,65
14,features.4,138,active,-0.073171,4.244429e-06,2.222369e-05,0.9512,0.8049,65
14,features.4,139,active,-0.134146,7.135023e-07,6.619507e-06,0.6423,0.3740,65
14,features.4,140,active,-0.142276,1.525377e-07,1.247741e-06,0.3252,0.0407,65
14,features.4,141,active,0.093496,4.506587e-07,1.806247e-05,0.5285,0.7154,65
14,features.4,142,active,-0.032520,1.608765e-06,2.104258e-05,0.8455,0.7805,65
14,features.4,143,active,-0.162602,4.575039e-06,1.362630e-05,0.9593,0.6341,65
14,features.5,0,pruned_before,nan,0.000000e+00,0.000000e+00,0.0000,0.0000,0
14,features.5,1,pruned_before,nan,0.000000e+00,0.000000e+00,0.0000,0.0000,0
14,features.5,2,active,-0.211382,4.853690e-08,5.362104e-06,0.6585,0.2358,73
14,features.5,3,pruned_before,nan,0.000000e+00,0.000000e+00,0.0000,0.0000,0
14,features.5,4,pruned_before,nan,0.000000e+00,0.000000e+00,0.0000,0.0000,0
14,features.5,5,active,0.008130,7.649832e-08,2.143525e-05,0.7398,0.7561,73
14,features.5,6,pruned_before,nan,0.000000e+00,0.000000e+00,0.0000,0.0000,0
14,features.5,7,active,-0.170732,3.297197e-08,3.780222e-06,0.5203,0.1789,73
14,features.5,8,pruned_before,nan,0.000000e+00,0.000000e+00,0.0000,0.0000,0
14,features.5,9,pruned_before,nan,0.000000e+00,0.000000e+00,0.0000,0.0000,0
14,features.5,10,active,0.264228,6.196527e-09,1.334599e-05,0.0894,0.6179,73
14,features.5,11,pruned_before,nan,0.000000e+00,0.000000e+00,0.0000,0.0000,0
14,features.5,12,active,0.040650,8.411204e-09,5.255065e-06,0.1382,0.2195,73
14,features.5,13,active,0.004065,9.524301e-09,3.699548e-06,0.1545,0.1626,73
14,features.5,14,active,-0.239837,4.173808e-08,2.492294e-06,0.5935,0.1138,73
14,features.5,15,pruned_before,nan,0.000000e+00,0.000000e+00,0.0000,0.0000,0
14,features.5,16,pruned_before,nan,0.000000e+00,0.000000e+00,0.0000,0.0000,0
14,features.5,17,active,-0.028455,7.707095e-08,1.757392e-05,0.7480,0.6911,73
14,features.5,18,pruned_before,nan,0.000000e+00,0.000000e+00,0.0000,0.0000,0
14,features.5,19,active,-0.028455,4.368902e-08,1.204662e-05,0.6260,0.5691,73
14,features.5,20,active,0.284553,2.354918e-08,8.408694e-05,0.3821,0.9512,73
14,features.5,21,pruned_before,nan,0.000000e+00,0.000000e+00,0.0000,0.0000,0
14,features.5,22,active,0.012195,2.065990e-07,9.047573e-05,0.9431,0.9675,73
14,features.5,23,active,-0.069106,1.142850e-07,1.760173e-05,0.8374,0.6992,73
14,features.5,24,active,-0.032520,3.914981e-08,1.078678e-05,0.5772,0.5122,73
14,features.5,25,active,0.069106,7.735517e-08,4.899361e-05,0.7561,0.8943,73
14,features.5,26,active,0.012195,1.458341e-09,9.356419e-07,0.0163,0.0407,73
14,features.5,27,active,-0.191057,3.891314e-08,3.829745e-06,0.5691,0.1870,73
14,features.5,28,active,-0.117886,3.533715e-08,7.054136e-06,0.5447,0.3089,73
14,features.5,29,active,-0.040650,1.179511e-07,2.227640e-05,0.8455,0.7642,73
14,features.5,30,pruned_before,nan,0.000000e+00,0.000000e+00,0.0000,0.0000,0
14,features.5,31,active,-0.077236,1.564703e-08,2.773187e-06,0.2764,0.1220,73
14,features.5,32,active,-0.097561,3.646203e-08,7.593105e-06,0.5528,0.3577,73
14,features.5,33,active,-0.150407,1.827699e-08,5.438350e-07,0.3089,0.0081,73
14,features.5,34,pruned_before,nan,0.000000e+00,0.000000e+00,0.0000,0.0000,0
14,features.5,35,active,0.105691,4.223245e-08,3.088560e-05,0.6098,0.8211,73
14,features.5,36,active,0.292683,8.138264e-09,1.815556e-05,0.1301,0.7154,73
14,features.5,37,pruned_before,nan,0.000000e+00,0.000000e+00,0.0000,0.0000,0
14,features.5,38,pruned_before,nan,0.000000e+00,0.000000e+00,0.0000,0.0000,0
14,features.5,39,active,0.117886,2.619393e-08,1.568782e-05,0.4065,0.6423,73
14,features.5,40,pruned_before,nan,0.000000e+00,0.000000e+00,0.0000,0.0000,0
14,features.5,41,active,0.134146,5.361227e-08,7.332501e-05,0.6748,0.9431,73
14,features.5,42,active,0.142276,2.699875e-08,1.879866e-05,0.4390,0.7236,73
14,features.5,43,active,0.113821,4.313129e-09,6.438065e-06,0.0488,0.2764,73
14,features.5,44,pruned_before,nan,0.000000e+00,0.000000e+00,0.0000,0.0000,0
14,features.5,45,active,-0.012195,2.206454e-08,7.273323e-06,0.3577,0.3333,73
14,features.5,46,pruned_now,-0.304878,1.550765e-07,6.628978e-06,0.9106,0.3008,73
14,features.5,47,active,0.109756,1.223862e-08,8.241505e-06,0.1951,0.4146,73
14,features.5,48,active,-0.028455,1.585559e-07,3.593457e-05,0.9187,0.8618,73
14,features.5,49,pruned_before,nan,0.000000e+00,0.000000e+00,0.0000,0.0000,0
14,features.5,50,active,0.121951,7.588401e-09,7.840200e-06,0.1220,0.3659,73
14,features.5,51,active,0.105691,7.218023e-09,7.132657e-06,0.1138,0.3252,73
14,features.5,52,active,0.256098,1.426574e-08,1.936080e-05,0.2195,0.7317,73
14,features.5,53,pruned_before,nan,0.000000e+00,0.000000e+00,0.0000,0.0000,0
14,features.5,54,active,0.126016,6.060388e-08,8.867180e-05,0.7073,0.9593,73
14,features.5,55,active,0.398374,7.072993e-09,5.065206e-05,0.1057,0.9024,73
14,features.5,56,active,-0.004065,1.636974e-07,5.281491e-05,0.9268,0.9187,73
14,features.5,57,active,-0.032520,4.210126e-08,1.187283e-05,0.6016,0.5366,73
14,features.5,58,active,-0.060976,2.683693e-07,3.187079e-05,0.9593,0.8374,73
14,features.5,59,active,-0.207317,2.761141e-08,8.376304e-07,0.4472,0.0325,73
14,features.5,60,active,0.016260,1.204039e-07,4.145916e-05,0.8537,0.8862,73
14,features.5,61,active,-0.203252,4.319271e-08,5.003201e-06,0.6179,0.2114,73
14,features.5,62,pruned_now,-0.260163,7.967103e-08,5.615578e-06,0.7724,0.2520,73
14,features.5,63,active,0.052846,4.696178e-08,2.006181e-05,0.6423,0.7480,73
14,features.5,64,pruned_before,nan,0.000000e+00,0.000000e+00,0.0000,0.0000,0
14,features.5,65,pruned_before,nan,0.000000e+00,0.000000e+00,0.0000,0.0000,0
14,features.5,66,active,0.004065,1.472707e-08,5.391013e-06,0.2358,0.2439,73
14,features.5,67,active,0.101626,7.251872e-08,6.291761e-05,0.7317,0.9350,73
14,features.5,68,active,0.097561,1.799971e-08,1.030378e-05,0.3008,0.4959,73
14,features.5,69,active,0.044715,7.937911e-08,3.573797e-05,0.7642,0.8537,73
14,features.5,70,active,-0.028455,1.639676e-07,3.703708e-05,0.9350,0.8780,73
14,features.5,71,pruned_before,nan,0.000000e+00,0.000000e+00,0.0000,0.0000,0
14,features.5,72,pruned_before,nan,0.000000e+00,0.000000e+00,0.0000,0.0000,0
14,features.5,73,pruned_before,nan,0.000000e+00,0.000000e+00,0.0000,0.0000,0
14,features.5,74,pruned_before,nan,0.000000e+00,0.000000e+00,0.0000,0.0000,0
14,features.5,75,active,0.317073,8.673969e-09,2.546842e-05,0.1463,0.7805,73
14,features.5,76,active,0.040650,3.944860e-08,1.660698e-05,0.5854,0.6667,73
14,features.5,77,active,0.134146,1.868155e-08,1.267261e-05,0.3252,0.5935,73
14,features.5,78,pruned_before,nan,0.000000e+00,0.000000e+00,0.0000,0.0000,0
14,features.5,79,active,-0.186992,2.574896e-08,8.255533e-07,0.3984,0.0244,73
14,features.5,80,pruned_before,nan,0.000000e+00,0.000000e+00,0.0000,0.0000,0
14,features.5,81,pruned_before,nan,0.000000e+00,0.000000e+00,0.0000,0.0000,0
14,features.5,82,pruned_before,nan,0.000000e+00,0.000000e+00,0.0000,0.0000,0
14,features.5,83,pruned_before,nan,0.000000e+00,0.000000e+00,0.0000,0.0000,0
14,features.5,84,pruned_before,nan,0.000000e+00,0.000000e+00,0.0000,0.0000,0
14,features.5,85,pruned_before,nan,0.000000e+00,0.000000e+00,0.0000,0.0000,0
14,features.5,86,pruned_before,nan,0.000000e+00,0.000000e+00,0.0000,0.0000,0
14,features.5,87,pruned_before,nan,0.000000e+00,0.000000e+00,0.0000,0.0000,0
14,features.5,88,pruned_before,nan,0.000000e+00,0.000000e+00,0.0000,0.0000,0
14,features.5,89,active,-0.101626,1.300541e-07,1.707036e-05,0.8780,0.6748,73
14,features.5,90,pruned_before,nan,0.000000e+00,0.000000e+00,0.0000,0.0000,0
14,features.5,91,active,0.000000,4.567427e-09,1.474357e-06,0.0569,0.0569,73
14,features.5,92,active,0.073171,3.093203e-09,3.714903e-06,0.0244,0.1707,73
14,features.5,93,pruned_before,nan,0.000000e+00,0.000000e+00,0.0000,0.0000,0
14,features.5,94,pruned_before,nan,0.000000e+00,0.000000e+00,0.0000,0.0000,0
14,features.5,95,active,-0.191057,1.330203e-07,1.052439e-05,0.8862,0.5041,73
14,features.5,96,pruned_before,nan,0.000000e+00,0.000000e+00,0.0000,0.0000,0
14,features.5,97,active,0.036585,6.413894e-08,2.593833e-05,0.7154,0.7886,73
14,features.5,98,active,0.060976,1.462631e-08,7.488047e-06,0.2276,0.3496,73
14,features.5,99,active,0.268293,2.004192e-08,3.658488e-05,0.3333,0.8699,73
14,features.5,100,active,-0.008130,1.015214e-08,3.544211e-06,0.1626,0.1463,73
14,features.5,101,active,0.056911,1.861828e-08,8.656501e-06,0.3171,0.4309,73
14,features.5,102,pruned_before,nan,0.000000e+00,0.000000e+00,0.0000,0.0000,0
14,features.5,103,active,0.012195,1.640026e-08,7.103059e-06,0.2927,0.3171,73
14,features.5,104,pruned_before,nan,0.000000e+00,0.000000e+00,0.0000,0.0000,0
14,features.5,105,pruned_before,nan,0.000000e+00,0.000000e+00,0.0000,0.0000,0
14,features.5,106,pruned_before,nan,0.000000e+00,0.000000e+00,0.0000,0.0000,0
14,features.5,107,active,-0.166667,7.992185e-08,9.346641e-06,0.7805,0.4472,73
14,features.5,108,pruned_before,nan,0.000000e+00,0.000000e+00,0.0000,0.0000,0
14,features.5,109,active,-0.032520,4.920495e-08,1.298990e-05,0.6667,0.6016,73
14,features.5,110,pruned_before,nan,0.000000e+00,0.000000e+00,0.0000,0.0000,0
14,features.5,111,active,0.195122,3.875600e-09,8.447721e-06,0.0325,0.4228,73
14,features.5,112,active,-0.069106,3.506781e-08,8.071435e-06,0.5366,0.3984,73
14,features.5,113,active,-0.166667,6.768517e-07,1.572268e-05,0.9837,0.6504,73
14,features.5,114,active,-0.195122,2.841974e-07,1.208900e-05,0.9675,0.5772,73
14,features.5,115,active,-0.024390,8.068240e-08,1.984877e-05,0.7886,0.7398,73
14,features.5,116,active,-0.004065,1.004177e-07,2.802486e-05,0.8130,0.8049,73
14,features.5,117,active,0.239837,1.070557e-08,1.607322e-05,0.1789,0.6585,73
14,features.5,118,active,0.292683,1.071469e-08,2.426309e-05,0.1870,0.7724,73
14,features.5,119,active,0.012195,2.863437e-08,1.027856e-05,0.4634,0.4878,73
14,features.5,120,active,-0.048780,2.421560e-08,6.570638e-06,0.3902,0.2927,73
14,features.5,121,active,-0.040650,1.419172e-07,3.076862e-05,0.8943,0.8130,73
14,features.5,122,pruned_before,nan,0.000000e+00,0.000000e+00,0.0000,0.0000,0
14,features.5,123,active,-0.142276,2.194787e-08,1.547176e-06,0.3496,0.0650,73
14,features.5,124,active,-0.097561,1.529478e-08,1.201268e-06,0.2439,0.0488,73
14,features.5,125,active,0.186992,1.310046e-08,1.259151e-05,0.2114,0.5854,73
14,features.5,126,pruned_before,nan,0.000000e+00,0.000000e+00,0.0000,0.0000,0
14,features.5,127,active,-0.065041,1.548205e-08,3.219557e-06,0.2602,0.1301,73
14,features.5,128,active,-0.182927,3.888896e-08,4.459431e-06,0.5610,0.1951,73
14,features.5,129,pruned_before,nan,0.000000e+00,0.000000e+00,0.0000,0.0000,0
14,features.5,130,active,0.065041,3.200615e-08,1.376285e-05,0.4959,0.6260,73
14,features.5,131,active,-0.065041,1.564949e-08,3.682465e-06,0.2846,0.1545,73
14,features.5,132,active,0.227642,5.736200e-09,1.136049e-05,0.0732,0.5285,73
14,features.5,133,active,0.182927,3.024400e-08,3.566071e-05,0.4797,0.8455,73
14,features.5,134,active,-0.012195,2.255823e-07,5.800502e-05,0.9512,0.9268,73
14,features.5,135,active,-0.004065,6.310211e-10,2.168846e-07,0.0081,0.0000,73
14,features.5,136,pruned_before,nan,0.000000e+00,0.000000e+00,0.0000,0.0000,0
14,features.5,137,pruned_before,nan,0.000000e+00,0.000000e+00,0.0000,0.0000,0
14,features.5,138,active,-0.142276,2.260636e-08,1.734674e-06,0.3659,0.0813,73
14,features.5,139,pruned_before,nan,0.000000e+00,0.000000e+00,0.0000,0.0000,0
14,features.5,140,active,0.004065,2.763235e-08,9.817746e-06,0.4553,0.4634,73
14,features.5,141,active,-0.004065,5.818551e-09,1.682248e-06,0.0813,0.0732,73
14,features.5,142,pruned_before,nan,0.000000e+00,0.000000e+00,0.0000,0.0000,0
14,features.5,143,pruned_before,nan,0.000000e+00,0.000000e+00,0.0000,0.0000,0
14,features.5,144,active,-0.195122,1.082682e-07,9.151629e-06,0.8293,0.4390,73
14,features.5,145,active,-0.158537,6.569100e-08,8.136595e-06,0.7236,0.4065,73
14,features.5,146,pruned_before,nan,0.000000e+00,0.000000e+00,0.0000,0.0000,0
14,features.5,147,active,-0.117886,1.272287e-07,1.501040e-05,0.8699,0.6341,73
14,features.5,148,active,-0.134146,3.482799e-08,5.753190e-06,0.5285,0.2602,73
14,features.5,149,active,-0.101626,3.111234e-08,6.518083e-06,0.4878,0.2846,73
14,features.5,150,active,-0.020325,3.268908e-08,9.837553e-06,0.5122,0.4715,73
14,features.5,151,active,0.284553,2.676942e-08,1.142537e-04,0.4228,0.9919,73
14,features.5,152,active,-0.223577,4.835512e-08,4.544471e-06,0.6504,0.2033,73
14,features.5,153,pruned_before,nan,0.000000e+00,0.000000e+00,0.0000,0.0000,0
14,features.5,154,pruned_before,nan,0.000000e+00,0.000000e+00,0.0000,0.0000,0
14,features.5,155,pruned_before,nan,0.000000e+00,0.000000e+00,0.0000,0.0000,0
14,features.5,156,active,0.109756,1.017718e-08,8.013893e-06,0.1707,0.3902,73
14,features.5,157,pruned_before,nan,0.000000e+00,0.000000e+00,0.0000,0.0000,0
14,features.5,158,active,0.065041,5.732371e-08,3.092637e-05,0.6992,0.8293,73
14,features.5,159,active,0.182927,2.081928e-08,1.809698e-05,0.3415,0.7073,73
14,features.5,160,active,-0.138211,8.463743e-08,1.084395e-05,0.7967,0.5203,73
14,features.5,161,active,-0.073171,5.443219e-08,1.189176e-05,0.6911,0.5447,73
14,features.5,162,pruned_before,nan,0.000000e+00,0.000000e+00,0.0000,0.0000,0
14,features.5,163,active,-0.044715,2.685216e-08,7.457985e-06,0.4309,0.3415,73
14,features.5,164,active,0.138211,1.260846e-08,1.017264e-05,0.2033,0.4797,73
14,features.5,165,pruned_before,nan,0.000000e+00,0.000000e+00,0.0000,0.0000,0
14,features.5,166,active,-0.024390,5.442009e-09,8.154861e-07,0.0650,0.0163,73
14,features.5,167,active,-0.040650,6.884401e-07,5.200826e-05,0.9919,0.9106,73
14,features.5,168,active,0.004065,6.922188e-09,2.259347e-06,0.0976,0.1057,73
14,features.5,169,active,-0.052846,2.273250e-08,5.895761e-06,0.3740,0.2683,73
14,features.5,170,active,-0.170732,1.461158e-07,1.198628e-05,0.9024,0.5610,73
14,features.5,171,pruned_before,nan,0.000000e+00,0.000000e+00,0.0000,0.0000,0
14,features.5,172,active,0.276423,3.841854e-10,1.193999e-05,0.0000,0.5528,73
14,features.5,173,active,-0.069106,1.036164e-07,1.731879e-05,0.8211,0.6829,73
14,features.5,174,pruned_before,nan,0.000000e+00,0.000000e+00,0.0000,0.0000,0
14,features.5,175,active,-0.012195,1.534524e-08,5.332913e-06,0.2520,0.2276,73
14,features.5,176,protected,0.012195,6.643327e-07,3.251382e-04,0.9756,1.0000,73
14,features.5,177,pruned_before,nan,0.000000e+00,0.000000e+00,0.0000,0.0000,0
14,features.5,178,pruned_before,nan,0.000000e+00,0.000000e+00,0.0000,0.0000,0
14,features.5,179,active,-0.207317,3.233216e-08,1.866986e-06,0.5041,0.0894,73
14,features.5,180,pruned_before,nan,0.000000e+00,0.000000e+00,0.0000,0.0000,0
14,features.5,181,pruned_now,-0.268293,4.520664e-08,1.890221e-06,0.6341,0.0976,73
14,features.5,182,active,-0.150406,5.439027e-08,7.937338e-06,0.6829,0.3821,73
14,features.5,183,active,0.191057,2.666214e-08,2.596503e-05,0.4146,0.7967,73
14,features.5,184,active,0.093496,1.562091e-08,9.500011e-06,0.2683,0.4553,73
14,features.5,185,pruned_before,nan,0.000000e+00,0.000000e+00,0.0000,0.0000,0
14,features.5,186,active,-0.195122,7.387418e-07,1.315094e-05,1.0000,0.6098,73
14,features.5,187,active,0.256098,2.930411e-08,1.065443e-04,0.4715,0.9837,73
14,features.5,188,active,0.085366,8.703545e-08,9.140333e-05,0.8049,0.9756,73
14,features.5,189,pruned_before,nan,0.000000e+00,0.000000e+00,0.0000,0.0000,0
14,features.5,190,active,-0.243902,1.224361e-07,7.869374e-06,0.8618,0.3740,73
14,features.5,191,active,0.048780,4.001733e-09,3.384154e-06,0.0407,0.1382,73
14,features.6,0,pruned_before,nan,0.000000e+00,0.000000e+00,0.0000,0.0000,0
14,features.6,1,active,0.148855,1.335451e-08,7.772975e-06,0.3282,0.6260,73
14,features.6,2,active,-0.083969,1.422259e-07,1.315619e-05,0.9008,0.7328,73
14,features.6,3,protected,0.103053,6.841314e-08,9.605193e-04,0.7939,1.0000,73
14,features.6,4,active,-0.095420,2.888434e-07,1.450761e-05,0.9618,0.7710,73
14,features.6,5,pruned_before,nan,0.000000e+00,0.000000e+00,0.0000,0.0000,0
14,features.6,6,active,0.000000,0.000000e+00,0.000000e+00,0.0000,0.0000,73
14,features.6,7,pruned_before,nan,0.000000e+00,0.000000e+00,0.0000,0.0000,0
14,features.6,8,active,0.083969,1.814856e-08,7.313825e-06,0.4275,0.5954,73
14,features.6,9,active,0.080153,3.491482e-09,3.004517e-06,0.0916,0.2519,73
14,features.6,10,pruned_before,nan,0.000000e+00,0.000000e+00,0.0000,0.0000,0
14,features.6,11,pruned_before,nan,0.000000e+00,0.000000e+00,0.0000,0.0000,0
14,features.6,12,active,0.000000,4.447928e-07,4.847394e-05,0.9771,0.9771,73
14,features.6,13,active,-0.057252,1.124553e-08,2.429389e-06,0.2977,0.1832,73
14,features.6,14,active,-0.225191,5.139015e-08,3.304080e-06,0.7481,0.2977,73
14,features.6,15,pruned_before,nan,0.000000e+00,0.000000e+00,0.0000,0.0000,0
14,features.6,16,active,-0.095420,2.962356e-08,5.106365e-06,0.5878,0.3969,73
14,features.6,17,active,-0.145038,1.030017e-07,7.034253e-06,0.8550,0.5649,73
14,features.6,18,pruned_before,nan,0.000000e+00,0.000000e+00,0.0000,0.0000,0
14,features.6,19,active,0.198473,2.065728e-08,2.026177e-05,0.4809,0.8779,73
14,features.6,20,active,0.251908,1.404792e-08,1.932774e-05,0.3511,0.8550,73
14,features.6,21,active,0.099237,5.873287e-09,3.970224e-06,0.1450,0.3435,73
14,features.6,22,active,0.072519,5.183449e-09,3.252064e-06,0.1298,0.2748,73
14,features.6,23,active,0.259542,6.813455e-09,1.095810e-05,0.1756,0.6947,73
14,features.6,24,active,-0.095420,1.360769e-08,2.027182e-06,0.3359,0.1450,73
14,features.6,25,active,0.026718,1.205909e-07,2.741296e-05,0.8779,0.9313,73
14,features.6,26,pruned_before,nan,0.000000e+00,0.000000e+00,0.0000,0.0000,0
14,features.6,27,pruned_before,nan,0.000000e+00,0.000000e+00,0.0000,0.0000,0
14,features.6,28,active,-0.145038,1.720147e-07,7.637297e-06,0.9084,0.6183,73
14,features.6,29,active,-0.068702,1.981286e-07,1.540808e-05,0.9313,0.7939,73
14,features.6,30,pruned_before,nan,0.000000e+00,0.000000e+00,0.0000,0.0000,0
14,features.6,31,active,-0.053435,2.459004e-08,5.415604e-06,0.5267,0.4198,73
14,features.6,32,active,-0.152672,6.682842e-08,5.942641e-06,0.7863,0.4809,73
14,features.6,33,pruned_before,nan,0.000000e+00,0.000000e+00,0.0000,0.0000,0
14,features.6,34,active,0.202290,2.374705e-08,2.529228e-05,0.5115,0.9160,73
14,features.6,35,pruned_before,nan,0.000000e+00,0.000000e+00,0.0000,0.0000,0
14,features.6,36,active,-0.087786,2.721444e-08,4.926032e-06,0.5649,0.3893,73
14,features.6,37,active,0.038168,6.084662e-09,2.757566e-06,0.1603,0.2366,73
14,features.6,38,pruned_before,nan,0.000000e+00,0.000000e+00,0.0000,0.0000,0
14,features.6,39,active,0.045802,9.724905e-08,2.805945e-05,0.8473,0.9389,73
14,features.6,40,active,-0.022901,3.416475e-09,6.097114e-07,0.0840,0.0382,73
14,features.6,41,active,-0.049618,6.871383e-09,1.205148e-06,0.1832,0.0840,73
14,features.6,42,active,0.122137,3.872204e-08,2.620153e-05,0.6794,0.9237,73
14,features.6,43,active,0.282443,4.322449e-09,9.771630e-06,0.1145,0.6794,73
14,features.6,44,pruned_before,nan,0.000000e+00,0.000000e+00,0.0000,0.0000,0
14,features.6,45,pruned_before,nan,0.000000e+00,0.000000e+00,0.0000,0.0000,0
14,features.6,46,active,-0.038168,1.690588e-08,3.479694e-06,0.3969,0.3206,73
14,features.6,47,active,0.320611,4.164435e-09,1.343842e-05,0.1069,0.7481,73
14,features.6,48,pruned_before,nan,0.000000e+00,0.000000e+00,0.0000,0.0000,0
14,features.6,49,active,0.034351,2.787867e-08,7.994750e-06,0.5802,0.6489,73
14,features.6,50,active,0.183206,1.652319e-08,1.331010e-05,0.3740,0.7405,73
14,features.6,51,active,-0.229008,2.052359e-08,5.210972e-07,0.4733,0.0153,73
14,features.6,52,active,-0.083969,1.199854e-07,1.156250e-05,0.8702,0.7023,73
14,features.6,53,active,0.003817,3.876445e-09,1.382925e-06,0.0992,0.1069,73
14,features.6,54,active,0.053435,9.262770e-09,3.826588e-06,0.2290,0.3359,73
14,features.6,55,pruned_before,nan,0.000000e+00,0.000000e+00,0.0000,0.0000,0
14,features.6,56,pruned_now,-0.259542,3.828145e-07,5.544827e-06,0.9695,0.4504,73
14,features.6,57,active,-0.145038,6.845444e-08,6.294346e-06,0.8015,0.5115,73
14,features.6,58,pruned_before,nan,0.000000e+00,0.000000e+00,0.0000,0.0000,0
14,features.6,59,active,0.183206,6.358697e-09,6.581107e-06,0.1679,0.5344,73
14,features.6,60,active,0.080153,4.928632e-08,2.091598e-05,0.7328,0.8931,73
14,features.6,61,active,0.213740,2.413430e-08,3.182725e-05,0.5191,0.9466,73
14,features.6,62,active,-0.206107,5.524226e-07,7.035249e-06,0.9847,0.5725,73
14,features.6,63,active,0.160305,9.944397e-09,7.067860e-06,0.2595,0.5802,73
14,features.6,64,pruned_before,nan,0.000000e+00,0.000000e+00,0.0000,0.0000,0
14,features.6,65,pruned_before,nan,0.000000e+00,0.000000e+00,0.0000,0.0000,0
14,features.6,66,active,-0.213740,6.023614e-08,4.174674e-06,0.7786,0.3511,73
14,features.6,67,pruned_before,nan,0.000000e+00,0.000000e+00,0.0000,0.0000,0
14,features.6,68,pruned_before,nan,0.000000e+00,0.000000e+00,0.0000,0.0000,0
14,features.6,69,active,0.148855,1.094656e-08,7.084219e-06,0.2901,0.5878,73
14,features.6,70,pruned_before,nan,0.000000e+00,0.000000e+00,0.0000,0.0000,0
14,features.6,71,active,-0.091603,1.299807e-08,1.940053e-06,0.3206,0.1374,73
14,features.6,72,active,-0.194656,3.045270e-08,2.711457e-06,0.6183,0.2290,73
14,features.6,73,active,0.057252,6.068436e-09,3.032988e-06,0.1527,0.2672,73
14,features.6,74,active,-0.209924,3.447076e-08,2.700175e-06,0.6412,0.2214,73
14,features.6,75,active,-0.133588,2.115435e-07,9.563084e-06,0.9389,0.6718,73
14,features.6,76,active,0.187023,2.543809e-08,2.470149e-05,0.5344,0.9084,73
14,features.6,77,pruned_before,nan,0.000000e+00,0.000000e+00,0.0000,0.0000,0
14,features.6,78,active,-0.011450,3.362748e-08,7.417670e-06,0.6336,0.6107,73
14,features.6,79,active,0.061069,1.056794e-08,5.308291e-06,0.2824,0.4046,73
14,features.6,80,active,0.232824,7.299806e-10,5.839477e-06,0.0076,0.4733,73
14,features.6,81,pruned_now,-0.270992,4.114836e-08,2.129764e-06,0.6947,0.1527,73
14,features.6,82,active,0.217557,3.304355e-09,6.140146e-06,0.0611,0.4962,73
14,features.6,83,active,-0.007634,2.697006e-09,5.972196e-07,0.0458,0.0305,73
14,features.6,84,active,-0.190840,2.160105e-08,1.746159e-06,0.5038,0.1221,73
14,features.6,85,pruned_before,nan,0.000000e+00,0.000000e+00,0.0000,0.0000,0
14,features.6,86,pruned_before,nan,0.000000e+00,0.000000e+00,0.0000,0.0000,0
14,features.6,87,active,0.152672,2.798740e-09,4.196598e-06,0.0534,0.3588,73
14,features.6,88,active,0.076336,1.264098e-08,5.548265e-06,0.3053,0.4580,73
14,features.6,89,active,-0.141221,1.854761e-08,2.289761e-06,0.4427,0.1603,73
14,features.6,90,active,-0.099237,4.796043e-08,6.575337e-06,0.7252,0.5267,73
14,features.6,91,active,0.156489,2.084052e-08,1.617252e-05,0.4885,0.8015,73
14,features.6,92,pruned_before,nan,0.000000e+00,0.000000e+00,0.0000,0.0000,0
14,features.6,93,active,-0.072519,7.207881e-09,7.146971e-07,0.1908,0.0458,73
14,features.6,94,active,0.240458,1.653865e-08,1.943073e-05,0.3817,0.8626,73
14,features.6,95,active,-0.240458,3.725894e-08,2.457187e-06,0.6718,0.1908,73
14,features.6,96,active,0.000000,5.500857e-08,1.425378e-05,0.7634,0.7634,73
14,features.6,97,pruned_before,nan,0.000000e+00,0.000000e+00,0.0000,0.0000,0
14,features.6,98,pruned_now,-0.255725,9.708722e-08,3.507028e-06,0.8397,0.3282,73
14,features.6,99,active,0.202290,2.657847e-08,3.702790e-05,0.5573,0.9618,73
14,features.6,100,active,-0.206107,4.587863e-08,3.418547e-06,0.7176,0.3053,73
14,features.6,101,active,-0.026718,5.064964e-08,1.019729e-05,0.7405,0.6870,73
14,features.6,102,pruned_before,nan,0.000000e+00,0.000000e+00,0.0000,0.0000,0
14,features.6,103,active,-0.053435,1.285421e-08,2.627263e-06,0.3130,0.2061,73
14,features.6,104,active,-0.141221,8.432656e-08,6.835212e-06,0.8321,0.5496,73
14,features.6,105,pruned_before,nan,0.000000e+00,0.000000e+00,0.0000,0.0000,0
14,features.6,106,pruned_before,nan,0.000000e+00,0.000000e+00,0.0000,0.0000,0
14,features.6,107,active,-0.145038,1.132671e-06,1.174658e-05,1.0000,0.7099,73
14,features.6,108,active,0.118321,8.318937e-09,5.532427e-06,0.2061,0.4427,73
14,features.6,109,active,-0.038168,1.271327e-07,1.760810e-05,0.8855,0.8092,73
14,features.6,110,active,-0.122137,1.959429e-08,2.693536e-06,0.4580,0.2137,73
14,features.6,111,pruned_before,nan,0.000000e+00,0.000000e+00,0.0000,0.0000,0
14,features.6,112,active,-0.072519,8.127911e-09,7.764008e-07,0.1985,0.0534,73
14,features.6,113,active,-0.221374,7.885911e-08,4.531515e-06,0.8092,0.3664,73
14,features.6,114,active,-0.099237,1.736998e-07,1.189449e-05,0.9160,0.7176,73
14,features.6,115,active,0.167939,2.148057e-08,1.866222e-05,0.4962,0.8321,73
14,features.6,116,active,0.156489,1.718681e-08,1.305919e-05,0.4122,0.7252,73
14,features.6,117,active,0.041985,2.740221e-08,8.069774e-06,0.5725,0.6565,73
14,features.6,118,pruned_now,-0.267176,2.973174e-08,7.925440e-07,0.5954,0.0611,73
14,features.6,119,active,0.000000,8.711523e-07,1.502250e-04,0.9924,0.9924,73
14,features.6,120,active,0.030534,1.313568e-07,3.191988e-05,0.8931,0.9542,73
14,features.6,121,active,-0.087786,1.758831e-08,2.870863e-06,0.4198,0.2443,73
14,features.6,122,active,-0.080153,4.258454e-08,6.721344e-06,0.7023,0.5420,73
14,features.6,123,active,0.160305,3.696591e-08,1.115094e-04,0.6641,0.9847,73
14,features.6,124,active,-0.137405,1.683240e-08,1.743756e-06,0.3893,0.1145,73
14,features.6,125,active,0.137405,1.250815e-09,3.292988e-06,0.0153,0.2901,73
14,features.6,126,pruned_before,nan,0.000000e+00,0.000000e+00,0.0000,0.0000,0
14,features.6,127,active,0.110687,2.975787e-08,1.818674e-05,0.6031,0.8244,73
14,features.6,128,pruned_before,nan,0.000000e+00,0.000000e+00,0.0000,0.0000,0
14,features.6,129,active,-0.129771,1.135514e-07,7.326761e-06,0.8626,0.6031,73
14,features.6,130,active,0.171756,2.562639e-08,2.043937e-05,0.5420,0.8855,73
14,features.6,131,active,0.049618,3.391080e-09,2.290818e-06,0.0687,0.1679,73
14,features.6,132,pruned_before,nan,0.000000e+00,0.000000e+00,0.0000,0.0000,0
14,features.6,133,pruned_before,nan,0.000000e+00,0.000000e+00,0.0000,0.0000,0
14,features.6,134,pruned_before,nan,0.000000e+00,0.000000e+00,0.0000,0.0000,0
14,features.6,135,active,0.114504,2.565118e-08,1.477217e-05,0.5496,0.7786,73
14,features.6,136,active,0.061069,9.631651e-09,4.638288e-06,0.2519,0.3740,73
14,features.6,137,pruned_before,nan,0.000000e+00,0.000000e+00,0.0000,0.0000,0
14,features.6,138,active,0.137405,2.378535e-09,3.461427e-06,0.0382,0.3130,73
14,features.6,139,active,0.038168,8.264924e-08,2.205974e-05,0.8244,0.9008,73
14,features.6,140,active,-0.049618,2.150739e-07,1.907965e-05,0.9466,0.8473,73
14,features.6,141,pruned_before,nan,0.000000e+00,0.000000e+00,0.0000,0.0000,0
14,features.6,142,active,0.175573,5.686854e-09,6.007055e-06,0.1374,0.4885,73
14,features.6,143,pruned_before,nan,0.000000e+00,0.000000e+00,0.0000,0.0000,0
14,features.6,144,pruned_before,nan,0.000000e+00,0.000000e+00,0.0000,0.0000,0
14,features.6,145,pruned_before,nan,0.000000e+00,0.000000e+00,0.0000,0.0000,0
14,features.6,146,active,-0.122137,4.574160e-08,5.561562e-06,0.7099,0.4656,73
14,features.6,147,pruned_before,nan,0.000000e+00,0.000000e+00,0.0000,0.0000,0
14,features.6,148,active,0.221374,8.950813e-09,9.295745e-06,0.2214,0.6641,73
14,features.6,149,active,0.083969,1.005908e-08,5.465624e-06,0.2672,0.4351,73
14,features.6,150,active,-0.213740,3.877418e-08,3.016134e-06,0.6870,0.2595,73
14,features.6,151,active,-0.183206,3.488717e-08,3.292005e-06,0.6489,0.2824,73
14,features.6,152,pruned_before,nan,0.000000e+00,0.000000e+00,0.0000,0.0000,0
14,features.6,153,pruned_before,nan,0.000000e+00,0.000000e+00,0.0000,0.0000,0
14,features.6,154,active,0.106870,5.175595e-08,3.841084e-05,0.7557,0.9695,73
14,features.6,155,pruned_before,nan,0.000000e+00,0.000000e+00,0.0000,0.0000,0
14,features.6,156,pruned_before,nan,0.000000e+00,0.000000e+00,0.0000,0.0000,0
14,features.6,157,pruned_before,nan,0.000000e+00,0.000000e+00,0.0000,0.0000,0
14,features.6,158,active,0.141221,9.294840e-09,6.396519e-06,0.2366,0.5191,73
14,features.6,159,active,0.080153,3.184707e-08,1.484740e-05,0.6260,0.7863,73
14,features.6,160,pruned_before,nan,0.000000e+00,0.000000e+00,0.0000,0.0000,0
14,features.6,161,active,0.022901,1.986268e-09,1.103536e-06,0.0305,0.0763,73
14,features.6,162,active,0.114504,1.693480e-08,7.883978e-06,0.4046,0.6336,73
14,features.6,163,active,-0.125954,1.019634e-08,5.255642e-07,0.2748,0.0229,73
14,features.6,164,pruned_before,nan,0.000000e+00,0.000000e+00,0.0000,0.0000,0
14,features.6,165,active,0.011450,8.221581e-08,1.905228e-05,0.8168,0.8397,73
14,features.6,166,active,-0.007634,3.650372e-08,7.954197e-06,0.6565,0.6412,73
14,features.6,167,active,0.068702,1.531751e-08,6.187940e-06,0.3664,0.5038,73
14,features.6,168,pruned_before,nan,0.000000e+00,0.000000e+00,0.0000,0.0000,0
14,features.6,169,active,0.209924,1.903229e-08,2.000969e-05,0.4504,0.8702,73
14,features.6,170,active,-0.057252,4.987062e-09,2.074573e-07,0.1221,0.0076,73
14,features.6,171,active,0.339695,3.399965e-09,1.388431e-05,0.0763,0.7557,73
14,features.6,172,pruned_before,nan,0.000000e+00,0.000000e+00,0.0000,0.0000,0
14,features.6,173,pruned_before,nan,0.000000e+00,0.000000e+00,0.0000,0.0000,0
14,features.6,174,active,-0.072519,1.392927e-08,2.513337e-06,0.3435,0.1985,73
14,features.6,175,pruned_before,nan,0.000000e+00,0.000000e+00,0.0000,0.0000,0
14,features.6,176,active,-0.183206,2.042852e-08,1.369757e-06,0.4656,0.0992,73
14,features.6,177,active,-0.041985,8.373582e-09,1.913724e-06,0.2137,0.1298,73
14,features.6,178,active,-0.106870,5.979342e-08,6.983524e-06,0.7710,0.5573,73
14,features.6,179,pruned_before,nan,0.000000e+00,0.000000e+00,0.0000,0.0000,0
14,features.6,180,active,-0.026718,1.816766e-08,4.920049e-06,0.4351,0.3817,73
14,features.6,181,active,-0.068702,2.431596e-07,1.798779e-05,0.9542,0.8168,73
14,features.6,182,active,-0.076336,9.453688e-09,1.280068e-06,0.2443,0.0916,73
14,features.6,183,pruned_before,nan,0.000000e+00,0.000000e+00,0.0000,0.0000,0
14,features.6,184,pruned_before,nan,0.000000e+00,0.000000e+00,0.0000,0.0000,0
14,features.6,185,pruned_before,nan,0.000000e+00,0.000000e+00,0.0000,0.0000,0
14,features.6,186,pruned_now,-0.255725,1.813842e-07,5.337876e-06,0.9237,0.4122,73
14,features.6,187,active,-0.091603,3.041471e-08,5.416127e-06,0.6107,0.4275,73
14,features.6,188,active,-0.145038,1.442447e-08,1.068934e-06,0.3588,0.0687,73
14,features.6,189,pruned_before,nan,0.000000e+00,0.000000e+00,0.0000,0.0000,0
14,features.6,190,pruned_before,nan,0.000000e+00,0.000000e+00,0.0000,0.0000,0
14,features.6,191,active,0.076336,1.785778e-09,2.424585e-06,0.0229,0.1756,73
14,features.7,0,active,-0.031469,1.427557e-06,4.790398e-06,0.6014,0.5385,105
14,features.7,1,active,0.125874,1.120796e-06,8.991987e-06,0.5455,0.7972,105
14,features.7,2,active,0.097902,1.673291e-06,1.360133e-05,0.7063,0.9021,105
14,features.7,3,active,-0.059441,8.792140e-07,3.516170e-06,0.4685,0.3497,105
14,features.7,4,active,0.006993,1.708073e-05,3.389194e-05,0.9790,0.9930,105
14,features.7,5,pruned_before,nan,0.000000e+00,0.000000e+00,0.0000,0.0000,0
14,features.7,6,active,0.216783,1.977638e-07,5.322974e-06,0.1399,0.5734,105
14,features.7,7,active,-0.104895,4.042160e-07,8.828356e-07,0.2378,0.0280,105
14,features.7,8,active,0.000000,1.751703e-06,7.605388e-06,0.7203,0.7203,105
14,features.7,9,pruned_now,-0.255245,2.389541e-06,2.960841e-06,0.7832,0.2727,105
14,features.7,10,active,0.000000,2.549620e-07,2.110528e-06,0.1748,0.1748,105
14,features.7,11,active,-0.213287,1.881477e-06,3.411022e-06,0.7483,0.3217,105
14,features.7,12,active,-0.132867,2.183076e-05,8.019819e-06,1.0000,0.7343,105
14,features.7,13,active,-0.185315,1.595487e-06,3.258766e-06,0.6783,0.3077,105
14,features.7,14,active,0.188811,3.593416e-07,5.553012e-06,0.2238,0.6014,105
14,features.7,15,pruned_before,nan,0.000000e+00,0.000000e+00,0.0000,0.0000,0
14,features.7,16,pruned_before,nan,0.000000e+00,0.000000e+00,0.0000,0.0000,0
14,features.7,17,active,0.090909,1.703245e-07,2.962395e-06,0.0979,0.2797,105
14,features.7,18,active,0.010490,8.114527e-07,4.070547e-06,0.4336,0.4545,105
14,features.7,19,active,0.062937,8.970947e-07,5.895508e-06,0.4895,0.6154,105
14,features.7,20,pruned_before,nan,0.000000e+00,0.000000e+00,0.0000,0.0000,0
14,features.7,21,pruned_before,nan,0.000000e+00,0.000000e+00,0.0000,0.0000,0
14,features.7,22,active,0.402098,2.509266e-07,2.236513e-05,0.1608,0.9650,105
14,features.7,23,active,0.283217,5.449587e-08,5.537486e-06,0.0280,0.5944,105
14,features.7,24,active,-0.150350,5.811253e-07,7.605586e-07,0.3217,0.0210,105
14,features.7,25,active,0.013986,1.560978e-07,1.877441e-06,0.0909,0.1189,105
14,features.7,26,active,0.059441,1.409675e-06,7.495626e-06,0.5944,0.7133,105
14,features.7,27,active,-0.045455,3.599509e-06,8.561718e-06,0.8741,0.7832,105
14,features.7,28,active,-0.024476,2.657072e-06,8.193508e-06,0.8182,0.7692,105
14,features.7,29,active,-0.125874,4.075441e-06,6.050872e-06,0.8811,0.6294,105
14,features.7,30,pruned_before,nan,0.000000e+00,0.000000e+00,0.0000,0.0000,0
14,features.7,31,active,0.416084,1.933660e-07,1.992166e-05,0.1189,0.9510,105
14,features.7,32,pruned_before,nan,0.000000e+00,0.000000e+00,0.0000,0.0000,0
14,features.7,33,active,-0.143357,9.841852e-07,2.502462e-06,0.5035,0.2168,105
14,features.7,34,pruned_now,-0.290210,3.038524e-06,2.906158e-06,0.8462,0.2657,105
14,features.7,35,active,0.405594,1.867343e-07,1.644412e-05,0.1049,0.9161,105
14,features.7,36,active,-0.024476,1.737207e-06,6.456240e-06,0.7133,0.6643,105
14,features.7,37,active,-0.115385,8.574471e-07,2.629925e-06,0.4615,0.2308,105
14,features.7,38,active,-0.024476,1.037248e-06,4.078367e-06,0.5105,0.4615,105
14,features.7,39,active,0.038462,3.083253e-06,1.691042e-05,0.8531,0.9301,105
14,features.7,40,pruned_before,nan,0.000000e+00,0.000000e+00,0.0000,0.0000,0
14,features.7,41,active,0.090909,4.874100e-08,2.393612e-06,0.0210,0.2028,105
14,features.7,42,active,-0.027972,2.544786e-07,1.872088e-06,0.1678,0.1119,105
14,features.7,43,active,-0.188811,4.639732e-06,4.698228e-06,0.9021,0.5245,105
14,features.7,44,active,-0.118881,1.561080e-06,3.977043e-06,0.6713,0.4336,105
14,features.7,45,active,0.066434,8.127052e-08,2.146131e-06,0.0490,0.1818,105
14,features.7,46,pruned_before,nan,0.000000e+00,0.000000e+00,0.0000,0.0000,0
14,features.7,47,active,-0.010489,2.484546e-06,8.445904e-06,0.7972,0.7762,105
14,features.7,48,active,-0.199301,1.945700e-06,3.596877e-06,0.7552,0.3566,105
14,features.7,49,active,0.062937,2.650486e-06,1.780262e-05,0.8112,0.9371,105
14,features.7,50,active,-0.192308,2.665163e-06,4.006659e-06,0.8252,0.4406,105
14,features.7,51,pruned_before,nan,0.000000e+00,0.000000e+00,0.0000,0.0000,0
14,features.7,52,active,0.031469,4.700901e-07,3.414660e-06,0.2657,0.3287,105
14,features.7,53,active,0.283217,9.867335e-08,6.288523e-06,0.0769,0.6434,105
14,features.7,54,pruned_now,-0.360140,2.405400e-06,1.522042e-06,0.7902,0.0699,105
14,features.7,55,pruned_before,nan,0.000000e+00,0.000000e+00,0.0000,0.0000,0
14,features.7,56,active,-0.199301,8.466470e-07,1.083512e-06,0.4476,0.0490,105
14,features.7,57,pruned_before,nan,0.000000e+00,0.000000e+00,0.0000,0.0000,0
14,features.7,58,active,0.010489,1.878005e-06,8.191215e-06,0.7413,0.7622,105
14,features.7,59,pruned_before,nan,0.000000e+00,0.000000e+00,0.0000,0.0000,0
14,features.7,60,active,-0.045455,1.961755e-06,6.531941e-06,0.7622,0.6713,105
14,features.7,61,active,0.367133,2.491989e-07,1.227574e-05,0.1538,0.8881,105
14,features.7,62,active,-0.234266,1.254060e-06,1.760477e-06,0.5594,0.0909,105
14,features.7,63,active,-0.108392,8.849411e-07,2.861157e-06,0.4755,0.2587,105
14,features.7,64,active,0.101399,5.729680e-07,4.521539e-06,0.3007,0.5035,105
14,features.7,65,active,0.055944,1.892364e-07,2.575126e-06,0.1119,0.2238,105
14,features.7,66,pruned_before,nan,0.000000e+00,0.000000e+00,0.0000,0.0000,0
14,features.7,67,pruned_before,nan,0.000000e+00,0.000000e+00,0.0000,0.0000,0
14,features.7,68,active,-0.066434,1.366974e-06,4.042467e-06,0.5804,0.4476,105
14,features.7,69,pruned_before,nan,0.000000e+00,0.000000e+00,0.0000,0.0000,0
14,features.7,70,active,-0.136364,1.380695e-06,3.341443e-06,0.5874,0.3147,105
14,features.7,71,pruned_before,nan,0.000000e+00,0.000000e+00,0.0000,0.0000,0
14,features.7,72,active,-0.115385,1.847642e-06,4.490574e-06,0.7273,0.4965,105
14,features.7,73,active,-0.031469,1.986656e-06,7.282362e-06,0.7692,0.7063,105
14,features.7,74,active,-0.087413,7.988116e-07,2.747423e-06,0.4196,0.2448,105
14,features.7,75,active,-0.094406,1.530995e-06,4.291453e-06,0.6643,0.4755,105
14,features.7,76,active,0.167832,1.245684e-08,3.453991e-06,0.0000,0.3357,105
14,features.7,77,active,0.412587,8.335341e-08,1.180334e-05,0.0559,0.8811,105
14,features.7,78,protected,0.468531,8.948221e-08,3.732538e-05,0.0629,1.0000,105
14,features.7,79,active,0.223776,9.838571e-08,4.561946e-06,0.0699,0.5175,105
14,features.7,80,active,-0.045455,2.852486e-06,8.113028e-06,0.8392,0.7483,105
14,features.7,81,active,-0.041958,1.469605e-06,4.893784e-06,0.6294,0.5455,105
14,features.7,82,active,-0.122378,1.484038e-06,3.706647e-06,0.6364,0.3916,105
14,features.7,83,active,0.230769,1.069412e-06,3.140429e-05,0.5245,0.9860,105
14,features.7,84,active,-0.122378,2.500974e-06,5.108457e-06,0.8042,0.5594,105
14,features.7,85,active,0.062937,1.998167e-08,1.944205e-06,0.0070,0.1329,105
14,features.7,86,pruned_before,nan,0.000000e+00,0.000000e+00,0.0000,0.0000,0
14,features.7,87,active,0.188811,4.797217e-07,6.365905e-06,0.2727,0.6503,105
14,features.7,88,active,-0.167832,4.958462e-06,5.399735e-06,0.9161,0.5804,105
14,features.7,89,active,-0.167832,1.870038e-06,3.872186e-06,0.7343,0.3986,105
14,features.7,90,active,-0.111888,5.844396e-07,1.857601e-06,0.3287,0.1049,105
14,features.7,91,pruned_before,nan,0.000000e+00,0.000000e+00,0.0000,0.0000,0
14,features.7,92,active,-0.125874,4.841406e-06,6.433791e-06,0.9091,0.6573,105
14,features.7,93,active,-0.048951,5.218575e-07,2.166342e-06,0.2867,0.1888,105
14,features.7,94,active,0.363636,3.711092e-08,8.050343e-06,0.0140,0.7413,105
14,features.7,95,active,0.412587,7.409874e-08,1.138790e-05,0.0420,0.8671,105
14,features.7,96,active,-0.241259,1.644757e-06,2.471703e-06,0.6923,0.2098,105
14,features.7,97,active,-0.073427,1.444476e-05,9.556268e-06,0.9510,0.8042,105
14,features.7,98,active,0.080420,1.970721e-07,2.969022e-06,0.1259,0.2867,105
14,features.7,99,active,0.000000,1.456119e-06,5.984378e-06,0.6224,0.6224,105
14,features.7,100,active,-0.073427,1.664295e-05,9.727395e-06,0.9650,0.8182,105
14,features.7,101,active,0.041958,4.349481e-06,2.978979e-05,0.8951,0.9790,105
14,features.7,102,active,-0.080420,4.657258e-07,1.832834e-06,0.2587,0.0979,105
14,features.7,103,pruned_before,nan,0.000000e+00,0.000000e+00,0.0000,0.0000,0
14,features.7,104,active,-0.139860,7.632624e-07,1.880084e-06,0.4056,0.1259,105
14,features.7,105,pruned_before,nan,0.000000e+00,0.000000e+00,0.0000,0.0000,0
14,features.7,106,active,-0.055944,2.441136e-07,8.962372e-07,0.1469,0.0350,105
14,features.7,107,active,-0.006993,4.970172e-06,1.618182e-05,0.9231,0.9091,105
14,features.7,108,active,-0.010490,7.592612e-07,3.680848e-06,0.3986,0.3776,105
14,features.7,109,pruned_before,nan,0.000000e+00,0.000000e+00,0.0000,0.0000,0
14,features.7,110,active,-0.066434,3.512755e-06,7.872150e-06,0.8601,0.7273,105
14,features.7,111,active,-0.031469,1.708963e-05,1.669225e-05,0.9860,0.9231,105
14,features.7,112,active,0.206294,8.878127e-07,1.256069e-05,0.4825,0.8951,105
14,features.7,113,active,0.227273,7.391032e-07,1.013407e-05,0.3776,0.8322,105
14,features.7,114,active,-0.108392,8.513260e-07,2.702720e-06,0.4545,0.2378,105
14,features.7,115,pruned_before,nan,0.000000e+00,0.000000e+00,0.0000,0.0000,0
14,features.7,116,pruned_before,nan,0.000000e+00,0.000000e+00,0.0000,0.0000,0
14,features.7,117,pruned_before,nan,0.000000e+00,0.000000e+00,0.0000,0.0000,0
14,features.7,118,active,0.059441,7.542632e-07,4.558821e-06,0.3916,0.5105,105
14,features.7,119,active,-0.206294,1.431135e-06,2.357041e-06,0.6084,0.1958,105
14,features.7,120,pruned_before,nan,0.000000e+00,0.000000e+00,0.0000,0.0000,0
14,features.7,121,active,-0.181818,1.530575e-06,3.092225e-06,0.6573,0.2937,105
14,features.7,122,pruned_before,nan,0.000000e+00,0.000000e+00,0.0000,0.0000,0
14,features.7,123,pruned_before,nan,0.000000e+00,0.000000e+00,0.0000,0.0000,0
14,features.7,124,pruned_before,nan,0.000000e+00,0.000000e+00,0.0000,0.0000,0
14,features.7,125,active,-0.066434,1.673478e-05,1.028962e-05,0.9720,0.8392,105
14,features.7,126,active,-0.006993,1.626794e-05,1.918298e-05,0.9580,0.9441,105
14,features.7,127,active,-0.115385,1.499144e-06,3.902675e-06,0.6434,0.4126,105
14,features.7,128,pruned_before,nan,0.000000e+00,0.000000e+00,0.0000,0.0000,0
14,features.7,129,pruned_before,nan,0.000000e+00,0.000000e+00,0.0000,0.0000,0
14,features.7,130,active,-0.108392,1.627394e-06,4.259618e-06,0.6853,0.4685,105
14,features.7,131,active,-0.122378,4.154257e-07,5.493896e-07,0.2448,0.0000,105
14,features.7,132,pruned_before,nan,0.000000e+00,0.000000e+00,0.0000,0.0000,0
14,features.7,133,active,-0.118881,5.783926e-07,1.608940e-06,0.3147,0.0769,105
14,features.7,134,pruned_before,nan,0.000000e+00,0.000000e+00,0.0000,0.0000,0
14,features.7,135,active,0.031469,7.204139e-07,3.924738e-06,0.3566,0.4196,105
14,features.7,136,active,-0.052448,5.240122e-06,1.004274e-05,0.9301,0.8252,105
14,features.7,137,pruned_before,nan,0.000000e+00,0.000000e+00,0.0000,0.0000,0
14,features.7,138,active,-0.094406,3.514316e-06,6.675138e-06,0.8671,0.6783,105
14,features.7,139,active,0.318182,3.303348e-07,1.051846e-05,0.2168,0.8531,105
14,features.7,140,active,-0.174825,7.725033e-07,1.416156e-06,0.4126,0.0629,105
14,features.7,141,active,0.195804,5.915293e-08,3.928057e-06,0.0350,0.4266,105
14,features.7,142,active,0.031469,2.788698e-07,2.778612e-06,0.1888,0.2517,105
14,features.7,143,pruned_before,nan,0.000000e+00,0.000000e+00,0.0000,0.0000,0
14,features.7,144,active,-0.139860,8.055891e-07,1.985095e-06,0.4266,0.1469,105
14,features.7,145,active,0.178322,3.691223e-07,5.415325e-06,0.2308,0.5874,105
14,features.7,146,active,-0.017483,1.869512e-05,2.060199e-05,0.9930,0.9580,105
14,features.7,147,pruned_before,nan,0.000000e+00,0.000000e+00,0.0000,0.0000,0
14,features.7,148,active,-0.195804,1.091919e-06,1.962638e-06,0.5315,0.1399,105
14,features.7,149,active,0.332168,5.757562e-07,2.805130e-05,0.3077,0.9720,105
14,features.7,150,active,0.244755,2.950080e-07,7.068477e-06,0.1958,0.6853,105
14,features.7,151,active,0.076923,3.152740e-07,3.606961e-06,0.2098,0.3636,105
14,features.7,152,pruned_before,nan,0.000000e+00,0.000000e+00,0.0000,0.0000,0
14,features.7,153,active,-0.097902,5.217635e-07,1.675159e-06,0.2797,0.0839,105
14,features.7,154,pruned_before,nan,0.000000e+00,0.000000e+00,0.0000,0.0000,0
14,features.7,155,pruned_before,nan,0.000000e+00,0.000000e+00,0.0000,0.0000,0
14,features.7,156,active,0.370629,1.976281e-07,1.149320e-05,0.1329,0.8741,105
14,features.7,157,active,-0.003496,1.645155e-06,7.082905e-06,0.6993,0.6923,105
14,features.7,158,active,-0.206294,1.130858e-05,4.724461e-06,0.9441,0.5315,105
14,features.7,159,active,-0.038462,6.125696e-06,1.101673e-05,0.9371,0.8601,105
14,features.7,160,active,0.003496,5.464461e-07,3.098443e-06,0.2937,0.3007,105
14,features.7,161,active,0.024476,8.288535e-07,4.459491e-06,0.4406,0.4895,105
14,features.7,162,pruned_before,nan,0.000000e+00,0.000000e+00,0.0000,0.0000,0
14,features.7,163,active,-0.020979,7.507294e-07,3.470937e-06,0.3846,0.3427,105
14,features.7,164,active,0.010490,1.441449e-06,6.060598e-06,0.6154,0.6364,105
14,features.7,165,active,0.223776,7.302058e-07,9.631542e-06,0.3636,0.8112,105
14,features.7,166,active,0.073427,5.976835e-07,4.314238e-06,0.3357,0.4825,105
14,features.7,167,active,-0.048951,1.530403e-06,5.049713e-06,0.6503,0.5524,105
14,features.7,168,pruned_before,nan,0.000000e+00,0.000000e+00,0.0000,0.0000,0
14,features.7,169,active,-0.171329,9.138675e-07,2.002456e-06,0.4965,0.1538,105
14,features.7,170,pruned_before,nan,0.000000e+00,0.000000e+00,0.0000,0.0000,0
14,features.7,171,active,0.178322,6.460516e-07,7.141020e-06,0.3427,0.6993,105
14,features.7,172,pruned_now,-0.272727,1.124106e-06,6.078606e-07,0.5524,0.0070,105
14,features.7,173,pruned_before,nan,0.000000e+00,0.000000e+00,0.0000,0.0000,0
14,features.7,174,pruned_before,nan,0.000000e+00,0.000000e+00,0.0000,0.0000,0
14,features.7,175,active,-0.041958,4.203283e-07,2.088744e-06,0.2517,0.1678,105
14,features.7,176,pruned_before,nan,0.000000e+00,0.000000e+00,0.0000,0.0000,0
14,features.7,177,active,0.202797,3.123207e-07,5.858396e-06,0.2028,0.6084,105
14,features.7,178,active,0.006993,7.328361e-07,3.682238e-06,0.3706,0.3846,105
14,features.7,179,active,-0.066434,4.178275e-06,8.138768e-06,0.8881,0.7552,105
14,features.7,180,active,-0.069930,2.593721e-07,1.019490e-06,0.1818,0.0420,105
14,features.7,181,pruned_before,nan,0.000000e+00,0.000000e+00,0.0000,0.0000,0
14,features.7,182,pruned_before,nan,0.000000e+00,0.000000e+00,0.0000,0.0000,0
14,features.7,183,active,-0.241259,1.107415e-06,1.262227e-06,0.5385,0.0559,105
14,features.7,184,pruned_before,nan,0.000000e+00,0.000000e+00,0.0000,0.0000,0
14,features.7,185,active,-0.213287,2.847799e-06,3.876301e-06,0.8322,0.4056,105
14,features.7,186,active,-0.202797,2.078788e-06,3.639522e-06,0.7762,0.3706,105
14,features.7,187,active,0.353147,1.187889e-07,8.802219e-06,0.0839,0.7902,105
14,features.7,188,active,-0.206294,1.307405e-06,2.033566e-06,0.5734,0.1608,105
14,features.7,189,active,0.000000,1.287041e-06,5.144832e-06,0.5664,0.5664,105
14,features.7,190,active,0.164336,1.037499e-06,1.049173e-05,0.5175,0.8462,105
14,features.7,191,active,-0.167832,7.097277e-07,6.786816e-07,0.3497,0.0140,105
14,features.8,0,active,0.080275,5.992460e-09,1.269402e-06,0.0138,0.1743,137
14,features.8,1,active,-0.167431,4.639385e-08,6.575673e-07,0.3945,0.0596,137
14,features.8,2,active,-0.006881,2.980089e-08,1.879754e-06,0.2569,0.2431,137
14,features.8,3,active,-0.206422,5.400876e-07,5.004455e-06,0.9587,0.5459,137
14,features.8,4,active,0.103211,5.769764e-08,6.024429e-06,0.4450,0.6514,137
14,features.8,5,pruned_before,nan,0.000000e+00,0.000000e+00,0.0000,0.0000,0
14,features.8,6,active,0.050459,2.487484e-07,3.241049e-05,0.8578,0.9587,137
14,features.8,7,pruned_before,nan,0.000000e+00,0.000000e+00,0.0000,0.0000,0
14,features.8,8,active,-0.114679,4.385754e-08,1.164897e-06,0.3807,0.1514,137
14,features.8,9,pruned_before,nan,0.000000e+00,0.000000e+00,0.0000,0.0000,0
14,features.8,10,active,0.050459,2.577451e-08,2.230089e-06,0.2110,0.3119,137
14,features.8,11,active,0.052752,1.161541e-07,1.344076e-05,0.7339,0.8394,137
14,features.8,12,active,0.369266,1.020568e-08,9.777012e-06,0.0321,0.7706,137
14,features.8,13,pruned_before,nan,0.000000e+00,0.000000e+00,0.0000,0.0000,0
14,features.8,14,pruned_before,nan,0.000000e+00,0.000000e+00,0.0000,0.0000,0
14,features.8,15,active,-0.197248,6.587977e-08,1.159578e-06,0.5413,0.1468,137
14,features.8,16,pruned_now,-0.288991,1.015206e-07,7.997040e-07,0.6697,0.0917,137
14,features.8,17,pruned_before,nan,0.000000e+00,0.000000e+00,0.0000,0.0000,0
14,features.8,18,active,0.032110,6.515074e-08,5.483650e-06,0.5367,0.6009,137
14,features.8,19,active,-0.084862,4.902380e-08,1.773684e-06,0.4037,0.2339,137
14,features.8,20,pruned_before,nan,0.000000e+00,0.000000e+00,0.0000,0.0000,0
14,features.8,21,pruned_before,nan,0.000000e+00,0.000000e+00,0.0000,0.0000,0
14,features.8,22,active,0.183486,3.645731e-08,6.908589e-06,0.3257,0.6927,137
14,features.8,23,pruned_before,nan,0.000000e+00,0.000000e+00,0.0000,0.0000,0
14,features.8,24,pruned_before,nan,0.000000e+00,0.000000e+00,0.0000,0.0000,0
14,features.8,25,pruned_now,-0.348624,1.185119e-07,5.560053e-07,0.7385,0.0413,137
14,features.8,26,pruned_before,nan,0.000000e+00,0.000000e+00,0.0000,0.0000,0
14,features.8,27,active,-0.080275,4.380391e-07,9.936056e-06,0.9404,0.7798,137
14,features.8,28,active,0.243119,1.345397e-08,5.087443e-06,0.0734,0.5596,137
14,features.8,29,active,-0.048165,3.443810e-08,1.478629e-06,0.3073,0.2110,137
14,features.8,30,protected,0.206422,7.385456e-08,8.736845e-05,0.5872,1.0000,137
14,features.8,31,active,0.302752,3.507042e-08,1.957260e-05,0.3119,0.9174,137
14,features.8,32,active,0.071101,2.994028e-08,2.971762e-06,0.2615,0.4037,137
14,features.8,33,pruned_before,nan,0.000000e+00,0.000000e+00,0.0000,0.0000,0
14,features.8,34,active,-0.139908,2.188501e-07,5.015906e-06,0.8303,0.5505,137
14,features.8,35,pruned_before,nan,0.000000e+00,0.000000e+00,0.0000,0.0000,0
14,features.8,36,pruned_before,nan,0.000000e+00,0.000000e+00,0.0000,0.0000,0
14,features.8,37,active,-0.041284,6.152278e-08,3.306734e-06,0.5000,0.4174,137
14,features.8,38,active,0.192661,6.033549e-08,1.451575e-05,0.4771,0.8624,137
14,features.8,39,pruned_before,nan,0.000000e+00,0.000000e+00,0.0000,0.0000,0
14,features.8,40,active,-0.105505,6.097547e-08,2.070041e-06,0.4862,0.2752,137
14,features.8,41,active,0.252294,1.385810e-08,5.369557e-06,0.0872,0.5917,137
14,features.8,42,active,0.126147,3.758151e-08,5.368391e-06,0.3349,0.5872,137
14,features.8,43,protected,0.238532,6.434954e-08,6.283997e-05,0.5183,0.9954,137
14,features.8,44,active,-0.034404,3.358015e-08,1.615421e-06,0.2936,0.2248,137
14,features.8,45,active,-0.038991,4.123074e-08,2.132621e-06,0.3624,0.2844,137
14,features.8,46,pruned_before,nan,0.000000e+00,0.000000e+00,0.0000,0.0000,0
14,features.8,47,active,0.094037,1.904532e-08,2.281348e-06,0.1330,0.3211,137
14,features.8,48,active,-0.162844,8.618055e-08,2.185101e-06,0.6239,0.2982,137
14,features.8,49,active,-0.002294,9.510106e-08,5.783970e-06,0.6422,0.6376,137
14,features.8,50,pruned_before,nan,0.000000e+00,0.000000e+00,0.0000,0.0000,0
14,features.8,51,active,0.190367,1.948375e-08,4.498260e-06,0.1422,0.5229,137
14,features.8,52,pruned_before,nan,0.000000e+00,0.000000e+00,0.0000,0.0000,0
14,features.8,53,pruned_before,nan,0.000000e+00,0.000000e+00,0.0000,0.0000,0
14,features.8,54,active,0.277523,2.471730e-08,8.386114e-06,0.1972,0.7523,137
14,features.8,55,active,0.057339,6.832708e-08,6.673137e-06,0.5596,0.6743,137
14,features.8,56,pruned_before,nan,0.000000e+00,0.000000e+00,0.0000,0.0000,0
14,features.8,57,active,0.080275,7.220115e-08,8.186886e-06,0.5826,0.7431,137
14,features.8,58,active,-0.169725,6.595445e-08,1.460161e-06,0.5459,0.2064,137
14,features.8,59,active,0.075688,6.045580e-08,5.678479e-06,0.4817,0.6330,137
14,features.8,60,pruned_before,nan,0.000000e+00,0.000000e+00,0.0000,0.0000,0
14,features.8,61,active,0.259174,3.442518e-08,1.228541e-05,0.3028,0.8211,137
14,features.8,62,pruned_now,-0.272936,1.035061e-07,1.038214e-06,0.6789,0.1330,137
14,features.8,63,active,0.059633,1.716455e-07,2.057745e-05,0.8073,0.9266,137
14,features.8,64,active,0.137615,6.288656e-08,1.071676e-05,0.5138,0.7890,137
14,features.8,65,pruned_before,nan,0.000000e+00,0.000000e+00,0.0000,0.0000,0
14,features.8,66,active,0.112385,9.844103e-08,1.797908e-05,0.6606,0.8853,137
14,features.8,67,pruned_before,nan,0.000000e+00,0.000000e+00,0.0000,0.0000,0
14,features.8,68,pruned_before,nan,0.000000e+00,0.000000e+00,0.0000,0.0000,0
14,features.8,69,active,0.011468,2.694947e-07,1.852973e-05,0.8807,0.9037,137
14,features.8,70,active,0.392202,1.572114e-08,1.652103e-05,0.0963,0.8807,137
14,features.8,71,active,0.110092,1.232660e-08,2.132221e-06,0.0596,0.2798,137
14,features.8,72,pruned_before,nan,0.000000e+00,0.000000e+00,0.0000,0.0000,0
14,features.8,73,pruned_before,nan,0.000000e+00,0.000000e+00,0.0000,0.0000,0
14,features.8,74,pruned_before,nan,0.000000e+00,0.000000e+00,0.0000,0.0000,0
14,features.8,75,active,0.036697,2.502434e-07,2.338668e-05,0.8624,0.9358,137
14,features.8,76,active,-0.185780,7.074028e-08,1.452292e-06,0.5734,0.2018,137
14,features.8,77,active,0.422018,1.149201e-08,1.827100e-05,0.0505,0.8945,137
14,features.8,78,active,-0.087156,6.487603e-08,2.703650e-06,0.5321,0.3578,137
14,features.8,79,pruned_before,nan,0.000000e+00,0.000000e+00,0.0000,0.0000,0
14,features.8,80,pruned_before,nan,0.000000e+00,0.000000e+00,0.0000,0.0000,0
14,features.8,81,active,-0.197248,1.195912e-07,2.578702e-06,0.7431,0.3486,137
14,features.8,82,pruned_before,nan,0.000000e+00,0.000000e+00,0.0000,0.0000,0
14,features.8,83,active,0.178899,4.130479e-08,7.351992e-06,0.3670,0.7248,137
14,features.8,84,active,0.295872,2.072479e-08,8.700080e-06,0.1651,0.7569,137
14,features.8,85,pruned_before,nan,0.000000e+00,0.000000e+00,0.0000,0.0000,0
14,features.8,86,pruned_before,nan,0.000000e+00,0.000000e+00,0.0000,0.0000,0
14,features.8,87,pruned_before,nan,0.000000e+00,0.000000e+00,0.0000,0.0000,0
14,features.8,88,pruned_before,nan,0.000000e+00,0.000000e+00,0.0000,0.0000,0
14,features.8,89,active,-0.089450,1.390040e-07,5.429600e-06,0.7752,0.5963,137
14,features.8,90,active,-0.036697,8.365437e-08,4.831600e-06,0.6101,0.5367,137
14,features.8,91,pruned_before,nan,0.000000e+00,0.000000e+00,0.0000,0.0000,0
14,features.8,92,pruned_before,nan,0.000000e+00,0.000000e+00,0.0000,0.0000,0
14,features.8,93,pruned_before,nan,0.000000e+00,0.000000e+00,0.0000,0.0000,0
14,features.8,94,pruned_before,nan,0.000000e+00,0.000000e+00,0.0000,0.0000,0
14,features.8,95,pruned_before,nan,0.000000e+00,0.000000e+00,0.0000,0.0000,0
14,features.8,96,active,-0.121560,1.492757e-07,4.865390e-06,0.7844,0.5413,137
14,features.8,97,pruned_before,nan,0.000000e+00,0.000000e+00,0.0000,0.0000,0
14,features.8,98,pruned_before,nan,0.000000e+00,0.000000e+00,0.0000,0.0000,0
14,features.8,99,pruned_before,nan,0.000000e+00,0.000000e+00,0.0000,0.0000,0
14,features.8,100,active,-0.052752,2.393030e-08,7.728950e-07,0.1881,0.0826,137
14,features.8,101,pruned_before,nan,0.000000e+00,0.000000e+00,0.0000,0.0000,0
14,features.8,102,active,-0.091743,9.998243e-08,3.968817e-06,0.6651,0.4817,137
14,features.8,103,active,-0.082569,5.877743e-08,2.176444e-06,0.4587,0.2936,137
14,features.8,104,active,0.013761,3.625567e-07,2.524785e-05,0.9220,0.9495,137
14,features.8,105,active,0.261468,4.372905e-08,1.836590e-05,0.3761,0.8991,137
14,features.8,106,active,-0.172018,5.409523e-07,5.626895e-06,0.9633,0.6193,137
14,features.8,107,pruned_before,nan,0.000000e+00,0.000000e+00,0.0000,0.0000,0
14,features.8,108,pruned_before,nan,0.000000e+00,0.000000e+00,0.0000,0.0000,0
14,features.8,109,pruned_before,nan,0.000000e+00,0.000000e+00,0.0000,0.0000,0
14,features.8,110,pruned_before,nan,0.000000e+00,0.000000e+00,0.0000,0.0000,0
14,features.8,111,active,0.066514,9.647690e-08,1.047574e-05,0.6514,0.7844,137
14,features.8,112,pruned_before,nan,0.000000e+00,0.000000e+00,0.0000,0.0000,0
14,features.8,113,active,-0.172018,1.427019e-07,3.425856e-06,0.7798,0.4358,137
14,features.8,114,pruned_before,nan,0.000000e+00,0.000000e+00,0.0000,0.0000,0
14,features.8,115,active,0.027523,3.667469e-08,2.918104e-06,0.3303,0.3853,137
14,features.8,116,active,0.004587,1.296952e-07,9.909810e-06,0.7661,0.7752,137
14,features.8,117,pruned_before,nan,0.000000e+00,0.000000e+00,0.0000,0.0000,0
14,features.8,118,active,0.128440,5.479668e-08,6.897421e-06,0.4312,0.6881,137
14,features.8,119,pruned_before,nan,0.000000e+00,0.000000e+00,0.0000,0.0000,0
14,features.8,120,active,-0.096330,7.781298e-08,3.008996e-06,0.6009,0.4083,137
14,features.8,121,active,0.045872,1.945950e-07,1.925320e-05,0.8211,0.9128,137
14,features.8,122,pruned_before,nan,0.000000e+00,0.000000e+00,0.0000,0.0000,0
14,features.8,123,pruned_before,nan,0.000000e+00,0.000000e+00,0.0000,0.0000,0
14,features.8,124,pruned_before,nan,0.000000e+00,0.000000e+00,0.0000,0.0000,0
14,features.8,125,pruned_before,nan,0.000000e+00,0.000000e+00,0.0000,0.0000,0
14,features.8,126,active,-0.100917,2.509516e-07,6.374474e-06,0.8670,0.6651,137
14,features.8,127,pruned_before,nan,0.000000e+00,0.000000e+00,0.0000,0.0000,0
14,features.8,128,active,-0.245413,2.092588e-07,2.371425e-06,0.8257,0.3349,137
14,features.8,129,pruned_before,nan,0.000000e+00,0.000000e+00,0.0000,0.0000,0
14,features.8,130,active,-0.089450,4.338911e-08,1.372202e-06,0.3716,0.1927,137
14,features.8,131,pruned_before,nan,0.000000e+00,0.000000e+00,0.0000,0.0000,0
14,features.8,132,active,-0.178899,9.004565e-07,5.634629e-06,0.9817,0.6239,137
14,features.8,133,active,-0.126147,7.621252e-08,2.426559e-06,0.5963,0.3440,137
14,features.8,134,pruned_before,nan,0.000000e+00,0.000000e+00,0.0000,0.0000,0
14,features.8,135,active,0.075688,5.754918e-09,1.214706e-06,0.0092,0.1606,137
14,features.8,136,active,0.243119,2.599718e-09,3.978584e-06,0.0000,0.4862,137
14,features.8,137,pruned_before,nan,0.000000e+00,0.000000e+00,0.0000,0.0000,0
14,features.8,138,pruned_before,nan,0.000000e+00,0.000000e+00,0.0000,0.0000,0
14,features.8,139,pruned_before,nan,0.000000e+00,0.000000e+00,0.0000,0.0000,0
14,features.8,140,active,0.146789,9.417646e-08,2.057850e-05,0.6376,0.9312,137
14,features.8,141,active,-0.004587,1.149109e-08,5.386552e-07,0.0459,0.0367,137
14,features.8,142,active,0.199541,1.362333e-08,3.915676e-06,0.0780,0.4771,137
14,features.8,143,pruned_now,-0.250000,1.103385e-07,1.512383e-06,0.7202,0.2202,137
14,features.8,144,active,-0.048165,1.985774e-08,6.179548e-07,0.1514,0.0550,137
14,features.8,145,active,0.096330,8.152074e-09,1.487062e-06,0.0229,0.2156,137
14,features.8,146,active,-0.043578,5.175425e-08,2.332730e-06,0.4128,0.3257,137
14,features.8,147,pruned_before,nan,0.000000e+00,0.000000e+00,0.0000,0.0000,0
14,features.8,148,pruned_before,nan,0.000000e+00,0.000000e+00,0.0000,0.0000,0
14,features.8,149,active,0.158257,1.922239e-08,3.844795e-06,0.1376,0.4541,137
14,features.8,150,pruned_before,nan,0.000000e+00,0.000000e+00,0.0000,0.0000,0
14,features.8,151,active,-0.178899,4.608409e-08,4.686765e-07,0.3899,0.0321,137
14,features.8,152,active,0.114679,1.973869e-08,2.805877e-06,0.1468,0.3761,137
14,features.8,153,pruned_before,nan,0.000000e+00,0.000000e+00,0.0000,0.0000,0
14,features.8,154,active,-0.146789,1.273164e-07,3.870845e-06,0.7569,0.4633,137
14,features.8,155,pruned_before,nan,0.000000e+00,0.000000e+00,0.0000,0.0000,0
14,features.8,156,active,-0.002294,4.080418e-08,2.609883e-06,0.3578,0.3532,137
14,features.8,157,pruned_before,nan,0.000000e+00,0.000000e+00,0.0000,0.0000,0
14,features.8,158,pruned_before,nan,0.000000e+00,0.000000e+00,0.0000,0.0000,0
14,features.8,159,pruned_before,nan,0.000000e+00,0.000000e+00,0.0000,0.0000,0
14,features.8,160,pruned_before,nan,0.000000e+00,0.000000e+00,0.0000,0.0000,0
14,features.8,161,active,-0.206422,1.744609e-07,2.969948e-06,0.8119,0.3991,137
14,features.8,162,pruned_before,nan,0.000000e+00,0.000000e+00,0.0000,0.0000,0
14,features.8,163,active,0.121560,3.570697e-08,5.098465e-06,0.3211,0.5642,137
14,features.8,164,active,0.075688,5.344017e-08,5.234840e-06,0.4220,0.5734,137
14,features.8,165,active,-0.160550,7.388346e-08,2.067048e-06,0.5917,0.2706,137
14,features.8,166,active,-0.050459,1.710630e-07,6.938525e-06,0.8028,0.7018,137
14,features.8,167,active,-0.116972,4.881393e-07,7.349027e-06,0.9541,0.7202,137
14,features.8,168,pruned_before,nan,0.000000e+00,0.000000e+00,0.0000,0.0000,0
14,features.8,169,active,0.110092,2.064007e-08,2.876830e-06,0.1606,0.3807,137
14,features.8,170,pruned_before,nan,0.000000e+00,0.000000e+00,0.0000,0.0000,0
14,features.8,171,pruned_before,nan,0.000000e+00,0.000000e+00,0.0000,0.0000,0
14,features.8,172,active,0.038991,1.316311e-07,1.438224e-05,0.7706,0.8486,137
14,features.8,173,active,0.332569,2.099809e-08,1.337223e-05,0.1697,0.8349,137
14,features.8,174,active,-0.128440,8.502386e-08,2.737048e-06,0.6193,0.3624,137
14,features.8,175,pruned_before,nan,0.000000e+00,0.000000e+00,0.0000,0.0000,0
14,features.8,176,active,0.020642,4.065182e-07,4.358720e-05,0.9312,0.9725,137
14,features.8,177,active,-0.029817,1.531135e-07,7.501906e-06,0.7890,0.7294,137
14,features.8,178,pruned_before,nan,0.000000e+00,0.000000e+00,0.0000,0.0000,0
14,features.8,179,active,-0.025229,1.344024e-08,3.799227e-07,0.0688,0.0183,137
14,features.8,180,active,0.123853,2.160991e-08,3.320188e-06,0.1743,0.4220,137
14,features.8,181,pruned_before,nan,0.000000e+00,0.000000e+00,0.0000,0.0000,0
14,features.8,182,active,-0.119266,5.642388e-08,1.411361e-06,0.4358,0.1972,137
14,features.8,183,pruned_before,nan,0.000000e+00,0.000000e+00,0.0000,0.0000,0
14,features.8,184,active,0.119266,1.078924e-07,3.002045e-05,0.7156,0.9541,137
14,features.8,185,pruned_before,nan,0.000000e+00,0.000000e+00,0.0000,0.0000,0
14,features.8,186,active,-0.057339,2.269520e-08,7.351011e-07,0.1835,0.0688,137
14,features.8,187,active,0.137615,7.215859e-08,1.445310e-05,0.5780,0.8532,137
14,features.8,188,pruned_before,nan,0.000000e+00,0.000000e+00,0.0000,0.0000,0
14,features.8,189,active,-0.002294,1.578939e-06,5.924051e-05,0.9954,0.9908,137
14,features.8,190,pruned_now,-0.282110,1.018389e-07,9.739657e-07,0.6743,0.1101,137
14,features.8,191,pruned_before,nan,0.000000e+00,0.000000e+00,0.0000,0.0000,0
14,features.8,192,active,-0.004587,8.720841e-07,3.434151e-05,0.9771,0.9679,137
14,features.8,193,active,-0.130734,1.563843e-07,4.807421e-06,0.7936,0.5321,137
14,features.8,194,active,-0.089450,4.484539e-07,9.278884e-06,0.9450,0.7661,137
14,features.8,195,active,-0.050459,5.901856e-08,2.752669e-06,0.4679,0.3670,137
14,features.8,196,pruned_before,nan,0.000000e+00,0.000000e+00,0.0000,0.0000,0
14,features.8,197,pruned_before,nan,0.000000e+00,0.000000e+00,0.0000,0.0000,0
14,features.8,198,pruned_before,nan,0.000000e+00,0.000000e+00,0.0000,0.0000,0
14,features.8,199,pruned_before,nan,0.000000e+00,0.000000e+00,0.0000,0.0000,0
14,features.8,200,active,0.123853,6.711574e-08,1.138615e-05,0.5550,0.8028,137
14,features.8,201,pruned_before,nan,0.000000e+00,0.000000e+00,0.0000,0.0000,0
14,features.8,202,pruned_now,-0.261468,1.076868e-07,1.312188e-06,0.7064,0.1835,137
14,features.8,203,pruned_before,nan,0.000000e+00,0.000000e+00,0.0000,0.0000,0
14,features.8,204,active,-0.011468,1.751779e-08,8.681804e-07,0.1239,0.1009,137
14,features.8,205,pruned_before,nan,0.000000e+00,0.000000e+00,0.0000,0.0000,0
14,features.8,206,active,-0.018349,6.474348e-08,4.096534e-06,0.5275,0.4908,137
14,features.8,207,pruned_before,nan,0.000000e+00,0.000000e+00,0.0000,0.0000,0
14,features.8,208,active,0.034404,2.898191e-09,7.353034e-07,0.0046,0.0734,137
14,features.8,209,active,0.135321,4.709599e-08,6.512184e-06,0.3991,0.6697,137
14,features.8,210,active,-0.075688,3.344070e-08,1.061035e-06,0.2890,0.1376,137
14,features.8,211,active,-0.064220,2.506724e-08,7.678781e-07,0.2064,0.0780,137
14,features.8,212,pruned_before,nan,0.000000e+00,0.000000e+00,0.0000,0.0000,0
14,features.8,213,pruned_before,nan,0.000000e+00,0.000000e+00,0.0000,0.0000,0
14,features.8,214,pruned_before,nan,0.000000e+00,0.000000e+00,0.0000,0.0000,0
14,features.8,215,active,0.087156,5.988407e-08,5.988888e-06,0.4725,0.6468,137
14,features.8,216,active,-0.068807,9.514471e-08,4.453330e-06,0.6468,0.5092,137
14,features.8,217,pruned_before,nan,0.000000e+00,0.000000e+00,0.0000,0.0000,0
14,features.8,218,pruned_before,nan,0.000000e+00,0.000000e+00,0.0000,0.0000,0
14,features.8,219,active,0.300459,3.202028e-08,1.583770e-05,0.2752,0.8761,137
14,features.8,220,pruned_before,nan,0.000000e+00,0.000000e+00,0.0000,0.0000,0
14,features.8,221,pruned_before,nan,0.000000e+00,0.000000e+00,0.0000,0.0000,0
14,features.8,222,active,0.204128,2.829792e-08,5.942511e-06,0.2339,0.6422,137
14,features.8,223,active,0.057339,1.258206e-08,1.293017e-06,0.0642,0.1789,137
14,features.8,224,active,-0.144495,3.565487e-08,4.555534e-07,0.3165,0.0275,137
14,features.8,225,active,-0.025229,5.675109e-08,2.923018e-06,0.4404,0.3899,137
14,features.8,226,pruned_before,nan,0.000000e+00,0.000000e+00,0.0000,0.0000,0
14,features.8,227,pruned_before,nan,0.000000e+00,0.000000e+00,0.0000,0.0000,0
14,features.8,228,pruned_before,nan,0.000000e+00,0.000000e+00,0.0000,0.0000,0
14,features.8,229,active,-0.061927,2.891604e-08,1.005537e-06,0.2431,0.1193,137
14,features.8,230,pruned_before,nan,0.000000e+00,0.000000e+00,0.0000,0.0000,0
14,features.8,231,pruned_before,nan,0.000000e+00,0.000000e+00,0.0000,0.0000,0
14,features.8,232,active,-0.146789,9.244508e-08,2.421889e-06,0.6330,0.3394,137
14,features.8,233,pruned_before,nan,0.000000e+00,0.000000e+00,0.0000,0.0000,0
14,features.8,234,active,0.061927,1.713641e-08,1.847789e-06,0.1147,0.2385,137
14,features.8,235,active,-0.052752,1.049391e-07,5.249552e-06,0.6835,0.5780,137
14,features.8,236,pruned_before,nan,0.000000e+00,0.000000e+00,0.0000,0.0000,0
14,features.8,237,active,-0.201835,3.423603e-07,4.318626e-06,0.9083,0.5046,137
14,features.8,238,active,-0.217890,3.210878e-07,3.882391e-06,0.9037,0.4679,137
14,features.8,239,pruned_before,nan,0.000000e+00,0.000000e+00,0.0000,0.0000,0
14,features.8,240,pruned_before,nan,0.000000e+00,0.000000e+00,0.0000,0.0000,0
14,features.8,241,active,-0.018349,1.376377e-08,5.620520e-07,0.0826,0.0459,137
14,features.8,242,pruned_now,-0.311927,1.238433e-07,1.032234e-06,0.7523,0.1284,137
14,features.8,243,pruned_before,nan,0.000000e+00,0.000000e+00,0.0000,0.0000,0
14,features.8,244,active,0.213303,3.297422e-08,7.118949e-06,0.2844,0.7110,137
14,features.8,245,pruned_before,nan,0.000000e+00,0.000000e+00,0.0000,0.0000,0
14,features.8,246,active,0.004587,2.637060e-08,1.663770e-06,0.2202,0.2294,137
14,features.8,247,active,-0.100917,3.049745e-08,6.608014e-07,0.2661,0.0642,137
14,features.8,248,active,0.084862,6.939688e-08,8.166966e-06,0.5688,0.7385,137
14,features.8,249,active,-0.077982,4.741155e-07,1.074015e-05,0.9495,0.7936,137
14,features.8,250,pruned_before,nan,0.000000e+00,0.000000e+00,0.0000,0.0000,0
14,features.8,251,pruned_now,-0.270642,1.344055e-06,3.726587e-06,0.9908,0.4495,137
14,features.8,252,active,-0.181193,5.789646e-08,7.893486e-07,0.4495,0.0872,137
14,features.8,253,pruned_before,nan,0.000000e+00,0.000000e+00,0.0000,0.0000,0
14,features.8,254,active,-0.133028,6.441307e-08,1.942606e-06,0.5229,0.2569,137
14,features.8,255,pruned_before,nan,0.000000e+00,0.000000e+00,0.0000,0.0000,0
14,features.8,256,pruned_before,nan,0.000000e+00,0.000000e+00,0.0000,0.0000,0
14,features.8,257,pruned_before,nan,0.000000e+00,0.000000e+00,0.0000,0.0000,0
14,features.8,258,pruned_now,-0.277523,1.078102e-07,1.191176e-06,0.7110,0.1560,137
14,features.8,259,pruned_before,nan,0.000000e+00,0.000000e+00,0.0000,0.0000,0
14,features.8,260,pruned_before,nan,0.000000e+00,0.000000e+00,0.0000,0.0000,0
14,features.8,261,active,0.027523,1.670763e-08,1.236309e-06,0.1101,0.1651,137
14,features.8,262,active,0.059633,8.414157e-08,7.516053e-06,0.6147,0.7339,137
14,features.8,263,pruned_before,nan,0.000000e+00,0.000000e+00,0.0000,0.0000,0
14,features.8,264,pruned_before,nan,0.000000e+00,0.000000e+00,0.0000,0.0000,0
14,features.8,265,active,0.064220,3.822478e-08,3.891168e-06,0.3440,0.4725,137
14,features.8,266,active,0.224771,1.715196e-08,5.207351e-06,0.1193,0.5688,137
14,features.8,267,active,0.025229,2.964113e-08,2.219445e-06,0.2523,0.3028,137
14,features.8,268,active,-0.103211,1.286097e-07,5.071350e-06,0.7615,0.5550,137
14,features.8,269,active,0.059633,2.356784e-07,3.433742e-05,0.8440,0.9633,137
14,features.8,270,pruned_before,nan,0.000000e+00,0.000000e+00,0.0000,0.0000,0
14,features.8,271,active,0.002294,1.054517e-07,6.930449e-06,0.6927,0.6972,137
14,features.8,272,pruned_before,nan,0.000000e+00,0.000000e+00,0.0000,0.0000,0
14,features.8,273,pruned_before,nan,0.000000e+00,0.000000e+00,0.0000,0.0000,0
14,features.8,274,active,-0.029817,2.683622e-07,1.209663e-05,0.8761,0.8165,137
14,features.8,275,pruned_before,nan,0.000000e+00,0.000000e+00,0.0000,0.0000,0
14,features.8,276,active,-0.055046,6.704969e-08,3.583138e-06,0.5505,0.4404,137
14,features.8,277,active,-0.107798,8.839675e-08,3.074085e-06,0.6284,0.4128,137
14,features.8,278,active,0.194954,1.165174e-08,3.645358e-06,0.0550,0.4450,137
14,features.8,279,active,0.167431,2.416761e-08,4.611926e-06,0.1927,0.5275,137
14,features.8,280,pruned_before,nan,0.000000e+00,0.000000e+00,0.0000,0.0000,0
14,features.8,281,active,-0.201835,9.462906e-07,5.297632e-06,0.9862,0.5826,137
14,features.8,282,active,0.119266,1.072502e-07,2.390672e-05,0.7018,0.9404,137
14,features.8,283,active,-0.155963,3.591148e-07,5.506724e-06,0.9174,0.6055,137
14,features.8,284,pruned_before,nan,0.000000e+00,0.000000e+00,0.0000,0.0000,0
14,features.8,285,pruned_before,nan,0.000000e+00,0.000000e+00,0.0000,0.0000,0
14,features.8,286,active,-0.160550,6.112575e-08,1.251821e-06,0.4908,0.1697,137
14,features.8,287,active,0.197248,6.138394e-08,1.810045e-05,0.4954,0.8899,137
14,features.8,288,pruned_before,nan,0.000000e+00,0.000000e+00,0.0000,0.0000,0
14,features.8,289,active,0.256881,1.602343e-08,5.548164e-06,0.1009,0.6147,137
14,features.8,290,pruned_before,nan,0.000000e+00,0.000000e+00,0.0000,0.0000,0
14,features.8,291,pruned_before,nan,0.000000e+00,0.000000e+00,0.0000,0.0000,0
14,features.8,292,pruned_before,nan,0.000000e+00,0.000000e+00,0.0000,0.0000,0
14,features.8,293,active,-0.227064,2.437340e-07,2.957696e-06,0.8486,0.3945,137
14,features.8,294,pruned_now,-0.291284,1.050422e-07,8.829429e-07,0.6881,0.1055,137
14,features.8,295,active,-0.048165,4.020259e-08,1.929071e-06,0.3486,0.2523,137
14,features.8,296,active,0.250000,3.363092e-08,1.118803e-05,0.2982,0.7982,137
14,features.8,297,active,-0.013761,2.728270e-07,1.448952e-05,0.8853,0.8578,137
14,features.8,298,pruned_before,nan,0.000000e+00,0.000000e+00,0.0000,0.0000,0
14,features.8,299,active,-0.018349,4.036376e-08,2.251330e-06,0.3532,0.3165,137
14,features.8,300,pruned_before,nan,0.000000e+00,0.000000e+00,0.0000,0.0000,0
14,features.8,301,pruned_before,nan,0.000000e+00,0.000000e+00,0.0000,0.0000,0
14,features.8,302,active,0.032110,2.499607e-08,2.047563e-06,0.2018,0.2661,137
14,features.8,303,active,0.075688,2.218653e-07,5.004600e-05,0.8349,0.9862,137
14,features.8,304,pruned_before,nan,0.000000e+00,0.000000e+00,0.0000,0.0000,0
14,features.8,305,active,0.133028,7.818632e-08,1.532004e-05,0.6055,0.8716,137
14,features.8,306,active,-0.045872,2.472618e-07,8.993776e-06,0.8532,0.7615,137
14,features.8,307,active,0.002294,6.586910e-07,4.401774e-05,0.9725,0.9771,137
14,features.8,308,active,0.071101,1.119864e-07,1.461560e-05,0.7248,0.8670,137
14,features.8,309,active,0.043578,9.595801e-09,9.852532e-07,0.0275,0.1147,137
14,features.8,310,pruned_before,nan,0.000000e+00,0.000000e+00,0.0000,0.0000,0
14,features.8,311,pruned_before,nan,0.000000e+00,0.000000e+00,0.0000,0.0000,0
14,features.8,312,active,-0.105505,2.789115e-08,3.777433e-07,0.2248,0.0138,137
14,features.8,313,active,0.126147,5.896428e-08,7.241514e-06,0.4633,0.7156,137
14,features.8,314,pruned_before,nan,0.000000e+00,0.000000e+00,0.0000,0.0000,0
14,features.8,315,pruned_now,-0.268349,6.148355e-07,3.370803e-06,0.9679,0.4312,137
14,features.8,316,pruned_before,nan,0.000000e+00,0.000000e+00,0.0000,0.0000,0
14,features.8,317,pruned_before,nan,0.000000e+00,0.000000e+00,0.0000,0.0000,0
14,features.8,318,active,-0.045872,1.601585e-07,7.103743e-06,0.7982,0.7064,137
14,features.8,319,active,0.284404,2.256596e-08,8.247995e-06,0.1789,0.7477,137
14,features.8,320,active,0.032110,5.811753e-08,4.491904e-06,0.4541,0.5183,137
14,features.8,321,pruned_before,nan,0.000000e+00,0.000000e+00,0.0000,0.0000,0
14,features.8,322,pruned_before,nan,0.000000e+00,0.000000e+00,0.0000,0.0000,0
14,features.8,323,pruned_before,nan,0.000000e+00,0.000000e+00,0.0000,0.0000,0
14,features.8,324,active,-0.041284,1.561584e-08,2.477074e-07,0.0917,0.0092,137
14,features.8,325,pruned_now,-0.270642,2.300471e-06,3.868357e-06,1.0000,0.4587,137
14,features.8,326,pruned_before,nan,0.000000e+00,0.000000e+00,0.0000,0.0000,0
14,features.8,327,active,0.208716,6.898237e-08,4.965252e-05,0.5642,0.9817,137
14,features.8,328,active,0.158257,6.236606e-08,1.257395e-05,0.5092,0.8257,137
14,features.8,329,pruned_before,nan,0.000000e+00,0.000000e+00,0.0000,0.0000,0
14,features.8,330,active,0.135321,2.042588e-08,3.336721e-06,0.1560,0.4266,137
14,features.8,331,active,0.204128,3.050075e-08,6.772924e-06,0.2706,0.6789,137
14,features.8,332,active,0.045872,2.597268e-08,2.227008e-06,0.2156,0.3073,137
14,features.8,333,active,-0.128440,3.281797e-08,3.894348e-07,0.2798,0.0229,137
14,features.8,334,active,-0.052752,2.931937e-08,1.144018e-06,0.2477,0.1422,137
14,features.8,335,active,0.016055,3.568711e-07,2.479155e-05,0.9128,0.9450,137
14,features.8,336,active,-0.178899,1.155590e-07,2.761974e-06,0.7294,0.3716,137
14,features.8,337,active,0.247706,5.375799e-08,1.997861e-05,0.4266,0.9220,137
14,features.8,338,active,-0.045872,4.277443e-07,1.370142e-05,0.9358,0.8440,137
14,features.8,339,active,-0.094037,2.561592e-07,6.879562e-06,0.8716,0.6835,137
14,features.8,340,active,0.144495,1.138891e-08,2.367100e-06,0.0413,0.3303,137
14,features.8,341,pruned_before,nan,0.000000e+00,0.000000e+00,0.0000,0.0000,0
14,features.8,342,active,-0.103211,1.773764e-07,5.535140e-06,0.8165,0.6101,137
14,features.8,343,pruned_before,nan,0.000000e+00,0.000000e+00,0.0000,0.0000,0
14,features.8,344,active,-0.016055,1.115687e-08,2.308870e-07,0.0367,0.0046,137
14,features.8,345,pruned_before,nan,0.000000e+00,0.000000e+00,0.0000,0.0000,0
14,features.8,346,pruned_before,nan,0.000000e+00,0.000000e+00,0.0000,0.0000,0
14,features.8,347,pruned_before,nan,0.000000e+00,0.000000e+00,0.0000,0.0000,0
14,features.8,348,pruned_before,nan,0.000000e+00,0.000000e+00,0.0000,0.0000,0
14,features.8,349,pruned_before,nan,0.000000e+00,0.000000e+00,0.0000,0.0000,0
14,features.8,350,pruned_before,nan,0.000000e+00,0.000000e+00,0.0000,0.0000,0
14,features.8,351,active,-0.146789,5.191011e-08,1.026816e-06,0.4174,0.1239,137
14,features.8,352,active,-0.029817,2.766131e-07,1.268917e-05,0.8899,0.8303,137
14,features.8,353,pruned_before,nan,0.000000e+00,0.000000e+00,0.0000,0.0000,0
14,features.8,354,active,0.288991,2.795532e-08,1.173466e-05,0.2294,0.8073,137
14,features.8,355,active,-0.133028,3.831794e-07,6.164500e-06,0.9266,0.6606,137
14,features.8,356,active,-0.204128,6.216266e-08,8.508597e-07,0.5046,0.0963,137
14,features.8,357,pruned_before,nan,0.000000e+00,0.000000e+00,0.0000,0.0000,0
14,features.8,358,pruned_before,nan,0.000000e+00,0.000000e+00,0.0000,0.0000,0
14,features.8,359,active,-0.162844,2.236293e-07,4.481314e-06,0.8394,0.5138,137
14,features.8,360,pruned_before,nan,0.000000e+00,0.000000e+00,0.0000,0.0000,0
14,features.8,361,active,0.121560,4.534112e-08,5.642247e-06,0.3853,0.6284,137
14,features.8,362,pruned_before,nan,0.000000e+00,0.000000e+00,0.0000,0.0000,0
14,features.8,363,pruned_before,nan,0.000000e+00,0.000000e+00,0.0000,0.0000,0
14,features.8,364,active,-0.110092,4.925201e-08,1.370818e-06,0.4083,0.1881,137
14,features.8,365,active,0.004587,2.863545e-08,1.926518e-06,0.2385,0.2477,137
14,features.8,366,active,-0.201835,3.120777e-07,4.222545e-06,0.8991,0.4954,137
14,features.8,367,pruned_before,nan,0.000000e+00,0.000000e+00,0.0000,0.0000,0
14,features.8,368,active,-0.197248,9.727700e-08,1.954566e-06,0.6560,0.2615,137
14,features.8,369,active,0.057339,1.059817e-07,1.184553e-05,0.6972,0.8119,137
14,features.8,370,active,-0.123853,1.231368e-07,4.275772e-06,0.7477,0.5000,137
14,features.8,371,pruned_before,nan,0.000000e+00,0.000000e+00,0.0000,0.0000,0
14,features.8,372,active,0.080275,1.771732e-08,2.155328e-06,0.1284,0.2890,137
14,features.8,373,pruned_before,nan,0.000000e+00,0.000000e+00,0.0000,0.0000,0
14,features.8,374,active,-0.009174,6.206639e-09,2.085646e-07,0.0183,0.0000,137
14,features.8,375,active,0.006881,2.879697e-07,1.920841e-05,0.8945,0.9083,137
14,features.8,376,pruned_before,nan,0.000000e+00,0.000000e+00,0.0000,0.0000,0
14,features.8,377,pruned_before,nan,0.000000e+00,0.000000e+00,0.0000,0.0000,0
14,features.8,378,pruned_before,nan,0.000000e+00,0.000000e+00,0.0000,0.0000,0
14,features.8,379,active,0.158257,3.803400e-08,6.145834e-06,0.3394,0.6560,137
14,features.8,380,pruned_before,nan,0.000000e+00,0.000000e+00,0.0000,0.0000,0
14,features.8,381,active,-0.027523,1.603842e-08,6.015001e-07,0.1055,0.0505,137
14,features.8,382,pruned_before,nan,0.000000e+00,0.000000e+00,0.0000,0.0000,0
14,features.8,383,pruned_before,nan,0.000000e+00,0.000000e+00,0.0000,0.0000,0
14,features.9,0,active,-0.232301,7.580339e-07,1.507835e-06,0.9646,0.5000,137
14,features.9,1,active,0.188053,2.657940e-08,2.031212e-06,0.2434,0.6195,137
14,features.9,2,active,-0.172566,6.599756e-08,6.037355e-07,0.5221,0.1770,137
14,features.9,3,pruned_before,nan,0.000000e+00,0.000000e+00,0.0000,0.0000,0
14,features.9,4,active,-0.128319,3.577077e-08,3.643196e-07,0.3230,0.0664,137
14,features.9,5,active,-0.179204,1.186428e-06,2.137827e-06,0.9867,0.6283,137
14,features.9,6,active,-0.097345,4.121231e-07,2.570539e-06,0.9204,0.7257,137
14,features.9,7,active,-0.022124,2.109090e-08,3.942752e-07,0.1460,0.1018,137
14,features.9,8,active,-0.013274,5.851110e-08,1.353340e-06,0.4735,0.4469,137
14,features.9,9,pruned_before,nan,0.000000e+00,0.000000e+00,0.0000,0.0000,0
14,features.9,10,active,0.256637,5.259506e-08,1.117097e-05,0.4292,0.9425,137
14,features.9,11,active,0.320796,9.241337e-09,2.400664e-06,0.0531,0.6947,137
14,features.9,12,active,-0.132743,7.236854e-08,7.948746e-07,0.5487,0.2832,137
14,features.9,13,pruned_before,nan,0.000000e+00,0.000000e+00,0.0000,0.0000,0
14,features.9,14,active,0.174779,6.274959e-08,4.503360e-06,0.5044,0.8540,137
14,features.9,15,active,0.088496,3.540384e-08,1.500767e-06,0.3186,0.4956,137
14,features.9,16,active,0.223451,6.664387e-09,1.433115e-06,0.0221,0.4690,137
14,features.9,17,pruned_before,nan,0.000000e+00,0.000000e+00,0.0000,0.0000,0
14,features.9,18,active,0.121681,1.147161e-07,8.381940e-06,0.6814,0.9248,137
14,features.9,19,pruned_before,nan,0.000000e+00,0.000000e+00,0.0000,0.0000,0
14,features.9,20,pruned_before,nan,0.000000e+00,0.000000e+00,0.0000,0.0000,0
14,features.9,21,active,-0.132743,1.136182e-07,1.298347e-06,0.6770,0.4115,137
14,features.9,22,active,-0.223451,9.817998e-08,6.163158e-07,0.6283,0.1814,137
14,features.9,23,active,0.247788,3.477056e-08,3.407351e-06,0.3142,0.8097,137
14,features.9,24,active,-0.128319,2.283972e-06,2.714453e-06,1.0000,0.7434,137
14,features.9,25,pruned_before,nan,0.000000e+00,0.000000e+00,0.0000,0.0000,0
14,features.9,26,active,0.154867,1.025586e-07,1.144690e-05,0.6372,0.9469,137
14,features.9,27,pruned_before,nan,0.000000e+00,0.000000e+00,0.0000,0.0000,0
14,features.9,28,active,0.267699,3.698845e-08,4.632647e-06,0.3319,0.8673,137
14,features.9,29,pruned_before,nan,0.000000e+00,0.000000e+00,0.0000,0.0000,0
14,features.9,30,active,0.061947,2.202010e-08,8.072086e-07,0.1681,0.2920,137
14,features.9,31,active,-0.196903,9.950702e-07,1.914211e-06,0.9823,0.5885,137
14,features.9,32,active,-0.077434,4.963882e-07,3.173593e-06,0.9469,0.7920,137
14,features.9,33,pruned_before,nan,0.000000e+00,0.000000e+00,0.0000,0.0000,0
14,features.9,34,active,-0.174779,6.299730e-08,5.866247e-07,0.5088,0.1593,137
14,features.9,35,active,0.201327,2.325499e-08,1.981838e-06,0.1991,0.6018,137
14,features.9,36,active,-0.225664,9.458284e-08,5.918135e-07,0.6239,0.1726,137
14,features.9,37,pruned_before,nan,0.000000e+00,0.000000e+00,0.0000,0.0000,0
14,features.9,38,active,-0.230088,6.072017e-08,2.101219e-07,0.4867,0.0265,137
14,features.9,39,active,0.137168,2.145974e-08,1.322837e-06,0.1549,0.4292,137
14,features.9,40,active,-0.048673,2.082283e-07,2.464835e-06,0.8053,0.7080,137
14,features.9,41,pruned_before,nan,0.000000e+00,0.000000e+00,0.0000,0.0000,0
14,features.9,42,active,0.004425,2.974428e-08,7.879563e-07,0.2655,0.2743,137
14,features.9,43,active,-0.088496,9.334224e-08,1.338905e-06,0.6106,0.4336,137
14,features.9,44,active,-0.059735,4.874122e-08,8.765551e-07,0.4159,0.2965,137
14,features.9,45,pruned_before,nan,0.000000e+00,0.000000e+00,0.0000,0.0000,0
14,features.9,46,pruned_before,nan,0.000000e+00,0.000000e+00,0.0000,0.0000,0
14,features.9,47,active,-0.035398,9.133549e-08,1.647810e-06,0.6018,0.5310,137
14,features.9,48,active,0.064159,4.069531e-08,1.475809e-06,0.3496,0.4779,137
14,features.9,49,pruned_before,nan,0.000000e+00,0.000000e+00,0.0000,0.0000,0
14,features.9,50,active,-0.137168,4.067931e-07,2.140309e-06,0.9115,0.6372,137
14,features.9,51,pruned_before,nan,0.000000e+00,0.000000e+00,0.0000,0.0000,0
14,features.9,52,pruned_before,nan,0.000000e+00,0.000000e+00,0.0000,0.0000,0
14,features.9,53,active,-0.161504,6.687824e-08,6.741318e-07,0.5310,0.2080,137
14,features.9,54,active,-0.053097,6.105570e-07,4.450662e-06,0.9558,0.8496,137
14,features.9,55,pruned_before,nan,0.000000e+00,0.000000e+00,0.0000,0.0000,0
14,features.9,56,active,0.356195,2.886330e-08,1.628967e-05,0.2566,0.9690,137
14,features.9,57,active,-0.079646,3.647461e-08,5.916994e-07,0.3274,0.1681,137
14,features.9,58,active,0.192478,1.540780e-08,1.445622e-06,0.0885,0.4735,137
14,features.9,59,pruned_before,nan,0.000000e+00,0.000000e+00,0.0000,0.0000,0
14,features.9,60,active,0.137168,2.835474e-08,1.594258e-06,0.2522,0.5265,137
14,features.9,61,active,-0.161504,1.835425e-07,1.373097e-06,0.7788,0.4558,137
14,features.9,62,pruned_before,nan,0.000000e+00,0.000000e+00,0.0000,0.0000,0
14,features.9,63,active,0.046460,1.780829e-08,7.004860e-07,0.1239,0.2168,137
14,features.9,64,pruned_before,nan,0.000000e+00,0.000000e+00,0.0000,0.0000,0
14,features.9,65,active,-0.128319,4.288857e-08,4.453321e-07,0.3717,0.1150,137
14,features.9,66,pruned_before,nan,0.000000e+00,0.000000e+00,0.0000,0.0000,0
14,features.9,67,pruned_before,nan,0.000000e+00,0.000000e+00,0.0000,0.0000,0
14,features.9,68,pruned_before,nan,0.000000e+00,0.000000e+00,0.0000,0.0000,0
14,features.9,69,active,-0.216814,5.351426e-07,1.588817e-06,0.9513,0.5177,137
14,features.9,70,active,0.061947,1.886575e-08,7.214310e-07,0.1283,0.2522,137
14,features.9,71,active,0.057522,7.056245e-08,2.207312e-06,0.5398,0.6549,137
14,features.9,72,active,0.274336,8.035194e-09,1.852503e-06,0.0310,0.5796,137
14,features.9,73,pruned_before,nan,0.000000e+00,0.000000e+00,0.0000,0.0000,0
14,features.9,74,active,-0.019911,3.048221e-07,4.114894e-06,0.8761,0.8363,137
14,features.9,75,active,-0.201327,6.108137e-08,3.841239e-07,0.4912,0.0885,137
14,features.9,76,active,0.276549,2.353146e-08,2.912844e-06,0.2080,0.7611,137
14,features.9,77,active,0.126106,3.362167e-08,1.759024e-06,0.3009,0.5531,137
14,features.9,78,pruned_before,nan,0.000000e+00,0.000000e+00,0.0000,0.0000,0
14,features.9,79,active,0.161504,2.014598e-08,1.403627e-06,0.1372,0.4602,137
14,features.9,80,active,0.134956,9.252748e-08,4.721686e-06,0.6062,0.8761,137
14,features.9,81,pruned_before,nan,0.000000e+00,0.000000e+00,0.0000,0.0000,0
14,features.9,82,active,0.084071,1.448520e-08,7.122239e-07,0.0752,0.2434,137
14,features.9,83,active,-0.030973,2.369272e-08,5.439452e-07,0.2168,0.1549,137
14,features.9,84,active,0.004425,4.323637e-08,1.153765e-06,0.3761,0.3850,137
14,features.9,85,active,-0.086283,3.358083e-08,4.995155e-07,0.2965,0.1239,137
14,features.9,86,pruned_before,nan,0.000000e+00,0.000000e+00,0.0000,0.0000,0
14,features.9,87,active,-0.015487,4.080480e-07,4.735449e-06,0.9159,0.8850,137
14,features.9,88,active,-0.216814,1.760163e-07,9.368694e-07,0.7699,0.3363,137
14,features.9,89,pruned_before,nan,0.000000e+00,0.000000e+00,0.0000,0.0000,0
14,features.9,90,pruned_before,nan,0.000000e+00,0.000000e+00,0.0000,0.0000,0
14,features.9,91,active,-0.134956,7.614445e-07,2.443010e-06,0.9690,0.6991,137
14,features.9,92,active,0.000000,0.000000e+00,0.000000e+00,0.0000,0.0000,137
14,features.9,93,active,0.024336,3.023669e-07,7.935292e-06,0.8717,0.9204,137
14,features.9,94,pruned_before,nan,0.000000e+00,0.000000e+00,0.0000,0.0000,0
14,features.9,95,active,0.026549,3.009379e-08,9.291005e-07,0.2743,0.3274,137
14,features.9,96,pruned_before,nan,0.000000e+00,0.000000e+00,0.0000,0.0000,0
14,features.9,97,pruned_before,nan,0.000000e+00,0.000000e+00,0.0000,0.0000,0
14,features.9,98,pruned_before,nan,0.000000e+00,0.000000e+00,0.0000,0.0000,0
14,features.9,99,active,-0.245575,1.463522e-07,7.089920e-07,0.7301,0.2389,137
14,features.9,100,pruned_before,nan,0.000000e+00,0.000000e+00,0.0000,0.0000,0
14,features.9,101,active,0.243363,6.224784e-08,2.228813e-05,0.4956,0.9823,137
14,features.9,102,active,0.223451,1.167033e-08,1.562186e-06,0.0664,0.5133,137
14,features.9,103,pruned_before,nan,0.000000e+00,0.000000e+00,0.0000,0.0000,0
14,features.9,104,pruned_before,nan,0.000000e+00,0.000000e+00,0.0000,0.0000,0
14,features.9,105,pruned_before,nan,0.000000e+00,0.000000e+00,0.0000,0.0000,0
14,features.9,106,pruned_before,nan,0.000000e+00,0.000000e+00,0.0000,0.0000,0
14,features.9,107,active,-0.033186,1.472849e-08,1.443682e-07,0.0796,0.0133,137
14,features.9,108,pruned_before,nan,0.000000e+00,0.000000e+00,0.0000,0.0000,0
14,features.9,109,active,-0.097345,1.862709e-07,1.924212e-06,0.7920,0.5973,137
14,features.9,110,active,0.170354,2.561400e-08,1.796191e-06,0.2257,0.5664,137
14,features.9,111,active,0.139381,1.070564e-07,1.082217e-05,0.6593,0.9381,137
14,features.9,112,active,0.092920,2.242904e-08,1.096106e-06,0.1726,0.3584,137
14,features.9,113,active,-0.092920,4.839892e-08,7.011951e-07,0.4115,0.2257,137
14,features.9,114,protected,0.219027,7.504843e-08,4.884895e-05,0.5619,1.0000,137
14,features.9,115,pruned_before,nan,0.000000e+00,0.000000e+00,0.0000,0.0000,0
14,features.9,116,active,-0.219027,9.972396e-08,6.606887e-07,0.6327,0.1947,137
14,features.9,117,active,-0.183628,7.374788e-08,6.216267e-07,0.5531,0.1858,137
14,features.9,118,active,0.342920,3.388617e-08,3.584247e-05,0.3053,0.9912,137
14,features.9,119,active,0.157080,9.413636e-08,9.774781e-06,0.6195,0.9336,137
14,features.9,120,pruned_before,nan,0.000000e+00,0.000000e+00,0.0000,0.0000,0
14,features.9,121,pruned_before,nan,0.000000e+00,0.000000e+00,0.0000,0.0000,0
14,features.9,122,active,0.289823,3.085361e-08,4.584570e-06,0.2788,0.8584,137
14,features.9,123,pruned_before,nan,0.000000e+00,0.000000e+00,0.0000,0.0000,0
14,features.9,124,active,-0.095133,1.923130e-06,3.345684e-06,0.9956,0.8053,137
14,features.9,125,pruned_before,nan,0.000000e+00,0.000000e+00,0.0000,0.0000,0
14,features.9,126,active,0.141593,9.489840e-09,1.031685e-06,0.0575,0.3407,137
14,features.9,127,pruned_before,nan,0.000000e+00,0.000000e+00,0.0000,0.0000,0
14,features.9,128,active,0.146018,2.583062e-08,1.593463e-06,0.2301,0.5221,137
14,features.9,129,active,-0.079646,3.262737e-08,5.302475e-07,0.2920,0.1327,137
14,features.9,130,active,-0.011062,1.064194e-07,2.139521e-06,0.6549,0.6327,137
14,features.9,131,active,0.232301,8.572854e-09,1.528625e-06,0.0398,0.5044,137
14,features.9,132,pruned_before,nan,0.000000e+00,0.000000e+00,0.0000,0.0000,0
14,features.9,133,pruned_before,nan,0.000000e+00,0.000000e+00,0.0000,0.0000,0
14,features.9,134,pruned_before,nan,0.000000e+00,0.000000e+00,0.0000,0.0000,0
14,features.9,135,pruned_before,nan,0.000000e+00,0.000000e+00,0.0000,0.0000,0
14,features.9,136,pruned_before,nan,0.000000e+00,0.000000e+00,0.0000,0.0000,0
14,features.9,137,pruned_before,nan,0.000000e+00,0.000000e+00,0.0000,0.0000,0
14,features.9,138,pruned_before,nan,0.000000e+00,0.000000e+00,0.0000,0.0000,0
14,features.9,139,pruned_before,nan,0.000000e+00,0.000000e+00,0.0000,0.0000,0
14,features.9,140,pruned_before,nan,0.000000e+00,0.000000e+00,0.0000,0.0000,0
14,features.9,141,pruned_before,nan,0.000000e+00,0.000000e+00,0.0000,0.0000,0
14,features.9,142,active,-0.132743,1.326919e-07,1.369418e-06,0.7168,0.4513,137
14,features.9,143,pruned_before,nan,0.000000e+00,0.000000e+00,0.0000,0.0000,0
14,features.9,144,active,0.117257,5.390092e-08,2.340662e-06,0.4469,0.6814,137
14,features.9,145,active,-0.157080,4.874249e-07,2.089128e-06,0.9381,0.6239,137
14,features.9,146,active,-0.077434,1.735581e-07,1.986062e-06,0.7611,0.6062,137
14,features.9,147,pruned_before,nan,0.000000e+00,0.000000e+00,0.0000,0.0000,0
14,features.9,148,active,0.318584,3.852881e-08,1.716884e-05,0.3363,0.9735,137
14,features.9,149,active,-0.148230,9.352219e-08,9.257948e-07,0.6150,0.3186,137
14,features.9,150,pruned_before,nan,0.000000e+00,0.000000e+00,0.0000,0.0000,0
14,features.9,151,active,-0.073009,7.648370e-08,1.318305e-06,0.5708,0.4248,137
14,features.9,152,active,0.143805,2.143914e-08,1.343723e-06,0.1504,0.4381,137
14,features.9,153,pruned_before,nan,0.000000e+00,0.000000e+00,0.0000,0.0000,0
14,features.9,154,active,-0.188053,2.236888e-07,1.351179e-06,0.8186,0.4425,137
14,features.9,155,pruned_now,-0.247788,2.425574e-07,1.067953e-06,0.8407,0.3451,137
14,features.9,156,pruned_before,nan,0.000000e+00,0.000000e+00,0.0000,0.0000,0
14,features.9,157,active,-0.015487,4.805677e-07,5.216637e-06,0.9336,0.9027,137
14,features.9,158,active,0.261062,1.746592e-09,1.655597e-06,0.0133,0.5354,137
14,features.9,159,active,0.008850,1.592540e-08,4.605052e-07,0.1018,0.1195,137
14,features.9,160,active,0.225664,2.163075e-08,2.013052e-06,0.1593,0.6106,137
14,features.9,161,pruned_now,-0.258850,4.212798e-07,1.286430e-06,0.9248,0.4071,137
14,features.9,162,pruned_before,nan,0.000000e+00,0.000000e+00,0.0000,0.0000,0
14,features.9,163,pruned_before,nan,0.000000e+00,0.000000e+00,0.0000,0.0000,0
14,features.9,164,active,0.110619,7.515175e-08,3.088642e-06,0.5664,0.7876,137
14,features.9,165,active,0.119469,7.507736e-09,7.829170e-07,0.0265,0.2655,137
14,features.9,166,active,-0.137168,2.674672e-07,1.805381e-06,0.8496,0.5752,137
14,features.9,167,pruned_before,nan,0.000000e+00,0.000000e+00,0.0000,0.0000,0
14,features.9,168,active,-0.183628,5.309510e-08,3.654613e-07,0.4425,0.0752,137
14,features.9,169,active,0.146018,5.481676e-08,2.726787e-06,0.4558,0.7478,137
14,features.9,170,pruned_before,nan,0.000000e+00,0.000000e+00,0.0000,0.0000,0
14,features.9,171,pruned_before,nan,0.000000e+00,0.000000e+00,0.0000,0.0000,0
14,features.9,172,active,-0.110619,3.156624e-07,2.208341e-06,0.8805,0.6593,137
14,features.9,173,pruned_before,nan,0.000000e+00,0.000000e+00,0.0000,0.0000,0
14,features.9,174,pruned_before,nan,0.000000e+00,0.000000e+00,0.0000,0.0000,0
14,features.9,175,pruned_before,nan,0.000000e+00,0.000000e+00,0.0000,0.0000,0
14,features.9,176,pruned_before,nan,0.000000e+00,0.000000e+00,0.0000,0.0000,0
14,features.9,177,pruned_before,nan,0.000000e+00,0.000000e+00,0.0000,0.0000,0
14,features.9,178,pruned_before,nan,0.000000e+00,0.000000e+00,0.0000,0.0000,0
14,features.9,179,active,0.289823,2.251339e-08,2.907522e-06,0.1770,0.7566,137
14,features.9,180,active,0.280973,2.326090e-08,3.018830e-06,0.2035,0.7655,137
14,features.9,181,pruned_before,nan,0.000000e+00,0.000000e+00,0.0000,0.0000,0
14,features.9,182,pruned_before,nan,0.000000e+00,0.000000e+00,0.0000,0.0000,0
14,features.9,183,pruned_before,nan,0.000000e+00,0.000000e+00,0.0000,0.0000,0
14,features.9,184,active,-0.073009,2.313031e-08,3.090257e-07,0.1947,0.0487,137
14,features.9,185,pruned_before,nan,0.000000e+00,0.000000e+00,0.0000,0.0000,0
14,features.9,186,pruned_before,nan,0.000000e+00,0.000000e+00,0.0000,0.0000,0
14,features.9,187,active,-0.132743,8.643429e-08,9.350661e-07,0.5973,0.3319,137
14,features.9,188,active,-0.110619,5.087951e-08,6.737502e-07,0.4248,0.2035,137
14,features.9,189,active,-0.097345,4.154925e-08,5.907519e-07,0.3584,0.1637,137
14,features.9,190,active,0.057522,2.272611e-08,8.791205e-07,0.1858,0.3009,137
14,features.9,191,active,0.013274,6.365138e-08,1.704063e-06,0.5177,0.5442,137
14,features.9,192,pruned_before,nan,0.000000e+00,0.000000e+00,0.0000,0.0000,0
14,features.9,193,pruned_before,nan,0.000000e+00,0.000000e+00,0.0000,0.0000,0
14,features.9,194,active,-0.117257,3.645829e-07,2.225318e-06,0.8982,0.6637,137
14,features.9,195,active,0.221239,1.675763e-08,1.783385e-06,0.1150,0.5575,137
14,features.9,196,active,-0.061947,4.376763e-08,7.537324e-07,0.3805,0.2566,137
14,features.9,197,active,-0.137168,2.174736e-07,1.681632e-06,0.8142,0.5398,137
14,features.9,198,pruned_before,nan,0.000000e+00,0.000000e+00,0.0000,0.0000,0
14,features.9,199,pruned_before,nan,0.000000e+00,0.000000e+00,0.0000,0.0000,0
14,features.9,200,active,-0.154867,4.496933e-08,3.897755e-07,0.4027,0.0929,137
14,features.9,201,active,0.119469,1.099716e-07,5.974480e-06,0.6681,0.9071,137
14,features.9,202,active,-0.019911,2.908141e-07,3.621099e-06,0.8628,0.8230,137
14,features.9,203,pruned_before,nan,0.000000e+00,0.000000e+00,0.0000,0.0000,0
14,features.9,204,active,-0.077434,2.031911e-07,2.161932e-06,0.8009,0.6460,137
14,features.9,205,active,0.050885,1.432021e-07,3.716869e-06,0.7257,0.8274,137
14,features.9,206,pruned_before,nan,0.000000e+00,0.000000e+00,0.0000,0.0000,0
14,features.9,207,active,0.254425,1.918400e-08,2.150575e-06,0.1327,0.6416,137
14,features.9,208,pruned_before,nan,0.000000e+00,0.000000e+00,0.0000,0.0000,0
14,features.9,209,pruned_before,nan,0.000000e+00,0.000000e+00,0.0000,0.0000,0
14,features.9,210,active,0.039823,1.515415e-07,3.501620e-06,0.7389,0.8186,137
14,features.9,211,pruned_before,nan,0.000000e+00,0.000000e+00,0.0000,0.0000,0
14,features.9,212,pruned_before,nan,0.000000e+00,0.000000e+00,0.0000,0.0000,0
14,features.9,213,pruned_before,nan,0.000000e+00,0.000000e+00,0.0000,0.0000,0
14,features.9,214,active,-0.099558,2.968818e-08,3.624124e-07,0.2611,0.0619,137
14,features.9,215,pruned_before,nan,0.000000e+00,0.000000e+00,0.0000,0.0000,0
14,features.9,216,protected,0.165929,1.079925e-07,4.452800e-05,0.6637,0.9956,137
14,features.9,217,pruned_before,nan,0.000000e+00,0.000000e+00,0.0000,0.0000,0
14,features.9,218,active,0.121681,1.578076e-07,3.559503e-05,0.7434,0.9867,137
14,features.9,219,active,0.305310,3.111424e-08,5.166660e-06,0.2832,0.8938,137
14,features.9,220,active,0.086283,2.257778e-08,1.092914e-06,0.1814,0.3540,137
14,features.9,221,pruned_before,nan,0.000000e+00,0.000000e+00,0.0000,0.0000,0
14,features.9,222,pruned_before,nan,0.000000e+00,0.000000e+00,0.0000,0.0000,0
14,features.9,223,active,-0.216814,5.407352e-08,1.532318e-07,0.4513,0.0177,137
14,features.9,224,active,-0.236726,3.544182e-07,1.307990e-06,0.8938,0.4204,137
14,features.9,225,active,-0.090708,6.451227e-07,3.065671e-06,0.9602,0.7788,137
14,features.9,226,active,-0.154867,4.233709e-08,3.219794e-07,0.3628,0.0531,137
14,features.9,227,pruned_before,nan,0.000000e+00,0.000000e+00,0.0000,0.0000,0
14,features.9,228,active,-0.172566,3.930452e-07,1.788486e-06,0.9071,0.5619,137
14,features.9,229,active,-0.232301,7.191462e-08,3.717878e-07,0.5442,0.0796,137
14,features.9,230,pruned_before,nan,0.000000e+00,0.000000e+00,0.0000,0.0000,0
14,features.9,231,active,-0.088496,8.623566e-07,3.195545e-06,0.9735,0.7965,137
14,features.9,232,pruned_before,nan,0.000000e+00,0.000000e+00,0.0000,0.0000,0
14,features.9,233,active,-0.165929,5.914767e-08,5.412840e-07,0.4779,0.1460,137
14,features.9,234,pruned_before,nan,0.000000e+00,0.000000e+00,0.0000,0.0000,0
14,features.9,235,active,-0.225664,7.397961e-08,4.100143e-07,0.5575,0.1062,137
14,features.9,236,active,-0.234513,1.236122e-07,7.086814e-07,0.7035,0.2345,137
14,features.9,237,active,0.024336,8.080204e-09,3.745244e-07,0.0354,0.0841,137
14,features.9,238,pruned_before,nan,0.000000e+00,0.000000e+00,0.0000,0.0000,0
14,features.9,239,active,-0.245575,3.019410e-07,1.130798e-06,0.8673,0.3761,137
14,features.9,240,pruned_before,nan,0.000000e+00,0.000000e+00,0.0000,0.0000,0
14,features.9,241,active,-0.170354,1.286502e-07,1.104337e-06,0.7080,0.3673,137
14,features.9,242,pruned_before,nan,0.000000e+00,0.000000e+00,0.0000,0.0000,0
14,features.9,243,active,0.101770,1.639143e-07,1.254493e-05,0.7478,0.9513,137
14,features.9,244,active,0.188053,1.624731e-08,1.490725e-06,0.1106,0.4867,137
14,features.9,245,active,-0.172566,8.611367e-08,7.200351e-07,0.5929,0.2478,137
14,features.9,246,active,0.303097,1.511827e-08,2.379913e-06,0.0841,0.6903,137
14,features.9,247,active,-0.121681,1.040846e-07,1.234085e-06,0.6416,0.3982,137
14,features.9,248,active,-0.176991,4.485237e-08,3.050563e-07,0.3982,0.0442,137
14,features.9,249,active,0.137168,3.415137e-08,1.901791e-06,0.3097,0.5841,137
14,features.9,250,pruned_before,nan,0.000000e+00,0.000000e+00,0.0000,0.0000,0
14,features.9,251,active,-0.238938,6.358159e-08,2.738422e-07,0.5133,0.0354,137
14,features.9,252,active,-0.030973,2.281610e-07,3.054360e-06,0.8319,0.7699,137
14,features.9,253,pruned_now,-0.287611,2.769616e-07,7.917376e-07,0.8540,0.2788,137
14,features.9,254,active,0.039823,5.831139e-08,1.719575e-06,0.4690,0.5487,137
14,features.9,255,active,0.002212,4.406008e-08,1.200462e-06,0.3894,0.3938,137
14,features.9,256,pruned_before,nan,0.000000e+00,0.000000e+00,0.0000,0.0000,0
14,features.9,257,pruned_before,nan,0.000000e+00,0.000000e+00,0.0000,0.0000,0
14,features.9,258,active,-0.035398,5.272233e-08,1.101583e-06,0.4336,0.3628,137
14,features.9,259,active,-0.152655,1.306350e-06,2.373769e-06,0.9912,0.6858,137
14,features.9,260,active,0.185841,1.721991e-08,1.495406e-06,0.1195,0.4912,137
14,features.9,261,active,0.002212,2.003787e-07,3.205293e-06,0.7965,0.8009,137
14,features.9,262,active,0.148230,4.125408e-08,2.196958e-06,0.3540,0.6504,137
14,features.9,263,pruned_before,nan,0.000000e+00,0.000000e+00,0.0000,0.0000,0
14,features.9,264,active,0.194690,3.149988e-08,2.303131e-06,0.2876,0.6770,137
14,features.9,265,active,0.214602,6.033611e-08,6.220816e-06,0.4823,0.9115,137
14,features.9,266,active,0.000000,0.000000e+00,0.000000e+00,0.0044,0.0044,137
14,features.9,267,active,-0.048673,4.734904e-07,3.778784e-06,0.9292,0.8319,137
14,features.9,268,pruned_before,nan,0.000000e+00,0.000000e+00,0.0000,0.0000,0
14,features.9,269,pruned_before,nan,0.000000e+00,0.000000e+00,0.0000,0.0000,0
14,features.9,270,pruned_before,nan,0.000000e+00,0.000000e+00,0.0000,0.0000,0
14,features.9,271,pruned_before,nan,0.000000e+00,0.000000e+00,0.0000,0.0000,0
14,features.9,272,active,0.254425,1.597859e-08,2.030294e-06,0.1062,0.6150,137
14,features.9,273,active,0.110619,1.652513e-07,1.824546e-05,0.7566,0.9779,137
14,features.9,274,pruned_before,nan,0.000000e+00,0.000000e+00,0.0000,0.0000,0
14,features.9,275,pruned_before,nan,0.000000e+00,0.000000e+00,0.0000,0.0000,0
14,features.9,276,pruned_before,nan,0.000000e+00,0.000000e+00,0.0000,0.0000,0
14,features.9,277,active,0.064159,7.960171e-08,2.446365e-06,0.5752,0.7035,137
14,features.9,278,pruned_before,nan,0.000000e+00,0.000000e+00,0.0000,0.0000,0
14,features.9,279,active,-0.134956,8.152341e-08,9.198356e-07,0.5796,0.3097,137
14,features.9,280,pruned_before,nan,0.000000e+00,0.000000e+00,0.0000,0.0000,0
14,features.9,281,active,0.263274,2.826570e-08,3.056680e-06,0.2478,0.7743,137
14,features.9,282,active,-0.225664,1.390453e-07,7.831317e-07,0.7212,0.2699,137
14,features.9,283,active,0.148230,1.567417e-08,1.158585e-06,0.0929,0.3894,137
14,features.9,284,pruned_before,nan,0.000000e+00,0.000000e+00,0.0000,0.0000,0
14,features.9,285,pruned_before,nan,0.000000e+00,0.000000e+00,0.0000,0.0000,0
14,features.9,286,active,0.373894,2.071957e-08,4.881700e-06,0.1416,0.8894,137
14,features.9,287,pruned_now,-0.265487,8.563594e-08,3.434166e-07,0.5885,0.0575,137
14,features.9,288,active,0.030973,3.663246e-07,1.511651e-05,0.9027,0.9646,137
14,features.9,289,active,0.192478,5.249931e-09,1.261876e-06,0.0177,0.4027,137
14,features.9,290,active,-0.090708,1.167430e-07,1.528836e-06,0.6903,0.5088,137
14,features.9,291,pruned_before,nan,0.000000e+00,0.000000e+00,0.0000,0.0000,0
14,features.9,292,pruned_before,nan,0.000000e+00,0.000000e+00,0.0000,0.0000,0
14,features.9,293,pruned_before,nan,0.000000e+00,0.000000e+00,0.0000,0.0000,0
14,features.9,294,pruned_before,nan,0.000000e+00,0.000000e+00,0.0000,0.0000,0
14,features.9,295,active,-0.026549,1.743506e-07,2.522364e-06,0.7655,0.7124,137
14,features.9,296,active,0.006637,3.192128e-07,5.190410e-06,0.8850,0.8982,137
14,features.9,297,pruned_before,nan,0.000000e+00,0.000000e+00,0.0000,0.0000,0
14,features.9,298,pruned_before,nan,0.000000e+00,0.000000e+00,0.0000,0.0000,0
14,features.9,299,active,-0.002212,8.868369e-09,3.031748e-07,0.0442,0.0398,137
14,features.9,300,active,-0.061947,4.386506e-08,7.592988e-07,0.3850,0.2611,137
14,features.9,301,pruned_now,-0.261062,1.056676e-07,5.203863e-07,0.6504,0.1283,137
14,features.9,302,pruned_now,-0.300885,1.306958e-07,4.421600e-07,0.7124,0.1106,137
14,features.9,303,active,0.139381,8.329606e-08,4.610010e-06,0.5841,0.8628,137
14,features.9,304,pruned_before,nan,0.000000e+00,0.000000e+00,0.0000,0.0000,0
14,features.9,305,pruned_before,nan,0.000000e+00,0.000000e+00,0.0000,0.0000,0
14,features.9,306,pruned_before,nan,0.000000e+00,0.000000e+00,0.0000,0.0000,0
14,features.9,307,pruned_before,nan,0.000000e+00,0.000000e+00,0.0000,0.0000,0
14,features.9,308,active,0.139381,5.309099e-08,2.528016e-06,0.4381,0.7168,137
14,features.9,309,active,-0.201327,1.839903e-07,1.139077e-06,0.7832,0.3805,137
14,features.9,310,pruned_before,nan,0.000000e+00,0.000000e+00,0.0000,0.0000,0
14,features.9,311,active,0.241150,2.978636e-08,2.812507e-06,0.2699,0.7522,137
14,features.9,312,active,0.170354,4.425451e-08,2.651781e-06,0.3938,0.7345,137
14,features.9,313,pruned_before,nan,0.000000e+00,0.000000e+00,0.0000,0.0000,0
14,features.9,314,active,0.079646,1.312787e-08,7.057351e-07,0.0708,0.2301,137
14,features.9,315,active,0.084071,1.118310e-07,4.353949e-06,0.6726,0.8407,137
14,features.9,316,active,0.000000,0.000000e+00,0.000000e+00,0.0088,0.0088,137
14,features.9,317,active,-0.077434,2.260810e-07,2.253851e-06,0.8230,0.6681,137
14,features.9,318,pruned_before,nan,0.000000e+00,0.000000e+00,0.0000,0.0000,0
14,features.9,319,active,-0.119469,6.646630e-08,7.967354e-07,0.5265,0.2876,137
14,features.9,320,active,-0.019912,2.273887e-08,5.421666e-07,0.1903,0.1504,137
14,features.9,321,pruned_before,nan,0.000000e+00,0.000000e+00,0.0000,0.0000,0
14,features.9,322,active,-0.024336,5.735198e-08,1.299202e-06,0.4646,0.4159,137
14,features.9,323,active,-0.115044,4.233808e-08,5.306741e-07,0.3673,0.1372,137
14,features.9,324,pruned_before,nan,0.000000e+00,0.000000e+00,0.0000,0.0000,0
14,features.9,325,pruned_before,nan,0.000000e+00,0.000000e+00,0.0000,0.0000,0
14,features.9,326,active,-0.006637,1.639492e-07,2.714438e-06,0.7522,0.7389,137
14,features.9,327,active,0.254425,4.541669e-08,6.444781e-06,0.4071,0.9159,137
14,features.9,328,pruned_before,nan,0.000000e+00,0.000000e+00,0.0000,0.0000,0
14,features.9,329,pruned_before,nan,0.000000e+00,0.000000e+00,0.0000,0.0000,0
14,features.9,330,active,-0.068584,2.115443e-07,2.258465e-06,0.8097,0.6726,137
14,features.9,331,active,-0.046460,2.170830e-08,3.653916e-07,0.1637,0.0708,137
14,features.9,332,pruned_now,-0.309735,4.935928e-07,9.269875e-07,0.9425,0.3230,137
14,features.9,333,active,-0.033186,1.579350e-08,2.561224e-07,0.0973,0.0310,137
14,features.9,334,active,0.190265,3.898782e-08,2.530382e-06,0.3407,0.7212,137
14,features.9,335,active,-0.201327,1.772225e-07,1.111553e-06,0.7743,0.3717,137
14,features.9,336,active,0.057522,2.506309e-07,1.367830e-05,0.8451,0.9602,137
14,features.9,337,pruned_before,nan,0.000000e+00,0.000000e+00,0.0000,0.0000,0
14,features.9,338,active,0.115044,1.222379e-07,9.261180e-06,0.6991,0.9292,137
14,features.9,339,pruned_before,nan,0.000000e+00,0.000000e+00,0.0000,0.0000,0
14,features.9,340,pruned_before,nan,0.000000e+00,0.000000e+00,0.0000,0.0000,0
14,features.9,341,pruned_before,nan,0.000000e+00,0.000000e+00,0.0000,0.0000,0
14,features.9,342,active,0.000000,2.541309e-08,7.004937e-07,0.2212,0.2212,137
14,features.9,343,active,-0.196903,6.899709e-08,5.381971e-07,0.5354,0.1416,137
14,features.9,344,active,0.446903,1.166771e-08,1.347886e-05,0.0619,0.9558,137
14,features.9,345,pruned_before,nan,0.000000e+00,0.000000e+00,0.0000,0.0000,0
14,features.9,346,pruned_before,nan,0.000000e+00,0.000000e+00,0.0000,0.0000,0
14,features.9,347,pruned_before,nan,0.000000e+00,0.000000e+00,0.0000,0.0000,0
14,features.9,348,active,-0.241150,1.851365e-07,9.008830e-07,0.7876,0.3053,137
14,features.9,349,pruned_before,nan,0.000000e+00,0.000000e+00,0.0000,0.0000,0
14,features.9,350,pruned_before,nan,0.000000e+00,0.000000e+00,0.0000,0.0000,0
14,features.9,351,active,-0.013274,8.971992e-09,1.808866e-07,0.0487,0.0221,137
14,features.9,352,pruned_before,nan,0.000000e+00,0.000000e+00,0.0000,0.0000,0
14,features.9,353,active,0.230088,4.980617e-08,4.724357e-06,0.4204,0.8805,137
14,features.9,354,pruned_before,nan,0.000000e+00,0.000000e+00,0.0000,0.0000,0
14,features.9,355,active,-0.148230,3.432493e-07,1.915471e-06,0.8894,0.5929,137
14,features.9,356,active,0.121681,2.627084e-08,1.481142e-06,0.2389,0.4823,137
14,features.9,357,active,0.044248,1.196423e-07,3.071253e-06,0.6947,0.7832,137
14,features.9,358,pruned_before,nan,0.000000e+00,0.000000e+00,0.0000,0.0000,0
14,features.9,359,pruned_before,nan,0.000000e+00,0.000000e+00,0.0000,0.0000,0
14,features.9,360,active,-0.075221,6.240258e-08,1.072996e-06,0.5000,0.3496,137
14,features.9,361,pruned_now,-0.272124,1.471867e-07,6.315895e-07,0.7345,0.1903,137
14,features.9,362,active,-0.203540,9.821589e-07,1.804543e-06,0.9779,0.5708,137
14,features.9,363,pruned_before,nan,0.000000e+00,0.000000e+00,0.0000,0.0000,0
14,features.9,364,pruned_before,nan,0.000000e+00,0.000000e+00,0.0000,0.0000,0
14,features.9,365,active,-0.006637,2.903818e-07,4.429583e-06,0.8584,0.8451,137
14,features.9,366,active,-0.123894,5.548068e-08,6.953998e-07,0.4602,0.2124,137
14,features.9,367,active,-0.185841,2.357933e-07,1.422070e-06,0.8363,0.4646,137
14,features.9,368,pruned_before,nan,0.000000e+00,0.000000e+00,0.0000,0.0000,0
14,features.9,369,active,0.289823,2.599321e-08,3.466894e-06,0.2345,0.8142,137
14,features.9,370,pruned_before,nan,0.000000e+00,0.000000e+00,0.0000,0.0000,0
14,features.9,371,pruned_before,nan,0.000000e+00,0.000000e+00,0.0000,0.0000,0
14,features.9,372,pruned_before,nan,0.000000e+00,0.000000e+00,0.0000,0.0000,0
14,features.9,373,pruned_before,nan,0.000000e+00,0.000000e+00,0.0000,0.0000,0
14,features.9,374,pruned_before,nan,0.000000e+00,0.000000e+00,0.0000,0.0000,0
14,features.9,375,pruned_now,-0.274336,1.056178e-07,3.935552e-07,0.6460,0.0973,137
14,features.9,376,active,0.050885,2.367139e-08,9.217177e-07,0.2124,0.3142,137
14,features.9,377,active,0.192478,4.050787e-08,2.575896e-06,0.3451,0.7301,137
14,features.9,378,active,0.092920,1.152691e-07,4.660667e-06,0.6858,0.8717,137
14,features.9,379,pruned_before,nan,0.000000e+00,0.000000e+00,0.0000,0.0000,0
14,features.9,380,pruned_before,nan,0.000000e+00,0.000000e+00,0.0000,0.0000,0
14,features.9,381,pruned_before,nan,0.000000e+00,0.000000e+00,0.0000,0.0000,0
14,features.9,382,pruned_before,nan,0.000000e+00,0.000000e+00,0.0000,0.0000,0
14,features.9,383,pruned_now,-0.314159,2.262365e-07,6.725134e-07,0.8274,0.1991,137
14,features.10,0,active,0.002232,0.000000e+00,0.000000e+00,0.0000,0.0045,137
14,features.10,1,active,-0.055804,1.740779e-07,1.313854e-06,0.7723,0.6607,137
14,features.10,2,pruned_before,nan,0.000000e+00,0.000000e+00,0.0000,0.0000,0
14,features.10,3,pruned_before,nan,0.000000e+00,0.000000e+00,0.0000,0.0000,0
14,features.10,4,active,0.283482,1.710965e-08,1.358716e-06,0.1116,0.6786,137
14,features.10,5,active,0.267857,1.901184e-08,1.357662e-06,0.1384,0.6741,137
14,features.10,6,pruned_before,nan,0.000000e+00,0.000000e+00,0.0000,0.0000,0
14,features.10,7,pruned_before,nan,0.000000e+00,0.000000e+00,0.0000,0.0000,0
14,features.10,8,active,0.203125,4.706525e-08,1.607144e-06,0.3259,0.7321,137
14,features.10,9,active,-0.100446,8.717777e-08,6.649649e-07,0.5625,0.3616,137
14,features.10,10,pruned_before,nan,0.000000e+00,0.000000e+00,0.0000,0.0000,0
14,features.10,11,active,0.062500,1.083891e-07,1.879847e-06,0.6473,0.7723,137
14,features.10,12,active,-0.127232,6.252048e-08,5.008773e-07,0.4420,0.1875,137
14,features.10,13,pruned_before,nan,0.000000e+00,0.000000e+00,0.0000,0.0000,0
14,features.10,14,pruned_before,nan,0.000000e+00,0.000000e+00,0.0000,0.0000,0
14,features.10,15,active,0.133929,7.057248e-08,1.645556e-06,0.4777,0.7455,137
14,features.10,16,active,-0.180804,6.051764e-08,2.627359e-07,0.4330,0.0714,137
14,features.10,17,active,-0.229911,1.786038e-07,6.356566e-07,0.7813,0.3214,137
14,features.10,18,active,0.178571,3.201812e-08,1.155494e-06,0.2411,0.5982,137
14,features.10,19,active,0.087054,1.557521e-08,5.858125e-07,0.0982,0.2723,137
14,features.10,20,active,0.000000,1.774435e-07,1.915027e-06,0.7768,0.7768,137
14,features.10,21,active,-0.100446,5.306535e-08,4.840962e-07,0.3750,0.1741,137
14,features.10,22,pruned_before,nan,0.000000e+00,0.000000e+00,0.0000,0.0000,0
14,features.10,23,pruned_before,nan,0.000000e+00,0.000000e+00,0.0000,0.0000,0
14,features.10,24,active,0.169643,5.763799e-08,1.706665e-06,0.4152,0.7545,137
14,features.10,25,pruned_before,nan,0.000000e+00,0.000000e+00,0.0000,0.0000,0
14,features.10,26,pruned_before,nan,0.000000e+00,0.000000e+00,0.0000,0.0000,0
14,features.10,27,pruned_now,-0.250000,1.109280e-06,9.390349e-07,0.9911,0.4911,137
14,features.10,28,active,-0.071429,1.354428e-07,1.093106e-06,0.7098,0.5670,137
14,features.10,29,pruned_before,nan,0.000000e+00,0.000000e+00,0.0000,0.0000,0
14,features.10,30,active,-0.154018,8.221057e-07,1.317794e-06,0.9732,0.6652,137
14,features.10,31,active,0.100446,6.012348e-08,1.188466e-06,0.4286,0.6295,137
14,features.10,32,active,-0.075893,5.307891e-08,5.329697e-07,0.3795,0.2277,137
14,features.10,33,pruned_before,nan,0.000000e+00,0.000000e+00,0.0000,0.0000,0
14,features.10,34,pruned_before,nan,0.000000e+00,0.000000e+00,0.0000,0.0000,0
14,features.10,35,pruned_before,nan,0.000000e+00,0.000000e+00,0.0000,0.0000,0
14,features.10,36,pruned_before,nan,0.000000e+00,0.000000e+00,0.0000,0.0000,0
14,features.10,37,pruned_before,nan,0.000000e+00,0.000000e+00,0.0000,0.0000,0
14,features.10,38,active,0.203125,2.625422e-09,8.568599e-07,0.0268,0.4330,137
14,features.10,39,pruned_before,nan,0.000000e+00,0.000000e+00,0.0000,0.0000,0
14,features.10,40,pruned_before,nan,0.000000e+00,0.000000e+00,0.0000,0.0000,0
14,features.10,41,active,-0.017857,8.717681e-08,9.888321e-07,0.5580,0.5223,137
14,features.10,42,active,0.020089,6.790490e-08,9.677420e-07,0.4643,0.5045,137
14,features.10,43,active,-0.207589,2.613524e-07,9.106451e-07,0.8839,0.4688,137
14,features.10,44,pruned_before,nan,0.000000e+00,0.000000e+00,0.0000,0.0000,0
14,features.10,45,pruned_before,nan,0.000000e+00,0.000000e+00,0.0000,0.0000,0
14,features.10,46,active,-0.040179,3.547308e-07,2.455161e-06,0.9241,0.8438,137
14,features.10,47,active,0.118304,7.184852e-08,1.590363e-06,0.4866,0.7232,137
14,features.10,48,pruned_before,nan,0.000000e+00,0.000000e+00,0.0000,0.0000,0
14,features.10,49,active,-0.062500,3.426692e-08,3.800858e-07,0.2545,0.1295,137
14,features.10,50,active,-0.156250,6.135548e-08,3.751739e-07,0.4375,0.1250,137
14,features.10,51,pruned_before,nan,0.000000e+00,0.000000e+00,0.0000,0.0000,0
14,features.10,52,active,-0.241071,2.228656e-07,6.565080e-07,0.8348,0.3527,137
14,features.10,53,pruned_before,nan,0.000000e+00,0.000000e+00,0.0000,0.0000,0
14,features.10,54,pruned_before,nan,0.000000e+00,0.000000e+00,0.0000,0.0000,0
14,features.10,55,pruned_before,nan,0.000000e+00,0.000000e+00,0.0000,0.0000,0
14,features.10,56,pruned_before,nan,0.000000e+00,0.000000e+00,0.0000,0.0000,0
14,features.10,57,pruned_before,nan,0.000000e+00,0.000000e+00,0.0000,0.0000,0
14,features.10,58,pruned_before,nan,0.000000e+00,0.000000e+00,0.0000,0.0000,0
14,features.10,59,pruned_before,nan,0.000000e+00,0.000000e+00,0.0000,0.0000,0
14,features.10,60,active,0.308036,3.900976e-08,3.387909e-06,0.2902,0.9063,137
14,features.10,61,active,-0.207589,5.606535e-07,1.023729e-06,0.9598,0.5446,137
14,features.10,62,active,0.321429,3.985713e-08,5.512547e-06,0.2946,0.9375,137
14,features.10,63,pruned_now,-0.250000,2.609709e-07,7.046571e-07,0.8795,0.3795,137
14,features.10,64,pruned_before,nan,0.000000e+00,0.000000e+00,0.0000,0.0000,0
14,features.10,65,active,0.055804,2.919960e-08,6.333473e-07,0.2054,0.3170,137
14,features.10,66,active,0.287946,3.559085e-08,2.693799e-06,0.2768,0.8527,137
14,features.10,67,pruned_before,nan,0.000000e+00,0.000000e+00,0.0000,0.0000,0
14,features.10,68,active,-0.178571,1.217866e-07,6.361415e-07,0.6830,0.3259,137
14,features.10,69,active,-0.176339,5.375995e-07,1.160245e-06,0.9554,0.6027,137
14,features.10,70,active,-0.042411,5.022008e-07,2.731987e-06,0.9464,0.8616,137
14,features.10,71,pruned_before,nan,0.000000e+00,0.000000e+00,0.0000,0.0000,0
14,features.10,72,active,0.020089,1.280460e-07,1.623015e-06,0.6964,0.7366,137
14,features.10,73,pruned_before,nan,0.000000e+00,0.000000e+00,0.0000,0.0000,0
14,features.10,74,active,-0.118304,7.576323e-08,5.778942e-07,0.5000,0.2634,137
14,features.10,75,active,0.095982,2.746108e-08,7.105332e-07,0.1964,0.3884,137
14,features.10,76,pruned_before,nan,0.000000e+00,0.000000e+00,0.0000,0.0000,0
14,features.10,77,pruned_before,nan,0.000000e+00,0.000000e+00,0.0000,0.0000,0
14,features.10,78,pruned_before,nan,0.000000e+00,0.000000e+00,0.0000,0.0000,0
14,features.10,79,pruned_before,nan,0.000000e+00,0.000000e+00,0.0000,0.0000,0
14,features.10,80,active,-0.004464,1.386296e-07,1.575683e-06,0.7188,0.7098,137
14,features.10,81,pruned_before,nan,0.000000e+00,0.000000e+00,0.0000,0.0000,0
14,features.10,82,pruned_before,nan,0.000000e+00,0.000000e+00,0.0000,0.0000,0
14,features.10,83,active,-0.002232,2.362269e-07,2.721678e-06,0.8616,0.8571,137
14,features.10,84,active,-0.169643,1.800792e-07,8.783694e-07,0.7857,0.4464,137
14,features.10,85,active,0.174107,2.234015e-08,9.591080e-07,0.1518,0.5000,137
14,features.10,86,pruned_before,nan,0.000000e+00,0.000000e+00,0.0000,0.0000,0
14,features.10,87,protected,0.131696,1.490792e-07,2.529304e-05,0.7321,0.9955,137
14,features.10,88,active,-0.069196,5.279452e-08,5.331461e-07,0.3705,0.2321,137
14,features.10,89,active,-0.149554,3.528137e-07,1.179509e-06,0.9196,0.6205,137
14,features.10,90,active,0.073661,1.027742e-08,5.230352e-07,0.0625,0.2098,137
14,features.10,91,active,0.468750,6.862167e-09,1.339732e-05,0.0402,0.9777,137
14,features.10,92,pruned_before,nan,0.000000e+00,0.000000e+00,0.0000,0.0000,0
14,features.10,93,active,0.149554,1.132908e-07,1.024822e-05,0.6607,0.9598,137
14,features.10,94,active,-0.178571,6.508373e-08,3.411289e-07,0.4509,0.0938,137
14,features.10,95,active,-0.169643,7.024664e-08,3.827630e-07,0.4732,0.1339,137
14,features.10,96,pruned_before,nan,0.000000e+00,0.000000e+00,0.0000,0.0000,0
14,features.10,97,active,-0.111607,4.407234e-08,3.372681e-07,0.3125,0.0893,137
14,features.10,98,active,0.044643,1.016255e-07,1.579592e-06,0.6295,0.7188,137
14,features.10,99,pruned_before,nan,0.000000e+00,0.000000e+00,0.0000,0.0000,0
14,features.10,100,active,-0.189732,1.581267e-07,6.966839e-07,0.7545,0.3750,137
14,features.10,101,active,0.071429,1.498012e-07,2.896366e-06,0.7366,0.8795,137
14,features.10,102,active,-0.033482,1.837494e-08,2.148573e-07,0.1205,0.0536,137
14,features.10,103,active,-0.071429,8.427411e-08,7.493365e-07,0.5446,0.4018,137
14,features.10,104,pruned_before,nan,0.000000e+00,0.000000e+00,0.0000,0.0000,0
14,features.10,105,pruned_before,nan,0.000000e+00,0.000000e+00,0.0000,0.0000,0
14,features.10,106,pruned_before,nan,0.000000e+00,0.000000e+00,0.0000,0.0000,0
14,features.10,107,active,0.091518,1.041374e-08,5.687194e-07,0.0670,0.2500,137
14,features.10,108,active,-0.111607,7.784028e-08,5.997857e-07,0.5089,0.2857,137
14,features.10,109,active,0.136161,2.262716e-08,8.456652e-07,0.1562,0.4286,137
14,features.10,110,active,-0.075893,1.569436e-07,1.150566e-06,0.7455,0.5938,137
14,features.10,111,pruned_before,nan,0.000000e+00,0.000000e+00,0.0000,0.0000,0
14,features.10,112,active,-0.066964,1.608312e-07,1.183437e-06,0.7589,0.6250,137
14,features.10,113,active,0.191964,5.771223e-08,2.121973e-06,0.4196,0.8036,137
14,features.10,114,pruned_before,nan,0.000000e+00,0.000000e+00,0.0000,0.0000,0
14,features.10,115,active,0.008929,2.340029e-08,4.899574e-07,0.1652,0.1830,137
14,features.10,116,active,-0.100446,9.297012e-08,7.057728e-07,0.5848,0.3839,137
14,features.10,117,pruned_before,nan,0.000000e+00,0.000000e+00,0.0000,0.0000,0
14,features.10,118,pruned_before,nan,0.000000e+00,0.000000e+00,0.0000,0.0000,0
14,features.10,119,active,0.109375,9.977273e-08,2.408323e-06,0.6205,0.8393,137
14,features.10,120,pruned_before,nan,0.000000e+00,0.000000e+00,0.0000,0.0000,0
14,features.10,121,active,-0.058036,3.316190e-06,2.905697e-06,1.0000,0.8839,137
14,features.10,122,pruned_before,nan,0.000000e+00,0.000000e+00,0.0000,0.0000,0
14,features.10,123,active,-0.082589,7.463728e-08,6.371749e-07,0.4955,0.3304,137
14,features.10,124,active,0.149554,1.686830e-08,7.639232e-07,0.1071,0.4063,137
14,features.10,125,active,0.022321,2.794339e-07,6.326555e-06,0.8973,0.9420,137
14,features.10,126,active,-0.109375,1.204930e-07,8.969025e-07,0.6786,0.4598,137
14,features.10,127,active,0.087054,6.582609e-10,5.150010e-07,0.0223,0.1964,137
14,features.10,128,active,-0.015625,5.435088e-08,6.581490e-07,0.3884,0.3571,137
14,features.10,129,active,-0.008929,4.659188e-07,3.778844e-06,0.9375,0.9196,137
14,features.10,130,active,-0.055804,9.188118e-08,9.068162e-07,0.5759,0.4643,137
14,features.10,131,pruned_before,nan,0.000000e+00,0.000000e+00,0.0000,0.0000,0
14,features.10,132,pruned_now,-0.296875,1.005832e-07,1.171863e-07,0.6250,0.0312,137
14,features.10,133,pruned_before,nan,0.000000e+00,0.000000e+00,0.0000,0.0000,0
14,features.10,134,active,-0.026786,1.888297e-07,1.634764e-06,0.7946,0.7411,137
14,features.10,135,pruned_before,nan,0.000000e+00,0.000000e+00,0.0000,0.0000,0
14,features.10,136,pruned_before,nan,0.000000e+00,0.000000e+00,0.0000,0.0000,0
14,features.10,137,active,0.120536,8.593285e-08,2.014122e-06,0.5536,0.7946,137
14,features.10,138,active,0.236607,6.511387e-09,9.749134e-07,0.0357,0.5089,137
14,features.10,139,active,0.160714,9.072614e-08,3.079633e-06,0.5714,0.8929,137
14,features.10,140,pruned_before,nan,0.000000e+00,0.000000e+00,0.0000,0.0000,0
14,features.10,141,pruned_before,nan,0.000000e+00,0.000000e+00,0.0000,0.0000,0
14,features.10,142,active,0.031250,2.649215e-08,5.645430e-07,0.1830,0.2455,137
14,features.10,143,pruned_before,nan,0.000000e+00,0.000000e+00,0.0000,0.0000,0
14,features.10,144,pruned_before,nan,0.000000e+00,0.000000e+00,0.0000,0.0000,0
14,features.10,145,pruned_before,nan,0.000000e+00,0.000000e+00,0.0000,0.0000,0
14,features.10,146,pruned_before,nan,0.000000e+00,0.000000e+00,0.0000,0.0000,0
14,features.10,147,active,-0.046875,1.973197e-06,3.357580e-06,0.9955,0.9018,137
14,features.10,148,active,-0.024554,1.339731e-07,1.277319e-06,0.7009,0.6518,137
14,features.10,149,active,0.006696,0.000000e+00,8.828346e-14,0.0045,0.0179,137
14,features.10,150,active,0.055804,8.417190e-09,4.665771e-07,0.0491,0.1607,137
14,features.10,151,active,-0.022321,2.025220e-07,1.784931e-06,0.8080,0.7634,137
14,features.10,152,pruned_before,nan,0.000000e+00,0.000000e+00,0.0000,0.0000,0
14,features.10,153,pruned_before,nan,0.000000e+00,0.000000e+00,0.0000,0.0000,0
14,features.10,154,active,0.363839,9.441359e-09,1.920568e-06,0.0536,0.7813,137
14,features.10,155,active,-0.158482,9.865164e-07,1.318477e-06,0.9866,0.6696,137
14,features.10,156,active,0.000000,0.000000e+00,0.000000e+00,0.0089,0.0089,137
14,features.10,157,active,-0.171875,2.952638e-07,1.083767e-06,0.9063,0.5625,137
14,features.10,158,active,0.020089,1.719983e-08,4.383779e-07,0.1161,0.1562,137
14,features.10,159,active,-0.191964,2.336059e-07,9.165123e-07,0.8571,0.4732,137
14,features.10,160,pruned_before,nan,0.000000e+00,0.000000e+00,0.0000,0.0000,0
14,features.10,161,pruned_before,nan,0.000000e+00,0.000000e+00,0.0000,0.0000,0
14,features.10,162,active,0.189732,4.239048e-08,1.368989e-06,0.3036,0.6830,137
14,features.10,163,pruned_before,nan,0.000000e+00,0.000000e+00,0.0000,0.0000,0
14,features.10,164,pruned_before,nan,0.000000e+00,0.000000e+00,0.0000,0.0000,0
14,features.10,165,pruned_before,nan,0.000000e+00,0.000000e+00,0.0000,0.0000,0
14,features.10,166,active,0.109375,4.829785e-08,1.069945e-06,0.3393,0.5580,137
14,features.10,167,pruned_before,nan,0.000000e+00,0.000000e+00,0.0000,0.0000,0
14,features.10,168,active,-0.046875,4.771938e-08,5.472712e-07,0.3304,0.2366,137
14,features.10,169,active,-0.022321,2.446191e-07,2.315089e-06,0.8661,0.8214,137
14,features.10,170,pruned_now,-0.290179,1.911315e-07,5.250536e-07,0.7991,0.2188,137
14,features.10,171,pruned_before,nan,0.000000e+00,0.000000e+00,0.0000,0.0000,0
14,features.10,172,pruned_before,nan,0.000000e+00,0.000000e+00,0.0000,0.0000,0
14,features.10,173,pruned_before,nan,0.000000e+00,0.000000e+00,0.0000,0.0000,0
14,features.10,174,pruned_before,nan,0.000000e+00,0.000000e+00,0.0000,0.0000,0
14,features.10,175,active,-0.167411,1.073476e-07,6.116080e-07,0.6384,0.3036,137
14,features.10,176,active,0.174107,1.467799e-08,8.678932e-07,0.0893,0.4375,137
14,features.10,177,active,0.131696,1.353320e-07,1.234225e-05,0.7054,0.9688,137
14,features.10,178,pruned_before,nan,0.000000e+00,0.000000e+00,0.0000,0.0000,0
14,features.10,179,pruned_before,nan,0.000000e+00,0.000000e+00,0.0000,0.0000,0
14,features.10,180,pruned_before,nan,0.000000e+00,0.000000e+00,0.0000,0.0000,0
14,features.10,181,active,-0.066964,2.846984e-08,2.514720e-07,0.2009,0.0670,137
14,features.10,182,active,-0.002232,0.000000e+00,0.000000e+00,0.0179,0.0134,137
14,features.10,183,pruned_before,nan,0.000000e+00,0.000000e+00,0.0000,0.0000,0
14,features.10,184,active,0.053571,9.429142e-08,1.437626e-06,0.5893,0.6964,137
14,features.10,185,pruned_before,nan,0.000000e+00,0.000000e+00,0.0000,0.0000,0
14,features.10,186,pruned_before,nan,0.000000e+00,0.000000e+00,0.0000,0.0000,0
14,features.10,187,pruned_before,nan,0.000000e+00,0.000000e+00,0.0000,0.0000,0
14,features.10,188,pruned_before,nan,0.000000e+00,0.000000e+00,0.0000,0.0000,0
14,features.10,189,pruned_before,nan,0.000000e+00,0.000000e+00,0.0000,0.0000,0
14,features.10,190,pruned_before,nan,0.000000e+00,0.000000e+00,0.0000,0.0000,0
14,features.10,191,pruned_before,nan,0.000000e+00,0.000000e+00,0.0000,0.0000,0
14,features.10,192,pruned_before,nan,0.000000e+00,0.000000e+00,0.0000,0.0000,0
14,features.10,193,active,0.053571,3.452003e-08,6.739277e-07,0.2634,0.3705,137
14,features.10,194,pruned_before,nan,0.000000e+00,0.000000e+00,0.0000,0.0000,0
14,features.10,195,pruned_before,nan,0.000000e+00,0.000000e+00,0.0000,0.0000,0
14,features.10,196,pruned_before,nan,0.000000e+00,0.000000e+00,0.0000,0.0000,0
14,features.10,197,pruned_before,nan,0.000000e+00,0.000000e+00,0.0000,0.0000,0
14,features.10,198,active,-0.071429,3.313248e-08,3.571341e-07,0.2500,0.1071,137
14,features.10,199,pruned_before,nan,0.000000e+00,0.000000e+00,0.0000,0.0000,0
14,features.10,200,active,0.276786,2.923699e-09,1.143962e-06,0.0312,0.5848,137
14,features.10,201,active,0.252232,3.872714e-08,2.004608e-06,0.2857,0.7902,137
14,features.10,202,active,-0.017857,6.484009e-08,7.759706e-07,0.4464,0.4107,137
14,features.10,203,pruned_before,nan,0.000000e+00,0.000000e+00,0.0000,0.0000,0
14,features.10,204,pruned_before,nan,0.000000e+00,0.000000e+00,0.0000,0.0000,0
14,features.10,205,active,-0.234375,7.608108e-08,1.300502e-07,0.5045,0.0357,137
14,features.10,206,active,-0.154018,2.261394e-07,1.008530e-06,0.8393,0.5312,137
14,features.10,207,pruned_before,nan,0.000000e+00,0.000000e+00,0.0000,0.0000,0
14,features.10,208,pruned_before,nan,0.000000e+00,0.000000e+00,0.0000,0.0000,0
14,features.10,209,active,-0.133929,5.080972e-08,3.448619e-07,0.3661,0.0982,137
14,features.10,210,active,-0.174107,2.552277e-07,9.981636e-07,0.8750,0.5268,137
14,features.10,211,active,-0.120536,4.038020e-08,2.387545e-07,0.2991,0.0580,137
14,features.10,212,pruned_before,nan,0.000000e+00,0.000000e+00,0.0000,0.0000,0
14,features.10,213,pruned_now,-0.267857,9.251053e-08,1.451432e-07,0.5804,0.0446,137
14,features.10,214,pruned_before,nan,0.000000e+00,0.000000e+00,0.0000,0.0000,0
14,features.10,215,active,-0.082589,1.564032e-07,1.099359e-06,0.7411,0.5759,137
14,features.10,216,active,0.116071,8.244008e-08,1.781277e-06,0.5268,0.7589,137
14,features.10,217,active,0.071429,4.977899e-08,9.586474e-07,0.3527,0.4955,137
14,features.10,218,active,-0.091518,4.861147e-08,4.670750e-07,0.3482,0.1652,137
14,features.10,219,pruned_before,nan,0.000000e+00,0.000000e+00,0.0000,0.0000,0
14,features.10,220,active,0.013393,2.301227e-07,2.823989e-06,0.8482,0.8750,137
14,features.10,221,active,-0.122768,2.774206e-07,1.272201e-06,0.8929,0.6473,137
14,features.10,222,active,-0.055804,3.065229e-08,3.651787e-07,0.2277,0.1161,137
14,features.10,223,active,0.017857,2.598998e-08,5.249080e-07,0.1786,0.2143,137
14,features.10,224,active,-0.223214,2.669767e-07,8.775178e-07,0.8884,0.4420,137
14,features.10,225,pruned_before,nan,0.000000e+00,0.000000e+00,0.0000,0.0000,0
14,features.10,226,pruned_before,nan,0.000000e+00,0.000000e+00,0.0000,0.0000,0
14,features.10,227,pruned_now,-0.283482,9.781478e-07,7.994981e-07,0.9821,0.4152,137
14,features.10,228,pruned_before,nan,0.000000e+00,0.000000e+00,0.0000,0.0000,0
14,features.10,229,pruned_now,-0.274554,2.182821e-07,5.993281e-07,0.8304,0.2812,137
14,features.10,230,pruned_before,nan,0.000000e+00,0.000000e+00,0.0000,0.0000,0
14,features.10,231,pruned_before,nan,0.000000e+00,0.000000e+00,0.0000,0.0000,0
14,features.10,232,active,0.187500,5.950237e-08,2.084878e-06,0.4241,0.7991,137
14,features.10,233,active,0.187500,3.869093e-08,1.295441e-06,0.2812,0.6562,137
14,features.10,234,active,0.158482,7.791677e-08,2.400846e-06,0.5134,0.8304,137
14,features.10,235,active,0.020089,4.661431e-07,1.473833e-05,0.9420,0.9821,137
14,features.10,236,active,-0.149554,5.371064e-08,3.203310e-07,0.3839,0.0848,137
14,features.10,237,active,0.339286,2.682074e-08,2.746334e-06,0.1875,0.8661,137
14,features.10,238,pruned_before,nan,0.000000e+00,0.000000e+00,0.0000,0.0000,0
14,features.10,239,pruned_before,nan,0.000000e+00,0.000000e+00,0.0000,0.0000,0
14,features.10,240,pruned_before,nan,0.000000e+00,0.000000e+00,0.0000,0.0000,0
14,features.10,241,active,-0.013393,2.210305e-08,3.734709e-07,0.1473,0.1205,137
14,features.10,242,active,-0.095982,7.338296e-08,6.073701e-07,0.4911,0.2991,137
14,features.10,243,active,0.428571,1.312993e-08,4.519658e-06,0.0759,0.9330,137
14,features.10,244,active,0.285714,4.831221e-08,3.690712e-06,0.3438,0.9152,137
14,features.10,245,active,-0.236607,8.282662e-08,2.489170e-07,0.5357,0.0625,137
14,features.10,246,active,-0.093750,2.941439e-08,7.462491e-08,0.2098,0.0223,137
14,features.10,247,active,0.100446,1.615464e-07,1.079750e-05,0.7634,0.9643,137
14,features.10,248,active,0.044643,4.406858e-08,7.344591e-07,0.3080,0.3973,137
14,features.10,249,active,0.381696,1.439137e-08,2.676116e-06,0.0848,0.8482,137
14,features.10,250,pruned_before,nan,0.000000e+00,0.000000e+00,0.0000,0.0000,0
14,features.10,251,active,0.022321,1.882154e-08,4.841735e-07,0.1339,0.1786,137
14,features.10,252,active,-0.002232,2.079618e-07,2.269794e-06,0.8214,0.8170,137
14,features.10,253,active,-0.029018,2.139916e-07,1.801008e-06,0.8259,0.7679,137
14,features.10,254,pruned_before,nan,0.000000e+00,0.000000e+00,0.0000,0.0000,0
14,features.10,255,active,0.006696,2.046172e-07,2.330173e-06,0.8125,0.8259,137
14,features.10,256,active,0.426339,1.009898e-08,3.516894e-06,0.0580,0.9107,137
14,features.10,257,active,0.008929,1.545577e-08,3.649756e-07,0.0938,0.1116,137
14,features.10,258,active,-0.102679,1.119558e-07,8.892764e-07,0.6562,0.4509,137
14,features.10,259,active,0.022321,1.825349e-07,2.402493e-06,0.7902,0.8348,137
14,features.10,260,pruned_before,nan,0.000000e+00,0.000000e+00,0.0000,0.0000,0
14,features.10,261,active,0.348214,3.130545e-08,4.518058e-06,0.2321,0.9286,137
14,features.10,262,active,0.125000,5.479103e-08,1.249362e-06,0.3929,0.6429,137
14,features.10,263,pruned_before,nan,0.000000e+00,0.000000e+00,0.0000,0.0000,0
14,features.10,264,active,-0.008929,3.510532e-08,5.709938e-07,0.2723,0.2545,137
14,features.10,265,pruned_before,nan,0.000000e+00,0.000000e+00,0.0000,0.0000,0
14,features.10,266,active,-0.022321,1.579717e-07,1.539260e-06,0.7500,0.7054,137
14,features.10,267,active,0.216518,8.201568e-08,8.547549e-06,0.5223,0.9554,137
14,features.10,268,active,0.058036,1.184652e-07,1.975545e-06,0.6696,0.7857,137
14,features.10,269,pruned_before,nan,0.000000e+00,0.000000e+00,0.0000,0.0000,0
14,features.10,270,pruned_before,nan,0.000000e+00,0.000000e+00,0.0000,0.0000,0
14,features.10,271,active,-0.006696,0.000000e+00,0.000000e+00,0.0134,0.0000,137
14,features.10,272,active,-0.008929,3.058422e-07,3.320056e-06,0.9152,0.8973,137
14,features.10,273,active,0.053571,2.077564e-07,4.382686e-06,0.8170,0.9241,137
14,features.10,274,pruned_before,nan,0.000000e+00,0.000000e+00,0.0000,0.0000,0
14,features.10,275,active,0.223214,5.012186e-08,2.150062e-06,0.3616,0.8080,137
14,features.10,276,pruned_before,nan,0.000000e+00,0.000000e+00,0.0000,0.0000,0
14,features.10,277,pruned_before,nan,0.000000e+00,0.000000e+00,0.0000,0.0000,0
14,features.10,278,active,-0.127232,6.939065e-07,1.576390e-06,0.9688,0.7143,137
14,features.10,279,active,-0.198661,8.320822e-08,3.946978e-07,0.5402,0.1429,137
14,features.10,280,pruned_before,nan,0.000000e+00,0.000000e+00,0.0000,0.0000,0
14,features.10,281,pruned_before,nan,0.000000e+00,0.000000e+00,0.0000,0.0000,0
14,features.10,282,pruned_before,nan,0.000000e+00,0.000000e+00,0.0000,0.0000,0
14,features.10,283,active,-0.062500,1.197661e-07,1.046196e-06,0.6741,0.5491,137
14,features.10,284,active,-0.216518,1.065393e-07,5.169640e-07,0.6339,0.2009,137
14,features.10,285,pruned_before,nan,0.000000e+00,0.000000e+00,0.0000,0.0000,0
14,features.10,286,pruned_before,nan,0.000000e+00,0.000000e+00,0.0000,0.0000,0
14,features.10,287,active,0.220982,1.870054e-08,1.095262e-06,0.1295,0.5714,137
14,features.10,288,pruned_before,nan,0.000000e+00,0.000000e+00,0.0000,0.0000,0
14,features.10,289,active,-0.051339,2.315784e-07,1.696440e-06,0.8527,0.7500,137
14,features.10,290,pruned_before,nan,0.000000e+00,0.000000e+00,0.0000,0.0000,0
14,features.10,291,active,0.241071,5.654563e-08,3.077175e-06,0.4063,0.8884,137
14,features.10,292,active,0.100446,3.013175e-08,8.183533e-07,0.2232,0.4241,137
14,features.10,293,active,0.227679,1.321690e-08,1.015659e-06,0.0804,0.5357,137
14,features.10,294,active,-0.104911,8.197525e-08,6.162396e-07,0.5179,0.3080,137
14,features.10,295,active,0.031250,8.500134e-08,1.171548e-06,0.5491,0.6116,137
14,features.10,296,active,-0.046875,1.442365e-07,1.243158e-06,0.7277,0.6339,137
14,features.10,297,pruned_now,-0.281250,9.630862e-08,2.014462e-07,0.6116,0.0491,137
14,features.10,298,active,0.004464,2.101146e-08,4.379971e-07,0.1429,0.1518,137
14,features.10,299,active,0.033482,2.473078e-08,5.594138e-07,0.1741,0.2411,137
14,features.10,300,active,-0.069196,5.076347e-07,2.225967e-06,0.9509,0.8125,137
14,features.10,301,active,-0.064732,6.971507e-08,6.408903e-07,0.4688,0.3393,137
14,features.10,302,active,-0.171875,4.158355e-07,1.148877e-06,0.9330,0.5893,137
14,features.10,303,active,-0.151786,1.427719e-07,8.013078e-07,0.7232,0.4196,137
14,features.10,304,active,0.174107,3.459349e-08,1.178711e-06,0.2679,0.6161,137
14,features.10,305,pruned_before,nan,0.000000e+00,0.000000e+00,0.0000,0.0000,0
14,features.10,306,pruned_before,nan,0.000000e+00,0.000000e+00,0.0000,0.0000,0
14,features.10,307,active,-0.044643,2.343367e-08,3.055186e-07,0.1696,0.0804,137
14,features.10,308,pruned_now,-0.299107,1.692259e-07,4.715561e-07,0.7679,0.1696,137
14,features.10,309,active,0.140625,4.994751e-08,1.246290e-06,0.3571,0.6384,137
14,features.10,310,pruned_before,nan,0.000000e+00,0.000000e+00,0.0000,0.0000,0
14,features.10,311,active,-0.029018,2.292343e-08,3.553070e-07,0.1607,0.1027,137
14,features.10,312,pruned_before,nan,0.000000e+00,0.000000e+00,0.0000,0.0000,0
14,features.10,313,pruned_before,nan,0.000000e+00,0.000000e+00,0.0000,0.0000,0
14,features.10,314,active,-0.243304,1.269377e-07,5.210057e-07,0.6920,0.2054,137
14,features.10,315,active,0.142857,4.653449e-08,1.165057e-06,0.3214,0.6071,137
14,features.10,316,pruned_before,nan,0.000000e+00,0.000000e+00,0.0000,0.0000,0
14,features.10,317,pruned_before,nan,0.000000e+00,0.000000e+00,0.0000,0.0000,0
14,features.10,318,active,-0.198661,1.163456e-07,5.847518e-07,0.6652,0.2679,137
14,features.10,319,active,0.167411,3.000087e-08,1.054457e-06,0.2188,0.5536,137
14,features.10,320,pruned_before,nan,0.000000e+00,0.000000e+00,0.0000,0.0000,0
14,features.10,321,pruned_before,nan,0.000000e+00,0.000000e+00,0.0000,0.0000,0
14,features.10,322,pruned_before,nan,0.000000e+00,0.000000e+00,0.0000,0.0000,0
14,features.10,323,active,-0.209821,6.712709e-08,1.380937e-07,0.4598,0.0402,137
14,features.10,324,active,-0.158482,9.481526e-08,5.945749e-07,0.5938,0.2768,137
14,features.10,325,pruned_before,nan,0.000000e+00,0.000000e+00,0.0000,0.0000,0
14,features.10,326,active,-0.080357,6.632518e-08,6.042565e-07,0.4554,0.2946,137
14,features.10,327,active,-0.087054,8.884134e-08,7.134690e-07,0.5670,0.3929,137
14,features.10,328,active,0.104911,3.308335e-08,8.924729e-07,0.2455,0.4554,137
14,features.10,329,active,-0.120536,9.628523e-08,6.671734e-07,0.6071,0.3661,137
14,features.10,330,active,-0.176339,2.462856e-07,9.812355e-07,0.8705,0.5179,137
14,features.10,331,pruned_before,nan,0.000000e+00,0.000000e+00,0.0000,0.0000,0
14,features.10,332,active,0.120536,1.627719e-08,6.423658e-07,0.1027,0.3438,137
14,features.10,333,pruned_before,nan,0.000000e+00,0.000000e+00,0.0000,0.0000,0
14,features.10,334,pruned_before,nan,0.000000e+00,0.000000e+00,0.0000,0.0000,0
14,features.10,335,active,-0.031250,1.077955e-07,1.116937e-06,0.6429,0.5804,137
14,features.10,336,pruned_before,nan,0.000000e+00,0.000000e+00,0.0000,0.0000,0
14,features.10,337,pruned_before,nan,0.000000e+00,0.000000e+00,0.0000,0.0000,0
14,features.10,338,active,0.162946,5.633272e-08,1.597629e-06,0.4018,0.7277,137
14,features.10,339,pruned_before,nan,0.000000e+00,0.000000e+00,0.0000,0.0000,0
14,features.10,340,pruned_before,nan,0.000000e+00,0.000000e+00,0.0000,0.0000,0
14,features.10,341,pruned_now,-0.247768,9.756141e-07,9.297469e-07,0.9777,0.4821,137
14,features.10,342,active,-0.145089,4.532439e-08,1.140757e-07,0.3170,0.0268,137
14,features.10,343,active,0.125000,3.187824e-08,9.343500e-07,0.2366,0.4866,137
14,features.10,344,active,0.229911,8.244979e-08,1.719517e-05,0.5312,0.9911,137
14,features.10,345,pruned_before,nan,0.000000e+00,0.000000e+00,0.0000,0.0000,0
14,features.10,346,pruned_before,nan,0.000000e+00,0.000000e+00,0.0000,0.0000,0
14,features.10,347,pruned_before,nan,0.000000e+00,0.000000e+00,0.0000,0.0000,0
14,features.10,348,active,0.399554,1.132736e-08,2.786137e-06,0.0714,0.8705,137
14,features.10,349,pruned_before,nan,0.000000e+00,0.000000e+00,0.0000,0.0000,0
14,features.10,350,active,-0.029018,9.573183e-08,1.019561e-06,0.5982,0.5402,137
14,features.10,351,active,-0.245536,1.977142e-07,6.265422e-07,0.8036,0.3125,137
14,features.10,352,active,0.363839,3.449438e-08,1.599915e-05,0.2589,0.9866,137
14,features.10,353,active,0.051339,5.763295e-08,9.755713e-07,0.4107,0.5134,137
14,features.10,354,pruned_before,nan,0.000000e+00,0.000000e+00,0.0000,0.0000,0
14,features.10,355,pruned_before,nan,0.000000e+00,0.000000e+00,0.0000,0.0000,0
14,features.10,356,active,0.006696,4.807264e-08,6.455995e-07,0.3348,0.3482,137
14,features.10,357,pruned_before,nan,0.000000e+00,0.000000e+00,0.0000,0.0000,0
14,features.10,358,pruned_before,nan,0.000000e+00,0.000000e+00,0.0000,0.0000,0
14,features.10,359,active,-0.156250,9.597755e-08,6.028698e-07,0.6027,0.2902,137
14,features.10,360,active,-0.136161,5.975357e-07,1.408337e-06,0.9643,0.6920,137
14,features.10,361,active,0.053571,2.262467e-07,7.870403e-06,0.8438,0.9509,137
14,features.10,362,pruned_before,nan,0.000000e+00,0.000000e+00,0.0000,0.0000,0
14,features.10,363,active,-0.171875,7.178447e-08,3.869017e-07,0.4821,0.1384,137
14,features.10,364,pruned_before,nan,0.000000e+00,0.000000e+00,0.0000,0.0000,0
14,features.10,365,pruned_now,-0.247768,1.247739e-07,5.051581e-07,0.6875,0.1920,137
14,features.10,366,pruned_before,nan,0.000000e+00,0.000000e+00,0.0000,0.0000,0
14,features.10,367,active,0.035714,2.839128e-07,1.283219e-05,0.9018,0.9732,137
14,features.10,368,active,0.104911,1.857350e-08,6.383847e-07,0.1250,0.3348,137
14,features.10,369,pruned_before,nan,0.000000e+00,0.000000e+00,0.0000,0.0000,0
14,features.10,370,active,-0.087054,5.621420e-08,5.321728e-07,0.3973,0.2232,137
14,features.10,371,protected,0.191964,9.917166e-08,3.164745e-05,0.6161,1.0000,137
14,features.10,372,pruned_before,nan,0.000000e+00,0.000000e+00,0.0000,0.0000,0
14,features.10,373,active,-0.227679,1.379528e-07,5.777538e-07,0.7143,0.2589,137
14,features.10,374,active,0.017857,1.085155e-07,1.370503e-06,0.6518,0.6875,137
14,features.10,375,active,-0.058036,2.737830e-08,2.742996e-07,0.1920,0.0759,137
14,features.10,376,active,0.131696,2.972508e-08,9.183859e-07,0.2143,0.4777,137
14,features.10,377,active,0.051339,7.950491e-09,4.137318e-07,0.0446,0.1473,137
14,features.10,378,pruned_before,nan,0.000000e+00,0.000000e+00,0.0000,0.0000,0
14,features.10,379,pruned_before,nan,0.000000e+00,0.000000e+00,0.0000,0.0000,0
14,features.10,380,pruned_before,nan,0.000000e+00,0.000000e+00,0.0000,0.0000,0
14,features.10,381,active,0.017857,2.953098e-07,6.688886e-06,0.9107,0.9464,137
14,features.10,382,pruned_before,nan,0.000000e+00,0.000000e+00,0.0000,0.0000,0
14,features.10,383,active,-0.113839,3.607210e-07,1.443770e-06,0.9286,0.7009,137
14,features.11,0,active,0.146552,2.319580e-07,1.804394e-05,0.4957,0.7888,169
14,features.11,1,active,0.344828,7.844664e-08,2.150247e-05,0.1509,0.8405,169
14,features.11,2,pruned_before,nan,0.000000e+00,0.000000e+00,0.0000,0.0000,0
14,features.11,3,pruned_before,nan,0.000000e+00,0.000000e+00,0.0000,0.0000,0
14,features.11,4,active,-0.148707,3.497702e-07,4.289444e-06,0.6293,0.3319,169
14,features.11,5,pruned_before,nan,0.000000e+00,0.000000e+00,0.0000,0.0000,0
14,features.11,6,active,-0.120690,1.415929e-06,1.451873e-05,0.9569,0.7155,169
14,features.11,7,pruned_before,nan,0.000000e+00,0.000000e+00,0.0000,0.0000,0
14,features.11,8,active,0.019397,1.982120e-07,6.346183e-06,0.4353,0.4741,169
14,features.11,9,active,0.084052,5.209646e-07,5.023787e-05,0.7802,0.9483,169
14,features.11,10,active,0.025862,5.856639e-07,2.166080e-05,0.7931,0.8448,169
14,features.11,11,pruned_before,nan,0.000000e+00,0.000000e+00,0.0000,0.0000,0
14,features.11,12,pruned_before,nan,0.000000e+00,0.000000e+00,0.0000,0.0000,0
14,features.11,13,pruned_before,nan,0.000000e+00,0.000000e+00,0.0000,0.0000,0
14,features.11,14,pruned_before,nan,0.000000e+00,0.000000e+00,0.0000,0.0000,0
14,features.11,15,active,0.278017,7.473025e-08,1.319010e-05,0.1422,0.6983,169
14,features.11,16,pruned_before,nan,0.000000e+00,0.000000e+00,0.0000,0.0000,0
14,features.11,17,active,-0.058190,6.469683e-07,1.334698e-05,0.8233,0.7069,169
14,features.11,18,active,-0.084052,3.597260e-07,7.194230e-06,0.6724,0.5043,169
14,features.11,19,active,-0.088362,1.065860e-07,8.696334e-07,0.2155,0.0388,169
14,features.11,20,active,-0.090517,1.179585e-07,1.393724e-06,0.2629,0.0819,169
14,features.11,21,active,-0.028017,1.174051e-07,2.679928e-06,0.2500,0.1940,169
14,features.11,22,active,-0.064655,1.881625e-07,3.784882e-06,0.4181,0.2888,169
14,features.11,23,pruned_before,nan,0.000000e+00,0.000000e+00,0.0000,0.0000,0
14,features.11,24,active,-0.101293,4.392178e-07,8.063143e-06,0.7457,0.5431,169
14,features.11,25,active,-0.030172,6.392213e-07,1.623739e-05,0.8190,0.7586,169
14,features.11,26,active,-0.131466,1.882440e-07,2.249920e-06,0.4224,0.1595,169
14,features.11,27,active,-0.077586,1.736788e-07,2.844163e-06,0.3793,0.2241,169
14,features.11,28,pruned_before,nan,0.000000e+00,0.000000e+00,0.0000,0.0000,0
14,features.11,29,active,0.103448,1.901111e-07,1.084911e-05,0.4267,0.6336,169
14,features.11,30,pruned_before,nan,0.000000e+00,0.000000e+00,0.0000,0.0000,0
14,features.11,31,active,0.211207,1.705145e-07,1.831816e-05,0.3707,0.7931,169
14,features.11,32,pruned_before,nan,0.000000e+00,0.000000e+00,0.0000,0.0000,0
14,features.11,33,active,0.403017,6.344131e-08,4.418343e-05,0.1293,0.9353,169
14,features.11,34,pruned_before,nan,0.000000e+00,0.000000e+00,0.0000,0.0000,0
14,features.11,35,active,-0.131466,1.740188e-06,1.474563e-05,0.9871,0.7241,169
14,features.11,36,active,-0.008621,1.782600e-07,4.808920e-06,0.3922,0.3750,169
14,features.11,37,active,0.155172,3.539312e-07,5.461741e-05,0.6509,0.9612,169
14,features.11,38,pruned_before,nan,0.000000e+00,0.000000e+00,0.0000,0.0000,0
14,features.11,39,pruned_now,-0.280172,3.746121e-07,1.984589e-06,0.6940,0.1336,169
14,features.11,40,active,-0.226293,2.740339e-07,1.671385e-06,0.5733,0.1207,169
14,features.11,41,active,0.045259,1.045561e-07,3.876412e-06,0.2112,0.3017,169
14,features.11,42,active,0.463362,3.382138e-08,7.702345e-05,0.0560,0.9828,169
14,features.11,43,active,-0.221983,3.634399e-07,2.847347e-06,0.6767,0.2328,169
14,features.11,44,active,0.062500,6.910112e-07,6.123679e-05,0.8491,0.9741,169
14,features.11,45,active,-0.019397,2.185178e-07,5.403968e-06,0.4569,0.4181,169
14,features.11,46,active,-0.028017,8.364687e-08,1.636319e-06,0.1638,0.1078,169
14,features.11,47,active,-0.172414,7.464786e-07,7.234765e-06,0.8534,0.5086,169
14,features.11,48,pruned_before,nan,0.000000e+00,0.000000e+00,0.0000,0.0000,0
14,features.11,49,pruned_before,nan,0.000000e+00,0.000000e+00,0.0000,0.0000,0
14,features.11,50,active,0.030172,4.895478e-07,2.139807e-05,0.7716,0.8319,169
14,features.11,51,active,0.006465,5.563615e-07,1.862926e-05,0.7845,0.7974,169
14,features.11,52,active,-0.157328,1.664585e-07,1.041053e-06,0.3664,0.0517,169
14,features.11,53,pruned_now,-0.275862,3.715599e-07,2.169514e-06,0.6897,0.1379,169
14,features.11,54,active,-0.045259,1.027183e-07,1.666357e-06,0.2069,0.1164,169
14,features.11,55,pruned_before,nan,0.000000e+00,0.000000e+00,0.0000,0.0000,0
14,features.11,56,active,0.250000,1.637833e-08,7.613391e-06,0.0259,0.5259,169
14,features.11,57,pruned_before,nan,0.000000e+00,0.000000e+00,0.0000,0.0000,0
14,features.11,58,active,-0.040948,1.365949e-06,2.588703e-05,0.9526,0.8707,169
14,features.11,59,active,-0.036638,3.482396e-07,8.152152e-06,0.6250,0.5517,169
14,features.11,60,pruned_before,nan,0.000000e+00,0.000000e+00,0.0000,0.0000,0
14,features.11,61,pruned_before,nan,0.000000e+00,0.000000e+00,0.0000,0.0000,0
14,features.11,62,pruned_now,-0.260776,1.323326e-06,5.627613e-06,0.9483,0.4267,169
14,features.11,63,active,0.019397,1.270227e-07,4.338217e-06,0.2974,0.3362,169
14,features.11,64,active,-0.040948,2.347782e-07,5.595631e-06,0.5043,0.4224,169
14,features.11,65,active,0.379310,3.974825e-08,2.097538e-05,0.0647,0.8233,169
14,features.11,66,active,-0.103448,8.023521e-07,1.193751e-05,0.8793,0.6724,169
14,features.11,67,active,0.303879,9.190285e-08,1.727337e-05,0.1724,0.7802,169
14,features.11,68,pruned_before,nan,0.000000e+00,0.000000e+00,0.0000,0.0000,0
14,features.11,69,active,-0.049569,8.303586e-07,1.787507e-05,0.8836,0.7845,169
14,features.11,70,pruned_before,nan,0.000000e+00,0.000000e+00,0.0000,0.0000,0
14,features.11,71,pruned_before,nan,0.000000e+00,0.000000e+00,0.0000,0.0000,0
14,features.11,72,active,0.172414,3.509788e-07,6.647630e-05,0.6336,0.9784,169
14,features.11,73,pruned_before,nan,0.000000e+00,0.000000e+00,0.0000,0.0000,0
14,features.11,74,pruned_before,nan,0.000000e+00,0.000000e+00,0.0000,0.0000,0
14,features.11,75,active,-0.073276,2.603917e-07,5.061825e-06,0.5517,0.4052,169
14,features.11,76,pruned_before,nan,0.000000e+00,0.000000e+00,0.0000,0.0000,0
14,features.11,77,pruned_now,-0.247845,2.661998e-07,1.139262e-06,0.5647,0.0690,169
14,features.11,78,active,0.040948,1.642481e-07,5.773032e-06,0.3534,0.4353,169
14,features.11,79,active,0.023707,4.472672e-08,1.699135e-06,0.0776,0.1250,169
14,features.11,80,pruned_before,nan,0.000000e+00,0.000000e+00,0.0000,0.0000,0
14,features.11,81,active,-0.075431,2.490920e-07,4.824961e-06,0.5302,0.3793,169
14,features.11,82,active,0.040948,4.083949e-09,1.395638e-06,0.0043,0.0862,169
14,features.11,83,pruned_before,nan,0.000000e+00,0.000000e+00,0.0000,0.0000,0
14,features.11,84,pruned_before,nan,0.000000e+00,0.000000e+00,0.0000,0.0000,0
14,features.11,85,active,-0.051724,1.204450e-07,2.479959e-06,0.2759,0.1724,169
14,features.11,86,pruned_before,nan,0.000000e+00,0.000000e+00,0.0000,0.0000,0
14,features.11,87,pruned_before,nan,0.000000e+00,0.000000e+00,0.0000,0.0000,0
14,features.11,88,active,-0.090517,1.776318e-06,1.983021e-05,0.9914,0.8103,169
14,features.11,89,pruned_now,-0.269397,5.943892e-07,3.376816e-06,0.7974,0.2586,169
14,features.11,90,active,-0.178879,1.811063e-07,9.811409e-07,0.4052,0.0474,169
14,features.11,91,pruned_before,nan,0.000000e+00,0.000000e+00,0.0000,0.0000,0
14,features.11,92,active,0.112069,2.941974e-08,3.446698e-06,0.0388,0.2629,169
14,features.11,93,pruned_before,nan,0.000000e+00,0.000000e+00,0.0000,0.0000,0
14,features.11,94,active,-0.232759,7.738297e-07,4.991790e-06,0.8621,0.3966,169
14,features.11,95,pruned_before,nan,0.000000e+00,0.000000e+00,0.0000,0.0000,0
14,features.11,96,active,-0.047414,2.265903e-07,4.871014e-06,0.4784,0.3836,169
14,features.11,97,pruned_before,nan,0.000000e+00,0.000000e+00,0.0000,0.0000,0
14,features.11,98,pruned_before,nan,0.000000e+00,0.000000e+00,0.0000,0.0000,0
14,features.11,99,active,-0.153017,2.748563e-07,3.559810e-06,0.5776,0.2716,169
14,features.11,100,active,-0.103448,2.940034e-07,4.970086e-06,0.5948,0.3879,169
14,features.11,101,active,0.066810,2.678055e-08,2.392378e-06,0.0345,0.1681,169
14,features.11,102,pruned_before,nan,0.000000e+00,0.000000e+00,0.0000,0.0000,0
14,features.11,103,pruned_before,nan,0.000000e+00,0.000000e+00,0.0000,0.0000,0
14,features.11,104,pruned_before,nan,0.000000e+00,0.000000e+00,0.0000,0.0000,0
14,features.11,105,pruned_before,nan,0.000000e+00,0.000000e+00,0.0000,0.0000,0
14,features.11,106,pruned_before,nan,0.000000e+00,0.000000e+00,0.0000,0.0000,0
14,features.11,107,active,-0.036638,6.749056e-07,1.663386e-05,0.8405,0.7672,169
14,features.11,108,pruned_before,nan,0.000000e+00,0.000000e+00,0.0000,0.0000,0
14,features.11,109,pruned_before,nan,0.000000e+00,0.000000e+00,0.0000,0.0000,0
14,features.11,110,pruned_before,nan,0.000000e+00,0.000000e+00,0.0000,0.0000,0
14,features.11,111,pruned_before,nan,0.000000e+00,0.000000e+00,0.0000,0.0000,0
14,features.11,112,active,-0.071121,7.911248e-07,1.540139e-05,0.8750,0.7328,169
14,features.11,113,active,-0.232759,6.497355e-07,4.671129e-06,0.8276,0.3621,169
14,features.11,114,active,-0.019397,1.065169e-06,3.069800e-05,0.9267,0.8879,169
14,features.11,115,active,0.273707,3.523591e-08,9.996609e-06,0.0603,0.6078,169
14,features.11,116,active,0.200431,1.627082e-07,1.591596e-05,0.3491,0.7500,169
14,features.11,117,pruned_before,nan,0.000000e+00,0.000000e+00,0.0000,0.0000,0
14,features.11,118,active,-0.088362,4.035250e-07,8.131491e-06,0.7241,0.5474,169
14,features.11,119,active,0.137931,9.754670e-10,3.605731e-06,0.0000,0.2759,169
14,features.11,120,active,0.025862,9.183930e-08,2.840243e-06,0.1681,0.2198,169
14,features.11,121,pruned_before,nan,0.000000e+00,0.000000e+00,0.0000,0.0000,0
14,features.11,122,pruned_before,nan,0.000000e+00,0.000000e+00,0.0000,0.0000,0
14,features.11,123,active,-0.075431,3.534518e-07,6.707708e-06,0.6379,0.4871,169
14,features.11,124,active,0.435345,3.313618e-08,4.020894e-05,0.0474,0.9181,169
14,features.11,125,active,0.105603,2.367921e-08,3.129225e-06,0.0302,0.2414,169
14,features.11,126,active,-0.155172,2.886769e-07,3.622190e-06,0.5905,0.2802,169
14,features.11,127,active,-0.045259,1.813631e-07,4.043312e-06,0.4095,0.3190,169
14,features.11,128,active,-0.081897,9.504654e-08,7.205973e-07,0.1810,0.0172,169
14,features.11,129,pruned_before,nan,0.000000e+00,0.000000e+00,0.0000,0.0000,0
14,features.11,130,active,-0.073276,8.731972e-07,1.570093e-05,0.8922,0.7457,169
14,features.11,131,pruned_before,nan,0.000000e+00,0.000000e+00,0.0000,0.0000,0
14,features.11,132,active,-0.021552,2.992120e-08,3.609535e-07,0.0431,0.0000,169
14,features.11,133,active,0.355603,1.430205e-08,1.497858e-05,0.0172,0.7284,169
14,features.11,134,pruned_before,nan,0.000000e+00,0.000000e+00,0.0000,0.0000,0
14,features.11,135,active,0.290948,1.660573e-07,4.821399e-05,0.3621,0.9440,169
14,features.11,136,active,-0.012931,4.955375e-08,1.092415e-06,0.0862,0.0603,169
14,features.11,137,pruned_before,nan,0.000000e+00,0.000000e+00,0.0000,0.0000,0
14,features.11,138,active,-0.112069,9.556082e-07,1.308476e-05,0.9138,0.6897,169
14,features.11,139,active,-0.010776,2.411452e-07,6.716697e-06,0.5129,0.4914,169
14,features.11,140,pruned_before,nan,0.000000e+00,0.000000e+00,0.0000,0.0000,0
14,features.11,141,pruned_before,nan,0.000000e+00,0.000000e+00,0.0000,0.0000,0
14,features.11,142,active,-0.008621,1.657193e-07,4.341213e-06,0.3578,0.3405,169
14,features.11,143,pruned_before,nan,0.000000e+00,0.000000e+00,0.0000,0.0000,0
14,features.11,144,pruned_before,nan,0.000000e+00,0.000000e+00,0.0000,0.0000,0
14,features.11,145,active,0.101293,6.070162e-08,4.008518e-06,0.1121,0.3147,169
14,features.11,146,active,-0.019397,9.098937e-07,2.554752e-05,0.9052,0.8664,169
14,features.11,147,pruned_before,nan,0.000000e+00,0.000000e+00,0.0000,0.0000,0
14,features.11,148,pruned_before,nan,0.000000e+00,0.000000e+00,0.0000,0.0000,0
14,features.11,149,active,-0.025862,1.715345e-06,4.400391e-05,0.9828,0.9310,169
14,features.11,150,pruned_before,nan,0.000000e+00,0.000000e+00,0.0000,0.0000,0
14,features.11,151,active,-0.153017,9.138321e-07,9.643136e-06,0.9095,0.6034,169
14,features.11,152,pruned_before,nan,0.000000e+00,0.000000e+00,0.0000,0.0000,0
14,features.11,153,pruned_before,nan,0.000000e+00,0.000000e+00,0.0000,0.0000,0
14,features.11,154,active,0.068966,7.561250e-08,3.718236e-06,0.1466,0.2845,169
14,features.11,155,pruned_before,nan,0.000000e+00,0.000000e+00,0.0000,0.0000,0
14,features.11,156,active,0.112069,1.116984e-07,6.085451e-06,0.2371,0.4612,169
14,features.11,157,active,-0.185345,6.192424e-07,5.966173e-06,0.8147,0.4440,169
14,features.11,158,pruned_before,nan,0.000000e+00,0.000000e+00,0.0000,0.0000,0
14,features.11,159,active,-0.125000,3.965243e-07,6.095905e-06,0.7155,0.4655,169
14,features.11,160,active,0.066810,1.355046e-07,5.977668e-06,0.3147,0.4483,169
14,features.11,161,active,-0.040948,3.876965e-07,1.083117e-05,0.7112,0.6293,169
14,features.11,162,pruned_before,nan,0.000000e+00,0.000000e+00,0.0000,0.0000,0
14,features.11,163,active,0.114224,1.981955e-07,1.161677e-05,0.4310,0.6595,169
14,features.11,164,active,-0.206897,2.655892e-07,2.179292e-06,0.5560,0.1422,169
14,features.11,165,active,0.163793,1.454868e-07,1.142317e-05,0.3276,0.6552,169
14,features.11,166,active,-0.211207,1.000629e-06,7.124863e-06,0.9181,0.4957,169
14,features.11,167,active,0.280172,1.018654e-07,1.647890e-05,0.2026,0.7629,169
14,features.11,168,active,-0.153017,4.020663e-07,5.358769e-06,0.7198,0.4138,169
14,features.11,169,pruned_before,nan,0.000000e+00,0.000000e+00,0.0000,0.0000,0
14,features.11,170,active,-0.025862,2.280458e-07,5.671021e-06,0.4828,0.4310,169
14,features.11,171,active,0.153017,2.056130e-07,1.604687e-05,0.4483,0.7543,169
14,features.11,172,active,-0.148707,7.853656e-07,8.846689e-06,0.8707,0.5733,169
14,features.11,173,pruned_before,nan,0.000000e+00,0.000000e+00,0.0000,0.0000,0
14,features.11,174,pruned_before,nan,0.000000e+00,0.000000e+00,0.0000,0.0000,0
14,features.11,175,pruned_before,nan,0.000000e+00,0.000000e+00,0.0000,0.0000,0
14,features.11,176,active,0.028017,1.231682e-06,9.154129e-05,0.9353,0.9914,169
14,features.11,177,active,0.105603,1.710225e-07,9.255919e-06,0.3750,0.5862,169
14,features.11,178,active,-0.200431,2.977506e-07,2.726956e-06,0.6034,0.2026,169
14,features.11,179,active,-0.131466,1.294514e-07,9.260123e-07,0.3060,0.0431,169
14,features.11,180,pruned_before,nan,0.000000e+00,0.000000e+00,0.0000,0.0000,0
14,features.11,181,active,-0.008621,2.973495e-07,8.981579e-06,0.5991,0.5819,169
14,features.11,182,pruned_before,nan,0.000000e+00,0.000000e+00,0.0000,0.0000,0
14,features.11,183,active,-0.131466,4.335413e-07,6.567016e-06,0.7414,0.4784,169
14,features.11,184,active,-0.068966,1.358784e-07,2.590722e-06,0.3190,0.1810,169
14,features.11,185,active,0.193966,2.375367e-07,3.391752e-05,0.5086,0.8966,169
14,features.11,186,pruned_before,nan,0.000000e+00,0.000000e+00,0.0000,0.0000,0
14,features.11,187,pruned_before,nan,0.000000e+00,0.000000e+00,0.0000,0.0000,0
14,features.11,188,pruned_before,nan,0.000000e+00,0.000000e+00,0.0000,0.0000,0
14,features.11,189,pruned_before,nan,0.000000e+00,0.000000e+00,0.0000,0.0000,0
14,features.11,190,pruned_now,-0.280172,8.404068e-07,4.273919e-06,0.8879,0.3276,169
14,features.11,191,active,0.021552,7.648466e-07,3.395149e-05,0.8578,0.9009,169
14,features.11,192,pruned_before,nan,0.000000e+00,0.000000e+00,0.0000,0.0000,0
14,features.11,193,active,-0.230603,3.342430e-07,2.216474e-06,0.6164,0.1552,169
14,features.11,194,pruned_before,nan,0.000000e+00,0.000000e+00,0.0000,0.0000,0
14,features.11,195,active,-0.043103,4.727495e-07,1.216372e-05,0.7629,0.6767,169
14,features.11,196,pruned_before,nan,0.000000e+00,0.000000e+00,0.0000,0.0000,0
14,features.11,197,pruned_before,nan,0.000000e+00,0.000000e+00,0.0000,0.0000,0
14,features.11,198,pruned_before,nan,0.000000e+00,0.000000e+00,0.0000,0.0000,0
14,features.11,199,active,0.002155,3.762372e-07,1.328592e-05,0.6983,0.7026,169
14,features.11,200,pruned_before,nan,0.000000e+00,0.000000e+00,0.0000,0.0000,0
14,features.11,201,pruned_before,nan,0.000000e+00,0.000000e+00,0.0000,0.0000,0
14,features.11,202,pruned_before,nan,0.000000e+00,0.000000e+00,0.0000,0.0000,0
14,features.11,203,active,0.096983,5.840180e-08,3.818578e-06,0.0991,0.2931,169
14,features.11,204,pruned_before,nan,0.000000e+00,0.000000e+00,0.0000,0.0000,0
14,features.11,205,pruned_before,nan,0.000000e+00,0.000000e+00,0.0000,0.0000,0
14,features.11,206,active,0.252155,6.256089e-08,1.043577e-05,0.1164,0.6207,169
14,features.11,207,active,0.439655,1.133574e-08,3.122322e-05,0.0129,0.8922,169
14,features.11,208,active,0.008621,7.757933e-07,2.924299e-05,0.8664,0.8836,169
14,features.11,209,pruned_before,nan,0.000000e+00,0.000000e+00,0.0000,0.0000,0
14,features.11,210,pruned_before,nan,0.000000e+00,0.000000e+00,0.0000,0.0000,0
14,features.11,211,pruned_before,nan,0.000000e+00,0.000000e+00,0.0000,0.0000,0
14,features.11,212,active,-0.107759,1.222976e-07,1.137938e-06,0.2802,0.0647,169
14,features.11,213,pruned_now,-0.290948,1.596621e-06,4.983488e-06,0.9741,0.3922,169
14,features.11,214,pruned_before,nan,0.000000e+00,0.000000e+00,0.0000,0.0000,0
14,features.11,215,pruned_before,nan,0.000000e+00,0.000000e+00,0.0000,0.0000,0
14,features.11,216,active,0.094828,2.313581e-07,1.230346e-05,0.4914,0.6810,169
14,features.11,217,pruned_before,nan,0.000000e+00,0.000000e+00,0.0000,0.0000,0
14,features.11,218,active,0.338362,8.012227e-09,1.284530e-05,0.0086,0.6853,169
14,features.11,219,active,0.099138,3.552357e-07,2.419676e-05,0.6552,0.8534,169
14,features.11,220,active,0.122845,3.585263e-07,3.462063e-05,0.6681,0.9138,169
14,features.11,221,active,0.140086,2.736297e-07,2.380834e-05,0.5690,0.8491,169
14,features.11,222,active,-0.109914,4.436783e-07,7.704533e-06,0.7500,0.5302,169
14,features.11,223,active,-0.146552,2.572549e-07,3.320186e-06,0.5431,0.2500,169
14,features.11,224,active,0.413793,6.302655e-08,5.120287e-05,0.1250,0.9526,169
14,features.11,225,pruned_before,nan,0.000000e+00,0.000000e+00,0.0000,0.0000,0
14,features.11,226,pruned_before,nan,0.000000e+00,0.000000e+00,0.0000,0.0000,0
14,features.11,227,pruned_before,nan,0.000000e+00,0.000000e+00,0.0000,0.0000,0
14,features.11,228,active,-0.021552,6.288414e-08,1.367555e-06,0.1207,0.0776,169
14,features.11,229,active,0.021552,3.354680e-08,1.514197e-06,0.0517,0.0948,169
14,features.11,230,pruned_before,nan,0.000000e+00,0.000000e+00,0.0000,0.0000,0
14,features.11,231,active,-0.047414,3.568096e-07,8.645662e-06,0.6638,0.5690,169
14,features.11,232,active,-0.148707,4.742292e-07,6.327639e-06,0.7672,0.4698,169
14,features.11,233,pruned_now,-0.355603,4.252096e-07,7.617232e-07,0.7328,0.0216,169
14,features.11,234,active,-0.053879,1.529102e-06,2.545183e-05,0.9698,0.8621,169
14,features.11,235,active,0.441810,4.228306e-08,5.376563e-05,0.0733,0.9569,169
14,features.11,236,active,-0.023707,8.102486e-08,1.664435e-06,0.1595,0.1121,169
14,features.11,237,active,0.088362,3.819584e-07,2.806910e-05,0.7026,0.8793,169
14,features.11,238,active,0.096983,3.645248e-07,2.771045e-05,0.6810,0.8750,169
14,features.11,239,pruned_before,nan,0.000000e+00,0.000000e+00,0.0000,0.0000,0
14,features.11,240,pruned_before,nan,0.000000e+00,0.000000e+00,0.0000,0.0000,0
14,features.11,241,active,0.122845,1.460390e-07,8.909312e-06,0.3319,0.5776,169
14,features.11,242,active,0.034483,1.780408e-07,6.000021e-06,0.3879,0.4569,169
14,features.11,243,active,-0.099138,2.576484e-07,4.584509e-06,0.5474,0.3491,169
14,features.11,244,pruned_before,nan,0.000000e+00,0.000000e+00,0.0000,0.0000,0
14,features.11,245,active,0.021552,2.245573e-07,7.350033e-06,0.4698,0.5129,169
14,features.11,246,pruned_before,nan,0.000000e+00,0.000000e+00,0.0000,0.0000,0
14,features.11,247,active,-0.116379,8.834166e-07,1.174130e-05,0.8966,0.6638,169
14,features.11,248,pruned_before,nan,0.000000e+00,0.000000e+00,0.0000,0.0000,0
14,features.11,249,pruned_before,nan,0.000000e+00,0.000000e+00,0.0000,0.0000,0
14,features.11,250,active,0.243534,1.115472e-07,1.453318e-05,0.2328,0.7198,169
14,features.11,251,active,-0.056034,1.386200e-07,2.795409e-06,0.3233,0.2112,169
14,features.11,252,active,0.163793,1.754876e-07,1.417263e-05,0.3836,0.7112,169
14,features.11,253,pruned_before,nan,0.000000e+00,0.000000e+00,0.0000,0.0000,0
14,features.11,254,pruned_before,nan,0.000000e+00,0.000000e+00,0.0000,0.0000,0
14,features.11,255,active,-0.043103,4.536344e-07,1.176420e-05,0.7543,0.6681,169
14,features.11,256,pruned_before,nan,0.000000e+00,0.000000e+00,0.0000,0.0000,0
14,features.11,257,pruned_before,nan,0.000000e+00,0.000000e+00,0.0000,0.0000,0
14,features.11,258,active,0.073276,5.113783e-08,2.946522e-06,0.0905,0.2371,169
14,features.11,259,active,0.056034,1.526724e-07,5.989849e-06,0.3405,0.4526,169
14,features.11,260,pruned_before,nan,0.000000e+00,0.000000e+00,0.0000,0.0000,0
14,features.11,261,active,0.025862,2.293263e-07,7.809355e-06,0.4871,0.5388,169
14,features.11,262,active,-0.032328,1.023327e-06,2.478583e-05,0.9224,0.8578,169
14,features.11,263,active,-0.002155,6.139558e-07,1.886112e-05,0.8060,0.8017,169
14,features.11,264,active,-0.012931,1.176617e-07,2.847175e-06,0.2543,0.2284,169
14,features.11,265,pruned_before,nan,0.000000e+00,0.000000e+00,0.0000,0.0000,0
14,features.11,266,pruned_before,nan,0.000000e+00,0.000000e+00,0.0000,0.0000,0
14,features.11,267,active,0.090517,1.178391e-07,5.957087e-06,0.2586,0.4397,169
14,features.11,268,active,-0.056035,1.155969e-06,2.022381e-05,0.9310,0.8190,169
14,features.11,269,pruned_before,nan,0.000000e+00,0.000000e+00,0.0000,0.0000,0
14,features.11,270,pruned_before,nan,0.000000e+00,0.000000e+00,0.0000,0.0000,0
14,features.11,271,pruned_before,nan,0.000000e+00,0.000000e+00,0.0000,0.0000,0
14,features.11,272,active,-0.131466,1.257123e-07,7.722041e-07,0.2888,0.0259,169
14,features.11,273,active,0.142241,3.385581e-07,3.432557e-05,0.6207,0.9052,169
14,features.11,274,pruned_before,nan,0.000000e+00,0.000000e+00,0.0000,0.0000,0
14,features.11,275,active,0.165948,1.244658e-07,1.002862e-05,0.2845,0.6164,169
14,features.11,276,pruned_before,nan,0.000000e+00,0.000000e+00,0.0000,0.0000,0
14,features.11,277,active,-0.008621,2.751864e-07,8.637905e-06,0.5819,0.5647,169
14,features.11,278,pruned_before,nan,0.000000e+00,0.000000e+00,0.0000,0.0000,0
14,features.11,279,pruned_before,nan,0.000000e+00,0.000000e+00,0.0000,0.0000,0
14,features.11,280,pruned_before,nan,0.000000e+00,0.000000e+00,0.0000,0.0000,0
14,features.11,281,pruned_before,nan,0.000000e+00,0.000000e+00,0.0000,0.0000,0
14,features.11,282,active,-0.068966,1.515835e-06,2.133409e-05,0.9655,0.8276,169
14,features.11,283,active,0.017241,5.961030e-07,2.142669e-05,0.8017,0.8362,169
14,features.11,284,pruned_before,nan,0.000000e+00,0.000000e+00,0.0000,0.0000,0
14,features.11,285,active,0.002155,1.267143e-07,3.869128e-06,0.2931,0.2974,169
14,features.11,286,pruned_before,nan,0.000000e+00,0.000000e+00,0.0000,0.0000,0
14,features.11,287,pruned_before,nan,0.000000e+00,0.000000e+00,0.0000,0.0000,0
14,features.11,288,active,-0.140086,2.783820e-07,3.939069e-06,0.5862,0.3060,169
14,features.11,289,pruned_before,nan,0.000000e+00,0.000000e+00,0.0000,0.0000,0
14,features.11,290,pruned_before,nan,0.000000e+00,0.000000e+00,0.0000,0.0000,0
14,features.11,291,active,-0.118534,6.557933e-07,9.291260e-06,0.8319,0.5948,169
14,features.11,292,pruned_before,nan,0.000000e+00,0.000000e+00,0.0000,0.0000,0
14,features.11,293,active,0.071121,1.464671e-08,2.262704e-06,0.0216,0.1638,169
14,features.11,294,active,-0.213362,4.292875e-07,3.988798e-06,0.7371,0.3103,169
14,features.11,295,active,-0.081897,1.075342e-07,1.042828e-06,0.2198,0.0560,169
14,features.11,296,active,-0.064655,4.153501e-07,9.559290e-06,0.7284,0.5991,169
14,features.11,297,active,0.049569,1.276954e-07,5.061001e-06,0.3017,0.4009,169
14,features.11,298,pruned_before,nan,0.000000e+00,0.000000e+00,0.0000,0.0000,0
14,features.11,299,pruned_before,nan,0.000000e+00,0.000000e+00,0.0000,0.0000,0
14,features.11,300,active,-0.142241,1.673625e-06,1.310755e-05,0.9784,0.6940,169
14,features.11,301,pruned_before,nan,0.000000e+00,0.000000e+00,0.0000,0.0000,0
14,features.11,302,active,-0.058190,3.866609e-07,9.263357e-06,0.7069,0.5905,169
14,features.11,303,active,-0.148707,2.259934e-07,2.510489e-06,0.4741,0.1767,169
14,features.11,304,pruned_before,nan,0.000000e+00,0.000000e+00,0.0000,0.0000,0
14,features.11,305,active,-0.125000,2.413319e-07,3.453412e-06,0.5172,0.2672,169
14,features.11,306,pruned_before,nan,0.000000e+00,0.000000e+00,0.0000,0.0000,0
14,features.11,307,pruned_before,nan,0.000000e+00,0.000000e+00,0.0000,0.0000,0
14,features.11,308,pruned_before,nan,0.000000e+00,0.000000e+00,0.0000,0.0000,0
14,features.11,309,active,-0.008621,2.339560e-07,6.624364e-06,0.5000,0.4828,169
14,features.11,310,pruned_before,nan,0.000000e+00,0.000000e+00,0.0000,0.0000,0
14,features.11,311,active,-0.028017,3.337701e-07,8.302714e-06,0.6121,0.5560,169
14,features.11,312,active,0.107759,6.058065e-08,4.099698e-06,0.1078,0.3233,169
14,features.11,313,active,0.062500,6.855663e-07,5.948315e-05,0.8448,0.9698,169
14,features.11,314,active,0.086207,2.000710e-07,1.000654e-05,0.4397,0.6121,169
14,features.11,315,active,-0.030172,6.679576e-07,1.707515e-05,0.8362,0.7759,169
14,features.11,316,active,-0.137931,1.329978e-07,8.648774e-07,0.3103,0.0345,169
14,features.11,317,active,-0.075431,4.950128e-07,1.073415e-05,0.7759,0.6250,169
14,features.11,318,active,0.004310,3.535249e-07,1.138338e-05,0.6422,0.6509,169
14,features.11,319,active,-0.153017,1.804849e-07,1.503497e-06,0.3966,0.0905,169
14,features.11,320,active,-0.157328,3.684088e-07,4.746975e-06,0.6853,0.3707,169
14,features.11,321,pruned_before,nan,0.000000e+00,0.000000e+00,0.0000,0.0000,0
14,features.11,322,pruned_before,nan,0.000000e+00,0.000000e+00,0.0000,0.0000,0
14,features.11,323,active,0.062500,1.151679e-07,4.703595e-06,0.2414,0.3664,169
14,features.11,324,pruned_before,nan,0.000000e+00,0.000000e+00,0.0000,0.0000,0
14,features.11,325,active,-0.040948,8.060859e-08,1.337722e-06,0.1552,0.0733,169
14,features.11,326,protected,-0.002155,5.675704e-06,9.855346e-05,1.0000,0.9957,169
14,features.11,327,active,-0.202586,4.683578e-07,4.612589e-06,0.7586,0.3534,169
14,features.11,328,active,-0.168103,2.444254e-07,2.627217e-06,0.5216,0.1853,169
14,features.11,329,active,-0.068965,1.305184e-06,1.950621e-05,0.9440,0.8060,169
14,features.11,330,pruned_before,nan,0.000000e+00,0.000000e+00,0.0000,0.0000,0
14,features.11,331,active,-0.012931,1.200944e-07,3.269211e-06,0.2716,0.2457,169
14,features.11,332,active,-0.025862,4.711335e-08,8.134023e-07,0.0819,0.0302,169
14,features.11,333,pruned_before,nan,0.000000e+00,0.000000e+00,0.0000,0.0000,0
14,features.11,334,pruned_before,nan,0.000000e+00,0.000000e+00,0.0000,0.0000,0
14,features.11,335,active,0.105603,2.488632e-07,1.555727e-05,0.5259,0.7371,169
14,features.11,336,active,0.198276,6.669102e-08,7.734574e-06,0.1379,0.5345,169
14,features.11,337,active,-0.150862,1.256545e-06,1.085904e-05,0.9397,0.6379,169
14,features.11,338,active,0.193966,2.526805e-07,4.340410e-05,0.5388,0.9267,169
14,features.11,339,active,-0.127155,8.872914e-07,1.132535e-05,0.9009,0.6466,169
14,features.11,340,pruned_before,nan,0.000000e+00,0.000000e+00,0.0000,0.0000,0
14,features.11,341,pruned_before,nan,0.000000e+00,0.000000e+00,0.0000,0.0000,0
14,features.11,342,active,0.413793,5.417713e-08,4.034330e-05,0.0948,0.9224,169
14,features.11,343,active,0.441810,5.880227e-08,8.542272e-05,0.1034,0.9871,169
14,features.11,344,active,-0.096983,1.006789e-07,5.588567e-07,0.1983,0.0043,169
14,features.11,345,active,-0.116379,1.161649e-07,7.137388e-07,0.2457,0.0129,169
14,features.11,346,pruned_before,nan,0.000000e+00,0.000000e+00,0.0000,0.0000,0
14,features.11,347,active,0.092672,3.993088e-08,3.366975e-06,0.0690,0.2543,169
14,features.11,348,pruned_before,nan,0.000000e+00,0.000000e+00,0.0000,0.0000,0
14,features.11,349,active,-0.002155,3.537135e-07,1.125457e-05,0.6466,0.6422,169
14,features.11,350,active,0.286638,1.504269e-07,3.449838e-05,0.3362,0.9095,169
14,features.11,351,active,-0.232759,6.163448e-07,4.553888e-06,0.8103,0.3448,169
14,features.11,352,pruned_before,nan,0.000000e+00,0.000000e+00,0.0000,0.0000,0
14,features.11,353,active,0.355603,1.106380e-07,4.666654e-05,0.2284,0.9397,169
14,features.11,354,active,0.081897,9.989244e-08,4.667991e-06,0.1940,0.3578,169
14,features.11,355,active,-0.118534,2.116988e-07,2.799042e-06,0.4526,0.2155,169
14,features.11,356,pruned_before,nan,0.000000e+00,0.000000e+00,0.0000,0.0000,0
14,features.11,357,pruned_before,nan,0.000000e+00,0.000000e+00,0.0000,0.0000,0
14,features.11,358,active,-0.073276,1.433652e-06,1.985225e-05,0.9612,0.8147,169
14,features.11,359,pruned_before,nan,0.000000e+00,0.000000e+00,0.0000,0.0000,0
14,features.11,360,pruned_before,nan,0.000000e+00,0.000000e+00,0.0000,0.0000,0
14,features.11,361,pruned_before,nan,0.000000e+00,0.000000e+00,0.0000,0.0000,0
14,features.11,362,active,0.004310,1.806553e-07,5.345979e-06,0.4009,0.4095,169
14,features.11,363,active,-0.230603,2.987489e-07,2.180455e-06,0.6078,0.1466,169
14,features.11,364,active,0.293103,9.524388e-08,1.707280e-05,0.1853,0.7716,169
14,features.11,365,pruned_before,nan,0.000000e+00,0.000000e+00,0.0000,0.0000,0
14,features.11,366,active,-0.034483,1.184132e-07,2.708165e-06,0.2672,0.1983,169
14,features.11,367,active,-0.217672,2.014403e-07,6.252049e-07,0.4440,0.0086,169
14,features.11,368,protected,0.002155,1.958232e-06,1.480243e-04,0.9957,1.0000,169
14,features.11,369,active,-0.019397,9.870145e-08,2.208501e-06,0.1897,0.1509,169
14,features.11,370,active,-0.133621,5.841793e-07,7.589820e-06,0.7888,0.5216,169
14,features.11,371,active,-0.181034,2.188306e-07,1.519887e-06,0.4612,0.0991,169
14,features.11,372,active,-0.021552,2.656280e-07,7.446554e-06,0.5603,0.5172,169
14,features.11,373,active,0.161638,9.498335e-08,7.168819e-06,0.1767,0.5000,169
14,features.11,374,active,0.107759,1.549802e-07,8.375047e-06,0.3448,0.5603,169
14,features.11,375,active,0.163793,1.839655e-07,1.557480e-05,0.4138,0.7414,169
14,features.11,376,active,0.215517,2.518710e-07,5.770734e-05,0.5345,0.9655,169
14,features.11,377,pruned_before,nan,0.000000e+00,0.000000e+00,0.0000,0.0000,0
14,features.11,378,pruned_before,nan,0.000000e+00,0.000000e+00,0.0000,0.0000,0
14,features.11,379,active,-0.002155,6.385195e-08,1.804346e-06,0.1336,0.1293,169
14,features.11,380,active,-0.060345,1.087377e-07,1.559739e-06,0.2241,0.1034,169
14,features.11,381,active,-0.234914,3.557473e-07,2.655245e-06,0.6595,0.1897,169
14,features.11,382,pruned_before,nan,0.000000e+00,0.000000e+00,0.0000,0.0000,0
14,features.11,383,active,-0.129310,2.214313e-07,2.743172e-06,0.4655,0.2069,169
14,features.12,0,pruned_before,nan,0.000000e+00,0.000000e+00,0.0000,0.0000,0
14,features.12,1,pruned_before,nan,0.000000e+00,0.000000e+00,0.0000,0.0000,0
14,features.12,2,active,-0.106796,5.968708e-08,1.414209e-06,0.6472,0.4337,201
14,features.12,3,pruned_before,nan,0.000000e+00,0.000000e+00,0.0000,0.0000,0
14,features.12,4,pruned_before,nan,0.000000e+00,0.000000e+00,0.0000,0.0000,0
14,features.12,5,pruned_before,nan,0.000000e+00,0.000000e+00,0.0000,0.0000,0
14,features.12,6,pruned_before,nan,0.000000e+00,0.000000e+00,0.0000,0.0000,0
14,features.12,7,active,0.139159,2.495523e-08,2.451459e-06,0.3625,0.6408,201
14,features.12,8,active,0.307443,1.022380e-08,3.665179e-06,0.1586,0.7735,201
14,features.12,9,pruned_before,nan,0.000000e+00,0.000000e+00,0.0000,0.0000,0
14,features.12,10,active,-0.077670,1.591016e-08,2.426113e-07,0.2427,0.0874,201
14,features.12,11,active,-0.072816,8.764716e-08,2.436023e-06,0.7767,0.6311,201
14,features.12,12,active,-0.059871,2.274178e-07,4.008683e-06,0.9385,0.8188,201
14,features.12,13,active,-0.038835,4.781836e-08,1.816088e-06,0.5922,0.5146,201
14,features.12,14,pruned_before,nan,0.000000e+00,0.000000e+00,0.0000,0.0000,0
14,features.12,15,active,-0.072816,1.850906e-08,4.615779e-07,0.2977,0.1521,201
14,features.12,16,active,0.033981,2.510432e-08,1.457522e-06,0.3689,0.4369,201
14,features.12,17,pruned_before,nan,0.000000e+00,0.000000e+00,0.0000,0.0000,0
14,features.12,18,active,-0.056634,3.844880e-08,1.179388e-06,0.5049,0.3916,201
14,features.12,19,active,-0.174757,3.703196e-08,4.241846e-07,0.4887,0.1392,201
14,features.12,20,pruned_before,nan,0.000000e+00,0.000000e+00,0.0000,0.0000,0
14,features.12,21,pruned_before,nan,0.000000e+00,0.000000e+00,0.0000,0.0000,0
14,features.12,22,active,0.017799,8.636540e-08,3.900941e-06,0.7702,0.8058,201
14,features.12,23,active,0.037217,7.916491e-09,5.226225e-07,0.1036,0.1780,201
14,features.12,24,active,-0.147249,2.667282e-08,2.799000e-07,0.3883,0.0939,201
14,features.12,25,active,0.000000,9.303258e-10,8.724716e-08,0.0259,0.0259,201
14,features.12,26,pruned_before,nan,0.000000e+00,0.000000e+00,0.0000,0.0000,0
14,features.12,27,active,0.001618,8.071893e-09,3.665524e-07,0.1133,0.1165,201
14,features.12,28,pruned_before,nan,0.000000e+00,0.000000e+00,0.0000,0.0000,0
14,features.12,29,pruned_before,nan,0.000000e+00,0.000000e+00,0.0000,0.0000,0
14,features.12,30,active,-0.040453,3.797771e-07,5.822267e-06,0.9741,0.8932,201
14,features.12,31,pruned_before,nan,0.000000e+00,0.000000e+00,0.0000,0.0000,0
14,features.12,32,active,-0.187702,4.980503e-08,6.680153e-07,0.6084,0.2330,201
14,features.12,33,active,-0.058252,5.903253e-07,5.418606e-06,0.9903,0.8738,201
14,features.12,34,active,0.051780,1.433816e-07,3.896152e-05,0.8867,0.9903,201
14,features.12,35,pruned_before,nan,0.000000e+00,0.000000e+00,0.0000,0.0000,0
14,features.12,36,active,0.145631,5.312107e-08,7.513996e-06,0.6246,0.9159,201
14,features.12,37,pruned_before,nan,0.000000e+00,0.000000e+00,0.0000,0.0000,0
14,features.12,38,pruned_before,nan,0.000000e+00,0.000000e+00,0.0000,0.0000,0
14,features.12,39,active,0.179612,1.617580e-08,2.302234e-06,0.2492,0.6084,201
14,features.12,40,active,0.051780,3.942425e-08,2.382422e-06,0.5146,0.6181,201
14,features.12,41,pruned_before,nan,0.000000e+00,0.000000e+00,0.0000,0.0000,0
14,features.12,42,active,-0.202265,1.555466e-07,1.690936e-06,0.8997,0.4951,201
14,features.12,43,active,-0.121359,3.447421e-08,6.679072e-07,0.4725,0.2298,201
14,features.12,44,pruned_before,nan,0.000000e+00,0.000000e+00,0.0000,0.0000,0
14,features.12,45,pruned_before,nan,0.000000e+00,0.000000e+00,0.0000,0.0000,0
14,features.12,46,active,0.006472,1.711345e-09,1.518884e-07,0.0356,0.0485,201
14,features.12,47,pruned_before,nan,0.000000e+00,0.000000e+00,0.0000,0.0000,0
14,features.12,48,active,-0.004854,1.707148e-09,6.653583e-08,0.0324,0.0227,201
14,features.12,49,active,0.195793,1.924571e-08,2.947311e-06,0.3074,0.6990,201
14,features.12,50,active,-0.160194,2.045922e-07,2.316823e-06,0.9320,0.6117,201
14,features.12,51,active,-0.228155,7.994032e-08,8.084075e-07,0.7411,0.2848,201
14,features.12,52,pruned_before,nan,0.000000e+00,0.000000e+00,0.0000,0.0000,0
14,features.12,53,pruned_before,nan,0.000000e+00,0.000000e+00,0.0000,0.0000,0
14,features.12,54,pruned_before,nan,0.000000e+00,0.000000e+00,0.0000,0.0000,0
14,features.12,55,active,-0.200647,9.987466e-08,1.277689e-06,0.8058,0.4045,201
14,features.12,56,active,0.351133,1.652599e-09,3.236120e-06,0.0291,0.7314,201
14,features.12,57,pruned_before,nan,0.000000e+00,0.000000e+00,0.0000,0.0000,0
14,features.12,58,active,0.088997,6.600420e-08,4.982068e-06,0.6828,0.8608,201
14,features.12,59,pruned_before,nan,0.000000e+00,0.000000e+00,0.0000,0.0000,0
14,features.12,60,active,0.097087,1.739256e-08,1.620640e-06,0.2751,0.4693,201
14,features.12,61,active,-0.158576,8.022344e-08,1.371584e-06,0.7443,0.4272,201
14,features.12,62,pruned_before,nan,0.000000e+00,0.000000e+00,0.0000,0.0000,0
14,features.12,63,active,-0.072816,2.220352e-08,5.379706e-07,0.3333,0.1877,201
14,features.12,64,active,-0.045307,9.200784e-09,1.652003e-07,0.1424,0.0518,201
14,features.12,65,active,-0.211974,1.293746e-07,1.499663e-06,0.8706,0.4466,201
14,features.12,66,active,-0.055016,1.402037e-07,3.648078e-06,0.8803,0.7702,201
14,features.12,67,active,0.066343,6.558832e-08,3.950159e-06,0.6796,0.8123,201
14,features.12,68,active,-0.156958,4.402672e-08,6.972197e-07,0.5599,0.2460,201
14,features.12,69,pruned_before,nan,0.000000e+00,0.000000e+00,0.0000,0.0000,0
14,features.12,70,pruned_before,nan,0.000000e+00,0.000000e+00,0.0000,0.0000,0
14,features.12,71,pruned_before,nan,0.000000e+00,0.000000e+00,0.0000,0.0000,0
14,features.12,72,protected,0.142395,7.215139e-08,9.592174e-05,0.7152,1.0000,201
14,features.12,73,active,0.040453,1.562323e-07,2.212161e-05,0.9029,0.9838,201
14,features.12,74,active,0.080906,7.827605e-08,5.853525e-06,0.7346,0.8964,201
14,features.12,75,active,0.004854,2.784833e-08,1.334426e-06,0.4110,0.4207,201
14,features.12,76,active,-0.186084,3.778819e-08,3.700349e-07,0.4919,0.1197,201
14,features.12,77,pruned_before,nan,0.000000e+00,0.000000e+00,0.0000,0.0000,0
14,features.12,78,active,0.116505,3.297596e-08,2.944363e-06,0.4595,0.6926,201
14,features.12,79,pruned_before,nan,0.000000e+00,0.000000e+00,0.0000,0.0000,0
14,features.12,80,active,0.022654,5.353433e-08,2.779376e-06,0.6311,0.6764,201
14,features.12,81,active,-0.050162,6.814164e-08,2.194493e-06,0.6893,0.5890,201
14,features.12,82,pruned_before,nan,0.000000e+00,0.000000e+00,0.0000,0.0000,0
14,features.12,83,pruned_before,nan,0.000000e+00,0.000000e+00,0.0000,0.0000,0
14,features.12,84,pruned_before,nan,0.000000e+00,0.000000e+00,0.0000,0.0000,0
14,features.12,85,pruned_before,nan,0.000000e+00,0.000000e+00,0.0000,0.0000,0
14,features.12,86,active,0.011327,1.184023e-08,6.062477e-07,0.1845,0.2071,201
14,features.12,87,pruned_before,nan,0.000000e+00,0.000000e+00,0.0000,0.0000,0
14,features.12,88,pruned_before,nan,0.000000e+00,0.000000e+00,0.0000,0.0000,0
14,features.12,89,active,0.000000,0.000000e+00,0.000000e+00,0.0194,0.0194,201
14,features.12,90,active,0.000000,0.000000e+00,0.000000e+00,0.0065,0.0065,201
14,features.12,91,pruned_before,nan,0.000000e+00,0.000000e+00,0.0000,0.0000,0
14,features.12,92,pruned_before,nan,0.000000e+00,0.000000e+00,0.0000,0.0000,0
14,features.12,93,active,0.245955,2.974790e-08,9.670011e-06,0.4401,0.9320,201
14,features.12,94,active,0.077670,3.811121e-08,2.620308e-06,0.5016,0.6570,201
14,features.12,95,active,-0.110032,7.835657e-08,1.852428e-06,0.7379,0.5178,201
14,features.12,96,pruned_before,nan,0.000000e+00,0.000000e+00,0.0000,0.0000,0
14,features.12,97,active,0.124595,1.964363e-08,2.094495e-06,0.3172,0.5663,201
14,features.12,98,active,-0.184466,4.686127e-08,6.094726e-07,0.5793,0.2104,201
14,features.12,99,active,0.000000,3.573676e-09,2.207438e-07,0.0647,0.0647,201
14,features.12,100,pruned_before,nan,0.000000e+00,0.000000e+00,0.0000,0.0000,0
14,features.12,101,pruned_before,nan,0.000000e+00,0.000000e+00,0.0000,0.0000,0
14,features.12,102,active,0.016181,2.776329e-09,2.720233e-07,0.0583,0.0906,201
14,features.12,103,pruned_before,nan,0.000000e+00,0.000000e+00,0.0000,0.0000,0
14,features.12,104,active,-0.211974,7.389116e-08,8.367241e-07,0.7217,0.2977,201
14,features.12,105,pruned_before,nan,0.000000e+00,0.000000e+00,0.0000,0.0000,0
14,features.12,106,active,-0.171521,1.745927e-07,2.097375e-06,0.9126,0.5696,201
14,features.12,107,pruned_before,nan,0.000000e+00,0.000000e+00,0.0000,0.0000,0
14,features.12,108,active,0.409385,2.270979e-09,5.178616e-06,0.0485,0.8673,201
14,features.12,109,pruned_before,nan,0.000000e+00,0.000000e+00,0.0000,0.0000,0
14,features.12,110,pruned_before,nan,0.000000e+00,0.000000e+00,0.0000,0.0000,0
14,features.12,111,active,0.029126,6.154045e-08,3.098781e-06,0.6570,0.7152,201
14,features.12,112,pruned_before,nan,0.000000e+00,0.000000e+00,0.0000,0.0000,0
14,features.12,113,active,-0.063107,7.330122e-08,2.222031e-06,0.7184,0.5922,201
14,features.12,114,active,0.291262,2.508278e-08,1.160346e-05,0.3657,0.9482,201
14,features.12,115,pruned_before,nan,0.000000e+00,0.000000e+00,0.0000,0.0000,0
14,features.12,116,active,-0.022654,9.382563e-09,3.089520e-07,0.1489,0.1036,201
14,features.12,117,active,0.000000,0.000000e+00,0.000000e+00,0.0097,0.0097,201
14,features.12,118,pruned_before,nan,0.000000e+00,0.000000e+00,0.0000,0.0000,0
14,features.12,119,pruned_before,nan,0.000000e+00,0.000000e+00,0.0000,0.0000,0
14,features.12,120,pruned_before,nan,0.000000e+00,0.000000e+00,0.0000,0.0000,0
14,features.12,121,pruned_before,nan,0.000000e+00,0.000000e+00,0.0000,0.0000,0
14,features.12,122,active,0.124595,2.528256e-09,8.654283e-07,0.0550,0.3042,201
14,features.12,123,active,-0.084142,2.826119e-08,7.468684e-07,0.4207,0.2524,201
14,features.12,124,active,0.257282,2.148131e-09,2.078886e-06,0.0453,0.5599,201
14,features.12,125,active,-0.200647,2.420359e-07,1.973562e-06,0.9482,0.5469,201
14,features.12,126,active,0.100324,8.558786e-08,1.529801e-05,0.7670,0.9676,201
14,features.12,127,active,0.252427,1.077790e-08,2.739533e-06,0.1683,0.6731,201
14,features.12,128,active,0.145631,5.217688e-08,6.562835e-06,0.6181,0.9094,201
14,features.12,129,pruned_now,-0.377023,2.453146e-07,5.902682e-07,0.9515,0.1974,201
14,features.12,130,active,0.027508,1.840263e-07,1.593043e-05,0.9159,0.9709,201
14,features.12,131,active,0.360841,8.373787e-11,3.418329e-06,0.0227,0.7443,201
14,features.12,132,pruned_before,nan,0.000000e+00,0.000000e+00,0.0000,0.0000,0
14,features.12,133,active,0.058252,1.938411e-09,4.655209e-07,0.0388,0.1553,201
14,features.12,134,pruned_before,nan,0.000000e+00,0.000000e+00,0.0000,0.0000,0
14,features.12,135,pruned_before,nan,0.000000e+00,0.000000e+00,0.0000,0.0000,0
14,features.12,136,active,0.021036,9.425272e-09,5.458953e-07,0.1521,0.1942,201
14,features.12,137,active,0.043689,9.120855e-09,6.331382e-07,0.1359,0.2233,201
14,features.12,138,active,-0.110032,1.880268e-08,2.406167e-07,0.3042,0.0841,201
14,features.12,139,active,-0.072816,1.724167e-08,3.788406e-07,0.2686,0.1230,201
14,features.12,140,pruned_before,nan,0.000000e+00,0.000000e+00,0.0000,0.0000,0
14,features.12,141,pruned_before,nan,0.000000e+00,0.000000e+00,0.0000,0.0000,0
14,features.12,142,active,-0.056634,6.894057e-08,2.174068e-06,0.6958,0.5825,201
14,features.12,143,pruned_before,nan,0.000000e+00,0.000000e+00,0.0000,0.0000,0
14,features.12,144,pruned_before,nan,0.000000e+00,0.000000e+00,0.0000,0.0000,0
14,features.12,145,pruned_before,nan,0.000000e+00,0.000000e+00,0.0000,0.0000,0
14,features.12,146,active,0.114887,7.249281e-09,9.379030e-07,0.0939,0.3236,201
14,features.12,147,pruned_before,nan,0.000000e+00,0.000000e+00,0.0000,0.0000,0
14,features.12,148,active,-0.139159,3.784783e-08,6.150429e-07,0.4951,0.2168,201
14,features.12,149,active,-0.111650,1.658401e-08,1.076712e-07,0.2589,0.0356,201
14,features.12,150,pruned_before,nan,0.000000e+00,0.000000e+00,0.0000,0.0000,0
14,features.12,151,active,-0.042071,2.206708e-07,4.683470e-06,0.9353,0.8511,201
14,features.12,152,pruned_before,nan,0.000000e+00,0.000000e+00,0.0000,0.0000,0
14,features.12,153,pruned_before,nan,0.000000e+00,0.000000e+00,0.0000,0.0000,0
14,features.12,154,active,-0.042071,8.303438e-09,1.366849e-07,0.1230,0.0388,201
14,features.12,155,pruned_before,nan,0.000000e+00,0.000000e+00,0.0000,0.0000,0
14,features.12,156,active,-0.016181,3.640417e-08,1.537560e-06,0.4854,0.4531,201
14,features.12,157,pruned_before,nan,0.000000e+00,0.000000e+00,0.0000,0.0000,0
14,features.12,158,pruned_before,nan,0.000000e+00,0.000000e+00,0.0000,0.0000,0
14,features.12,159,pruned_before,nan,0.000000e+00,0.000000e+00,0.0000,0.0000,0
14,features.12,160,active,0.192557,1.626978e-08,2.450568e-06,0.2524,0.6375,201
14,features.12,161,pruned_before,nan,0.000000e+00,0.000000e+00,0.0000,0.0000,0
14,features.12,162,pruned_before,nan,0.000000e+00,0.000000e+00,0.0000,0.0000,0
14,features.12,163,active,0.000000,0.000000e+00,0.000000e+00,0.0000,0.0000,201
14,features.12,164,active,-0.108414,6.992275e-08,1.669794e-06,0.7023,0.4854,201
14,features.12,165,pruned_before,nan,0.000000e+00,0.000000e+00,0.0000,0.0000,0
14,features.12,166,pruned_before,nan,0.000000e+00,0.000000e+00,0.0000,0.0000,0
14,features.12,167,pruned_before,nan,0.000000e+00,0.000000e+00,0.0000,0.0000,0
14,features.12,168,active,-0.211974,1.455085e-07,1.619667e-06,0.8900,0.4660,201
14,features.12,169,active,0.100324,1.178915e-08,1.142778e-06,0.1812,0.3819,201
14,features.12,170,pruned_before,nan,0.000000e+00,0.000000e+00,0.0000,0.0000,0
14,features.12,171,active,0.111650,8.512403e-08,1.988160e-05,0.7573,0.9806,201
14,features.12,172,active,-0.231392,2.536455e-07,1.716548e-06,0.9644,0.5016,201
14,features.12,173,active,0.312298,1.650294e-08,5.560010e-06,0.2557,0.8803,201
14,features.12,174,pruned_before,nan,0.000000e+00,0.000000e+00,0.0000,0.0000,0
14,features.12,175,pruned_before,nan,0.000000e+00,0.000000e+00,0.0000,0.0000,0
14,features.12,176,pruned_before,nan,0.000000e+00,0.000000e+00,0.0000,0.0000,0
14,features.12,177,active,0.168285,4.239474e-08,5.495215e-06,0.5405,0.8770,201
14,features.12,178,pruned_before,nan,0.000000e+00,0.000000e+00,0.0000,0.0000,0
14,features.12,179,active,0.014563,3.440061e-08,1.699172e-06,0.4693,0.4984,201
14,features.12,180,active,0.004854,1.771378e-08,8.243151e-07,0.2848,0.2945,201
14,features.12,181,pruned_before,nan,0.000000e+00,0.000000e+00,0.0000,0.0000,0
14,features.12,182,pruned_before,nan,0.000000e+00,0.000000e+00,0.0000,0.0000,0
14,features.12,183,active,-0.012945,2.530695e-07,9.705936e-06,0.9612,0.9353,201
14,features.12,184,pruned_before,nan,0.000000e+00,0.000000e+00,0.0000,0.0000,0
14,features.12,185,pruned_before,nan,0.000000e+00,0.000000e+00,0.0000,0.0000,0
14,features.12,186,pruned_before,nan,0.000000e+00,0.000000e+00,0.0000,0.0000,0
14,features.12,187,active,0.080906,1.594245e-08,1.291164e-06,0.2460,0.4078,201
14,features.12,188,active,-0.152104,3.519007e-07,2.688353e-06,0.9709,0.6667,201
14,features.12,189,active,0.038835,3.808342e-08,2.113580e-06,0.4984,0.5761,201
14,features.12,190,pruned_before,nan,0.000000e+00,0.000000e+00,0.0000,0.0000,0
14,features.12,191,pruned_before,nan,0.000000e+00,0.000000e+00,0.0000,0.0000,0
14,features.12,192,pruned_before,nan,0.000000e+00,0.000000e+00,0.0000,0.0000,0
14,features.12,193,active,0.006472,2.045204e-08,1.003139e-06,0.3269,0.3398,201
14,features.12,194,active,0.237864,8.474885e-09,2.285348e-06,0.1262,0.6019,201
14,features.12,195,active,-0.027508,1.473758e-07,4.656732e-06,0.8932,0.8382,201
14,features.12,196,active,-0.077670,3.545043e-08,9.370792e-07,0.4757,0.3204,201
14,features.12,197,active,0.147249,6.969447e-08,4.085508e-05,0.6990,0.9935,201
14,features.12,198,active,-0.088997,8.556622e-08,2.178320e-06,0.7638,0.5858,201
14,features.12,199,active,-0.025890,2.695271e-08,1.023860e-06,0.3981,0.3463,201
14,features.12,200,active,0.080906,7.621408e-09,7.738247e-07,0.0971,0.2589,201
14,features.12,201,active,0.024272,1.363400e-08,7.649538e-07,0.2071,0.2557,201
14,features.12,202,active,-0.066343,1.068718e-08,1.049675e-07,0.1650,0.0324,201
14,features.12,203,pruned_before,nan,0.000000e+00,0.000000e+00,0.0000,0.0000,0
14,features.12,204,pruned_before,nan,0.000000e+00,0.000000e+00,0.0000,0.0000,0
14,features.12,205,pruned_before,nan,0.000000e+00,0.000000e+00,0.0000,0.0000,0
14,features.12,206,active,-0.116505,7.140262e-08,1.642622e-06,0.7120,0.4790,201
14,features.12,207,pruned_before,nan,0.000000e+00,0.000000e+00,0.0000,0.0000,0
14,features.12,208,pruned_before,nan,0.000000e+00,0.000000e+00,0.0000,0.0000,0
14,features.12,209,active,-0.194175,8.677105e-08,1.159320e-06,0.7735,0.3851,201
14,features.12,210,active,-0.058252,1.674462e-08,4.539188e-07,0.2621,0.1456,201
14,features.12,211,pruned_before,nan,0.000000e+00,0.000000e+00,0.0000,0.0000,0
14,features.12,212,pruned_before,nan,0.000000e+00,0.000000e+00,0.0000,0.0000,0
14,features.12,213,pruned_before,nan,0.000000e+00,0.000000e+00,0.0000,0.0000,0
14,features.12,214,pruned_before,nan,0.000000e+00,0.000000e+00,0.0000,0.0000,0
14,features.12,215,active,-0.004854,7.005588e-08,2.946479e-06,0.7055,0.6958,201
14,features.12,216,pruned_before,nan,0.000000e+00,0.000000e+00,0.0000,0.0000,0
14,features.12,217,pruned_before,nan,0.000000e+00,0.000000e+00,0.0000,0.0000,0
14,features.12,218,pruned_before,nan,0.000000e+00,0.000000e+00,0.0000,0.0000,0
14,features.12,219,pruned_before,nan,0.000000e+00,0.000000e+00,0.0000,0.0000,0
14,features.12,220,pruned_before,nan,0.000000e+00,0.000000e+00,0.0000,0.0000,0
14,features.12,221,pruned_before,nan,0.000000e+00,0.000000e+00,0.0000,0.0000,0
14,features.12,222,active,0.129450,4.000563e-08,3.797257e-06,0.5275,0.7864,201
14,features.12,223,pruned_before,nan,0.000000e+00,0.000000e+00,0.0000,0.0000,0
14,features.12,224,pruned_before,nan,0.000000e+00,0.000000e+00,0.0000,0.0000,0
14,features.12,225,active,0.019417,1.478716e-08,7.840242e-07,0.2330,0.2718,201
14,features.12,226,active,0.037217,8.132544e-08,4.255006e-06,0.7476,0.8220,201
14,features.12,227,pruned_before,nan,0.000000e+00,0.000000e+00,0.0000,0.0000,0
14,features.12,228,pruned_before,nan,0.000000e+00,0.000000e+00,0.0000,0.0000,0
14,features.12,229,active,0.242718,1.124839e-08,2.657776e-06,0.1748,0.6602,201
14,features.12,230,active,-0.113269,4.790222e-08,1.086923e-06,0.5955,0.3689,201
14,features.12,231,active,-0.046926,3.964290e-08,1.346718e-06,0.5178,0.4239,201
14,features.12,232,active,0.000000,0.000000e+00,0.000000e+00,0.0129,0.0129,201
14,features.12,233,active,0.299353,2.467783e-08,1.303573e-05,0.3592,0.9579,201
14,features.12,234,pruned_before,nan,0.000000e+00,0.000000e+00,0.0000,0.0000,0
14,features.12,235,active,0.000000,0.000000e+00,0.000000e+00,0.0162,0.0162,201
14,features.12,236,pruned_before,nan,0.000000e+00,0.000000e+00,0.0000,0.0000,0
14,features.12,237,pruned_before,nan,0.000000e+00,0.000000e+00,0.0000,0.0000,0
14,features.12,238,active,-0.067961,1.836292e-08,4.797942e-07,0.2945,0.1586,201
14,features.12,239,active,0.017799,2.298627e-08,1.123614e-06,0.3398,0.3754,201
14,features.12,240,active,-0.100324,3.153470e-08,7.180155e-07,0.4498,0.2492,201
14,features.12,241,pruned_before,nan,0.000000e+00,0.000000e+00,0.0000,0.0000,0
14,features.12,242,pruned_before,nan,0.000000e+00,0.000000e+00,0.0000,0.0000,0
14,features.12,243,active,-0.118123,1.696175e-08,9.622087e-08,0.2654,0.0291,201
14,features.12,244,active,0.029126,1.477562e-08,8.178920e-07,0.2298,0.2880,201
14,features.12,245,pruned_before,nan,0.000000e+00,0.000000e+00,0.0000,0.0000,0
14,features.12,246,pruned_before,nan,0.000000e+00,0.000000e+00,0.0000,0.0000,0
14,features.12,247,pruned_before,nan,0.000000e+00,0.000000e+00,0.0000,0.0000,0
14,features.12,248,active,-0.100324,5.146225e-08,1.312217e-06,0.6149,0.4142,201
14,features.12,249,active,0.095469,7.878751e-09,8.209277e-07,0.1003,0.2913,201
14,features.12,250,active,-0.213592,1.008278e-07,1.169955e-06,0.8155,0.3883,201
14,features.12,251,pruned_before,nan,0.000000e+00,0.000000e+00,0.0000,0.0000,0
14,features.12,252,pruned_before,nan,0.000000e+00,0.000000e+00,0.0000,0.0000,0
14,features.12,253,active,-0.009709,4.519594e-07,1.352250e-05,0.9806,0.9612,201
14,features.12,254,active,0.085761,6.732911e-08,4.974479e-06,0.6861,0.8576,201
14,features.12,255,pruned_before,nan,0.000000e+00,0.000000e+00,0.0000,0.0000,0
14,features.12,256,active,0.135922,1.851607e-08,2.106901e-06,0.3010,0.5728,201
14,features.12,257,active,-0.114887,1.783443e-08,1.983365e-07,0.2880,0.0583,201
14,features.12,258,pruned_before,nan,0.000000e+00,0.000000e+00,0.0000,0.0000,0
14,features.12,259,pruned_before,nan,0.000000e+00,0.000000e+00,0.0000,0.0000,0
14,features.12,260,pruned_before,nan,0.000000e+00,0.000000e+00,0.0000,0.0000,0
14,features.12,261,active,0.046926,6.188408e-08,3.541982e-06,0.6602,0.7540,201
14,features.12,262,active,0.063107,1.214922e-08,9.310388e-07,0.1909,0.3172,201
14,features.12,263,active,-0.160194,1.159546e-07,1.890296e-06,0.8511,0.5307,201
14,features.12,264,active,0.226537,2.084642e-08,3.713192e-06,0.3301,0.7832,201
14,features.12,265,pruned_before,nan,0.000000e+00,0.000000e+00,0.0000,0.0000,0
14,features.12,266,active,0.046926,1.105601e-07,9.031442e-06,0.8350,0.9288,201
14,features.12,267,pruned_before,nan,0.000000e+00,0.000000e+00,0.0000,0.0000,0
14,features.12,268,active,-0.129450,5.229876e-08,1.081206e-06,0.6214,0.3625,201
14,features.12,269,pruned_before,nan,0.000000e+00,0.000000e+00,0.0000,0.0000,0
14,features.12,270,pruned_before,nan,0.000000e+00,0.000000e+00,0.0000,0.0000,0
14,features.12,271,active,0.014563,3.079922e-08,1.622501e-06,0.4466,0.4757,201
14,features.12,272,pruned_before,nan,0.000000e+00,0.000000e+00,0.0000,0.0000,0
14,features.12,273,pruned_before,nan,0.000000e+00,0.000000e+00,0.0000,0.0000,0
14,features.12,274,active,-0.223301,9.642588e-08,1.008458e-06,0.7896,0.3430,201
14,features.12,275,pruned_before,nan,0.000000e+00,0.000000e+00,0.0000,0.0000,0
14,features.12,276,pruned_before,nan,0.000000e+00,0.000000e+00,0.0000,0.0000,0
14,features.12,277,pruned_before,nan,0.000000e+00,0.000000e+00,0.0000,0.0000,0
14,features.12,278,pruned_before,nan,0.000000e+00,0.000000e+00,0.0000,0.0000,0
14,features.12,279,pruned_before,nan,0.000000e+00,0.000000e+00,0.0000,0.0000,0
14,features.12,280,active,0.414239,3.567140e-09,5.767029e-06,0.0615,0.8900,201
14,features.12,281,pruned_before,nan,0.000000e+00,0.000000e+00,0.0000,0.0000,0
14,features.12,282,active,-0.090615,2.300434e-07,3.580519e-06,0.9417,0.7605,201
14,features.12,283,active,0.032362,8.225420e-09,5.360292e-07,0.1197,0.1845,201
14,features.12,284,pruned_before,nan,0.000000e+00,0.000000e+00,0.0000,0.0000,0
14,features.12,285,pruned_before,nan,0.000000e+00,0.000000e+00,0.0000,0.0000,0
14,features.12,286,active,-0.006472,3.975326e-08,1.739432e-06,0.5210,0.5081,201
14,features.12,287,active,0.008091,1.874864e-07,9.783590e-06,0.9223,0.9385,201
14,features.12,288,active,0.087379,4.587569e-08,3.481114e-06,0.5728,0.7476,201
14,features.12,289,pruned_before,nan,0.000000e+00,0.000000e+00,0.0000,0.0000,0
14,features.12,290,pruned_before,nan,0.000000e+00,0.000000e+00,0.0000,0.0000,0
14,features.12,291,active,-0.108414,3.569270e-08,7.747408e-07,0.4790,0.2621,201
14,features.12,292,pruned_before,nan,0.000000e+00,0.000000e+00,0.0000,0.0000,0
14,features.12,293,pruned_now,-0.258900,8.444531e-08,6.730251e-07,0.7540,0.2362,201
14,features.12,294,active,0.260518,5.484722e-09,2.287252e-06,0.0841,0.6052,201
14,features.12,295,pruned_before,nan,0.000000e+00,0.000000e+00,0.0000,0.0000,0
14,features.12,296,active,0.045307,2.891415e-08,1.853681e-06,0.4304,0.5210,201
14,features.12,297,active,-0.084142,1.052284e-07,2.581691e-06,0.8220,0.6537,201
14,features.12,298,pruned_before,nan,0.000000e+00,0.000000e+00,0.0000,0.0000,0
14,features.12,299,active,-0.203883,4.353983e-08,4.288256e-07,0.5502,0.1424,201
14,features.12,300,pruned_before,nan,0.000000e+00,0.000000e+00,0.0000,0.0000,0
14,features.12,301,pruned_before,nan,0.000000e+00,0.000000e+00,0.0000,0.0000,0
14,features.12,302,active,0.058252,4.262337e-09,5.435249e-07,0.0744,0.1909,201
14,features.12,303,pruned_before,nan,0.000000e+00,0.000000e+00,0.0000,0.0000,0
14,features.12,304,pruned_before,nan,0.000000e+00,0.000000e+00,0.0000,0.0000,0
14,features.12,305,active,0.001618,1.093547e-08,5.115294e-07,0.1715,0.1748,201
14,features.12,306,active,-0.211974,5.030547e-07,2.087751e-06,0.9871,0.5631,201
14,features.12,307,pruned_before,nan,0.000000e+00,0.000000e+00,0.0000,0.0000,0
14,features.12,308,active,-0.045307,4.902306e-08,1.792752e-06,0.6019,0.5113,201
14,features.12,309,active,-0.121359,2.510540e-08,3.895229e-07,0.3722,0.1294,201
14,features.12,310,active,-0.131068,6.464776e-08,1.295415e-06,0.6731,0.4110,201
14,features.12,311,pruned_before,nan,0.000000e+00,0.000000e+00,0.0000,0.0000,0
14,features.12,312,active,0.072816,6.274317e-08,3.997679e-06,0.6699,0.8155,201
14,features.12,313,pruned_before,nan,0.000000e+00,0.000000e+00,0.0000,0.0000,0
14,features.12,314,pruned_now,-0.262136,8.228648e-08,6.450163e-07,0.7508,0.2265,201
14,features.12,315,pruned_before,nan,0.000000e+00,0.000000e+00,0.0000,0.0000,0
14,features.12,316,active,-0.181230,3.927233e-08,4.589049e-07,0.5113,0.1489,201
14,features.12,317,active,-0.229773,5.339688e-08,4.924462e-07,0.6278,0.1683,201
14,features.12,318,pruned_before,nan,0.000000e+00,0.000000e+00,0.0000,0.0000,0
14,features.12,319,pruned_before,nan,0.000000e+00,0.000000e+00,0.0000,0.0000,0
14,features.12,320,active,-0.004854,1.412533e-08,5.961142e-07,0.2136,0.2039,201
14,features.12,321,pruned_now,-0.346278,1.194282e-07,4.952596e-07,0.8641,0.1715,201
14,features.12,322,active,-0.082524,4.245150e-08,1.135626e-06,0.5437,0.3786,201
14,features.12,323,active,0.030744,1.138390e-07,6.503787e-06,0.8447,0.9061,201
14,features.12,324,active,-0.148867,2.706181e-08,3.183268e-07,0.4045,0.1068,201
14,features.12,325,pruned_before,nan,0.000000e+00,0.000000e+00,0.0000,0.0000,0
14,features.12,326,pruned_before,nan,0.000000e+00,0.000000e+00,0.0000,0.0000,0
14,features.12,327,pruned_before,nan,0.000000e+00,0.000000e+00,0.0000,0.0000,0
14,features.12,328,active,-0.021036,4.466770e-08,1.860870e-06,0.5663,0.5243,201
14,features.12,329,pruned_before,nan,0.000000e+00,0.000000e+00,0.0000,0.0000,0
14,features.12,330,active,-0.213592,3.983405e-08,2.836109e-07,0.5243,0.0971,201
14,features.12,331,pruned_now,-0.252427,1.039878e-07,9.224470e-07,0.8188,0.3139,201
14,features.12,332,pruned_before,nan,0.000000e+00,0.000000e+00,0.0000,0.0000,0
14,features.12,333,active,0.017799,1.079433e-07,5.081613e-06,0.8285,0.8641,201
14,features.12,334,active,0.156958,1.459745e-08,1.893295e-06,0.2201,0.5340,201
14,features.12,335,pruned_before,nan,0.000000e+00,0.000000e+00,0.0000,0.0000,0
14,features.12,336,active,-0.042071,7.625060e-08,2.521701e-06,0.7282,0.6440,201
14,features.12,337,active,0.236246,2.594475e-08,4.788293e-06,0.3819,0.8544,201
14,features.12,338,active,0.234628,2.925945e-08,6.304099e-06,0.4337,0.9029,201
14,features.12,339,pruned_before,nan,0.000000e+00,0.000000e+00,0.0000,0.0000,0
14,features.12,340,active,0.451456,4.168943e-09,1.612877e-05,0.0712,0.9741,201
14,features.12,341,active,-0.097087,3.297769e-08,7.831091e-07,0.4628,0.2686,201
14,features.12,342,pruned_before,nan,0.000000e+00,0.000000e+00,0.0000,0.0000,0
14,features.12,343,pruned_before,nan,0.000000e+00,0.000000e+00,0.0000,0.0000,0
14,features.12,344,pruned_before,nan,0.000000e+00,0.000000e+00,0.0000,0.0000,0
14,features.12,345,active,0.051780,1.472987e-08,9.653062e-07,0.2265,0.3301,201
14,features.12,346,active,-0.076052,1.168447e-07,2.998584e-06,0.8544,0.7023,201
14,features.12,347,active,0.025890,8.924306e-08,4.505179e-06,0.7832,0.8350,201
14,features.12,348,active,-0.011327,1.218590e-07,4.677574e-06,0.8673,0.8447,201
14,features.12,349,active,0.055016,4.890318e-08,3.043919e-06,0.5987,0.7087,201
14,features.12,350,pruned_before,nan,0.000000e+00,0.000000e+00,0.0000,0.0000,0
14,features.12,351,pruned_before,nan,0.000000e+00,0.000000e+00,0.0000,0.0000,0
14,features.12,352,active,-0.072816,4.405249e-08,1.324062e-06,0.5631,0.4175,201
14,features.12,353,active,0.077670,1.399288e-08,1.086759e-06,0.2104,0.3657,201
14,features.12,354,pruned_before,nan,0.000000e+00,0.000000e+00,0.0000,0.0000,0
14,features.12,355,pruned_before,nan,0.000000e+00,0.000000e+00,0.0000,0.0000,0
14,features.12,356,active,-0.160194,6.041789e-08,9.791966e-07,0.6537,0.3333,201
14,features.12,357,active,0.003236,2.437045e-08,1.051709e-06,0.3528,0.3592,201
14,features.12,358,pruned_before,nan,0.000000e+00,0.000000e+00,0.0000,0.0000,0
14,features.12,359,active,-0.116505,1.093529e-07,2.266174e-06,0.8317,0.5987,201
14,features.12,360,pruned_before,nan,0.000000e+00,0.000000e+00,0.0000,0.0000,0
14,features.12,361,active,-0.152104,2.564255e-08,2.258682e-07,0.3754,0.0712,201
14,features.12,362,pruned_before,nan,0.000000e+00,0.000000e+00,0.0000,0.0000,0
14,features.12,363,active,0.058252,6.843933e-08,3.908585e-06,0.6926,0.8091,201
14,features.12,364,pruned_before,nan,0.000000e+00,0.000000e+00,0.0000,0.0000,0
14,features.12,365,active,-0.001618,9.907513e-08,3.855037e-06,0.7994,0.7961,201
14,features.12,366,active,-0.021036,3.624166e-08,1.464529e-06,0.4822,0.4401,201
14,features.12,367,pruned_before,nan,0.000000e+00,0.000000e+00,0.0000,0.0000,0
14,features.12,368,pruned_before,nan,0.000000e+00,0.000000e+00,0.0000,0.0000,0
14,features.12,369,active,0.000000,0.000000e+00,0.000000e+00,0.0032,0.0032,201
14,features.12,370,active,0.158576,4.081308e-08,4.678514e-06,0.5307,0.8479,201
14,features.12,371,active,-0.024272,4.359475e-08,1.721041e-06,0.5534,0.5049,201
14,features.12,372,active,-0.080906,9.737507e-08,2.439562e-06,0.7961,0.6343,201
14,features.12,373,active,0.158576,1.937273e-08,2.415388e-06,0.3107,0.6278,201
14,features.12,374,pruned_before,nan,0.000000e+00,0.000000e+00,0.0000,0.0000,0
14,features.12,375,active,-0.092233,4.120459e-08,1.035348e-06,0.5340,0.3495,201
14,features.12,376,active,-0.168285,1.345801e-07,1.955001e-06,0.8738,0.5372,201
14,features.12,377,protected,0.118123,8.537854e-08,4.318426e-05,0.7605,0.9968,201
14,features.12,378,pruned_before,nan,0.000000e+00,0.000000e+00,0.0000,0.0000,0
14,features.12,379,active,0.275081,2.965881e-08,2.395461e-05,0.4369,0.9871,201
14,features.12,380,pruned_before,nan,0.000000e+00,0.000000e+00,0.0000,0.0000,0
14,features.12,381,active,-0.241100,7.531121e-08,6.873780e-07,0.7249,0.2427,201
14,features.12,382,pruned_now,-0.260518,1.142152e-07,9.468475e-07,0.8479,0.3269,201
14,features.12,383,active,-0.088997,2.580200e-08,5.936391e-07,0.3786,0.2006,201
14,features.12,384,pruned_now,-0.255663,5.806040e-08,4.014613e-07,0.6440,0.1327,201
14,features.12,385,active,0.322006,1.575421e-08,5.587982e-06,0.2395,0.8835,201
14,features.12,386,active,-0.082524,1.995286e-07,3.634429e-06,0.9288,0.7638,201
14,features.12,387,pruned_before,nan,0.000000e+00,0.000000e+00,0.0000,0.0000,0
14,features.12,388,pruned_before,nan,0.000000e+00,0.000000e+00,0.0000,0.0000,0
14,features.12,389,pruned_before,nan,0.000000e+00,0.000000e+00,0.0000,0.0000,0
14,features.12,390,pruned_before,nan,0.000000e+00,0.000000e+00,0.0000,0.0000,0
14,features.12,391,pruned_before,nan,0.000000e+00,0.000000e+00,0.0000,0.0000,0
14,features.12,392,active,0.346278,1.227151e-08,5.616755e-06,0.1942,0.8867,201
14,features.12,393,active,-0.032362,2.317305e-08,7.945847e-07,0.3430,0.2783,201
14,features.12,394,pruned_before,nan,0.000000e+00,0.000000e+00,0.0000,0.0000,0
14,features.12,395,pruned_before,nan,0.000000e+00,0.000000e+00,0.0000,0.0000,0
14,features.12,396,active,-0.011327,2.827547e-08,1.240764e-06,0.4239,0.4013,201
14,features.12,397,pruned_before,nan,0.000000e+00,0.000000e+00,0.0000,0.0000,0
14,features.12,398,active,-0.205502,3.396385e-08,1.655853e-07,0.4660,0.0550,201
14,features.12,399,pruned_before,nan,0.000000e+00,0.000000e+00,0.0000,0.0000,0
14,features.12,400,active,0.210356,1.324111e-08,2.397879e-06,0.2006,0.6214,201
14,features.12,401,active,0.364078,2.476523e-09,3.697867e-06,0.0518,0.7799,201
14,features.12,402,active,-0.231392,2.357231e-07,1.643937e-06,0.9450,0.4822,201
14,features.12,403,active,0.016181,2.101092e-09,2.260589e-07,0.0421,0.0744,201
14,features.12,404,active,-0.118123,1.763871e-08,1.500996e-07,0.2816,0.0453,201
14,features.12,405,pruned_before,nan,0.000000e+00,0.000000e+00,0.0000,0.0000,0
14,features.12,406,active,-0.066343,4.780184e-08,1.547626e-06,0.5890,0.4563,201
14,features.12,407,active,0.016181,2.009923e-08,1.046883e-06,0.3236,0.3560,201
14,features.12,408,active,0.294498,1.199446e-08,3.688082e-06,0.1877,0.7767,201
14,features.12,409,active,0.098706,4.926259e-08,3.888524e-06,0.6052,0.8026,201
14,features.12,410,active,-0.092233,1.592443e-07,3.174652e-06,0.9061,0.7217,201
14,features.12,411,active,0.278317,2.664787e-08,9.983247e-06,0.3851,0.9417,201
14,features.12,412,pruned_before,nan,0.000000e+00,0.000000e+00,0.0000,0.0000,0
14,features.12,413,active,0.199029,2.695802e-08,3.865584e-06,0.4013,0.7994,201
14,features.12,414,active,0.152104,3.160621e-08,3.563351e-06,0.4531,0.7573,201
14,features.12,415,pruned_before,nan,0.000000e+00,0.000000e+00,0.0000,0.0000,0
14,features.12,416,active,0.045307,1.188678e-07,1.171680e-05,0.8608,0.9515,201
14,features.12,417,active,0.258900,1.725124e-08,3.809018e-06,0.2718,0.7896,201
14,features.12,418,pruned_before,nan,0.000000e+00,0.000000e+00,0.0000,0.0000,0
14,features.12,419,pruned_before,nan,0.000000e+00,0.000000e+00,0.0000,0.0000,0
14,features.12,420,pruned_before,nan,0.000000e+00,0.000000e+00,0.0000,0.0000,0
14,features.12,421,active,0.160194,5.037640e-09,1.233493e-06,0.0777,0.3981,201
14,features.12,422,pruned_before,nan,0.000000e+00,0.000000e+00,0.0000,0.0000,0
14,features.12,423,active,0.011327,1.319870e-08,6.222225e-07,0.1974,0.2201,201
14,features.12,424,pruned_before,nan,0.000000e+00,0.000000e+00,0.0000,0.0000,0
14,features.12,425,pruned_before,nan,0.000000e+00,0.000000e+00,0.0000,0.0000,0
14,features.12,426,pruned_before,nan,0.000000e+00,0.000000e+00,0.0000,0.0000,0
14,features.12,427,pruned_before,nan,0.000000e+00,0.000000e+00,0.0000,0.0000,0
14,features.12,428,active,-0.160194,3.267216e-07,2.527727e-06,0.9676,0.6472,201
14,features.12,429,active,-0.160194,3.290945e-08,4.161622e-07,0.4563,0.1359,201
14,features.12,430,pruned_before,nan,0.000000e+00,0.000000e+00,0.0000,0.0000,0
14,features.12,431,pruned_before,nan,0.000000e+00,0.000000e+00,0.0000,0.0000,0
14,features.12,432,active,0.061489,4.392608e-08,2.834087e-06,0.5566,0.6796,201
14,features.12,433,pruned_before,nan,0.000000e+00,0.000000e+00,0.0000,0.0000,0
14,features.12,434,active,-0.192557,1.134084e-06,2.335179e-06,1.0000,0.6149,201
14,features.12,435,active,-0.242718,5.977167e-08,4.839457e-07,0.6505,0.1650,201
14,features.12,436,pruned_before,nan,0.000000e+00,0.000000e+00,0.0000,0.0000,0
14,features.12,437,active,-0.043689,8.626285e-09,1.454230e-07,0.1294,0.0421,201
14,features.12,438,active,-0.035599,1.041303e-06,8.552637e-06,0.9968,0.9256,201
14,features.12,439,active,0.008091,8.055680e-09,3.802116e-07,0.1100,0.1262,201
14,features.12,440,active,0.061489,4.257351e-08,2.693630e-06,0.5469,0.6699,201
14,features.12,441,pruned_before,nan,0.000000e+00,0.000000e+00,0.0000,0.0000,0
14,features.12,442,active,-0.122977,9.357454e-08,1.957603e-06,0.7864,0.5405,201
14,features.12,443,pruned_before,nan,0.000000e+00,0.000000e+00,0.0000,0.0000,0
14,features.12,444,pruned_before,nan,0.000000e+00,0.000000e+00,0.0000,0.0000,0
14,features.12,445,pruned_before,nan,0.000000e+00,0.000000e+00,0.0000,0.0000,0
14,features.12,446,active,0.182848,1.168056e-08,1.963116e-06,0.1780,0.5437,201
14,features.12,447,pruned_before,nan,0.000000e+00,0.000000e+00,0.0000,0.0000,0
14,features.12,448,active,0.024272,1.537889e-07,1.135986e-05,0.8964,0.9450,201
14,features.12,449,active,-0.132686,2.469638e-07,2.845834e-06,0.9547,0.6893,201
14,features.12,450,active,0.252427,2.805714e-08,7.576750e-06,0.4175,0.9223,201
14,features.12,451,active,0.029126,6.260320e-08,3.185391e-06,0.6667,0.7249,201
14,features.12,452,active,-0.040453,6.478252e-08,2.249419e-06,0.6764,0.5955,201
14,features.12,453,pruned_before,nan,0.000000e+00,0.000000e+00,0.0000,0.0000,0
14,features.12,454,active,-0.152104,1.408571e-07,2.133658e-06,0.8835,0.5793,201
14,features.12,455,pruned_before,nan,0.000000e+00,0.000000e+00,0.0000,0.0000,0
14,features.12,456,pruned_before,nan,0.000000e+00,0.000000e+00,0.0000,0.0000,0
14,features.12,457,pruned_before,nan,0.000000e+00,0.000000e+00,0.0000,0.0000,0
14,features.12,458,pruned_before,nan,0.000000e+00,0.000000e+00,0.0000,0.0000,0
14,features.12,459,pruned_before,nan,0.000000e+00,0.000000e+00,0.0000,0.0000,0
14,features.12,460,pruned_before,nan,0.000000e+00,0.000000e+00,0.0000,0.0000,0
14,features.12,461,active,-0.134304,2.227336e-08,2.234441e-07,0.3366,0.0680,201
14,features.12,462,active,0.229773,1.812489e-08,3.533411e-06,0.2913,0.7508,201
14,features.12,463,pruned_before,nan,0.000000e+00,0.000000e+00,0.0000,0.0000,0
14,features.12,464,active,-0.074434,3.877525e-07,4.465391e-06,0.9773,0.8285,201
14,features.12,465,pruned_before,nan,0.000000e+00,0.000000e+00,0.0000,0.0000,0
14,features.12,466,pruned_before,nan,0.000000e+00,0.000000e+00,0.0000,0.0000,0
14,features.12,467,pruned_before,nan,0.000000e+00,0.000000e+00,0.0000,0.0000,0
14,features.12,468,active,0.077670,1.002635e-07,1.439287e-05,0.8091,0.9644,201
14,features.12,469,active,-0.038835,4.540064e-08,1.684971e-06,0.5696,0.4919,201
14,features.12,470,pruned_before,nan,0.000000e+00,0.000000e+00,0.0000,0.0000,0
14,features.12,471,active,0.161812,1.338716e-08,1.882777e-06,0.2039,0.5275,201
14,features.12,472,pruned_before,nan,0.000000e+00,0.000000e+00,0.0000,0.0000,0
14,features.12,473,active,0.160194,2.717741e-08,3.212689e-06,0.4078,0.7282,201
14,features.12,474,active,0.221683,2.862935e-08,5.205961e-06,0.4272,0.8706,201
14,features.12,475,pruned_before,nan,0.000000e+00,0.000000e+00,0.0000,0.0000,0
14,features.12,476,active,-0.019417,9.220208e-07,1.191687e-05,0.9935,0.9547,201
14,features.12,477,pruned_before,nan,0.000000e+00,0.000000e+00,0.0000,0.0000,0
14,features.12,478,pruned_before,nan,0.000000e+00,0.000000e+00,0.0000,0.0000,0
14,features.12,479,pruned_before,nan,0.000000e+00,0.000000e+00,0.0000,0.0000,0
14,features.12,480,active,-0.126214,1.949631e-08,2.054911e-07,0.3139,0.0615,201
14,features.12,481,active,0.404531,6.345782e-09,6.222681e-06,0.0906,0.8997,201
14,features.12,482,active,-0.161812,1.007121e-07,1.683143e-06,0.8123,0.4887,201
14,features.12,483,pruned_before,nan,0.000000e+00,0.000000e+00,0.0000,0.0000,0
14,features.12,484,pruned_before,nan,0.000000e+00,0.000000e+00,0.0000,0.0000,0
14,features.12,485,pruned_now,-0.249191,8.840218e-08,7.970276e-07,0.7799,0.2816,201
14,features.12,486,pruned_before,nan,0.000000e+00,0.000000e+00,0.0000,0.0000,0
14,features.12,487,pruned_before,nan,0.000000e+00,0.000000e+00,0.0000,0.0000,0
14,features.12,488,active,-0.090615,7.653080e-08,1.983086e-06,0.7314,0.5502,201
14,features.12,489,pruned_now,-0.255663,5.055578e-08,3.081912e-07,0.6117,0.1003,201
14,features.12,490,active,0.276699,1.739437e-08,4.486119e-06,0.2783,0.8317,201
14,features.12,491,active,-0.097087,5.742519e-08,1.486383e-06,0.6375,0.4434,201
14,features.12,492,pruned_before,nan,0.000000e+00,0.000000e+00,0.0000,0.0000,0
14,features.12,493,active,-0.071197,1.468757e-08,2.374140e-07,0.2233,0.0809,201
14,features.12,494,pruned_before,nan,0.000000e+00,0.000000e+00,0.0000,0.0000,0
14,features.12,495,pruned_before,nan,0.000000e+00,0.000000e+00,0.0000,0.0000,0
14,features.12,496,pruned_before,nan,0.000000e+00,0.000000e+00,0.0000,0.0000,0
14,features.12,497,pruned_before,nan,0.000000e+00,0.000000e+00,0.0000,0.0000,0
14,features.12,498,active,-0.093851,2.425561e-08,4.802037e-07,0.3495,0.1618,201
14,features.12,499,pruned_before,nan,0.000000e+00,0.000000e+00,0.0000,0.0000,0
14,features.12,500,pruned_before,nan,0.000000e+00,0.000000e+00,0.0000,0.0000,0
14,features.12,501,pruned_before,nan,0.000000e+00,0.000000e+00,0.0000,0.0000,0
14,features.12,502,active,0.066343,5.527223e-08,3.636965e-06,0.6343,0.7670,201
14,features.12,503,active,-0.056634,2.799961e-08,8.558289e-07,0.4142,0.3010,201
14,features.12,504,active,-0.071197,9.689769e-08,2.538134e-06,0.7929,0.6505,201
14,features.12,505,active,0.090615,3.015886e-08,2.405106e-06,0.4434,0.6246,201
14,features.12,506,active,0.199029,2.685738e-08,3.832352e-06,0.3948,0.7929,201
14,features.12,507,pruned_before,nan,0.000000e+00,0.000000e+00,0.0000,0.0000,0
14,features.12,508,pruned_before,nan,0.000000e+00,0.000000e+00,0.0000,0.0000,0
14,features.12,509,active,0.098706,3.882272e-08,3.033129e-06,0.5081,0.7055,201
14,features.12,510,pruned_before,nan,0.000000e+00,0.000000e+00,0.0000,0.0000,0
14,features.12,511,pruned_before,nan,0.000000e+00,0.000000e+00,0.0000,0.0000,0
14,features.12,512,active,0.205502,9.343350e-09,2.003348e-06,0.1456,0.5566,201
14,features.12,513,pruned_before,nan,0.000000e+00,0.000000e+00,0.0000,0.0000,0
14,features.12,514,active,-0.035599,2.324168e-08,7.907568e-07,0.3463,0.2751,201
14,features.12,515,active,-0.103560,1.867431e-07,3.061585e-06,0.9191,0.7120,201
14,features.12,516,pruned_before,nan,0.000000e+00,0.000000e+00,0.0000,0.0000,0
14,features.12,517,pruned_before,nan,0.000000e+00,0.000000e+00,0.0000,0.0000,0
14,features.12,518,pruned_now,-0.286408,1.110312e-07,7.749448e-07,0.8382,0.2654,201
14,features.12,519,pruned_before,nan,0.000000e+00,0.000000e+00,0.0000,0.0000,0
14,features.12,520,pruned_before,nan,0.000000e+00,0.000000e+00,0.0000,0.0000,0
14,features.12,521,active,-0.203884,1.178902e-07,1.510645e-06,0.8576,0.4498,201
14,features.12,522,active,0.058252,7.128364e-08,4.445951e-06,0.7087,0.8252,201
14,features.12,523,pruned_before,nan,0.000000e+00,0.000000e+00,0.0000,0.0000,0
14,features.12,524,active,0.087379,9.960564e-08,1.647557e-05,0.8026,0.9773,201
14,features.12,525,pruned_before,nan,0.000000e+00,0.000000e+00,0.0000,0.0000,0
14,features.12,526,active,-0.116505,6.250725e-08,1.397065e-06,0.6634,0.4304,201
14,features.12,527,active,-0.058252,4.671699e-08,1.568604e-06,0.5761,0.4595,201
14,features.12,528,active,-0.053398,1.981295e-08,6.132623e-07,0.3204,0.2136,201
14,features.12,529,active,0.278317,1.035725e-08,3.155059e-06,0.1618,0.7184,201
14,features.12,530,pruned_before,nan,0.000000e+00,0.000000e+00,0.0000,0.0000,0
14,features.12,531,pruned_before,nan,0.000000e+00,0.000000e+00,0.0000,0.0000,0
14,features.12,532,active,-0.069579,1.432131e-08,2.266381e-07,0.2168,0.0777,201
14,features.12,533,pruned_before,nan,0.000000e+00,0.000000e+00,0.0000,0.0000,0
14,features.12,534,active,-0.200647,5.744413e-08,6.757608e-07,0.6408,0.2395,201
14,features.12,535,pruned_before,nan,0.000000e+00,0.000000e+00,0.0000,0.0000,0
14,features.12,536,pruned_before,nan,0.000000e+00,0.000000e+00,0.0000,0.0000,0
14,features.12,537,active,0.129450,4.708632e-08,4.675846e-06,0.5825,0.8414,201
14,features.12,538,pruned_before,nan,0.000000e+00,0.000000e+00,0.0000,0.0000,0
14,features.12,539,active,0.300971,8.816472e-09,3.248741e-06,0.1327,0.7346,201
14,features.12,540,pruned_now,-0.265372,1.128099e-07,9.220258e-07,0.8414,0.3107,201
14,features.12,541,pruned_before,nan,0.000000e+00,0.000000e+00,0.0000,0.0000,0
14,features.12,542,pruned_before,nan,0.000000e+00,0.000000e+00,0.0000,0.0000,0
14,features.12,543,pruned_before,nan,0.000000e+00,0.000000e+00,0.0000,0.0000,0
14,features.12,544,pruned_before,nan,0.000000e+00,0.000000e+00,0.0000,0.0000,0
14,features.12,545,active,-0.137540,2.507563e-07,2.838307e-06,0.9579,0.6828,201
14,features.12,546,active,-0.042071,1.074367e-07,3.392838e-06,0.8252,0.7411,201
14,features.12,547,active,-0.006472,1.917950e-07,6.801982e-06,0.9256,0.9126,201
14,features.12,548,active,-0.105178,2.680584e-08,5.353411e-07,0.3916,0.1812,201
14,features.12,549,active,-0.122977,2.453564e-08,3.621112e-07,0.3560,0.1100,201
14,features.12,550,active,0.250809,1.552200e-08,3.255135e-06,0.2362,0.7379,201
14,features.12,551,active,0.127832,5.387169e-09,9.900394e-07,0.0809,0.3366,201
14,features.12,552,active,-0.177994,1.615623e-07,1.988645e-06,0.9094,0.5534,201
14,features.12,553,active,-0.071197,4.182957e-08,1.215592e-06,0.5372,0.3948,201
14,features.12,554,active,0.166667,4.769385e-08,7.565043e-06,0.5858,0.9191,201
14,features.12,555,active,0.098706,1.003737e-08,1.043406e-06,0.1553,0.3528,201
14,features.12,556,pruned_before,nan,0.000000e+00,0.000000e+00,0.0000,0.0000,0
14,features.12,557,pruned_before,nan,0.000000e+00,0.000000e+00,0.0000,0.0000,0
14,features.12,558,pruned_before,nan,0.000000e+00,0.000000e+00,0.0000,0.0000,0
14,features.12,559,active,0.289644,8.049335e-09,2.844820e-06,0.1068,0.6861,201
14,features.12,560,pruned_before,nan,0.000000e+00,0.000000e+00,0.0000,0.0000,0
14,features.12,561,active,-0.207120,1.361745e-07,1.606078e-06,0.8770,0.4628,201
14,features.12,562,pruned_before,nan,0.000000e+00,0.000000e+00,0.0000,0.0000,0
14,features.12,563,active,0.110032,5.663827e-09,8.944542e-07,0.0874,0.3074,201
14,features.12,564,active,0.262136,9.187414e-09,2.662289e-06,0.1392,0.6634,201
14,features.12,565,pruned_before,nan,0.000000e+00,0.000000e+00,0.0000,0.0000,0
14,features.12,566,active,0.022654,4.043986e-09,3.664552e-07,0.0680,0.1133,201
14,features.12,567,pruned_before,nan,0.000000e+00,0.000000e+00,0.0000,0.0000,0
14,features.12,568,pruned_before,nan,0.000000e+00,0.000000e+00,0.0000,0.0000,0
14,features.12,569,pruned_now,-0.255663,4.603241e-07,1.620646e-06,0.9838,0.4725,201
14,features.12,570,active,0.127832,8.193749e-09,1.101414e-06,0.1165,0.3722,201
14,features.12,571,pruned_before,nan,0.000000e+00,0.000000e+00,0.0000,0.0000,0
14,features.12,572,pruned_before,nan,0.000000e+00,0.000000e+00,0.0000,0.0000,0
14,features.12,573,pruned_before,nan,0.000000e+00,0.000000e+00,0.0000,0.0000,0
14,features.12,574,pruned_before,nan,0.000000e+00,0.000000e+00,0.0000,0.0000,0
14,features.12,575,pruned_before,nan,0.000000e+00,0.000000e+00,0.0000,0.0000,0
14,features.13,0,active,-0.041783,1.498658e-07,2.560868e-06,0.8997,0.8162,201
14,features.13,1,active,0.093315,3.276551e-08,1.503378e-06,0.4513,0.6379,201
14,features.13,2,active,-0.103064,1.179246e-07,1.547554e-06,0.8579,0.6518,201
14,features.13,3,pruned_before,nan,0.000000e+00,0.000000e+00,0.0000,0.0000,0
14,features.13,4,active,-0.224234,2.307501e-07,1.015529e-06,0.9526,0.5042,201
14,features.13,5,pruned_before,nan,0.000000e+00,0.000000e+00,0.0000,0.0000,0
14,features.13,6,active,0.146240,4.640939e-08,3.116057e-06,0.5877,0.8802,201
14,features.13,7,pruned_before,nan,0.000000e+00,0.000000e+00,0.0000,0.0000,0
14,features.13,8,pruned_before,nan,0.000000e+00,0.000000e+00,0.0000,0.0000,0
14,features.13,9,active,0.004178,1.864227e-08,5.406586e-07,0.2730,0.2813,201
14,features.13,10,pruned_before,nan,0.000000e+00,0.000000e+00,0.0000,0.0000,0
14,features.13,11,active,-0.196379,1.649706e-07,1.055782e-06,0.9081,0.5153,201
14,features.13,12,active,-0.044568,3.510813e-08,7.391475e-07,0.4819,0.3928,201
14,features.13,13,active,-0.027855,1.055046e-08,1.656076e-07,0.1448,0.0891,201
14,features.13,14,pruned_before,nan,0.000000e+00,0.000000e+00,0.0000,0.0000,0
14,features.13,15,active,0.118384,1.425449e-08,8.538103e-07,0.2089,0.4457,201
14,features.13,16,active,0.084958,2.256429e-08,9.729750e-07,0.3175,0.4875,201
14,features.13,17,active,0.353760,1.164296e-08,3.071707e-06,0.1616,0.8691,201
14,features.13,18,pruned_before,nan,0.000000e+00,0.000000e+00,0.0000,0.0000,0
14,features.13,19,active,-0.218663,8.929291e-08,6.804290e-07,0.7883,0.3510,201
14,features.13,20,pruned_before,nan,0.000000e+00,0.000000e+00,0.0000,0.0000,0
14,features.13,21,active,0.146240,2.376638e-08,1.498846e-06,0.3426,0.6351,201
14,features.13,22,active,0.116992,4.702712e-09,5.571541e-07,0.0613,0.2953,201
14,features.13,23,active,-0.086351,5.795796e-08,9.836212e-07,0.6657,0.4930,201
14,features.13,24,pruned_now,-0.261838,1.076211e-07,6.061690e-07,0.8412,0.3175,201
14,features.13,25,active,0.000000,0.000000e+00,0.000000e+00,0.0000,0.0000,201
14,features.13,26,active,-0.018106,2.174341e-08,5.022505e-07,0.3036,0.2674,201
14,features.13,27,active,0.190808,3.577281e-08,3.052577e-06,0.4847,0.8663,201
14,features.13,28,active,0.040390,1.515656e-08,5.959978e-07,0.2284,0.3092,201
14,features.13,29,active,-0.048747,6.266252e-08,1.313509e-06,0.6852,0.5877,201
14,features.13,30,pruned_before,nan,0.000000e+00,0.000000e+00,0.0000,0.0000,0
14,features.13,31,active,-0.155989,3.788369e-08,3.631314e-07,0.5097,0.1978,201
14,features.13,32,pruned_before,nan,0.000000e+00,0.000000e+00,0.0000,0.0000,0
14,features.13,33,active,0.107242,1.396799e-08,7.997911e-07,0.2033,0.4178,201
14,features.13,34,pruned_before,nan,0.000000e+00,0.000000e+00,0.0000,0.0000,0
14,features.13,35,active,-0.222841,1.004175e-07,7.164406e-07,0.8189,0.3733,201
14,features.13,36,active,0.116992,7.456247e-09,6.391104e-07,0.0975,0.3315,201
14,features.13,37,active,0.406685,3.661179e-09,3.016746e-06,0.0474,0.8607,201
14,features.13,38,active,-0.135098,4.917279e-08,6.563664e-07,0.6072,0.3370,201
14,features.13,39,active,0.082173,3.841259e-08,1.625351e-06,0.5153,0.6797,201
14,features.13,40,active,0.204735,1.834572e-08,1.610285e-06,0.2646,0.6741,201
14,features.13,41,pruned_before,nan,0.000000e+00,0.000000e+00,0.0000,0.0000,0
14,features.13,42,active,-0.066852,3.042384e-08,5.525924e-07,0.4234,0.2897,201
14,features.13,43,pruned_before,nan,0.000000e+00,0.000000e+00,0.0000,0.0000,0
14,features.13,44,active,0.222841,1.484173e-08,1.600217e-06,0.2256,0.6713,201
14,features.13,45,active,0.000000,1.471001e-08,3.875195e-07,0.2173,0.2173,201
14,features.13,46,pruned_before,nan,0.000000e+00,0.000000e+00,0.0000,0.0000,0
14,features.13,47,active,0.121170,3.494409e-08,1.842176e-06,0.4791,0.7214,201
14,features.13,48,pruned_before,nan,0.000000e+00,0.000000e+00,0.0000,0.0000,0
14,features.13,49,active,0.204735,8.940053e-09,1.086004e-06,0.1198,0.5292,201
14,features.13,50,active,-0.097493,1.951093e-07,1.907421e-06,0.9359,0.7409,201
14,features.13,51,active,-0.128134,3.347088e-08,3.748374e-07,0.4596,0.2033,201
14,features.13,52,active,0.096100,2.695585e-08,1.257627e-06,0.3900,0.5822,201
14,features.13,53,pruned_before,nan,0.000000e+00,0.000000e+00,0.0000,0.0000,0
14,features.13,54,pruned_before,nan,0.000000e+00,0.000000e+00,0.0000,0.0000,0
14,features.13,55,active,0.002786,1.490434e-07,4.051267e-06,0.8969,0.9025,201
14,features.13,56,active,0.020891,9.219634e-08,2.755957e-06,0.7994,0.8412,201
14,features.13,57,active,-0.089137,1.665858e-07,1.873603e-06,0.9109,0.7326,201
14,features.13,58,pruned_before,nan,0.000000e+00,0.000000e+00,0.0000,0.0000,0
14,features.13,59,active,-0.047354,1.485922e-07,2.330451e-06,0.8942,0.7994,201
14,features.13,60,pruned_before,nan,0.000000e+00,0.000000e+00,0.0000,0.0000,0
14,features.13,61,active,-0.239554,5.679139e-07,1.026034e-06,0.9916,0.5125,201
14,features.13,62,pruned_before,nan,0.000000e+00,0.000000e+00,0.0000,0.0000,0
14,features.13,63,pruned_before,nan,0.000000e+00,0.000000e+00,0.0000,0.0000,0
14,features.13,64,pruned_before,nan,0.000000e+00,0.000000e+00,0.0000,0.0000,0
14,features.13,65,active,-0.151811,4.159086e-08,4.597639e-07,0.5487,0.2451,201
14,features.13,66,pruned_before,nan,0.000000e+00,0.000000e+00,0.0000,0.0000,0
14,features.13,67,active,-0.229805,1.069479e-07,7.176139e-07,0.8384,0.3788,201
14,features.13,68,pruned_before,nan,0.000000e+00,0.000000e+00,0.0000,0.0000,0
14,features.13,69,active,-0.188022,3.058636e-08,9.963836e-08,0.4262,0.0501,201
14,features.13,70,active,0.040390,2.310448e-08,7.830753e-07,0.3287,0.4095,201
14,features.13,71,active,-0.001393,1.332922e-08,3.524619e-07,0.1894,0.1866,201
14,features.13,72,active,-0.121170,2.229960e-08,1.356593e-07,0.3120,0.0696,201
14,features.13,73,active,-0.133705,3.977948e-08,4.859426e-07,0.5237,0.2563,201
14,features.13,74,pruned_before,nan,0.000000e+00,0.000000e+00,0.0000,0.0000,0
14,features.13,75,active,0.023677,5.873026e-08,1.788929e-06,0.6685,0.7159,201
14,features.13,76,pruned_before,nan,0.000000e+00,0.000000e+00,0.0000,0.0000,0
14,features.13,77,active,-0.044568,3.743044e-08,7.994413e-07,0.5042,0.4150,201
14,features.13,78,pruned_before,nan,0.000000e+00,0.000000e+00,0.0000,0.0000,0
14,features.13,79,active,-0.008357,5.984738e-09,1.214446e-07,0.0808,0.0641,201
14,features.13,80,active,-0.224234,3.474523e-08,5.301667e-08,0.4763,0.0279,201
14,features.13,81,active,-0.171309,2.397318e-07,1.439414e-06,0.9582,0.6156,201
14,features.13,82,active,-0.207521,3.017452e-07,1.214382e-06,0.9777,0.5627,201
14,features.13,83,active,0.161560,5.960105e-08,3.750317e-05,0.6713,0.9944,201
14,features.13,84,pruned_before,nan,0.000000e+00,0.000000e+00,0.0000,0.0000,0
14,features.13,85,pruned_before,nan,0.000000e+00,0.000000e+00,0.0000,0.0000,0
14,features.13,86,pruned_before,nan,0.000000e+00,0.000000e+00,0.0000,0.0000,0
14,features.13,87,active,0.034819,8.343442e-09,3.487499e-07,0.1142,0.1838,201
14,features.13,88,pruned_before,nan,0.000000e+00,0.000000e+00,0.0000,0.0000,0
14,features.13,89,pruned_now,-0.314763,2.859563e-07,6.709911e-07,0.9749,0.3454,201
14,features.13,90,active,-0.151811,7.652832e-08,8.493444e-07,0.7465,0.4429,201
14,features.13,91,active,-0.032033,8.536463e-08,1.719306e-06,0.7716,0.7075,201
14,features.13,92,pruned_before,nan,0.000000e+00,0.000000e+00,0.0000,0.0000,0
14,features.13,93,pruned_before,nan,0.000000e+00,0.000000e+00,0.0000,0.0000,0
14,features.13,94,active,0.043175,2.103310e-09,1.988829e-07,0.0306,0.1170,201
14,features.13,95,active,0.052925,1.802325e-08,7.060648e-07,0.2618,0.3677,201
14,features.13,96,active,0.196379,3.638278e-08,3.143850e-06,0.4903,0.8830,201
14,features.13,97,active,-0.069638,1.512008e-07,2.091939e-06,0.9025,0.7632,201
14,features.13,98,active,-0.147632,1.719623e-07,1.493535e-06,0.9248,0.6295,201
14,features.13,99,pruned_before,nan,0.000000e+00,0.000000e+00,0.0000,0.0000,0
14,features.13,100,active,-0.238162,4.016051e-07,1.017691e-06,0.9833,0.5070,201
14,features.13,101,active,-0.161560,6.270115e-08,7.005964e-07,0.6880,0.3649,201
14,features.13,102,active,-0.227020,9.210737e-08,6.619366e-07,0.7967,0.3426,201
14,features.13,103,pruned_before,nan,0.000000e+00,0.000000e+00,0.0000,0.0000,0
14,features.13,104,active,0.190808,1.009144e-08,1.059046e-06,0.1365,0.5181,201
14,features.13,105,active,-0.178273,2.122115e-07,1.328498e-06,0.9471,0.5905,201
14,features.13,106,pruned_before,nan,0.000000e+00,0.000000e+00,0.0000,0.0000,0
14,features.13,107,pruned_before,nan,0.000000e+00,0.000000e+00,0.0000,0.0000,0
14,features.13,108,active,0.197772,3.120553e-08,2.692886e-06,0.4290,0.8245,201
14,features.13,109,active,0.164345,2.071423e-08,1.459432e-06,0.2925,0.6212,201
14,features.13,110,pruned_now,-0.268802,9.962029e-08,5.404115e-07,0.8162,0.2786,201
14,features.13,111,pruned_before,nan,0.000000e+00,0.000000e+00,0.0000,0.0000,0
14,features.13,112,active,-0.228412,9.771130e-08,6.819334e-07,0.8106,0.3538,201
14,features.13,113,active,-0.155989,2.444965e-07,1.540171e-06,0.9610,0.6490,201
14,features.13,114,active,0.076602,6.245184e-09,4.473367e-07,0.0864,0.2396,201
14,features.13,115,active,-0.052925,1.322303e-07,2.096383e-06,0.8719,0.7660,201
14,features.13,116,pruned_before,nan,0.000000e+00,0.000000e+00,0.0000,0.0000,0
14,features.13,117,pruned_before,nan,0.000000e+00,0.000000e+00,0.0000,0.0000,0
14,features.13,118,active,-0.072423,3.223062e-08,5.723102e-07,0.4429,0.2981,201
14,features.13,119,pruned_before,nan,0.000000e+00,0.000000e+00,0.0000,0.0000,0
14,features.13,120,active,-0.176880,1.365632e-07,1.083669e-06,0.8802,0.5265,201
14,features.13,121,pruned_before,nan,0.000000e+00,0.000000e+00,0.0000,0.0000,0
14,features.13,122,active,0.000000,0.000000e+00,0.000000e+00,0.0056,0.0056,201
14,features.13,123,pruned_before,nan,0.000000e+00,0.000000e+00,0.0000,0.0000,0
14,features.13,124,active,-0.032033,3.046737e-07,4.520194e-06,0.9805,0.9164,201
14,features.13,125,active,0.176880,2.672842e-08,1.895488e-06,0.3816,0.7354,201
14,features.13,126,active,-0.227020,8.764461e-08,6.186258e-07,0.7799,0.3259,201
14,features.13,127,active,-0.004178,2.539774e-07,8.332410e-06,0.9638,0.9554,201
14,features.13,128,active,0.001393,1.065231e-07,2.746526e-06,0.8357,0.8384,201
14,features.13,129,pruned_before,nan,0.000000e+00,0.000000e+00,0.0000,0.0000,0
14,features.13,130,active,-0.058496,1.664412e-08,2.040178e-07,0.2368,0.1198,201
14,features.13,131,pruned_before,nan,0.000000e+00,0.000000e+00,0.0000,0.0000,0
14,features.13,132,active,0.000000,0.000000e+00,0.000000e+00,0.0084,0.0084,201
14,features.13,133,protected,0.147632,6.764313e-08,7.103819e-05,0.7047,1.0000,201
14,features.13,134,active,-0.080780,3.712859e-08,6.578816e-07,0.5014,0.3398,201
14,features.13,135,pruned_now,-0.284123,4.992505e-08,9.756997e-08,0.6156,0.0474,201
14,features.13,136,active,0.206128,1.060613e-08,1.212096e-06,0.1476,0.5599,201
14,features.13,137,pruned_before,nan,0.000000e+00,0.000000e+00,0.0000,0.0000,0
14,features.13,138,active,-0.114206,8.092670e-08,1.090484e-06,0.7604,0.5320,201
14,features.13,139,active,-0.064067,6.491896e-08,1.216516e-06,0.6936,0.5655,201
14,features.13,140,active,0.316156,2.178419e-08,6.331612e-06,0.3064,0.9387,201
14,features.13,141,pruned_before,nan,0.000000e+00,0.000000e+00,0.0000,0.0000,0
14,features.13,142,active,-0.208914,4.066095e-08,1.960782e-07,0.5320,0.1142,201
14,features.13,143,active,-0.150418,6.918296e-08,7.590924e-07,0.7075,0.4067,201
14,features.13,144,active,-0.029248,1.811333e-07,3.086293e-06,0.9304,0.8719,201
14,features.13,145,active,0.000000,4.338508e-10,1.602076e-08,0.0195,0.0195,201
14,features.13,146,active,0.041783,9.104676e-08,3.097626e-06,0.7911,0.8747,201
14,features.13,147,pruned_before,nan,0.000000e+00,0.000000e+00,0.0000,0.0000,0
14,features.13,148,active,0.242340,5.033496e-09,1.198579e-06,0.0669,0.5515,201
14,features.13,149,pruned_before,nan,0.000000e+00,0.000000e+00,0.0000,0.0000,0
14,features.13,150,pruned_before,nan,0.000000e+00,0.000000e+00,0.0000,0.0000,0
14,features.13,151,active,0.355153,7.620262e-09,2.500171e-06,0.1003,0.8106,201
14,features.13,152,active,-0.015320,9.953837e-09,1.678103e-07,0.1309,0.1003,201
14,features.13,153,pruned_before,nan,0.000000e+00,0.000000e+00,0.0000,0.0000,0
14,features.13,154,pruned_before,nan,0.000000e+00,0.000000e+00,0.0000,0.0000,0
14,features.13,155,pruned_before,nan,0.000000e+00,0.000000e+00,0.0000,0.0000,0
14,features.13,156,pruned_before,nan,0.000000e+00,0.000000e+00,0.0000,0.0000,0
14,features.13,157,pruned_before,nan,0.000000e+00,0.000000e+00,0.0000,0.0000,0
14,features.13,158,active,0.149025,4.141264e-08,2.773406e-06,0.5460,0.8440,201
14,features.13,159,active,-0.005571,3.641913e-08,9.527966e-07,0.4930,0.4819,201
14,features.13,160,active,-0.206128,1.340504e-07,9.033836e-07,0.8747,0.4624,201
14,features.13,161,pruned_before,nan,0.000000e+00,0.000000e+00,0.0000,0.0000,0
14,features.13,162,active,0.171309,2.265847e-08,1.589596e-06,0.3259,0.6685,201
14,features.13,163,active,0.006964,1.004338e-07,2.735853e-06,0.8217,0.8357,201
14,features.13,164,pruned_before,nan,0.000000e+00,0.000000e+00,0.0000,0.0000,0
14,features.13,165,pruned_before,nan,0.000000e+00,0.000000e+00,0.0000,0.0000,0
14,features.13,166,active,-0.136490,6.925143e-08,8.450338e-07,0.7103,0.4373,201
14,features.13,167,pruned_before,nan,0.000000e+00,0.000000e+00,0.0000,0.0000,0
14,features.13,168,active,0.077994,5.231662e-08,2.164991e-06,0.6295,0.7855,201
14,features.13,169,active,-0.036212,5.500797e-08,1.232783e-06,0.6462,0.5738,201
14,features.13,170,active,-0.004178,2.119797e-07,5.685479e-06,0.9443,0.9359,201
14,features.13,171,pruned_before,nan,0.000000e+00,0.000000e+00,0.0000,0.0000,0
14,features.13,172,pruned_before,nan,0.000000e+00,0.000000e+00,0.0000,0.0000,0
14,features.13,173,pruned_before,nan,0.000000e+00,0.000000e+00,0.0000,0.0000,0
14,features.13,174,pruned_before,nan,0.000000e+00,0.000000e+00,0.0000,0.0000,0
14,features.13,175,active,-0.069638,1.638113e-08,1.667974e-07,0.2340,0.0947,201
14,features.13,176,pruned_before,nan,0.000000e+00,0.000000e+00,0.0000,0.0000,0
14,features.13,177,pruned_before,nan,0.000000e+00,0.000000e+00,0.0000,0.0000,0
14,features.13,178,pruned_before,nan,0.000000e+00,0.000000e+00,0.0000,0.0000,0
14,features.13,179,pruned_before,nan,0.000000e+00,0.000000e+00,0.0000,0.0000,0
14,features.13,180,active,0.182451,4.233418e-08,5.319170e-06,0.5599,0.9248,201
14,features.13,181,active,-0.121170,2.629858e-08,2.473966e-07,0.3733,0.1309,201
14,features.13,182,active,-0.107242,6.439561e-08,9.380265e-07,0.6908,0.4763,201
14,features.13,183,pruned_before,nan,0.000000e+00,0.000000e+00,0.0000,0.0000,0
14,features.13,184,pruned_before,nan,0.000000e+00,0.000000e+00,0.0000,0.0000,0
14,features.13,185,pruned_before,nan,0.000000e+00,0.000000e+00,0.0000,0.0000,0
14,features.13,186,active,-0.033426,1.558471e-08,3.091887e-07,0.2312,0.1643,201
14,features.13,187,active,0.087744,1.079161e-08,6.211979e-07,0.1532,0.3287,201
14,features.13,188,active,0.279944,3.132375e-08,2.896069e-05,0.4318,0.9916,201
14,features.13,189,active,0.032033,8.264255e-08,2.711411e-06,0.7660,0.8301,201
14,features.13,190,pruned_before,nan,0.000000e+00,0.000000e+00,0.0000,0.0000,0
14,features.13,191,active,-0.125348,7.790164e-08,1.013176e-06,0.7521,0.5014,201
14,features.13,192,active,-0.040390,1.015346e-08,1.143279e-07,0.1393,0.0585,201
14,features.13,193,active,-0.044568,4.109592e-08,8.925713e-07,0.5432,0.4540,201
14,features.13,194,pruned_before,nan,0.000000e+00,0.000000e+00,0.0000,0.0000,0
14,features.13,195,pruned_before,nan,0.000000e+00,0.000000e+00,0.0000,0.0000,0
14,features.13,196,active,-0.151811,1.694531e-07,1.438500e-06,0.9164,0.6128,201
14,features.13,197,active,-0.201950,3.840167e-08,1.945376e-07,0.5125,0.1086,201
14,features.13,198,pruned_before,nan,0.000000e+00,0.000000e+00,0.0000,0.0000,0
14,features.13,199,active,0.130919,7.011013e-08,1.228446e-05,0.7131,0.9749,201
14,features.13,200,pruned_before,nan,0.000000e+00,0.000000e+00,0.0000,0.0000,0
14,features.13,201,pruned_now,-0.268802,4.885823e-08,1.267706e-07,0.6045,0.0669,201
14,features.13,202,pruned_before,nan,0.000000e+00,0.000000e+00,0.0000,0.0000,0
14,features.13,203,active,0.274373,1.959474e-08,2.701852e-06,0.2786,0.8273,201
14,features.13,204,active,-0.034819,7.732603e-09,6.204768e-08,0.1031,0.0334,201
14,features.13,205,active,0.146240,9.992272e-09,8.179823e-07,0.1337,0.4262,201
14,features.13,206,active,-0.155989,3.251277e-08,2.530709e-07,0.4485,0.1365,201
14,features.13,207,pruned_before,nan,0.000000e+00,0.000000e+00,0.0000,0.0000,0
14,features.13,208,active,-0.023677,1.669382e-08,3.629787e-07,0.2423,0.1950,201
14,features.13,209,active,0.158774,3.163315e-08,2.033451e-06,0.4373,0.7549,201
14,features.13,210,active,0.058496,4.670392e-09,3.365422e-07,0.0585,0.1755,201
14,features.13,211,pruned_before,nan,0.000000e+00,0.000000e+00,0.0000,0.0000,0
14,features.13,212,pruned_before,nan,0.000000e+00,0.000000e+00,0.0000,0.0000,0
14,features.13,213,active,0.020891,4.325936e-08,1.405242e-06,0.5655,0.6072,201
14,features.13,214,active,-0.016713,1.722854e-08,4.024999e-07,0.2535,0.2201,201
14,features.13,215,pruned_before,nan,0.000000e+00,0.000000e+00,0.0000,0.0000,0
14,features.13,216,active,0.087744,6.131272e-08,2.849920e-06,0.6769,0.8524,201
14,features.13,217,pruned_before,nan,0.000000e+00,0.000000e+00,0.0000,0.0000,0
14,features.13,218,active,0.299443,8.310024e-09,1.723520e-06,0.1114,0.7103,201
14,features.13,219,pruned_before,nan,0.000000e+00,0.000000e+00,0.0000,0.0000,0
14,features.13,220,pruned_before,nan,0.000000e+00,0.000000e+00,0.0000,0.0000,0
14,features.13,221,active,0.005571,1.703675e-07,5.385627e-06,0.9192,0.9304,201
14,features.13,222,pruned_before,nan,0.000000e+00,0.000000e+00,0.0000,0.0000,0
14,features.13,223,active,-0.126741,4.446190e-08,6.065930e-07,0.5738,0.3203,201
14,features.13,224,pruned_before,nan,0.000000e+00,0.000000e+00,0.0000,0.0000,0
14,features.13,225,active,0.000000,5.393427e-10,3.350035e-08,0.0223,0.0223,201
14,features.13,226,pruned_before,nan,0.000000e+00,0.000000e+00,0.0000,0.0000,0
14,features.13,227,pruned_before,nan,0.000000e+00,0.000000e+00,0.0000,0.0000,0
14,features.13,228,active,-0.068245,2.405608e-08,3.872534e-07,0.3482,0.2117,201
14,features.13,229,pruned_before,nan,0.000000e+00,0.000000e+00,0.0000,0.0000,0
14,features.13,230,pruned_before,nan,0.000000e+00,0.000000e+00,0.0000,0.0000,0
14,features.13,231,active,0.079387,5.338348e-08,2.223569e-06,0.6351,0.7939,201
14,features.13,232,pruned_before,nan,0.000000e+00,0.000000e+00,0.0000,0.0000,0
14,features.13,233,pruned_before,nan,0.000000e+00,0.000000e+00,0.0000,0.0000,0
14,features.13,234,pruned_before,nan,0.000000e+00,0.000000e+00,0.0000,0.0000,0
14,features.13,235,pruned_before,nan,0.000000e+00,0.000000e+00,0.0000,0.0000,0
14,features.13,236,active,-0.197772,3.340271e-08,1.212766e-07,0.4568,0.0613,201
14,features.13,237,active,0.149025,1.706016e-08,1.165627e-06,0.2479,0.5460,201
14,features.13,238,pruned_before,nan,0.000000e+00,0.000000e+00,0.0000,0.0000,0
14,features.13,239,protected,0.306407,2.681466e-08,6.040879e-05,0.3844,0.9972,201
14,features.13,240,active,-0.040390,5.537213e-08,1.217110e-06,0.6490,0.5682,201
14,features.13,241,active,0.337047,3.547551e-09,1.834913e-06,0.0446,0.7187,201
14,features.13,242,active,0.122563,5.882065e-09,6.148724e-07,0.0780,0.3231,201
14,features.13,243,pruned_before,nan,0.000000e+00,0.000000e+00,0.0000,0.0000,0
14,features.13,244,active,-0.032033,1.020498e-07,2.087448e-06,0.8245,0.7604,201
14,features.13,245,active,-0.065460,1.793292e-08,2.405386e-07,0.2591,0.1281,201
14,features.13,246,pruned_before,nan,0.000000e+00,0.000000e+00,0.0000,0.0000,0
14,features.13,247,active,0.207521,2.194645e-08,1.846155e-06,0.3092,0.7242,201
14,features.13,248,active,0.221448,1.436286e-08,1.556406e-06,0.2145,0.6574,201
14,features.13,249,pruned_before,nan,0.000000e+00,0.000000e+00,0.0000,0.0000,0
14,features.13,250,pruned_before,nan,0.000000e+00,0.000000e+00,0.0000,0.0000,0
14,features.13,251,active,-0.169916,5.218502e-08,5.424505e-07,0.6267,0.2869,201
14,features.13,252,pruned_before,nan,0.000000e+00,0.000000e+00,0.0000,0.0000,0
14,features.13,253,active,-0.147632,6.181976e-08,7.309815e-07,0.6825,0.3872,201
14,features.13,254,active,0.162953,6.897441e-09,8.134981e-07,0.0947,0.4206,201
14,features.13,255,active,-0.043175,2.260336e-08,4.369481e-07,0.3231,0.2368,201
14,features.13,256,pruned_before,nan,0.000000e+00,0.000000e+00,0.0000,0.0000,0
14,features.13,257,active,-0.116992,2.347057e-08,1.699950e-07,0.3370,0.1031,201
14,features.13,258,pruned_before,nan,0.000000e+00,0.000000e+00,0.0000,0.0000,0
14,features.13,259,active,-0.097493,1.707240e-08,1.097720e-07,0.2507,0.0557,201
14,features.13,260,active,0.043175,2.814377e-08,9.808250e-07,0.4039,0.4903,201
14,features.13,261,active,-0.200557,3.991314e-08,2.297059e-07,0.5265,0.1253,201
14,features.13,262,active,0.282730,9.755833e-09,1.686081e-06,0.1281,0.6936,201
14,features.13,263,pruned_before,nan,0.000000e+00,0.000000e+00,0.0000,0.0000,0
14,features.13,264,active,0.147632,2.459475e-08,1.548078e-06,0.3593,0.6546,201
14,features.13,265,pruned_before,nan,0.000000e+00,0.000000e+00,0.0000,0.0000,0
14,features.13,266,active,-0.013928,8.737845e-08,2.002870e-06,0.7744,0.7465,201
14,features.13,267,pruned_before,nan,0.000000e+00,0.000000e+00,0.0000,0.0000,0
14,features.13,268,pruned_now,-0.261838,5.916658e-07,9.288386e-07,0.9944,0.4708,201
14,features.13,269,active,0.151811,2.259423e-08,1.460295e-06,0.3203,0.6240,201
14,features.13,270,pruned_before,nan,0.000000e+00,0.000000e+00,0.0000,0.0000,0
14,features.13,271,pruned_before,nan,0.000000e+00,0.000000e+00,0.0000,0.0000,0
14,features.13,272,active,0.161560,1.204897e-08,9.869182e-07,0.1727,0.4958,201
14,features.13,273,active,0.065460,8.015494e-08,3.462396e-06,0.7577,0.8886,201
14,features.13,274,pruned_before,nan,0.000000e+00,0.000000e+00,0.0000,0.0000,0
14,features.13,275,pruned_before,nan,0.000000e+00,0.000000e+00,0.0000,0.0000,0
14,features.13,276,active,0.119777,2.492592e-08,1.397320e-06,0.3649,0.6045,201
14,features.13,277,active,-0.076602,4.186536e-08,7.510882e-07,0.5515,0.3983,201
14,features.13,278,active,0.091922,1.350776e-08,7.166414e-07,0.1922,0.3760,201
14,features.13,279,active,0.389972,1.298233e-08,1.028784e-05,0.1866,0.9666,201
14,features.13,280,active,0.000000,0.000000e+00,0.000000e+00,0.0028,0.0028,201
14,features.13,281,active,0.000000,0.000000e+00,0.000000e+00,0.0139,0.0139,201
14,features.13,282,active,-0.076602,2.830191e-07,2.676797e-06,0.9721,0.8189,201
14,features.13,283,pruned_before,nan,0.000000e+00,0.000000e+00,0.0000,0.0000,0
14,features.13,284,pruned_before,nan,0.000000e+00,0.000000e+00,0.0000,0.0000,0
14,features.13,285,active,0.192201,5.027132e-09,8.713265e-07,0.0641,0.4485,201
14,features.13,286,pruned_before,nan,0.000000e+00,0.000000e+00,0.0000,0.0000,0
14,features.13,287,pruned_before,nan,0.000000e+00,0.000000e+00,0.0000,0.0000,0
14,features.13,288,active,0.075209,4.506802e-08,1.871508e-06,0.5766,0.7270,201
14,features.13,289,pruned_before,nan,0.000000e+00,0.000000e+00,0.0000,0.0000,0
14,features.13,290,pruned_before,nan,0.000000e+00,0.000000e+00,0.0000,0.0000,0
14,features.13,291,pruned_before,nan,0.000000e+00,0.000000e+00,0.0000,0.0000,0
14,features.13,292,active,0.032033,1.260432e-08,4.501731e-07,0.1783,0.2423,201
14,features.13,293,pruned_before,nan,0.000000e+00,0.000000e+00,0.0000,0.0000,0
14,features.13,294,active,0.250696,3.245913e-09,1.139579e-06,0.0418,0.5432,201
14,features.13,295,active,-0.032033,7.752469e-09,8.238839e-08,0.1058,0.0418,201
14,features.13,296,active,0.004178,2.820839e-07,1.261766e-05,0.9694,0.9777,201
14,features.13,297,active,0.185237,3.036350e-08,2.195244e-06,0.4206,0.7911,201
14,features.13,298,active,-0.022284,5.623122e-08,1.428899e-06,0.6546,0.6100,201
14,features.13,299,active,-0.121170,2.345818e-08,1.665343e-07,0.3343,0.0919,201
14,features.13,300,active,-0.013928,3.593040e-08,9.033627e-07,0.4875,0.4596,201
14,features.13,301,active,0.072423,5.742501e-08,2.457947e-06,0.6630,0.8078,201
14,features.13,302,pruned_before,nan,0.000000e+00,0.000000e+00,0.0000,0.0000,0
14,features.13,303,active,0.415042,6.656466e-09,5.074829e-06,0.0919,0.9220,201
14,features.13,304,active,-0.217270,5.430604e-08,3.801096e-07,0.6407,0.2061,201
14,features.13,305,pruned_before,nan,0.000000e+00,0.000000e+00,0.0000,0.0000,0
14,features.13,306,active,0.231198,3.869758e-08,1.290635e-05,0.5181,0.9805,201
14,features.13,307,pruned_before,nan,0.000000e+00,0.000000e+00,0.0000,0.0000,0
14,features.13,308,active,0.220056,8.758104e-09,1.208974e-06,0.1170,0.5571,201
14,features.13,309,pruned_before,nan,0.000000e+00,0.000000e+00,0.0000,0.0000,0
14,features.13,310,pruned_before,nan,0.000000e+00,0.000000e+00,0.0000,0.0000,0
14,features.13,311,active,-0.022284,3.219850e-08,7.457552e-07,0.4401,0.3955,201
14,features.13,312,active,-0.167131,4.568183e-08,4.632526e-07,0.5822,0.2479,201
14,features.13,313,pruned_before,nan,0.000000e+00,0.000000e+00,0.0000,0.0000,0
14,features.13,314,pruned_before,nan,0.000000e+00,0.000000e+00,0.0000,0.0000,0
14,features.13,315,active,-0.083565,5.286205e-08,9.122486e-07,0.6323,0.4652,201
14,features.13,316,pruned_before,nan,0.000000e+00,0.000000e+00,0.0000,0.0000,0
14,features.13,317,active,-0.025070,1.172742e-07,2.417178e-06,0.8552,0.8050,201
14,features.13,318,pruned_before,nan,0.000000e+00,0.000000e+00,0.0000,0.0000,0
14,features.13,319,pruned_now,-0.296657,7.633670e-08,2.812330e-07,0.7437,0.1504,201
14,features.13,320,active,0.293872,1.138965e-08,1.982741e-06,0.1560,0.7437,201
14,features.13,321,pruned_before,nan,0.000000e+00,0.000000e+00,0.0000,0.0000,0
14,features.13,322,active,0.079387,1.853383e-08,8.225233e-07,0.2702,0.4290,201
14,features.13,323,active,-0.126741,3.223504e-08,3.570818e-07,0.4457,0.1922,201
14,features.13,324,active,0.069638,2.086573e-08,8.372688e-07,0.2953,0.4345,201
14,features.13,325,pruned_before,nan,0.000000e+00,0.000000e+00,0.0000,0.0000,0
14,features.13,326,pruned_before,nan,0.000000e+00,0.000000e+00,0.0000,0.0000,0
14,features.13,327,active,-0.149025,7.676542e-07,1.691526e-06,0.9972,0.6992,201
14,features.13,328,pruned_before,nan,0.000000e+00,0.000000e+00,0.0000,0.0000,0
14,features.13,329,active,0.111421,6.077620e-08,3.915593e-06,0.6741,0.8969,201
14,features.13,330,active,-0.091922,2.685601e-07,2.163084e-06,0.9666,0.7827,201
14,features.13,331,active,-0.011142,2.031649e-07,4.889487e-06,0.9415,0.9192,201
14,features.13,332,active,-0.005571,3.759697e-09,8.120143e-08,0.0501,0.0390,201
14,features.13,333,active,-0.051532,2.689249e-08,5.421183e-07,0.3872,0.2841,201
14,features.13,334,pruned_before,nan,0.000000e+00,0.000000e+00,0.0000,0.0000,0
14,features.13,335,pruned_before,nan,0.000000e+00,0.000000e+00,0.0000,0.0000,0
14,features.13,336,pruned_before,nan,0.000000e+00,0.000000e+00,0.0000,0.0000,0
14,features.13,337,pruned_before,nan,0.000000e+00,0.000000e+00,0.0000,0.0000,0
14,features.13,338,active,0.071031,1.477425e-08,6.985795e-07,0.2201,0.3621,201
14,features.13,339,active,-0.125348,5.068039e-08,7.140798e-07,0.6212,0.3705,201
14,features.13,340,active,0.275766,2.731661e-08,6.648832e-06,0.3983,0.9499,201
14,features.13,341,active,0.064067,1.058716e-07,8.424131e-06,0.8301,0.9582,201
14,features.13,342,active,-0.038997,1.666780e-08,3.075317e-07,0.2396,0.1616,201
14,features.13,343,pruned_before,nan,0.000000e+00,0.000000e+00,0.0000,0.0000,0
14,features.13,344,pruned_before,nan,0.000000e+00,0.000000e+00,0.0000,0.0000,0
14,features.13,345,active,-0.077994,7.600134e-08,1.243755e-06,0.7326,0.5766,201
14,features.13,346,active,-0.123955,7.061004e-08,9.193973e-07,0.7159,0.4680,201
14,features.13,347,pruned_before,nan,0.000000e+00,0.000000e+00,0.0000,0.0000,0
14,features.13,348,pruned_before,nan,0.000000e+00,0.000000e+00,0.0000,0.0000,0
14,features.13,349,pruned_before,nan,0.000000e+00,0.000000e+00,0.0000,0.0000,0
14,features.13,350,pruned_before,nan,0.000000e+00,0.000000e+00,0.0000,0.0000,0
14,features.13,351,active,0.108635,1.835631e-08,9.606321e-07,0.2674,0.4847,201
14,features.13,352,active,-0.192201,1.849555e-07,1.183055e-06,0.9331,0.5487,201
14,features.13,353,active,-0.130919,2.006472e-08,4.190113e-08,0.2869,0.0251,201
14,features.13,354,active,-0.168524,9.148233e-08,9.026612e-07,0.7939,0.4568,201
14,features.13,355,pruned_before,nan,0.000000e+00,0.000000e+00,0.0000,0.0000,0
14,features.13,356,pruned_before,nan,0.000000e+00,0.000000e+00,0.0000,0.0000,0
14,features.13,357,active,0.090529,9.397297e-08,1.858693e-05,0.8022,0.9833,201
14,features.13,358,active,-0.199164,2.438986e-06,1.388021e-06,1.0000,0.6017,201
14,features.13,359,pruned_before,nan,0.000000e+00,0.000000e+00,0.0000,0.0000,0
14,features.13,360,active,0.029248,6.744101e-10,1.559669e-07,0.0251,0.0836,201
14,features.13,361,active,-0.169916,4.102709e-08,3.657627e-07,0.5404,0.2006,201
14,features.13,362,active,-0.086351,2.436082e-08,3.462478e-07,0.3538,0.1811,201
14,features.13,363,active,0.018106,7.607233e-08,2.104283e-06,0.7354,0.7716,201
14,features.13,364,active,-0.045961,1.976576e-07,2.780053e-06,0.9387,0.8468,201
14,features.13,365,active,-0.069638,1.784603e-07,2.176154e-06,0.9276,0.7883,201
14,features.13,366,pruned_before,nan,0.000000e+00,0.000000e+00,0.0000,0.0000,0
14,features.13,367,active,0.183844,3.158198e-08,2.366040e-06,0.4345,0.8022,201
14,features.13,368,active,-0.061281,2.414431e-08,4.249329e-07,0.3510,0.2284,201
14,features.13,369,active,0.069638,6.022895e-09,4.216957e-07,0.0836,0.2228,201
14,features.13,370,active,0.275766,2.997425e-08,1.085014e-05,0.4178,0.9694,201
14,features.13,371,pruned_now,-0.281337,6.613882e-08,2.519832e-07,0.6964,0.1337,201
14,features.13,372,active,0.415042,1.043569e-08,1.165113e-05,0.1421,0.9721,201
14,features.13,373,active,0.027855,2.391748e-08,7.563216e-07,0.3454,0.4011,201
14,features.13,374,active,0.182451,2.102123e-08,1.573763e-06,0.2981,0.6630,201
14,features.13,375,pruned_before,nan,0.000000e+00,0.000000e+00,0.0000,0.0000,0
14,features.13,376,active,-0.098886,7.626425e-08,1.126256e-06,0.7382,0.5404,201
14,features.13,377,active,-0.147632,3.948979e-08,4.236325e-07,0.5209,0.2256,201
14,features.13,378,active,-0.122563,7.462102e-08,9.421857e-07,0.7242,0.4791,201
14,features.13,379,active,-0.011142,1.193146e-08,2.791624e-07,0.1699,0.1476,201
14,features.13,380,active,-0.155989,3.449952e-08,3.015964e-07,0.4708,0.1588,201
14,features.13,381,pruned_before,nan,0.000000e+00,0.000000e+00,0.0000,0.0000,0
14,features.13,382,active,0.096100,1.180060e-08,6.954364e-07,0.1671,0.3593,201
14,features.13,383,pruned_before,nan,0.000000e+00,0.000000e+00,0.0000,0.0000,0
14,features.13,384,pruned_before,nan,0.000000e+00,0.000000e+00,0.0000,0.0000,0
14,features.13,385,active,0.038997,4.999940e-08,1.689768e-06,0.6184,0.6964,201
14,features.13,386,pruned_before,nan,0.000000e+00,0.000000e+00,0.0000,0.0000,0
14,features.13,387,active,-0.207521,4.090061e-08,2.195921e-07,0.5376,0.1226,201
14,features.13,388,pruned_before,nan,0.000000e+00,0.000000e+00,0.0000,0.0000,0
14,features.13,389,active,0.342618,5.516448e-09,2.067370e-06,0.0724,0.7577,201
14,features.13,390,active,-0.186630,7.356859e-08,6.787765e-07,0.7214,0.3482,201
14,features.13,391,pruned_before,nan,0.000000e+00,0.000000e+00,0.0000,0.0000,0
14,features.13,392,active,0.125348,4.860892e-08,2.827711e-06,0.5989,0.8496,201
14,features.13,393,pruned_before,nan,0.000000e+00,0.000000e+00,0.0000,0.0000,0
14,features.13,394,active,0.032033,2.879279e-08,9.306264e-07,0.4095,0.4735,201
14,features.13,395,pruned_before,nan,0.000000e+00,0.000000e+00,0.0000,0.0000,0
14,features.13,396,pruned_before,nan,0.000000e+00,0.000000e+00,0.0000,0.0000,0
14,features.13,397,active,-0.029248,2.341409e-08,5.306267e-07,0.3315,0.2730,201
14,features.13,398,active,-0.008357,1.715413e-07,4.082431e-06,0.9220,0.9053,201
14,features.13,399,active,0.338440,1.278739e-08,3.003964e-06,0.1811,0.8579,201
14,features.13,400,pruned_before,nan,0.000000e+00,0.000000e+00,0.0000,0.0000,0
14,features.13,401,active,-0.008357,8.296561e-08,2.012024e-06,0.7688,0.7521,201
14,features.13,402,active,0.058496,1.031138e-07,6.395761e-06,0.8273,0.9443,201
14,features.13,403,pruned_before,nan,0.000000e+00,0.000000e+00,0.0000,0.0000,0
14,features.13,404,active,-0.080780,2.647189e-08,3.874019e-07,0.3760,0.2145,201
14,features.13,405,active,0.123955,1.886248e-08,1.083454e-06,0.2758,0.5237,201
14,features.13,406,active,-0.054318,5.448681e-08,1.096882e-06,0.6435,0.5348,201
14,features.13,407,active,0.380223,1.067665e-08,4.179890e-06,0.1504,0.9109,201
14,features.13,408,active,-0.179666,4.646302e-08,4.329084e-07,0.5905,0.2312,201
14,features.13,409,active,0.224234,1.430463e-08,1.563144e-06,0.2117,0.6602,201
14,features.13,410,active,-0.239554,1.419265e-07,7.917781e-07,0.8914,0.4123,201
14,features.13,411,pruned_before,nan,0.000000e+00,0.000000e+00,0.0000,0.0000,0
14,features.13,412,active,0.116992,1.897785e-09,4.963332e-07,0.0279,0.2618,201
14,features.13,413,active,-0.147632,2.578597e-08,1.363619e-07,0.3705,0.0752,201
14,features.13,414,pruned_before,nan,0.000000e+00,0.000000e+00,0.0000,0.0000,0
14,features.13,415,active,-0.080780,1.408517e-08,9.549048e-08,0.2061,0.0446,201
14,features.13,416,active,0.016713,1.108761e-07,3.410397e-06,0.8524,0.8858,201
14,features.13,417,active,0.015320,4.368180e-08,1.385242e-06,0.5682,0.5989,201
14,features.13,418,pruned_before,nan,0.000000e+00,0.000000e+00,0.0000,0.0000,0
14,features.13,419,pruned_before,nan,0.000000e+00,0.000000e+00,0.0000,0.0000,0
14,features.13,420,active,0.179666,4.195589e-08,4.454971e-06,0.5543,0.9136,201
14,features.13,421,pruned_before,nan,0.000000e+00,0.000000e+00,0.0000,0.0000,0
14,features.13,422,active,-0.094708,7.474022e-08,1.101192e-06,0.7270,0.5376,201
14,features.13,423,pruned_before,nan,0.000000e+00,0.000000e+00,0.0000,0.0000,0
14,features.13,424,pruned_before,nan,0.000000e+00,0.000000e+00,0.0000,0.0000,0
14,features.13,425,pruned_before,nan,0.000000e+00,0.000000e+00,0.0000,0.0000,0
14,features.13,426,active,-0.101671,6.705043e-08,1.012234e-06,0.7019,0.4986,201
14,features.13,427,active,0.126741,4.964988e-08,3.052391e-06,0.6100,0.8635,201
14,features.13,428,active,0.214485,3.444222e-08,3.754351e-06,0.4652,0.8942,201
14,features.13,429,active,0.026462,5.543177e-08,1.710385e-06,0.6518,0.7047,201
14,features.13,430,pruned_before,nan,0.000000e+00,0.000000e+00,0.0000,0.0000,0
14,features.13,431,active,0.012535,1.674227e-08,5.258757e-07,0.2451,0.2702,201
14,features.13,432,active,-0.143454,4.528132e-08,5.561974e-07,0.5794,0.2925,201
14,features.13,433,pruned_before,nan,0.000000e+00,0.000000e+00,0.0000,0.0000,0
14,features.13,434,pruned_before,nan,0.000000e+00,0.000000e+00,0.0000,0.0000,0
14,features.13,435,active,-0.059889,1.094327e-07,1.872419e-06,0.8496,0.7298,201
14,features.13,436,active,0.009749,9.860043e-08,2.715879e-06,0.8134,0.8329,201
14,features.13,437,active,0.183844,3.303563e-08,2.683198e-06,0.4540,0.8217,201
14,features.13,438,active,-0.153203,2.725138e-08,1.602264e-07,0.3928,0.0864,201
14,features.13,439,active,-0.164345,1.685587e-07,1.312047e-06,0.9136,0.5850,201
14,features.13,440,pruned_before,nan,0.000000e+00,0.000000e+00,0.0000,0.0000,0
14,features.13,441,pruned_before,nan,0.000000e+00,0.000000e+00,0.0000,0.0000,0
14,features.13,442,active,-0.002786,5.383124e-08,1.497953e-06,0.6379,0.6323,201
14,features.13,443,active,0.286908,2.667752e-08,7.106395e-06,0.3788,0.9526,201
14,features.13,444,pruned_before,nan,0.000000e+00,0.000000e+00,0.0000,0.0000,0
14,features.13,445,active,-0.012535,2.159256e-08,5.334219e-07,0.3008,0.2758,201
14,features.13,446,pruned_before,nan,0.000000e+00,0.000000e+00,0.0000,0.0000,0
14,features.13,447,active,0.068245,7.630084e-08,3.113428e-06,0.7409,0.8774,201
14,features.13,448,active,-0.011142,3.779941e-09,5.626978e-08,0.0529,0.0306,201
14,features.13,449,pruned_before,nan,0.000000e+00,0.000000e+00,0.0000,0.0000,0
14,features.13,450,pruned_before,nan,0.000000e+00,0.000000e+00,0.0000,0.0000,0
14,features.13,451,active,0.051532,1.406013e-07,2.331935e-05,0.8858,0.9889,201
14,features.13,452,pruned_now,-0.305014,1.287506e-07,4.926450e-07,0.8691,0.2591,201
14,features.13,453,pruned_before,nan,0.000000e+00,0.000000e+00,0.0000,0.0000,0
14,features.13,454,pruned_before,nan,0.000000e+00,0.000000e+00,0.0000,0.0000,0
14,features.13,455,pruned_before,nan,0.000000e+00,0.000000e+00,0.0000,0.0000,0
14,features.13,456,pruned_before,nan,0.000000e+00,0.000000e+00,0.0000,0.0000,0
14,features.13,457,pruned_before,nan,0.000000e+00,0.000000e+00,0.0000,0.0000,0
14,features.13,458,active,0.027855,1.081253e-07,4.010438e-06,0.8440,0.8997,201
14,features.13,459,active,0.261838,2.028390e-08,2.503596e-06,0.2897,0.8134,201
14,features.13,460,active,0.137883,2.687822e-09,5.981011e-07,0.0362,0.3120,201
14,features.13,461,pruned_before,nan,0.000000e+00,0.000000e+00,0.0000,0.0000,0
14,features.13,462,active,0.235376,9.439436e-09,1.356679e-06,0.1226,0.5933,201
14,features.13,463,active,-0.132312,3.686570e-08,4.337062e-07,0.4986,0.2340,201
14,features.13,464,pruned_before,nan,0.000000e+00,0.000000e+00,0.0000,0.0000,0
14,features.13,465,pruned_before,nan,0.000000e+00,0.000000e+00,0.0000,0.0000,0
14,features.13,466,active,0.254875,5.108898e-09,1.245025e-06,0.0696,0.5794,201
14,features.13,467,active,-0.038997,1.477447e-08,2.715419e-07,0.2228,0.1448,201
14,features.13,468,pruned_before,nan,0.000000e+00,0.000000e+00,0.0000,0.0000,0
14,features.13,469,pruned_now,-0.254875,4.270237e-08,1.071320e-07,0.5627,0.0529,201
14,features.13,470,active,-0.012535,1.359332e-08,3.147940e-07,0.1950,0.1699,201
14,features.13,471,active,-0.087744,1.263208e-07,1.678846e-06,0.8663,0.6908,201
14,features.13,472,pruned_before,nan,0.000000e+00,0.000000e+00,0.0000,0.0000,0
14,features.13,473,active,-0.057103,2.971658e-08,5.756505e-07,0.4150,0.3008,201
14,features.13,474,active,0.121170,7.106188e-08,8.723765e-06,0.7187,0.9610,201
14,features.13,475,active,0.013928,1.602519e-07,5.400569e-06,0.9053,0.9331,201
14,features.13,476,active,0.192201,2.926008e-08,2.278467e-06,0.4123,0.7967,201
14,features.13,477,pruned_before,nan,0.000000e+00,0.000000e+00,0.0000,0.0000,0
14,features.13,478,active,0.015320,9.660243e-09,2.900119e-07,0.1253,0.1560,201
14,features.13,479,pruned_before,nan,0.000000e+00,0.000000e+00,0.0000,0.0000,0
14,features.13,480,active,-0.172702,4.074450e-08,3.532658e-07,0.5348,0.1894,201
14,features.13,481,pruned_before,nan,0.000000e+00,0.000000e+00,0.0000,0.0000,0
14,features.13,482,active,-0.229805,1.200241e-07,7.574301e-07,0.8635,0.4039,201
14,features.13,483,active,-0.096100,1.060597e-07,1.517907e-06,0.8329,0.6407,201
14,features.13,484,pruned_before,nan,0.000000e+00,0.000000e+00,0.0000,0.0000,0
14,features.13,485,active,0.155989,3.447796e-08,2.159684e-06,0.4680,0.7799,201
14,features.13,486,active,0.132312,2.768711e-08,1.583707e-06,0.4011,0.6657,201
14,features.13,487,pruned_now,-0.253482,5.724317e-08,2.849120e-07,0.6602,0.1532,201
14,features.13,488,active,0.090529,4.787399e-08,2.152362e-06,0.5961,0.7772,201
14,features.13,489,active,-0.090529,2.383946e-07,2.110833e-06,0.9554,0.7744,201
14,features.13,490,active,0.029248,3.077735e-09,1.677102e-07,0.0390,0.0975,201
14,features.13,491,pruned_before,nan,0.000000e+00,0.000000e+00,0.0000,0.0000,0
14,features.13,492,pruned_before,nan,0.000000e+00,0.000000e+00,0.0000,0.0000,0
14,features.13,493,active,-0.055710,1.294657e-08,1.362370e-07,0.1838,0.0724,201
14,features.13,494,active,0.314763,2.453233e-08,2.279205e-05,0.3565,0.9861,201
14,features.13,495,active,0.153203,5.800478e-09,7.190463e-07,0.0752,0.3816,201
14,features.13,496,pruned_before,nan,0.000000e+00,0.000000e+00,0.0000,0.0000,0
14,features.13,497,pruned_before,nan,0.000000e+00,0.000000e+00,0.0000,0.0000,0
14,features.13,498,pruned_before,nan,0.000000e+00,0.000000e+00,0.0000,0.0000,0
14,features.13,499,active,-0.036212,2.858879e-08,6.549777e-07,0.4067,0.3343,201
14,features.13,500,active,0.121170,3.682440e-08,1.896495e-06,0.4958,0.7382,201
14,features.13,501,pruned_before,nan,0.000000e+00,0.000000e+00,0.0000,0.0000,0
14,features.13,502,pruned_before,nan,0.000000e+00,0.000000e+00,0.0000,0.0000,0
14,features.13,503,pruned_before,nan,0.000000e+00,0.000000e+00,0.0000,0.0000,0
14,features.13,504,active,0.069638,2.359381e-09,3.217534e-07,0.0334,0.1727,201
14,features.13,505,active,-0.146240,1.407379e-07,1.383157e-06,0.8886,0.5961,201
14,features.13,506,active,0.364902,1.386736e-08,5.350508e-06,0.1978,0.9276,201
14,features.13,507,active,-0.123955,6.136894e-08,8.272914e-07,0.6797,0.4318,201
14,features.13,508,active,-0.144847,1.187021e-07,1.225690e-06,0.8607,0.5710,201
14,features.13,509,pruned_before,nan,0.000000e+00,0.000000e+00,0.0000,0.0000,0
14,features.13,510,active,-0.094708,2.521654e-08,3.417162e-07,0.3677,0.1783,201
14,features.13,511,active,0.242340,1.156563e-08,1.520694e-06,0.1588,0.6435,201
14,features.13,512,pruned_before,nan,0.000000e+00,0.000000e+00,0.0000,0.0000,0
14,features.13,513,active,-0.043175,2.359555e-08,4.844451e-07,0.3398,0.2535,201
14,features.13,514,active,-0.086351,4.965575e-08,8.475889e-07,0.6128,0.4401,201
14,features.13,515,active,-0.217270,4.880775e-08,3.097398e-07,0.6017,0.1671,201
14,features.13,516,active,-0.084958,1.085519e-07,1.620021e-06,0.8468,0.6769,201
14,features.13,517,active,-0.149025,3.760895e-08,3.837551e-07,0.5070,0.2089,201
14,features.13,518,active,0.043175,9.475668e-08,3.466915e-06,0.8050,0.8914,201
14,features.13,519,active,-0.084958,3.451243e-08,5.763644e-07,0.4735,0.3036,201
14,features.13,520,active,-0.239554,4.707924e-07,1.025327e-06,0.9889,0.5097,201
14,features.13,521,active,-0.196379,6.660469e-08,5.916706e-07,0.6992,0.3064,201
14,features.13,522,active,0.040390,1.380773e-07,8.832664e-06,0.8830,0.9638,201
14,features.13,523,pruned_before,nan,0.000000e+00,0.000000e+00,0.0000,0.0000,0
14,features.13,524,active,0.041783,4.347565e-09,2.552462e-07,0.0557,0.1393,201
14,features.13,525,active,0.069638,2.003067e-08,8.140001e-07,0.2841,0.4234,201
14,features.13,526,active,-0.118384,4.272564e-07,2.007726e-06,0.9861,0.7493,201
14,features.13,527,active,0.082173,8.755588e-08,6.371969e-06,0.7772,0.9415,201
14,features.13,528,active,-0.048747,1.205115e-08,1.387208e-07,0.1755,0.0780,201
14,features.13,529,pruned_now,-0.306407,7.966825e-08,2.572438e-07,0.7549,0.1421,201
14,features.13,530,active,-0.157382,2.731628e-08,1.546464e-07,0.3955,0.0808,201
14,features.13,531,active,0.330084,7.978641e-09,2.103954e-06,0.1086,0.7688,201
14,features.13,532,pruned_before,nan,0.000000e+00,0.000000e+00,0.0000,0.0000,0
14,features.13,533,pruned_before,nan,0.000000e+00,0.000000e+00,0.0000,0.0000,0
14,features.13,534,active,0.000000,0.000000e+00,0.000000e+00,0.0111,0.0111,201
14,features.13,535,active,0.296657,6.480325e-09,1.639014e-06,0.0891,0.6825,201
14,features.13,536,pruned_before,nan,0.000000e+00,0.000000e+00,0.0000,0.0000,0
14,features.13,537,active,-0.208914,9.750354e-08,7.327881e-07,0.8078,0.3900,201
14,features.13,538,active,-0.064067,1.178448e-08,8.107117e-08,0.1643,0.0362,201
14,features.13,539,pruned_before,nan,0.000000e+00,0.000000e+00,0.0000,0.0000,0
14,features.13,540,pruned_before,nan,0.000000e+00,0.000000e+00,0.0000,0.0000,0
14,features.13,541,active,0.172702,1.982003e-08,1.479839e-06,0.2813,0.6267,201
14,features.13,542,active,-0.005571,5.655874e-08,1.523081e-06,0.6574,0.6462,201
14,features.13,543,pruned_before,nan,0.000000e+00,0.000000e+00,0.0000,0.0000,0
14,features.13,544,active,0.000000,0.000000e+00,0.000000e+00,0.0167,0.0167,201
14,features.13,545,active,-0.052925,4.217584e-08,8.764702e-07,0.5571,0.4513,201
14,features.13,546,pruned_before,nan,0.000000e+00,0.000000e+00,0.0000,0.0000,0
14,features.13,547,active,-0.121170,8.143103e-08,1.083208e-06,0.7632,0.5209,201
14,features.13,548,pruned_before,nan,0.000000e+00,0.000000e+00,0.0000,0.0000,0
14,features.13,549,active,0.089136,7.538592e-08,4.179024e-06,0.7298,0.9081,201
14,features.13,550,active,0.032033,5.167398e-08,1.667227e-06,0.6240,0.6880,201
14,features.13,551,active,-0.115599,8.914159e-08,1.199394e-06,0.7855,0.5543,201
14,features.13,552,pruned_before,nan,0.000000e+00,0.000000e+00,0.0000,0.0000,0
14,features.13,553,pruned_before,nan,0.000000e+00,0.000000e+00,0.0000,0.0000,0
14,features.13,554,active,0.059889,4.749096e-08,1.743610e-06,0.5933,0.7131,201
14,features.13,555,active,-0.233983,8.776522e-08,5.988513e-07,0.7827,0.3148,201
14,features.13,556,pruned_before,nan,0.000000e+00,0.000000e+00,0.0000,0.0000,0
14,features.13,557,pruned_before,nan,0.000000e+00,0.000000e+00,0.0000,0.0000,0
14,features.13,558,pruned_before,nan,0.000000e+00,0.000000e+00,0.0000,0.0000,0
14,features.13,559,active,0.032033,1.392045e-08,5.012320e-07,0.2006,0.2646,201
14,features.13,560,active,-0.139276,4.050967e-08,4.635912e-07,0.5292,0.2507,201
14,features.13,561,pruned_before,nan,0.000000e+00,0.000000e+00,0.0000,0.0000,0
14,features.13,562,active,0.142061,4.378709e-08,2.998768e-06,0.5710,0.8552,201
14,features.13,563,pruned_before,nan,0.000000e+00,0.000000e+00,0.0000,0.0000,0
14,features.13,564,active,-0.096100,1.361184e-07,1.650545e-06,0.8774,0.6852,201
14,features.13,565,active,-0.075209,1.747694e-08,1.933723e-07,0.2563,0.1058,201
14,features.13,566,active,-0.065460,7.694453e-08,1.439539e-06,0.7493,0.6184,201
14,features.13,567,active,0.193593,2.254342e-08,1.694155e-06,0.3148,0.7019,201
14,features.13,568,active,-0.125348,2.474171e-08,1.946955e-07,0.3621,0.1114,201
14,features.13,569,active,-0.100279,4.577296e-08,7.264588e-07,0.5850,0.3844,201
14,features.13,570,active,-0.052925,3.391495e-08,6.859520e-07,0.4624,0.3565,201
14,features.13,571,active,-0.001393,2.281111e-07,6.465287e-06,0.9499,0.9471,201
14,features.13,572,pruned_before,nan,0.000000e+00,0.000000e+00,0.0000,0.0000,0
14,features.13,573,pruned_before,nan,0.000000e+00,0.000000e+00,0.0000,0.0000,0
14,features.13,574,pruned_before,nan,0.000000e+00,0.000000e+00,0.0000,0.0000,0
14,features.13,575,pruned_before,nan,0.000000e+00,0.000000e+00,0.0000,0.0000,0
14,features.14,0,active,-0.021574,2.229976e-06,1.956826e-06,0.8604,0.8173,265
14,features.14,1,pruned_before,nan,0.000000e+00,0.000000e+00,0.0000,0.0000,0
14,features.14,2,pruned_before,nan,0.000000e+00,0.000000e+00,0.0000,0.0000,0
14,features.14,3,active,-0.125635,7.340297e-07,3.382466e-07,0.4112,0.1599,265
14,features.14,4,pruned_before,nan,0.000000e+00,0.000000e+00,0.0000,0.0000,0
14,features.14,5,pruned_before,nan,0.000000e+00,0.000000e+00,0.0000,0.0000,0
14,features.14,6,active,0.156091,2.647141e-07,7.133348e-07,0.1371,0.4492,265
14,features.14,7,active,0.176396,4.602326e-07,1.007242e-06,0.2462,0.5990,265
14,features.14,8,active,-0.095178,9.662881e-07,5.628556e-07,0.5203,0.3299,265
14,features.14,9,pruned_before,nan,0.000000e+00,0.000000e+00,0.0000,0.0000,0
14,features.14,10,active,0.215736,6.775403e-07,1.913664e-06,0.3782,0.8096,265
14,features.14,11,active,0.068528,3.288430e-07,5.397076e-07,0.1726,0.3096,265
14,features.14,12,active,-0.010152,7.113204e-08,7.790955e-08,0.0381,0.0178,265
14,features.14,13,active,0.027919,1.601245e-06,1.859935e-06,0.7487,0.8046,265
14,features.14,14,pruned_before,nan,0.000000e+00,0.000000e+00,0.0000,0.0000,0
14,features.14,15,pruned_now,-0.328680,1.455077e-06,1.497184e-07,0.7157,0.0584,265
14,features.14,16,active,0.020305,9.364554e-07,9.051433e-07,0.5025,0.5431,265
14,features.14,17,active,0.314721,4.126485e-07,2.187581e-06,0.2259,0.8553,265
14,features.14,18,active,0.251269,3.614052e-07,1.288161e-06,0.1954,0.6980,265
14,features.14,19,pruned_before,nan,0.000000e+00,0.000000e+00,0.0000,0.0000,0
14,features.14,20,active,0.087563,1.722623e-06,3.197196e-06,0.7766,0.9518,265
14,features.14,21,pruned_before,nan,0.000000e+00,0.000000e+00,0.0000,0.0000,0
14,features.14,22,active,-0.166244,1.621929e-06,6.835381e-07,0.7513,0.4188,265
14,features.14,23,pruned_before,nan,0.000000e+00,0.000000e+00,0.0000,0.0000,0
14,features.14,24,active,0.086294,1.320723e-06,2.137072e-06,0.6726,0.8452,265
14,features.14,25,active,0.038071,1.786824e-06,2.315805e-06,0.7944,0.8706,265
14,features.14,26,active,0.041878,6.107630e-07,6.868206e-07,0.3376,0.4213,265
14,features.14,27,active,0.233503,3.675435e-07,1.182426e-06,0.1980,0.6650,265
14,features.14,28,pruned_before,nan,0.000000e+00,0.000000e+00,0.0000,0.0000,0
14,features.14,29,pruned_before,nan,0.000000e+00,0.000000e+00,0.0000,0.0000,0
14,features.14,30,active,0.106599,1.279169e-06,2.334614e-06,0.6599,0.8731,265
14,features.14,31,active,0.191624,6.315718e-07,1.410017e-06,0.3503,0.7335,265
14,features.14,32,pruned_before,nan,0.000000e+00,0.000000e+00,0.0000,0.0000,0
14,features.14,33,active,0.015228,2.370078e-07,3.203155e-07,0.1168,0.1472,265
14,features.14,34,active,-0.195431,1.157171e-06,4.250576e-07,0.6066,0.2157,265
14,features.14,35,active,0.355330,2.683896e-07,2.187352e-06,0.1421,0.8528,265
14,features.14,36,active,0.203046,8.220927e-07,2.262284e-06,0.4569,0.8629,265
14,features.14,37,pruned_before,nan,0.000000e+00,0.000000e+00,0.0000,0.0000,0
14,features.14,38,active,0.126904,1.254934e-06,2.585150e-06,0.6497,0.9036,265
14,features.14,39,active,-0.105330,4.056760e-06,1.547313e-06,0.9670,0.7563,265
14,features.14,40,active,0.058376,1.084369e-06,1.272964e-06,0.5787,0.6954,265
14,features.14,41,active,0.223350,9.437643e-08,8.040602e-07,0.0584,0.5051,265
14,features.14,42,pruned_before,nan,0.000000e+00,0.000000e+00,0.0000,0.0000,0
14,features.14,43,pruned_before,nan,0.000000e+00,0.000000e+00,0.0000,0.0000,0
14,features.14,44,active,-0.186548,1.597996e-06,6.220489e-07,0.7462,0.3731,265
14,features.14,45,active,-0.088832,4.261311e-06,1.785541e-06,0.9721,0.7944,265
14,features.14,46,pruned_now,-0.295685,1.622872e-06,3.414926e-07,0.7538,0.1624,265
14,features.14,47,active,0.022843,7.998233e-07,7.900708e-07,0.4467,0.4924,265
14,features.14,48,pruned_now,-0.309645,1.470317e-06,2.294755e-07,0.7234,0.1041,265
14,features.14,49,pruned_before,nan,0.000000e+00,0.000000e+00,0.0000,0.0000,0
14,features.14,50,active,-0.049492,5.435811e-07,4.008322e-07,0.2970,0.1980,265
14,features.14,51,active,-0.012690,1.401347e-06,1.214991e-06,0.7030,0.6777,265
14,features.14,52,active,0.190355,7.852398e-07,1.988932e-06,0.4416,0.8223,265
14,features.14,53,active,-0.065990,1.887643e-06,1.219095e-06,0.8122,0.6802,265
14,features.14,54,active,-0.046954,4.873723e-07,3.490228e-07,0.2640,0.1701,265
14,features.14,55,pruned_before,nan,0.000000e+00,0.000000e+00,0.0000,0.0000,0
14,features.14,56,pruned_before,nan,0.000000e+00,0.000000e+00,0.0000,0.0000,0
14,features.14,57,active,0.143401,1.380346e-06,4.352976e-06,0.6878,0.9746,265
14,features.14,58,pruned_before,nan,0.000000e+00,0.000000e+00,0.0000,0.0000,0
14,features.14,59,pruned_before,nan,0.000000e+00,0.000000e+00,0.0000,0.0000,0
14,features.14,60,active,-0.016497,8.005408e-07,6.828004e-07,0.4492,0.4162,265
14,features.14,61,pruned_before,nan,0.000000e+00,0.000000e+00,0.0000,0.0000,0
14,features.14,62,pruned_before,nan,0.000000e+00,0.000000e+00,0.0000,0.0000,0
14,features.14,63,active,0.180203,7.467014e-07,1.692177e-06,0.4188,0.7792,265
14,features.14,64,active,0.083756,5.426776e-07,7.350114e-07,0.2944,0.4619,265
14,features.14,65,active,0.247462,3.740577e-07,1.296524e-06,0.2056,0.7005,265
14,features.14,66,active,-0.090102,1.066223e-06,6.479427e-07,0.5761,0.3959,265
14,features.14,67,pruned_before,nan,0.000000e+00,0.000000e+00,0.0000,0.0000,0
14,features.14,68,pruned_before,nan,0.000000e+00,0.000000e+00,0.0000,0.0000,0
14,features.14,69,active,0.258883,7.599343e-07,3.150023e-06,0.4315,0.9492,265
14,features.14,70,active,-0.040609,2.771703e-06,2.005663e-06,0.9061,0.8249,265
14,features.14,71,pruned_before,nan,0.000000e+00,0.000000e+00,0.0000,0.0000,0
14,features.14,72,pruned_before,nan,0.000000e+00,0.000000e+00,0.0000,0.0000,0
14,features.14,73,active,0.059645,6.982831e-07,8.388779e-07,0.3959,0.5152,265
14,features.14,74,pruned_before,nan,0.000000e+00,0.000000e+00,0.0000,0.0000,0
14,features.14,75,pruned_before,nan,0.000000e+00,0.000000e+00,0.0000,0.0000,0
14,features.14,76,pruned_before,nan,0.000000e+00,0.000000e+00,0.0000,0.0000,0
14,features.14,77,active,0.083756,1.319350e-06,2.075496e-06,0.6701,0.8376,265
14,features.14,78,active,0.477157,5.008920e-08,5.825357e-06,0.0305,0.9848,265
14,features.14,79,active,-0.012690,6.872754e-07,6.081669e-07,0.3858,0.3604,265
14,features.14,80,pruned_before,nan,0.000000e+00,0.000000e+00,0.0000,0.0000,0
14,features.14,81,active,-0.144670,3.679320e-06,1.172287e-06,0.9492,0.6599,265
14,features.14,82,pruned_before,nan,0.000000e+00,0.000000e+00,0.0000,0.0000,0
14,features.14,83,active,-0.016497,1.605967e-07,1.470492e-07,0.0863,0.0533,265
14,features.14,84,pruned_now,-0.379442,1.967365e-06,1.515870e-07,0.8198,0.0609,265
14,features.14,85,active,-0.091371,4.585342e-06,1.832579e-06,0.9822,0.7995,265
14,features.14,86,active,0.057107,2.120185e-06,3.283799e-06,0.8426,0.9569,265
14,features.14,87,active,-0.171320,2.084933e-06,7.913555e-07,0.8376,0.4949,265
14,features.14,88,active,0.054569,2.089744e-07,4.139379e-07,0.1015,0.2107,265
14,features.14,89,active,0.314721,4.639372e-07,2.378147e-06,0.2487,0.8782,265
14,features.14,90,active,-0.030457,2.783562e-07,1.817209e-07,0.1472,0.0863,265
14,features.14,91,active,-0.062183,3.592739e-07,1.617967e-07,0.1929,0.0685,265
14,features.14,92,active,0.153553,6.173369e-07,1.127524e-06,0.3401,0.6472,265
14,features.14,93,pruned_before,nan,0.000000e+00,0.000000e+00,0.0000,0.0000,0
14,features.14,94,active,0.133249,2.968201e-07,6.916252e-07,0.1599,0.4264,265
14,features.14,95,pruned_before,nan,0.000000e+00,0.000000e+00,0.0000,0.0000,0
14,features.14,96,active,-0.054569,3.493712e-06,2.032388e-06,0.9416,0.8325,265
14,features.14,97,active,-0.092640,1.676808e-06,9.708277e-07,0.7665,0.5812,265
14,features.14,98,active,0.003807,2.818450e-06,2.623914e-06,0.9086,0.9162,265
14,features.14,99,active,-0.016497,2.942880e-07,2.619385e-07,0.1574,0.1244,265
14,features.14,100,active,-0.135787,7.713421e-07,3.454341e-07,0.4365,0.1650,265
14,features.14,101,active,-0.104061,9.811779e-07,5.532432e-07,0.5305,0.3223,265
14,features.14,102,pruned_before,nan,0.000000e+00,0.000000e+00,0.0000,0.0000,0
14,features.14,103,active,0.031726,2.824770e-07,4.161559e-07,0.1497,0.2132,265
14,features.14,104,active,-0.102792,1.389902e-06,7.884333e-07,0.6954,0.4898,265
14,features.14,105,active,-0.200508,2.132226e-06,7.128979e-07,0.8477,0.4467,265
14,features.14,106,active,-0.093909,2.325059e-06,1.243083e-06,0.8731,0.6853,265
14,features.14,107,pruned_before,nan,0.000000e+00,0.000000e+00,0.0000,0.0000,0
14,features.14,108,pruned_before,nan,0.000000e+00,0.000000e+00,0.0000,0.0000,0
14,features.14,109,active,-0.001269,1.808183e-08,4.006683e-08,0.0076,0.0051,265
14,features.14,110,active,0.293147,2.709411e-08,1.030207e-06,0.0152,0.6015,265
14,features.14,111,active,0.008883,7.459940e-08,1.540119e-07,0.0457,0.0635,265
14,features.14,112,pruned_before,nan,0.000000e+00,0.000000e+00,0.0000,0.0000,0
14,features.14,113,active,-0.149746,2.991715e-06,1.070070e-06,0.9213,0.6218,265
14,features.14,114,active,0.049492,1.534830e-06,2.061198e-06,0.7360,0.8350,265
14,features.14,115,pruned_before,nan,0.000000e+00,0.000000e+00,0.0000,0.0000,0
14,features.14,116,active,-0.025381,6.099677e-07,5.201956e-07,0.3350,0.2843,265
14,features.14,117,active,0.286802,5.336772e-07,2.247423e-06,0.2868,0.8604,265
14,features.14,118,pruned_before,nan,0.000000e+00,0.000000e+00,0.0000,0.0000,0
14,features.14,119,pruned_before,nan,0.000000e+00,0.000000e+00,0.0000,0.0000,0
14,features.14,120,pruned_before,nan,0.000000e+00,0.000000e+00,0.0000,0.0000,0
14,features.14,121,protected,0.381980,4.242995e-07,1.211994e-05,0.2335,0.9975,265
14,features.14,122,active,0.119289,1.441215e-07,5.438378e-07,0.0761,0.3147,265
14,features.14,123,active,0.043147,8.267203e-07,9.125446e-07,0.4594,0.5457,265
14,features.14,124,pruned_before,nan,0.000000e+00,0.000000e+00,0.0000,0.0000,0
14,features.14,125,active,0.010152,1.533433e-06,1.545537e-06,0.7335,0.7538,265
14,features.14,126,pruned_before,nan,0.000000e+00,0.000000e+00,0.0000,0.0000,0
14,features.14,127,active,0.050761,1.205753e-06,1.386652e-06,0.6294,0.7310,265
14,features.14,128,active,-0.131980,1.750253e-06,8.393214e-07,0.7817,0.5178,265
14,features.14,129,active,0.244924,2.757492e-07,1.103037e-06,0.1447,0.6345,265
14,features.14,130,pruned_before,nan,0.000000e+00,0.000000e+00,0.0000,0.0000,0
14,features.14,131,pruned_before,nan,0.000000e+00,0.000000e+00,0.0000,0.0000,0
14,features.14,132,active,-0.105330,1.758012e-06,9.613817e-07,0.7868,0.5761,265
14,features.14,133,pruned_before,nan,0.000000e+00,0.000000e+00,0.0000,0.0000,0
14,features.14,134,active,-0.199239,1.299429e-06,5.024231e-07,0.6624,0.2640,265
14,features.14,135,active,0.069797,2.514922e-07,5.016912e-07,0.1218,0.2614,265
14,features.14,136,pruned_before,nan,0.000000e+00,0.000000e+00,0.0000,0.0000,0
14,features.14,137,active,-0.105330,1.062054e-06,6.016344e-07,0.5685,0.3579,265
14,features.14,138,pruned_before,nan,0.000000e+00,0.000000e+00,0.0000,0.0000,0
14,features.14,139,active,-0.217005,1.029009e-06,2.577319e-07,0.5533,0.1193,265
14,features.14,140,pruned_before,nan,0.000000e+00,0.000000e+00,0.0000,0.0000,0
14,features.14,141,pruned_before,nan,0.000000e+00,0.000000e+00,0.0000,0.0000,0
14,features.14,142,active,0.060914,1.033830e-07,3.712382e-07,0.0609,0.1827,265
14,features.14,143,active,-0.139594,1.151375e-06,5.543464e-07,0.6041,0.3249,265
14,features.14,144,active,0.164975,3.703130e-07,8.685587e-07,0.2005,0.5305,265
14,features.14,145,pruned_before,nan,0.000000e+00,0.000000e+00,0.0000,0.0000,0
14,features.14,146,pruned_before,nan,0.000000e+00,0.000000e+00,0.0000,0.0000,0
14,features.14,147,active,0.079949,8.922080e-07,1.112090e-06,0.4772,0.6371,265
14,features.14,148,active,-0.052030,8.804688e-07,6.164842e-07,0.4721,0.3680,265
14,features.14,149,pruned_before,nan,0.000000e+00,0.000000e+00,0.0000,0.0000,0
14,features.14,150,active,-0.058376,1.232538e-06,8.603661e-07,0.6396,0.5228,265
14,features.14,151,active,-0.050761,1.039187e-06,7.258706e-07,0.5609,0.4594,265
14,features.14,152,active,-0.079949,1.874860e-06,1.121824e-06,0.8046,0.6447,265
14,features.14,153,pruned_before,nan,0.000000e+00,0.000000e+00,0.0000,0.0000,0
14,features.14,154,active,-0.034264,1.935806e-06,1.528862e-06,0.8173,0.7487,265
14,features.14,155,active,0.015228,2.954979e-08,1.466647e-07,0.0203,0.0508,265
14,features.14,156,pruned_before,nan,0.000000e+00,0.000000e+00,0.0000,0.0000,0
14,features.14,157,active,-0.130711,3.688165e-06,1.260875e-06,0.9518,0.6904,265
14,features.14,158,pruned_now,-0.250000,2.274514e-06,6.213828e-07,0.8706,0.3706,265
14,features.14,159,active,-0.106599,2.357342e-06,1.174790e-06,0.8756,0.6624,265
14,features.14,160,active,0.102792,5.418854e-07,7.926250e-07,0.2919,0.4975,265
14,features.14,161,active,-0.025381,4.011090e-07,3.496966e-07,0.2234,0.1726,265
14,features.14,162,pruned_before,nan,0.000000e+00,0.000000e+00,0.0000,0.0000,0
14,features.14,163,active,-0.055838,9.295797e-07,6.309368e-07,0.4975,0.3858,265
14,features.14,164,pruned_now,-0.263959,1.264196e-06,2.740016e-07,0.6574,0.1294,265
14,features.14,165,pruned_before,nan,0.000000e+00,0.000000e+00,0.0000,0.0000,0
14,features.14,166,active,-0.152284,1.545535e-06,6.940575e-07,0.7386,0.4340,265
14,features.14,167,active,-0.148477,1.170169e-06,5.514090e-07,0.6168,0.3198,265
14,features.14,168,active,0.049492,2.249460e-06,3.627824e-06,0.8655,0.9645,265
14,features.14,169,active,-0.135787,2.249386e-06,1.003031e-06,0.8629,0.5914,265
14,features.14,170,active,-0.138325,1.334827e-06,6.665422e-07,0.6827,0.4061,265
14,features.14,171,active,0.090102,1.693917e-07,5.137445e-07,0.0964,0.2766,265
14,features.14,172,pruned_before,nan,0.000000e+00,0.000000e+00,0.0000,0.0000,0
14,features.14,173,pruned_now,-0.256345,2.595411e-06,6.308745e-07,0.8959,0.3832,265
14,features.14,174,active,-0.120558,3.815214e-06,1.335579e-06,0.9569,0.7157,265
14,features.14,175,active,-0.102792,2.034467e-06,1.086117e-06,0.8325,0.6269,265
14,features.14,176,pruned_before,nan,0.000000e+00,0.000000e+00,0.0000,0.0000,0
14,features.14,177,active,0.220812,5.963380e-07,1.583410e-06,0.3249,0.7665,265
14,features.14,178,active,0.118020,1.332227e-06,2.596426e-06,0.6751,0.9112,265
14,features.14,179,active,-0.082487,1.628651e-06,1.003095e-06,0.7589,0.5939,265
14,features.14,180,active,0.035533,1.108432e-07,2.985044e-07,0.0685,0.1396,265
14,features.14,181,active,-0.074873,6.905109e-07,4.814444e-07,0.3909,0.2411,265
14,features.14,182,active,-0.138325,9.579816e-07,4.521492e-07,0.5102,0.2335,265
14,features.14,183,pruned_now,-0.282995,2.456235e-06,5.424035e-07,0.8782,0.3122,265
14,features.14,184,pruned_before,nan,0.000000e+00,0.000000e+00,0.0000,0.0000,0
14,features.14,185,pruned_before,nan,0.000000e+00,0.000000e+00,0.0000,0.0000,0
14,features.14,186,active,0.326142,5.243571e-07,2.815894e-06,0.2817,0.9340,265
14,features.14,187,pruned_before,nan,0.000000e+00,0.000000e+00,0.0000,0.0000,0
14,features.14,188,pruned_before,nan,0.000000e+00,0.000000e+00,0.0000,0.0000,0
14,features.14,189,active,0.081218,1.882049e-06,4.352516e-06,0.8096,0.9721,265
14,features.14,190,pruned_before,nan,0.000000e+00,0.000000e+00,0.0000,0.0000,0
14,features.14,191,pruned_before,nan,0.000000e+00,0.000000e+00,0.0000,0.0000,0
14,features.14,192,pruned_before,nan,0.000000e+00,0.000000e+00,0.0000,0.0000,0
14,features.14,193,pruned_now,-0.303299,2.029310e-06,4.395791e-07,0.8299,0.2234,265
14,features.14,194,pruned_before,nan,0.000000e+00,0.000000e+00,0.0000,0.0000,0
14,features.14,195,pruned_before,nan,0.000000e+00,0.000000e+00,0.0000,0.0000,0
14,features.14,196,active,-0.043147,2.487676e-06,1.822465e-06,0.8832,0.7970,265
14,features.14,197,active,0.195431,1.641478e-07,7.748605e-07,0.0888,0.4797,265
14,features.14,198,active,0.137056,4.857244e-07,8.833142e-07,0.2614,0.5355,265
14,features.14,199,active,-0.019036,7.133079e-07,6.126633e-07,0.4010,0.3629,265
14,features.14,200,pruned_before,nan,0.000000e+00,0.000000e+00,0.0000,0.0000,0
14,features.14,201,pruned_before,nan,0.000000e+00,0.000000e+00,0.0000,0.0000,0
14,features.14,202,pruned_before,nan,0.000000e+00,0.000000e+00,0.0000,0.0000,0
14,features.14,203,pruned_before,nan,0.000000e+00,0.000000e+00,0.0000,0.0000,0
14,features.14,204,active,-0.013959,7.357931e-08,7.287512e-08,0.0431,0.0152,265
14,features.14,205,active,-0.128173,2.856641e-06,1.163586e-06,0.9137,0.6574,265
14,features.14,206,pruned_before,nan,0.000000e+00,0.000000e+00,0.0000,0.0000,0
14,features.14,207,pruned_before,nan,0.000000e+00,0.000000e+00,0.0000,0.0000,0
14,features.14,208,pruned_before,nan,0.000000e+00,0.000000e+00,0.0000,0.0000,0
14,features.14,209,active,0.133249,3.938032e-07,7.774415e-07,0.2157,0.4822,265
14,features.14,210,active,-0.159898,1.580078e-06,6.889875e-07,0.7437,0.4239,265
14,features.14,211,active,-0.057107,2.158545e-06,1.487247e-06,0.8553,0.7411,265
14,features.14,212,active,-0.022843,4.208227e-07,3.731444e-07,0.2310,0.1853,265
14,features.14,213,active,0.323604,5.980619e-07,4.357013e-06,0.3299,0.9772,265
14,features.14,214,pruned_before,nan,0.000000e+00,0.000000e+00,0.0000,0.0000,0
14,features.14,215,active,-0.010152,2.254338e-06,2.149772e-06,0.8680,0.8477,265
14,features.14,216,pruned_before,nan,0.000000e+00,0.000000e+00,0.0000,0.0000,0
14,features.14,217,active,-0.016497,7.295932e-08,5.444742e-08,0.0406,0.0076,265
14,features.14,218,active,0.062183,1.556445e-06,2.268879e-06,0.7411,0.8655,265
14,features.14,219,active,0.011421,2.888514e-08,1.261494e-07,0.0178,0.0406,265
14,features.14,220,active,0.142132,9.161683e-07,1.604280e-06,0.4873,0.7716,265
14,features.14,221,active,0.107868,7.615856e-07,1.136360e-06,0.4340,0.6497,265
14,features.14,222,pruned_before,nan,0.000000e+00,0.000000e+00,0.0000,0.0000,0
14,features.14,223,active,-0.156091,2.495398e-06,9.595458e-07,0.8858,0.5736,265
14,features.14,224,pruned_before,nan,0.000000e+00,0.000000e+00,0.0000,0.0000,0
14,features.14,225,pruned_before,nan,0.000000e+00,0.000000e+00,0.0000,0.0000,0
14,features.14,226,pruned_before,nan,0.000000e+00,0.000000e+00,0.0000,0.0000,0
14,features.14,227,pruned_before,nan,0.000000e+00,0.000000e+00,0.0000,0.0000,0
14,features.14,228,pruned_before,nan,0.000000e+00,0.000000e+00,0.0000,0.0000,0
14,features.14,229,pruned_before,nan,0.000000e+00,0.000000e+00,0.0000,0.0000,0
14,features.14,230,pruned_before,nan,0.000000e+00,0.000000e+00,0.0000,0.0000,0
14,features.14,231,pruned_now,-0.319797,1.463567e-06,1.732165e-07,0.7208,0.0812,265
14,features.14,232,active,0.030457,3.259223e-06,6.154599e-06,0.9289,0.9898,265
14,features.14,233,pruned_before,nan,0.000000e+00,0.000000e+00,0.0000,0.0000,0
14,features.14,234,active,-0.156091,3.225271e-06,1.057618e-06,0.9264,0.6142,265
14,features.14,235,active,-0.140863,1.771164e-06,8.238679e-07,0.7893,0.5076,265
14,features.14,236,active,-0.003807,6.520269e-08,1.078938e-07,0.0355,0.0279,265
14,features.14,237,pruned_before,nan,0.000000e+00,0.000000e+00,0.0000,0.0000,0
14,features.14,238,active,0.313452,5.057561e-07,2.482917e-06,0.2665,0.8934,265
14,features.14,239,active,0.181472,9.070380e-07,2.106603e-06,0.4797,0.8426,265
14,features.14,240,active,0.116751,2.265866e-07,5.948927e-07,0.1117,0.3452,265
14,features.14,241,active,0.055838,9.134399e-07,1.004198e-06,0.4848,0.5964,265
14,features.14,242,active,0.112944,5.554824e-07,8.802402e-07,0.3071,0.5330,265
14,features.14,243,active,-0.170051,6.867825e-07,1.380620e-07,0.3832,0.0431,265
14,features.14,244,pruned_before,nan,0.000000e+00,0.000000e+00,0.0000,0.0000,0
14,features.14,245,active,-0.077411,3.675167e-06,1.764095e-06,0.9467,0.7919,265
14,features.14,246,pruned_before,nan,0.000000e+00,0.000000e+00,0.0000,0.0000,0
14,features.14,247,active,-0.029188,4.696714e-07,3.920721e-07,0.2513,0.1929,265
14,features.14,248,active,-0.040609,2.001645e-06,1.488319e-06,0.8249,0.7437,265
14,features.14,249,active,0.352792,3.711942e-07,2.586982e-06,0.2030,0.9086,265
14,features.14,250,pruned_now,-0.291878,2.568706e-06,5.383959e-07,0.8909,0.3071,265
14,features.14,251,active,0.121827,4.854847e-07,8.004836e-07,0.2589,0.5025,265
14,features.14,252,active,-0.140863,2.837588e-06,1.089416e-06,0.9112,0.6294,265
14,features.14,253,active,0.092640,5.483604e-07,7.798055e-07,0.2995,0.4848,265
14,features.14,254,active,-0.112944,1.110872e-06,6.145134e-07,0.5914,0.3655,265
14,features.14,255,active,0.154822,6.530196e-07,1.207829e-06,0.3655,0.6751,265
14,features.14,256,pruned_now,-0.251269,3.774943e-06,7.148891e-07,0.9543,0.4518,265
14,features.14,257,active,-0.093909,1.240457e-06,7.193331e-07,0.6447,0.4569,265
14,features.14,258,pruned_before,nan,0.000000e+00,0.000000e+00,0.0000,0.0000,0
14,features.14,259,active,0.321066,4.879450e-08,1.202761e-06,0.0279,0.6701,265
14,features.14,260,active,-0.190355,3.387539e-06,9.152722e-07,0.9340,0.5533,265
14,features.14,261,active,-0.031726,8.892214e-07,6.695578e-07,0.4746,0.4112,265
14,features.14,262,active,0.258883,7.148922e-07,2.719714e-06,0.4036,0.9213,265
14,features.14,263,active,-0.102792,1.757665e-06,9.696660e-07,0.7843,0.5787,265
14,features.14,264,protected,0.340102,5.763234e-07,1.331224e-05,0.3198,1.0000,265
14,features.14,265,pruned_before,nan,0.000000e+00,0.000000e+00,0.0000,0.0000,0
14,features.14,266,pruned_before,nan,0.000000e+00,0.000000e+00,0.0000,0.0000,0
14,features.14,267,active,0.427665,2.524615e-07,4.483867e-06,0.1244,0.9797,265
14,features.14,268,active,-0.105330,7.580121e-07,4.338939e-07,0.4289,0.2183,265
14,features.14,269,active,-0.011421,6.148603e-08,6.704887e-08,0.0330,0.0102,265
14,features.14,270,pruned_before,nan,0.000000e+00,0.000000e+00,0.0000,0.0000,0
14,features.14,271,pruned_before,nan,0.000000e+00,0.000000e+00,0.0000,0.0000,0
14,features.14,272,pruned_before,nan,0.000000e+00,0.000000e+00,0.0000,0.0000,0
14,features.14,273,pruned_before,nan,0.000000e+00,0.000000e+00,0.0000,0.0000,0
14,features.14,274,active,-0.041878,4.611551e-06,2.576721e-06,0.9848,0.9010,265
14,features.14,275,pruned_before,nan,0.000000e+00,0.000000e+00,0.0000,0.0000,0
14,features.14,276,active,0.069797,6.681447e-07,8.319065e-07,0.3731,0.5127,265
14,features.14,277,active,-0.017766,3.241459e-07,2.778705e-07,0.1701,0.1345,265
14,features.14,278,pruned_before,nan,0.000000e+00,0.000000e+00,0.0000,0.0000,0
14,features.14,279,active,0.045685,1.392496e-06,1.725885e-06,0.6980,0.7893,265
14,features.14,280,pruned_before,nan,0.000000e+00,0.000000e+00,0.0000,0.0000,0
14,features.14,281,pruned_before,nan,0.000000e+00,0.000000e+00,0.0000,0.0000,0
14,features.14,282,pruned_before,nan,0.000000e+00,0.000000e+00,0.0000,0.0000,0
14,features.14,283,active,-0.100254,5.157918e-07,1.696098e-07,0.2792,0.0787,265
14,features.14,284,active,0.229695,1.565180e-07,8.956320e-07,0.0812,0.5406,265
14,features.14,285,active,0.327411,3.914967e-07,2.275163e-06,0.2132,0.8680,265
14,features.14,286,active,-0.031726,1.173710e-06,9.278840e-07,0.6218,0.5584,265
14,features.14,287,pruned_before,nan,0.000000e+00,0.000000e+00,0.0000,0.0000,0
14,features.14,288,active,0.005076,7.021428e-07,6.681342e-07,0.3985,0.4086,265
14,features.14,289,active,-0.176396,1.424503e-06,6.002256e-07,0.7056,0.3528,265
14,features.14,290,active,-0.025381,3.197424e-07,2.545272e-07,0.1650,0.1142,265
14,features.14,291,active,-0.128173,4.509634e-06,1.337093e-06,0.9746,0.7183,265
14,features.14,292,active,-0.093909,9.700101e-07,5.847972e-07,0.5228,0.3350,265
14,features.14,293,active,-0.050761,4.619059e-06,2.457078e-06,0.9873,0.8858,265
14,features.14,294,active,-0.137056,6.661490e-07,1.977616e-07,0.3706,0.0964,265
14,features.14,295,pruned_before,nan,0.000000e+00,0.000000e+00,0.0000,0.0000,0
14,features.14,296,active,-0.143401,9.647754e-07,4.492447e-07,0.5178,0.2310,265
14,features.14,297,active,0.071066,3.299164e-07,5.455997e-07,0.1751,0.3173,265
14,features.14,298,active,-0.064721,7.236458e-07,5.156978e-07,0.4086,0.2792,265
14,features.14,299,pruned_now,-0.247462,1.815235e-06,5.328365e-07,0.7970,0.3020,265
14,features.14,300,pruned_before,nan,0.000000e+00,0.000000e+00,0.0000,0.0000,0
14,features.14,301,active,-0.021574,1.169435e-06,9.578374e-07,0.6142,0.5711,265
14,features.14,302,pruned_before,nan,0.000000e+00,0.000000e+00,0.0000,0.0000,0
14,features.14,303,active,0.208122,9.205070e-07,2.585610e-06,0.4898,0.9061,265
14,features.14,304,active,0.001269,0.000000e+00,4.945115e-12,0.0000,0.0025,265
14,features.14,305,active,-0.044416,3.346897e-07,1.859346e-07,0.1802,0.0914,265
14,features.14,306,pruned_before,nan,0.000000e+00,0.000000e+00,0.0000,0.0000,0
14,features.14,307,active,-0.131980,1.532715e-06,7.635555e-07,0.7310,0.4670,265
14,features.14,308,active,0.024112,1.333890e-06,1.356622e-06,0.6802,0.7284,265
14,features.14,309,active,-0.034264,2.679228e-07,1.629261e-07,0.1396,0.0711,265
14,features.14,310,active,-0.025381,1.304289e-06,1.058552e-06,0.6675,0.6168,265
14,features.14,311,active,-0.002538,2.038278e-06,2.020203e-06,0.8350,0.8299,265
14,features.14,312,active,0.204315,5.726716e-07,1.351043e-06,0.3173,0.7259,265
14,features.14,313,active,-0.073604,2.581274e-06,1.520274e-06,0.8934,0.7462,265
14,features.14,314,active,-0.046954,1.173093e-06,8.605202e-07,0.6193,0.5254,265
14,features.14,315,active,0.114213,6.393112e-07,9.929288e-07,0.3604,0.5888,265
14,features.14,316,active,0.062183,8.703633e-08,3.593775e-07,0.0533,0.1777,265
14,features.14,317,pruned_before,nan,0.000000e+00,0.000000e+00,0.0000,0.0000,0
14,features.14,318,active,-0.007614,2.259986e-07,1.910845e-07,0.1091,0.0939,265
14,features.14,319,active,-0.079949,1.010486e-06,6.358903e-07,0.5482,0.3883,265
14,features.14,320,pruned_before,nan,0.000000e+00,0.000000e+00,0.0000,0.0000,0
14,features.14,321,active,-0.215736,1.472011e-06,5.238357e-07,0.7259,0.2944,265
14,features.14,322,active,-0.024112,7.727307e-07,6.394922e-07,0.4391,0.3909,265
14,features.14,323,active,-0.069797,2.763111e-06,1.558779e-06,0.9036,0.7640,265
14,features.14,324,active,0.092640,7.560031e-07,1.050141e-06,0.4264,0.6117,265
14,features.14,325,active,-0.078680,6.377784e-07,4.111522e-07,0.3579,0.2005,265
14,features.14,326,active,0.213198,6.189376e-07,1.602678e-06,0.3426,0.7690,265
14,features.14,327,pruned_before,nan,0.000000e+00,0.000000e+00,0.0000,0.0000,0
14,features.14,328,active,-0.148477,1.680121e-06,7.678650e-07,0.7690,0.4721,265
14,features.14,329,active,-0.039340,3.453044e-06,2.209365e-06,0.9365,0.8579,265
14,features.14,330,pruned_now,-0.251269,4.536552e-06,7.740033e-07,0.9797,0.4772,265
14,features.14,331,pruned_now,-0.269036,1.052178e-06,1.040700e-07,0.5635,0.0254,265
14,features.14,332,pruned_before,nan,0.000000e+00,0.000000e+00,0.0000,0.0000,0
14,features.14,333,active,0.468274,8.122307e-08,6.001313e-06,0.0508,0.9873,265
14,features.14,334,active,0.350254,2.370007e-07,1.947177e-06,0.1142,0.8147,265
14,features.14,335,pruned_before,nan,0.000000e+00,0.000000e+00,0.0000,0.0000,0
14,features.14,336,active,-0.205584,1.302678e-06,4.943053e-07,0.6650,0.2538,265
14,features.14,337,active,0.062183,3.752264e-08,3.206385e-07,0.0254,0.1497,265
14,features.14,338,active,-0.007614,1.761755e-07,1.738171e-07,0.0990,0.0838,265
14,features.14,339,pruned_before,nan,0.000000e+00,0.000000e+00,0.0000,0.0000,0
14,features.14,340,pruned_before,nan,0.000000e+00,0.000000e+00,0.0000,0.0000,0
14,features.14,341,pruned_before,nan,0.000000e+00,0.000000e+00,0.0000,0.0000,0
14,features.14,342,active,-0.025381,6.367401e-07,5.380660e-07,0.3553,0.3046,265
14,features.14,343,pruned_before,nan,0.000000e+00,0.000000e+00,0.0000,0.0000,0
14,features.14,344,pruned_before,nan,0.000000e+00,0.000000e+00,0.0000,0.0000,0
14,features.14,345,active,-0.138325,7.352969e-07,2.791875e-07,0.4137,0.1371,265
14,features.14,346,active,0.054569,1.256802e-06,1.552949e-06,0.6523,0.7614,265
14,features.14,347,active,0.318528,3.516994e-07,2.009416e-06,0.1904,0.8274,265
14,features.14,348,pruned_before,nan,0.000000e+00,0.000000e+00,0.0000,0.0000,0
14,features.14,349,active,0.222081,8.095082e-07,2.483910e-06,0.4518,0.8959,265
14,features.14,350,pruned_before,nan,0.000000e+00,0.000000e+00,0.0000,0.0000,0
14,features.14,351,pruned_before,nan,0.000000e+00,0.000000e+00,0.0000,0.0000,0
14,features.14,352,active,0.011421,1.142585e-06,1.077932e-06,0.6015,0.6244,265
14,features.14,353,pruned_before,nan,0.000000e+00,0.000000e+00,0.0000,0.0000,0
14,features.14,354,active,-0.031726,9.209172e-07,6.923117e-07,0.4924,0.4289,265
14,features.14,355,active,-0.058376,4.495420e-07,2.734527e-07,0.2437,0.1269,265
14,features.14,356,active,0.234772,4.320031e-07,1.304722e-06,0.2360,0.7056,265
14,features.14,357,active,-0.005076,3.483314e-06,2.753561e-06,0.9391,0.9289,265
14,features.14,358,active,0.098985,3.313321e-07,6.226394e-07,0.1777,0.3756,265
14,features.14,359,active,-0.092640,7.506374e-07,4.761265e-07,0.4239,0.2386,265
14,features.14,360,active,-0.039340,7.215521e-07,5.566921e-07,0.4061,0.3274,265
14,features.14,361,pruned_before,nan,0.000000e+00,0.000000e+00,0.0000,0.0000,0
14,features.14,362,active,-0.036802,1.657884e-06,1.252045e-06,0.7614,0.6878,265
14,features.14,363,pruned_before,nan,0.000000e+00,0.000000e+00,0.0000,0.0000,0
14,features.14,364,pruned_now,-0.322335,2.157148e-06,4.130842e-07,0.8528,0.2081,265
14,features.14,365,pruned_before,nan,0.000000e+00,0.000000e+00,0.0000,0.0000,0
14,features.14,366,pruned_before,nan,0.000000e+00,0.000000e+00,0.0000,0.0000,0
14,features.14,367,active,-0.027919,1.912326e-06,1.549886e-06,0.8147,0.7589,265
14,features.14,368,pruned_before,nan,0.000000e+00,0.000000e+00,0.0000,0.0000,0
14,features.14,369,active,-0.217005,1.002976e-06,2.498602e-07,0.5457,0.1117,265
14,features.14,370,active,0.021574,2.707201e-06,3.068288e-06,0.9010,0.9442,265
14,features.14,371,pruned_before,nan,0.000000e+00,0.000000e+00,0.0000,0.0000,0
14,features.14,372,pruned_before,nan,0.000000e+00,0.000000e+00,0.0000,0.0000,0
14,features.14,373,active,-0.062183,1.179668e-06,7.957884e-07,0.6244,0.5000,265
14,features.14,374,pruned_before,nan,0.000000e+00,0.000000e+00,0.0000,0.0000,0
14,features.14,375,active,-0.038071,1.488185e-06,1.151073e-06,0.7284,0.6523,265
14,features.14,376,active,-0.085025,1.628136e-06,9.801511e-07,0.7563,0.5863,265
14,features.14,377,pruned_before,nan,0.000000e+00,0.000000e+00,0.0000,0.0000,0
14,features.14,378,active,-0.030457,1.392775e-07,7.211358e-08,0.0736,0.0127,265
14,features.14,379,active,-0.072335,6.096103e-07,3.818313e-07,0.3325,0.1878,265
14,features.14,380,active,-0.007614,7.386064e-07,6.610290e-07,0.4162,0.4010,265
14,features.14,381,pruned_before,nan,0.000000e+00,0.000000e+00,0.0000,0.0000,0
14,features.14,382,active,-0.195431,9.376980e-07,2.564257e-07,0.5076,0.1168,265
14,features.14,383,pruned_before,nan,0.000000e+00,0.000000e+00,0.0000,0.0000,0
14,features.14,384,pruned_before,nan,0.000000e+00,0.000000e+00,0.0000,0.0000,0
14,features.14,385,active,0.002538,5.971924e-07,5.703962e-07,0.3274,0.3325,265
14,features.14,386,pruned_before,nan,0.000000e+00,0.000000e+00,0.0000,0.0000,0
14,features.14,387,pruned_before,nan,0.000000e+00,0.000000e+00,0.0000,0.0000,0
14,features.14,388,active,-0.058376,6.720646e-07,4.995874e-07,0.3756,0.2589,265
14,features.14,389,pruned_before,nan,0.000000e+00,0.000000e+00,0.0000,0.0000,0
14,features.14,390,pruned_now,-0.317259,1.387566e-06,1.481144e-07,0.6904,0.0558,265
14,features.14,391,pruned_before,nan,0.000000e+00,0.000000e+00,0.0000,0.0000,0
14,features.14,392,active,-0.185279,1.442093e-06,5.881909e-07,0.7081,0.3376,265
14,features.14,393,active,-0.036802,6.282678e-07,5.105414e-07,0.3477,0.2741,265
14,features.14,394,active,0.128173,1.670915e-07,5.998823e-07,0.0939,0.3503,265
14,features.14,395,active,0.001269,5.401096e-07,5.234081e-07,0.2893,0.2919,265
14,features.14,396,pruned_before,nan,0.000000e+00,0.000000e+00,0.0000,0.0000,0
14,features.14,397,active,-0.115482,4.232777e-06,1.471910e-06,0.9695,0.7386,265
14,features.14,398,active,-0.072335,2.214139e-06,1.325138e-06,0.8579,0.7132,265
14,features.14,399,active,-0.204315,1.167806e-06,4.123349e-07,0.6117,0.2030,265
14,features.14,400,pruned_before,nan,0.000000e+00,0.000000e+00,0.0000,0.0000,0
14,features.14,401,active,0.078680,1.051432e-07,4.339929e-07,0.0635,0.2208,265
14,features.14,402,active,0.219543,1.067839e-08,7.104222e-07,0.0051,0.4442,265
14,features.14,403,pruned_before,nan,0.000000e+00,0.000000e+00,0.0000,0.0000,0
14,features.14,404,pruned_before,nan,0.000000e+00,0.000000e+00,0.0000,0.0000,0
14,features.14,405,active,-0.137056,9.349332e-07,4.478840e-07,0.5000,0.2259,265
14,features.14,406,active,0.041878,1.160945e-06,1.271766e-06,0.6091,0.6929,265
14,features.14,407,active,0.008883,1.574089e-07,2.245084e-07,0.0838,0.1015,265
14,features.14,408,active,-0.159898,1.108162e-06,5.040467e-07,0.5888,0.2690,265
14,features.14,409,pruned_before,nan,0.000000e+00,0.000000e+00,0.0000,0.0000,0
14,features.14,410,active,0.020305,3.869974e-07,4.912964e-07,0.2107,0.2513,265
14,features.14,411,active,-0.005076,9.103516e-08,1.414773e-07,0.0558,0.0457,265
14,features.14,412,active,-0.118020,5.278553e-07,1.436194e-07,0.2843,0.0482,265
14,features.14,413,pruned_before,nan,0.000000e+00,0.000000e+00,0.0000,0.0000,0
14,features.14,414,active,0.002538,2.540381e-07,2.767451e-07,0.1269,0.1320,265
14,features.14,415,pruned_now,-0.328680,1.389564e-06,1.110689e-07,0.6929,0.0355,265
14,features.14,416,active,-0.168782,1.101490e-06,4.861277e-07,0.5838,0.2462,265
14,features.14,417,active,-0.213198,9.736038e-07,2.228221e-07,0.5254,0.0990,265
14,features.14,418,pruned_now,-0.270305,1.062872e-06,1.079897e-07,0.5711,0.0305,265
14,features.14,419,active,-0.019036,2.116050e-07,1.540561e-07,0.1041,0.0660,265
14,features.14,420,active,0.011421,2.547621e-07,3.290913e-07,0.1294,0.1523,265
14,features.14,421,active,0.125635,5.539820e-07,9.272660e-07,0.3046,0.5558,265
14,features.14,422,pruned_before,nan,0.000000e+00,0.000000e+00,0.0000,0.0000,0
14,features.14,423,active,0.440355,2.330735e-08,2.482082e-06,0.0102,0.8909,265
14,features.14,424,pruned_before,nan,0.000000e+00,0.000000e+00,0.0000,0.0000,0
14,features.14,425,active,0.011421,6.789257e-07,6.610583e-07,0.3807,0.4036,265
14,features.14,426,pruned_before,nan,0.000000e+00,0.000000e+00,0.0000,0.0000,0
14,features.14,427,pruned_before,nan,0.000000e+00,0.000000e+00,0.0000,0.0000,0
14,features.14,428,active,-0.049492,2.434483e-07,8.835156e-08,0.1193,0.0203,265
14,features.14,429,active,-0.227157,3.056736e-06,7.674959e-07,0.9239,0.4695,265
14,features.14,430,pruned_before,nan,0.000000e+00,0.000000e+00,0.0000,0.0000,0
14,features.14,431,active,0.288071,5.077898e-07,2.174107e-06,0.2741,0.8503,265
14,features.14,432,active,0.096447,2.706618e-08,4.128914e-07,0.0127,0.2056,265
14,features.14,433,pruned_before,nan,0.000000e+00,0.000000e+00,0.0000,0.0000,0
14,features.14,434,active,-0.175127,1.250962e-06,5.313075e-07,0.6472,0.2970,265
14,features.14,435,pruned_before,nan,0.000000e+00,0.000000e+00,0.0000,0.0000,0
14,features.14,436,pruned_before,nan,0.000000e+00,0.000000e+00,0.0000,0.0000,0
14,features.14,437,pruned_before,nan,0.000000e+00,0.000000e+00,0.0000,0.0000,0
14,features.14,438,active,-0.045685,9.837678e-07,7.057352e-07,0.5330,0.4416,265
14,features.14,439,active,0.151015,1.106080e-06,2.458185e-06,0.5863,0.8883,265
14,features.14,440,active,0.328680,3.380499e-07,2.087061e-06,0.1827,0.8401,265
14,features.14,441,active,0.062183,3.122914e-07,5.212008e-07,0.1624,0.2868,265
14,features.14,442,pruned_before,nan,0.000000e+00,0.000000e+00,0.0000,0.0000,0
14,features.14,443,pruned_before,nan,0.000000e+00,0.000000e+00,0.0000,0.0000,0
14,features.14,444,active,0.104061,1.064193e-06,1.695856e-06,0.5736,0.7817,265
14,features.14,445,active,0.053299,7.479886e-07,8.630092e-07,0.4213,0.5279,265
14,features.14,446,active,0.030457,2.601084e-07,3.950507e-07,0.1345,0.1954,265
14,features.14,447,active,0.081218,1.774925e-06,3.269829e-06,0.7919,0.9543,265
14,features.14,448,pruned_now,-0.348985,2.096653e-06,3.043182e-07,0.8401,0.1421,265
14,features.14,449,active,-0.211929,9.645048e-07,1.847083e-07,0.5127,0.0888,265
14,features.14,450,pruned_before,nan,0.000000e+00,0.000000e+00,0.0000,0.0000,0
14,features.14,451,active,-0.196701,1.057895e-05,1.043943e-06,1.0000,0.6066,265
14,features.14,452,active,-0.213198,4.038254e-06,8.875941e-07,0.9645,0.5381,265
14,features.14,453,pruned_before,nan,0.000000e+00,0.000000e+00,0.0000,0.0000,0
14,features.14,454,active,-0.019036,4.170848e-07,3.907802e-07,0.2284,0.1904,265
14,features.14,455,active,0.124365,1.452868e-06,3.587406e-06,0.7132,0.9619,265
14,features.14,456,active,0.057107,9.986655e-07,1.153078e-06,0.5406,0.6548,265
14,features.14,457,active,-0.177665,2.990979e-06,9.328215e-07,0.9188,0.5635,265
14,features.14,458,active,-0.016497,3.792321e-07,3.521793e-07,0.2081,0.1751,265
14,features.14,459,active,-0.029188,4.514468e-06,2.705253e-06,0.9772,0.9188,265
14,features.14,460,active,0.227157,3.958860e-07,1.206431e-06,0.2183,0.6726,265
14,features.14,461,active,-0.031726,1.705501e-06,1.316685e-06,0.7716,0.7081,265
14,features.14,462,active,0.003807,1.122835e-06,1.032376e-06,0.5964,0.6041,265
14,features.14,463,active,-0.175127,9.218500e-07,3.054969e-07,0.4949,0.1447,265
14,features.14,464,active,0.248731,5.560805e-07,1.899150e-06,0.3096,0.8071,265
14,features.14,465,pruned_before,nan,0.000000e+00,0.000000e+00,0.0000,0.0000,0
14,features.14,466,active,0.069797,1.230528e-06,1.689714e-06,0.6371,0.7766,265
14,features.14,467,active,0.013959,2.863552e-07,3.649027e-07,0.1523,0.1802,265
14,features.14,468,active,-0.143401,7.858361e-07,3.329931e-07,0.4442,0.1574,265
14,features.14,469,pruned_before,nan,0.000000e+00,0.000000e+00,0.0000,0.0000,0
14,features.14,470,pruned_before,nan,0.000000e+00,0.000000e+00,0.0000,0.0000,0
14,features.14,471,active,0.407360,2.913955e-07,4.342421e-06,0.1548,0.9695,265
14,features.14,472,pruned_before,nan,0.000000e+00,0.000000e+00,0.0000,0.0000,0
14,features.14,473,active,-0.116751,9.100469e-07,4.863464e-07,0.4822,0.2487,265
14,features.14,474,active,0.021574,1.444140e-07,2.612664e-07,0.0787,0.1218,265
14,features.14,475,active,-0.030457,1.661340e-06,1.297158e-06,0.7640,0.7030,265
14,features.14,476,pruned_before,nan,0.000000e+00,0.000000e+00,0.0000,0.0000,0
14,features.14,477,active,-0.135787,1.447695e-06,7.024245e-07,0.7107,0.4391,265
14,features.14,478,active,0.201777,9.989966e-07,3.145449e-06,0.5431,0.9467,265
14,features.14,479,active,-0.049492,2.583068e-07,1.099511e-07,0.1320,0.0330,265
14,features.14,480,pruned_now,-0.272843,2.126745e-06,5.317493e-07,0.8452,0.2995,265
14,features.14,481,pruned_now,-0.276650,1.193109e-06,1.655418e-07,0.6269,0.0736,265
14,features.14,482,active,0.128173,1.238876e-06,2.485501e-06,0.6421,0.8985,265
14,features.14,483,active,0.096447,1.091306e-06,1.675042e-06,0.5812,0.7741,265
14,features.14,484,active,0.341371,5.147517e-07,3.574361e-06,0.2766,0.9594,265
14,features.14,485,active,0.161168,1.258171e-07,6.405150e-07,0.0711,0.3934,265
14,features.14,486,active,0.124365,1.333423e-06,2.728012e-06,0.6777,0.9264,265
14,features.14,487,pruned_before,nan,0.000000e+00,0.000000e+00,0.0000,0.0000,0
14,features.14,488,active,0.005076,1.720523e-06,1.713667e-06,0.7741,0.7843,265
14,features.14,489,pruned_before,nan,0.000000e+00,0.000000e+00,0.0000,0.0000,0
14,features.14,490,pruned_before,nan,0.000000e+00,0.000000e+00,0.0000,0.0000,0
14,features.14,491,active,0.074873,8.790453e-07,1.069126e-06,0.4695,0.6193,265
14,features.14,492,pruned_before,nan,0.000000e+00,0.000000e+00,0.0000,0.0000,0
14,features.14,493,active,0.163706,4.402381e-07,9.402549e-07,0.2386,0.5660,265
14,features.14,494,active,0.171320,1.123768e-06,3.051258e-06,0.5990,0.9416,265
14,features.14,495,active,0.024112,2.533249e-06,2.867225e-06,0.8883,0.9365,265
14,features.14,496,active,0.090102,1.212556e-06,1.923100e-06,0.6320,0.8122,265
14,features.14,497,pruned_before,nan,0.000000e+00,0.000000e+00,0.0000,0.0000,0
14,features.14,498,active,-0.172589,6.535795e-07,9.308155e-08,0.3680,0.0228,265
14,features.14,499,active,-0.180203,2.486215e-06,8.404075e-07,0.8807,0.5203,265
14,features.14,500,active,0.190355,3.477236e-07,9.452829e-07,0.1878,0.5685,265
14,features.14,501,active,-0.126904,1.118153e-06,5.888056e-07,0.5939,0.3401,265
14,features.14,502,active,0.025381,3.448524e-07,4.686443e-07,0.1853,0.2360,265
14,features.14,503,pruned_before,nan,0.000000e+00,0.000000e+00,0.0000,0.0000,0
14,features.14,504,active,-0.046954,5.865189e-07,4.484727e-07,0.3223,0.2284,265
14,features.14,505,active,-0.142132,1.029702e-06,5.100418e-07,0.5558,0.2716,265
14,features.14,506,active,0.181472,6.895285e-07,1.529580e-06,0.3883,0.7513,265
14,features.14,507,active,0.071066,2.138663e-06,8.564067e-06,0.8503,0.9924,265
14,features.14,508,active,0.479695,3.400818e-08,4.834952e-06,0.0228,0.9822,265
14,features.14,509,active,-0.078680,3.832839e-06,1.845103e-06,0.9594,0.8020,265
14,features.14,510,active,0.114213,1.345278e-06,2.600101e-06,0.6853,0.9137,265
14,features.14,511,active,0.227157,4.734086e-07,1.317048e-06,0.2563,0.7107,265
14,features.14,512,active,-0.025381,5.357765e-06,3.043699e-06,0.9898,0.9391,265
14,features.14,513,active,0.162437,2.218846e-07,6.934729e-07,0.1066,0.4315,265
14,features.14,514,active,0.119289,6.211014e-07,9.722354e-07,0.3452,0.5838,265
14,features.14,515,pruned_now,-0.255076,7.681000e-06,7.871973e-07,0.9975,0.4873,265
14,features.14,516,active,0.038071,1.649473e-07,3.466008e-07,0.0914,0.1675,265
14,features.14,517,active,-0.167513,3.508968e-06,1.047779e-06,0.9442,0.6091,265
14,features.14,518,pruned_now,-0.275381,1.878510e-06,4.989487e-07,0.8071,0.2563,265
14,features.14,519,active,0.166244,1.215120e-06,3.677715e-06,0.6345,0.9670,265
14,features.14,520,pruned_before,nan,0.000000e+00,0.000000e+00,0.0000,0.0000,0
14,features.14,521,pruned_before,nan,0.000000e+00,0.000000e+00,0.0000,0.0000,0
14,features.14,522,active,-0.030457,1.392558e-06,1.117428e-06,0.7005,0.6396,265
14,features.14,523,active,-0.086294,9.647333e-07,5.947107e-07,0.5152,0.3426,265
14,features.14,524,pruned_before,nan,0.000000e+00,0.000000e+00,0.0000,0.0000,0
14,features.14,525,active,0.038071,3.236084e-07,4.823798e-07,0.1675,0.2437,265
14,features.14,526,active,-0.220812,1.012274e-06,2.461918e-07,0.5508,0.1091,265
14,features.14,527,active,-0.087563,6.544840e-06,1.970615e-06,0.9949,0.8198,265
14,features.14,528,active,-0.104061,3.315377e-06,1.349334e-06,0.9315,0.7234,265
14,features.14,529,active,0.065990,1.258927e-06,1.719284e-06,0.6548,0.7868,265
14,features.14,530,active,-0.236041,2.017823e-06,6.008595e-07,0.8274,0.3553,265
14,features.14,531,active,0.032995,5.691056e-07,6.259227e-07,0.3147,0.3807,265
14,features.14,532,pruned_before,nan,0.000000e+00,0.000000e+00,0.0000,0.0000,0
14,features.14,533,active,-0.135787,5.588282e-06,1.345380e-06,0.9924,0.7208,265
14,features.14,534,pruned_before,nan,0.000000e+00,0.000000e+00,0.0000,0.0000,0
14,features.14,535,active,-0.118020,5.589428e-07,1.694198e-07,0.3122,0.0761,265
14,features.14,536,active,0.163706,4.005735e-07,9.127840e-07,0.2208,0.5482,265
14,features.14,537,pruned_before,nan,0.000000e+00,0.000000e+00,0.0000,0.0000,0
14,features.14,538,active,0.335025,1.078238e-07,1.449460e-06,0.0660,0.7360,265
14,features.14,539,active,-0.156091,8.786117e-07,3.306582e-07,0.4670,0.1548,265
14,features.14,540,active,-0.031726,9.758953e-07,7.570586e-07,0.5279,0.4645,265
14,features.14,541,active,-0.015228,9.370704e-07,7.682222e-07,0.5051,0.4746,265
14,features.14,542,pruned_before,nan,0.000000e+00,0.000000e+00,0.0000,0.0000,0
14,features.14,543,active,-0.001269,0.000000e+00,0.000000e+00,0.0025,0.0000,265
14,features.14,544,active,0.441624,7.635708e-08,2.754216e-06,0.0482,0.9315,265
14,features.14,545,pruned_now,-0.304569,2.614241e-06,5.213209e-07,0.8985,0.2893,265
14,features.14,546,active,0.022843,8.668332e-07,8.291357e-07,0.4645,0.5102,265
14,features.14,547,active,0.016497,3.965431e-06,9.589636e-06,0.9619,0.9949,265
14,features.14,548,active,-0.134518,9.858423e-07,5.032538e-07,0.5355,0.2665,265
14,features.14,549,active,0.078680,6.977544e-07,9.143333e-07,0.3934,0.5508,265
14,features.14,550,pruned_before,nan,0.000000e+00,0.000000e+00,0.0000,0.0000,0
14,features.14,551,pruned_before,nan,0.000000e+00,0.000000e+00,0.0000,0.0000,0
14,features.14,552,active,-0.192893,1.833609e-06,6.698344e-07,0.7995,0.4137,265
14,features.14,553,active,0.263959,6.358210e-07,2.398752e-06,0.3528,0.8807,265
14,features.14,554,active,0.036802,1.036114e-06,1.102145e-06,0.5584,0.6320,265
14,features.14,555,pruned_before,nan,0.000000e+00,0.000000e+00,0.0000,0.0000,0
14,features.14,556,active,0.192893,9.944665e-07,2.720808e-06,0.5381,0.9239,265
14,features.14,557,pruned_before,nan,0.000000e+00,0.000000e+00,0.0000,0.0000,0
14,features.14,558,active,-0.116751,2.923993e-06,1.241590e-06,0.9162,0.6827,265
14,features.14,559,active,0.321066,4.461005e-07,2.431407e-06,0.2411,0.8832,265
14,features.14,560,active,-0.211929,1.871961e-06,6.232667e-07,0.8020,0.3782,265
14,features.14,561,active,0.100254,4.725976e-07,7.179770e-07,0.2538,0.4543,265
14,features.14,562,active,-0.229695,1.055461e-06,2.409961e-07,0.5660,0.1066,265
14,features.14,563,active,0.083756,5.059450e-07,7.019660e-07,0.2690,0.4365,265
14,features.14,564,active,0.139594,6.513689e-07,1.120353e-06,0.3629,0.6421,265
14,features.14,565,pruned_before,nan,0.000000e+00,0.000000e+00,0.0000,0.0000,0
14,features.14,566,active,-0.211929,1.977659e-06,6.546900e-07,0.8223,0.3985,265
14,features.14,567,active,-0.109137,1.744187e-06,9.297683e-07,0.7792,0.5609,265
14,features.14,568,pruned_before,nan,0.000000e+00,0.000000e+00,0.0000,0.0000,0
14,features.14,569,active,0.197970,5.071790e-07,1.200446e-06,0.2716,0.6675,265
14,features.14,570,active,0.078680,1.455805e-06,2.345388e-06,0.7183,0.8756,265
14,features.14,571,active,-0.010152,5.533689e-07,5.159329e-07,0.3020,0.2817,265
14,features.14,572,active,-0.211929,8.277453e-07,1.260016e-07,0.4619,0.0381,265
14,features.14,573,pruned_before,nan,0.000000e+00,0.000000e+00,0.0000,0.0000,0
14,features.14,574,pruned_before,nan,0.000000e+00,0.000000e+00,0.0000,0.0000,0
14,features.14,575,active,-0.053299,8.130956e-07,5.958179e-07,0.4543,0.3477,265
14,features.15,0,active,-0.104675,1.177630e-07,7.261285e-07,0.5549,0.3455,329
14,features.15,1,active,-0.202236,8.617302e-08,1.061643e-07,0.4390,0.0346,329
14,features.15,2,protected,0.045732,6.122924e-07,3.989614e-05,0.9085,1.0000,329
14,features.15,3,pruned_before,nan,0.000000e+00,0.000000e+00,0.0000,0.0000,0
14,features.15,4,active,-0.018293,8.496351e-07,4.827856e-06,0.9431,0.9065,329
14,features.15,5,pruned_before,nan,0.000000e+00,0.000000e+00,0.0000,0.0000,0
14,features.15,6,active,-0.149390,1.823179e-07,9.269476e-07,0.7175,0.4187,329
14,features.15,7,active,0.030488,7.691518e-07,2.289534e-05,0.9309,0.9919,329
14,features.15,8,pruned_before,nan,0.000000e+00,0.000000e+00,0.0000,0.0000,0
14,features.15,9,pruned_before,nan,0.000000e+00,0.000000e+00,0.0000,0.0000,0
14,features.15,10,pruned_before,nan,0.000000e+00,0.000000e+00,0.0000,0.0000,0
14,features.15,11,pruned_before,nan,0.000000e+00,0.000000e+00,0.0000,0.0000,0
14,features.15,12,pruned_before,nan,0.000000e+00,0.000000e+00,0.0000,0.0000,0
14,features.15,13,pruned_before,nan,0.000000e+00,0.000000e+00,0.0000,0.0000,0
14,features.15,14,active,-0.048781,1.632720e-07,1.384228e-06,0.6931,0.5955,329
14,features.15,15,active,0.246951,8.075058e-08,4.803288e-06,0.4106,0.9045,329
14,features.15,16,pruned_before,nan,0.000000e+00,0.000000e+00,0.0000,0.0000,0
14,features.15,17,pruned_before,nan,0.000000e+00,0.000000e+00,0.0000,0.0000,0
14,features.15,18,active,-0.022358,3.726162e-08,2.580545e-07,0.1606,0.1159,329
14,features.15,19,pruned_before,nan,0.000000e+00,0.000000e+00,0.0000,0.0000,0
14,features.15,20,active,-0.165650,1.464832e-07,6.293360e-07,0.6443,0.3130,329
14,features.15,21,pruned_before,nan,0.000000e+00,0.000000e+00,0.0000,0.0000,0
14,features.15,22,pruned_before,nan,0.000000e+00,0.000000e+00,0.0000,0.0000,0
14,features.15,23,active,0.086382,4.480719e-08,8.344396e-07,0.2195,0.3923,329
14,features.15,24,pruned_now,-0.358740,7.329668e-07,3.923385e-07,0.9228,0.2053,329
14,features.15,25,active,0.279472,2.015283e-08,1.462614e-06,0.0610,0.6199,329
14,features.15,26,pruned_before,nan,0.000000e+00,0.000000e+00,0.0000,0.0000,0
14,features.15,27,pruned_before,nan,0.000000e+00,0.000000e+00,0.0000,0.0000,0
14,features.15,28,pruned_before,nan,0.000000e+00,0.000000e+00,0.0000,0.0000,0
14,features.15,29,pruned_before,nan,0.000000e+00,0.000000e+00,0.0000,0.0000,0
14,features.15,30,active,-0.040650,6.466298e-08,4.892600e-07,0.3313,0.2500,329
14,features.15,31,active,-0.102642,1.041857e-07,5.967875e-07,0.5041,0.2988,329
14,features.15,32,active,-0.068089,1.047442e-07,7.855326e-07,0.5081,0.3720,329
14,features.15,33,pruned_before,nan,0.000000e+00,0.000000e+00,0.0000,0.0000,0
14,features.15,34,pruned_before,nan,0.000000e+00,0.000000e+00,0.0000,0.0000,0
14,features.15,35,active,-0.205285,2.578993e-07,8.220187e-07,0.7947,0.3841,329
14,features.15,36,pruned_before,nan,0.000000e+00,0.000000e+00,0.0000,0.0000,0
14,features.15,37,pruned_before,nan,0.000000e+00,0.000000e+00,0.0000,0.0000,0
14,features.15,38,active,-0.021341,8.132105e-07,4.352006e-06,0.9390,0.8963,329
14,features.15,39,pruned_before,nan,0.000000e+00,0.000000e+00,0.0000,0.0000,0
14,features.15,40,pruned_before,nan,0.000000e+00,0.000000e+00,0.0000,0.0000,0
14,features.15,41,active,-0.144309,5.141652e-07,1.389042e-06,0.8882,0.5996,329
14,features.15,42,pruned_before,nan,0.000000e+00,0.000000e+00,0.0000,0.0000,0
14,features.15,43,pruned_before,nan,0.000000e+00,0.000000e+00,0.0000,0.0000,0
14,features.15,44,active,0.213415,4.256661e-08,1.490533e-06,0.2012,0.6280,329
14,features.15,45,pruned_before,nan,0.000000e+00,0.000000e+00,0.0000,0.0000,0
14,features.15,46,pruned_before,nan,0.000000e+00,0.000000e+00,0.0000,0.0000,0
14,features.15,47,pruned_now,-0.360772,3.386684e-07,2.748977e-07,0.8516,0.1301,329
14,features.15,48,active,0.012195,7.402802e-07,7.056769e-06,0.9248,0.9492,329
14,features.15,49,pruned_before,nan,0.000000e+00,0.000000e+00,0.0000,0.0000,0
14,features.15,50,pruned_before,nan,0.000000e+00,0.000000e+00,0.0000,0.0000,0
14,features.15,51,pruned_before,nan,0.000000e+00,0.000000e+00,0.0000,0.0000,0
14,features.15,52,pruned_now,-0.256098,1.178562e-07,1.398094e-07,0.5569,0.0447,329
14,features.15,53,active,-0.226626,4.801709e-07,9.417969e-07,0.8780,0.4248,329
14,features.15,54,active,0.190041,1.116635e-08,8.919243e-07,0.0244,0.4045,329
14,features.15,55,active,0.190041,6.491989e-09,8.412111e-07,0.0142,0.3943,329
14,features.15,56,active,-0.111789,2.805311e-06,2.267291e-06,0.9939,0.7703,329
14,features.15,57,pruned_before,nan,0.000000e+00,0.000000e+00,0.0000,0.0000,0
14,features.15,58,pruned_before,nan,0.000000e+00,0.000000e+00,0.0000,0.0000,0
14,features.15,59,pruned_before,nan,0.000000e+00,0.000000e+00,0.0000,0.0000,0
14,features.15,60,pruned_before,nan,0.000000e+00,0.000000e+00,0.0000,0.0000,0
14,features.15,61,pruned_before,nan,0.000000e+00,0.000000e+00,0.0000,0.0000,0
14,features.15,62,active,0.081301,1.000442e-07,1.600490e-06,0.4898,0.6524,329
14,features.15,63,active,-0.236789,1.498673e-07,3.659021e-07,0.6626,0.1890,329
14,features.15,64,pruned_before,nan,0.000000e+00,0.000000e+00,0.0000,0.0000,0
14,features.15,65,active,0.472561,1.078615e-08,1.034238e-05,0.0224,0.9675,329
14,features.15,66,active,0.199187,1.033380e-07,4.622615e-06,0.5000,0.8984,329
14,features.15,67,pruned_before,nan,0.000000e+00,0.000000e+00,0.0000,0.0000,0
14,features.15,68,pruned_before,nan,0.000000e+00,0.000000e+00,0.0000,0.0000,0
14,features.15,69,pruned_before,nan,0.000000e+00,0.000000e+00,0.0000,0.0000,0
14,features.15,70,active,-0.098577,2.537104e-06,2.587667e-06,0.9898,0.7927,329
14,features.15,71,active,-0.125000,4.832971e-07,1.503972e-06,0.8821,0.6321,329
14,features.15,72,active,-0.195122,1.645383e-07,6.046411e-07,0.6951,0.3049,329
14,features.15,73,pruned_before,nan,0.000000e+00,0.000000e+00,0.0000,0.0000,0
14,features.15,74,active,0.387195,3.709959e-08,5.730892e-06,0.1545,0.9289,329
14,features.15,75,pruned_before,nan,0.000000e+00,0.000000e+00,0.0000,0.0000,0
14,features.15,76,pruned_before,nan,0.000000e+00,0.000000e+00,0.0000,0.0000,0
14,features.15,77,pruned_before,nan,0.000000e+00,0.000000e+00,0.0000,0.0000,0
14,features.15,78,active,0.035569,4.011161e-08,4.744635e-07,0.1748,0.2459,329
14,features.15,79,pruned_before,nan,0.000000e+00,0.000000e+00,0.0000,0.0000,0
14,features.15,80,active,0.019309,2.097048e-08,2.445362e-07,0.0630,0.1016,329
14,features.15,81,pruned_before,nan,0.000000e+00,0.000000e+00,0.0000,0.0000,0
14,features.15,82,pruned_before,nan,0.000000e+00,0.000000e+00,0.0000,0.0000,0
14,features.15,83,pruned_before,nan,0.000000e+00,0.000000e+00,0.0000,0.0000,0
14,features.15,84,pruned_before,nan,0.000000e+00,0.000000e+00,0.0000,0.0000,0
14,features.15,85,pruned_before,nan,0.000000e+00,0.000000e+00,0.0000,0.0000,0
14,features.15,86,pruned_before,nan,0.000000e+00,0.000000e+00,0.0000,0.0000,0
14,features.15,87,active,0.155488,4.945255e-08,1.226157e-06,0.2500,0.5610,329
14,features.15,88,pruned_before,nan,0.000000e+00,0.000000e+00,0.0000,0.0000,0
14,features.15,89,active,0.029472,3.349749e-07,4.776180e-06,0.8435,0.9024,329
14,features.15,90,pruned_before,nan,0.000000e+00,0.000000e+00,0.0000,0.0000,0
14,features.15,91,pruned_before,nan,0.000000e+00,0.000000e+00,0.0000,0.0000,0
14,features.15,92,active,-0.203252,1.499745e-07,5.126916e-07,0.6667,0.2602,329
14,features.15,93,pruned_now,-0.292683,2.576291e-07,3.948816e-07,0.7927,0.2073,329
14,features.15,94,active,0.159553,7.336590e-08,1.835947e-06,0.3740,0.6931,329
14,features.15,95,pruned_now,-0.330285,1.499442e-07,2.656061e-08,0.6646,0.0041,329
14,features.15,96,active,-0.004065,3.092630e-07,2.822284e-06,0.8313,0.8232,329
14,features.15,97,active,-0.004065,2.684422e-08,2.082602e-07,0.0894,0.0813,329
14,features.15,98,pruned_before,nan,0.000000e+00,0.000000e+00,0.0000,0.0000,0
14,features.15,99,active,0.144309,7.810418e-08,1.753188e-06,0.3902,0.6789,329
14,features.15,100,pruned_before,nan,0.000000e+00,0.000000e+00,0.0000,0.0000,0
14,features.15,101,active,-0.113821,1.736651e-07,1.032086e-06,0.7053,0.4776,329
14,features.15,102,active,-0.031504,2.661064e-08,8.337736e-08,0.0874,0.0244,329
14,features.15,103,active,-0.046748,7.967918e-08,6.102107e-07,0.4004,0.3069,329
14,features.15,104,pruned_before,nan,0.000000e+00,0.000000e+00,0.0000,0.0000,0
14,features.15,105,active,-0.197154,1.156619e-07,3.126564e-07,0.5467,0.1524,329
14,features.15,106,active,-0.221545,1.504297e-07,4.176644e-07,0.6687,0.2256,329
14,features.15,107,active,0.172764,6.839483e-08,1.846152e-06,0.3537,0.6992,329
14,features.15,108,active,0.232724,4.698368e-08,1.855727e-06,0.2358,0.7012,329
14,features.15,109,active,0.290650,7.433432e-08,8.509885e-06,0.3760,0.9573,329
14,features.15,110,pruned_before,nan,0.000000e+00,0.000000e+00,0.0000,0.0000,0
14,features.15,111,pruned_before,nan,0.000000e+00,0.000000e+00,0.0000,0.0000,0
14,features.15,112,pruned_before,nan,0.000000e+00,0.000000e+00,0.0000,0.0000,0
14,features.15,113,active,0.314024,3.018157e-08,2.037296e-06,0.1077,0.7358,329
14,features.15,114,active,-0.022358,2.174513e-08,7.623805e-08,0.0650,0.0203,329
14,features.15,115,pruned_before,nan,0.000000e+00,0.000000e+00,0.0000,0.0000,0
14,features.15,116,active,0.024390,3.959656e-08,4.091987e-07,0.1707,0.2195,329
14,features.15,117,pruned_before,nan,0.000000e+00,0.000000e+00,0.0000,0.0000,0
14,features.15,118,active,-0.035569,3.702494e-07,2.517266e-06,0.8577,0.7866,329
14,features.15,119,pruned_before,nan,0.000000e+00,0.000000e+00,0.0000,0.0000,0
14,features.15,120,pruned_before,nan,0.000000e+00,0.000000e+00,0.0000,0.0000,0
14,features.15,121,pruned_before,nan,0.000000e+00,0.000000e+00,0.0000,0.0000,0
14,features.15,122,pruned_before,nan,0.000000e+00,0.000000e+00,0.0000,0.0000,0
14,features.15,123,pruned_before,nan,0.000000e+00,0.000000e+00,0.0000,0.0000,0
14,features.15,124,active,0.032520,1.474241e-07,1.928653e-06,0.6484,0.7134,329
14,features.15,125,active,-0.089431,1.169038e-07,7.783187e-07,0.5488,0.3699,329
14,features.15,126,active,-0.021341,1.931075e-07,1.836652e-06,0.7378,0.6951,329
14,features.15,127,pruned_before,nan,0.000000e+00,0.000000e+00,0.0000,0.0000,0
14,features.15,128,pruned_before,nan,0.000000e+00,0.000000e+00,0.0000,0.0000,0
14,features.15,129,pruned_before,nan,0.000000e+00,0.000000e+00,0.0000,0.0000,0
14,features.15,130,pruned_before,nan,0.000000e+00,0.000000e+00,0.0000,0.0000,0
14,features.15,131,active,-0.078252,5.012028e-08,2.430327e-07,0.2561,0.0996,329
14,features.15,132,active,-0.070122,1.575872e-07,1.210211e-06,0.6850,0.5447,329
14,features.15,133,active,-0.154472,1.068703e-07,3.954812e-07,0.5183,0.2093,329
14,features.15,134,active,0.259146,2.740603e-08,1.425450e-06,0.0935,0.6118,329
14,features.15,135,active,0.023374,1.330248e-07,1.560134e-06,0.5955,0.6423,329
14,features.15,136,active,0.024390,2.761681e-08,2.997126e-07,0.0955,0.1443,329
14,features.15,137,pruned_before,nan,0.000000e+00,0.000000e+00,0.0000,0.0000,0
14,features.15,138,pruned_before,nan,0.000000e+00,0.000000e+00,0.0000,0.0000,0
14,features.15,139,active,-0.207317,1.449825e-06,1.221331e-06,0.9695,0.5549,329
14,features.15,140,pruned_before,nan,0.000000e+00,0.000000e+00,0.0000,0.0000,0
14,features.15,141,active,-0.005081,2.010389e-07,2.108485e-06,0.7500,0.7398,329
14,features.15,142,active,0.163618,1.172145e-07,3.931533e-06,0.5528,0.8801,329
14,features.15,143,pruned_before,nan,0.000000e+00,0.000000e+00,0.0000,0.0000,0
14,features.15,144,pruned_before,nan,0.000000e+00,0.000000e+00,0.0000,0.0000,0
14,features.15,145,pruned_before,nan,0.000000e+00,0.000000e+00,0.0000,0.0000,0
14,features.15,146,active,0.056911,2.663877e-07,5.288321e-06,0.8089,0.9228,329
14,features.15,147,pruned_before,nan,0.000000e+00,0.000000e+00,0.0000,0.0000,0
14,features.15,148,pruned_before,nan,0.000000e+00,0.000000e+00,0.0000,0.0000,0
14,features.15,149,active,0.117886,4.572675e-08,1.013892e-06,0.2276,0.4634,329
14,features.15,150,active,0.270325,3.488154e-08,1.749236e-06,0.1341,0.6748,329
14,features.15,151,active,0.024390,4.945243e-08,5.957107e-07,0.2480,0.2967,329
14,features.15,152,pruned_before,nan,0.000000e+00,0.000000e+00,0.0000,0.0000,0
14,features.15,153,active,0.216463,7.954309e-08,2.921593e-06,0.3984,0.8313,329
14,features.15,154,pruned_before,nan,0.000000e+00,0.000000e+00,0.0000,0.0000,0
14,features.15,155,pruned_before,nan,0.000000e+00,0.000000e+00,0.0000,0.0000,0
14,features.15,156,active,-0.195122,2.025507e-06,1.366488e-06,0.9776,0.5874,329
14,features.15,157,active,-0.020325,2.089700e-07,1.968474e-06,0.7581,0.7175,329
14,features.15,158,active,0.021341,1.026728e-07,1.191651e-06,0.4959,0.5386,329
14,features.15,159,active,0.220528,1.084866e-07,9.202337e-06,0.5203,0.9614,329
14,features.15,160,active,-0.207317,1.809877e-07,6.005384e-07,0.7154,0.3008,329
14,features.15,161,pruned_before,nan,0.000000e+00,0.000000e+00,0.0000,0.0000,0
14,features.15,162,active,-0.004065,4.028960e-07,3.490812e-06,0.8659,0.8577,329
14,features.15,163,pruned_before,nan,0.000000e+00,0.000000e+00,0.0000,0.0000,0
14,features.15,164,pruned_before,nan,0.000000e+00,0.000000e+00,0.0000,0.0000,0
14,features.15,165,pruned_before,nan,0.000000e+00,0.000000e+00,0.0000,0.0000,0
14,features.15,166,pruned_before,nan,0.000000e+00,0.000000e+00,0.0000,0.0000,0
14,features.15,167,pruned_before,nan,0.000000e+00,0.000000e+00,0.0000,0.0000,0
14,features.15,168,pruned_before,nan,0.000000e+00,0.000000e+00,0.0000,0.0000,0
14,features.15,169,pruned_before,nan,0.000000e+00,0.000000e+00,0.0000,0.0000,0
14,features.15,170,pruned_before,nan,0.000000e+00,0.000000e+00,0.0000,0.0000,0
14,features.15,171,active,0.244919,4.827447e-08,2.036373e-06,0.2439,0.7337,329
14,features.15,172,active,0.106707,7.936203e-08,1.420445e-06,0.3943,0.6077,329
14,features.15,173,active,-0.218496,2.634746e-07,7.761822e-07,0.8028,0.3659,329
14,features.15,174,active,-0.134146,1.395726e-07,7.279886e-07,0.6179,0.3496,329
14,features.15,175,pruned_before,nan,0.000000e+00,0.000000e+00,0.0000,0.0000,0
14,features.15,176,pruned_before,nan,0.000000e+00,0.000000e+00,0.0000,0.0000,0
14,features.15,177,active,-0.099593,3.362247e-07,1.563958e-06,0.8455,0.6463,329
14,features.15,178,pruned_before,nan,0.000000e+00,0.000000e+00,0.0000,0.0000,0
14,features.15,179,pruned_before,nan,0.000000e+00,0.000000e+00,0.0000,0.0000,0
14,features.15,180,pruned_before,nan,0.000000e+00,0.000000e+00,0.0000,0.0000,0
14,features.15,181,pruned_before,nan,0.000000e+00,0.000000e+00,0.0000,0.0000,0
14,features.15,182,pruned_before,nan,0.000000e+00,0.000000e+00,0.0000,0.0000,0
14,features.15,183,active,0.006098,1.141954e-07,1.214511e-06,0.5366,0.5488,329
14,features.15,184,active,-0.015244,2.076502e-07,1.992741e-06,0.7561,0.7256,329
14,features.15,185,pruned_before,nan,0.000000e+00,0.000000e+00,0.0000,0.0000,0
14,features.15,186,pruned_before,nan,0.000000e+00,0.000000e+00,0.0000,0.0000,0
14,features.15,187,active,0.111789,9.913877e-08,1.906518e-06,0.4858,0.7093,329
14,features.15,188,active,0.277439,4.898534e-08,2.686982e-06,0.2459,0.8008,329
14,features.15,189,pruned_before,nan,0.000000e+00,0.000000e+00,0.0000,0.0000,0
14,features.15,190,pruned_before,nan,0.000000e+00,0.000000e+00,0.0000,0.0000,0
14,features.15,191,pruned_before,nan,0.000000e+00,0.000000e+00,0.0000,0.0000,0
14,features.15,192,active,0.415650,2.365103e-08,4.718558e-06,0.0691,0.9004,329
14,features.15,193,pruned_before,nan,0.000000e+00,0.000000e+00,0.0000,0.0000,0
14,features.15,194,pruned_before,nan,0.000000e+00,0.000000e+00,0.0000,0.0000,0
14,features.15,195,active,0.036585,5.282978e-08,7.178497e-07,0.2663,0.3394,329
14,features.15,196,pruned_before,nan,0.000000e+00,0.000000e+00,0.0000,0.0000,0
14,features.15,197,pruned_before,nan,0.000000e+00,0.000000e+00,0.0000,0.0000,0
14,features.15,198,pruned_before,nan,0.000000e+00,0.000000e+00,0.0000,0.0000,0
14,features.15,199,pruned_before,nan,0.000000e+00,0.000000e+00,0.0000,0.0000,0
14,features.15,200,active,0.126016,1.012934e-07,2.115094e-06,0.4919,0.7439,329
14,features.15,201,pruned_before,nan,0.000000e+00,0.000000e+00,0.0000,0.0000,0
14,features.15,202,pruned_before,nan,0.000000e+00,0.000000e+00,0.0000,0.0000,0
14,features.15,203,active,-0.014228,1.686932e-07,1.737820e-06,0.7012,0.6728,329
14,features.15,204,active,0.005081,3.866972e-08,3.338077e-07,0.1626,0.1728,329
14,features.15,205,active,0.089431,2.420004e-08,4.912012e-07,0.0732,0.2520,329
14,features.15,206,pruned_before,nan,0.000000e+00,0.000000e+00,0.0000,0.0000,0
14,features.15,207,pruned_before,nan,0.000000e+00,0.000000e+00,0.0000,0.0000,0
14,features.15,208,active,0.338415,1.624081e-08,1.935454e-06,0.0386,0.7154,329
14,features.15,209,active,-0.216463,3.131702e-06,1.233368e-06,0.9980,0.5650,329
14,features.15,210,pruned_before,nan,0.000000e+00,0.000000e+00,0.0000,0.0000,0
14,features.15,211,active,-0.001016,1.750648e-06,1.107338e-05,0.9756,0.9736,329
14,features.15,212,active,0.142276,2.472964e-08,7.652195e-07,0.0752,0.3598,329
14,features.15,213,active,0.448171,7.631254e-09,4.874452e-06,0.0163,0.9126,329
14,features.15,214,active,-0.203252,2.528827e-07,8.068570e-07,0.7886,0.3821,329
14,features.15,215,active,-0.127033,1.849352e-07,1.020664e-06,0.7256,0.4715,329
14,features.15,216,active,0.061992,7.060687e-08,1.047040e-06,0.3618,0.4858,329
14,features.15,217,active,-0.002033,1.137292e-07,1.152683e-06,0.5346,0.5305,329
14,features.15,218,active,0.216463,7.787331e-08,2.819254e-06,0.3882,0.8211,329
14,features.15,219,pruned_before,nan,0.000000e+00,0.000000e+00,0.0000,0.0000,0
14,features.15,220,pruned_before,nan,0.000000e+00,0.000000e+00,0.0000,0.0000,0
14,features.15,221,pruned_now,-0.261179,8.004367e-07,9.127070e-07,0.9329,0.4106,329
14,features.15,222,pruned_before,nan,0.000000e+00,0.000000e+00,0.0000,0.0000,0
14,features.15,223,pruned_before,nan,0.000000e+00,0.000000e+00,0.0000,0.0000,0
14,features.15,224,active,-0.203252,1.955694e-07,6.996631e-07,0.7439,0.3374,329
14,features.15,225,pruned_before,nan,0.000000e+00,0.000000e+00,0.0000,0.0000,0
14,features.15,226,active,0.302846,1.428024e-08,1.554005e-06,0.0325,0.6382,329
14,features.15,227,active,-0.054878,3.371215e-07,2.053065e-06,0.8476,0.7378,329
14,features.15,228,active,-0.168699,1.644129e-06,1.508550e-06,0.9715,0.6341,329
14,features.15,229,active,-0.186992,9.997515e-08,2.564684e-07,0.4878,0.1138,329
14,features.15,230,pruned_before,nan,0.000000e+00,0.000000e+00,0.0000,0.0000,0
14,features.15,231,pruned_before,nan,0.000000e+00,0.000000e+00,0.0000,0.0000,0
14,features.15,232,active,0.371951,3.552097e-08,3.946041e-06,0.1382,0.8821,329
14,features.15,233,active,-0.036585,1.303072e-07,1.116965e-06,0.5874,0.5142,329
14,features.15,234,pruned_before,nan,0.000000e+00,0.000000e+00,0.0000,0.0000,0
14,features.15,235,active,0.112805,9.286735e-08,1.768367e-06,0.4593,0.6850,329
14,features.15,236,pruned_before,nan,0.000000e+00,0.000000e+00,0.0000,0.0000,0
14,features.15,237,pruned_before,nan,0.000000e+00,0.000000e+00,0.0000,0.0000,0
14,features.15,238,active,-0.130081,6.301615e-07,1.603217e-06,0.9146,0.6545,329
14,features.15,239,pruned_before,nan,0.000000e+00,0.000000e+00,0.0000,0.0000,0
14,features.15,240,active,0.164634,4.765896e-08,1.246232e-06,0.2398,0.5691,329
14,features.15,241,active,0.086382,2.792980e-07,2.140733e-05,0.8171,0.9898,329
14,features.15,242,pruned_before,nan,0.000000e+00,0.000000e+00,0.0000,0.0000,0
14,features.15,243,active,0.054878,3.411101e-08,4.466403e-07,0.1240,0.2337,329
14,features.15,244,pruned_now,-0.289634,2.634251e-07,4.100291e-07,0.8008,0.2215,329
14,features.15,245,active,0.079268,8.358248e-08,1.332242e-06,0.4268,0.5854,329
14,features.15,246,protected,0.052846,5.230389e-07,3.931771e-05,0.8923,0.9980,329
14,features.15,247,active,-0.008130,5.204821e-07,3.770174e-06,0.8902,0.8740,329
14,features.15,248,active,-0.028455,1.099660e-07,1.015161e-06,0.5244,0.4675,329
14,features.15,249,pruned_before,nan,0.000000e+00,0.000000e+00,0.0000,0.0000,0
14,features.15,250,pruned_before,nan,0.000000e+00,0.000000e+00,0.0000,0.0000,0
14,features.15,251,active,-0.070122,2.397849e-07,1.525300e-06,0.7764,0.6362,329
14,features.15,252,active,-0.067073,5.579613e-06,3.678570e-06,1.0000,0.8659,329
14,features.15,253,active,-0.160569,1.346340e-07,5.576386e-07,0.5996,0.2785,329
14,features.15,254,active,-0.157520,1.369041e-07,5.758301e-07,0.6057,0.2907,329
14,features.15,255,active,0.132114,6.027973e-08,1.257755e-06,0.3069,0.5711,329
14,features.15,256,pruned_before,nan,0.000000e+00,0.000000e+00,0.0000,0.0000,0
14,features.15,257,active,-0.215447,2.191724e-06,1.220220e-06,0.9837,0.5528,329
14,features.15,258,active,0.086382,1.522322e-07,3.068141e-06,0.6728,0.8455,329
14,features.15,259,active,-0.008130,1.344068e-08,4.495680e-08,0.0285,0.0122,329
14,features.15,260,pruned_before,nan,0.000000e+00,0.000000e+00,0.0000,0.0000,0
14,features.15,261,active,-0.098577,9.348497e-08,5.207821e-07,0.4614,0.2642,329
14,features.15,262,pruned_before,nan,0.000000e+00,0.000000e+00,0.0000,0.0000,0
14,features.15,263,active,0.212398,5.829109e-08,1.972743e-06,0.2988,0.7236,329
14,features.15,264,active,-0.041667,3.243964e-07,2.215898e-06,0.8394,0.7561,329
14,features.15,265,active,0.154472,1.369250e-07,5.140532e-06,0.6077,0.9167,329
14,features.15,266,active,-0.171748,1.182800e-07,4.070031e-07,0.5589,0.2154,329
14,features.15,267,pruned_before,nan,0.000000e+00,0.000000e+00,0.0000,0.0000,0
14,features.15,268,active,-0.132114,1.852931e-07,1.014732e-06,0.7297,0.4654,329
14,features.15,269,pruned_before,nan,0.000000e+00,0.000000e+00,0.0000,0.0000,0
14,features.15,270,pruned_before,nan,0.000000e+00,0.000000e+00,0.0000,0.0000,0
14,features.15,271,pruned_before,nan,0.000000e+00,0.000000e+00,0.0000,0.0000,0
14,features.15,272,active,0.313008,3.660102e-08,2.425021e-06,0.1504,0.7764,329
14,features.15,273,active,0.213415,8.080017e-08,2.952730e-06,0.4126,0.8394,329
14,features.15,274,pruned_before,nan,0.000000e+00,0.000000e+00,0.0000,0.0000,0
14,features.15,275,active,0.079268,4.018619e-08,6.980220e-07,0.1768,0.3354,329
14,features.15,276,active,-0.145325,8.632691e-07,1.624267e-06,0.9492,0.6585,329
14,features.15,277,pruned_before,nan,0.000000e+00,0.000000e+00,0.0000,0.0000,0
14,features.15,278,active,-0.220528,1.254340e-07,2.838746e-07,0.5732,0.1321,329
14,features.15,279,active,-0.136179,2.544932e-07,1.125295e-06,0.7907,0.5183,329
14,features.15,280,pruned_now,-0.276423,2.251481e-07,4.074714e-07,0.7703,0.2175,329
14,features.15,281,pruned_before,nan,0.000000e+00,0.000000e+00,0.0000,0.0000,0
14,features.15,282,active,0.159553,1.146506e-07,3.523398e-06,0.5407,0.8598,329
14,features.15,283,active,-0.085366,1.054028e-07,7.179432e-07,0.5122,0.3415,329
14,features.15,284,active,0.359756,4.624957e-08,7.069078e-06,0.2317,0.9512,329
14,features.15,285,pruned_before,nan,0.000000e+00,0.000000e+00,0.0000,0.0000,0
14,features.15,286,pruned_before,nan,0.000000e+00,0.000000e+00,0.0000,0.0000,0
14,features.15,287,active,0.118902,2.611219e-08,6.666537e-07,0.0833,0.3211,329
14,features.15,288,pruned_before,nan,0.000000e+00,0.000000e+00,0.0000,0.0000,0
14,features.15,289,pruned_before,nan,0.000000e+00,0.000000e+00,0.0000,0.0000,0
14,features.15,290,pruned_before,nan,0.000000e+00,0.000000e+00,0.0000,0.0000,0
14,features.15,291,active,0.178862,1.171812e-07,4.835062e-06,0.5508,0.9085,329
14,features.15,292,active,-0.117886,6.143321e-08,1.991976e-07,0.3110,0.0752,329
14,features.15,293,pruned_before,nan,0.000000e+00,0.000000e+00,0.0000,0.0000,0
14,features.15,294,active,0.091463,4.984335e-08,9.646217e-07,0.2541,0.4370,329
14,features.15,295,pruned_before,nan,0.000000e+00,0.000000e+00,0.0000,0.0000,0
14,features.15,296,active,0.056911,7.170333e-08,1.035706e-06,0.3679,0.4817,329
14,features.15,297,pruned_before,nan,0.000000e+00,0.000000e+00,0.0000,0.0000,0
14,features.15,298,pruned_before,nan,0.000000e+00,0.000000e+00,0.0000,0.0000,0
14,features.15,299,pruned_now,-0.305894,1.495025e-07,1.460852e-07,0.6585,0.0467,329
14,features.15,300,pruned_before,nan,0.000000e+00,0.000000e+00,0.0000,0.0000,0
14,features.15,301,pruned_before,nan,0.000000e+00,0.000000e+00,0.0000,0.0000,0
14,features.15,302,active,-0.085366,2.081978e-06,2.734460e-06,0.9817,0.8110,329
14,features.15,303,pruned_before,nan,0.000000e+00,0.000000e+00,0.0000,0.0000,0
14,features.15,304,pruned_before,nan,0.000000e+00,0.000000e+00,0.0000,0.0000,0
14,features.15,305,active,0.104675,6.429531e-08,1.164142e-06,0.3252,0.5346,329
14,features.15,306,pruned_before,nan,0.000000e+00,0.000000e+00,0.0000,0.0000,0
14,features.15,307,active,0.338415,4.001521e-08,3.404451e-06,0.1728,0.8496,329
14,features.15,308,pruned_before,nan,0.000000e+00,0.000000e+00,0.0000,0.0000,0
14,features.15,309,active,-0.045732,1.562595e-07,1.367587e-06,0.6809,0.5894,329
14,features.15,310,active,-0.125000,5.377021e-08,5.360650e-08,0.2683,0.0183,329
14,features.15,311,active,0.071138,3.437862e-08,5.368609e-07,0.1301,0.2724,329
14,features.15,312,active,-0.048781,2.977402e-07,2.000572e-06,0.8252,0.7276,329
14,features.15,313,pruned_before,nan,0.000000e+00,0.000000e+00,0.0000,0.0000,0
14,features.15,314,active,-0.174797,7.596000e-08,1.043003e-07,0.3821,0.0325,329
14,features.15,315,pruned_before,nan,0.000000e+00,0.000000e+00,0.0000,0.0000,0
14,features.15,316,pruned_before,nan,0.000000e+00,0.000000e+00,0.0000,0.0000,0
14,features.15,317,active,0.229675,7.952834e-08,3.475642e-06,0.3963,0.8557,329
14,features.15,318,pruned_before,nan,0.000000e+00,0.000000e+00,0.0000,0.0000,0
14,features.15,319,pruned_before,nan,0.000000e+00,0.000000e+00,0.0000,0.0000,0
14,features.15,320,pruned_before,nan,0.000000e+00,0.000000e+00,0.0000,0.0000,0
14,features.15,321,pruned_before,nan,0.000000e+00,0.000000e+00,0.0000,0.0000,0
14,features.15,322,pruned_before,nan,0.000000e+00,0.000000e+00,0.0000,0.0000,0
14,features.15,323,active,-0.040650,8.556392e-08,7.438160e-07,0.4350,0.3537,329
14,features.15,324,pruned_before,nan,0.000000e+00,0.000000e+00,0.0000,0.0000,0
14,features.15,325,active,-0.188008,8.027343e-08,1.011510e-07,0.4065,0.0305,329
14,features.15,326,active,-0.179878,2.168110e-07,8.845544e-07,0.7622,0.4024,329
14,features.15,327,pruned_now,-0.271341,2.477516e-07,4.538976e-07,0.7825,0.2398,329
14,features.15,328,pruned_before,nan,0.000000e+00,0.000000e+00,0.0000,0.0000,0
14,features.15,329,pruned_before,nan,0.000000e+00,0.000000e+00,0.0000,0.0000,0
14,features.15,330,active,0.086382,5.203320e-08,9.640709e-07,0.2622,0.4350,329
14,features.15,331,pruned_before,nan,0.000000e+00,0.000000e+00,0.0000,0.0000,0
14,features.15,332,active,0.174797,4.807788e-08,1.368297e-06,0.2419,0.5915,329
14,features.15,333,pruned_before,nan,0.000000e+00,0.000000e+00,0.0000,0.0000,0
14,features.15,334,pruned_before,nan,0.000000e+00,0.000000e+00,0.0000,0.0000,0
14,features.15,335,pruned_before,nan,0.000000e+00,0.000000e+00,0.0000,0.0000,0
14,features.15,336,pruned_before,nan,0.000000e+00,0.000000e+00,0.0000,0.0000,0
14,features.15,337,active,-0.005081,2.365806e-06,1.138424e-05,0.9878,0.9776,329
14,features.15,338,pruned_before,nan,0.000000e+00,0.000000e+00,0.0000,0.0000,0
14,features.15,339,pruned_before,nan,0.000000e+00,0.000000e+00,0.0000,0.0000,0
14,features.15,340,active,-0.103659,2.515567e-07,1.293467e-06,0.7866,0.5793,329
14,features.15,341,active,-0.051829,1.850456e-07,1.475362e-06,0.7276,0.6240,329
14,features.15,342,active,0.021341,4.454118e-07,5.176373e-06,0.8760,0.9187,329
14,features.15,343,active,-0.070122,8.783922e-08,6.007284e-07,0.4431,0.3028,329
14,features.15,344,active,0.084350,1.387712e-07,2.485085e-06,0.6138,0.7825,329
14,features.15,345,pruned_before,nan,0.000000e+00,0.000000e+00,0.0000,0.0000,0
14,features.15,346,active,0.011179,2.652682e-07,2.920176e-06,0.8069,0.8293,329
14,features.15,347,active,-0.163618,4.895218e-07,1.224331e-06,0.8841,0.5569,329
14,features.15,348,active,-0.030488,4.749363e-08,3.377864e-07,0.2378,0.1768,329
14,features.15,349,active,-0.006098,7.038124e-08,7.268164e-07,0.3598,0.3476,329
14,features.15,350,pruned_before,nan,0.000000e+00,0.000000e+00,0.0000,0.0000,0
14,features.15,351,pruned_before,nan,0.000000e+00,0.000000e+00,0.0000,0.0000,0
14,features.15,352,active,-0.129065,7.291408e-07,1.645779e-06,0.9207,0.6626,329
14,features.15,353,active,0.053862,2.423101e-07,4.155224e-06,0.7805,0.8882,329
14,features.15,354,pruned_before,nan,0.000000e+00,0.000000e+00,0.0000,0.0000,0
14,features.15,355,active,0.206301,1.673206e-08,1.010873e-06,0.0467,0.4593,329
14,features.15,356,pruned_now,-0.313008,3.240134e-07,4.008749e-07,0.8374,0.2114,329
14,features.15,357,active,0.098577,1.257828e-07,2.333955e-06,0.5752,0.7724,329
14,features.15,358,active,-0.025407,3.722030e-07,2.730081e-06,0.8598,0.8089,329
14,features.15,359,active,0.337398,5.775350e-08,1.088198e-05,0.2947,0.9695,329
14,features.15,360,pruned_before,nan,0.000000e+00,0.000000e+00,0.0000,0.0000,0
14,features.15,361,active,-0.213415,1.422568e-07,3.787920e-07,0.6220,0.1951,329
14,features.15,362,pruned_before,nan,0.000000e+00,0.000000e+00,0.0000,0.0000,0
14,features.15,363,active,-0.040650,1.944617e-07,1.641787e-06,0.7419,0.6606,329
14,features.15,364,pruned_before,nan,0.000000e+00,0.000000e+00,0.0000,0.0000,0
14,features.15,365,active,0.317073,2.366224e-08,1.898305e-06,0.0711,0.7053,329
14,features.15,366,pruned_before,nan,0.000000e+00,0.000000e+00,0.0000,0.0000,0
14,features.15,367,pruned_before,nan,0.000000e+00,0.000000e+00,0.0000,0.0000,0
14,features.15,368,active,0.164634,1.386580e-07,6.250010e-06,0.6098,0.9390,329
14,features.15,369,pruned_before,nan,0.000000e+00,0.000000e+00,0.0000,0.0000,0
14,features.15,370,pruned_before,nan,0.000000e+00,0.000000e+00,0.0000,0.0000,0
14,features.15,371,pruned_before,nan,0.000000e+00,0.000000e+00,0.0000,0.0000,0
14,features.15,372,active,0.053862,2.796401e-07,5.661833e-06,0.8191,0.9268,329
14,features.15,373,active,-0.138211,5.550510e-08,3.059017e-08,0.2825,0.0061,329
14,features.15,374,active,-0.002033,4.739704e-09,1.859583e-08,0.0041,0.0000,329
14,features.15,375,pruned_before,nan,0.000000e+00,0.000000e+00,0.0000,0.0000,0
14,features.15,376,active,-0.045732,8.259094e-08,6.786901e-07,0.4187,0.3272,329
14,features.15,377,active,-0.055894,6.750485e-08,4.531054e-07,0.3496,0.2378,329
14,features.15,378,pruned_before,nan,0.000000e+00,0.000000e+00,0.0000,0.0000,0
14,features.15,379,pruned_before,nan,0.000000e+00,0.000000e+00,0.0000,0.0000,0
14,features.15,380,active,-0.125000,4.831424e-07,1.503496e-06,0.8801,0.6301,329
14,features.15,381,active,-0.132114,2.216266e-07,1.092183e-06,0.7683,0.5041,329
14,features.15,382,active,-0.178862,5.314525e-07,1.195954e-06,0.8984,0.5407,329
14,features.15,383,pruned_before,nan,0.000000e+00,0.000000e+00,0.0000,0.0000,0
14,features.15,384,pruned_before,nan,0.000000e+00,0.000000e+00,0.0000,0.0000,0
14,features.15,385,pruned_before,nan,0.000000e+00,0.000000e+00,0.0000,0.0000,0
14,features.15,386,active,0.079268,2.617462e-08,4.727819e-07,0.0854,0.2439,329
14,features.15,387,active,-0.060976,4.066951e-08,1.654228e-07,0.1809,0.0589,329
14,features.15,388,pruned_before,nan,0.000000e+00,0.000000e+00,0.0000,0.0000,0
14,features.15,389,pruned_before,nan,0.000000e+00,0.000000e+00,0.0000,0.0000,0
14,features.15,390,pruned_before,nan,0.000000e+00,0.000000e+00,0.0000,0.0000,0
14,features.15,391,active,0.057927,4.312681e-08,6.693008e-07,0.2093,0.3252,329
14,features.15,392,active,-0.231707,1.128400e-07,1.899000e-07,0.5325,0.0691,329
14,features.15,393,active,-0.228659,1.603578e-07,4.227679e-07,0.6870,0.2297,329
14,features.15,394,active,-0.234756,2.260401e-06,1.120401e-06,0.9858,0.5163,329
14,features.15,395,active,0.008130,2.176487e-08,2.121751e-07,0.0671,0.0833,329
14,features.15,396,active,0.314024,3.719928e-08,2.509161e-06,0.1565,0.7846,329
14,features.15,397,active,0.223577,9.453434e-08,5.269268e-06,0.4736,0.9207,329
14,features.15,398,active,-0.121951,6.279016e-08,1.949327e-07,0.3171,0.0732,329
14,features.15,399,pruned_before,nan,0.000000e+00,0.000000e+00,0.0000,0.0000,0
14,features.15,400,active,0.069106,7.196814e-08,1.100979e-06,0.3699,0.5081,329
14,features.15,401,active,-0.119919,5.756818e-08,1.528084e-07,0.2927,0.0528,329
14,features.15,402,active,-0.015244,3.229270e-07,2.708188e-06,0.8354,0.8049,329
14,features.15,403,pruned_before,nan,0.000000e+00,0.000000e+00,0.0000,0.0000,0
14,features.15,404,pruned_before,nan,0.000000e+00,0.000000e+00,0.0000,0.0000,0
14,features.15,405,active,-0.140244,7.686431e-07,1.588027e-06,0.9289,0.6484,329
14,features.15,406,pruned_before,nan,0.000000e+00,0.000000e+00,0.0000,0.0000,0
14,features.15,407,pruned_before,nan,0.000000e+00,0.000000e+00,0.0000,0.0000,0
14,features.15,408,pruned_before,nan,0.000000e+00,0.000000e+00,0.0000,0.0000,0
14,features.15,409,pruned_before,nan,0.000000e+00,0.000000e+00,0.0000,0.0000,0
14,features.15,410,pruned_before,nan,0.000000e+00,0.000000e+00,0.0000,0.0000,0
14,features.15,411,pruned_before,nan,0.000000e+00,0.000000e+00,0.0000,0.0000,0
14,features.15,412,pruned_before,nan,0.000000e+00,0.000000e+00,0.0000,0.0000,0
14,features.15,413,pruned_before,nan,0.000000e+00,0.000000e+00,0.0000,0.0000,0
14,features.15,414,pruned_before,nan,0.000000e+00,0.000000e+00,0.0000,0.0000,0
14,features.15,415,pruned_before,nan,0.000000e+00,0.000000e+00,0.0000,0.0000,0
14,features.15,416,pruned_before,nan,0.000000e+00,0.000000e+00,0.0000,0.0000,0
14,features.15,417,active,0.252033,7.065790e-08,3.744036e-06,0.3638,0.8679,329
14,features.15,418,active,0.028455,4.950937e-08,6.204038e-07,0.2520,0.3089,329
14,features.15,419,active,-0.060976,9.867893e-08,7.674224e-07,0.4837,0.3618,329
14,features.15,420,active,-0.172764,2.216242e-07,9.274499e-07,0.7663,0.4207,329
14,features.15,421,pruned_before,nan,0.000000e+00,0.000000e+00,0.0000,0.0000,0
14,features.15,422,pruned_before,nan,0.000000e+00,0.000000e+00,0.0000,0.0000,0
14,features.15,423,pruned_before,nan,0.000000e+00,0.000000e+00,0.0000,0.0000,0
14,features.15,424,pruned_before,nan,0.000000e+00,0.000000e+00,0.0000,0.0000,0
14,features.15,425,active,-0.072154,5.510064e-08,2.842844e-07,0.2785,0.1341,329
14,features.15,426,pruned_before,nan,0.000000e+00,0.000000e+00,0.0000,0.0000,0
14,features.15,427,active,-0.093496,8.007493e-07,2.176728e-06,0.9350,0.7480,329
14,features.15,428,active,0.065041,1.389393e-07,2.163481e-06,0.6159,0.7459,329
14,features.15,429,pruned_before,nan,0.000000e+00,0.000000e+00,0.0000,0.0000,0
14,features.15,430,active,0.089431,1.962164e-08,4.473584e-07,0.0569,0.2358,329
14,features.15,431,pruned_before,nan,0.000000e+00,0.000000e+00,0.0000,0.0000,0
14,features.15,432,active,-0.229675,1.145151e-07,2.065058e-07,0.5386,0.0793,329
14,features.15,433,active,0.136179,6.466638e-08,1.405878e-06,0.3333,0.6057,329
14,features.15,434,pruned_before,nan,0.000000e+00,0.000000e+00,0.0000,0.0000,0
14,features.15,435,pruned_before,nan,0.000000e+00,0.000000e+00,0.0000,0.0000,0
14,features.15,436,pruned_before,nan,0.000000e+00,0.000000e+00,0.0000,0.0000,0
14,features.15,437,pruned_before,nan,0.000000e+00,0.000000e+00,0.0000,0.0000,0
14,features.15,438,pruned_before,nan,0.000000e+00,0.000000e+00,0.0000,0.0000,0
14,features.15,439,active,-0.190041,1.489501e-07,5.551958e-07,0.6565,0.2764,329
14,features.15,440,active,0.170732,7.123389e-08,1.899746e-06,0.3659,0.7073,329
14,features.15,441,pruned_before,nan,0.000000e+00,0.000000e+00,0.0000,0.0000,0
14,features.15,442,active,-0.100610,8.407245e-08,4.184007e-07,0.4289,0.2276,329
14,features.15,443,pruned_before,nan,0.000000e+00,0.000000e+00,0.0000,0.0000,0
14,features.15,444,active,-0.017276,2.786193e-08,1.728889e-07,0.0976,0.0630,329
14,features.15,445,pruned_before,nan,0.000000e+00,0.000000e+00,0.0000,0.0000,0
14,features.15,446,pruned_before,nan,0.000000e+00,0.000000e+00,0.0000,0.0000,0
14,features.15,447,active,-0.006098,7.561493e-07,4.991466e-06,0.9268,0.9146,329
14,features.15,448,pruned_before,nan,0.000000e+00,0.000000e+00,0.0000,0.0000,0
14,features.15,449,active,0.321138,2.794470e-08,2.112063e-06,0.0996,0.7419,329
14,features.15,450,pruned_before,nan,0.000000e+00,0.000000e+00,0.0000,0.0000,0
14,features.15,451,pruned_before,nan,0.000000e+00,0.000000e+00,0.0000,0.0000,0
14,features.15,452,active,0.044715,1.271317e-07,1.736367e-06,0.5813,0.6707,329
14,features.15,453,active,-0.142276,2.611969e-07,1.115737e-06,0.7967,0.5122,329
14,features.15,454,pruned_before,nan,0.000000e+00,0.000000e+00,0.0000,0.0000,0
14,features.15,455,active,0.037602,5.547685e-08,7.455625e-07,0.2805,0.3557,329
14,features.15,456,pruned_before,nan,0.000000e+00,0.000000e+00,0.0000,0.0000,0
14,features.15,457,active,-0.001016,1.629789e-08,1.181620e-07,0.0407,0.0386,329
14,features.15,458,pruned_before,nan,0.000000e+00,0.000000e+00,0.0000,0.0000,0
14,features.15,459,pruned_before,nan,0.000000e+00,0.000000e+00,0.0000,0.0000,0
14,features.15,460,pruned_before,nan,0.000000e+00,0.000000e+00,0.0000,0.0000,0
14,features.15,461,active,0.101626,4.592696e-08,9.574336e-07,0.2297,0.4329,329
14,features.15,462,pruned_before,nan,0.000000e+00,0.000000e+00,0.0000,0.0000,0
14,features.15,463,active,0.074187,1.154003e-07,1.801072e-06,0.5427,0.6911,329
14,features.15,464,pruned_before,nan,0.000000e+00,0.000000e+00,0.0000,0.0000,0
14,features.15,465,active,0.096545,4.424057e-08,9.100304e-07,0.2154,0.4085,329
14,features.15,466,active,0.210366,4.140966e-08,1.424940e-06,0.1890,0.6098,329
14,features.15,467,active,-0.200203,1.158903e-06,1.224538e-06,0.9593,0.5589,329
14,features.15,468,pruned_before,nan,0.000000e+00,0.000000e+00,0.0000,0.0000,0
14,features.15,469,active,-0.011179,3.723023e-08,2.904477e-07,0.1585,0.1362,329
14,features.15,470,active,0.057927,1.480172e-07,2.260222e-06,0.6504,0.7663,329
14,features.15,471,active,0.017276,1.486618e-07,1.795516e-06,0.6545,0.6890,329
14,features.15,472,active,-0.010163,3.108555e-06,1.112252e-05,0.9959,0.9756,329
14,features.15,473,pruned_before,nan,0.000000e+00,0.000000e+00,0.0000,0.0000,0
14,features.15,474,active,-0.070122,6.347782e-08,3.498806e-07,0.3191,0.1789,329
14,features.15,475,active,0.026423,2.049807e-07,2.726719e-06,0.7541,0.8069,329
14,features.15,476,pruned_before,nan,0.000000e+00,0.000000e+00,0.0000,0.0000,0
14,features.15,477,pruned_before,nan,0.000000e+00,0.000000e+00,0.0000,0.0000,0
14,features.15,478,active,0.180894,1.365007e-07,1.027778e-05,0.6037,0.9654,329
14,features.15,479,active,0.154472,1.155383e-07,3.459141e-06,0.5447,0.8537,329
14,features.15,480,pruned_before,nan,0.000000e+00,0.000000e+00,0.0000,0.0000,0
14,features.15,481,active,0.234756,8.285430e-08,4.175188e-06,0.4207,0.8902,329
14,features.15,482,pruned_before,nan,0.000000e+00,0.000000e+00,0.0000,0.0000,0
14,features.15,483,pruned_before,nan,0.000000e+00,0.000000e+00,0.0000,0.0000,0
14,features.15,484,pruned_before,nan,0.000000e+00,0.000000e+00,0.0000,0.0000,0
14,features.15,485,active,-0.009146,5.874146e-08,5.669832e-07,0.3028,0.2846,329
14,features.15,486,active,0.099593,8.026887e-08,1.398277e-06,0.4045,0.6037,329
14,features.15,487,active,-0.197154,8.029786e-08,4.838875e-08,0.4085,0.0142,329
14,features.15,488,pruned_before,nan,0.000000e+00,0.000000e+00,0.0000,0.0000,0
14,features.15,489,active,-0.161585,1.064028e-07,3.718506e-07,0.5163,0.1931,329
14,features.15,490,active,0.229675,4.158693e-08,1.599147e-06,0.1911,0.6504,329
14,features.15,491,pruned_before,nan,0.000000e+00,0.000000e+00,0.0000,0.0000,0
14,features.15,492,active,-0.079268,1.418110e-07,1.012911e-06,0.6199,0.4614,329
14,features.15,493,active,-0.045732,1.439696e-07,1.206716e-06,0.6341,0.5427,329
14,features.15,494,active,0.036585,3.074778e-08,3.519066e-07,0.1098,0.1829,329
14,features.15,495,pruned_before,nan,0.000000e+00,0.000000e+00,0.0000,0.0000,0
14,features.15,496,pruned_before,nan,0.000000e+00,0.000000e+00,0.0000,0.0000,0
14,features.15,497,active,-0.137195,1.036026e-06,1.764246e-06,0.9573,0.6829,329
14,features.15,498,active,0.141260,1.387253e-07,4.275244e-06,0.6118,0.8943,329
14,features.15,499,pruned_before,nan,0.000000e+00,0.000000e+00,0.0000,0.0000,0
14,features.15,500,pruned_before,nan,0.000000e+00,0.000000e+00,0.0000,0.0000,0
14,features.15,501,active,-0.204268,1.269903e-07,3.334960e-07,0.5793,0.1707,329
14,features.15,502,pruned_before,nan,0.000000e+00,0.000000e+00,0.0000,0.0000,0
14,features.15,503,active,0.150406,3.425947e-08,9.436824e-07,0.1280,0.4289,329
14,features.15,504,pruned_before,nan,0.000000e+00,0.000000e+00,0.0000,0.0000,0
14,features.15,505,active,0.445122,2.601798e-08,1.093794e-05,0.0813,0.9715,329
14,features.15,506,pruned_now,-0.288618,2.751017e-06,9.180453e-07,0.9919,0.4146,329
14,features.15,507,pruned_before,nan,0.000000e+00,0.000000e+00,0.0000,0.0000,0
14,features.15,508,active,0.058943,3.287594e-07,8.907827e-06,0.8415,0.9593,329
14,features.15,509,active,0.214431,6.515228e-08,2.242842e-06,0.3354,0.7642,329
14,features.15,510,active,-0.182927,1.236206e-07,3.901704e-07,0.5691,0.2033,329
14,features.15,511,active,0.070122,2.720757e-08,4.283303e-07,0.0915,0.2317,329
14,features.15,512,active,0.082317,1.559827e-07,2.993672e-06,0.6789,0.8435,329
14,features.15,513,pruned_before,nan,0.000000e+00,0.000000e+00,0.0000,0.0000,0
14,features.15,514,pruned_before,nan,0.000000e+00,0.000000e+00,0.0000,0.0000,0
14,features.15,515,active,-0.161585,1.825886e-07,8.446305e-07,0.7195,0.3963,329
14,features.15,516,pruned_before,nan,0.000000e+00,0.000000e+00,0.0000,0.0000,0
14,features.15,517,pruned_before,nan,0.000000e+00,0.000000e+00,0.0000,0.0000,0
14,features.15,518,active,0.163618,4.228227e-08,1.144462e-06,0.1992,0.5264,329
14,features.15,519,pruned_now,-0.250000,2.768247e-07,6.311172e-07,0.8150,0.3150,329
14,features.15,520,active,0.029472,3.147182e-07,4.238993e-06,0.8333,0.8923,329
14,features.15,521,pruned_before,nan,0.000000e+00,0.000000e+00,0.0000,0.0000,0
14,features.15,522,active,0.011179,1.907603e-07,2.220683e-06,0.7358,0.7581,329
14,features.15,523,active,0.022358,1.438625e-07,1.751011e-06,0.6321,0.6768,329
14,features.15,524,active,0.247967,5.248199e-08,2.237002e-06,0.2642,0.7602,329
14,features.15,525,active,-0.164634,1.345144e-07,5.235128e-07,0.5976,0.2683,329
14,features.15,526,active,0.020325,2.416922e-07,2.808489e-06,0.7785,0.8191,329
14,features.15,527,pruned_before,nan,0.000000e+00,0.000000e+00,0.0000,0.0000,0
14,features.15,528,pruned_before,nan,0.000000e+00,0.000000e+00,0.0000,0.0000,0
14,features.15,529,pruned_before,nan,0.000000e+00,0.000000e+00,0.0000,0.0000,0
14,features.15,530,active,0.072154,3.419321e-08,5.308636e-07,0.1260,0.2703,329
14,features.15,531,active,0.066057,9.121893e-09,3.098660e-07,0.0183,0.1504,329
14,features.15,532,pruned_before,nan,0.000000e+00,0.000000e+00,0.0000,0.0000,0
14,features.15,533,active,-0.197154,2.033186e-07,7.535807e-07,0.7520,0.3577,329
14,features.15,534,pruned_before,nan,0.000000e+00,0.000000e+00,0.0000,0.0000,0
14,features.15,535,pruned_before,nan,0.000000e+00,0.000000e+00,0.0000,0.0000,0
14,features.15,536,pruned_before,nan,0.000000e+00,0.000000e+00,0.0000,0.0000,0
14,features.15,537,pruned_before,nan,0.000000e+00,0.000000e+00,0.0000,0.0000,0
14,features.15,538,active,-0.220528,6.442891e-07,1.029062e-06,0.9167,0.4756,329
14,features.15,539,active,0.181911,1.248808e-07,6.171566e-06,0.5711,0.9350,329
14,features.15,540,pruned_before,nan,0.000000e+00,0.000000e+00,0.0000,0.0000,0
14,features.15,541,active,0.116870,1.202443e-07,2.621226e-06,0.5610,0.7947,329
14,features.15,542,pruned_before,nan,0.000000e+00,0.000000e+00,0.0000,0.0000,0
14,features.15,543,pruned_before,nan,0.000000e+00,0.000000e+00,0.0000,0.0000,0
14,features.15,544,pruned_before,nan,0.000000e+00,0.000000e+00,0.0000,0.0000,0
14,features.15,545,pruned_before,nan,0.000000e+00,0.000000e+00,0.0000,0.0000,0
14,features.15,546,active,-0.123984,8.005353e-08,3.128937e-07,0.4024,0.1545,329
14,features.15,547,active,-0.159553,6.260137e-07,1.381224e-06,0.9126,0.5935,329
14,features.15,548,active,0.016260,6.935957e-08,8.333889e-07,0.3577,0.3902,329
14,features.15,549,pruned_before,nan,0.000000e+00,0.000000e+00,0.0000,0.0000,0
14,features.15,550,pruned_before,nan,0.000000e+00,0.000000e+00,0.0000,0.0000,0
14,features.15,551,active,-0.232724,1.745731e-07,4.632060e-07,0.7073,0.2419,329
14,features.15,552,active,-0.161585,2.741719e-07,1.051447e-06,0.8130,0.4898,329
14,features.15,553,pruned_before,nan,0.000000e+00,0.000000e+00,0.0000,0.0000,0
14,features.15,554,active,0.000000,1.726540e-08,1.526756e-07,0.0508,0.0508,329
14,features.15,555,pruned_before,nan,0.000000e+00,0.000000e+00,0.0000,0.0000,0
14,features.15,556,active,0.144309,9.360529e-08,2.201143e-06,0.4634,0.7520,329
14,features.15,557,active,0.196138,5.202857e-09,8.544955e-07,0.0061,0.3984,329
14,features.15,558,pruned_before,nan,0.000000e+00,0.000000e+00,0.0000,0.0000,0
14,features.15,559,pruned_before,nan,0.000000e+00,0.000000e+00,0.0000,0.0000,0
14,features.15,560,pruned_before,nan,0.000000e+00,0.000000e+00,0.0000,0.0000,0
14,features.15,561,pruned_before,nan,0.000000e+00,0.000000e+00,0.0000,0.0000,0
14,features.15,562,active,-0.037602,4.106570e-08,2.550039e-07,0.1870,0.1118,329
14,features.15,563,pruned_before,nan,0.000000e+00,0.000000e+00,0.0000,0.0000,0
14,features.15,564,pruned_before,nan,0.000000e+00,0.000000e+00,0.0000,0.0000,0
14,features.15,565,active,-0.068089,1.804815e-07,1.289845e-06,0.7134,0.5772,329
14,features.15,566,active,-0.229675,1.469635e-07,3.656211e-07,0.6463,0.1870,329
14,features.15,567,pruned_before,nan,0.000000e+00,0.000000e+00,0.0000,0.0000,0
14,features.15,568,pruned_before,nan,0.000000e+00,0.000000e+00,0.0000,0.0000,0
14,features.15,569,pruned_before,nan,0.000000e+00,0.000000e+00,0.0000,0.0000,0
14,features.15,570,active,0.021341,3.266278e-08,3.183432e-07,0.1159,0.1585,329
14,features.15,571,active,0.021341,6.255256e-07,7.201958e-06,0.9106,0.9533,329
14,features.15,572,pruned_before,nan,0.000000e+00,0.000000e+00,0.0000,0.0000,0
14,features.15,573,pruned_before,nan,0.000000e+00,0.000000e+00,0.0000,0.0000,0
14,features.15,574,active,0.004065,1.225013e-07,1.259193e-06,0.5650,0.5732,329
14,features.15,575,pruned_before,nan,0.000000e+00,0.000000e+00,0.0000,0.0000,0
14,features.15,576,pruned_before,nan,0.000000e+00,0.000000e+00,0.0000,0.0000,0
14,features.15,577,pruned_before,nan,0.000000e+00,0.000000e+00,0.0000,0.0000,0
14,features.15,578,active,-0.073171,4.568909e-08,2.049574e-07,0.2236,0.0772,329
14,features.15,579,active,-0.022358,1.517383e-07,1.489693e-06,0.6707,0.6260,329
14,features.15,580,pruned_before,nan,0.000000e+00,0.000000e+00,0.0000,0.0000,0
14,features.15,581,pruned_before,nan,0.000000e+00,0.000000e+00,0.0000,0.0000,0
14,features.15,582,pruned_before,nan,0.000000e+00,0.000000e+00,0.0000,0.0000,0
14,features.15,583,active,0.106707,6.219848e-09,4.156431e-07,0.0102,0.2236,329
14,features.15,584,pruned_before,nan,0.000000e+00,0.000000e+00,0.0000,0.0000,0
14,features.15,585,pruned_before,nan,0.000000e+00,0.000000e+00,0.0000,0.0000,0
14,features.15,586,pruned_before,nan,0.000000e+00,0.000000e+00,0.0000,0.0000,0
14,features.15,587,pruned_before,nan,0.000000e+00,0.000000e+00,0.0000,0.0000,0
14,features.15,588,pruned_before,nan,0.000000e+00,0.000000e+00,0.0000,0.0000,0
14,features.15,589,active,0.024390,9.082900e-08,1.072473e-06,0.4512,0.5000,329
14,features.15,590,pruned_before,nan,0.000000e+00,0.000000e+00,0.0000,0.0000,0
14,features.15,591,pruned_before,nan,0.000000e+00,0.000000e+00,0.0000,0.0000,0
14,features.15,592,pruned_before,nan,0.000000e+00,0.000000e+00,0.0000,0.0000,0
14,features.15,593,pruned_before,nan,0.000000e+00,0.000000e+00,0.0000,0.0000,0
14,features.15,594,active,0.228659,6.353768e-08,2.433611e-06,0.3211,0.7785,329
14,features.15,595,pruned_before,nan,0.000000e+00,0.000000e+00,0.0000,0.0000,0
14,features.15,596,pruned_before,nan,0.000000e+00,0.000000e+00,0.0000,0.0000,0
14,features.15,597,pruned_before,nan,0.000000e+00,0.000000e+00,0.0000,0.0000,0
14,features.15,598,pruned_before,nan,0.000000e+00,0.000000e+00,0.0000,0.0000,0
14,features.15,599,active,-0.141260,7.591264e-08,2.412832e-07,0.3801,0.0976,329
14,features.15,600,pruned_before,nan,0.000000e+00,0.000000e+00,0.0000,0.0000,0
14,features.15,601,active,-0.101626,9.380386e-08,5.209317e-07,0.4695,0.2663,329
14,features.15,602,pruned_before,nan,0.000000e+00,0.000000e+00,0.0000,0.0000,0
14,features.15,603,active,0.212398,8.222673e-08,2.970062e-06,0.4167,0.8415,329
14,features.15,604,active,0.080285,3.012769e-07,1.995910e-05,0.8272,0.9878,329
14,features.15,605,pruned_before,nan,0.000000e+00,0.000000e+00,0.0000,0.0000,0
14,features.15,606,pruned_before,nan,0.000000e+00,0.000000e+00,0.0000,0.0000,0
14,features.15,607,active,-0.030488,3.894211e-08,2.481726e-07,0.1667,0.1057,329
14,features.15,608,active,0.107724,7.749734e-08,1.389996e-06,0.3862,0.6016,329
14,features.15,609,pruned_before,nan,0.000000e+00,0.000000e+00,0.0000,0.0000,0
14,features.15,610,active,-0.011179,5.504406e-08,4.936417e-07,0.2764,0.2541,329
14,features.15,611,pruned_before,nan,0.000000e+00,0.000000e+00,0.0000,0.0000,0
14,features.15,612,pruned_before,nan,0.000000e+00,0.000000e+00,0.0000,0.0000,0
14,features.15,613,active,-0.012195,1.581662e-08,4.319637e-08,0.0346,0.0102,329
14,features.15,614,active,0.027439,8.504121e-08,1.047182e-06,0.4329,0.4878,329
14,features.15,615,pruned_before,nan,0.000000e+00,0.000000e+00,0.0000,0.0000,0
14,features.15,616,active,-0.051829,3.299727e-08,5.200575e-08,0.1199,0.0163,329
14,features.15,617,active,0.004065,1.971236e-08,1.881568e-07,0.0589,0.0671,329
14,features.15,618,pruned_before,nan,0.000000e+00,0.000000e+00,0.0000,0.0000,0
14,features.15,619,active,0.070122,9.260445e-08,1.388718e-06,0.4573,0.5976,329
14,features.15,620,active,0.157520,3.162127e-08,9.431607e-07,0.1118,0.4268,329
14,features.15,621,pruned_before,nan,0.000000e+00,0.000000e+00,0.0000,0.0000,0
14,features.15,622,pruned_before,nan,0.000000e+00,0.000000e+00,0.0000,0.0000,0
14,features.15,623,pruned_before,nan,0.000000e+00,0.000000e+00,0.0000,0.0000,0
14,features.15,624,active,0.024390,7.936116e-08,9.899104e-07,0.3923,0.4411,329
14,features.15,625,pruned_before,nan,0.000000e+00,0.000000e+00,0.0000,0.0000,0
14,features.15,626,pruned_before,nan,0.000000e+00,0.000000e+00,0.0000,0.0000,0
14,features.15,627,pruned_before,nan,0.000000e+00,0.000000e+00,0.0000,0.0000,0
14,features.15,628,pruned_now,-0.287602,2.276998e-07,3.855346e-07,0.7724,0.1972,329
14,features.15,629,pruned_before,nan,0.000000e+00,0.000000e+00,0.0000,0.0000,0
14,features.15,630,active,0.038618,1.312089e-07,1.695892e-06,0.5915,0.6687,329
14,features.15,631,pruned_now,-0.326219,1.834141e-07,1.940334e-07,0.7236,0.0711,329
14,features.15,632,pruned_before,nan,0.000000e+00,0.000000e+00,0.0000,0.0000,0
14,features.15,633,active,-0.038618,4.479804e-08,2.928045e-07,0.2175,0.1402,329
14,features.15,634,active,0.020325,5.855073e-07,6.382757e-06,0.9065,0.9472,329
14,features.15,635,active,-0.088415,1.752775e-07,1.156092e-06,0.7093,0.5325,329
14,features.15,636,active,-0.134146,1.300469e-07,6.421548e-07,0.5854,0.3171,329
14,features.15,637,active,0.121951,1.376887e-08,5.402626e-07,0.0305,0.2744,329
14,features.15,638,active,0.129065,1.091955e-07,2.444109e-06,0.5224,0.7805,329
14,features.15,639,active,-0.136179,8.209799e-08,2.932726e-07,0.4146,0.1423,329
14,features.15,640,active,-0.086382,1.034243e-07,6.799624e-07,0.5020,0.3293,329
14,features.15,641,active,-0.061992,5.033932e-07,2.238017e-06,0.8862,0.7622,329
14,features.15,642,pruned_before,nan,0.000000e+00,0.000000e+00,0.0000,0.0000,0
14,features.15,643,pruned_before,nan,0.000000e+00,0.000000e+00,0.0000,0.0000,0
14,features.15,644,active,-0.190041,1.692762e-07,6.687107e-07,0.7033,0.3232,329
14,features.15,645,active,-0.113821,1.659671e-07,1.017302e-06,0.6972,0.4695,329
14,features.15,646,pruned_before,nan,0.000000e+00,0.000000e+00,0.0000,0.0000,0
14,features.15,647,active,0.045732,8.822652e-08,1.172359e-06,0.4451,0.5366,329
14,features.15,648,active,0.015244,2.644639e-07,2.936092e-06,0.8049,0.8354,329
14,features.15,649,active,-0.063008,1.704020e-06,3.281383e-06,0.9736,0.8476,329
14,features.15,650,active,-0.002033,8.581255e-07,6.364158e-06,0.9472,0.9431,329
14,features.15,651,active,0.178862,1.433106e-07,1.627381e-05,0.6280,0.9858,329
14,features.15,652,pruned_before,nan,0.000000e+00,0.000000e+00,0.0000,0.0000,0
14,features.15,653,active,-0.107724,5.384103e-08,1.596680e-07,0.2703,0.0549,329
14,features.15,654,active,-0.050813,1.435953e-07,1.146934e-06,0.6301,0.5285,329
14,features.15,655,pruned_before,nan,0.000000e+00,0.000000e+00,0.0000,0.0000,0
14,features.15,656,pruned_now,-0.320122,1.565959e-07,1.384081e-07,0.6829,0.0427,329
14,features.15,657,active,-0.105691,7.442203e-08,3.317134e-07,0.3780,0.1667,329
14,features.15,658,active,0.088415,2.925306e-08,5.613104e-07,0.1037,0.2805,329
14,features.15,659,pruned_before,nan,0.000000e+00,0.000000e+00,0.0000,0.0000,0
14,features.15,660,pruned_before,nan,0.000000e+00,0.000000e+00,0.0000,0.0000,0
14,features.15,661,active,-0.023374,2.814491e-07,2.358702e-06,0.8211,0.7744,329
14,features.15,662,active,0.089431,4.638932e-08,9.144191e-07,0.2337,0.4126,329
14,features.15,663,pruned_before,nan,0.000000e+00,0.000000e+00,0.0000,0.0000,0
14,features.15,664,active,-0.154472,1.971058e-07,9.651696e-07,0.7480,0.4390,329
14,features.15,665,active,0.016260,1.124055e-07,1.232718e-06,0.5305,0.5630,329
14,features.15,666,pruned_before,nan,0.000000e+00,0.000000e+00,0.0000,0.0000,0
14,features.15,667,active,-0.172764,9.371045e-08,2.658896e-07,0.4675,0.1220,329
14,features.15,668,active,-0.234756,2.063909e-06,1.114179e-06,0.9797,0.5102,329
14,features.15,669,active,-0.025407,3.534368e-07,2.696852e-06,0.8537,0.8028,329
14,features.15,670,pruned_before,nan,0.000000e+00,0.000000e+00,0.0000,0.0000,0
14,features.15,671,active,0.077236,6.548716e-08,1.054501e-06,0.3374,0.4919,329
14,features.15,672,pruned_before,nan,0.000000e+00,0.000000e+00,0.0000,0.0000,0
14,features.15,673,active,-0.071138,6.610875e-08,3.900080e-07,0.3435,0.2012,329
14,features.15,674,active,0.099593,1.303610e-07,2.532382e-06,0.5894,0.7886,329
14,features.15,675,active,-0.092480,6.411453e-08,2.912417e-07,0.3232,0.1382,329
14,features.15,676,pruned_before,nan,0.000000e+00,0.000000e+00,0.0000,0.0000,0
14,features.15,677,active,-0.064024,9.452396e-08,7.255551e-07,0.4715,0.3435,329
14,features.15,678,pruned_before,nan,0.000000e+00,0.000000e+00,0.0000,0.0000,0
14,features.15,679,pruned_before,nan,0.000000e+00,0.000000e+00,0.0000,0.0000,0
14,features.15,680,pruned_before,nan,0.000000e+00,0.000000e+00,0.0000,0.0000,0
14,features.15,681,active,0.444106,1.640203e-08,6.121760e-06,0.0447,0.9329,329
14,features.15,682,active,-0.085366,9.369406e-08,5.890182e-07,0.4654,0.2947,329
14,features.15,683,active,0.279472,5.899562e-08,3.630549e-06,0.3049,0.8638,329
14,features.15,684,pruned_now,-0.329268,2.876584e-07,3.271681e-07,0.8232,0.1646,329
14,features.15,685,active,0.257114,5.562265e-08,2.672751e-06,0.2846,0.7988,329
14,features.15,686,pruned_before,nan,0.000000e+00,0.000000e+00,0.0000,0.0000,0
14,features.15,687,pruned_before,nan,0.000000e+00,0.000000e+00,0.0000,0.0000,0
14,features.15,688,pruned_before,nan,0.000000e+00,0.000000e+00,0.0000,0.0000,0
14,features.15,689,pruned_now,-0.268293,1.449645e-07,2.468483e-07,0.6402,0.1037,329
14,features.15,690,pruned_before,nan,0.000000e+00,0.000000e+00,0.0000,0.0000,0
14,features.15,691,active,0.019309,3.187424e-09,1.274498e-07,0.0020,0.0407,329
14,features.15,692,pruned_before,nan,0.000000e+00,0.000000e+00,0.0000,0.0000,0
14,features.15,693,pruned_before,nan,0.000000e+00,0.000000e+00,0.0000,0.0000,0
14,features.15,694,pruned_before,nan,0.000000e+00,0.000000e+00,0.0000,0.0000,0
14,features.15,695,pruned_before,nan,0.000000e+00,0.000000e+00,0.0000,0.0000,0
14,features.15,696,active,0.083333,3.881431e-08,6.820105e-07,0.1646,0.3313,329
14,features.15,697,active,-0.160569,5.616435e-07,1.305645e-06,0.9024,0.5813,329
14,features.15,698,pruned_now,-0.281504,5.234298e-07,6.971368e-07,0.8963,0.3333,329
14,features.15,699,pruned_before,nan,0.000000e+00,0.000000e+00,0.0000,0.0000,0
14,features.15,700,active,0.240854,6.811232e-08,2.925350e-06,0.3516,0.8333,329
14,features.15,701,active,0.024390,3.588254e-08,3.710557e-07,0.1423,0.1911,329
14,features.15,702,pruned_before,nan,0.000000e+00,0.000000e+00,0.0000,0.0000,0
14,features.15,703,active,-0.184959,9.175019e-08,2.207680e-07,0.4553,0.0854,329
14,features.15,704,active,0.003049,1.002355e-08,8.917358e-08,0.0203,0.0264,329
14,features.15,705,pruned_before,nan,0.000000e+00,0.000000e+00,0.0000,0.0000,0
14,features.15,706,pruned_before,nan,0.000000e+00,0.000000e+00,0.0000,0.0000,0
14,features.15,707,active,0.035569,8.348147e-08,1.061977e-06,0.4248,0.4959,329
14,features.15,708,active,-0.241870,3.936227e-07,8.053382e-07,0.8638,0.3801,329
14,features.15,709,pruned_before,nan,0.000000e+00,0.000000e+00,0.0000,0.0000,0
14,features.15,710,pruned_before,nan,0.000000e+00,0.000000e+00,0.0000,0.0000,0
14,features.15,711,pruned_before,nan,0.000000e+00,0.000000e+00,0.0000,0.0000,0
14,features.15,712,active,-0.031504,2.360354e-07,1.923999e-06,0.7744,0.7114,329
14,features.15,713,pruned_before,nan,0.000000e+00,0.000000e+00,0.0000,0.0000,0
14,features.15,714,pruned_before,nan,0.000000e+00,0.000000e+00,0.0000,0.0000,0
14,features.15,715,active,-0.084350,9.691072e-08,6.222537e-07,0.4797,0.3110,329
14,features.15,716,active,0.157520,1.430419e-07,6.329938e-06,0.6260,0.9411,329
14,features.15,717,active,-0.226626,9.813498e-08,9.941612e-08,0.4817,0.0285,329
14,features.15,718,active,0.121951,1.272929e-07,2.906780e-06,0.5833,0.8272,329
14,features.15,719,pruned_before,nan,0.000000e+00,0.000000e+00,0.0000,0.0000,0
14,features.15,720,pruned_before,nan,0.000000e+00,0.000000e+00,0.0000,0.0000,0
14,features.15,721,active,0.070122,6.237792e-08,1.004221e-06,0.3130,0.4533,329
14,features.15,722,pruned_before,nan,0.000000e+00,0.000000e+00,0.0000,0.0000,0
14,features.15,723,pruned_before,nan,0.000000e+00,0.000000e+00,0.0000,0.0000,0
14,features.15,724,pruned_before,nan,0.000000e+00,0.000000e+00,0.0000,0.0000,0
14,features.15,725,pruned_before,nan,0.000000e+00,0.000000e+00,0.0000,0.0000,0
14,features.15,726,active,0.016260,3.704663e-08,3.550484e-07,0.1524,0.1850,329
14,features.15,727,pruned_before,nan,0.000000e+00,0.000000e+00,0.0000,0.0000,0
14,features.15,728,pruned_before,nan,0.000000e+00,0.000000e+00,0.0000,0.0000,0
14,features.15,729,pruned_before,nan,0.000000e+00,0.000000e+00,0.0000,0.0000,0
14,features.15,730,active,-0.024390,3.014432e-08,1.614411e-07,0.1057,0.0569,329
14,features.15,731,active,0.196138,1.734119e-08,9.961971e-07,0.0528,0.4451,329
14,features.15,732,active,0.121951,4.256924e-08,9.964456e-07,0.2033,0.4472,329
14,features.15,733,pruned_before,nan,0.000000e+00,0.000000e+00,0.0000,0.0000,0
14,features.15,734,pruned_before,nan,0.000000e+00,0.000000e+00,0.0000,0.0000,0
14,features.15,735,active,-0.130081,4.382458e-07,1.429873e-06,0.8740,0.6138,329
14,features.15,736,pruned_before,nan,0.000000e+00,0.000000e+00,0.0000,0.0000,0
14,features.15,737,pruned_before,nan,0.000000e+00,0.000000e+00,0.0000,0.0000,0
14,features.15,738,active,0.095528,4.100285e-08,7.957445e-07,0.1850,0.3760,329
14,features.15,739,active,0.122967,1.684389e-07,6.375219e-06,0.6992,0.9451,329
14,features.15,740,active,0.152439,1.546073e-07,1.383825e-05,0.6768,0.9817,329
14,features.15,741,active,-0.039634,1.049839e-07,9.523988e-07,0.5102,0.4309,329
14,features.15,742,pruned_before,nan,0.000000e+00,0.000000e+00,0.0000,0.0000,0
14,features.15,743,active,-0.060976,8.044859e-07,2.768918e-06,0.9370,0.8150,329
14,features.15,744,active,0.021341,4.041240e-07,4.839345e-06,0.8679,0.9106,329
14,features.15,745,active,-0.029472,8.528881e-07,3.958748e-06,0.9451,0.8862,329
14,features.15,746,pruned_before,nan,0.000000e+00,0.000000e+00,0.0000,0.0000,0
14,features.15,747,pruned_before,nan,0.000000e+00,0.000000e+00,0.0000,0.0000,0
14,features.15,748,active,-0.103659,5.810501e-08,2.298543e-07,0.2967,0.0894,329
14,features.15,749,active,0.130081,3.277805e-08,8.021694e-07,0.1179,0.3780,329
14,features.15,750,active,-0.171748,7.127499e-07,1.272253e-06,0.9187,0.5752,329
14,features.15,751,pruned_before,nan,0.000000e+00,0.000000e+00,0.0000,0.0000,0
14,features.15,752,pruned_before,nan,0.000000e+00,0.000000e+00,0.0000,0.0000,0
14,features.15,753,active,-0.090447,4.097869e-08,2.264567e-08,0.1829,0.0020,329
14,features.15,754,pruned_before,nan,0.000000e+00,0.000000e+00,0.0000,0.0000,0
14,features.15,755,pruned_before,nan,0.000000e+00,0.000000e+00,0.0000,0.0000,0
14,features.15,756,pruned_before,nan,0.000000e+00,0.000000e+00,0.0000,0.0000,0
14,features.15,757,protected,0.131098,1.907084e-07,3.390695e-05,0.7337,0.9959,329
14,features.15,758,pruned_before,nan,0.000000e+00,0.000000e+00,0.0000,0.0000,0
14,features.15,759,pruned_before,nan,0.000000e+00,0.000000e+00,0.0000,0.0000,0
14,features.15,760,active,-0.231707,1.965871e-07,5.632242e-07,0.7459,0.2825,329
14,features.15,761,active,0.127033,1.217470e-07,2.777856e-06,0.5630,0.8171,329
14,features.15,762,active,-0.173780,1.017328e-07,3.059925e-07,0.4939,0.1463,329
14,features.15,763,active,0.119919,1.627892e-07,5.960681e-06,0.6911,0.9309,329
14,features.15,764,active,-0.090447,5.684834e-08,2.503675e-07,0.2886,0.1077,329
14,features.15,765,pruned_now,-0.281504,2.667311e-07,4.856464e-07,0.8110,0.2480,329
14,features.15,766,active,-0.043699,1.342541e-06,3.843384e-06,0.9654,0.8780,329
14,features.15,767,active,-0.022358,4.275567e-08,3.226259e-07,0.2053,0.1606,329
14,features.15,768,pruned_before,nan,0.000000e+00,0.000000e+00,0.0000,0.0000,0
14,features.15,769,active,0.289634,1.601289e-08,1.433396e-06,0.0366,0.6159,329
14,features.15,770,active,0.118902,3.613988e-08,8.242720e-07,0.1484,0.3862,329
14,features.15,771,active,0.199187,9.661480e-08,3.807998e-06,0.4776,0.8760,329
14,features.15,772,active,-0.127033,1.497005e-07,9.011828e-07,0.6606,0.4065,329
14,features.15,773,pruned_before,nan,0.000000e+00,0.000000e+00,0.0000,0.0000,0
14,features.15,774,active,0.396341,2.565247e-08,3.769944e-06,0.0793,0.8720,329
14,features.15,775,pruned_before,nan,0.000000e+00,0.000000e+00,0.0000,0.0000,0
14,features.15,776,active,0.145325,3.480692e-08,9.412569e-07,0.1321,0.4228,329
14,features.15,777,pruned_before,nan,0.000000e+00,0.000000e+00,0.0000,0.0000,0
14,features.15,778,active,0.072154,6.445742e-08,1.028887e-06,0.3293,0.4736,329
14,features.15,779,active,0.185976,8.624839e-08,2.746584e-06,0.4411,0.8130,329
14,features.15,780,active,0.186992,5.726731e-08,1.655351e-06,0.2907,0.6646,329
14,features.15,781,pruned_before,nan,0.000000e+00,0.000000e+00,0.0000,0.0000,0
14,features.15,782,pruned_before,nan,0.000000e+00,0.000000e+00,0.0000,0.0000,0
14,features.15,783,pruned_before,nan,0.000000e+00,0.000000e+00,0.0000,0.0000,0
14,features.15,784,pruned_before,nan,0.000000e+00,0.000000e+00,0.0000,0.0000,0
14,features.15,785,active,-0.013211,6.644584e-08,6.625765e-07,0.3455,0.3191,329
14,features.15,786,active,-0.196138,4.337911e-07,1.033449e-06,0.8720,0.4797,329
14,features.15,787,active,0.276423,3.931381e-08,1.972541e-06,0.1687,0.7215,329
14,features.15,788,pruned_before,nan,0.000000e+00,0.000000e+00,0.0000,0.0000,0
14,features.15,789,active,-0.104675,1.777994e-07,1.089432e-06,0.7114,0.5020,329
14,features.15,790,pruned_before,nan,0.000000e+00,0.000000e+00,0.0000,0.0000,0
14,features.15,791,active,0.000000,5.625279e-08,5.680095e-07,0.2866,0.2866,329
14,features.15,792,active,-0.104675,7.318385e-08,3.232563e-07,0.3720,0.1626,329
14,features.15,793,pruned_before,nan,0.000000e+00,0.000000e+00,0.0000,0.0000,0
14,features.15,794,pruned_before,nan,0.000000e+00,0.000000e+00,0.0000,0.0000,0
14,features.15,795,active,0.032520,1.447874e-07,1.875409e-06,0.6382,0.7033,329
14,features.15,796,pruned_before,nan,0.000000e+00,0.000000e+00,0.0000,0.0000,0
14,features.15,797,pruned_before,nan,0.000000e+00,0.000000e+00,0.0000,0.0000,0
14,features.15,798,active,0.257114,6.040010e-09,1.127806e-06,0.0081,0.5224,329
14,features.15,799,active,0.014228,3.613060e-08,3.341121e-07,0.1463,0.1748,329
14,features.15,800,active,0.137195,2.525822e-08,7.436707e-07,0.0772,0.3516,329
14,features.15,801,pruned_before,nan,0.000000e+00,0.000000e+00,0.0000,0.0000,0
14,features.15,802,pruned_before,nan,0.000000e+00,0.000000e+00,0.0000,0.0000,0
14,features.15,803,pruned_before,nan,0.000000e+00,0.000000e+00,0.0000,0.0000,0
14,features.15,804,active,0.315041,4.223061e-08,2.866870e-06,0.1951,0.8252,329
14,features.15,805,pruned_before,nan,0.000000e+00,0.000000e+00,0.0000,0.0000,0
14,features.15,806,active,0.234756,6.434873e-08,2.628538e-06,0.3272,0.7967,329
14,features.15,807,active,0.057927,6.608750e-08,1.009241e-06,0.3415,0.4573,329
14,features.15,808,pruned_before,nan,0.000000e+00,0.000000e+00,0.0000,0.0000,0
14,features.15,809,pruned_before,nan,0.000000e+00,0.000000e+00,0.0000,0.0000,0
14,features.15,810,pruned_before,nan,0.000000e+00,0.000000e+00,0.0000,0.0000,0
14,features.15,811,pruned_before,nan,0.000000e+00,0.000000e+00,0.0000,0.0000,0
14,features.15,812,active,-0.220528,1.042989e-07,1.775362e-07,0.5061,0.0650,329
14,features.15,813,active,-0.055894,4.531694e-08,2.507428e-07,0.2215,0.1098,329
14,features.15,814,active,0.029472,3.335853e-08,3.517682e-07,0.1220,0.1809,329
14,features.15,815,pruned_before,nan,0.000000e+00,0.000000e+00,0.0000,0.0000,0
14,features.15,816,active,0.142276,1.227127e-07,3.452242e-06,0.5671,0.8516,329
14,features.15,817,active,-0.203252,9.874694e-07,1.213381e-06,0.9533,0.5467,329
14,features.15,818,active,0.070122,5.102718e-08,8.716319e-07,0.2602,0.4004,329
14,features.15,819,pruned_before,nan,0.000000e+00,0.000000e+00,0.0000,0.0000,0
14,features.15,820,active,0.016260,5.808890e-07,6.208779e-06,0.9045,0.9370,329
14,features.15,821,active,-0.009146,1.361022e-07,1.307506e-06,0.6016,0.5833,329
14,features.15,822,pruned_before,nan,0.000000e+00,0.000000e+00,0.0000,0.0000,0
14,features.15,823,pruned_before,nan,0.000000e+00,0.000000e+00,0.0000,0.0000,0
14,features.15,824,pruned_before,nan,0.000000e+00,0.000000e+00,0.0000,0.0000,0
14,features.15,825,pruned_before,nan,0.000000e+00,0.000000e+00,0.0000,0.0000,0
14,features.15,826,pruned_before,nan,0.000000e+00,0.000000e+00,0.0000,0.0000,0
14,features.15,827,active,-0.164634,8.306732e-08,2.366753e-07,0.4228,0.0935,329
14,features.15,828,active,0.002033,5.048915e-08,5.140345e-07,0.2581,0.2622,329
14,features.15,829,pruned_before,nan,0.000000e+00,0.000000e+00,0.0000,0.0000,0
14,features.15,830,pruned_before,nan,0.000000e+00,0.000000e+00,0.0000,0.0000,0
14,features.15,831,pruned_before,nan,0.000000e+00,0.000000e+00,0.0000,0.0000,0
14,features.15,832,pruned_before,nan,0.000000e+00,0.000000e+00,0.0000,0.0000,0
14,features.15,833,active,-0.105691,1.168002e-06,2.181301e-06,0.9614,0.7500,329
14,features.15,834,pruned_now,-0.297764,1.307115e-06,7.781828e-07,0.9634,0.3679,329
14,features.15,835,pruned_before,nan,0.000000e+00,0.000000e+00,0.0000,0.0000,0
14,features.15,836,active,0.268293,6.668525e-08,3.950081e-06,0.3476,0.8841,329
14,features.15,837,pruned_before,nan,0.000000e+00,0.000000e+00,0.0000,0.0000,0
14,features.15,838,pruned_before,nan,0.000000e+00,0.000000e+00,0.0000,0.0000,0
14,features.15,839,pruned_before,nan,0.000000e+00,0.000000e+00,0.0000,0.0000,0
14,features.15,840,active,0.108740,1.062932e-07,2.020559e-06,0.5142,0.7317,329
14,features.15,841,pruned_before,nan,0.000000e+00,0.000000e+00,0.0000,0.0000,0
14,features.15,842,active,0.117886,4.277664e-08,9.958819e-07,0.2073,0.4431,329
14,features.15,843,pruned_before,nan,0.000000e+00,0.000000e+00,0.0000,0.0000,0
14,features.15,844,active,0.112805,1.121166e-07,2.201703e-06,0.5285,0.7541,329
14,features.15,845,active,0.381098,4.217713e-08,7.479237e-06,0.1931,0.9553,329
14,features.15,846,active,-0.074187,5.486728e-08,2.699899e-07,0.2744,0.1260,329
14,features.15,847,pruned_before,nan,0.000000e+00,0.000000e+00,0.0000,0.0000,0
14,features.15,848,active,-0.079268,9.047592e-08,5.718986e-07,0.4472,0.2886,329
14,features.15,849,pruned_before,nan,0.000000e+00,0.000000e+00,0.0000,0.0000,0
14,features.15,850,active,-0.066057,3.582032e-08,3.669189e-08,0.1402,0.0081,329
14,features.15,851,active,0.029472,4.225544e-08,4.941805e-07,0.1972,0.2561,329
14,features.15,852,pruned_before,nan,0.000000e+00,0.000000e+00,0.0000,0.0000,0
14,features.15,853,pruned_before,nan,0.000000e+00,0.000000e+00,0.0000,0.0000,0
14,features.15,854,active,0.150406,1.424310e-07,5.305000e-06,0.6240,0.9248,329
14,features.15,855,pruned_before,nan,0.000000e+00,0.000000e+00,0.0000,0.0000,0
14,features.15,856,pruned_before,nan,0.000000e+00,0.000000e+00,0.0000,0.0000,0
14,features.15,857,active,0.086382,1.342783e-08,3.881095e-07,0.0264,0.1992,329
14,features.15,858,active,0.174797,3.606368e-08,1.055686e-06,0.1443,0.4939,329
14,features.15,859,pruned_before,nan,0.000000e+00,0.000000e+00,0.0000,0.0000,0
14,features.15,860,pruned_before,nan,0.000000e+00,0.000000e+00,0.0000,0.0000,0
14,features.15,861,pruned_before,nan,0.000000e+00,0.000000e+00,0.0000,0.0000,0
14,features.15,862,active,-0.139228,6.254180e-08,1.084370e-07,0.3150,0.0366,329
14,features.15,863,pruned_before,nan,0.000000e+00,0.000000e+00,0.0000,0.0000,0
14,features.15,864,pruned_before,nan,0.000000e+00,0.000000e+00,0.0000,0.0000,0
14,features.15,865,pruned_before,nan,0.000000e+00,0.000000e+00,0.0000,0.0000,0
14,features.15,866,active,0.099593,2.494287e-07,1.425378e-05,0.7846,0.9837,329
14,features.15,867,pruned_before,nan,0.000000e+00,0.000000e+00,0.0000,0.0000,0
14,features.15,868,pruned_before,nan,0.000000e+00,0.000000e+00,0.0000,0.0000,0
14,features.15,869,pruned_before,nan,0.000000e+00,0.000000e+00,0.0000,0.0000,0
14,features.15,870,active,-0.054878,1.860206e-07,1.467377e-06,0.7317,0.6220,329
14,features.15,871,active,0.097561,1.527587e-07,3.755535e-06,0.6748,0.8699,329
14,features.15,872,active,-0.095528,9.073054e-08,4.977048e-07,0.4492,0.2581,329
14,features.15,873,active,-0.012195,9.555580e-08,1.001893e-06,0.4756,0.4512,329
14,features.15,874,pruned_before,nan,0.000000e+00,0.000000e+00,0.0000,0.0000,0
14,features.15,875,pruned_before,nan,0.000000e+00,0.000000e+00,0.0000,0.0000,0
14,features.15,876,pruned_now,-0.363821,3.556404e-07,2.743177e-07,0.8557,0.1280,329
14,features.15,877,active,0.132114,1.112933e-07,2.569799e-06,0.5264,0.7907,329
14,features.15,878,pruned_before,nan,0.000000e+00,0.000000e+00,0.0000,0.0000,0
14,features.15,879,active,-0.171748,8.429436e-08,2.255208e-07,0.4309,0.0874,329
14,features.15,880,pruned_before,nan,0.000000e+00,0.000000e+00,0.0000,0.0000,0
14,features.15,881,active,0.026423,1.629859e-08,2.389942e-07,0.0427,0.0955,329
14,features.15,882,active,-0.072154,1.455895e-07,1.064969e-06,0.6423,0.4980,329
14,features.15,883,active,0.100610,6.396757e-09,4.047693e-07,0.0122,0.2134,329
14,features.15,884,active,0.165650,6.891835e-08,1.783688e-06,0.3557,0.6870,329
14,features.15,885,active,0.035569,1.685272e-08,2.648782e-07,0.0488,0.1199,329
14,features.15,886,pruned_before,nan,0.000000e+00,0.000000e+00,0.0000,0.0000,0
14,features.15,887,active,-0.171748,2.622439e-07,1.007401e-06,0.7988,0.4553,329
14,features.15,888,active,-0.078252,4.022331e-08,8.292803e-08,0.1789,0.0224,329
14,features.15,889,active,0.294715,5.406635e-08,3.564844e-06,0.2724,0.8618,329
14,features.15,890,active,-0.172764,4.281021e-07,1.133739e-06,0.8699,0.5244,329
14,features.15,891,pruned_before,nan,0.000000e+00,0.000000e+00,0.0000,0.0000,0
14,features.15,892,active,0.213415,4.378485e-08,1.557787e-06,0.2134,0.6402,329
14,features.15,893,active,-0.141260,3.374479e-07,1.242960e-06,0.8496,0.5671,329
14,features.15,894,pruned_before,nan,0.000000e+00,0.000000e+00,0.0000,0.0000,0
14,features.15,895,pruned_before,nan,0.000000e+00,0.000000e+00,0.0000,0.0000,0
14,features.15,896,pruned_before,nan,0.000000e+00,0.000000e+00,0.0000,0.0000,0
14,features.15,897,pruned_before,nan,0.000000e+00,0.000000e+00,0.0000,0.0000,0
14,features.15,898,pruned_before,nan,0.000000e+00,0.000000e+00,0.0000,0.0000,0
14,features.15,899,pruned_before,nan,0.000000e+00,0.000000e+00,0.0000,0.0000,0
14,features.15,900,active,-0.004065,5.871785e-08,5.839402e-07,0.3008,0.2927,329
14,features.15,901,active,0.050813,3.761372e-07,9.901431e-06,0.8618,0.9634,329
14,features.15,902,active,-0.116870,1.935958e-07,1.095519e-06,0.7398,0.5061,329
14,features.15,903,pruned_before,nan,0.000000e+00,0.000000e+00,0.0000,0.0000,0
14,features.15,904,pruned_before,nan,0.000000e+00,0.000000e+00,0.0000,0.0000,0
14,features.15,905,pruned_before,nan,0.000000e+00,0.000000e+00,0.0000,0.0000,0
14,features.15,906,active,0.031504,1.754668e-08,2.618793e-07,0.0549,0.1179,329
14,features.15,907,pruned_before,nan,0.000000e+00,0.000000e+00,0.0000,0.0000,0
14,features.15,908,active,-0.223577,1.394209e-06,1.126138e-06,0.9675,0.5203,329
14,features.15,909,pruned_before,nan,0.000000e+00,0.000000e+00,0.0000,0.0000,0
14,features.15,910,pruned_before,nan,0.000000e+00,0.000000e+00,0.0000,0.0000,0
14,features.15,911,active,-0.140244,8.593040e-08,3.181265e-07,0.4370,0.1565,329
14,features.15,912,active,-0.066057,3.043349e-07,1.840335e-06,0.8293,0.6972,329
14,features.15,913,active,-0.110772,9.106440e-07,2.006830e-06,0.9512,0.7297,329
14,features.15,914,active,0.271341,3.256575e-08,1.610466e-06,0.1138,0.6565,329
14,features.15,915,pruned_now,-0.290650,1.025449e-06,7.864869e-07,0.9553,0.3740,329
14,features.15,916,pruned_before,nan,0.000000e+00,0.000000e+00,0.0000,0.0000,0
14,features.15,917,pruned_before,nan,0.000000e+00,0.000000e+00,0.0000,0.0000,0
14,features.15,918,active,-0.110772,8.467603e-07,1.971830e-06,0.9411,0.7195,329
14,features.15,919,active,-0.088415,4.570205e-08,1.509959e-07,0.2256,0.0488,329
14,features.15,920,pruned_before,nan,0.000000e+00,0.000000e+00,0.0000,0.0000,0
14,features.15,921,pruned_before,nan,0.000000e+00,0.000000e+00,0.0000,0.0000,0
14,features.15,922,active,-0.002033,9.150681e-08,9.989179e-07,0.4533,0.4492,329
14,features.15,923,pruned_before,nan,0.000000e+00,0.000000e+00,0.0000,0.0000,0
14,features.15,924,active,-0.204268,1.264499e-07,3.325901e-07,0.5772,0.1687,329
14,features.15,925,active,-0.218496,1.028727e-07,1.663294e-07,0.4980,0.0610,329
14,features.15,926,pruned_before,nan,0.000000e+00,0.000000e+00,0.0000,0.0000,0
14,features.15,927,active,-0.208333,5.439526e-07,1.040925e-06,0.9004,0.4837,329
14,features.15,928,pruned_before,nan,0.000000e+00,0.000000e+00,0.0000,0.0000,0
14,features.15,929,pruned_before,nan,0.000000e+00,0.000000e+00,0.0000,0.0000,0
14,features.15,930,active,0.074187,1.862266e-09,3.079115e-07,0.0000,0.1484,329
14,features.15,931,pruned_before,nan,0.000000e+00,0.000000e+00,0.0000,0.0000,0
14,features.15,932,active,0.178862,1.445087e-07,2.436685e-05,0.6362,0.9939,329
14,features.15,933,active,0.042683,5.233999e-07,1.247952e-05,0.8943,0.9797,329
14,features.15,934,active,-0.005081,2.836927e-08,2.358578e-07,0.1016,0.0915,329
14,features.15,935,pruned_before,nan,0.000000e+00,0.000000e+00,0.0000,0.0000,0
14,features.15,936,pruned_before,nan,0.000000e+00,0.000000e+00,0.0000,0.0000,0
14,features.15,937,active,0.203252,4.363969e-08,1.438728e-06,0.2114,0.6179,329
14,features.15,938,pruned_before,nan,0.000000e+00,0.000000e+00,0.0000,0.0000,0
14,features.15,939,active,0.316057,3.502462e-08,2.266853e-06,0.1362,0.7683,329
14,features.15,940,pruned_before,nan,0.000000e+00,0.000000e+00,0.0000,0.0000,0
14,features.15,941,pruned_before,nan,0.000000e+00,0.000000e+00,0.0000,0.0000,0
14,features.15,942,active,-0.152439,1.826077e-07,9.208061e-07,0.7215,0.4167,329
14,features.15,943,pruned_before,nan,0.000000e+00,0.000000e+00,0.0000,0.0000,0
14,features.15,944,pruned_before,nan,0.000000e+00,0.000000e+00,0.0000,0.0000,0
14,features.15,945,pruned_before,nan,0.000000e+00,0.000000e+00,0.0000,0.0000,0
14,features.15,946,pruned_before,nan,0.000000e+00,0.000000e+00,0.0000,0.0000,0
14,features.15,947,active,0.178862,6.100866e-08,1.682033e-06,0.3089,0.6667,329
14,features.15,948,pruned_before,nan,0.000000e+00,0.000000e+00,0.0000,0.0000,0
14,features.15,949,active,-0.069106,1.613564e-07,1.220002e-06,0.6890,0.5508,329
14,features.15,950,active,-0.041667,2.195625e-07,1.753653e-06,0.7642,0.6809,329
14,features.15,951,pruned_before,nan,0.000000e+00,0.000000e+00,0.0000,0.0000,0
14,features.15,952,active,-0.057927,2.123995e-07,1.562210e-06,0.7602,0.6443,329
14,features.15,953,pruned_before,nan,0.000000e+00,0.000000e+00,0.0000,0.0000,0
14,features.15,954,active,-0.234756,1.315551e-07,2.679440e-07,0.5935,0.1240,329
14,features.15,955,active,-0.144309,1.486539e-07,7.737639e-07,0.6524,0.3638,329
14,features.15,956,pruned_before,nan,0.000000e+00,0.000000e+00,0.0000,0.0000,0
14,features.15,957,pruned_before,nan,0.000000e+00,0.000000e+00,0.0000,0.0000,0
14,features.15,958,active,0.248984,6.573446e-08,2.947019e-06,0.3394,0.8374,329
14,features.15,959,active,0.002033,7.705477e-08,8.327839e-07,0.3841,0.3882,329
14,features.16,0,active,0.096730,2.221499e-07,6.863087e-07,0.6281,0.8215,329
14,features.16,1,active,0.168256,1.002377e-07,5.034630e-07,0.4155,0.7520,329
14,features.16,2,active,0.370572,2.190994e-08,9.336986e-07,0.1226,0.8638,329
14,features.16,3,pruned_before,nan,0.000000e+00,0.000000e+00,0.0000,0.0000,0
14,features.16,4,active,-0.124659,6.646570e-08,1.571130e-08,0.3338,0.0845,329
14,features.16,5,active,-0.202316,2.418269e-07,6.754459e-08,0.6458,0.2411,329
14,features.16,6,active,-0.027248,1.666663e-08,6.498585e-09,0.0872,0.0327,329
14,features.16,7,pruned_before,nan,0.000000e+00,0.000000e+00,0.0000,0.0000,0
14,features.16,8,active,0.033379,1.067132e-07,2.262730e-07,0.4360,0.5027,329
14,features.16,9,active,0.003406,9.478363e-07,1.695145e-06,0.9169,0.9237,329
14,features.16,10,active,0.000681,1.168345e-06,2.016433e-06,0.9428,0.9441,329
14,features.16,11,pruned_now,-0.267711,1.662887e-06,1.833603e-07,0.9700,0.4346,329
14,features.16,12,active,-0.061308,6.268374e-08,4.434181e-08,0.3134,0.1907,329
14,features.16,13,active,-0.004087,7.295494e-08,1.342326e-07,0.3556,0.3474,329
14,features.16,14,pruned_before,nan,0.000000e+00,0.000000e+00,0.0000,0.0000,0
14,features.16,15,active,0.011580,4.384044e-07,6.954626e-07,0.8011,0.8243,329
14,features.16,16,active,-0.188011,1.101964e-06,2.640327e-07,0.9360,0.5599,329
14,features.16,17,pruned_before,nan,0.000000e+00,0.000000e+00,0.0000,0.0000,0
14,features.16,18,active,0.286104,9.926135e-09,3.150797e-07,0.0490,0.6213,329
14,features.16,19,active,-0.141689,1.739772e-06,3.824576e-07,0.9728,0.6894,329
14,features.16,20,active,-0.178474,1.169709e-06,2.905647e-07,0.9441,0.5872,329
14,features.16,21,active,0.448910,7.128200e-09,1.901015e-06,0.0409,0.9387,329
14,features.16,22,active,-0.172343,3.132392e-07,1.485647e-07,0.7153,0.3706,329
14,features.16,23,active,0.253406,7.142015e-08,9.251156e-07,0.3529,0.8597,329
14,features.16,24,active,-0.123978,4.822047e-07,2.786539e-07,0.8215,0.5736,329
14,features.16,25,active,0.230926,1.146901e-07,1.543580e-06,0.4537,0.9155,329
14,features.16,26,pruned_before,nan,0.000000e+00,0.000000e+00,0.0000,0.0000,0
14,features.16,27,active,-0.072888,1.226197e-06,6.200548e-07,0.9469,0.8011,329
14,features.16,28,active,-0.045640,5.093078e-08,3.837102e-08,0.2643,0.1730,329
14,features.16,29,active,0.167575,1.568448e-07,9.957919e-07,0.5395,0.8747,329
14,features.16,30,active,-0.058583,1.562831e-06,8.529090e-07,0.9659,0.8488,329
14,features.16,31,active,0.070845,2.888164e-07,7.991798e-07,0.6962,0.8379,329
14,features.16,32,active,0.211172,6.126585e-08,4.616253e-07,0.3093,0.7316,329
14,features.16,33,active,-0.088556,4.639411e-08,1.316594e-08,0.2507,0.0736,329
14,features.16,34,active,0.308583,4.880502e-08,9.819084e-07,0.2561,0.8733,329
14,features.16,35,active,0.072888,1.321196e-09,2.862581e-08,0.0054,0.1512,329
14,features.16,36,active,-0.045640,1.834257e-07,2.179774e-07,0.5858,0.4946,329
14,features.16,37,active,-0.082425,3.541597e-08,8.008740e-09,0.2098,0.0450,329
14,features.16,38,active,0.384877,1.077460e-08,7.341711e-07,0.0559,0.8256,329
14,features.16,39,active,-0.038828,5.822557e-07,5.215311e-07,0.8474,0.7698,329
14,features.16,40,active,-0.023161,5.395096e-08,6.161905e-08,0.2752,0.2289,329
14,features.16,41,active,-0.207084,6.271589e-07,1.928243e-07,0.8651,0.4510,329
14,features.16,42,pruned_before,nan,0.000000e+00,0.000000e+00,0.0000,0.0000,0
14,features.16,43,active,0.019074,4.942472e-09,1.071653e-08,0.0204,0.0586,329
14,features.16,44,pruned_before,nan,0.000000e+00,0.000000e+00,0.0000,0.0000,0
14,features.16,45,active,-0.018392,1.217993e-08,6.264118e-09,0.0668,0.0300,329
14,features.16,46,active,0.049727,4.473283e-07,1.424084e-06,0.8079,0.9074,329
14,features.16,47,pruned_before,nan,0.000000e+00,0.000000e+00,0.0000,0.0000,0
14,features.16,48,active,-0.183242,4.941338e-07,1.946722e-07,0.8229,0.4564,329
14,features.16,49,pruned_before,nan,0.000000e+00,0.000000e+00,0.0000,0.0000,0
14,features.16,50,pruned_before,nan,0.000000e+00,0.000000e+00,0.0000,0.0000,0
14,features.16,51,pruned_before,nan,0.000000e+00,0.000000e+00,0.0000,0.0000,0
14,features.16,52,active,-0.093324,7.682897e-08,4.351390e-08,0.3719,0.1853,329
14,features.16,53,active,0.039510,3.269235e-07,6.398034e-07,0.7289,0.8079,329
14,features.16,54,pruned_before,nan,0.000000e+00,0.000000e+00,0.0000,0.0000,0
14,features.16,55,active,0.145095,3.209145e-08,2.078937e-07,0.1839,0.4741,329
14,features.16,56,active,0.235695,6.797398e-09,2.297535e-07,0.0354,0.5068,329
14,features.16,57,pruned_before,nan,0.000000e+00,0.000000e+00,0.0000,0.0000,0
14,features.16,58,active,0.035422,5.208533e-07,1.418498e-06,0.8338,0.9046,329
14,features.16,59,active,-0.055177,6.924867e-08,6.551223e-08,0.3460,0.2357,329
14,features.16,60,active,-0.158719,8.440383e-08,1.220985e-08,0.3869,0.0695,329
14,features.16,61,active,0.087875,2.683677e-08,1.188943e-07,0.1499,0.3256,329
14,features.16,62,active,-0.058583,1.208823e-07,1.357996e-07,0.4700,0.3529,329
14,features.16,63,active,-0.034741,2.647927e-06,1.720649e-06,0.9946,0.9251,329
14,features.16,64,pruned_before,nan,0.000000e+00,0.000000e+00,0.0000,0.0000,0
14,features.16,65,active,0.199591,3.292852e-08,2.967657e-07,0.1921,0.5913,329
14,features.16,66,active,-0.083106,3.756345e-07,3.066248e-07,0.7643,0.5981,329
14,features.16,67,pruned_before,nan,0.000000e+00,0.000000e+00,0.0000,0.0000,0
14,features.16,68,active,-0.091962,3.998690e-07,3.007829e-07,0.7779,0.5940,329
14,features.16,69,pruned_before,nan,0.000000e+00,0.000000e+00,0.0000,0.0000,0
14,features.16,70,active,0.062670,4.089317e-07,1.503983e-06,0.7888,0.9142,329
14,features.16,71,active,0.217302,1.662264e-07,6.415962e-06,0.5559,0.9905,329
14,features.16,72,active,-0.202316,6.964839e-07,2.053534e-07,0.8733,0.4687,329
14,features.16,73,pruned_before,nan,0.000000e+00,0.000000e+00,0.0000,0.0000,0
14,features.16,74,active,0.059946,1.877599e-08,5.696540e-08,0.0995,0.2193,329
14,features.16,75,pruned_before,nan,0.000000e+00,0.000000e+00,0.0000,0.0000,0
14,features.16,76,pruned_before,nan,0.000000e+00,0.000000e+00,0.0000,0.0000,0
14,features.16,77,active,0.010899,1.692575e-07,2.875083e-07,0.5640,0.5858,329
14,features.16,78,active,-0.131471,1.148924e-07,4.439877e-08,0.4550,0.1921,329
14,features.16,79,active,-0.039510,1.736089e-08,3.486470e-09,0.0940,0.0150,329
14,features.16,80,active,0.000000,0.000000e+00,0.000000e+00,0.0014,0.0014,329
14,features.16,81,active,-0.006812,9.676315e-08,1.642204e-07,0.4074,0.3937,329
14,features.16,82,active,0.075613,2.399585e-08,9.829859e-08,0.1322,0.2834,329
14,features.16,83,active,-0.192098,1.505292e-07,2.591152e-08,0.5286,0.1444,329
14,features.16,84,pruned_before,nan,0.000000e+00,0.000000e+00,0.0000,0.0000,0
14,features.16,85,active,-0.063352,5.812617e-08,3.592269e-08,0.2943,0.1676,329
14,features.16,86,active,0.003406,9.349122e-09,9.214050e-09,0.0463,0.0531,329
14,features.16,87,pruned_before,nan,0.000000e+00,0.000000e+00,0.0000,0.0000,0
14,features.16,88,pruned_before,nan,0.000000e+00,0.000000e+00,0.0000,0.0000,0
14,features.16,89,active,0.169619,1.445816e-07,9.044750e-07,0.5150,0.8542,329
14,features.16,90,pruned_before,nan,0.000000e+00,0.000000e+00,0.0000,0.0000,0
14,features.16,91,pruned_before,nan,0.000000e+00,0.000000e+00,0.0000,0.0000,0
14,features.16,92,active,-0.006131,1.260786e-08,9.732945e-09,0.0681,0.0559,329
14,features.16,93,pruned_before,nan,0.000000e+00,0.000000e+00,0.0000,0.0000,0
14,features.16,94,pruned_before,nan,0.000000e+00,0.000000e+00,0.0000,0.0000,0
14,features.16,95,active,-0.005450,1.206326e-08,9.474177e-09,0.0654,0.0545,329
14,features.16,96,active,-0.143733,7.175660e-08,1.202549e-08,0.3542,0.0668,329
14,features.16,97,pruned_before,nan,0.000000e+00,0.000000e+00,0.0000,0.0000,0
14,features.16,98,active,-0.021117,1.016997e-08,2.833766e-09,0.0504,0.0082,329
14,features.16,99,active,-0.083106,8.469346e-08,6.071181e-08,0.3883,0.2221,329
14,features.16,100,pruned_before,nan,0.000000e+00,0.000000e+00,0.0000,0.0000,0
14,features.16,101,active,-0.202997,1.703650e-07,3.252576e-08,0.5681,0.1621,329
14,features.16,102,active,-0.123978,6.351226e-07,3.138555e-07,0.8665,0.6185,329
14,features.16,103,active,-0.076975,2.369802e-06,7.937884e-07,0.9905,0.8365,329
14,features.16,104,pruned_before,nan,0.000000e+00,0.000000e+00,0.0000,0.0000,0
14,features.16,105,pruned_before,nan,0.000000e+00,0.000000e+00,0.0000,0.0000,0
14,features.16,106,active,0.096730,2.881704e-07,1.183731e-06,0.6948,0.8883,329
14,features.16,107,active,-0.027248,8.888749e-07,8.617002e-07,0.9046,0.8501,329
14,features.16,108,active,0.297684,1.419791e-08,3.634539e-07,0.0777,0.6730,329
14,features.16,109,active,0.000000,6.540847e-08,1.204454e-07,0.3283,0.3283,329
14,features.16,110,pruned_before,nan,0.000000e+00,0.000000e+00,0.0000,0.0000,0
14,features.16,111,active,-0.207084,3.262199e-07,1.149870e-07,0.7275,0.3134,329
14,features.16,112,pruned_before,nan,0.000000e+00,0.000000e+00,0.0000,0.0000,0
14,features.16,113,active,-0.110354,1.204938e-07,7.287627e-08,0.4673,0.2466,329
14,features.16,114,active,-0.017030,7.013678e-07,8.029951e-07,0.8747,0.8406,329
14,features.16,115,active,0.044959,8.313207e-07,4.380170e-06,0.8896,0.9796,329
14,features.16,116,active,0.062670,3.029943e-07,7.629132e-07,0.7057,0.8311,329
14,features.16,117,active,0.209809,1.395902e-07,1.779479e-06,0.5082,0.9278,329
14,features.16,118,active,-0.003406,2.841415e-08,2.897685e-08,0.1608,0.1540,329
14,features.16,119,pruned_before,nan,0.000000e+00,0.000000e+00,0.0000,0.0000,0
14,features.16,120,pruned_before,nan,0.000000e+00,0.000000e+00,0.0000,0.0000,0
14,features.16,121,active,-0.047684,1.300866e-07,1.651451e-07,0.4918,0.3965,329
14,features.16,122,active,0.064714,2.427584e-08,8.514163e-08,0.1335,0.2629,329
14,features.16,123,active,-0.029973,3.258127e-08,2.278030e-08,0.1866,0.1267,329
14,features.16,124,active,0.178474,1.115822e-07,6.286133e-07,0.4469,0.8038,329
14,features.16,125,active,-0.115123,1.535440e-07,1.089184e-07,0.5354,0.3052,329
14,features.16,126,active,-0.166213,4.178328e-07,2.031857e-07,0.7956,0.4632,329
14,features.16,127,active,0.209128,6.523625e-08,4.928108e-07,0.3256,0.7439,329
14,features.16,128,active,-0.113760,9.372445e-07,3.816708e-07,0.9142,0.6866,329
14,features.16,129,active,-0.024523,2.380659e-06,2.004223e-06,0.9918,0.9428,329
14,features.16,130,active,-0.084469,7.218159e-07,4.107197e-07,0.8774,0.7084,329
14,features.16,131,active,0.013624,3.671192e-08,7.262794e-08,0.2180,0.2452,329
14,features.16,132,active,-0.032016,1.149932e-06,1.016104e-06,0.9401,0.8760,329
14,features.16,133,active,-0.038828,1.329344e-07,1.752814e-07,0.4959,0.4183,329
14,features.16,134,active,0.378747,3.437440e-08,2.654853e-06,0.2044,0.9619,329
14,features.16,135,pruned_before,nan,0.000000e+00,0.000000e+00,0.0000,0.0000,0
14,features.16,136,active,-0.101499,1.690421e-07,1.391551e-07,0.5613,0.3583,329
14,features.16,137,active,0.016349,2.546844e-08,3.666518e-08,0.1362,0.1689,329
14,features.16,138,pruned_before,nan,0.000000e+00,0.000000e+00,0.0000,0.0000,0
14,features.16,139,active,-0.117847,6.326086e-08,1.492596e-08,0.3161,0.0804,329
14,features.16,140,pruned_before,nan,0.000000e+00,0.000000e+00,0.0000,0.0000,0
14,features.16,141,active,-0.040191,2.967919e-08,1.576139e-08,0.1662,0.0858,329
14,features.16,142,active,-0.215259,8.130305e-07,1.946802e-07,0.8883,0.4578,329
14,features.16,143,active,-0.053815,3.383851e-07,3.266372e-07,0.7398,0.6322,329
14,features.16,144,pruned_before,nan,0.000000e+00,0.000000e+00,0.0000,0.0000,0
14,features.16,145,active,0.116485,1.107835e-08,1.027816e-07,0.0586,0.2916,329
14,features.16,146,active,-0.138283,4.628859e-07,2.543529e-07,0.8174,0.5409,329
14,features.16,147,pruned_before,nan,0.000000e+00,0.000000e+00,0.0000,0.0000,0
14,features.16,148,active,-0.025204,6.800629e-08,1.007969e-07,0.3406,0.2902,329
14,features.16,149,active,0.006812,2.130357e-07,3.326667e-07,0.6213,0.6349,329
14,features.16,150,active,-0.181199,1.692259e-07,4.956463e-08,0.5627,0.2003,329
14,features.16,151,active,0.017030,2.568709e-07,3.898026e-07,0.6608,0.6948,329
14,features.16,152,active,0.091281,5.603356e-08,2.033471e-07,0.2820,0.4646,329
14,features.16,153,active,-0.010218,2.101516e-08,1.716972e-08,0.1144,0.0940,329
14,features.16,154,pruned_before,nan,0.000000e+00,0.000000e+00,0.0000,0.0000,0
14,features.16,155,pruned_before,nan,0.000000e+00,0.000000e+00,0.0000,0.0000,0
14,features.16,156,active,-0.236376,5.902636e-07,1.512104e-07,0.8501,0.3774,329
14,features.16,157,pruned_before,nan,0.000000e+00,0.000000e+00,0.0000,0.0000,0
14,features.16,158,active,-0.027929,1.280794e-08,3.267929e-09,0.0695,0.0136,329
14,features.16,159,active,0.073569,1.934727e-08,7.637892e-08,0.1049,0.2520,329
14,features.16,160,pruned_before,nan,0.000000e+00,0.000000e+00,0.0000,0.0000,0
14,features.16,161,active,-0.158038,2.327080e-07,1.162370e-07,0.6362,0.3202,329
14,features.16,162,pruned_before,nan,0.000000e+00,0.000000e+00,0.0000,0.0000,0
14,features.16,163,active,0.094005,6.738748e-08,2.408808e-07,0.3379,0.5259,329
14,features.16,164,active,0.032016,6.360683e-08,1.548510e-07,0.3174,0.3815,329
14,features.16,165,pruned_before,nan,0.000000e+00,0.000000e+00,0.0000,0.0000,0
14,features.16,166,active,-0.008856,1.200317e-08,8.317308e-09,0.0640,0.0463,329
14,features.16,167,active,0.035422,6.629058e-08,1.696213e-07,0.3311,0.4019,329
14,features.16,168,pruned_before,nan,0.000000e+00,0.000000e+00,0.0000,0.0000,0
14,features.16,169,pruned_before,nan,0.000000e+00,0.000000e+00,0.0000,0.0000,0
14,features.16,170,pruned_before,nan,0.000000e+00,0.000000e+00,0.0000,0.0000,0
14,features.16,171,active,-0.004768,3.063408e-07,3.953057e-07,0.7084,0.6989,329
14,features.16,172,pruned_before,nan,0.000000e+00,0.000000e+00,0.0000,0.0000,0
14,features.16,173,active,-0.176431,1.231167e-06,3.042003e-07,0.9482,0.5954,329
14,features.16,174,active,-0.217302,2.012626e-07,4.165792e-08,0.6117,0.1771,329
14,features.16,175,active,0.079700,4.609412e-08,1.713317e-07,0.2480,0.4074,329
14,features.16,176,active,-0.098093,4.454745e-07,3.114419e-07,0.8065,0.6104,329
14,features.16,177,active,-0.119210,1.246981e-06,4.211416e-07,0.9510,0.7125,329
14,features.16,178,pruned_before,nan,0.000000e+00,0.000000e+00,0.0000,0.0000,0
14,features.16,179,active,0.275886,4.910067e-08,6.458134e-07,0.2589,0.8106,329
14,features.16,180,active,-0.008856,5.783374e-08,9.423427e-08,0.2929,0.2752,329
14,features.16,181,active,0.145777,2.772042e-07,3.607009e-06,0.6798,0.9714,329
14,features.16,182,active,0.237738,1.455082e-07,1.489401e-05,0.5191,0.9946,329
14,features.16,183,pruned_before,nan,0.000000e+00,0.000000e+00,0.0000,0.0000,0
14,features.16,184,pruned_before,nan,0.000000e+00,0.000000e+00,0.0000,0.0000,0
14,features.16,185,pruned_before,nan,0.000000e+00,0.000000e+00,0.0000,0.0000,0
14,features.16,186,active,-0.239782,6.253777e-07,1.563236e-07,0.8638,0.3842,329
14,features.16,187,active,-0.004087,2.856137e-06,5.229664e-06,0.9959,0.9877,329
14,features.16,188,pruned_before,nan,0.000000e+00,0.000000e+00,0.0000,0.0000,0
14,features.16,189,active,-0.200954,3.756394e-07,1.431256e-07,0.7657,0.3638,329
14,features.16,190,active,0.173025,3.328218e-08,2.561942e-07,0.1975,0.5436,329
14,features.16,191,active,-0.092643,1.772419e-07,1.648648e-07,0.5804,0.3951,329
14,features.16,192,active,0.027248,2.817543e-07,4.855108e-07,0.6853,0.7398,329
14,features.16,193,active,-0.160082,3.230288e-07,1.700579e-07,0.7234,0.4033,329
14,features.16,194,active,-0.137602,8.902854e-07,3.250524e-07,0.9060,0.6308,329
14,features.16,195,active,0.014305,7.134756e-08,1.518766e-07,0.3515,0.3801,329
14,features.16,196,active,-0.017030,1.245884e-07,1.903902e-07,0.4809,0.4469,329
14,features.16,197,active,0.146458,1.452439e-08,1.487191e-07,0.0790,0.3719,329
14,features.16,198,active,0.149183,1.013424e-07,4.458504e-07,0.4278,0.7262,329
14,features.16,199,pruned_before,nan,0.000000e+00,0.000000e+00,0.0000,0.0000,0
14,features.16,200,active,0.054496,4.987192e-07,1.864943e-06,0.8256,0.9346,329
14,features.16,201,active,0.014986,2.172111e-07,3.454443e-07,0.6240,0.6540,329
14,features.16,202,active,-0.030654,2.141958e-08,1.016675e-08,0.1185,0.0572,329
14,features.16,203,active,-0.076975,1.864732e-07,1.845507e-07,0.5899,0.4360,329
14,features.16,204,active,0.235014,2.756829e-08,3.174126e-07,0.1540,0.6240,329
14,features.16,205,pruned_before,nan,0.000000e+00,0.000000e+00,0.0000,0.0000,0
14,features.16,206,active,0.051771,5.725450e-08,1.641964e-07,0.2888,0.3924,329
14,features.16,207,active,0.320163,1.735359e-08,4.634468e-07,0.0926,0.7330,329
14,features.16,208,active,-0.005450,4.949582e-08,7.380668e-08,0.2602,0.2493,329
14,features.16,209,active,0.042234,9.443699e-09,2.349614e-08,0.0477,0.1322,329
14,features.16,210,active,-0.070845,3.127132e-07,2.777589e-07,0.7139,0.5722,329
14,features.16,211,active,-0.115804,1.095591e-07,5.385346e-08,0.4441,0.2125,329
14,features.16,212,pruned_before,nan,0.000000e+00,0.000000e+00,0.0000,0.0000,0
14,features.16,213,active,-0.160763,2.531451e-07,1.236880e-07,0.6553,0.3338,329
14,features.16,214,active,-0.162807,1.157497e-07,2.350973e-08,0.4591,0.1335,329
14,features.16,215,pruned_before,nan,0.000000e+00,0.000000e+00,0.0000,0.0000,0
14,features.16,216,active,-0.214578,1.076514e-06,2.248249e-07,0.9305,0.5014,329
14,features.16,217,active,0.053134,7.473224e-08,2.065822e-07,0.3638,0.4700,329
14,features.16,218,active,-0.245913,1.998611e-07,2.094757e-08,0.6104,0.1185,329
14,features.16,219,pruned_now,-0.263624,3.363976e-07,5.175647e-08,0.7371,0.2098,329
14,features.16,220,pruned_before,nan,0.000000e+00,0.000000e+00,0.0000,0.0000,0
14,features.16,221,active,0.361717,2.110452e-08,7.996011e-07,0.1158,0.8392,329
14,features.16,222,active,-0.073569,3.694969e-07,3.116035e-07,0.7589,0.6117,329
14,features.16,223,active,-0.027248,1.450222e-07,1.981250e-07,0.5163,0.4619,329
14,features.16,224,active,-0.003406,1.054611e-07,1.806471e-07,0.4346,0.4278,329
14,features.16,225,pruned_before,nan,0.000000e+00,0.000000e+00,0.0000,0.0000,0
14,features.16,226,pruned_before,nan,0.000000e+00,0.000000e+00,0.0000,0.0000,0
14,features.16,227,active,-0.117166,1.589528e-07,1.131919e-07,0.5436,0.3093,329
14,features.16,228,active,0.067439,5.865441e-07,4.964309e-06,0.8488,0.9837,329
14,features.16,229,active,-0.220027,8.597643e-07,1.958883e-07,0.8992,0.4591,329
14,features.16,230,active,0.262262,1.094718e-07,3.196169e-06,0.4428,0.9673,329
14,features.16,231,pruned_before,nan,0.000000e+00,0.000000e+00,0.0000,0.0000,0
14,features.16,232,active,0.168256,5.615986e-08,3.145142e-07,0.2834,0.6199,329
14,features.16,233,pruned_before,nan,0.000000e+00,0.000000e+00,0.0000,0.0000,0
14,features.16,234,active,-0.044959,5.567442e-07,5.060836e-07,0.8447,0.7548,329
14,features.16,235,pruned_before,nan,0.000000e+00,0.000000e+00,0.0000,0.0000,0
14,features.16,236,active,-0.155995,1.511622e-06,3.452917e-07,0.9632,0.6512,329
14,features.16,237,active,-0.226839,2.677990e-07,5.569731e-08,0.6703,0.2166,329
14,features.16,238,active,-0.075613,1.750553e-07,1.790443e-07,0.5749,0.4237,329
14,features.16,239,active,-0.051090,4.983799e-08,3.061506e-08,0.2616,0.1594,329
14,features.16,240,active,-0.072207,3.842294e-07,3.187103e-07,0.7698,0.6253,329
14,features.16,241,pruned_before,nan,0.000000e+00,0.000000e+00,0.0000,0.0000,0
14,features.16,242,active,-0.120572,9.442909e-07,3.653244e-07,0.9155,0.6744,329
14,features.16,243,pruned_before,nan,0.000000e+00,0.000000e+00,0.0000,0.0000,0
14,features.16,244,active,0.183242,1.182200e-07,7.531507e-07,0.4632,0.8297,329
14,features.16,245,active,-0.115123,7.020928e-08,2.086943e-08,0.3474,0.1172,329
14,features.16,246,active,-0.044278,3.562976e-08,2.240196e-08,0.2125,0.1240,329
14,features.16,247,active,-0.127384,4.517625e-07,2.615196e-07,0.8120,0.5572,329
14,features.16,248,pruned_before,nan,0.000000e+00,0.000000e+00,0.0000,0.0000,0
14,features.16,249,active,0.005450,1.360727e-07,2.317027e-07,0.5027,0.5136,329
14,features.16,250,active,0.143733,2.839523e-07,4.268256e-06,0.6894,0.9768,329
14,features.16,251,active,0.125341,1.469755e-08,1.228059e-07,0.0817,0.3324,329
14,features.16,252,active,0.128747,1.169430e-08,1.162003e-07,0.0613,0.3188,329
14,features.16,253,pruned_before,nan,0.000000e+00,0.000000e+00,0.0000,0.0000,0
14,features.16,254,pruned_before,nan,0.000000e+00,0.000000e+00,0.0000,0.0000,0
14,features.16,255,active,-0.213215,9.532752e-07,2.145351e-07,0.9183,0.4918,329
14,features.16,256,active,-0.104223,1.022952e-07,5.719589e-08,0.4292,0.2207,329
14,features.16,257,active,-0.004768,5.149836e-09,3.171700e-09,0.0218,0.0123,329
14,features.16,258,active,0.309264,6.427424e-08,1.993452e-06,0.3229,0.9414,329
14,features.16,259,active,0.002725,4.547603e-07,6.804558e-07,0.8134,0.8188,329
14,features.16,260,active,0.271798,7.411157e-08,1.421868e-06,0.3624,0.9060,329
14,features.16,261,active,0.014305,1.516499e-08,2.025038e-08,0.0831,0.1117,329
14,features.16,262,active,-0.163488,8.849958e-08,1.219394e-08,0.3951,0.0681,329
14,features.16,263,pruned_before,nan,0.000000e+00,0.000000e+00,0.0000,0.0000,0
14,features.16,264,active,-0.044278,5.092817e-07,4.901127e-07,0.8311,0.7425,329
14,features.16,265,active,0.031335,4.731316e-07,1.055847e-06,0.8188,0.8815,329
14,features.16,266,active,-0.123297,4.039192e-07,2.510707e-07,0.7820,0.5354,329
14,features.16,267,pruned_before,nan,0.000000e+00,0.000000e+00,0.0000,0.0000,0
14,features.16,268,active,-0.183242,1.997214e-06,3.132257e-07,0.9837,0.6172,329
14,features.16,269,pruned_before,nan,0.000000e+00,0.000000e+00,0.0000,0.0000,0
14,features.16,270,active,-0.040872,4.595709e-07,4.640410e-07,0.8161,0.7343,329
14,features.16,271,pruned_before,nan,0.000000e+00,0.000000e+00,0.0000,0.0000,0
14,features.16,272,active,-0.017030,1.933428e-07,2.735142e-07,0.6008,0.5668,329
14,features.16,273,active,-0.058583,3.306716e-08,1.417265e-08,0.1948,0.0777,329
14,features.16,274,pruned_before,nan,0.000000e+00,0.000000e+00,0.0000,0.0000,0
14,features.16,275,pruned_before,nan,0.000000e+00,0.000000e+00,0.0000,0.0000,0
14,features.16,276,active,0.149183,1.205329e-07,5.161324e-07,0.4687,0.7670,329
14,features.16,277,active,-0.168256,1.230338e-07,2.463904e-08,0.4728,0.1362,329
14,features.16,278,active,-0.031335,8.486155e-07,7.884730e-07,0.8965,0.8338,329
14,features.16,279,active,-0.220027,3.317620e-07,1.049039e-07,0.7343,0.2943,329
14,features.16,280,pruned_before,nan,0.000000e+00,0.000000e+00,0.0000,0.0000,0
14,features.16,281,active,0.034741,5.538497e-08,1.347431e-07,0.2793,0.3488,329
14,features.16,282,active,0.003406,1.246550e-06,2.351575e-06,0.9496,0.9564,329
14,features.16,283,pruned_before,nan,0.000000e+00,0.000000e+00,0.0000,0.0000,0
14,features.16,284,active,-0.149864,1.327441e-07,4.529356e-08,0.4946,0.1948,329
14,features.16,285,active,0.262943,5.630480e-09,2.579274e-07,0.0259,0.5518,329
14,features.16,286,protected,0.146458,2.970387e-07,1.635725e-05,0.7030,0.9959,329
14,features.16,287,pruned_before,nan,0.000000e+00,0.000000e+00,0.0000,0.0000,0
14,features.16,288,active,-0.029973,5.918103e-08,6.876697e-08,0.3025,0.2425,329
14,features.16,289,active,-0.043597,3.981057e-07,3.822370e-07,0.7752,0.6880,329
14,features.16,290,active,-0.138283,2.480763e-07,1.509822e-07,0.6512,0.3747,329
14,features.16,291,active,-0.004768,3.204996e-06,5.496294e-06,0.9986,0.9891,329
14,features.16,292,active,0.029973,4.114585e-09,1.265574e-08,0.0123,0.0722,329
14,features.16,293,active,-0.067439,1.154685e-07,1.176413e-07,0.4578,0.3229,329
14,features.16,294,pruned_before,nan,0.000000e+00,0.000000e+00,0.0000,0.0000,0
14,features.16,295,active,-0.066757,9.658698e-07,5.601713e-07,0.9196,0.7861,329
14,features.16,296,pruned_before,nan,0.000000e+00,0.000000e+00,0.0000,0.0000,0
14,features.16,297,active,0.092643,2.088437e-08,1.058520e-07,0.1117,0.2970,329
14,features.16,298,active,-0.095368,1.956950e-07,1.742033e-07,0.6049,0.4142,329
14,features.16,299,protected,0.000000,4.000501e-06,5.813634e-05,1.0000,1.0000,329
14,features.16,300,pruned_before,nan,0.000000e+00,0.000000e+00,0.0000,0.0000,0
14,features.16,301,active,0.120572,5.757715e-08,2.473071e-07,0.2916,0.5327,329
14,features.16,302,active,0.284060,9.790374e-08,4.946041e-06,0.4142,0.9823,329
14,features.16,303,pruned_before,nan,0.000000e+00,0.000000e+00,0.0000,0.0000,0
14,features.16,304,pruned_before,nan,0.000000e+00,0.000000e+00,0.0000,0.0000,0
14,features.16,305,pruned_before,nan,0.000000e+00,0.000000e+00,0.0000,0.0000,0
14,features.16,306,active,-0.037466,9.764371e-08,1.272652e-07,0.4128,0.3379,329
14,features.16,307,pruned_before,nan,0.000000e+00,0.000000e+00,0.0000,0.0000,0
14,features.16,308,active,0.312670,6.427206e-08,2.058082e-06,0.3215,0.9469,329
14,features.16,309,active,-0.232970,1.278109e-07,5.884549e-09,0.4891,0.0232,329
14,features.16,310,active,-0.205722,1.801818e-07,3.698838e-08,0.5817,0.1703,329
14,features.16,311,active,0.108992,3.393381e-07,2.537907e-06,0.7411,0.9591,329
14,features.16,312,active,-0.023842,2.647515e-08,1.784430e-08,0.1458,0.0981,329
14,features.16,313,active,-0.036104,2.179972e-08,8.511482e-09,0.1213,0.0490,329
14,features.16,314,active,0.103542,1.066412e-08,8.508648e-08,0.0545,0.2616,329
14,features.16,315,active,-0.064033,4.185274e-08,1.945766e-08,0.2357,0.1076,329
14,features.16,316,active,0.136921,5.702144e-09,1.064725e-07,0.0272,0.3011,329
14,features.16,317,active,-0.171662,1.098023e-06,2.943427e-07,0.9332,0.5899,329
14,features.16,318,pruned_before,nan,0.000000e+00,0.000000e+00,0.0000,0.0000,0
14,features.16,319,active,-0.010218,5.924011e-09,2.952347e-09,0.0300,0.0095,329
14,features.16,320,active,-0.052452,8.591971e-07,5.749839e-07,0.8978,0.7929,329
14,features.16,321,active,-0.207766,4.332307e-07,1.562289e-07,0.7984,0.3828,329
14,features.16,322,active,0.211172,1.624400e-07,4.043202e-06,0.5504,0.9728,329
14,features.16,323,active,-0.194823,5.290001e-07,1.918465e-07,0.8392,0.4496,329
14,features.16,324,active,-0.100817,6.507221e-07,3.591705e-07,0.8692,0.6676,329
14,features.16,325,pruned_before,nan,0.000000e+00,0.000000e+00,0.0000,0.0000,0
14,features.16,326,active,0.114441,6.418374e-08,2.566292e-07,0.3188,0.5477,329
14,features.16,327,active,-0.053134,7.315553e-08,7.633322e-08,0.3569,0.2507,329
14,features.16,328,active,-0.179155,1.924615e-07,6.716876e-08,0.5981,0.2398,329
14,features.16,329,active,-0.007493,1.888489e-06,2.985862e-06,0.9809,0.9659,329
14,features.16,330,active,-0.133515,1.195812e-07,4.727947e-08,0.4659,0.1989,329
14,features.16,331,active,-0.066076,4.176406e-08,1.815826e-08,0.2343,0.1022,329
14,features.16,332,active,-0.043597,2.708395e-08,1.183587e-08,0.1512,0.0640,329
14,features.16,333,pruned_before,nan,0.000000e+00,0.000000e+00,0.0000,0.0000,0
14,features.16,334,active,-0.219346,3.178818e-07,9.807903e-08,0.7207,0.2820,329
14,features.16,335,active,-0.202316,3.925510e-07,1.460889e-07,0.7725,0.3678,329
14,features.16,336,pruned_before,nan,0.000000e+00,0.000000e+00,0.0000,0.0000,0
14,features.16,337,active,-0.118529,1.038342e-06,3.816564e-07,0.9223,0.6853,329
14,features.16,338,pruned_before,nan,0.000000e+00,0.000000e+00,0.0000,0.0000,0
14,features.16,339,active,-0.131471,1.934135e-07,1.287515e-07,0.6022,0.3392,329
14,features.16,340,active,0.114441,1.980552e-07,7.904682e-07,0.6063,0.8351,329
14,features.16,341,active,0.136240,3.054123e-08,1.902655e-07,0.1730,0.4455,329
14,features.16,342,pruned_before,nan,0.000000e+00,0.000000e+00,0.0000,0.0000,0
14,features.16,343,active,0.002725,2.838200e-07,3.874714e-07,0.6880,0.6935,329
14,features.16,344,active,0.327657,2.214645e-08,5.389957e-07,0.1240,0.7793,329
14,features.16,345,pruned_before,nan,0.000000e+00,0.000000e+00,0.0000,0.0000,0
14,features.16,346,active,0.344005,5.930083e-08,1.407437e-05,0.3038,0.9918,329
14,features.16,347,active,-0.051090,5.437412e-08,3.925439e-08,0.2766,0.1744,329
14,features.16,348,active,0.000000,0.000000e+00,0.000000e+00,0.0027,0.0027,329
14,features.16,349,active,0.133515,2.801334e-07,2.092245e-06,0.6826,0.9496,329
14,features.16,350,pruned_before,nan,0.000000e+00,0.000000e+00,0.0000,0.0000,0
14,features.16,351,active,-0.205722,5.262598e-07,1.799103e-07,0.8379,0.4264,329
14,features.16,352,active,-0.040191,1.968016e-08,6.212633e-09,0.1076,0.0272,329
14,features.16,353,pruned_before,nan,0.000000e+00,0.000000e+00,0.0000,0.0000,0
14,features.16,354,active,0.156676,3.562732e-08,2.400859e-07,0.2112,0.5245,329
14,features.16,355,pruned_before,nan,0.000000e+00,0.000000e+00,0.0000,0.0000,0
14,features.16,356,active,0.324251,5.976765e-08,2.341063e-06,0.3052,0.9537,329
14,features.16,357,active,-0.118529,1.049376e-07,4.530308e-08,0.4332,0.1962,329
14,features.16,358,pruned_before,nan,0.000000e+00,0.000000e+00,0.0000,0.0000,0
14,features.16,359,active,-0.104905,7.589865e-08,3.003255e-08,0.3678,0.1580,329
14,features.16,360,active,-0.202997,1.128265e-06,2.464606e-07,0.9373,0.5313,329
14,features.16,361,active,-0.070845,1.240262e-07,1.259654e-07,0.4768,0.3351,329
14,features.16,362,pruned_before,nan,0.000000e+00,0.000000e+00,0.0000,0.0000,0
14,features.16,363,active,0.211172,4.125910e-08,3.469957e-07,0.2330,0.6553,329
14,features.16,364,active,-0.100136,2.687738e-07,2.072224e-07,0.6717,0.4714,329
14,features.16,365,pruned_before,nan,0.000000e+00,0.000000e+00,0.0000,0.0000,0
14,features.16,366,pruned_before,nan,0.000000e+00,0.000000e+00,0.0000,0.0000,0
14,features.16,367,active,0.160763,5.699675e-08,3.095778e-07,0.2861,0.6076,329
14,features.16,368,active,0.079019,3.299358e-07,1.212034e-06,0.7316,0.8896,329
14,features.16,369,active,-0.019755,2.765198e-08,2.049041e-08,0.1553,0.1158,329
14,features.16,370,active,0.351499,2.578670e-08,8.245820e-07,0.1403,0.8433,329
14,features.16,371,pruned_before,nan,0.000000e+00,0.000000e+00,0.0000,0.0000,0
14,features.16,372,active,-0.112398,1.313060e-06,4.613250e-07,0.9550,0.7302,329
14,features.16,373,active,-0.066076,2.577957e-08,2.282821e-09,0.1390,0.0068,329
14,features.16,374,active,0.043597,1.007772e-07,2.302565e-07,0.4223,0.5095,329
14,features.16,375,active,-0.004087,3.407112e-07,4.724027e-07,0.7452,0.7371,329
14,features.16,376,active,-0.159401,1.516003e-06,3.413887e-07,0.9646,0.6458,329
14,features.16,377,pruned_before,nan,0.000000e+00,0.000000e+00,0.0000,0.0000,0
14,features.16,378,active,-0.160082,4.422135e-07,2.115305e-07,0.8052,0.4850,329
14,features.16,379,active,-0.078338,1.440418e-07,1.391127e-07,0.5136,0.3569,329
14,features.16,380,active,0.207766,4.561283e-08,3.494294e-07,0.2439,0.6594,329
14,features.16,381,pruned_before,nan,0.000000e+00,0.000000e+00,0.0000,0.0000,0
14,features.16,382,active,-0.030654,3.385913e-08,2.481038e-08,0.2003,0.1390,329
14,features.16,383,pruned_before,nan,0.000000e+00,0.000000e+00,0.0000,0.0000,0
14,features.16,384,active,0.111717,2.905556e-07,1.679378e-06,0.6989,0.9223,329
14,features.16,385,active,-0.043597,1.101375e-06,8.489233e-07,0.9346,0.8474,329
14,features.16,386,active,0.342643,6.010877e-08,1.431919e-05,0.3079,0.9932,329
14,features.16,387,active,-0.144414,1.069224e-06,3.338500e-07,0.9264,0.6376,329
14,features.16,388,active,0.224796,6.251063e-08,5.115440e-07,0.3120,0.7616,329
14,features.16,389,active,-0.090599,8.911963e-08,5.494017e-08,0.3965,0.2153,329
14,features.16,390,active,-0.091962,4.600674e-08,1.139773e-08,0.2452,0.0613,329
14,features.16,391,active,-0.023161,2.715335e-07,3.232689e-07,0.6744,0.6281,329
14,features.16,392,active,-0.057221,8.616367e-08,9.452690e-08,0.3924,0.2779,329
14,features.16,393,active,-0.105586,1.283788e-07,9.527573e-08,0.4905,0.2793,329
14,features.16,394,active,0.042916,9.532231e-08,2.140451e-07,0.4046,0.4905,329
14,features.16,395,active,0.011580,8.545204e-08,1.737505e-07,0.3896,0.4128,329
14,features.16,396,active,0.011580,1.235662e-07,2.203811e-07,0.4755,0.4986,329
14,features.16,397,active,0.194823,3.611096e-08,3.095481e-07,0.2166,0.6063,329
14,features.16,398,pruned_before,nan,0.000000e+00,0.000000e+00,0.0000,0.0000,0
14,features.16,399,pruned_before,nan,0.000000e+00,0.000000e+00,0.0000,0.0000,0
14,features.16,400,active,-0.123978,8.426043e-07,3.411930e-07,0.8924,0.6444,329
14,features.16,401,pruned_before,nan,0.000000e+00,0.000000e+00,0.0000,0.0000,0
14,features.16,402,active,-0.162807,1.447730e-06,3.304931e-07,0.9591,0.6335,329
14,features.16,403,active,-0.086512,3.174458e-07,2.563788e-07,0.7193,0.5463,329
14,features.16,404,active,0.000000,0.000000e+00,0.000000e+00,0.0041,0.0041,329
14,features.16,405,pruned_before,nan,0.000000e+00,0.000000e+00,0.0000,0.0000,0
14,features.16,406,protected,0.012262,1.747767e-06,5.104687e-05,0.9741,0.9986,329
14,features.16,407,active,-0.089237,4.560784e-07,3.333312e-07,0.8147,0.6362,329
14,features.16,408,active,-0.121935,2.513198e-07,1.723689e-07,0.6540,0.4101,329
14,features.16,409,active,-0.051771,2.811495e-07,2.818854e-07,0.6839,0.5804,329
14,features.16,410,pruned_before,nan,0.000000e+00,0.000000e+00,0.0000,0.0000,0
14,features.16,411,active,-0.102861,1.264626e-07,9.672024e-08,0.4864,0.2807,329
14,features.16,412,active,-0.160763,3.996855e-07,1.944986e-07,0.7766,0.4550,329
14,features.16,413,active,0.179837,1.414860e-07,9.715511e-07,0.5109,0.8706,329
14,features.16,414,active,-0.097411,3.685752e-08,5.922493e-09,0.2193,0.0245,329
14,features.16,415,active,-0.105586,7.405591e-08,2.779913e-08,0.3610,0.1499,329
14,features.16,416,pruned_before,nan,0.000000e+00,0.000000e+00,0.0000,0.0000,0
14,features.16,417,active,-0.071526,9.434319e-08,8.170747e-08,0.4005,0.2575,329
14,features.16,418,active,0.073569,3.263283e-08,1.264369e-07,0.1894,0.3365,329
14,features.16,419,active,0.104223,2.755718e-08,1.409891e-07,0.1526,0.3610,329
14,features.16,420,active,0.000681,2.637548e-08,2.633953e-08,0.1444,0.1458,329
14,features.16,421,active,0.053815,2.651703e-08,7.975075e-08,0.1485,0.2561,329
14,features.16,422,active,0.005450,5.510544e-09,6.643953e-09,0.0245,0.0354,329
14,features.16,423,active,-0.184605,4.086407e-07,1.752581e-07,0.7861,0.4169,329
14,features.16,424,active,-0.040872,1.672152e-07,2.085380e-07,0.5572,0.4755,329
14,features.16,425,active,0.145777,3.268631e-08,2.110872e-07,0.1907,0.4823,329
14,features.16,426,active,-0.168937,9.738223e-08,1.233327e-08,0.4087,0.0708,329
14,features.16,427,active,0.074251,1.922147e-07,4.931709e-07,0.5967,0.7452,329
14,features.16,428,active,0.311308,7.347765e-08,4.822653e-06,0.3583,0.9809,329
14,features.16,429,active,-0.093324,8.407874e-07,4.013506e-07,0.8910,0.7044,329
14,features.16,430,active,0.009537,8.434487e-07,1.494612e-06,0.8937,0.9128,329
14,features.16,431,active,0.051090,3.394292e-07,8.397640e-07,0.7425,0.8447,329
14,features.16,432,active,-0.204360,2.484256e-07,6.901315e-08,0.6526,0.2439,329
14,features.16,433,active,0.324932,4.040698e-08,1.017941e-06,0.2275,0.8774,329
14,features.16,434,active,0.070163,9.190156e-08,2.523625e-07,0.3992,0.5395,329
14,features.16,435,active,-0.243869,1.070234e-06,1.873336e-07,0.9278,0.4401,329
14,features.16,436,active,-0.104905,4.964011e-07,3.127452e-07,0.8243,0.6144,329
14,features.16,437,pruned_before,nan,0.000000e+00,0.000000e+00,0.0000,0.0000,0
14,features.16,438,active,-0.049728,4.342953e-08,2.490025e-08,0.2398,0.1403,329
14,features.16,439,active,0.058583,2.783313e-07,6.104764e-07,0.6812,0.7984,329
14,features.16,440,active,0.036785,6.112382e-07,1.849387e-06,0.8597,0.9332,329
14,features.16,441,pruned_before,nan,0.000000e+00,0.000000e+00,0.0000,0.0000,0
14,features.16,442,active,-0.018392,1.056663e-08,4.596743e-09,0.0531,0.0163,329
14,features.16,443,active,0.279292,2.873018e-08,4.329725e-07,0.1621,0.7207,329
14,features.16,444,pruned_before,nan,0.000000e+00,0.000000e+00,0.0000,0.0000,0
14,features.16,445,pruned_before,nan,0.000000e+00,0.000000e+00,0.0000,0.0000,0
14,features.16,446,active,0.348093,1.727814e-08,5.614188e-07,0.0913,0.7875,329
14,features.16,447,active,-0.118529,1.006153e-07,4.280681e-08,0.4183,0.1812,329
14,features.16,448,active,-0.072207,9.137282e-08,7.836331e-08,0.3978,0.2534,329
14,features.16,449,active,-0.002725,2.435695e-08,2.301641e-08,0.1349,0.1294,329
14,features.16,450,active,-0.238420,7.933037e-07,1.716349e-07,0.8856,0.4087,329
14,features.16,451,active,0.174387,3.478203e-09,1.389224e-07,0.0068,0.3556,329
14,features.16,452,active,0.047684,5.757581e-08,1.574858e-07,0.2902,0.3856,329
14,features.16,453,active,-0.217984,3.529846e-07,1.161460e-07,0.7534,0.3174,329
14,features.16,454,active,-0.016349,2.452842e-07,3.130631e-07,0.6485,0.6158,329
14,features.16,455,active,0.189373,5.015507e-08,3.389015e-07,0.2629,0.6417,329
14,features.16,456,active,-0.136921,1.697720e-07,1.036917e-07,0.5668,0.2929,329
14,features.16,457,active,-0.054496,3.774716e-07,3.493994e-07,0.7670,0.6580,329
14,features.16,458,active,-0.117166,1.034024e-07,4.662350e-08,0.4319,0.1975,329
14,features.16,459,active,0.003406,1.721648e-08,1.742369e-08,0.0886,0.0954,329
14,features.16,460,active,-0.129428,1.798797e-06,4.300389e-07,0.9768,0.7180,329
14,features.16,461,active,0.079019,2.542510e-07,6.607049e-07,0.6580,0.8161,329
14,features.16,462,active,0.107629,1.987917e-07,6.950160e-07,0.6076,0.8229,329
14,features.16,463,active,0.034060,5.734744e-09,1.766028e-08,0.0286,0.0967,329
14,features.16,464,active,0.249319,5.843401e-08,5.822526e-07,0.2970,0.7956,329
14,features.16,465,active,0.055858,1.804581e-07,3.900769e-07,0.5845,0.6962,329
14,features.16,466,active,-0.128065,1.501064e-07,9.121842e-08,0.5272,0.2711,329
14,features.16,467,active,0.207766,1.150149e-07,9.734183e-07,0.4564,0.8719,329
14,features.16,468,active,-0.015668,5.267228e-08,6.645917e-08,0.2684,0.2371,329
14,features.16,469,active,-0.065395,4.108372e-07,3.527528e-07,0.7929,0.6621,329
14,features.16,470,pruned_before,nan,0.000000e+00,0.000000e+00,0.0000,0.0000,0
14,features.16,471,pruned_before,nan,0.000000e+00,0.000000e+00,0.0000,0.0000,0
14,features.16,472,active,0.098774,8.195727e-08,2.799022e-07,0.3801,0.5777,329
14,features.16,473,active,0.119210,6.902248e-08,2.864194e-07,0.3447,0.5831,329
14,features.16,474,active,-0.209809,1.507025e-06,2.553352e-07,0.9619,0.5422,329
14,features.16,475,active,0.229564,1.011378e-07,1.147161e-06,0.4251,0.8842,329
14,features.16,476,active,-0.071526,8.974277e-07,5.158847e-07,0.9087,0.7657,329
14,features.16,477,active,-0.165531,7.511139e-07,2.571518e-07,0.8815,0.5504,329
14,features.16,478,active,0.139646,1.641899e-07,7.712291e-07,0.5531,0.8324,329
14,features.16,479,active,0.136240,1.782486e-08,1.482097e-07,0.0967,0.3692,329
14,features.16,480,active,0.232970,3.520658e-08,3.631350e-07,0.2057,0.6717,329
14,features.16,481,active,0.023161,5.149870e-08,1.147639e-07,0.2657,0.3120,329
14,features.16,482,pruned_before,nan,0.000000e+00,0.000000e+00,0.0000,0.0000,0
14,features.16,483,active,-0.007493,2.339781e-08,2.044245e-08,0.1294,0.1144,329
14,features.16,484,pruned_before,nan,0.000000e+00,0.000000e+00,0.0000,0.0000,0
14,features.16,485,active,-0.123297,1.644533e-06,4.335524e-07,0.9687,0.7221,329
14,features.16,486,active,-0.160763,2.284169e-07,1.139438e-07,0.6322,0.3106,329
14,features.16,487,active,-0.102180,7.474546e-08,3.162915e-08,0.3651,0.1608,329
14,features.16,488,active,-0.185286,4.092785e-07,1.754255e-07,0.7902,0.4196,329
14,features.16,489,active,-0.010218,4.746102e-07,6.133521e-07,0.8202,0.7997,329
14,features.16,490,pruned_before,nan,0.000000e+00,0.000000e+00,0.0000,0.0000,0
14,features.16,491,pruned_before,nan,0.000000e+00,0.000000e+00,0.0000,0.0000,0
14,features.16,492,active,-0.145095,7.125217e-08,1.138808e-08,0.3501,0.0599,329
14,features.16,493,active,-0.107629,2.117318e-07,1.708014e-07,0.6199,0.4046,329
14,features.16,494,active,-0.137602,1.066328e-06,3.447909e-07,0.9251,0.6499,329
14,features.16,495,active,-0.208447,1.852461e-07,3.763265e-08,0.5886,0.1717,329
14,features.16,496,pruned_before,nan,0.000000e+00,0.000000e+00,0.0000,0.0000,0
14,features.16,497,active,-0.227520,4.370942e-07,1.322535e-07,0.7997,0.3447,329
14,features.16,498,active,0.013624,9.455547e-08,1.806801e-07,0.4019,0.4292,329
14,features.16,499,active,-0.138283,1.972276e-06,4.027376e-07,0.9823,0.7057,329
14,features.16,500,active,0.204360,2.819702e-08,2.738657e-07,0.1594,0.5681,329
14,features.16,501,pruned_before,nan,0.000000e+00,0.000000e+00,0.0000,0.0000,0
14,features.16,502,pruned_before,nan,0.000000e+00,0.000000e+00,0.0000,0.0000,0
14,features.16,503,active,-0.118529,1.598067e-07,1.122480e-07,0.5450,0.3079,329
14,features.16,504,pruned_before,nan,0.000000e+00,0.000000e+00,0.0000,0.0000,0
14,features.16,505,active,-0.235695,2.172993e-06,2.350128e-07,0.9891,0.5177,329
14,features.16,506,active,-0.117166,8.995244e-07,3.671223e-07,0.9101,0.6757,329
14,features.16,507,pruned_before,nan,0.000000e+00,0.000000e+00,0.0000,0.0000,0
14,features.16,508,active,-0.091962,5.166854e-08,1.503006e-08,0.2670,0.0831,329
14,features.16,509,active,0.256812,7.604406e-08,1.090000e-06,0.3692,0.8828,329
14,features.16,510,active,-0.115804,2.097143e-06,5.061643e-07,0.9877,0.7561,329
14,features.16,511,pruned_before,nan,0.000000e+00,0.000000e+00,0.0000,0.0000,0
14,features.16,512,active,-0.000681,1.289115e-06,2.116607e-06,0.9523,0.9510,329
14,features.16,513,active,0.006812,1.515193e-07,2.562532e-07,0.5313,0.5450,329
14,features.16,514,pruned_before,nan,0.000000e+00,0.000000e+00,0.0000,0.0000,0
14,features.16,515,active,0.023161,7.403164e-08,1.708910e-07,0.3597,0.4060,329
14,features.16,516,active,0.232970,4.437010e-08,4.052977e-07,0.2411,0.7071,329
14,features.16,517,active,-0.085150,1.073723e-06,5.091097e-07,0.9292,0.7589,329
14,features.16,518,active,0.003406,3.153515e-07,4.400939e-07,0.7180,0.7248,329
14,features.16,519,active,-0.078338,1.839972e-07,1.810372e-07,0.5872,0.4305,329
14,features.16,520,active,-0.175749,3.951953e-07,1.778099e-07,0.7738,0.4223,329
14,features.16,521,active,-0.181199,2.150681e-07,8.466228e-08,0.6226,0.2602,329
14,features.16,522,active,-0.068120,3.091763e-07,2.786915e-07,0.7112,0.5749,329
14,features.16,523,pruned_before,nan,0.000000e+00,0.000000e+00,0.0000,0.0000,0
14,features.16,524,active,0.065395,4.006213e-07,1.486456e-06,0.7793,0.9101,329
14,features.16,525,pruned_now,-0.258856,2.950953e-07,4.295698e-08,0.7003,0.1826,329
14,features.16,526,pruned_before,nan,0.000000e+00,0.000000e+00,0.0000,0.0000,0
14,features.16,527,pruned_before,nan,0.000000e+00,0.000000e+00,0.0000,0.0000,0
14,features.16,528,active,0.126022,1.933399e-07,8.787945e-07,0.5995,0.8515,329
14,features.16,529,active,-0.053815,4.089061e-07,3.744884e-07,0.7875,0.6798,329
14,features.16,530,pruned_before,nan,0.000000e+00,0.000000e+00,0.0000,0.0000,0
14,features.16,531,active,-0.123978,9.746005e-08,3.284975e-08,0.4114,0.1635,329
14,features.16,532,active,-0.096049,1.480093e-06,5.195968e-07,0.9605,0.7684,329
14,features.16,533,active,-0.148501,2.625455e-07,1.449954e-07,0.6635,0.3665,329
14,features.16,534,active,-0.169619,2.067452e-07,9.424573e-08,0.6158,0.2766,329
14,features.16,535,active,-0.097411,1.339510e-07,1.087111e-07,0.4986,0.3038,329
14,features.16,536,pruned_before,nan,0.000000e+00,0.000000e+00,0.0000,0.0000,0
14,features.16,537,active,-0.041553,1.876511e-07,2.298738e-07,0.5913,0.5082,329
14,features.16,538,active,0.125341,2.645016e-07,1.556557e-06,0.6662,0.9169,329
14,features.16,539,active,-0.076975,1.342656e-07,1.328321e-07,0.5000,0.3460,329
14,features.16,540,active,-0.184605,3.635854e-07,1.592726e-07,0.7561,0.3869,329
14,features.16,541,active,0.029973,2.729656e-07,4.797847e-07,0.6785,0.7384,329
14,features.16,542,active,0.279973,6.698072e-08,1.272720e-06,0.3365,0.8965,329
14,features.16,543,active,0.130109,6.159594e-08,2.759632e-07,0.3106,0.5708,329
14,features.16,544,active,-0.087875,5.948042e-07,3.710356e-07,0.8529,0.6771,329
14,features.16,545,active,0.333106,1.559893e-08,5.009597e-07,0.0845,0.7507,329
14,features.16,546,pruned_before,nan,0.000000e+00,0.000000e+00,0.0000,0.0000,0
14,features.16,547,active,0.061989,1.468334e-08,5.075155e-08,0.0804,0.2044,329
14,features.16,548,active,0.307902,5.724908e-08,1.376216e-06,0.2875,0.9033,329
14,features.16,549,active,-0.213215,5.941910e-07,1.791314e-07,0.8515,0.4251,329
14,features.16,550,active,-0.168256,1.189977e-07,2.294048e-08,0.4646,0.1281,329
14,features.16,551,pruned_before,nan,0.000000e+00,0.000000e+00,0.0000,0.0000,0
14,features.16,552,active,-0.068801,9.643701e-08,8.981174e-08,0.4060,0.2684,329
14,features.16,553,active,-0.188011,2.576800e-07,1.000266e-07,0.6621,0.2861,329
14,features.16,554,active,0.012943,4.450655e-09,7.534595e-09,0.0150,0.0409,329
14,features.16,555,active,-0.148501,1.614961e-06,3.631272e-07,0.9673,0.6703,329
14,features.16,556,active,-0.141008,7.810715e-07,3.080891e-07,0.8842,0.6022,329
14,features.16,557,active,-0.173025,1.219667e-06,3.070167e-07,0.9455,0.5995,329
14,features.16,558,pruned_before,nan,0.000000e+00,0.000000e+00,0.0000,0.0000,0
14,features.16,559,active,0.105586,8.845231e-08,3.093002e-07,0.3937,0.6049,329
14,features.16,560,active,-0.060627,3.428769e-08,1.498723e-08,0.2030,0.0817,329
14,features.16,561,active,-0.149183,6.426815e-08,5.682480e-09,0.3202,0.0218,329
14,features.16,562,pruned_before,nan,0.000000e+00,0.000000e+00,0.0000,0.0000,0
14,features.16,563,active,-0.072888,3.323598e-08,8.513855e-09,0.1962,0.0504,329
14,features.16,564,active,0.393733,1.908720e-08,1.251408e-06,0.1035,0.8910,329
14,features.16,565,pruned_before,nan,0.000000e+00,0.000000e+00,0.0000,0.0000,0
14,features.16,566,active,-0.076975,2.857723e-07,2.520736e-07,0.6921,0.5381,329
14,features.16,567,active,0.132153,4.080199e-08,2.188059e-07,0.2316,0.4959,329
14,features.16,568,active,-0.117166,3.754014e-07,2.457843e-07,0.7629,0.5286,329
14,features.16,569,active,-0.145777,2.855662e-07,1.662452e-07,0.6907,0.3992,329
14,features.16,570,active,0.288147,3.576134e-08,5.651104e-07,0.2139,0.7902,329
14,features.16,571,active,-0.052452,4.039305e-07,3.724834e-07,0.7834,0.6785,329
14,features.16,572,active,0.060627,3.326133e-07,9.183549e-07,0.7357,0.8569,329
14,features.16,573,active,0.244550,3.392555e-08,3.834727e-07,0.2016,0.6907,329
14,features.16,574,pruned_before,nan,0.000000e+00,0.000000e+00,0.0000,0.0000,0
14,features.16,575,pruned_before,nan,0.000000e+00,0.000000e+00,0.0000,0.0000,0
14,features.16,576,active,-0.143733,1.761135e-07,1.005977e-07,0.5763,0.2888,329
14,features.16,577,active,-0.053134,6.631987e-08,6.107796e-08,0.3324,0.2262,329
14,features.16,578,pruned_before,nan,0.000000e+00,0.000000e+00,0.0000,0.0000,0
14,features.16,579,active,0.029973,1.936566e-07,3.538863e-07,0.6035,0.6635,329
14,features.16,580,active,0.088556,2.172895e-07,6.240945e-07,0.6253,0.8025,329
14,features.16,581,active,-0.158719,1.571466e-07,6.076003e-08,0.5409,0.2234,329
14,features.16,582,active,0.185967,9.740677e-08,5.425204e-07,0.4101,0.7820,329
14,features.16,583,pruned_now,-0.349455,4.099612e-07,1.686131e-08,0.7916,0.0926,329
14,features.16,584,active,-0.098774,4.624570e-08,8.930814e-09,0.2493,0.0518,329
14,features.16,585,active,-0.135559,1.139222e-07,4.217273e-08,0.4510,0.1798,329
14,features.16,586,active,0.023161,2.650975e-08,4.513665e-08,0.1471,0.1935,329
14,features.16,587,active,-0.132834,1.091944e-06,3.580200e-07,0.9319,0.6662,329
14,features.16,588,active,-0.157357,1.728376e-06,3.474064e-07,0.9714,0.6567,329
14,features.16,589,active,0.294278,1.755491e-08,3.814108e-07,0.0954,0.6839,329
14,features.16,590,active,0.081744,7.676109e-08,2.503523e-07,0.3706,0.5341,329
14,features.16,591,active,-0.043597,1.845123e-08,3.076445e-09,0.0981,0.0109,329
14,features.16,592,pruned_before,nan,0.000000e+00,0.000000e+00,0.0000,0.0000,0
14,features.16,593,active,0.013624,3.136145e-08,5.107941e-08,0.1798,0.2071,329
14,features.16,594,active,-0.059946,1.722747e-07,1.929262e-07,0.5722,0.4523,329
14,features.16,595,active,0.057221,1.533574e-07,3.425052e-07,0.5341,0.6485,329
14,features.16,596,active,0.139646,4.693726e-09,1.058935e-07,0.0191,0.2984,329
14,features.16,597,active,0.258174,4.078265e-08,4.995076e-07,0.2302,0.7466,329
14,features.16,598,active,-0.034060,1.031287e-07,1.412271e-07,0.4305,0.3624,329
14,features.16,599,active,-0.060627,3.728859e-07,3.346727e-07,0.7602,0.6390,329
14,features.16,600,active,-0.108992,6.639751e-07,3.453310e-07,0.8706,0.6526,329
14,features.16,601,active,-0.027248,7.601603e-07,7.529538e-07,0.8828,0.8283,329
14,features.16,602,pruned_before,nan,0.000000e+00,0.000000e+00,0.0000,0.0000,0
14,features.16,603,active,0.004087,4.686972e-09,6.008705e-09,0.0177,0.0259,329
14,features.16,604,pruned_before,nan,0.000000e+00,0.000000e+00,0.0000,0.0000,0
14,features.16,605,pruned_before,nan,0.000000e+00,0.000000e+00,0.0000,0.0000,0
14,features.16,606,active,-0.117166,3.493203e-07,2.338871e-07,0.7507,0.5163,329
14,features.16,607,active,0.158719,2.320329e-07,2.291777e-06,0.6349,0.9523,329
14,features.16,608,active,-0.071526,8.280539e-08,6.677595e-08,0.3815,0.2384,329
14,features.16,609,active,-0.194142,7.203007e-07,2.133778e-07,0.8760,0.4877,329
14,features.16,610,active,-0.124659,3.302929e-07,2.111757e-07,0.7330,0.4837,329
14,features.16,611,active,-0.219346,1.398598e-06,2.367149e-07,0.9578,0.5191,329
14,features.16,612,active,0.294959,3.055154e-08,5.124904e-07,0.1744,0.7643,329
14,features.16,613,active,0.037466,1.113008e-07,2.382029e-07,0.4455,0.5204,329
14,features.16,614,active,0.021117,6.582116e-09,1.393981e-08,0.0341,0.0763,329
14,features.16,615,active,0.072888,1.006036e-07,2.650369e-07,0.4169,0.5627,329
14,features.16,616,pruned_before,nan,0.000000e+00,0.000000e+00,0.0000,0.0000,0
14,features.16,617,active,-0.112398,4.038320e-07,2.614813e-07,0.7807,0.5559,329
14,features.16,618,pruned_before,nan,0.000000e+00,0.000000e+00,0.0000,0.0000,0
14,features.16,619,active,0.018392,6.808673e-08,1.517889e-07,0.3420,0.3787,329
14,features.16,620,active,0.299727,3.114117e-08,5.337534e-07,0.1771,0.7766,329
14,features.16,621,active,0.006131,4.662631e-09,6.228680e-09,0.0163,0.0286,329
14,features.16,622,active,0.021117,1.892090e-08,2.576776e-08,0.1008,0.1431,329
14,features.16,623,active,-0.168256,3.253309e-07,1.604990e-07,0.7262,0.3896,329
14,features.16,624,active,0.289510,1.901605e-08,3.781277e-07,0.1022,0.6812,329
14,features.16,625,active,-0.240463,1.717488e-07,1.660711e-08,0.5708,0.0899,329
14,features.16,626,active,0.095368,8.775971e-09,6.430893e-08,0.0436,0.2343,329
14,features.16,627,pruned_before,nan,0.000000e+00,0.000000e+00,0.0000,0.0000,0
14,features.16,628,active,0.202997,1.471581e-07,1.735580e-06,0.5204,0.9264,329
14,features.16,629,pruned_before,nan,0.000000e+00,0.000000e+00,0.0000,0.0000,0
14,features.16,630,active,0.003406,1.233118e-07,2.109021e-07,0.4741,0.4809,329
14,features.16,631,active,0.241144,4.785025e-08,4.680886e-07,0.2534,0.7357,329
14,features.16,632,pruned_before,nan,0.000000e+00,0.000000e+00,0.0000,0.0000,0
14,features.16,633,active,0.024523,2.133402e-08,3.557352e-08,0.1172,0.1662,329
14,features.16,634,active,0.277248,8.404723e-08,1.917039e-06,0.3856,0.9401,329
14,features.16,635,active,-0.010218,1.032131e-08,6.383902e-09,0.0518,0.0313,329
14,features.16,636,active,0.045640,1.714541e-07,3.511183e-07,0.5695,0.6608,329
14,features.16,637,active,-0.010218,3.863104e-08,4.969701e-08,0.2234,0.2030,329
14,features.16,638,active,0.036785,5.875907e-08,1.498636e-07,0.2997,0.3733,329
14,features.16,639,active,-0.100817,1.357795e-07,1.062538e-07,0.5014,0.2997,329
14,features.16,640,active,-0.190054,7.479076e-07,2.231395e-07,0.8801,0.5000,329
14,features.16,641,active,-0.147139,7.455761e-07,2.874559e-07,0.8787,0.5845,329
14,features.16,642,active,0.027248,3.685944e-07,6.474928e-07,0.7575,0.8120,329
14,features.16,643,active,0.344687,1.312552e-08,5.112014e-07,0.0708,0.7602,329
14,features.16,644,active,0.243869,5.893795e-08,5.650410e-07,0.3011,0.7888,329
14,features.16,645,pruned_now,-0.286785,1.130227e-06,1.434025e-07,0.9387,0.3651,329
14,features.16,646,active,0.061308,1.451382e-07,3.385127e-07,0.5177,0.6403,329
14,features.16,647,active,0.019755,3.598259e-09,8.345802e-09,0.0082,0.0477,329
14,features.16,648,active,-0.009537,5.687243e-08,8.761610e-08,0.2847,0.2657,329
14,features.16,649,pruned_before,nan,0.000000e+00,0.000000e+00,0.0000,0.0000,0
14,features.16,650,active,0.070163,2.967367e-07,8.106747e-07,0.7016,0.8420,329
14,features.16,651,active,-0.160763,1.643847e-07,6.399934e-08,0.5545,0.2330,329
14,features.16,652,active,0.089237,3.032375e-08,1.354816e-07,0.1717,0.3501,329
14,features.16,653,pruned_before,nan,0.000000e+00,0.000000e+00,0.0000,0.0000,0
14,features.16,654,active,0.338556,2.570087e-08,6.545504e-07,0.1376,0.8147,329
14,features.16,655,pruned_before,nan,0.000000e+00,0.000000e+00,0.0000,0.0000,0
14,features.16,656,pruned_before,nan,0.000000e+00,0.000000e+00,0.0000,0.0000,0
14,features.16,657,active,0.307902,3.120832e-08,5.810153e-07,0.1785,0.7943,329
14,features.16,658,active,-0.081744,6.765016e-08,4.162907e-08,0.3392,0.1757,329
14,features.16,659,active,-0.023161,1.563674e-08,7.299178e-09,0.0858,0.0395,329
14,features.16,660,active,-0.039510,3.465166e-07,3.618592e-07,0.7480,0.6689,329
14,features.16,661,active,0.074251,3.399733e-07,1.253722e-06,0.7439,0.8924,329
14,features.16,662,pruned_before,nan,0.000000e+00,0.000000e+00,0.0000,0.0000,0
14,features.16,663,active,0.042916,4.298972e-09,1.794102e-08,0.0136,0.0995,329
14,features.16,664,active,0.060627,4.512111e-07,1.835023e-06,0.8106,0.9319,329
14,features.16,665,pruned_before,nan,0.000000e+00,0.000000e+00,0.0000,0.0000,0
14,features.16,666,active,0.020436,1.951289e-08,2.723964e-08,0.1063,0.1471,329
14,features.16,667,active,-0.211172,1.772247e-07,2.983419e-08,0.5790,0.1567,329
14,features.16,668,active,-0.000681,3.600245e-08,5.436670e-08,0.2153,0.2139,329
14,features.16,669,active,0.078338,1.879486e-07,5.009473e-07,0.5926,0.7493,329
14,features.16,670,active,-0.077657,4.420489e-07,3.424793e-07,0.8025,0.6471,329
14,features.16,671,active,0.060627,5.288532e-08,1.608974e-07,0.2698,0.3910,329
14,features.16,672,pruned_before,nan,0.000000e+00,0.000000e+00,0.0000,0.0000,0
14,features.16,673,active,0.357629,1.113230e-08,5.312032e-07,0.0599,0.7752,329
14,features.16,674,active,0.147139,5.338453e-08,2.716529e-07,0.2711,0.5654,329
14,features.16,675,active,-0.198910,6.071444e-07,1.959017e-07,0.8583,0.4605,329
14,features.16,676,pruned_before,nan,0.000000e+00,0.000000e+00,0.0000,0.0000,0
14,features.16,677,active,-0.032016,2.875586e-07,3.248387e-07,0.6935,0.6294,329
14,features.16,678,active,-0.128747,8.727437e-07,3.411093e-07,0.9005,0.6431,329
14,features.16,679,active,-0.079700,1.687507e-07,1.682108e-07,0.5599,0.4005,329
14,features.16,680,pruned_before,nan,0.000000e+00,0.000000e+00,0.0000,0.0000,0
14,features.16,681,pruned_before,nan,0.000000e+00,0.000000e+00,0.0000,0.0000,0
14,features.16,682,active,0.072888,1.008955e-07,2.756587e-07,0.4237,0.5695,329
14,features.16,683,active,-0.030654,8.049731e-08,1.159051e-07,0.3774,0.3161,329
14,features.16,684,active,-0.062670,2.385484e-06,9.655229e-07,0.9932,0.8678,329
14,features.16,685,active,0.177793,3.301476e-08,2.569324e-07,0.1935,0.5490,329
14,features.16,686,active,0.239782,6.109475e-09,2.310039e-07,0.0313,0.5109,329
14,features.16,687,active,-0.113079,5.059663e-07,3.091330e-07,0.8297,0.6035,329
14,features.16,688,active,-0.121935,1.730134e-07,1.209039e-07,0.5736,0.3297,329
14,features.16,689,active,0.002044,8.910672e-07,1.492184e-06,0.9074,0.9114,329
14,features.16,690,active,-0.202997,2.107275e-07,5.247439e-08,0.6172,0.2112,329
14,features.16,691,active,-0.017711,4.491645e-07,5.289359e-07,0.8093,0.7738,329
14,features.16,692,active,0.108992,2.656782e-07,1.153384e-06,0.6676,0.8856,329
14,features.16,693,active,-0.017711,1.474787e-07,2.119810e-07,0.5218,0.4864,329
14,features.16,694,active,-0.008174,2.282597e-07,3.118806e-07,0.6294,0.6131,329
14,features.16,695,pruned_before,nan,0.000000e+00,0.000000e+00,0.0000,0.0000,0
14,features.16,696,active,-0.096730,2.422572e-07,1.934216e-07,0.6471,0.4537,329
14,features.16,697,active,-0.205722,1.158012e-06,2.462018e-07,0.9414,0.5300,329
14,features.16,698,pruned_before,nan,0.000000e+00,0.000000e+00,0.0000,0.0000,0
14,features.16,699,active,-0.199591,8.778990e-07,2.272520e-07,0.9033,0.5041,329
14,features.16,700,pruned_before,nan,0.000000e+00,0.000000e+00,0.0000,0.0000,0
14,features.16,701,active,-0.023161,3.006447e-08,2.218667e-08,0.1689,0.1226,329
14,features.16,702,active,0.306540,3.532714e-08,6.855861e-07,0.2071,0.8202,329
14,features.16,703,active,-0.019755,3.831559e-07,4.521557e-07,0.7684,0.7289,329
14,features.16,704,active,0.108992,2.726150e-07,1.258076e-06,0.6757,0.8937,329
14,features.16,705,active,0.164850,2.111585e-07,2.058440e-06,0.6185,0.9482,329
14,features.16,706,active,-0.173706,1.769849e-07,6.202094e-08,0.5777,0.2302,329
14,features.16,707,active,0.005450,3.633858e-09,5.609057e-09,0.0095,0.0204,329
14,features.16,708,active,0.049046,6.252209e-07,2.650687e-06,0.8624,0.9605,329
14,features.16,709,active,-0.143733,3.016657e-06,4.145938e-07,0.9973,0.7098,329
14,features.16,710,active,0.115804,2.999231e-07,1.886837e-06,0.7044,0.9360,329
14,features.16,711,pruned_now,-0.251362,5.540296e-07,1.309772e-07,0.8433,0.3406,329
14,features.16,712,active,0.113760,2.300158e-07,9.278562e-07,0.6335,0.8610,329
14,features.16,713,active,0.014986,6.493069e-07,1.301756e-06,0.8678,0.8978,329
14,features.16,714,active,-0.100136,3.733612e-07,2.641854e-07,0.7616,0.5613,329
14,features.16,715,pruned_before,nan,0.000000e+00,0.000000e+00,0.0000,0.0000,0
14,features.16,716,pruned_before,nan,0.000000e+00,0.000000e+00,0.0000,0.0000,0
14,features.16,717,active,0.049728,4.783872e-08,1.357574e-07,0.2520,0.3515,329
14,features.16,718,active,-0.029973,6.278169e-08,7.885296e-08,0.3147,0.2548,329
14,features.16,719,active,-0.028610,1.835448e-06,1.647868e-06,0.9782,0.9210,329
14,features.16,720,active,0.200954,2.221964e-08,2.453357e-07,0.1253,0.5272,329
14,features.16,721,active,-0.197548,3.363984e-07,1.312690e-07,0.7384,0.3433,329
14,features.16,722,pruned_before,nan,0.000000e+00,0.000000e+00,0.0000,0.0000,0
14,features.16,723,protected,0.183242,2.283668e-07,2.421463e-05,0.6308,0.9973,329
14,features.16,724,pruned_before,nan,0.000000e+00,0.000000e+00,0.0000,0.0000,0
14,features.16,725,active,0.358311,4.240279e-08,2.345464e-06,0.2384,0.9550,329
14,features.16,726,active,0.067439,2.996205e-08,1.079631e-07,0.1676,0.3025,329
14,features.16,727,pruned_before,nan,0.000000e+00,0.000000e+00,0.0000,0.0000,0
14,features.16,728,active,-0.076294,1.249524e-07,1.213561e-07,0.4837,0.3311,329
14,features.16,729,active,-0.023161,3.475322e-07,3.988019e-07,0.7493,0.7030,329
14,features.16,730,pruned_before,nan,0.000000e+00,0.000000e+00,0.0000,0.0000,0
14,features.16,731,active,-0.093324,7.998446e-08,4.421918e-08,0.3760,0.1894,329
14,features.16,732,pruned_now,-0.292234,6.055290e-07,9.309527e-08,0.8569,0.2725,329
14,features.16,733,active,-0.160082,2.412736e-07,1.184359e-07,0.6444,0.3243,329
14,features.16,734,pruned_before,nan,0.000000e+00,0.000000e+00,0.0000,0.0000,0
14,features.16,735,active,0.212534,1.377714e-07,1.799714e-06,0.5041,0.9292,329
14,features.16,736,active,-0.217984,1.538683e-07,1.813657e-08,0.5368,0.1008,329
14,features.16,737,active,0.138283,1.518504e-07,6.437920e-07,0.5327,0.8093,329
14,features.16,738,active,-0.045640,1.243779e-07,1.599077e-07,0.4796,0.3883,329
14,features.16,739,pruned_before,nan,0.000000e+00,0.000000e+00,0.0000,0.0000,0
14,features.16,740,active,-0.113079,7.823448e-08,2.755233e-08,0.3747,0.1485,329
14,features.16,741,pruned_before,nan,0.000000e+00,0.000000e+00,0.0000,0.0000,0
14,features.16,742,pruned_now,-0.284741,5.233264e-07,8.808265e-08,0.8365,0.2670,329
14,features.16,743,active,-0.147139,1.129362e-07,2.908020e-08,0.4496,0.1553,329
14,features.16,744,active,-0.022480,1.991671e-07,2.695982e-07,0.6090,0.5640,329
14,features.16,745,active,0.212534,1.086966e-07,9.465289e-07,0.4401,0.8651,329
14,features.16,746,pruned_before,nan,0.000000e+00,0.000000e+00,0.0000,0.0000,0
14,features.16,747,active,0.200954,1.262941e-07,1.178901e-06,0.4850,0.8869,329
14,features.16,748,active,0.023161,1.055984e-06,3.410248e-06,0.9237,0.9700,329
14,features.16,749,active,-0.098093,8.302867e-08,4.404037e-08,0.3828,0.1866,329
14,features.16,750,active,-0.030654,2.472484e-07,2.922429e-07,0.6499,0.5886,329
14,features.16,751,active,0.142371,1.578283e-07,7.463429e-07,0.5422,0.8270,329
14,features.16,752,active,0.030654,3.153490e-07,5.378788e-07,0.7166,0.7779,329
14,features.16,753,pruned_before,nan,0.000000e+00,0.000000e+00,0.0000,0.0000,0
14,features.16,754,active,0.064033,3.496228e-07,1.053344e-06,0.7520,0.8801,329
14,features.16,755,active,-0.133515,2.628269e-07,1.655929e-07,0.6649,0.3978,329
14,features.16,756,active,-0.021117,1.011051e-06,1.047761e-06,0.9210,0.8787,329
14,features.16,757,active,0.398501,1.400961e-08,9.705931e-07,0.0722,0.8692,329
14,features.16,758,active,0.162125,3.259040e-08,2.316527e-07,0.1880,0.5123,329
14,features.16,759,pruned_before,nan,0.000000e+00,0.000000e+00,0.0000,0.0000,0
14,features.16,760,pruned_before,nan,0.000000e+00,0.000000e+00,0.0000,0.0000,0
14,features.16,761,active,-0.129428,1.477611e-07,8.518212e-08,0.5232,0.2643,329
14,features.16,762,pruned_before,nan,0.000000e+00,0.000000e+00,0.0000,0.0000,0
14,features.16,763,active,-0.096730,2.063262e-06,5.700671e-07,0.9850,0.7916,329
14,features.16,764,active,0.303133,8.152087e-08,4.984556e-06,0.3787,0.9850,329
14,features.16,765,active,-0.014305,1.802249e-07,2.602374e-07,0.5831,0.5545,329
14,features.16,766,active,0.252044,6.464856e-09,2.516397e-07,0.0327,0.5368,329
14,features.16,767,active,-0.144414,4.421148e-07,2.328946e-07,0.8038,0.5150,329
14,features.16,768,active,-0.126022,1.618073e-07,1.053501e-07,0.5477,0.2956,329
14,features.16,769,active,0.023842,8.343196e-08,1.822359e-07,0.3842,0.4319,329
14,features.16,770,active,-0.135559,3.101813e-07,1.874994e-07,0.7125,0.4414,329
14,features.16,771,active,-0.209128,6.122720e-07,1.877833e-07,0.8610,0.4428,329
14,features.16,772,active,-0.000681,6.985534e-09,6.825571e-09,0.0381,0.0368,329
14,features.16,773,active,-0.149864,1.266135e-07,4.414548e-08,0.4877,0.1880,329
14,features.16,774,active,-0.175068,2.361936e-07,1.001571e-07,0.6376,0.2875,329
14,features.16,775,active,-0.104905,3.032163e-07,2.198305e-07,0.7071,0.4973,329
14,features.16,776,active,-0.121253,2.836743e-07,1.889647e-07,0.6866,0.4441,329
14,features.16,777,active,-0.012943,8.856547e-09,5.541414e-09,0.0450,0.0191,329
14,features.16,778,pruned_before,nan,0.000000e+00,0.000000e+00,0.0000,0.0000,0
14,features.16,779,active,-0.035422,3.538257e-08,2.473735e-08,0.2084,0.1376,329
14,features.16,780,active,0.055177,5.971067e-07,2.955060e-06,0.8542,0.9646,329
14,features.16,781,active,-0.002725,3.428998e-07,4.886815e-07,0.7466,0.7411,329
14,features.16,782,active,0.205041,1.684172e-07,3.301610e-06,0.5586,0.9687,329
14,features.16,783,active,-0.027929,5.503957e-07,5.515865e-07,0.8406,0.7847,329
14,features.16,784,active,0.205722,2.035443e-08,2.386024e-07,0.1104,0.5218,329
14,features.16,785,active,-0.029292,4.552092e-08,4.320462e-08,0.2425,0.1839,329
14,features.16,786,pruned_before,nan,0.000000e+00,0.000000e+00,0.0000,0.0000,0
14,features.16,787,active,0.215940,1.606565e-07,4.358562e-06,0.5463,0.9782,329
14,features.16,788,pruned_before,nan,0.000000e+00,0.000000e+00,0.0000,0.0000,0
14,features.16,789,active,0.115804,5.393475e-08,2.286132e-07,0.2738,0.5054,329
14,features.16,790,pruned_before,nan,0.000000e+00,0.000000e+00,0.0000,0.0000,0
14,features.16,791,pruned_before,nan,0.000000e+00,0.000000e+00,0.0000,0.0000,0
14,features.16,792,active,0.164169,1.552364e-07,9.617427e-07,0.5381,0.8665,329
14,features.16,793,pruned_before,nan,0.000000e+00,0.000000e+00,0.0000,0.0000,0
14,features.16,794,active,0.126022,6.004225e-08,2.632655e-07,0.3065,0.5586,329
14,features.16,795,active,0.189373,1.012022e-07,6.329836e-07,0.4264,0.8052,329
14,features.16,796,active,-0.042916,2.179972e-08,6.559537e-09,0.1199,0.0341,329
14,features.16,797,pruned_before,nan,0.000000e+00,0.000000e+00,0.0000,0.0000,0
14,features.16,798,active,0.129428,2.392742e-07,1.363915e-06,0.6417,0.9005,329
14,features.16,799,active,0.350136,4.091708e-09,4.200658e-07,0.0109,0.7112,329
14,features.16,800,active,-0.185286,2.728456e-07,1.116742e-07,0.6771,0.3065,329
14,features.16,801,pruned_before,nan,0.000000e+00,0.000000e+00,0.0000,0.0000,0
14,features.16,802,active,-0.243188,8.778892e-07,1.744728e-07,0.9019,0.4155,329
14,features.16,803,active,0.036785,5.714474e-07,1.647289e-06,0.8460,0.9196,329
14,features.16,804,active,-0.089237,1.380689e-07,1.197383e-07,0.5054,0.3270,329
14,features.16,805,active,0.047003,7.818280e-08,2.050709e-07,0.3733,0.4673,329
14,features.16,806,pruned_before,nan,0.000000e+00,0.000000e+00,0.0000,0.0000,0
14,features.16,807,pruned_before,nan,0.000000e+00,0.000000e+00,0.0000,0.0000,0
14,features.16,808,active,-0.136240,1.075649e-07,3.459052e-08,0.4373,0.1649,329
14,features.16,809,active,0.305177,2.628062e-08,5.055189e-07,0.1431,0.7534,329
14,features.16,810,active,-0.230245,1.891780e-07,2.356133e-08,0.5954,0.1349,329
14,features.16,811,active,0.012262,2.693343e-07,3.949366e-07,0.6730,0.6975,329
14,features.16,812,active,-0.081744,9.048142e-07,4.997708e-07,0.9114,0.7480,329
14,features.16,813,active,-0.098093,4.225022e-07,3.070968e-07,0.7970,0.6008,329
14,features.16,814,active,0.000000,0.000000e+00,0.000000e+00,0.0000,0.0000,329
14,features.16,815,active,0.104905,1.383041e-07,4.289668e-07,0.5068,0.7166,329
14,features.16,816,pruned_before,nan,0.000000e+00,0.000000e+00,0.0000,0.0000,0
14,features.16,817,active,0.014986,1.090566e-08,1.606417e-08,0.0572,0.0872,329
14,features.16,818,pruned_before,nan,0.000000e+00,0.000000e+00,0.0000,0.0000,0
14,features.16,819,active,0.102861,1.641694e-07,5.090527e-07,0.5518,0.7575,329
14,features.16,820,pruned_before,nan,0.000000e+00,0.000000e+00,0.0000,0.0000,0
14,features.16,821,active,0.158038,4.207986e-08,2.602030e-07,0.2371,0.5531,329
14,features.16,822,pruned_before,nan,0.000000e+00,0.000000e+00,0.0000,0.0000,0
14,features.16,823,pruned_before,nan,0.000000e+00,0.000000e+00,0.0000,0.0000,0
14,features.16,824,pruned_before,nan,0.000000e+00,0.000000e+00,0.0000,0.0000,0
14,features.16,825,pruned_before,nan,0.000000e+00,0.000000e+00,0.0000,0.0000,0
14,features.16,826,active,0.102861,8.558537e-08,3.049014e-07,0.3910,0.5967,329
14,features.16,827,active,0.064033,3.980419e-08,1.364773e-07,0.2262,0.3542,329
14,features.16,828,active,-0.000681,6.995930e-09,6.906868e-09,0.0395,0.0381,329
14,features.16,829,pruned_before,nan,0.000000e+00,0.000000e+00,0.0000,0.0000,0
14,features.16,830,active,-0.145777,3.275067e-07,1.873297e-07,0.7302,0.4387,329
14,features.16,831,pruned_before,nan,0.000000e+00,0.000000e+00,0.0000,0.0000,0
14,features.16,832,active,0.227520,4.609349e-08,3.969233e-07,0.2466,0.7016,329
14,features.16,833,active,-0.014986,1.402281e-08,7.933539e-09,0.0736,0.0436,329
14,features.16,834,active,0.213215,1.623847e-07,4.181958e-06,0.5490,0.9755,329
14,features.16,835,active,-0.145777,2.035791e-07,1.173074e-07,0.6131,0.3215,329
14,features.16,836,active,0.251362,3.695952e-08,4.384380e-07,0.2207,0.7234,329
14,features.16,837,pruned_before,nan,0.000000e+00,0.000000e+00,0.0000,0.0000,0
14,features.16,838,active,-0.125341,5.106820e-07,2.858814e-07,0.8324,0.5817,329
14,features.16,839,pruned_before,nan,0.000000e+00,0.000000e+00,0.0000,0.0000,0
14,features.16,840,active,0.196866,1.484835e-07,1.578913e-06,0.5245,0.9183,329
14,features.16,841,active,0.250681,5.816474e-08,5.971140e-07,0.2956,0.7970,329
14,features.16,842,active,0.010899,4.073147e-07,6.341386e-07,0.7847,0.8065,329
14,features.16,843,active,0.285422,9.488459e-08,4.106607e-06,0.4033,0.9741,329
14,features.16,844,active,0.258174,1.088122e-07,2.490434e-06,0.4414,0.9578,329
14,features.16,845,active,0.064714,1.410740e-08,5.092689e-08,0.0763,0.2057,329
14,features.16,846,active,-0.027929,2.930540e-08,1.965351e-08,0.1649,0.1090,329
14,features.16,847,active,-0.204360,1.227478e-07,1.142839e-08,0.4714,0.0627,329
14,features.16,848,pruned_before,nan,0.000000e+00,0.000000e+00,0.0000,0.0000,0
14,features.16,849,active,-0.023842,2.254416e-08,1.437486e-08,0.1267,0.0790,329
14,features.16,850,pruned_before,nan,0.000000e+00,0.000000e+00,0.0000,0.0000,0
14,features.16,851,pruned_before,nan,0.000000e+00,0.000000e+00,0.0000,0.0000,0
14,features.16,852,active,-0.219346,2.895746e-07,8.333650e-08,0.6975,0.2589,329
14,features.16,853,active,-0.057902,3.235362e-07,3.105302e-07,0.7248,0.6090,329
14,features.16,854,pruned_before,nan,0.000000e+00,0.000000e+00,0.0000,0.0000,0
14,features.16,855,pruned_before,nan,0.000000e+00,0.000000e+00,0.0000,0.0000,0
14,features.16,856,active,0.222071,6.525066e-08,5.252114e-07,0.3270,0.7711,329
14,features.16,857,pruned_before,nan,0.000000e+00,0.000000e+00,0.0000,0.0000,0
14,features.16,858,active,-0.023842,1.726214e-08,7.832399e-09,0.0899,0.0422,329
14,features.16,859,pruned_before,nan,0.000000e+00,0.000000e+00,0.0000,0.0000,0
14,features.16,860,active,0.005450,2.002045e-08,2.135814e-08,0.1090,0.1199,329
14,features.16,861,active,0.157357,1.879619e-07,1.470839e-06,0.5940,0.9087,329
14,features.16,862,pruned_before,nan,0.000000e+00,0.000000e+00,0.0000,0.0000,0
14,features.16,863,active,-0.104223,2.540912e-07,1.908628e-07,0.6567,0.4482,329
14,features.16,864,active,0.335150,2.088913e-08,5.497696e-07,0.1131,0.7834,329
14,features.16,865,pruned_before,nan,0.000000e+00,0.000000e+00,0.0000,0.0000,0
14,features.16,866,active,-0.047003,1.372652e-06,9.327948e-07,0.9564,0.8624,329
14,features.16,867,active,0.027248,2.560917e-07,4.250441e-07,0.6594,0.7139,329
14,features.16,868,active,-0.130109,1.514306e-07,9.063044e-08,0.5300,0.2698,329
14,features.16,869,active,-0.076294,5.454072e-08,2.242010e-08,0.2779,0.1253,329
14,features.16,870,active,-0.020436,5.356881e-08,6.278855e-08,0.2725,0.2316,329
14,features.16,871,active,0.025886,5.479126e-09,1.367334e-08,0.0232,0.0749,329
14,features.16,872,active,-0.136921,1.248968e-07,5.109962e-08,0.4823,0.2084,329
14,features.16,873,active,-0.027248,2.776485e-08,1.816290e-08,0.1580,0.1035,329
14,features.16,874,pruned_before,nan,0.000000e+00,0.000000e+00,0.0000,0.0000,0
14,features.16,875,active,0.149183,3.163562e-08,2.108714e-07,0.1812,0.4796,329
14,features.16,876,active,-0.210490,2.370029e-07,5.650338e-08,0.6390,0.2180,329
14,features.16,877,active,-0.110354,3.082775e-07,2.136784e-07,0.7098,0.4891,329
14,features.16,878,pruned_before,nan,0.000000e+00,0.000000e+00,0.0000,0.0000,0
14,features.16,879,active,0.344005,4.898272e-08,2.028118e-06,0.2575,0.9455,329
14,features.16,880,pruned_before,nan,0.000000e+00,0.000000e+00,0.0000,0.0000,0
14,features.16,881,pruned_before,nan,0.000000e+00,0.000000e+00,0.0000,0.0000,0
14,features.16,882,pruned_before,nan,0.000000e+00,0.000000e+00,0.0000,0.0000,0
14,features.16,883,active,0.015668,1.406295e-08,1.829468e-08,0.0749,0.1063,329
14,features.16,884,active,-0.056540,5.049868e-07,4.281948e-07,0.8283,0.7153,329
14,features.16,885,active,-0.205041,7.984878e-07,2.087662e-07,0.8869,0.4768,329
14,features.16,886,pruned_before,nan,0.000000e+00,0.000000e+00,0.0000,0.0000,0
14,features.16,887,active,0.212534,1.007069e-07,8.475599e-07,0.4210,0.8460,329
14,features.16,888,active,0.241144,3.203130e-08,3.579705e-07,0.1826,0.6649,329
14,features.16,889,pruned_before,nan,0.000000e+00,0.000000e+00,0.0000,0.0000,0
14,features.16,890,pruned_before,nan,0.000000e+00,0.000000e+00,0.0000,0.0000,0
14,features.16,891,active,0.012262,2.312649e-08,2.892680e-08,0.1281,0.1526,329
14,features.16,892,active,0.209809,1.079712e-07,9.235066e-07,0.4387,0.8583,329
14,features.16,893,pruned_before,nan,0.000000e+00,0.000000e+00,0.0000,0.0000,0
14,features.16,894,active,0.180518,1.006278e-07,5.400580e-07,0.4196,0.7807,329
14,features.16,895,active,-0.087875,2.658583e-07,2.170913e-07,0.6689,0.4932,329
14,features.16,896,active,0.092643,1.193233e-08,7.326553e-08,0.0627,0.2480,329
14,features.16,897,active,0.213896,1.405107e-07,1.890155e-06,0.5095,0.9373,329
14,features.16,898,active,0.014305,6.955831e-09,1.199354e-08,0.0368,0.0654,329
14,features.16,899,pruned_before,nan,0.000000e+00,0.000000e+00,0.0000,0.0000,0
14,features.16,900,active,0.210490,1.695028e-07,5.164125e-06,0.5654,0.9864,329
14,features.16,901,active,-0.106948,2.095878e-06,5.273213e-07,0.9864,0.7725,329
14,features.16,902,active,-0.018392,8.466910e-09,2.001338e-09,0.0422,0.0054,329
14,features.16,903,active,0.200954,1.331836e-07,1.362674e-06,0.4973,0.8992,329
14,features.16,904,active,0.278610,5.872485e-08,9.149729e-07,0.2984,0.8556,329
14,features.16,905,active,0.050409,1.485371e-07,3.226438e-07,0.5259,0.6267,329
14,features.16,906,active,-0.102861,2.215679e-07,1.766040e-07,0.6267,0.4210,329
14,features.16,907,active,-0.066076,8.471089e-07,5.123634e-07,0.8951,0.7629,329
14,features.16,908,active,0.196185,2.379973e-08,2.397661e-07,0.1308,0.5232,329
14,features.16,909,active,0.070163,1.140118e-07,2.998534e-07,0.4523,0.5926,329
14,features.16,910,pruned_before,nan,0.000000e+00,0.000000e+00,0.0000,0.0000,0
14,features.16,911,active,-0.118529,4.825342e-08,4.758090e-09,0.2548,0.0177,329
14,features.16,912,active,0.120572,3.008786e-08,1.725332e-07,0.1703,0.4114,329
14,features.16,913,active,-0.029292,6.833465e-08,9.941954e-08,0.3433,0.2847,329
14,features.16,914,active,0.218665,3.235905e-08,3.172307e-07,0.1853,0.6226,329
14,features.16,915,pruned_before,nan,0.000000e+00,0.000000e+00,0.0000,0.0000,0
14,features.16,916,active,-0.053815,4.069685e-08,2.205345e-08,0.2289,0.1213,329
14,features.16,917,active,-0.174387,1.168177e-07,2.029440e-08,0.4619,0.1131,329
14,features.16,918,active,-0.034060,2.769404e-08,1.627648e-08,0.1567,0.0886,329
14,features.16,919,active,-0.042234,1.165192e-07,1.511968e-07,0.4605,0.3760,329
14,features.16,920,active,-0.085150,7.105466e-08,4.202453e-08,0.3488,0.1785,329
14,features.16,921,active,0.076975,6.444281e-08,2.095813e-07,0.3243,0.4782,329
14,features.16,922,pruned_before,nan,0.000000e+00,0.000000e+00,0.0000,0.0000,0
14,features.16,923,active,-0.126703,1.240422e-07,6.105005e-08,0.4782,0.2248,329
14,features.16,924,pruned_before,nan,0.000000e+00,0.000000e+00,0.0000,0.0000,0
14,features.16,925,active,-0.005450,9.282090e-07,1.370602e-06,0.9128,0.9019,329
14,features.16,926,active,-0.035422,3.113427e-08,1.818842e-08,0.1757,0.1049,329
14,features.16,927,active,-0.198910,5.218849e-07,1.854222e-07,0.8351,0.4373,329
14,features.16,928,pruned_before,nan,0.000000e+00,0.000000e+00,0.0000,0.0000,0
14,features.16,929,active,-0.131471,5.507944e-07,2.807607e-07,0.8420,0.5790,329
14,features.16,930,active,-0.021117,6.035128e-07,6.516910e-07,0.8556,0.8134,329
14,features.16,931,active,-0.210490,1.415197e-07,1.666504e-08,0.5123,0.0913,329
14,features.16,932,active,0.352861,3.948279e-08,1.831681e-06,0.2248,0.9305,329
14,features.16,933,active,-0.040191,3.780828e-08,2.512748e-08,0.2221,0.1417,329
14,features.16,934,active,-0.242507,5.024273e-07,1.310512e-07,0.8270,0.3420,329
14,features.16,935,active,0.098093,2.877331e-08,1.399119e-07,0.1635,0.3597,329
14,features.16,936,active,0.011580,4.167737e-07,6.752510e-07,0.7943,0.8174,329
14,features.16,937,pruned_now,-0.260218,1.292358e-06,1.828198e-07,0.9537,0.4332,329
14,features.16,938,pruned_before,nan,0.000000e+00,0.000000e+00,0.0000,0.0000,0
14,features.16,939,active,0.182561,6.666559e-08,3.961956e-07,0.3351,0.7003,329
14,features.16,940,pruned_now,-0.253406,1.870120e-06,2.072962e-07,0.9796,0.4728,329
14,features.16,941,active,0.241826,3.332411e-08,3.786350e-07,0.1989,0.6826,329
14,features.16,942,active,-0.144414,3.580560e-07,2.041283e-07,0.7548,0.4659,329
14,features.16,943,active,-0.051090,6.547942e-08,6.138127e-08,0.3297,0.2275,329
14,features.16,944,pruned_before,nan,0.000000e+00,0.000000e+00,0.0000,0.0000,0
14,features.16,945,active,0.355586,2.609944e-08,9.017951e-07,0.1417,0.8529,329
14,features.16,946,active,-0.014986,3.179007e-07,3.857480e-07,0.7221,0.6921,329
14,features.16,947,pruned_before,nan,0.000000e+00,0.000000e+00,0.0000,0.0000,0
14,features.16,948,active,-0.117847,7.578804e-08,2.331819e-08,0.3665,0.1308,329
14,features.16,949,active,-0.123978,1.762913e-06,4.494529e-07,0.9755,0.7275,329
14,features.16,950,active,-0.085150,5.564070e-08,2.016425e-08,0.2807,0.1104,329
14,features.16,951,active,-0.219346,2.378450e-07,4.964533e-08,0.6403,0.2016,329
14,features.16,952,active,-0.097411,3.863124e-07,2.787461e-07,0.7711,0.5763,329
14,features.16,953,pruned_before,nan,0.000000e+00,0.000000e+00,0.0000,0.0000,0
14,features.16,954,active,-0.184605,2.403191e-07,9.365188e-08,0.6431,0.2738,329
14,features.16,955,active,-0.089237,1.322553e-07,1.155977e-07,0.4932,0.3147,329
14,features.16,956,pruned_before,nan,0.000000e+00,0.000000e+00,0.0000,0.0000,0
14,features.16,957,active,0.135559,1.117701e-07,4.319032e-07,0.4482,0.7193,329
14,features.16,958,active,0.174387,2.063071e-07,2.730009e-06,0.6144,0.9632,329
14,features.16,959,active,0.011580,6.738157e-07,1.263585e-06,0.8719,0.8951,329
14,features.17,0,active,0.341622,1.008639e-07,2.562050e-07,0.2703,0.9535,489
14,features.17,1,active,0.042162,4.569574e-07,1.278036e-07,0.7654,0.8497,489
14,features.17,2,active,-0.040541,4.130579e-07,5.895702e-08,0.7492,0.6681,489
14,features.17,3,pruned_before,nan,0.000000e+00,0.000000e+00,0.0000,0.0000,0
14,features.17,4,active,-0.041622,1.000886e-06,1.262842e-07,0.9297,0.8465,489
14,features.17,5,active,-0.098378,1.074680e-07,4.745278e-09,0.2876,0.0908,489
14,features.17,6,active,0.175676,1.339388e-07,6.808364e-08,0.3546,0.7059,489
14,features.17,7,active,-0.083243,3.507521e-07,3.193888e-08,0.6854,0.5189,489
14,features.17,8,active,-0.061622,8.218509e-07,9.073625e-08,0.8984,0.7751,489
14,features.17,9,pruned_before,nan,0.000000e+00,0.000000e+00,0.0000,0.0000,0
14,features.17,10,active,0.238378,6.834216e-08,5.349520e-08,0.1686,0.6454,489
14,features.17,11,active,0.007027,1.795143e-07,2.700458e-08,0.4681,0.4822,489
14,features.17,12,active,-0.005946,5.082437e-07,9.619789e-08,0.7924,0.7805,489
14,features.17,13,active,0.076216,5.500760e-07,2.970876e-07,0.8097,0.9622,489
14,features.17,14,active,-0.188108,1.699021e-07,4.236036e-09,0.4454,0.0692,489
14,features.17,15,active,-0.020541,9.140951e-08,8.623446e-09,0.2357,0.1946,489
14,features.17,16,active,0.004324,4.332332e-08,5.034459e-09,0.1005,0.1092,489
14,features.17,17,active,-0.012432,2.901457e-08,3.138313e-09,0.0508,0.0259,489
14,features.17,18,active,-0.009189,3.173885e-08,3.625620e-09,0.0627,0.0443,489
14,features.17,19,active,-0.122703,1.375037e-06,7.206875e-08,0.9676,0.7222,489
14,features.17,20,active,0.015135,2.156726e-08,3.997413e-09,0.0281,0.0584,489
14,features.17,21,active,-0.048108,4.679938e-07,6.314784e-08,0.7762,0.6800,489
14,features.17,22,active,-0.041622,8.026264e-07,1.062676e-07,0.8908,0.8076,489
14,features.17,23,active,-0.060541,8.722832e-07,9.939397e-08,0.9092,0.7881,489
14,features.17,24,active,-0.004865,3.819120e-07,6.935843e-08,0.7211,0.7114,489
14,features.17,25,active,0.044865,3.099649e-08,6.636891e-09,0.0573,0.1470,489
14,features.17,26,active,0.108649,1.140466e-07,3.160728e-08,0.3005,0.5178,489
14,features.17,27,active,-0.129730,1.136489e-07,3.552854e-09,0.2995,0.0400,489
14,features.17,28,active,0.052973,3.843381e-07,1.156584e-07,0.7243,0.8303,489
14,features.17,29,active,0.007568,1.659240e-07,2.380249e-08,0.4368,0.4519,489
14,features.17,30,active,0.122162,1.923083e-07,7.420144e-08,0.4843,0.7286,489
14,features.17,31,active,0.054054,8.431109e-08,1.538104e-08,0.2195,0.3276,489
14,features.17,32,active,0.252973,1.037970e-07,9.713576e-08,0.2768,0.7827,489
14,features.17,33,active,0.000000,0.000000e+00,0.000000e+00,0.0000,0.0000,489
14,features.17,34,active,0.061081,4.776327e-08,1.061225e-08,0.1178,0.2400,489
14,features.17,35,active,-0.145946,1.919985e-07,8.552516e-09,0.4832,0.1914,489
14,features.17,36,active,-0.014054,2.985064e-07,4.428940e-08,0.6205,0.5924,489
14,features.17,37,active,0.110270,4.830037e-08,1.620676e-08,0.1189,0.3395,489
14,features.17,38,active,-0.137838,4.947901e-07,3.070673e-08,0.7859,0.5103,489
14,features.17,39,active,-0.141081,4.878005e-07,2.952108e-08,0.7849,0.5027,489
14,features.17,40,active,-0.143784,2.147379e-07,1.037700e-08,0.5200,0.2324,489
14,features.17,41,active,-0.176216,1.043595e-06,4.267688e-08,0.9362,0.5838,489
14,features.17,42,active,0.352973,7.873471e-08,1.647508e-07,0.1957,0.9016,489
14,features.17,43,active,-0.146486,1.799847e-07,7.866676e-09,0.4692,0.1762,489
14,features.17,44,active,-0.062162,4.129026e-07,4.910113e-08,0.7470,0.6227,489
14,features.17,45,pruned_before,nan,0.000000e+00,0.000000e+00,0.0000,0.0000,0
14,features.17,46,active,0.012432,1.857304e-08,3.615663e-09,0.0184,0.0432,489
14,features.17,47,active,-0.056757,1.612397e-07,1.430426e-08,0.4270,0.3135,489
14,features.17,48,active,0.070811,2.106419e-07,5.454610e-08,0.5124,0.6541,489
14,features.17,49,active,0.027568,2.282472e-08,4.599460e-09,0.0303,0.0854,489
14,features.17,50,active,-0.020541,8.265140e-07,1.380176e-07,0.9005,0.8595,489
14,features.17,51,active,-0.142703,1.833659e-07,8.357322e-09,0.4724,0.1870,489
14,features.17,52,active,0.055135,1.118320e-07,2.113445e-08,0.2984,0.4086,489
14,features.17,53,active,-0.022703,7.859081e-08,6.667119e-09,0.1935,0.1481,489
14,features.17,54,active,-0.022162,2.253300e-07,2.883338e-08,0.5405,0.4962,489
14,features.17,55,active,0.102162,2.782507e-07,1.053219e-07,0.6011,0.8054,489
14,features.17,56,active,0.075135,3.131637e-07,1.028693e-07,0.6476,0.7978,489
14,features.17,57,active,-0.058919,3.876820e-07,4.655510e-08,0.7286,0.6108,489
14,features.17,58,active,0.143243,7.498545e-08,2.571760e-08,0.1838,0.4703,489
14,features.17,59,active,-0.141081,4.525555e-07,2.697660e-08,0.7632,0.4811,489
14,features.17,60,active,-0.062162,2.155293e-07,2.044075e-08,0.5222,0.3978,489
14,features.17,61,active,-0.032432,2.780993e-07,3.535737e-08,0.6000,0.5351,489
14,features.17,62,active,0.113514,2.320517e-07,9.030434e-08,0.5459,0.7730,489
14,features.17,63,active,-0.225946,7.151323e-07,2.170647e-08,0.8714,0.4195,489
14,features.17,64,active,0.015135,1.879245e-08,3.794605e-09,0.0205,0.0508,489
14,features.17,65,active,0.254595,6.066902e-08,5.498314e-08,0.1459,0.6551,489
14,features.17,66,active,-0.025405,1.110208e-06,1.578052e-07,0.9438,0.8930,489
14,features.17,67,active,-0.102703,1.866103e-07,1.175641e-08,0.4757,0.2703,489
14,features.17,68,active,0.040541,3.609649e-07,9.302745e-08,0.6962,0.7773,489
14,features.17,69,active,0.135676,1.570463e-07,6.533654e-08,0.4205,0.6919,489
14,features.17,70,active,0.210811,7.426603e-08,4.540199e-08,0.1805,0.6022,489
14,features.17,71,active,0.026486,8.078756e-07,2.346162e-07,0.8930,0.9459,489
14,features.17,72,active,-0.096216,1.683379e-06,1.009027e-07,0.9838,0.7914,489
14,features.17,73,active,0.027027,1.263674e-07,1.925599e-08,0.3330,0.3870,489
14,features.17,74,pruned_before,nan,0.000000e+00,0.000000e+00,0.0000,0.0000,0
14,features.17,75,active,-0.009730,3.074947e-07,4.783153e-08,0.6378,0.6184,489
14,features.17,76,active,0.080541,2.602331e-07,7.686042e-08,0.5827,0.7438,489
14,features.17,77,active,-0.001622,5.007612e-07,9.731922e-08,0.7870,0.7838,489
14,features.17,78,active,0.144865,1.005525e-07,3.835003e-08,0.2692,0.5589,489
14,features.17,79,active,-0.231892,1.173878e-06,2.743365e-08,0.9492,0.4854,489
14,features.17,80,active,-0.057297,3.117860e-07,3.345271e-08,0.6432,0.5286,489
14,features.17,81,active,-0.049189,8.194186e-07,1.031586e-07,0.8973,0.7989,489
14,features.17,82,active,0.155135,2.906288e-07,1.798610e-07,0.6119,0.9222,489
14,features.17,83,pruned_before,nan,0.000000e+00,0.000000e+00,0.0000,0.0000,0
14,features.17,84,active,0.138919,9.221282e-08,3.214899e-08,0.2443,0.5222,489
14,features.17,85,active,-0.060000,5.534089e-07,6.512605e-08,0.8108,0.6908,489
14,features.17,86,active,0.018919,2.696746e-07,5.075584e-08,0.5924,0.6303,489
14,features.17,87,active,0.094054,7.814315e-08,1.865602e-08,0.1914,0.3795,489
14,features.17,88,active,-0.096757,7.581256e-07,6.510824e-08,0.8832,0.6897,489
14,features.17,89,active,0.023243,9.022380e-07,3.068703e-07,0.9178,0.9643,489
14,features.17,90,active,-0.064324,1.205451e-07,8.539758e-09,0.3189,0.1903,489
14,features.17,91,active,-0.055135,1.616885e-07,1.464770e-08,0.4292,0.3189,489
14,features.17,92,active,0.089730,4.034631e-07,1.742575e-07,0.7395,0.9189,489
14,features.17,93,active,-0.057838,5.651165e-07,6.758597e-08,0.8184,0.7027,489
14,features.17,94,active,-0.045405,1.708940e-06,1.593627e-07,0.9859,0.8951,489
14,features.17,95,active,0.073514,3.231889e-07,1.066094e-07,0.6616,0.8086,489
14,features.17,96,active,0.071351,2.214063e-07,6.105748e-08,0.5308,0.6735,489
14,features.17,97,active,0.016757,3.195941e-08,4.859638e-09,0.0659,0.0995,489
14,features.17,98,active,-0.007027,3.620729e-07,6.434822e-08,0.6995,0.6854,489
14,features.17,99,active,0.147568,4.851250e-08,2.158618e-08,0.1200,0.4151,489
14,features.17,100,active,0.129189,7.037074e-08,2.227083e-08,0.1730,0.4314,489
14,features.17,101,active,0.022162,1.556024e-07,2.480818e-08,0.4173,0.4616,489
14,features.17,102,active,-0.137297,3.001767e-07,1.655168e-08,0.6238,0.3492,489
14,features.17,103,active,-0.097297,1.222989e-06,8.239514e-08,0.9535,0.7589,489
14,features.17,104,active,0.018378,1.015284e-06,3.680660e-07,0.9330,0.9697,489
14,features.17,105,active,0.186486,2.060216e-07,1.457688e-07,0.5027,0.8757,489
14,features.17,106,active,0.090811,9.208979e-08,2.187548e-08,0.2422,0.4238,489
14,features.17,107,active,-0.151351,4.250955e-07,2.394472e-08,0.7557,0.4530,489
14,features.17,108,active,-0.072973,1.522542e-07,1.135290e-08,0.4054,0.2595,489
14,features.17,109,active,0.171892,2.793627e-07,2.355485e-07,0.6032,0.9470,489
14,features.17,110,active,-0.220000,3.072619e-07,8.683137e-09,0.6368,0.1968,489
14,features.17,111,active,-0.132432,1.828589e-07,9.348451e-09,0.4714,0.2065,489
14,features.17,112,active,-0.096216,9.842369e-08,4.209681e-09,0.2605,0.0681,489
14,features.17,113,active,0.228108,1.682375e-07,1.613761e-07,0.4422,0.8984,489
14,features.17,114,active,-0.003784,7.616439e-08,8.083992e-09,0.1892,0.1816,489
14,features.17,115,active,-0.074595,8.130762e-08,3.881111e-09,0.2032,0.0541,489
14,features.17,116,active,-0.062703,1.688244e-07,1.459778e-08,0.4432,0.3178,489
14,features.17,117,pruned_before,nan,0.000000e+00,0.000000e+00,0.0000,0.0000,0
14,features.17,118,active,-0.207568,3.553062e-07,1.194730e-08,0.6876,0.2724,489
14,features.17,119,active,-0.140541,6.958157e-07,4.159072e-08,0.8605,0.5795,489
14,features.17,120,active,-0.172432,1.973731e-07,6.594794e-09,0.4897,0.1449,489
14,features.17,121,active,-0.045405,1.704485e-06,1.584755e-07,0.9849,0.8941,489
14,features.17,122,active,-0.036757,2.013089e-07,2.181713e-08,0.4951,0.4216,489
14,features.17,123,active,0.107027,2.121718e-07,7.425464e-08,0.5157,0.7297,489
14,features.17,124,active,0.035135,3.177941e-07,7.367311e-08,0.6573,0.7276,489
14,features.17,125,active,0.084324,1.243057e-07,2.863687e-08,0.3265,0.4951,489
14,features.17,126,protected,0.000000,2.457861e-06,9.795027e-07,0.9968,0.9968,489
14,features.17,127,active,-0.003243,3.638097e-07,6.599493e-08,0.7016,0.6951,489
14,features.17,128,active,-0.234054,3.750966e-07,1.079601e-08,0.7146,0.2465,489
14,features.17,129,active,-0.022162,4.257533e-08,3.888637e-09,0.0995,0.0551,489
14,features.17,130,active,0.055676,4.897096e-08,1.039850e-08,0.1222,0.2335,489
14,features.17,131,active,0.009730,1.973392e-08,3.610013e-09,0.0227,0.0422,489
14,features.17,132,active,-0.097838,1.494391e-07,9.216826e-09,0.3978,0.2022,489
14,features.17,133,active,0.052432,5.806458e-07,1.890695e-07,0.8249,0.9297,489
14,features.17,134,active,0.115676,1.060187e-07,3.109954e-08,0.2832,0.5146,489
14,features.17,135,active,-0.076216,6.428137e-08,1.900661e-09,0.1589,0.0065,489
14,features.17,136,active,-0.043243,1.066458e-07,8.948854e-09,0.2865,0.2000,489
14,features.17,137,active,-0.038919,2.424053e-07,2.682479e-08,0.5568,0.4789,489
14,features.17,138,active,-0.117297,3.060762e-07,2.049775e-08,0.6335,0.3989,489
14,features.17,139,active,0.009730,1.509862e-07,2.176833e-08,0.4011,0.4205,489
14,features.17,140,active,-0.216216,4.850114e-07,1.655991e-08,0.7827,0.3503,489
14,features.17,141,active,-0.127568,8.188097e-07,5.221313e-08,0.8962,0.6411,489
14,features.17,142,active,0.028649,2.369302e-07,4.628586e-08,0.5492,0.6065,489
14,features.17,143,active,-0.187027,2.724624e-07,1.003633e-08,0.5968,0.2227,489
14,features.17,144,active,0.351351,5.249372e-08,1.156449e-07,0.1265,0.8292,489
14,features.17,145,active,0.204865,4.105679e-08,2.969862e-08,0.0951,0.5049,489
14,features.17,146,active,-0.079459,1.783601e-07,1.411071e-08,0.4659,0.3070,489
14,features.17,147,active,0.065946,1.177966e-07,2.280589e-08,0.3081,0.4400,489
14,features.17,148,active,-0.023243,2.641492e-07,3.613598e-08,0.5870,0.5405,489
14,features.17,149,active,-0.159459,2.601439e-07,1.146812e-08,0.5816,0.2627,489
14,features.17,150,active,0.141081,1.269639e-07,4.771490e-08,0.3351,0.6173,489
14,features.17,151,active,-0.080000,2.179325e-07,1.771037e-08,0.5254,0.3654,489
14,features.17,152,active,0.024865,8.179287e-08,1.117184e-08,0.2065,0.2562,489
14,features.17,153,active,-0.058378,9.214742e-08,5.733643e-09,0.2432,0.1265,489
14,features.17,154,active,0.099459,2.922965e-08,1.104070e-08,0.0530,0.2519,489
14,features.17,155,pruned_before,nan,0.000000e+00,0.000000e+00,0.0000,0.0000,0
14,features.17,156,active,0.067027,2.792104e-07,7.548850e-08,0.6022,0.7362,489
14,features.17,157,active,-0.028108,1.277736e-06,1.661454e-07,0.9622,0.9059,489
14,features.17,158,active,0.375676,3.917230e-08,1.225148e-07,0.0876,0.8389,489
14,features.17,159,active,-0.001622,2.615772e-06,9.332971e-07,0.9978,0.9946,489
14,features.17,160,active,0.198919,1.979862e-07,1.531957e-07,0.4908,0.8886,489
14,features.17,161,active,-0.212973,3.136551e-07,1.003822e-08,0.6497,0.2238,489
14,features.17,162,active,-0.129730,1.198230e-07,3.962771e-09,0.3157,0.0562,489
14,features.17,163,active,-0.132432,4.614322e-07,3.039939e-08,0.7730,0.5081,489
14,features.17,164,active,-0.222162,3.849280e-07,1.245711e-08,0.7254,0.2811,489
14,features.17,165,active,-0.058919,7.150086e-07,7.945519e-08,0.8703,0.7524,489
14,features.17,166,active,0.056757,1.008685e-07,1.918449e-08,0.2714,0.3849,489
14,features.17,167,active,0.018919,5.618268e-07,1.287869e-07,0.8162,0.8541,489
14,features.17,168,active,-0.121622,2.101393e-07,1.161997e-08,0.5103,0.2670,489
14,features.17,169,active,-0.125405,1.562609e-07,7.534445e-09,0.4195,0.1686,489
14,features.17,170,active,-0.152973,1.529205e-06,6.015335e-08,0.9773,0.6714,489
14,features.17,171,active,0.178919,2.262590e-07,1.620116e-07,0.5416,0.8995,489
14,features.17,172,active,0.104865,2.102694e-07,7.177086e-08,0.5114,0.7211,489
14,features.17,173,active,-0.054054,2.209192e-06,1.515158e-07,0.9946,0.8865,489
14,features.17,174,pruned_before,nan,0.000000e+00,0.000000e+00,0.0000,0.0000,0
14,features.17,175,active,0.199459,2.171227e-07,1.801866e-07,0.5243,0.9232,489
14,features.17,176,pruned_now,-0.247027,4.716574e-07,1.254911e-08,0.7784,0.2843,489
14,features.17,177,active,-0.196757,4.038723e-07,1.648601e-08,0.7405,0.3470,489
14,features.17,178,active,-0.117838,1.216666e-07,4.543331e-09,0.3200,0.0843,489
14,features.17,179,active,-0.118919,1.232000e-06,7.116842e-08,0.9546,0.7168,489
14,features.17,180,active,0.002703,9.170142e-08,1.069330e-08,0.2368,0.2422,489
14,features.17,181,active,-0.042703,7.874858e-08,5.104094e-09,0.1968,0.1114,489
14,features.17,182,active,-0.003243,1.565981e-06,3.736968e-07,0.9795,0.9730,489
14,features.17,183,pruned_before,nan,0.000000e+00,0.000000e+00,0.0000,0.0000,0
14,features.17,184,active,0.058919,2.422725e-08,7.067062e-09,0.0378,0.1557,489
14,features.17,185,active,0.023784,4.415350e-08,6.826905e-09,0.1038,0.1514,489
14,features.17,186,active,0.062162,9.650194e-08,1.870466e-08,0.2562,0.3805,489
14,features.17,187,active,-0.036757,9.889798e-08,8.369325e-09,0.2616,0.1881,489
14,features.17,188,active,-0.029730,1.178853e-06,1.570084e-07,0.9503,0.8908,489
14,features.17,189,active,0.041081,1.510368e-07,2.725294e-08,0.4022,0.4843,489
14,features.17,190,active,0.220000,4.242952e-08,3.597850e-08,0.0984,0.5384,489
14,features.17,191,active,-0.240541,3.574646e-07,9.460420e-09,0.6908,0.2097,489
14,features.17,192,active,0.289730,1.191274e-07,1.543284e-07,0.3103,0.8897,489
14,features.17,193,pruned_now,-0.251892,3.693829e-07,9.305284e-09,0.7081,0.2043,489
14,features.17,194,active,-0.055135,6.136240e-07,7.234371e-08,0.8335,0.7232,489
14,features.17,195,active,0.059459,6.275851e-07,2.736615e-07,0.8378,0.9568,489
14,features.17,196,active,0.174595,2.107964e-07,1.388062e-07,0.5135,0.8627,489
14,features.17,197,active,0.043243,2.694561e-07,6.249707e-08,0.5914,0.6778,489
14,features.17,198,active,0.082162,2.998810e-08,9.870881e-09,0.0551,0.2195,489
14,features.17,199,active,0.011351,1.179419e-08,3.234846e-09,0.0065,0.0292,489
14,features.17,200,active,0.046486,1.473701e-08,4.903768e-09,0.0097,0.1027,489
14,features.17,201,active,0.139459,1.092754e-07,3.968911e-08,0.2897,0.5686,489
14,features.17,202,active,0.387568,4.410263e-08,1.467234e-07,0.1027,0.8778,489
14,features.17,203,active,-0.025405,2.641787e-07,3.581707e-08,0.5881,0.5373,489
14,features.17,204,active,-0.040000,9.628746e-08,7.773632e-09,0.2551,0.1751,489
14,features.17,205,active,-0.173514,4.337080e-07,2.130881e-08,0.7589,0.4119,489
14,features.17,206,active,-0.015676,2.235786e-07,2.964757e-08,0.5351,0.5038,489
14,features.17,207,active,-0.082162,1.217079e-07,7.097752e-09,0.3222,0.1578,489
14,features.17,208,active,0.084324,5.609316e-07,4.944977e-07,0.8151,0.9838,489
14,features.17,209,active,0.084865,2.278785e-08,8.869421e-09,0.0292,0.1989,489
14,features.17,210,active,0.213513,2.239005e-07,3.034996e-07,0.5362,0.9632,489
14,features.17,211,active,0.034595,9.357578e-07,5.515833e-07,0.9211,0.9903,489
14,features.17,212,active,-0.081081,1.379922e-07,9.348027e-09,0.3676,0.2054,489
14,features.17,213,active,-0.015676,6.204778e-08,5.413362e-09,0.1524,0.1211,489
14,features.17,214,active,0.229730,1.165794e-07,8.691758e-08,0.3059,0.7654,489
14,features.17,215,active,-0.057838,1.503771e-07,1.254299e-08,0.3989,0.2832,489
14,features.17,216,active,-0.113514,3.392331e-07,2.376508e-08,0.6778,0.4508,489
14,features.17,217,active,0.097297,8.118265e-08,2.035241e-08,0.2022,0.3968,489
14,features.17,218,active,0.029730,2.505282e-07,4.995464e-08,0.5676,0.6270,489
14,features.17,219,active,0.017838,1.511188e-07,2.276990e-08,0.4032,0.4389,489
14,features.17,220,active,0.025946,1.368606e-07,2.163351e-08,0.3654,0.4173,489
14,features.17,221,active,0.370270,2.790324e-08,9.973316e-08,0.0486,0.7892,489
14,features.17,222,active,-0.047568,2.021275e-06,1.612744e-07,0.9924,0.8973,489
14,features.17,223,active,-0.012973,5.878134e-07,1.046289e-07,0.8292,0.8032,489
14,features.17,224,active,0.131892,9.746327e-08,3.207407e-08,0.2573,0.5211,489
14,features.17,225,active,-0.061622,9.465394e-08,5.885472e-09,0.2519,0.1286,489
14,features.17,226,active,0.218919,1.409702e-07,1.099358e-07,0.3773,0.8151,489
14,features.17,227,active,-0.105946,2.385241e-07,1.620318e-08,0.5503,0.3384,489
14,features.17,228,active,0.291892,8.089705e-08,9.736628e-08,0.2011,0.7849,489
14,features.17,229,active,-0.146486,2.363741e-07,1.115763e-08,0.5481,0.2551,489
14,features.17,230,active,-0.023243,3.658472e-08,3.363289e-09,0.0778,0.0314,489
14,features.17,231,active,-0.077297,7.286395e-07,7.151566e-08,0.8735,0.7189,489
14,features.17,232,active,0.082703,2.291555e-07,6.881172e-08,0.5427,0.7081,489
14,features.17,233,active,0.216757,4.225293e-08,3.422505e-08,0.0973,0.5308,489
14,features.17,234,active,-0.201622,4.748041e-07,1.846531e-08,0.7795,0.3762,489
14,features.17,235,active,-0.050270,6.183906e-07,7.540687e-08,0.8357,0.7351,489
14,features.17,236,active,-0.151351,1.934694e-07,8.295651e-09,0.4865,0.1838,489
14,features.17,237,active,0.061081,8.642436e-08,1.642978e-08,0.2227,0.3449,489
14,features.17,238,pruned_before,nan,0.000000e+00,0.000000e+00,0.0000,0.0000,0
14,features.17,239,active,0.027568,1.284526e-07,1.987779e-08,0.3384,0.3935,489
14,features.17,240,active,-0.008649,8.799354e-08,9.476222e-09,0.2281,0.2108,489
14,features.17,241,active,-0.168649,8.185513e-07,3.822326e-08,0.8951,0.5578,489
14,features.17,242,active,0.026486,8.671199e-08,1.219180e-08,0.2238,0.2768,489
14,features.17,243,active,-0.191892,7.880802e-07,2.938692e-08,0.8854,0.5016,489
14,features.17,244,active,0.168108,2.426632e-08,1.845763e-08,0.0389,0.3751,489
14,features.17,245,active,-0.067027,8.371437e-08,4.493940e-09,0.2151,0.0811,489
14,features.17,246,active,0.048108,6.348144e-07,2.079862e-07,0.8400,0.9362,489
14,features.17,247,active,-0.034595,1.173196e-07,1.056603e-08,0.3070,0.2378,489
14,features.17,248,active,-0.087027,8.100758e-07,7.157254e-08,0.8941,0.7200,489
14,features.17,249,active,-0.203243,1.652707e-06,4.074269e-08,0.9816,0.5751,489
14,features.17,250,active,-0.008649,1.196169e-07,1.325540e-08,0.3146,0.2973,489
14,features.17,251,active,0.181081,2.723897e-07,2.780011e-07,0.5957,0.9578,489
14,features.17,252,active,0.010270,5.410847e-08,6.935923e-09,0.1319,0.1524,489
14,features.17,253,active,-0.135676,1.544856e-07,6.559083e-09,0.4141,0.1427,489
14,features.17,254,active,0.085946,1.012896e-07,2.340824e-08,0.2735,0.4454,489
14,features.17,255,active,-0.032432,3.020535e-07,3.911783e-08,0.6292,0.5643,489
14,features.17,256,active,-0.052432,4.590732e-08,1.842292e-09,0.1103,0.0054,489
14,features.17,257,active,0.165946,2.398692e-08,1.781862e-08,0.0346,0.3665,489
14,features.17,258,active,0.029189,1.686661e-08,4.389461e-09,0.0162,0.0746,489
14,features.17,259,active,-0.044324,5.716240e-08,3.730666e-09,0.1384,0.0497,489
14,features.17,260,active,-0.152973,9.464379e-07,4.831921e-08,0.9254,0.6195,489
14,features.17,261,active,0.041622,7.974294e-07,3.719994e-07,0.8886,0.9719,489
14,features.17,262,active,0.059459,5.398087e-07,1.801919e-07,0.8054,0.9243,489
14,features.17,263,active,0.090811,7.277878e-08,1.707432e-08,0.1762,0.3578,489
14,features.17,264,active,-0.104865,6.520872e-07,5.174697e-08,0.8476,0.6378,489
14,features.17,265,active,-0.145946,1.735943e-07,7.171202e-09,0.4530,0.1611,489
14,features.17,266,active,-0.073514,1.237951e-06,1.067902e-07,0.9568,0.8097,489
14,features.17,267,active,0.067568,1.105936e-07,2.223489e-08,0.2941,0.4292,489
14,features.17,268,active,0.184324,1.104534e-07,5.671347e-08,0.2930,0.6616,489
14,features.17,269,active,-0.087568,2.475301e-07,1.937178e-08,0.5632,0.3881,489
14,features.17,270,active,0.012973,5.992315e-08,7.539120e-09,0.1438,0.1697,489
14,features.17,271,active,-0.162703,2.455308e-07,1.045075e-08,0.5611,0.2357,489
14,features.17,272,active,-0.087027,1.314923e-07,7.657563e-09,0.3470,0.1730,489
14,features.17,273,pruned_now,-0.249189,5.999818e-07,1.564169e-08,0.8303,0.3319,489
14,features.17,274,active,0.014054,2.507838e-07,4.513076e-08,0.5686,0.5968,489
14,features.17,275,active,-0.095135,1.668941e-07,1.085071e-08,0.4389,0.2486,489
14,features.17,276,active,-0.105405,1.221374e-07,5.141054e-09,0.3232,0.1124,489
14,features.17,277,active,0.009730,7.970774e-07,1.665268e-07,0.8876,0.9070,489
14,features.17,278,active,-0.042162,4.129741e-07,5.701066e-08,0.7481,0.6638,489
14,features.17,279,active,-0.060000,5.583749e-07,6.576198e-08,0.8141,0.6941,489
14,features.17,280,active,0.107568,2.204187e-07,7.712150e-08,0.5297,0.7449,489
14,features.17,281,active,0.028649,9.935290e-08,1.468691e-08,0.2627,0.3200,489
14,features.17,282,active,0.030270,4.098575e-08,7.051399e-09,0.0941,0.1546,489
14,features.17,283,active,-0.189189,6.614885e-07,2.593873e-08,0.8519,0.4735,489
14,features.17,284,active,0.025405,3.256217e-07,7.127590e-08,0.6670,0.7178,489
14,features.17,285,active,-0.079459,7.490732e-08,3.042269e-09,0.1827,0.0238,489
14,features.17,286,active,0.014054,4.457357e-08,6.181295e-09,0.1049,0.1330,489
14,features.17,287,active,0.269730,1.347955e-07,1.610562e-07,0.3568,0.8962,489
14,features.17,288,active,0.204324,2.143704e-08,2.254955e-08,0.0270,0.4357,489
14,features.17,289,active,0.015135,2.187664e-07,3.810351e-08,0.5265,0.5568,489
14,features.17,290,active,-0.008649,1.195454e-07,1.320995e-08,0.3135,0.2962,489
14,features.17,291,active,-0.184324,5.622905e-07,2.358679e-08,0.8173,0.4486,489
14,features.17,292,active,-0.024865,6.506605e-07,1.020475e-07,0.8454,0.7957,489
14,features.17,293,pruned_before,nan,0.000000e+00,0.000000e+00,0.0000,0.0000,0
14,features.17,294,active,0.067027,2.008468e-07,5.006602e-08,0.4941,0.6281,489
14,features.17,295,active,-0.111351,5.866511e-07,4.624536e-08,0.8281,0.6054,489
14,features.17,296,pruned_before,nan,0.000000e+00,0.000000e+00,0.0000,0.0000,0
14,features.17,297,active,-0.217838,2.957119e-07,8.124184e-09,0.6184,0.1827,489
14,features.17,298,pruned_before,nan,0.000000e+00,0.000000e+00,0.0000,0.0000,0
14,features.17,299,active,-0.146486,1.875771e-07,8.296801e-09,0.4778,0.1849,489
14,features.17,300,active,0.088108,5.153662e-08,1.373290e-08,0.1254,0.3016,489
14,features.17,301,active,-0.060541,8.832964e-07,1.016439e-07,0.9146,0.7935,489
14,features.17,302,pruned_before,nan,0.000000e+00,0.000000e+00,0.0000,0.0000,0
14,features.17,303,active,0.135676,8.555052e-08,2.814470e-08,0.2205,0.4919,489
14,features.17,304,pruned_before,nan,0.000000e+00,0.000000e+00,0.0000,0.0000,0
14,features.17,305,active,0.021081,1.720372e-08,4.043355e-09,0.0173,0.0595,489
14,features.17,306,active,0.116757,1.393045e-07,4.545223e-08,0.3708,0.6043,489
14,features.17,307,active,-0.004865,1.520098e-06,3.191029e-07,0.9762,0.9665,489
14,features.17,308,active,0.112432,2.739058e-07,1.122801e-07,0.5978,0.8227,489
14,features.17,309,active,-0.084324,8.581476e-08,3.845417e-09,0.2216,0.0530,489
14,features.17,310,active,-0.184324,4.025648e-07,1.790064e-08,0.7384,0.3697,489
14,features.17,311,active,-0.016216,2.853588e-07,4.125119e-08,0.6097,0.5773,489
14,features.17,312,active,0.134595,8.723809e-08,2.850512e-08,0.2249,0.4941,489
14,features.17,313,active,0.341622,2.479372e-08,7.356964e-08,0.0422,0.7254,489
14,features.17,314,active,-0.072973,1.638834e-07,1.306919e-08,0.4346,0.2886,489
14,features.17,315,active,-0.048108,5.676421e-08,3.576541e-09,0.1373,0.0411,489
14,features.17,316,active,-0.164324,7.507019e-07,3.784185e-08,0.8800,0.5514,489
14,features.17,317,active,-0.149730,3.375933e-07,1.848279e-08,0.6768,0.3773,489
14,features.17,318,active,-0.060541,3.997506e-07,4.728689e-08,0.7362,0.6151,489
14,features.17,319,active,-0.089189,4.599813e-07,4.414297e-08,0.7697,0.5914,489
14,features.17,320,active,0.038919,8.952894e-07,6.906142e-07,0.9157,0.9935,489
14,features.17,321,active,0.035676,1.216827e-07,1.986963e-08,0.3211,0.3924,489
14,features.17,322,active,-0.046486,1.162051e-07,9.513293e-09,0.3049,0.2119,489
14,features.17,323,active,-0.164865,7.545451e-07,3.784488e-08,0.8822,0.5524,489
14,features.17,324,active,0.122162,3.291705e-07,1.685215e-07,0.6692,0.9135,489
14,features.17,325,active,-0.047027,2.057164e-07,2.108786e-08,0.5016,0.4076,489
14,features.17,326,active,-0.057297,1.248177e-06,1.247067e-07,0.9578,0.8432,489
14,features.17,327,active,0.024865,3.735715e-07,8.380869e-08,0.7135,0.7632,489
14,features.17,328,active,0.156216,3.161463e-07,3.338646e-07,0.6551,0.9676,489
14,features.17,329,active,0.035676,4.828848e-07,1.284702e-07,0.7816,0.8530,489
14,features.17,330,active,-0.054054,2.089830e-07,2.071283e-08,0.5092,0.4011,489
14,features.17,331,active,-0.062703,1.737463e-07,1.555984e-08,0.4541,0.3286,489
14,features.17,332,active,0.015676,2.644266e-07,4.833942e-08,0.5892,0.6205,489
14,features.17,333,active,0.053514,1.575976e-07,3.406760e-08,0.4227,0.5297,489
14,features.17,334,active,-0.093514,1.674576e-07,1.106030e-08,0.4400,0.2530,489
14,features.17,335,active,-0.052432,2.483305e-07,2.476269e-08,0.5643,0.4595,489
14,features.17,336,active,-0.234595,2.215901e-07,4.120411e-09,0.5319,0.0627,489
14,features.17,337,active,-0.017297,3.070117e-07,4.535056e-08,0.6357,0.6011,489
14,features.17,338,active,-0.101081,1.233025e-06,7.945807e-08,0.9557,0.7535,489
14,features.17,339,active,0.045946,9.200253e-08,1.567920e-08,0.2411,0.3330,489
14,features.17,340,active,-0.032432,2.240846e-07,2.583573e-08,0.5373,0.4724,489
14,features.17,341,active,0.063784,5.291128e-07,1.890683e-07,0.8011,0.9286,489
14,features.17,342,active,0.001081,1.780959e-07,2.533576e-08,0.4649,0.4670,489
14,features.17,343,active,-0.137297,3.794705e-07,2.296963e-08,0.7178,0.4432,489
14,features.17,344,active,-0.067568,8.286128e-08,4.403769e-09,0.2108,0.0757,489
14,features.17,345,active,-0.187568,4.012050e-07,1.758417e-08,0.7373,0.3622,489
14,features.17,346,active,0.315135,9.616433e-08,1.492531e-07,0.2541,0.8843,489
14,features.17,347,active,-0.097297,1.053640e-07,4.600535e-09,0.2811,0.0865,489
14,features.17,348,active,0.000000,4.161595e-07,7.866750e-08,0.7514,0.7514,489
14,features.17,349,active,-0.062703,3.609787e-07,4.017021e-08,0.6973,0.5719,489
14,features.17,350,active,-0.083243,3.816691e-07,3.806656e-08,0.7200,0.5535,489
14,features.17,351,active,0.032973,1.595593e-07,2.806685e-08,0.4249,0.4908,489
14,features.17,352,active,-0.157297,2.920570e-07,1.329009e-08,0.6130,0.2984,489
14,features.17,353,active,-0.172973,2.947388e-07,1.190209e-08,0.6173,0.2714,489
14,features.17,354,active,-0.094054,1.937036e-07,1.342508e-08,0.4876,0.2995,489
14,features.17,355,active,-0.043243,3.712431e-07,4.931803e-08,0.7103,0.6238,489
14,features.17,356,active,0.166487,1.999580e-07,1.136385e-07,0.4930,0.8259,489
14,features.17,357,active,0.152432,1.865866e-07,9.405956e-08,0.4746,0.7795,489
14,features.17,358,active,0.070270,2.688440e-08,8.344529e-09,0.0454,0.1859,489
14,features.17,359,active,0.145946,1.349370e-07,5.400718e-08,0.3578,0.6497,489
14,features.17,360,active,0.017838,5.545882e-07,1.267784e-07,0.8119,0.8476,489
14,features.17,361,active,0.058919,2.408281e-07,6.026340e-08,0.5546,0.6724,489
14,features.17,362,active,0.035676,7.064970e-07,2.161941e-07,0.8670,0.9384,489
14,features.17,363,active,0.300541,5.933185e-08,7.664415e-08,0.1405,0.7416,489
14,features.17,364,active,-0.096757,1.510098e-06,9.645331e-08,0.9751,0.7816,489
14,features.17,365,active,-0.053514,3.338926e-07,3.968805e-08,0.6746,0.5676,489
14,features.17,366,active,-0.057838,8.396028e-08,4.870687e-09,0.2162,0.1005,489
14,features.17,367,active,-0.061622,7.063984e-07,7.683849e-08,0.8659,0.7427,489
14,features.17,368,active,-0.107027,2.110328e-07,1.347886e-08,0.5146,0.3005,489
14,features.17,369,active,-0.172973,5.721491e-07,2.665267e-08,0.8227,0.4768,489
14,features.17,370,protected,0.296216,1.532399e-07,5.245383e-06,0.4076,1.0000,489
14,features.17,371,active,-0.010270,3.419541e-07,5.522808e-08,0.6789,0.6584,489
14,features.17,372,active,0.035135,6.409978e-07,1.683508e-07,0.8422,0.9124,489
14,features.17,373,active,-0.061622,1.250704e-06,1.188266e-07,0.9589,0.8357,489
14,features.17,374,active,-0.062703,2.670254e-07,2.506429e-08,0.5903,0.4649,489
14,features.17,375,active,0.086486,4.598944e-07,2.208182e-07,0.7686,0.9416,489
14,features.17,376,active,-0.063243,7.598416e-08,4.107719e-09,0.1881,0.0616,489
14,features.17,377,active,-0.158378,1.045213e-06,4.893317e-08,0.9384,0.6216,489
14,features.17,378,active,-0.099459,1.840469e-07,1.205159e-08,0.4735,0.2746,489
14,features.17,379,active,0.014595,2.070330e-07,3.501099e-08,0.5049,0.5341,489
14,features.17,380,active,-0.061622,1.424177e-07,1.132769e-08,0.3816,0.2584,489
14,features.17,381,active,0.102162,3.143942e-07,1.299654e-07,0.6519,0.8562,489
14,features.17,382,active,-0.067568,6.165718e-08,2.795065e-09,0.1514,0.0162,489
14,features.17,383,active,0.092973,1.544831e-07,4.529797e-08,0.4130,0.5989,489
14,features.17,384,active,0.159459,1.305888e-07,5.687949e-08,0.3438,0.6627,489
14,features.17,385,active,0.134054,3.232342e-07,1.992637e-07,0.6638,0.9319,489
14,features.17,386,active,0.188108,2.543598e-07,2.436940e-07,0.5741,0.9503,489
14,features.17,387,active,0.086486,4.358191e-07,2.037585e-07,0.7600,0.9330,489
14,features.17,388,active,0.187568,3.168991e-08,2.258799e-08,0.0616,0.4368,489
14,features.17,389,active,-0.065405,1.324728e-07,9.851755e-09,0.3492,0.2184,489
14,features.17,390,active,-0.020000,1.487439e-07,1.695934e-08,0.3957,0.3557,489
14,features.17,391,active,-0.058378,1.706509e-07,1.557417e-08,0.4465,0.3297,489
14,features.17,392,active,0.003243,6.028443e-09,2.203097e-09,0.0022,0.0086,489
14,features.17,393,active,0.085946,6.292242e-08,1.529011e-08,0.1535,0.3254,489
14,features.17,394,active,-0.202703,2.986922e-07,9.768296e-09,0.6216,0.2162,489
14,features.17,395,active,-0.017838,1.062976e-06,1.649573e-07,0.9395,0.9038,489
14,features.17,396,active,0.153514,2.783208e-08,1.678461e-08,0.0476,0.3546,489
14,features.17,397,active,0.162703,7.696026e-08,3.155054e-08,0.1903,0.5157,489
14,features.17,398,active,-0.139459,2.997597e-07,1.639380e-08,0.6227,0.3438,489
14,features.17,399,active,0.128649,2.312222e-07,1.042510e-07,0.5438,0.8011,489
14,features.17,400,active,0.094054,2.564501e-07,8.783975e-08,0.5795,0.7676,489
14,features.17,401,active,-0.056216,1.609360e-06,1.399494e-07,0.9805,0.8681,489
14,features.17,402,active,0.124324,1.532457e-07,5.518528e-08,0.4086,0.6573,489
14,features.17,403,active,-0.112432,1.612814e-07,9.224833e-09,0.4281,0.2032,489
14,features.17,404,active,0.141081,3.016821e-07,1.675556e-07,0.6259,0.9081,489
14,features.17,405,active,0.101081,7.483447e-08,1.890914e-08,0.1816,0.3838,489
14,features.17,406,active,0.097838,3.038117e-07,1.146091e-07,0.6314,0.8270,489
14,features.17,407,active,-0.030811,7.497935e-07,1.107790e-07,0.8789,0.8173,489
14,features.17,408,active,0.000541,8.073354e-09,1.703104e-09,0.0032,0.0043,489
14,features.17,409,active,-0.068108,2.085537e-07,1.813296e-08,0.5081,0.3719,489
14,features.17,410,active,-0.040000,8.817974e-07,1.160293e-07,0.9135,0.8335,489
14,features.17,411,active,-0.074595,5.058545e-07,5.211941e-08,0.7892,0.6400,489
14,features.17,412,active,0.083243,5.316999e-07,3.496260e-07,0.8022,0.9686,489
14,features.17,413,active,0.144324,2.380287e-08,1.501396e-08,0.0335,0.3222,489
14,features.17,414,pruned_before,nan,0.000000e+00,0.000000e+00,0.0000,0.0000,0
14,features.17,415,active,-0.108649,6.968302e-07,5.344807e-08,0.8616,0.6443,489
14,features.17,416,active,-0.177838,8.596167e-07,3.752357e-08,0.9049,0.5492,489
14,features.17,417,active,0.082703,8.180347e-08,1.834245e-08,0.2076,0.3730,489
14,features.17,418,active,0.070811,1.584431e-07,3.942821e-08,0.4238,0.5654,489
14,features.17,419,pruned_before,nan,0.000000e+00,0.000000e+00,0.0000,0.0000,0
14,features.17,420,active,0.092973,5.065314e-07,4.209853e-07,0.7903,0.9762,489
14,features.17,421,active,-0.107568,8.675816e-07,6.546068e-08,0.9081,0.6930,489
14,features.17,422,active,-0.159459,5.194150e-07,2.676350e-08,0.7968,0.4778,489
14,features.17,423,active,0.062703,7.012885e-07,5.473906e-07,0.8638,0.9892,489
14,features.17,424,active,-0.111351,5.395254e-07,4.225626e-08,0.8043,0.5816,489
14,features.17,425,active,0.020000,2.823069e-07,5.364004e-08,0.6076,0.6476,489
14,features.17,426,active,-0.080000,1.202019e-07,7.088795e-09,0.3168,0.1568,489
14,features.17,427,active,0.068108,3.014730e-07,8.332437e-08,0.6249,0.7611,489
14,features.17,428,active,-0.155676,3.019260e-07,1.442482e-08,0.6270,0.3157,489
14,features.17,429,active,-0.041622,3.167924e-06,1.705713e-07,1.0000,0.9168,489
14,features.17,430,active,0.344865,6.154652e-08,1.225495e-07,0.1503,0.8400,489
14,features.17,431,active,-0.052432,4.857299e-07,6.288295e-08,0.7838,0.6789,489
14,features.17,432,active,-0.158919,1.664581e-07,5.394415e-09,0.4378,0.1200,489
14,features.17,433,pruned_before,nan,0.000000e+00,0.000000e+00,0.0000,0.0000,0
14,features.17,434,active,0.184865,1.109095e-07,5.771746e-08,0.2962,0.6659,489
14,features.17,435,active,-0.192432,3.555003e-07,1.384727e-08,0.6886,0.3038,489
14,features.17,436,active,-0.010811,2.662318e-06,4.403110e-07,0.9989,0.9773,489
14,features.17,437,active,0.033514,1.635038e-07,2.902152e-08,0.4324,0.4995,489
14,features.17,438,active,-0.032973,3.655564e-08,2.469927e-09,0.0768,0.0108,489
14,features.17,439,active,-0.104865,8.758144e-07,6.680744e-08,0.9103,0.7005,489
14,features.17,440,active,-0.232973,2.811430e-07,6.376600e-09,0.6043,0.1384,489
14,features.17,441,active,-0.008108,1.106722e-06,1.819812e-07,0.9427,0.9265,489
14,features.17,442,active,-0.093514,3.481154e-07,2.889445e-08,0.6843,0.4973,489
14,features.17,443,active,0.099459,6.721734e-08,1.766037e-08,0.1643,0.3632,489
14,features.17,444,active,0.221081,6.391997e-08,4.523323e-08,0.1557,0.5978,489
14,features.17,445,active,-0.181081,2.387897e-07,8.479090e-09,0.5514,0.1892,489
14,features.17,446,active,0.040000,4.017131e-08,7.596217e-09,0.0908,0.1708,489
14,features.17,447,active,-0.029189,1.992083e-07,2.227856e-08,0.4919,0.4335,489
14,features.17,448,active,-0.062703,1.747694e-07,1.558309e-08,0.4562,0.3308,489
14,features.17,449,active,0.061622,9.991575e-08,1.976438e-08,0.2681,0.3914,489
14,features.17,450,active,0.345405,6.068384e-08,1.217156e-07,0.1470,0.8378,489
14,features.17,451,active,-0.069730,3.910472e-07,4.442665e-08,0.7330,0.5935,489
14,features.17,452,active,-0.082703,1.721138e-07,1.269214e-08,0.4508,0.2854,489
14,features.17,453,active,-0.137838,1.601118e-07,6.789059e-09,0.4259,0.1503,489
14,features.17,454,active,0.244865,1.360223e-07,1.283573e-07,0.3622,0.8519,489
14,features.17,455,pruned_before,nan,0.000000e+00,0.000000e+00,0.0000,0.0000,0
14,features.17,456,active,-0.025946,1.753413e-07,2.108503e-08,0.4584,0.4065,489
14,features.17,457,active,0.075135,9.189066e-08,1.945287e-08,0.2389,0.3892,489
14,features.17,458,active,-0.095135,1.332647e-07,7.134906e-09,0.3503,0.1600,489
14,features.17,459,active,0.064865,6.932452e-07,5.432536e-07,0.8584,0.9881,489
14,features.17,460,active,0.048108,6.153279e-07,1.912845e-07,0.8346,0.9308,489
14,features.17,461,active,0.157838,5.775612e-09,1.454662e-08,0.0011,0.3168,489
14,features.17,462,active,-0.056216,3.122426e-07,3.432427e-08,0.6443,0.5319,489
14,features.17,463,active,-0.003784,4.510275e-08,4.856309e-09,0.1059,0.0984,489
14,features.17,464,active,-0.028108,2.137926e-06,2.150981e-07,0.9935,0.9373,489
14,features.17,465,active,-0.097838,2.848904e-07,2.149002e-08,0.6086,0.4130,489
14,features.17,466,active,0.053514,1.188954e-07,2.162013e-08,0.3092,0.4162,489
14,features.17,467,active,0.140000,1.382699e-07,5.399172e-08,0.3686,0.6486,489
14,features.17,468,active,0.050811,7.460222e-07,4.510822e-07,0.8768,0.9784,489
14,features.17,469,active,-0.070270,2.545424e-07,2.243064e-08,0.5751,0.4346,489
14,features.17,470,active,0.004324,3.019923e-07,5.165371e-08,0.6281,0.6368,489
14,features.17,471,active,0.055676,3.124918e-07,8.169954e-08,0.6454,0.7568,489
14,features.17,472,active,0.004324,3.889664e-07,7.643750e-08,0.7308,0.7395,489
14,features.17,473,active,-0.050811,1.350507e-07,1.128344e-08,0.3589,0.2573,489
14,features.17,474,active,0.075676,1.908628e-07,5.087510e-08,0.4800,0.6314,489
14,features.17,475,active,-0.075135,1.542452e-06,1.152169e-07,0.9784,0.8281,489
14,features.17,476,active,-0.080541,5.282529e-07,5.211035e-08,0.8000,0.6389,489
14,features.17,477,active,-0.078378,4.604318e-07,4.704814e-08,0.7708,0.6141,489
14,features.17,478,active,-0.123784,2.606299e-07,1.616272e-08,0.5838,0.3362,489
14,features.17,479,active,-0.102162,1.267326e-07,5.969173e-09,0.3341,0.1297,489
14,features.17,480,active,-0.007027,5.499537e-07,1.019095e-07,0.8086,0.7946,489
14,features.17,481,active,0.104865,4.531523e-07,3.871160e-07,0.7643,0.9741,489
14,features.17,482,active,0.050270,1.244589e-07,2.222330e-08,0.3276,0.4281,489
14,features.17,483,active,0.109189,1.512039e-08,1.023715e-08,0.0119,0.2303,489
14,features.17,484,active,0.035135,3.307469e-07,7.650463e-08,0.6703,0.7405,489
14,features.17,485,active,-0.056757,9.257745e-08,6.162758e-09,0.2454,0.1319,489
14,features.17,486,active,-0.117838,1.225808e-07,4.638168e-09,0.3243,0.0886,489
14,features.17,487,pruned_before,nan,0.000000e+00,0.000000e+00,0.0000,0.0000,0
14,features.17,488,active,-0.071892,7.417563e-08,3.496194e-09,0.1795,0.0357,489
14,features.17,489,active,-0.242162,7.764400e-07,2.057301e-08,0.8843,0.4000,489
14,features.17,490,active,0.020000,9.212697e-07,2.875679e-07,0.9200,0.9600,489
14,features.17,491,active,-0.036757,1.941476e-06,1.708379e-07,0.9914,0.9178,489
14,features.17,492,active,0.247568,3.483742e-08,3.959831e-08,0.0714,0.5665,489
14,features.17,493,active,-0.031351,4.498857e-07,6.677770e-08,0.7622,0.6995,489
14,features.17,494,active,0.254595,2.941334e-08,3.878150e-08,0.0541,0.5632,489
14,features.17,495,active,0.170270,2.579195e-07,1.778893e-07,0.5805,0.9211,489
14,features.17,496,active,0.005405,6.118447e-07,1.245277e-07,0.8314,0.8422,489
14,features.17,497,active,-0.004324,1.297633e-06,2.625001e-07,0.9643,0.9557,489
14,features.17,498,active,0.347568,1.594114e-08,6.882365e-08,0.0141,0.7092,489
14,features.17,499,active,0.152432,2.406573e-08,1.623052e-08,0.0368,0.3416,489
14,features.17,500,active,-0.156757,2.080999e-07,8.607210e-09,0.5070,0.1935,489
14,features.17,501,active,0.112973,1.310178e-07,4.009323e-08,0.3449,0.5708,489
14,features.17,502,active,-0.068108,1.064248e-07,6.769159e-09,0.2854,0.1492,489
14,features.17,503,active,0.061622,3.615403e-07,1.118213e-07,0.6984,0.8216,489
14,features.17,504,active,0.062703,1.651665e-07,3.873701e-08,0.4357,0.5611,489
14,features.17,505,active,0.020000,2.003733e-08,4.198176e-09,0.0249,0.0649,489
14,features.17,506,active,0.015676,1.528333e-07,2.267132e-08,0.4065,0.4378,489
14,features.17,507,active,-0.142162,6.454879e-07,3.853348e-08,0.8443,0.5600,489
14,features.17,508,active,-0.079459,6.865477e-07,6.654045e-08,0.8573,0.6984,489
14,features.17,509,active,0.203243,1.468986e-07,1.039267e-07,0.3935,0.8000,489
14,features.17,510,active,-0.147568,1.430535e-07,4.728797e-09,0.3849,0.0897,489
14,features.17,511,active,-0.096216,3.318726e-07,2.682712e-08,0.6724,0.4800,489
14,features.17,512,active,-0.020000,1.911876e-07,2.289700e-08,0.4811,0.4411,489
14,features.17,513,pruned_now,-0.249189,6.941204e-07,1.748749e-08,0.8595,0.3611,489
14,features.17,514,active,0.011892,1.275745e-06,5.175343e-07,0.9611,0.9849,489
14,features.17,515,active,0.004865,2.061263e-07,3.109875e-08,0.5038,0.5135,489
14,features.17,516,active,0.044865,3.527190e-08,7.301582e-09,0.0735,0.1632,489
14,features.17,517,active,-0.040000,4.116264e-07,5.769780e-08,0.7449,0.6649,489
14,features.17,518,active,-0.200541,1.025809e-06,3.489647e-08,0.9341,0.5330,489
14,features.17,519,active,0.242703,1.254990e-07,1.095010e-07,0.3286,0.8141,489
14,features.17,520,active,0.011892,2.550958e-07,4.533251e-08,0.5762,0.6000,489
14,features.17,521,active,-0.053514,1.010633e-07,7.360084e-09,0.2724,0.1654,489
14,features.17,522,active,-0.230811,4.576879e-07,1.408628e-08,0.7676,0.3059,489
14,features.17,523,active,0.055135,2.043309e-07,4.649610e-08,0.4995,0.6097,489
14,features.17,524,active,-0.047027,6.434224e-07,7.824198e-08,0.8432,0.7492,489
14,features.17,525,active,-0.009730,3.179616e-08,3.627423e-09,0.0649,0.0454,489
14,features.17,526,active,-0.009730,8.303547e-08,8.565683e-09,0.2119,0.1924,489
14,features.17,527,active,-0.124865,4.059311e-07,2.850508e-08,0.7427,0.4930,489
14,features.17,528,active,-0.087568,8.667590e-07,7.500655e-08,0.9070,0.7319,489
14,features.17,529,active,-0.021622,3.680543e-07,5.616497e-08,0.7038,0.6605,489
14,features.17,530,active,0.057838,1.352979e-07,2.633458e-08,0.3600,0.4757,489
14,features.17,531,active,-0.124324,9.443504e-08,1.217549e-09,0.2508,0.0022,489
14,features.17,532,active,0.002162,2.376001e-08,3.498511e-09,0.0324,0.0368,489
14,features.17,533,active,0.147568,1.407225e-07,5.977265e-08,0.3741,0.6692,489
14,features.17,534,active,0.022703,2.862073e-07,5.498937e-08,0.6108,0.6562,489
14,features.17,535,active,0.109189,3.585174e-07,1.681631e-07,0.6919,0.9103,489
14,features.17,536,active,0.031351,4.645134e-07,1.207515e-07,0.7741,0.8368,489
14,features.17,537,active,0.032432,1.422811e-07,2.306958e-08,0.3795,0.4443,489
14,features.17,538,active,0.065946,2.426846e-08,7.597328e-09,0.0400,0.1719,489
14,features.17,539,active,-0.189730,9.414796e-07,3.666024e-08,0.9243,0.5449,489
14,features.17,540,active,0.005946,9.675497e-07,2.176161e-07,0.9286,0.9405,489
14,features.17,541,active,-0.164865,1.290176e-06,5.128158e-08,0.9632,0.6335,489
14,features.17,542,active,0.297297,1.374019e-07,2.964216e-07,0.3665,0.9611,489
14,features.17,543,active,-0.009730,2.306383e-08,2.513293e-09,0.0314,0.0119,489
14,features.17,544,pruned_before,nan,0.000000e+00,0.000000e+00,0.0000,0.0000,0
14,features.17,545,active,0.017297,6.629464e-07,1.520684e-07,0.8530,0.8876,489
14,features.17,546,active,0.097297,1.448068e-07,4.272099e-08,0.3903,0.5849,489
14,features.17,547,active,-0.025946,5.663281e-07,8.812810e-08,0.8205,0.7686,489
14,features.17,548,active,-0.029189,2.511882e-07,3.082719e-08,0.5697,0.5114,489
14,features.17,549,active,0.128649,4.115984e-08,1.675360e-08,0.0962,0.3535,489
14,features.17,550,active,-0.070270,5.084158e-07,5.431575e-08,0.7935,0.6530,489
14,features.17,551,active,0.395676,6.801875e-08,2.843219e-07,0.1676,0.9589,489
14,features.17,552,active,-0.135135,2.537330e-07,1.379478e-08,0.5730,0.3027,489
14,features.17,553,active,-0.005405,4.748366e-08,4.916545e-09,0.1146,0.1038,489
14,features.17,554,active,-0.054595,6.422088e-08,3.728451e-09,0.1578,0.0486,489
14,features.17,555,pruned_before,nan,0.000000e+00,0.000000e+00,0.0000,0.0000,0
14,features.17,556,active,0.079459,1.293244e-07,2.927729e-08,0.3416,0.5005,489
14,features.17,557,active,-0.035135,1.449361e-07,1.496737e-08,0.3914,0.3211,489
14,features.17,558,active,-0.045405,5.228301e-07,6.851660e-08,0.7978,0.7070,489
14,features.17,559,active,0.149730,2.937306e-07,1.703519e-07,0.6151,0.9146,489
14,features.17,560,active,-0.047568,2.312826e-07,2.366294e-08,0.5449,0.4497,489
14,features.17,561,active,-0.097838,1.407824e-07,8.036617e-09,0.3762,0.1805,489
14,features.17,562,active,-0.129730,7.332571e-07,4.729284e-08,0.8757,0.6162,489
14,features.17,563,active,-0.018919,3.993891e-08,3.844369e-09,0.0897,0.0519,489
14,features.17,564,active,-0.036757,4.463001e-07,6.479524e-08,0.7611,0.6876,489
14,features.17,565,active,-0.180000,3.541832e-07,1.533731e-08,0.6865,0.3265,489
14,features.17,566,active,-0.123243,8.621159e-07,5.572907e-08,0.9059,0.6595,489
14,features.17,567,active,0.005405,1.860307e-08,3.279300e-09,0.0195,0.0303,489
14,features.17,568,active,-0.148649,3.054400e-07,1.594279e-08,0.6324,0.3351,489
14,features.17,569,active,-0.003243,4.255318e-07,7.855011e-08,0.7568,0.7503,489
14,features.17,570,active,-0.196757,3.108803e-07,1.081125e-08,0.6411,0.2476,489
14,features.17,571,active,-0.126486,3.625548e-07,2.356290e-08,0.7005,0.4476,489
14,features.17,572,active,0.097838,2.130101e-07,7.021683e-08,0.5178,0.7135,489
14,features.17,573,active,0.010270,3.363199e-07,6.605458e-08,0.6757,0.6962,489
14,features.17,574,active,-0.047027,6.755710e-08,4.272346e-09,0.1665,0.0724,489
14,features.17,575,active,-0.049730,3.150483e-07,3.809003e-08,0.6541,0.5546,489
14,features.17,576,active,0.030811,1.336284e-07,2.155997e-08,0.3524,0.4141,489
14,features.17,577,active,-0.003243,5.843640e-07,1.117254e-07,0.8270,0.8205,489
14,features.17,578,active,0.276216,6.683554e-08,7.038363e-08,0.1632,0.7157,489
14,features.17,579,active,0.101081,3.126121e-07,1.272442e-07,0.6465,0.8486,489
14,features.17,580,active,0.331351,9.485557e-08,1.703913e-07,0.2530,0.9157,489
14,features.17,581,active,-0.154054,1.550715e-07,4.952848e-09,0.4151,0.1070,489
14,features.17,582,active,-0.132432,4.609196e-07,3.024762e-08,0.7719,0.5070,489
14,features.17,583,active,0.089730,2.495932e-07,7.733944e-08,0.5665,0.7459,489
14,features.17,584,pruned_before,nan,0.000000e+00,0.000000e+00,0.0000,0.0000,0
14,features.17,585,active,0.169730,3.845358e-08,2.192486e-08,0.0865,0.4259,489
14,features.17,586,active,0.250270,1.202153e-07,1.114327e-07,0.3178,0.8184,489
14,features.17,587,active,0.358919,8.759029e-08,2.296047e-07,0.2259,0.9438,489
14,features.17,588,active,-0.065405,9.330667e-08,5.385870e-09,0.2486,0.1178,489
14,features.17,589,active,0.025946,9.654727e-07,4.687910e-07,0.9276,0.9795,489
14,features.17,590,active,-0.062162,2.079900e-07,1.875769e-08,0.5059,0.3816,489
14,features.17,591,active,0.146486,1.446443e-07,6.396579e-08,0.3892,0.6822,489
14,features.17,592,active,-0.220541,4.142494e-07,1.422709e-08,0.7503,0.3092,489
14,features.17,593,active,-0.119459,1.458455e-07,6.937400e-09,0.3924,0.1535,489
14,features.17,594,active,-0.057297,7.839163e-08,4.449674e-09,0.1924,0.0778,489
14,features.17,595,active,-0.019459,3.239181e-07,4.986071e-08,0.6649,0.6259,489
14,features.17,596,active,0.116216,9.964569e-08,2.892419e-08,0.2659,0.4984,489
14,features.17,597,active,-0.138919,7.036268e-07,4.310555e-08,0.8649,0.5870,489
14,features.17,598,active,0.037297,9.092032e-08,1.419324e-08,0.2335,0.3081,489
14,features.17,599,active,-0.176757,1.715036e-07,4.813751e-09,0.4497,0.0962,489
14,features.17,600,active,0.002162,1.652997e-06,5.274692e-07,0.9827,0.9870,489
14,features.17,601,pruned_before,nan,0.000000e+00,0.000000e+00,0.0000,0.0000,0
14,features.17,602,active,-0.204865,2.412224e-07,6.603825e-09,0.5557,0.1459,489
14,features.17,603,active,0.069189,5.172066e-07,2.050716e-07,0.7957,0.9341,489
14,features.17,604,active,-0.143784,9.370656e-07,5.147758e-08,0.9222,0.6346,489
14,features.17,605,active,0.108108,2.705580e-07,1.093298e-07,0.5946,0.8108,489
14,features.17,606,active,0.336757,7.969484e-08,1.424979e-07,0.1978,0.8714,489
14,features.17,607,active,0.017838,8.017527e-07,1.818266e-07,0.8897,0.9254,489
14,features.17,608,active,-0.091892,1.540745e-07,1.019197e-08,0.4119,0.2281,489
14,features.17,609,active,-0.003784,3.898900e-07,7.251244e-08,0.7319,0.7243,489
14,features.17,610,active,-0.086486,7.305530e-07,6.721321e-08,0.8746,0.7016,489
14,features.17,611,active,-0.238919,2.016715e-07,2.834889e-09,0.4962,0.0184,489
14,features.17,612,active,0.001081,1.765325e-07,2.486038e-08,0.4605,0.4627,489
14,features.17,613,active,-0.016216,4.629083e-08,4.462485e-09,0.1114,0.0789,489
14,features.17,614,active,0.227568,4.939640e-08,4.129275e-08,0.1232,0.5784,489
14,features.17,615,active,0.125946,1.725311e-07,6.786563e-08,0.4519,0.7038,489
14,features.17,616,active,0.001622,1.193515e-06,2.571007e-07,0.9514,0.9546,489
14,features.17,617,active,-0.134054,1.323765e-07,4.471524e-09,0.3481,0.0800,489
14,features.17,618,active,0.063784,1.113754e-07,2.191720e-08,0.2973,0.4249,489
14,features.17,619,active,-0.032973,9.057573e-08,7.409375e-09,0.2324,0.1665,489
14,features.17,620,active,0.041622,3.144507e-08,6.591196e-09,0.0605,0.1438,489
14,features.17,621,active,0.212973,1.260740e-07,8.181664e-08,0.3319,0.7578,489
14,features.17,622,active,0.008108,2.451932e-08,3.996635e-09,0.0411,0.0573,489
14,features.17,623,active,-0.017297,1.075074e-07,1.108327e-08,0.2886,0.2541,489
14,features.17,624,active,0.134595,2.158616e-07,1.014689e-07,0.5232,0.7924,489
14,features.17,625,active,-0.222162,1.404519e-06,3.256305e-08,0.9686,0.5243,489
14,features.17,626,pruned_before,nan,0.000000e+00,0.000000e+00,0.0000,0.0000,0
14,features.17,627,active,0.041622,8.042772e-07,3.975257e-07,0.8919,0.9751,489
14,features.17,628,active,0.133514,2.560797e-07,1.262661e-07,0.5784,0.8454,489
14,features.17,629,active,0.113514,5.957658e-08,1.789435e-08,0.1416,0.3686,489
14,features.17,630,active,0.157838,9.051728e-08,3.729236e-08,0.2314,0.5470,489
14,features.17,631,active,0.084324,3.792128e-07,1.510337e-07,0.7168,0.8854,489
14,features.17,632,active,0.110811,2.635003e-07,1.058039e-07,0.5849,0.8065,489
14,features.17,633,active,0.044865,5.497917e-08,1.011734e-08,0.1351,0.2249,489
14,features.17,634,active,-0.027027,4.968577e-08,4.241993e-09,0.1243,0.0703,489
14,features.17,635,active,0.060541,2.698303e-07,7.031851e-08,0.5935,0.7146,489
14,features.17,636,active,0.003784,1.059836e-07,1.309953e-08,0.2822,0.2897,489
14,features.17,637,active,-0.001622,2.397514e-07,3.771435e-08,0.5535,0.5503,489
14,features.17,638,active,0.016757,3.693962e-08,5.252244e-09,0.0811,0.1146,489
14,features.17,639,active,0.102162,2.473574e-07,8.708569e-08,0.5622,0.7665,489
14,features.17,640,active,0.023243,1.763036e-07,3.003793e-08,0.4595,0.5059,489
14,features.17,641,active,-0.018378,2.769504e-07,3.874636e-08,0.5989,0.5622,489
14,features.17,642,active,-0.195135,3.106005e-07,1.086228e-08,0.6400,0.2497,489
14,features.17,643,active,0.203243,2.151491e-07,1.871672e-07,0.5211,0.9276,489
14,features.17,644,active,-0.017297,1.037858e-07,1.067038e-08,0.2757,0.2411,489
14,features.17,645,active,0.077838,4.554525e-08,1.158937e-08,0.1092,0.2649,489
14,features.17,646,active,-0.149730,2.557206e-07,1.221804e-08,0.5773,0.2778,489
14,features.17,647,active,0.053514,1.425587e-07,2.767595e-08,0.3827,0.4897,489
14,features.17,648,active,-0.144324,1.553278e-07,5.776430e-09,0.4162,0.1276,489
14,features.17,649,active,-0.027568,6.413621e-08,4.899288e-09,0.1568,0.1016,489
14,features.17,650,active,-0.194054,2.964683e-07,1.030670e-08,0.6195,0.2314,489
14,features.17,651,active,-0.025405,2.268225e-06,2.299922e-07,0.9957,0.9449,489
14,features.17,652,active,-0.118378,6.525387e-07,4.693565e-08,0.8486,0.6119,489
14,features.17,653,active,0.052973,1.423481e-07,2.750568e-08,0.3805,0.4865,489
14,features.17,654,active,-0.001622,2.327644e-07,3.658314e-08,0.5470,0.5438,489
14,features.17,655,active,-0.165405,3.965242e-07,2.098942e-08,0.7341,0.4032,489
14,features.17,656,active,-0.102162,1.430444e-07,8.017931e-09,0.3838,0.1795,489
14,features.17,657,active,0.198378,7.975169e-08,4.498797e-08,0.1989,0.5957,489
14,features.17,658,active,0.001622,4.748681e-08,5.389410e-09,0.1157,0.1189,489
14,features.17,659,active,-0.036216,6.508171e-07,9.049071e-08,0.8465,0.7741,489
14,features.17,660,active,-0.015135,1.102631e-06,1.682983e-07,0.9416,0.9114,489
14,features.17,661,pruned_before,nan,0.000000e+00,0.000000e+00,0.0000,0.0000,0
14,features.17,662,active,-0.196757,6.571785e-07,2.464458e-08,0.8497,0.4562,489
14,features.17,663,active,-0.051892,3.326849e-07,3.986502e-08,0.6735,0.5697,489
14,features.17,664,active,-0.225946,3.423719e-07,1.021066e-08,0.6811,0.2292,489
14,features.17,665,active,0.020541,1.905993e-07,3.204827e-08,0.4789,0.5200,489
14,features.17,666,active,-0.024865,1.274297e-07,1.282252e-08,0.3373,0.2876,489
14,features.17,667,active,0.002162,8.209888e-08,9.584944e-09,0.2086,0.2130,489
14,features.17,668,active,-0.074595,7.029892e-08,2.961243e-09,0.1719,0.0227,489
14,features.17,669,active,-0.047027,1.192879e-07,9.800436e-09,0.3114,0.2173,489
14,features.17,670,active,-0.000541,1.374918e-06,3.073262e-07,0.9665,0.9654,489
14,features.17,671,active,0.030270,7.298482e-08,1.058277e-08,0.1784,0.2389,489
14,features.17,672,active,0.181622,1.195266e-07,6.224708e-08,0.3124,0.6757,489
14,features.17,673,active,-0.007027,4.525782e-08,4.799640e-09,0.1081,0.0941,489
14,features.17,674,active,-0.054595,7.532699e-08,4.439436e-09,0.1859,0.0768,489
14,features.17,675,active,-0.175135,3.671948e-07,1.663525e-08,0.7027,0.3524,489
14,features.17,676,active,-0.032973,4.045263e-08,3.147727e-09,0.0930,0.0270,489
14,features.17,677,active,0.022703,4.024420e-08,6.363343e-09,0.0919,0.1373,489
14,features.17,678,active,-0.022162,1.731743e-06,2.226355e-07,0.9870,0.9427,489
14,features.17,679,active,0.112973,1.678145e-07,5.870542e-08,0.4411,0.6670,489
14,features.17,680,active,0.139459,5.717473e-08,2.168413e-08,0.1395,0.4184,489
14,features.17,681,active,-0.044324,5.667235e-07,7.531202e-08,0.8216,0.7330,489
14,features.17,682,active,-0.022703,3.106767e-08,2.755966e-09,0.0595,0.0141,489
14,features.17,683,active,0.198378,3.500155e-08,2.564996e-08,0.0724,0.4692,489
14,features.17,684,active,-0.016757,4.510710e-08,4.337742e-09,0.1070,0.0735,489
14,features.17,685,active,-0.112973,1.460147e-06,7.773650e-08,0.9730,0.7470,489
14,features.17,686,active,0.119459,9.379294e-08,2.763728e-08,0.2497,0.4886,489
14,features.17,687,active,-0.030270,3.262162e-07,4.636082e-08,0.6681,0.6076,489
14,features.17,688,active,-0.107027,8.499504e-07,6.496936e-08,0.9027,0.6886,489
14,features.17,689,active,-0.040541,1.406899e-07,1.317793e-08,0.3730,0.2919,489
14,features.17,690,active,-0.078378,1.403533e-07,9.754892e-09,0.3719,0.2151,489
14,features.17,691,active,0.201622,1.991733e-08,2.212613e-08,0.0238,0.4270,489
14,features.17,692,active,-0.129189,3.731158e-07,2.437105e-08,0.7124,0.4541,489
14,features.17,693,active,-0.144865,7.478471e-07,4.312667e-08,0.8778,0.5881,489
14,features.17,694,active,-0.000541,3.779492e-08,4.503950e-09,0.0843,0.0832,489
14,features.17,695,protected,0.015135,1.324476e-06,9.451597e-07,0.9654,0.9957,489
14,features.17,696,active,0.023784,3.103797e-08,4.951622e-09,0.0584,0.1059,489
14,features.17,697,active,0.028108,1.107041e-07,1.663352e-08,0.2951,0.3514,489
14,features.17,698,active,0.008108,3.926272e-08,4.929071e-09,0.0886,0.1049,489
14,features.17,699,active,-0.003243,1.958541e-08,2.778752e-09,0.0216,0.0151,489
14,features.17,700,active,-0.145946,7.961357e-07,4.451419e-08,0.8865,0.5946,489
14,features.17,701,active,-0.034595,9.318507e-08,7.873461e-09,0.2465,0.1773,489
14,features.17,702,active,0.280541,1.153566e-07,1.391620e-07,0.3027,0.8638,489
14,features.17,703,active,-0.149189,3.594188e-07,1.997094e-08,0.6930,0.3946,489
14,features.17,704,active,-0.027568,1.312429e-07,1.312639e-08,0.3459,0.2908,489
14,features.17,705,active,0.097838,2.394145e-07,7.789022e-08,0.5524,0.7481,489
14,features.17,706,active,0.045946,4.690131e-07,1.414063e-07,0.7773,0.8692,489
14,features.17,707,active,0.041622,8.827283e-08,1.429348e-08,0.2292,0.3124,489
14,features.17,708,active,-0.147568,2.241612e-07,1.071024e-08,0.5384,0.2432,489
14,features.17,709,active,0.008649,1.400456e-08,3.060965e-09,0.0076,0.0249,489
14,features.17,710,active,-0.085405,8.261353e-08,3.535642e-09,0.2097,0.0389,489
14,features.17,711,active,-0.051892,8.413816e-08,5.226840e-09,0.2173,0.1135,489
14,features.17,712,active,-0.044324,8.400774e-07,1.094112e-07,0.9016,0.8130,489
14,features.17,713,active,0.165946,3.174604e-08,2.011950e-08,0.0638,0.3957,489
14,features.17,714,active,0.030270,1.011638e-06,6.622439e-07,0.9319,0.9924,489
14,features.17,715,active,0.026486,2.622775e-08,4.842108e-09,0.0443,0.0973,489
14,features.17,716,protected,0.012432,1.506441e-06,1.232686e-06,0.9741,0.9989,489
14,features.17,717,active,-0.075135,2.815021e-07,2.463076e-08,0.6054,0.4551,489
14,features.17,718,active,0.042703,5.285451e-08,9.700464e-09,0.1286,0.2141,489
14,features.17,719,active,0.065946,4.663385e-08,1.071361e-08,0.1124,0.2443,489
14,features.17,720,active,0.205405,7.233053e-08,4.302378e-08,0.1751,0.5859,489
14,features.17,721,active,-0.034595,1.367041e-07,1.318453e-08,0.3643,0.2951,489
14,features.17,722,active,-0.153514,2.635883e-07,1.241251e-08,0.5859,0.2789,489
14,features.17,723,active,-0.015135,8.149885e-08,7.755864e-09,0.2043,0.1741,489
14,features.17,724,active,0.304324,1.260193e-07,2.172284e-07,0.3308,0.9395,489
14,features.17,725,active,0.032432,5.461230e-08,8.745758e-09,0.1330,0.1978,489
14,features.17,726,active,-0.141622,1.033710e-06,5.422367e-08,0.9351,0.6519,489
14,features.17,727,active,-0.045405,6.969393e-07,8.944129e-08,0.8627,0.7719,489
14,features.17,728,active,0.032432,9.619158e-07,6.541501e-07,0.9265,0.9914,489
14,features.17,729,active,0.007027,2.769038e-08,4.046826e-09,0.0465,0.0605,489
14,features.17,730,active,0.038919,3.432498e-07,8.241366e-08,0.6822,0.7600,489
14,features.17,731,active,0.124865,8.362941e-08,2.496207e-08,0.2141,0.4638,489
14,features.17,732,active,-0.048649,3.075059e-07,3.643971e-08,0.6389,0.5416,489
14,features.17,733,active,0.019459,3.838958e-07,8.370141e-08,0.7232,0.7622,489
14,features.17,734,active,0.061081,3.800452e-07,1.239834e-07,0.7189,0.8411,489
14,features.17,735,active,0.016216,8.962322e-07,2.390231e-07,0.9168,0.9492,489
14,features.17,736,active,0.256216,1.354685e-07,1.452728e-07,0.3611,0.8735,489
14,features.17,737,active,-0.112973,1.273607e-07,5.047506e-09,0.3362,0.1103,489
14,features.17,738,active,-0.100541,1.574972e-07,9.962138e-09,0.4216,0.2205,489
14,features.17,739,active,0.014054,1.285773e-07,1.787784e-08,0.3395,0.3676,489
14,features.17,740,active,-0.062162,1.742870e-06,1.392753e-07,0.9892,0.8649,489
14,features.17,741,active,0.036757,1.483428e-07,2.542062e-08,0.3946,0.4681,489
14,features.17,742,active,-0.223243,4.289366e-07,1.427320e-08,0.7578,0.3114,489
14,features.17,743,active,0.003784,3.889034e-07,7.565491e-08,0.7297,0.7373,489
14,features.17,744,pruned_before,nan,0.000000e+00,0.000000e+00,0.0000,0.0000,0
14,features.17,745,active,-0.131892,3.111332e-07,1.860927e-08,0.6422,0.3784,489
14,features.17,746,active,-0.121081,1.422064e-07,6.341667e-09,0.3784,0.1362,489
14,features.17,747,protected,0.014054,1.407298e-06,1.020889e-06,0.9697,0.9978,489
14,features.17,748,active,0.010270,3.029130e-07,5.409838e-08,0.6303,0.6508,489
14,features.17,749,active,-0.088649,5.661104e-07,5.322612e-08,0.8195,0.6422,489
14,features.17,750,active,0.345405,5.485422e-08,1.130444e-07,0.1341,0.8249,489
14,features.17,751,active,-0.089189,1.512673e-07,1.012602e-08,0.4043,0.2259,489
14,features.17,752,active,0.202703,1.744983e-07,1.380284e-07,0.4551,0.8605,489
14,features.17,753,active,-0.008649,6.376207e-07,1.124167e-07,0.8411,0.8238,489
14,features.17,754,active,-0.116216,3.061101e-07,2.083539e-08,0.6346,0.4022,489
14,features.17,755,active,-0.010811,3.867955e-07,6.794720e-08,0.7265,0.7049,489
14,features.17,756,active,-0.121081,1.036252e-07,3.374310e-09,0.2746,0.0324,489
14,features.17,757,active,-0.129730,2.251222e-07,1.244037e-08,0.5395,0.2800,489
14,features.17,758,active,0.238378,1.047955e-07,7.992293e-08,0.2778,0.7546,489
14,features.17,759,active,-0.004865,9.191336e-07,1.680477e-07,0.9189,0.9092,489
14,features.17,760,pruned_before,nan,0.000000e+00,0.000000e+00,0.0000,0.0000,0
14,features.17,761,active,-0.105946,9.771700e-08,3.679373e-09,0.2595,0.0476,489
14,features.17,762,active,0.236216,4.775854e-08,4.315218e-08,0.1168,0.5892,489
14,features.17,763,active,-0.030811,3.366318e-08,1.987954e-09,0.0692,0.0076,489
14,features.17,764,active,-0.045946,8.771264e-08,6.323212e-09,0.2270,0.1351,489
14,features.17,765,active,0.014054,2.527278e-08,4.262898e-09,0.0432,0.0714,489
14,features.17,766,active,-0.147568,1.419405e-06,6.248305e-08,0.9719,0.6768,489
14,features.17,767,active,0.010811,1.590795e-08,3.468414e-09,0.0130,0.0346,489
14,features.17,768,active,0.048108,6.684365e-07,2.500626e-07,0.8551,0.9514,489
14,features.17,769,active,0.129730,3.544203e-08,1.571787e-08,0.0746,0.3341,489
14,features.17,770,active,-0.135135,5.413054e-07,3.575773e-08,0.8065,0.5362,489
14,features.17,771,active,0.000541,1.457476e-08,2.447720e-09,0.0086,0.0097,489
14,features.17,772,active,0.352973,3.684429e-08,9.762260e-08,0.0800,0.7859,489
14,features.17,773,active,-0.032973,1.257268e-07,1.149029e-08,0.3297,0.2638,489
14,features.17,774,active,-0.063784,8.519006e-07,9.252376e-08,0.9038,0.7762,489
14,features.17,775,active,-0.019459,3.326300e-08,3.210487e-09,0.0670,0.0281,489
14,features.17,776,active,0.011892,4.356001e-08,5.584846e-09,0.1016,0.1254,489
14,features.17,777,active,-0.118919,3.205933e-07,2.183452e-08,0.6605,0.4227,489
14,features.17,778,active,-0.008649,5.485726e-07,9.986995e-08,0.8076,0.7903,489
14,features.17,779,active,-0.174595,7.239091e-07,3.251827e-08,0.8724,0.5232,489
14,features.17,780,active,-0.134054,4.815377e-07,3.106949e-08,0.7805,0.5124,489
14,features.17,781,active,0.074595,3.688864e-07,1.289148e-07,0.7059,0.8551,489
14,features.17,782,active,0.028649,5.814857e-07,1.489345e-07,0.8259,0.8832,489
14,features.17,783,active,0.003243,1.161849e-07,1.423782e-08,0.3038,0.3103,489
14,features.17,784,active,0.050811,1.290732e-07,2.290560e-08,0.3405,0.4422,489
14,features.17,785,active,-0.071892,1.083278e-06,1.024090e-07,0.9405,0.7968,489
14,features.17,786,active,-0.030270,7.282456e-08,5.344031e-09,0.1773,0.1168,489
14,features.17,787,active,-0.187027,8.248674e-07,3.265334e-08,0.8995,0.5254,489
14,features.17,788,active,0.082703,9.950362e-08,2.224256e-08,0.2649,0.4303,489
14,features.17,789,active,0.012432,5.971798e-08,7.523299e-09,0.1427,0.1676,489
14,features.17,790,active,-0.040000,1.145290e-07,9.984390e-09,0.3016,0.2216,489
14,features.17,791,active,-0.070811,7.083287e-07,7.358464e-08,0.8681,0.7265,489
14,features.17,792,active,0.372973,3.466262e-08,1.102327e-07,0.0703,0.8162,489
14,features.17,793,active,0.304865,1.241069e-07,2.062138e-07,0.3254,0.9351,489
14,features.17,794,active,0.389189,7.201142e-08,2.518227e-07,0.1741,0.9524,489
14,features.17,795,active,-0.232973,6.748658e-07,1.947222e-08,0.8562,0.3903,489
14,features.17,796,active,0.177297,1.347789e-07,6.890539e-08,0.3557,0.7103,489
14,features.17,797,active,-0.132432,1.444525e-07,5.557216e-09,0.3881,0.1232,489
14,features.17,798,active,0.103243,9.195601e-08,2.351888e-08,0.2400,0.4465,489
14,features.17,799,active,0.072973,7.869841e-08,1.621495e-08,0.1946,0.3405,489
14,features.17,800,active,-0.082162,1.537649e-07,1.078212e-08,0.4097,0.2454,489
14,features.17,801,active,0.098919,6.615517e-08,1.725065e-08,0.1611,0.3589,489
14,features.17,802,active,-0.016757,5.342706e-07,8.818230e-08,0.8032,0.7697,489
14,features.17,803,active,0.014054,5.408927e-08,7.134146e-09,0.1308,0.1589,489
14,features.17,804,active,-0.050811,6.125057e-08,3.641224e-09,0.1481,0.0465,489
14,features.17,805,pruned_before,nan,0.000000e+00,0.000000e+00,0.0000,0.0000,0
14,features.17,806,active,-0.135135,3.421269e-07,2.128126e-08,0.6800,0.4097,489
14,features.17,807,active,0.158378,1.769468e-07,9.325277e-08,0.4616,0.7784,489
14,features.17,808,active,0.303784,9.967628e-08,1.457647e-07,0.2670,0.8746,489
14,features.17,809,active,-0.097838,4.047043e-07,3.713352e-08,0.7416,0.5459,489
14,features.17,810,active,-0.141081,4.232569e-07,2.582518e-08,0.7535,0.4714,489
14,features.17,811,pruned_before,nan,0.000000e+00,0.000000e+00,0.0000,0.0000,0
14,features.17,812,active,-0.044865,6.656711e-07,8.486226e-08,0.8541,0.7643,489
14,features.17,813,active,-0.170811,1.366117e-07,2.945860e-09,0.3632,0.0216,489
14,features.17,814,active,-0.125405,3.175564e-07,2.101545e-08,0.6562,0.4054,489
14,features.17,815,active,-0.162703,3.564818e-07,1.766729e-08,0.6897,0.3643,489
14,features.17,816,active,0.042162,9.944026e-08,1.650510e-08,0.2638,0.3481,489
14,features.17,817,active,0.016757,8.144393e-09,3.505072e-09,0.0043,0.0378,489
14,features.17,818,active,-0.144324,3.231907e-07,1.837086e-08,0.6627,0.3741,489
14,features.17,819,active,0.093514,1.435543e-07,4.017318e-08,0.3859,0.5730,489
14,features.17,820,active,0.009189,1.668478e-08,3.428883e-09,0.0151,0.0335,489
14,features.17,821,active,0.079459,2.872113e-08,9.413739e-09,0.0497,0.2086,489
14,features.17,822,active,-0.024865,6.725818e-08,5.337983e-09,0.1654,0.1157,489
14,features.17,823,active,-0.047568,3.310411e-07,4.098830e-08,0.6714,0.5762,489
14,features.17,824,active,0.033514,2.944316e-07,6.414574e-08,0.6162,0.6832,489
14,features.17,825,active,-0.062703,1.556828e-07,1.317959e-08,0.4184,0.2930,489
14,features.17,826,active,-0.198378,1.504700e-07,1.686026e-09,0.4000,0.0032,489
14,features.17,827,active,0.055676,8.311582e-08,1.523495e-08,0.2130,0.3243,489
14,features.17,828,active,0.003243,1.493112e-08,2.826047e-09,0.0108,0.0173,489
14,features.17,829,active,0.000541,7.521922e-07,1.487510e-07,0.8811,0.8822,489
14,features.17,830,active,-0.108649,1.333273e-07,6.267315e-09,0.3514,0.1341,489
14,features.17,831,active,0.245405,1.050902e-07,8.874059e-08,0.2800,0.7708,489
14,features.17,832,active,-0.023784,5.370041e-08,4.496325e-09,0.1297,0.0822,489
14,features.17,833,active,-0.072973,1.950162e-07,1.634818e-08,0.4886,0.3427,489
14,features.17,834,active,-0.034054,1.159994e-06,1.475392e-07,0.9481,0.8800,489
14,features.17,835,active,-0.019459,9.132165e-08,8.661536e-09,0.2346,0.1957,489
14,features.17,836,active,-0.142703,5.559600e-07,3.300645e-08,0.8130,0.5276,489
14,features.17,837,active,0.205405,6.060538e-08,3.809840e-08,0.1449,0.5557,489
14,features.17,838,active,0.124865,1.622366e-07,6.341086e-08,0.4314,0.6811,489
14,features.17,839,active,-0.001081,1.870813e-07,2.596847e-08,0.4768,0.4746,489
14,features.17,840,active,-0.007568,3.740251e-08,4.207050e-09,0.0822,0.0670,489
14,features.17,841,active,-0.021622,7.502463e-08,6.541970e-09,0.1849,0.1416,489
14,features.17,842,active,-0.116757,2.521738e-07,1.617030e-08,0.5708,0.3373,489
14,features.17,843,active,0.106486,3.239513e-07,1.474700e-07,0.6659,0.8789,489
14,features.17,844,active,0.152432,1.918367e-07,9.801006e-08,0.4822,0.7870,489
14,features.17,845,active,-0.048108,6.632683e-08,4.202445e-09,0.1622,0.0659,489
14,features.17,846,active,0.244324,1.301693e-07,1.156656e-07,0.3427,0.8314,489
14,features.17,847,active,-0.199459,1.134664e-06,3.743875e-08,0.9470,0.5481,489
14,features.17,848,active,0.024324,2.225228e-07,4.231236e-08,0.5341,0.5827,489
14,features.17,849,active,-0.180000,1.712007e-07,4.632106e-09,0.4476,0.0876,489
14,features.17,850,active,0.041081,3.133011e-07,7.432772e-08,0.6486,0.7308,489
14,features.17,851,active,-0.028649,4.110224e-07,6.436723e-08,0.7438,0.6865,489
14,features.17,852,active,-0.129189,1.338018e-07,4.813525e-09,0.3535,0.0951,489
14,features.17,853,active,-0.040541,3.598613e-07,4.694329e-08,0.6941,0.6130,489
14,features.17,854,active,-0.031351,2.194173e-07,2.512901e-08,0.5286,0.4659,489
14,features.17,855,active,-0.076216,6.241838e-07,6.422239e-08,0.8368,0.6843,489
14,features.17,856,active,0.090270,3.723698e-07,1.574534e-07,0.7114,0.8919,489
14,features.17,857,active,0.167027,2.103531e-08,1.744079e-08,0.0259,0.3600,489
14,features.17,858,pruned_before,nan,0.000000e+00,0.000000e+00,0.0000,0.0000,0
14,features.17,859,active,-0.021622,1.128536e-06,1.648931e-07,0.9459,0.9027,489
14,features.17,860,active,-0.040000,1.198166e-06,1.429590e-07,0.9524,0.8724,489
14,features.17,861,active,-0.174595,6.134109e-07,2.717548e-08,0.8324,0.4832,489
14,features.17,862,active,-0.003243,1.742741e-06,4.800509e-07,0.9881,0.9816,489
14,features.17,863,active,-0.135135,3.144379e-07,1.890138e-08,0.6530,0.3827,489
14,features.17,864,active,0.013514,5.745002e-07,1.279232e-07,0.8238,0.8508,489
14,features.17,865,active,-0.147027,4.206283e-07,2.475246e-08,0.7524,0.4584,489
14,features.17,866,active,-0.026486,1.774350e-07,2.130666e-08,0.4638,0.4108,489
14,features.17,867,active,0.091892,4.896795e-08,1.397846e-08,0.1211,0.3049,489
14,features.17,868,active,0.310811,1.050389e-07,1.640371e-07,0.2789,0.9005,489
14,features.17,869,active,0.161622,2.426656e-07,1.476336e-07,0.5578,0.8811,489
14,features.17,870,active,0.058919,1.384538e-07,2.762113e-08,0.3697,0.4876,489
14,features.17,871,active,0.011351,1.273788e-06,4.908031e-07,0.9600,0.9827,489
14,features.17,872,active,-0.147027,9.404582e-07,5.070586e-08,0.9232,0.6292,489
14,features.17,873,active,0.099459,3.192216e-07,1.329047e-07,0.6584,0.8573,489
14,features.17,874,active,0.222703,1.441836e-07,1.159483e-07,0.3870,0.8324,489
14,features.17,875,active,0.044324,2.911792e-08,6.473571e-09,0.0519,0.1405,489
14,features.17,876,active,-0.168108,3.136658e-07,1.435015e-08,0.6508,0.3146,489
14,features.17,877,active,-0.131892,2.033541e-07,1.040789e-08,0.4984,0.2346,489
14,features.17,878,active,-0.050270,6.296055e-07,7.641923e-08,0.8389,0.7384,489
14,features.17,879,active,-0.161081,2.427811e-07,1.051278e-08,0.5589,0.2368,489
14,features.17,880,active,0.040000,2.044973e-07,4.190193e-08,0.5005,0.5805,489
14,features.17,881,active,-0.035135,1.757512e-06,1.774299e-07,0.9903,0.9200,489
14,features.17,882,active,0.227027,5.660225e-08,4.326821e-08,0.1362,0.5903,489
14,features.17,883,active,0.121081,8.416357e-08,2.480077e-08,0.2184,0.4605,489
14,features.17,884,active,-0.100000,3.709775e-07,3.051630e-08,0.7092,0.5092,489
14,features.17,885,active,-0.011892,1.098330e-07,1.172311e-08,0.2919,0.2681,489
14,features.17,886,active,-0.016757,4.127450e-07,6.972034e-08,0.7459,0.7124,489
14,features.17,887,active,-0.063243,5.282820e-08,7.777409e-10,0.1276,0.0011,489
14,features.17,888,active,0.178378,1.773824e-07,1.115111e-07,0.4627,0.8195,489
14,features.17,889,active,0.097297,5.071248e-07,5.184769e-07,0.7914,0.9859,489
14,features.17,890,active,-0.001081,1.062013e-07,1.253649e-08,0.2843,0.2822,489
14,features.17,891,active,0.048649,3.683954e-07,1.045571e-07,0.7049,0.8022,489
14,features.17,892,active,-0.130811,2.192338e-07,1.159227e-08,0.5276,0.2659,489
14,features.17,893,active,0.003784,8.338437e-09,2.581254e-09,0.0054,0.0130,489
14,features.17,894,active,0.004324,6.845272e-08,7.898254e-09,0.1697,0.1784,489
14,features.17,895,active,0.202162,1.753178e-07,1.382947e-07,0.4573,0.8616,489
14,features.17,896,active,-0.118919,3.600112e-07,2.470847e-08,0.6951,0.4573,489
14,features.17,897,active,-0.052432,4.665801e-07,5.993006e-08,0.7751,0.6703,489
14,features.17,898,active,-0.001081,7.106404e-07,1.398834e-07,0.8692,0.8670,489
14,features.17,899,active,0.028108,3.763464e-08,6.395179e-09,0.0832,0.1395,489
14,features.17,900,active,-0.014595,1.637526e-07,2.098997e-08,0.4335,0.4043,489
14,features.17,901,active,0.241622,3.093183e-08,3.612340e-08,0.0562,0.5395,489
14,features.17,902,active,0.160541,2.406220e-08,1.703742e-08,0.0357,0.3568,489
14,features.17,903,active,-0.090270,8.018858e-08,2.868087e-09,0.2000,0.0195,489
14,features.17,904,active,0.177838,7.020582e-08,3.271044e-08,0.1708,0.5265,489
14,features.17,905,active,-0.221622,4.574025e-07,1.511871e-08,0.7665,0.3232,489
14,features.17,906,active,0.017838,1.120108e-06,4.712539e-07,0.9449,0.9805,489
14,features.17,907,active,0.077297,3.836098e-07,1.463572e-07,0.7222,0.8768,489
14,features.17,908,active,-0.099459,1.093153e-07,4.748037e-09,0.2908,0.0919,489
14,features.17,909,active,0.037297,7.593052e-08,1.146400e-08,0.1870,0.2616,489
14,features.17,910,active,0.069189,1.800599e-07,4.641397e-08,0.4703,0.6086,489
14,features.17,911,active,-0.012973,1.003771e-06,1.658689e-07,0.9308,0.9049,489
14,features.17,912,active,0.082162,2.221918e-07,6.643376e-08,0.5330,0.6973,489
14,features.17,913,active,0.005405,1.407293e-07,1.919941e-08,0.3751,0.3859,489
14,features.17,914,active,0.049730,3.991786e-07,1.180016e-07,0.7351,0.8346,489
14,features.17,915,active,-0.019459,5.103250e-07,8.001889e-08,0.7946,0.7557,489
14,features.17,916,active,0.014595,3.675351e-08,4.990560e-09,0.0789,0.1081,489
14,features.17,917,active,0.052432,3.691613e-07,1.093967e-07,0.7070,0.8119,489
14,features.17,918,pruned_before,nan,0.000000e+00,0.000000e+00,0.0000,0.0000,0
14,features.17,919,active,0.292432,6.148703e-08,7.535959e-08,0.1492,0.7341,489
14,features.17,920,active,-0.160000,1.697349e-07,5.562138e-09,0.4443,0.1243,489
14,features.17,921,active,-0.155676,2.528277e-07,1.142376e-08,0.5719,0.2605,489
14,features.17,922,active,-0.053514,9.179145e-08,6.061912e-09,0.2378,0.1308,489
14,features.17,923,active,-0.002162,3.341931e-08,4.187210e-09,0.0681,0.0638,489
14,features.17,924,active,-0.074054,2.143229e-07,1.800124e-08,0.5189,0.3708,489
14,features.17,925,active,0.130270,3.798088e-08,1.643874e-08,0.0854,0.3459,489
14,features.17,926,active,-0.072432,5.043374e-07,5.322903e-08,0.7881,0.6432,489
14,features.17,927,active,0.081081,4.673737e-08,1.217906e-08,0.1135,0.2757,489
14,features.17,928,pruned_before,nan,0.000000e+00,0.000000e+00,0.0000,0.0000,0
14,features.17,929,active,-0.113514,9.324129e-08,2.880776e-09,0.2476,0.0205,489
14,features.17,930,pruned_before,nan,0.000000e+00,0.000000e+00,0.0000,0.0000,0
14,features.17,931,active,0.009730,2.028759e-07,3.155784e-08,0.4973,0.5168,489
14,features.17,932,active,0.188649,1.791137e-07,1.261055e-07,0.4670,0.8443,489
14,features.17,933,active,0.098919,3.574048e-08,1.197954e-08,0.0757,0.2735,489
14,features.17,934,active,0.187027,9.765964e-08,5.120080e-08,0.2584,0.6324,489
14,features.17,935,active,-0.123243,1.538779e-07,7.352035e-09,0.4108,0.1643,489
14,features.17,936,active,0.047027,1.713961e-07,3.657063e-08,0.4486,0.5427,489
14,features.17,937,active,-0.027027,8.774027e-07,1.341603e-07,0.9124,0.8584,489
14,features.17,938,active,-0.023784,3.442666e-07,5.147901e-08,0.6832,0.6357,489
14,features.17,939,active,-0.033514,6.562404e-08,4.783407e-09,0.1600,0.0930,489
14,features.17,940,active,-0.020541,8.767332e-07,1.420162e-07,0.9114,0.8703,489
14,features.17,941,active,-0.090811,2.931365e-07,2.227104e-08,0.6141,0.4324,489
14,features.17,942,active,0.016757,1.044324e-06,3.709915e-07,0.9373,0.9708,489
14,features.17,943,active,-0.117297,1.931886e-07,1.094914e-08,0.4854,0.2508,489
14,features.17,944,active,0.038378,3.870614e-07,1.047071e-07,0.7276,0.8043,489
14,features.17,945,active,-0.198919,2.440431e-07,7.179979e-09,0.5600,0.1622,489
14,features.17,946,active,-0.242703,4.247285e-07,1.173772e-08,0.7546,0.2692,489
14,features.17,947,active,-0.225946,3.192447e-07,9.350549e-09,0.6595,0.2076,489
14,features.17,948,active,-0.041622,8.165378e-08,5.522689e-09,0.2054,0.1222,489
14,features.17,949,active,0.020000,2.816889e-07,5.358360e-08,0.6065,0.6465,489
14,features.17,950,active,0.088649,1.492552e-07,4.048614e-08,0.3968,0.5741,489
14,features.17,951,active,0.078919,2.126311e-07,6.188139e-08,0.5168,0.6746,489
14,features.17,952,active,0.018919,2.483517e-07,4.543957e-08,0.5654,0.6032,489
14,features.17,953,active,-0.011351,1.413293e-06,2.374162e-07,0.9708,0.9481,489
14,features.17,954,pruned_now,-0.257297,3.768614e-07,9.009012e-09,0.7157,0.2011,489
14,features.17,955,active,-0.087027,5.255680e-07,4.939636e-08,0.7989,0.6249,489
14,features.17,956,active,0.028108,9.041519e-08,1.280550e-08,0.2303,0.2865,489
14,features.17,957,active,-0.068108,1.619566e-07,1.318289e-08,0.4303,0.2941,489
14,features.17,958,active,0.036216,6.292502e-08,1.016691e-08,0.1546,0.2270,489
14,features.17,959,active,0.007568,6.613246e-07,1.393754e-07,0.8508,0.8659,489
