iter,block,ch,status,score,phi_raw,perf_raw,phi_n,perf_n,weights
84,features.1,0,active,-0.058824,0.000000e+00,0.000000e+00,0.1765,0.0588,25
84,features.1,1,protected,0.029412,5.065396e-07,3.055701e-02,0.9412,1.0000,25
84,features.1,2,pruned_before,nan,0.000000e+00,0.000000e+00,0.0000,0.0000,0
84,features.1,3,active,-0.088235,1.387349e-07,3.999779e-04,0.7647,0.5882,25
84,features.1,4,active,0.088235,7.807148e-08,2.535577e-02,0.7059,0.8824,25
84,features.1,5,pruned_before,nan,0.000000e+00,0.000000e+00,0.0000,0.0000,0
84,features.1,6,active,-0.088235,4.308500e-07,5.654295e-03,0.8824,0.7059,25
84,features.1,7,active,0.029412,5.171185e-08,5.333330e-03,0.5882,0.6471,25
84,features.1,8,active,-0.117647,1.227894e-06,1.705503e-02,1.0000,0.7647,25
84,features.1,9,active,-0.058824,0.000000e+00,0.000000e+00,0.1176,0.0000,25
84,features.1,10,active,-0.058824,5.265807e-08,3.290506e-04,0.6471,0.5294,25
84,features.1,11,active,0.205882,1.705055e-08,2.006625e-02,0.4118,0.8235,25
84,features.1,12,pruned_before,nan,0.000000e+00,0.000000e+00,0.0000,0.0000,0
84,features.1,13,active,-0.058824,3.816313e-08,3.115274e-05,0.5294,0.4118,25
84,features.1,14,active,0.058824,0.000000e+00,0.000000e+00,0.0000,0.1176,25
84,features.1,15,active,0.058824,0.000000e+00,0.000000e+00,0.0588,0.1765,25
84,features.1,16,active,0.029412,0.000000e+00,4.214329e-11,0.2353,0.2941,25
84,features.1,17,active,-0.029412,0.000000e+00,1.937972e-11,0.2941,0.2353,25
84,features.1,18,active,0.058824,3.343520e-07,3.039296e-02,0.8235,0.9412,25
84,features.1,19,pruned_before,nan,0.000000e+00,0.000000e+00,0.0000,0.0000,0
84,features.1,20,pruned_before,nan,0.000000e+00,0.000000e+00,0.0000,0.0000,0
84,features.1,21,pruned_before,nan,0.000000e+00,0.000000e+00,0.0000,0.0000,0
84,features.1,22,pruned_before,nan,0.000000e+00,0.000000e+00,0.0000,0.0000,0
84,features.1,23,active,0.000000,2.062144e-09,2.207811e-10,0.3529,0.3529,25
84,features.1,24,pruned_before,nan,0.000000e+00,0.000000e+00,0.0000,0.0000,0
84,features.1,25,pruned_before,nan,0.000000e+00,0.000000e+00,0.0000,0.0000,0
84,features.1,26,pruned_before,nan,0.000000e+00,0.000000e+00,0.0000,0.0000,0
84,features.1,27,pruned_before,nan,0.000000e+00,0.000000e+00,0.0000,0.0000,0
84,features.1,28,pruned_before,nan,0.000000e+00,0.000000e+00,0.0000,0.0000,0
84,features.1,29,pruned_before,nan,0.000000e+00,0.000000e+00,0.0000,0.0000,0
84,features.1,30,pruned_before,nan,0.000000e+00,0.000000e+00,0.0000,0.0000,0
84,features.1,31,active,0.000000,2.911095e-08,1.472332e-04,0.4706,0.4706,25
84,features.2,0,pruned_before,nan,0.000000e+00,0.000000e+00,0.0000,0.0000,0
84,features.2,1,pruned_before,nan,0.000000e+00,0.000000e+00,0.0000,0.0000,0
84,features.2,2,pruned_before,nan,0.000000e+00,0.000000e+00,0.0000,0.0000,0
84,features.2,3,pruned_before,nan,0.000000e+00,0.000000e+00,0.0000,0.0000,0
84,features.2,4,pruned_before,nan,0.000000e+00,0.000000e+00,0.0000,0.0000,0
84,features.2,5,pruned_before,nan,0.000000e+00,0.000000e+00,0.0000,0.0000,0
84,features.2,6,pruned_before,nan,0.000000e+00,0.000000e+00,0.0000,0.0000,0
84,features.2,7,pruned_before,nan,0.000000e+00,0.000000e+00,0.0000,0.0000,0
84,features.2,8,pruned_before,nan,0.000000e+00,0.000000e+00,0.0000,0.0000,0
84,features.2,9,pruned_before,nan,0.000000e+00,0.000000e+00,0.0000,0.0000,0
84,features.2,10,pruned_before,nan,0.000000e+00,0.000000e+00,0.0000,0.0000,0
84,features.2,11,pruned_before,nan,0.000000e+00,0.000000e+00,0.0000,0.0000,0
84,features.2,12,active,-0.071429,1.591931e-07,2.253419e-03,0.5714,0.4286,49
84,features.2,13,pruned_before,nan,0.000000e+00,0.000000e+00,0.0000,0.0000,0
84,features.2,14,pruned_before,nan,0.000000e+00,0.000000e+00,0.0000,0.0000,0
84,features.2,15,pruned_before,nan,0.000000e+00,0.000000e+00,0.0000,0.0000,0
84,features.2,16,pruned_before,nan,0.000000e+00,0.000000e+00,0.0000,0.0000,0
84,features.2,17,pruned_before,nan,0.000000e+00,0.000000e+00,0.0000,0.0000,0
84,features.2,18,pruned_before,nan,0.000000e+00,0.000000e+00,0.0000,0.0000,0
84,features.2,19,pruned_before,nan,0.000000e+00,0.000000e+00,0.0000,0.0000,0
84,features.2,20,pruned_before,nan,0.000000e+00,0.000000e+00,0.0000,0.0000,0
84,features.2,21,pruned_before,nan,0.000000e+00,0.000000e+00,0.0000,0.0000,0
84,features.2,22,pruned_before,nan,0.000000e+00,0.000000e+00,0.0000,0.0000,0
84,features.2,23,pruned_before,nan,0.000000e+00,0.000000e+00,0.0000,0.0000,0
84,features.2,24,pruned_before,nan,0.000000e+00,0.000000e+00,0.0000,0.0000,0
84,features.2,25,pruned_before,nan,0.000000e+00,0.000000e+00,0.0000,0.0000,0
84,features.2,26,pruned_before,nan,0.000000e+00,0.000000e+00,0.0000,0.0000,0
84,features.2,27,pruned_before,nan,0.000000e+00,0.000000e+00,0.0000,0.0000,0
84,features.2,28,pruned_before,nan,0.000000e+00,0.000000e+00,0.0000,0.0000,0
84,features.2,29,active,0.000000,2.032266e-08,5.938574e-04,0.0000,0.0000,49
84,features.2,30,pruned_before,nan,0.000000e+00,0.000000e+00,0.0000,0.0000,0
84,features.2,31,pruned_before,nan,0.000000e+00,0.000000e+00,0.0000,0.0000,0
84,features.2,32,pruned_before,nan,0.000000e+00,0.000000e+00,0.0000,0.0000,0
84,features.2,33,pruned_before,nan,0.000000e+00,0.000000e+00,0.0000,0.0000,0
84,features.2,34,active,-0.071429,2.556392e-06,5.211566e-03,0.8571,0.7143,49
84,features.2,35,pruned_before,nan,0.000000e+00,0.000000e+00,0.0000,0.0000,0
84,features.2,36,pruned_before,nan,0.000000e+00,0.000000e+00,0.0000,0.0000,0
84,features.2,37,pruned_before,nan,0.000000e+00,0.000000e+00,0.0000,0.0000,0
84,features.2,38,pruned_before,nan,0.000000e+00,0.000000e+00,0.0000,0.0000,0
84,features.2,39,pruned_before,nan,0.000000e+00,0.000000e+00,0.0000,0.0000,0
84,features.2,40,pruned_before,nan,0.000000e+00,0.000000e+00,0.0000,0.0000,0
84,features.2,41,pruned_before,nan,0.000000e+00,0.000000e+00,0.0000,0.0000,0
84,features.2,42,pruned_before,nan,0.000000e+00,0.000000e+00,0.0000,0.0000,0
84,features.2,43,pruned_before,nan,0.000000e+00,0.000000e+00,0.0000,0.0000,0
84,features.2,44,pruned_before,nan,0.000000e+00,0.000000e+00,0.0000,0.0000,0
84,features.2,45,pruned_before,nan,0.000000e+00,0.000000e+00,0.0000,0.0000,0
84,features.2,46,pruned_before,nan,0.000000e+00,0.000000e+00,0.0000,0.0000,0
84,features.2,47,pruned_before,nan,0.000000e+00,0.000000e+00,0.0000,0.0000,0
84,features.2,48,pruned_before,nan,0.000000e+00,0.000000e+00,0.0000,0.0000,0
84,features.2,49,pruned_before,nan,0.000000e+00,0.000000e+00,0.0000,0.0000,0
84,features.2,50,pruned_before,nan,0.000000e+00,0.000000e+00,0.0000,0.0000,0
84,features.2,51,pruned_before,nan,0.000000e+00,0.000000e+00,0.0000,0.0000,0
84,features.2,52,pruned_before,nan,0.000000e+00,0.000000e+00,0.0000,0.0000,0
84,features.2,53,pruned_before,nan,0.000000e+00,0.000000e+00,0.0000,0.0000,0
84,features.2,54,pruned_before,nan,0.000000e+00,0.000000e+00,0.0000,0.0000,0
84,features.2,55,active,0.142857,1.039742e-07,2.465829e-03,0.2857,0.5714,49
84,features.2,56,pruned_before,nan,0.000000e+00,0.000000e+00,0.0000,0.0000,0
84,features.2,57,pruned_before,nan,0.000000e+00,0.000000e+00,0.0000,0.0000,0
84,features.2,58,pruned_before,nan,0.000000e+00,0.000000e+00,0.0000,0.0000,0
84,features.2,59,pruned_before,nan,0.000000e+00,0.000000e+00,0.0000,0.0000,0
84,features.2,60,pruned_before,nan,0.000000e+00,0.000000e+00,0.0000,0.0000,0
84,features.2,61,pruned_before,nan,0.000000e+00,0.000000e+00,0.0000,0.0000,0
84,features.2,62,active,-0.285714,2.107364e-07,1.974029e-03,0.7143,0.1429,49
84,features.2,63,pruned_before,nan,0.000000e+00,0.000000e+00,0.0000,0.0000,0
84,features.2,64,pruned_before,nan,0.000000e+00,0.000000e+00,0.0000,0.0000,0
84,features.2,65,pruned_before,nan,0.000000e+00,0.000000e+00,0.0000,0.0000,0
84,features.2,66,pruned_before,nan,0.000000e+00,0.000000e+00,0.0000,0.0000,0
84,features.2,67,pruned_before,nan,0.000000e+00,0.000000e+00,0.0000,0.0000,0
84,features.2,68,pruned_before,nan,0.000000e+00,0.000000e+00,0.0000,0.0000,0
84,features.2,69,pruned_before,nan,0.000000e+00,0.000000e+00,0.0000,0.0000,0
84,features.2,70,pruned_before,nan,0.000000e+00,0.000000e+00,0.0000,0.0000,0
84,features.2,71,pruned_before,nan,0.000000e+00,0.000000e+00,0.0000,0.0000,0
84,features.2,72,protected,0.428571,9.070195e-08,2.907036e-02,0.1429,1.0000,49
84,features.2,73,pruned_before,nan,0.000000e+00,0.000000e+00,0.0000,0.0000,0
84,features.2,74,pruned_before,nan,0.000000e+00,0.000000e+00,0.0000,0.0000,0
84,features.2,75,pruned_before,nan,0.000000e+00,0.000000e+00,0.0000,0.0000,0
84,features.2,76,pruned_before,nan,0.000000e+00,0.000000e+00,0.0000,0.0000,0
84,features.2,77,pruned_before,nan,0.000000e+00,0.000000e+00,0.0000,0.0000,0
84,features.2,78,pruned_before,nan,0.000000e+00,0.000000e+00,0.0000,0.0000,0
84,features.2,79,pruned_before,nan,0.000000e+00,0.000000e+00,0.0000,0.0000,0
84,features.2,80,pruned_before,nan,0.000000e+00,0.000000e+00,0.0000,0.0000,0
84,features.2,81,pruned_before,nan,0.000000e+00,0.000000e+00,0.0000,0.0000,0
84,features.2,82,pruned_before,nan,0.000000e+00,0.000000e+00,0.0000,0.0000,0
84,features.2,83,pruned_before,nan,0.000000e+00,0.000000e+00,0.0000,0.0000,0
84,features.2,84,pruned_before,nan,0.000000e+00,0.000000e+00,0.0000,0.0000,0
84,features.2,85,pruned_before,nan,0.000000e+00,0.000000e+00,0.0000,0.0000,0
84,features.2,86,pruned_before,nan,0.000000e+00,0.000000e+00,0.0000,0.0000,0
84,features.2,87,pruned_before,nan,0.000000e+00,0.000000e+00,0.0000,0.0000,0
84,features.2,88,pruned_before,nan,0.000000e+00,0.000000e+00,0.0000,0.0000,0
84,features.2,89,pruned_before,nan,0.000000e+00,0.000000e+00,0.0000,0.0000,0
84,features.2,90,active,-0.071429,1.092947e-07,2.246187e-03,0.4286,0.2857,49
84,features.2,91,pruned_before,nan,0.000000e+00,0.000000e+00,0.0000,0.0000,0
84,features.2,92,active,-0.071429,4.150609e-06,9.679858e-03,1.0000,0.8571,49
84,features.2,93,pruned_before,nan,0.000000e+00,0.000000e+00,0.0000,0.0000,0
84,features.2,94,pruned_before,nan,0.000000e+00,0.000000e+00,0.0000,0.0000,0
84,features.2,95,pruned_before,nan,0.000000e+00,0.000000e+00,0.0000,0.0000,0
84,features.3,0,pruned_before,nan,0.000000e+00,0.000000e+00,0.0000,0.0000,0
84,features.3,1,pruned_before,nan,0.000000e+00,0.000000e+00,0.0000,0.0000,0
84,features.3,2,pruned_before,nan,0.000000e+00,0.000000e+00,0.0000,0.0000,0
84,features.3,3,pruned_before,nan,0.000000e+00,0.000000e+00,0.0000,0.0000,0
84,features.3,4,pruned_before,nan,0.000000e+00,0.000000e+00,0.0000,0.0000,0
84,features.3,5,pruned_before,nan,0.000000e+00,0.000000e+00,0.0000,0.0000,0
84,features.3,6,pruned_before,nan,0.000000e+00,0.000000e+00,0.0000,0.0000,0
84,features.3,7,pruned_before,nan,0.000000e+00,0.000000e+00,0.0000,0.0000,0
84,features.3,8,active,-0.090909,2.550004e-08,3.614447e-04,0.2727,0.0909,57
84,features.3,9,active,-0.227273,1.759181e-07,1.239697e-03,0.8182,0.3636,57
84,features.3,10,active,-0.181818,3.688244e-07,1.602704e-03,1.0000,0.6364,57
84,features.3,11,pruned_before,nan,0.000000e+00,0.000000e+00,0.0000,0.0000,0
84,features.3,12,pruned_before,nan,0.000000e+00,0.000000e+00,0.0000,0.0000,0
84,features.3,13,pruned_before,nan,0.000000e+00,0.000000e+00,0.0000,0.0000,0
84,features.3,14,pruned_before,nan,0.000000e+00,0.000000e+00,0.0000,0.0000,0
84,features.3,15,pruned_before,nan,0.000000e+00,0.000000e+00,0.0000,0.0000,0
84,features.3,16,pruned_before,nan,0.000000e+00,0.000000e+00,0.0000,0.0000,0
84,features.3,17,pruned_before,nan,0.000000e+00,0.000000e+00,0.0000,0.0000,0
84,features.3,18,pruned_before,nan,0.000000e+00,0.000000e+00,0.0000,0.0000,0
84,features.3,19,pruned_before,nan,0.000000e+00,0.000000e+00,0.0000,0.0000,0
84,features.3,20,pruned_before,nan,0.000000e+00,0.000000e+00,0.0000,0.0000,0
84,features.3,21,pruned_before,nan,0.000000e+00,0.000000e+00,0.0000,0.0000,0
84,features.3,22,pruned_before,nan,0.000000e+00,0.000000e+00,0.0000,0.0000,0
84,features.3,23,pruned_before,nan,0.000000e+00,0.000000e+00,0.0000,0.0000,0
84,features.3,24,pruned_before,nan,0.000000e+00,0.000000e+00,0.0000,0.0000,0
84,features.3,25,pruned_before,nan,0.000000e+00,0.000000e+00,0.0000,0.0000,0
84,features.3,26,pruned_before,nan,0.000000e+00,0.000000e+00,0.0000,0.0000,0
84,features.3,27,pruned_before,nan,0.000000e+00,0.000000e+00,0.0000,0.0000,0
84,features.3,28,pruned_before,nan,0.000000e+00,0.000000e+00,0.0000,0.0000,0
84,features.3,29,pruned_before,nan,0.000000e+00,0.000000e+00,0.0000,0.0000,0
84,features.3,30,pruned_before,nan,0.000000e+00,0.000000e+00,0.0000,0.0000,0
84,features.3,31,pruned_before,nan,0.000000e+00,0.000000e+00,0.0000,0.0000,0
84,features.3,32,pruned_before,nan,0.000000e+00,0.000000e+00,0.0000,0.0000,0
84,features.3,33,pruned_before,nan,0.000000e+00,0.000000e+00,0.0000,0.0000,0
84,features.3,34,pruned_before,nan,0.000000e+00,0.000000e+00,0.0000,0.0000,0
84,features.3,35,pruned_before,nan,0.000000e+00,0.000000e+00,0.0000,0.0000,0
84,features.3,36,pruned_before,nan,0.000000e+00,0.000000e+00,0.0000,0.0000,0
84,features.3,37,pruned_before,nan,0.000000e+00,0.000000e+00,0.0000,0.0000,0
84,features.3,38,pruned_before,nan,0.000000e+00,0.000000e+00,0.0000,0.0000,0
84,features.3,39,pruned_before,nan,0.000000e+00,0.000000e+00,0.0000,0.0000,0
84,features.3,40,pruned_before,nan,0.000000e+00,0.000000e+00,0.0000,0.0000,0
84,features.3,41,pruned_before,nan,0.000000e+00,0.000000e+00,0.0000,0.0000,0
84,features.3,42,pruned_before,nan,0.000000e+00,0.000000e+00,0.0000,0.0000,0
84,features.3,43,pruned_before,nan,0.000000e+00,0.000000e+00,0.0000,0.0000,0
84,features.3,44,active,0.090909,9.705108e-08,4.807069e-03,0.6364,0.8182,57
84,features.3,45,pruned_before,nan,0.000000e+00,0.000000e+00,0.0000,0.0000,0
84,features.3,46,pruned_before,nan,0.000000e+00,0.000000e+00,0.0000,0.0000,0
84,features.3,47,pruned_before,nan,0.000000e+00,0.000000e+00,0.0000,0.0000,0
84,features.3,48,protected,0.136364,1.266242e-07,6.362514e-03,0.7273,1.0000,57
84,features.3,49,pruned_before,nan,0.000000e+00,0.000000e+00,0.0000,0.0000,0
84,features.3,50,pruned_before,nan,0.000000e+00,0.000000e+00,0.0000,0.0000,0
84,features.3,51,pruned_before,nan,0.000000e+00,0.000000e+00,0.0000,0.0000,0
84,features.3,52,pruned_before,nan,0.000000e+00,0.000000e+00,0.0000,0.0000,0
84,features.3,53,pruned_before,nan,0.000000e+00,0.000000e+00,0.0000,0.0000,0
84,features.3,54,pruned_before,nan,0.000000e+00,0.000000e+00,0.0000,0.0000,0
84,features.3,55,pruned_before,nan,0.000000e+00,0.000000e+00,0.0000,0.0000,0
84,features.3,56,pruned_before,nan,0.000000e+00,0.000000e+00,0.0000,0.0000,0
84,features.3,57,pruned_before,nan,0.000000e+00,0.000000e+00,0.0000,0.0000,0
84,features.3,58,pruned_before,nan,0.000000e+00,0.000000e+00,0.0000,0.0000,0
84,features.3,59,pruned_before,nan,0.000000e+00,0.000000e+00,0.0000,0.0000,0
84,features.3,60,pruned_before,nan,0.000000e+00,0.000000e+00,0.0000,0.0000,0
84,features.3,61,pruned_before,nan,0.000000e+00,0.000000e+00,0.0000,0.0000,0
84,features.3,62,pruned_before,nan,0.000000e+00,0.000000e+00,0.0000,0.0000,0
84,features.3,63,pruned_before,nan,0.000000e+00,0.000000e+00,0.0000,0.0000,0
84,features.3,64,pruned_before,nan,0.000000e+00,0.000000e+00,0.0000,0.0000,0
84,features.3,65,pruned_before,nan,0.000000e+00,0.000000e+00,0.0000,0.0000,0
84,features.3,66,pruned_before,nan,0.000000e+00,0.000000e+00,0.0000,0.0000,0
84,features.3,67,active,-0.090909,2.147242e-08,8.903004e-05,0.1818,0.0000,57
84,features.3,68,pruned_before,nan,0.000000e+00,0.000000e+00,0.0000,0.0000,0
84,features.3,69,pruned_before,nan,0.000000e+00,0.000000e+00,0.0000,0.0000,0
84,features.3,70,active,-0.090909,2.612939e-08,4.302921e-04,0.3636,0.1818,57
84,features.3,71,pruned_before,nan,0.000000e+00,0.000000e+00,0.0000,0.0000,0
84,features.3,72,pruned_before,nan,0.000000e+00,0.000000e+00,0.0000,0.0000,0
84,features.3,73,pruned_before,nan,0.000000e+00,0.000000e+00,0.0000,0.0000,0
84,features.3,74,pruned_before,nan,0.000000e+00,0.000000e+00,0.0000,0.0000,0
84,features.3,75,pruned_before,nan,0.000000e+00,0.000000e+00,0.0000,0.0000,0
84,features.3,76,pruned_before,nan,0.000000e+00,0.000000e+00,0.0000,0.0000,0
84,features.3,77,pruned_before,nan,0.000000e+00,0.000000e+00,0.0000,0.0000,0
84,features.3,78,pruned_before,nan,0.000000e+00,0.000000e+00,0.0000,0.0000,0
84,features.3,79,pruned_before,nan,0.000000e+00,0.000000e+00,0.0000,0.0000,0
84,features.3,80,pruned_before,nan,0.000000e+00,0.000000e+00,0.0000,0.0000,0
84,features.3,81,pruned_before,nan,0.000000e+00,0.000000e+00,0.0000,0.0000,0
84,features.3,82,pruned_before,nan,0.000000e+00,0.000000e+00,0.0000,0.0000,0
84,features.3,83,pruned_before,nan,0.000000e+00,0.000000e+00,0.0000,0.0000,0
84,features.3,84,pruned_before,nan,0.000000e+00,0.000000e+00,0.0000,0.0000,0
84,features.3,85,active,0.045455,5.097583e-08,1.345026e-03,0.4545,0.5455,57
84,features.3,86,pruned_before,nan,0.000000e+00,0.000000e+00,0.0000,0.0000,0
84,features.3,87,active,0.090909,6.090174e-08,3.017832e-03,0.5455,0.7273,57
84,features.3,88,pruned_before,nan,0.000000e+00,0.000000e+00,0.0000,0.0000,0
84,features.3,89,pruned_before,nan,0.000000e+00,0.000000e+00,0.0000,0.0000,0
84,features.3,90,pruned_before,nan,0.000000e+00,0.000000e+00,0.0000,0.0000,0
84,features.3,91,pruned_before,nan,0.000000e+00,0.000000e+00,0.0000,0.0000,0
84,features.3,92,pruned_before,nan,0.000000e+00,0.000000e+00,0.0000,0.0000,0
84,features.3,93,pruned_before,nan,0.000000e+00,0.000000e+00,0.0000,0.0000,0
84,features.3,94,pruned_before,nan,0.000000e+00,0.000000e+00,0.0000,0.0000,0
84,features.3,95,pruned_before,nan,0.000000e+00,0.000000e+00,0.0000,0.0000,0
84,features.3,96,pruned_before,nan,0.000000e+00,0.000000e+00,0.0000,0.0000,0
84,features.3,97,pruned_before,nan,0.000000e+00,0.000000e+00,0.0000,0.0000,0
84,features.3,98,pruned_before,nan,0.000000e+00,0.000000e+00,0.0000,0.0000,0
84,features.3,99,pruned_before,nan,0.000000e+00,0.000000e+00,0.0000,0.0000,0
84,features.3,100,pruned_before,nan,0.000000e+00,0.000000e+00,0.0000,0.0000,0
84,features.3,101,pruned_before,nan,0.000000e+00,0.000000e+00,0.0000,0.0000,0
84,features.3,102,pruned_before,nan,0.000000e+00,0.000000e+00,0.0000,0.0000,0
84,features.3,103,pruned_before,nan,0.000000e+00,0.000000e+00,0.0000,0.0000,0
84,features.3,104,pruned_before,nan,0.000000e+00,0.000000e+00,0.0000,0.0000,0
84,features.3,105,pruned_before,nan,0.000000e+00,0.000000e+00,0.0000,0.0000,0
84,features.3,106,active,0.090909,2.105659e-08,5.328329e-04,0.0909,0.2727,57
84,features.3,107,pruned_before,nan,0.000000e+00,0.000000e+00,0.0000,0.0000,0
84,features.3,108,pruned_before,nan,0.000000e+00,0.000000e+00,0.0000,0.0000,0
84,features.3,109,pruned_before,nan,0.000000e+00,0.000000e+00,0.0000,0.0000,0
84,features.3,110,active,0.000000,2.246491e-07,5.228454e-03,0.9091,0.9091,57
84,features.3,111,pruned_before,nan,0.000000e+00,0.000000e+00,0.0000,0.0000,0
84,features.3,112,pruned_before,nan,0.000000e+00,0.000000e+00,0.0000,0.0000,0
84,features.3,113,pruned_before,nan,0.000000e+00,0.000000e+00,0.0000,0.0000,0
84,features.3,114,pruned_before,nan,0.000000e+00,0.000000e+00,0.0000,0.0000,0
84,features.3,115,pruned_before,nan,0.000000e+00,0.000000e+00,0.0000,0.0000,0
84,features.3,116,pruned_before,nan,0.000000e+00,0.000000e+00,0.0000,0.0000,0
84,features.3,117,pruned_before,nan,0.000000e+00,0.000000e+00,0.0000,0.0000,0
84,features.3,118,pruned_before,nan,0.000000e+00,0.000000e+00,0.0000,0.0000,0
84,features.3,119,pruned_before,nan,0.000000e+00,0.000000e+00,0.0000,0.0000,0
84,features.3,120,active,0.227273,1.949639e-08,1.259092e-03,0.0000,0.4545,57
84,features.3,121,pruned_before,nan,0.000000e+00,0.000000e+00,0.0000,0.0000,0
84,features.3,122,pruned_before,nan,0.000000e+00,0.000000e+00,0.0000,0.0000,0
84,features.3,123,pruned_before,nan,0.000000e+00,0.000000e+00,0.0000,0.0000,0
84,features.3,124,pruned_before,nan,0.000000e+00,0.000000e+00,0.0000,0.0000,0
84,features.3,125,pruned_before,nan,0.000000e+00,0.000000e+00,0.0000,0.0000,0
84,features.3,126,pruned_before,nan,0.000000e+00,0.000000e+00,0.0000,0.0000,0
84,features.3,127,pruned_before,nan,0.000000e+00,0.000000e+00,0.0000,0.0000,0
84,features.3,128,pruned_before,nan,0.000000e+00,0.000000e+00,0.0000,0.0000,0
84,features.3,129,pruned_before,nan,0.000000e+00,0.000000e+00,0.0000,0.0000,0
84,features.3,130,pruned_before,nan,0.000000e+00,0.000000e+00,0.0000,0.0000,0
84,features.3,131,pruned_before,nan,0.000000e+00,0.000000e+00,0.0000,0.0000,0
84,features.3,132,pruned_before,nan,0.000000e+00,0.000000e+00,0.0000,0.0000,0
84,features.3,133,pruned_before,nan,0.000000e+00,0.000000e+00,0.0000,0.0000,0
84,features.3,134,pruned_before,nan,0.000000e+00,0.000000e+00,0.0000,0.0000,0
84,features.3,135,pruned_before,nan,0.000000e+00,0.000000e+00,0.0000,0.0000,0
84,features.3,136,pruned_before,nan,0.000000e+00,0.000000e+00,0.0000,0.0000,0
84,features.3,137,pruned_before,nan,0.000000e+00,0.000000e+00,0.0000,0.0000,0
84,features.3,138,pruned_before,nan,0.000000e+00,0.000000e+00,0.0000,0.0000,0
84,features.3,139,pruned_before,nan,0.000000e+00,0.000000e+00,0.0000,0.0000,0
84,features.3,140,pruned_before,nan,0.000000e+00,0.000000e+00,0.0000,0.0000,0
84,features.3,141,pruned_before,nan,0.000000e+00,0.000000e+00,0.0000,0.0000,0
84,features.3,142,pruned_before,nan,0.000000e+00,0.000000e+00,0.0000,0.0000,0
84,features.3,143,pruned_before,nan,0.000000e+00,0.000000e+00,0.0000,0.0000,0
84,features.4,0,pruned_before,nan,0.000000e+00,0.000000e+00,0.0000,0.0000,0
84,features.4,1,pruned_before,nan,0.000000e+00,0.000000e+00,0.0000,0.0000,0
84,features.4,2,pruned_before,nan,0.000000e+00,0.000000e+00,0.0000,0.0000,0
84,features.4,3,pruned_before,nan,0.000000e+00,0.000000e+00,0.0000,0.0000,0
84,features.4,4,pruned_before,nan,0.000000e+00,0.000000e+00,0.0000,0.0000,0
84,features.4,5,pruned_before,nan,0.000000e+00,0.000000e+00,0.0000,0.0000,0
84,features.4,6,pruned_before,nan,0.000000e+00,0.000000e+00,0.0000,0.0000,0
84,features.4,7,pruned_before,nan,0.000000e+00,0.000000e+00,0.0000,0.0000,0
84,features.4,8,active,0.078125,2.077262e-06,2.049177e-04,0.8125,0.9688,65
84,features.4,9,pruned_before,nan,0.000000e+00,0.000000e+00,0.0000,0.0000,0
84,features.4,10,pruned_before,nan,0.000000e+00,0.000000e+00,0.0000,0.0000,0
84,features.4,11,pruned_before,nan,0.000000e+00,0.000000e+00,0.0000,0.0000,0
84,features.4,12,pruned_before,nan,0.000000e+00,0.000000e+00,0.0000,0.0000,0
84,features.4,13,pruned_before,nan,0.000000e+00,0.000000e+00,0.0000,0.0000,0
84,features.4,14,pruned_before,nan,0.000000e+00,0.000000e+00,0.0000,0.0000,0
84,features.4,15,pruned_before,nan,0.000000e+00,0.000000e+00,0.0000,0.0000,0
84,features.4,16,pruned_before,nan,0.000000e+00,0.000000e+00,0.0000,0.0000,0
84,features.4,17,pruned_before,nan,0.000000e+00,0.000000e+00,0.0000,0.0000,0
84,features.4,18,pruned_before,nan,0.000000e+00,0.000000e+00,0.0000,0.0000,0
84,features.4,19,pruned_before,nan,0.000000e+00,0.000000e+00,0.0000,0.0000,0
84,features.4,20,pruned_before,nan,0.000000e+00,0.000000e+00,0.0000,0.0000,0
84,features.4,21,pruned_before,nan,0.000000e+00,0.000000e+00,0.0000,0.0000,0
84,features.4,22,active,0.031250,8.406191e-07,1.039399e-04,0.6250,0.6875,65
84,features.4,23,pruned_before,nan,0.000000e+00,0.000000e+00,0.0000,0.0000,0
84,features.4,24,pruned_before,nan,0.000000e+00,0.000000e+00,0.0000,0.0000,0
84,features.4,25,active,-0.015625,4.385758e-07,7.374270e-05,0.5625,0.5312,65
84,features.4,26,pruned_before,nan,0.000000e+00,0.000000e+00,0.0000,0.0000,0
84,features.4,27,pruned_before,nan,0.000000e+00,0.000000e+00,0.0000,0.0000,0
84,features.4,28,pruned_before,nan,0.000000e+00,0.000000e+00,0.0000,0.0000,0
84,features.4,29,pruned_before,nan,0.000000e+00,0.000000e+00,0.0000,0.0000,0
84,features.4,30,pruned_before,nan,0.000000e+00,0.000000e+00,0.0000,0.0000,0
84,features.4,31,pruned_before,nan,0.000000e+00,0.000000e+00,0.0000,0.0000,0
84,features.4,32,pruned_before,nan,0.000000e+00,0.000000e+00,0.0000,0.0000,0
84,features.4,33,pruned_before,nan,0.000000e+00,0.000000e+00,0.0000,0.0000,0
84,features.4,34,pruned_before,nan,0.000000e+00,0.000000e+00,0.0000,0.0000,0
84,features.4,35,pruned_before,nan,0.000000e+00,0.000000e+00,0.0000,0.0000,0
84,features.4,36,pruned_before,nan,0.000000e+00,0.000000e+00,0.0000,0.0000,0
84,features.4,37,pruned_before,nan,0.000000e+00,0.000000e+00,0.0000,0.0000,0
84,features.4,38,pruned_before,nan,0.000000e+00,0.000000e+00,0.0000,0.0000,0
84,features.4,39,pruned_before,nan,0.000000e+00,0.000000e+00,0.0000,0.0000,0
84,features.4,40,pruned_before,nan,0.000000e+00,0.000000e+00,0.0000,0.0000,0
84,features.4,41,pruned_before,nan,0.000000e+00,0.000000e+00,0.0000,0.0000,0
84,features.4,42,pruned_before,nan,0.000000e+00,0.000000e+00,0.0000,0.0000,0
84,features.4,43,active,0.031250,8.189944e-07,1.017990e-04,0.5938,0.6562,65
84,features.4,44,pruned_before,nan,0.000000e+00,0.000000e+00,0.0000,0.0000,0
84,features.4,45,pruned_before,nan,0.000000e+00,0.000000e+00,0.0000,0.0000,0
84,features.4,46,active,-0.015625,2.741702e-06,1.460769e-04,0.9062,0.8750,65
84,features.4,47,pruned_before,nan,0.000000e+00,0.000000e+00,0.0000,0.0000,0
84,features.4,48,active,-0.062500,4.196821e-08,1.053111e-05,0.1875,0.0625,65
84,features.4,49,active,-0.046875,8.450490e-07,8.012951e-05,0.6562,0.5625,65
84,features.4,50,pruned_before,nan,0.000000e+00,0.000000e+00,0.0000,0.0000,0
84,features.4,51,pruned_before,nan,0.000000e+00,0.000000e+00,0.0000,0.0000,0
84,features.4,52,pruned_before,nan,0.000000e+00,0.000000e+00,0.0000,0.0000,0
84,features.4,53,pruned_before,nan,0.000000e+00,0.000000e+00,0.0000,0.0000,0
84,features.4,54,active,0.000000,1.241485e-06,1.138203e-04,0.7188,0.7188,65
84,features.4,55,pruned_before,nan,0.000000e+00,0.000000e+00,0.0000,0.0000,0
84,features.4,56,pruned_before,nan,0.000000e+00,0.000000e+00,0.0000,0.0000,0
84,features.4,57,active,0.031250,1.747197e-06,1.345528e-04,0.7812,0.8438,65
84,features.4,58,active,-0.046875,8.588142e-07,9.412551e-05,0.6875,0.5938,65
84,features.4,59,active,-0.046875,5.394949e-08,2.681677e-05,0.2500,0.1562,65
84,features.4,60,pruned_before,nan,0.000000e+00,0.000000e+00,0.0000,0.0000,0
84,features.4,61,active,-0.046875,2.246925e-06,1.195622e-04,0.8438,0.7500,65
84,features.4,62,active,0.281250,4.304449e-08,1.311883e-04,0.2188,0.7812,65
84,features.4,63,active,0.140625,7.541691e-08,9.508200e-05,0.3438,0.6250,65
84,features.4,64,pruned_before,nan,0.000000e+00,0.000000e+00,0.0000,0.0000,0
84,features.4,65,pruned_before,nan,0.000000e+00,0.000000e+00,0.0000,0.0000,0
84,features.4,66,pruned_before,nan,0.000000e+00,0.000000e+00,0.0000,0.0000,0
84,features.4,67,pruned_before,nan,0.000000e+00,0.000000e+00,0.0000,0.0000,0
84,features.4,68,pruned_before,nan,0.000000e+00,0.000000e+00,0.0000,0.0000,0
84,features.4,69,pruned_before,nan,0.000000e+00,0.000000e+00,0.0000,0.0000,0
84,features.4,70,pruned_before,nan,0.000000e+00,0.000000e+00,0.0000,0.0000,0
84,features.4,71,pruned_before,nan,0.000000e+00,0.000000e+00,0.0000,0.0000,0
84,features.4,72,pruned_before,nan,0.000000e+00,0.000000e+00,0.0000,0.0000,0
84,features.4,73,pruned_before,nan,0.000000e+00,0.000000e+00,0.0000,0.0000,0
84,features.4,74,pruned_before,nan,0.000000e+00,0.000000e+00,0.0000,0.0000,0
84,features.4,75,pruned_before,nan,0.000000e+00,0.000000e+00,0.0000,0.0000,0
84,features.4,76,pruned_before,nan,0.000000e+00,0.000000e+00,0.0000,0.0000,0
84,features.4,77,pruned_before,nan,0.000000e+00,0.000000e+00,0.0000,0.0000,0
84,features.4,78,pruned_before,nan,0.000000e+00,0.000000e+00,0.0000,0.0000,0
84,features.4,79,pruned_before,nan,0.000000e+00,0.000000e+00,0.0000,0.0000,0
84,features.4,80,pruned_before,nan,0.000000e+00,0.000000e+00,0.0000,0.0000,0
84,features.4,81,active,0.015625,2.970601e-08,1.923232e-05,0.0938,0.1250,65
84,features.4,82,active,0.234375,2.241608e-08,6.819012e-05,0.0312,0.5000,65
84,features.4,83,pruned_before,nan,0.000000e+00,0.000000e+00,0.0000,0.0000,0
84,features.4,84,pruned_before,nan,0.000000e+00,0.000000e+00,0.0000,0.0000,0
84,features.4,85,pruned_before,nan,0.000000e+00,0.000000e+00,0.0000,0.0000,0
84,features.4,86,pruned_before,nan,0.000000e+00,0.000000e+00,0.0000,0.0000,0
84,features.4,87,pruned_before,nan,0.000000e+00,0.000000e+00,0.0000,0.0000,0
84,features.4,88,pruned_before,nan,0.000000e+00,0.000000e+00,0.0000,0.0000,0
84,features.4,89,pruned_before,nan,0.000000e+00,0.000000e+00,0.0000,0.0000,0
84,features.4,90,pruned_before,nan,0.000000e+00,0.000000e+00,0.0000,0.0000,0
84,features.4,91,pruned_before,nan,0.000000e+00,0.000000e+00,0.0000,0.0000,0
84,features.4,92,pruned_before,nan,0.000000e+00,0.000000e+00,0.0000,0.0000,0
84,features.4,93,pruned_before,nan,0.000000e+00,0.000000e+00,0.0000,0.0000,0
84,features.4,94,pruned_before,nan,0.000000e+00,0.000000e+00,0.0000,0.0000,0
84,features.4,95,pruned_now,-0.140625,2.415117e-07,3.527580e-05,0.5312,0.2500,65
84,features.4,96,pruned_before,nan,0.000000e+00,0.000000e+00,0.0000,0.0000,0
84,features.4,97,pruned_before,nan,0.000000e+00,0.000000e+00,0.0000,0.0000,0
84,features.4,98,active,-0.078125,1.881835e-07,3.822465e-05,0.4688,0.3125,65
84,features.4,99,pruned_before,nan,0.000000e+00,0.000000e+00,0.0000,0.0000,0
84,features.4,100,active,0.000000,1.816680e-08,5.626104e-06,0.0000,0.0000,65
84,features.4,101,active,-0.046875,1.893433e-07,5.118622e-05,0.5000,0.4062,65
84,features.4,102,pruned_before,nan,0.000000e+00,0.000000e+00,0.0000,0.0000,0
84,features.4,103,pruned_before,nan,0.000000e+00,0.000000e+00,0.0000,0.0000,0
84,features.4,104,pruned_before,nan,0.000000e+00,0.000000e+00,0.0000,0.0000,0
84,features.4,105,pruned_before,nan,0.000000e+00,0.000000e+00,0.0000,0.0000,0
84,features.4,106,active,-0.031250,3.470738e-08,1.126101e-05,0.1562,0.0938,65
84,features.4,107,pruned_before,nan,0.000000e+00,0.000000e+00,0.0000,0.0000,0
84,features.4,108,pruned_before,nan,0.000000e+00,0.000000e+00,0.0000,0.0000,0
84,features.4,109,active,0.015625,2.391215e-06,1.474729e-04,0.8750,0.9062,65
84,features.4,110,active,-0.109375,1.641952e-07,3.395350e-05,0.4375,0.2188,65
84,features.4,111,pruned_before,nan,0.000000e+00,0.000000e+00,0.0000,0.0000,0
84,features.4,112,pruned_before,nan,0.000000e+00,0.000000e+00,0.0000,0.0000,0
84,features.4,113,pruned_before,nan,0.000000e+00,0.000000e+00,0.0000,0.0000,0
84,features.4,114,active,-0.062500,1.638341e-07,3.644424e-05,0.4062,0.2812,65
84,features.4,115,active,0.046875,5.424015e-08,4.731212e-05,0.2812,0.3750,65
84,features.4,116,protected,0.000000,5.321670e-06,2.486892e-04,1.0000,1.0000,65
84,features.4,117,pruned_before,nan,0.000000e+00,0.000000e+00,0.0000,0.0000,0
84,features.4,118,pruned_before,nan,0.000000e+00,0.000000e+00,0.0000,0.0000,0
84,features.4,119,pruned_before,nan,0.000000e+00,0.000000e+00,0.0000,0.0000,0
84,features.4,120,pruned_before,nan,0.000000e+00,0.000000e+00,0.0000,0.0000,0
84,features.4,121,pruned_before,nan,0.000000e+00,0.000000e+00,0.0000,0.0000,0
84,features.4,122,active,-0.015625,2.897379e-08,8.573503e-06,0.0625,0.0312,65
84,features.4,123,active,-0.015625,3.986204e-06,1.998612e-04,0.9688,0.9375,65
84,features.4,124,pruned_before,nan,0.000000e+00,0.000000e+00,0.0000,0.0000,0
84,features.4,125,pruned_before,nan,0.000000e+00,0.000000e+00,0.0000,0.0000,0
84,features.4,126,pruned_before,nan,0.000000e+00,0.000000e+00,0.0000,0.0000,0
84,features.4,127,pruned_before,nan,0.000000e+00,0.000000e+00,0.0000,0.0000,0
84,features.4,128,pruned_before,nan,0.000000e+00,0.000000e+00,0.0000,0.0000,0
84,features.4,129,pruned_before,nan,0.000000e+00,0.000000e+00,0.0000,0.0000,0
84,features.4,130,active,-0.062500,3.330528e-06,1.319228e-04,0.9375,0.8125,65
84,features.4,131,active,-0.015625,1.315519e-07,4.154272e-05,0.3750,0.3438,65
84,features.4,132,pruned_before,nan,0.000000e+00,0.000000e+00,0.0000,0.0000,0
84,features.4,133,pruned_before,nan,0.000000e+00,0.000000e+00,0.0000,0.0000,0
84,features.4,134,pruned_before,nan,0.000000e+00,0.000000e+00,0.0000,0.0000,0
84,features.4,135,active,0.171875,3.306178e-08,6.371139e-05,0.1250,0.4688,65
84,features.4,136,pruned_before,nan,0.000000e+00,0.000000e+00,0.0000,0.0000,0
84,features.4,137,pruned_before,nan,0.000000e+00,0.000000e+00,0.0000,0.0000,0
84,features.4,138,pruned_before,nan,0.000000e+00,0.000000e+00,0.0000,0.0000,0
84,features.4,139,pruned_before,nan,0.000000e+00,0.000000e+00,0.0000,0.0000,0
84,features.4,140,active,-0.062500,6.170657e-08,3.354038e-05,0.3125,0.1875,65
84,features.4,141,pruned_now,-0.156250,1.268216e-06,5.959206e-05,0.7500,0.4375,65
84,features.4,142,pruned_before,nan,0.000000e+00,0.000000e+00,0.0000,0.0000,0
84,features.4,143,pruned_before,nan,0.000000e+00,0.000000e+00,0.0000,0.0000,0
84,features.5,0,pruned_before,nan,0.000000e+00,0.000000e+00,0.0000,0.0000,0
84,features.5,1,pruned_before,nan,0.000000e+00,0.000000e+00,0.0000,0.0000,0
84,features.5,2,pruned_before,nan,0.000000e+00,0.000000e+00,0.0000,0.0000,0
84,features.5,3,pruned_before,nan,0.000000e+00,0.000000e+00,0.0000,0.0000,0
84,features.5,4,pruned_before,nan,0.000000e+00,0.000000e+00,0.0000,0.0000,0
84,features.5,5,pruned_before,nan,0.000000e+00,0.000000e+00,0.0000,0.0000,0
84,features.5,6,pruned_before,nan,0.000000e+00,0.000000e+00,0.0000,0.0000,0
84,features.5,7,pruned_before,nan,0.000000e+00,0.000000e+00,0.0000,0.0000,0
84,features.5,8,pruned_before,nan,0.000000e+00,0.000000e+00,0.0000,0.0000,0
84,features.5,9,pruned_before,nan,0.000000e+00,0.000000e+00,0.0000,0.0000,0
84,features.5,10,active,0.000000,2.811044e-08,5.446771e-05,0.2778,0.2778,73
84,features.5,11,pruned_before,nan,0.000000e+00,0.000000e+00,0.0000,0.0000,0
84,features.5,12,pruned_before,nan,0.000000e+00,0.000000e+00,0.0000,0.0000,0
84,features.5,13,pruned_before,nan,0.000000e+00,0.000000e+00,0.0000,0.0000,0
84,features.5,14,pruned_before,nan,0.000000e+00,0.000000e+00,0.0000,0.0000,0
84,features.5,15,pruned_before,nan,0.000000e+00,0.000000e+00,0.0000,0.0000,0
84,features.5,16,pruned_before,nan,0.000000e+00,0.000000e+00,0.0000,0.0000,0
84,features.5,17,pruned_before,nan,0.000000e+00,0.000000e+00,0.0000,0.0000,0
84,features.5,18,pruned_before,nan,0.000000e+00,0.000000e+00,0.0000,0.0000,0
84,features.5,19,pruned_before,nan,0.000000e+00,0.000000e+00,0.0000,0.0000,0
84,features.5,20,active,0.000000,6.572488e-08,1.915199e-04,0.5556,0.5556,73
84,features.5,21,pruned_before,nan,0.000000e+00,0.000000e+00,0.0000,0.0000,0
84,features.5,22,pruned_before,nan,0.000000e+00,0.000000e+00,0.0000,0.0000,0
84,features.5,23,pruned_before,nan,0.000000e+00,0.000000e+00,0.0000,0.0000,0
84,features.5,24,pruned_before,nan,0.000000e+00,0.000000e+00,0.0000,0.0000,0
84,features.5,25,active,0.138889,9.473390e-08,2.742194e-04,0.6111,0.8889,73
84,features.5,26,pruned_before,nan,0.000000e+00,0.000000e+00,0.0000,0.0000,0
84,features.5,27,pruned_before,nan,0.000000e+00,0.000000e+00,0.0000,0.0000,0
84,features.5,28,pruned_before,nan,0.000000e+00,0.000000e+00,0.0000,0.0000,0
84,features.5,29,pruned_before,nan,0.000000e+00,0.000000e+00,0.0000,0.0000,0
84,features.5,30,pruned_before,nan,0.000000e+00,0.000000e+00,0.0000,0.0000,0
84,features.5,31,pruned_before,nan,0.000000e+00,0.000000e+00,0.0000,0.0000,0
84,features.5,32,pruned_before,nan,0.000000e+00,0.000000e+00,0.0000,0.0000,0
84,features.5,33,pruned_before,nan,0.000000e+00,0.000000e+00,0.0000,0.0000,0
84,features.5,34,pruned_before,nan,0.000000e+00,0.000000e+00,0.0000,0.0000,0
84,features.5,35,pruned_before,nan,0.000000e+00,0.000000e+00,0.0000,0.0000,0
84,features.5,36,pruned_before,nan,0.000000e+00,0.000000e+00,0.0000,0.0000,0
84,features.5,37,pruned_before,nan,0.000000e+00,0.000000e+00,0.0000,0.0000,0
84,features.5,38,pruned_before,nan,0.000000e+00,0.000000e+00,0.0000,0.0000,0
84,features.5,39,pruned_before,nan,0.000000e+00,0.000000e+00,0.0000,0.0000,0
84,features.5,40,pruned_before,nan,0.000000e+00,0.000000e+00,0.0000,0.0000,0
84,features.5,41,pruned_before,nan,0.000000e+00,0.000000e+00,0.0000,0.0000,0
84,features.5,42,pruned_before,nan,0.000000e+00,0.000000e+00,0.0000,0.0000,0
84,features.5,43,active,-0.138889,3.584322e-08,6.179256e-06,0.3889,0.1111,73
84,features.5,44,pruned_before,nan,0.000000e+00,0.000000e+00,0.0000,0.0000,0
84,features.5,45,pruned_before,nan,0.000000e+00,0.000000e+00,0.0000,0.0000,0
84,features.5,46,pruned_before,nan,0.000000e+00,0.000000e+00,0.0000,0.0000,0
84,features.5,47,pruned_before,nan,0.000000e+00,0.000000e+00,0.0000,0.0000,0
84,features.5,48,active,0.055556,7.666208e-09,7.663873e-05,0.2222,0.3333,73
84,features.5,49,pruned_before,nan,0.000000e+00,0.000000e+00,0.0000,0.0000,0
84,features.5,50,active,-0.083333,3.158263e-08,3.003103e-05,0.3333,0.1667,73
84,features.5,51,pruned_before,nan,0.000000e+00,0.000000e+00,0.0000,0.0000,0
84,features.5,52,pruned_before,nan,0.000000e+00,0.000000e+00,0.0000,0.0000,0
84,features.5,53,pruned_before,nan,0.000000e+00,0.000000e+00,0.0000,0.0000,0
84,features.5,54,protected,0.083333,2.566822e-07,7.078635e-04,0.8333,1.0000,73
84,features.5,55,pruned_before,nan,0.000000e+00,0.000000e+00,0.0000,0.0000,0
84,features.5,56,pruned_before,nan,0.000000e+00,0.000000e+00,0.0000,0.0000,0
84,features.5,57,pruned_before,nan,0.000000e+00,0.000000e+00,0.0000,0.0000,0
84,features.5,58,pruned_before,nan,0.000000e+00,0.000000e+00,0.0000,0.0000,0
84,features.5,59,pruned_before,nan,0.000000e+00,0.000000e+00,0.0000,0.0000,0
84,features.5,60,pruned_before,nan,0.000000e+00,0.000000e+00,0.0000,0.0000,0
84,features.5,61,pruned_before,nan,0.000000e+00,0.000000e+00,0.0000,0.0000,0
84,features.5,62,pruned_before,nan,0.000000e+00,0.000000e+00,0.0000,0.0000,0
84,features.5,63,pruned_before,nan,0.000000e+00,0.000000e+00,0.0000,0.0000,0
84,features.5,64,pruned_before,nan,0.000000e+00,0.000000e+00,0.0000,0.0000,0
84,features.5,65,pruned_before,nan,0.000000e+00,0.000000e+00,0.0000,0.0000,0
84,features.5,66,pruned_before,nan,0.000000e+00,0.000000e+00,0.0000,0.0000,0
84,features.5,67,active,0.333333,6.200600e-09,2.509083e-04,0.0556,0.7222,73
84,features.5,68,pruned_before,nan,0.000000e+00,0.000000e+00,0.0000,0.0000,0
84,features.5,69,active,-0.083333,9.827354e-08,1.524806e-04,0.6667,0.5000,73
84,features.5,70,pruned_before,nan,0.000000e+00,0.000000e+00,0.0000,0.0000,0
84,features.5,71,pruned_before,nan,0.000000e+00,0.000000e+00,0.0000,0.0000,0
84,features.5,72,pruned_before,nan,0.000000e+00,0.000000e+00,0.0000,0.0000,0
84,features.5,73,pruned_before,nan,0.000000e+00,0.000000e+00,0.0000,0.0000,0
84,features.5,74,pruned_before,nan,0.000000e+00,0.000000e+00,0.0000,0.0000,0
84,features.5,75,pruned_before,nan,0.000000e+00,0.000000e+00,0.0000,0.0000,0
84,features.5,76,pruned_before,nan,0.000000e+00,0.000000e+00,0.0000,0.0000,0
84,features.5,77,pruned_before,nan,0.000000e+00,0.000000e+00,0.0000,0.0000,0
84,features.5,78,pruned_before,nan,0.000000e+00,0.000000e+00,0.0000,0.0000,0
84,features.5,79,pruned_before,nan,0.000000e+00,0.000000e+00,0.0000,0.0000,0
84,features.5,80,pruned_before,nan,0.000000e+00,0.000000e+00,0.0000,0.0000,0
84,features.5,81,pruned_before,nan,0.000000e+00,0.000000e+00,0.0000,0.0000,0
84,features.5,82,pruned_before,nan,0.000000e+00,0.000000e+00,0.0000,0.0000,0
84,features.5,83,pruned_before,nan,0.000000e+00,0.000000e+00,0.0000,0.0000,0
84,features.5,84,pruned_before,nan,0.000000e+00,0.000000e+00,0.0000,0.0000,0
84,features.5,85,pruned_before,nan,0.000000e+00,0.000000e+00,0.0000,0.0000,0
84,features.5,86,pruned_before,nan,0.000000e+00,0.000000e+00,0.0000,0.0000,0
84,features.5,87,pruned_before,nan,0.000000e+00,0.000000e+00,0.0000,0.0000,0
84,features.5,88,pruned_before,nan,0.000000e+00,0.000000e+00,0.0000,0.0000,0
84,features.5,89,pruned_before,nan,0.000000e+00,0.000000e+00,0.0000,0.0000,0
84,features.5,90,pruned_before,nan,0.000000e+00,0.000000e+00,0.0000,0.0000,0
84,features.5,91,active,-0.027778,6.802834e-09,1.550957e-06,0.1111,0.0556,73
84,features.5,92,pruned_before,nan,0.000000e+00,0.000000e+00,0.0000,0.0000,0
84,features.5,93,pruned_before,nan,0.000000e+00,0.000000e+00,0.0000,0.0000,0
84,features.5,94,pruned_before,nan,0.000000e+00,0.000000e+00,0.0000,0.0000,0
84,features.5,95,pruned_before,nan,0.000000e+00,0.000000e+00,0.0000,0.0000,0
84,features.5,96,pruned_before,nan,0.000000e+00,0.000000e+00,0.0000,0.0000,0
84,features.5,97,pruned_before,nan,0.000000e+00,0.000000e+00,0.0000,0.0000,0
84,features.5,98,pruned_before,nan,0.000000e+00,0.000000e+00,0.0000,0.0000,0
84,features.5,99,pruned_before,nan,0.000000e+00,0.000000e+00,0.0000,0.0000,0
84,features.5,100,pruned_before,nan,0.000000e+00,0.000000e+00,0.0000,0.0000,0
84,features.5,101,pruned_before,nan,0.000000e+00,0.000000e+00,0.0000,0.0000,0
84,features.5,102,pruned_before,nan,0.000000e+00,0.000000e+00,0.0000,0.0000,0
84,features.5,103,pruned_before,nan,0.000000e+00,0.000000e+00,0.0000,0.0000,0
84,features.5,104,pruned_before,nan,0.000000e+00,0.000000e+00,0.0000,0.0000,0
84,features.5,105,pruned_before,nan,0.000000e+00,0.000000e+00,0.0000,0.0000,0
84,features.5,106,pruned_before,nan,0.000000e+00,0.000000e+00,0.0000,0.0000,0
84,features.5,107,pruned_before,nan,0.000000e+00,0.000000e+00,0.0000,0.0000,0
84,features.5,108,pruned_before,nan,0.000000e+00,0.000000e+00,0.0000,0.0000,0
84,features.5,109,pruned_before,nan,0.000000e+00,0.000000e+00,0.0000,0.0000,0
84,features.5,110,pruned_before,nan,0.000000e+00,0.000000e+00,0.0000,0.0000,0
84,features.5,111,pruned_before,nan,0.000000e+00,0.000000e+00,0.0000,0.0000,0
84,features.5,112,pruned_before,nan,0.000000e+00,0.000000e+00,0.0000,0.0000,0
84,features.5,113,pruned_before,nan,0.000000e+00,0.000000e+00,0.0000,0.0000,0
84,features.5,114,pruned_before,nan,0.000000e+00,0.000000e+00,0.0000,0.0000,0
84,features.5,115,pruned_before,nan,0.000000e+00,0.000000e+00,0.0000,0.0000,0
84,features.5,116,pruned_before,nan,0.000000e+00,0.000000e+00,0.0000,0.0000,0
84,features.5,117,pruned_before,nan,0.000000e+00,0.000000e+00,0.0000,0.0000,0
84,features.5,118,active,0.027778,6.824504e-09,5.183459e-05,0.1667,0.2222,73
84,features.5,119,pruned_before,nan,0.000000e+00,0.000000e+00,0.0000,0.0000,0
84,features.5,120,pruned_before,nan,0.000000e+00,0.000000e+00,0.0000,0.0000,0
84,features.5,121,pruned_before,nan,0.000000e+00,0.000000e+00,0.0000,0.0000,0
84,features.5,122,pruned_before,nan,0.000000e+00,0.000000e+00,0.0000,0.0000,0
84,features.5,123,pruned_before,nan,0.000000e+00,0.000000e+00,0.0000,0.0000,0
84,features.5,124,pruned_before,nan,0.000000e+00,0.000000e+00,0.0000,0.0000,0
84,features.5,125,pruned_before,nan,0.000000e+00,0.000000e+00,0.0000,0.0000,0
84,features.5,126,pruned_before,nan,0.000000e+00,0.000000e+00,0.0000,0.0000,0
84,features.5,127,pruned_before,nan,0.000000e+00,0.000000e+00,0.0000,0.0000,0
84,features.5,128,pruned_before,nan,0.000000e+00,0.000000e+00,0.0000,0.0000,0
84,features.5,129,pruned_before,nan,0.000000e+00,0.000000e+00,0.0000,0.0000,0
84,features.5,130,pruned_before,nan,0.000000e+00,0.000000e+00,0.0000,0.0000,0
84,features.5,131,pruned_before,nan,0.000000e+00,0.000000e+00,0.0000,0.0000,0
84,features.5,132,pruned_before,nan,0.000000e+00,0.000000e+00,0.0000,0.0000,0
84,features.5,133,pruned_before,nan,0.000000e+00,0.000000e+00,0.0000,0.0000,0
84,features.5,134,pruned_before,nan,0.000000e+00,0.000000e+00,0.0000,0.0000,0
84,features.5,135,active,0.000000,4.719512e-09,8.060712e-07,0.0000,0.0000,73
84,features.5,136,pruned_before,nan,0.000000e+00,0.000000e+00,0.0000,0.0000,0
84,features.5,137,pruned_before,nan,0.000000e+00,0.000000e+00,0.0000,0.0000,0
84,features.5,138,pruned_before,nan,0.000000e+00,0.000000e+00,0.0000,0.0000,0
84,features.5,139,pruned_before,nan,0.000000e+00,0.000000e+00,0.0000,0.0000,0
84,features.5,140,pruned_before,nan,0.000000e+00,0.000000e+00,0.0000,0.0000,0
84,features.5,141,pruned_before,nan,0.000000e+00,0.000000e+00,0.0000,0.0000,0
84,features.5,142,pruned_before,nan,0.000000e+00,0.000000e+00,0.0000,0.0000,0
84,features.5,143,pruned_before,nan,0.000000e+00,0.000000e+00,0.0000,0.0000,0
84,features.5,144,pruned_before,nan,0.000000e+00,0.000000e+00,0.0000,0.0000,0
84,features.5,145,pruned_before,nan,0.000000e+00,0.000000e+00,0.0000,0.0000,0
84,features.5,146,pruned_before,nan,0.000000e+00,0.000000e+00,0.0000,0.0000,0
84,features.5,147,pruned_before,nan,0.000000e+00,0.000000e+00,0.0000,0.0000,0
84,features.5,148,pruned_before,nan,0.000000e+00,0.000000e+00,0.0000,0.0000,0
84,features.5,149,active,-0.027778,5.298766e-08,1.277344e-04,0.4444,0.3889,73
84,features.5,150,pruned_before,nan,0.000000e+00,0.000000e+00,0.0000,0.0000,0
84,features.5,151,pruned_now,-0.194444,1.718657e-06,2.286697e-04,1.0000,0.6111,73
84,features.5,152,pruned_before,nan,0.000000e+00,0.000000e+00,0.0000,0.0000,0
84,features.5,153,pruned_before,nan,0.000000e+00,0.000000e+00,0.0000,0.0000,0
84,features.5,154,pruned_before,nan,0.000000e+00,0.000000e+00,0.0000,0.0000,0
84,features.5,155,pruned_before,nan,0.000000e+00,0.000000e+00,0.0000,0.0000,0
84,features.5,156,pruned_before,nan,0.000000e+00,0.000000e+00,0.0000,0.0000,0
84,features.5,157,pruned_before,nan,0.000000e+00,0.000000e+00,0.0000,0.0000,0
84,features.5,158,active,-0.055556,8.289696e-07,2.542110e-04,0.8889,0.7778,73
84,features.5,159,pruned_before,nan,0.000000e+00,0.000000e+00,0.0000,0.0000,0
84,features.5,160,pruned_before,nan,0.000000e+00,0.000000e+00,0.0000,0.0000,0
84,features.5,161,pruned_before,nan,0.000000e+00,0.000000e+00,0.0000,0.0000,0
84,features.5,162,pruned_before,nan,0.000000e+00,0.000000e+00,0.0000,0.0000,0
84,features.5,163,pruned_before,nan,0.000000e+00,0.000000e+00,0.0000,0.0000,0
84,features.5,164,pruned_before,nan,0.000000e+00,0.000000e+00,0.0000,0.0000,0
84,features.5,165,pruned_before,nan,0.000000e+00,0.000000e+00,0.0000,0.0000,0
84,features.5,166,pruned_before,nan,0.000000e+00,0.000000e+00,0.0000,0.0000,0
84,features.5,167,pruned_before,nan,0.000000e+00,0.000000e+00,0.0000,0.0000,0
84,features.5,168,pruned_before,nan,0.000000e+00,0.000000e+00,0.0000,0.0000,0
84,features.5,169,pruned_before,nan,0.000000e+00,0.000000e+00,0.0000,0.0000,0
84,features.5,170,pruned_before,nan,0.000000e+00,0.000000e+00,0.0000,0.0000,0
84,features.5,171,pruned_before,nan,0.000000e+00,0.000000e+00,0.0000,0.0000,0
84,features.5,172,pruned_before,nan,0.000000e+00,0.000000e+00,0.0000,0.0000,0
84,features.5,173,pruned_before,nan,0.000000e+00,0.000000e+00,0.0000,0.0000,0
84,features.5,174,pruned_before,nan,0.000000e+00,0.000000e+00,0.0000,0.0000,0
84,features.5,175,pruned_before,nan,0.000000e+00,0.000000e+00,0.0000,0.0000,0
84,features.5,176,active,0.000000,1.056464e-06,4.017192e-04,0.9444,0.9444,73
84,features.5,177,pruned_before,nan,0.000000e+00,0.000000e+00,0.0000,0.0000,0
84,features.5,178,pruned_before,nan,0.000000e+00,0.000000e+00,0.0000,0.0000,0
84,features.5,179,pruned_before,nan,0.000000e+00,0.000000e+00,0.0000,0.0000,0
84,features.5,180,pruned_before,nan,0.000000e+00,0.000000e+00,0.0000,0.0000,0
84,features.5,181,pruned_before,nan,0.000000e+00,0.000000e+00,0.0000,0.0000,0
84,features.5,182,pruned_before,nan,0.000000e+00,0.000000e+00,0.0000,0.0000,0
84,features.5,183,pruned_before,nan,0.000000e+00,0.000000e+00,0.0000,0.0000,0
84,features.5,184,pruned_before,nan,0.000000e+00,0.000000e+00,0.0000,0.0000,0
84,features.5,185,active,0.027778,1.897819e-07,2.661382e-04,0.7778,0.8333,73
84,features.5,186,pruned_before,nan,0.000000e+00,0.000000e+00,0.0000,0.0000,0
84,features.5,187,active,-0.138889,1.850716e-07,1.417234e-04,0.7222,0.4444,73
84,features.5,188,active,0.083333,5.438302e-08,2.491264e-04,0.5000,0.6667,73
84,features.5,189,pruned_before,nan,0.000000e+00,0.000000e+00,0.0000,0.0000,0
84,features.5,190,pruned_before,nan,0.000000e+00,0.000000e+00,0.0000,0.0000,0
84,features.5,191,pruned_before,nan,0.000000e+00,0.000000e+00,0.0000,0.0000,0
84,features.6,0,pruned_before,nan,0.000000e+00,0.000000e+00,0.0000,0.0000,0
84,features.6,1,pruned_before,nan,0.000000e+00,0.000000e+00,0.0000,0.0000,0
84,features.6,2,pruned_before,nan,0.000000e+00,0.000000e+00,0.0000,0.0000,0
84,features.6,3,active,0.033333,2.423185e-07,5.052561e-04,0.8667,0.9333,73
84,features.6,4,pruned_before,nan,0.000000e+00,0.000000e+00,0.0000,0.0000,0
84,features.6,5,pruned_before,nan,0.000000e+00,0.000000e+00,0.0000,0.0000,0
84,features.6,6,active,0.000000,0.000000e+00,0.000000e+00,0.0000,0.0000,73
84,features.6,7,pruned_before,nan,0.000000e+00,0.000000e+00,0.0000,0.0000,0
84,features.6,8,pruned_before,nan,0.000000e+00,0.000000e+00,0.0000,0.0000,0
84,features.6,9,pruned_before,nan,0.000000e+00,0.000000e+00,0.0000,0.0000,0
84,features.6,10,pruned_before,nan,0.000000e+00,0.000000e+00,0.0000,0.0000,0
84,features.6,11,pruned_before,nan,0.000000e+00,0.000000e+00,0.0000,0.0000,0
84,features.6,12,active,-0.100000,1.962075e-06,1.139687e-04,1.0000,0.8000,73
84,features.6,13,pruned_before,nan,0.000000e+00,0.000000e+00,0.0000,0.0000,0
84,features.6,14,pruned_before,nan,0.000000e+00,0.000000e+00,0.0000,0.0000,0
84,features.6,15,pruned_before,nan,0.000000e+00,0.000000e+00,0.0000,0.0000,0
84,features.6,16,pruned_before,nan,0.000000e+00,0.000000e+00,0.0000,0.0000,0
84,features.6,17,pruned_before,nan,0.000000e+00,0.000000e+00,0.0000,0.0000,0
84,features.6,18,pruned_before,nan,0.000000e+00,0.000000e+00,0.0000,0.0000,0
84,features.6,19,active,-0.033333,6.894693e-08,4.760990e-05,0.5333,0.4667,73
84,features.6,20,pruned_before,nan,0.000000e+00,0.000000e+00,0.0000,0.0000,0
84,features.6,21,active,-0.033333,1.924641e-08,8.887631e-06,0.1333,0.0667,73
84,features.6,22,pruned_before,nan,0.000000e+00,0.000000e+00,0.0000,0.0000,0
84,features.6,23,pruned_before,nan,0.000000e+00,0.000000e+00,0.0000,0.0000,0
84,features.6,24,pruned_before,nan,0.000000e+00,0.000000e+00,0.0000,0.0000,0
84,features.6,25,pruned_before,nan,0.000000e+00,0.000000e+00,0.0000,0.0000,0
84,features.6,26,pruned_before,nan,0.000000e+00,0.000000e+00,0.0000,0.0000,0
84,features.6,27,pruned_before,nan,0.000000e+00,0.000000e+00,0.0000,0.0000,0
84,features.6,28,pruned_before,nan,0.000000e+00,0.000000e+00,0.0000,0.0000,0
84,features.6,29,pruned_before,nan,0.000000e+00,0.000000e+00,0.0000,0.0000,0
84,features.6,30,pruned_before,nan,0.000000e+00,0.000000e+00,0.0000,0.0000,0
84,features.6,31,active,0.166667,3.155950e-08,5.902771e-05,0.2667,0.6000,73
84,features.6,32,pruned_before,nan,0.000000e+00,0.000000e+00,0.0000,0.0000,0
84,features.6,33,pruned_before,nan,0.000000e+00,0.000000e+00,0.0000,0.0000,0
84,features.6,34,pruned_before,nan,0.000000e+00,0.000000e+00,0.0000,0.0000,0
84,features.6,35,pruned_before,nan,0.000000e+00,0.000000e+00,0.0000,0.0000,0
84,features.6,36,pruned_before,nan,0.000000e+00,0.000000e+00,0.0000,0.0000,0
84,features.6,37,pruned_before,nan,0.000000e+00,0.000000e+00,0.0000,0.0000,0
84,features.6,38,pruned_before,nan,0.000000e+00,0.000000e+00,0.0000,0.0000,0
84,features.6,39,pruned_before,nan,0.000000e+00,0.000000e+00,0.0000,0.0000,0
84,features.6,40,pruned_before,nan,0.000000e+00,0.000000e+00,0.0000,0.0000,0
84,features.6,41,pruned_before,nan,0.000000e+00,0.000000e+00,0.0000,0.0000,0
84,features.6,42,pruned_before,nan,0.000000e+00,0.000000e+00,0.0000,0.0000,0
84,features.6,43,active,-0.100000,6.788748e-08,3.069869e-05,0.4667,0.2667,73
84,features.6,44,pruned_before,nan,0.000000e+00,0.000000e+00,0.0000,0.0000,0
84,features.6,45,pruned_before,nan,0.000000e+00,0.000000e+00,0.0000,0.0000,0
84,features.6,46,active,0.166667,7.083431e-09,4.529996e-05,0.0667,0.4000,73
84,features.6,47,pruned_before,nan,0.000000e+00,0.000000e+00,0.0000,0.0000,0
84,features.6,48,pruned_before,nan,0.000000e+00,0.000000e+00,0.0000,0.0000,0
84,features.6,49,pruned_before,nan,0.000000e+00,0.000000e+00,0.0000,0.0000,0
84,features.6,50,pruned_before,nan,0.000000e+00,0.000000e+00,0.0000,0.0000,0
84,features.6,51,pruned_before,nan,0.000000e+00,0.000000e+00,0.0000,0.0000,0
84,features.6,52,pruned_before,nan,0.000000e+00,0.000000e+00,0.0000,0.0000,0
84,features.6,53,pruned_before,nan,0.000000e+00,0.000000e+00,0.0000,0.0000,0
84,features.6,54,pruned_before,nan,0.000000e+00,0.000000e+00,0.0000,0.0000,0
84,features.6,55,pruned_before,nan,0.000000e+00,0.000000e+00,0.0000,0.0000,0
84,features.6,56,pruned_before,nan,0.000000e+00,0.000000e+00,0.0000,0.0000,0
84,features.6,57,pruned_before,nan,0.000000e+00,0.000000e+00,0.0000,0.0000,0
84,features.6,58,pruned_before,nan,0.000000e+00,0.000000e+00,0.0000,0.0000,0
84,features.6,59,pruned_before,nan,0.000000e+00,0.000000e+00,0.0000,0.0000,0
84,features.6,60,pruned_before,nan,0.000000e+00,0.000000e+00,0.0000,0.0000,0
84,features.6,61,pruned_before,nan,0.000000e+00,0.000000e+00,0.0000,0.0000,0
84,features.6,62,pruned_before,nan,0.000000e+00,0.000000e+00,0.0000,0.0000,0
84,features.6,63,pruned_before,nan,0.000000e+00,0.000000e+00,0.0000,0.0000,0
84,features.6,64,pruned_before,nan,0.000000e+00,0.000000e+00,0.0000,0.0000,0
84,features.6,65,pruned_before,nan,0.000000e+00,0.000000e+00,0.0000,0.0000,0
84,features.6,66,pruned_before,nan,0.000000e+00,0.000000e+00,0.0000,0.0000,0
84,features.6,67,pruned_before,nan,0.000000e+00,0.000000e+00,0.0000,0.0000,0
84,features.6,68,pruned_before,nan,0.000000e+00,0.000000e+00,0.0000,0.0000,0
84,features.6,69,pruned_before,nan,0.000000e+00,0.000000e+00,0.0000,0.0000,0
84,features.6,70,pruned_before,nan,0.000000e+00,0.000000e+00,0.0000,0.0000,0
84,features.6,71,pruned_before,nan,0.000000e+00,0.000000e+00,0.0000,0.0000,0
84,features.6,72,pruned_before,nan,0.000000e+00,0.000000e+00,0.0000,0.0000,0
84,features.6,73,pruned_before,nan,0.000000e+00,0.000000e+00,0.0000,0.0000,0
84,features.6,74,pruned_before,nan,0.000000e+00,0.000000e+00,0.0000,0.0000,0
84,features.6,75,pruned_before,nan,0.000000e+00,0.000000e+00,0.0000,0.0000,0
84,features.6,76,pruned_before,nan,0.000000e+00,0.000000e+00,0.0000,0.0000,0
84,features.6,77,pruned_before,nan,0.000000e+00,0.000000e+00,0.0000,0.0000,0
84,features.6,78,pruned_before,nan,0.000000e+00,0.000000e+00,0.0000,0.0000,0
84,features.6,79,pruned_before,nan,0.000000e+00,0.000000e+00,0.0000,0.0000,0
84,features.6,80,pruned_before,nan,0.000000e+00,0.000000e+00,0.0000,0.0000,0
84,features.6,81,pruned_before,nan,0.000000e+00,0.000000e+00,0.0000,0.0000,0
84,features.6,82,pruned_before,nan,0.000000e+00,0.000000e+00,0.0000,0.0000,0
84,features.6,83,pruned_before,nan,0.000000e+00,0.000000e+00,0.0000,0.0000,0
84,features.6,84,pruned_before,nan,0.000000e+00,0.000000e+00,0.0000,0.0000,0
84,features.6,85,pruned_before,nan,0.000000e+00,0.000000e+00,0.0000,0.0000,0
84,features.6,86,pruned_before,nan,0.000000e+00,0.000000e+00,0.0000,0.0000,0
84,features.6,87,active,-0.233333,6.999282e-08,1.883026e-05,0.6000,0.1333,73
84,features.6,88,pruned_before,nan,0.000000e+00,0.000000e+00,0.0000,0.0000,0
84,features.6,89,pruned_before,nan,0.000000e+00,0.000000e+00,0.0000,0.0000,0
84,features.6,90,pruned_before,nan,0.000000e+00,0.000000e+00,0.0000,0.0000,0
84,features.6,91,pruned_before,nan,0.000000e+00,0.000000e+00,0.0000,0.0000,0
84,features.6,92,pruned_before,nan,0.000000e+00,0.000000e+00,0.0000,0.0000,0
84,features.6,93,pruned_before,nan,0.000000e+00,0.000000e+00,0.0000,0.0000,0
84,features.6,94,pruned_before,nan,0.000000e+00,0.000000e+00,0.0000,0.0000,0
84,features.6,95,pruned_before,nan,0.000000e+00,0.000000e+00,0.0000,0.0000,0
84,features.6,96,pruned_before,nan,0.000000e+00,0.000000e+00,0.0000,0.0000,0
84,features.6,97,pruned_before,nan,0.000000e+00,0.000000e+00,0.0000,0.0000,0
84,features.6,98,pruned_before,nan,0.000000e+00,0.000000e+00,0.0000,0.0000,0
84,features.6,99,pruned_before,nan,0.000000e+00,0.000000e+00,0.0000,0.0000,0
84,features.6,100,pruned_before,nan,0.000000e+00,0.000000e+00,0.0000,0.0000,0
84,features.6,101,pruned_before,nan,0.000000e+00,0.000000e+00,0.0000,0.0000,0
84,features.6,102,pruned_before,nan,0.000000e+00,0.000000e+00,0.0000,0.0000,0
84,features.6,103,pruned_before,nan,0.000000e+00,0.000000e+00,0.0000,0.0000,0
84,features.6,104,pruned_before,nan,0.000000e+00,0.000000e+00,0.0000,0.0000,0
84,features.6,105,pruned_before,nan,0.000000e+00,0.000000e+00,0.0000,0.0000,0
84,features.6,106,pruned_before,nan,0.000000e+00,0.000000e+00,0.0000,0.0000,0
84,features.6,107,pruned_before,nan,0.000000e+00,0.000000e+00,0.0000,0.0000,0
84,features.6,108,pruned_before,nan,0.000000e+00,0.000000e+00,0.0000,0.0000,0
84,features.6,109,pruned_before,nan,0.000000e+00,0.000000e+00,0.0000,0.0000,0
84,features.6,110,pruned_before,nan,0.000000e+00,0.000000e+00,0.0000,0.0000,0
84,features.6,111,pruned_before,nan,0.000000e+00,0.000000e+00,0.0000,0.0000,0
84,features.6,112,pruned_before,nan,0.000000e+00,0.000000e+00,0.0000,0.0000,0
84,features.6,113,pruned_before,nan,0.000000e+00,0.000000e+00,0.0000,0.0000,0
84,features.6,114,pruned_before,nan,0.000000e+00,0.000000e+00,0.0000,0.0000,0
84,features.6,115,pruned_before,nan,0.000000e+00,0.000000e+00,0.0000,0.0000,0
84,features.6,116,pruned_before,nan,0.000000e+00,0.000000e+00,0.0000,0.0000,0
84,features.6,117,pruned_before,nan,0.000000e+00,0.000000e+00,0.0000,0.0000,0
84,features.6,118,pruned_before,nan,0.000000e+00,0.000000e+00,0.0000,0.0000,0
84,features.6,119,protected,0.033333,3.238040e-07,5.840035e-04,0.9333,1.0000,73
84,features.6,120,pruned_before,nan,0.000000e+00,0.000000e+00,0.0000,0.0000,0
84,features.6,121,pruned_before,nan,0.000000e+00,0.000000e+00,0.0000,0.0000,0
84,features.6,122,pruned_before,nan,0.000000e+00,0.000000e+00,0.0000,0.0000,0
84,features.6,123,active,0.133333,6.284421e-08,8.040075e-05,0.4000,0.6667,73
84,features.6,124,pruned_before,nan,0.000000e+00,0.000000e+00,0.0000,0.0000,0
84,features.6,125,active,-0.066667,3.855553e-08,2.036528e-05,0.3333,0.2000,73
84,features.6,126,pruned_before,nan,0.000000e+00,0.000000e+00,0.0000,0.0000,0
84,features.6,127,active,0.033333,7.303925e-08,1.035552e-04,0.6667,0.7333,73
84,features.6,128,pruned_before,nan,0.000000e+00,0.000000e+00,0.0000,0.0000,0
84,features.6,129,pruned_before,nan,0.000000e+00,0.000000e+00,0.0000,0.0000,0
84,features.6,130,active,0.033333,2.260285e-07,1.319520e-04,0.8000,0.8667,73
84,features.6,131,pruned_before,nan,0.000000e+00,0.000000e+00,0.0000,0.0000,0
84,features.6,132,pruned_before,nan,0.000000e+00,0.000000e+00,0.0000,0.0000,0
84,features.6,133,pruned_before,nan,0.000000e+00,0.000000e+00,0.0000,0.0000,0
84,features.6,134,pruned_before,nan,0.000000e+00,0.000000e+00,0.0000,0.0000,0
84,features.6,135,pruned_before,nan,0.000000e+00,0.000000e+00,0.0000,0.0000,0
84,features.6,136,pruned_before,nan,0.000000e+00,0.000000e+00,0.0000,0.0000,0
84,features.6,137,pruned_before,nan,0.000000e+00,0.000000e+00,0.0000,0.0000,0
84,features.6,138,active,0.066667,1.995815e-08,3.924617e-05,0.2000,0.3333,73
84,features.6,139,pruned_before,nan,0.000000e+00,0.000000e+00,0.0000,0.0000,0
84,features.6,140,pruned_before,nan,0.000000e+00,0.000000e+00,0.0000,0.0000,0
84,features.6,141,pruned_before,nan,0.000000e+00,0.000000e+00,0.0000,0.0000,0
84,features.6,142,pruned_before,nan,0.000000e+00,0.000000e+00,0.0000,0.0000,0
84,features.6,143,pruned_before,nan,0.000000e+00,0.000000e+00,0.0000,0.0000,0
84,features.6,144,pruned_before,nan,0.000000e+00,0.000000e+00,0.0000,0.0000,0
84,features.6,145,pruned_before,nan,0.000000e+00,0.000000e+00,0.0000,0.0000,0
84,features.6,146,pruned_before,nan,0.000000e+00,0.000000e+00,0.0000,0.0000,0
84,features.6,147,pruned_before,nan,0.000000e+00,0.000000e+00,0.0000,0.0000,0
84,features.6,148,pruned_before,nan,0.000000e+00,0.000000e+00,0.0000,0.0000,0
84,features.6,149,pruned_before,nan,0.000000e+00,0.000000e+00,0.0000,0.0000,0
84,features.6,150,pruned_before,nan,0.000000e+00,0.000000e+00,0.0000,0.0000,0
84,features.6,151,pruned_before,nan,0.000000e+00,0.000000e+00,0.0000,0.0000,0
84,features.6,152,pruned_before,nan,0.000000e+00,0.000000e+00,0.0000,0.0000,0
84,features.6,153,pruned_before,nan,0.000000e+00,0.000000e+00,0.0000,0.0000,0
84,features.6,154,pruned_before,nan,0.000000e+00,0.000000e+00,0.0000,0.0000,0
84,features.6,155,pruned_before,nan,0.000000e+00,0.000000e+00,0.0000,0.0000,0
84,features.6,156,pruned_before,nan,0.000000e+00,0.000000e+00,0.0000,0.0000,0
84,features.6,157,pruned_before,nan,0.000000e+00,0.000000e+00,0.0000,0.0000,0
84,features.6,158,pruned_before,nan,0.000000e+00,0.000000e+00,0.0000,0.0000,0
84,features.6,159,pruned_before,nan,0.000000e+00,0.000000e+00,0.0000,0.0000,0
84,features.6,160,pruned_before,nan,0.000000e+00,0.000000e+00,0.0000,0.0000,0
84,features.6,161,pruned_before,nan,0.000000e+00,0.000000e+00,0.0000,0.0000,0
84,features.6,162,pruned_before,nan,0.000000e+00,0.000000e+00,0.0000,0.0000,0
84,features.6,163,pruned_before,nan,0.000000e+00,0.000000e+00,0.0000,0.0000,0
84,features.6,164,pruned_before,nan,0.000000e+00,0.000000e+00,0.0000,0.0000,0
84,features.6,165,active,-0.100000,7.697427e-08,5.550404e-05,0.7333,0.5333,73
84,features.6,166,pruned_before,nan,0.000000e+00,0.000000e+00,0.0000,0.0000,0
84,features.6,167,pruned_before,nan,0.000000e+00,0.000000e+00,0.0000,0.0000,0
84,features.6,168,pruned_before,nan,0.000000e+00,0.000000e+00,0.0000,0.0000,0
84,features.6,169,pruned_before,nan,0.000000e+00,0.000000e+00,0.0000,0.0000,0
84,features.6,170,pruned_before,nan,0.000000e+00,0.000000e+00,0.0000,0.0000,0
84,features.6,171,pruned_before,nan,0.000000e+00,0.000000e+00,0.0000,0.0000,0
84,features.6,172,pruned_before,nan,0.000000e+00,0.000000e+00,0.0000,0.0000,0
84,features.6,173,pruned_before,nan,0.000000e+00,0.000000e+00,0.0000,0.0000,0
84,features.6,174,pruned_before,nan,0.000000e+00,0.000000e+00,0.0000,0.0000,0
84,features.6,175,pruned_before,nan,0.000000e+00,0.000000e+00,0.0000,0.0000,0
84,features.6,176,pruned_before,nan,0.000000e+00,0.000000e+00,0.0000,0.0000,0
84,features.6,177,pruned_before,nan,0.000000e+00,0.000000e+00,0.0000,0.0000,0
84,features.6,178,pruned_before,nan,0.000000e+00,0.000000e+00,0.0000,0.0000,0
84,features.6,179,pruned_before,nan,0.000000e+00,0.000000e+00,0.0000,0.0000,0
84,features.6,180,pruned_before,nan,0.000000e+00,0.000000e+00,0.0000,0.0000,0
84,features.6,181,pruned_before,nan,0.000000e+00,0.000000e+00,0.0000,0.0000,0
84,features.6,182,pruned_before,nan,0.000000e+00,0.000000e+00,0.0000,0.0000,0
84,features.6,183,pruned_before,nan,0.000000e+00,0.000000e+00,0.0000,0.0000,0
84,features.6,184,pruned_before,nan,0.000000e+00,0.000000e+00,0.0000,0.0000,0
84,features.6,185,pruned_before,nan,0.000000e+00,0.000000e+00,0.0000,0.0000,0
84,features.6,186,pruned_before,nan,0.000000e+00,0.000000e+00,0.0000,0.0000,0
84,features.6,187,pruned_before,nan,0.000000e+00,0.000000e+00,0.0000,0.0000,0
84,features.6,188,pruned_before,nan,0.000000e+00,0.000000e+00,0.0000,0.0000,0
84,features.6,189,pruned_before,nan,0.000000e+00,0.000000e+00,0.0000,0.0000,0
84,features.6,190,pruned_before,nan,0.000000e+00,0.000000e+00,0.0000,0.0000,0
84,features.6,191,pruned_before,nan,0.000000e+00,0.000000e+00,0.0000,0.0000,0
84,features.7,0,pruned_before,nan,0.000000e+00,0.000000e+00,0.0000,0.0000,0
84,features.7,1,pruned_before,nan,0.000000e+00,0.000000e+00,0.0000,0.0000,0
84,features.7,2,pruned_before,nan,0.000000e+00,0.000000e+00,0.0000,0.0000,0
84,features.7,3,pruned_before,nan,0.000000e+00,0.000000e+00,0.0000,0.0000,0
84,features.7,4,pruned_before,nan,0.000000e+00,0.000000e+00,0.0000,0.0000,0
84,features.7,5,pruned_before,nan,0.000000e+00,0.000000e+00,0.0000,0.0000,0
84,features.7,6,pruned_before,nan,0.000000e+00,0.000000e+00,0.0000,0.0000,0
84,features.7,7,pruned_before,nan,0.000000e+00,0.000000e+00,0.0000,0.0000,0
84,features.7,8,pruned_before,nan,0.000000e+00,0.000000e+00,0.0000,0.0000,0
84,features.7,9,pruned_before,nan,0.000000e+00,0.000000e+00,0.0000,0.0000,0
84,features.7,10,pruned_before,nan,0.000000e+00,0.000000e+00,0.0000,0.0000,0
84,features.7,11,pruned_before,nan,0.000000e+00,0.000000e+00,0.0000,0.0000,0
84,features.7,12,pruned_before,nan,0.000000e+00,0.000000e+00,0.0000,0.0000,0
84,features.7,13,pruned_before,nan,0.000000e+00,0.000000e+00,0.0000,0.0000,0
84,features.7,14,pruned_before,nan,0.000000e+00,0.000000e+00,0.0000,0.0000,0
84,features.7,15,pruned_before,nan,0.000000e+00,0.000000e+00,0.0000,0.0000,0
84,features.7,16,pruned_before,nan,0.000000e+00,0.000000e+00,0.0000,0.0000,0
84,features.7,17,pruned_before,nan,0.000000e+00,0.000000e+00,0.0000,0.0000,0
84,features.7,18,pruned_before,nan,0.000000e+00,0.000000e+00,0.0000,0.0000,0
84,features.7,19,pruned_before,nan,0.000000e+00,0.000000e+00,0.0000,0.0000,0
84,features.7,20,pruned_before,nan,0.000000e+00,0.000000e+00,0.0000,0.0000,0
84,features.7,21,pruned_before,nan,0.000000e+00,0.000000e+00,0.0000,0.0000,0
84,features.7,22,pruned_before,nan,0.000000e+00,0.000000e+00,0.0000,0.0000,0
84,features.7,23,pruned_before,nan,0.000000e+00,0.000000e+00,0.0000,0.0000,0
84,features.7,24,pruned_before,nan,0.000000e+00,0.000000e+00,0.0000,0.0000,0
84,features.7,25,pruned_before,nan,0.000000e+00,0.000000e+00,0.0000,0.0000,0
84,features.7,26,pruned_before,nan,0.000000e+00,0.000000e+00,0.0000,0.0000,0
84,features.7,27,pruned_before,nan,0.000000e+00,0.000000e+00,0.0000,0.0000,0
84,features.7,28,pruned_before,nan,0.000000e+00,0.000000e+00,0.0000,0.0000,0
84,features.7,29,pruned_before,nan,0.000000e+00,0.000000e+00,0.0000,0.0000,0
84,features.7,30,pruned_before,nan,0.000000e+00,0.000000e+00,0.0000,0.0000,0
84,features.7,31,pruned_before,nan,0.000000e+00,0.000000e+00,0.0000,0.0000,0
84,features.7,32,pruned_before,nan,0.000000e+00,0.000000e+00,0.0000,0.0000,0
84,features.7,33,pruned_before,nan,0.000000e+00,0.000000e+00,0.0000,0.0000,0
84,features.7,34,pruned_before,nan,0.000000e+00,0.000000e+00,0.0000,0.0000,0
84,features.7,35,active,0.033333,4.750761e-06,2.190800e-04,0.6667,0.7333,105
84,features.7,36,pruned_before,nan,0.000000e+00,0.000000e+00,0.0000,0.0000,0
84,features.7,37,pruned_before,nan,0.000000e+00,0.000000e+00,0.0000,0.0000,0
84,features.7,38,pruned_before,nan,0.000000e+00,0.000000e+00,0.0000,0.0000,0
84,features.7,39,pruned_before,nan,0.000000e+00,0.000000e+00,0.0000,0.0000,0
84,features.7,40,pruned_before,nan,0.000000e+00,0.000000e+00,0.0000,0.0000,0
84,features.7,41,active,-0.133333,7.691205e-07,1.024358e-05,0.2667,0.0000,105
84,features.7,42,pruned_before,nan,0.000000e+00,0.000000e+00,0.0000,0.0000,0
84,features.7,43,pruned_before,nan,0.000000e+00,0.000000e+00,0.0000,0.0000,0
84,features.7,44,pruned_before,nan,0.000000e+00,0.000000e+00,0.0000,0.0000,0
84,features.7,45,pruned_before,nan,0.000000e+00,0.000000e+00,0.0000,0.0000,0
84,features.7,46,pruned_before,nan,0.000000e+00,0.000000e+00,0.0000,0.0000,0
84,features.7,47,pruned_before,nan,0.000000e+00,0.000000e+00,0.0000,0.0000,0
84,features.7,48,pruned_before,nan,0.000000e+00,0.000000e+00,0.0000,0.0000,0
84,features.7,49,active,-0.033333,1.563031e-05,3.682013e-04,0.9333,0.8667,105
84,features.7,50,pruned_before,nan,0.000000e+00,0.000000e+00,0.0000,0.0000,0
84,features.7,51,pruned_before,nan,0.000000e+00,0.000000e+00,0.0000,0.0000,0
84,features.7,52,pruned_before,nan,0.000000e+00,0.000000e+00,0.0000,0.0000,0
84,features.7,53,pruned_before,nan,0.000000e+00,0.000000e+00,0.0000,0.0000,0
84,features.7,54,pruned_before,nan,0.000000e+00,0.000000e+00,0.0000,0.0000,0
84,features.7,55,pruned_before,nan,0.000000e+00,0.000000e+00,0.0000,0.0000,0
84,features.7,56,pruned_before,nan,0.000000e+00,0.000000e+00,0.0000,0.0000,0
84,features.7,57,pruned_before,nan,0.000000e+00,0.000000e+00,0.0000,0.0000,0
84,features.7,58,pruned_before,nan,0.000000e+00,0.000000e+00,0.0000,0.0000,0
84,features.7,59,pruned_before,nan,0.000000e+00,0.000000e+00,0.0000,0.0000,0
84,features.7,60,pruned_before,nan,0.000000e+00,0.000000e+00,0.0000,0.0000,0
84,features.7,61,active,0.200000,1.839544e-06,3.389520e-04,0.4000,0.8000,105
84,features.7,62,pruned_before,nan,0.000000e+00,0.000000e+00,0.0000,0.0000,0
84,features.7,63,pruned_before,nan,0.000000e+00,0.000000e+00,0.0000,0.0000,0
84,features.7,64,pruned_before,nan,0.000000e+00,0.000000e+00,0.0000,0.0000,0
84,features.7,65,pruned_before,nan,0.000000e+00,0.000000e+00,0.0000,0.0000,0
84,features.7,66,pruned_before,nan,0.000000e+00,0.000000e+00,0.0000,0.0000,0
84,features.7,67,pruned_before,nan,0.000000e+00,0.000000e+00,0.0000,0.0000,0
84,features.7,68,pruned_before,nan,0.000000e+00,0.000000e+00,0.0000,0.0000,0
84,features.7,69,pruned_before,nan,0.000000e+00,0.000000e+00,0.0000,0.0000,0
84,features.7,70,pruned_before,nan,0.000000e+00,0.000000e+00,0.0000,0.0000,0
84,features.7,71,pruned_before,nan,0.000000e+00,0.000000e+00,0.0000,0.0000,0
84,features.7,72,pruned_before,nan,0.000000e+00,0.000000e+00,0.0000,0.0000,0
84,features.7,73,pruned_before,nan,0.000000e+00,0.000000e+00,0.0000,0.0000,0
84,features.7,74,pruned_before,nan,0.000000e+00,0.000000e+00,0.0000,0.0000,0
84,features.7,75,pruned_before,nan,0.000000e+00,0.000000e+00,0.0000,0.0000,0
84,features.7,76,pruned_before,nan,0.000000e+00,0.000000e+00,0.0000,0.0000,0
84,features.7,77,active,0.033333,4.090668e-07,1.176477e-04,0.2000,0.2667,105
84,features.7,78,active,0.166667,2.507461e-07,1.507084e-04,0.0667,0.4000,105
84,features.7,79,pruned_before,nan,0.000000e+00,0.000000e+00,0.0000,0.0000,0
84,features.7,80,pruned_before,nan,0.000000e+00,0.000000e+00,0.0000,0.0000,0
84,features.7,81,pruned_before,nan,0.000000e+00,0.000000e+00,0.0000,0.0000,0
84,features.7,82,pruned_before,nan,0.000000e+00,0.000000e+00,0.0000,0.0000,0
84,features.7,83,protected,0.200000,3.462109e-06,4.301849e-04,0.6000,1.0000,105
84,features.7,84,pruned_before,nan,0.000000e+00,0.000000e+00,0.0000,0.0000,0
84,features.7,85,active,0.033333,2.456069e-06,1.672749e-04,0.4667,0.5333,105
84,features.7,86,pruned_before,nan,0.000000e+00,0.000000e+00,0.0000,0.0000,0
84,features.7,87,pruned_before,nan,0.000000e+00,0.000000e+00,0.0000,0.0000,0
84,features.7,88,pruned_before,nan,0.000000e+00,0.000000e+00,0.0000,0.0000,0
84,features.7,89,pruned_before,nan,0.000000e+00,0.000000e+00,0.0000,0.0000,0
84,features.7,90,pruned_before,nan,0.000000e+00,0.000000e+00,0.0000,0.0000,0
84,features.7,91,pruned_before,nan,0.000000e+00,0.000000e+00,0.0000,0.0000,0
84,features.7,92,pruned_before,nan,0.000000e+00,0.000000e+00,0.0000,0.0000,0
84,features.7,93,pruned_before,nan,0.000000e+00,0.000000e+00,0.0000,0.0000,0
84,features.7,94,active,0.000000,8.353059e-07,1.192063e-04,0.3333,0.3333,105
84,features.7,95,active,0.033333,7.638705e-08,4.436682e-05,0.0000,0.0667,105
84,features.7,96,pruned_before,nan,0.000000e+00,0.000000e+00,0.0000,0.0000,0
84,features.7,97,pruned_before,nan,0.000000e+00,0.000000e+00,0.0000,0.0000,0
84,features.7,98,pruned_before,nan,0.000000e+00,0.000000e+00,0.0000,0.0000,0
84,features.7,99,pruned_before,nan,0.000000e+00,0.000000e+00,0.0000,0.0000,0
84,features.7,100,pruned_before,nan,0.000000e+00,0.000000e+00,0.0000,0.0000,0
84,features.7,101,active,0.033333,8.262702e-06,3.735618e-04,0.8667,0.9333,105
84,features.7,102,pruned_before,nan,0.000000e+00,0.000000e+00,0.0000,0.0000,0
84,features.7,103,pruned_before,nan,0.000000e+00,0.000000e+00,0.0000,0.0000,0
84,features.7,104,pruned_before,nan,0.000000e+00,0.000000e+00,0.0000,0.0000,0
84,features.7,105,pruned_before,nan,0.000000e+00,0.000000e+00,0.0000,0.0000,0
84,features.7,106,pruned_before,nan,0.000000e+00,0.000000e+00,0.0000,0.0000,0
84,features.7,107,pruned_before,nan,0.000000e+00,0.000000e+00,0.0000,0.0000,0
84,features.7,108,pruned_before,nan,0.000000e+00,0.000000e+00,0.0000,0.0000,0
84,features.7,109,pruned_before,nan,0.000000e+00,0.000000e+00,0.0000,0.0000,0
84,features.7,110,pruned_before,nan,0.000000e+00,0.000000e+00,0.0000,0.0000,0
84,features.7,111,active,-0.066667,7.541069e-06,2.118112e-04,0.8000,0.6667,105
84,features.7,112,pruned_before,nan,0.000000e+00,0.000000e+00,0.0000,0.0000,0
84,features.7,113,pruned_before,nan,0.000000e+00,0.000000e+00,0.0000,0.0000,0
84,features.7,114,pruned_before,nan,0.000000e+00,0.000000e+00,0.0000,0.0000,0
84,features.7,115,pruned_before,nan,0.000000e+00,0.000000e+00,0.0000,0.0000,0
84,features.7,116,pruned_before,nan,0.000000e+00,0.000000e+00,0.0000,0.0000,0
84,features.7,117,pruned_before,nan,0.000000e+00,0.000000e+00,0.0000,0.0000,0
84,features.7,118,pruned_before,nan,0.000000e+00,0.000000e+00,0.0000,0.0000,0
84,features.7,119,pruned_before,nan,0.000000e+00,0.000000e+00,0.0000,0.0000,0
84,features.7,120,pruned_before,nan,0.000000e+00,0.000000e+00,0.0000,0.0000,0
84,features.7,121,pruned_before,nan,0.000000e+00,0.000000e+00,0.0000,0.0000,0
84,features.7,122,pruned_before,nan,0.000000e+00,0.000000e+00,0.0000,0.0000,0
84,features.7,123,pruned_before,nan,0.000000e+00,0.000000e+00,0.0000,0.0000,0
84,features.7,124,pruned_before,nan,0.000000e+00,0.000000e+00,0.0000,0.0000,0
84,features.7,125,pruned_before,nan,0.000000e+00,0.000000e+00,0.0000,0.0000,0
84,features.7,126,pruned_before,nan,0.000000e+00,0.000000e+00,0.0000,0.0000,0
84,features.7,127,pruned_before,nan,0.000000e+00,0.000000e+00,0.0000,0.0000,0
84,features.7,128,pruned_before,nan,0.000000e+00,0.000000e+00,0.0000,0.0000,0
84,features.7,129,pruned_before,nan,0.000000e+00,0.000000e+00,0.0000,0.0000,0
84,features.7,130,pruned_before,nan,0.000000e+00,0.000000e+00,0.0000,0.0000,0
84,features.7,131,pruned_before,nan,0.000000e+00,0.000000e+00,0.0000,0.0000,0
84,features.7,132,pruned_before,nan,0.000000e+00,0.000000e+00,0.0000,0.0000,0
84,features.7,133,pruned_before,nan,0.000000e+00,0.000000e+00,0.0000,0.0000,0
84,features.7,134,pruned_before,nan,0.000000e+00,0.000000e+00,0.0000,0.0000,0
84,features.7,135,pruned_before,nan,0.000000e+00,0.000000e+00,0.0000,0.0000,0
84,features.7,136,pruned_before,nan,0.000000e+00,0.000000e+00,0.0000,0.0000,0
84,features.7,137,pruned_before,nan,0.000000e+00,0.000000e+00,0.0000,0.0000,0
84,features.7,138,pruned_before,nan,0.000000e+00,0.000000e+00,0.0000,0.0000,0
84,features.7,139,pruned_before,nan,0.000000e+00,0.000000e+00,0.0000,0.0000,0
84,features.7,140,pruned_before,nan,0.000000e+00,0.000000e+00,0.0000,0.0000,0
84,features.7,141,pruned_before,nan,0.000000e+00,0.000000e+00,0.0000,0.0000,0
84,features.7,142,pruned_before,nan,0.000000e+00,0.000000e+00,0.0000,0.0000,0
84,features.7,143,pruned_before,nan,0.000000e+00,0.000000e+00,0.0000,0.0000,0
84,features.7,144,pruned_before,nan,0.000000e+00,0.000000e+00,0.0000,0.0000,0
84,features.7,145,pruned_before,nan,0.000000e+00,0.000000e+00,0.0000,0.0000,0
84,features.7,146,pruned_before,nan,0.000000e+00,0.000000e+00,0.0000,0.0000,0
84,features.7,147,pruned_before,nan,0.000000e+00,0.000000e+00,0.0000,0.0000,0
84,features.7,148,pruned_before,nan,0.000000e+00,0.000000e+00,0.0000,0.0000,0
84,features.7,149,pruned_before,nan,0.000000e+00,0.000000e+00,0.0000,0.0000,0
84,features.7,150,pruned_before,nan,0.000000e+00,0.000000e+00,0.0000,0.0000,0
84,features.7,151,pruned_before,nan,0.000000e+00,0.000000e+00,0.0000,0.0000,0
84,features.7,152,pruned_before,nan,0.000000e+00,0.000000e+00,0.0000,0.0000,0
84,features.7,153,pruned_before,nan,0.000000e+00,0.000000e+00,0.0000,0.0000,0
84,features.7,154,pruned_before,nan,0.000000e+00,0.000000e+00,0.0000,0.0000,0
84,features.7,155,pruned_before,nan,0.000000e+00,0.000000e+00,0.0000,0.0000,0
84,features.7,156,active,-0.166667,2.965704e-06,1.090020e-04,0.5333,0.2000,105
84,features.7,157,pruned_before,nan,0.000000e+00,0.000000e+00,0.0000,0.0000,0
84,features.7,158,pruned_before,nan,0.000000e+00,0.000000e+00,0.0000,0.0000,0
84,features.7,159,active,-0.133333,4.985530e-06,1.526938e-04,0.7333,0.4667,105
84,features.7,160,pruned_before,nan,0.000000e+00,0.000000e+00,0.0000,0.0000,0
84,features.7,161,pruned_before,nan,0.000000e+00,0.000000e+00,0.0000,0.0000,0
84,features.7,162,pruned_before,nan,0.000000e+00,0.000000e+00,0.0000,0.0000,0
84,features.7,163,pruned_before,nan,0.000000e+00,0.000000e+00,0.0000,0.0000,0
84,features.7,164,pruned_before,nan,0.000000e+00,0.000000e+00,0.0000,0.0000,0
84,features.7,165,pruned_before,nan,0.000000e+00,0.000000e+00,0.0000,0.0000,0
84,features.7,166,pruned_before,nan,0.000000e+00,0.000000e+00,0.0000,0.0000,0
84,features.7,167,pruned_before,nan,0.000000e+00,0.000000e+00,0.0000,0.0000,0
84,features.7,168,pruned_before,nan,0.000000e+00,0.000000e+00,0.0000,0.0000,0
84,features.7,169,pruned_before,nan,0.000000e+00,0.000000e+00,0.0000,0.0000,0
84,features.7,170,pruned_before,nan,0.000000e+00,0.000000e+00,0.0000,0.0000,0
84,features.7,171,pruned_before,nan,0.000000e+00,0.000000e+00,0.0000,0.0000,0
84,features.7,172,pruned_before,nan,0.000000e+00,0.000000e+00,0.0000,0.0000,0
84,features.7,173,pruned_before,nan,0.000000e+00,0.000000e+00,0.0000,0.0000,0
84,features.7,174,pruned_before,nan,0.000000e+00,0.000000e+00,0.0000,0.0000,0
84,features.7,175,pruned_before,nan,0.000000e+00,0.000000e+00,0.0000,0.0000,0
84,features.7,176,pruned_before,nan,0.000000e+00,0.000000e+00,0.0000,0.0000,0
84,features.7,177,pruned_before,nan,0.000000e+00,0.000000e+00,0.0000,0.0000,0
84,features.7,178,pruned_before,nan,0.000000e+00,0.000000e+00,0.0000,0.0000,0
84,features.7,179,pruned_before,nan,0.000000e+00,0.000000e+00,0.0000,0.0000,0
84,features.7,180,pruned_before,nan,0.000000e+00,0.000000e+00,0.0000,0.0000,0
84,features.7,181,pruned_before,nan,0.000000e+00,0.000000e+00,0.0000,0.0000,0
84,features.7,182,pruned_before,nan,0.000000e+00,0.000000e+00,0.0000,0.0000,0
84,features.7,183,pruned_before,nan,0.000000e+00,0.000000e+00,0.0000,0.0000,0
84,features.7,184,pruned_before,nan,0.000000e+00,0.000000e+00,0.0000,0.0000,0
84,features.7,185,pruned_before,nan,0.000000e+00,0.000000e+00,0.0000,0.0000,0
84,features.7,186,pruned_before,nan,0.000000e+00,0.000000e+00,0.0000,0.0000,0
84,features.7,187,active,0.000000,3.097043e-07,9.314746e-05,0.1333,0.1333,105
84,features.7,188,pruned_before,nan,0.000000e+00,0.000000e+00,0.0000,0.0000,0
84,features.7,189,pruned_before,nan,0.000000e+00,0.000000e+00,0.0000,0.0000,0
84,features.7,190,active,-0.200000,1.827402e-05,1.914475e-04,1.0000,0.6000,105
84,features.7,191,pruned_before,nan,0.000000e+00,0.000000e+00,0.0000,0.0000,0
84,features.8,0,active,-0.016667,2.963916e-08,4.373115e-06,0.0667,0.0333,137
84,features.8,1,pruned_before,nan,0.000000e+00,0.000000e+00,0.0000,0.0000,0
84,features.8,2,pruned_before,nan,0.000000e+00,0.000000e+00,0.0000,0.0000,0
84,features.8,3,active,-0.183333,4.902097e-07,2.647931e-05,0.8667,0.5000,137
84,features.8,4,pruned_before,nan,0.000000e+00,0.000000e+00,0.0000,0.0000,0
84,features.8,5,pruned_before,nan,0.000000e+00,0.000000e+00,0.0000,0.0000,0
84,features.8,6,pruned_before,nan,0.000000e+00,0.000000e+00,0.0000,0.0000,0
84,features.8,7,pruned_before,nan,0.000000e+00,0.000000e+00,0.0000,0.0000,0
84,features.8,8,pruned_before,nan,0.000000e+00,0.000000e+00,0.0000,0.0000,0
84,features.8,9,pruned_before,nan,0.000000e+00,0.000000e+00,0.0000,0.0000,0
84,features.8,10,pruned_before,nan,0.000000e+00,0.000000e+00,0.0000,0.0000,0
84,features.8,11,pruned_before,nan,0.000000e+00,0.000000e+00,0.0000,0.0000,0
84,features.8,12,pruned_before,nan,0.000000e+00,0.000000e+00,0.0000,0.0000,0
84,features.8,13,pruned_before,nan,0.000000e+00,0.000000e+00,0.0000,0.0000,0
84,features.8,14,pruned_before,nan,0.000000e+00,0.000000e+00,0.0000,0.0000,0
84,features.8,15,pruned_before,nan,0.000000e+00,0.000000e+00,0.0000,0.0000,0
84,features.8,16,pruned_before,nan,0.000000e+00,0.000000e+00,0.0000,0.0000,0
84,features.8,17,pruned_before,nan,0.000000e+00,0.000000e+00,0.0000,0.0000,0
84,features.8,18,pruned_before,nan,0.000000e+00,0.000000e+00,0.0000,0.0000,0
84,features.8,19,pruned_before,nan,0.000000e+00,0.000000e+00,0.0000,0.0000,0
84,features.8,20,pruned_before,nan,0.000000e+00,0.000000e+00,0.0000,0.0000,0
84,features.8,21,pruned_before,nan,0.000000e+00,0.000000e+00,0.0000,0.0000,0
84,features.8,22,pruned_before,nan,0.000000e+00,0.000000e+00,0.0000,0.0000,0
84,features.8,23,pruned_before,nan,0.000000e+00,0.000000e+00,0.0000,0.0000,0
84,features.8,24,pruned_before,nan,0.000000e+00,0.000000e+00,0.0000,0.0000,0
84,features.8,25,pruned_before,nan,0.000000e+00,0.000000e+00,0.0000,0.0000,0
84,features.8,26,pruned_before,nan,0.000000e+00,0.000000e+00,0.0000,0.0000,0
84,features.8,27,pruned_before,nan,0.000000e+00,0.000000e+00,0.0000,0.0000,0
84,features.8,28,pruned_before,nan,0.000000e+00,0.000000e+00,0.0000,0.0000,0
84,features.8,29,pruned_before,nan,0.000000e+00,0.000000e+00,0.0000,0.0000,0
84,features.8,30,active,0.200000,1.088807e-07,6.899560e-05,0.3333,0.7333,137
84,features.8,31,pruned_before,nan,0.000000e+00,0.000000e+00,0.0000,0.0000,0
84,features.8,32,pruned_before,nan,0.000000e+00,0.000000e+00,0.0000,0.0000,0
84,features.8,33,pruned_before,nan,0.000000e+00,0.000000e+00,0.0000,0.0000,0
84,features.8,34,pruned_before,nan,0.000000e+00,0.000000e+00,0.0000,0.0000,0
84,features.8,35,pruned_before,nan,0.000000e+00,0.000000e+00,0.0000,0.0000,0
84,features.8,36,pruned_before,nan,0.000000e+00,0.000000e+00,0.0000,0.0000,0
84,features.8,37,pruned_before,nan,0.000000e+00,0.000000e+00,0.0000,0.0000,0
84,features.8,38,active,0.183333,1.069976e-07,5.028484e-05,0.3000,0.6667,137
84,features.8,39,pruned_before,nan,0.000000e+00,0.000000e+00,0.0000,0.0000,0
84,features.8,40,pruned_before,nan,0.000000e+00,0.000000e+00,0.0000,0.0000,0
84,features.8,41,pruned_before,nan,0.000000e+00,0.000000e+00,0.0000,0.0000,0
84,features.8,42,active,0.016667,9.889541e-08,1.500530e-05,0.2333,0.2667,137
84,features.8,43,active,0.116667,3.468990e-07,3.883188e-04,0.7000,0.9333,137
84,features.8,44,pruned_before,nan,0.000000e+00,0.000000e+00,0.0000,0.0000,0
84,features.8,45,pruned_before,nan,0.000000e+00,0.000000e+00,0.0000,0.0000,0
84,features.8,46,pruned_before,nan,0.000000e+00,0.000000e+00,0.0000,0.0000,0
84,features.8,47,active,-0.016667,8.691738e-08,8.877467e-06,0.2000,0.1667,137
84,features.8,48,pruned_before,nan,0.000000e+00,0.000000e+00,0.0000,0.0000,0
84,features.8,49,pruned_before,nan,0.000000e+00,0.000000e+00,0.0000,0.0000,0
84,features.8,50,pruned_before,nan,0.000000e+00,0.000000e+00,0.0000,0.0000,0
84,features.8,51,pruned_before,nan,0.000000e+00,0.000000e+00,0.0000,0.0000,0
84,features.8,52,pruned_before,nan,0.000000e+00,0.000000e+00,0.0000,0.0000,0
84,features.8,53,pruned_before,nan,0.000000e+00,0.000000e+00,0.0000,0.0000,0
84,features.8,54,pruned_before,nan,0.000000e+00,0.000000e+00,0.0000,0.0000,0
84,features.8,55,pruned_before,nan,0.000000e+00,0.000000e+00,0.0000,0.0000,0
84,features.8,56,pruned_before,nan,0.000000e+00,0.000000e+00,0.0000,0.0000,0
84,features.8,57,pruned_before,nan,0.000000e+00,0.000000e+00,0.0000,0.0000,0
84,features.8,58,pruned_before,nan,0.000000e+00,0.000000e+00,0.0000,0.0000,0
84,features.8,59,pruned_before,nan,0.000000e+00,0.000000e+00,0.0000,0.0000,0
84,features.8,60,pruned_before,nan,0.000000e+00,0.000000e+00,0.0000,0.0000,0
84,features.8,61,pruned_before,nan,0.000000e+00,0.000000e+00,0.0000,0.0000,0
84,features.8,62,pruned_before,nan,0.000000e+00,0.000000e+00,0.0000,0.0000,0
84,features.8,63,active,0.100000,2.356921e-07,7.297939e-05,0.5667,0.7667,137
84,features.8,64,pruned_before,nan,0.000000e+00,0.000000e+00,0.0000,0.0000,0
84,features.8,65,pruned_before,nan,0.000000e+00,0.000000e+00,0.0000,0.0000,0
84,features.8,66,pruned_before,nan,0.000000e+00,0.000000e+00,0.0000,0.0000,0
84,features.8,67,pruned_before,nan,0.000000e+00,0.000000e+00,0.0000,0.0000,0
84,features.8,68,pruned_before,nan,0.000000e+00,0.000000e+00,0.0000,0.0000,0
84,features.8,69,pruned_before,nan,0.000000e+00,0.000000e+00,0.0000,0.0000,0
84,features.8,70,pruned_before,nan,0.000000e+00,0.000000e+00,0.0000,0.0000,0
84,features.8,71,pruned_before,nan,0.000000e+00,0.000000e+00,0.0000,0.0000,0
84,features.8,72,pruned_before,nan,0.000000e+00,0.000000e+00,0.0000,0.0000,0
84,features.8,73,pruned_before,nan,0.000000e+00,0.000000e+00,0.0000,0.0000,0
84,features.8,74,pruned_before,nan,0.000000e+00,0.000000e+00,0.0000,0.0000,0
84,features.8,75,active,-0.083333,1.132684e-06,7.967292e-05,0.9667,0.8000,137
84,features.8,76,pruned_before,nan,0.000000e+00,0.000000e+00,0.0000,0.0000,0
84,features.8,77,pruned_before,nan,0.000000e+00,0.000000e+00,0.0000,0.0000,0
84,features.8,78,pruned_before,nan,0.000000e+00,0.000000e+00,0.0000,0.0000,0
84,features.8,79,pruned_before,nan,0.000000e+00,0.000000e+00,0.0000,0.0000,0
84,features.8,80,pruned_before,nan,0.000000e+00,0.000000e+00,0.0000,0.0000,0
84,features.8,81,pruned_before,nan,0.000000e+00,0.000000e+00,0.0000,0.0000,0
84,features.8,82,pruned_before,nan,0.000000e+00,0.000000e+00,0.0000,0.0000,0
84,features.8,83,pruned_before,nan,0.000000e+00,0.000000e+00,0.0000,0.0000,0
84,features.8,84,active,-0.050000,7.098106e-08,4.977811e-06,0.1667,0.0667,137
84,features.8,85,pruned_before,nan,0.000000e+00,0.000000e+00,0.0000,0.0000,0
84,features.8,86,pruned_before,nan,0.000000e+00,0.000000e+00,0.0000,0.0000,0
84,features.8,87,pruned_before,nan,0.000000e+00,0.000000e+00,0.0000,0.0000,0
84,features.8,88,pruned_before,nan,0.000000e+00,0.000000e+00,0.0000,0.0000,0
84,features.8,89,pruned_before,nan,0.000000e+00,0.000000e+00,0.0000,0.0000,0
84,features.8,90,pruned_before,nan,0.000000e+00,0.000000e+00,0.0000,0.0000,0
84,features.8,91,pruned_before,nan,0.000000e+00,0.000000e+00,0.0000,0.0000,0
84,features.8,92,pruned_before,nan,0.000000e+00,0.000000e+00,0.0000,0.0000,0
84,features.8,93,pruned_before,nan,0.000000e+00,0.000000e+00,0.0000,0.0000,0
84,features.8,94,pruned_before,nan,0.000000e+00,0.000000e+00,0.0000,0.0000,0
84,features.8,95,pruned_before,nan,0.000000e+00,0.000000e+00,0.0000,0.0000,0
84,features.8,96,pruned_before,nan,0.000000e+00,0.000000e+00,0.0000,0.0000,0
84,features.8,97,pruned_before,nan,0.000000e+00,0.000000e+00,0.0000,0.0000,0
84,features.8,98,pruned_before,nan,0.000000e+00,0.000000e+00,0.0000,0.0000,0
84,features.8,99,pruned_before,nan,0.000000e+00,0.000000e+00,0.0000,0.0000,0
84,features.8,100,pruned_before,nan,0.000000e+00,0.000000e+00,0.0000,0.0000,0
84,features.8,101,pruned_before,nan,0.000000e+00,0.000000e+00,0.0000,0.0000,0
84,features.8,102,active,-0.133333,2.720476e-07,1.877409e-05,0.6000,0.3333,137
84,features.8,103,pruned_before,nan,0.000000e+00,0.000000e+00,0.0000,0.0000,0
84,features.8,104,pruned_before,nan,0.000000e+00,0.000000e+00,0.0000,0.0000,0
84,features.8,105,active,-0.066667,4.023522e-07,4.377661e-05,0.7667,0.6333,137
84,features.8,106,pruned_before,nan,0.000000e+00,0.000000e+00,0.0000,0.0000,0
84,features.8,107,pruned_before,nan,0.000000e+00,0.000000e+00,0.0000,0.0000,0
84,features.8,108,pruned_before,nan,0.000000e+00,0.000000e+00,0.0000,0.0000,0
84,features.8,109,pruned_before,nan,0.000000e+00,0.000000e+00,0.0000,0.0000,0
84,features.8,110,pruned_before,nan,0.000000e+00,0.000000e+00,0.0000,0.0000,0
84,features.8,111,pruned_before,nan,0.000000e+00,0.000000e+00,0.0000,0.0000,0
84,features.8,112,pruned_before,nan,0.000000e+00,0.000000e+00,0.0000,0.0000,0
84,features.8,113,active,0.033333,2.232325e-08,5.916225e-06,0.0333,0.1000,137
84,features.8,114,pruned_before,nan,0.000000e+00,0.000000e+00,0.0000,0.0000,0
84,features.8,115,pruned_before,nan,0.000000e+00,0.000000e+00,0.0000,0.0000,0
84,features.8,116,active,0.233333,1.719560e-07,4.812644e-04,0.5000,0.9667,137
84,features.8,117,pruned_before,nan,0.000000e+00,0.000000e+00,0.0000,0.0000,0
84,features.8,118,pruned_before,nan,0.000000e+00,0.000000e+00,0.0000,0.0000,0
84,features.8,119,pruned_before,nan,0.000000e+00,0.000000e+00,0.0000,0.0000,0
84,features.8,120,pruned_before,nan,0.000000e+00,0.000000e+00,0.0000,0.0000,0
84,features.8,121,active,-0.216667,1.353326e-06,3.359466e-05,1.0000,0.5667,137
84,features.8,122,pruned_before,nan,0.000000e+00,0.000000e+00,0.0000,0.0000,0
84,features.8,123,pruned_before,nan,0.000000e+00,0.000000e+00,0.0000,0.0000,0
84,features.8,124,pruned_before,nan,0.000000e+00,0.000000e+00,0.0000,0.0000,0
84,features.8,125,pruned_before,nan,0.000000e+00,0.000000e+00,0.0000,0.0000,0
84,features.8,126,pruned_before,nan,0.000000e+00,0.000000e+00,0.0000,0.0000,0
84,features.8,127,pruned_before,nan,0.000000e+00,0.000000e+00,0.0000,0.0000,0
84,features.8,128,pruned_before,nan,0.000000e+00,0.000000e+00,0.0000,0.0000,0
84,features.8,129,pruned_before,nan,0.000000e+00,0.000000e+00,0.0000,0.0000,0
84,features.8,130,pruned_before,nan,0.000000e+00,0.000000e+00,0.0000,0.0000,0
84,features.8,131,pruned_before,nan,0.000000e+00,0.000000e+00,0.0000,0.0000,0
84,features.8,132,pruned_before,nan,0.000000e+00,0.000000e+00,0.0000,0.0000,0
84,features.8,133,pruned_before,nan,0.000000e+00,0.000000e+00,0.0000,0.0000,0
84,features.8,134,pruned_before,nan,0.000000e+00,0.000000e+00,0.0000,0.0000,0
84,features.8,135,pruned_before,nan,0.000000e+00,0.000000e+00,0.0000,0.0000,0
84,features.8,136,pruned_before,nan,0.000000e+00,0.000000e+00,0.0000,0.0000,0
84,features.8,137,pruned_before,nan,0.000000e+00,0.000000e+00,0.0000,0.0000,0
84,features.8,138,pruned_before,nan,0.000000e+00,0.000000e+00,0.0000,0.0000,0
84,features.8,139,pruned_before,nan,0.000000e+00,0.000000e+00,0.0000,0.0000,0
84,features.8,140,pruned_before,nan,0.000000e+00,0.000000e+00,0.0000,0.0000,0
84,features.8,141,pruned_before,nan,0.000000e+00,0.000000e+00,0.0000,0.0000,0
84,features.8,142,pruned_before,nan,0.000000e+00,0.000000e+00,0.0000,0.0000,0
84,features.8,143,pruned_before,nan,0.000000e+00,0.000000e+00,0.0000,0.0000,0
84,features.8,144,pruned_before,nan,0.000000e+00,0.000000e+00,0.0000,0.0000,0
84,features.8,145,pruned_before,nan,0.000000e+00,0.000000e+00,0.0000,0.0000,0
84,features.8,146,pruned_before,nan,0.000000e+00,0.000000e+00,0.0000,0.0000,0
84,features.8,147,pruned_before,nan,0.000000e+00,0.000000e+00,0.0000,0.0000,0
84,features.8,148,pruned_before,nan,0.000000e+00,0.000000e+00,0.0000,0.0000,0
84,features.8,149,pruned_before,nan,0.000000e+00,0.000000e+00,0.0000,0.0000,0
84,features.8,150,pruned_before,nan,0.000000e+00,0.000000e+00,0.0000,0.0000,0
84,features.8,151,pruned_before,nan,0.000000e+00,0.000000e+00,0.0000,0.0000,0
84,features.8,152,pruned_before,nan,0.000000e+00,0.000000e+00,0.0000,0.0000,0
84,features.8,153,pruned_before,nan,0.000000e+00,0.000000e+00,0.0000,0.0000,0
84,features.8,154,pruned_before,nan,0.000000e+00,0.000000e+00,0.0000,0.0000,0
84,features.8,155,pruned_before,nan,0.000000e+00,0.000000e+00,0.0000,0.0000,0
84,features.8,156,pruned_before,nan,0.000000e+00,0.000000e+00,0.0000,0.0000,0
84,features.8,157,pruned_before,nan,0.000000e+00,0.000000e+00,0.0000,0.0000,0
84,features.8,158,pruned_before,nan,0.000000e+00,0.000000e+00,0.0000,0.0000,0
84,features.8,159,pruned_before,nan,0.000000e+00,0.000000e+00,0.0000,0.0000,0
84,features.8,160,pruned_before,nan,0.000000e+00,0.000000e+00,0.0000,0.0000,0
84,features.8,161,pruned_before,nan,0.000000e+00,0.000000e+00,0.0000,0.0000,0
84,features.8,162,pruned_before,nan,0.000000e+00,0.000000e+00,0.0000,0.0000,0
84,features.8,163,pruned_before,nan,0.000000e+00,0.000000e+00,0.0000,0.0000,0
84,features.8,164,pruned_before,nan,0.000000e+00,0.000000e+00,0.0000,0.0000,0
84,features.8,165,pruned_before,nan,0.000000e+00,0.000000e+00,0.0000,0.0000,0
84,features.8,166,pruned_before,nan,0.000000e+00,0.000000e+00,0.0000,0.0000,0
84,features.8,167,pruned_before,nan,0.000000e+00,0.000000e+00,0.0000,0.0000,0
84,features.8,168,pruned_before,nan,0.000000e+00,0.000000e+00,0.0000,0.0000,0
84,features.8,169,active,0.100000,7.893551e-09,1.150129e-05,0.0000,0.2000,137
84,features.8,170,pruned_before,nan,0.000000e+00,0.000000e+00,0.0000,0.0000,0
84,features.8,171,pruned_before,nan,0.000000e+00,0.000000e+00,0.0000,0.0000,0
84,features.8,172,pruned_before,nan,0.000000e+00,0.000000e+00,0.0000,0.0000,0
84,features.8,173,pruned_before,nan,0.000000e+00,0.000000e+00,0.0000,0.0000,0
84,features.8,174,pruned_before,nan,0.000000e+00,0.000000e+00,0.0000,0.0000,0
84,features.8,175,pruned_before,nan,0.000000e+00,0.000000e+00,0.0000,0.0000,0
84,features.8,176,pruned_before,nan,0.000000e+00,0.000000e+00,0.0000,0.0000,0
84,features.8,177,pruned_before,nan,0.000000e+00,0.000000e+00,0.0000,0.0000,0
84,features.8,178,pruned_before,nan,0.000000e+00,0.000000e+00,0.0000,0.0000,0
84,features.8,179,pruned_before,nan,0.000000e+00,0.000000e+00,0.0000,0.0000,0
84,features.8,180,pruned_before,nan,0.000000e+00,0.000000e+00,0.0000,0.0000,0
84,features.8,181,pruned_before,nan,0.000000e+00,0.000000e+00,0.0000,0.0000,0
84,features.8,182,pruned_before,nan,0.000000e+00,0.000000e+00,0.0000,0.0000,0
84,features.8,183,pruned_before,nan,0.000000e+00,0.000000e+00,0.0000,0.0000,0
84,features.8,184,pruned_before,nan,0.000000e+00,0.000000e+00,0.0000,0.0000,0
84,features.8,185,pruned_before,nan,0.000000e+00,0.000000e+00,0.0000,0.0000,0
84,features.8,186,pruned_before,nan,0.000000e+00,0.000000e+00,0.0000,0.0000,0
84,features.8,187,active,-0.166667,3.839707e-07,2.297397e-05,0.7333,0.4000,137
84,features.8,188,pruned_before,nan,0.000000e+00,0.000000e+00,0.0000,0.0000,0
84,features.8,189,protected,0.033333,1.028365e-06,5.772539e-04,0.9333,1.0000,137
84,features.8,190,pruned_before,nan,0.000000e+00,0.000000e+00,0.0000,0.0000,0
84,features.8,191,pruned_before,nan,0.000000e+00,0.000000e+00,0.0000,0.0000,0
84,features.8,192,pruned_before,nan,0.000000e+00,0.000000e+00,0.0000,0.0000,0
84,features.8,193,pruned_before,nan,0.000000e+00,0.000000e+00,0.0000,0.0000,0
84,features.8,194,pruned_before,nan,0.000000e+00,0.000000e+00,0.0000,0.0000,0
84,features.8,195,pruned_before,nan,0.000000e+00,0.000000e+00,0.0000,0.0000,0
84,features.8,196,pruned_before,nan,0.000000e+00,0.000000e+00,0.0000,0.0000,0
84,features.8,197,pruned_before,nan,0.000000e+00,0.000000e+00,0.0000,0.0000,0
84,features.8,198,pruned_before,nan,0.000000e+00,0.000000e+00,0.0000,0.0000,0
84,features.8,199,pruned_before,nan,0.000000e+00,0.000000e+00,0.0000,0.0000,0
84,features.8,200,active,0.016667,1.627225e-07,2.563722e-05,0.4000,0.4333,137
84,features.8,201,pruned_before,nan,0.000000e+00,0.000000e+00,0.0000,0.0000,0
84,features.8,202,pruned_before,nan,0.000000e+00,0.000000e+00,0.0000,0.0000,0
84,features.8,203,pruned_before,nan,0.000000e+00,0.000000e+00,0.0000,0.0000,0
84,features.8,204,pruned_before,nan,0.000000e+00,0.000000e+00,0.0000,0.0000,0
84,features.8,205,pruned_before,nan,0.000000e+00,0.000000e+00,0.0000,0.0000,0
84,features.8,206,pruned_before,nan,0.000000e+00,0.000000e+00,0.0000,0.0000,0
84,features.8,207,pruned_before,nan,0.000000e+00,0.000000e+00,0.0000,0.0000,0
84,features.8,208,pruned_before,nan,0.000000e+00,0.000000e+00,0.0000,0.0000,0
84,features.8,209,pruned_before,nan,0.000000e+00,0.000000e+00,0.0000,0.0000,0
84,features.8,210,pruned_before,nan,0.000000e+00,0.000000e+00,0.0000,0.0000,0
84,features.8,211,pruned_before,nan,0.000000e+00,0.000000e+00,0.0000,0.0000,0
84,features.8,212,pruned_before,nan,0.000000e+00,0.000000e+00,0.0000,0.0000,0
84,features.8,213,pruned_before,nan,0.000000e+00,0.000000e+00,0.0000,0.0000,0
84,features.8,214,pruned_before,nan,0.000000e+00,0.000000e+00,0.0000,0.0000,0
84,features.8,215,pruned_before,nan,0.000000e+00,0.000000e+00,0.0000,0.0000,0
84,features.8,216,pruned_before,nan,0.000000e+00,0.000000e+00,0.0000,0.0000,0
84,features.8,217,pruned_before,nan,0.000000e+00,0.000000e+00,0.0000,0.0000,0
84,features.8,218,pruned_before,nan,0.000000e+00,0.000000e+00,0.0000,0.0000,0
84,features.8,219,active,0.033333,2.828141e-07,5.164449e-05,0.6333,0.7000,137
84,features.8,220,pruned_before,nan,0.000000e+00,0.000000e+00,0.0000,0.0000,0
84,features.8,221,pruned_before,nan,0.000000e+00,0.000000e+00,0.0000,0.0000,0
84,features.8,222,pruned_before,nan,0.000000e+00,0.000000e+00,0.0000,0.0000,0
84,features.8,223,pruned_before,nan,0.000000e+00,0.000000e+00,0.0000,0.0000,0
84,features.8,224,pruned_before,nan,0.000000e+00,0.000000e+00,0.0000,0.0000,0
84,features.8,225,pruned_before,nan,0.000000e+00,0.000000e+00,0.0000,0.0000,0
84,features.8,226,pruned_before,nan,0.000000e+00,0.000000e+00,0.0000,0.0000,0
84,features.8,227,pruned_before,nan,0.000000e+00,0.000000e+00,0.0000,0.0000,0
84,features.8,228,pruned_before,nan,0.000000e+00,0.000000e+00,0.0000,0.0000,0
84,features.8,229,active,-0.116667,1.180057e-07,7.366306e-06,0.3667,0.1333,137
84,features.8,230,pruned_before,nan,0.000000e+00,0.000000e+00,0.0000,0.0000,0
84,features.8,231,pruned_before,nan,0.000000e+00,0.000000e+00,0.0000,0.0000,0
84,features.8,232,active,-0.066667,3.196681e-07,2.736704e-05,0.6667,0.5333,137
84,features.8,233,active,-0.066667,6.899116e-08,4.288792e-06,0.1333,0.0000,137
84,features.8,234,pruned_before,nan,0.000000e+00,0.000000e+00,0.0000,0.0000,0
84,features.8,235,pruned_before,nan,0.000000e+00,0.000000e+00,0.0000,0.0000,0
84,features.8,236,pruned_before,nan,0.000000e+00,0.000000e+00,0.0000,0.0000,0
84,features.8,237,pruned_before,nan,0.000000e+00,0.000000e+00,0.0000,0.0000,0
84,features.8,238,pruned_before,nan,0.000000e+00,0.000000e+00,0.0000,0.0000,0
84,features.8,239,pruned_before,nan,0.000000e+00,0.000000e+00,0.0000,0.0000,0
84,features.8,240,pruned_before,nan,0.000000e+00,0.000000e+00,0.0000,0.0000,0
84,features.8,241,active,-0.150000,2.126341e-07,1.336264e-05,0.5333,0.2333,137
84,features.8,242,pruned_before,nan,0.000000e+00,0.000000e+00,0.0000,0.0000,0
84,features.8,243,pruned_before,nan,0.000000e+00,0.000000e+00,0.0000,0.0000,0
84,features.8,244,active,0.050000,1.011824e-07,1.883708e-05,0.2667,0.3667,137
84,features.8,245,pruned_before,nan,0.000000e+00,0.000000e+00,0.0000,0.0000,0
84,features.8,246,pruned_before,nan,0.000000e+00,0.000000e+00,0.0000,0.0000,0
84,features.8,247,pruned_before,nan,0.000000e+00,0.000000e+00,0.0000,0.0000,0
84,features.8,248,pruned_before,nan,0.000000e+00,0.000000e+00,0.0000,0.0000,0
84,features.8,249,pruned_before,nan,0.000000e+00,0.000000e+00,0.0000,0.0000,0
84,features.8,250,pruned_before,nan,0.000000e+00,0.000000e+00,0.0000,0.0000,0
84,features.8,251,pruned_before,nan,0.000000e+00,0.000000e+00,0.0000,0.0000,0
84,features.8,252,pruned_before,nan,0.000000e+00,0.000000e+00,0.0000,0.0000,0
84,features.8,253,pruned_before,nan,0.000000e+00,0.000000e+00,0.0000,0.0000,0
84,features.8,254,pruned_before,nan,0.000000e+00,0.000000e+00,0.0000,0.0000,0
84,features.8,255,pruned_before,nan,0.000000e+00,0.000000e+00,0.0000,0.0000,0
84,features.8,256,pruned_before,nan,0.000000e+00,0.000000e+00,0.0000,0.0000,0
84,features.8,257,pruned_before,nan,0.000000e+00,0.000000e+00,0.0000,0.0000,0
84,features.8,258,pruned_before,nan,0.000000e+00,0.000000e+00,0.0000,0.0000,0
84,features.8,259,pruned_before,nan,0.000000e+00,0.000000e+00,0.0000,0.0000,0
84,features.8,260,pruned_before,nan,0.000000e+00,0.000000e+00,0.0000,0.0000,0
84,features.8,261,pruned_before,nan,0.000000e+00,0.000000e+00,0.0000,0.0000,0
84,features.8,262,pruned_before,nan,0.000000e+00,0.000000e+00,0.0000,0.0000,0
84,features.8,263,pruned_before,nan,0.000000e+00,0.000000e+00,0.0000,0.0000,0
84,features.8,264,pruned_before,nan,0.000000e+00,0.000000e+00,0.0000,0.0000,0
84,features.8,265,pruned_before,nan,0.000000e+00,0.000000e+00,0.0000,0.0000,0
84,features.8,266,pruned_before,nan,0.000000e+00,0.000000e+00,0.0000,0.0000,0
84,features.8,267,pruned_before,nan,0.000000e+00,0.000000e+00,0.0000,0.0000,0
84,features.8,268,pruned_before,nan,0.000000e+00,0.000000e+00,0.0000,0.0000,0
84,features.8,269,active,0.000000,4.184971e-07,1.530326e-04,0.8333,0.8333,137
84,features.8,270,pruned_before,nan,0.000000e+00,0.000000e+00,0.0000,0.0000,0
84,features.8,271,pruned_before,nan,0.000000e+00,0.000000e+00,0.0000,0.0000,0
84,features.8,272,pruned_before,nan,0.000000e+00,0.000000e+00,0.0000,0.0000,0
84,features.8,273,pruned_before,nan,0.000000e+00,0.000000e+00,0.0000,0.0000,0
84,features.8,274,pruned_before,nan,0.000000e+00,0.000000e+00,0.0000,0.0000,0
84,features.8,275,pruned_before,nan,0.000000e+00,0.000000e+00,0.0000,0.0000,0
84,features.8,276,pruned_before,nan,0.000000e+00,0.000000e+00,0.0000,0.0000,0
84,features.8,277,pruned_before,nan,0.000000e+00,0.000000e+00,0.0000,0.0000,0
84,features.8,278,pruned_before,nan,0.000000e+00,0.000000e+00,0.0000,0.0000,0
84,features.8,279,pruned_before,nan,0.000000e+00,0.000000e+00,0.0000,0.0000,0
84,features.8,280,pruned_before,nan,0.000000e+00,0.000000e+00,0.0000,0.0000,0
84,features.8,281,pruned_before,nan,0.000000e+00,0.000000e+00,0.0000,0.0000,0
84,features.8,282,pruned_before,nan,0.000000e+00,0.000000e+00,0.0000,0.0000,0
84,features.8,283,pruned_before,nan,0.000000e+00,0.000000e+00,0.0000,0.0000,0
84,features.8,284,pruned_before,nan,0.000000e+00,0.000000e+00,0.0000,0.0000,0
84,features.8,285,pruned_before,nan,0.000000e+00,0.000000e+00,0.0000,0.0000,0
84,features.8,286,pruned_before,nan,0.000000e+00,0.000000e+00,0.0000,0.0000,0
84,features.8,287,pruned_before,nan,0.000000e+00,0.000000e+00,0.0000,0.0000,0
84,features.8,288,pruned_before,nan,0.000000e+00,0.000000e+00,0.0000,0.0000,0
84,features.8,289,pruned_before,nan,0.000000e+00,0.000000e+00,0.0000,0.0000,0
84,features.8,290,pruned_before,nan,0.000000e+00,0.000000e+00,0.0000,0.0000,0
84,features.8,291,pruned_before,nan,0.000000e+00,0.000000e+00,0.0000,0.0000,0
84,features.8,292,pruned_before,nan,0.000000e+00,0.000000e+00,0.0000,0.0000,0
84,features.8,293,pruned_before,nan,0.000000e+00,0.000000e+00,0.0000,0.0000,0
84,features.8,294,pruned_before,nan,0.000000e+00,0.000000e+00,0.0000,0.0000,0
84,features.8,295,pruned_before,nan,0.000000e+00,0.000000e+00,0.0000,0.0000,0
84,features.8,296,active,0.066667,1.700470e-07,3.502389e-05,0.4667,0.6000,137
84,features.8,297,pruned_before,nan,0.000000e+00,0.000000e+00,0.0000,0.0000,0
84,features.8,298,pruned_before,nan,0.000000e+00,0.000000e+00,0.0000,0.0000,0
84,features.8,299,pruned_before,nan,0.000000e+00,0.000000e+00,0.0000,0.0000,0
84,features.8,300,pruned_before,nan,0.000000e+00,0.000000e+00,0.0000,0.0000,0
84,features.8,301,pruned_before,nan,0.000000e+00,0.000000e+00,0.0000,0.0000,0
84,features.8,302,pruned_before,nan,0.000000e+00,0.000000e+00,0.0000,0.0000,0
84,features.8,303,pruned_before,nan,0.000000e+00,0.000000e+00,0.0000,0.0000,0
84,features.8,304,pruned_before,nan,0.000000e+00,0.000000e+00,0.0000,0.0000,0
84,features.8,305,pruned_before,nan,0.000000e+00,0.000000e+00,0.0000,0.0000,0
84,features.8,306,pruned_before,nan,0.000000e+00,0.000000e+00,0.0000,0.0000,0
84,features.8,307,pruned_before,nan,0.000000e+00,0.000000e+00,0.0000,0.0000,0
84,features.8,308,pruned_before,nan,0.000000e+00,0.000000e+00,0.0000,0.0000,0
84,features.8,309,pruned_before,nan,0.000000e+00,0.000000e+00,0.0000,0.0000,0
84,features.8,310,pruned_before,nan,0.000000e+00,0.000000e+00,0.0000,0.0000,0
84,features.8,311,pruned_before,nan,0.000000e+00,0.000000e+00,0.0000,0.0000,0
84,features.8,312,pruned_before,nan,0.000000e+00,0.000000e+00,0.0000,0.0000,0
84,features.8,313,pruned_before,nan,0.000000e+00,0.000000e+00,0.0000,0.0000,0
84,features.8,314,pruned_before,nan,0.000000e+00,0.000000e+00,0.0000,0.0000,0
84,features.8,315,pruned_before,nan,0.000000e+00,0.000000e+00,0.0000,0.0000,0
84,features.8,316,pruned_before,nan,0.000000e+00,0.000000e+00,0.0000,0.0000,0
84,features.8,317,pruned_before,nan,0.000000e+00,0.000000e+00,0.0000,0.0000,0
84,features.8,318,pruned_before,nan,0.000000e+00,0.000000e+00,0.0000,0.0000,0
84,features.8,319,pruned_before,nan,0.000000e+00,0.000000e+00,0.0000,0.0000,0
84,features.8,320,pruned_before,nan,0.000000e+00,0.000000e+00,0.0000,0.0000,0
84,features.8,321,pruned_before,nan,0.000000e+00,0.000000e+00,0.0000,0.0000,0
84,features.8,322,pruned_before,nan,0.000000e+00,0.000000e+00,0.0000,0.0000,0
84,features.8,323,pruned_before,nan,0.000000e+00,0.000000e+00,0.0000,0.0000,0
84,features.8,324,pruned_before,nan,0.000000e+00,0.000000e+00,0.0000,0.0000,0
84,features.8,325,pruned_before,nan,0.000000e+00,0.000000e+00,0.0000,0.0000,0
84,features.8,326,pruned_before,nan,0.000000e+00,0.000000e+00,0.0000,0.0000,0
84,features.8,327,active,0.383333,6.299955e-08,1.909970e-04,0.1000,0.8667,137
84,features.8,328,pruned_before,nan,0.000000e+00,0.000000e+00,0.0000,0.0000,0
84,features.8,329,pruned_before,nan,0.000000e+00,0.000000e+00,0.0000,0.0000,0
84,features.8,330,active,-0.166667,4.023809e-07,2.571845e-05,0.8000,0.4667,137
84,features.8,331,pruned_before,nan,0.000000e+00,0.000000e+00,0.0000,0.0000,0
84,features.8,332,pruned_before,nan,0.000000e+00,0.000000e+00,0.0000,0.0000,0
84,features.8,333,pruned_before,nan,0.000000e+00,0.000000e+00,0.0000,0.0000,0
84,features.8,334,pruned_before,nan,0.000000e+00,0.000000e+00,0.0000,0.0000,0
84,features.8,335,pruned_before,nan,0.000000e+00,0.000000e+00,0.0000,0.0000,0
84,features.8,336,pruned_before,nan,0.000000e+00,0.000000e+00,0.0000,0.0000,0
84,features.8,337,pruned_before,nan,0.000000e+00,0.000000e+00,0.0000,0.0000,0
84,features.8,338,pruned_before,nan,0.000000e+00,0.000000e+00,0.0000,0.0000,0
84,features.8,339,pruned_before,nan,0.000000e+00,0.000000e+00,0.0000,0.0000,0
84,features.8,340,pruned_before,nan,0.000000e+00,0.000000e+00,0.0000,0.0000,0
84,features.8,341,pruned_before,nan,0.000000e+00,0.000000e+00,0.0000,0.0000,0
84,features.8,342,pruned_before,nan,0.000000e+00,0.000000e+00,0.0000,0.0000,0
84,features.8,343,pruned_before,nan,0.000000e+00,0.000000e+00,0.0000,0.0000,0
84,features.8,344,pruned_before,nan,0.000000e+00,0.000000e+00,0.0000,0.0000,0
84,features.8,345,pruned_before,nan,0.000000e+00,0.000000e+00,0.0000,0.0000,0
84,features.8,346,pruned_before,nan,0.000000e+00,0.000000e+00,0.0000,0.0000,0
84,features.8,347,pruned_before,nan,0.000000e+00,0.000000e+00,0.0000,0.0000,0
84,features.8,348,pruned_before,nan,0.000000e+00,0.000000e+00,0.0000,0.0000,0
84,features.8,349,pruned_before,nan,0.000000e+00,0.000000e+00,0.0000,0.0000,0
84,features.8,350,pruned_before,nan,0.000000e+00,0.000000e+00,0.0000,0.0000,0
84,features.8,351,pruned_before,nan,0.000000e+00,0.000000e+00,0.0000,0.0000,0
84,features.8,352,pruned_before,nan,0.000000e+00,0.000000e+00,0.0000,0.0000,0
84,features.8,353,pruned_before,nan,0.000000e+00,0.000000e+00,0.0000,0.0000,0
84,features.8,354,pruned_before,nan,0.000000e+00,0.000000e+00,0.0000,0.0000,0
84,features.8,355,pruned_before,nan,0.000000e+00,0.000000e+00,0.0000,0.0000,0
84,features.8,356,pruned_before,nan,0.000000e+00,0.000000e+00,0.0000,0.0000,0
84,features.8,357,pruned_before,nan,0.000000e+00,0.000000e+00,0.0000,0.0000,0
84,features.8,358,pruned_before,nan,0.000000e+00,0.000000e+00,0.0000,0.0000,0
84,features.8,359,pruned_before,nan,0.000000e+00,0.000000e+00,0.0000,0.0000,0
84,features.8,360,pruned_before,nan,0.000000e+00,0.000000e+00,0.0000,0.0000,0
84,features.8,361,pruned_before,nan,0.000000e+00,0.000000e+00,0.0000,0.0000,0
84,features.8,362,pruned_before,nan,0.000000e+00,0.000000e+00,0.0000,0.0000,0
84,features.8,363,pruned_before,nan,0.000000e+00,0.000000e+00,0.0000,0.0000,0
84,features.8,364,pruned_before,nan,0.000000e+00,0.000000e+00,0.0000,0.0000,0
84,features.8,365,pruned_before,nan,0.000000e+00,0.000000e+00,0.0000,0.0000,0
84,features.8,366,pruned_before,nan,0.000000e+00,0.000000e+00,0.0000,0.0000,0
84,features.8,367,pruned_before,nan,0.000000e+00,0.000000e+00,0.0000,0.0000,0
84,features.8,368,pruned_before,nan,0.000000e+00,0.000000e+00,0.0000,0.0000,0
84,features.8,369,active,-0.066667,1.656405e-07,1.527094e-05,0.4333,0.3000,137
84,features.8,370,pruned_before,nan,0.000000e+00,0.000000e+00,0.0000,0.0000,0
84,features.8,371,pruned_before,nan,0.000000e+00,0.000000e+00,0.0000,0.0000,0
84,features.8,372,pruned_before,nan,0.000000e+00,0.000000e+00,0.0000,0.0000,0
84,features.8,373,pruned_before,nan,0.000000e+00,0.000000e+00,0.0000,0.0000,0
84,features.8,374,pruned_before,nan,0.000000e+00,0.000000e+00,0.0000,0.0000,0
84,features.8,375,active,0.000000,6.508808e-07,2.042249e-04,0.9000,0.9000,137
84,features.8,376,pruned_before,nan,0.000000e+00,0.000000e+00,0.0000,0.0000,0
84,features.8,377,pruned_before,nan,0.000000e+00,0.000000e+00,0.0000,0.0000,0
84,features.8,378,pruned_before,nan,0.000000e+00,0.000000e+00,0.0000,0.0000,0
84,features.8,379,pruned_before,nan,0.000000e+00,0.000000e+00,0.0000,0.0000,0
84,features.8,380,pruned_before,nan,0.000000e+00,0.000000e+00,0.0000,0.0000,0
84,features.8,381,pruned_before,nan,0.000000e+00,0.000000e+00,0.0000,0.0000,0
84,features.8,382,pruned_before,nan,0.000000e+00,0.000000e+00,0.0000,0.0000,0
84,features.8,383,pruned_before,nan,0.000000e+00,0.000000e+00,0.0000,0.0000,0
84,features.9,0,pruned_before,nan,0.000000e+00,0.000000e+00,0.0000,0.0000,0
84,features.9,1,pruned_before,nan,0.000000e+00,0.000000e+00,0.0000,0.0000,0
84,features.9,2,pruned_before,nan,0.000000e+00,0.000000e+00,0.0000,0.0000,0
84,features.9,3,pruned_before,nan,0.000000e+00,0.000000e+00,0.0000,0.0000,0
84,features.9,4,pruned_before,nan,0.000000e+00,0.000000e+00,0.0000,0.0000,0
84,features.9,5,pruned_before,nan,0.000000e+00,0.000000e+00,0.0000,0.0000,0
84,features.9,6,pruned_before,nan,0.000000e+00,0.000000e+00,0.0000,0.0000,0
84,features.9,7,pruned_before,nan,0.000000e+00,0.000000e+00,0.0000,0.0000,0
84,features.9,8,pruned_before,nan,0.000000e+00,0.000000e+00,0.0000,0.0000,0
84,features.9,9,pruned_before,nan,0.000000e+00,0.000000e+00,0.0000,0.0000,0
84,features.9,10,active,0.050000,3.450038e-08,1.441723e-05,0.3333,0.4333,137
84,features.9,11,active,-0.016667,3.135990e-08,1.046862e-05,0.2667,0.2333,137
84,features.9,12,pruned_before,nan,0.000000e+00,0.000000e+00,0.0000,0.0000,0
84,features.9,13,pruned_before,nan,0.000000e+00,0.000000e+00,0.0000,0.0000,0
84,features.9,14,active,-0.150000,1.871139e-07,1.342074e-05,0.6667,0.3667,137
84,features.9,15,pruned_before,nan,0.000000e+00,0.000000e+00,0.0000,0.0000,0
84,features.9,16,pruned_before,nan,0.000000e+00,0.000000e+00,0.0000,0.0000,0
84,features.9,17,pruned_before,nan,0.000000e+00,0.000000e+00,0.0000,0.0000,0
84,features.9,18,active,-0.050000,3.187988e-07,4.538907e-05,0.7667,0.6667,137
84,features.9,19,pruned_before,nan,0.000000e+00,0.000000e+00,0.0000,0.0000,0
84,features.9,20,pruned_before,nan,0.000000e+00,0.000000e+00,0.0000,0.0000,0
84,features.9,21,pruned_before,nan,0.000000e+00,0.000000e+00,0.0000,0.0000,0
84,features.9,22,pruned_before,nan,0.000000e+00,0.000000e+00,0.0000,0.0000,0
84,features.9,23,pruned_before,nan,0.000000e+00,0.000000e+00,0.0000,0.0000,0
84,features.9,24,pruned_before,nan,0.000000e+00,0.000000e+00,0.0000,0.0000,0
84,features.9,25,pruned_before,nan,0.000000e+00,0.000000e+00,0.0000,0.0000,0
84,features.9,26,active,0.116667,2.032332e-07,1.246853e-04,0.7000,0.9333,137
84,features.9,27,pruned_before,nan,0.000000e+00,0.000000e+00,0.0000,0.0000,0
84,features.9,28,pruned_before,nan,0.000000e+00,0.000000e+00,0.0000,0.0000,0
84,features.9,29,pruned_before,nan,0.000000e+00,0.000000e+00,0.0000,0.0000,0
84,features.9,30,pruned_before,nan,0.000000e+00,0.000000e+00,0.0000,0.0000,0
84,features.9,31,pruned_before,nan,0.000000e+00,0.000000e+00,0.0000,0.0000,0
84,features.9,32,pruned_before,nan,0.000000e+00,0.000000e+00,0.0000,0.0000,0
84,features.9,33,pruned_before,nan,0.000000e+00,0.000000e+00,0.0000,0.0000,0
84,features.9,34,pruned_before,nan,0.000000e+00,0.000000e+00,0.0000,0.0000,0
84,features.9,35,pruned_before,nan,0.000000e+00,0.000000e+00,0.0000,0.0000,0
84,features.9,36,pruned_before,nan,0.000000e+00,0.000000e+00,0.0000,0.0000,0
84,features.9,37,pruned_before,nan,0.000000e+00,0.000000e+00,0.0000,0.0000,0
84,features.9,38,pruned_before,nan,0.000000e+00,0.000000e+00,0.0000,0.0000,0
84,features.9,39,pruned_before,nan,0.000000e+00,0.000000e+00,0.0000,0.0000,0
84,features.9,40,pruned_before,nan,0.000000e+00,0.000000e+00,0.0000,0.0000,0
84,features.9,41,pruned_before,nan,0.000000e+00,0.000000e+00,0.0000,0.0000,0
84,features.9,42,pruned_before,nan,0.000000e+00,0.000000e+00,0.0000,0.0000,0
84,features.9,43,pruned_before,nan,0.000000e+00,0.000000e+00,0.0000,0.0000,0
84,features.9,44,pruned_before,nan,0.000000e+00,0.000000e+00,0.0000,0.0000,0
84,features.9,45,pruned_before,nan,0.000000e+00,0.000000e+00,0.0000,0.0000,0
84,features.9,46,pruned_before,nan,0.000000e+00,0.000000e+00,0.0000,0.0000,0
84,features.9,47,pruned_before,nan,0.000000e+00,0.000000e+00,0.0000,0.0000,0
84,features.9,48,pruned_before,nan,0.000000e+00,0.000000e+00,0.0000,0.0000,0
84,features.9,49,pruned_before,nan,0.000000e+00,0.000000e+00,0.0000,0.0000,0
84,features.9,50,pruned_before,nan,0.000000e+00,0.000000e+00,0.0000,0.0000,0
84,features.9,51,pruned_before,nan,0.000000e+00,0.000000e+00,0.0000,0.0000,0
84,features.9,52,pruned_before,nan,0.000000e+00,0.000000e+00,0.0000,0.0000,0
84,features.9,53,pruned_before,nan,0.000000e+00,0.000000e+00,0.0000,0.0000,0
84,features.9,54,pruned_before,nan,0.000000e+00,0.000000e+00,0.0000,0.0000,0
84,features.9,55,pruned_before,nan,0.000000e+00,0.000000e+00,0.0000,0.0000,0
84,features.9,56,active,0.016667,2.421516e-08,9.850798e-06,0.1667,0.2000,137
84,features.9,57,pruned_before,nan,0.000000e+00,0.000000e+00,0.0000,0.0000,0
84,features.9,58,pruned_before,nan,0.000000e+00,0.000000e+00,0.0000,0.0000,0
84,features.9,59,pruned_before,nan,0.000000e+00,0.000000e+00,0.0000,0.0000,0
84,features.9,60,pruned_before,nan,0.000000e+00,0.000000e+00,0.0000,0.0000,0
84,features.9,61,pruned_before,nan,0.000000e+00,0.000000e+00,0.0000,0.0000,0
84,features.9,62,pruned_before,nan,0.000000e+00,0.000000e+00,0.0000,0.0000,0
84,features.9,63,pruned_before,nan,0.000000e+00,0.000000e+00,0.0000,0.0000,0
84,features.9,64,pruned_before,nan,0.000000e+00,0.000000e+00,0.0000,0.0000,0
84,features.9,65,pruned_before,nan,0.000000e+00,0.000000e+00,0.0000,0.0000,0
84,features.9,66,pruned_before,nan,0.000000e+00,0.000000e+00,0.0000,0.0000,0
84,features.9,67,pruned_before,nan,0.000000e+00,0.000000e+00,0.0000,0.0000,0
84,features.9,68,pruned_before,nan,0.000000e+00,0.000000e+00,0.0000,0.0000,0
84,features.9,69,pruned_before,nan,0.000000e+00,0.000000e+00,0.0000,0.0000,0
84,features.9,70,pruned_before,nan,0.000000e+00,0.000000e+00,0.0000,0.0000,0
84,features.9,71,pruned_before,nan,0.000000e+00,0.000000e+00,0.0000,0.0000,0
84,features.9,72,pruned_before,nan,0.000000e+00,0.000000e+00,0.0000,0.0000,0
84,features.9,73,pruned_before,nan,0.000000e+00,0.000000e+00,0.0000,0.0000,0
84,features.9,74,pruned_before,nan,0.000000e+00,0.000000e+00,0.0000,0.0000,0
84,features.9,75,pruned_before,nan,0.000000e+00,0.000000e+00,0.0000,0.0000,0
84,features.9,76,pruned_before,nan,0.000000e+00,0.000000e+00,0.0000,0.0000,0
84,features.9,77,pruned_before,nan,0.000000e+00,0.000000e+00,0.0000,0.0000,0
84,features.9,78,pruned_before,nan,0.000000e+00,0.000000e+00,0.0000,0.0000,0
84,features.9,79,pruned_before,nan,0.000000e+00,0.000000e+00,0.0000,0.0000,0
84,features.9,80,active,-0.050000,7.873862e-08,1.414201e-05,0.5000,0.4000,137
84,features.9,81,pruned_before,nan,0.000000e+00,0.000000e+00,0.0000,0.0000,0
84,features.9,82,pruned_before,nan,0.000000e+00,0.000000e+00,0.0000,0.0000,0
84,features.9,83,pruned_before,nan,0.000000e+00,0.000000e+00,0.0000,0.0000,0
84,features.9,84,pruned_before,nan,0.000000e+00,0.000000e+00,0.0000,0.0000,0
84,features.9,85,pruned_before,nan,0.000000e+00,0.000000e+00,0.0000,0.0000,0
84,features.9,86,pruned_before,nan,0.000000e+00,0.000000e+00,0.0000,0.0000,0
84,features.9,87,pruned_before,nan,0.000000e+00,0.000000e+00,0.0000,0.0000,0
84,features.9,88,pruned_before,nan,0.000000e+00,0.000000e+00,0.0000,0.0000,0
84,features.9,89,pruned_before,nan,0.000000e+00,0.000000e+00,0.0000,0.0000,0
84,features.9,90,pruned_before,nan,0.000000e+00,0.000000e+00,0.0000,0.0000,0
84,features.9,91,pruned_before,nan,0.000000e+00,0.000000e+00,0.0000,0.0000,0
84,features.9,92,active,0.000000,0.000000e+00,0.000000e+00,0.0667,0.0667,137
84,features.9,93,pruned_before,nan,0.000000e+00,0.000000e+00,0.0000,0.0000,0
84,features.9,94,pruned_before,nan,0.000000e+00,0.000000e+00,0.0000,0.0000,0
84,features.9,95,pruned_before,nan,0.000000e+00,0.000000e+00,0.0000,0.0000,0
84,features.9,96,pruned_before,nan,0.000000e+00,0.000000e+00,0.0000,0.0000,0
84,features.9,97,pruned_before,nan,0.000000e+00,0.000000e+00,0.0000,0.0000,0
84,features.9,98,pruned_before,nan,0.000000e+00,0.000000e+00,0.0000,0.0000,0
84,features.9,99,pruned_before,nan,0.000000e+00,0.000000e+00,0.0000,0.0000,0
84,features.9,100,pruned_before,nan,0.000000e+00,0.000000e+00,0.0000,0.0000,0
84,features.9,101,active,-0.050000,5.640368e-07,7.047770e-05,0.9000,0.8000,137
84,features.9,102,pruned_before,nan,0.000000e+00,0.000000e+00,0.0000,0.0000,0
84,features.9,103,pruned_before,nan,0.000000e+00,0.000000e+00,0.0000,0.0000,0
84,features.9,104,pruned_before,nan,0.000000e+00,0.000000e+00,0.0000,0.0000,0
84,features.9,105,pruned_before,nan,0.000000e+00,0.000000e+00,0.0000,0.0000,0
84,features.9,106,pruned_before,nan,0.000000e+00,0.000000e+00,0.0000,0.0000,0
84,features.9,107,pruned_before,nan,0.000000e+00,0.000000e+00,0.0000,0.0000,0
84,features.9,108,pruned_before,nan,0.000000e+00,0.000000e+00,0.0000,0.0000,0
84,features.9,109,pruned_before,nan,0.000000e+00,0.000000e+00,0.0000,0.0000,0
84,features.9,110,pruned_before,nan,0.000000e+00,0.000000e+00,0.0000,0.0000,0
84,features.9,111,active,-0.116667,3.520214e-07,4.052084e-05,0.8333,0.6000,137
84,features.9,112,pruned_before,nan,0.000000e+00,0.000000e+00,0.0000,0.0000,0
84,features.9,113,pruned_before,nan,0.000000e+00,0.000000e+00,0.0000,0.0000,0
84,features.9,114,protected,0.183333,1.435311e-07,4.486013e-04,0.6333,1.0000,137
84,features.9,115,pruned_before,nan,0.000000e+00,0.000000e+00,0.0000,0.0000,0
84,features.9,116,pruned_before,nan,0.000000e+00,0.000000e+00,0.0000,0.0000,0
84,features.9,117,pruned_before,nan,0.000000e+00,0.000000e+00,0.0000,0.0000,0
84,features.9,118,active,-0.016667,2.872642e-08,7.947306e-06,0.2000,0.1667,137
84,features.9,119,pruned_before,nan,0.000000e+00,0.000000e+00,0.0000,0.0000,0
84,features.9,120,pruned_before,nan,0.000000e+00,0.000000e+00,0.0000,0.0000,0
84,features.9,121,pruned_before,nan,0.000000e+00,0.000000e+00,0.0000,0.0000,0
84,features.9,122,pruned_before,nan,0.000000e+00,0.000000e+00,0.0000,0.0000,0
84,features.9,123,pruned_before,nan,0.000000e+00,0.000000e+00,0.0000,0.0000,0
84,features.9,124,pruned_before,nan,0.000000e+00,0.000000e+00,0.0000,0.0000,0
84,features.9,125,pruned_before,nan,0.000000e+00,0.000000e+00,0.0000,0.0000,0
84,features.9,126,pruned_before,nan,0.000000e+00,0.000000e+00,0.0000,0.0000,0
84,features.9,127,pruned_before,nan,0.000000e+00,0.000000e+00,0.0000,0.0000,0
84,features.9,128,pruned_before,nan,0.000000e+00,0.000000e+00,0.0000,0.0000,0
84,features.9,129,pruned_before,nan,0.000000e+00,0.000000e+00,0.0000,0.0000,0
84,features.9,130,pruned_before,nan,0.000000e+00,0.000000e+00,0.0000,0.0000,0
84,features.9,131,active,0.016667,9.827644e-08,3.521838e-05,0.5333,0.5667,137
84,features.9,132,pruned_before,nan,0.000000e+00,0.000000e+00,0.0000,0.0000,0
84,features.9,133,pruned_before,nan,0.000000e+00,0.000000e+00,0.0000,0.0000,0
84,features.9,134,pruned_before,nan,0.000000e+00,0.000000e+00,0.0000,0.0000,0
84,features.9,135,pruned_before,nan,0.000000e+00,0.000000e+00,0.0000,0.0000,0
84,features.9,136,pruned_before,nan,0.000000e+00,0.000000e+00,0.0000,0.0000,0
84,features.9,137,pruned_before,nan,0.000000e+00,0.000000e+00,0.0000,0.0000,0
84,features.9,138,pruned_before,nan,0.000000e+00,0.000000e+00,0.0000,0.0000,0
84,features.9,139,pruned_before,nan,0.000000e+00,0.000000e+00,0.0000,0.0000,0
84,features.9,140,pruned_before,nan,0.000000e+00,0.000000e+00,0.0000,0.0000,0
84,features.9,141,pruned_before,nan,0.000000e+00,0.000000e+00,0.0000,0.0000,0
84,features.9,142,pruned_before,nan,0.000000e+00,0.000000e+00,0.0000,0.0000,0
84,features.9,143,pruned_before,nan,0.000000e+00,0.000000e+00,0.0000,0.0000,0
84,features.9,144,pruned_before,nan,0.000000e+00,0.000000e+00,0.0000,0.0000,0
84,features.9,145,pruned_before,nan,0.000000e+00,0.000000e+00,0.0000,0.0000,0
84,features.9,146,pruned_before,nan,0.000000e+00,0.000000e+00,0.0000,0.0000,0
84,features.9,147,pruned_before,nan,0.000000e+00,0.000000e+00,0.0000,0.0000,0
84,features.9,148,active,0.133333,1.279087e-07,9.022582e-05,0.6000,0.8667,137
84,features.9,149,pruned_before,nan,0.000000e+00,0.000000e+00,0.0000,0.0000,0
84,features.9,150,pruned_before,nan,0.000000e+00,0.000000e+00,0.0000,0.0000,0
84,features.9,151,pruned_before,nan,0.000000e+00,0.000000e+00,0.0000,0.0000,0
84,features.9,152,pruned_before,nan,0.000000e+00,0.000000e+00,0.0000,0.0000,0
84,features.9,153,pruned_before,nan,0.000000e+00,0.000000e+00,0.0000,0.0000,0
84,features.9,154,pruned_before,nan,0.000000e+00,0.000000e+00,0.0000,0.0000,0
84,features.9,155,pruned_before,nan,0.000000e+00,0.000000e+00,0.0000,0.0000,0
84,features.9,156,pruned_before,nan,0.000000e+00,0.000000e+00,0.0000,0.0000,0
84,features.9,157,pruned_before,nan,0.000000e+00,0.000000e+00,0.0000,0.0000,0
84,features.9,158,pruned_before,nan,0.000000e+00,0.000000e+00,0.0000,0.0000,0
84,features.9,159,pruned_before,nan,0.000000e+00,0.000000e+00,0.0000,0.0000,0
84,features.9,160,pruned_before,nan,0.000000e+00,0.000000e+00,0.0000,0.0000,0
84,features.9,161,pruned_before,nan,0.000000e+00,0.000000e+00,0.0000,0.0000,0
84,features.9,162,pruned_before,nan,0.000000e+00,0.000000e+00,0.0000,0.0000,0
84,features.9,163,pruned_before,nan,0.000000e+00,0.000000e+00,0.0000,0.0000,0
84,features.9,164,active,0.100000,9.598998e-09,1.167818e-05,0.1000,0.3000,137
84,features.9,165,pruned_before,nan,0.000000e+00,0.000000e+00,0.0000,0.0000,0
84,features.9,166,pruned_before,nan,0.000000e+00,0.000000e+00,0.0000,0.0000,0
84,features.9,167,pruned_before,nan,0.000000e+00,0.000000e+00,0.0000,0.0000,0
84,features.9,168,pruned_before,nan,0.000000e+00,0.000000e+00,0.0000,0.0000,0
84,features.9,169,pruned_before,nan,0.000000e+00,0.000000e+00,0.0000,0.0000,0
84,features.9,170,pruned_before,nan,0.000000e+00,0.000000e+00,0.0000,0.0000,0
84,features.9,171,pruned_before,nan,0.000000e+00,0.000000e+00,0.0000,0.0000,0
84,features.9,172,pruned_before,nan,0.000000e+00,0.000000e+00,0.0000,0.0000,0
84,features.9,173,pruned_before,nan,0.000000e+00,0.000000e+00,0.0000,0.0000,0
84,features.9,174,pruned_before,nan,0.000000e+00,0.000000e+00,0.0000,0.0000,0
84,features.9,175,pruned_before,nan,0.000000e+00,0.000000e+00,0.0000,0.0000,0
84,features.9,176,pruned_before,nan,0.000000e+00,0.000000e+00,0.0000,0.0000,0
84,features.9,177,pruned_before,nan,0.000000e+00,0.000000e+00,0.0000,0.0000,0
84,features.9,178,pruned_before,nan,0.000000e+00,0.000000e+00,0.0000,0.0000,0
84,features.9,179,pruned_before,nan,0.000000e+00,0.000000e+00,0.0000,0.0000,0
84,features.9,180,pruned_before,nan,0.000000e+00,0.000000e+00,0.0000,0.0000,0
84,features.9,181,pruned_before,nan,0.000000e+00,0.000000e+00,0.0000,0.0000,0
84,features.9,182,pruned_before,nan,0.000000e+00,0.000000e+00,0.0000,0.0000,0
84,features.9,183,pruned_before,nan,0.000000e+00,0.000000e+00,0.0000,0.0000,0
84,features.9,184,pruned_before,nan,0.000000e+00,0.000000e+00,0.0000,0.0000,0
84,features.9,185,pruned_before,nan,0.000000e+00,0.000000e+00,0.0000,0.0000,0
84,features.9,186,pruned_before,nan,0.000000e+00,0.000000e+00,0.0000,0.0000,0
84,features.9,187,pruned_before,nan,0.000000e+00,0.000000e+00,0.0000,0.0000,0
84,features.9,188,pruned_before,nan,0.000000e+00,0.000000e+00,0.0000,0.0000,0
84,features.9,189,pruned_before,nan,0.000000e+00,0.000000e+00,0.0000,0.0000,0
84,features.9,190,pruned_before,nan,0.000000e+00,0.000000e+00,0.0000,0.0000,0
84,features.9,191,pruned_before,nan,0.000000e+00,0.000000e+00,0.0000,0.0000,0
84,features.9,192,pruned_before,nan,0.000000e+00,0.000000e+00,0.0000,0.0000,0
84,features.9,193,pruned_before,nan,0.000000e+00,0.000000e+00,0.0000,0.0000,0
84,features.9,194,pruned_before,nan,0.000000e+00,0.000000e+00,0.0000,0.0000,0
84,features.9,195,pruned_before,nan,0.000000e+00,0.000000e+00,0.0000,0.0000,0
84,features.9,196,pruned_before,nan,0.000000e+00,0.000000e+00,0.0000,0.0000,0
84,features.9,197,pruned_before,nan,0.000000e+00,0.000000e+00,0.0000,0.0000,0
84,features.9,198,pruned_before,nan,0.000000e+00,0.000000e+00,0.0000,0.0000,0
84,features.9,199,pruned_before,nan,0.000000e+00,0.000000e+00,0.0000,0.0000,0
84,features.9,200,pruned_before,nan,0.000000e+00,0.000000e+00,0.0000,0.0000,0
84,features.9,201,active,-0.116667,4.391983e-07,4.070021e-05,0.8667,0.6333,137
84,features.9,202,pruned_before,nan,0.000000e+00,0.000000e+00,0.0000,0.0000,0
84,features.9,203,pruned_before,nan,0.000000e+00,0.000000e+00,0.0000,0.0000,0
84,features.9,204,pruned_before,nan,0.000000e+00,0.000000e+00,0.0000,0.0000,0
84,features.9,205,pruned_before,nan,0.000000e+00,0.000000e+00,0.0000,0.0000,0
84,features.9,206,pruned_before,nan,0.000000e+00,0.000000e+00,0.0000,0.0000,0
84,features.9,207,active,-0.116667,4.961505e-08,3.895064e-06,0.3667,0.1333,137
84,features.9,208,pruned_before,nan,0.000000e+00,0.000000e+00,0.0000,0.0000,0
84,features.9,209,pruned_before,nan,0.000000e+00,0.000000e+00,0.0000,0.0000,0
84,features.9,210,pruned_before,nan,0.000000e+00,0.000000e+00,0.0000,0.0000,0
84,features.9,211,pruned_before,nan,0.000000e+00,0.000000e+00,0.0000,0.0000,0
84,features.9,212,pruned_before,nan,0.000000e+00,0.000000e+00,0.0000,0.0000,0
84,features.9,213,pruned_before,nan,0.000000e+00,0.000000e+00,0.0000,0.0000,0
84,features.9,214,active,-0.183333,6.440273e-08,2.334126e-06,0.4667,0.1000,137
84,features.9,215,pruned_before,nan,0.000000e+00,0.000000e+00,0.0000,0.0000,0
84,features.9,216,active,0.116667,3.180751e-08,3.395392e-05,0.3000,0.5333,137
84,features.9,217,pruned_before,nan,0.000000e+00,0.000000e+00,0.0000,0.0000,0
84,features.9,218,active,-0.033333,8.843463e-07,1.081117e-04,0.9667,0.9000,137
84,features.9,219,pruned_before,nan,0.000000e+00,0.000000e+00,0.0000,0.0000,0
84,features.9,220,pruned_before,nan,0.000000e+00,0.000000e+00,0.0000,0.0000,0
84,features.9,221,pruned_before,nan,0.000000e+00,0.000000e+00,0.0000,0.0000,0
84,features.9,222,pruned_before,nan,0.000000e+00,0.000000e+00,0.0000,0.0000,0
84,features.9,223,pruned_before,nan,0.000000e+00,0.000000e+00,0.0000,0.0000,0
84,features.9,224,pruned_before,nan,0.000000e+00,0.000000e+00,0.0000,0.0000,0
84,features.9,225,pruned_before,nan,0.000000e+00,0.000000e+00,0.0000,0.0000,0
84,features.9,226,pruned_before,nan,0.000000e+00,0.000000e+00,0.0000,0.0000,0
84,features.9,227,pruned_before,nan,0.000000e+00,0.000000e+00,0.0000,0.0000,0
84,features.9,228,pruned_before,nan,0.000000e+00,0.000000e+00,0.0000,0.0000,0
84,features.9,229,pruned_before,nan,0.000000e+00,0.000000e+00,0.0000,0.0000,0
84,features.9,230,pruned_before,nan,0.000000e+00,0.000000e+00,0.0000,0.0000,0
84,features.9,231,pruned_before,nan,0.000000e+00,0.000000e+00,0.0000,0.0000,0
84,features.9,232,pruned_before,nan,0.000000e+00,0.000000e+00,0.0000,0.0000,0
84,features.9,233,pruned_before,nan,0.000000e+00,0.000000e+00,0.0000,0.0000,0
84,features.9,234,pruned_before,nan,0.000000e+00,0.000000e+00,0.0000,0.0000,0
84,features.9,235,pruned_before,nan,0.000000e+00,0.000000e+00,0.0000,0.0000,0
84,features.9,236,pruned_before,nan,0.000000e+00,0.000000e+00,0.0000,0.0000,0
84,features.9,237,pruned_before,nan,0.000000e+00,0.000000e+00,0.0000,0.0000,0
84,features.9,238,pruned_before,nan,0.000000e+00,0.000000e+00,0.0000,0.0000,0
84,features.9,239,pruned_before,nan,0.000000e+00,0.000000e+00,0.0000,0.0000,0
84,features.9,240,pruned_before,nan,0.000000e+00,0.000000e+00,0.0000,0.0000,0
84,features.9,241,pruned_before,nan,0.000000e+00,0.000000e+00,0.0000,0.0000,0
84,features.9,242,pruned_before,nan,0.000000e+00,0.000000e+00,0.0000,0.0000,0
84,features.9,243,pruned_before,nan,0.000000e+00,0.000000e+00,0.0000,0.0000,0
84,features.9,244,pruned_before,nan,0.000000e+00,0.000000e+00,0.0000,0.0000,0
84,features.9,245,pruned_before,nan,0.000000e+00,0.000000e+00,0.0000,0.0000,0
84,features.9,246,active,-0.166667,3.355426e-07,1.476223e-05,0.8000,0.4667,137
84,features.9,247,pruned_before,nan,0.000000e+00,0.000000e+00,0.0000,0.0000,0
84,features.9,248,pruned_before,nan,0.000000e+00,0.000000e+00,0.0000,0.0000,0
84,features.9,249,pruned_before,nan,0.000000e+00,0.000000e+00,0.0000,0.0000,0
84,features.9,250,pruned_before,nan,0.000000e+00,0.000000e+00,0.0000,0.0000,0
84,features.9,251,pruned_before,nan,0.000000e+00,0.000000e+00,0.0000,0.0000,0
84,features.9,252,pruned_before,nan,0.000000e+00,0.000000e+00,0.0000,0.0000,0
84,features.9,253,pruned_before,nan,0.000000e+00,0.000000e+00,0.0000,0.0000,0
84,features.9,254,pruned_before,nan,0.000000e+00,0.000000e+00,0.0000,0.0000,0
84,features.9,255,pruned_before,nan,0.000000e+00,0.000000e+00,0.0000,0.0000,0
84,features.9,256,pruned_before,nan,0.000000e+00,0.000000e+00,0.0000,0.0000,0
84,features.9,257,pruned_before,nan,0.000000e+00,0.000000e+00,0.0000,0.0000,0
84,features.9,258,pruned_before,nan,0.000000e+00,0.000000e+00,0.0000,0.0000,0
84,features.9,259,pruned_before,nan,0.000000e+00,0.000000e+00,0.0000,0.0000,0
84,features.9,260,pruned_before,nan,0.000000e+00,0.000000e+00,0.0000,0.0000,0
84,features.9,261,pruned_before,nan,0.000000e+00,0.000000e+00,0.0000,0.0000,0
84,features.9,262,pruned_before,nan,0.000000e+00,0.000000e+00,0.0000,0.0000,0
84,features.9,263,pruned_before,nan,0.000000e+00,0.000000e+00,0.0000,0.0000,0
84,features.9,264,pruned_before,nan,0.000000e+00,0.000000e+00,0.0000,0.0000,0
84,features.9,265,active,-0.083333,1.053000e-06,8.744698e-05,1.0000,0.8333,137
84,features.9,266,active,0.000000,0.000000e+00,0.000000e+00,0.0333,0.0333,137
84,features.9,267,pruned_before,nan,0.000000e+00,0.000000e+00,0.0000,0.0000,0
84,features.9,268,pruned_before,nan,0.000000e+00,0.000000e+00,0.0000,0.0000,0
84,features.9,269,pruned_before,nan,0.000000e+00,0.000000e+00,0.0000,0.0000,0
84,features.9,270,pruned_before,nan,0.000000e+00,0.000000e+00,0.0000,0.0000,0
84,features.9,271,pruned_before,nan,0.000000e+00,0.000000e+00,0.0000,0.0000,0
84,features.9,272,pruned_before,nan,0.000000e+00,0.000000e+00,0.0000,0.0000,0
84,features.9,273,active,-0.083333,8.793584e-07,5.694476e-05,0.9333,0.7667,137
84,features.9,274,pruned_before,nan,0.000000e+00,0.000000e+00,0.0000,0.0000,0
84,features.9,275,pruned_before,nan,0.000000e+00,0.000000e+00,0.0000,0.0000,0
84,features.9,276,pruned_before,nan,0.000000e+00,0.000000e+00,0.0000,0.0000,0
84,features.9,277,pruned_before,nan,0.000000e+00,0.000000e+00,0.0000,0.0000,0
84,features.9,278,pruned_before,nan,0.000000e+00,0.000000e+00,0.0000,0.0000,0
84,features.9,279,pruned_before,nan,0.000000e+00,0.000000e+00,0.0000,0.0000,0
84,features.9,280,pruned_before,nan,0.000000e+00,0.000000e+00,0.0000,0.0000,0
84,features.9,281,pruned_before,nan,0.000000e+00,0.000000e+00,0.0000,0.0000,0
84,features.9,282,pruned_before,nan,0.000000e+00,0.000000e+00,0.0000,0.0000,0
84,features.9,283,pruned_before,nan,0.000000e+00,0.000000e+00,0.0000,0.0000,0
84,features.9,284,pruned_before,nan,0.000000e+00,0.000000e+00,0.0000,0.0000,0
84,features.9,285,pruned_before,nan,0.000000e+00,0.000000e+00,0.0000,0.0000,0
84,features.9,286,pruned_before,nan,0.000000e+00,0.000000e+00,0.0000,0.0000,0
84,features.9,287,pruned_before,nan,0.000000e+00,0.000000e+00,0.0000,0.0000,0
84,features.9,288,active,0.083333,1.021976e-07,5.160140e-05,0.5667,0.7333,137
84,features.9,289,pruned_before,nan,0.000000e+00,0.000000e+00,0.0000,0.0000,0
84,features.9,290,active,-0.066667,5.202169e-08,1.167518e-05,0.4000,0.2667,137
84,features.9,291,pruned_before,nan,0.000000e+00,0.000000e+00,0.0000,0.0000,0
84,features.9,292,pruned_before,nan,0.000000e+00,0.000000e+00,0.0000,0.0000,0
84,features.9,293,pruned_before,nan,0.000000e+00,0.000000e+00,0.0000,0.0000,0
84,features.9,294,pruned_before,nan,0.000000e+00,0.000000e+00,0.0000,0.0000,0
84,features.9,295,pruned_before,nan,0.000000e+00,0.000000e+00,0.0000,0.0000,0
84,features.9,296,pruned_before,nan,0.000000e+00,0.000000e+00,0.0000,0.0000,0
84,features.9,297,pruned_before,nan,0.000000e+00,0.000000e+00,0.0000,0.0000,0
84,features.9,298,pruned_before,nan,0.000000e+00,0.000000e+00,0.0000,0.0000,0
84,features.9,299,pruned_before,nan,0.000000e+00,0.000000e+00,0.0000,0.0000,0
84,features.9,300,pruned_before,nan,0.000000e+00,0.000000e+00,0.0000,0.0000,0
84,features.9,301,pruned_before,nan,0.000000e+00,0.000000e+00,0.0000,0.0000,0
84,features.9,302,pruned_before,nan,0.000000e+00,0.000000e+00,0.0000,0.0000,0
84,features.9,303,pruned_before,nan,0.000000e+00,0.000000e+00,0.0000,0.0000,0
84,features.9,304,pruned_before,nan,0.000000e+00,0.000000e+00,0.0000,0.0000,0
84,features.9,305,pruned_before,nan,0.000000e+00,0.000000e+00,0.0000,0.0000,0
84,features.9,306,pruned_before,nan,0.000000e+00,0.000000e+00,0.0000,0.0000,0
84,features.9,307,pruned_before,nan,0.000000e+00,0.000000e+00,0.0000,0.0000,0
84,features.9,308,pruned_before,nan,0.000000e+00,0.000000e+00,0.0000,0.0000,0
84,features.9,309,pruned_before,nan,0.000000e+00,0.000000e+00,0.0000,0.0000,0
84,features.9,310,pruned_before,nan,0.000000e+00,0.000000e+00,0.0000,0.0000,0
84,features.9,311,pruned_before,nan,0.000000e+00,0.000000e+00,0.0000,0.0000,0
84,features.9,312,pruned_before,nan,0.000000e+00,0.000000e+00,0.0000,0.0000,0
84,features.9,313,pruned_before,nan,0.000000e+00,0.000000e+00,0.0000,0.0000,0
84,features.9,314,pruned_before,nan,0.000000e+00,0.000000e+00,0.0000,0.0000,0
84,features.9,315,pruned_before,nan,0.000000e+00,0.000000e+00,0.0000,0.0000,0
84,features.9,316,active,0.000000,0.000000e+00,0.000000e+00,0.0000,0.0000,137
84,features.9,317,pruned_before,nan,0.000000e+00,0.000000e+00,0.0000,0.0000,0
84,features.9,318,pruned_before,nan,0.000000e+00,0.000000e+00,0.0000,0.0000,0
84,features.9,319,pruned_before,nan,0.000000e+00,0.000000e+00,0.0000,0.0000,0
84,features.9,320,pruned_before,nan,0.000000e+00,0.000000e+00,0.0000,0.0000,0
84,features.9,321,pruned_before,nan,0.000000e+00,0.000000e+00,0.0000,0.0000,0
84,features.9,322,pruned_before,nan,0.000000e+00,0.000000e+00,0.0000,0.0000,0
84,features.9,323,pruned_before,nan,0.000000e+00,0.000000e+00,0.0000,0.0000,0
84,features.9,324,pruned_before,nan,0.000000e+00,0.000000e+00,0.0000,0.0000,0
84,features.9,325,pruned_before,nan,0.000000e+00,0.000000e+00,0.0000,0.0000,0
84,features.9,326,pruned_before,nan,0.000000e+00,0.000000e+00,0.0000,0.0000,0
84,features.9,327,active,0.233333,3.081830e-08,4.790716e-05,0.2333,0.7000,137
84,features.9,328,pruned_before,nan,0.000000e+00,0.000000e+00,0.0000,0.0000,0
84,features.9,329,pruned_before,nan,0.000000e+00,0.000000e+00,0.0000,0.0000,0
84,features.9,330,pruned_before,nan,0.000000e+00,0.000000e+00,0.0000,0.0000,0
84,features.9,331,pruned_before,nan,0.000000e+00,0.000000e+00,0.0000,0.0000,0
84,features.9,332,pruned_before,nan,0.000000e+00,0.000000e+00,0.0000,0.0000,0
84,features.9,333,pruned_before,nan,0.000000e+00,0.000000e+00,0.0000,0.0000,0
84,features.9,334,pruned_before,nan,0.000000e+00,0.000000e+00,0.0000,0.0000,0
84,features.9,335,pruned_before,nan,0.000000e+00,0.000000e+00,0.0000,0.0000,0
84,features.9,336,pruned_before,nan,0.000000e+00,0.000000e+00,0.0000,0.0000,0
84,features.9,337,pruned_before,nan,0.000000e+00,0.000000e+00,0.0000,0.0000,0
84,features.9,338,pruned_before,nan,0.000000e+00,0.000000e+00,0.0000,0.0000,0
84,features.9,339,pruned_before,nan,0.000000e+00,0.000000e+00,0.0000,0.0000,0
84,features.9,340,pruned_before,nan,0.000000e+00,0.000000e+00,0.0000,0.0000,0
84,features.9,341,pruned_before,nan,0.000000e+00,0.000000e+00,0.0000,0.0000,0
84,features.9,342,pruned_before,nan,0.000000e+00,0.000000e+00,0.0000,0.0000,0
84,features.9,343,pruned_before,nan,0.000000e+00,0.000000e+00,0.0000,0.0000,0
84,features.9,344,active,0.116667,3.055444e-07,1.621375e-04,0.7333,0.9667,137
84,features.9,345,pruned_before,nan,0.000000e+00,0.000000e+00,0.0000,0.0000,0
84,features.9,346,pruned_before,nan,0.000000e+00,0.000000e+00,0.0000,0.0000,0
84,features.9,347,pruned_before,nan,0.000000e+00,0.000000e+00,0.0000,0.0000,0
84,features.9,348,pruned_before,nan,0.000000e+00,0.000000e+00,0.0000,0.0000,0
84,features.9,349,pruned_before,nan,0.000000e+00,0.000000e+00,0.0000,0.0000,0
84,features.9,350,pruned_before,nan,0.000000e+00,0.000000e+00,0.0000,0.0000,0
84,features.9,351,pruned_before,nan,0.000000e+00,0.000000e+00,0.0000,0.0000,0
84,features.9,352,pruned_before,nan,0.000000e+00,0.000000e+00,0.0000,0.0000,0
84,features.9,353,pruned_before,nan,0.000000e+00,0.000000e+00,0.0000,0.0000,0
84,features.9,354,pruned_before,nan,0.000000e+00,0.000000e+00,0.0000,0.0000,0
84,features.9,355,pruned_before,nan,0.000000e+00,0.000000e+00,0.0000,0.0000,0
84,features.9,356,active,-0.050000,5.260130e-08,1.284902e-05,0.4333,0.3333,137
84,features.9,357,pruned_before,nan,0.000000e+00,0.000000e+00,0.0000,0.0000,0
84,features.9,358,pruned_before,nan,0.000000e+00,0.000000e+00,0.0000,0.0000,0
84,features.9,359,pruned_before,nan,0.000000e+00,0.000000e+00,0.0000,0.0000,0
84,features.9,360,pruned_before,nan,0.000000e+00,0.000000e+00,0.0000,0.0000,0
84,features.9,361,pruned_before,nan,0.000000e+00,0.000000e+00,0.0000,0.0000,0
84,features.9,362,pruned_before,nan,0.000000e+00,0.000000e+00,0.0000,0.0000,0
84,features.9,363,pruned_before,nan,0.000000e+00,0.000000e+00,0.0000,0.0000,0
84,features.9,364,pruned_before,nan,0.000000e+00,0.000000e+00,0.0000,0.0000,0
84,features.9,365,pruned_before,nan,0.000000e+00,0.000000e+00,0.0000,0.0000,0
84,features.9,366,pruned_before,nan,0.000000e+00,0.000000e+00,0.0000,0.0000,0
84,features.9,367,pruned_before,nan,0.000000e+00,0.000000e+00,0.0000,0.0000,0
84,features.9,368,pruned_before,nan,0.000000e+00,0.000000e+00,0.0000,0.0000,0
84,features.9,369,active,0.183333,2.186694e-08,1.733033e-05,0.1333,0.5000,137
84,features.9,370,pruned_before,nan,0.000000e+00,0.000000e+00,0.0000,0.0000,0
84,features.9,371,pruned_before,nan,0.000000e+00,0.000000e+00,0.0000,0.0000,0
84,features.9,372,pruned_before,nan,0.000000e+00,0.000000e+00,0.0000,0.0000,0
84,features.9,373,pruned_before,nan,0.000000e+00,0.000000e+00,0.0000,0.0000,0
84,features.9,374,pruned_before,nan,0.000000e+00,0.000000e+00,0.0000,0.0000,0
84,features.9,375,pruned_before,nan,0.000000e+00,0.000000e+00,0.0000,0.0000,0
84,features.9,376,pruned_before,nan,0.000000e+00,0.000000e+00,0.0000,0.0000,0
84,features.9,377,pruned_before,nan,0.000000e+00,0.000000e+00,0.0000,0.0000,0
84,features.9,378,pruned_before,nan,0.000000e+00,0.000000e+00,0.0000,0.0000,0
84,features.9,379,pruned_before,nan,0.000000e+00,0.000000e+00,0.0000,0.0000,0
84,features.9,380,pruned_before,nan,0.000000e+00,0.000000e+00,0.0000,0.0000,0
84,features.9,381,pruned_before,nan,0.000000e+00,0.000000e+00,0.0000,0.0000,0
84,features.9,382,pruned_before,nan,0.000000e+00,0.000000e+00,0.0000,0.0000,0
84,features.9,383,pruned_before,nan,0.000000e+00,0.000000e+00,0.0000,0.0000,0
84,features.10,0,active,0.000000,0.000000e+00,0.000000e+00,0.0333,0.0333,137
84,features.10,1,pruned_before,nan,0.000000e+00,0.000000e+00,0.0000,0.0000,0
84,features.10,2,pruned_before,nan,0.000000e+00,0.000000e+00,0.0000,0.0000,0
84,features.10,3,pruned_before,nan,0.000000e+00,0.000000e+00,0.0000,0.0000,0
84,features.10,4,pruned_before,nan,0.000000e+00,0.000000e+00,0.0000,0.0000,0
84,features.10,5,pruned_before,nan,0.000000e+00,0.000000e+00,0.0000,0.0000,0
84,features.10,6,pruned_before,nan,0.000000e+00,0.000000e+00,0.0000,0.0000,0
84,features.10,7,pruned_before,nan,0.000000e+00,0.000000e+00,0.0000,0.0000,0
84,features.10,8,pruned_before,nan,0.000000e+00,0.000000e+00,0.0000,0.0000,0
84,features.10,9,pruned_before,nan,0.000000e+00,0.000000e+00,0.0000,0.0000,0
84,features.10,10,pruned_before,nan,0.000000e+00,0.000000e+00,0.0000,0.0000,0
84,features.10,11,pruned_before,nan,0.000000e+00,0.000000e+00,0.0000,0.0000,0
84,features.10,12,pruned_before,nan,0.000000e+00,0.000000e+00,0.0000,0.0000,0
84,features.10,13,pruned_before,nan,0.000000e+00,0.000000e+00,0.0000,0.0000,0
84,features.10,14,pruned_before,nan,0.000000e+00,0.000000e+00,0.0000,0.0000,0
84,features.10,15,pruned_before,nan,0.000000e+00,0.000000e+00,0.0000,0.0000,0
84,features.10,16,pruned_before,nan,0.000000e+00,0.000000e+00,0.0000,0.0000,0
84,features.10,17,pruned_before,nan,0.000000e+00,0.000000e+00,0.0000,0.0000,0
84,features.10,18,pruned_before,nan,0.000000e+00,0.000000e+00,0.0000,0.0000,0
84,features.10,19,pruned_before,nan,0.000000e+00,0.000000e+00,0.0000,0.0000,0
84,features.10,20,pruned_before,nan,0.000000e+00,0.000000e+00,0.0000,0.0000,0
84,features.10,21,pruned_before,nan,0.000000e+00,0.000000e+00,0.0000,0.0000,0
84,features.10,22,pruned_before,nan,0.000000e+00,0.000000e+00,0.0000,0.0000,0
84,features.10,23,pruned_before,nan,0.000000e+00,0.000000e+00,0.0000,0.0000,0
84,features.10,24,pruned_before,nan,0.000000e+00,0.000000e+00,0.0000,0.0000,0
84,features.10,25,pruned_before,nan,0.000000e+00,0.000000e+00,0.0000,0.0000,0
84,features.10,26,pruned_before,nan,0.000000e+00,0.000000e+00,0.0000,0.0000,0
84,features.10,27,pruned_before,nan,0.000000e+00,0.000000e+00,0.0000,0.0000,0
84,features.10,28,pruned_before,nan,0.000000e+00,0.000000e+00,0.0000,0.0000,0
84,features.10,29,pruned_before,nan,0.000000e+00,0.000000e+00,0.0000,0.0000,0
84,features.10,30,pruned_before,nan,0.000000e+00,0.000000e+00,0.0000,0.0000,0
84,features.10,31,pruned_before,nan,0.000000e+00,0.000000e+00,0.0000,0.0000,0
84,features.10,32,pruned_before,nan,0.000000e+00,0.000000e+00,0.0000,0.0000,0
84,features.10,33,pruned_before,nan,0.000000e+00,0.000000e+00,0.0000,0.0000,0
84,features.10,34,pruned_before,nan,0.000000e+00,0.000000e+00,0.0000,0.0000,0
84,features.10,35,pruned_before,nan,0.000000e+00,0.000000e+00,0.0000,0.0000,0
84,features.10,36,pruned_before,nan,0.000000e+00,0.000000e+00,0.0000,0.0000,0
84,features.10,37,pruned_before,nan,0.000000e+00,0.000000e+00,0.0000,0.0000,0
84,features.10,38,pruned_before,nan,0.000000e+00,0.000000e+00,0.0000,0.0000,0
84,features.10,39,pruned_before,nan,0.000000e+00,0.000000e+00,0.0000,0.0000,0
84,features.10,40,pruned_before,nan,0.000000e+00,0.000000e+00,0.0000,0.0000,0
84,features.10,41,pruned_before,nan,0.000000e+00,0.000000e+00,0.0000,0.0000,0
84,features.10,42,pruned_before,nan,0.000000e+00,0.000000e+00,0.0000,0.0000,0
84,features.10,43,pruned_before,nan,0.000000e+00,0.000000e+00,0.0000,0.0000,0
84,features.10,44,pruned_before,nan,0.000000e+00,0.000000e+00,0.0000,0.0000,0
84,features.10,45,pruned_before,nan,0.000000e+00,0.000000e+00,0.0000,0.0000,0
84,features.10,46,pruned_before,nan,0.000000e+00,0.000000e+00,0.0000,0.0000,0
84,features.10,47,pruned_before,nan,0.000000e+00,0.000000e+00,0.0000,0.0000,0
84,features.10,48,pruned_before,nan,0.000000e+00,0.000000e+00,0.0000,0.0000,0
84,features.10,49,pruned_before,nan,0.000000e+00,0.000000e+00,0.0000,0.0000,0
84,features.10,50,pruned_before,nan,0.000000e+00,0.000000e+00,0.0000,0.0000,0
84,features.10,51,pruned_before,nan,0.000000e+00,0.000000e+00,0.0000,0.0000,0
84,features.10,52,pruned_before,nan,0.000000e+00,0.000000e+00,0.0000,0.0000,0
84,features.10,53,pruned_before,nan,0.000000e+00,0.000000e+00,0.0000,0.0000,0
84,features.10,54,pruned_before,nan,0.000000e+00,0.000000e+00,0.0000,0.0000,0
84,features.10,55,pruned_before,nan,0.000000e+00,0.000000e+00,0.0000,0.0000,0
84,features.10,56,pruned_before,nan,0.000000e+00,0.000000e+00,0.0000,0.0000,0
84,features.10,57,pruned_before,nan,0.000000e+00,0.000000e+00,0.0000,0.0000,0
84,features.10,58,pruned_before,nan,0.000000e+00,0.000000e+00,0.0000,0.0000,0
84,features.10,59,pruned_before,nan,0.000000e+00,0.000000e+00,0.0000,0.0000,0
84,features.10,60,pruned_before,nan,0.000000e+00,0.000000e+00,0.0000,0.0000,0
84,features.10,61,pruned_before,nan,0.000000e+00,0.000000e+00,0.0000,0.0000,0
84,features.10,62,pruned_before,nan,0.000000e+00,0.000000e+00,0.0000,0.0000,0
84,features.10,63,pruned_before,nan,0.000000e+00,0.000000e+00,0.0000,0.0000,0
84,features.10,64,pruned_before,nan,0.000000e+00,0.000000e+00,0.0000,0.0000,0
84,features.10,65,pruned_before,nan,0.000000e+00,0.000000e+00,0.0000,0.0000,0
84,features.10,66,pruned_before,nan,0.000000e+00,0.000000e+00,0.0000,0.0000,0
84,features.10,67,pruned_before,nan,0.000000e+00,0.000000e+00,0.0000,0.0000,0
84,features.10,68,pruned_before,nan,0.000000e+00,0.000000e+00,0.0000,0.0000,0
84,features.10,69,pruned_before,nan,0.000000e+00,0.000000e+00,0.0000,0.0000,0
84,features.10,70,pruned_before,nan,0.000000e+00,0.000000e+00,0.0000,0.0000,0
84,features.10,71,pruned_before,nan,0.000000e+00,0.000000e+00,0.0000,0.0000,0
84,features.10,72,pruned_before,nan,0.000000e+00,0.000000e+00,0.0000,0.0000,0
84,features.10,73,pruned_before,nan,0.000000e+00,0.000000e+00,0.0000,0.0000,0
84,features.10,74,pruned_before,nan,0.000000e+00,0.000000e+00,0.0000,0.0000,0
84,features.10,75,pruned_before,nan,0.000000e+00,0.000000e+00,0.0000,0.0000,0
84,features.10,76,pruned_before,nan,0.000000e+00,0.000000e+00,0.0000,0.0000,0
84,features.10,77,pruned_before,nan,0.000000e+00,0.000000e+00,0.0000,0.0000,0
84,features.10,78,pruned_before,nan,0.000000e+00,0.000000e+00,0.0000,0.0000,0
84,features.10,79,pruned_before,nan,0.000000e+00,0.000000e+00,0.0000,0.0000,0
84,features.10,80,pruned_before,nan,0.000000e+00,0.000000e+00,0.0000,0.0000,0
84,features.10,81,pruned_before,nan,0.000000e+00,0.000000e+00,0.0000,0.0000,0
84,features.10,82,pruned_before,nan,0.000000e+00,0.000000e+00,0.0000,0.0000,0
84,features.10,83,pruned_before,nan,0.000000e+00,0.000000e+00,0.0000,0.0000,0
84,features.10,84,pruned_before,nan,0.000000e+00,0.000000e+00,0.0000,0.0000,0
84,features.10,85,pruned_before,nan,0.000000e+00,0.000000e+00,0.0000,0.0000,0
84,features.10,86,pruned_before,nan,0.000000e+00,0.000000e+00,0.0000,0.0000,0
84,features.10,87,active,0.083333,1.539771e-07,4.004194e-05,0.7333,0.9000,137
84,features.10,88,active,-0.233333,4.731382e-07,1.121258e-05,0.9667,0.5000,137
84,features.10,89,pruned_before,nan,0.000000e+00,0.000000e+00,0.0000,0.0000,0
84,features.10,90,pruned_before,nan,0.000000e+00,0.000000e+00,0.0000,0.0000,0
84,features.10,91,active,0.016667,5.345109e-09,3.358555e-06,0.2667,0.3000,137
84,features.10,92,pruned_before,nan,0.000000e+00,0.000000e+00,0.0000,0.0000,0
84,features.10,93,active,-0.050000,1.864353e-07,2.122894e-05,0.7667,0.6667,137
84,features.10,94,pruned_before,nan,0.000000e+00,0.000000e+00,0.0000,0.0000,0
84,features.10,95,pruned_before,nan,0.000000e+00,0.000000e+00,0.0000,0.0000,0
84,features.10,96,pruned_before,nan,0.000000e+00,0.000000e+00,0.0000,0.0000,0
84,features.10,97,pruned_before,nan,0.000000e+00,0.000000e+00,0.0000,0.0000,0
84,features.10,98,pruned_before,nan,0.000000e+00,0.000000e+00,0.0000,0.0000,0
84,features.10,99,pruned_before,nan,0.000000e+00,0.000000e+00,0.0000,0.0000,0
84,features.10,100,pruned_before,nan,0.000000e+00,0.000000e+00,0.0000,0.0000,0
84,features.10,101,pruned_before,nan,0.000000e+00,0.000000e+00,0.0000,0.0000,0
84,features.10,102,pruned_before,nan,0.000000e+00,0.000000e+00,0.0000,0.0000,0
84,features.10,103,pruned_before,nan,0.000000e+00,0.000000e+00,0.0000,0.0000,0
84,features.10,104,pruned_before,nan,0.000000e+00,0.000000e+00,0.0000,0.0000,0
84,features.10,105,pruned_before,nan,0.000000e+00,0.000000e+00,0.0000,0.0000,0
84,features.10,106,pruned_before,nan,0.000000e+00,0.000000e+00,0.0000,0.0000,0
84,features.10,107,active,0.000000,5.743290e-08,4.383123e-06,0.4000,0.4000,137
84,features.10,108,pruned_before,nan,0.000000e+00,0.000000e+00,0.0000,0.0000,0
84,features.10,109,pruned_before,nan,0.000000e+00,0.000000e+00,0.0000,0.0000,0
84,features.10,110,pruned_before,nan,0.000000e+00,0.000000e+00,0.0000,0.0000,0
84,features.10,111,pruned_before,nan,0.000000e+00,0.000000e+00,0.0000,0.0000,0
84,features.10,112,pruned_before,nan,0.000000e+00,0.000000e+00,0.0000,0.0000,0
84,features.10,113,pruned_before,nan,0.000000e+00,0.000000e+00,0.0000,0.0000,0
84,features.10,114,pruned_before,nan,0.000000e+00,0.000000e+00,0.0000,0.0000,0
84,features.10,115,pruned_before,nan,0.000000e+00,0.000000e+00,0.0000,0.0000,0
84,features.10,116,pruned_before,nan,0.000000e+00,0.000000e+00,0.0000,0.0000,0
84,features.10,117,pruned_before,nan,0.000000e+00,0.000000e+00,0.0000,0.0000,0
84,features.10,118,pruned_before,nan,0.000000e+00,0.000000e+00,0.0000,0.0000,0
84,features.10,119,pruned_before,nan,0.000000e+00,0.000000e+00,0.0000,0.0000,0
84,features.10,120,pruned_before,nan,0.000000e+00,0.000000e+00,0.0000,0.0000,0
84,features.10,121,pruned_before,nan,0.000000e+00,0.000000e+00,0.0000,0.0000,0
84,features.10,122,pruned_before,nan,0.000000e+00,0.000000e+00,0.0000,0.0000,0
84,features.10,123,pruned_before,nan,0.000000e+00,0.000000e+00,0.0000,0.0000,0
84,features.10,124,pruned_before,nan,0.000000e+00,0.000000e+00,0.0000,0.0000,0
84,features.10,125,pruned_before,nan,0.000000e+00,0.000000e+00,0.0000,0.0000,0
84,features.10,126,pruned_before,nan,0.000000e+00,0.000000e+00,0.0000,0.0000,0
84,features.10,127,pruned_before,nan,0.000000e+00,0.000000e+00,0.0000,0.0000,0
84,features.10,128,pruned_before,nan,0.000000e+00,0.000000e+00,0.0000,0.0000,0
84,features.10,129,pruned_before,nan,0.000000e+00,0.000000e+00,0.0000,0.0000,0
84,features.10,130,pruned_before,nan,0.000000e+00,0.000000e+00,0.0000,0.0000,0
84,features.10,131,pruned_before,nan,0.000000e+00,0.000000e+00,0.0000,0.0000,0
84,features.10,132,pruned_before,nan,0.000000e+00,0.000000e+00,0.0000,0.0000,0
84,features.10,133,pruned_before,nan,0.000000e+00,0.000000e+00,0.0000,0.0000,0
84,features.10,134,pruned_before,nan,0.000000e+00,0.000000e+00,0.0000,0.0000,0
84,features.10,135,pruned_before,nan,0.000000e+00,0.000000e+00,0.0000,0.0000,0
84,features.10,136,pruned_before,nan,0.000000e+00,0.000000e+00,0.0000,0.0000,0
84,features.10,137,pruned_before,nan,0.000000e+00,0.000000e+00,0.0000,0.0000,0
84,features.10,138,pruned_before,nan,0.000000e+00,0.000000e+00,0.0000,0.0000,0
84,features.10,139,pruned_before,nan,0.000000e+00,0.000000e+00,0.0000,0.0000,0
84,features.10,140,pruned_before,nan,0.000000e+00,0.000000e+00,0.0000,0.0000,0
84,features.10,141,pruned_before,nan,0.000000e+00,0.000000e+00,0.0000,0.0000,0
84,features.10,142,pruned_before,nan,0.000000e+00,0.000000e+00,0.0000,0.0000,0
84,features.10,143,pruned_before,nan,0.000000e+00,0.000000e+00,0.0000,0.0000,0
84,features.10,144,pruned_before,nan,0.000000e+00,0.000000e+00,0.0000,0.0000,0
84,features.10,145,pruned_before,nan,0.000000e+00,0.000000e+00,0.0000,0.0000,0
84,features.10,146,pruned_before,nan,0.000000e+00,0.000000e+00,0.0000,0.0000,0
84,features.10,147,pruned_before,nan,0.000000e+00,0.000000e+00,0.0000,0.0000,0
84,features.10,148,pruned_before,nan,0.000000e+00,0.000000e+00,0.0000,0.0000,0
84,features.10,149,active,0.000000,0.000000e+00,2.078677e-13,0.1333,0.1333,137
84,features.10,150,pruned_before,nan,0.000000e+00,0.000000e+00,0.0000,0.0000,0
84,features.10,151,pruned_before,nan,0.000000e+00,0.000000e+00,0.0000,0.0000,0
84,features.10,152,pruned_before,nan,0.000000e+00,0.000000e+00,0.0000,0.0000,0
84,features.10,153,pruned_before,nan,0.000000e+00,0.000000e+00,0.0000,0.0000,0
84,features.10,154,active,0.183333,2.855314e-09,1.542779e-05,0.2000,0.5667,137
84,features.10,155,pruned_before,nan,0.000000e+00,0.000000e+00,0.0000,0.0000,0
84,features.10,156,active,0.000000,0.000000e+00,0.000000e+00,0.1000,0.1000,137
84,features.10,157,pruned_before,nan,0.000000e+00,0.000000e+00,0.0000,0.0000,0
84,features.10,158,pruned_before,nan,0.000000e+00,0.000000e+00,0.0000,0.0000,0
84,features.10,159,pruned_before,nan,0.000000e+00,0.000000e+00,0.0000,0.0000,0
84,features.10,160,pruned_before,nan,0.000000e+00,0.000000e+00,0.0000,0.0000,0
84,features.10,161,pruned_before,nan,0.000000e+00,0.000000e+00,0.0000,0.0000,0
84,features.10,162,pruned_before,nan,0.000000e+00,0.000000e+00,0.0000,0.0000,0
84,features.10,163,pruned_before,nan,0.000000e+00,0.000000e+00,0.0000,0.0000,0
84,features.10,164,pruned_before,nan,0.000000e+00,0.000000e+00,0.0000,0.0000,0
84,features.10,165,pruned_before,nan,0.000000e+00,0.000000e+00,0.0000,0.0000,0
84,features.10,166,pruned_before,nan,0.000000e+00,0.000000e+00,0.0000,0.0000,0
84,features.10,167,pruned_before,nan,0.000000e+00,0.000000e+00,0.0000,0.0000,0
84,features.10,168,pruned_before,nan,0.000000e+00,0.000000e+00,0.0000,0.0000,0
84,features.10,169,pruned_before,nan,0.000000e+00,0.000000e+00,0.0000,0.0000,0
84,features.10,170,pruned_before,nan,0.000000e+00,0.000000e+00,0.0000,0.0000,0
84,features.10,171,pruned_before,nan,0.000000e+00,0.000000e+00,0.0000,0.0000,0
84,features.10,172,pruned_before,nan,0.000000e+00,0.000000e+00,0.0000,0.0000,0
84,features.10,173,pruned_before,nan,0.000000e+00,0.000000e+00,0.0000,0.0000,0
84,features.10,174,pruned_before,nan,0.000000e+00,0.000000e+00,0.0000,0.0000,0
84,features.10,175,pruned_before,nan,0.000000e+00,0.000000e+00,0.0000,0.0000,0
84,features.10,176,pruned_before,nan,0.000000e+00,0.000000e+00,0.0000,0.0000,0
84,features.10,177,active,-0.133333,2.238298e-07,1.492817e-05,0.8000,0.5333,137
84,features.10,178,pruned_before,nan,0.000000e+00,0.000000e+00,0.0000,0.0000,0
84,features.10,179,pruned_before,nan,0.000000e+00,0.000000e+00,0.0000,0.0000,0
84,features.10,180,pruned_before,nan,0.000000e+00,0.000000e+00,0.0000,0.0000,0
84,features.10,181,pruned_before,nan,0.000000e+00,0.000000e+00,0.0000,0.0000,0
84,features.10,182,active,0.000000,0.000000e+00,0.000000e+00,0.0667,0.0667,137
84,features.10,183,pruned_before,nan,0.000000e+00,0.000000e+00,0.0000,0.0000,0
84,features.10,184,pruned_before,nan,0.000000e+00,0.000000e+00,0.0000,0.0000,0
84,features.10,185,pruned_before,nan,0.000000e+00,0.000000e+00,0.0000,0.0000,0
84,features.10,186,pruned_before,nan,0.000000e+00,0.000000e+00,0.0000,0.0000,0
84,features.10,187,pruned_before,nan,0.000000e+00,0.000000e+00,0.0000,0.0000,0
84,features.10,188,pruned_before,nan,0.000000e+00,0.000000e+00,0.0000,0.0000,0
84,features.10,189,pruned_before,nan,0.000000e+00,0.000000e+00,0.0000,0.0000,0
84,features.10,190,pruned_before,nan,0.000000e+00,0.000000e+00,0.0000,0.0000,0
84,features.10,191,pruned_before,nan,0.000000e+00,0.000000e+00,0.0000,0.0000,0
84,features.10,192,pruned_before,nan,0.000000e+00,0.000000e+00,0.0000,0.0000,0
84,features.10,193,pruned_before,nan,0.000000e+00,0.000000e+00,0.0000,0.0000,0
84,features.10,194,pruned_before,nan,0.000000e+00,0.000000e+00,0.0000,0.0000,0
84,features.10,195,pruned_before,nan,0.000000e+00,0.000000e+00,0.0000,0.0000,0
84,features.10,196,pruned_before,nan,0.000000e+00,0.000000e+00,0.0000,0.0000,0
84,features.10,197,pruned_before,nan,0.000000e+00,0.000000e+00,0.0000,0.0000,0
84,features.10,198,pruned_before,nan,0.000000e+00,0.000000e+00,0.0000,0.0000,0
84,features.10,199,pruned_before,nan,0.000000e+00,0.000000e+00,0.0000,0.0000,0
84,features.10,200,active,-0.033333,2.424360e-08,2.915345e-06,0.3333,0.2667,137
84,features.10,201,active,0.183333,6.715424e-08,2.923466e-05,0.4333,0.8000,137
84,features.10,202,pruned_before,nan,0.000000e+00,0.000000e+00,0.0000,0.0000,0
84,features.10,203,pruned_before,nan,0.000000e+00,0.000000e+00,0.0000,0.0000,0
84,features.10,204,pruned_before,nan,0.000000e+00,0.000000e+00,0.0000,0.0000,0
84,features.10,205,active,-0.033333,4.948354e-09,2.141167e-07,0.2333,0.1667,137
84,features.10,206,pruned_before,nan,0.000000e+00,0.000000e+00,0.0000,0.0000,0
84,features.10,207,pruned_before,nan,0.000000e+00,0.000000e+00,0.0000,0.0000,0
84,features.10,208,pruned_before,nan,0.000000e+00,0.000000e+00,0.0000,0.0000,0
84,features.10,209,pruned_before,nan,0.000000e+00,0.000000e+00,0.0000,0.0000,0
84,features.10,210,pruned_before,nan,0.000000e+00,0.000000e+00,0.0000,0.0000,0
84,features.10,211,pruned_before,nan,0.000000e+00,0.000000e+00,0.0000,0.0000,0
84,features.10,212,pruned_before,nan,0.000000e+00,0.000000e+00,0.0000,0.0000,0
84,features.10,213,pruned_before,nan,0.000000e+00,0.000000e+00,0.0000,0.0000,0
84,features.10,214,pruned_before,nan,0.000000e+00,0.000000e+00,0.0000,0.0000,0
84,features.10,215,pruned_before,nan,0.000000e+00,0.000000e+00,0.0000,0.0000,0
84,features.10,216,pruned_before,nan,0.000000e+00,0.000000e+00,0.0000,0.0000,0
84,features.10,217,pruned_before,nan,0.000000e+00,0.000000e+00,0.0000,0.0000,0
84,features.10,218,active,0.016667,2.135853e-09,4.155529e-07,0.1667,0.2000,137
84,features.10,219,pruned_before,nan,0.000000e+00,0.000000e+00,0.0000,0.0000,0
84,features.10,220,pruned_before,nan,0.000000e+00,0.000000e+00,0.0000,0.0000,0
84,features.10,221,pruned_before,nan,0.000000e+00,0.000000e+00,0.0000,0.0000,0
84,features.10,222,pruned_before,nan,0.000000e+00,0.000000e+00,0.0000,0.0000,0
84,features.10,223,pruned_before,nan,0.000000e+00,0.000000e+00,0.0000,0.0000,0
84,features.10,224,pruned_before,nan,0.000000e+00,0.000000e+00,0.0000,0.0000,0
84,features.10,225,pruned_before,nan,0.000000e+00,0.000000e+00,0.0000,0.0000,0
84,features.10,226,pruned_before,nan,0.000000e+00,0.000000e+00,0.0000,0.0000,0
84,features.10,227,pruned_before,nan,0.000000e+00,0.000000e+00,0.0000,0.0000,0
84,features.10,228,pruned_before,nan,0.000000e+00,0.000000e+00,0.0000,0.0000,0
84,features.10,229,pruned_before,nan,0.000000e+00,0.000000e+00,0.0000,0.0000,0
84,features.10,230,pruned_before,nan,0.000000e+00,0.000000e+00,0.0000,0.0000,0
84,features.10,231,pruned_before,nan,0.000000e+00,0.000000e+00,0.0000,0.0000,0
84,features.10,232,pruned_before,nan,0.000000e+00,0.000000e+00,0.0000,0.0000,0
84,features.10,233,pruned_before,nan,0.000000e+00,0.000000e+00,0.0000,0.0000,0
84,features.10,234,pruned_before,nan,0.000000e+00,0.000000e+00,0.0000,0.0000,0
84,features.10,235,active,0.066667,1.138718e-07,2.576322e-05,0.6000,0.7333,137
84,features.10,236,pruned_before,nan,0.000000e+00,0.000000e+00,0.0000,0.0000,0
84,features.10,237,active,-0.066667,1.095600e-07,7.730527e-06,0.5667,0.4333,137
84,features.10,238,pruned_before,nan,0.000000e+00,0.000000e+00,0.0000,0.0000,0
84,features.10,239,pruned_before,nan,0.000000e+00,0.000000e+00,0.0000,0.0000,0
84,features.10,240,pruned_before,nan,0.000000e+00,0.000000e+00,0.0000,0.0000,0
84,features.10,241,pruned_before,nan,0.000000e+00,0.000000e+00,0.0000,0.0000,0
84,features.10,242,pruned_before,nan,0.000000e+00,0.000000e+00,0.0000,0.0000,0
84,features.10,243,active,-0.150000,2.362352e-07,1.629855e-05,0.9000,0.6000,137
84,features.10,244,pruned_before,nan,0.000000e+00,0.000000e+00,0.0000,0.0000,0
84,features.10,245,pruned_before,nan,0.000000e+00,0.000000e+00,0.0000,0.0000,0
84,features.10,246,pruned_before,nan,0.000000e+00,0.000000e+00,0.0000,0.0000,0
84,features.10,247,active,0.066667,2.267013e-07,6.894655e-05,0.8333,0.9667,137
84,features.10,248,pruned_before,nan,0.000000e+00,0.000000e+00,0.0000,0.0000,0
84,features.10,249,pruned_before,nan,0.000000e+00,0.000000e+00,0.0000,0.0000,0
84,features.10,250,pruned_before,nan,0.000000e+00,0.000000e+00,0.0000,0.0000,0
84,features.10,251,pruned_before,nan,0.000000e+00,0.000000e+00,0.0000,0.0000,0
84,features.10,252,pruned_before,nan,0.000000e+00,0.000000e+00,0.0000,0.0000,0
84,features.10,253,pruned_before,nan,0.000000e+00,0.000000e+00,0.0000,0.0000,0
84,features.10,254,pruned_before,nan,0.000000e+00,0.000000e+00,0.0000,0.0000,0
84,features.10,255,pruned_before,nan,0.000000e+00,0.000000e+00,0.0000,0.0000,0
84,features.10,256,active,-0.100000,8.631478e-08,4.079558e-06,0.5333,0.3333,137
84,features.10,257,pruned_before,nan,0.000000e+00,0.000000e+00,0.0000,0.0000,0
84,features.10,258,pruned_before,nan,0.000000e+00,0.000000e+00,0.0000,0.0000,0
84,features.10,259,pruned_before,nan,0.000000e+00,0.000000e+00,0.0000,0.0000,0
84,features.10,260,pruned_before,nan,0.000000e+00,0.000000e+00,0.0000,0.0000,0
84,features.10,261,pruned_before,nan,0.000000e+00,0.000000e+00,0.0000,0.0000,0
84,features.10,262,pruned_before,nan,0.000000e+00,0.000000e+00,0.0000,0.0000,0
84,features.10,263,pruned_before,nan,0.000000e+00,0.000000e+00,0.0000,0.0000,0
84,features.10,264,pruned_before,nan,0.000000e+00,0.000000e+00,0.0000,0.0000,0
84,features.10,265,pruned_before,nan,0.000000e+00,0.000000e+00,0.0000,0.0000,0
84,features.10,266,pruned_before,nan,0.000000e+00,0.000000e+00,0.0000,0.0000,0
84,features.10,267,pruned_before,nan,0.000000e+00,0.000000e+00,0.0000,0.0000,0
84,features.10,268,active,0.166667,2.442104e-08,2.378476e-05,0.3667,0.7000,137
84,features.10,269,pruned_before,nan,0.000000e+00,0.000000e+00,0.0000,0.0000,0
84,features.10,270,pruned_before,nan,0.000000e+00,0.000000e+00,0.0000,0.0000,0
84,features.10,271,active,0.000000,0.000000e+00,0.000000e+00,0.0000,0.0000,137
84,features.10,272,pruned_before,nan,0.000000e+00,0.000000e+00,0.0000,0.0000,0
84,features.10,273,pruned_before,nan,0.000000e+00,0.000000e+00,0.0000,0.0000,0
84,features.10,274,pruned_before,nan,0.000000e+00,0.000000e+00,0.0000,0.0000,0
84,features.10,275,pruned_before,nan,0.000000e+00,0.000000e+00,0.0000,0.0000,0
84,features.10,276,pruned_before,nan,0.000000e+00,0.000000e+00,0.0000,0.0000,0
84,features.10,277,pruned_before,nan,0.000000e+00,0.000000e+00,0.0000,0.0000,0
84,features.10,278,pruned_before,nan,0.000000e+00,0.000000e+00,0.0000,0.0000,0
84,features.10,279,pruned_before,nan,0.000000e+00,0.000000e+00,0.0000,0.0000,0
84,features.10,280,pruned_before,nan,0.000000e+00,0.000000e+00,0.0000,0.0000,0
84,features.10,281,pruned_before,nan,0.000000e+00,0.000000e+00,0.0000,0.0000,0
84,features.10,282,pruned_before,nan,0.000000e+00,0.000000e+00,0.0000,0.0000,0
84,features.10,283,pruned_before,nan,0.000000e+00,0.000000e+00,0.0000,0.0000,0
84,features.10,284,pruned_before,nan,0.000000e+00,0.000000e+00,0.0000,0.0000,0
84,features.10,285,pruned_before,nan,0.000000e+00,0.000000e+00,0.0000,0.0000,0
84,features.10,286,pruned_before,nan,0.000000e+00,0.000000e+00,0.0000,0.0000,0
84,features.10,287,active,-0.116667,1.415333e-07,8.263908e-06,0.7000,0.4667,137
84,features.10,288,pruned_before,nan,0.000000e+00,0.000000e+00,0.0000,0.0000,0
84,features.10,289,pruned_before,nan,0.000000e+00,0.000000e+00,0.0000,0.0000,0
84,features.10,290,pruned_before,nan,0.000000e+00,0.000000e+00,0.0000,0.0000,0
84,features.10,291,active,0.000000,3.821222e-07,6.141878e-05,0.9333,0.9333,137
84,features.10,292,pruned_before,nan,0.000000e+00,0.000000e+00,0.0000,0.0000,0
84,features.10,293,active,0.150000,7.537688e-08,2.841706e-05,0.4667,0.7667,137
84,features.10,294,pruned_before,nan,0.000000e+00,0.000000e+00,0.0000,0.0000,0
84,features.10,295,active,-0.066667,8.274429e-08,4.204348e-06,0.5000,0.3667,137
84,features.10,296,pruned_before,nan,0.000000e+00,0.000000e+00,0.0000,0.0000,0
84,features.10,297,pruned_before,nan,0.000000e+00,0.000000e+00,0.0000,0.0000,0
84,features.10,298,pruned_before,nan,0.000000e+00,0.000000e+00,0.0000,0.0000,0
84,features.10,299,pruned_before,nan,0.000000e+00,0.000000e+00,0.0000,0.0000,0
84,features.10,300,pruned_before,nan,0.000000e+00,0.000000e+00,0.0000,0.0000,0
84,features.10,301,pruned_before,nan,0.000000e+00,0.000000e+00,0.0000,0.0000,0
84,features.10,302,pruned_before,nan,0.000000e+00,0.000000e+00,0.0000,0.0000,0
84,features.10,303,pruned_before,nan,0.000000e+00,0.000000e+00,0.0000,0.0000,0
84,features.10,304,pruned_before,nan,0.000000e+00,0.000000e+00,0.0000,0.0000,0
84,features.10,305,pruned_before,nan,0.000000e+00,0.000000e+00,0.0000,0.0000,0
84,features.10,306,pruned_before,nan,0.000000e+00,0.000000e+00,0.0000,0.0000,0
84,features.10,307,pruned_before,nan,0.000000e+00,0.000000e+00,0.0000,0.0000,0
84,features.10,308,pruned_before,nan,0.000000e+00,0.000000e+00,0.0000,0.0000,0
84,features.10,309,pruned_before,nan,0.000000e+00,0.000000e+00,0.0000,0.0000,0
84,features.10,310,pruned_before,nan,0.000000e+00,0.000000e+00,0.0000,0.0000,0
84,features.10,311,pruned_before,nan,0.000000e+00,0.000000e+00,0.0000,0.0000,0
84,features.10,312,pruned_before,nan,0.000000e+00,0.000000e+00,0.0000,0.0000,0
84,features.10,313,pruned_before,nan,0.000000e+00,0.000000e+00,0.0000,0.0000,0
84,features.10,314,pruned_before,nan,0.000000e+00,0.000000e+00,0.0000,0.0000,0
84,features.10,315,pruned_before,nan,0.000000e+00,0.000000e+00,0.0000,0.0000,0
84,features.10,316,pruned_before,nan,0.000000e+00,0.000000e+00,0.0000,0.0000,0
84,features.10,317,pruned_before,nan,0.000000e+00,0.000000e+00,0.0000,0.0000,0
84,features.10,318,pruned_before,nan,0.000000e+00,0.000000e+00,0.0000,0.0000,0
84,features.10,319,pruned_before,nan,0.000000e+00,0.000000e+00,0.0000,0.0000,0
84,features.10,320,pruned_before,nan,0.000000e+00,0.000000e+00,0.0000,0.0000,0
84,features.10,321,pruned_before,nan,0.000000e+00,0.000000e+00,0.0000,0.0000,0
84,features.10,322,pruned_before,nan,0.000000e+00,0.000000e+00,0.0000,0.0000,0
84,features.10,323,pruned_before,nan,0.000000e+00,0.000000e+00,0.0000,0.0000,0
84,features.10,324,pruned_before,nan,0.000000e+00,0.000000e+00,0.0000,0.0000,0
84,features.10,325,pruned_before,nan,0.000000e+00,0.000000e+00,0.0000,0.0000,0
84,features.10,326,pruned_before,nan,0.000000e+00,0.000000e+00,0.0000,0.0000,0
84,features.10,327,pruned_before,nan,0.000000e+00,0.000000e+00,0.0000,0.0000,0
84,features.10,328,pruned_before,nan,0.000000e+00,0.000000e+00,0.0000,0.0000,0
84,features.10,329,pruned_before,nan,0.000000e+00,0.000000e+00,0.0000,0.0000,0
84,features.10,330,pruned_before,nan,0.000000e+00,0.000000e+00,0.0000,0.0000,0
84,features.10,331,pruned_before,nan,0.000000e+00,0.000000e+00,0.0000,0.0000,0
84,features.10,332,pruned_before,nan,0.000000e+00,0.000000e+00,0.0000,0.0000,0
84,features.10,333,pruned_before,nan,0.000000e+00,0.000000e+00,0.0000,0.0000,0
84,features.10,334,pruned_before,nan,0.000000e+00,0.000000e+00,0.0000,0.0000,0
84,features.10,335,pruned_before,nan,0.000000e+00,0.000000e+00,0.0000,0.0000,0
84,features.10,336,pruned_before,nan,0.000000e+00,0.000000e+00,0.0000,0.0000,0
84,features.10,337,pruned_before,nan,0.000000e+00,0.000000e+00,0.0000,0.0000,0
84,features.10,338,pruned_before,nan,0.000000e+00,0.000000e+00,0.0000,0.0000,0
84,features.10,339,pruned_before,nan,0.000000e+00,0.000000e+00,0.0000,0.0000,0
84,features.10,340,pruned_before,nan,0.000000e+00,0.000000e+00,0.0000,0.0000,0
84,features.10,341,pruned_before,nan,0.000000e+00,0.000000e+00,0.0000,0.0000,0
84,features.10,342,pruned_before,nan,0.000000e+00,0.000000e+00,0.0000,0.0000,0
84,features.10,343,pruned_before,nan,0.000000e+00,0.000000e+00,0.0000,0.0000,0
84,features.10,344,pruned_before,nan,0.000000e+00,0.000000e+00,0.0000,0.0000,0
84,features.10,345,pruned_before,nan,0.000000e+00,0.000000e+00,0.0000,0.0000,0
84,features.10,346,pruned_before,nan,0.000000e+00,0.000000e+00,0.0000,0.0000,0
84,features.10,347,pruned_before,nan,0.000000e+00,0.000000e+00,0.0000,0.0000,0
84,features.10,348,active,-0.033333,1.360202e-08,7.748306e-07,0.3000,0.2333,137
84,features.10,349,pruned_before,nan,0.000000e+00,0.000000e+00,0.0000,0.0000,0
84,features.10,350,pruned_before,nan,0.000000e+00,0.000000e+00,0.0000,0.0000,0
84,features.10,351,pruned_before,nan,0.000000e+00,0.000000e+00,0.0000,0.0000,0
84,features.10,352,pruned_before,nan,0.000000e+00,0.000000e+00,0.0000,0.0000,0
84,features.10,353,pruned_before,nan,0.000000e+00,0.000000e+00,0.0000,0.0000,0
84,features.10,354,pruned_before,nan,0.000000e+00,0.000000e+00,0.0000,0.0000,0
84,features.10,355,pruned_before,nan,0.000000e+00,0.000000e+00,0.0000,0.0000,0
84,features.10,356,pruned_before,nan,0.000000e+00,0.000000e+00,0.0000,0.0000,0
84,features.10,357,pruned_before,nan,0.000000e+00,0.000000e+00,0.0000,0.0000,0
84,features.10,358,pruned_before,nan,0.000000e+00,0.000000e+00,0.0000,0.0000,0
84,features.10,359,pruned_before,nan,0.000000e+00,0.000000e+00,0.0000,0.0000,0
84,features.10,360,pruned_before,nan,0.000000e+00,0.000000e+00,0.0000,0.0000,0
84,features.10,361,pruned_before,nan,0.000000e+00,0.000000e+00,0.0000,0.0000,0
84,features.10,362,pruned_before,nan,0.000000e+00,0.000000e+00,0.0000,0.0000,0
84,features.10,363,pruned_before,nan,0.000000e+00,0.000000e+00,0.0000,0.0000,0
84,features.10,364,pruned_before,nan,0.000000e+00,0.000000e+00,0.0000,0.0000,0
84,features.10,365,pruned_before,nan,0.000000e+00,0.000000e+00,0.0000,0.0000,0
84,features.10,366,pruned_before,nan,0.000000e+00,0.000000e+00,0.0000,0.0000,0
84,features.10,367,protected,0.000000,8.335011e-07,8.302965e-05,1.0000,1.0000,137
84,features.10,368,pruned_before,nan,0.000000e+00,0.000000e+00,0.0000,0.0000,0
84,features.10,369,pruned_before,nan,0.000000e+00,0.000000e+00,0.0000,0.0000,0
84,features.10,370,pruned_before,nan,0.000000e+00,0.000000e+00,0.0000,0.0000,0
84,features.10,371,active,0.100000,1.235558e-07,3.446734e-05,0.6667,0.8667,137
84,features.10,372,pruned_before,nan,0.000000e+00,0.000000e+00,0.0000,0.0000,0
84,features.10,373,pruned_before,nan,0.000000e+00,0.000000e+00,0.0000,0.0000,0
84,features.10,374,pruned_before,nan,0.000000e+00,0.000000e+00,0.0000,0.0000,0
84,features.10,375,pruned_before,nan,0.000000e+00,0.000000e+00,0.0000,0.0000,0
84,features.10,376,active,-0.016667,2.325350e-07,3.349185e-05,0.8667,0.8333,137
84,features.10,377,pruned_before,nan,0.000000e+00,0.000000e+00,0.0000,0.0000,0
84,features.10,378,pruned_before,nan,0.000000e+00,0.000000e+00,0.0000,0.0000,0
84,features.10,379,pruned_before,nan,0.000000e+00,0.000000e+00,0.0000,0.0000,0
84,features.10,380,pruned_before,nan,0.000000e+00,0.000000e+00,0.0000,0.0000,0
84,features.10,381,active,0.000000,1.224638e-07,1.704395e-05,0.6333,0.6333,137
84,features.10,382,pruned_before,nan,0.000000e+00,0.000000e+00,0.0000,0.0000,0
84,features.10,383,pruned_before,nan,0.000000e+00,0.000000e+00,0.0000,0.0000,0
84,features.11,0,active,-0.066667,2.633393e-06,5.712850e-04,0.8667,0.7333,169
84,features.11,1,pruned_before,nan,0.000000e+00,0.000000e+00,0.0000,0.0000,0
84,features.11,2,pruned_before,nan,0.000000e+00,0.000000e+00,0.0000,0.0000,0
84,features.11,3,pruned_before,nan,0.000000e+00,0.000000e+00,0.0000,0.0000,0
84,features.11,4,pruned_before,nan,0.000000e+00,0.000000e+00,0.0000,0.0000,0
84,features.11,5,pruned_before,nan,0.000000e+00,0.000000e+00,0.0000,0.0000,0
84,features.11,6,pruned_before,nan,0.000000e+00,0.000000e+00,0.0000,0.0000,0
84,features.11,7,pruned_before,nan,0.000000e+00,0.000000e+00,0.0000,0.0000,0
84,features.11,8,pruned_before,nan,0.000000e+00,0.000000e+00,0.0000,0.0000,0
84,features.11,9,pruned_before,nan,0.000000e+00,0.000000e+00,0.0000,0.0000,0
84,features.11,10,active,-0.016667,2.703940e-06,1.006271e-03,0.9000,0.8667,169
84,features.11,11,pruned_before,nan,0.000000e+00,0.000000e+00,0.0000,0.0000,0
84,features.11,12,pruned_before,nan,0.000000e+00,0.000000e+00,0.0000,0.0000,0
84,features.11,13,pruned_before,nan,0.000000e+00,0.000000e+00,0.0000,0.0000,0
84,features.11,14,pruned_before,nan,0.000000e+00,0.000000e+00,0.0000,0.0000,0
84,features.11,15,pruned_before,nan,0.000000e+00,0.000000e+00,0.0000,0.0000,0
84,features.11,16,pruned_before,nan,0.000000e+00,0.000000e+00,0.0000,0.0000,0
84,features.11,17,active,-0.116667,1.864006e-06,2.040337e-04,0.7000,0.4667,169
84,features.11,18,pruned_before,nan,0.000000e+00,0.000000e+00,0.0000,0.0000,0
84,features.11,19,pruned_before,nan,0.000000e+00,0.000000e+00,0.0000,0.0000,0
84,features.11,20,pruned_before,nan,0.000000e+00,0.000000e+00,0.0000,0.0000,0
84,features.11,21,pruned_before,nan,0.000000e+00,0.000000e+00,0.0000,0.0000,0
84,features.11,22,pruned_before,nan,0.000000e+00,0.000000e+00,0.0000,0.0000,0
84,features.11,23,pruned_before,nan,0.000000e+00,0.000000e+00,0.0000,0.0000,0
84,features.11,24,pruned_before,nan,0.000000e+00,0.000000e+00,0.0000,0.0000,0
84,features.11,25,pruned_before,nan,0.000000e+00,0.000000e+00,0.0000,0.0000,0
84,features.11,26,pruned_before,nan,0.000000e+00,0.000000e+00,0.0000,0.0000,0
84,features.11,27,pruned_before,nan,0.000000e+00,0.000000e+00,0.0000,0.0000,0
84,features.11,28,pruned_before,nan,0.000000e+00,0.000000e+00,0.0000,0.0000,0
84,features.11,29,pruned_before,nan,0.000000e+00,0.000000e+00,0.0000,0.0000,0
84,features.11,30,pruned_before,nan,0.000000e+00,0.000000e+00,0.0000,0.0000,0
84,features.11,31,pruned_before,nan,0.000000e+00,0.000000e+00,0.0000,0.0000,0
84,features.11,32,pruned_before,nan,0.000000e+00,0.000000e+00,0.0000,0.0000,0
84,features.11,33,active,0.216667,8.681840e-08,2.143537e-04,0.0667,0.5000,169
84,features.11,34,pruned_before,nan,0.000000e+00,0.000000e+00,0.0000,0.0000,0
84,features.11,35,pruned_before,nan,0.000000e+00,0.000000e+00,0.0000,0.0000,0
84,features.11,36,pruned_before,nan,0.000000e+00,0.000000e+00,0.0000,0.0000,0
84,features.11,37,pruned_before,nan,0.000000e+00,0.000000e+00,0.0000,0.0000,0
84,features.11,38,pruned_before,nan,0.000000e+00,0.000000e+00,0.0000,0.0000,0
84,features.11,39,pruned_before,nan,0.000000e+00,0.000000e+00,0.0000,0.0000,0
84,features.11,40,pruned_before,nan,0.000000e+00,0.000000e+00,0.0000,0.0000,0
84,features.11,41,pruned_before,nan,0.000000e+00,0.000000e+00,0.0000,0.0000,0
84,features.11,42,active,0.216667,5.084562e-08,1.638491e-04,0.0000,0.4333,169
84,features.11,43,pruned_before,nan,0.000000e+00,0.000000e+00,0.0000,0.0000,0
84,features.11,44,active,-0.133333,1.268819e-06,1.471144e-04,0.6333,0.3667,169
84,features.11,45,pruned_before,nan,0.000000e+00,0.000000e+00,0.0000,0.0000,0
84,features.11,46,pruned_before,nan,0.000000e+00,0.000000e+00,0.0000,0.0000,0
84,features.11,47,pruned_before,nan,0.000000e+00,0.000000e+00,0.0000,0.0000,0
84,features.11,48,pruned_before,nan,0.000000e+00,0.000000e+00,0.0000,0.0000,0
84,features.11,49,pruned_before,nan,0.000000e+00,0.000000e+00,0.0000,0.0000,0
84,features.11,50,active,0.000000,2.524910e-06,8.640225e-04,0.8333,0.8333,169
84,features.11,51,pruned_before,nan,0.000000e+00,0.000000e+00,0.0000,0.0000,0
84,features.11,52,pruned_before,nan,0.000000e+00,0.000000e+00,0.0000,0.0000,0
84,features.11,53,pruned_before,nan,0.000000e+00,0.000000e+00,0.0000,0.0000,0
84,features.11,54,pruned_before,nan,0.000000e+00,0.000000e+00,0.0000,0.0000,0
84,features.11,55,pruned_before,nan,0.000000e+00,0.000000e+00,0.0000,0.0000,0
84,features.11,56,active,-0.100000,2.195086e-07,1.488145e-05,0.2667,0.0667,169
84,features.11,57,pruned_before,nan,0.000000e+00,0.000000e+00,0.0000,0.0000,0
84,features.11,58,pruned_before,nan,0.000000e+00,0.000000e+00,0.0000,0.0000,0
84,features.11,59,pruned_before,nan,0.000000e+00,0.000000e+00,0.0000,0.0000,0
84,features.11,60,pruned_before,nan,0.000000e+00,0.000000e+00,0.0000,0.0000,0
84,features.11,61,pruned_before,nan,0.000000e+00,0.000000e+00,0.0000,0.0000,0
84,features.11,62,pruned_before,nan,0.000000e+00,0.000000e+00,0.0000,0.0000,0
84,features.11,63,pruned_before,nan,0.000000e+00,0.000000e+00,0.0000,0.0000,0
84,features.11,64,pruned_before,nan,0.000000e+00,0.000000e+00,0.0000,0.0000,0
84,features.11,65,active,-0.133333,4.099859e-07,5.025884e-05,0.4667,0.2000,169
84,features.11,66,pruned_before,nan,0.000000e+00,0.000000e+00,0.0000,0.0000,0
84,features.11,67,active,0.000000,1.544356e-06,4.898105e-04,0.6667,0.6667,169
84,features.11,68,pruned_before,nan,0.000000e+00,0.000000e+00,0.0000,0.0000,0
84,features.11,69,pruned_before,nan,0.000000e+00,0.000000e+00,0.0000,0.0000,0
84,features.11,70,pruned_before,nan,0.000000e+00,0.000000e+00,0.0000,0.0000,0
84,features.11,71,pruned_before,nan,0.000000e+00,0.000000e+00,0.0000,0.0000,0
84,features.11,72,pruned_before,nan,0.000000e+00,0.000000e+00,0.0000,0.0000,0
84,features.11,73,pruned_before,nan,0.000000e+00,0.000000e+00,0.0000,0.0000,0
84,features.11,74,pruned_before,nan,0.000000e+00,0.000000e+00,0.0000,0.0000,0
84,features.11,75,pruned_before,nan,0.000000e+00,0.000000e+00,0.0000,0.0000,0
84,features.11,76,pruned_before,nan,0.000000e+00,0.000000e+00,0.0000,0.0000,0
84,features.11,77,pruned_before,nan,0.000000e+00,0.000000e+00,0.0000,0.0000,0
84,features.11,78,pruned_before,nan,0.000000e+00,0.000000e+00,0.0000,0.0000,0
84,features.11,79,pruned_before,nan,0.000000e+00,0.000000e+00,0.0000,0.0000,0
84,features.11,80,pruned_before,nan,0.000000e+00,0.000000e+00,0.0000,0.0000,0
84,features.11,81,pruned_before,nan,0.000000e+00,0.000000e+00,0.0000,0.0000,0
84,features.11,82,pruned_before,nan,0.000000e+00,0.000000e+00,0.0000,0.0000,0
84,features.11,83,pruned_before,nan,0.000000e+00,0.000000e+00,0.0000,0.0000,0
84,features.11,84,pruned_before,nan,0.000000e+00,0.000000e+00,0.0000,0.0000,0
84,features.11,85,pruned_before,nan,0.000000e+00,0.000000e+00,0.0000,0.0000,0
84,features.11,86,pruned_before,nan,0.000000e+00,0.000000e+00,0.0000,0.0000,0
84,features.11,87,pruned_before,nan,0.000000e+00,0.000000e+00,0.0000,0.0000,0
84,features.11,88,pruned_before,nan,0.000000e+00,0.000000e+00,0.0000,0.0000,0
84,features.11,89,pruned_before,nan,0.000000e+00,0.000000e+00,0.0000,0.0000,0
84,features.11,90,pruned_before,nan,0.000000e+00,0.000000e+00,0.0000,0.0000,0
84,features.11,91,pruned_before,nan,0.000000e+00,0.000000e+00,0.0000,0.0000,0
84,features.11,92,pruned_before,nan,0.000000e+00,0.000000e+00,0.0000,0.0000,0
84,features.11,93,pruned_before,nan,0.000000e+00,0.000000e+00,0.0000,0.0000,0
84,features.11,94,pruned_before,nan,0.000000e+00,0.000000e+00,0.0000,0.0000,0
84,features.11,95,pruned_before,nan,0.000000e+00,0.000000e+00,0.0000,0.0000,0
84,features.11,96,pruned_before,nan,0.000000e+00,0.000000e+00,0.0000,0.0000,0
84,features.11,97,pruned_before,nan,0.000000e+00,0.000000e+00,0.0000,0.0000,0
84,features.11,98,pruned_before,nan,0.000000e+00,0.000000e+00,0.0000,0.0000,0
84,features.11,99,pruned_before,nan,0.000000e+00,0.000000e+00,0.0000,0.0000,0
84,features.11,100,pruned_before,nan,0.000000e+00,0.000000e+00,0.0000,0.0000,0
84,features.11,101,active,-0.133333,2.789091e-07,1.497083e-05,0.3667,0.1000,169
84,features.11,102,pruned_before,nan,0.000000e+00,0.000000e+00,0.0000,0.0000,0
84,features.11,103,pruned_before,nan,0.000000e+00,0.000000e+00,0.0000,0.0000,0
84,features.11,104,pruned_before,nan,0.000000e+00,0.000000e+00,0.0000,0.0000,0
84,features.11,105,pruned_before,nan,0.000000e+00,0.000000e+00,0.0000,0.0000,0
84,features.11,106,pruned_before,nan,0.000000e+00,0.000000e+00,0.0000,0.0000,0
84,features.11,107,active,-0.216667,5.168796e-06,2.265902e-04,1.0000,0.5667,169
84,features.11,108,pruned_before,nan,0.000000e+00,0.000000e+00,0.0000,0.0000,0
84,features.11,109,pruned_before,nan,0.000000e+00,0.000000e+00,0.0000,0.0000,0
84,features.11,110,pruned_before,nan,0.000000e+00,0.000000e+00,0.0000,0.0000,0
84,features.11,111,pruned_before,nan,0.000000e+00,0.000000e+00,0.0000,0.0000,0
84,features.11,112,pruned_before,nan,0.000000e+00,0.000000e+00,0.0000,0.0000,0
84,features.11,113,pruned_before,nan,0.000000e+00,0.000000e+00,0.0000,0.0000,0
84,features.11,114,pruned_before,nan,0.000000e+00,0.000000e+00,0.0000,0.0000,0
84,features.11,115,active,-0.083333,1.418977e-07,1.446410e-05,0.2000,0.0333,169
84,features.11,116,pruned_before,nan,0.000000e+00,0.000000e+00,0.0000,0.0000,0
84,features.11,117,pruned_before,nan,0.000000e+00,0.000000e+00,0.0000,0.0000,0
84,features.11,118,pruned_before,nan,0.000000e+00,0.000000e+00,0.0000,0.0000,0
84,features.11,119,pruned_before,nan,0.000000e+00,0.000000e+00,0.0000,0.0000,0
84,features.11,120,pruned_before,nan,0.000000e+00,0.000000e+00,0.0000,0.0000,0
84,features.11,121,pruned_before,nan,0.000000e+00,0.000000e+00,0.0000,0.0000,0
84,features.11,122,pruned_before,nan,0.000000e+00,0.000000e+00,0.0000,0.0000,0
84,features.11,123,pruned_before,nan,0.000000e+00,0.000000e+00,0.0000,0.0000,0
84,features.11,124,active,0.266667,1.274598e-07,5.447690e-04,0.1667,0.7000,169
84,features.11,125,active,-0.033333,2.447237e-07,6.252644e-05,0.3000,0.2333,169
84,features.11,126,pruned_before,nan,0.000000e+00,0.000000e+00,0.0000,0.0000,0
84,features.11,127,pruned_before,nan,0.000000e+00,0.000000e+00,0.0000,0.0000,0
84,features.11,128,pruned_before,nan,0.000000e+00,0.000000e+00,0.0000,0.0000,0
84,features.11,129,pruned_before,nan,0.000000e+00,0.000000e+00,0.0000,0.0000,0
84,features.11,130,pruned_before,nan,0.000000e+00,0.000000e+00,0.0000,0.0000,0
84,features.11,131,pruned_before,nan,0.000000e+00,0.000000e+00,0.0000,0.0000,0
84,features.11,132,pruned_before,nan,0.000000e+00,0.000000e+00,0.0000,0.0000,0
84,features.11,133,pruned_before,nan,0.000000e+00,0.000000e+00,0.0000,0.0000,0
84,features.11,134,pruned_before,nan,0.000000e+00,0.000000e+00,0.0000,0.0000,0
84,features.11,135,pruned_before,nan,0.000000e+00,0.000000e+00,0.0000,0.0000,0
84,features.11,136,pruned_before,nan,0.000000e+00,0.000000e+00,0.0000,0.0000,0
84,features.11,137,pruned_before,nan,0.000000e+00,0.000000e+00,0.0000,0.0000,0
84,features.11,138,pruned_before,nan,0.000000e+00,0.000000e+00,0.0000,0.0000,0
84,features.11,139,pruned_before,nan,0.000000e+00,0.000000e+00,0.0000,0.0000,0
84,features.11,140,pruned_before,nan,0.000000e+00,0.000000e+00,0.0000,0.0000,0
84,features.11,141,pruned_before,nan,0.000000e+00,0.000000e+00,0.0000,0.0000,0
84,features.11,142,pruned_before,nan,0.000000e+00,0.000000e+00,0.0000,0.0000,0
84,features.11,143,pruned_before,nan,0.000000e+00,0.000000e+00,0.0000,0.0000,0
84,features.11,144,pruned_before,nan,0.000000e+00,0.000000e+00,0.0000,0.0000,0
84,features.11,145,pruned_before,nan,0.000000e+00,0.000000e+00,0.0000,0.0000,0
84,features.11,146,pruned_before,nan,0.000000e+00,0.000000e+00,0.0000,0.0000,0
84,features.11,147,pruned_before,nan,0.000000e+00,0.000000e+00,0.0000,0.0000,0
84,features.11,148,pruned_before,nan,0.000000e+00,0.000000e+00,0.0000,0.0000,0
84,features.11,149,pruned_before,nan,0.000000e+00,0.000000e+00,0.0000,0.0000,0
84,features.11,150,pruned_before,nan,0.000000e+00,0.000000e+00,0.0000,0.0000,0
84,features.11,151,pruned_before,nan,0.000000e+00,0.000000e+00,0.0000,0.0000,0
84,features.11,152,pruned_before,nan,0.000000e+00,0.000000e+00,0.0000,0.0000,0
84,features.11,153,pruned_before,nan,0.000000e+00,0.000000e+00,0.0000,0.0000,0
84,features.11,154,pruned_before,nan,0.000000e+00,0.000000e+00,0.0000,0.0000,0
84,features.11,155,pruned_before,nan,0.000000e+00,0.000000e+00,0.0000,0.0000,0
84,features.11,156,pruned_before,nan,0.000000e+00,0.000000e+00,0.0000,0.0000,0
84,features.11,157,pruned_before,nan,0.000000e+00,0.000000e+00,0.0000,0.0000,0
84,features.11,158,pruned_before,nan,0.000000e+00,0.000000e+00,0.0000,0.0000,0
84,features.11,159,pruned_before,nan,0.000000e+00,0.000000e+00,0.0000,0.0000,0
84,features.11,160,pruned_before,nan,0.000000e+00,0.000000e+00,0.0000,0.0000,0
84,features.11,161,pruned_before,nan,0.000000e+00,0.000000e+00,0.0000,0.0000,0
84,features.11,162,pruned_before,nan,0.000000e+00,0.000000e+00,0.0000,0.0000,0
84,features.11,163,pruned_before,nan,0.000000e+00,0.000000e+00,0.0000,0.0000,0
84,features.11,164,pruned_before,nan,0.000000e+00,0.000000e+00,0.0000,0.0000,0
84,features.11,165,pruned_before,nan,0.000000e+00,0.000000e+00,0.0000,0.0000,0
84,features.11,166,pruned_before,nan,0.000000e+00,0.000000e+00,0.0000,0.0000,0
84,features.11,167,pruned_before,nan,0.000000e+00,0.000000e+00,0.0000,0.0000,0
84,features.11,168,pruned_before,nan,0.000000e+00,0.000000e+00,0.0000,0.0000,0
84,features.11,169,pruned_before,nan,0.000000e+00,0.000000e+00,0.0000,0.0000,0
84,features.11,170,pruned_before,nan,0.000000e+00,0.000000e+00,0.0000,0.0000,0
84,features.11,171,active,0.000000,2.430968e-06,6.023211e-04,0.8000,0.8000,169
84,features.11,172,pruned_before,nan,0.000000e+00,0.000000e+00,0.0000,0.0000,0
84,features.11,173,pruned_before,nan,0.000000e+00,0.000000e+00,0.0000,0.0000,0
84,features.11,174,pruned_before,nan,0.000000e+00,0.000000e+00,0.0000,0.0000,0
84,features.11,175,pruned_before,nan,0.000000e+00,0.000000e+00,0.0000,0.0000,0
84,features.11,176,pruned_before,nan,0.000000e+00,0.000000e+00,0.0000,0.0000,0
84,features.11,177,pruned_before,nan,0.000000e+00,0.000000e+00,0.0000,0.0000,0
84,features.11,178,pruned_before,nan,0.000000e+00,0.000000e+00,0.0000,0.0000,0
84,features.11,179,pruned_before,nan,0.000000e+00,0.000000e+00,0.0000,0.0000,0
84,features.11,180,pruned_before,nan,0.000000e+00,0.000000e+00,0.0000,0.0000,0
84,features.11,181,pruned_before,nan,0.000000e+00,0.000000e+00,0.0000,0.0000,0
84,features.11,182,pruned_before,nan,0.000000e+00,0.000000e+00,0.0000,0.0000,0
84,features.11,183,pruned_before,nan,0.000000e+00,0.000000e+00,0.0000,0.0000,0
84,features.11,184,pruned_before,nan,0.000000e+00,0.000000e+00,0.0000,0.0000,0
84,features.11,185,pruned_before,nan,0.000000e+00,0.000000e+00,0.0000,0.0000,0
84,features.11,186,pruned_before,nan,0.000000e+00,0.000000e+00,0.0000,0.0000,0
84,features.11,187,pruned_before,nan,0.000000e+00,0.000000e+00,0.0000,0.0000,0
84,features.11,188,pruned_before,nan,0.000000e+00,0.000000e+00,0.0000,0.0000,0
84,features.11,189,pruned_before,nan,0.000000e+00,0.000000e+00,0.0000,0.0000,0
84,features.11,190,pruned_before,nan,0.000000e+00,0.000000e+00,0.0000,0.0000,0
84,features.11,191,pruned_before,nan,0.000000e+00,0.000000e+00,0.0000,0.0000,0
84,features.11,192,pruned_before,nan,0.000000e+00,0.000000e+00,0.0000,0.0000,0
84,features.11,193,pruned_before,nan,0.000000e+00,0.000000e+00,0.0000,0.0000,0
84,features.11,194,pruned_before,nan,0.000000e+00,0.000000e+00,0.0000,0.0000,0
84,features.11,195,pruned_before,nan,0.000000e+00,0.000000e+00,0.0000,0.0000,0
84,features.11,196,pruned_before,nan,0.000000e+00,0.000000e+00,0.0000,0.0000,0
84,features.11,197,pruned_before,nan,0.000000e+00,0.000000e+00,0.0000,0.0000,0
84,features.11,198,pruned_before,nan,0.000000e+00,0.000000e+00,0.0000,0.0000,0
84,features.11,199,active,-0.283333,3.753175e-06,1.486451e-04,0.9667,0.4000,169
84,features.11,200,pruned_before,nan,0.000000e+00,0.000000e+00,0.0000,0.0000,0
84,features.11,201,pruned_before,nan,0.000000e+00,0.000000e+00,0.0000,0.0000,0
84,features.11,202,pruned_before,nan,0.000000e+00,0.000000e+00,0.0000,0.0000,0
84,features.11,203,active,-0.050000,9.181665e-08,1.037824e-05,0.1000,0.0000,169
84,features.11,204,pruned_before,nan,0.000000e+00,0.000000e+00,0.0000,0.0000,0
84,features.11,205,pruned_before,nan,0.000000e+00,0.000000e+00,0.0000,0.0000,0
84,features.11,206,pruned_before,nan,0.000000e+00,0.000000e+00,0.0000,0.0000,0
84,features.11,207,active,0.266667,1.466682e-07,5.980843e-04,0.2333,0.7667,169
84,features.11,208,pruned_before,nan,0.000000e+00,0.000000e+00,0.0000,0.0000,0
84,features.11,209,pruned_before,nan,0.000000e+00,0.000000e+00,0.0000,0.0000,0
84,features.11,210,pruned_before,nan,0.000000e+00,0.000000e+00,0.0000,0.0000,0
84,features.11,211,pruned_before,nan,0.000000e+00,0.000000e+00,0.0000,0.0000,0
84,features.11,212,pruned_before,nan,0.000000e+00,0.000000e+00,0.0000,0.0000,0
84,features.11,213,pruned_before,nan,0.000000e+00,0.000000e+00,0.0000,0.0000,0
84,features.11,214,pruned_before,nan,0.000000e+00,0.000000e+00,0.0000,0.0000,0
84,features.11,215,pruned_before,nan,0.000000e+00,0.000000e+00,0.0000,0.0000,0
84,features.11,216,pruned_before,nan,0.000000e+00,0.000000e+00,0.0000,0.0000,0
84,features.11,217,pruned_before,nan,0.000000e+00,0.000000e+00,0.0000,0.0000,0
84,features.11,218,pruned_before,nan,0.000000e+00,0.000000e+00,0.0000,0.0000,0
84,features.11,219,pruned_before,nan,0.000000e+00,0.000000e+00,0.0000,0.0000,0
84,features.11,220,pruned_before,nan,0.000000e+00,0.000000e+00,0.0000,0.0000,0
84,features.11,221,pruned_before,nan,0.000000e+00,0.000000e+00,0.0000,0.0000,0
84,features.11,222,pruned_before,nan,0.000000e+00,0.000000e+00,0.0000,0.0000,0
84,features.11,223,pruned_before,nan,0.000000e+00,0.000000e+00,0.0000,0.0000,0
84,features.11,224,pruned_before,nan,0.000000e+00,0.000000e+00,0.0000,0.0000,0
84,features.11,225,pruned_before,nan,0.000000e+00,0.000000e+00,0.0000,0.0000,0
84,features.11,226,pruned_before,nan,0.000000e+00,0.000000e+00,0.0000,0.0000,0
84,features.11,227,pruned_before,nan,0.000000e+00,0.000000e+00,0.0000,0.0000,0
84,features.11,228,pruned_before,nan,0.000000e+00,0.000000e+00,0.0000,0.0000,0
84,features.11,229,pruned_before,nan,0.000000e+00,0.000000e+00,0.0000,0.0000,0
84,features.11,230,pruned_before,nan,0.000000e+00,0.000000e+00,0.0000,0.0000,0
84,features.11,231,pruned_before,nan,0.000000e+00,0.000000e+00,0.0000,0.0000,0
84,features.11,232,pruned_before,nan,0.000000e+00,0.000000e+00,0.0000,0.0000,0
84,features.11,233,pruned_before,nan,0.000000e+00,0.000000e+00,0.0000,0.0000,0
84,features.11,234,pruned_before,nan,0.000000e+00,0.000000e+00,0.0000,0.0000,0
84,features.11,235,active,0.066667,2.855938e-07,2.261120e-04,0.4000,0.5333,169
84,features.11,236,pruned_before,nan,0.000000e+00,0.000000e+00,0.0000,0.0000,0
84,features.11,237,pruned_before,nan,0.000000e+00,0.000000e+00,0.0000,0.0000,0
84,features.11,238,pruned_before,nan,0.000000e+00,0.000000e+00,0.0000,0.0000,0
84,features.11,239,pruned_before,nan,0.000000e+00,0.000000e+00,0.0000,0.0000,0
84,features.11,240,pruned_before,nan,0.000000e+00,0.000000e+00,0.0000,0.0000,0
84,features.11,241,pruned_before,nan,0.000000e+00,0.000000e+00,0.0000,0.0000,0
84,features.11,242,pruned_before,nan,0.000000e+00,0.000000e+00,0.0000,0.0000,0
84,features.11,243,pruned_before,nan,0.000000e+00,0.000000e+00,0.0000,0.0000,0
84,features.11,244,pruned_before,nan,0.000000e+00,0.000000e+00,0.0000,0.0000,0
84,features.11,245,active,0.200000,5.826750e-07,1.472453e-03,0.5333,0.9333,169
84,features.11,246,pruned_before,nan,0.000000e+00,0.000000e+00,0.0000,0.0000,0
84,features.11,247,pruned_before,nan,0.000000e+00,0.000000e+00,0.0000,0.0000,0
84,features.11,248,pruned_before,nan,0.000000e+00,0.000000e+00,0.0000,0.0000,0
84,features.11,249,pruned_before,nan,0.000000e+00,0.000000e+00,0.0000,0.0000,0
84,features.11,250,pruned_before,nan,0.000000e+00,0.000000e+00,0.0000,0.0000,0
84,features.11,251,pruned_before,nan,0.000000e+00,0.000000e+00,0.0000,0.0000,0
84,features.11,252,pruned_before,nan,0.000000e+00,0.000000e+00,0.0000,0.0000,0
84,features.11,253,pruned_before,nan,0.000000e+00,0.000000e+00,0.0000,0.0000,0
84,features.11,254,pruned_before,nan,0.000000e+00,0.000000e+00,0.0000,0.0000,0
84,features.11,255,pruned_before,nan,0.000000e+00,0.000000e+00,0.0000,0.0000,0
84,features.11,256,pruned_before,nan,0.000000e+00,0.000000e+00,0.0000,0.0000,0
84,features.11,257,pruned_before,nan,0.000000e+00,0.000000e+00,0.0000,0.0000,0
84,features.11,258,pruned_before,nan,0.000000e+00,0.000000e+00,0.0000,0.0000,0
84,features.11,259,pruned_before,nan,0.000000e+00,0.000000e+00,0.0000,0.0000,0
84,features.11,260,pruned_before,nan,0.000000e+00,0.000000e+00,0.0000,0.0000,0
84,features.11,261,pruned_before,nan,0.000000e+00,0.000000e+00,0.0000,0.0000,0
84,features.11,262,protected,0.200000,1.176066e-06,3.611268e-03,0.6000,1.0000,169
84,features.11,263,pruned_before,nan,0.000000e+00,0.000000e+00,0.0000,0.0000,0
84,features.11,264,pruned_before,nan,0.000000e+00,0.000000e+00,0.0000,0.0000,0
84,features.11,265,pruned_before,nan,0.000000e+00,0.000000e+00,0.0000,0.0000,0
84,features.11,266,pruned_before,nan,0.000000e+00,0.000000e+00,0.0000,0.0000,0
84,features.11,267,pruned_before,nan,0.000000e+00,0.000000e+00,0.0000,0.0000,0
84,features.11,268,pruned_before,nan,0.000000e+00,0.000000e+00,0.0000,0.0000,0
84,features.11,269,pruned_before,nan,0.000000e+00,0.000000e+00,0.0000,0.0000,0
84,features.11,270,pruned_before,nan,0.000000e+00,0.000000e+00,0.0000,0.0000,0
84,features.11,271,pruned_before,nan,0.000000e+00,0.000000e+00,0.0000,0.0000,0
84,features.11,272,pruned_before,nan,0.000000e+00,0.000000e+00,0.0000,0.0000,0
84,features.11,273,pruned_before,nan,0.000000e+00,0.000000e+00,0.0000,0.0000,0
84,features.11,274,pruned_before,nan,0.000000e+00,0.000000e+00,0.0000,0.0000,0
84,features.11,275,pruned_before,nan,0.000000e+00,0.000000e+00,0.0000,0.0000,0
84,features.11,276,pruned_before,nan,0.000000e+00,0.000000e+00,0.0000,0.0000,0
84,features.11,277,pruned_before,nan,0.000000e+00,0.000000e+00,0.0000,0.0000,0
84,features.11,278,pruned_before,nan,0.000000e+00,0.000000e+00,0.0000,0.0000,0
84,features.11,279,pruned_before,nan,0.000000e+00,0.000000e+00,0.0000,0.0000,0
84,features.11,280,pruned_before,nan,0.000000e+00,0.000000e+00,0.0000,0.0000,0
84,features.11,281,pruned_before,nan,0.000000e+00,0.000000e+00,0.0000,0.0000,0
84,features.11,282,pruned_before,nan,0.000000e+00,0.000000e+00,0.0000,0.0000,0
84,features.11,283,pruned_before,nan,0.000000e+00,0.000000e+00,0.0000,0.0000,0
84,features.11,284,pruned_before,nan,0.000000e+00,0.000000e+00,0.0000,0.0000,0
84,features.11,285,pruned_before,nan,0.000000e+00,0.000000e+00,0.0000,0.0000,0
84,features.11,286,pruned_before,nan,0.000000e+00,0.000000e+00,0.0000,0.0000,0
84,features.11,287,pruned_before,nan,0.000000e+00,0.000000e+00,0.0000,0.0000,0
84,features.11,288,pruned_before,nan,0.000000e+00,0.000000e+00,0.0000,0.0000,0
84,features.11,289,pruned_before,nan,0.000000e+00,0.000000e+00,0.0000,0.0000,0
84,features.11,290,pruned_before,nan,0.000000e+00,0.000000e+00,0.0000,0.0000,0
84,features.11,291,pruned_before,nan,0.000000e+00,0.000000e+00,0.0000,0.0000,0
84,features.11,292,pruned_before,nan,0.000000e+00,0.000000e+00,0.0000,0.0000,0
84,features.11,293,pruned_before,nan,0.000000e+00,0.000000e+00,0.0000,0.0000,0
84,features.11,294,pruned_before,nan,0.000000e+00,0.000000e+00,0.0000,0.0000,0
84,features.11,295,pruned_before,nan,0.000000e+00,0.000000e+00,0.0000,0.0000,0
84,features.11,296,pruned_before,nan,0.000000e+00,0.000000e+00,0.0000,0.0000,0
84,features.11,297,pruned_before,nan,0.000000e+00,0.000000e+00,0.0000,0.0000,0
84,features.11,298,pruned_before,nan,0.000000e+00,0.000000e+00,0.0000,0.0000,0
84,features.11,299,pruned_before,nan,0.000000e+00,0.000000e+00,0.0000,0.0000,0
84,features.11,300,pruned_before,nan,0.000000e+00,0.000000e+00,0.0000,0.0000,0
84,features.11,301,pruned_before,nan,0.000000e+00,0.000000e+00,0.0000,0.0000,0
84,features.11,302,pruned_before,nan,0.000000e+00,0.000000e+00,0.0000,0.0000,0
84,features.11,303,pruned_before,nan,0.000000e+00,0.000000e+00,0.0000,0.0000,0
84,features.11,304,pruned_before,nan,0.000000e+00,0.000000e+00,0.0000,0.0000,0
84,features.11,305,pruned_before,nan,0.000000e+00,0.000000e+00,0.0000,0.0000,0
84,features.11,306,pruned_before,nan,0.000000e+00,0.000000e+00,0.0000,0.0000,0
84,features.11,307,pruned_before,nan,0.000000e+00,0.000000e+00,0.0000,0.0000,0
84,features.11,308,pruned_before,nan,0.000000e+00,0.000000e+00,0.0000,0.0000,0
84,features.11,309,pruned_before,nan,0.000000e+00,0.000000e+00,0.0000,0.0000,0
84,features.11,310,pruned_before,nan,0.000000e+00,0.000000e+00,0.0000,0.0000,0
84,features.11,311,active,0.050000,7.376443e-08,2.688726e-05,0.0333,0.1333,169
84,features.11,312,pruned_before,nan,0.000000e+00,0.000000e+00,0.0000,0.0000,0
84,features.11,313,pruned_before,nan,0.000000e+00,0.000000e+00,0.0000,0.0000,0
84,features.11,314,pruned_before,nan,0.000000e+00,0.000000e+00,0.0000,0.0000,0
84,features.11,315,pruned_before,nan,0.000000e+00,0.000000e+00,0.0000,0.0000,0
84,features.11,316,pruned_before,nan,0.000000e+00,0.000000e+00,0.0000,0.0000,0
84,features.11,317,active,-0.066667,1.947433e-06,3.962296e-04,0.7333,0.6000,169
84,features.11,318,pruned_before,nan,0.000000e+00,0.000000e+00,0.0000,0.0000,0
84,features.11,319,pruned_before,nan,0.000000e+00,0.000000e+00,0.0000,0.0000,0
84,features.11,320,pruned_before,nan,0.000000e+00,0.000000e+00,0.0000,0.0000,0
84,features.11,321,pruned_before,nan,0.000000e+00,0.000000e+00,0.0000,0.0000,0
84,features.11,322,pruned_before,nan,0.000000e+00,0.000000e+00,0.0000,0.0000,0
84,features.11,323,pruned_before,nan,0.000000e+00,0.000000e+00,0.0000,0.0000,0
84,features.11,324,pruned_before,nan,0.000000e+00,0.000000e+00,0.0000,0.0000,0
84,features.11,325,pruned_before,nan,0.000000e+00,0.000000e+00,0.0000,0.0000,0
84,features.11,326,pruned_before,nan,0.000000e+00,0.000000e+00,0.0000,0.0000,0
84,features.11,327,pruned_before,nan,0.000000e+00,0.000000e+00,0.0000,0.0000,0
84,features.11,328,pruned_before,nan,0.000000e+00,0.000000e+00,0.0000,0.0000,0
84,features.11,329,pruned_before,nan,0.000000e+00,0.000000e+00,0.0000,0.0000,0
84,features.11,330,pruned_before,nan,0.000000e+00,0.000000e+00,0.0000,0.0000,0
84,features.11,331,pruned_before,nan,0.000000e+00,0.000000e+00,0.0000,0.0000,0
84,features.11,332,pruned_before,nan,0.000000e+00,0.000000e+00,0.0000,0.0000,0
84,features.11,333,pruned_before,nan,0.000000e+00,0.000000e+00,0.0000,0.0000,0
84,features.11,334,pruned_before,nan,0.000000e+00,0.000000e+00,0.0000,0.0000,0
84,features.11,335,pruned_before,nan,0.000000e+00,0.000000e+00,0.0000,0.0000,0
84,features.11,336,active,-0.033333,2.536939e-07,7.289780e-05,0.3333,0.2667,169
84,features.11,337,pruned_before,nan,0.000000e+00,0.000000e+00,0.0000,0.0000,0
84,features.11,338,pruned_before,nan,0.000000e+00,0.000000e+00,0.0000,0.0000,0
84,features.11,339,pruned_before,nan,0.000000e+00,0.000000e+00,0.0000,0.0000,0
84,features.11,340,pruned_before,nan,0.000000e+00,0.000000e+00,0.0000,0.0000,0
84,features.11,341,pruned_before,nan,0.000000e+00,0.000000e+00,0.0000,0.0000,0
84,features.11,342,active,0.200000,5.623962e-07,1.084013e-03,0.5000,0.9000,169
84,features.11,343,pruned_before,nan,0.000000e+00,0.000000e+00,0.0000,0.0000,0
84,features.11,344,pruned_before,nan,0.000000e+00,0.000000e+00,0.0000,0.0000,0
84,features.11,345,pruned_before,nan,0.000000e+00,0.000000e+00,0.0000,0.0000,0
84,features.11,346,pruned_before,nan,0.000000e+00,0.000000e+00,0.0000,0.0000,0
84,features.11,347,pruned_before,nan,0.000000e+00,0.000000e+00,0.0000,0.0000,0
84,features.11,348,pruned_before,nan,0.000000e+00,0.000000e+00,0.0000,0.0000,0
84,features.11,349,pruned_before,nan,0.000000e+00,0.000000e+00,0.0000,0.0000,0
84,features.11,350,active,-0.050000,2.882209e-07,9.537176e-05,0.4333,0.3333,169
84,features.11,351,pruned_before,nan,0.000000e+00,0.000000e+00,0.0000,0.0000,0
84,features.11,352,pruned_before,nan,0.000000e+00,0.000000e+00,0.0000,0.0000,0
84,features.11,353,active,-0.133333,6.394728e-07,8.786866e-05,0.5667,0.3000,169
84,features.11,354,pruned_before,nan,0.000000e+00,0.000000e+00,0.0000,0.0000,0
84,features.11,355,pruned_before,nan,0.000000e+00,0.000000e+00,0.0000,0.0000,0
84,features.11,356,pruned_before,nan,0.000000e+00,0.000000e+00,0.0000,0.0000,0
84,features.11,357,pruned_before,nan,0.000000e+00,0.000000e+00,0.0000,0.0000,0
84,features.11,358,pruned_before,nan,0.000000e+00,0.000000e+00,0.0000,0.0000,0
84,features.11,359,pruned_before,nan,0.000000e+00,0.000000e+00,0.0000,0.0000,0
84,features.11,360,pruned_before,nan,0.000000e+00,0.000000e+00,0.0000,0.0000,0
84,features.11,361,pruned_before,nan,0.000000e+00,0.000000e+00,0.0000,0.0000,0
84,features.11,362,pruned_before,nan,0.000000e+00,0.000000e+00,0.0000,0.0000,0
84,features.11,363,pruned_before,nan,0.000000e+00,0.000000e+00,0.0000,0.0000,0
84,features.11,364,active,-0.066667,2.118721e-06,4.037968e-04,0.7667,0.6333,169
84,features.11,365,pruned_before,nan,0.000000e+00,0.000000e+00,0.0000,0.0000,0
84,features.11,366,pruned_before,nan,0.000000e+00,0.000000e+00,0.0000,0.0000,0
84,features.11,367,pruned_before,nan,0.000000e+00,0.000000e+00,0.0000,0.0000,0
84,features.11,368,active,0.016667,3.547013e-06,1.737465e-03,0.9333,0.9667,169
84,features.11,369,pruned_before,nan,0.000000e+00,0.000000e+00,0.0000,0.0000,0
84,features.11,370,pruned_before,nan,0.000000e+00,0.000000e+00,0.0000,0.0000,0
84,features.11,371,pruned_before,nan,0.000000e+00,0.000000e+00,0.0000,0.0000,0
84,features.11,372,pruned_before,nan,0.000000e+00,0.000000e+00,0.0000,0.0000,0
84,features.11,373,pruned_before,nan,0.000000e+00,0.000000e+00,0.0000,0.0000,0
84,features.11,374,pruned_before,nan,0.000000e+00,0.000000e+00,0.0000,0.0000,0
84,features.11,375,pruned_before,nan,0.000000e+00,0.000000e+00,0.0000,0.0000,0
84,features.11,376,active,0.016667,1.128302e-07,4.532307e-05,0.1333,0.1667,169
84,features.11,377,pruned_before,nan,0.000000e+00,0.000000e+00,0.0000,0.0000,0
84,features.11,378,pruned_before,nan,0.000000e+00,0.000000e+00,0.0000,0.0000,0
84,features.11,379,pruned_before,nan,0.000000e+00,0.000000e+00,0.0000,0.0000,0
84,features.11,380,pruned_before,nan,0.000000e+00,0.000000e+00,0.0000,0.0000,0
84,features.11,381,pruned_before,nan,0.000000e+00,0.000000e+00,0.0000,0.0000,0
84,features.11,382,pruned_before,nan,0.000000e+00,0.000000e+00,0.0000,0.0000,0
84,features.11,383,pruned_before,nan,0.000000e+00,0.000000e+00,0.0000,0.0000,0
84,features.12,0,pruned_before,nan,0.000000e+00,0.000000e+00,0.0000,0.0000,0
84,features.12,1,pruned_before,nan,0.000000e+00,0.000000e+00,0.0000,0.0000,0
84,features.12,2,pruned_before,nan,0.000000e+00,0.000000e+00,0.0000,0.0000,0
84,features.12,3,pruned_before,nan,0.000000e+00,0.000000e+00,0.0000,0.0000,0
84,features.12,4,pruned_before,nan,0.000000e+00,0.000000e+00,0.0000,0.0000,0
84,features.12,5,pruned_before,nan,0.000000e+00,0.000000e+00,0.0000,0.0000,0
84,features.12,6,pruned_before,nan,0.000000e+00,0.000000e+00,0.0000,0.0000,0
84,features.12,7,pruned_before,nan,0.000000e+00,0.000000e+00,0.0000,0.0000,0
84,features.12,8,pruned_before,nan,0.000000e+00,0.000000e+00,0.0000,0.0000,0
84,features.12,9,pruned_before,nan,0.000000e+00,0.000000e+00,0.0000,0.0000,0
84,features.12,10,pruned_before,nan,0.000000e+00,0.000000e+00,0.0000,0.0000,0
84,features.12,11,pruned_before,nan,0.000000e+00,0.000000e+00,0.0000,0.0000,0
84,features.12,12,pruned_before,nan,0.000000e+00,0.000000e+00,0.0000,0.0000,0
84,features.12,13,pruned_before,nan,0.000000e+00,0.000000e+00,0.0000,0.0000,0
84,features.12,14,pruned_before,nan,0.000000e+00,0.000000e+00,0.0000,0.0000,0
84,features.12,15,pruned_before,nan,0.000000e+00,0.000000e+00,0.0000,0.0000,0
84,features.12,16,pruned_before,nan,0.000000e+00,0.000000e+00,0.0000,0.0000,0
84,features.12,17,pruned_before,nan,0.000000e+00,0.000000e+00,0.0000,0.0000,0
84,features.12,18,active,-0.108696,1.313971e-07,1.654073e-05,0.7174,0.5000,201
84,features.12,19,pruned_before,nan,0.000000e+00,0.000000e+00,0.0000,0.0000,0
84,features.12,20,pruned_before,nan,0.000000e+00,0.000000e+00,0.0000,0.0000,0
84,features.12,21,pruned_before,nan,0.000000e+00,0.000000e+00,0.0000,0.0000,0
84,features.12,22,pruned_before,nan,0.000000e+00,0.000000e+00,0.0000,0.0000,0
84,features.12,23,pruned_before,nan,0.000000e+00,0.000000e+00,0.0000,0.0000,0
84,features.12,24,pruned_before,nan,0.000000e+00,0.000000e+00,0.0000,0.0000,0
84,features.12,25,active,-0.010870,1.242491e-09,1.931885e-07,0.1739,0.1522,201
84,features.12,26,pruned_before,nan,0.000000e+00,0.000000e+00,0.0000,0.0000,0
84,features.12,27,active,-0.065217,1.321426e-08,1.511128e-06,0.3043,0.1739,201
84,features.12,28,pruned_before,nan,0.000000e+00,0.000000e+00,0.0000,0.0000,0
84,features.12,29,pruned_before,nan,0.000000e+00,0.000000e+00,0.0000,0.0000,0
84,features.12,30,pruned_before,nan,0.000000e+00,0.000000e+00,0.0000,0.0000,0
84,features.12,31,pruned_before,nan,0.000000e+00,0.000000e+00,0.0000,0.0000,0
84,features.12,32,pruned_before,nan,0.000000e+00,0.000000e+00,0.0000,0.0000,0
84,features.12,33,pruned_before,nan,0.000000e+00,0.000000e+00,0.0000,0.0000,0
84,features.12,34,active,0.043478,8.956452e-08,3.507935e-05,0.6087,0.6957,201
84,features.12,35,pruned_before,nan,0.000000e+00,0.000000e+00,0.0000,0.0000,0
84,features.12,36,active,0.021739,1.776788e-07,9.176282e-05,0.8478,0.8913,201
84,features.12,37,pruned_before,nan,0.000000e+00,0.000000e+00,0.0000,0.0000,0
84,features.12,38,pruned_before,nan,0.000000e+00,0.000000e+00,0.0000,0.0000,0
84,features.12,39,pruned_before,nan,0.000000e+00,0.000000e+00,0.0000,0.0000,0
84,features.12,40,pruned_before,nan,0.000000e+00,0.000000e+00,0.0000,0.0000,0
84,features.12,41,pruned_before,nan,0.000000e+00,0.000000e+00,0.0000,0.0000,0
84,features.12,42,pruned_before,nan,0.000000e+00,0.000000e+00,0.0000,0.0000,0
84,features.12,43,pruned_before,nan,0.000000e+00,0.000000e+00,0.0000,0.0000,0
84,features.12,44,pruned_before,nan,0.000000e+00,0.000000e+00,0.0000,0.0000,0
84,features.12,45,pruned_before,nan,0.000000e+00,0.000000e+00,0.0000,0.0000,0
84,features.12,46,active,-0.010870,1.292141e-08,2.766509e-06,0.2609,0.2391,201
84,features.12,47,pruned_before,nan,0.000000e+00,0.000000e+00,0.0000,0.0000,0
84,features.12,48,pruned_before,nan,0.000000e+00,0.000000e+00,0.0000,0.0000,0
84,features.12,49,pruned_before,nan,0.000000e+00,0.000000e+00,0.0000,0.0000,0
84,features.12,50,pruned_before,nan,0.000000e+00,0.000000e+00,0.0000,0.0000,0
84,features.12,51,pruned_before,nan,0.000000e+00,0.000000e+00,0.0000,0.0000,0
84,features.12,52,pruned_before,nan,0.000000e+00,0.000000e+00,0.0000,0.0000,0
84,features.12,53,pruned_before,nan,0.000000e+00,0.000000e+00,0.0000,0.0000,0
84,features.12,54,pruned_before,nan,0.000000e+00,0.000000e+00,0.0000,0.0000,0
84,features.12,55,pruned_before,nan,0.000000e+00,0.000000e+00,0.0000,0.0000,0
84,features.12,56,pruned_before,nan,0.000000e+00,0.000000e+00,0.0000,0.0000,0
84,features.12,57,pruned_before,nan,0.000000e+00,0.000000e+00,0.0000,0.0000,0
84,features.12,58,pruned_before,nan,0.000000e+00,0.000000e+00,0.0000,0.0000,0
84,features.12,59,pruned_before,nan,0.000000e+00,0.000000e+00,0.0000,0.0000,0
84,features.12,60,pruned_before,nan,0.000000e+00,0.000000e+00,0.0000,0.0000,0
84,features.12,61,pruned_before,nan,0.000000e+00,0.000000e+00,0.0000,0.0000,0
84,features.12,62,pruned_before,nan,0.000000e+00,0.000000e+00,0.0000,0.0000,0
84,features.12,63,active,-0.076087,7.049223e-08,8.018760e-06,0.5217,0.3696,201
84,features.12,64,pruned_before,nan,0.000000e+00,0.000000e+00,0.0000,0.0000,0
84,features.12,65,pruned_before,nan,0.000000e+00,0.000000e+00,0.0000,0.0000,0
84,features.12,66,pruned_before,nan,0.000000e+00,0.000000e+00,0.0000,0.0000,0
84,features.12,67,pruned_before,nan,0.000000e+00,0.000000e+00,0.0000,0.0000,0
84,features.12,68,pruned_before,nan,0.000000e+00,0.000000e+00,0.0000,0.0000,0
84,features.12,69,pruned_before,nan,0.000000e+00,0.000000e+00,0.0000,0.0000,0
84,features.12,70,pruned_before,nan,0.000000e+00,0.000000e+00,0.0000,0.0000,0
84,features.12,71,pruned_before,nan,0.000000e+00,0.000000e+00,0.0000,0.0000,0
84,features.12,72,active,0.141304,1.203669e-07,3.801505e-04,0.6957,0.9783,201
84,features.12,73,active,0.043478,1.382570e-07,8.560051e-05,0.7826,0.8696,201
84,features.12,74,pruned_before,nan,0.000000e+00,0.000000e+00,0.0000,0.0000,0
84,features.12,75,pruned_before,nan,0.000000e+00,0.000000e+00,0.0000,0.0000,0
84,features.12,76,pruned_before,nan,0.000000e+00,0.000000e+00,0.0000,0.0000,0
84,features.12,77,pruned_before,nan,0.000000e+00,0.000000e+00,0.0000,0.0000,0
84,features.12,78,pruned_before,nan,0.000000e+00,0.000000e+00,0.0000,0.0000,0
84,features.12,79,pruned_before,nan,0.000000e+00,0.000000e+00,0.0000,0.0000,0
84,features.12,80,pruned_before,nan,0.000000e+00,0.000000e+00,0.0000,0.0000,0
84,features.12,81,pruned_before,nan,0.000000e+00,0.000000e+00,0.0000,0.0000,0
84,features.12,82,pruned_before,nan,0.000000e+00,0.000000e+00,0.0000,0.0000,0
84,features.12,83,pruned_before,nan,0.000000e+00,0.000000e+00,0.0000,0.0000,0
84,features.12,84,pruned_before,nan,0.000000e+00,0.000000e+00,0.0000,0.0000,0
84,features.12,85,pruned_before,nan,0.000000e+00,0.000000e+00,0.0000,0.0000,0
84,features.12,86,active,-0.076087,1.888819e-08,1.981632e-06,0.3696,0.2174,201
84,features.12,87,pruned_before,nan,0.000000e+00,0.000000e+00,0.0000,0.0000,0
84,features.12,88,pruned_before,nan,0.000000e+00,0.000000e+00,0.0000,0.0000,0
84,features.12,89,active,0.000000,0.000000e+00,0.000000e+00,0.1087,0.1087,201
84,features.12,90,active,0.000000,0.000000e+00,0.000000e+00,0.0000,0.0000,201
84,features.12,91,pruned_before,nan,0.000000e+00,0.000000e+00,0.0000,0.0000,0
84,features.12,92,pruned_before,nan,0.000000e+00,0.000000e+00,0.0000,0.0000,0
84,features.12,93,active,0.108696,8.383185e-08,7.396796e-05,0.5870,0.8043,201
84,features.12,94,pruned_before,nan,0.000000e+00,0.000000e+00,0.0000,0.0000,0
84,features.12,95,pruned_before,nan,0.000000e+00,0.000000e+00,0.0000,0.0000,0
84,features.12,96,pruned_before,nan,0.000000e+00,0.000000e+00,0.0000,0.0000,0
84,features.12,97,pruned_before,nan,0.000000e+00,0.000000e+00,0.0000,0.0000,0
84,features.12,98,pruned_before,nan,0.000000e+00,0.000000e+00,0.0000,0.0000,0
84,features.12,99,pruned_before,nan,0.000000e+00,0.000000e+00,0.0000,0.0000,0
84,features.12,100,pruned_before,nan,0.000000e+00,0.000000e+00,0.0000,0.0000,0
84,features.12,101,pruned_before,nan,0.000000e+00,0.000000e+00,0.0000,0.0000,0
84,features.12,102,pruned_before,nan,0.000000e+00,0.000000e+00,0.0000,0.0000,0
84,features.12,103,pruned_before,nan,0.000000e+00,0.000000e+00,0.0000,0.0000,0
84,features.12,104,pruned_before,nan,0.000000e+00,0.000000e+00,0.0000,0.0000,0
84,features.12,105,pruned_before,nan,0.000000e+00,0.000000e+00,0.0000,0.0000,0
84,features.12,106,pruned_before,nan,0.000000e+00,0.000000e+00,0.0000,0.0000,0
84,features.12,107,pruned_before,nan,0.000000e+00,0.000000e+00,0.0000,0.0000,0
84,features.12,108,pruned_before,nan,0.000000e+00,0.000000e+00,0.0000,0.0000,0
84,features.12,109,pruned_before,nan,0.000000e+00,0.000000e+00,0.0000,0.0000,0
84,features.12,110,pruned_before,nan,0.000000e+00,0.000000e+00,0.0000,0.0000,0
84,features.12,111,pruned_before,nan,0.000000e+00,0.000000e+00,0.0000,0.0000,0
84,features.12,112,pruned_before,nan,0.000000e+00,0.000000e+00,0.0000,0.0000,0
84,features.12,113,pruned_before,nan,0.000000e+00,0.000000e+00,0.0000,0.0000,0
84,features.12,114,pruned_before,nan,0.000000e+00,0.000000e+00,0.0000,0.0000,0
84,features.12,115,pruned_before,nan,0.000000e+00,0.000000e+00,0.0000,0.0000,0
84,features.12,116,pruned_before,nan,0.000000e+00,0.000000e+00,0.0000,0.0000,0
84,features.12,117,active,0.000000,0.000000e+00,0.000000e+00,0.0870,0.0870,201
84,features.12,118,pruned_before,nan,0.000000e+00,0.000000e+00,0.0000,0.0000,0
84,features.12,119,pruned_before,nan,0.000000e+00,0.000000e+00,0.0000,0.0000,0
84,features.12,120,pruned_before,nan,0.000000e+00,0.000000e+00,0.0000,0.0000,0
84,features.12,121,pruned_before,nan,0.000000e+00,0.000000e+00,0.0000,0.0000,0
84,features.12,122,pruned_before,nan,0.000000e+00,0.000000e+00,0.0000,0.0000,0
84,features.12,123,pruned_before,nan,0.000000e+00,0.000000e+00,0.0000,0.0000,0
84,features.12,124,pruned_before,nan,0.000000e+00,0.000000e+00,0.0000,0.0000,0
84,features.12,125,pruned_before,nan,0.000000e+00,0.000000e+00,0.0000,0.0000,0
84,features.12,126,active,0.054348,1.561269e-07,1.202870e-04,0.8043,0.9130,201
84,features.12,127,active,0.032609,3.258422e-08,1.526324e-05,0.4130,0.4783,201
84,features.12,128,pruned_before,nan,0.000000e+00,0.000000e+00,0.0000,0.0000,0
84,features.12,129,pruned_before,nan,0.000000e+00,0.000000e+00,0.0000,0.0000,0
84,features.12,130,pruned_before,nan,0.000000e+00,0.000000e+00,0.0000,0.0000,0
84,features.12,131,active,0.054348,5.116242e-10,3.390930e-06,0.1522,0.2609,201
84,features.12,132,pruned_before,nan,0.000000e+00,0.000000e+00,0.0000,0.0000,0
84,features.12,133,active,0.119565,1.016424e-08,1.338883e-05,0.2174,0.4565,201
84,features.12,134,pruned_before,nan,0.000000e+00,0.000000e+00,0.0000,0.0000,0
84,features.12,135,pruned_before,nan,0.000000e+00,0.000000e+00,0.0000,0.0000,0
84,features.12,136,pruned_before,nan,0.000000e+00,0.000000e+00,0.0000,0.0000,0
84,features.12,137,pruned_before,nan,0.000000e+00,0.000000e+00,0.0000,0.0000,0
84,features.12,138,pruned_before,nan,0.000000e+00,0.000000e+00,0.0000,0.0000,0
84,features.12,139,pruned_before,nan,0.000000e+00,0.000000e+00,0.0000,0.0000,0
84,features.12,140,pruned_before,nan,0.000000e+00,0.000000e+00,0.0000,0.0000,0
84,features.12,141,pruned_before,nan,0.000000e+00,0.000000e+00,0.0000,0.0000,0
84,features.12,142,pruned_before,nan,0.000000e+00,0.000000e+00,0.0000,0.0000,0
84,features.12,143,pruned_before,nan,0.000000e+00,0.000000e+00,0.0000,0.0000,0
84,features.12,144,pruned_before,nan,0.000000e+00,0.000000e+00,0.0000,0.0000,0
84,features.12,145,pruned_before,nan,0.000000e+00,0.000000e+00,0.0000,0.0000,0
84,features.12,146,pruned_before,nan,0.000000e+00,0.000000e+00,0.0000,0.0000,0
84,features.12,147,pruned_before,nan,0.000000e+00,0.000000e+00,0.0000,0.0000,0
84,features.12,148,pruned_before,nan,0.000000e+00,0.000000e+00,0.0000,0.0000,0
84,features.12,149,pruned_before,nan,0.000000e+00,0.000000e+00,0.0000,0.0000,0
84,features.12,150,pruned_before,nan,0.000000e+00,0.000000e+00,0.0000,0.0000,0
84,features.12,151,pruned_before,nan,0.000000e+00,0.000000e+00,0.0000,0.0000,0
84,features.12,152,pruned_before,nan,0.000000e+00,0.000000e+00,0.0000,0.0000,0
84,features.12,153,pruned_before,nan,0.000000e+00,0.000000e+00,0.0000,0.0000,0
84,features.12,154,pruned_before,nan,0.000000e+00,0.000000e+00,0.0000,0.0000,0
84,features.12,155,pruned_before,nan,0.000000e+00,0.000000e+00,0.0000,0.0000,0
84,features.12,156,pruned_before,nan,0.000000e+00,0.000000e+00,0.0000,0.0000,0
84,features.12,157,pruned_before,nan,0.000000e+00,0.000000e+00,0.0000,0.0000,0
84,features.12,158,pruned_before,nan,0.000000e+00,0.000000e+00,0.0000,0.0000,0
84,features.12,159,pruned_before,nan,0.000000e+00,0.000000e+00,0.0000,0.0000,0
84,features.12,160,pruned_before,nan,0.000000e+00,0.000000e+00,0.0000,0.0000,0
84,features.12,161,pruned_before,nan,0.000000e+00,0.000000e+00,0.0000,0.0000,0
84,features.12,162,pruned_before,nan,0.000000e+00,0.000000e+00,0.0000,0.0000,0
84,features.12,163,active,0.000000,0.000000e+00,0.000000e+00,0.0652,0.0652,201
84,features.12,164,pruned_before,nan,0.000000e+00,0.000000e+00,0.0000,0.0000,0
84,features.12,165,pruned_before,nan,0.000000e+00,0.000000e+00,0.0000,0.0000,0
84,features.12,166,pruned_before,nan,0.000000e+00,0.000000e+00,0.0000,0.0000,0
84,features.12,167,pruned_before,nan,0.000000e+00,0.000000e+00,0.0000,0.0000,0
84,features.12,168,pruned_before,nan,0.000000e+00,0.000000e+00,0.0000,0.0000,0
84,features.12,169,pruned_before,nan,0.000000e+00,0.000000e+00,0.0000,0.0000,0
84,features.12,170,pruned_before,nan,0.000000e+00,0.000000e+00,0.0000,0.0000,0
84,features.12,171,pruned_before,nan,0.000000e+00,0.000000e+00,0.0000,0.0000,0
84,features.12,172,pruned_before,nan,0.000000e+00,0.000000e+00,0.0000,0.0000,0
84,features.12,173,active,-0.217391,4.463502e-07,1.758984e-05,0.9565,0.5217,201
84,features.12,174,pruned_before,nan,0.000000e+00,0.000000e+00,0.0000,0.0000,0
84,features.12,175,pruned_before,nan,0.000000e+00,0.000000e+00,0.0000,0.0000,0
84,features.12,176,pruned_before,nan,0.000000e+00,0.000000e+00,0.0000,0.0000,0
84,features.12,177,pruned_before,nan,0.000000e+00,0.000000e+00,0.0000,0.0000,0
84,features.12,178,pruned_before,nan,0.000000e+00,0.000000e+00,0.0000,0.0000,0
84,features.12,179,pruned_before,nan,0.000000e+00,0.000000e+00,0.0000,0.0000,0
84,features.12,180,pruned_before,nan,0.000000e+00,0.000000e+00,0.0000,0.0000,0
84,features.12,181,pruned_before,nan,0.000000e+00,0.000000e+00,0.0000,0.0000,0
84,features.12,182,pruned_before,nan,0.000000e+00,0.000000e+00,0.0000,0.0000,0
84,features.12,183,pruned_before,nan,0.000000e+00,0.000000e+00,0.0000,0.0000,0
84,features.12,184,pruned_before,nan,0.000000e+00,0.000000e+00,0.0000,0.0000,0
84,features.12,185,pruned_before,nan,0.000000e+00,0.000000e+00,0.0000,0.0000,0
84,features.12,186,pruned_before,nan,0.000000e+00,0.000000e+00,0.0000,0.0000,0
84,features.12,187,pruned_before,nan,0.000000e+00,0.000000e+00,0.0000,0.0000,0
84,features.12,188,pruned_before,nan,0.000000e+00,0.000000e+00,0.0000,0.0000,0
84,features.12,189,pruned_before,nan,0.000000e+00,0.000000e+00,0.0000,0.0000,0
84,features.12,190,pruned_before,nan,0.000000e+00,0.000000e+00,0.0000,0.0000,0
84,features.12,191,pruned_before,nan,0.000000e+00,0.000000e+00,0.0000,0.0000,0
84,features.12,192,pruned_before,nan,0.000000e+00,0.000000e+00,0.0000,0.0000,0
84,features.12,193,pruned_before,nan,0.000000e+00,0.000000e+00,0.0000,0.0000,0
84,features.12,194,pruned_before,nan,0.000000e+00,0.000000e+00,0.0000,0.0000,0
84,features.12,195,pruned_before,nan,0.000000e+00,0.000000e+00,0.0000,0.0000,0
84,features.12,196,pruned_before,nan,0.000000e+00,0.000000e+00,0.0000,0.0000,0
84,features.12,197,active,0.000000,4.131255e-07,1.290838e-04,0.9348,0.9348,201
84,features.12,198,pruned_before,nan,0.000000e+00,0.000000e+00,0.0000,0.0000,0
84,features.12,199,pruned_before,nan,0.000000e+00,0.000000e+00,0.0000,0.0000,0
84,features.12,200,pruned_before,nan,0.000000e+00,0.000000e+00,0.0000,0.0000,0
84,features.12,201,pruned_before,nan,0.000000e+00,0.000000e+00,0.0000,0.0000,0
84,features.12,202,pruned_before,nan,0.000000e+00,0.000000e+00,0.0000,0.0000,0
84,features.12,203,pruned_before,nan,0.000000e+00,0.000000e+00,0.0000,0.0000,0
84,features.12,204,pruned_before,nan,0.000000e+00,0.000000e+00,0.0000,0.0000,0
84,features.12,205,pruned_before,nan,0.000000e+00,0.000000e+00,0.0000,0.0000,0
84,features.12,206,pruned_before,nan,0.000000e+00,0.000000e+00,0.0000,0.0000,0
84,features.12,207,pruned_before,nan,0.000000e+00,0.000000e+00,0.0000,0.0000,0
84,features.12,208,pruned_before,nan,0.000000e+00,0.000000e+00,0.0000,0.0000,0
84,features.12,209,pruned_before,nan,0.000000e+00,0.000000e+00,0.0000,0.0000,0
84,features.12,210,pruned_before,nan,0.000000e+00,0.000000e+00,0.0000,0.0000,0
84,features.12,211,pruned_before,nan,0.000000e+00,0.000000e+00,0.0000,0.0000,0
84,features.12,212,pruned_before,nan,0.000000e+00,0.000000e+00,0.0000,0.0000,0
84,features.12,213,pruned_before,nan,0.000000e+00,0.000000e+00,0.0000,0.0000,0
84,features.12,214,pruned_before,nan,0.000000e+00,0.000000e+00,0.0000,0.0000,0
84,features.12,215,active,0.195652,3.583072e-08,7.445985e-05,0.4348,0.8261,201
84,features.12,216,pruned_before,nan,0.000000e+00,0.000000e+00,0.0000,0.0000,0
84,features.12,217,pruned_before,nan,0.000000e+00,0.000000e+00,0.0000,0.0000,0
84,features.12,218,pruned_before,nan,0.000000e+00,0.000000e+00,0.0000,0.0000,0
84,features.12,219,pruned_before,nan,0.000000e+00,0.000000e+00,0.0000,0.0000,0
84,features.12,220,pruned_before,nan,0.000000e+00,0.000000e+00,0.0000,0.0000,0
84,features.12,221,pruned_before,nan,0.000000e+00,0.000000e+00,0.0000,0.0000,0
84,features.12,222,pruned_before,nan,0.000000e+00,0.000000e+00,0.0000,0.0000,0
84,features.12,223,pruned_before,nan,0.000000e+00,0.000000e+00,0.0000,0.0000,0
84,features.12,224,pruned_before,nan,0.000000e+00,0.000000e+00,0.0000,0.0000,0
84,features.12,225,pruned_before,nan,0.000000e+00,0.000000e+00,0.0000,0.0000,0
84,features.12,226,pruned_before,nan,0.000000e+00,0.000000e+00,0.0000,0.0000,0
84,features.12,227,pruned_before,nan,0.000000e+00,0.000000e+00,0.0000,0.0000,0
84,features.12,228,pruned_before,nan,0.000000e+00,0.000000e+00,0.0000,0.0000,0
84,features.12,229,pruned_before,nan,0.000000e+00,0.000000e+00,0.0000,0.0000,0
84,features.12,230,pruned_before,nan,0.000000e+00,0.000000e+00,0.0000,0.0000,0
84,features.12,231,pruned_before,nan,0.000000e+00,0.000000e+00,0.0000,0.0000,0
84,features.12,232,active,0.000000,0.000000e+00,0.000000e+00,0.0435,0.0435,201
84,features.12,233,pruned_before,nan,0.000000e+00,0.000000e+00,0.0000,0.0000,0
84,features.12,234,pruned_before,nan,0.000000e+00,0.000000e+00,0.0000,0.0000,0
84,features.12,235,active,0.000000,0.000000e+00,0.000000e+00,0.1304,0.1304,201
84,features.12,236,pruned_before,nan,0.000000e+00,0.000000e+00,0.0000,0.0000,0
84,features.12,237,pruned_before,nan,0.000000e+00,0.000000e+00,0.0000,0.0000,0
84,features.12,238,pruned_before,nan,0.000000e+00,0.000000e+00,0.0000,0.0000,0
84,features.12,239,pruned_before,nan,0.000000e+00,0.000000e+00,0.0000,0.0000,0
84,features.12,240,pruned_before,nan,0.000000e+00,0.000000e+00,0.0000,0.0000,0
84,features.12,241,pruned_before,nan,0.000000e+00,0.000000e+00,0.0000,0.0000,0
84,features.12,242,pruned_before,nan,0.000000e+00,0.000000e+00,0.0000,0.0000,0
84,features.12,243,pruned_before,nan,0.000000e+00,0.000000e+00,0.0000,0.0000,0
84,features.12,244,pruned_before,nan,0.000000e+00,0.000000e+00,0.0000,0.0000,0
84,features.12,245,pruned_before,nan,0.000000e+00,0.000000e+00,0.0000,0.0000,0
84,features.12,246,pruned_before,nan,0.000000e+00,0.000000e+00,0.0000,0.0000,0
84,features.12,247,pruned_before,nan,0.000000e+00,0.000000e+00,0.0000,0.0000,0
84,features.12,248,pruned_before,nan,0.000000e+00,0.000000e+00,0.0000,0.0000,0
84,features.12,249,pruned_before,nan,0.000000e+00,0.000000e+00,0.0000,0.0000,0
84,features.12,250,pruned_before,nan,0.000000e+00,0.000000e+00,0.0000,0.0000,0
84,features.12,251,pruned_before,nan,0.000000e+00,0.000000e+00,0.0000,0.0000,0
84,features.12,252,pruned_before,nan,0.000000e+00,0.000000e+00,0.0000,0.0000,0
84,features.12,253,pruned_before,nan,0.000000e+00,0.000000e+00,0.0000,0.0000,0
84,features.12,254,pruned_before,nan,0.000000e+00,0.000000e+00,0.0000,0.0000,0
84,features.12,255,pruned_before,nan,0.000000e+00,0.000000e+00,0.0000,0.0000,0
84,features.12,256,pruned_before,nan,0.000000e+00,0.000000e+00,0.0000,0.0000,0
84,features.12,257,pruned_before,nan,0.000000e+00,0.000000e+00,0.0000,0.0000,0
84,features.12,258,pruned_before,nan,0.000000e+00,0.000000e+00,0.0000,0.0000,0
84,features.12,259,pruned_before,nan,0.000000e+00,0.000000e+00,0.0000,0.0000,0
84,features.12,260,pruned_before,nan,0.000000e+00,0.000000e+00,0.0000,0.0000,0
84,features.12,261,active,0.010870,1.326142e-08,7.588463e-06,0.3261,0.3478,201
84,features.12,262,pruned_before,nan,0.000000e+00,0.000000e+00,0.0000,0.0000,0
84,features.12,263,pruned_before,nan,0.000000e+00,0.000000e+00,0.0000,0.0000,0
84,features.12,264,pruned_before,nan,0.000000e+00,0.000000e+00,0.0000,0.0000,0
84,features.12,265,pruned_before,nan,0.000000e+00,0.000000e+00,0.0000,0.0000,0
84,features.12,266,pruned_before,nan,0.000000e+00,0.000000e+00,0.0000,0.0000,0
84,features.12,267,pruned_before,nan,0.000000e+00,0.000000e+00,0.0000,0.0000,0
84,features.12,268,pruned_before,nan,0.000000e+00,0.000000e+00,0.0000,0.0000,0
84,features.12,269,pruned_before,nan,0.000000e+00,0.000000e+00,0.0000,0.0000,0
84,features.12,270,pruned_before,nan,0.000000e+00,0.000000e+00,0.0000,0.0000,0
84,features.12,271,pruned_before,nan,0.000000e+00,0.000000e+00,0.0000,0.0000,0
84,features.12,272,pruned_before,nan,0.000000e+00,0.000000e+00,0.0000,0.0000,0
84,features.12,273,pruned_before,nan,0.000000e+00,0.000000e+00,0.0000,0.0000,0
84,features.12,274,pruned_before,nan,0.000000e+00,0.000000e+00,0.0000,0.0000,0
84,features.12,275,pruned_before,nan,0.000000e+00,0.000000e+00,0.0000,0.0000,0
84,features.12,276,pruned_before,nan,0.000000e+00,0.000000e+00,0.0000,0.0000,0
84,features.12,277,pruned_before,nan,0.000000e+00,0.000000e+00,0.0000,0.0000,0
84,features.12,278,pruned_before,nan,0.000000e+00,0.000000e+00,0.0000,0.0000,0
84,features.12,279,pruned_before,nan,0.000000e+00,0.000000e+00,0.0000,0.0000,0
84,features.12,280,pruned_before,nan,0.000000e+00,0.000000e+00,0.0000,0.0000,0
84,features.12,281,pruned_before,nan,0.000000e+00,0.000000e+00,0.0000,0.0000,0
84,features.12,282,pruned_before,nan,0.000000e+00,0.000000e+00,0.0000,0.0000,0
84,features.12,283,pruned_before,nan,0.000000e+00,0.000000e+00,0.0000,0.0000,0
84,features.12,284,pruned_before,nan,0.000000e+00,0.000000e+00,0.0000,0.0000,0
84,features.12,285,pruned_before,nan,0.000000e+00,0.000000e+00,0.0000,0.0000,0
84,features.12,286,pruned_before,nan,0.000000e+00,0.000000e+00,0.0000,0.0000,0
84,features.12,287,pruned_before,nan,0.000000e+00,0.000000e+00,0.0000,0.0000,0
84,features.12,288,pruned_before,nan,0.000000e+00,0.000000e+00,0.0000,0.0000,0
84,features.12,289,pruned_before,nan,0.000000e+00,0.000000e+00,0.0000,0.0000,0
84,features.12,290,pruned_before,nan,0.000000e+00,0.000000e+00,0.0000,0.0000,0
84,features.12,291,pruned_before,nan,0.000000e+00,0.000000e+00,0.0000,0.0000,0
84,features.12,292,pruned_before,nan,0.000000e+00,0.000000e+00,0.0000,0.0000,0
84,features.12,293,pruned_before,nan,0.000000e+00,0.000000e+00,0.0000,0.0000,0
84,features.12,294,pruned_before,nan,0.000000e+00,0.000000e+00,0.0000,0.0000,0
84,features.12,295,pruned_before,nan,0.000000e+00,0.000000e+00,0.0000,0.0000,0
84,features.12,296,pruned_before,nan,0.000000e+00,0.000000e+00,0.0000,0.0000,0
84,features.12,297,pruned_before,nan,0.000000e+00,0.000000e+00,0.0000,0.0000,0
84,features.12,298,pruned_before,nan,0.000000e+00,0.000000e+00,0.0000,0.0000,0
84,features.12,299,pruned_before,nan,0.000000e+00,0.000000e+00,0.0000,0.0000,0
84,features.12,300,pruned_before,nan,0.000000e+00,0.000000e+00,0.0000,0.0000,0
84,features.12,301,pruned_before,nan,0.000000e+00,0.000000e+00,0.0000,0.0000,0
84,features.12,302,pruned_before,nan,0.000000e+00,0.000000e+00,0.0000,0.0000,0
84,features.12,303,pruned_before,nan,0.000000e+00,0.000000e+00,0.0000,0.0000,0
84,features.12,304,pruned_before,nan,0.000000e+00,0.000000e+00,0.0000,0.0000,0
84,features.12,305,active,-0.076087,1.540434e-08,1.812377e-06,0.3478,0.1957,201
84,features.12,306,pruned_before,nan,0.000000e+00,0.000000e+00,0.0000,0.0000,0
84,features.12,307,pruned_before,nan,0.000000e+00,0.000000e+00,0.0000,0.0000,0
84,features.12,308,pruned_before,nan,0.000000e+00,0.000000e+00,0.0000,0.0000,0
84,features.12,309,pruned_before,nan,0.000000e+00,0.000000e+00,0.0000,0.0000,0
84,features.12,310,pruned_before,nan,0.000000e+00,0.000000e+00,0.0000,0.0000,0
84,features.12,311,pruned_before,nan,0.000000e+00,0.000000e+00,0.0000,0.0000,0
84,features.12,312,active,0.086957,8.283401e-08,4.210766e-05,0.5652,0.7391,201
84,features.12,313,pruned_before,nan,0.000000e+00,0.000000e+00,0.0000,0.0000,0
84,features.12,314,pruned_before,nan,0.000000e+00,0.000000e+00,0.0000,0.0000,0
84,features.12,315,pruned_before,nan,0.000000e+00,0.000000e+00,0.0000,0.0000,0
84,features.12,316,pruned_before,nan,0.000000e+00,0.000000e+00,0.0000,0.0000,0
84,features.12,317,pruned_before,nan,0.000000e+00,0.000000e+00,0.0000,0.0000,0
84,features.12,318,pruned_before,nan,0.000000e+00,0.000000e+00,0.0000,0.0000,0
84,features.12,319,pruned_before,nan,0.000000e+00,0.000000e+00,0.0000,0.0000,0
84,features.12,320,pruned_before,nan,0.000000e+00,0.000000e+00,0.0000,0.0000,0
84,features.12,321,pruned_before,nan,0.000000e+00,0.000000e+00,0.0000,0.0000,0
84,features.12,322,pruned_before,nan,0.000000e+00,0.000000e+00,0.0000,0.0000,0
84,features.12,323,pruned_before,nan,0.000000e+00,0.000000e+00,0.0000,0.0000,0
84,features.12,324,pruned_before,nan,0.000000e+00,0.000000e+00,0.0000,0.0000,0
84,features.12,325,pruned_before,nan,0.000000e+00,0.000000e+00,0.0000,0.0000,0
84,features.12,326,pruned_before,nan,0.000000e+00,0.000000e+00,0.0000,0.0000,0
84,features.12,327,pruned_before,nan,0.000000e+00,0.000000e+00,0.0000,0.0000,0
84,features.12,328,pruned_before,nan,0.000000e+00,0.000000e+00,0.0000,0.0000,0
84,features.12,329,pruned_before,nan,0.000000e+00,0.000000e+00,0.0000,0.0000,0
84,features.12,330,pruned_before,nan,0.000000e+00,0.000000e+00,0.0000,0.0000,0
84,features.12,331,pruned_before,nan,0.000000e+00,0.000000e+00,0.0000,0.0000,0
84,features.12,332,pruned_before,nan,0.000000e+00,0.000000e+00,0.0000,0.0000,0
84,features.12,333,pruned_before,nan,0.000000e+00,0.000000e+00,0.0000,0.0000,0
84,features.12,334,pruned_before,nan,0.000000e+00,0.000000e+00,0.0000,0.0000,0
84,features.12,335,pruned_before,nan,0.000000e+00,0.000000e+00,0.0000,0.0000,0
84,features.12,336,pruned_before,nan,0.000000e+00,0.000000e+00,0.0000,0.0000,0
84,features.12,337,pruned_before,nan,0.000000e+00,0.000000e+00,0.0000,0.0000,0
84,features.12,338,pruned_before,nan,0.000000e+00,0.000000e+00,0.0000,0.0000,0
84,features.12,339,pruned_before,nan,0.000000e+00,0.000000e+00,0.0000,0.0000,0
84,features.12,340,pruned_before,nan,0.000000e+00,0.000000e+00,0.0000,0.0000,0
84,features.12,341,pruned_before,nan,0.000000e+00,0.000000e+00,0.0000,0.0000,0
84,features.12,342,pruned_before,nan,0.000000e+00,0.000000e+00,0.0000,0.0000,0
84,features.12,343,pruned_before,nan,0.000000e+00,0.000000e+00,0.0000,0.0000,0
84,features.12,344,pruned_before,nan,0.000000e+00,0.000000e+00,0.0000,0.0000,0
84,features.12,345,pruned_before,nan,0.000000e+00,0.000000e+00,0.0000,0.0000,0
84,features.12,346,pruned_before,nan,0.000000e+00,0.000000e+00,0.0000,0.0000,0
84,features.12,347,pruned_before,nan,0.000000e+00,0.000000e+00,0.0000,0.0000,0
84,features.12,348,pruned_before,nan,0.000000e+00,0.000000e+00,0.0000,0.0000,0
84,features.12,349,pruned_before,nan,0.000000e+00,0.000000e+00,0.0000,0.0000,0
84,features.12,350,pruned_before,nan,0.000000e+00,0.000000e+00,0.0000,0.0000,0
84,features.12,351,pruned_before,nan,0.000000e+00,0.000000e+00,0.0000,0.0000,0
84,features.12,352,pruned_before,nan,0.000000e+00,0.000000e+00,0.0000,0.0000,0
84,features.12,353,pruned_before,nan,0.000000e+00,0.000000e+00,0.0000,0.0000,0
84,features.12,354,pruned_before,nan,0.000000e+00,0.000000e+00,0.0000,0.0000,0
84,features.12,355,pruned_before,nan,0.000000e+00,0.000000e+00,0.0000,0.0000,0
84,features.12,356,pruned_before,nan,0.000000e+00,0.000000e+00,0.0000,0.0000,0
84,features.12,357,pruned_before,nan,0.000000e+00,0.000000e+00,0.0000,0.0000,0
84,features.12,358,pruned_before,nan,0.000000e+00,0.000000e+00,0.0000,0.0000,0
84,features.12,359,active,0.032609,5.747893e-08,2.262517e-05,0.5000,0.5652,201
84,features.12,360,pruned_before,nan,0.000000e+00,0.000000e+00,0.0000,0.0000,0
84,features.12,361,pruned_before,nan,0.000000e+00,0.000000e+00,0.0000,0.0000,0
84,features.12,362,pruned_before,nan,0.000000e+00,0.000000e+00,0.0000,0.0000,0
84,features.12,363,active,0.065217,1.158152e-07,4.678313e-05,0.6522,0.7826,201
84,features.12,364,pruned_before,nan,0.000000e+00,0.000000e+00,0.0000,0.0000,0
84,features.12,365,pruned_before,nan,0.000000e+00,0.000000e+00,0.0000,0.0000,0
84,features.12,366,pruned_before,nan,0.000000e+00,0.000000e+00,0.0000,0.0000,0
84,features.12,367,pruned_before,nan,0.000000e+00,0.000000e+00,0.0000,0.0000,0
84,features.12,368,pruned_before,nan,0.000000e+00,0.000000e+00,0.0000,0.0000,0
84,features.12,369,active,0.000000,0.000000e+00,0.000000e+00,0.0217,0.0217,201
84,features.12,370,pruned_before,nan,0.000000e+00,0.000000e+00,0.0000,0.0000,0
84,features.12,371,active,-0.228261,1.315065e-07,4.671026e-06,0.7391,0.2826,201
84,features.12,372,pruned_before,nan,0.000000e+00,0.000000e+00,0.0000,0.0000,0
84,features.12,373,pruned_before,nan,0.000000e+00,0.000000e+00,0.0000,0.0000,0
84,features.12,374,pruned_before,nan,0.000000e+00,0.000000e+00,0.0000,0.0000,0
84,features.12,375,pruned_before,nan,0.000000e+00,0.000000e+00,0.0000,0.0000,0
84,features.12,376,pruned_before,nan,0.000000e+00,0.000000e+00,0.0000,0.0000,0
84,features.12,377,active,0.097826,4.974643e-08,3.330048e-05,0.4783,0.6739,201
84,features.12,378,pruned_before,nan,0.000000e+00,0.000000e+00,0.0000,0.0000,0
84,features.12,379,pruned_before,nan,0.000000e+00,0.000000e+00,0.0000,0.0000,0
84,features.12,380,pruned_before,nan,0.000000e+00,0.000000e+00,0.0000,0.0000,0
84,features.12,381,pruned_before,nan,0.000000e+00,0.000000e+00,0.0000,0.0000,0
84,features.12,382,pruned_before,nan,0.000000e+00,0.000000e+00,0.0000,0.0000,0
84,features.12,383,active,-0.108696,8.068235e-08,7.147065e-06,0.5435,0.3261,201
84,features.12,384,pruned_before,nan,0.000000e+00,0.000000e+00,0.0000,0.0000,0
84,features.12,385,pruned_before,nan,0.000000e+00,0.000000e+00,0.0000,0.0000,0
84,features.12,386,pruned_before,nan,0.000000e+00,0.000000e+00,0.0000,0.0000,0
84,features.12,387,pruned_before,nan,0.000000e+00,0.000000e+00,0.0000,0.0000,0
84,features.12,388,pruned_before,nan,0.000000e+00,0.000000e+00,0.0000,0.0000,0
84,features.12,389,pruned_before,nan,0.000000e+00,0.000000e+00,0.0000,0.0000,0
84,features.12,390,pruned_before,nan,0.000000e+00,0.000000e+00,0.0000,0.0000,0
84,features.12,391,pruned_before,nan,0.000000e+00,0.000000e+00,0.0000,0.0000,0
84,features.12,392,pruned_before,nan,0.000000e+00,0.000000e+00,0.0000,0.0000,0
84,features.12,393,pruned_before,nan,0.000000e+00,0.000000e+00,0.0000,0.0000,0
84,features.12,394,pruned_before,nan,0.000000e+00,0.000000e+00,0.0000,0.0000,0
84,features.12,395,pruned_before,nan,0.000000e+00,0.000000e+00,0.0000,0.0000,0
84,features.12,396,pruned_before,nan,0.000000e+00,0.000000e+00,0.0000,0.0000,0
84,features.12,397,pruned_before,nan,0.000000e+00,0.000000e+00,0.0000,0.0000,0
84,features.12,398,pruned_before,nan,0.000000e+00,0.000000e+00,0.0000,0.0000,0
84,features.12,399,pruned_before,nan,0.000000e+00,0.000000e+00,0.0000,0.0000,0
84,features.12,400,pruned_before,nan,0.000000e+00,0.000000e+00,0.0000,0.0000,0
84,features.12,401,pruned_before,nan,0.000000e+00,0.000000e+00,0.0000,0.0000,0
84,features.12,402,pruned_before,nan,0.000000e+00,0.000000e+00,0.0000,0.0000,0
84,features.12,403,active,0.010870,1.313476e-08,4.882736e-06,0.2826,0.3043,201
84,features.12,404,pruned_before,nan,0.000000e+00,0.000000e+00,0.0000,0.0000,0
84,features.12,405,pruned_before,nan,0.000000e+00,0.000000e+00,0.0000,0.0000,0
84,features.12,406,pruned_before,nan,0.000000e+00,0.000000e+00,0.0000,0.0000,0
84,features.12,407,pruned_before,nan,0.000000e+00,0.000000e+00,0.0000,0.0000,0
84,features.12,408,pruned_before,nan,0.000000e+00,0.000000e+00,0.0000,0.0000,0
84,features.12,409,pruned_before,nan,0.000000e+00,0.000000e+00,0.0000,0.0000,0
84,features.12,410,pruned_before,nan,0.000000e+00,0.000000e+00,0.0000,0.0000,0
84,features.12,411,active,-0.206522,6.033399e-07,2.296670e-05,1.0000,0.5870,201
84,features.12,412,pruned_before,nan,0.000000e+00,0.000000e+00,0.0000,0.0000,0
84,features.12,413,pruned_before,nan,0.000000e+00,0.000000e+00,0.0000,0.0000,0
84,features.12,414,pruned_before,nan,0.000000e+00,0.000000e+00,0.0000,0.0000,0
84,features.12,415,pruned_before,nan,0.000000e+00,0.000000e+00,0.0000,0.0000,0
84,features.12,416,protected,0.043478,4.104450e-07,4.035441e-04,0.9130,1.0000,201
84,features.12,417,pruned_before,nan,0.000000e+00,0.000000e+00,0.0000,0.0000,0
84,features.12,418,pruned_before,nan,0.000000e+00,0.000000e+00,0.0000,0.0000,0
84,features.12,419,pruned_before,nan,0.000000e+00,0.000000e+00,0.0000,0.0000,0
84,features.12,420,pruned_before,nan,0.000000e+00,0.000000e+00,0.0000,0.0000,0
84,features.12,421,pruned_before,nan,0.000000e+00,0.000000e+00,0.0000,0.0000,0
84,features.12,422,pruned_before,nan,0.000000e+00,0.000000e+00,0.0000,0.0000,0
84,features.12,423,pruned_before,nan,0.000000e+00,0.000000e+00,0.0000,0.0000,0
84,features.12,424,pruned_before,nan,0.000000e+00,0.000000e+00,0.0000,0.0000,0
84,features.12,425,pruned_before,nan,0.000000e+00,0.000000e+00,0.0000,0.0000,0
84,features.12,426,pruned_before,nan,0.000000e+00,0.000000e+00,0.0000,0.0000,0
84,features.12,427,pruned_before,nan,0.000000e+00,0.000000e+00,0.0000,0.0000,0
84,features.12,428,pruned_before,nan,0.000000e+00,0.000000e+00,0.0000,0.0000,0
84,features.12,429,pruned_before,nan,0.000000e+00,0.000000e+00,0.0000,0.0000,0
84,features.12,430,pruned_before,nan,0.000000e+00,0.000000e+00,0.0000,0.0000,0
84,features.12,431,pruned_before,nan,0.000000e+00,0.000000e+00,0.0000,0.0000,0
84,features.12,432,pruned_before,nan,0.000000e+00,0.000000e+00,0.0000,0.0000,0
84,features.12,433,pruned_before,nan,0.000000e+00,0.000000e+00,0.0000,0.0000,0
84,features.12,434,pruned_before,nan,0.000000e+00,0.000000e+00,0.0000,0.0000,0
84,features.12,435,pruned_before,nan,0.000000e+00,0.000000e+00,0.0000,0.0000,0
84,features.12,436,pruned_before,nan,0.000000e+00,0.000000e+00,0.0000,0.0000,0
84,features.12,437,pruned_before,nan,0.000000e+00,0.000000e+00,0.0000,0.0000,0
84,features.12,438,pruned_before,nan,0.000000e+00,0.000000e+00,0.0000,0.0000,0
84,features.12,439,pruned_before,nan,0.000000e+00,0.000000e+00,0.0000,0.0000,0
84,features.12,440,pruned_before,nan,0.000000e+00,0.000000e+00,0.0000,0.0000,0
84,features.12,441,pruned_before,nan,0.000000e+00,0.000000e+00,0.0000,0.0000,0
84,features.12,442,pruned_before,nan,0.000000e+00,0.000000e+00,0.0000,0.0000,0
84,features.12,443,pruned_before,nan,0.000000e+00,0.000000e+00,0.0000,0.0000,0
84,features.12,444,pruned_before,nan,0.000000e+00,0.000000e+00,0.0000,0.0000,0
84,features.12,445,pruned_before,nan,0.000000e+00,0.000000e+00,0.0000,0.0000,0
84,features.12,446,pruned_before,nan,0.000000e+00,0.000000e+00,0.0000,0.0000,0
84,features.12,447,pruned_before,nan,0.000000e+00,0.000000e+00,0.0000,0.0000,0
84,features.12,448,active,-0.108696,1.595899e-07,2.535782e-05,0.8261,0.6087,201
84,features.12,449,pruned_before,nan,0.000000e+00,0.000000e+00,0.0000,0.0000,0
84,features.12,450,active,0.228261,1.000811e-08,2.889451e-05,0.1957,0.6522,201
84,features.12,451,pruned_before,nan,0.000000e+00,0.000000e+00,0.0000,0.0000,0
84,features.12,452,pruned_before,nan,0.000000e+00,0.000000e+00,0.0000,0.0000,0
84,features.12,453,pruned_before,nan,0.000000e+00,0.000000e+00,0.0000,0.0000,0
84,features.12,454,pruned_before,nan,0.000000e+00,0.000000e+00,0.0000,0.0000,0
84,features.12,455,pruned_before,nan,0.000000e+00,0.000000e+00,0.0000,0.0000,0
84,features.12,456,pruned_before,nan,0.000000e+00,0.000000e+00,0.0000,0.0000,0
84,features.12,457,pruned_before,nan,0.000000e+00,0.000000e+00,0.0000,0.0000,0
84,features.12,458,pruned_before,nan,0.000000e+00,0.000000e+00,0.0000,0.0000,0
84,features.12,459,pruned_before,nan,0.000000e+00,0.000000e+00,0.0000,0.0000,0
84,features.12,460,pruned_before,nan,0.000000e+00,0.000000e+00,0.0000,0.0000,0
84,features.12,461,pruned_before,nan,0.000000e+00,0.000000e+00,0.0000,0.0000,0
84,features.12,462,pruned_before,nan,0.000000e+00,0.000000e+00,0.0000,0.0000,0
84,features.12,463,pruned_before,nan,0.000000e+00,0.000000e+00,0.0000,0.0000,0
84,features.12,464,pruned_before,nan,0.000000e+00,0.000000e+00,0.0000,0.0000,0
84,features.12,465,pruned_before,nan,0.000000e+00,0.000000e+00,0.0000,0.0000,0
84,features.12,466,pruned_before,nan,0.000000e+00,0.000000e+00,0.0000,0.0000,0
84,features.12,467,pruned_before,nan,0.000000e+00,0.000000e+00,0.0000,0.0000,0
84,features.12,468,active,0.043478,1.124251e-07,3.659757e-05,0.6304,0.7174,201
84,features.12,469,pruned_before,nan,0.000000e+00,0.000000e+00,0.0000,0.0000,0
84,features.12,470,pruned_before,nan,0.000000e+00,0.000000e+00,0.0000,0.0000,0
84,features.12,471,pruned_before,nan,0.000000e+00,0.000000e+00,0.0000,0.0000,0
84,features.12,472,pruned_before,nan,0.000000e+00,0.000000e+00,0.0000,0.0000,0
84,features.12,473,pruned_before,nan,0.000000e+00,0.000000e+00,0.0000,0.0000,0
84,features.12,474,pruned_before,nan,0.000000e+00,0.000000e+00,0.0000,0.0000,0
84,features.12,475,pruned_before,nan,0.000000e+00,0.000000e+00,0.0000,0.0000,0
84,features.12,476,pruned_before,nan,0.000000e+00,0.000000e+00,0.0000,0.0000,0
84,features.12,477,pruned_before,nan,0.000000e+00,0.000000e+00,0.0000,0.0000,0
84,features.12,478,pruned_before,nan,0.000000e+00,0.000000e+00,0.0000,0.0000,0
84,features.12,479,pruned_before,nan,0.000000e+00,0.000000e+00,0.0000,0.0000,0
84,features.12,480,pruned_before,nan,0.000000e+00,0.000000e+00,0.0000,0.0000,0
84,features.12,481,active,-0.184783,1.326304e-07,8.213621e-06,0.7609,0.3913,201
84,features.12,482,pruned_before,nan,0.000000e+00,0.000000e+00,0.0000,0.0000,0
84,features.12,483,pruned_before,nan,0.000000e+00,0.000000e+00,0.0000,0.0000,0
84,features.12,484,pruned_before,nan,0.000000e+00,0.000000e+00,0.0000,0.0000,0
84,features.12,485,pruned_before,nan,0.000000e+00,0.000000e+00,0.0000,0.0000,0
84,features.12,486,pruned_before,nan,0.000000e+00,0.000000e+00,0.0000,0.0000,0
84,features.12,487,pruned_before,nan,0.000000e+00,0.000000e+00,0.0000,0.0000,0
84,features.12,488,pruned_before,nan,0.000000e+00,0.000000e+00,0.0000,0.0000,0
84,features.12,489,pruned_before,nan,0.000000e+00,0.000000e+00,0.0000,0.0000,0
84,features.12,490,active,0.021739,2.060976e-08,1.308348e-05,0.3913,0.4348,201
84,features.12,491,pruned_before,nan,0.000000e+00,0.000000e+00,0.0000,0.0000,0
84,features.12,492,pruned_before,nan,0.000000e+00,0.000000e+00,0.0000,0.0000,0
84,features.12,493,pruned_before,nan,0.000000e+00,0.000000e+00,0.0000,0.0000,0
84,features.12,494,pruned_before,nan,0.000000e+00,0.000000e+00,0.0000,0.0000,0
84,features.12,495,pruned_before,nan,0.000000e+00,0.000000e+00,0.0000,0.0000,0
84,features.12,496,pruned_before,nan,0.000000e+00,0.000000e+00,0.0000,0.0000,0
84,features.12,497,pruned_before,nan,0.000000e+00,0.000000e+00,0.0000,0.0000,0
84,features.12,498,pruned_before,nan,0.000000e+00,0.000000e+00,0.0000,0.0000,0
84,features.12,499,pruned_before,nan,0.000000e+00,0.000000e+00,0.0000,0.0000,0
84,features.12,500,pruned_before,nan,0.000000e+00,0.000000e+00,0.0000,0.0000,0
84,features.12,501,pruned_before,nan,0.000000e+00,0.000000e+00,0.0000,0.0000,0
84,features.12,502,pruned_before,nan,0.000000e+00,0.000000e+00,0.0000,0.0000,0
84,features.12,503,pruned_before,nan,0.000000e+00,0.000000e+00,0.0000,0.0000,0
84,features.12,504,active,-0.108696,5.833582e-07,4.391497e-05,0.9783,0.7609,201
84,features.12,505,active,0.141304,1.162092e-07,1.514939e-04,0.6739,0.9565,201
84,features.12,506,active,-0.119565,1.822103e-07,2.689089e-05,0.8696,0.6304,201
84,features.12,507,pruned_before,nan,0.000000e+00,0.000000e+00,0.0000,0.0000,0
84,features.12,508,pruned_before,nan,0.000000e+00,0.000000e+00,0.0000,0.0000,0
84,features.12,509,pruned_before,nan,0.000000e+00,0.000000e+00,0.0000,0.0000,0
84,features.12,510,pruned_before,nan,0.000000e+00,0.000000e+00,0.0000,0.0000,0
84,features.12,511,pruned_before,nan,0.000000e+00,0.000000e+00,0.0000,0.0000,0
84,features.12,512,active,0.152174,1.037097e-08,2.089813e-05,0.2391,0.5435,201
84,features.12,513,pruned_before,nan,0.000000e+00,0.000000e+00,0.0000,0.0000,0
84,features.12,514,pruned_before,nan,0.000000e+00,0.000000e+00,0.0000,0.0000,0
84,features.12,515,pruned_before,nan,0.000000e+00,0.000000e+00,0.0000,0.0000,0
84,features.12,516,pruned_before,nan,0.000000e+00,0.000000e+00,0.0000,0.0000,0
84,features.12,517,pruned_before,nan,0.000000e+00,0.000000e+00,0.0000,0.0000,0
84,features.12,518,pruned_before,nan,0.000000e+00,0.000000e+00,0.0000,0.0000,0
84,features.12,519,pruned_before,nan,0.000000e+00,0.000000e+00,0.0000,0.0000,0
84,features.12,520,pruned_before,nan,0.000000e+00,0.000000e+00,0.0000,0.0000,0
84,features.12,521,pruned_before,nan,0.000000e+00,0.000000e+00,0.0000,0.0000,0
84,features.12,522,pruned_before,nan,0.000000e+00,0.000000e+00,0.0000,0.0000,0
84,features.12,523,pruned_before,nan,0.000000e+00,0.000000e+00,0.0000,0.0000,0
84,features.12,524,pruned_before,nan,0.000000e+00,0.000000e+00,0.0000,0.0000,0
84,features.12,525,pruned_before,nan,0.000000e+00,0.000000e+00,0.0000,0.0000,0
84,features.12,526,pruned_before,nan,0.000000e+00,0.000000e+00,0.0000,0.0000,0
84,features.12,527,pruned_before,nan,0.000000e+00,0.000000e+00,0.0000,0.0000,0
84,features.12,528,pruned_before,nan,0.000000e+00,0.000000e+00,0.0000,0.0000,0
84,features.12,529,pruned_before,nan,0.000000e+00,0.000000e+00,0.0000,0.0000,0
84,features.12,530,pruned_before,nan,0.000000e+00,0.000000e+00,0.0000,0.0000,0
84,features.12,531,pruned_before,nan,0.000000e+00,0.000000e+00,0.0000,0.0000,0
84,features.12,532,pruned_before,nan,0.000000e+00,0.000000e+00,0.0000,0.0000,0
84,features.12,533,pruned_before,nan,0.000000e+00,0.000000e+00,0.0000,0.0000,0
84,features.12,534,pruned_before,nan,0.000000e+00,0.000000e+00,0.0000,0.0000,0
84,features.12,535,pruned_before,nan,0.000000e+00,0.000000e+00,0.0000,0.0000,0
84,features.12,536,pruned_before,nan,0.000000e+00,0.000000e+00,0.0000,0.0000,0
84,features.12,537,pruned_before,nan,0.000000e+00,0.000000e+00,0.0000,0.0000,0
84,features.12,538,pruned_before,nan,0.000000e+00,0.000000e+00,0.0000,0.0000,0
84,features.12,539,pruned_before,nan,0.000000e+00,0.000000e+00,0.0000,0.0000,0
84,features.12,540,pruned_before,nan,0.000000e+00,0.000000e+00,0.0000,0.0000,0
84,features.12,541,pruned_before,nan,0.000000e+00,0.000000e+00,0.0000,0.0000,0
84,features.12,542,pruned_before,nan,0.000000e+00,0.000000e+00,0.0000,0.0000,0
84,features.12,543,pruned_before,nan,0.000000e+00,0.000000e+00,0.0000,0.0000,0
84,features.12,544,pruned_before,nan,0.000000e+00,0.000000e+00,0.0000,0.0000,0
84,features.12,545,pruned_before,nan,0.000000e+00,0.000000e+00,0.0000,0.0000,0
84,features.12,546,pruned_before,nan,0.000000e+00,0.000000e+00,0.0000,0.0000,0
84,features.12,547,pruned_before,nan,0.000000e+00,0.000000e+00,0.0000,0.0000,0
84,features.12,548,pruned_before,nan,0.000000e+00,0.000000e+00,0.0000,0.0000,0
84,features.12,549,pruned_before,nan,0.000000e+00,0.000000e+00,0.0000,0.0000,0
84,features.12,550,active,-0.021739,3.762703e-08,1.041713e-05,0.4565,0.4130,201
84,features.12,551,pruned_before,nan,0.000000e+00,0.000000e+00,0.0000,0.0000,0
84,features.12,552,pruned_before,nan,0.000000e+00,0.000000e+00,0.0000,0.0000,0
84,features.12,553,pruned_before,nan,0.000000e+00,0.000000e+00,0.0000,0.0000,0
84,features.12,554,active,-0.021739,3.282477e-07,8.555062e-05,0.8913,0.8478,201
84,features.12,555,pruned_before,nan,0.000000e+00,0.000000e+00,0.0000,0.0000,0
84,features.12,556,pruned_before,nan,0.000000e+00,0.000000e+00,0.0000,0.0000,0
84,features.12,557,pruned_before,nan,0.000000e+00,0.000000e+00,0.0000,0.0000,0
84,features.12,558,pruned_before,nan,0.000000e+00,0.000000e+00,0.0000,0.0000,0
84,features.12,559,pruned_before,nan,0.000000e+00,0.000000e+00,0.0000,0.0000,0
84,features.12,560,pruned_before,nan,0.000000e+00,0.000000e+00,0.0000,0.0000,0
84,features.12,561,pruned_before,nan,0.000000e+00,0.000000e+00,0.0000,0.0000,0
84,features.12,562,pruned_before,nan,0.000000e+00,0.000000e+00,0.0000,0.0000,0
84,features.12,563,pruned_before,nan,0.000000e+00,0.000000e+00,0.0000,0.0000,0
84,features.12,564,pruned_before,nan,0.000000e+00,0.000000e+00,0.0000,0.0000,0
84,features.12,565,pruned_before,nan,0.000000e+00,0.000000e+00,0.0000,0.0000,0
84,features.12,566,pruned_before,nan,0.000000e+00,0.000000e+00,0.0000,0.0000,0
84,features.12,567,pruned_before,nan,0.000000e+00,0.000000e+00,0.0000,0.0000,0
84,features.12,568,pruned_before,nan,0.000000e+00,0.000000e+00,0.0000,0.0000,0
84,features.12,569,pruned_before,nan,0.000000e+00,0.000000e+00,0.0000,0.0000,0
84,features.12,570,pruned_before,nan,0.000000e+00,0.000000e+00,0.0000,0.0000,0
84,features.12,571,pruned_before,nan,0.000000e+00,0.000000e+00,0.0000,0.0000,0
84,features.12,572,pruned_before,nan,0.000000e+00,0.000000e+00,0.0000,0.0000,0
84,features.12,573,pruned_before,nan,0.000000e+00,0.000000e+00,0.0000,0.0000,0
84,features.12,574,pruned_before,nan,0.000000e+00,0.000000e+00,0.0000,0.0000,0
84,features.12,575,pruned_before,nan,0.000000e+00,0.000000e+00,0.0000,0.0000,0
84,features.13,0,pruned_before,nan,0.000000e+00,0.000000e+00,0.0000,0.0000,0
84,features.13,1,pruned_before,nan,0.000000e+00,0.000000e+00,0.0000,0.0000,0
84,features.13,2,pruned_before,nan,0.000000e+00,0.000000e+00,0.0000,0.0000,0
84,features.13,3,pruned_before,nan,0.000000e+00,0.000000e+00,0.0000,0.0000,0
84,features.13,4,pruned_before,nan,0.000000e+00,0.000000e+00,0.0000,0.0000,0
84,features.13,5,pruned_before,nan,0.000000e+00,0.000000e+00,0.0000,0.0000,0
84,features.13,6,active,0.086957,6.057896e-08,5.020512e-05,0.5217,0.6957,201
84,features.13,7,pruned_before,nan,0.000000e+00,0.000000e+00,0.0000,0.0000,0
84,features.13,8,pruned_before,nan,0.000000e+00,0.000000e+00,0.0000,0.0000,0
84,features.13,9,pruned_before,nan,0.000000e+00,0.000000e+00,0.0000,0.0000,0
84,features.13,10,pruned_before,nan,0.000000e+00,0.000000e+00,0.0000,0.0000,0
84,features.13,11,pruned_before,nan,0.000000e+00,0.000000e+00,0.0000,0.0000,0
84,features.13,12,pruned_before,nan,0.000000e+00,0.000000e+00,0.0000,0.0000,0
84,features.13,13,pruned_before,nan,0.000000e+00,0.000000e+00,0.0000,0.0000,0
84,features.13,14,pruned_before,nan,0.000000e+00,0.000000e+00,0.0000,0.0000,0
84,features.13,15,active,-0.032609,1.475709e-08,1.779770e-06,0.3043,0.2391,201
84,features.13,16,pruned_before,nan,0.000000e+00,0.000000e+00,0.0000,0.0000,0
84,features.13,17,active,0.076087,1.781114e-08,2.461963e-05,0.3261,0.4783,201
84,features.13,18,pruned_before,nan,0.000000e+00,0.000000e+00,0.0000,0.0000,0
84,features.13,19,pruned_before,nan,0.000000e+00,0.000000e+00,0.0000,0.0000,0
84,features.13,20,pruned_before,nan,0.000000e+00,0.000000e+00,0.0000,0.0000,0
84,features.13,21,active,-0.076087,8.640556e-08,1.621031e-05,0.5870,0.4348,201
84,features.13,22,active,-0.065217,4.616867e-08,5.127843e-06,0.4783,0.3478,201
84,features.13,23,pruned_before,nan,0.000000e+00,0.000000e+00,0.0000,0.0000,0
84,features.13,24,pruned_before,nan,0.000000e+00,0.000000e+00,0.0000,0.0000,0
84,features.13,25,active,0.000000,0.000000e+00,0.000000e+00,0.0000,0.0000,201
84,features.13,26,pruned_before,nan,0.000000e+00,0.000000e+00,0.0000,0.0000,0
84,features.13,27,pruned_before,nan,0.000000e+00,0.000000e+00,0.0000,0.0000,0
84,features.13,28,pruned_before,nan,0.000000e+00,0.000000e+00,0.0000,0.0000,0
84,features.13,29,active,0.108696,2.526215e-08,3.871619e-05,0.3913,0.6087,201
84,features.13,30,pruned_before,nan,0.000000e+00,0.000000e+00,0.0000,0.0000,0
84,features.13,31,pruned_before,nan,0.000000e+00,0.000000e+00,0.0000,0.0000,0
84,features.13,32,pruned_before,nan,0.000000e+00,0.000000e+00,0.0000,0.0000,0
84,features.13,33,pruned_before,nan,0.000000e+00,0.000000e+00,0.0000,0.0000,0
84,features.13,34,pruned_before,nan,0.000000e+00,0.000000e+00,0.0000,0.0000,0
84,features.13,35,pruned_before,nan,0.000000e+00,0.000000e+00,0.0000,0.0000,0
84,features.13,36,active,-0.108696,2.106135e-08,4.741231e-07,0.3696,0.1522,201
84,features.13,37,pruned_before,nan,0.000000e+00,0.000000e+00,0.0000,0.0000,0
84,features.13,38,pruned_before,nan,0.000000e+00,0.000000e+00,0.0000,0.0000,0
84,features.13,39,pruned_before,nan,0.000000e+00,0.000000e+00,0.0000,0.0000,0
84,features.13,40,pruned_before,nan,0.000000e+00,0.000000e+00,0.0000,0.0000,0
84,features.13,41,pruned_before,nan,0.000000e+00,0.000000e+00,0.0000,0.0000,0
84,features.13,42,pruned_before,nan,0.000000e+00,0.000000e+00,0.0000,0.0000,0
84,features.13,43,pruned_before,nan,0.000000e+00,0.000000e+00,0.0000,0.0000,0
84,features.13,44,pruned_before,nan,0.000000e+00,0.000000e+00,0.0000,0.0000,0
84,features.13,45,pruned_before,nan,0.000000e+00,0.000000e+00,0.0000,0.0000,0
84,features.13,46,pruned_before,nan,0.000000e+00,0.000000e+00,0.0000,0.0000,0
84,features.13,47,pruned_before,nan,0.000000e+00,0.000000e+00,0.0000,0.0000,0
84,features.13,48,pruned_before,nan,0.000000e+00,0.000000e+00,0.0000,0.0000,0
84,features.13,49,pruned_before,nan,0.000000e+00,0.000000e+00,0.0000,0.0000,0
84,features.13,50,pruned_before,nan,0.000000e+00,0.000000e+00,0.0000,0.0000,0
84,features.13,51,pruned_before,nan,0.000000e+00,0.000000e+00,0.0000,0.0000,0
84,features.13,52,pruned_before,nan,0.000000e+00,0.000000e+00,0.0000,0.0000,0
84,features.13,53,pruned_before,nan,0.000000e+00,0.000000e+00,0.0000,0.0000,0
84,features.13,54,pruned_before,nan,0.000000e+00,0.000000e+00,0.0000,0.0000,0
84,features.13,55,pruned_before,nan,0.000000e+00,0.000000e+00,0.0000,0.0000,0
84,features.13,56,pruned_before,nan,0.000000e+00,0.000000e+00,0.0000,0.0000,0
84,features.13,57,pruned_before,nan,0.000000e+00,0.000000e+00,0.0000,0.0000,0
84,features.13,58,pruned_before,nan,0.000000e+00,0.000000e+00,0.0000,0.0000,0
84,features.13,59,pruned_before,nan,0.000000e+00,0.000000e+00,0.0000,0.0000,0
84,features.13,60,pruned_before,nan,0.000000e+00,0.000000e+00,0.0000,0.0000,0
84,features.13,61,pruned_before,nan,0.000000e+00,0.000000e+00,0.0000,0.0000,0
84,features.13,62,pruned_before,nan,0.000000e+00,0.000000e+00,0.0000,0.0000,0
84,features.13,63,pruned_before,nan,0.000000e+00,0.000000e+00,0.0000,0.0000,0
84,features.13,64,pruned_before,nan,0.000000e+00,0.000000e+00,0.0000,0.0000,0
84,features.13,65,pruned_before,nan,0.000000e+00,0.000000e+00,0.0000,0.0000,0
84,features.13,66,pruned_before,nan,0.000000e+00,0.000000e+00,0.0000,0.0000,0
84,features.13,67,pruned_before,nan,0.000000e+00,0.000000e+00,0.0000,0.0000,0
84,features.13,68,pruned_before,nan,0.000000e+00,0.000000e+00,0.0000,0.0000,0
84,features.13,69,pruned_before,nan,0.000000e+00,0.000000e+00,0.0000,0.0000,0
84,features.13,70,pruned_before,nan,0.000000e+00,0.000000e+00,0.0000,0.0000,0
84,features.13,71,pruned_before,nan,0.000000e+00,0.000000e+00,0.0000,0.0000,0
84,features.13,72,pruned_before,nan,0.000000e+00,0.000000e+00,0.0000,0.0000,0
84,features.13,73,pruned_before,nan,0.000000e+00,0.000000e+00,0.0000,0.0000,0
84,features.13,74,pruned_before,nan,0.000000e+00,0.000000e+00,0.0000,0.0000,0
84,features.13,75,active,-0.097826,1.176793e-07,1.447759e-05,0.6087,0.4130,201
84,features.13,76,pruned_before,nan,0.000000e+00,0.000000e+00,0.0000,0.0000,0
84,features.13,77,active,-0.130435,2.462913e-07,2.973505e-05,0.8043,0.5435,201
84,features.13,78,pruned_before,nan,0.000000e+00,0.000000e+00,0.0000,0.0000,0
84,features.13,79,pruned_before,nan,0.000000e+00,0.000000e+00,0.0000,0.0000,0
84,features.13,80,pruned_before,nan,0.000000e+00,0.000000e+00,0.0000,0.0000,0
84,features.13,81,pruned_before,nan,0.000000e+00,0.000000e+00,0.0000,0.0000,0
84,features.13,82,pruned_before,nan,0.000000e+00,0.000000e+00,0.0000,0.0000,0
84,features.13,83,pruned_before,nan,0.000000e+00,0.000000e+00,0.0000,0.0000,0
84,features.13,84,pruned_before,nan,0.000000e+00,0.000000e+00,0.0000,0.0000,0
84,features.13,85,pruned_before,nan,0.000000e+00,0.000000e+00,0.0000,0.0000,0
84,features.13,86,pruned_before,nan,0.000000e+00,0.000000e+00,0.0000,0.0000,0
84,features.13,87,pruned_before,nan,0.000000e+00,0.000000e+00,0.0000,0.0000,0
84,features.13,88,pruned_before,nan,0.000000e+00,0.000000e+00,0.0000,0.0000,0
84,features.13,89,pruned_before,nan,0.000000e+00,0.000000e+00,0.0000,0.0000,0
84,features.13,90,pruned_before,nan,0.000000e+00,0.000000e+00,0.0000,0.0000,0
84,features.13,91,pruned_before,nan,0.000000e+00,0.000000e+00,0.0000,0.0000,0
84,features.13,92,pruned_before,nan,0.000000e+00,0.000000e+00,0.0000,0.0000,0
84,features.13,93,pruned_before,nan,0.000000e+00,0.000000e+00,0.0000,0.0000,0
84,features.13,94,pruned_before,nan,0.000000e+00,0.000000e+00,0.0000,0.0000,0
84,features.13,95,active,0.054348,2.049308e-08,1.740113e-05,0.3478,0.4565,201
84,features.13,96,pruned_before,nan,0.000000e+00,0.000000e+00,0.0000,0.0000,0
84,features.13,97,pruned_before,nan,0.000000e+00,0.000000e+00,0.0000,0.0000,0
84,features.13,98,pruned_before,nan,0.000000e+00,0.000000e+00,0.0000,0.0000,0
84,features.13,99,pruned_before,nan,0.000000e+00,0.000000e+00,0.0000,0.0000,0
84,features.13,100,pruned_before,nan,0.000000e+00,0.000000e+00,0.0000,0.0000,0
84,features.13,101,pruned_before,nan,0.000000e+00,0.000000e+00,0.0000,0.0000,0
84,features.13,102,pruned_before,nan,0.000000e+00,0.000000e+00,0.0000,0.0000,0
84,features.13,103,pruned_before,nan,0.000000e+00,0.000000e+00,0.0000,0.0000,0
84,features.13,104,pruned_before,nan,0.000000e+00,0.000000e+00,0.0000,0.0000,0
84,features.13,105,pruned_before,nan,0.000000e+00,0.000000e+00,0.0000,0.0000,0
84,features.13,106,pruned_before,nan,0.000000e+00,0.000000e+00,0.0000,0.0000,0
84,features.13,107,pruned_before,nan,0.000000e+00,0.000000e+00,0.0000,0.0000,0
84,features.13,108,pruned_before,nan,0.000000e+00,0.000000e+00,0.0000,0.0000,0
84,features.13,109,pruned_before,nan,0.000000e+00,0.000000e+00,0.0000,0.0000,0
84,features.13,110,pruned_before,nan,0.000000e+00,0.000000e+00,0.0000,0.0000,0
84,features.13,111,pruned_before,nan,0.000000e+00,0.000000e+00,0.0000,0.0000,0
84,features.13,112,pruned_before,nan,0.000000e+00,0.000000e+00,0.0000,0.0000,0
84,features.13,113,pruned_before,nan,0.000000e+00,0.000000e+00,0.0000,0.0000,0
84,features.13,114,pruned_before,nan,0.000000e+00,0.000000e+00,0.0000,0.0000,0
84,features.13,115,pruned_before,nan,0.000000e+00,0.000000e+00,0.0000,0.0000,0
84,features.13,116,pruned_before,nan,0.000000e+00,0.000000e+00,0.0000,0.0000,0
84,features.13,117,pruned_before,nan,0.000000e+00,0.000000e+00,0.0000,0.0000,0
84,features.13,118,pruned_before,nan,0.000000e+00,0.000000e+00,0.0000,0.0000,0
84,features.13,119,pruned_before,nan,0.000000e+00,0.000000e+00,0.0000,0.0000,0
84,features.13,120,pruned_before,nan,0.000000e+00,0.000000e+00,0.0000,0.0000,0
84,features.13,121,pruned_before,nan,0.000000e+00,0.000000e+00,0.0000,0.0000,0
84,features.13,122,active,0.000000,0.000000e+00,0.000000e+00,0.0435,0.0435,201
84,features.13,123,pruned_before,nan,0.000000e+00,0.000000e+00,0.0000,0.0000,0
84,features.13,124,pruned_before,nan,0.000000e+00,0.000000e+00,0.0000,0.0000,0
84,features.13,125,pruned_before,nan,0.000000e+00,0.000000e+00,0.0000,0.0000,0
84,features.13,126,pruned_before,nan,0.000000e+00,0.000000e+00,0.0000,0.0000,0
84,features.13,127,active,0.000000,3.362622e-07,8.869906e-05,0.8913,0.8913,201
84,features.13,128,pruned_before,nan,0.000000e+00,0.000000e+00,0.0000,0.0000,0
84,features.13,129,pruned_before,nan,0.000000e+00,0.000000e+00,0.0000,0.0000,0
84,features.13,130,pruned_before,nan,0.000000e+00,0.000000e+00,0.0000,0.0000,0
84,features.13,131,pruned_before,nan,0.000000e+00,0.000000e+00,0.0000,0.0000,0
84,features.13,132,active,0.000000,0.000000e+00,0.000000e+00,0.0652,0.0652,201
84,features.13,133,active,0.282609,3.182541e-08,2.404582e-04,0.4130,0.9783,201
84,features.13,134,pruned_before,nan,0.000000e+00,0.000000e+00,0.0000,0.0000,0
84,features.13,135,pruned_before,nan,0.000000e+00,0.000000e+00,0.0000,0.0000,0
84,features.13,136,pruned_before,nan,0.000000e+00,0.000000e+00,0.0000,0.0000,0
84,features.13,137,pruned_before,nan,0.000000e+00,0.000000e+00,0.0000,0.0000,0
84,features.13,138,pruned_before,nan,0.000000e+00,0.000000e+00,0.0000,0.0000,0
84,features.13,139,pruned_before,nan,0.000000e+00,0.000000e+00,0.0000,0.0000,0
84,features.13,140,pruned_before,nan,0.000000e+00,0.000000e+00,0.0000,0.0000,0
84,features.13,141,pruned_before,nan,0.000000e+00,0.000000e+00,0.0000,0.0000,0
84,features.13,142,pruned_before,nan,0.000000e+00,0.000000e+00,0.0000,0.0000,0
84,features.13,143,pruned_before,nan,0.000000e+00,0.000000e+00,0.0000,0.0000,0
84,features.13,144,pruned_before,nan,0.000000e+00,0.000000e+00,0.0000,0.0000,0
84,features.13,145,active,0.021739,5.828604e-09,1.624387e-06,0.1739,0.2174,201
84,features.13,146,pruned_before,nan,0.000000e+00,0.000000e+00,0.0000,0.0000,0
84,features.13,147,pruned_before,nan,0.000000e+00,0.000000e+00,0.0000,0.0000,0
84,features.13,148,pruned_before,nan,0.000000e+00,0.000000e+00,0.0000,0.0000,0
84,features.13,149,pruned_before,nan,0.000000e+00,0.000000e+00,0.0000,0.0000,0
84,features.13,150,pruned_before,nan,0.000000e+00,0.000000e+00,0.0000,0.0000,0
84,features.13,151,active,0.021739,1.195896e-07,4.094237e-05,0.6304,0.6739,201
84,features.13,152,pruned_before,nan,0.000000e+00,0.000000e+00,0.0000,0.0000,0
84,features.13,153,pruned_before,nan,0.000000e+00,0.000000e+00,0.0000,0.0000,0
84,features.13,154,pruned_before,nan,0.000000e+00,0.000000e+00,0.0000,0.0000,0
84,features.13,155,pruned_before,nan,0.000000e+00,0.000000e+00,0.0000,0.0000,0
84,features.13,156,pruned_before,nan,0.000000e+00,0.000000e+00,0.0000,0.0000,0
84,features.13,157,pruned_before,nan,0.000000e+00,0.000000e+00,0.0000,0.0000,0
84,features.13,158,pruned_before,nan,0.000000e+00,0.000000e+00,0.0000,0.0000,0
84,features.13,159,pruned_before,nan,0.000000e+00,0.000000e+00,0.0000,0.0000,0
84,features.13,160,pruned_before,nan,0.000000e+00,0.000000e+00,0.0000,0.0000,0
84,features.13,161,pruned_before,nan,0.000000e+00,0.000000e+00,0.0000,0.0000,0
84,features.13,162,pruned_before,nan,0.000000e+00,0.000000e+00,0.0000,0.0000,0
84,features.13,163,pruned_before,nan,0.000000e+00,0.000000e+00,0.0000,0.0000,0
84,features.13,164,pruned_before,nan,0.000000e+00,0.000000e+00,0.0000,0.0000,0
84,features.13,165,pruned_before,nan,0.000000e+00,0.000000e+00,0.0000,0.0000,0
84,features.13,166,pruned_before,nan,0.000000e+00,0.000000e+00,0.0000,0.0000,0
84,features.13,167,pruned_before,nan,0.000000e+00,0.000000e+00,0.0000,0.0000,0
84,features.13,168,pruned_before,nan,0.000000e+00,0.000000e+00,0.0000,0.0000,0
84,features.13,169,pruned_before,nan,0.000000e+00,0.000000e+00,0.0000,0.0000,0
84,features.13,170,active,-0.032609,3.548884e-07,8.484337e-05,0.9130,0.8478,201
84,features.13,171,pruned_before,nan,0.000000e+00,0.000000e+00,0.0000,0.0000,0
84,features.13,172,pruned_before,nan,0.000000e+00,0.000000e+00,0.0000,0.0000,0
84,features.13,173,pruned_before,nan,0.000000e+00,0.000000e+00,0.0000,0.0000,0
84,features.13,174,pruned_before,nan,0.000000e+00,0.000000e+00,0.0000,0.0000,0
84,features.13,175,pruned_before,nan,0.000000e+00,0.000000e+00,0.0000,0.0000,0
84,features.13,176,pruned_before,nan,0.000000e+00,0.000000e+00,0.0000,0.0000,0
84,features.13,177,pruned_before,nan,0.000000e+00,0.000000e+00,0.0000,0.0000,0
84,features.13,178,pruned_before,nan,0.000000e+00,0.000000e+00,0.0000,0.0000,0
84,features.13,179,pruned_before,nan,0.000000e+00,0.000000e+00,0.0000,0.0000,0
84,features.13,180,pruned_before,nan,0.000000e+00,0.000000e+00,0.0000,0.0000,0
84,features.13,181,pruned_before,nan,0.000000e+00,0.000000e+00,0.0000,0.0000,0
84,features.13,182,pruned_before,nan,0.000000e+00,0.000000e+00,0.0000,0.0000,0
84,features.13,183,pruned_before,nan,0.000000e+00,0.000000e+00,0.0000,0.0000,0
84,features.13,184,pruned_before,nan,0.000000e+00,0.000000e+00,0.0000,0.0000,0
84,features.13,185,pruned_before,nan,0.000000e+00,0.000000e+00,0.0000,0.0000,0
84,features.13,186,active,0.032609,7.944942e-09,2.130416e-06,0.1957,0.2609,201
84,features.13,187,pruned_before,nan,0.000000e+00,0.000000e+00,0.0000,0.0000,0
84,features.13,188,pruned_before,nan,0.000000e+00,0.000000e+00,0.0000,0.0000,0
84,features.13,189,pruned_before,nan,0.000000e+00,0.000000e+00,0.0000,0.0000,0
84,features.13,190,pruned_before,nan,0.000000e+00,0.000000e+00,0.0000,0.0000,0
84,features.13,191,pruned_before,nan,0.000000e+00,0.000000e+00,0.0000,0.0000,0
84,features.13,192,pruned_before,nan,0.000000e+00,0.000000e+00,0.0000,0.0000,0
84,features.13,193,pruned_before,nan,0.000000e+00,0.000000e+00,0.0000,0.0000,0
84,features.13,194,pruned_before,nan,0.000000e+00,0.000000e+00,0.0000,0.0000,0
84,features.13,195,pruned_before,nan,0.000000e+00,0.000000e+00,0.0000,0.0000,0
84,features.13,196,pruned_before,nan,0.000000e+00,0.000000e+00,0.0000,0.0000,0
84,features.13,197,pruned_before,nan,0.000000e+00,0.000000e+00,0.0000,0.0000,0
84,features.13,198,pruned_before,nan,0.000000e+00,0.000000e+00,0.0000,0.0000,0
84,features.13,199,pruned_before,nan,0.000000e+00,0.000000e+00,0.0000,0.0000,0
84,features.13,200,pruned_before,nan,0.000000e+00,0.000000e+00,0.0000,0.0000,0
84,features.13,201,pruned_before,nan,0.000000e+00,0.000000e+00,0.0000,0.0000,0
84,features.13,202,pruned_before,nan,0.000000e+00,0.000000e+00,0.0000,0.0000,0
84,features.13,203,pruned_before,nan,0.000000e+00,0.000000e+00,0.0000,0.0000,0
84,features.13,204,pruned_before,nan,0.000000e+00,0.000000e+00,0.0000,0.0000,0
84,features.13,205,pruned_before,nan,0.000000e+00,0.000000e+00,0.0000,0.0000,0
84,features.13,206,pruned_before,nan,0.000000e+00,0.000000e+00,0.0000,0.0000,0
84,features.13,207,pruned_before,nan,0.000000e+00,0.000000e+00,0.0000,0.0000,0
84,features.13,208,pruned_before,nan,0.000000e+00,0.000000e+00,0.0000,0.0000,0
84,features.13,209,pruned_before,nan,0.000000e+00,0.000000e+00,0.0000,0.0000,0
84,features.13,210,active,0.032609,1.106745e-08,2.684796e-06,0.2391,0.3043,201
84,features.13,211,pruned_before,nan,0.000000e+00,0.000000e+00,0.0000,0.0000,0
84,features.13,212,pruned_before,nan,0.000000e+00,0.000000e+00,0.0000,0.0000,0
84,features.13,213,pruned_before,nan,0.000000e+00,0.000000e+00,0.0000,0.0000,0
84,features.13,214,pruned_before,nan,0.000000e+00,0.000000e+00,0.0000,0.0000,0
84,features.13,215,pruned_before,nan,0.000000e+00,0.000000e+00,0.0000,0.0000,0
84,features.13,216,pruned_before,nan,0.000000e+00,0.000000e+00,0.0000,0.0000,0
84,features.13,217,pruned_before,nan,0.000000e+00,0.000000e+00,0.0000,0.0000,0
84,features.13,218,pruned_before,nan,0.000000e+00,0.000000e+00,0.0000,0.0000,0
84,features.13,219,pruned_before,nan,0.000000e+00,0.000000e+00,0.0000,0.0000,0
84,features.13,220,pruned_before,nan,0.000000e+00,0.000000e+00,0.0000,0.0000,0
84,features.13,221,pruned_before,nan,0.000000e+00,0.000000e+00,0.0000,0.0000,0
84,features.13,222,pruned_before,nan,0.000000e+00,0.000000e+00,0.0000,0.0000,0
84,features.13,223,pruned_before,nan,0.000000e+00,0.000000e+00,0.0000,0.0000,0
84,features.13,224,pruned_before,nan,0.000000e+00,0.000000e+00,0.0000,0.0000,0
84,features.13,225,active,0.021739,2.374825e-09,1.522002e-06,0.1522,0.1957,201
84,features.13,226,pruned_before,nan,0.000000e+00,0.000000e+00,0.0000,0.0000,0
84,features.13,227,pruned_before,nan,0.000000e+00,0.000000e+00,0.0000,0.0000,0
84,features.13,228,pruned_before,nan,0.000000e+00,0.000000e+00,0.0000,0.0000,0
84,features.13,229,pruned_before,nan,0.000000e+00,0.000000e+00,0.0000,0.0000,0
84,features.13,230,pruned_before,nan,0.000000e+00,0.000000e+00,0.0000,0.0000,0
84,features.13,231,pruned_before,nan,0.000000e+00,0.000000e+00,0.0000,0.0000,0
84,features.13,232,pruned_before,nan,0.000000e+00,0.000000e+00,0.0000,0.0000,0
84,features.13,233,pruned_before,nan,0.000000e+00,0.000000e+00,0.0000,0.0000,0
84,features.13,234,pruned_before,nan,0.000000e+00,0.000000e+00,0.0000,0.0000,0
84,features.13,235,pruned_before,nan,0.000000e+00,0.000000e+00,0.0000,0.0000,0
84,features.13,236,pruned_before,nan,0.000000e+00,0.000000e+00,0.0000,0.0000,0
84,features.13,237,pruned_before,nan,0.000000e+00,0.000000e+00,0.0000,0.0000,0
84,features.13,238,pruned_before,nan,0.000000e+00,0.000000e+00,0.0000,0.0000,0
84,features.13,239,active,-0.043478,8.713936e-07,8.967522e-05,1.0000,0.9130,201
84,features.13,240,pruned_before,nan,0.000000e+00,0.000000e+00,0.0000,0.0000,0
84,features.13,241,pruned_before,nan,0.000000e+00,0.000000e+00,0.0000,0.0000,0
84,features.13,242,pruned_before,nan,0.000000e+00,0.000000e+00,0.0000,0.0000,0
84,features.13,243,pruned_before,nan,0.000000e+00,0.000000e+00,0.0000,0.0000,0
84,features.13,244,pruned_before,nan,0.000000e+00,0.000000e+00,0.0000,0.0000,0
84,features.13,245,pruned_before,nan,0.000000e+00,0.000000e+00,0.0000,0.0000,0
84,features.13,246,pruned_before,nan,0.000000e+00,0.000000e+00,0.0000,0.0000,0
84,features.13,247,pruned_before,nan,0.000000e+00,0.000000e+00,0.0000,0.0000,0
84,features.13,248,pruned_before,nan,0.000000e+00,0.000000e+00,0.0000,0.0000,0
84,features.13,249,pruned_before,nan,0.000000e+00,0.000000e+00,0.0000,0.0000,0
84,features.13,250,pruned_before,nan,0.000000e+00,0.000000e+00,0.0000,0.0000,0
84,features.13,251,pruned_before,nan,0.000000e+00,0.000000e+00,0.0000,0.0000,0
84,features.13,252,pruned_before,nan,0.000000e+00,0.000000e+00,0.0000,0.0000,0
84,features.13,253,pruned_before,nan,0.000000e+00,0.000000e+00,0.0000,0.0000,0
84,features.13,254,pruned_before,nan,0.000000e+00,0.000000e+00,0.0000,0.0000,0
84,features.13,255,pruned_before,nan,0.000000e+00,0.000000e+00,0.0000,0.0000,0
84,features.13,256,pruned_before,nan,0.000000e+00,0.000000e+00,0.0000,0.0000,0
84,features.13,257,pruned_before,nan,0.000000e+00,0.000000e+00,0.0000,0.0000,0
84,features.13,258,pruned_before,nan,0.000000e+00,0.000000e+00,0.0000,0.0000,0
84,features.13,259,pruned_before,nan,0.000000e+00,0.000000e+00,0.0000,0.0000,0
84,features.13,260,pruned_before,nan,0.000000e+00,0.000000e+00,0.0000,0.0000,0
84,features.13,261,pruned_before,nan,0.000000e+00,0.000000e+00,0.0000,0.0000,0
84,features.13,262,pruned_before,nan,0.000000e+00,0.000000e+00,0.0000,0.0000,0
84,features.13,263,pruned_before,nan,0.000000e+00,0.000000e+00,0.0000,0.0000,0
84,features.13,264,active,0.054348,1.518131e-07,7.194403e-05,0.7174,0.8261,201
84,features.13,265,pruned_before,nan,0.000000e+00,0.000000e+00,0.0000,0.0000,0
84,features.13,266,pruned_before,nan,0.000000e+00,0.000000e+00,0.0000,0.0000,0
84,features.13,267,pruned_before,nan,0.000000e+00,0.000000e+00,0.0000,0.0000,0
84,features.13,268,pruned_before,nan,0.000000e+00,0.000000e+00,0.0000,0.0000,0
84,features.13,269,active,-0.065217,2.197358e-07,4.049753e-05,0.7826,0.6522,201
84,features.13,270,pruned_before,nan,0.000000e+00,0.000000e+00,0.0000,0.0000,0
84,features.13,271,pruned_before,nan,0.000000e+00,0.000000e+00,0.0000,0.0000,0
84,features.13,272,active,-0.065217,5.910595e-08,6.545619e-06,0.5000,0.3696,201
84,features.13,273,pruned_before,nan,0.000000e+00,0.000000e+00,0.0000,0.0000,0
84,features.13,274,pruned_before,nan,0.000000e+00,0.000000e+00,0.0000,0.0000,0
84,features.13,275,pruned_before,nan,0.000000e+00,0.000000e+00,0.0000,0.0000,0
84,features.13,276,pruned_before,nan,0.000000e+00,0.000000e+00,0.0000,0.0000,0
84,features.13,277,pruned_before,nan,0.000000e+00,0.000000e+00,0.0000,0.0000,0
84,features.13,278,pruned_before,nan,0.000000e+00,0.000000e+00,0.0000,0.0000,0
84,features.13,279,pruned_before,nan,0.000000e+00,0.000000e+00,0.0000,0.0000,0
84,features.13,280,active,0.000000,0.000000e+00,0.000000e+00,0.0217,0.0217,201
84,features.13,281,active,0.000000,0.000000e+00,0.000000e+00,0.1087,0.1087,201
84,features.13,282,pruned_before,nan,0.000000e+00,0.000000e+00,0.0000,0.0000,0
84,features.13,283,pruned_before,nan,0.000000e+00,0.000000e+00,0.0000,0.0000,0
84,features.13,284,pruned_before,nan,0.000000e+00,0.000000e+00,0.0000,0.0000,0
84,features.13,285,pruned_before,nan,0.000000e+00,0.000000e+00,0.0000,0.0000,0
84,features.13,286,pruned_before,nan,0.000000e+00,0.000000e+00,0.0000,0.0000,0
84,features.13,287,pruned_before,nan,0.000000e+00,0.000000e+00,0.0000,0.0000,0
84,features.13,288,pruned_before,nan,0.000000e+00,0.000000e+00,0.0000,0.0000,0
84,features.13,289,pruned_before,nan,0.000000e+00,0.000000e+00,0.0000,0.0000,0
84,features.13,290,pruned_before,nan,0.000000e+00,0.000000e+00,0.0000,0.0000,0
84,features.13,291,pruned_before,nan,0.000000e+00,0.000000e+00,0.0000,0.0000,0
84,features.13,292,pruned_before,nan,0.000000e+00,0.000000e+00,0.0000,0.0000,0
84,features.13,293,pruned_before,nan,0.000000e+00,0.000000e+00,0.0000,0.0000,0
84,features.13,294,pruned_before,nan,0.000000e+00,0.000000e+00,0.0000,0.0000,0
84,features.13,295,pruned_before,nan,0.000000e+00,0.000000e+00,0.0000,0.0000,0
84,features.13,296,pruned_before,nan,0.000000e+00,0.000000e+00,0.0000,0.0000,0
84,features.13,297,pruned_before,nan,0.000000e+00,0.000000e+00,0.0000,0.0000,0
84,features.13,298,pruned_before,nan,0.000000e+00,0.000000e+00,0.0000,0.0000,0
84,features.13,299,pruned_before,nan,0.000000e+00,0.000000e+00,0.0000,0.0000,0
84,features.13,300,pruned_before,nan,0.000000e+00,0.000000e+00,0.0000,0.0000,0
84,features.13,301,active,-0.086957,7.497894e-08,1.422469e-05,0.5652,0.3913,201
84,features.13,302,pruned_before,nan,0.000000e+00,0.000000e+00,0.0000,0.0000,0
84,features.13,303,active,-0.054348,1.352593e-07,3.384711e-05,0.6739,0.5652,201
84,features.13,304,pruned_before,nan,0.000000e+00,0.000000e+00,0.0000,0.0000,0
84,features.13,305,pruned_before,nan,0.000000e+00,0.000000e+00,0.0000,0.0000,0
84,features.13,306,active,-0.054348,8.242543e-07,8.642973e-05,0.9783,0.8696,201
84,features.13,307,pruned_before,nan,0.000000e+00,0.000000e+00,0.0000,0.0000,0
84,features.13,308,pruned_before,nan,0.000000e+00,0.000000e+00,0.0000,0.0000,0
84,features.13,309,pruned_before,nan,0.000000e+00,0.000000e+00,0.0000,0.0000,0
84,features.13,310,pruned_before,nan,0.000000e+00,0.000000e+00,0.0000,0.0000,0
84,features.13,311,pruned_before,nan,0.000000e+00,0.000000e+00,0.0000,0.0000,0
84,features.13,312,pruned_before,nan,0.000000e+00,0.000000e+00,0.0000,0.0000,0
84,features.13,313,pruned_before,nan,0.000000e+00,0.000000e+00,0.0000,0.0000,0
84,features.13,314,pruned_before,nan,0.000000e+00,0.000000e+00,0.0000,0.0000,0
84,features.13,315,pruned_before,nan,0.000000e+00,0.000000e+00,0.0000,0.0000,0
84,features.13,316,pruned_before,nan,0.000000e+00,0.000000e+00,0.0000,0.0000,0
84,features.13,317,pruned_before,nan,0.000000e+00,0.000000e+00,0.0000,0.0000,0
84,features.13,318,pruned_before,nan,0.000000e+00,0.000000e+00,0.0000,0.0000,0
84,features.13,319,pruned_before,nan,0.000000e+00,0.000000e+00,0.0000,0.0000,0
84,features.13,320,pruned_before,nan,0.000000e+00,0.000000e+00,0.0000,0.0000,0
84,features.13,321,pruned_before,nan,0.000000e+00,0.000000e+00,0.0000,0.0000,0
84,features.13,322,pruned_before,nan,0.000000e+00,0.000000e+00,0.0000,0.0000,0
84,features.13,323,pruned_before,nan,0.000000e+00,0.000000e+00,0.0000,0.0000,0
84,features.13,324,pruned_before,nan,0.000000e+00,0.000000e+00,0.0000,0.0000,0
84,features.13,325,pruned_before,nan,0.000000e+00,0.000000e+00,0.0000,0.0000,0
84,features.13,326,pruned_before,nan,0.000000e+00,0.000000e+00,0.0000,0.0000,0
84,features.13,327,pruned_before,nan,0.000000e+00,0.000000e+00,0.0000,0.0000,0
84,features.13,328,pruned_before,nan,0.000000e+00,0.000000e+00,0.0000,0.0000,0
84,features.13,329,pruned_before,nan,0.000000e+00,0.000000e+00,0.0000,0.0000,0
84,features.13,330,pruned_before,nan,0.000000e+00,0.000000e+00,0.0000,0.0000,0
84,features.13,331,pruned_before,nan,0.000000e+00,0.000000e+00,0.0000,0.0000,0
84,features.13,332,active,0.054348,9.897628e-09,4.494863e-06,0.2174,0.3261,201
84,features.13,333,pruned_before,nan,0.000000e+00,0.000000e+00,0.0000,0.0000,0
84,features.13,334,pruned_before,nan,0.000000e+00,0.000000e+00,0.0000,0.0000,0
84,features.13,335,pruned_before,nan,0.000000e+00,0.000000e+00,0.0000,0.0000,0
84,features.13,336,pruned_before,nan,0.000000e+00,0.000000e+00,0.0000,0.0000,0
84,features.13,337,pruned_before,nan,0.000000e+00,0.000000e+00,0.0000,0.0000,0
84,features.13,338,pruned_before,nan,0.000000e+00,0.000000e+00,0.0000,0.0000,0
84,features.13,339,pruned_before,nan,0.000000e+00,0.000000e+00,0.0000,0.0000,0
84,features.13,340,pruned_before,nan,0.000000e+00,0.000000e+00,0.0000,0.0000,0
84,features.13,341,pruned_before,nan,0.000000e+00,0.000000e+00,0.0000,0.0000,0
84,features.13,342,pruned_before,nan,0.000000e+00,0.000000e+00,0.0000,0.0000,0
84,features.13,343,pruned_before,nan,0.000000e+00,0.000000e+00,0.0000,0.0000,0
84,features.13,344,pruned_before,nan,0.000000e+00,0.000000e+00,0.0000,0.0000,0
84,features.13,345,pruned_before,nan,0.000000e+00,0.000000e+00,0.0000,0.0000,0
84,features.13,346,pruned_before,nan,0.000000e+00,0.000000e+00,0.0000,0.0000,0
84,features.13,347,pruned_before,nan,0.000000e+00,0.000000e+00,0.0000,0.0000,0
84,features.13,348,pruned_before,nan,0.000000e+00,0.000000e+00,0.0000,0.0000,0
84,features.13,349,pruned_before,nan,0.000000e+00,0.000000e+00,0.0000,0.0000,0
84,features.13,350,pruned_before,nan,0.000000e+00,0.000000e+00,0.0000,0.0000,0
84,features.13,351,pruned_before,nan,0.000000e+00,0.000000e+00,0.0000,0.0000,0
84,features.13,352,pruned_before,nan,0.000000e+00,0.000000e+00,0.0000,0.0000,0
84,features.13,353,pruned_before,nan,0.000000e+00,0.000000e+00,0.0000,0.0000,0
84,features.13,354,pruned_before,nan,0.000000e+00,0.000000e+00,0.0000,0.0000,0
84,features.13,355,pruned_before,nan,0.000000e+00,0.000000e+00,0.0000,0.0000,0
84,features.13,356,pruned_before,nan,0.000000e+00,0.000000e+00,0.0000,0.0000,0
84,features.13,357,active,-0.076087,1.629506e-07,3.736777e-05,0.7391,0.5870,201
84,features.13,358,pruned_before,nan,0.000000e+00,0.000000e+00,0.0000,0.0000,0
84,features.13,359,pruned_before,nan,0.000000e+00,0.000000e+00,0.0000,0.0000,0
84,features.13,360,active,0.010870,1.109490e-08,2.442818e-06,0.2609,0.2826,201
84,features.13,361,pruned_before,nan,0.000000e+00,0.000000e+00,0.0000,0.0000,0
84,features.13,362,pruned_before,nan,0.000000e+00,0.000000e+00,0.0000,0.0000,0
84,features.13,363,pruned_before,nan,0.000000e+00,0.000000e+00,0.0000,0.0000,0
84,features.13,364,pruned_before,nan,0.000000e+00,0.000000e+00,0.0000,0.0000,0
84,features.13,365,pruned_before,nan,0.000000e+00,0.000000e+00,0.0000,0.0000,0
84,features.13,366,pruned_before,nan,0.000000e+00,0.000000e+00,0.0000,0.0000,0
84,features.13,367,pruned_before,nan,0.000000e+00,0.000000e+00,0.0000,0.0000,0
84,features.13,368,pruned_before,nan,0.000000e+00,0.000000e+00,0.0000,0.0000,0
84,features.13,369,pruned_before,nan,0.000000e+00,0.000000e+00,0.0000,0.0000,0
84,features.13,370,pruned_before,nan,0.000000e+00,0.000000e+00,0.0000,0.0000,0
84,features.13,371,pruned_before,nan,0.000000e+00,0.000000e+00,0.0000,0.0000,0
84,features.13,372,pruned_before,nan,0.000000e+00,0.000000e+00,0.0000,0.0000,0
84,features.13,373,pruned_before,nan,0.000000e+00,0.000000e+00,0.0000,0.0000,0
84,features.13,374,pruned_before,nan,0.000000e+00,0.000000e+00,0.0000,0.0000,0
84,features.13,375,pruned_before,nan,0.000000e+00,0.000000e+00,0.0000,0.0000,0
84,features.13,376,pruned_before,nan,0.000000e+00,0.000000e+00,0.0000,0.0000,0
84,features.13,377,pruned_before,nan,0.000000e+00,0.000000e+00,0.0000,0.0000,0
84,features.13,378,pruned_before,nan,0.000000e+00,0.000000e+00,0.0000,0.0000,0
84,features.13,379,pruned_before,nan,0.000000e+00,0.000000e+00,0.0000,0.0000,0
84,features.13,380,pruned_before,nan,0.000000e+00,0.000000e+00,0.0000,0.0000,0
84,features.13,381,pruned_before,nan,0.000000e+00,0.000000e+00,0.0000,0.0000,0
84,features.13,382,pruned_before,nan,0.000000e+00,0.000000e+00,0.0000,0.0000,0
84,features.13,383,pruned_before,nan,0.000000e+00,0.000000e+00,0.0000,0.0000,0
84,features.13,384,pruned_before,nan,0.000000e+00,0.000000e+00,0.0000,0.0000,0
84,features.13,385,pruned_before,nan,0.000000e+00,0.000000e+00,0.0000,0.0000,0
84,features.13,386,pruned_before,nan,0.000000e+00,0.000000e+00,0.0000,0.0000,0
84,features.13,387,pruned_before,nan,0.000000e+00,0.000000e+00,0.0000,0.0000,0
84,features.13,388,pruned_before,nan,0.000000e+00,0.000000e+00,0.0000,0.0000,0
84,features.13,389,pruned_before,nan,0.000000e+00,0.000000e+00,0.0000,0.0000,0
84,features.13,390,pruned_before,nan,0.000000e+00,0.000000e+00,0.0000,0.0000,0
84,features.13,391,pruned_before,nan,0.000000e+00,0.000000e+00,0.0000,0.0000,0
84,features.13,392,pruned_before,nan,0.000000e+00,0.000000e+00,0.0000,0.0000,0
84,features.13,393,pruned_before,nan,0.000000e+00,0.000000e+00,0.0000,0.0000,0
84,features.13,394,pruned_before,nan,0.000000e+00,0.000000e+00,0.0000,0.0000,0
84,features.13,395,pruned_before,nan,0.000000e+00,0.000000e+00,0.0000,0.0000,0
84,features.13,396,pruned_before,nan,0.000000e+00,0.000000e+00,0.0000,0.0000,0
84,features.13,397,pruned_before,nan,0.000000e+00,0.000000e+00,0.0000,0.0000,0
84,features.13,398,active,-0.065217,2.964931e-07,6.040423e-05,0.8696,0.7391,201
84,features.13,399,pruned_before,nan,0.000000e+00,0.000000e+00,0.0000,0.0000,0
84,features.13,400,pruned_before,nan,0.000000e+00,0.000000e+00,0.0000,0.0000,0
84,features.13,401,pruned_before,nan,0.000000e+00,0.000000e+00,0.0000,0.0000,0
84,features.13,402,protected,0.173913,1.241244e-07,3.211458e-04,0.6522,1.0000,201
84,features.13,403,pruned_before,nan,0.000000e+00,0.000000e+00,0.0000,0.0000,0
84,features.13,404,pruned_before,nan,0.000000e+00,0.000000e+00,0.0000,0.0000,0
84,features.13,405,pruned_before,nan,0.000000e+00,0.000000e+00,0.0000,0.0000,0
84,features.13,406,pruned_before,nan,0.000000e+00,0.000000e+00,0.0000,0.0000,0
84,features.13,407,pruned_before,nan,0.000000e+00,0.000000e+00,0.0000,0.0000,0
84,features.13,408,pruned_before,nan,0.000000e+00,0.000000e+00,0.0000,0.0000,0
84,features.13,409,pruned_before,nan,0.000000e+00,0.000000e+00,0.0000,0.0000,0
84,features.13,410,pruned_before,nan,0.000000e+00,0.000000e+00,0.0000,0.0000,0
84,features.13,411,pruned_before,nan,0.000000e+00,0.000000e+00,0.0000,0.0000,0
84,features.13,412,pruned_before,nan,0.000000e+00,0.000000e+00,0.0000,0.0000,0
84,features.13,413,pruned_before,nan,0.000000e+00,0.000000e+00,0.0000,0.0000,0
84,features.13,414,pruned_before,nan,0.000000e+00,0.000000e+00,0.0000,0.0000,0
84,features.13,415,pruned_before,nan,0.000000e+00,0.000000e+00,0.0000,0.0000,0
84,features.13,416,pruned_before,nan,0.000000e+00,0.000000e+00,0.0000,0.0000,0
84,features.13,417,pruned_before,nan,0.000000e+00,0.000000e+00,0.0000,0.0000,0
84,features.13,418,pruned_before,nan,0.000000e+00,0.000000e+00,0.0000,0.0000,0
84,features.13,419,pruned_before,nan,0.000000e+00,0.000000e+00,0.0000,0.0000,0
84,features.13,420,pruned_before,nan,0.000000e+00,0.000000e+00,0.0000,0.0000,0
84,features.13,421,pruned_before,nan,0.000000e+00,0.000000e+00,0.0000,0.0000,0
84,features.13,422,pruned_before,nan,0.000000e+00,0.000000e+00,0.0000,0.0000,0
84,features.13,423,pruned_before,nan,0.000000e+00,0.000000e+00,0.0000,0.0000,0
84,features.13,424,pruned_before,nan,0.000000e+00,0.000000e+00,0.0000,0.0000,0
84,features.13,425,pruned_before,nan,0.000000e+00,0.000000e+00,0.0000,0.0000,0
84,features.13,426,pruned_before,nan,0.000000e+00,0.000000e+00,0.0000,0.0000,0
84,features.13,427,active,-0.076087,3.957923e-07,6.874813e-05,0.9348,0.7826,201
84,features.13,428,pruned_before,nan,0.000000e+00,0.000000e+00,0.0000,0.0000,0
84,features.13,429,pruned_before,nan,0.000000e+00,0.000000e+00,0.0000,0.0000,0
84,features.13,430,pruned_before,nan,0.000000e+00,0.000000e+00,0.0000,0.0000,0
84,features.13,431,pruned_before,nan,0.000000e+00,0.000000e+00,0.0000,0.0000,0
84,features.13,432,pruned_before,nan,0.000000e+00,0.000000e+00,0.0000,0.0000,0
84,features.13,433,pruned_before,nan,0.000000e+00,0.000000e+00,0.0000,0.0000,0
84,features.13,434,pruned_before,nan,0.000000e+00,0.000000e+00,0.0000,0.0000,0
84,features.13,435,pruned_before,nan,0.000000e+00,0.000000e+00,0.0000,0.0000,0
84,features.13,436,pruned_before,nan,0.000000e+00,0.000000e+00,0.0000,0.0000,0
84,features.13,437,pruned_before,nan,0.000000e+00,0.000000e+00,0.0000,0.0000,0
84,features.13,438,pruned_before,nan,0.000000e+00,0.000000e+00,0.0000,0.0000,0
84,features.13,439,pruned_before,nan,0.000000e+00,0.000000e+00,0.0000,0.0000,0
84,features.13,440,pruned_before,nan,0.000000e+00,0.000000e+00,0.0000,0.0000,0
84,features.13,441,pruned_before,nan,0.000000e+00,0.000000e+00,0.0000,0.0000,0
84,features.13,442,pruned_before,nan,0.000000e+00,0.000000e+00,0.0000,0.0000,0
84,features.13,443,active,0.021739,4.320611e-08,2.703028e-05,0.4565,0.5000,201
84,features.13,444,pruned_before,nan,0.000000e+00,0.000000e+00,0.0000,0.0000,0
84,features.13,445,pruned_before,nan,0.000000e+00,0.000000e+00,0.0000,0.0000,0
84,features.13,446,pruned_before,nan,0.000000e+00,0.000000e+00,0.0000,0.0000,0
84,features.13,447,pruned_before,nan,0.000000e+00,0.000000e+00,0.0000,0.0000,0
84,features.13,448,active,-0.054348,1.221631e-08,5.247392e-07,0.2826,0.1739,201
84,features.13,449,pruned_before,nan,0.000000e+00,0.000000e+00,0.0000,0.0000,0
84,features.13,450,pruned_before,nan,0.000000e+00,0.000000e+00,0.0000,0.0000,0
84,features.13,451,active,0.195652,7.451401e-08,1.373626e-04,0.5435,0.9348,201
84,features.13,452,pruned_before,nan,0.000000e+00,0.000000e+00,0.0000,0.0000,0
84,features.13,453,pruned_before,nan,0.000000e+00,0.000000e+00,0.0000,0.0000,0
84,features.13,454,pruned_before,nan,0.000000e+00,0.000000e+00,0.0000,0.0000,0
84,features.13,455,pruned_before,nan,0.000000e+00,0.000000e+00,0.0000,0.0000,0
84,features.13,456,pruned_before,nan,0.000000e+00,0.000000e+00,0.0000,0.0000,0
84,features.13,457,pruned_before,nan,0.000000e+00,0.000000e+00,0.0000,0.0000,0
84,features.13,458,pruned_before,nan,0.000000e+00,0.000000e+00,0.0000,0.0000,0
84,features.13,459,active,-0.108696,2.633841e-07,3.975107e-05,0.8478,0.6304,201
84,features.13,460,pruned_before,nan,0.000000e+00,0.000000e+00,0.0000,0.0000,0
84,features.13,461,pruned_before,nan,0.000000e+00,0.000000e+00,0.0000,0.0000,0
84,features.13,462,pruned_before,nan,0.000000e+00,0.000000e+00,0.0000,0.0000,0
84,features.13,463,pruned_before,nan,0.000000e+00,0.000000e+00,0.0000,0.0000,0
84,features.13,464,pruned_before,nan,0.000000e+00,0.000000e+00,0.0000,0.0000,0
84,features.13,465,pruned_before,nan,0.000000e+00,0.000000e+00,0.0000,0.0000,0
84,features.13,466,pruned_before,nan,0.000000e+00,0.000000e+00,0.0000,0.0000,0
84,features.13,467,pruned_before,nan,0.000000e+00,0.000000e+00,0.0000,0.0000,0
84,features.13,468,pruned_before,nan,0.000000e+00,0.000000e+00,0.0000,0.0000,0
84,features.13,469,pruned_before,nan,0.000000e+00,0.000000e+00,0.0000,0.0000,0
84,features.13,470,pruned_before,nan,0.000000e+00,0.000000e+00,0.0000,0.0000,0
84,features.13,471,pruned_before,nan,0.000000e+00,0.000000e+00,0.0000,0.0000,0
84,features.13,472,pruned_before,nan,0.000000e+00,0.000000e+00,0.0000,0.0000,0
84,features.13,473,pruned_before,nan,0.000000e+00,0.000000e+00,0.0000,0.0000,0
84,features.13,474,pruned_before,nan,0.000000e+00,0.000000e+00,0.0000,0.0000,0
84,features.13,475,pruned_before,nan,0.000000e+00,0.000000e+00,0.0000,0.0000,0
84,features.13,476,active,0.163043,3.984385e-08,6.291123e-05,0.4348,0.7609,201
84,features.13,477,pruned_before,nan,0.000000e+00,0.000000e+00,0.0000,0.0000,0
84,features.13,478,pruned_before,nan,0.000000e+00,0.000000e+00,0.0000,0.0000,0
84,features.13,479,pruned_before,nan,0.000000e+00,0.000000e+00,0.0000,0.0000,0
84,features.13,480,pruned_before,nan,0.000000e+00,0.000000e+00,0.0000,0.0000,0
84,features.13,481,pruned_before,nan,0.000000e+00,0.000000e+00,0.0000,0.0000,0
84,features.13,482,pruned_before,nan,0.000000e+00,0.000000e+00,0.0000,0.0000,0
84,features.13,483,pruned_before,nan,0.000000e+00,0.000000e+00,0.0000,0.0000,0
84,features.13,484,pruned_before,nan,0.000000e+00,0.000000e+00,0.0000,0.0000,0
84,features.13,485,pruned_before,nan,0.000000e+00,0.000000e+00,0.0000,0.0000,0
84,features.13,486,pruned_before,nan,0.000000e+00,0.000000e+00,0.0000,0.0000,0
84,features.13,487,pruned_before,nan,0.000000e+00,0.000000e+00,0.0000,0.0000,0
84,features.13,488,pruned_before,nan,0.000000e+00,0.000000e+00,0.0000,0.0000,0
84,features.13,489,pruned_before,nan,0.000000e+00,0.000000e+00,0.0000,0.0000,0
84,features.13,490,pruned_before,nan,0.000000e+00,0.000000e+00,0.0000,0.0000,0
84,features.13,491,pruned_before,nan,0.000000e+00,0.000000e+00,0.0000,0.0000,0
84,features.13,492,pruned_before,nan,0.000000e+00,0.000000e+00,0.0000,0.0000,0
84,features.13,493,pruned_before,nan,0.000000e+00,0.000000e+00,0.0000,0.0000,0
84,features.13,494,active,0.010870,1.409255e-07,5.475899e-05,0.6957,0.7174,201
84,features.13,495,pruned_before,nan,0.000000e+00,0.000000e+00,0.0000,0.0000,0
84,features.13,496,pruned_before,nan,0.000000e+00,0.000000e+00,0.0000,0.0000,0
84,features.13,497,pruned_before,nan,0.000000e+00,0.000000e+00,0.0000,0.0000,0
84,features.13,498,pruned_before,nan,0.000000e+00,0.000000e+00,0.0000,0.0000,0
84,features.13,499,pruned_before,nan,0.000000e+00,0.000000e+00,0.0000,0.0000,0
84,features.13,500,pruned_before,nan,0.000000e+00,0.000000e+00,0.0000,0.0000,0
84,features.13,501,pruned_before,nan,0.000000e+00,0.000000e+00,0.0000,0.0000,0
84,features.13,502,pruned_before,nan,0.000000e+00,0.000000e+00,0.0000,0.0000,0
84,features.13,503,pruned_before,nan,0.000000e+00,0.000000e+00,0.0000,0.0000,0
84,features.13,504,pruned_before,nan,0.000000e+00,0.000000e+00,0.0000,0.0000,0
84,features.13,505,pruned_before,nan,0.000000e+00,0.000000e+00,0.0000,0.0000,0
84,features.13,506,active,-0.076087,3.990388e-07,6.946794e-05,0.9565,0.8043,201
84,features.13,507,pruned_before,nan,0.000000e+00,0.000000e+00,0.0000,0.0000,0
84,features.13,508,pruned_before,nan,0.000000e+00,0.000000e+00,0.0000,0.0000,0
84,features.13,509,pruned_before,nan,0.000000e+00,0.000000e+00,0.0000,0.0000,0
84,features.13,510,pruned_before,nan,0.000000e+00,0.000000e+00,0.0000,0.0000,0
84,features.13,511,pruned_before,nan,0.000000e+00,0.000000e+00,0.0000,0.0000,0
84,features.13,512,pruned_before,nan,0.000000e+00,0.000000e+00,0.0000,0.0000,0
84,features.13,513,pruned_before,nan,0.000000e+00,0.000000e+00,0.0000,0.0000,0
84,features.13,514,pruned_before,nan,0.000000e+00,0.000000e+00,0.0000,0.0000,0
84,features.13,515,pruned_before,nan,0.000000e+00,0.000000e+00,0.0000,0.0000,0
84,features.13,516,pruned_before,nan,0.000000e+00,0.000000e+00,0.0000,0.0000,0
84,features.13,517,pruned_before,nan,0.000000e+00,0.000000e+00,0.0000,0.0000,0
84,features.13,518,pruned_before,nan,0.000000e+00,0.000000e+00,0.0000,0.0000,0
84,features.13,519,pruned_before,nan,0.000000e+00,0.000000e+00,0.0000,0.0000,0
84,features.13,520,pruned_before,nan,0.000000e+00,0.000000e+00,0.0000,0.0000,0
84,features.13,521,pruned_before,nan,0.000000e+00,0.000000e+00,0.0000,0.0000,0
84,features.13,522,pruned_before,nan,0.000000e+00,0.000000e+00,0.0000,0.0000,0
84,features.13,523,pruned_before,nan,0.000000e+00,0.000000e+00,0.0000,0.0000,0
84,features.13,524,pruned_before,nan,0.000000e+00,0.000000e+00,0.0000,0.0000,0
84,features.13,525,pruned_before,nan,0.000000e+00,0.000000e+00,0.0000,0.0000,0
84,features.13,526,pruned_before,nan,0.000000e+00,0.000000e+00,0.0000,0.0000,0
84,features.13,527,pruned_before,nan,0.000000e+00,0.000000e+00,0.0000,0.0000,0
84,features.13,528,pruned_before,nan,0.000000e+00,0.000000e+00,0.0000,0.0000,0
84,features.13,529,pruned_before,nan,0.000000e+00,0.000000e+00,0.0000,0.0000,0
84,features.13,530,pruned_before,nan,0.000000e+00,0.000000e+00,0.0000,0.0000,0
84,features.13,531,pruned_before,nan,0.000000e+00,0.000000e+00,0.0000,0.0000,0
84,features.13,532,pruned_before,nan,0.000000e+00,0.000000e+00,0.0000,0.0000,0
84,features.13,533,pruned_before,nan,0.000000e+00,0.000000e+00,0.0000,0.0000,0
84,features.13,534,active,0.000000,0.000000e+00,0.000000e+00,0.1304,0.1304,201
84,features.13,535,pruned_before,nan,0.000000e+00,0.000000e+00,0.0000,0.0000,0
84,features.13,536,pruned_before,nan,0.000000e+00,0.000000e+00,0.0000,0.0000,0
84,features.13,537,pruned_before,nan,0.000000e+00,0.000000e+00,0.0000,0.0000,0
84,features.13,538,pruned_before,nan,0.000000e+00,0.000000e+00,0.0000,0.0000,0
84,features.13,539,pruned_before,nan,0.000000e+00,0.000000e+00,0.0000,0.0000,0
84,features.13,540,pruned_before,nan,0.000000e+00,0.000000e+00,0.0000,0.0000,0
84,features.13,541,pruned_before,nan,0.000000e+00,0.000000e+00,0.0000,0.0000,0
84,features.13,542,pruned_before,nan,0.000000e+00,0.000000e+00,0.0000,0.0000,0
84,features.13,543,pruned_before,nan,0.000000e+00,0.000000e+00,0.0000,0.0000,0
84,features.13,544,active,0.000000,0.000000e+00,0.000000e+00,0.0870,0.0870,201
84,features.13,545,pruned_before,nan,0.000000e+00,0.000000e+00,0.0000,0.0000,0
84,features.13,546,pruned_before,nan,0.000000e+00,0.000000e+00,0.0000,0.0000,0
84,features.13,547,pruned_before,nan,0.000000e+00,0.000000e+00,0.0000,0.0000,0
84,features.13,548,pruned_before,nan,0.000000e+00,0.000000e+00,0.0000,0.0000,0
84,features.13,549,active,0.097826,2.060269e-07,1.470959e-04,0.7609,0.9565,201
84,features.13,550,pruned_before,nan,0.000000e+00,0.000000e+00,0.0000,0.0000,0
84,features.13,551,pruned_before,nan,0.000000e+00,0.000000e+00,0.0000,0.0000,0
84,features.13,552,pruned_before,nan,0.000000e+00,0.000000e+00,0.0000,0.0000,0
84,features.13,553,pruned_before,nan,0.000000e+00,0.000000e+00,0.0000,0.0000,0
84,features.13,554,pruned_before,nan,0.000000e+00,0.000000e+00,0.0000,0.0000,0
84,features.13,555,pruned_before,nan,0.000000e+00,0.000000e+00,0.0000,0.0000,0
84,features.13,556,pruned_before,nan,0.000000e+00,0.000000e+00,0.0000,0.0000,0
84,features.13,557,pruned_before,nan,0.000000e+00,0.000000e+00,0.0000,0.0000,0
84,features.13,558,pruned_before,nan,0.000000e+00,0.000000e+00,0.0000,0.0000,0
84,features.13,559,pruned_before,nan,0.000000e+00,0.000000e+00,0.0000,0.0000,0
84,features.13,560,pruned_before,nan,0.000000e+00,0.000000e+00,0.0000,0.0000,0
84,features.13,561,pruned_before,nan,0.000000e+00,0.000000e+00,0.0000,0.0000,0
84,features.13,562,pruned_before,nan,0.000000e+00,0.000000e+00,0.0000,0.0000,0
84,features.13,563,pruned_before,nan,0.000000e+00,0.000000e+00,0.0000,0.0000,0
84,features.13,564,pruned_before,nan,0.000000e+00,0.000000e+00,0.0000,0.0000,0
84,features.13,565,pruned_before,nan,0.000000e+00,0.000000e+00,0.0000,0.0000,0
84,features.13,566,pruned_before,nan,0.000000e+00,0.000000e+00,0.0000,0.0000,0
84,features.13,567,pruned_before,nan,0.000000e+00,0.000000e+00,0.0000,0.0000,0
84,features.13,568,pruned_before,nan,0.000000e+00,0.000000e+00,0.0000,0.0000,0
84,features.13,569,pruned_before,nan,0.000000e+00,0.000000e+00,0.0000,0.0000,0
84,features.13,570,pruned_before,nan,0.000000e+00,0.000000e+00,0.0000,0.0000,0
84,features.13,571,active,-0.152174,2.601971e-07,2.767834e-05,0.8261,0.5217,201
84,features.13,572,pruned_before,nan,0.000000e+00,0.000000e+00,0.0000,0.0000,0
84,features.13,573,pruned_before,nan,0.000000e+00,0.000000e+00,0.0000,0.0000,0
84,features.13,574,pruned_before,nan,0.000000e+00,0.000000e+00,0.0000,0.0000,0
84,features.13,575,pruned_before,nan,0.000000e+00,0.000000e+00,0.0000,0.0000,0
84,features.14,0,pruned_before,nan,0.000000e+00,0.000000e+00,0.0000,0.0000,0
84,features.14,1,pruned_before,nan,0.000000e+00,0.000000e+00,0.0000,0.0000,0
84,features.14,2,pruned_before,nan,0.000000e+00,0.000000e+00,0.0000,0.0000,0
84,features.14,3,pruned_before,nan,0.000000e+00,0.000000e+00,0.0000,0.0000,0
84,features.14,4,pruned_before,nan,0.000000e+00,0.000000e+00,0.0000,0.0000,0
84,features.14,5,pruned_before,nan,0.000000e+00,0.000000e+00,0.0000,0.0000,0
84,features.14,6,pruned_before,nan,0.000000e+00,0.000000e+00,0.0000,0.0000,0
84,features.14,7,pruned_before,nan,0.000000e+00,0.000000e+00,0.0000,0.0000,0
84,features.14,8,pruned_before,nan,0.000000e+00,0.000000e+00,0.0000,0.0000,0
84,features.14,9,pruned_before,nan,0.000000e+00,0.000000e+00,0.0000,0.0000,0
84,features.14,10,pruned_before,nan,0.000000e+00,0.000000e+00,0.0000,0.0000,0
84,features.14,11,pruned_before,nan,0.000000e+00,0.000000e+00,0.0000,0.0000,0
84,features.14,12,pruned_before,nan,0.000000e+00,0.000000e+00,0.0000,0.0000,0
84,features.14,13,active,-0.086957,6.236079e-07,1.215517e-05,0.4783,0.3043,265
84,features.14,14,pruned_before,nan,0.000000e+00,0.000000e+00,0.0000,0.0000,0
84,features.14,15,pruned_before,nan,0.000000e+00,0.000000e+00,0.0000,0.0000,0
84,features.14,16,pruned_before,nan,0.000000e+00,0.000000e+00,0.0000,0.0000,0
84,features.14,17,active,-0.021739,4.637331e-06,3.596866e-05,0.8043,0.7609,265
84,features.14,18,pruned_before,nan,0.000000e+00,0.000000e+00,0.0000,0.0000,0
84,features.14,19,pruned_before,nan,0.000000e+00,0.000000e+00,0.0000,0.0000,0
84,features.14,20,active,0.000000,3.496299e-06,3.298723e-05,0.7174,0.7174,265
84,features.14,21,pruned_before,nan,0.000000e+00,0.000000e+00,0.0000,0.0000,0
84,features.14,22,pruned_before,nan,0.000000e+00,0.000000e+00,0.0000,0.0000,0
84,features.14,23,pruned_before,nan,0.000000e+00,0.000000e+00,0.0000,0.0000,0
84,features.14,24,pruned_before,nan,0.000000e+00,0.000000e+00,0.0000,0.0000,0
84,features.14,25,pruned_before,nan,0.000000e+00,0.000000e+00,0.0000,0.0000,0
84,features.14,26,pruned_before,nan,0.000000e+00,0.000000e+00,0.0000,0.0000,0
84,features.14,27,pruned_before,nan,0.000000e+00,0.000000e+00,0.0000,0.0000,0
84,features.14,28,active,-0.032609,1.152113e-05,6.071437e-05,0.9783,0.9130,265
84,features.14,29,pruned_before,nan,0.000000e+00,0.000000e+00,0.0000,0.0000,0
84,features.14,30,pruned_before,nan,0.000000e+00,0.000000e+00,0.0000,0.0000,0
84,features.14,31,pruned_before,nan,0.000000e+00,0.000000e+00,0.0000,0.0000,0
84,features.14,32,pruned_before,nan,0.000000e+00,0.000000e+00,0.0000,0.0000,0
84,features.14,33,pruned_before,nan,0.000000e+00,0.000000e+00,0.0000,0.0000,0
84,features.14,34,pruned_before,nan,0.000000e+00,0.000000e+00,0.0000,0.0000,0
84,features.14,35,pruned_before,nan,0.000000e+00,0.000000e+00,0.0000,0.0000,0
84,features.14,36,pruned_before,nan,0.000000e+00,0.000000e+00,0.0000,0.0000,0
84,features.14,37,pruned_before,nan,0.000000e+00,0.000000e+00,0.0000,0.0000,0
84,features.14,38,pruned_before,nan,0.000000e+00,0.000000e+00,0.0000,0.0000,0
84,features.14,39,pruned_before,nan,0.000000e+00,0.000000e+00,0.0000,0.0000,0
84,features.14,40,pruned_before,nan,0.000000e+00,0.000000e+00,0.0000,0.0000,0
84,features.14,41,pruned_before,nan,0.000000e+00,0.000000e+00,0.0000,0.0000,0
84,features.14,42,pruned_before,nan,0.000000e+00,0.000000e+00,0.0000,0.0000,0
84,features.14,43,pruned_before,nan,0.000000e+00,0.000000e+00,0.0000,0.0000,0
84,features.14,44,pruned_before,nan,0.000000e+00,0.000000e+00,0.0000,0.0000,0
84,features.14,45,pruned_before,nan,0.000000e+00,0.000000e+00,0.0000,0.0000,0
84,features.14,46,pruned_before,nan,0.000000e+00,0.000000e+00,0.0000,0.0000,0
84,features.14,47,pruned_before,nan,0.000000e+00,0.000000e+00,0.0000,0.0000,0
84,features.14,48,pruned_before,nan,0.000000e+00,0.000000e+00,0.0000,0.0000,0
84,features.14,49,pruned_before,nan,0.000000e+00,0.000000e+00,0.0000,0.0000,0
84,features.14,50,pruned_before,nan,0.000000e+00,0.000000e+00,0.0000,0.0000,0
84,features.14,51,pruned_before,nan,0.000000e+00,0.000000e+00,0.0000,0.0000,0
84,features.14,52,pruned_before,nan,0.000000e+00,0.000000e+00,0.0000,0.0000,0
84,features.14,53,pruned_before,nan,0.000000e+00,0.000000e+00,0.0000,0.0000,0
84,features.14,54,pruned_before,nan,0.000000e+00,0.000000e+00,0.0000,0.0000,0
84,features.14,55,pruned_before,nan,0.000000e+00,0.000000e+00,0.0000,0.0000,0
84,features.14,56,pruned_before,nan,0.000000e+00,0.000000e+00,0.0000,0.0000,0
84,features.14,57,active,-0.010870,5.885619e-06,3.796332e-05,0.8478,0.8261,265
84,features.14,58,pruned_before,nan,0.000000e+00,0.000000e+00,0.0000,0.0000,0
84,features.14,59,pruned_before,nan,0.000000e+00,0.000000e+00,0.0000,0.0000,0
84,features.14,60,pruned_before,nan,0.000000e+00,0.000000e+00,0.0000,0.0000,0
84,features.14,61,pruned_before,nan,0.000000e+00,0.000000e+00,0.0000,0.0000,0
84,features.14,62,pruned_before,nan,0.000000e+00,0.000000e+00,0.0000,0.0000,0
84,features.14,63,pruned_before,nan,0.000000e+00,0.000000e+00,0.0000,0.0000,0
84,features.14,64,pruned_before,nan,0.000000e+00,0.000000e+00,0.0000,0.0000,0
84,features.14,65,pruned_before,nan,0.000000e+00,0.000000e+00,0.0000,0.0000,0
84,features.14,66,pruned_before,nan,0.000000e+00,0.000000e+00,0.0000,0.0000,0
84,features.14,67,pruned_before,nan,0.000000e+00,0.000000e+00,0.0000,0.0000,0
84,features.14,68,pruned_before,nan,0.000000e+00,0.000000e+00,0.0000,0.0000,0
84,features.14,69,pruned_before,nan,0.000000e+00,0.000000e+00,0.0000,0.0000,0
84,features.14,70,pruned_before,nan,0.000000e+00,0.000000e+00,0.0000,0.0000,0
84,features.14,71,pruned_before,nan,0.000000e+00,0.000000e+00,0.0000,0.0000,0
84,features.14,72,pruned_before,nan,0.000000e+00,0.000000e+00,0.0000,0.0000,0
84,features.14,73,pruned_before,nan,0.000000e+00,0.000000e+00,0.0000,0.0000,0
84,features.14,74,pruned_before,nan,0.000000e+00,0.000000e+00,0.0000,0.0000,0
84,features.14,75,pruned_before,nan,0.000000e+00,0.000000e+00,0.0000,0.0000,0
84,features.14,76,pruned_before,nan,0.000000e+00,0.000000e+00,0.0000,0.0000,0
84,features.14,77,pruned_before,nan,0.000000e+00,0.000000e+00,0.0000,0.0000,0
84,features.14,78,active,-0.043478,1.262681e-06,1.558293e-05,0.5217,0.4348,265
84,features.14,79,pruned_before,nan,0.000000e+00,0.000000e+00,0.0000,0.0000,0
84,features.14,80,pruned_before,nan,0.000000e+00,0.000000e+00,0.0000,0.0000,0
84,features.14,81,pruned_before,nan,0.000000e+00,0.000000e+00,0.0000,0.0000,0
84,features.14,82,pruned_before,nan,0.000000e+00,0.000000e+00,0.0000,0.0000,0
84,features.14,83,pruned_before,nan,0.000000e+00,0.000000e+00,0.0000,0.0000,0
84,features.14,84,pruned_before,nan,0.000000e+00,0.000000e+00,0.0000,0.0000,0
84,features.14,85,pruned_before,nan,0.000000e+00,0.000000e+00,0.0000,0.0000,0
84,features.14,86,active,-0.239130,8.572378e-06,1.865387e-05,0.9565,0.4783,265
84,features.14,87,pruned_before,nan,0.000000e+00,0.000000e+00,0.0000,0.0000,0
84,features.14,88,pruned_before,nan,0.000000e+00,0.000000e+00,0.0000,0.0000,0
84,features.14,89,pruned_before,nan,0.000000e+00,0.000000e+00,0.0000,0.0000,0
84,features.14,90,pruned_before,nan,0.000000e+00,0.000000e+00,0.0000,0.0000,0
84,features.14,91,pruned_before,nan,0.000000e+00,0.000000e+00,0.0000,0.0000,0
84,features.14,92,pruned_before,nan,0.000000e+00,0.000000e+00,0.0000,0.0000,0
84,features.14,93,pruned_before,nan,0.000000e+00,0.000000e+00,0.0000,0.0000,0
84,features.14,94,pruned_before,nan,0.000000e+00,0.000000e+00,0.0000,0.0000,0
84,features.14,95,pruned_before,nan,0.000000e+00,0.000000e+00,0.0000,0.0000,0
84,features.14,96,pruned_before,nan,0.000000e+00,0.000000e+00,0.0000,0.0000,0
84,features.14,97,pruned_before,nan,0.000000e+00,0.000000e+00,0.0000,0.0000,0
84,features.14,98,pruned_before,nan,0.000000e+00,0.000000e+00,0.0000,0.0000,0
84,features.14,99,pruned_before,nan,0.000000e+00,0.000000e+00,0.0000,0.0000,0
84,features.14,100,pruned_before,nan,0.000000e+00,0.000000e+00,0.0000,0.0000,0
84,features.14,101,pruned_before,nan,0.000000e+00,0.000000e+00,0.0000,0.0000,0
84,features.14,102,pruned_before,nan,0.000000e+00,0.000000e+00,0.0000,0.0000,0
84,features.14,103,active,-0.043478,3.564188e-07,4.875446e-06,0.3043,0.2174,265
84,features.14,104,pruned_before,nan,0.000000e+00,0.000000e+00,0.0000,0.0000,0
84,features.14,105,pruned_before,nan,0.000000e+00,0.000000e+00,0.0000,0.0000,0
84,features.14,106,pruned_before,nan,0.000000e+00,0.000000e+00,0.0000,0.0000,0
84,features.14,107,pruned_before,nan,0.000000e+00,0.000000e+00,0.0000,0.0000,0
84,features.14,108,pruned_before,nan,0.000000e+00,0.000000e+00,0.0000,0.0000,0
84,features.14,109,active,-0.010870,1.622363e-07,3.736645e-06,0.1739,0.1522,265
84,features.14,110,pruned_before,nan,0.000000e+00,0.000000e+00,0.0000,0.0000,0
84,features.14,111,active,0.065217,3.845563e-07,1.779274e-05,0.3261,0.4565,265
84,features.14,112,pruned_before,nan,0.000000e+00,0.000000e+00,0.0000,0.0000,0
84,features.14,113,pruned_before,nan,0.000000e+00,0.000000e+00,0.0000,0.0000,0
84,features.14,114,pruned_before,nan,0.000000e+00,0.000000e+00,0.0000,0.0000,0
84,features.14,115,pruned_before,nan,0.000000e+00,0.000000e+00,0.0000,0.0000,0
84,features.14,116,pruned_before,nan,0.000000e+00,0.000000e+00,0.0000,0.0000,0
84,features.14,117,pruned_before,nan,0.000000e+00,0.000000e+00,0.0000,0.0000,0
84,features.14,118,pruned_before,nan,0.000000e+00,0.000000e+00,0.0000,0.0000,0
84,features.14,119,pruned_before,nan,0.000000e+00,0.000000e+00,0.0000,0.0000,0
84,features.14,120,pruned_before,nan,0.000000e+00,0.000000e+00,0.0000,0.0000,0
84,features.14,121,active,0.358696,1.075462e-07,4.353992e-05,0.1522,0.8696,265
84,features.14,122,active,-0.021739,2.135127e-07,4.597141e-06,0.2174,0.1739,265
84,features.14,123,pruned_before,nan,0.000000e+00,0.000000e+00,0.0000,0.0000,0
84,features.14,124,pruned_before,nan,0.000000e+00,0.000000e+00,0.0000,0.0000,0
84,features.14,125,pruned_before,nan,0.000000e+00,0.000000e+00,0.0000,0.0000,0
84,features.14,126,pruned_before,nan,0.000000e+00,0.000000e+00,0.0000,0.0000,0
84,features.14,127,pruned_before,nan,0.000000e+00,0.000000e+00,0.0000,0.0000,0
84,features.14,128,pruned_before,nan,0.000000e+00,0.000000e+00,0.0000,0.0000,0
84,features.14,129,pruned_before,nan,0.000000e+00,0.000000e+00,0.0000,0.0000,0
84,features.14,130,pruned_before,nan,0.000000e+00,0.000000e+00,0.0000,0.0000,0
84,features.14,131,pruned_before,nan,0.000000e+00,0.000000e+00,0.0000,0.0000,0
84,features.14,132,pruned_before,nan,0.000000e+00,0.000000e+00,0.0000,0.0000,0
84,features.14,133,pruned_before,nan,0.000000e+00,0.000000e+00,0.0000,0.0000,0
84,features.14,134,pruned_before,nan,0.000000e+00,0.000000e+00,0.0000,0.0000,0
84,features.14,135,pruned_before,nan,0.000000e+00,0.000000e+00,0.0000,0.0000,0
84,features.14,136,pruned_before,nan,0.000000e+00,0.000000e+00,0.0000,0.0000,0
84,features.14,137,pruned_before,nan,0.000000e+00,0.000000e+00,0.0000,0.0000,0
84,features.14,138,pruned_before,nan,0.000000e+00,0.000000e+00,0.0000,0.0000,0
84,features.14,139,pruned_before,nan,0.000000e+00,0.000000e+00,0.0000,0.0000,0
84,features.14,140,pruned_before,nan,0.000000e+00,0.000000e+00,0.0000,0.0000,0
84,features.14,141,pruned_before,nan,0.000000e+00,0.000000e+00,0.0000,0.0000,0
84,features.14,142,active,-0.108696,2.651703e-07,7.416875e-07,0.2609,0.0435,265
84,features.14,143,pruned_before,nan,0.000000e+00,0.000000e+00,0.0000,0.0000,0
84,features.14,144,pruned_before,nan,0.000000e+00,0.000000e+00,0.0000,0.0000,0
84,features.14,145,pruned_before,nan,0.000000e+00,0.000000e+00,0.0000,0.0000,0
84,features.14,146,pruned_before,nan,0.000000e+00,0.000000e+00,0.0000,0.0000,0
84,features.14,147,active,-0.195652,2.597210e-06,1.078167e-05,0.6522,0.2609,265
84,features.14,148,pruned_before,nan,0.000000e+00,0.000000e+00,0.0000,0.0000,0
84,features.14,149,pruned_before,nan,0.000000e+00,0.000000e+00,0.0000,0.0000,0
84,features.14,150,pruned_before,nan,0.000000e+00,0.000000e+00,0.0000,0.0000,0
84,features.14,151,pruned_before,nan,0.000000e+00,0.000000e+00,0.0000,0.0000,0
84,features.14,152,pruned_before,nan,0.000000e+00,0.000000e+00,0.0000,0.0000,0
84,features.14,153,pruned_before,nan,0.000000e+00,0.000000e+00,0.0000,0.0000,0
84,features.14,154,pruned_before,nan,0.000000e+00,0.000000e+00,0.0000,0.0000,0
84,features.14,155,pruned_before,nan,0.000000e+00,0.000000e+00,0.0000,0.0000,0
84,features.14,156,pruned_before,nan,0.000000e+00,0.000000e+00,0.0000,0.0000,0
84,features.14,157,pruned_before,nan,0.000000e+00,0.000000e+00,0.0000,0.0000,0
84,features.14,158,pruned_before,nan,0.000000e+00,0.000000e+00,0.0000,0.0000,0
84,features.14,159,pruned_before,nan,0.000000e+00,0.000000e+00,0.0000,0.0000,0
84,features.14,160,pruned_before,nan,0.000000e+00,0.000000e+00,0.0000,0.0000,0
84,features.14,161,pruned_before,nan,0.000000e+00,0.000000e+00,0.0000,0.0000,0
84,features.14,162,pruned_before,nan,0.000000e+00,0.000000e+00,0.0000,0.0000,0
84,features.14,163,pruned_before,nan,0.000000e+00,0.000000e+00,0.0000,0.0000,0
84,features.14,164,pruned_before,nan,0.000000e+00,0.000000e+00,0.0000,0.0000,0
84,features.14,165,pruned_before,nan,0.000000e+00,0.000000e+00,0.0000,0.0000,0
84,features.14,166,pruned_before,nan,0.000000e+00,0.000000e+00,0.0000,0.0000,0
84,features.14,167,pruned_before,nan,0.000000e+00,0.000000e+00,0.0000,0.0000,0
84,features.14,168,pruned_before,nan,0.000000e+00,0.000000e+00,0.0000,0.0000,0
84,features.14,169,pruned_before,nan,0.000000e+00,0.000000e+00,0.0000,0.0000,0
84,features.14,170,pruned_before,nan,0.000000e+00,0.000000e+00,0.0000,0.0000,0
84,features.14,171,pruned_before,nan,0.000000e+00,0.000000e+00,0.0000,0.0000,0
84,features.14,172,pruned_before,nan,0.000000e+00,0.000000e+00,0.0000,0.0000,0
84,features.14,173,pruned_before,nan,0.000000e+00,0.000000e+00,0.0000,0.0000,0
84,features.14,174,pruned_before,nan,0.000000e+00,0.000000e+00,0.0000,0.0000,0
84,features.14,175,pruned_before,nan,0.000000e+00,0.000000e+00,0.0000,0.0000,0
84,features.14,176,pruned_before,nan,0.000000e+00,0.000000e+00,0.0000,0.0000,0
84,features.14,177,pruned_before,nan,0.000000e+00,0.000000e+00,0.0000,0.0000,0
84,features.14,178,pruned_before,nan,0.000000e+00,0.000000e+00,0.0000,0.0000,0
84,features.14,179,pruned_before,nan,0.000000e+00,0.000000e+00,0.0000,0.0000,0
84,features.14,180,active,-0.108696,4.093941e-07,2.484925e-06,0.3478,0.1304,265
84,features.14,181,pruned_before,nan,0.000000e+00,0.000000e+00,0.0000,0.0000,0
84,features.14,182,pruned_before,nan,0.000000e+00,0.000000e+00,0.0000,0.0000,0
84,features.14,183,pruned_before,nan,0.000000e+00,0.000000e+00,0.0000,0.0000,0
84,features.14,184,pruned_before,nan,0.000000e+00,0.000000e+00,0.0000,0.0000,0
84,features.14,185,pruned_before,nan,0.000000e+00,0.000000e+00,0.0000,0.0000,0
84,features.14,186,pruned_before,nan,0.000000e+00,0.000000e+00,0.0000,0.0000,0
84,features.14,187,pruned_before,nan,0.000000e+00,0.000000e+00,0.0000,0.0000,0
84,features.14,188,pruned_before,nan,0.000000e+00,0.000000e+00,0.0000,0.0000,0
84,features.14,189,pruned_before,nan,0.000000e+00,0.000000e+00,0.0000,0.0000,0
84,features.14,190,pruned_before,nan,0.000000e+00,0.000000e+00,0.0000,0.0000,0
84,features.14,191,pruned_before,nan,0.000000e+00,0.000000e+00,0.0000,0.0000,0
84,features.14,192,pruned_before,nan,0.000000e+00,0.000000e+00,0.0000,0.0000,0
84,features.14,193,pruned_before,nan,0.000000e+00,0.000000e+00,0.0000,0.0000,0
84,features.14,194,pruned_before,nan,0.000000e+00,0.000000e+00,0.0000,0.0000,0
84,features.14,195,pruned_before,nan,0.000000e+00,0.000000e+00,0.0000,0.0000,0
84,features.14,196,pruned_before,nan,0.000000e+00,0.000000e+00,0.0000,0.0000,0
84,features.14,197,pruned_before,nan,0.000000e+00,0.000000e+00,0.0000,0.0000,0
84,features.14,198,pruned_before,nan,0.000000e+00,0.000000e+00,0.0000,0.0000,0
84,features.14,199,pruned_before,nan,0.000000e+00,0.000000e+00,0.0000,0.0000,0
84,features.14,200,pruned_before,nan,0.000000e+00,0.000000e+00,0.0000,0.0000,0
84,features.14,201,pruned_before,nan,0.000000e+00,0.000000e+00,0.0000,0.0000,0
84,features.14,202,pruned_before,nan,0.000000e+00,0.000000e+00,0.0000,0.0000,0
84,features.14,203,pruned_before,nan,0.000000e+00,0.000000e+00,0.0000,0.0000,0
84,features.14,204,pruned_before,nan,0.000000e+00,0.000000e+00,0.0000,0.0000,0
84,features.14,205,pruned_before,nan,0.000000e+00,0.000000e+00,0.0000,0.0000,0
84,features.14,206,pruned_before,nan,0.000000e+00,0.000000e+00,0.0000,0.0000,0
84,features.14,207,pruned_before,nan,0.000000e+00,0.000000e+00,0.0000,0.0000,0
84,features.14,208,pruned_before,nan,0.000000e+00,0.000000e+00,0.0000,0.0000,0
84,features.14,209,pruned_before,nan,0.000000e+00,0.000000e+00,0.0000,0.0000,0
84,features.14,210,pruned_before,nan,0.000000e+00,0.000000e+00,0.0000,0.0000,0
84,features.14,211,pruned_before,nan,0.000000e+00,0.000000e+00,0.0000,0.0000,0
84,features.14,212,pruned_before,nan,0.000000e+00,0.000000e+00,0.0000,0.0000,0
84,features.14,213,active,0.347826,2.446495e-07,6.091237e-05,0.2391,0.9348,265
84,features.14,214,pruned_before,nan,0.000000e+00,0.000000e+00,0.0000,0.0000,0
84,features.14,215,pruned_before,nan,0.000000e+00,0.000000e+00,0.0000,0.0000,0
84,features.14,216,pruned_before,nan,0.000000e+00,0.000000e+00,0.0000,0.0000,0
84,features.14,217,active,-0.010870,6.456757e-08,1.172319e-06,0.0870,0.0652,265
84,features.14,218,pruned_before,nan,0.000000e+00,0.000000e+00,0.0000,0.0000,0
84,features.14,219,active,0.043478,2.337576e-09,2.444969e-06,0.0217,0.1087,265
84,features.14,220,pruned_before,nan,0.000000e+00,0.000000e+00,0.0000,0.0000,0
84,features.14,221,active,-0.271739,5.561388e-06,1.139558e-05,0.8261,0.2826,265
84,features.14,222,pruned_before,nan,0.000000e+00,0.000000e+00,0.0000,0.0000,0
84,features.14,223,pruned_before,nan,0.000000e+00,0.000000e+00,0.0000,0.0000,0
84,features.14,224,pruned_before,nan,0.000000e+00,0.000000e+00,0.0000,0.0000,0
84,features.14,225,pruned_before,nan,0.000000e+00,0.000000e+00,0.0000,0.0000,0
84,features.14,226,pruned_before,nan,0.000000e+00,0.000000e+00,0.0000,0.0000,0
84,features.14,227,pruned_before,nan,0.000000e+00,0.000000e+00,0.0000,0.0000,0
84,features.14,228,pruned_before,nan,0.000000e+00,0.000000e+00,0.0000,0.0000,0
84,features.14,229,pruned_before,nan,0.000000e+00,0.000000e+00,0.0000,0.0000,0
84,features.14,230,pruned_before,nan,0.000000e+00,0.000000e+00,0.0000,0.0000,0
84,features.14,231,pruned_before,nan,0.000000e+00,0.000000e+00,0.0000,0.0000,0
84,features.14,232,pruned_before,nan,0.000000e+00,0.000000e+00,0.0000,0.0000,0
84,features.14,233,pruned_before,nan,0.000000e+00,0.000000e+00,0.0000,0.0000,0
84,features.14,234,pruned_before,nan,0.000000e+00,0.000000e+00,0.0000,0.0000,0
84,features.14,235,pruned_before,nan,0.000000e+00,0.000000e+00,0.0000,0.0000,0
84,features.14,236,pruned_before,nan,0.000000e+00,0.000000e+00,0.0000,0.0000,0
84,features.14,237,pruned_before,nan,0.000000e+00,0.000000e+00,0.0000,0.0000,0
84,features.14,238,pruned_before,nan,0.000000e+00,0.000000e+00,0.0000,0.0000,0
84,features.14,239,pruned_before,nan,0.000000e+00,0.000000e+00,0.0000,0.0000,0
84,features.14,240,pruned_before,nan,0.000000e+00,0.000000e+00,0.0000,0.0000,0
84,features.14,241,pruned_before,nan,0.000000e+00,0.000000e+00,0.0000,0.0000,0
84,features.14,242,pruned_before,nan,0.000000e+00,0.000000e+00,0.0000,0.0000,0
84,features.14,243,pruned_before,nan,0.000000e+00,0.000000e+00,0.0000,0.0000,0
84,features.14,244,pruned_before,nan,0.000000e+00,0.000000e+00,0.0000,0.0000,0
84,features.14,245,pruned_before,nan,0.000000e+00,0.000000e+00,0.0000,0.0000,0
84,features.14,246,pruned_before,nan,0.000000e+00,0.000000e+00,0.0000,0.0000,0
84,features.14,247,pruned_before,nan,0.000000e+00,0.000000e+00,0.0000,0.0000,0
84,features.14,248,pruned_before,nan,0.000000e+00,0.000000e+00,0.0000,0.0000,0
84,features.14,249,pruned_before,nan,0.000000e+00,0.000000e+00,0.0000,0.0000,0
84,features.14,250,pruned_before,nan,0.000000e+00,0.000000e+00,0.0000,0.0000,0
84,features.14,251,pruned_before,nan,0.000000e+00,0.000000e+00,0.0000,0.0000,0
84,features.14,252,pruned_before,nan,0.000000e+00,0.000000e+00,0.0000,0.0000,0
84,features.14,253,pruned_before,nan,0.000000e+00,0.000000e+00,0.0000,0.0000,0
84,features.14,254,pruned_before,nan,0.000000e+00,0.000000e+00,0.0000,0.0000,0
84,features.14,255,pruned_before,nan,0.000000e+00,0.000000e+00,0.0000,0.0000,0
84,features.14,256,pruned_before,nan,0.000000e+00,0.000000e+00,0.0000,0.0000,0
84,features.14,257,pruned_before,nan,0.000000e+00,0.000000e+00,0.0000,0.0000,0
84,features.14,258,pruned_before,nan,0.000000e+00,0.000000e+00,0.0000,0.0000,0
84,features.14,259,active,0.065217,7.843079e-08,6.568504e-06,0.1087,0.2391,265
84,features.14,260,pruned_before,nan,0.000000e+00,0.000000e+00,0.0000,0.0000,0
84,features.14,261,pruned_before,nan,0.000000e+00,0.000000e+00,0.0000,0.0000,0
84,features.14,262,active,0.000000,2.775988e-06,3.156278e-05,0.6739,0.6739,265
84,features.14,263,pruned_before,nan,0.000000e+00,0.000000e+00,0.0000,0.0000,0
84,features.14,264,active,0.173913,1.240599e-06,3.941648e-05,0.5000,0.8478,265
84,features.14,265,pruned_before,nan,0.000000e+00,0.000000e+00,0.0000,0.0000,0
84,features.14,266,pruned_before,nan,0.000000e+00,0.000000e+00,0.0000,0.0000,0
84,features.14,267,protected,0.043478,6.940188e-06,4.327676e-04,0.9130,1.0000,265
84,features.14,268,pruned_before,nan,0.000000e+00,0.000000e+00,0.0000,0.0000,0
84,features.14,269,pruned_before,nan,0.000000e+00,0.000000e+00,0.0000,0.0000,0
84,features.14,270,pruned_before,nan,0.000000e+00,0.000000e+00,0.0000,0.0000,0
84,features.14,271,pruned_before,nan,0.000000e+00,0.000000e+00,0.0000,0.0000,0
84,features.14,272,pruned_before,nan,0.000000e+00,0.000000e+00,0.0000,0.0000,0
84,features.14,273,pruned_before,nan,0.000000e+00,0.000000e+00,0.0000,0.0000,0
84,features.14,274,pruned_before,nan,0.000000e+00,0.000000e+00,0.0000,0.0000,0
84,features.14,275,pruned_before,nan,0.000000e+00,0.000000e+00,0.0000,0.0000,0
84,features.14,276,pruned_before,nan,0.000000e+00,0.000000e+00,0.0000,0.0000,0
84,features.14,277,pruned_before,nan,0.000000e+00,0.000000e+00,0.0000,0.0000,0
84,features.14,278,pruned_before,nan,0.000000e+00,0.000000e+00,0.0000,0.0000,0
84,features.14,279,pruned_before,nan,0.000000e+00,0.000000e+00,0.0000,0.0000,0
84,features.14,280,pruned_before,nan,0.000000e+00,0.000000e+00,0.0000,0.0000,0
84,features.14,281,pruned_before,nan,0.000000e+00,0.000000e+00,0.0000,0.0000,0
84,features.14,282,pruned_before,nan,0.000000e+00,0.000000e+00,0.0000,0.0000,0
84,features.14,283,pruned_before,nan,0.000000e+00,0.000000e+00,0.0000,0.0000,0
84,features.14,284,pruned_before,nan,0.000000e+00,0.000000e+00,0.0000,0.0000,0
84,features.14,285,pruned_before,nan,0.000000e+00,0.000000e+00,0.0000,0.0000,0
84,features.14,286,pruned_before,nan,0.000000e+00,0.000000e+00,0.0000,0.0000,0
84,features.14,287,pruned_before,nan,0.000000e+00,0.000000e+00,0.0000,0.0000,0
84,features.14,288,pruned_before,nan,0.000000e+00,0.000000e+00,0.0000,0.0000,0
84,features.14,289,pruned_before,nan,0.000000e+00,0.000000e+00,0.0000,0.0000,0
84,features.14,290,pruned_before,nan,0.000000e+00,0.000000e+00,0.0000,0.0000,0
84,features.14,291,pruned_before,nan,0.000000e+00,0.000000e+00,0.0000,0.0000,0
84,features.14,292,pruned_before,nan,0.000000e+00,0.000000e+00,0.0000,0.0000,0
84,features.14,293,pruned_before,nan,0.000000e+00,0.000000e+00,0.0000,0.0000,0
84,features.14,294,pruned_before,nan,0.000000e+00,0.000000e+00,0.0000,0.0000,0
84,features.14,295,pruned_before,nan,0.000000e+00,0.000000e+00,0.0000,0.0000,0
84,features.14,296,pruned_before,nan,0.000000e+00,0.000000e+00,0.0000,0.0000,0
84,features.14,297,pruned_before,nan,0.000000e+00,0.000000e+00,0.0000,0.0000,0
84,features.14,298,pruned_before,nan,0.000000e+00,0.000000e+00,0.0000,0.0000,0
84,features.14,299,pruned_before,nan,0.000000e+00,0.000000e+00,0.0000,0.0000,0
84,features.14,300,pruned_before,nan,0.000000e+00,0.000000e+00,0.0000,0.0000,0
84,features.14,301,pruned_before,nan,0.000000e+00,0.000000e+00,0.0000,0.0000,0
84,features.14,302,pruned_before,nan,0.000000e+00,0.000000e+00,0.0000,0.0000,0
84,features.14,303,pruned_before,nan,0.000000e+00,0.000000e+00,0.0000,0.0000,0
84,features.14,304,active,-0.010870,3.738629e-08,8.083076e-11,0.0435,0.0217,265
84,features.14,305,pruned_before,nan,0.000000e+00,0.000000e+00,0.0000,0.0000,0
84,features.14,306,pruned_before,nan,0.000000e+00,0.000000e+00,0.0000,0.0000,0
84,features.14,307,pruned_before,nan,0.000000e+00,0.000000e+00,0.0000,0.0000,0
84,features.14,308,pruned_before,nan,0.000000e+00,0.000000e+00,0.0000,0.0000,0
84,features.14,309,pruned_before,nan,0.000000e+00,0.000000e+00,0.0000,0.0000,0
84,features.14,310,pruned_before,nan,0.000000e+00,0.000000e+00,0.0000,0.0000,0
84,features.14,311,active,0.108696,1.815331e-06,3.704992e-05,0.5870,0.8043,265
84,features.14,312,pruned_before,nan,0.000000e+00,0.000000e+00,0.0000,0.0000,0
84,features.14,313,pruned_before,nan,0.000000e+00,0.000000e+00,0.0000,0.0000,0
84,features.14,314,pruned_before,nan,0.000000e+00,0.000000e+00,0.0000,0.0000,0
84,features.14,315,pruned_before,nan,0.000000e+00,0.000000e+00,0.0000,0.0000,0
84,features.14,316,active,0.000000,4.763405e-07,1.546531e-05,0.4130,0.4130,265
84,features.14,317,pruned_before,nan,0.000000e+00,0.000000e+00,0.0000,0.0000,0
84,features.14,318,pruned_before,nan,0.000000e+00,0.000000e+00,0.0000,0.0000,0
84,features.14,319,pruned_before,nan,0.000000e+00,0.000000e+00,0.0000,0.0000,0
84,features.14,320,pruned_before,nan,0.000000e+00,0.000000e+00,0.0000,0.0000,0
84,features.14,321,pruned_before,nan,0.000000e+00,0.000000e+00,0.0000,0.0000,0
84,features.14,322,pruned_before,nan,0.000000e+00,0.000000e+00,0.0000,0.0000,0
84,features.14,323,pruned_before,nan,0.000000e+00,0.000000e+00,0.0000,0.0000,0
84,features.14,324,pruned_before,nan,0.000000e+00,0.000000e+00,0.0000,0.0000,0
84,features.14,325,pruned_before,nan,0.000000e+00,0.000000e+00,0.0000,0.0000,0
84,features.14,326,pruned_before,nan,0.000000e+00,0.000000e+00,0.0000,0.0000,0
84,features.14,327,pruned_before,nan,0.000000e+00,0.000000e+00,0.0000,0.0000,0
84,features.14,328,pruned_before,nan,0.000000e+00,0.000000e+00,0.0000,0.0000,0
84,features.14,329,pruned_before,nan,0.000000e+00,0.000000e+00,0.0000,0.0000,0
84,features.14,330,pruned_before,nan,0.000000e+00,0.000000e+00,0.0000,0.0000,0
84,features.14,331,pruned_before,nan,0.000000e+00,0.000000e+00,0.0000,0.0000,0
84,features.14,332,pruned_before,nan,0.000000e+00,0.000000e+00,0.0000,0.0000,0
84,features.14,333,active,0.119565,4.497294e-07,2.674859e-05,0.3913,0.6304,265
84,features.14,334,active,-0.130435,6.097206e-07,4.763638e-06,0.4565,0.1957,265
84,features.14,335,pruned_before,nan,0.000000e+00,0.000000e+00,0.0000,0.0000,0
84,features.14,336,pruned_before,nan,0.000000e+00,0.000000e+00,0.0000,0.0000,0
84,features.14,337,pruned_before,nan,0.000000e+00,0.000000e+00,0.0000,0.0000,0
84,features.14,338,pruned_before,nan,0.000000e+00,0.000000e+00,0.0000,0.0000,0
84,features.14,339,pruned_before,nan,0.000000e+00,0.000000e+00,0.0000,0.0000,0
84,features.14,340,pruned_before,nan,0.000000e+00,0.000000e+00,0.0000,0.0000,0
84,features.14,341,pruned_before,nan,0.000000e+00,0.000000e+00,0.0000,0.0000,0
84,features.14,342,pruned_before,nan,0.000000e+00,0.000000e+00,0.0000,0.0000,0
84,features.14,343,pruned_before,nan,0.000000e+00,0.000000e+00,0.0000,0.0000,0
84,features.14,344,pruned_before,nan,0.000000e+00,0.000000e+00,0.0000,0.0000,0
84,features.14,345,pruned_before,nan,0.000000e+00,0.000000e+00,0.0000,0.0000,0
84,features.14,346,pruned_before,nan,0.000000e+00,0.000000e+00,0.0000,0.0000,0
84,features.14,347,pruned_before,nan,0.000000e+00,0.000000e+00,0.0000,0.0000,0
84,features.14,348,pruned_before,nan,0.000000e+00,0.000000e+00,0.0000,0.0000,0
84,features.14,349,active,-0.304348,7.219121e-06,1.241094e-05,0.9348,0.3261,265
84,features.14,350,pruned_before,nan,0.000000e+00,0.000000e+00,0.0000,0.0000,0
84,features.14,351,pruned_before,nan,0.000000e+00,0.000000e+00,0.0000,0.0000,0
84,features.14,352,pruned_before,nan,0.000000e+00,0.000000e+00,0.0000,0.0000,0
84,features.14,353,pruned_before,nan,0.000000e+00,0.000000e+00,0.0000,0.0000,0
84,features.14,354,pruned_before,nan,0.000000e+00,0.000000e+00,0.0000,0.0000,0
84,features.14,355,pruned_before,nan,0.000000e+00,0.000000e+00,0.0000,0.0000,0
84,features.14,356,pruned_before,nan,0.000000e+00,0.000000e+00,0.0000,0.0000,0
84,features.14,357,pruned_before,nan,0.000000e+00,0.000000e+00,0.0000,0.0000,0
84,features.14,358,pruned_before,nan,0.000000e+00,0.000000e+00,0.0000,0.0000,0
84,features.14,359,pruned_before,nan,0.000000e+00,0.000000e+00,0.0000,0.0000,0
84,features.14,360,pruned_before,nan,0.000000e+00,0.000000e+00,0.0000,0.0000,0
84,features.14,361,pruned_before,nan,0.000000e+00,0.000000e+00,0.0000,0.0000,0
84,features.14,362,pruned_before,nan,0.000000e+00,0.000000e+00,0.0000,0.0000,0
84,features.14,363,pruned_before,nan,0.000000e+00,0.000000e+00,0.0000,0.0000,0
84,features.14,364,pruned_before,nan,0.000000e+00,0.000000e+00,0.0000,0.0000,0
84,features.14,365,pruned_before,nan,0.000000e+00,0.000000e+00,0.0000,0.0000,0
84,features.14,366,pruned_before,nan,0.000000e+00,0.000000e+00,0.0000,0.0000,0
84,features.14,367,active,-0.065217,3.010561e-06,2.559922e-05,0.6957,0.5652,265
84,features.14,368,pruned_before,nan,0.000000e+00,0.000000e+00,0.0000,0.0000,0
84,features.14,369,pruned_before,nan,0.000000e+00,0.000000e+00,0.0000,0.0000,0
84,features.14,370,active,0.163043,1.673274e-06,5.365530e-05,0.5652,0.8913,265
84,features.14,371,pruned_before,nan,0.000000e+00,0.000000e+00,0.0000,0.0000,0
84,features.14,372,pruned_before,nan,0.000000e+00,0.000000e+00,0.0000,0.0000,0
84,features.14,373,pruned_before,nan,0.000000e+00,0.000000e+00,0.0000,0.0000,0
84,features.14,374,pruned_before,nan,0.000000e+00,0.000000e+00,0.0000,0.0000,0
84,features.14,375,pruned_before,nan,0.000000e+00,0.000000e+00,0.0000,0.0000,0
84,features.14,376,pruned_before,nan,0.000000e+00,0.000000e+00,0.0000,0.0000,0
84,features.14,377,pruned_before,nan,0.000000e+00,0.000000e+00,0.0000,0.0000,0
84,features.14,378,pruned_before,nan,0.000000e+00,0.000000e+00,0.0000,0.0000,0
84,features.14,379,pruned_before,nan,0.000000e+00,0.000000e+00,0.0000,0.0000,0
84,features.14,380,pruned_before,nan,0.000000e+00,0.000000e+00,0.0000,0.0000,0
84,features.14,381,pruned_before,nan,0.000000e+00,0.000000e+00,0.0000,0.0000,0
84,features.14,382,pruned_before,nan,0.000000e+00,0.000000e+00,0.0000,0.0000,0
84,features.14,383,pruned_before,nan,0.000000e+00,0.000000e+00,0.0000,0.0000,0
84,features.14,384,pruned_before,nan,0.000000e+00,0.000000e+00,0.0000,0.0000,0
84,features.14,385,pruned_before,nan,0.000000e+00,0.000000e+00,0.0000,0.0000,0
84,features.14,386,pruned_before,nan,0.000000e+00,0.000000e+00,0.0000,0.0000,0
84,features.14,387,pruned_before,nan,0.000000e+00,0.000000e+00,0.0000,0.0000,0
84,features.14,388,pruned_before,nan,0.000000e+00,0.000000e+00,0.0000,0.0000,0
84,features.14,389,pruned_before,nan,0.000000e+00,0.000000e+00,0.0000,0.0000,0
84,features.14,390,pruned_before,nan,0.000000e+00,0.000000e+00,0.0000,0.0000,0
84,features.14,391,pruned_before,nan,0.000000e+00,0.000000e+00,0.0000,0.0000,0
84,features.14,392,pruned_before,nan,0.000000e+00,0.000000e+00,0.0000,0.0000,0
84,features.14,393,pruned_before,nan,0.000000e+00,0.000000e+00,0.0000,0.0000,0
84,features.14,394,pruned_before,nan,0.000000e+00,0.000000e+00,0.0000,0.0000,0
84,features.14,395,pruned_before,nan,0.000000e+00,0.000000e+00,0.0000,0.0000,0
84,features.14,396,pruned_before,nan,0.000000e+00,0.000000e+00,0.0000,0.0000,0
84,features.14,397,pruned_before,nan,0.000000e+00,0.000000e+00,0.0000,0.0000,0
84,features.14,398,pruned_before,nan,0.000000e+00,0.000000e+00,0.0000,0.0000,0
84,features.14,399,pruned_before,nan,0.000000e+00,0.000000e+00,0.0000,0.0000,0
84,features.14,400,pruned_before,nan,0.000000e+00,0.000000e+00,0.0000,0.0000,0
84,features.14,401,pruned_before,nan,0.000000e+00,0.000000e+00,0.0000,0.0000,0
84,features.14,402,active,0.108696,5.985730e-07,2.686908e-05,0.4348,0.6522,265
84,features.14,403,pruned_before,nan,0.000000e+00,0.000000e+00,0.0000,0.0000,0
84,features.14,404,pruned_before,nan,0.000000e+00,0.000000e+00,0.0000,0.0000,0
84,features.14,405,pruned_before,nan,0.000000e+00,0.000000e+00,0.0000,0.0000,0
84,features.14,406,pruned_before,nan,0.000000e+00,0.000000e+00,0.0000,0.0000,0
84,features.14,407,pruned_before,nan,0.000000e+00,0.000000e+00,0.0000,0.0000,0
84,features.14,408,pruned_before,nan,0.000000e+00,0.000000e+00,0.0000,0.0000,0
84,features.14,409,pruned_before,nan,0.000000e+00,0.000000e+00,0.0000,0.0000,0
84,features.14,410,pruned_before,nan,0.000000e+00,0.000000e+00,0.0000,0.0000,0
84,features.14,411,pruned_before,nan,0.000000e+00,0.000000e+00,0.0000,0.0000,0
84,features.14,412,pruned_before,nan,0.000000e+00,0.000000e+00,0.0000,0.0000,0
84,features.14,413,pruned_before,nan,0.000000e+00,0.000000e+00,0.0000,0.0000,0
84,features.14,414,pruned_before,nan,0.000000e+00,0.000000e+00,0.0000,0.0000,0
84,features.14,415,pruned_before,nan,0.000000e+00,0.000000e+00,0.0000,0.0000,0
84,features.14,416,pruned_before,nan,0.000000e+00,0.000000e+00,0.0000,0.0000,0
84,features.14,417,pruned_before,nan,0.000000e+00,0.000000e+00,0.0000,0.0000,0
84,features.14,418,pruned_before,nan,0.000000e+00,0.000000e+00,0.0000,0.0000,0
84,features.14,419,pruned_before,nan,0.000000e+00,0.000000e+00,0.0000,0.0000,0
84,features.14,420,pruned_before,nan,0.000000e+00,0.000000e+00,0.0000,0.0000,0
84,features.14,421,pruned_before,nan,0.000000e+00,0.000000e+00,0.0000,0.0000,0
84,features.14,422,pruned_before,nan,0.000000e+00,0.000000e+00,0.0000,0.0000,0
84,features.14,423,active,0.000000,4.099900e-07,1.259898e-05,0.3696,0.3696,265
84,features.14,424,pruned_before,nan,0.000000e+00,0.000000e+00,0.0000,0.0000,0
84,features.14,425,pruned_before,nan,0.000000e+00,0.000000e+00,0.0000,0.0000,0
84,features.14,426,pruned_before,nan,0.000000e+00,0.000000e+00,0.0000,0.0000,0
84,features.14,427,pruned_before,nan,0.000000e+00,0.000000e+00,0.0000,0.0000,0
84,features.14,428,pruned_before,nan,0.000000e+00,0.000000e+00,0.0000,0.0000,0
84,features.14,429,pruned_before,nan,0.000000e+00,0.000000e+00,0.0000,0.0000,0
84,features.14,430,pruned_before,nan,0.000000e+00,0.000000e+00,0.0000,0.0000,0
84,features.14,431,pruned_before,nan,0.000000e+00,0.000000e+00,0.0000,0.0000,0
84,features.14,432,active,0.010870,4.579714e-08,1.299256e-06,0.0652,0.0870,265
84,features.14,433,pruned_before,nan,0.000000e+00,0.000000e+00,0.0000,0.0000,0
84,features.14,434,pruned_before,nan,0.000000e+00,0.000000e+00,0.0000,0.0000,0
84,features.14,435,pruned_before,nan,0.000000e+00,0.000000e+00,0.0000,0.0000,0
84,features.14,436,pruned_before,nan,0.000000e+00,0.000000e+00,0.0000,0.0000,0
84,features.14,437,pruned_before,nan,0.000000e+00,0.000000e+00,0.0000,0.0000,0
84,features.14,438,pruned_before,nan,0.000000e+00,0.000000e+00,0.0000,0.0000,0
84,features.14,439,pruned_before,nan,0.000000e+00,0.000000e+00,0.0000,0.0000,0
84,features.14,440,pruned_before,nan,0.000000e+00,0.000000e+00,0.0000,0.0000,0
84,features.14,441,pruned_before,nan,0.000000e+00,0.000000e+00,0.0000,0.0000,0
84,features.14,442,pruned_before,nan,0.000000e+00,0.000000e+00,0.0000,0.0000,0
84,features.14,443,pruned_before,nan,0.000000e+00,0.000000e+00,0.0000,0.0000,0
84,features.14,444,pruned_before,nan,0.000000e+00,0.000000e+00,0.0000,0.0000,0
84,features.14,445,active,-0.119565,2.137540e-06,1.268481e-05,0.6304,0.3913,265
84,features.14,446,pruned_before,nan,0.000000e+00,0.000000e+00,0.0000,0.0000,0
84,features.14,447,pruned_before,nan,0.000000e+00,0.000000e+00,0.0000,0.0000,0
84,features.14,448,pruned_before,nan,0.000000e+00,0.000000e+00,0.0000,0.0000,0
84,features.14,449,pruned_before,nan,0.000000e+00,0.000000e+00,0.0000,0.0000,0
84,features.14,450,pruned_before,nan,0.000000e+00,0.000000e+00,0.0000,0.0000,0
84,features.14,451,pruned_before,nan,0.000000e+00,0.000000e+00,0.0000,0.0000,0
84,features.14,452,pruned_before,nan,0.000000e+00,0.000000e+00,0.0000,0.0000,0
84,features.14,453,pruned_before,nan,0.000000e+00,0.000000e+00,0.0000,0.0000,0
84,features.14,454,pruned_before,nan,0.000000e+00,0.000000e+00,0.0000,0.0000,0
84,features.14,455,active,0.413043,9.416087e-08,8.993660e-05,0.1304,0.9565,265
84,features.14,456,active,-0.195652,3.542896e-06,1.248749e-05,0.7391,0.3478,265
84,features.14,457,pruned_before,nan,0.000000e+00,0.000000e+00,0.0000,0.0000,0
84,features.14,458,pruned_before,nan,0.000000e+00,0.000000e+00,0.0000,0.0000,0
84,features.14,459,active,-0.054348,6.699514e-06,3.643805e-05,0.8913,0.7826,265
84,features.14,460,pruned_before,nan,0.000000e+00,0.000000e+00,0.0000,0.0000,0
84,features.14,461,pruned_before,nan,0.000000e+00,0.000000e+00,0.0000,0.0000,0
84,features.14,462,pruned_before,nan,0.000000e+00,0.000000e+00,0.0000,0.0000,0
84,features.14,463,pruned_before,nan,0.000000e+00,0.000000e+00,0.0000,0.0000,0
84,features.14,464,pruned_before,nan,0.000000e+00,0.000000e+00,0.0000,0.0000,0
84,features.14,465,pruned_before,nan,0.000000e+00,0.000000e+00,0.0000,0.0000,0
84,features.14,466,pruned_before,nan,0.000000e+00,0.000000e+00,0.0000,0.0000,0
84,features.14,467,pruned_before,nan,0.000000e+00,0.000000e+00,0.0000,0.0000,0
84,features.14,468,pruned_before,nan,0.000000e+00,0.000000e+00,0.0000,0.0000,0
84,features.14,469,pruned_before,nan,0.000000e+00,0.000000e+00,0.0000,0.0000,0
84,features.14,470,pruned_before,nan,0.000000e+00,0.000000e+00,0.0000,0.0000,0
84,features.14,471,active,-0.043478,4.532123e-06,3.239833e-05,0.7826,0.6957,265
84,features.14,472,pruned_before,nan,0.000000e+00,0.000000e+00,0.0000,0.0000,0
84,features.14,473,pruned_before,nan,0.000000e+00,0.000000e+00,0.0000,0.0000,0
84,features.14,474,pruned_before,nan,0.000000e+00,0.000000e+00,0.0000,0.0000,0
84,features.14,475,pruned_before,nan,0.000000e+00,0.000000e+00,0.0000,0.0000,0
84,features.14,476,pruned_before,nan,0.000000e+00,0.000000e+00,0.0000,0.0000,0
84,features.14,477,pruned_before,nan,0.000000e+00,0.000000e+00,0.0000,0.0000,0
84,features.14,478,pruned_before,nan,0.000000e+00,0.000000e+00,0.0000,0.0000,0
84,features.14,479,pruned_before,nan,0.000000e+00,0.000000e+00,0.0000,0.0000,0
84,features.14,480,pruned_before,nan,0.000000e+00,0.000000e+00,0.0000,0.0000,0
84,features.14,481,pruned_before,nan,0.000000e+00,0.000000e+00,0.0000,0.0000,0
84,features.14,482,active,-0.228261,1.532633e-05,2.558123e-05,1.0000,0.5435,265
84,features.14,483,pruned_before,nan,0.000000e+00,0.000000e+00,0.0000,0.0000,0
84,features.14,484,active,-0.021739,1.585186e-06,2.296261e-05,0.5435,0.5000,265
84,features.14,485,pruned_before,nan,0.000000e+00,0.000000e+00,0.0000,0.0000,0
84,features.14,486,active,-0.086957,4.271852e-06,2.586523e-05,0.7609,0.5870,265
84,features.14,487,pruned_before,nan,0.000000e+00,0.000000e+00,0.0000,0.0000,0
84,features.14,488,pruned_before,nan,0.000000e+00,0.000000e+00,0.0000,0.0000,0
84,features.14,489,pruned_before,nan,0.000000e+00,0.000000e+00,0.0000,0.0000,0
84,features.14,490,pruned_before,nan,0.000000e+00,0.000000e+00,0.0000,0.0000,0
84,features.14,491,pruned_before,nan,0.000000e+00,0.000000e+00,0.0000,0.0000,0
84,features.14,492,pruned_before,nan,0.000000e+00,0.000000e+00,0.0000,0.0000,0
84,features.14,493,pruned_before,nan,0.000000e+00,0.000000e+00,0.0000,0.0000,0
84,features.14,494,pruned_before,nan,0.000000e+00,0.000000e+00,0.0000,0.0000,0
84,features.14,495,active,-0.043478,1.855294e-06,2.431642e-05,0.6087,0.5217,265
84,features.14,496,pruned_before,nan,0.000000e+00,0.000000e+00,0.0000,0.0000,0
84,features.14,497,pruned_before,nan,0.000000e+00,0.000000e+00,0.0000,0.0000,0
84,features.14,498,pruned_before,nan,0.000000e+00,0.000000e+00,0.0000,0.0000,0
84,features.14,499,pruned_before,nan,0.000000e+00,0.000000e+00,0.0000,0.0000,0
84,features.14,500,pruned_before,nan,0.000000e+00,0.000000e+00,0.0000,0.0000,0
84,features.14,501,pruned_before,nan,0.000000e+00,0.000000e+00,0.0000,0.0000,0
84,features.14,502,pruned_before,nan,0.000000e+00,0.000000e+00,0.0000,0.0000,0
84,features.14,503,pruned_before,nan,0.000000e+00,0.000000e+00,0.0000,0.0000,0
84,features.14,504,pruned_before,nan,0.000000e+00,0.000000e+00,0.0000,0.0000,0
84,features.14,505,pruned_before,nan,0.000000e+00,0.000000e+00,0.0000,0.0000,0
84,features.14,506,pruned_before,nan,0.000000e+00,0.000000e+00,0.0000,0.0000,0
84,features.14,507,active,-0.065217,6.131268e-06,3.391162e-05,0.8696,0.7391,265
84,features.14,508,active,0.391304,2.035131e-07,1.110205e-04,0.1957,0.9783,265
84,features.14,509,pruned_before,nan,0.000000e+00,0.000000e+00,0.0000,0.0000,0
84,features.14,510,pruned_before,nan,0.000000e+00,0.000000e+00,0.0000,0.0000,0
84,features.14,511,pruned_before,nan,0.000000e+00,0.000000e+00,0.0000,0.0000,0
84,features.14,512,pruned_before,nan,0.000000e+00,0.000000e+00,0.0000,0.0000,0
84,features.14,513,pruned_before,nan,0.000000e+00,0.000000e+00,0.0000,0.0000,0
84,features.14,514,pruned_before,nan,0.000000e+00,0.000000e+00,0.0000,0.0000,0
84,features.14,515,pruned_before,nan,0.000000e+00,0.000000e+00,0.0000,0.0000,0
84,features.14,516,pruned_before,nan,0.000000e+00,0.000000e+00,0.0000,0.0000,0
84,features.14,517,pruned_before,nan,0.000000e+00,0.000000e+00,0.0000,0.0000,0
84,features.14,518,pruned_before,nan,0.000000e+00,0.000000e+00,0.0000,0.0000,0
84,features.14,519,pruned_before,nan,0.000000e+00,0.000000e+00,0.0000,0.0000,0
84,features.14,520,pruned_before,nan,0.000000e+00,0.000000e+00,0.0000,0.0000,0
84,features.14,521,pruned_before,nan,0.000000e+00,0.000000e+00,0.0000,0.0000,0
84,features.14,522,pruned_before,nan,0.000000e+00,0.000000e+00,0.0000,0.0000,0
84,features.14,523,pruned_before,nan,0.000000e+00,0.000000e+00,0.0000,0.0000,0
84,features.14,524,pruned_before,nan,0.000000e+00,0.000000e+00,0.0000,0.0000,0
84,features.14,525,pruned_before,nan,0.000000e+00,0.000000e+00,0.0000,0.0000,0
84,features.14,526,pruned_before,nan,0.000000e+00,0.000000e+00,0.0000,0.0000,0
84,features.14,527,pruned_before,nan,0.000000e+00,0.000000e+00,0.0000,0.0000,0
84,features.14,528,pruned_before,nan,0.000000e+00,0.000000e+00,0.0000,0.0000,0
84,features.14,529,pruned_before,nan,0.000000e+00,0.000000e+00,0.0000,0.0000,0
84,features.14,530,pruned_before,nan,0.000000e+00,0.000000e+00,0.0000,0.0000,0
84,features.14,531,pruned_before,nan,0.000000e+00,0.000000e+00,0.0000,0.0000,0
84,features.14,532,pruned_before,nan,0.000000e+00,0.000000e+00,0.0000,0.0000,0
84,features.14,533,pruned_before,nan,0.000000e+00,0.000000e+00,0.0000,0.0000,0
84,features.14,534,pruned_before,nan,0.000000e+00,0.000000e+00,0.0000,0.0000,0
84,features.14,535,pruned_before,nan,0.000000e+00,0.000000e+00,0.0000,0.0000,0
84,features.14,536,pruned_before,nan,0.000000e+00,0.000000e+00,0.0000,0.0000,0
84,features.14,537,pruned_before,nan,0.000000e+00,0.000000e+00,0.0000,0.0000,0
84,features.14,538,active,0.163043,3.288327e-07,2.654281e-05,0.2826,0.6087,265
84,features.14,539,pruned_before,nan,0.000000e+00,0.000000e+00,0.0000,0.0000,0
84,features.14,540,pruned_before,nan,0.000000e+00,0.000000e+00,0.0000,0.0000,0
84,features.14,541,pruned_before,nan,0.000000e+00,0.000000e+00,0.0000,0.0000,0
84,features.14,542,pruned_before,nan,0.000000e+00,0.000000e+00,0.0000,0.0000,0
84,features.14,543,active,0.000000,0.000000e+00,0.000000e+00,0.0000,0.0000,265
84,features.14,544,pruned_before,nan,0.000000e+00,0.000000e+00,0.0000,0.0000,0
84,features.14,545,pruned_before,nan,0.000000e+00,0.000000e+00,0.0000,0.0000,0
84,features.14,546,pruned_before,nan,0.000000e+00,0.000000e+00,0.0000,0.0000,0
84,features.14,547,pruned_before,nan,0.000000e+00,0.000000e+00,0.0000,0.0000,0
84,features.14,548,pruned_before,nan,0.000000e+00,0.000000e+00,0.0000,0.0000,0
84,features.14,549,pruned_before,nan,0.000000e+00,0.000000e+00,0.0000,0.0000,0
84,features.14,550,pruned_before,nan,0.000000e+00,0.000000e+00,0.0000,0.0000,0
84,features.14,551,pruned_before,nan,0.000000e+00,0.000000e+00,0.0000,0.0000,0
84,features.14,552,pruned_before,nan,0.000000e+00,0.000000e+00,0.0000,0.0000,0
84,features.14,553,pruned_before,nan,0.000000e+00,0.000000e+00,0.0000,0.0000,0
84,features.14,554,pruned_before,nan,0.000000e+00,0.000000e+00,0.0000,0.0000,0
84,features.14,555,pruned_before,nan,0.000000e+00,0.000000e+00,0.0000,0.0000,0
84,features.14,556,pruned_before,nan,0.000000e+00,0.000000e+00,0.0000,0.0000,0
84,features.14,557,pruned_before,nan,0.000000e+00,0.000000e+00,0.0000,0.0000,0
84,features.14,558,pruned_before,nan,0.000000e+00,0.000000e+00,0.0000,0.0000,0
84,features.14,559,pruned_before,nan,0.000000e+00,0.000000e+00,0.0000,0.0000,0
84,features.14,560,pruned_before,nan,0.000000e+00,0.000000e+00,0.0000,0.0000,0
84,features.14,561,pruned_before,nan,0.000000e+00,0.000000e+00,0.0000,0.0000,0
84,features.14,562,pruned_before,nan,0.000000e+00,0.000000e+00,0.0000,0.0000,0
84,features.14,563,pruned_before,nan,0.000000e+00,0.000000e+00,0.0000,0.0000,0
84,features.14,564,pruned_before,nan,0.000000e+00,0.000000e+00,0.0000,0.0000,0
84,features.14,565,pruned_before,nan,0.000000e+00,0.000000e+00,0.0000,0.0000,0
84,features.14,566,pruned_before,nan,0.000000e+00,0.000000e+00,0.0000,0.0000,0
84,features.14,567,pruned_before,nan,0.000000e+00,0.000000e+00,0.0000,0.0000,0
84,features.14,568,pruned_before,nan,0.000000e+00,0.000000e+00,0.0000,0.0000,0
84,features.14,569,pruned_before,nan,0.000000e+00,0.000000e+00,0.0000,0.0000,0
84,features.14,570,pruned_before,nan,0.000000e+00,0.000000e+00,0.0000,0.0000,0
84,features.14,571,pruned_before,nan,0.000000e+00,0.000000e+00,0.0000,0.0000,0
84,features.14,572,pruned_before,nan,0.000000e+00,0.000000e+00,0.0000,0.0000,0
84,features.14,573,pruned_before,nan,0.000000e+00,0.000000e+00,0.0000,0.0000,0
84,features.14,574,pruned_before,nan,0.000000e+00,0.000000e+00,0.0000,0.0000,0
84,features.14,575,pruned_before,nan,0.000000e+00,0.000000e+00,0.0000,0.0000,0
84,features.15,0,pruned_before,nan,0.000000e+00,0.000000e+00,0.0000,0.0000,0
84,features.15,1,pruned_before,nan,0.000000e+00,0.000000e+00,0.0000,0.0000,0
84,features.15,2,pruned_before,nan,0.000000e+00,0.000000e+00,0.0000,0.0000,0
84,features.15,3,pruned_before,nan,0.000000e+00,0.000000e+00,0.0000,0.0000,0
84,features.15,4,pruned_before,nan,0.000000e+00,0.000000e+00,0.0000,0.0000,0
84,features.15,5,pruned_before,nan,0.000000e+00,0.000000e+00,0.0000,0.0000,0
84,features.15,6,pruned_before,nan,0.000000e+00,0.000000e+00,0.0000,0.0000,0
84,features.15,7,active,0.006579,2.332607e-06,9.906783e-04,0.9737,0.9868,329
84,features.15,8,pruned_before,nan,0.000000e+00,0.000000e+00,0.0000,0.0000,0
84,features.15,9,pruned_before,nan,0.000000e+00,0.000000e+00,0.0000,0.0000,0
84,features.15,10,pruned_before,nan,0.000000e+00,0.000000e+00,0.0000,0.0000,0
84,features.15,11,pruned_before,nan,0.000000e+00,0.000000e+00,0.0000,0.0000,0
84,features.15,12,pruned_before,nan,0.000000e+00,0.000000e+00,0.0000,0.0000,0
84,features.15,13,pruned_before,nan,0.000000e+00,0.000000e+00,0.0000,0.0000,0
84,features.15,14,pruned_before,nan,0.000000e+00,0.000000e+00,0.0000,0.0000,0
84,features.15,15,pruned_before,nan,0.000000e+00,0.000000e+00,0.0000,0.0000,0
84,features.15,16,pruned_before,nan,0.000000e+00,0.000000e+00,0.0000,0.0000,0
84,features.15,17,pruned_before,nan,0.000000e+00,0.000000e+00,0.0000,0.0000,0
84,features.15,18,pruned_before,nan,0.000000e+00,0.000000e+00,0.0000,0.0000,0
84,features.15,19,pruned_before,nan,0.000000e+00,0.000000e+00,0.0000,0.0000,0
84,features.15,20,active,0.210526,3.874323e-07,1.515445e-04,0.4737,0.8947,329
84,features.15,21,pruned_before,nan,0.000000e+00,0.000000e+00,0.0000,0.0000,0
84,features.15,22,pruned_before,nan,0.000000e+00,0.000000e+00,0.0000,0.0000,0
84,features.15,23,pruned_before,nan,0.000000e+00,0.000000e+00,0.0000,0.0000,0
84,features.15,24,pruned_before,nan,0.000000e+00,0.000000e+00,0.0000,0.0000,0
84,features.15,25,pruned_before,nan,0.000000e+00,0.000000e+00,0.0000,0.0000,0
84,features.15,26,pruned_before,nan,0.000000e+00,0.000000e+00,0.0000,0.0000,0
84,features.15,27,pruned_before,nan,0.000000e+00,0.000000e+00,0.0000,0.0000,0
84,features.15,28,pruned_before,nan,0.000000e+00,0.000000e+00,0.0000,0.0000,0
84,features.15,29,pruned_before,nan,0.000000e+00,0.000000e+00,0.0000,0.0000,0
84,features.15,30,pruned_before,nan,0.000000e+00,0.000000e+00,0.0000,0.0000,0
84,features.15,31,pruned_before,nan,0.000000e+00,0.000000e+00,0.0000,0.0000,0
84,features.15,32,pruned_before,nan,0.000000e+00,0.000000e+00,0.0000,0.0000,0
84,features.15,33,pruned_before,nan,0.000000e+00,0.000000e+00,0.0000,0.0000,0
84,features.15,34,pruned_before,nan,0.000000e+00,0.000000e+00,0.0000,0.0000,0
84,features.15,35,active,0.006579,2.098106e-07,8.146118e-06,0.2895,0.3026,329
84,features.15,36,pruned_before,nan,0.000000e+00,0.000000e+00,0.0000,0.0000,0
84,features.15,37,pruned_before,nan,0.000000e+00,0.000000e+00,0.0000,0.0000,0
84,features.15,38,pruned_before,nan,0.000000e+00,0.000000e+00,0.0000,0.0000,0
84,features.15,39,pruned_before,nan,0.000000e+00,0.000000e+00,0.0000,0.0000,0
84,features.15,40,pruned_before,nan,0.000000e+00,0.000000e+00,0.0000,0.0000,0
84,features.15,41,pruned_before,nan,0.000000e+00,0.000000e+00,0.0000,0.0000,0
84,features.15,42,pruned_before,nan,0.000000e+00,0.000000e+00,0.0000,0.0000,0
84,features.15,43,pruned_before,nan,0.000000e+00,0.000000e+00,0.0000,0.0000,0
84,features.15,44,active,-0.236842,1.439209e-06,1.823025e-05,0.8947,0.4211,329
84,features.15,45,pruned_before,nan,0.000000e+00,0.000000e+00,0.0000,0.0000,0
84,features.15,46,pruned_before,nan,0.000000e+00,0.000000e+00,0.0000,0.0000,0
84,features.15,47,pruned_before,nan,0.000000e+00,0.000000e+00,0.0000,0.0000,0
84,features.15,48,pruned_before,nan,0.000000e+00,0.000000e+00,0.0000,0.0000,0
84,features.15,49,pruned_before,nan,0.000000e+00,0.000000e+00,0.0000,0.0000,0
84,features.15,50,pruned_before,nan,0.000000e+00,0.000000e+00,0.0000,0.0000,0
84,features.15,51,pruned_before,nan,0.000000e+00,0.000000e+00,0.0000,0.0000,0
84,features.15,52,pruned_before,nan,0.000000e+00,0.000000e+00,0.0000,0.0000,0
84,features.15,53,pruned_before,nan,0.000000e+00,0.000000e+00,0.0000,0.0000,0
84,features.15,54,pruned_before,nan,0.000000e+00,0.000000e+00,0.0000,0.0000,0
84,features.15,55,pruned_before,nan,0.000000e+00,0.000000e+00,0.0000,0.0000,0
84,features.15,56,pruned_before,nan,0.000000e+00,0.000000e+00,0.0000,0.0000,0
84,features.15,57,pruned_before,nan,0.000000e+00,0.000000e+00,0.0000,0.0000,0
84,features.15,58,pruned_before,nan,0.000000e+00,0.000000e+00,0.0000,0.0000,0
84,features.15,59,pruned_before,nan,0.000000e+00,0.000000e+00,0.0000,0.0000,0
84,features.15,60,pruned_before,nan,0.000000e+00,0.000000e+00,0.0000,0.0000,0
84,features.15,61,pruned_before,nan,0.000000e+00,0.000000e+00,0.0000,0.0000,0
84,features.15,62,active,-0.019737,4.939648e-07,3.175035e-05,0.5789,0.5395,329
84,features.15,63,pruned_before,nan,0.000000e+00,0.000000e+00,0.0000,0.0000,0
84,features.15,64,pruned_before,nan,0.000000e+00,0.000000e+00,0.0000,0.0000,0
84,features.15,65,pruned_before,nan,0.000000e+00,0.000000e+00,0.0000,0.0000,0
84,features.15,66,active,-0.105263,4.091563e-07,7.002812e-06,0.5000,0.2895,329
84,features.15,67,pruned_before,nan,0.000000e+00,0.000000e+00,0.0000,0.0000,0
84,features.15,68,pruned_before,nan,0.000000e+00,0.000000e+00,0.0000,0.0000,0
84,features.15,69,pruned_before,nan,0.000000e+00,0.000000e+00,0.0000,0.0000,0
84,features.15,70,pruned_before,nan,0.000000e+00,0.000000e+00,0.0000,0.0000,0
84,features.15,71,active,0.026316,5.433359e-07,4.655537e-05,0.6184,0.6711,329
84,features.15,72,pruned_before,nan,0.000000e+00,0.000000e+00,0.0000,0.0000,0
84,features.15,73,pruned_before,nan,0.000000e+00,0.000000e+00,0.0000,0.0000,0
84,features.15,74,active,0.335526,1.124131e-07,8.652256e-05,0.1447,0.8158,329
84,features.15,75,pruned_before,nan,0.000000e+00,0.000000e+00,0.0000,0.0000,0
84,features.15,76,pruned_before,nan,0.000000e+00,0.000000e+00,0.0000,0.0000,0
84,features.15,77,pruned_before,nan,0.000000e+00,0.000000e+00,0.0000,0.0000,0
84,features.15,78,pruned_before,nan,0.000000e+00,0.000000e+00,0.0000,0.0000,0
84,features.15,79,pruned_before,nan,0.000000e+00,0.000000e+00,0.0000,0.0000,0
84,features.15,80,active,0.000000,1.246011e-07,3.518059e-06,0.1711,0.1711,329
84,features.15,81,pruned_before,nan,0.000000e+00,0.000000e+00,0.0000,0.0000,0
84,features.15,82,pruned_before,nan,0.000000e+00,0.000000e+00,0.0000,0.0000,0
84,features.15,83,pruned_before,nan,0.000000e+00,0.000000e+00,0.0000,0.0000,0
84,features.15,84,pruned_before,nan,0.000000e+00,0.000000e+00,0.0000,0.0000,0
84,features.15,85,pruned_before,nan,0.000000e+00,0.000000e+00,0.0000,0.0000,0
84,features.15,86,pruned_before,nan,0.000000e+00,0.000000e+00,0.0000,0.0000,0
84,features.15,87,pruned_before,nan,0.000000e+00,0.000000e+00,0.0000,0.0000,0
84,features.15,88,pruned_before,nan,0.000000e+00,0.000000e+00,0.0000,0.0000,0
84,features.15,89,pruned_before,nan,0.000000e+00,0.000000e+00,0.0000,0.0000,0
84,features.15,90,pruned_before,nan,0.000000e+00,0.000000e+00,0.0000,0.0000,0
84,features.15,91,pruned_before,nan,0.000000e+00,0.000000e+00,0.0000,0.0000,0
84,features.15,92,pruned_before,nan,0.000000e+00,0.000000e+00,0.0000,0.0000,0
84,features.15,93,pruned_before,nan,0.000000e+00,0.000000e+00,0.0000,0.0000,0
84,features.15,94,pruned_before,nan,0.000000e+00,0.000000e+00,0.0000,0.0000,0
84,features.15,95,pruned_before,nan,0.000000e+00,0.000000e+00,0.0000,0.0000,0
84,features.15,96,pruned_before,nan,0.000000e+00,0.000000e+00,0.0000,0.0000,0
84,features.15,97,pruned_before,nan,0.000000e+00,0.000000e+00,0.0000,0.0000,0
84,features.15,98,pruned_before,nan,0.000000e+00,0.000000e+00,0.0000,0.0000,0
84,features.15,99,pruned_before,nan,0.000000e+00,0.000000e+00,0.0000,0.0000,0
84,features.15,100,pruned_before,nan,0.000000e+00,0.000000e+00,0.0000,0.0000,0
84,features.15,101,pruned_before,nan,0.000000e+00,0.000000e+00,0.0000,0.0000,0
84,features.15,102,pruned_before,nan,0.000000e+00,0.000000e+00,0.0000,0.0000,0
84,features.15,103,active,-0.019737,4.298360e-08,6.959609e-07,0.0526,0.0132,329
84,features.15,104,pruned_before,nan,0.000000e+00,0.000000e+00,0.0000,0.0000,0
84,features.15,105,pruned_before,nan,0.000000e+00,0.000000e+00,0.0000,0.0000,0
84,features.15,106,pruned_before,nan,0.000000e+00,0.000000e+00,0.0000,0.0000,0
84,features.15,107,pruned_before,nan,0.000000e+00,0.000000e+00,0.0000,0.0000,0
84,features.15,108,pruned_before,nan,0.000000e+00,0.000000e+00,0.0000,0.0000,0
84,features.15,109,active,0.302632,2.021462e-07,1.204156e-04,0.2632,0.8684,329
84,features.15,110,pruned_before,nan,0.000000e+00,0.000000e+00,0.0000,0.0000,0
84,features.15,111,pruned_before,nan,0.000000e+00,0.000000e+00,0.0000,0.0000,0
84,features.15,112,pruned_before,nan,0.000000e+00,0.000000e+00,0.0000,0.0000,0
84,features.15,113,pruned_before,nan,0.000000e+00,0.000000e+00,0.0000,0.0000,0
84,features.15,114,active,-0.013158,2.472504e-08,2.755786e-07,0.0263,0.0000,329
84,features.15,115,pruned_before,nan,0.000000e+00,0.000000e+00,0.0000,0.0000,0
84,features.15,116,pruned_before,nan,0.000000e+00,0.000000e+00,0.0000,0.0000,0
84,features.15,117,pruned_before,nan,0.000000e+00,0.000000e+00,0.0000,0.0000,0
84,features.15,118,pruned_before,nan,0.000000e+00,0.000000e+00,0.0000,0.0000,0
84,features.15,119,pruned_before,nan,0.000000e+00,0.000000e+00,0.0000,0.0000,0
84,features.15,120,pruned_before,nan,0.000000e+00,0.000000e+00,0.0000,0.0000,0
84,features.15,121,active,-0.203947,4.301546e-07,3.169753e-06,0.5263,0.1184,329
84,features.15,122,pruned_before,nan,0.000000e+00,0.000000e+00,0.0000,0.0000,0
84,features.15,123,pruned_before,nan,0.000000e+00,0.000000e+00,0.0000,0.0000,0
84,features.15,124,pruned_before,nan,0.000000e+00,0.000000e+00,0.0000,0.0000,0
84,features.15,125,pruned_before,nan,0.000000e+00,0.000000e+00,0.0000,0.0000,0
84,features.15,126,pruned_before,nan,0.000000e+00,0.000000e+00,0.0000,0.0000,0
84,features.15,127,pruned_before,nan,0.000000e+00,0.000000e+00,0.0000,0.0000,0
84,features.15,128,pruned_before,nan,0.000000e+00,0.000000e+00,0.0000,0.0000,0
84,features.15,129,pruned_before,nan,0.000000e+00,0.000000e+00,0.0000,0.0000,0
84,features.15,130,pruned_before,nan,0.000000e+00,0.000000e+00,0.0000,0.0000,0
84,features.15,131,pruned_before,nan,0.000000e+00,0.000000e+00,0.0000,0.0000,0
84,features.15,132,pruned_before,nan,0.000000e+00,0.000000e+00,0.0000,0.0000,0
84,features.15,133,pruned_before,nan,0.000000e+00,0.000000e+00,0.0000,0.0000,0
84,features.15,134,pruned_before,nan,0.000000e+00,0.000000e+00,0.0000,0.0000,0
84,features.15,135,pruned_before,nan,0.000000e+00,0.000000e+00,0.0000,0.0000,0
84,features.15,136,pruned_before,nan,0.000000e+00,0.000000e+00,0.0000,0.0000,0
84,features.15,137,pruned_before,nan,0.000000e+00,0.000000e+00,0.0000,0.0000,0
84,features.15,138,pruned_before,nan,0.000000e+00,0.000000e+00,0.0000,0.0000,0
84,features.15,139,pruned_before,nan,0.000000e+00,0.000000e+00,0.0000,0.0000,0
84,features.15,140,pruned_before,nan,0.000000e+00,0.000000e+00,0.0000,0.0000,0
84,features.15,141,pruned_before,nan,0.000000e+00,0.000000e+00,0.0000,0.0000,0
84,features.15,142,pruned_before,nan,0.000000e+00,0.000000e+00,0.0000,0.0000,0
84,features.15,143,pruned_before,nan,0.000000e+00,0.000000e+00,0.0000,0.0000,0
84,features.15,144,pruned_before,nan,0.000000e+00,0.000000e+00,0.0000,0.0000,0
84,features.15,145,pruned_before,nan,0.000000e+00,0.000000e+00,0.0000,0.0000,0
84,features.15,146,pruned_before,nan,0.000000e+00,0.000000e+00,0.0000,0.0000,0
84,features.15,147,pruned_before,nan,0.000000e+00,0.000000e+00,0.0000,0.0000,0
84,features.15,148,pruned_before,nan,0.000000e+00,0.000000e+00,0.0000,0.0000,0
84,features.15,149,pruned_before,nan,0.000000e+00,0.000000e+00,0.0000,0.0000,0
84,features.15,150,pruned_before,nan,0.000000e+00,0.000000e+00,0.0000,0.0000,0
84,features.15,151,pruned_before,nan,0.000000e+00,0.000000e+00,0.0000,0.0000,0
84,features.15,152,pruned_before,nan,0.000000e+00,0.000000e+00,0.0000,0.0000,0
84,features.15,153,active,-0.052632,2.991824e-07,6.965489e-06,0.3816,0.2763,329
84,features.15,154,pruned_before,nan,0.000000e+00,0.000000e+00,0.0000,0.0000,0
84,features.15,155,pruned_before,nan,0.000000e+00,0.000000e+00,0.0000,0.0000,0
84,features.15,156,pruned_before,nan,0.000000e+00,0.000000e+00,0.0000,0.0000,0
84,features.15,157,pruned_before,nan,0.000000e+00,0.000000e+00,0.0000,0.0000,0
84,features.15,158,pruned_before,nan,0.000000e+00,0.000000e+00,0.0000,0.0000,0
84,features.15,159,pruned_before,nan,0.000000e+00,0.000000e+00,0.0000,0.0000,0
84,features.15,160,pruned_before,nan,0.000000e+00,0.000000e+00,0.0000,0.0000,0
84,features.15,161,pruned_before,nan,0.000000e+00,0.000000e+00,0.0000,0.0000,0
84,features.15,162,active,0.125000,5.196802e-07,1.053756e-04,0.6053,0.8553,329
84,features.15,163,pruned_before,nan,0.000000e+00,0.000000e+00,0.0000,0.0000,0
84,features.15,164,pruned_before,nan,0.000000e+00,0.000000e+00,0.0000,0.0000,0
84,features.15,165,pruned_before,nan,0.000000e+00,0.000000e+00,0.0000,0.0000,0
84,features.15,166,pruned_before,nan,0.000000e+00,0.000000e+00,0.0000,0.0000,0
84,features.15,167,pruned_before,nan,0.000000e+00,0.000000e+00,0.0000,0.0000,0
84,features.15,168,pruned_before,nan,0.000000e+00,0.000000e+00,0.0000,0.0000,0
84,features.15,169,pruned_before,nan,0.000000e+00,0.000000e+00,0.0000,0.0000,0
84,features.15,170,pruned_before,nan,0.000000e+00,0.000000e+00,0.0000,0.0000,0
84,features.15,171,pruned_before,nan,0.000000e+00,0.000000e+00,0.0000,0.0000,0
84,features.15,172,active,0.052632,2.457882e-07,2.441699e-05,0.3421,0.4474,329
84,features.15,173,pruned_before,nan,0.000000e+00,0.000000e+00,0.0000,0.0000,0
84,features.15,174,pruned_before,nan,0.000000e+00,0.000000e+00,0.0000,0.0000,0
84,features.15,175,pruned_before,nan,0.000000e+00,0.000000e+00,0.0000,0.0000,0
84,features.15,176,pruned_before,nan,0.000000e+00,0.000000e+00,0.0000,0.0000,0
84,features.15,177,pruned_before,nan,0.000000e+00,0.000000e+00,0.0000,0.0000,0
84,features.15,178,pruned_before,nan,0.000000e+00,0.000000e+00,0.0000,0.0000,0
84,features.15,179,pruned_before,nan,0.000000e+00,0.000000e+00,0.0000,0.0000,0
84,features.15,180,pruned_before,nan,0.000000e+00,0.000000e+00,0.0000,0.0000,0
84,features.15,181,pruned_before,nan,0.000000e+00,0.000000e+00,0.0000,0.0000,0
84,features.15,182,pruned_before,nan,0.000000e+00,0.000000e+00,0.0000,0.0000,0
84,features.15,183,pruned_before,nan,0.000000e+00,0.000000e+00,0.0000,0.0000,0
84,features.15,184,pruned_before,nan,0.000000e+00,0.000000e+00,0.0000,0.0000,0
84,features.15,185,pruned_before,nan,0.000000e+00,0.000000e+00,0.0000,0.0000,0
84,features.15,186,pruned_before,nan,0.000000e+00,0.000000e+00,0.0000,0.0000,0
84,features.15,187,pruned_before,nan,0.000000e+00,0.000000e+00,0.0000,0.0000,0
84,features.15,188,active,-0.164474,7.199819e-07,1.315398e-05,0.7105,0.3816,329
84,features.15,189,pruned_before,nan,0.000000e+00,0.000000e+00,0.0000,0.0000,0
84,features.15,190,pruned_before,nan,0.000000e+00,0.000000e+00,0.0000,0.0000,0
84,features.15,191,pruned_before,nan,0.000000e+00,0.000000e+00,0.0000,0.0000,0
84,features.15,192,pruned_before,nan,0.000000e+00,0.000000e+00,0.0000,0.0000,0
84,features.15,193,pruned_before,nan,0.000000e+00,0.000000e+00,0.0000,0.0000,0
84,features.15,194,pruned_before,nan,0.000000e+00,0.000000e+00,0.0000,0.0000,0
84,features.15,195,pruned_before,nan,0.000000e+00,0.000000e+00,0.0000,0.0000,0
84,features.15,196,pruned_before,nan,0.000000e+00,0.000000e+00,0.0000,0.0000,0
84,features.15,197,pruned_before,nan,0.000000e+00,0.000000e+00,0.0000,0.0000,0
84,features.15,198,pruned_before,nan,0.000000e+00,0.000000e+00,0.0000,0.0000,0
84,features.15,199,pruned_before,nan,0.000000e+00,0.000000e+00,0.0000,0.0000,0
84,features.15,200,pruned_before,nan,0.000000e+00,0.000000e+00,0.0000,0.0000,0
84,features.15,201,pruned_before,nan,0.000000e+00,0.000000e+00,0.0000,0.0000,0
84,features.15,202,pruned_before,nan,0.000000e+00,0.000000e+00,0.0000,0.0000,0
84,features.15,203,pruned_before,nan,0.000000e+00,0.000000e+00,0.0000,0.0000,0
84,features.15,204,pruned_before,nan,0.000000e+00,0.000000e+00,0.0000,0.0000,0
84,features.15,205,pruned_before,nan,0.000000e+00,0.000000e+00,0.0000,0.0000,0
84,features.15,206,pruned_before,nan,0.000000e+00,0.000000e+00,0.0000,0.0000,0
84,features.15,207,pruned_before,nan,0.000000e+00,0.000000e+00,0.0000,0.0000,0
84,features.15,208,pruned_before,nan,0.000000e+00,0.000000e+00,0.0000,0.0000,0
84,features.15,209,pruned_before,nan,0.000000e+00,0.000000e+00,0.0000,0.0000,0
84,features.15,210,pruned_before,nan,0.000000e+00,0.000000e+00,0.0000,0.0000,0
84,features.15,211,pruned_before,nan,0.000000e+00,0.000000e+00,0.0000,0.0000,0
84,features.15,212,pruned_before,nan,0.000000e+00,0.000000e+00,0.0000,0.0000,0
84,features.15,213,active,0.197368,1.574022e-07,3.531599e-05,0.1842,0.5789,329
84,features.15,214,pruned_before,nan,0.000000e+00,0.000000e+00,0.0000,0.0000,0
84,features.15,215,pruned_before,nan,0.000000e+00,0.000000e+00,0.0000,0.0000,0
84,features.15,216,pruned_before,nan,0.000000e+00,0.000000e+00,0.0000,0.0000,0
84,features.15,217,pruned_before,nan,0.000000e+00,0.000000e+00,0.0000,0.0000,0
84,features.15,218,active,0.282895,3.395088e-08,3.883513e-05,0.0395,0.6053,329
84,features.15,219,pruned_before,nan,0.000000e+00,0.000000e+00,0.0000,0.0000,0
84,features.15,220,pruned_before,nan,0.000000e+00,0.000000e+00,0.0000,0.0000,0
84,features.15,221,pruned_before,nan,0.000000e+00,0.000000e+00,0.0000,0.0000,0
84,features.15,222,pruned_before,nan,0.000000e+00,0.000000e+00,0.0000,0.0000,0
84,features.15,223,pruned_before,nan,0.000000e+00,0.000000e+00,0.0000,0.0000,0
84,features.15,224,pruned_before,nan,0.000000e+00,0.000000e+00,0.0000,0.0000,0
84,features.15,225,pruned_before,nan,0.000000e+00,0.000000e+00,0.0000,0.0000,0
84,features.15,226,pruned_before,nan,0.000000e+00,0.000000e+00,0.0000,0.0000,0
84,features.15,227,pruned_before,nan,0.000000e+00,0.000000e+00,0.0000,0.0000,0
84,features.15,228,pruned_before,nan,0.000000e+00,0.000000e+00,0.0000,0.0000,0
84,features.15,229,active,-0.355263,2.070102e-06,5.703469e-06,0.9605,0.2500,329
84,features.15,230,pruned_before,nan,0.000000e+00,0.000000e+00,0.0000,0.0000,0
84,features.15,231,pruned_before,nan,0.000000e+00,0.000000e+00,0.0000,0.0000,0
84,features.15,232,active,0.026316,1.244306e-07,4.189578e-06,0.1579,0.2105,329
84,features.15,233,pruned_before,nan,0.000000e+00,0.000000e+00,0.0000,0.0000,0
84,features.15,234,pruned_before,nan,0.000000e+00,0.000000e+00,0.0000,0.0000,0
84,features.15,235,pruned_before,nan,0.000000e+00,0.000000e+00,0.0000,0.0000,0
84,features.15,236,pruned_before,nan,0.000000e+00,0.000000e+00,0.0000,0.0000,0
84,features.15,237,pruned_before,nan,0.000000e+00,0.000000e+00,0.0000,0.0000,0
84,features.15,238,pruned_before,nan,0.000000e+00,0.000000e+00,0.0000,0.0000,0
84,features.15,239,pruned_before,nan,0.000000e+00,0.000000e+00,0.0000,0.0000,0
84,features.15,240,pruned_before,nan,0.000000e+00,0.000000e+00,0.0000,0.0000,0
84,features.15,241,active,0.085526,3.992497e-07,4.538171e-05,0.4868,0.6579,329
84,features.15,242,pruned_before,nan,0.000000e+00,0.000000e+00,0.0000,0.0000,0
84,features.15,243,pruned_before,nan,0.000000e+00,0.000000e+00,0.0000,0.0000,0
84,features.15,244,pruned_before,nan,0.000000e+00,0.000000e+00,0.0000,0.0000,0
84,features.15,245,pruned_before,nan,0.000000e+00,0.000000e+00,0.0000,0.0000,0
84,features.15,246,protected,0.000000,4.472992e-06,1.414533e-03,1.0000,1.0000,329
84,features.15,247,pruned_before,nan,0.000000e+00,0.000000e+00,0.0000,0.0000,0
84,features.15,248,pruned_before,nan,0.000000e+00,0.000000e+00,0.0000,0.0000,0
84,features.15,249,pruned_before,nan,0.000000e+00,0.000000e+00,0.0000,0.0000,0
84,features.15,250,pruned_before,nan,0.000000e+00,0.000000e+00,0.0000,0.0000,0
84,features.15,251,pruned_before,nan,0.000000e+00,0.000000e+00,0.0000,0.0000,0
84,features.15,252,pruned_before,nan,0.000000e+00,0.000000e+00,0.0000,0.0000,0
84,features.15,253,pruned_before,nan,0.000000e+00,0.000000e+00,0.0000,0.0000,0
84,features.15,254,pruned_before,nan,0.000000e+00,0.000000e+00,0.0000,0.0000,0
84,features.15,255,active,0.013158,7.046700e-07,6.009607e-05,0.6974,0.7237,329
84,features.15,256,pruned_before,nan,0.000000e+00,0.000000e+00,0.0000,0.0000,0
84,features.15,257,pruned_before,nan,0.000000e+00,0.000000e+00,0.0000,0.0000,0
84,features.15,258,active,0.006579,8.323269e-07,6.757845e-05,0.7632,0.7763,329
84,features.15,259,pruned_before,nan,0.000000e+00,0.000000e+00,0.0000,0.0000,0
84,features.15,260,pruned_before,nan,0.000000e+00,0.000000e+00,0.0000,0.0000,0
84,features.15,261,active,-0.111842,3.493935e-07,3.688315e-06,0.4079,0.1842,329
84,features.15,262,pruned_before,nan,0.000000e+00,0.000000e+00,0.0000,0.0000,0
84,features.15,263,pruned_before,nan,0.000000e+00,0.000000e+00,0.0000,0.0000,0
84,features.15,264,pruned_before,nan,0.000000e+00,0.000000e+00,0.0000,0.0000,0
84,features.15,265,active,0.111842,7.265467e-07,2.658096e-04,0.7237,0.9474,329
84,features.15,266,pruned_before,nan,0.000000e+00,0.000000e+00,0.0000,0.0000,0
84,features.15,267,pruned_before,nan,0.000000e+00,0.000000e+00,0.0000,0.0000,0
84,features.15,268,pruned_before,nan,0.000000e+00,0.000000e+00,0.0000,0.0000,0
84,features.15,269,pruned_before,nan,0.000000e+00,0.000000e+00,0.0000,0.0000,0
84,features.15,270,pruned_before,nan,0.000000e+00,0.000000e+00,0.0000,0.0000,0
84,features.15,271,pruned_before,nan,0.000000e+00,0.000000e+00,0.0000,0.0000,0
84,features.15,272,pruned_before,nan,0.000000e+00,0.000000e+00,0.0000,0.0000,0
84,features.15,273,pruned_before,nan,0.000000e+00,0.000000e+00,0.0000,0.0000,0
84,features.15,274,pruned_before,nan,0.000000e+00,0.000000e+00,0.0000,0.0000,0
84,features.15,275,pruned_before,nan,0.000000e+00,0.000000e+00,0.0000,0.0000,0
84,features.15,276,pruned_before,nan,0.000000e+00,0.000000e+00,0.0000,0.0000,0
84,features.15,277,pruned_before,nan,0.000000e+00,0.000000e+00,0.0000,0.0000,0
84,features.15,278,pruned_before,nan,0.000000e+00,0.000000e+00,0.0000,0.0000,0
84,features.15,279,pruned_before,nan,0.000000e+00,0.000000e+00,0.0000,0.0000,0
84,features.15,280,pruned_before,nan,0.000000e+00,0.000000e+00,0.0000,0.0000,0
84,features.15,281,pruned_before,nan,0.000000e+00,0.000000e+00,0.0000,0.0000,0
84,features.15,282,pruned_before,nan,0.000000e+00,0.000000e+00,0.0000,0.0000,0
84,features.15,283,pruned_before,nan,0.000000e+00,0.000000e+00,0.0000,0.0000,0
84,features.15,284,active,0.000000,5.525400e-07,4.305132e-05,0.6316,0.6316,329
84,features.15,285,pruned_before,nan,0.000000e+00,0.000000e+00,0.0000,0.0000,0
84,features.15,286,pruned_before,nan,0.000000e+00,0.000000e+00,0.0000,0.0000,0
84,features.15,287,pruned_before,nan,0.000000e+00,0.000000e+00,0.0000,0.0000,0
84,features.15,288,pruned_before,nan,0.000000e+00,0.000000e+00,0.0000,0.0000,0
84,features.15,289,pruned_before,nan,0.000000e+00,0.000000e+00,0.0000,0.0000,0
84,features.15,290,pruned_before,nan,0.000000e+00,0.000000e+00,0.0000,0.0000,0
84,features.15,291,active,-0.026316,7.706118e-07,4.971543e-05,0.7368,0.6842,329
84,features.15,292,pruned_before,nan,0.000000e+00,0.000000e+00,0.0000,0.0000,0
84,features.15,293,pruned_before,nan,0.000000e+00,0.000000e+00,0.0000,0.0000,0
84,features.15,294,pruned_before,nan,0.000000e+00,0.000000e+00,0.0000,0.0000,0
84,features.15,295,pruned_before,nan,0.000000e+00,0.000000e+00,0.0000,0.0000,0
84,features.15,296,active,0.256579,1.852514e-07,6.063754e-05,0.2237,0.7368,329
84,features.15,297,pruned_before,nan,0.000000e+00,0.000000e+00,0.0000,0.0000,0
84,features.15,298,pruned_before,nan,0.000000e+00,0.000000e+00,0.0000,0.0000,0
84,features.15,299,pruned_before,nan,0.000000e+00,0.000000e+00,0.0000,0.0000,0
84,features.15,300,pruned_before,nan,0.000000e+00,0.000000e+00,0.0000,0.0000,0
84,features.15,301,pruned_before,nan,0.000000e+00,0.000000e+00,0.0000,0.0000,0
84,features.15,302,pruned_before,nan,0.000000e+00,0.000000e+00,0.0000,0.0000,0
84,features.15,303,pruned_before,nan,0.000000e+00,0.000000e+00,0.0000,0.0000,0
84,features.15,304,pruned_before,nan,0.000000e+00,0.000000e+00,0.0000,0.0000,0
84,features.15,305,pruned_before,nan,0.000000e+00,0.000000e+00,0.0000,0.0000,0
84,features.15,306,pruned_before,nan,0.000000e+00,0.000000e+00,0.0000,0.0000,0
84,features.15,307,active,0.138158,1.650779e-07,2.591590e-05,0.1974,0.4737,329
84,features.15,308,pruned_before,nan,0.000000e+00,0.000000e+00,0.0000,0.0000,0
84,features.15,309,pruned_before,nan,0.000000e+00,0.000000e+00,0.0000,0.0000,0
84,features.15,310,pruned_before,nan,0.000000e+00,0.000000e+00,0.0000,0.0000,0
84,features.15,311,pruned_before,nan,0.000000e+00,0.000000e+00,0.0000,0.0000,0
84,features.15,312,pruned_before,nan,0.000000e+00,0.000000e+00,0.0000,0.0000,0
84,features.15,313,pruned_before,nan,0.000000e+00,0.000000e+00,0.0000,0.0000,0
84,features.15,314,pruned_before,nan,0.000000e+00,0.000000e+00,0.0000,0.0000,0
84,features.15,315,pruned_before,nan,0.000000e+00,0.000000e+00,0.0000,0.0000,0
84,features.15,316,pruned_before,nan,0.000000e+00,0.000000e+00,0.0000,0.0000,0
84,features.15,317,pruned_before,nan,0.000000e+00,0.000000e+00,0.0000,0.0000,0
84,features.15,318,pruned_before,nan,0.000000e+00,0.000000e+00,0.0000,0.0000,0
84,features.15,319,pruned_before,nan,0.000000e+00,0.000000e+00,0.0000,0.0000,0
84,features.15,320,pruned_before,nan,0.000000e+00,0.000000e+00,0.0000,0.0000,0
84,features.15,321,pruned_before,nan,0.000000e+00,0.000000e+00,0.0000,0.0000,0
84,features.15,322,pruned_before,nan,0.000000e+00,0.000000e+00,0.0000,0.0000,0
84,features.15,323,active,0.098684,4.222639e-07,5.326033e-05,0.5132,0.7105,329
84,features.15,324,pruned_before,nan,0.000000e+00,0.000000e+00,0.0000,0.0000,0
84,features.15,325,pruned_before,nan,0.000000e+00,0.000000e+00,0.0000,0.0000,0
84,features.15,326,pruned_before,nan,0.000000e+00,0.000000e+00,0.0000,0.0000,0
84,features.15,327,pruned_before,nan,0.000000e+00,0.000000e+00,0.0000,0.0000,0
84,features.15,328,pruned_before,nan,0.000000e+00,0.000000e+00,0.0000,0.0000,0
84,features.15,329,pruned_before,nan,0.000000e+00,0.000000e+00,0.0000,0.0000,0
84,features.15,330,pruned_before,nan,0.000000e+00,0.000000e+00,0.0000,0.0000,0
84,features.15,331,pruned_before,nan,0.000000e+00,0.000000e+00,0.0000,0.0000,0
84,features.15,332,pruned_before,nan,0.000000e+00,0.000000e+00,0.0000,0.0000,0
84,features.15,333,pruned_before,nan,0.000000e+00,0.000000e+00,0.0000,0.0000,0
84,features.15,334,pruned_before,nan,0.000000e+00,0.000000e+00,0.0000,0.0000,0
84,features.15,335,pruned_before,nan,0.000000e+00,0.000000e+00,0.0000,0.0000,0
84,features.15,336,pruned_before,nan,0.000000e+00,0.000000e+00,0.0000,0.0000,0
84,features.15,337,pruned_before,nan,0.000000e+00,0.000000e+00,0.0000,0.0000,0
84,features.15,338,pruned_before,nan,0.000000e+00,0.000000e+00,0.0000,0.0000,0
84,features.15,339,pruned_before,nan,0.000000e+00,0.000000e+00,0.0000,0.0000,0
84,features.15,340,pruned_before,nan,0.000000e+00,0.000000e+00,0.0000,0.0000,0
84,features.15,341,pruned_before,nan,0.000000e+00,0.000000e+00,0.0000,0.0000,0
84,features.15,342,pruned_before,nan,0.000000e+00,0.000000e+00,0.0000,0.0000,0
84,features.15,343,pruned_before,nan,0.000000e+00,0.000000e+00,0.0000,0.0000,0
84,features.15,344,pruned_before,nan,0.000000e+00,0.000000e+00,0.0000,0.0000,0
84,features.15,345,pruned_before,nan,0.000000e+00,0.000000e+00,0.0000,0.0000,0
84,features.15,346,pruned_before,nan,0.000000e+00,0.000000e+00,0.0000,0.0000,0
84,features.15,347,pruned_before,nan,0.000000e+00,0.000000e+00,0.0000,0.0000,0
84,features.15,348,active,-0.078947,1.773311e-07,1.637830e-06,0.2105,0.0526,329
84,features.15,349,pruned_before,nan,0.000000e+00,0.000000e+00,0.0000,0.0000,0
84,features.15,350,pruned_before,nan,0.000000e+00,0.000000e+00,0.0000,0.0000,0
84,features.15,351,pruned_before,nan,0.000000e+00,0.000000e+00,0.0000,0.0000,0
84,features.15,352,pruned_before,nan,0.000000e+00,0.000000e+00,0.0000,0.0000,0
84,features.15,353,active,-0.184211,1.957527e-06,3.417538e-05,0.9342,0.5658,329
84,features.15,354,pruned_before,nan,0.000000e+00,0.000000e+00,0.0000,0.0000,0
84,features.15,355,pruned_before,nan,0.000000e+00,0.000000e+00,0.0000,0.0000,0
84,features.15,356,pruned_before,nan,0.000000e+00,0.000000e+00,0.0000,0.0000,0
84,features.15,357,pruned_before,nan,0.000000e+00,0.000000e+00,0.0000,0.0000,0
84,features.15,358,pruned_before,nan,0.000000e+00,0.000000e+00,0.0000,0.0000,0
84,features.15,359,pruned_before,nan,0.000000e+00,0.000000e+00,0.0000,0.0000,0
84,features.15,360,pruned_before,nan,0.000000e+00,0.000000e+00,0.0000,0.0000,0
84,features.15,361,pruned_before,nan,0.000000e+00,0.000000e+00,0.0000,0.0000,0
84,features.15,362,pruned_before,nan,0.000000e+00,0.000000e+00,0.0000,0.0000,0
84,features.15,363,pruned_before,nan,0.000000e+00,0.000000e+00,0.0000,0.0000,0
84,features.15,364,pruned_before,nan,0.000000e+00,0.000000e+00,0.0000,0.0000,0
84,features.15,365,pruned_before,nan,0.000000e+00,0.000000e+00,0.0000,0.0000,0
84,features.15,366,pruned_before,nan,0.000000e+00,0.000000e+00,0.0000,0.0000,0
84,features.15,367,pruned_before,nan,0.000000e+00,0.000000e+00,0.0000,0.0000,0
84,features.15,368,active,0.256579,2.038709e-07,7.344809e-05,0.2763,0.7895,329
84,features.15,369,pruned_before,nan,0.000000e+00,0.000000e+00,0.0000,0.0000,0
84,features.15,370,pruned_before,nan,0.000000e+00,0.000000e+00,0.0000,0.0000,0
84,features.15,371,pruned_before,nan,0.000000e+00,0.000000e+00,0.0000,0.0000,0
84,features.15,372,pruned_before,nan,0.000000e+00,0.000000e+00,0.0000,0.0000,0
84,features.15,373,pruned_before,nan,0.000000e+00,0.000000e+00,0.0000,0.0000,0
84,features.15,374,pruned_before,nan,0.000000e+00,0.000000e+00,0.0000,0.0000,0
84,features.15,375,pruned_before,nan,0.000000e+00,0.000000e+00,0.0000,0.0000,0
84,features.15,376,pruned_before,nan,0.000000e+00,0.000000e+00,0.0000,0.0000,0
84,features.15,377,pruned_before,nan,0.000000e+00,0.000000e+00,0.0000,0.0000,0
84,features.15,378,pruned_before,nan,0.000000e+00,0.000000e+00,0.0000,0.0000,0
84,features.15,379,pruned_before,nan,0.000000e+00,0.000000e+00,0.0000,0.0000,0
84,features.15,380,pruned_before,nan,0.000000e+00,0.000000e+00,0.0000,0.0000,0
84,features.15,381,pruned_before,nan,0.000000e+00,0.000000e+00,0.0000,0.0000,0
84,features.15,382,pruned_before,nan,0.000000e+00,0.000000e+00,0.0000,0.0000,0
84,features.15,383,pruned_before,nan,0.000000e+00,0.000000e+00,0.0000,0.0000,0
84,features.15,384,pruned_before,nan,0.000000e+00,0.000000e+00,0.0000,0.0000,0
84,features.15,385,pruned_before,nan,0.000000e+00,0.000000e+00,0.0000,0.0000,0
84,features.15,386,active,0.032895,1.882114e-08,1.707488e-06,0.0000,0.0658,329
84,features.15,387,pruned_before,nan,0.000000e+00,0.000000e+00,0.0000,0.0000,0
84,features.15,388,pruned_before,nan,0.000000e+00,0.000000e+00,0.0000,0.0000,0
84,features.15,389,pruned_before,nan,0.000000e+00,0.000000e+00,0.0000,0.0000,0
84,features.15,390,pruned_before,nan,0.000000e+00,0.000000e+00,0.0000,0.0000,0
84,features.15,391,pruned_before,nan,0.000000e+00,0.000000e+00,0.0000,0.0000,0
84,features.15,392,pruned_before,nan,0.000000e+00,0.000000e+00,0.0000,0.0000,0
84,features.15,393,pruned_before,nan,0.000000e+00,0.000000e+00,0.0000,0.0000,0
84,features.15,394,pruned_before,nan,0.000000e+00,0.000000e+00,0.0000,0.0000,0
84,features.15,395,pruned_before,nan,0.000000e+00,0.000000e+00,0.0000,0.0000,0
84,features.15,396,pruned_before,nan,0.000000e+00,0.000000e+00,0.0000,0.0000,0
84,features.15,397,active,-0.059211,3.577387e-07,8.168764e-06,0.4342,0.3158,329
84,features.15,398,pruned_before,nan,0.000000e+00,0.000000e+00,0.0000,0.0000,0
84,features.15,399,pruned_before,nan,0.000000e+00,0.000000e+00,0.0000,0.0000,0
84,features.15,400,pruned_before,nan,0.000000e+00,0.000000e+00,0.0000,0.0000,0
84,features.15,401,pruned_before,nan,0.000000e+00,0.000000e+00,0.0000,0.0000,0
84,features.15,402,pruned_before,nan,0.000000e+00,0.000000e+00,0.0000,0.0000,0
84,features.15,403,pruned_before,nan,0.000000e+00,0.000000e+00,0.0000,0.0000,0
84,features.15,404,pruned_before,nan,0.000000e+00,0.000000e+00,0.0000,0.0000,0
84,features.15,405,pruned_before,nan,0.000000e+00,0.000000e+00,0.0000,0.0000,0
84,features.15,406,pruned_before,nan,0.000000e+00,0.000000e+00,0.0000,0.0000,0
84,features.15,407,pruned_before,nan,0.000000e+00,0.000000e+00,0.0000,0.0000,0
84,features.15,408,pruned_before,nan,0.000000e+00,0.000000e+00,0.0000,0.0000,0
84,features.15,409,pruned_before,nan,0.000000e+00,0.000000e+00,0.0000,0.0000,0
84,features.15,410,pruned_before,nan,0.000000e+00,0.000000e+00,0.0000,0.0000,0
84,features.15,411,pruned_before,nan,0.000000e+00,0.000000e+00,0.0000,0.0000,0
84,features.15,412,pruned_before,nan,0.000000e+00,0.000000e+00,0.0000,0.0000,0
84,features.15,413,pruned_before,nan,0.000000e+00,0.000000e+00,0.0000,0.0000,0
84,features.15,414,pruned_before,nan,0.000000e+00,0.000000e+00,0.0000,0.0000,0
84,features.15,415,pruned_before,nan,0.000000e+00,0.000000e+00,0.0000,0.0000,0
84,features.15,416,pruned_before,nan,0.000000e+00,0.000000e+00,0.0000,0.0000,0
84,features.15,417,active,0.039474,9.758780e-07,1.279835e-04,0.8026,0.8816,329
84,features.15,418,active,-0.355263,9.264901e-07,2.215056e-06,0.7895,0.0789,329
84,features.15,419,pruned_before,nan,0.000000e+00,0.000000e+00,0.0000,0.0000,0
84,features.15,420,pruned_before,nan,0.000000e+00,0.000000e+00,0.0000,0.0000,0
84,features.15,421,pruned_before,nan,0.000000e+00,0.000000e+00,0.0000,0.0000,0
84,features.15,422,pruned_before,nan,0.000000e+00,0.000000e+00,0.0000,0.0000,0
84,features.15,423,pruned_before,nan,0.000000e+00,0.000000e+00,0.0000,0.0000,0
84,features.15,424,pruned_before,nan,0.000000e+00,0.000000e+00,0.0000,0.0000,0
84,features.15,425,active,-0.401316,1.031757e-06,1.632145e-06,0.8421,0.0395,329
84,features.15,426,pruned_before,nan,0.000000e+00,0.000000e+00,0.0000,0.0000,0
84,features.15,427,pruned_before,nan,0.000000e+00,0.000000e+00,0.0000,0.0000,0
84,features.15,428,active,-0.118421,5.105705e-07,1.073264e-05,0.5921,0.3553,329
84,features.15,429,pruned_before,nan,0.000000e+00,0.000000e+00,0.0000,0.0000,0
84,features.15,430,pruned_before,nan,0.000000e+00,0.000000e+00,0.0000,0.0000,0
84,features.15,431,pruned_before,nan,0.000000e+00,0.000000e+00,0.0000,0.0000,0
84,features.15,432,pruned_before,nan,0.000000e+00,0.000000e+00,0.0000,0.0000,0
84,features.15,433,pruned_before,nan,0.000000e+00,0.000000e+00,0.0000,0.0000,0
84,features.15,434,pruned_before,nan,0.000000e+00,0.000000e+00,0.0000,0.0000,0
84,features.15,435,pruned_before,nan,0.000000e+00,0.000000e+00,0.0000,0.0000,0
84,features.15,436,pruned_before,nan,0.000000e+00,0.000000e+00,0.0000,0.0000,0
84,features.15,437,pruned_before,nan,0.000000e+00,0.000000e+00,0.0000,0.0000,0
84,features.15,438,pruned_before,nan,0.000000e+00,0.000000e+00,0.0000,0.0000,0
84,features.15,439,pruned_before,nan,0.000000e+00,0.000000e+00,0.0000,0.0000,0
84,features.15,440,pruned_before,nan,0.000000e+00,0.000000e+00,0.0000,0.0000,0
84,features.15,441,pruned_before,nan,0.000000e+00,0.000000e+00,0.0000,0.0000,0
84,features.15,442,pruned_before,nan,0.000000e+00,0.000000e+00,0.0000,0.0000,0
84,features.15,443,pruned_before,nan,0.000000e+00,0.000000e+00,0.0000,0.0000,0
84,features.15,444,active,-0.013158,6.831189e-08,2.839525e-06,0.1184,0.0921,329
84,features.15,445,pruned_before,nan,0.000000e+00,0.000000e+00,0.0000,0.0000,0
84,features.15,446,pruned_before,nan,0.000000e+00,0.000000e+00,0.0000,0.0000,0
84,features.15,447,pruned_before,nan,0.000000e+00,0.000000e+00,0.0000,0.0000,0
84,features.15,448,pruned_before,nan,0.000000e+00,0.000000e+00,0.0000,0.0000,0
84,features.15,449,active,0.026316,4.831225e-08,3.245019e-06,0.0789,0.1316,329
84,features.15,450,pruned_before,nan,0.000000e+00,0.000000e+00,0.0000,0.0000,0
84,features.15,451,pruned_before,nan,0.000000e+00,0.000000e+00,0.0000,0.0000,0
84,features.15,452,pruned_before,nan,0.000000e+00,0.000000e+00,0.0000,0.0000,0
84,features.15,453,pruned_before,nan,0.000000e+00,0.000000e+00,0.0000,0.0000,0
84,features.15,454,pruned_before,nan,0.000000e+00,0.000000e+00,0.0000,0.0000,0
84,features.15,455,pruned_before,nan,0.000000e+00,0.000000e+00,0.0000,0.0000,0
84,features.15,456,pruned_before,nan,0.000000e+00,0.000000e+00,0.0000,0.0000,0
84,features.15,457,pruned_before,nan,0.000000e+00,0.000000e+00,0.0000,0.0000,0
84,features.15,458,pruned_before,nan,0.000000e+00,0.000000e+00,0.0000,0.0000,0
84,features.15,459,pruned_before,nan,0.000000e+00,0.000000e+00,0.0000,0.0000,0
84,features.15,460,pruned_before,nan,0.000000e+00,0.000000e+00,0.0000,0.0000,0
84,features.15,461,pruned_before,nan,0.000000e+00,0.000000e+00,0.0000,0.0000,0
84,features.15,462,pruned_before,nan,0.000000e+00,0.000000e+00,0.0000,0.0000,0
84,features.15,463,pruned_before,nan,0.000000e+00,0.000000e+00,0.0000,0.0000,0
84,features.15,464,pruned_before,nan,0.000000e+00,0.000000e+00,0.0000,0.0000,0
84,features.15,465,active,0.197368,2.909864e-07,6.403787e-05,0.3684,0.7632,329
84,features.15,466,pruned_before,nan,0.000000e+00,0.000000e+00,0.0000,0.0000,0
84,features.15,467,pruned_before,nan,0.000000e+00,0.000000e+00,0.0000,0.0000,0
84,features.15,468,pruned_before,nan,0.000000e+00,0.000000e+00,0.0000,0.0000,0
84,features.15,469,pruned_before,nan,0.000000e+00,0.000000e+00,0.0000,0.0000,0
84,features.15,470,pruned_before,nan,0.000000e+00,0.000000e+00,0.0000,0.0000,0
84,features.15,471,pruned_before,nan,0.000000e+00,0.000000e+00,0.0000,0.0000,0
84,features.15,472,pruned_before,nan,0.000000e+00,0.000000e+00,0.0000,0.0000,0
84,features.15,473,pruned_before,nan,0.000000e+00,0.000000e+00,0.0000,0.0000,0
84,features.15,474,pruned_before,nan,0.000000e+00,0.000000e+00,0.0000,0.0000,0
84,features.15,475,pruned_before,nan,0.000000e+00,0.000000e+00,0.0000,0.0000,0
84,features.15,476,pruned_before,nan,0.000000e+00,0.000000e+00,0.0000,0.0000,0
84,features.15,477,pruned_before,nan,0.000000e+00,0.000000e+00,0.0000,0.0000,0
84,features.15,478,pruned_before,nan,0.000000e+00,0.000000e+00,0.0000,0.0000,0
84,features.15,479,pruned_before,nan,0.000000e+00,0.000000e+00,0.0000,0.0000,0
84,features.15,480,pruned_before,nan,0.000000e+00,0.000000e+00,0.0000,0.0000,0
84,features.15,481,pruned_before,nan,0.000000e+00,0.000000e+00,0.0000,0.0000,0
84,features.15,482,pruned_before,nan,0.000000e+00,0.000000e+00,0.0000,0.0000,0
84,features.15,483,pruned_before,nan,0.000000e+00,0.000000e+00,0.0000,0.0000,0
84,features.15,484,active,-0.078947,2.125752e-07,3.300070e-06,0.3026,0.1447,329
84,features.15,485,pruned_before,nan,0.000000e+00,0.000000e+00,0.0000,0.0000,0
84,features.15,486,pruned_before,nan,0.000000e+00,0.000000e+00,0.0000,0.0000,0
84,features.15,487,pruned_before,nan,0.000000e+00,0.000000e+00,0.0000,0.0000,0
84,features.15,488,pruned_before,nan,0.000000e+00,0.000000e+00,0.0000,0.0000,0
84,features.15,489,pruned_before,nan,0.000000e+00,0.000000e+00,0.0000,0.0000,0
84,features.15,490,pruned_before,nan,0.000000e+00,0.000000e+00,0.0000,0.0000,0
84,features.15,491,pruned_before,nan,0.000000e+00,0.000000e+00,0.0000,0.0000,0
84,features.15,492,pruned_before,nan,0.000000e+00,0.000000e+00,0.0000,0.0000,0
84,features.15,493,pruned_before,nan,0.000000e+00,0.000000e+00,0.0000,0.0000,0
84,features.15,494,pruned_before,nan,0.000000e+00,0.000000e+00,0.0000,0.0000,0
84,features.15,495,pruned_before,nan,0.000000e+00,0.000000e+00,0.0000,0.0000,0
84,features.15,496,pruned_before,nan,0.000000e+00,0.000000e+00,0.0000,0.0000,0
84,features.15,497,pruned_before,nan,0.000000e+00,0.000000e+00,0.0000,0.0000,0
84,features.15,498,pruned_before,nan,0.000000e+00,0.000000e+00,0.0000,0.0000,0
84,features.15,499,pruned_before,nan,0.000000e+00,0.000000e+00,0.0000,0.0000,0
84,features.15,500,pruned_before,nan,0.000000e+00,0.000000e+00,0.0000,0.0000,0
84,features.15,501,pruned_before,nan,0.000000e+00,0.000000e+00,0.0000,0.0000,0
84,features.15,502,pruned_before,nan,0.000000e+00,0.000000e+00,0.0000,0.0000,0
84,features.15,503,pruned_before,nan,0.000000e+00,0.000000e+00,0.0000,0.0000,0
84,features.15,504,pruned_before,nan,0.000000e+00,0.000000e+00,0.0000,0.0000,0
84,features.15,505,pruned_before,nan,0.000000e+00,0.000000e+00,0.0000,0.0000,0
84,features.15,506,pruned_before,nan,0.000000e+00,0.000000e+00,0.0000,0.0000,0
84,features.15,507,pruned_before,nan,0.000000e+00,0.000000e+00,0.0000,0.0000,0
84,features.15,508,pruned_before,nan,0.000000e+00,0.000000e+00,0.0000,0.0000,0
84,features.15,509,pruned_before,nan,0.000000e+00,0.000000e+00,0.0000,0.0000,0
84,features.15,510,pruned_before,nan,0.000000e+00,0.000000e+00,0.0000,0.0000,0
84,features.15,511,pruned_before,nan,0.000000e+00,0.000000e+00,0.0000,0.0000,0
84,features.15,512,active,-0.078947,4.898032e-07,1.572910e-05,0.5658,0.4079,329
84,features.15,513,pruned_before,nan,0.000000e+00,0.000000e+00,0.0000,0.0000,0
84,features.15,514,pruned_before,nan,0.000000e+00,0.000000e+00,0.0000,0.0000,0
84,features.15,515,pruned_before,nan,0.000000e+00,0.000000e+00,0.0000,0.0000,0
84,features.15,516,pruned_before,nan,0.000000e+00,0.000000e+00,0.0000,0.0000,0
84,features.15,517,pruned_before,nan,0.000000e+00,0.000000e+00,0.0000,0.0000,0
84,features.15,518,pruned_before,nan,0.000000e+00,0.000000e+00,0.0000,0.0000,0
84,features.15,519,pruned_before,nan,0.000000e+00,0.000000e+00,0.0000,0.0000,0
84,features.15,520,active,0.019737,1.781735e-06,4.769481e-04,0.9211,0.9605,329
84,features.15,521,pruned_before,nan,0.000000e+00,0.000000e+00,0.0000,0.0000,0
84,features.15,522,pruned_before,nan,0.000000e+00,0.000000e+00,0.0000,0.0000,0
84,features.15,523,pruned_before,nan,0.000000e+00,0.000000e+00,0.0000,0.0000,0
84,features.15,524,active,-0.078947,3.122173e-07,5.419282e-06,0.3947,0.2368,329
84,features.15,525,pruned_before,nan,0.000000e+00,0.000000e+00,0.0000,0.0000,0
84,features.15,526,active,-0.236842,1.001353e-06,9.067215e-06,0.8158,0.3421,329
84,features.15,527,pruned_before,nan,0.000000e+00,0.000000e+00,0.0000,0.0000,0
84,features.15,528,pruned_before,nan,0.000000e+00,0.000000e+00,0.0000,0.0000,0
84,features.15,529,pruned_before,nan,0.000000e+00,0.000000e+00,0.0000,0.0000,0
84,features.15,530,pruned_before,nan,0.000000e+00,0.000000e+00,0.0000,0.0000,0
84,features.15,531,pruned_before,nan,0.000000e+00,0.000000e+00,0.0000,0.0000,0
84,features.15,532,pruned_before,nan,0.000000e+00,0.000000e+00,0.0000,0.0000,0
84,features.15,533,pruned_before,nan,0.000000e+00,0.000000e+00,0.0000,0.0000,0
84,features.15,534,pruned_before,nan,0.000000e+00,0.000000e+00,0.0000,0.0000,0
84,features.15,535,pruned_before,nan,0.000000e+00,0.000000e+00,0.0000,0.0000,0
84,features.15,536,pruned_before,nan,0.000000e+00,0.000000e+00,0.0000,0.0000,0
84,features.15,537,pruned_before,nan,0.000000e+00,0.000000e+00,0.0000,0.0000,0
84,features.15,538,pruned_before,nan,0.000000e+00,0.000000e+00,0.0000,0.0000,0
84,features.15,539,pruned_before,nan,0.000000e+00,0.000000e+00,0.0000,0.0000,0
84,features.15,540,pruned_before,nan,0.000000e+00,0.000000e+00,0.0000,0.0000,0
84,features.15,541,pruned_before,nan,0.000000e+00,0.000000e+00,0.0000,0.0000,0
84,features.15,542,pruned_before,nan,0.000000e+00,0.000000e+00,0.0000,0.0000,0
84,features.15,543,pruned_before,nan,0.000000e+00,0.000000e+00,0.0000,0.0000,0
84,features.15,544,pruned_before,nan,0.000000e+00,0.000000e+00,0.0000,0.0000,0
84,features.15,545,pruned_before,nan,0.000000e+00,0.000000e+00,0.0000,0.0000,0
84,features.15,546,pruned_before,nan,0.000000e+00,0.000000e+00,0.0000,0.0000,0
84,features.15,547,pruned_before,nan,0.000000e+00,0.000000e+00,0.0000,0.0000,0
84,features.15,548,pruned_before,nan,0.000000e+00,0.000000e+00,0.0000,0.0000,0
84,features.15,549,pruned_before,nan,0.000000e+00,0.000000e+00,0.0000,0.0000,0
84,features.15,550,pruned_before,nan,0.000000e+00,0.000000e+00,0.0000,0.0000,0
84,features.15,551,pruned_before,nan,0.000000e+00,0.000000e+00,0.0000,0.0000,0
84,features.15,552,pruned_before,nan,0.000000e+00,0.000000e+00,0.0000,0.0000,0
84,features.15,553,pruned_before,nan,0.000000e+00,0.000000e+00,0.0000,0.0000,0
84,features.15,554,pruned_before,nan,0.000000e+00,0.000000e+00,0.0000,0.0000,0
84,features.15,555,pruned_before,nan,0.000000e+00,0.000000e+00,0.0000,0.0000,0
84,features.15,556,pruned_before,nan,0.000000e+00,0.000000e+00,0.0000,0.0000,0
84,features.15,557,active,-0.111842,4.896337e-07,8.949893e-06,0.5526,0.3289,329
84,features.15,558,pruned_before,nan,0.000000e+00,0.000000e+00,0.0000,0.0000,0
84,features.15,559,pruned_before,nan,0.000000e+00,0.000000e+00,0.0000,0.0000,0
84,features.15,560,pruned_before,nan,0.000000e+00,0.000000e+00,0.0000,0.0000,0
84,features.15,561,pruned_before,nan,0.000000e+00,0.000000e+00,0.0000,0.0000,0
84,features.15,562,pruned_before,nan,0.000000e+00,0.000000e+00,0.0000,0.0000,0
84,features.15,563,pruned_before,nan,0.000000e+00,0.000000e+00,0.0000,0.0000,0
84,features.15,564,pruned_before,nan,0.000000e+00,0.000000e+00,0.0000,0.0000,0
84,features.15,565,pruned_before,nan,0.000000e+00,0.000000e+00,0.0000,0.0000,0
84,features.15,566,pruned_before,nan,0.000000e+00,0.000000e+00,0.0000,0.0000,0
84,features.15,567,pruned_before,nan,0.000000e+00,0.000000e+00,0.0000,0.0000,0
84,features.15,568,pruned_before,nan,0.000000e+00,0.000000e+00,0.0000,0.0000,0
84,features.15,569,pruned_before,nan,0.000000e+00,0.000000e+00,0.0000,0.0000,0
84,features.15,570,pruned_before,nan,0.000000e+00,0.000000e+00,0.0000,0.0000,0
84,features.15,571,pruned_before,nan,0.000000e+00,0.000000e+00,0.0000,0.0000,0
84,features.15,572,pruned_before,nan,0.000000e+00,0.000000e+00,0.0000,0.0000,0
84,features.15,573,pruned_before,nan,0.000000e+00,0.000000e+00,0.0000,0.0000,0
84,features.15,574,pruned_before,nan,0.000000e+00,0.000000e+00,0.0000,0.0000,0
84,features.15,575,pruned_before,nan,0.000000e+00,0.000000e+00,0.0000,0.0000,0
84,features.15,576,pruned_before,nan,0.000000e+00,0.000000e+00,0.0000,0.0000,0
84,features.15,577,pruned_before,nan,0.000000e+00,0.000000e+00,0.0000,0.0000,0
84,features.15,578,pruned_before,nan,0.000000e+00,0.000000e+00,0.0000,0.0000,0
84,features.15,579,pruned_before,nan,0.000000e+00,0.000000e+00,0.0000,0.0000,0
84,features.15,580,pruned_before,nan,0.000000e+00,0.000000e+00,0.0000,0.0000,0
84,features.15,581,pruned_before,nan,0.000000e+00,0.000000e+00,0.0000,0.0000,0
84,features.15,582,pruned_before,nan,0.000000e+00,0.000000e+00,0.0000,0.0000,0
84,features.15,583,pruned_before,nan,0.000000e+00,0.000000e+00,0.0000,0.0000,0
84,features.15,584,pruned_before,nan,0.000000e+00,0.000000e+00,0.0000,0.0000,0
84,features.15,585,pruned_before,nan,0.000000e+00,0.000000e+00,0.0000,0.0000,0
84,features.15,586,pruned_before,nan,0.000000e+00,0.000000e+00,0.0000,0.0000,0
84,features.15,587,pruned_before,nan,0.000000e+00,0.000000e+00,0.0000,0.0000,0
84,features.15,588,pruned_before,nan,0.000000e+00,0.000000e+00,0.0000,0.0000,0
84,features.15,589,pruned_before,nan,0.000000e+00,0.000000e+00,0.0000,0.0000,0
84,features.15,590,pruned_before,nan,0.000000e+00,0.000000e+00,0.0000,0.0000,0
84,features.15,591,pruned_before,nan,0.000000e+00,0.000000e+00,0.0000,0.0000,0
84,features.15,592,pruned_before,nan,0.000000e+00,0.000000e+00,0.0000,0.0000,0
84,features.15,593,pruned_before,nan,0.000000e+00,0.000000e+00,0.0000,0.0000,0
84,features.15,594,pruned_before,nan,0.000000e+00,0.000000e+00,0.0000,0.0000,0
84,features.15,595,pruned_before,nan,0.000000e+00,0.000000e+00,0.0000,0.0000,0
84,features.15,596,pruned_before,nan,0.000000e+00,0.000000e+00,0.0000,0.0000,0
84,features.15,597,pruned_before,nan,0.000000e+00,0.000000e+00,0.0000,0.0000,0
84,features.15,598,pruned_before,nan,0.000000e+00,0.000000e+00,0.0000,0.0000,0
84,features.15,599,pruned_before,nan,0.000000e+00,0.000000e+00,0.0000,0.0000,0
84,features.15,600,pruned_before,nan,0.000000e+00,0.000000e+00,0.0000,0.0000,0
84,features.15,601,pruned_before,nan,0.000000e+00,0.000000e+00,0.0000,0.0000,0
84,features.15,602,pruned_before,nan,0.000000e+00,0.000000e+00,0.0000,0.0000,0
84,features.15,603,pruned_before,nan,0.000000e+00,0.000000e+00,0.0000,0.0000,0
84,features.15,604,active,0.131579,6.308633e-07,2.334466e-04,0.6711,0.9342,329
84,features.15,605,pruned_before,nan,0.000000e+00,0.000000e+00,0.0000,0.0000,0
84,features.15,606,pruned_before,nan,0.000000e+00,0.000000e+00,0.0000,0.0000,0
84,features.15,607,pruned_before,nan,0.000000e+00,0.000000e+00,0.0000,0.0000,0
84,features.15,608,pruned_before,nan,0.000000e+00,0.000000e+00,0.0000,0.0000,0
84,features.15,609,pruned_before,nan,0.000000e+00,0.000000e+00,0.0000,0.0000,0
84,features.15,610,active,-0.046053,3.712090e-07,1.125748e-05,0.4605,0.3684,329
84,features.15,611,pruned_before,nan,0.000000e+00,0.000000e+00,0.0000,0.0000,0
84,features.15,612,pruned_before,nan,0.000000e+00,0.000000e+00,0.0000,0.0000,0
84,features.15,613,pruned_before,nan,0.000000e+00,0.000000e+00,0.0000,0.0000,0
84,features.15,614,pruned_before,nan,0.000000e+00,0.000000e+00,0.0000,0.0000,0
84,features.15,615,pruned_before,nan,0.000000e+00,0.000000e+00,0.0000,0.0000,0
84,features.15,616,pruned_before,nan,0.000000e+00,0.000000e+00,0.0000,0.0000,0
84,features.15,617,pruned_before,nan,0.000000e+00,0.000000e+00,0.0000,0.0000,0
84,features.15,618,pruned_before,nan,0.000000e+00,0.000000e+00,0.0000,0.0000,0
84,features.15,619,pruned_before,nan,0.000000e+00,0.000000e+00,0.0000,0.0000,0
84,features.15,620,pruned_before,nan,0.000000e+00,0.000000e+00,0.0000,0.0000,0
84,features.15,621,pruned_before,nan,0.000000e+00,0.000000e+00,0.0000,0.0000,0
84,features.15,622,pruned_before,nan,0.000000e+00,0.000000e+00,0.0000,0.0000,0
84,features.15,623,pruned_before,nan,0.000000e+00,0.000000e+00,0.0000,0.0000,0
84,features.15,624,pruned_before,nan,0.000000e+00,0.000000e+00,0.0000,0.0000,0
84,features.15,625,pruned_before,nan,0.000000e+00,0.000000e+00,0.0000,0.0000,0
84,features.15,626,pruned_before,nan,0.000000e+00,0.000000e+00,0.0000,0.0000,0
84,features.15,627,pruned_before,nan,0.000000e+00,0.000000e+00,0.0000,0.0000,0
84,features.15,628,pruned_before,nan,0.000000e+00,0.000000e+00,0.0000,0.0000,0
84,features.15,629,pruned_before,nan,0.000000e+00,0.000000e+00,0.0000,0.0000,0
84,features.15,630,pruned_before,nan,0.000000e+00,0.000000e+00,0.0000,0.0000,0
84,features.15,631,pruned_before,nan,0.000000e+00,0.000000e+00,0.0000,0.0000,0
84,features.15,632,pruned_before,nan,0.000000e+00,0.000000e+00,0.0000,0.0000,0
84,features.15,633,pruned_before,nan,0.000000e+00,0.000000e+00,0.0000,0.0000,0
84,features.15,634,pruned_before,nan,0.000000e+00,0.000000e+00,0.0000,0.0000,0
84,features.15,635,active,0.197368,5.666263e-08,2.675237e-05,0.1053,0.5000,329
84,features.15,636,pruned_before,nan,0.000000e+00,0.000000e+00,0.0000,0.0000,0
84,features.15,637,pruned_before,nan,0.000000e+00,0.000000e+00,0.0000,0.0000,0
84,features.15,638,pruned_before,nan,0.000000e+00,0.000000e+00,0.0000,0.0000,0
84,features.15,639,pruned_before,nan,0.000000e+00,0.000000e+00,0.0000,0.0000,0
84,features.15,640,active,-0.013158,7.772276e-08,3.077848e-06,0.1316,0.1053,329
84,features.15,641,pruned_before,nan,0.000000e+00,0.000000e+00,0.0000,0.0000,0
84,features.15,642,pruned_before,nan,0.000000e+00,0.000000e+00,0.0000,0.0000,0
84,features.15,643,pruned_before,nan,0.000000e+00,0.000000e+00,0.0000,0.0000,0
84,features.15,644,pruned_before,nan,0.000000e+00,0.000000e+00,0.0000,0.0000,0
84,features.15,645,pruned_before,nan,0.000000e+00,0.000000e+00,0.0000,0.0000,0
84,features.15,646,pruned_before,nan,0.000000e+00,0.000000e+00,0.0000,0.0000,0
84,features.15,647,pruned_before,nan,0.000000e+00,0.000000e+00,0.0000,0.0000,0
84,features.15,648,pruned_before,nan,0.000000e+00,0.000000e+00,0.0000,0.0000,0
84,features.15,649,pruned_before,nan,0.000000e+00,0.000000e+00,0.0000,0.0000,0
84,features.15,650,pruned_before,nan,0.000000e+00,0.000000e+00,0.0000,0.0000,0
84,features.15,651,active,0.190789,3.569186e-07,7.841236e-05,0.4211,0.8026,329
84,features.15,652,pruned_before,nan,0.000000e+00,0.000000e+00,0.0000,0.0000,0
84,features.15,653,pruned_before,nan,0.000000e+00,0.000000e+00,0.0000,0.0000,0
84,features.15,654,pruned_before,nan,0.000000e+00,0.000000e+00,0.0000,0.0000,0
84,features.15,655,pruned_before,nan,0.000000e+00,0.000000e+00,0.0000,0.0000,0
84,features.15,656,pruned_before,nan,0.000000e+00,0.000000e+00,0.0000,0.0000,0
84,features.15,657,pruned_before,nan,0.000000e+00,0.000000e+00,0.0000,0.0000,0
84,features.15,658,active,-0.197368,1.004959e-06,1.906088e-05,0.8289,0.4342,329
84,features.15,659,pruned_before,nan,0.000000e+00,0.000000e+00,0.0000,0.0000,0
84,features.15,660,pruned_before,nan,0.000000e+00,0.000000e+00,0.0000,0.0000,0
84,features.15,661,pruned_before,nan,0.000000e+00,0.000000e+00,0.0000,0.0000,0
84,features.15,662,pruned_before,nan,0.000000e+00,0.000000e+00,0.0000,0.0000,0
84,features.15,663,pruned_before,nan,0.000000e+00,0.000000e+00,0.0000,0.0000,0
84,features.15,664,pruned_before,nan,0.000000e+00,0.000000e+00,0.0000,0.0000,0
84,features.15,665,pruned_before,nan,0.000000e+00,0.000000e+00,0.0000,0.0000,0
84,features.15,666,pruned_before,nan,0.000000e+00,0.000000e+00,0.0000,0.0000,0
84,features.15,667,active,-0.125000,5.923466e-07,1.415119e-05,0.6447,0.3947,329
84,features.15,668,pruned_before,nan,0.000000e+00,0.000000e+00,0.0000,0.0000,0
84,features.15,669,pruned_before,nan,0.000000e+00,0.000000e+00,0.0000,0.0000,0
84,features.15,670,pruned_before,nan,0.000000e+00,0.000000e+00,0.0000,0.0000,0
84,features.15,671,pruned_before,nan,0.000000e+00,0.000000e+00,0.0000,0.0000,0
84,features.15,672,pruned_before,nan,0.000000e+00,0.000000e+00,0.0000,0.0000,0
84,features.15,673,pruned_before,nan,0.000000e+00,0.000000e+00,0.0000,0.0000,0
84,features.15,674,pruned_before,nan,0.000000e+00,0.000000e+00,0.0000,0.0000,0
84,features.15,675,pruned_before,nan,0.000000e+00,0.000000e+00,0.0000,0.0000,0
84,features.15,676,pruned_before,nan,0.000000e+00,0.000000e+00,0.0000,0.0000,0
84,features.15,677,pruned_before,nan,0.000000e+00,0.000000e+00,0.0000,0.0000,0
84,features.15,678,pruned_before,nan,0.000000e+00,0.000000e+00,0.0000,0.0000,0
84,features.15,679,pruned_before,nan,0.000000e+00,0.000000e+00,0.0000,0.0000,0
84,features.15,680,pruned_before,nan,0.000000e+00,0.000000e+00,0.0000,0.0000,0
84,features.15,681,active,0.184211,1.981538e-07,4.024975e-05,0.2500,0.6184,329
84,features.15,682,pruned_before,nan,0.000000e+00,0.000000e+00,0.0000,0.0000,0
84,features.15,683,pruned_before,nan,0.000000e+00,0.000000e+00,0.0000,0.0000,0
84,features.15,684,pruned_before,nan,0.000000e+00,0.000000e+00,0.0000,0.0000,0
84,features.15,685,pruned_before,nan,0.000000e+00,0.000000e+00,0.0000,0.0000,0
84,features.15,686,pruned_before,nan,0.000000e+00,0.000000e+00,0.0000,0.0000,0
84,features.15,687,pruned_before,nan,0.000000e+00,0.000000e+00,0.0000,0.0000,0
84,features.15,688,pruned_before,nan,0.000000e+00,0.000000e+00,0.0000,0.0000,0
84,features.15,689,pruned_before,nan,0.000000e+00,0.000000e+00,0.0000,0.0000,0
84,features.15,690,pruned_before,nan,0.000000e+00,0.000000e+00,0.0000,0.0000,0
84,features.15,691,active,0.052632,5.028194e-08,3.823560e-06,0.0921,0.1974,329
84,features.15,692,pruned_before,nan,0.000000e+00,0.000000e+00,0.0000,0.0000,0
84,features.15,693,pruned_before,nan,0.000000e+00,0.000000e+00,0.0000,0.0000,0
84,features.15,694,pruned_before,nan,0.000000e+00,0.000000e+00,0.0000,0.0000,0
84,features.15,695,pruned_before,nan,0.000000e+00,0.000000e+00,0.0000,0.0000,0
84,features.15,696,active,0.039474,3.651025e-07,2.842665e-05,0.4474,0.5263,329
84,features.15,697,pruned_before,nan,0.000000e+00,0.000000e+00,0.0000,0.0000,0
84,features.15,698,pruned_before,nan,0.000000e+00,0.000000e+00,0.0000,0.0000,0
84,features.15,699,pruned_before,nan,0.000000e+00,0.000000e+00,0.0000,0.0000,0
84,features.15,700,pruned_before,nan,0.000000e+00,0.000000e+00,0.0000,0.0000,0
84,features.15,701,pruned_before,nan,0.000000e+00,0.000000e+00,0.0000,0.0000,0
84,features.15,702,pruned_before,nan,0.000000e+00,0.000000e+00,0.0000,0.0000,0
84,features.15,703,pruned_before,nan,0.000000e+00,0.000000e+00,0.0000,0.0000,0
84,features.15,704,pruned_before,nan,0.000000e+00,0.000000e+00,0.0000,0.0000,0
84,features.15,705,pruned_before,nan,0.000000e+00,0.000000e+00,0.0000,0.0000,0
84,features.15,706,pruned_before,nan,0.000000e+00,0.000000e+00,0.0000,0.0000,0
84,features.15,707,pruned_before,nan,0.000000e+00,0.000000e+00,0.0000,0.0000,0
84,features.15,708,pruned_before,nan,0.000000e+00,0.000000e+00,0.0000,0.0000,0
84,features.15,709,pruned_before,nan,0.000000e+00,0.000000e+00,0.0000,0.0000,0
84,features.15,710,pruned_before,nan,0.000000e+00,0.000000e+00,0.0000,0.0000,0
84,features.15,711,pruned_before,nan,0.000000e+00,0.000000e+00,0.0000,0.0000,0
84,features.15,712,active,-0.210526,6.773713e-07,5.838122e-06,0.6842,0.2632,329
84,features.15,713,pruned_before,nan,0.000000e+00,0.000000e+00,0.0000,0.0000,0
84,features.15,714,pruned_before,nan,0.000000e+00,0.000000e+00,0.0000,0.0000,0
84,features.15,715,pruned_before,nan,0.000000e+00,0.000000e+00,0.0000,0.0000,0
84,features.15,716,pruned_before,nan,0.000000e+00,0.000000e+00,0.0000,0.0000,0
84,features.15,717,pruned_before,nan,0.000000e+00,0.000000e+00,0.0000,0.0000,0
84,features.15,718,pruned_before,nan,0.000000e+00,0.000000e+00,0.0000,0.0000,0
84,features.15,719,pruned_before,nan,0.000000e+00,0.000000e+00,0.0000,0.0000,0
84,features.15,720,pruned_before,nan,0.000000e+00,0.000000e+00,0.0000,0.0000,0
84,features.15,721,pruned_before,nan,0.000000e+00,0.000000e+00,0.0000,0.0000,0
84,features.15,722,pruned_before,nan,0.000000e+00,0.000000e+00,0.0000,0.0000,0
84,features.15,723,pruned_before,nan,0.000000e+00,0.000000e+00,0.0000,0.0000,0
84,features.15,724,pruned_before,nan,0.000000e+00,0.000000e+00,0.0000,0.0000,0
84,features.15,725,pruned_before,nan,0.000000e+00,0.000000e+00,0.0000,0.0000,0
84,features.15,726,pruned_before,nan,0.000000e+00,0.000000e+00,0.0000,0.0000,0
84,features.15,727,pruned_before,nan,0.000000e+00,0.000000e+00,0.0000,0.0000,0
84,features.15,728,pruned_before,nan,0.000000e+00,0.000000e+00,0.0000,0.0000,0
84,features.15,729,pruned_before,nan,0.000000e+00,0.000000e+00,0.0000,0.0000,0
84,features.15,730,pruned_before,nan,0.000000e+00,0.000000e+00,0.0000,0.0000,0
84,features.15,731,pruned_before,nan,0.000000e+00,0.000000e+00,0.0000,0.0000,0
84,features.15,732,pruned_before,nan,0.000000e+00,0.000000e+00,0.0000,0.0000,0
84,features.15,733,pruned_before,nan,0.000000e+00,0.000000e+00,0.0000,0.0000,0
84,features.15,734,pruned_before,nan,0.000000e+00,0.000000e+00,0.0000,0.0000,0
84,features.15,735,pruned_before,nan,0.000000e+00,0.000000e+00,0.0000,0.0000,0
84,features.15,736,pruned_before,nan,0.000000e+00,0.000000e+00,0.0000,0.0000,0
84,features.15,737,pruned_before,nan,0.000000e+00,0.000000e+00,0.0000,0.0000,0
84,features.15,738,pruned_before,nan,0.000000e+00,0.000000e+00,0.0000,0.0000,0
84,features.15,739,active,-0.098684,2.016175e-06,6.099137e-05,0.9474,0.7500,329
84,features.15,740,pruned_before,nan,0.000000e+00,0.000000e+00,0.0000,0.0000,0
84,features.15,741,pruned_before,nan,0.000000e+00,0.000000e+00,0.0000,0.0000,0
84,features.15,742,pruned_before,nan,0.000000e+00,0.000000e+00,0.0000,0.0000,0
84,features.15,743,pruned_before,nan,0.000000e+00,0.000000e+00,0.0000,0.0000,0
84,features.15,744,pruned_before,nan,0.000000e+00,0.000000e+00,0.0000,0.0000,0
84,features.15,745,pruned_before,nan,0.000000e+00,0.000000e+00,0.0000,0.0000,0
84,features.15,746,pruned_before,nan,0.000000e+00,0.000000e+00,0.0000,0.0000,0
84,features.15,747,pruned_before,nan,0.000000e+00,0.000000e+00,0.0000,0.0000,0
84,features.15,748,pruned_before,nan,0.000000e+00,0.000000e+00,0.0000,0.0000,0
84,features.15,749,active,0.256579,2.140608e-07,9.580073e-05,0.3158,0.8289,329
84,features.15,750,pruned_before,nan,0.000000e+00,0.000000e+00,0.0000,0.0000,0
84,features.15,751,pruned_before,nan,0.000000e+00,0.000000e+00,0.0000,0.0000,0
84,features.15,752,pruned_before,nan,0.000000e+00,0.000000e+00,0.0000,0.0000,0
84,features.15,753,pruned_before,nan,0.000000e+00,0.000000e+00,0.0000,0.0000,0
84,features.15,754,pruned_before,nan,0.000000e+00,0.000000e+00,0.0000,0.0000,0
84,features.15,755,pruned_before,nan,0.000000e+00,0.000000e+00,0.0000,0.0000,0
84,features.15,756,pruned_before,nan,0.000000e+00,0.000000e+00,0.0000,0.0000,0
84,features.15,757,active,0.032895,1.712782e-06,7.978308e-04,0.9079,0.9737,329
84,features.15,758,pruned_before,nan,0.000000e+00,0.000000e+00,0.0000,0.0000,0
84,features.15,759,pruned_before,nan,0.000000e+00,0.000000e+00,0.0000,0.0000,0
84,features.15,760,pruned_before,nan,0.000000e+00,0.000000e+00,0.0000,0.0000,0
84,features.15,761,pruned_before,nan,0.000000e+00,0.000000e+00,0.0000,0.0000,0
84,features.15,762,pruned_before,nan,0.000000e+00,0.000000e+00,0.0000,0.0000,0
84,features.15,763,active,-0.085526,6.246926e-07,2.669280e-05,0.6579,0.4868,329
84,features.15,764,pruned_before,nan,0.000000e+00,0.000000e+00,0.0000,0.0000,0
84,features.15,765,pruned_before,nan,0.000000e+00,0.000000e+00,0.0000,0.0000,0
84,features.15,766,pruned_before,nan,0.000000e+00,0.000000e+00,0.0000,0.0000,0
84,features.15,767,pruned_before,nan,0.000000e+00,0.000000e+00,0.0000,0.0000,0
84,features.15,768,pruned_before,nan,0.000000e+00,0.000000e+00,0.0000,0.0000,0
84,features.15,769,pruned_before,nan,0.000000e+00,0.000000e+00,0.0000,0.0000,0
84,features.15,770,pruned_before,nan,0.000000e+00,0.000000e+00,0.0000,0.0000,0
84,features.15,771,pruned_before,nan,0.000000e+00,0.000000e+00,0.0000,0.0000,0
84,features.15,772,pruned_before,nan,0.000000e+00,0.000000e+00,0.0000,0.0000,0
84,features.15,773,pruned_before,nan,0.000000e+00,0.000000e+00,0.0000,0.0000,0
84,features.15,774,pruned_before,nan,0.000000e+00,0.000000e+00,0.0000,0.0000,0
84,features.15,775,pruned_before,nan,0.000000e+00,0.000000e+00,0.0000,0.0000,0
84,features.15,776,pruned_before,nan,0.000000e+00,0.000000e+00,0.0000,0.0000,0
84,features.15,777,pruned_before,nan,0.000000e+00,0.000000e+00,0.0000,0.0000,0
84,features.15,778,pruned_before,nan,0.000000e+00,0.000000e+00,0.0000,0.0000,0
84,features.15,779,pruned_before,nan,0.000000e+00,0.000000e+00,0.0000,0.0000,0
84,features.15,780,active,0.098684,2.526049e-07,3.236207e-05,0.3553,0.5526,329
84,features.15,781,pruned_before,nan,0.000000e+00,0.000000e+00,0.0000,0.0000,0
84,features.15,782,pruned_before,nan,0.000000e+00,0.000000e+00,0.0000,0.0000,0
84,features.15,783,pruned_before,nan,0.000000e+00,0.000000e+00,0.0000,0.0000,0
84,features.15,784,pruned_before,nan,0.000000e+00,0.000000e+00,0.0000,0.0000,0
84,features.15,785,pruned_before,nan,0.000000e+00,0.000000e+00,0.0000,0.0000,0
84,features.15,786,pruned_before,nan,0.000000e+00,0.000000e+00,0.0000,0.0000,0
84,features.15,787,pruned_before,nan,0.000000e+00,0.000000e+00,0.0000,0.0000,0
84,features.15,788,pruned_before,nan,0.000000e+00,0.000000e+00,0.0000,0.0000,0
84,features.15,789,pruned_before,nan,0.000000e+00,0.000000e+00,0.0000,0.0000,0
84,features.15,790,pruned_before,nan,0.000000e+00,0.000000e+00,0.0000,0.0000,0
84,features.15,791,active,-0.006579,1.940734e-07,4.979584e-06,0.2368,0.2237,329
84,features.15,792,pruned_before,nan,0.000000e+00,0.000000e+00,0.0000,0.0000,0
84,features.15,793,pruned_before,nan,0.000000e+00,0.000000e+00,0.0000,0.0000,0
84,features.15,794,pruned_before,nan,0.000000e+00,0.000000e+00,0.0000,0.0000,0
84,features.15,795,pruned_before,nan,0.000000e+00,0.000000e+00,0.0000,0.0000,0
84,features.15,796,pruned_before,nan,0.000000e+00,0.000000e+00,0.0000,0.0000,0
84,features.15,797,pruned_before,nan,0.000000e+00,0.000000e+00,0.0000,0.0000,0
84,features.15,798,pruned_before,nan,0.000000e+00,0.000000e+00,0.0000,0.0000,0
84,features.15,799,pruned_before,nan,0.000000e+00,0.000000e+00,0.0000,0.0000,0
84,features.15,800,pruned_before,nan,0.000000e+00,0.000000e+00,0.0000,0.0000,0
84,features.15,801,pruned_before,nan,0.000000e+00,0.000000e+00,0.0000,0.0000,0
84,features.15,802,pruned_before,nan,0.000000e+00,0.000000e+00,0.0000,0.0000,0
84,features.15,803,pruned_before,nan,0.000000e+00,0.000000e+00,0.0000,0.0000,0
84,features.15,804,pruned_before,nan,0.000000e+00,0.000000e+00,0.0000,0.0000,0
84,features.15,805,pruned_before,nan,0.000000e+00,0.000000e+00,0.0000,0.0000,0
84,features.15,806,active,0.072368,1.974972e-08,3.407420e-06,0.0132,0.1579,329
84,features.15,807,pruned_before,nan,0.000000e+00,0.000000e+00,0.0000,0.0000,0
84,features.15,808,pruned_before,nan,0.000000e+00,0.000000e+00,0.0000,0.0000,0
84,features.15,809,pruned_before,nan,0.000000e+00,0.000000e+00,0.0000,0.0000,0
84,features.15,810,pruned_before,nan,0.000000e+00,0.000000e+00,0.0000,0.0000,0
84,features.15,811,pruned_before,nan,0.000000e+00,0.000000e+00,0.0000,0.0000,0
84,features.15,812,pruned_before,nan,0.000000e+00,0.000000e+00,0.0000,0.0000,0
84,features.15,813,pruned_before,nan,0.000000e+00,0.000000e+00,0.0000,0.0000,0
84,features.15,814,pruned_before,nan,0.000000e+00,0.000000e+00,0.0000,0.0000,0
84,features.15,815,pruned_before,nan,0.000000e+00,0.000000e+00,0.0000,0.0000,0
84,features.15,816,pruned_before,nan,0.000000e+00,0.000000e+00,0.0000,0.0000,0
84,features.15,817,pruned_before,nan,0.000000e+00,0.000000e+00,0.0000,0.0000,0
84,features.15,818,pruned_before,nan,0.000000e+00,0.000000e+00,0.0000,0.0000,0
84,features.15,819,pruned_before,nan,0.000000e+00,0.000000e+00,0.0000,0.0000,0
84,features.15,820,pruned_before,nan,0.000000e+00,0.000000e+00,0.0000,0.0000,0
84,features.15,821,active,-0.013158,4.365978e-07,2.703493e-05,0.5395,0.5132,329
84,features.15,822,pruned_before,nan,0.000000e+00,0.000000e+00,0.0000,0.0000,0
84,features.15,823,pruned_before,nan,0.000000e+00,0.000000e+00,0.0000,0.0000,0
84,features.15,824,pruned_before,nan,0.000000e+00,0.000000e+00,0.0000,0.0000,0
84,features.15,825,pruned_before,nan,0.000000e+00,0.000000e+00,0.0000,0.0000,0
84,features.15,826,pruned_before,nan,0.000000e+00,0.000000e+00,0.0000,0.0000,0
84,features.15,827,pruned_before,nan,0.000000e+00,0.000000e+00,0.0000,0.0000,0
84,features.15,828,pruned_before,nan,0.000000e+00,0.000000e+00,0.0000,0.0000,0
84,features.15,829,pruned_before,nan,0.000000e+00,0.000000e+00,0.0000,0.0000,0
84,features.15,830,pruned_before,nan,0.000000e+00,0.000000e+00,0.0000,0.0000,0
84,features.15,831,pruned_before,nan,0.000000e+00,0.000000e+00,0.0000,0.0000,0
84,features.15,832,pruned_before,nan,0.000000e+00,0.000000e+00,0.0000,0.0000,0
84,features.15,833,pruned_before,nan,0.000000e+00,0.000000e+00,0.0000,0.0000,0
84,features.15,834,pruned_before,nan,0.000000e+00,0.000000e+00,0.0000,0.0000,0
84,features.15,835,pruned_before,nan,0.000000e+00,0.000000e+00,0.0000,0.0000,0
84,features.15,836,pruned_before,nan,0.000000e+00,0.000000e+00,0.0000,0.0000,0
84,features.15,837,pruned_before,nan,0.000000e+00,0.000000e+00,0.0000,0.0000,0
84,features.15,838,pruned_before,nan,0.000000e+00,0.000000e+00,0.0000,0.0000,0
84,features.15,839,pruned_before,nan,0.000000e+00,0.000000e+00,0.0000,0.0000,0
84,features.15,840,pruned_before,nan,0.000000e+00,0.000000e+00,0.0000,0.0000,0
84,features.15,841,pruned_before,nan,0.000000e+00,0.000000e+00,0.0000,0.0000,0
84,features.15,842,pruned_before,nan,0.000000e+00,0.000000e+00,0.0000,0.0000,0
84,features.15,843,pruned_before,nan,0.000000e+00,0.000000e+00,0.0000,0.0000,0
84,features.15,844,pruned_before,nan,0.000000e+00,0.000000e+00,0.0000,0.0000,0
84,features.15,845,active,0.289474,2.168514e-07,1.700836e-04,0.3289,0.9079,329
84,features.15,846,pruned_before,nan,0.000000e+00,0.000000e+00,0.0000,0.0000,0
84,features.15,847,pruned_before,nan,0.000000e+00,0.000000e+00,0.0000,0.0000,0
84,features.15,848,pruned_before,nan,0.000000e+00,0.000000e+00,0.0000,0.0000,0
84,features.15,849,pruned_before,nan,0.000000e+00,0.000000e+00,0.0000,0.0000,0
84,features.15,850,pruned_before,nan,0.000000e+00,0.000000e+00,0.0000,0.0000,0
84,features.15,851,pruned_before,nan,0.000000e+00,0.000000e+00,0.0000,0.0000,0
84,features.15,852,pruned_before,nan,0.000000e+00,0.000000e+00,0.0000,0.0000,0
84,features.15,853,pruned_before,nan,0.000000e+00,0.000000e+00,0.0000,0.0000,0
84,features.15,854,pruned_before,nan,0.000000e+00,0.000000e+00,0.0000,0.0000,0
84,features.15,855,pruned_before,nan,0.000000e+00,0.000000e+00,0.0000,0.0000,0
84,features.15,856,pruned_before,nan,0.000000e+00,0.000000e+00,0.0000,0.0000,0
84,features.15,857,pruned_before,nan,0.000000e+00,0.000000e+00,0.0000,0.0000,0
84,features.15,858,pruned_before,nan,0.000000e+00,0.000000e+00,0.0000,0.0000,0
84,features.15,859,pruned_before,nan,0.000000e+00,0.000000e+00,0.0000,0.0000,0
84,features.15,860,pruned_before,nan,0.000000e+00,0.000000e+00,0.0000,0.0000,0
84,features.15,861,pruned_before,nan,0.000000e+00,0.000000e+00,0.0000,0.0000,0
84,features.15,862,pruned_before,nan,0.000000e+00,0.000000e+00,0.0000,0.0000,0
84,features.15,863,pruned_before,nan,0.000000e+00,0.000000e+00,0.0000,0.0000,0
84,features.15,864,pruned_before,nan,0.000000e+00,0.000000e+00,0.0000,0.0000,0
84,features.15,865,pruned_before,nan,0.000000e+00,0.000000e+00,0.0000,0.0000,0
84,features.15,866,pruned_before,nan,0.000000e+00,0.000000e+00,0.0000,0.0000,0
84,features.15,867,pruned_before,nan,0.000000e+00,0.000000e+00,0.0000,0.0000,0
84,features.15,868,pruned_before,nan,0.000000e+00,0.000000e+00,0.0000,0.0000,0
84,features.15,869,pruned_before,nan,0.000000e+00,0.000000e+00,0.0000,0.0000,0
84,features.15,870,pruned_before,nan,0.000000e+00,0.000000e+00,0.0000,0.0000,0
84,features.15,871,pruned_before,nan,0.000000e+00,0.000000e+00,0.0000,0.0000,0
84,features.15,872,pruned_before,nan,0.000000e+00,0.000000e+00,0.0000,0.0000,0
84,features.15,873,pruned_before,nan,0.000000e+00,0.000000e+00,0.0000,0.0000,0
84,features.15,874,pruned_before,nan,0.000000e+00,0.000000e+00,0.0000,0.0000,0
84,features.15,875,pruned_before,nan,0.000000e+00,0.000000e+00,0.0000,0.0000,0
84,features.15,876,pruned_before,nan,0.000000e+00,0.000000e+00,0.0000,0.0000,0
84,features.15,877,pruned_before,nan,0.000000e+00,0.000000e+00,0.0000,0.0000,0
84,features.15,878,pruned_before,nan,0.000000e+00,0.000000e+00,0.0000,0.0000,0
84,features.15,879,active,-0.019737,4.690919e-08,1.220927e-06,0.0658,0.0263,329
84,features.15,880,pruned_before,nan,0.000000e+00,0.000000e+00,0.0000,0.0000,0
84,features.15,881,pruned_before,nan,0.000000e+00,0.000000e+00,0.0000,0.0000,0
84,features.15,882,pruned_before,nan,0.000000e+00,0.000000e+00,0.0000,0.0000,0
84,features.15,883,pruned_before,nan,0.000000e+00,0.000000e+00,0.0000,0.0000,0
84,features.15,884,pruned_before,nan,0.000000e+00,0.000000e+00,0.0000,0.0000,0
84,features.15,885,pruned_before,nan,0.000000e+00,0.000000e+00,0.0000,0.0000,0
84,features.15,886,pruned_before,nan,0.000000e+00,0.000000e+00,0.0000,0.0000,0
84,features.15,887,pruned_before,nan,0.000000e+00,0.000000e+00,0.0000,0.0000,0
84,features.15,888,pruned_before,nan,0.000000e+00,0.000000e+00,0.0000,0.0000,0
84,features.15,889,active,0.072368,9.051113e-07,1.948135e-04,0.7763,0.9211,329
84,features.15,890,pruned_before,nan,0.000000e+00,0.000000e+00,0.0000,0.0000,0
84,features.15,891,pruned_before,nan,0.000000e+00,0.000000e+00,0.0000,0.0000,0
84,features.15,892,pruned_before,nan,0.000000e+00,0.000000e+00,0.0000,0.0000,0
84,features.15,893,pruned_before,nan,0.000000e+00,0.000000e+00,0.0000,0.0000,0
84,features.15,894,pruned_before,nan,0.000000e+00,0.000000e+00,0.0000,0.0000,0
84,features.15,895,pruned_before,nan,0.000000e+00,0.000000e+00,0.0000,0.0000,0
84,features.15,896,pruned_before,nan,0.000000e+00,0.000000e+00,0.0000,0.0000,0
84,features.15,897,pruned_before,nan,0.000000e+00,0.000000e+00,0.0000,0.0000,0
84,features.15,898,pruned_before,nan,0.000000e+00,0.000000e+00,0.0000,0.0000,0
84,features.15,899,pruned_before,nan,0.000000e+00,0.000000e+00,0.0000,0.0000,0
84,features.15,900,pruned_before,nan,0.000000e+00,0.000000e+00,0.0000,0.0000,0
84,features.15,901,active,-0.203947,1.085221e-06,2.585414e-05,0.8684,0.4605,329
84,features.15,902,pruned_before,nan,0.000000e+00,0.000000e+00,0.0000,0.0000,0
84,features.15,903,pruned_before,nan,0.000000e+00,0.000000e+00,0.0000,0.0000,0
84,features.15,904,pruned_before,nan,0.000000e+00,0.000000e+00,0.0000,0.0000,0
84,features.15,905,pruned_before,nan,0.000000e+00,0.000000e+00,0.0000,0.0000,0
84,features.15,906,pruned_before,nan,0.000000e+00,0.000000e+00,0.0000,0.0000,0
84,features.15,907,pruned_before,nan,0.000000e+00,0.000000e+00,0.0000,0.0000,0
84,features.15,908,pruned_before,nan,0.000000e+00,0.000000e+00,0.0000,0.0000,0
84,features.15,909,pruned_before,nan,0.000000e+00,0.000000e+00,0.0000,0.0000,0
84,features.15,910,pruned_before,nan,0.000000e+00,0.000000e+00,0.0000,0.0000,0
84,features.15,911,pruned_before,nan,0.000000e+00,0.000000e+00,0.0000,0.0000,0
84,features.15,912,pruned_before,nan,0.000000e+00,0.000000e+00,0.0000,0.0000,0
84,features.15,913,pruned_before,nan,0.000000e+00,0.000000e+00,0.0000,0.0000,0
84,features.15,914,pruned_before,nan,0.000000e+00,0.000000e+00,0.0000,0.0000,0
84,features.15,915,pruned_before,nan,0.000000e+00,0.000000e+00,0.0000,0.0000,0
84,features.15,916,pruned_before,nan,0.000000e+00,0.000000e+00,0.0000,0.0000,0
84,features.15,917,pruned_before,nan,0.000000e+00,0.000000e+00,0.0000,0.0000,0
84,features.15,918,pruned_before,nan,0.000000e+00,0.000000e+00,0.0000,0.0000,0
84,features.15,919,pruned_before,nan,0.000000e+00,0.000000e+00,0.0000,0.0000,0
84,features.15,920,pruned_before,nan,0.000000e+00,0.000000e+00,0.0000,0.0000,0
84,features.15,921,pruned_before,nan,0.000000e+00,0.000000e+00,0.0000,0.0000,0
84,features.15,922,pruned_before,nan,0.000000e+00,0.000000e+00,0.0000,0.0000,0
84,features.15,923,pruned_before,nan,0.000000e+00,0.000000e+00,0.0000,0.0000,0
84,features.15,924,pruned_before,nan,0.000000e+00,0.000000e+00,0.0000,0.0000,0
84,features.15,925,pruned_before,nan,0.000000e+00,0.000000e+00,0.0000,0.0000,0
84,features.15,926,pruned_before,nan,0.000000e+00,0.000000e+00,0.0000,0.0000,0
84,features.15,927,pruned_before,nan,0.000000e+00,0.000000e+00,0.0000,0.0000,0
84,features.15,928,pruned_before,nan,0.000000e+00,0.000000e+00,0.0000,0.0000,0
84,features.15,929,pruned_before,nan,0.000000e+00,0.000000e+00,0.0000,0.0000,0
84,features.15,930,pruned_before,nan,0.000000e+00,0.000000e+00,0.0000,0.0000,0
84,features.15,931,pruned_before,nan,0.000000e+00,0.000000e+00,0.0000,0.0000,0
84,features.15,932,active,-0.019737,1.370450e-06,9.929000e-05,0.8816,0.8421,329
84,features.15,933,active,-0.144737,2.704907e-06,5.187853e-05,0.9868,0.6974,329
84,features.15,934,pruned_before,nan,0.000000e+00,0.000000e+00,0.0000,0.0000,0
84,features.15,935,pruned_before,nan,0.000000e+00,0.000000e+00,0.0000,0.0000,0
84,features.15,936,pruned_before,nan,0.000000e+00,0.000000e+00,0.0000,0.0000,0
84,features.15,937,pruned_before,nan,0.000000e+00,0.000000e+00,0.0000,0.0000,0
84,features.15,938,pruned_before,nan,0.000000e+00,0.000000e+00,0.0000,0.0000,0
84,features.15,939,pruned_before,nan,0.000000e+00,0.000000e+00,0.0000,0.0000,0
84,features.15,940,pruned_before,nan,0.000000e+00,0.000000e+00,0.0000,0.0000,0
84,features.15,941,pruned_before,nan,0.000000e+00,0.000000e+00,0.0000,0.0000,0
84,features.15,942,pruned_before,nan,0.000000e+00,0.000000e+00,0.0000,0.0000,0
84,features.15,943,pruned_before,nan,0.000000e+00,0.000000e+00,0.0000,0.0000,0
84,features.15,944,pruned_before,nan,0.000000e+00,0.000000e+00,0.0000,0.0000,0
84,features.15,945,pruned_before,nan,0.000000e+00,0.000000e+00,0.0000,0.0000,0
84,features.15,946,pruned_before,nan,0.000000e+00,0.000000e+00,0.0000,0.0000,0
84,features.15,947,pruned_before,nan,0.000000e+00,0.000000e+00,0.0000,0.0000,0
84,features.15,948,pruned_before,nan,0.000000e+00,0.000000e+00,0.0000,0.0000,0
84,features.15,949,pruned_before,nan,0.000000e+00,0.000000e+00,0.0000,0.0000,0
84,features.15,950,active,-0.105263,1.039574e-06,4.445014e-05,0.8553,0.6447,329
84,features.15,951,pruned_before,nan,0.000000e+00,0.000000e+00,0.0000,0.0000,0
84,features.15,952,pruned_before,nan,0.000000e+00,0.000000e+00,0.0000,0.0000,0
84,features.15,953,pruned_before,nan,0.000000e+00,0.000000e+00,0.0000,0.0000,0
84,features.15,954,pruned_before,nan,0.000000e+00,0.000000e+00,0.0000,0.0000,0
84,features.15,955,active,-0.078947,7.920569e-07,3.771447e-05,0.7500,0.5921,329
84,features.15,956,pruned_before,nan,0.000000e+00,0.000000e+00,0.0000,0.0000,0
84,features.15,957,pruned_before,nan,0.000000e+00,0.000000e+00,0.0000,0.0000,0
84,features.15,958,pruned_before,nan,0.000000e+00,0.000000e+00,0.0000,0.0000,0
84,features.15,959,pruned_before,nan,0.000000e+00,0.000000e+00,0.0000,0.0000,0
84,features.16,0,pruned_before,nan,0.000000e+00,0.000000e+00,0.0000,0.0000,0
84,features.16,1,pruned_before,nan,0.000000e+00,0.000000e+00,0.0000,0.0000,0
84,features.16,2,pruned_before,nan,0.000000e+00,0.000000e+00,0.0000,0.0000,0
84,features.16,3,pruned_before,nan,0.000000e+00,0.000000e+00,0.0000,0.0000,0
84,features.16,4,pruned_before,nan,0.000000e+00,0.000000e+00,0.0000,0.0000,0
84,features.16,5,pruned_before,nan,0.000000e+00,0.000000e+00,0.0000,0.0000,0
84,features.16,6,pruned_now,-0.138889,1.807021e-07,6.946231e-07,0.3778,0.1000,329
84,features.16,7,pruned_before,nan,0.000000e+00,0.000000e+00,0.0000,0.0000,0
84,features.16,8,pruned_before,nan,0.000000e+00,0.000000e+00,0.0000,0.0000,0
84,features.16,9,pruned_before,nan,0.000000e+00,0.000000e+00,0.0000,0.0000,0
84,features.16,10,pruned_before,nan,0.000000e+00,0.000000e+00,0.0000,0.0000,0
84,features.16,11,pruned_before,nan,0.000000e+00,0.000000e+00,0.0000,0.0000,0
84,features.16,12,pruned_before,nan,0.000000e+00,0.000000e+00,0.0000,0.0000,0
84,features.16,13,pruned_before,nan,0.000000e+00,0.000000e+00,0.0000,0.0000,0
84,features.16,14,pruned_before,nan,0.000000e+00,0.000000e+00,0.0000,0.0000,0
84,features.16,15,pruned_before,nan,0.000000e+00,0.000000e+00,0.0000,0.0000,0
84,features.16,16,pruned_before,nan,0.000000e+00,0.000000e+00,0.0000,0.0000,0
84,features.16,17,pruned_before,nan,0.000000e+00,0.000000e+00,0.0000,0.0000,0
84,features.16,18,pruned_before,nan,0.000000e+00,0.000000e+00,0.0000,0.0000,0
84,features.16,19,pruned_before,nan,0.000000e+00,0.000000e+00,0.0000,0.0000,0
84,features.16,20,pruned_before,nan,0.000000e+00,0.000000e+00,0.0000,0.0000,0
84,features.16,21,pruned_before,nan,0.000000e+00,0.000000e+00,0.0000,0.0000,0
84,features.16,22,pruned_before,nan,0.000000e+00,0.000000e+00,0.0000,0.0000,0
84,features.16,23,active,0.044444,3.365512e-08,2.763035e-06,0.1222,0.2111,329
84,features.16,24,active,-0.116667,1.051604e-06,2.357190e-05,0.8333,0.6000,329
84,features.16,25,pruned_before,nan,0.000000e+00,0.000000e+00,0.0000,0.0000,0
84,features.16,26,pruned_before,nan,0.000000e+00,0.000000e+00,0.0000,0.0000,0
84,features.16,27,pruned_before,nan,0.000000e+00,0.000000e+00,0.0000,0.0000,0
84,features.16,28,pruned_before,nan,0.000000e+00,0.000000e+00,0.0000,0.0000,0
84,features.16,29,pruned_before,nan,0.000000e+00,0.000000e+00,0.0000,0.0000,0
84,features.16,30,pruned_before,nan,0.000000e+00,0.000000e+00,0.0000,0.0000,0
84,features.16,31,pruned_before,nan,0.000000e+00,0.000000e+00,0.0000,0.0000,0
84,features.16,32,pruned_before,nan,0.000000e+00,0.000000e+00,0.0000,0.0000,0
84,features.16,33,pruned_before,nan,0.000000e+00,0.000000e+00,0.0000,0.0000,0
84,features.16,34,active,-0.116667,3.666044e-07,1.157324e-05,0.6333,0.4000,329
84,features.16,35,pruned_before,nan,0.000000e+00,0.000000e+00,0.0000,0.0000,0
84,features.16,36,pruned_before,nan,0.000000e+00,0.000000e+00,0.0000,0.0000,0
84,features.16,37,pruned_before,nan,0.000000e+00,0.000000e+00,0.0000,0.0000,0
84,features.16,38,pruned_before,nan,0.000000e+00,0.000000e+00,0.0000,0.0000,0
84,features.16,39,pruned_before,nan,0.000000e+00,0.000000e+00,0.0000,0.0000,0
84,features.16,40,pruned_before,nan,0.000000e+00,0.000000e+00,0.0000,0.0000,0
84,features.16,41,pruned_before,nan,0.000000e+00,0.000000e+00,0.0000,0.0000,0
84,features.16,42,pruned_before,nan,0.000000e+00,0.000000e+00,0.0000,0.0000,0
84,features.16,43,pruned_before,nan,0.000000e+00,0.000000e+00,0.0000,0.0000,0
84,features.16,44,pruned_before,nan,0.000000e+00,0.000000e+00,0.0000,0.0000,0
84,features.16,45,pruned_before,nan,0.000000e+00,0.000000e+00,0.0000,0.0000,0
84,features.16,46,pruned_before,nan,0.000000e+00,0.000000e+00,0.0000,0.0000,0
84,features.16,47,pruned_before,nan,0.000000e+00,0.000000e+00,0.0000,0.0000,0
84,features.16,48,pruned_before,nan,0.000000e+00,0.000000e+00,0.0000,0.0000,0
84,features.16,49,pruned_before,nan,0.000000e+00,0.000000e+00,0.0000,0.0000,0
84,features.16,50,pruned_before,nan,0.000000e+00,0.000000e+00,0.0000,0.0000,0
84,features.16,51,pruned_before,nan,0.000000e+00,0.000000e+00,0.0000,0.0000,0
84,features.16,52,pruned_before,nan,0.000000e+00,0.000000e+00,0.0000,0.0000,0
84,features.16,53,pruned_before,nan,0.000000e+00,0.000000e+00,0.0000,0.0000,0
84,features.16,54,pruned_before,nan,0.000000e+00,0.000000e+00,0.0000,0.0000,0
84,features.16,55,pruned_before,nan,0.000000e+00,0.000000e+00,0.0000,0.0000,0
84,features.16,56,pruned_before,nan,0.000000e+00,0.000000e+00,0.0000,0.0000,0
84,features.16,57,pruned_before,nan,0.000000e+00,0.000000e+00,0.0000,0.0000,0
84,features.16,58,pruned_before,nan,0.000000e+00,0.000000e+00,0.0000,0.0000,0
84,features.16,59,pruned_before,nan,0.000000e+00,0.000000e+00,0.0000,0.0000,0
84,features.16,60,pruned_before,nan,0.000000e+00,0.000000e+00,0.0000,0.0000,0
84,features.16,61,pruned_before,nan,0.000000e+00,0.000000e+00,0.0000,0.0000,0
84,features.16,62,pruned_before,nan,0.000000e+00,0.000000e+00,0.0000,0.0000,0
84,features.16,63,pruned_before,nan,0.000000e+00,0.000000e+00,0.0000,0.0000,0
84,features.16,64,pruned_before,nan,0.000000e+00,0.000000e+00,0.0000,0.0000,0
84,features.16,65,active,-0.044444,1.419327e-07,2.466689e-06,0.2889,0.2000,329
84,features.16,66,pruned_before,nan,0.000000e+00,0.000000e+00,0.0000,0.0000,0
84,features.16,67,pruned_before,nan,0.000000e+00,0.000000e+00,0.0000,0.0000,0
84,features.16,68,pruned_before,nan,0.000000e+00,0.000000e+00,0.0000,0.0000,0
84,features.16,69,pruned_before,nan,0.000000e+00,0.000000e+00,0.0000,0.0000,0
84,features.16,70,pruned_before,nan,0.000000e+00,0.000000e+00,0.0000,0.0000,0
84,features.16,71,pruned_before,nan,0.000000e+00,0.000000e+00,0.0000,0.0000,0
84,features.16,72,pruned_before,nan,0.000000e+00,0.000000e+00,0.0000,0.0000,0
84,features.16,73,pruned_before,nan,0.000000e+00,0.000000e+00,0.0000,0.0000,0
84,features.16,74,pruned_before,nan,0.000000e+00,0.000000e+00,0.0000,0.0000,0
84,features.16,75,pruned_before,nan,0.000000e+00,0.000000e+00,0.0000,0.0000,0
84,features.16,76,pruned_before,nan,0.000000e+00,0.000000e+00,0.0000,0.0000,0
84,features.16,77,pruned_before,nan,0.000000e+00,0.000000e+00,0.0000,0.0000,0
84,features.16,78,pruned_before,nan,0.000000e+00,0.000000e+00,0.0000,0.0000,0
84,features.16,79,pruned_before,nan,0.000000e+00,0.000000e+00,0.0000,0.0000,0
84,features.16,80,active,0.000000,0.000000e+00,0.000000e+00,0.0111,0.0111,329
84,features.16,81,pruned_before,nan,0.000000e+00,0.000000e+00,0.0000,0.0000,0
84,features.16,82,pruned_before,nan,0.000000e+00,0.000000e+00,0.0000,0.0000,0
84,features.16,83,pruned_before,nan,0.000000e+00,0.000000e+00,0.0000,0.0000,0
84,features.16,84,pruned_before,nan,0.000000e+00,0.000000e+00,0.0000,0.0000,0
84,features.16,85,pruned_before,nan,0.000000e+00,0.000000e+00,0.0000,0.0000,0
84,features.16,86,pruned_before,nan,0.000000e+00,0.000000e+00,0.0000,0.0000,0
84,features.16,87,pruned_before,nan,0.000000e+00,0.000000e+00,0.0000,0.0000,0
84,features.16,88,pruned_before,nan,0.000000e+00,0.000000e+00,0.0000,0.0000,0
84,features.16,89,pruned_before,nan,0.000000e+00,0.000000e+00,0.0000,0.0000,0
84,features.16,90,pruned_before,nan,0.000000e+00,0.000000e+00,0.0000,0.0000,0
84,features.16,91,pruned_before,nan,0.000000e+00,0.000000e+00,0.0000,0.0000,0
84,features.16,92,pruned_before,nan,0.000000e+00,0.000000e+00,0.0000,0.0000,0
84,features.16,93,pruned_before,nan,0.000000e+00,0.000000e+00,0.0000,0.0000,0
84,features.16,94,pruned_before,nan,0.000000e+00,0.000000e+00,0.0000,0.0000,0
84,features.16,95,pruned_before,nan,0.000000e+00,0.000000e+00,0.0000,0.0000,0
84,features.16,96,pruned_before,nan,0.000000e+00,0.000000e+00,0.0000,0.0000,0
84,features.16,97,pruned_before,nan,0.000000e+00,0.000000e+00,0.0000,0.0000,0
84,features.16,98,pruned_before,nan,0.000000e+00,0.000000e+00,0.0000,0.0000,0
84,features.16,99,pruned_before,nan,0.000000e+00,0.000000e+00,0.0000,0.0000,0
84,features.16,100,pruned_before,nan,0.000000e+00,0.000000e+00,0.0000,0.0000,0
84,features.16,101,pruned_before,nan,0.000000e+00,0.000000e+00,0.0000,0.0000,0
84,features.16,102,pruned_before,nan,0.000000e+00,0.000000e+00,0.0000,0.0000,0
84,features.16,103,pruned_before,nan,0.000000e+00,0.000000e+00,0.0000,0.0000,0
84,features.16,104,pruned_before,nan,0.000000e+00,0.000000e+00,0.0000,0.0000,0
84,features.16,105,pruned_before,nan,0.000000e+00,0.000000e+00,0.0000,0.0000,0
84,features.16,106,pruned_before,nan,0.000000e+00,0.000000e+00,0.0000,0.0000,0
84,features.16,107,pruned_before,nan,0.000000e+00,0.000000e+00,0.0000,0.0000,0
84,features.16,108,pruned_before,nan,0.000000e+00,0.000000e+00,0.0000,0.0000,0
84,features.16,109,pruned_before,nan,0.000000e+00,0.000000e+00,0.0000,0.0000,0
84,features.16,110,pruned_before,nan,0.000000e+00,0.000000e+00,0.0000,0.0000,0
84,features.16,111,pruned_before,nan,0.000000e+00,0.000000e+00,0.0000,0.0000,0
84,features.16,112,pruned_before,nan,0.000000e+00,0.000000e+00,0.0000,0.0000,0
84,features.16,113,pruned_before,nan,0.000000e+00,0.000000e+00,0.0000,0.0000,0
84,features.16,114,pruned_before,nan,0.000000e+00,0.000000e+00,0.0000,0.0000,0
84,features.16,115,pruned_before,nan,0.000000e+00,0.000000e+00,0.0000,0.0000,0
84,features.16,116,pruned_before,nan,0.000000e+00,0.000000e+00,0.0000,0.0000,0
84,features.16,117,pruned_before,nan,0.000000e+00,0.000000e+00,0.0000,0.0000,0
84,features.16,118,pruned_before,nan,0.000000e+00,0.000000e+00,0.0000,0.0000,0
84,features.16,119,pruned_before,nan,0.000000e+00,0.000000e+00,0.0000,0.0000,0
84,features.16,120,pruned_before,nan,0.000000e+00,0.000000e+00,0.0000,0.0000,0
84,features.16,121,active,0.022222,5.100592e-07,4.055174e-05,0.7111,0.7556,329
84,features.16,122,pruned_before,nan,0.000000e+00,0.000000e+00,0.0000,0.0000,0
84,features.16,123,pruned_before,nan,0.000000e+00,0.000000e+00,0.0000,0.0000,0
84,features.16,124,pruned_before,nan,0.000000e+00,0.000000e+00,0.0000,0.0000,0
84,features.16,125,pruned_before,nan,0.000000e+00,0.000000e+00,0.0000,0.0000,0
84,features.16,126,pruned_before,nan,0.000000e+00,0.000000e+00,0.0000,0.0000,0
84,features.16,127,active,0.033333,1.290145e-07,6.295529e-06,0.2556,0.3222,329
84,features.16,128,pruned_before,nan,0.000000e+00,0.000000e+00,0.0000,0.0000,0
84,features.16,129,active,-0.050000,2.043474e-06,5.743117e-05,0.9222,0.8222,329
84,features.16,130,pruned_before,nan,0.000000e+00,0.000000e+00,0.0000,0.0000,0
84,features.16,131,pruned_before,nan,0.000000e+00,0.000000e+00,0.0000,0.0000,0
84,features.16,132,pruned_before,nan,0.000000e+00,0.000000e+00,0.0000,0.0000,0
84,features.16,133,pruned_before,nan,0.000000e+00,0.000000e+00,0.0000,0.0000,0
84,features.16,134,active,0.000000,2.241954e-06,1.116285e-04,0.9333,0.9333,329
84,features.16,135,pruned_before,nan,0.000000e+00,0.000000e+00,0.0000,0.0000,0
84,features.16,136,pruned_before,nan,0.000000e+00,0.000000e+00,0.0000,0.0000,0
84,features.16,137,pruned_before,nan,0.000000e+00,0.000000e+00,0.0000,0.0000,0
84,features.16,138,pruned_before,nan,0.000000e+00,0.000000e+00,0.0000,0.0000,0
84,features.16,139,pruned_before,nan,0.000000e+00,0.000000e+00,0.0000,0.0000,0
84,features.16,140,pruned_before,nan,0.000000e+00,0.000000e+00,0.0000,0.0000,0
84,features.16,141,pruned_before,nan,0.000000e+00,0.000000e+00,0.0000,0.0000,0
84,features.16,142,pruned_before,nan,0.000000e+00,0.000000e+00,0.0000,0.0000,0
84,features.16,143,pruned_before,nan,0.000000e+00,0.000000e+00,0.0000,0.0000,0
84,features.16,144,pruned_before,nan,0.000000e+00,0.000000e+00,0.0000,0.0000,0
84,features.16,145,pruned_before,nan,0.000000e+00,0.000000e+00,0.0000,0.0000,0
84,features.16,146,active,-0.077778,4.318437e-07,1.793014e-05,0.6556,0.5000,329
84,features.16,147,pruned_before,nan,0.000000e+00,0.000000e+00,0.0000,0.0000,0
84,features.16,148,pruned_before,nan,0.000000e+00,0.000000e+00,0.0000,0.0000,0
84,features.16,149,pruned_before,nan,0.000000e+00,0.000000e+00,0.0000,0.0000,0
84,features.16,150,pruned_before,nan,0.000000e+00,0.000000e+00,0.0000,0.0000,0
84,features.16,151,pruned_before,nan,0.000000e+00,0.000000e+00,0.0000,0.0000,0
84,features.16,152,pruned_before,nan,0.000000e+00,0.000000e+00,0.0000,0.0000,0
84,features.16,153,pruned_before,nan,0.000000e+00,0.000000e+00,0.0000,0.0000,0
84,features.16,154,pruned_before,nan,0.000000e+00,0.000000e+00,0.0000,0.0000,0
84,features.16,155,pruned_before,nan,0.000000e+00,0.000000e+00,0.0000,0.0000,0
84,features.16,156,pruned_before,nan,0.000000e+00,0.000000e+00,0.0000,0.0000,0
84,features.16,157,pruned_before,nan,0.000000e+00,0.000000e+00,0.0000,0.0000,0
84,features.16,158,pruned_before,nan,0.000000e+00,0.000000e+00,0.0000,0.0000,0
84,features.16,159,active,0.077778,2.963079e-07,3.244130e-05,0.5222,0.6778,329
84,features.16,160,pruned_before,nan,0.000000e+00,0.000000e+00,0.0000,0.0000,0
84,features.16,161,pruned_before,nan,0.000000e+00,0.000000e+00,0.0000,0.0000,0
84,features.16,162,pruned_before,nan,0.000000e+00,0.000000e+00,0.0000,0.0000,0
84,features.16,163,pruned_before,nan,0.000000e+00,0.000000e+00,0.0000,0.0000,0
84,features.16,164,pruned_before,nan,0.000000e+00,0.000000e+00,0.0000,0.0000,0
84,features.16,165,pruned_before,nan,0.000000e+00,0.000000e+00,0.0000,0.0000,0
84,features.16,166,pruned_before,nan,0.000000e+00,0.000000e+00,0.0000,0.0000,0
84,features.16,167,pruned_before,nan,0.000000e+00,0.000000e+00,0.0000,0.0000,0
84,features.16,168,pruned_before,nan,0.000000e+00,0.000000e+00,0.0000,0.0000,0
84,features.16,169,pruned_before,nan,0.000000e+00,0.000000e+00,0.0000,0.0000,0
84,features.16,170,pruned_before,nan,0.000000e+00,0.000000e+00,0.0000,0.0000,0
84,features.16,171,pruned_before,nan,0.000000e+00,0.000000e+00,0.0000,0.0000,0
84,features.16,172,pruned_before,nan,0.000000e+00,0.000000e+00,0.0000,0.0000,0
84,features.16,173,pruned_before,nan,0.000000e+00,0.000000e+00,0.0000,0.0000,0
84,features.16,174,pruned_before,nan,0.000000e+00,0.000000e+00,0.0000,0.0000,0
84,features.16,175,pruned_before,nan,0.000000e+00,0.000000e+00,0.0000,0.0000,0
84,features.16,176,pruned_before,nan,0.000000e+00,0.000000e+00,0.0000,0.0000,0
84,features.16,177,pruned_before,nan,0.000000e+00,0.000000e+00,0.0000,0.0000,0
84,features.16,178,pruned_before,nan,0.000000e+00,0.000000e+00,0.0000,0.0000,0
84,features.16,179,active,-0.066667,7.042566e-08,3.915799e-07,0.2111,0.0778,329
84,features.16,180,pruned_before,nan,0.000000e+00,0.000000e+00,0.0000,0.0000,0
84,features.16,181,pruned_before,nan,0.000000e+00,0.000000e+00,0.0000,0.0000,0
84,features.16,182,active,-0.105556,9.737104e-07,2.460606e-05,0.8222,0.6111,329
84,features.16,183,pruned_before,nan,0.000000e+00,0.000000e+00,0.0000,0.0000,0
84,features.16,184,pruned_before,nan,0.000000e+00,0.000000e+00,0.0000,0.0000,0
84,features.16,185,pruned_before,nan,0.000000e+00,0.000000e+00,0.0000,0.0000,0
84,features.16,186,pruned_before,nan,0.000000e+00,0.000000e+00,0.0000,0.0000,0
84,features.16,187,pruned_before,nan,0.000000e+00,0.000000e+00,0.0000,0.0000,0
84,features.16,188,pruned_before,nan,0.000000e+00,0.000000e+00,0.0000,0.0000,0
84,features.16,189,pruned_before,nan,0.000000e+00,0.000000e+00,0.0000,0.0000,0
84,features.16,190,active,-0.050000,5.887918e-08,3.887491e-07,0.1667,0.0667,329
84,features.16,191,pruned_before,nan,0.000000e+00,0.000000e+00,0.0000,0.0000,0
84,features.16,192,pruned_before,nan,0.000000e+00,0.000000e+00,0.0000,0.0000,0
84,features.16,193,pruned_before,nan,0.000000e+00,0.000000e+00,0.0000,0.0000,0
84,features.16,194,pruned_before,nan,0.000000e+00,0.000000e+00,0.0000,0.0000,0
84,features.16,195,pruned_before,nan,0.000000e+00,0.000000e+00,0.0000,0.0000,0
84,features.16,196,pruned_before,nan,0.000000e+00,0.000000e+00,0.0000,0.0000,0
84,features.16,197,pruned_before,nan,0.000000e+00,0.000000e+00,0.0000,0.0000,0
84,features.16,198,active,0.288889,3.724489e-09,2.608775e-05,0.0444,0.6222,329
84,features.16,199,pruned_before,nan,0.000000e+00,0.000000e+00,0.0000,0.0000,0
84,features.16,200,pruned_before,nan,0.000000e+00,0.000000e+00,0.0000,0.0000,0
84,features.16,201,pruned_before,nan,0.000000e+00,0.000000e+00,0.0000,0.0000,0
84,features.16,202,pruned_before,nan,0.000000e+00,0.000000e+00,0.0000,0.0000,0
84,features.16,203,pruned_before,nan,0.000000e+00,0.000000e+00,0.0000,0.0000,0
84,features.16,204,active,-0.066667,2.111204e-07,5.121600e-06,0.4333,0.3000,329
84,features.16,205,pruned_before,nan,0.000000e+00,0.000000e+00,0.0000,0.0000,0
84,features.16,206,pruned_before,nan,0.000000e+00,0.000000e+00,0.0000,0.0000,0
84,features.16,207,active,-0.005556,3.448273e-08,1.218380e-06,0.1333,0.1222,329
84,features.16,208,pruned_before,nan,0.000000e+00,0.000000e+00,0.0000,0.0000,0
84,features.16,209,pruned_before,nan,0.000000e+00,0.000000e+00,0.0000,0.0000,0
84,features.16,210,pruned_before,nan,0.000000e+00,0.000000e+00,0.0000,0.0000,0
84,features.16,211,pruned_before,nan,0.000000e+00,0.000000e+00,0.0000,0.0000,0
84,features.16,212,pruned_before,nan,0.000000e+00,0.000000e+00,0.0000,0.0000,0
84,features.16,213,pruned_before,nan,0.000000e+00,0.000000e+00,0.0000,0.0000,0
84,features.16,214,pruned_before,nan,0.000000e+00,0.000000e+00,0.0000,0.0000,0
84,features.16,215,pruned_before,nan,0.000000e+00,0.000000e+00,0.0000,0.0000,0
84,features.16,216,pruned_before,nan,0.000000e+00,0.000000e+00,0.0000,0.0000,0
84,features.16,217,pruned_before,nan,0.000000e+00,0.000000e+00,0.0000,0.0000,0
84,features.16,218,pruned_before,nan,0.000000e+00,0.000000e+00,0.0000,0.0000,0
84,features.16,219,pruned_before,nan,0.000000e+00,0.000000e+00,0.0000,0.0000,0
84,features.16,220,pruned_before,nan,0.000000e+00,0.000000e+00,0.0000,0.0000,0
84,features.16,221,active,-0.005556,5.731330e-07,3.801170e-05,0.7444,0.7333,329
84,features.16,222,pruned_before,nan,0.000000e+00,0.000000e+00,0.0000,0.0000,0
84,features.16,223,pruned_before,nan,0.000000e+00,0.000000e+00,0.0000,0.0000,0
84,features.16,224,pruned_before,nan,0.000000e+00,0.000000e+00,0.0000,0.0000,0
84,features.16,225,pruned_before,nan,0.000000e+00,0.000000e+00,0.0000,0.0000,0
84,features.16,226,pruned_before,nan,0.000000e+00,0.000000e+00,0.0000,0.0000,0
84,features.16,227,pruned_before,nan,0.000000e+00,0.000000e+00,0.0000,0.0000,0
84,features.16,228,pruned_before,nan,0.000000e+00,0.000000e+00,0.0000,0.0000,0
84,features.16,229,pruned_before,nan,0.000000e+00,0.000000e+00,0.0000,0.0000,0
84,features.16,230,pruned_before,nan,0.000000e+00,0.000000e+00,0.0000,0.0000,0
84,features.16,231,pruned_before,nan,0.000000e+00,0.000000e+00,0.0000,0.0000,0
84,features.16,232,active,0.233333,1.214691e-08,1.965904e-05,0.0778,0.5444,329
84,features.16,233,pruned_before,nan,0.000000e+00,0.000000e+00,0.0000,0.0000,0
84,features.16,234,pruned_before,nan,0.000000e+00,0.000000e+00,0.0000,0.0000,0
84,features.16,235,pruned_before,nan,0.000000e+00,0.000000e+00,0.0000,0.0000,0
84,features.16,236,pruned_before,nan,0.000000e+00,0.000000e+00,0.0000,0.0000,0
84,features.16,237,pruned_before,nan,0.000000e+00,0.000000e+00,0.0000,0.0000,0
84,features.16,238,pruned_before,nan,0.000000e+00,0.000000e+00,0.0000,0.0000,0
84,features.16,239,pruned_before,nan,0.000000e+00,0.000000e+00,0.0000,0.0000,0
84,features.16,240,pruned_before,nan,0.000000e+00,0.000000e+00,0.0000,0.0000,0
84,features.16,241,pruned_before,nan,0.000000e+00,0.000000e+00,0.0000,0.0000,0
84,features.16,242,pruned_before,nan,0.000000e+00,0.000000e+00,0.0000,0.0000,0
84,features.16,243,pruned_before,nan,0.000000e+00,0.000000e+00,0.0000,0.0000,0
84,features.16,244,pruned_before,nan,0.000000e+00,0.000000e+00,0.0000,0.0000,0
84,features.16,245,pruned_before,nan,0.000000e+00,0.000000e+00,0.0000,0.0000,0
84,features.16,246,pruned_before,nan,0.000000e+00,0.000000e+00,0.0000,0.0000,0
84,features.16,247,pruned_before,nan,0.000000e+00,0.000000e+00,0.0000,0.0000,0
84,features.16,248,pruned_before,nan,0.000000e+00,0.000000e+00,0.0000,0.0000,0
84,features.16,249,active,0.077778,5.341378e-07,7.729977e-05,0.7222,0.8778,329
84,features.16,250,pruned_before,nan,0.000000e+00,0.000000e+00,0.0000,0.0000,0
84,features.16,251,pruned_before,nan,0.000000e+00,0.000000e+00,0.0000,0.0000,0
84,features.16,252,pruned_before,nan,0.000000e+00,0.000000e+00,0.0000,0.0000,0
84,features.16,253,pruned_before,nan,0.000000e+00,0.000000e+00,0.0000,0.0000,0
84,features.16,254,pruned_before,nan,0.000000e+00,0.000000e+00,0.0000,0.0000,0
84,features.16,255,pruned_before,nan,0.000000e+00,0.000000e+00,0.0000,0.0000,0
84,features.16,256,pruned_before,nan,0.000000e+00,0.000000e+00,0.0000,0.0000,0
84,features.16,257,pruned_before,nan,0.000000e+00,0.000000e+00,0.0000,0.0000,0
84,features.16,258,active,0.011111,1.917177e-06,9.062377e-05,0.9000,0.9222,329
84,features.16,259,active,-0.061111,3.264994e-06,6.752200e-05,0.9778,0.8556,329
84,features.16,260,active,-0.111111,1.972330e-07,2.429637e-06,0.4111,0.1889,329
84,features.16,261,pruned_before,nan,0.000000e+00,0.000000e+00,0.0000,0.0000,0
84,features.16,262,pruned_before,nan,0.000000e+00,0.000000e+00,0.0000,0.0000,0
84,features.16,263,pruned_before,nan,0.000000e+00,0.000000e+00,0.0000,0.0000,0
84,features.16,264,pruned_before,nan,0.000000e+00,0.000000e+00,0.0000,0.0000,0
84,features.16,265,pruned_before,nan,0.000000e+00,0.000000e+00,0.0000,0.0000,0
84,features.16,266,pruned_before,nan,0.000000e+00,0.000000e+00,0.0000,0.0000,0
84,features.16,267,pruned_before,nan,0.000000e+00,0.000000e+00,0.0000,0.0000,0
84,features.16,268,pruned_before,nan,0.000000e+00,0.000000e+00,0.0000,0.0000,0
84,features.16,269,pruned_before,nan,0.000000e+00,0.000000e+00,0.0000,0.0000,0
84,features.16,270,pruned_before,nan,0.000000e+00,0.000000e+00,0.0000,0.0000,0
84,features.16,271,pruned_before,nan,0.000000e+00,0.000000e+00,0.0000,0.0000,0
84,features.16,272,pruned_before,nan,0.000000e+00,0.000000e+00,0.0000,0.0000,0
84,features.16,273,pruned_before,nan,0.000000e+00,0.000000e+00,0.0000,0.0000,0
84,features.16,274,pruned_before,nan,0.000000e+00,0.000000e+00,0.0000,0.0000,0
84,features.16,275,pruned_before,nan,0.000000e+00,0.000000e+00,0.0000,0.0000,0
84,features.16,276,pruned_before,nan,0.000000e+00,0.000000e+00,0.0000,0.0000,0
84,features.16,277,pruned_before,nan,0.000000e+00,0.000000e+00,0.0000,0.0000,0
84,features.16,278,pruned_before,nan,0.000000e+00,0.000000e+00,0.0000,0.0000,0
84,features.16,279,pruned_before,nan,0.000000e+00,0.000000e+00,0.0000,0.0000,0
84,features.16,280,pruned_before,nan,0.000000e+00,0.000000e+00,0.0000,0.0000,0
84,features.16,281,pruned_before,nan,0.000000e+00,0.000000e+00,0.0000,0.0000,0
84,features.16,282,pruned_before,nan,0.000000e+00,0.000000e+00,0.0000,0.0000,0
84,features.16,283,pruned_before,nan,0.000000e+00,0.000000e+00,0.0000,0.0000,0
84,features.16,284,pruned_before,nan,0.000000e+00,0.000000e+00,0.0000,0.0000,0
84,features.16,285,pruned_before,nan,0.000000e+00,0.000000e+00,0.0000,0.0000,0
84,features.16,286,active,0.033333,7.781308e-07,7.551633e-05,0.8000,0.8667,329
84,features.16,287,pruned_before,nan,0.000000e+00,0.000000e+00,0.0000,0.0000,0
84,features.16,288,pruned_before,nan,0.000000e+00,0.000000e+00,0.0000,0.0000,0
84,features.16,289,pruned_before,nan,0.000000e+00,0.000000e+00,0.0000,0.0000,0
84,features.16,290,pruned_before,nan,0.000000e+00,0.000000e+00,0.0000,0.0000,0
84,features.16,291,active,0.000000,2.636004e-06,1.942078e-04,0.9556,0.9556,329
84,features.16,292,pruned_before,nan,0.000000e+00,0.000000e+00,0.0000,0.0000,0
84,features.16,293,pruned_before,nan,0.000000e+00,0.000000e+00,0.0000,0.0000,0
84,features.16,294,pruned_before,nan,0.000000e+00,0.000000e+00,0.0000,0.0000,0
84,features.16,295,pruned_before,nan,0.000000e+00,0.000000e+00,0.0000,0.0000,0
84,features.16,296,pruned_before,nan,0.000000e+00,0.000000e+00,0.0000,0.0000,0
84,features.16,297,active,0.033333,1.240346e-08,1.576396e-06,0.0889,0.1556,329
84,features.16,298,pruned_before,nan,0.000000e+00,0.000000e+00,0.0000,0.0000,0
84,features.16,299,protected,0.000000,1.208080e-05,1.452808e-03,1.0000,1.0000,329
84,features.16,300,pruned_before,nan,0.000000e+00,0.000000e+00,0.0000,0.0000,0
84,features.16,301,pruned_before,nan,0.000000e+00,0.000000e+00,0.0000,0.0000,0
84,features.16,302,active,0.088889,6.951514e-07,1.744420e-04,0.7667,0.9444,329
84,features.16,303,pruned_before,nan,0.000000e+00,0.000000e+00,0.0000,0.0000,0
84,features.16,304,pruned_before,nan,0.000000e+00,0.000000e+00,0.0000,0.0000,0
84,features.16,305,pruned_before,nan,0.000000e+00,0.000000e+00,0.0000,0.0000,0
84,features.16,306,pruned_before,nan,0.000000e+00,0.000000e+00,0.0000,0.0000,0
84,features.16,307,pruned_before,nan,0.000000e+00,0.000000e+00,0.0000,0.0000,0
84,features.16,308,pruned_before,nan,0.000000e+00,0.000000e+00,0.0000,0.0000,0
84,features.16,309,pruned_before,nan,0.000000e+00,0.000000e+00,0.0000,0.0000,0
84,features.16,310,pruned_before,nan,0.000000e+00,0.000000e+00,0.0000,0.0000,0
84,features.16,311,pruned_before,nan,0.000000e+00,0.000000e+00,0.0000,0.0000,0
84,features.16,312,pruned_before,nan,0.000000e+00,0.000000e+00,0.0000,0.0000,0
84,features.16,313,pruned_before,nan,0.000000e+00,0.000000e+00,0.0000,0.0000,0
84,features.16,314,active,-0.027778,6.929159e-08,1.570055e-06,0.2000,0.1444,329
84,features.16,315,pruned_before,nan,0.000000e+00,0.000000e+00,0.0000,0.0000,0
84,features.16,316,pruned_before,nan,0.000000e+00,0.000000e+00,0.0000,0.0000,0
84,features.16,317,pruned_before,nan,0.000000e+00,0.000000e+00,0.0000,0.0000,0
84,features.16,318,pruned_before,nan,0.000000e+00,0.000000e+00,0.0000,0.0000,0
84,features.16,319,pruned_before,nan,0.000000e+00,0.000000e+00,0.0000,0.0000,0
84,features.16,320,pruned_before,nan,0.000000e+00,0.000000e+00,0.0000,0.0000,0
84,features.16,321,pruned_before,nan,0.000000e+00,0.000000e+00,0.0000,0.0000,0
84,features.16,322,active,0.094444,5.067948e-07,7.872146e-05,0.7000,0.8889,329
84,features.16,323,pruned_before,nan,0.000000e+00,0.000000e+00,0.0000,0.0000,0
84,features.16,324,pruned_before,nan,0.000000e+00,0.000000e+00,0.0000,0.0000,0
84,features.16,325,pruned_before,nan,0.000000e+00,0.000000e+00,0.0000,0.0000,0
84,features.16,326,pruned_before,nan,0.000000e+00,0.000000e+00,0.0000,0.0000,0
84,features.16,327,active,0.022222,6.279841e-08,2.951819e-06,0.1778,0.2222,329
84,features.16,328,pruned_before,nan,0.000000e+00,0.000000e+00,0.0000,0.0000,0
84,features.16,329,pruned_before,nan,0.000000e+00,0.000000e+00,0.0000,0.0000,0
84,features.16,330,pruned_before,nan,0.000000e+00,0.000000e+00,0.0000,0.0000,0
84,features.16,331,pruned_before,nan,0.000000e+00,0.000000e+00,0.0000,0.0000,0
84,features.16,332,pruned_before,nan,0.000000e+00,0.000000e+00,0.0000,0.0000,0
84,features.16,333,pruned_before,nan,0.000000e+00,0.000000e+00,0.0000,0.0000,0
84,features.16,334,pruned_before,nan,0.000000e+00,0.000000e+00,0.0000,0.0000,0
84,features.16,335,pruned_before,nan,0.000000e+00,0.000000e+00,0.0000,0.0000,0
84,features.16,336,pruned_before,nan,0.000000e+00,0.000000e+00,0.0000,0.0000,0
84,features.16,337,pruned_before,nan,0.000000e+00,0.000000e+00,0.0000,0.0000,0
84,features.16,338,pruned_before,nan,0.000000e+00,0.000000e+00,0.0000,0.0000,0
84,features.16,339,pruned_before,nan,0.000000e+00,0.000000e+00,0.0000,0.0000,0
84,features.16,340,active,-0.116667,1.701589e-06,3.155071e-05,0.8889,0.6556,329
84,features.16,341,pruned_before,nan,0.000000e+00,0.000000e+00,0.0000,0.0000,0
84,features.16,342,pruned_before,nan,0.000000e+00,0.000000e+00,0.0000,0.0000,0
84,features.16,343,pruned_before,nan,0.000000e+00,0.000000e+00,0.0000,0.0000,0
84,features.16,344,pruned_before,nan,0.000000e+00,0.000000e+00,0.0000,0.0000,0
84,features.16,345,pruned_before,nan,0.000000e+00,0.000000e+00,0.0000,0.0000,0
84,features.16,346,active,-0.005556,5.827011e-07,3.822233e-05,0.7556,0.7444,329
84,features.16,347,pruned_before,nan,0.000000e+00,0.000000e+00,0.0000,0.0000,0
84,features.16,348,active,0.000000,0.000000e+00,0.000000e+00,0.0333,0.0333,329
84,features.16,349,active,-0.033333,1.700956e-06,5.619951e-05,0.8778,0.8111,329
84,features.16,350,pruned_before,nan,0.000000e+00,0.000000e+00,0.0000,0.0000,0
84,features.16,351,pruned_before,nan,0.000000e+00,0.000000e+00,0.0000,0.0000,0
84,features.16,352,pruned_before,nan,0.000000e+00,0.000000e+00,0.0000,0.0000,0
84,features.16,353,pruned_before,nan,0.000000e+00,0.000000e+00,0.0000,0.0000,0
84,features.16,354,pruned_before,nan,0.000000e+00,0.000000e+00,0.0000,0.0000,0
84,features.16,355,pruned_before,nan,0.000000e+00,0.000000e+00,0.0000,0.0000,0
84,features.16,356,active,0.077778,5.047606e-07,6.468299e-05,0.6889,0.8444,329
84,features.16,357,pruned_before,nan,0.000000e+00,0.000000e+00,0.0000,0.0000,0
84,features.16,358,pruned_before,nan,0.000000e+00,0.000000e+00,0.0000,0.0000,0
84,features.16,359,pruned_before,nan,0.000000e+00,0.000000e+00,0.0000,0.0000,0
84,features.16,360,pruned_before,nan,0.000000e+00,0.000000e+00,0.0000,0.0000,0
84,features.16,361,pruned_before,nan,0.000000e+00,0.000000e+00,0.0000,0.0000,0
84,features.16,362,pruned_before,nan,0.000000e+00,0.000000e+00,0.0000,0.0000,0
84,features.16,363,pruned_before,nan,0.000000e+00,0.000000e+00,0.0000,0.0000,0
84,features.16,364,pruned_before,nan,0.000000e+00,0.000000e+00,0.0000,0.0000,0
84,features.16,365,pruned_before,nan,0.000000e+00,0.000000e+00,0.0000,0.0000,0
84,features.16,366,pruned_before,nan,0.000000e+00,0.000000e+00,0.0000,0.0000,0
84,features.16,367,pruned_before,nan,0.000000e+00,0.000000e+00,0.0000,0.0000,0
84,features.16,368,pruned_before,nan,0.000000e+00,0.000000e+00,0.0000,0.0000,0
84,features.16,369,pruned_before,nan,0.000000e+00,0.000000e+00,0.0000,0.0000,0
84,features.16,370,pruned_before,nan,0.000000e+00,0.000000e+00,0.0000,0.0000,0
84,features.16,371,pruned_before,nan,0.000000e+00,0.000000e+00,0.0000,0.0000,0
84,features.16,372,pruned_before,nan,0.000000e+00,0.000000e+00,0.0000,0.0000,0
84,features.16,373,pruned_before,nan,0.000000e+00,0.000000e+00,0.0000,0.0000,0
84,features.16,374,pruned_before,nan,0.000000e+00,0.000000e+00,0.0000,0.0000,0
84,features.16,375,pruned_before,nan,0.000000e+00,0.000000e+00,0.0000,0.0000,0
84,features.16,376,pruned_before,nan,0.000000e+00,0.000000e+00,0.0000,0.0000,0
84,features.16,377,pruned_before,nan,0.000000e+00,0.000000e+00,0.0000,0.0000,0
84,features.16,378,pruned_before,nan,0.000000e+00,0.000000e+00,0.0000,0.0000,0
84,features.16,379,pruned_before,nan,0.000000e+00,0.000000e+00,0.0000,0.0000,0
84,features.16,380,pruned_before,nan,0.000000e+00,0.000000e+00,0.0000,0.0000,0
84,features.16,381,pruned_before,nan,0.000000e+00,0.000000e+00,0.0000,0.0000,0
84,features.16,382,pruned_before,nan,0.000000e+00,0.000000e+00,0.0000,0.0000,0
84,features.16,383,pruned_before,nan,0.000000e+00,0.000000e+00,0.0000,0.0000,0
84,features.16,384,pruned_before,nan,0.000000e+00,0.000000e+00,0.0000,0.0000,0
84,features.16,385,active,-0.105556,1.965576e-06,3.435763e-05,0.9111,0.7000,329
84,features.16,386,pruned_before,nan,0.000000e+00,0.000000e+00,0.0000,0.0000,0
84,features.16,387,pruned_before,nan,0.000000e+00,0.000000e+00,0.0000,0.0000,0
84,features.16,388,active,0.111111,2.778443e-07,3.713450e-05,0.5000,0.7222,329
84,features.16,389,pruned_before,nan,0.000000e+00,0.000000e+00,0.0000,0.0000,0
84,features.16,390,pruned_before,nan,0.000000e+00,0.000000e+00,0.0000,0.0000,0
84,features.16,391,pruned_before,nan,0.000000e+00,0.000000e+00,0.0000,0.0000,0
84,features.16,392,pruned_before,nan,0.000000e+00,0.000000e+00,0.0000,0.0000,0
84,features.16,393,pruned_before,nan,0.000000e+00,0.000000e+00,0.0000,0.0000,0
84,features.16,394,pruned_before,nan,0.000000e+00,0.000000e+00,0.0000,0.0000,0
84,features.16,395,pruned_before,nan,0.000000e+00,0.000000e+00,0.0000,0.0000,0
84,features.16,396,pruned_before,nan,0.000000e+00,0.000000e+00,0.0000,0.0000,0
84,features.16,397,active,0.144444,1.210621e-07,1.911139e-05,0.2333,0.5222,329
84,features.16,398,pruned_before,nan,0.000000e+00,0.000000e+00,0.0000,0.0000,0
84,features.16,399,pruned_before,nan,0.000000e+00,0.000000e+00,0.0000,0.0000,0
84,features.16,400,pruned_before,nan,0.000000e+00,0.000000e+00,0.0000,0.0000,0
84,features.16,401,pruned_before,nan,0.000000e+00,0.000000e+00,0.0000,0.0000,0
84,features.16,402,pruned_before,nan,0.000000e+00,0.000000e+00,0.0000,0.0000,0
84,features.16,403,pruned_before,nan,0.000000e+00,0.000000e+00,0.0000,0.0000,0
84,features.16,404,active,0.000000,0.000000e+00,0.000000e+00,0.0222,0.0222,329
84,features.16,405,pruned_before,nan,0.000000e+00,0.000000e+00,0.0000,0.0000,0
84,features.16,406,active,0.011111,2.937880e-06,1.413971e-03,0.9667,0.9889,329
84,features.16,407,pruned_before,nan,0.000000e+00,0.000000e+00,0.0000,0.0000,0
84,features.16,408,pruned_before,nan,0.000000e+00,0.000000e+00,0.0000,0.0000,0
84,features.16,409,pruned_before,nan,0.000000e+00,0.000000e+00,0.0000,0.0000,0
84,features.16,410,pruned_before,nan,0.000000e+00,0.000000e+00,0.0000,0.0000,0
84,features.16,411,pruned_before,nan,0.000000e+00,0.000000e+00,0.0000,0.0000,0
84,features.16,412,pruned_before,nan,0.000000e+00,0.000000e+00,0.0000,0.0000,0
84,features.16,413,active,-0.100000,3.614570e-07,1.190495e-05,0.6111,0.4111,329
84,features.16,414,pruned_before,nan,0.000000e+00,0.000000e+00,0.0000,0.0000,0
84,features.16,415,pruned_before,nan,0.000000e+00,0.000000e+00,0.0000,0.0000,0
84,features.16,416,pruned_before,nan,0.000000e+00,0.000000e+00,0.0000,0.0000,0
84,features.16,417,pruned_before,nan,0.000000e+00,0.000000e+00,0.0000,0.0000,0
84,features.16,418,pruned_before,nan,0.000000e+00,0.000000e+00,0.0000,0.0000,0
84,features.16,419,pruned_before,nan,0.000000e+00,0.000000e+00,0.0000,0.0000,0
84,features.16,420,pruned_before,nan,0.000000e+00,0.000000e+00,0.0000,0.0000,0
84,features.16,421,pruned_before,nan,0.000000e+00,0.000000e+00,0.0000,0.0000,0
84,features.16,422,pruned_before,nan,0.000000e+00,0.000000e+00,0.0000,0.0000,0
84,features.16,423,pruned_before,nan,0.000000e+00,0.000000e+00,0.0000,0.0000,0
84,features.16,424,pruned_before,nan,0.000000e+00,0.000000e+00,0.0000,0.0000,0
84,features.16,425,active,0.000000,1.565894e-07,6.373397e-06,0.3333,0.3333,329
84,features.16,426,pruned_before,nan,0.000000e+00,0.000000e+00,0.0000,0.0000,0
84,features.16,427,pruned_before,nan,0.000000e+00,0.000000e+00,0.0000,0.0000,0
84,features.16,428,active,-0.055556,4.309566e-07,1.920699e-05,0.6444,0.5333,329
84,features.16,429,pruned_before,nan,0.000000e+00,0.000000e+00,0.0000,0.0000,0
84,features.16,430,pruned_before,nan,0.000000e+00,0.000000e+00,0.0000,0.0000,0
84,features.16,431,pruned_before,nan,0.000000e+00,0.000000e+00,0.0000,0.0000,0
84,features.16,432,pruned_before,nan,0.000000e+00,0.000000e+00,0.0000,0.0000,0
84,features.16,433,pruned_before,nan,0.000000e+00,0.000000e+00,0.0000,0.0000,0
84,features.16,434,pruned_before,nan,0.000000e+00,0.000000e+00,0.0000,0.0000,0
84,features.16,435,pruned_before,nan,0.000000e+00,0.000000e+00,0.0000,0.0000,0
84,features.16,436,pruned_before,nan,0.000000e+00,0.000000e+00,0.0000,0.0000,0
84,features.16,437,pruned_before,nan,0.000000e+00,0.000000e+00,0.0000,0.0000,0
84,features.16,438,pruned_before,nan,0.000000e+00,0.000000e+00,0.0000,0.0000,0
84,features.16,439,pruned_before,nan,0.000000e+00,0.000000e+00,0.0000,0.0000,0
84,features.16,440,active,-0.016667,1.858390e-07,8.189247e-06,0.3889,0.3556,329
84,features.16,441,pruned_before,nan,0.000000e+00,0.000000e+00,0.0000,0.0000,0
84,features.16,442,pruned_before,nan,0.000000e+00,0.000000e+00,0.0000,0.0000,0
84,features.16,443,active,-0.100000,6.957283e-07,2.079024e-05,0.7778,0.5778,329
84,features.16,444,pruned_before,nan,0.000000e+00,0.000000e+00,0.0000,0.0000,0
84,features.16,445,pruned_before,nan,0.000000e+00,0.000000e+00,0.0000,0.0000,0
84,features.16,446,pruned_before,nan,0.000000e+00,0.000000e+00,0.0000,0.0000,0
84,features.16,447,pruned_before,nan,0.000000e+00,0.000000e+00,0.0000,0.0000,0
84,features.16,448,pruned_before,nan,0.000000e+00,0.000000e+00,0.0000,0.0000,0
84,features.16,449,pruned_before,nan,0.000000e+00,0.000000e+00,0.0000,0.0000,0
84,features.16,450,pruned_before,nan,0.000000e+00,0.000000e+00,0.0000,0.0000,0
84,features.16,451,active,0.050000,3.580370e-08,3.496016e-06,0.1444,0.2444,329
84,features.16,452,pruned_before,nan,0.000000e+00,0.000000e+00,0.0000,0.0000,0
84,features.16,453,pruned_before,nan,0.000000e+00,0.000000e+00,0.0000,0.0000,0
84,features.16,454,pruned_before,nan,0.000000e+00,0.000000e+00,0.0000,0.0000,0
84,features.16,455,active,-0.066667,3.548021e-07,1.653043e-05,0.5889,0.4556,329
84,features.16,456,pruned_before,nan,0.000000e+00,0.000000e+00,0.0000,0.0000,0
84,features.16,457,pruned_before,nan,0.000000e+00,0.000000e+00,0.0000,0.0000,0
84,features.16,458,pruned_before,nan,0.000000e+00,0.000000e+00,0.0000,0.0000,0
84,features.16,459,pruned_before,nan,0.000000e+00,0.000000e+00,0.0000,0.0000,0
84,features.16,460,pruned_before,nan,0.000000e+00,0.000000e+00,0.0000,0.0000,0
84,features.16,461,pruned_before,nan,0.000000e+00,0.000000e+00,0.0000,0.0000,0
84,features.16,462,pruned_before,nan,0.000000e+00,0.000000e+00,0.0000,0.0000,0
84,features.16,463,active,-0.005556,1.161310e-08,1.997598e-07,0.0667,0.0556,329
84,features.16,464,pruned_before,nan,0.000000e+00,0.000000e+00,0.0000,0.0000,0
84,features.16,465,pruned_before,nan,0.000000e+00,0.000000e+00,0.0000,0.0000,0
84,features.16,466,pruned_before,nan,0.000000e+00,0.000000e+00,0.0000,0.0000,0
84,features.16,467,pruned_before,nan,0.000000e+00,0.000000e+00,0.0000,0.0000,0
84,features.16,468,pruned_before,nan,0.000000e+00,0.000000e+00,0.0000,0.0000,0
84,features.16,469,pruned_before,nan,0.000000e+00,0.000000e+00,0.0000,0.0000,0
84,features.16,470,pruned_before,nan,0.000000e+00,0.000000e+00,0.0000,0.0000,0
84,features.16,471,pruned_before,nan,0.000000e+00,0.000000e+00,0.0000,0.0000,0
84,features.16,472,active,0.133333,3.282732e-07,6.084863e-05,0.5667,0.8333,329
84,features.16,473,pruned_before,nan,0.000000e+00,0.000000e+00,0.0000,0.0000,0
84,features.16,474,pruned_before,nan,0.000000e+00,0.000000e+00,0.0000,0.0000,0
84,features.16,475,pruned_before,nan,0.000000e+00,0.000000e+00,0.0000,0.0000,0
84,features.16,476,pruned_before,nan,0.000000e+00,0.000000e+00,0.0000,0.0000,0
84,features.16,477,pruned_before,nan,0.000000e+00,0.000000e+00,0.0000,0.0000,0
84,features.16,478,pruned_before,nan,0.000000e+00,0.000000e+00,0.0000,0.0000,0
84,features.16,479,pruned_before,nan,0.000000e+00,0.000000e+00,0.0000,0.0000,0
84,features.16,480,active,0.100000,2.121116e-07,3.071600e-05,0.4444,0.6444,329
84,features.16,481,pruned_before,nan,0.000000e+00,0.000000e+00,0.0000,0.0000,0
84,features.16,482,pruned_before,nan,0.000000e+00,0.000000e+00,0.0000,0.0000,0
84,features.16,483,pruned_before,nan,0.000000e+00,0.000000e+00,0.0000,0.0000,0
84,features.16,484,pruned_before,nan,0.000000e+00,0.000000e+00,0.0000,0.0000,0
84,features.16,485,pruned_before,nan,0.000000e+00,0.000000e+00,0.0000,0.0000,0
84,features.16,486,pruned_before,nan,0.000000e+00,0.000000e+00,0.0000,0.0000,0
84,features.16,487,pruned_before,nan,0.000000e+00,0.000000e+00,0.0000,0.0000,0
84,features.16,488,pruned_before,nan,0.000000e+00,0.000000e+00,0.0000,0.0000,0
84,features.16,489,pruned_before,nan,0.000000e+00,0.000000e+00,0.0000,0.0000,0
84,features.16,490,pruned_before,nan,0.000000e+00,0.000000e+00,0.0000,0.0000,0
84,features.16,491,pruned_before,nan,0.000000e+00,0.000000e+00,0.0000,0.0000,0
84,features.16,492,pruned_before,nan,0.000000e+00,0.000000e+00,0.0000,0.0000,0
84,features.16,493,pruned_before,nan,0.000000e+00,0.000000e+00,0.0000,0.0000,0
84,features.16,494,pruned_before,nan,0.000000e+00,0.000000e+00,0.0000,0.0000,0
84,features.16,495,pruned_before,nan,0.000000e+00,0.000000e+00,0.0000,0.0000,0
84,features.16,496,pruned_before,nan,0.000000e+00,0.000000e+00,0.0000,0.0000,0
84,features.16,497,pruned_before,nan,0.000000e+00,0.000000e+00,0.0000,0.0000,0
84,features.16,498,pruned_before,nan,0.000000e+00,0.000000e+00,0.0000,0.0000,0
84,features.16,499,pruned_before,nan,0.000000e+00,0.000000e+00,0.0000,0.0000,0
84,features.16,500,pruned_before,nan,0.000000e+00,0.000000e+00,0.0000,0.0000,0
84,features.16,501,pruned_before,nan,0.000000e+00,0.000000e+00,0.0000,0.0000,0
84,features.16,502,pruned_before,nan,0.000000e+00,0.000000e+00,0.0000,0.0000,0
84,features.16,503,pruned_before,nan,0.000000e+00,0.000000e+00,0.0000,0.0000,0
84,features.16,504,pruned_before,nan,0.000000e+00,0.000000e+00,0.0000,0.0000,0
84,features.16,505,pruned_before,nan,0.000000e+00,0.000000e+00,0.0000,0.0000,0
84,features.16,506,pruned_before,nan,0.000000e+00,0.000000e+00,0.0000,0.0000,0
84,features.16,507,pruned_before,nan,0.000000e+00,0.000000e+00,0.0000,0.0000,0
84,features.16,508,pruned_before,nan,0.000000e+00,0.000000e+00,0.0000,0.0000,0
84,features.16,509,pruned_before,nan,0.000000e+00,0.000000e+00,0.0000,0.0000,0
84,features.16,510,pruned_before,nan,0.000000e+00,0.000000e+00,0.0000,0.0000,0
84,features.16,511,pruned_before,nan,0.000000e+00,0.000000e+00,0.0000,0.0000,0
84,features.16,512,pruned_before,nan,0.000000e+00,0.000000e+00,0.0000,0.0000,0
84,features.16,513,pruned_before,nan,0.000000e+00,0.000000e+00,0.0000,0.0000,0
84,features.16,514,pruned_before,nan,0.000000e+00,0.000000e+00,0.0000,0.0000,0
84,features.16,515,pruned_before,nan,0.000000e+00,0.000000e+00,0.0000,0.0000,0
84,features.16,516,pruned_before,nan,0.000000e+00,0.000000e+00,0.0000,0.0000,0
84,features.16,517,pruned_before,nan,0.000000e+00,0.000000e+00,0.0000,0.0000,0
84,features.16,518,pruned_before,nan,0.000000e+00,0.000000e+00,0.0000,0.0000,0
84,features.16,519,pruned_before,nan,0.000000e+00,0.000000e+00,0.0000,0.0000,0
84,features.16,520,pruned_before,nan,0.000000e+00,0.000000e+00,0.0000,0.0000,0
84,features.16,521,pruned_before,nan,0.000000e+00,0.000000e+00,0.0000,0.0000,0
84,features.16,522,pruned_before,nan,0.000000e+00,0.000000e+00,0.0000,0.0000,0
84,features.16,523,pruned_before,nan,0.000000e+00,0.000000e+00,0.0000,0.0000,0
84,features.16,524,pruned_before,nan,0.000000e+00,0.000000e+00,0.0000,0.0000,0
84,features.16,525,pruned_before,nan,0.000000e+00,0.000000e+00,0.0000,0.0000,0
84,features.16,526,pruned_before,nan,0.000000e+00,0.000000e+00,0.0000,0.0000,0
84,features.16,527,pruned_before,nan,0.000000e+00,0.000000e+00,0.0000,0.0000,0
84,features.16,528,pruned_before,nan,0.000000e+00,0.000000e+00,0.0000,0.0000,0
84,features.16,529,pruned_before,nan,0.000000e+00,0.000000e+00,0.0000,0.0000,0
84,features.16,530,pruned_before,nan,0.000000e+00,0.000000e+00,0.0000,0.0000,0
84,features.16,531,pruned_before,nan,0.000000e+00,0.000000e+00,0.0000,0.0000,0
84,features.16,532,pruned_before,nan,0.000000e+00,0.000000e+00,0.0000,0.0000,0
84,features.16,533,pruned_before,nan,0.000000e+00,0.000000e+00,0.0000,0.0000,0
84,features.16,534,pruned_before,nan,0.000000e+00,0.000000e+00,0.0000,0.0000,0
84,features.16,535,pruned_before,nan,0.000000e+00,0.000000e+00,0.0000,0.0000,0
84,features.16,536,pruned_before,nan,0.000000e+00,0.000000e+00,0.0000,0.0000,0
84,features.16,537,pruned_before,nan,0.000000e+00,0.000000e+00,0.0000,0.0000,0
84,features.16,538,pruned_before,nan,0.000000e+00,0.000000e+00,0.0000,0.0000,0
84,features.16,539,pruned_before,nan,0.000000e+00,0.000000e+00,0.0000,0.0000,0
84,features.16,540,pruned_before,nan,0.000000e+00,0.000000e+00,0.0000,0.0000,0
84,features.16,541,pruned_before,nan,0.000000e+00,0.000000e+00,0.0000,0.0000,0
84,features.16,542,pruned_before,nan,0.000000e+00,0.000000e+00,0.0000,0.0000,0
84,features.16,543,pruned_before,nan,0.000000e+00,0.000000e+00,0.0000,0.0000,0
84,features.16,544,pruned_before,nan,0.000000e+00,0.000000e+00,0.0000,0.0000,0
84,features.16,545,active,-0.061111,8.610084e-07,3.365182e-05,0.8111,0.6889,329
84,features.16,546,pruned_before,nan,0.000000e+00,0.000000e+00,0.0000,0.0000,0
84,features.16,547,pruned_before,nan,0.000000e+00,0.000000e+00,0.0000,0.0000,0
84,features.16,548,pruned_before,nan,0.000000e+00,0.000000e+00,0.0000,0.0000,0
84,features.16,549,pruned_before,nan,0.000000e+00,0.000000e+00,0.0000,0.0000,0
84,features.16,550,pruned_before,nan,0.000000e+00,0.000000e+00,0.0000,0.0000,0
84,features.16,551,pruned_before,nan,0.000000e+00,0.000000e+00,0.0000,0.0000,0
84,features.16,552,pruned_before,nan,0.000000e+00,0.000000e+00,0.0000,0.0000,0
84,features.16,553,pruned_before,nan,0.000000e+00,0.000000e+00,0.0000,0.0000,0
84,features.16,554,pruned_before,nan,0.000000e+00,0.000000e+00,0.0000,0.0000,0
84,features.16,555,pruned_before,nan,0.000000e+00,0.000000e+00,0.0000,0.0000,0
84,features.16,556,pruned_before,nan,0.000000e+00,0.000000e+00,0.0000,0.0000,0
84,features.16,557,pruned_before,nan,0.000000e+00,0.000000e+00,0.0000,0.0000,0
84,features.16,558,pruned_before,nan,0.000000e+00,0.000000e+00,0.0000,0.0000,0
84,features.16,559,pruned_before,nan,0.000000e+00,0.000000e+00,0.0000,0.0000,0
84,features.16,560,pruned_before,nan,0.000000e+00,0.000000e+00,0.0000,0.0000,0
84,features.16,561,pruned_before,nan,0.000000e+00,0.000000e+00,0.0000,0.0000,0
84,features.16,562,pruned_before,nan,0.000000e+00,0.000000e+00,0.0000,0.0000,0
84,features.16,563,pruned_before,nan,0.000000e+00,0.000000e+00,0.0000,0.0000,0
84,features.16,564,pruned_before,nan,0.000000e+00,0.000000e+00,0.0000,0.0000,0
84,features.16,565,pruned_before,nan,0.000000e+00,0.000000e+00,0.0000,0.0000,0
84,features.16,566,pruned_before,nan,0.000000e+00,0.000000e+00,0.0000,0.0000,0
84,features.16,567,pruned_before,nan,0.000000e+00,0.000000e+00,0.0000,0.0000,0
84,features.16,568,pruned_before,nan,0.000000e+00,0.000000e+00,0.0000,0.0000,0
84,features.16,569,pruned_before,nan,0.000000e+00,0.000000e+00,0.0000,0.0000,0
84,features.16,570,pruned_before,nan,0.000000e+00,0.000000e+00,0.0000,0.0000,0
84,features.16,571,pruned_before,nan,0.000000e+00,0.000000e+00,0.0000,0.0000,0
84,features.16,572,pruned_before,nan,0.000000e+00,0.000000e+00,0.0000,0.0000,0
84,features.16,573,pruned_before,nan,0.000000e+00,0.000000e+00,0.0000,0.0000,0
84,features.16,574,pruned_before,nan,0.000000e+00,0.000000e+00,0.0000,0.0000,0
84,features.16,575,pruned_before,nan,0.000000e+00,0.000000e+00,0.0000,0.0000,0
84,features.16,576,pruned_before,nan,0.000000e+00,0.000000e+00,0.0000,0.0000,0
84,features.16,577,pruned_before,nan,0.000000e+00,0.000000e+00,0.0000,0.0000,0
84,features.16,578,pruned_before,nan,0.000000e+00,0.000000e+00,0.0000,0.0000,0
84,features.16,579,pruned_before,nan,0.000000e+00,0.000000e+00,0.0000,0.0000,0
84,features.16,580,pruned_before,nan,0.000000e+00,0.000000e+00,0.0000,0.0000,0
84,features.16,581,pruned_before,nan,0.000000e+00,0.000000e+00,0.0000,0.0000,0
84,features.16,582,active,0.016667,1.900386e-07,1.272628e-05,0.4000,0.4333,329
84,features.16,583,pruned_before,nan,0.000000e+00,0.000000e+00,0.0000,0.0000,0
84,features.16,584,pruned_before,nan,0.000000e+00,0.000000e+00,0.0000,0.0000,0
84,features.16,585,pruned_before,nan,0.000000e+00,0.000000e+00,0.0000,0.0000,0
84,features.16,586,pruned_before,nan,0.000000e+00,0.000000e+00,0.0000,0.0000,0
84,features.16,587,pruned_before,nan,0.000000e+00,0.000000e+00,0.0000,0.0000,0
84,features.16,588,pruned_before,nan,0.000000e+00,0.000000e+00,0.0000,0.0000,0
84,features.16,589,pruned_before,nan,0.000000e+00,0.000000e+00,0.0000,0.0000,0
84,features.16,590,pruned_before,nan,0.000000e+00,0.000000e+00,0.0000,0.0000,0
84,features.16,591,pruned_before,nan,0.000000e+00,0.000000e+00,0.0000,0.0000,0
84,features.16,592,pruned_before,nan,0.000000e+00,0.000000e+00,0.0000,0.0000,0
84,features.16,593,pruned_before,nan,0.000000e+00,0.000000e+00,0.0000,0.0000,0
84,features.16,594,pruned_before,nan,0.000000e+00,0.000000e+00,0.0000,0.0000,0
84,features.16,595,pruned_before,nan,0.000000e+00,0.000000e+00,0.0000,0.0000,0
84,features.16,596,active,0.061111,1.498286e-07,1.475188e-05,0.3222,0.4444,329
84,features.16,597,pruned_before,nan,0.000000e+00,0.000000e+00,0.0000,0.0000,0
84,features.16,598,pruned_before,nan,0.000000e+00,0.000000e+00,0.0000,0.0000,0
84,features.16,599,active,-0.011111,3.312877e-06,2.040707e-04,0.9889,0.9667,329
84,features.16,600,pruned_before,nan,0.000000e+00,0.000000e+00,0.0000,0.0000,0
84,features.16,601,pruned_before,nan,0.000000e+00,0.000000e+00,0.0000,0.0000,0
84,features.16,602,pruned_before,nan,0.000000e+00,0.000000e+00,0.0000,0.0000,0
84,features.16,603,pruned_before,nan,0.000000e+00,0.000000e+00,0.0000,0.0000,0
84,features.16,604,pruned_before,nan,0.000000e+00,0.000000e+00,0.0000,0.0000,0
84,features.16,605,pruned_before,nan,0.000000e+00,0.000000e+00,0.0000,0.0000,0
84,features.16,606,pruned_before,nan,0.000000e+00,0.000000e+00,0.0000,0.0000,0
84,features.16,607,active,0.100000,1.496110e-07,1.898939e-05,0.3111,0.5111,329
84,features.16,608,pruned_before,nan,0.000000e+00,0.000000e+00,0.0000,0.0000,0
84,features.16,609,pruned_before,nan,0.000000e+00,0.000000e+00,0.0000,0.0000,0
84,features.16,610,pruned_before,nan,0.000000e+00,0.000000e+00,0.0000,0.0000,0
84,features.16,611,pruned_before,nan,0.000000e+00,0.000000e+00,0.0000,0.0000,0
84,features.16,612,active,-0.044444,1.099653e-07,1.386982e-06,0.2222,0.1333,329
84,features.16,613,pruned_before,nan,0.000000e+00,0.000000e+00,0.0000,0.0000,0
84,features.16,614,pruned_before,nan,0.000000e+00,0.000000e+00,0.0000,0.0000,0
84,features.16,615,pruned_before,nan,0.000000e+00,0.000000e+00,0.0000,0.0000,0
84,features.16,616,pruned_before,nan,0.000000e+00,0.000000e+00,0.0000,0.0000,0
84,features.16,617,pruned_before,nan,0.000000e+00,0.000000e+00,0.0000,0.0000,0
84,features.16,618,pruned_before,nan,0.000000e+00,0.000000e+00,0.0000,0.0000,0
84,features.16,619,pruned_before,nan,0.000000e+00,0.000000e+00,0.0000,0.0000,0
84,features.16,620,pruned_now,-0.144444,2.586048e-07,1.866928e-06,0.4667,0.1778,329
84,features.16,621,pruned_before,nan,0.000000e+00,0.000000e+00,0.0000,0.0000,0
84,features.16,622,pruned_before,nan,0.000000e+00,0.000000e+00,0.0000,0.0000,0
84,features.16,623,pruned_before,nan,0.000000e+00,0.000000e+00,0.0000,0.0000,0
84,features.16,624,pruned_before,nan,0.000000e+00,0.000000e+00,0.0000,0.0000,0
84,features.16,625,pruned_before,nan,0.000000e+00,0.000000e+00,0.0000,0.0000,0
84,features.16,626,pruned_before,nan,0.000000e+00,0.000000e+00,0.0000,0.0000,0
84,features.16,627,pruned_before,nan,0.000000e+00,0.000000e+00,0.0000,0.0000,0
84,features.16,628,pruned_before,nan,0.000000e+00,0.000000e+00,0.0000,0.0000,0
84,features.16,629,pruned_before,nan,0.000000e+00,0.000000e+00,0.0000,0.0000,0
84,features.16,630,pruned_before,nan,0.000000e+00,0.000000e+00,0.0000,0.0000,0
84,features.16,631,pruned_before,nan,0.000000e+00,0.000000e+00,0.0000,0.0000,0
84,features.16,632,pruned_before,nan,0.000000e+00,0.000000e+00,0.0000,0.0000,0
84,features.16,633,pruned_before,nan,0.000000e+00,0.000000e+00,0.0000,0.0000,0
84,features.16,634,pruned_before,nan,0.000000e+00,0.000000e+00,0.0000,0.0000,0
84,features.16,635,pruned_before,nan,0.000000e+00,0.000000e+00,0.0000,0.0000,0
84,features.16,636,active,-0.033333,1.533401e-06,5.552381e-05,0.8667,0.8000,329
84,features.16,637,pruned_before,nan,0.000000e+00,0.000000e+00,0.0000,0.0000,0
84,features.16,638,active,-0.033333,1.113763e-06,5.209126e-05,0.8556,0.7889,329
84,features.16,639,pruned_before,nan,0.000000e+00,0.000000e+00,0.0000,0.0000,0
84,features.16,640,pruned_before,nan,0.000000e+00,0.000000e+00,0.0000,0.0000,0
84,features.16,641,pruned_before,nan,0.000000e+00,0.000000e+00,0.0000,0.0000,0
84,features.16,642,pruned_before,nan,0.000000e+00,0.000000e+00,0.0000,0.0000,0
84,features.16,643,active,0.100000,3.311205e-07,4.966830e-05,0.5778,0.7778,329
84,features.16,644,pruned_before,nan,0.000000e+00,0.000000e+00,0.0000,0.0000,0
84,features.16,645,pruned_before,nan,0.000000e+00,0.000000e+00,0.0000,0.0000,0
84,features.16,646,pruned_before,nan,0.000000e+00,0.000000e+00,0.0000,0.0000,0
84,features.16,647,pruned_before,nan,0.000000e+00,0.000000e+00,0.0000,0.0000,0
84,features.16,648,pruned_before,nan,0.000000e+00,0.000000e+00,0.0000,0.0000,0
84,features.16,649,pruned_before,nan,0.000000e+00,0.000000e+00,0.0000,0.0000,0
84,features.16,650,pruned_before,nan,0.000000e+00,0.000000e+00,0.0000,0.0000,0
84,features.16,651,pruned_before,nan,0.000000e+00,0.000000e+00,0.0000,0.0000,0
84,features.16,652,pruned_before,nan,0.000000e+00,0.000000e+00,0.0000,0.0000,0
84,features.16,653,pruned_before,nan,0.000000e+00,0.000000e+00,0.0000,0.0000,0
84,features.16,654,pruned_before,nan,0.000000e+00,0.000000e+00,0.0000,0.0000,0
84,features.16,655,pruned_before,nan,0.000000e+00,0.000000e+00,0.0000,0.0000,0
84,features.16,656,pruned_before,nan,0.000000e+00,0.000000e+00,0.0000,0.0000,0
84,features.16,657,pruned_before,nan,0.000000e+00,0.000000e+00,0.0000,0.0000,0
84,features.16,658,pruned_before,nan,0.000000e+00,0.000000e+00,0.0000,0.0000,0
84,features.16,659,pruned_before,nan,0.000000e+00,0.000000e+00,0.0000,0.0000,0
84,features.16,660,pruned_before,nan,0.000000e+00,0.000000e+00,0.0000,0.0000,0
84,features.16,661,pruned_before,nan,0.000000e+00,0.000000e+00,0.0000,0.0000,0
84,features.16,662,pruned_before,nan,0.000000e+00,0.000000e+00,0.0000,0.0000,0
84,features.16,663,pruned_before,nan,0.000000e+00,0.000000e+00,0.0000,0.0000,0
84,features.16,664,pruned_before,nan,0.000000e+00,0.000000e+00,0.0000,0.0000,0
84,features.16,665,pruned_before,nan,0.000000e+00,0.000000e+00,0.0000,0.0000,0
84,features.16,666,pruned_before,nan,0.000000e+00,0.000000e+00,0.0000,0.0000,0
84,features.16,667,pruned_before,nan,0.000000e+00,0.000000e+00,0.0000,0.0000,0
84,features.16,668,pruned_before,nan,0.000000e+00,0.000000e+00,0.0000,0.0000,0
84,features.16,669,active,-0.127778,3.122610e-07,4.376750e-06,0.5444,0.2889,329
84,features.16,670,pruned_before,nan,0.000000e+00,0.000000e+00,0.0000,0.0000,0
84,features.16,671,pruned_before,nan,0.000000e+00,0.000000e+00,0.0000,0.0000,0
84,features.16,672,pruned_before,nan,0.000000e+00,0.000000e+00,0.0000,0.0000,0
84,features.16,673,pruned_before,nan,0.000000e+00,0.000000e+00,0.0000,0.0000,0
84,features.16,674,pruned_before,nan,0.000000e+00,0.000000e+00,0.0000,0.0000,0
84,features.16,675,pruned_before,nan,0.000000e+00,0.000000e+00,0.0000,0.0000,0
84,features.16,676,pruned_before,nan,0.000000e+00,0.000000e+00,0.0000,0.0000,0
84,features.16,677,pruned_before,nan,0.000000e+00,0.000000e+00,0.0000,0.0000,0
84,features.16,678,pruned_before,nan,0.000000e+00,0.000000e+00,0.0000,0.0000,0
84,features.16,679,pruned_before,nan,0.000000e+00,0.000000e+00,0.0000,0.0000,0
84,features.16,680,pruned_before,nan,0.000000e+00,0.000000e+00,0.0000,0.0000,0
84,features.16,681,pruned_before,nan,0.000000e+00,0.000000e+00,0.0000,0.0000,0
84,features.16,682,pruned_before,nan,0.000000e+00,0.000000e+00,0.0000,0.0000,0
84,features.16,683,pruned_before,nan,0.000000e+00,0.000000e+00,0.0000,0.0000,0
84,features.16,684,pruned_before,nan,0.000000e+00,0.000000e+00,0.0000,0.0000,0
84,features.16,685,pruned_before,nan,0.000000e+00,0.000000e+00,0.0000,0.0000,0
84,features.16,686,pruned_before,nan,0.000000e+00,0.000000e+00,0.0000,0.0000,0
84,features.16,687,pruned_before,nan,0.000000e+00,0.000000e+00,0.0000,0.0000,0
84,features.16,688,pruned_before,nan,0.000000e+00,0.000000e+00,0.0000,0.0000,0
84,features.16,689,pruned_before,nan,0.000000e+00,0.000000e+00,0.0000,0.0000,0
84,features.16,690,pruned_before,nan,0.000000e+00,0.000000e+00,0.0000,0.0000,0
84,features.16,691,pruned_before,nan,0.000000e+00,0.000000e+00,0.0000,0.0000,0
84,features.16,692,pruned_before,nan,0.000000e+00,0.000000e+00,0.0000,0.0000,0
84,features.16,693,pruned_before,nan,0.000000e+00,0.000000e+00,0.0000,0.0000,0
84,features.16,694,pruned_before,nan,0.000000e+00,0.000000e+00,0.0000,0.0000,0
84,features.16,695,pruned_before,nan,0.000000e+00,0.000000e+00,0.0000,0.0000,0
84,features.16,696,pruned_before,nan,0.000000e+00,0.000000e+00,0.0000,0.0000,0
84,features.16,697,pruned_before,nan,0.000000e+00,0.000000e+00,0.0000,0.0000,0
84,features.16,698,pruned_before,nan,0.000000e+00,0.000000e+00,0.0000,0.0000,0
84,features.16,699,pruned_before,nan,0.000000e+00,0.000000e+00,0.0000,0.0000,0
84,features.16,700,pruned_before,nan,0.000000e+00,0.000000e+00,0.0000,0.0000,0
84,features.16,701,pruned_before,nan,0.000000e+00,0.000000e+00,0.0000,0.0000,0
84,features.16,702,pruned_before,nan,0.000000e+00,0.000000e+00,0.0000,0.0000,0
84,features.16,703,pruned_before,nan,0.000000e+00,0.000000e+00,0.0000,0.0000,0
84,features.16,704,pruned_before,nan,0.000000e+00,0.000000e+00,0.0000,0.0000,0
84,features.16,705,pruned_before,nan,0.000000e+00,0.000000e+00,0.0000,0.0000,0
84,features.16,706,pruned_before,nan,0.000000e+00,0.000000e+00,0.0000,0.0000,0
84,features.16,707,active,-0.033333,3.195121e-08,1.748550e-07,0.1111,0.0444,329
84,features.16,708,active,0.033333,1.109522e-06,8.911318e-05,0.8444,0.9111,329
84,features.16,709,pruned_before,nan,0.000000e+00,0.000000e+00,0.0000,0.0000,0
84,features.16,710,pruned_before,nan,0.000000e+00,0.000000e+00,0.0000,0.0000,0
84,features.16,711,pruned_before,nan,0.000000e+00,0.000000e+00,0.0000,0.0000,0
84,features.16,712,active,-0.094444,1.976647e-07,3.217469e-06,0.4222,0.2333,329
84,features.16,713,pruned_before,nan,0.000000e+00,0.000000e+00,0.0000,0.0000,0
84,features.16,714,pruned_before,nan,0.000000e+00,0.000000e+00,0.0000,0.0000,0
84,features.16,715,pruned_before,nan,0.000000e+00,0.000000e+00,0.0000,0.0000,0
84,features.16,716,pruned_before,nan,0.000000e+00,0.000000e+00,0.0000,0.0000,0
84,features.16,717,pruned_before,nan,0.000000e+00,0.000000e+00,0.0000,0.0000,0
84,features.16,718,pruned_before,nan,0.000000e+00,0.000000e+00,0.0000,0.0000,0
84,features.16,719,pruned_before,nan,0.000000e+00,0.000000e+00,0.0000,0.0000,0
84,features.16,720,active,0.111111,1.265874e-07,1.672544e-05,0.2444,0.4667,329
84,features.16,721,pruned_before,nan,0.000000e+00,0.000000e+00,0.0000,0.0000,0
84,features.16,722,pruned_before,nan,0.000000e+00,0.000000e+00,0.0000,0.0000,0
84,features.16,723,active,0.038889,2.788635e-07,2.172418e-05,0.5111,0.5889,329
84,features.16,724,pruned_before,nan,0.000000e+00,0.000000e+00,0.0000,0.0000,0
84,features.16,725,active,-0.061111,7.585146e-07,3.168504e-05,0.7889,0.6667,329
84,features.16,726,pruned_before,nan,0.000000e+00,0.000000e+00,0.0000,0.0000,0
84,features.16,727,pruned_before,nan,0.000000e+00,0.000000e+00,0.0000,0.0000,0
84,features.16,728,pruned_before,nan,0.000000e+00,0.000000e+00,0.0000,0.0000,0
84,features.16,729,pruned_before,nan,0.000000e+00,0.000000e+00,0.0000,0.0000,0
84,features.16,730,pruned_before,nan,0.000000e+00,0.000000e+00,0.0000,0.0000,0
84,features.16,731,pruned_before,nan,0.000000e+00,0.000000e+00,0.0000,0.0000,0
84,features.16,732,pruned_before,nan,0.000000e+00,0.000000e+00,0.0000,0.0000,0
84,features.16,733,pruned_before,nan,0.000000e+00,0.000000e+00,0.0000,0.0000,0
84,features.16,734,pruned_before,nan,0.000000e+00,0.000000e+00,0.0000,0.0000,0
84,features.16,735,active,0.044444,6.482077e-08,4.150941e-06,0.1889,0.2778,329
84,features.16,736,pruned_before,nan,0.000000e+00,0.000000e+00,0.0000,0.0000,0
84,features.16,737,pruned_before,nan,0.000000e+00,0.000000e+00,0.0000,0.0000,0
84,features.16,738,pruned_before,nan,0.000000e+00,0.000000e+00,0.0000,0.0000,0
84,features.16,739,pruned_before,nan,0.000000e+00,0.000000e+00,0.0000,0.0000,0
84,features.16,740,pruned_before,nan,0.000000e+00,0.000000e+00,0.0000,0.0000,0
84,features.16,741,pruned_before,nan,0.000000e+00,0.000000e+00,0.0000,0.0000,0
84,features.16,742,pruned_before,nan,0.000000e+00,0.000000e+00,0.0000,0.0000,0
84,features.16,743,pruned_before,nan,0.000000e+00,0.000000e+00,0.0000,0.0000,0
84,features.16,744,pruned_before,nan,0.000000e+00,0.000000e+00,0.0000,0.0000,0
84,features.16,745,pruned_before,nan,0.000000e+00,0.000000e+00,0.0000,0.0000,0
84,features.16,746,pruned_before,nan,0.000000e+00,0.000000e+00,0.0000,0.0000,0
84,features.16,747,pruned_before,nan,0.000000e+00,0.000000e+00,0.0000,0.0000,0
84,features.16,748,pruned_before,nan,0.000000e+00,0.000000e+00,0.0000,0.0000,0
84,features.16,749,pruned_before,nan,0.000000e+00,0.000000e+00,0.0000,0.0000,0
84,features.16,750,pruned_before,nan,0.000000e+00,0.000000e+00,0.0000,0.0000,0
84,features.16,751,pruned_before,nan,0.000000e+00,0.000000e+00,0.0000,0.0000,0
84,features.16,752,pruned_before,nan,0.000000e+00,0.000000e+00,0.0000,0.0000,0
84,features.16,753,pruned_before,nan,0.000000e+00,0.000000e+00,0.0000,0.0000,0
84,features.16,754,pruned_before,nan,0.000000e+00,0.000000e+00,0.0000,0.0000,0
84,features.16,755,pruned_before,nan,0.000000e+00,0.000000e+00,0.0000,0.0000,0
84,features.16,756,pruned_before,nan,0.000000e+00,0.000000e+00,0.0000,0.0000,0
84,features.16,757,active,0.000000,2.655901e-07,1.760654e-05,0.4889,0.4889,329
84,features.16,758,pruned_before,nan,0.000000e+00,0.000000e+00,0.0000,0.0000,0
84,features.16,759,pruned_before,nan,0.000000e+00,0.000000e+00,0.0000,0.0000,0
84,features.16,760,pruned_before,nan,0.000000e+00,0.000000e+00,0.0000,0.0000,0
84,features.16,761,pruned_before,nan,0.000000e+00,0.000000e+00,0.0000,0.0000,0
84,features.16,762,pruned_before,nan,0.000000e+00,0.000000e+00,0.0000,0.0000,0
84,features.16,763,pruned_before,nan,0.000000e+00,0.000000e+00,0.0000,0.0000,0
84,features.16,764,pruned_before,nan,0.000000e+00,0.000000e+00,0.0000,0.0000,0
84,features.16,765,active,0.016667,2.482422e-06,2.462069e-04,0.9444,0.9778,329
84,features.16,766,pruned_before,nan,0.000000e+00,0.000000e+00,0.0000,0.0000,0
84,features.16,767,pruned_before,nan,0.000000e+00,0.000000e+00,0.0000,0.0000,0
84,features.16,768,pruned_before,nan,0.000000e+00,0.000000e+00,0.0000,0.0000,0
84,features.16,769,pruned_before,nan,0.000000e+00,0.000000e+00,0.0000,0.0000,0
84,features.16,770,pruned_before,nan,0.000000e+00,0.000000e+00,0.0000,0.0000,0
84,features.16,771,pruned_before,nan,0.000000e+00,0.000000e+00,0.0000,0.0000,0
84,features.16,772,pruned_before,nan,0.000000e+00,0.000000e+00,0.0000,0.0000,0
84,features.16,773,pruned_before,nan,0.000000e+00,0.000000e+00,0.0000,0.0000,0
84,features.16,774,pruned_before,nan,0.000000e+00,0.000000e+00,0.0000,0.0000,0
84,features.16,775,pruned_before,nan,0.000000e+00,0.000000e+00,0.0000,0.0000,0
84,features.16,776,pruned_before,nan,0.000000e+00,0.000000e+00,0.0000,0.0000,0
84,features.16,777,pruned_before,nan,0.000000e+00,0.000000e+00,0.0000,0.0000,0
84,features.16,778,pruned_before,nan,0.000000e+00,0.000000e+00,0.0000,0.0000,0
84,features.16,779,pruned_before,nan,0.000000e+00,0.000000e+00,0.0000,0.0000,0
84,features.16,780,pruned_before,nan,0.000000e+00,0.000000e+00,0.0000,0.0000,0
84,features.16,781,pruned_before,nan,0.000000e+00,0.000000e+00,0.0000,0.0000,0
84,features.16,782,active,0.122222,1.779344e-08,7.327434e-06,0.1000,0.3444,329
84,features.16,783,pruned_before,nan,0.000000e+00,0.000000e+00,0.0000,0.0000,0
84,features.16,784,pruned_before,nan,0.000000e+00,0.000000e+00,0.0000,0.0000,0
84,features.16,785,pruned_before,nan,0.000000e+00,0.000000e+00,0.0000,0.0000,0
84,features.16,786,pruned_before,nan,0.000000e+00,0.000000e+00,0.0000,0.0000,0
84,features.16,787,active,0.016667,4.981155e-07,3.540959e-05,0.6778,0.7111,329
84,features.16,788,pruned_before,nan,0.000000e+00,0.000000e+00,0.0000,0.0000,0
84,features.16,789,pruned_before,nan,0.000000e+00,0.000000e+00,0.0000,0.0000,0
84,features.16,790,pruned_before,nan,0.000000e+00,0.000000e+00,0.0000,0.0000,0
84,features.16,791,pruned_before,nan,0.000000e+00,0.000000e+00,0.0000,0.0000,0
84,features.16,792,active,-0.094444,4.854633e-07,1.693624e-05,0.6667,0.4778,329
84,features.16,793,pruned_before,nan,0.000000e+00,0.000000e+00,0.0000,0.0000,0
84,features.16,794,pruned_before,nan,0.000000e+00,0.000000e+00,0.0000,0.0000,0
84,features.16,795,pruned_before,nan,0.000000e+00,0.000000e+00,0.0000,0.0000,0
84,features.16,796,pruned_before,nan,0.000000e+00,0.000000e+00,0.0000,0.0000,0
84,features.16,797,pruned_before,nan,0.000000e+00,0.000000e+00,0.0000,0.0000,0
84,features.16,798,pruned_before,nan,0.000000e+00,0.000000e+00,0.0000,0.0000,0
84,features.16,799,active,0.100000,1.101253e-08,3.682433e-06,0.0556,0.2556,329
84,features.16,800,pruned_before,nan,0.000000e+00,0.000000e+00,0.0000,0.0000,0
84,features.16,801,pruned_before,nan,0.000000e+00,0.000000e+00,0.0000,0.0000,0
84,features.16,802,pruned_before,nan,0.000000e+00,0.000000e+00,0.0000,0.0000,0
84,features.16,803,pruned_before,nan,0.000000e+00,0.000000e+00,0.0000,0.0000,0
84,features.16,804,pruned_before,nan,0.000000e+00,0.000000e+00,0.0000,0.0000,0
84,features.16,805,pruned_before,nan,0.000000e+00,0.000000e+00,0.0000,0.0000,0
84,features.16,806,pruned_before,nan,0.000000e+00,0.000000e+00,0.0000,0.0000,0
84,features.16,807,pruned_before,nan,0.000000e+00,0.000000e+00,0.0000,0.0000,0
84,features.16,808,pruned_before,nan,0.000000e+00,0.000000e+00,0.0000,0.0000,0
84,features.16,809,active,0.072222,1.345477e-07,1.265792e-05,0.2778,0.4222,329
84,features.16,810,pruned_before,nan,0.000000e+00,0.000000e+00,0.0000,0.0000,0
84,features.16,811,pruned_before,nan,0.000000e+00,0.000000e+00,0.0000,0.0000,0
84,features.16,812,pruned_before,nan,0.000000e+00,0.000000e+00,0.0000,0.0000,0
84,features.16,813,pruned_before,nan,0.000000e+00,0.000000e+00,0.0000,0.0000,0
84,features.16,814,active,0.000000,0.000000e+00,0.000000e+00,0.0000,0.0000,329
84,features.16,815,pruned_before,nan,0.000000e+00,0.000000e+00,0.0000,0.0000,0
84,features.16,816,pruned_before,nan,0.000000e+00,0.000000e+00,0.0000,0.0000,0
84,features.16,817,pruned_before,nan,0.000000e+00,0.000000e+00,0.0000,0.0000,0
84,features.16,818,pruned_before,nan,0.000000e+00,0.000000e+00,0.0000,0.0000,0
84,features.16,819,pruned_before,nan,0.000000e+00,0.000000e+00,0.0000,0.0000,0
84,features.16,820,pruned_before,nan,0.000000e+00,0.000000e+00,0.0000,0.0000,0
84,features.16,821,active,0.077778,5.760866e-08,5.169048e-06,0.1556,0.3111,329
84,features.16,822,pruned_before,nan,0.000000e+00,0.000000e+00,0.0000,0.0000,0
84,features.16,823,pruned_before,nan,0.000000e+00,0.000000e+00,0.0000,0.0000,0
84,features.16,824,pruned_before,nan,0.000000e+00,0.000000e+00,0.0000,0.0000,0
84,features.16,825,pruned_before,nan,0.000000e+00,0.000000e+00,0.0000,0.0000,0
84,features.16,826,active,-0.050000,1.683123e-07,3.684727e-06,0.3667,0.2667,329
84,features.16,827,pruned_before,nan,0.000000e+00,0.000000e+00,0.0000,0.0000,0
84,features.16,828,pruned_before,nan,0.000000e+00,0.000000e+00,0.0000,0.0000,0
84,features.16,829,pruned_before,nan,0.000000e+00,0.000000e+00,0.0000,0.0000,0
84,features.16,830,pruned_before,nan,0.000000e+00,0.000000e+00,0.0000,0.0000,0
84,features.16,831,pruned_before,nan,0.000000e+00,0.000000e+00,0.0000,0.0000,0
84,features.16,832,pruned_before,nan,0.000000e+00,0.000000e+00,0.0000,0.0000,0
84,features.16,833,pruned_before,nan,0.000000e+00,0.000000e+00,0.0000,0.0000,0
84,features.16,834,pruned_before,nan,0.000000e+00,0.000000e+00,0.0000,0.0000,0
84,features.16,835,pruned_before,nan,0.000000e+00,0.000000e+00,0.0000,0.0000,0
84,features.16,836,active,0.116667,3.016156e-07,4.457590e-05,0.5333,0.7667,329
84,features.16,837,pruned_before,nan,0.000000e+00,0.000000e+00,0.0000,0.0000,0
84,features.16,838,pruned_before,nan,0.000000e+00,0.000000e+00,0.0000,0.0000,0
84,features.16,839,pruned_before,nan,0.000000e+00,0.000000e+00,0.0000,0.0000,0
84,features.16,840,pruned_before,nan,0.000000e+00,0.000000e+00,0.0000,0.0000,0
84,features.16,841,pruned_before,nan,0.000000e+00,0.000000e+00,0.0000,0.0000,0
84,features.16,842,pruned_before,nan,0.000000e+00,0.000000e+00,0.0000,0.0000,0
84,features.16,843,active,0.083333,5.392458e-07,8.446123e-05,0.7333,0.9000,329
84,features.16,844,pruned_before,nan,0.000000e+00,0.000000e+00,0.0000,0.0000,0
84,features.16,845,pruned_before,nan,0.000000e+00,0.000000e+00,0.0000,0.0000,0
84,features.16,846,pruned_before,nan,0.000000e+00,0.000000e+00,0.0000,0.0000,0
84,features.16,847,pruned_before,nan,0.000000e+00,0.000000e+00,0.0000,0.0000,0
84,features.16,848,pruned_before,nan,0.000000e+00,0.000000e+00,0.0000,0.0000,0
84,features.16,849,pruned_before,nan,0.000000e+00,0.000000e+00,0.0000,0.0000,0
84,features.16,850,pruned_before,nan,0.000000e+00,0.000000e+00,0.0000,0.0000,0
84,features.16,851,pruned_before,nan,0.000000e+00,0.000000e+00,0.0000,0.0000,0
84,features.16,852,pruned_before,nan,0.000000e+00,0.000000e+00,0.0000,0.0000,0
84,features.16,853,pruned_before,nan,0.000000e+00,0.000000e+00,0.0000,0.0000,0
84,features.16,854,pruned_before,nan,0.000000e+00,0.000000e+00,0.0000,0.0000,0
84,features.16,855,pruned_before,nan,0.000000e+00,0.000000e+00,0.0000,0.0000,0
84,features.16,856,pruned_before,nan,0.000000e+00,0.000000e+00,0.0000,0.0000,0
84,features.16,857,pruned_before,nan,0.000000e+00,0.000000e+00,0.0000,0.0000,0
84,features.16,858,pruned_before,nan,0.000000e+00,0.000000e+00,0.0000,0.0000,0
84,features.16,859,pruned_before,nan,0.000000e+00,0.000000e+00,0.0000,0.0000,0
84,features.16,860,pruned_before,nan,0.000000e+00,0.000000e+00,0.0000,0.0000,0
84,features.16,861,active,-0.033333,3.627975e-07,2.025524e-05,0.6222,0.5556,329
84,features.16,862,pruned_before,nan,0.000000e+00,0.000000e+00,0.0000,0.0000,0
84,features.16,863,pruned_before,nan,0.000000e+00,0.000000e+00,0.0000,0.0000,0
84,features.16,864,pruned_before,nan,0.000000e+00,0.000000e+00,0.0000,0.0000,0
84,features.16,865,pruned_before,nan,0.000000e+00,0.000000e+00,0.0000,0.0000,0
84,features.16,866,pruned_before,nan,0.000000e+00,0.000000e+00,0.0000,0.0000,0
84,features.16,867,pruned_before,nan,0.000000e+00,0.000000e+00,0.0000,0.0000,0
84,features.16,868,pruned_now,-0.144444,2.470491e-07,1.735764e-06,0.4556,0.1667,329
84,features.16,869,pruned_before,nan,0.000000e+00,0.000000e+00,0.0000,0.0000,0
84,features.16,870,pruned_before,nan,0.000000e+00,0.000000e+00,0.0000,0.0000,0
84,features.16,871,pruned_before,nan,0.000000e+00,0.000000e+00,0.0000,0.0000,0
84,features.16,872,pruned_before,nan,0.000000e+00,0.000000e+00,0.0000,0.0000,0
84,features.16,873,pruned_before,nan,0.000000e+00,0.000000e+00,0.0000,0.0000,0
84,features.16,874,pruned_before,nan,0.000000e+00,0.000000e+00,0.0000,0.0000,0
84,features.16,875,pruned_before,nan,0.000000e+00,0.000000e+00,0.0000,0.0000,0
84,features.16,876,pruned_before,nan,0.000000e+00,0.000000e+00,0.0000,0.0000,0
84,features.16,877,active,-0.094444,1.432006e-07,1.100608e-06,0.3000,0.1111,329
84,features.16,878,pruned_before,nan,0.000000e+00,0.000000e+00,0.0000,0.0000,0
84,features.16,879,active,0.105556,1.673965e-07,2.055512e-05,0.3556,0.5667,329
84,features.16,880,pruned_before,nan,0.000000e+00,0.000000e+00,0.0000,0.0000,0
84,features.16,881,pruned_before,nan,0.000000e+00,0.000000e+00,0.0000,0.0000,0
84,features.16,882,pruned_before,nan,0.000000e+00,0.000000e+00,0.0000,0.0000,0
84,features.16,883,pruned_before,nan,0.000000e+00,0.000000e+00,0.0000,0.0000,0
84,features.16,884,pruned_before,nan,0.000000e+00,0.000000e+00,0.0000,0.0000,0
84,features.16,885,pruned_before,nan,0.000000e+00,0.000000e+00,0.0000,0.0000,0
84,features.16,886,pruned_before,nan,0.000000e+00,0.000000e+00,0.0000,0.0000,0
84,features.16,887,pruned_before,nan,0.000000e+00,0.000000e+00,0.0000,0.0000,0
84,features.16,888,pruned_before,nan,0.000000e+00,0.000000e+00,0.0000,0.0000,0
84,features.16,889,pruned_before,nan,0.000000e+00,0.000000e+00,0.0000,0.0000,0
84,features.16,890,pruned_before,nan,0.000000e+00,0.000000e+00,0.0000,0.0000,0
84,features.16,891,pruned_before,nan,0.000000e+00,0.000000e+00,0.0000,0.0000,0
84,features.16,892,pruned_before,nan,0.000000e+00,0.000000e+00,0.0000,0.0000,0
84,features.16,893,pruned_before,nan,0.000000e+00,0.000000e+00,0.0000,0.0000,0
84,features.16,894,pruned_before,nan,0.000000e+00,0.000000e+00,0.0000,0.0000,0
84,features.16,895,pruned_before,nan,0.000000e+00,0.000000e+00,0.0000,0.0000,0
84,features.16,896,pruned_before,nan,0.000000e+00,0.000000e+00,0.0000,0.0000,0
84,features.16,897,pruned_before,nan,0.000000e+00,0.000000e+00,0.0000,0.0000,0
84,features.16,898,pruned_before,nan,0.000000e+00,0.000000e+00,0.0000,0.0000,0
84,features.16,899,pruned_before,nan,0.000000e+00,0.000000e+00,0.0000,0.0000,0
84,features.16,900,active,-0.088889,3.157779e-07,9.373323e-06,0.5556,0.3778,329
84,features.16,901,pruned_before,nan,0.000000e+00,0.000000e+00,0.0000,0.0000,0
84,features.16,902,pruned_before,nan,0.000000e+00,0.000000e+00,0.0000,0.0000,0
84,features.16,903,pruned_before,nan,0.000000e+00,0.000000e+00,0.0000,0.0000,0
84,features.16,904,pruned_before,nan,0.000000e+00,0.000000e+00,0.0000,0.0000,0
84,features.16,905,pruned_before,nan,0.000000e+00,0.000000e+00,0.0000,0.0000,0
84,features.16,906,pruned_before,nan,0.000000e+00,0.000000e+00,0.0000,0.0000,0
84,features.16,907,pruned_before,nan,0.000000e+00,0.000000e+00,0.0000,0.0000,0
84,features.16,908,pruned_before,nan,0.000000e+00,0.000000e+00,0.0000,0.0000,0
84,features.16,909,pruned_before,nan,0.000000e+00,0.000000e+00,0.0000,0.0000,0
84,features.16,910,pruned_before,nan,0.000000e+00,0.000000e+00,0.0000,0.0000,0
84,features.16,911,pruned_before,nan,0.000000e+00,0.000000e+00,0.0000,0.0000,0
84,features.16,912,pruned_before,nan,0.000000e+00,0.000000e+00,0.0000,0.0000,0
84,features.16,913,pruned_before,nan,0.000000e+00,0.000000e+00,0.0000,0.0000,0
84,features.16,914,active,0.016667,3.596090e-07,2.963484e-05,0.6000,0.6333,329
84,features.16,915,pruned_before,nan,0.000000e+00,0.000000e+00,0.0000,0.0000,0
84,features.16,916,pruned_before,nan,0.000000e+00,0.000000e+00,0.0000,0.0000,0
84,features.16,917,pruned_before,nan,0.000000e+00,0.000000e+00,0.0000,0.0000,0
84,features.16,918,pruned_before,nan,0.000000e+00,0.000000e+00,0.0000,0.0000,0
84,features.16,919,pruned_before,nan,0.000000e+00,0.000000e+00,0.0000,0.0000,0
84,features.16,920,pruned_before,nan,0.000000e+00,0.000000e+00,0.0000,0.0000,0
84,features.16,921,pruned_before,nan,0.000000e+00,0.000000e+00,0.0000,0.0000,0
84,features.16,922,pruned_before,nan,0.000000e+00,0.000000e+00,0.0000,0.0000,0
84,features.16,923,pruned_before,nan,0.000000e+00,0.000000e+00,0.0000,0.0000,0
84,features.16,924,pruned_before,nan,0.000000e+00,0.000000e+00,0.0000,0.0000,0
84,features.16,925,pruned_before,nan,0.000000e+00,0.000000e+00,0.0000,0.0000,0
84,features.16,926,pruned_before,nan,0.000000e+00,0.000000e+00,0.0000,0.0000,0
84,features.16,927,pruned_before,nan,0.000000e+00,0.000000e+00,0.0000,0.0000,0
84,features.16,928,pruned_before,nan,0.000000e+00,0.000000e+00,0.0000,0.0000,0
84,features.16,929,pruned_before,nan,0.000000e+00,0.000000e+00,0.0000,0.0000,0
84,features.16,930,pruned_before,nan,0.000000e+00,0.000000e+00,0.0000,0.0000,0
84,features.16,931,pruned_before,nan,0.000000e+00,0.000000e+00,0.0000,0.0000,0
84,features.16,932,pruned_before,nan,0.000000e+00,0.000000e+00,0.0000,0.0000,0
84,features.16,933,pruned_before,nan,0.000000e+00,0.000000e+00,0.0000,0.0000,0
84,features.16,934,pruned_before,nan,0.000000e+00,0.000000e+00,0.0000,0.0000,0
84,features.16,935,active,-0.127778,1.634792e-07,4.800194e-07,0.3444,0.0889,329
84,features.16,936,pruned_before,nan,0.000000e+00,0.000000e+00,0.0000,0.0000,0
84,features.16,937,pruned_before,nan,0.000000e+00,0.000000e+00,0.0000,0.0000,0
84,features.16,938,pruned_before,nan,0.000000e+00,0.000000e+00,0.0000,0.0000,0
84,features.16,939,pruned_before,nan,0.000000e+00,0.000000e+00,0.0000,0.0000,0
84,features.16,940,pruned_before,nan,0.000000e+00,0.000000e+00,0.0000,0.0000,0
84,features.16,941,active,0.050000,1.309256e-07,8.261232e-06,0.2667,0.3667,329
84,features.16,942,pruned_before,nan,0.000000e+00,0.000000e+00,0.0000,0.0000,0
84,features.16,943,pruned_before,nan,0.000000e+00,0.000000e+00,0.0000,0.0000,0
84,features.16,944,pruned_before,nan,0.000000e+00,0.000000e+00,0.0000,0.0000,0
84,features.16,945,active,-0.044444,2.611168e-07,1.006339e-05,0.4778,0.3889,329
84,features.16,946,pruned_before,nan,0.000000e+00,0.000000e+00,0.0000,0.0000,0
84,features.16,947,pruned_before,nan,0.000000e+00,0.000000e+00,0.0000,0.0000,0
84,features.16,948,pruned_before,nan,0.000000e+00,0.000000e+00,0.0000,0.0000,0
84,features.16,949,pruned_before,nan,0.000000e+00,0.000000e+00,0.0000,0.0000,0
84,features.16,950,pruned_before,nan,0.000000e+00,0.000000e+00,0.0000,0.0000,0
84,features.16,951,pruned_before,nan,0.000000e+00,0.000000e+00,0.0000,0.0000,0
84,features.16,952,pruned_before,nan,0.000000e+00,0.000000e+00,0.0000,0.0000,0
84,features.16,953,pruned_before,nan,0.000000e+00,0.000000e+00,0.0000,0.0000,0
84,features.16,954,pruned_before,nan,0.000000e+00,0.000000e+00,0.0000,0.0000,0
84,features.16,955,pruned_before,nan,0.000000e+00,0.000000e+00,0.0000,0.0000,0
84,features.16,956,pruned_before,nan,0.000000e+00,0.000000e+00,0.0000,0.0000,0
84,features.16,957,pruned_before,nan,0.000000e+00,0.000000e+00,0.0000,0.0000,0
84,features.16,958,pruned_before,nan,0.000000e+00,0.000000e+00,0.0000,0.0000,0
84,features.16,959,pruned_before,nan,0.000000e+00,0.000000e+00,0.0000,0.0000,0
84,features.17,0,active,0.126238,8.119946e-08,3.678751e-07,0.1040,0.3564,489
84,features.17,1,pruned_before,nan,0.000000e+00,0.000000e+00,0.0000,0.0000,0
84,features.17,2,pruned_before,nan,0.000000e+00,0.000000e+00,0.0000,0.0000,0
84,features.17,3,pruned_before,nan,0.000000e+00,0.000000e+00,0.0000,0.0000,0
84,features.17,4,pruned_before,nan,0.000000e+00,0.000000e+00,0.0000,0.0000,0
84,features.17,5,pruned_before,nan,0.000000e+00,0.000000e+00,0.0000,0.0000,0
84,features.17,6,pruned_before,nan,0.000000e+00,0.000000e+00,0.0000,0.0000,0
84,features.17,7,pruned_before,nan,0.000000e+00,0.000000e+00,0.0000,0.0000,0
84,features.17,8,active,-0.101485,3.129684e-07,1.273597e-07,0.3663,0.1634,489
84,features.17,9,pruned_before,nan,0.000000e+00,0.000000e+00,0.0000,0.0000,0
84,features.17,10,pruned_before,nan,0.000000e+00,0.000000e+00,0.0000,0.0000,0
84,features.17,11,pruned_before,nan,0.000000e+00,0.000000e+00,0.0000,0.0000,0
84,features.17,12,active,-0.032178,5.319345e-06,2.547430e-06,0.9851,0.9208,489
84,features.17,13,pruned_before,nan,0.000000e+00,0.000000e+00,0.0000,0.0000,0
84,features.17,14,pruned_before,nan,0.000000e+00,0.000000e+00,0.0000,0.0000,0
84,features.17,15,pruned_before,nan,0.000000e+00,0.000000e+00,0.0000,0.0000,0
84,features.17,16,pruned_before,nan,0.000000e+00,0.000000e+00,0.0000,0.0000,0
84,features.17,17,pruned_before,nan,0.000000e+00,0.000000e+00,0.0000,0.0000,0
84,features.17,18,pruned_before,nan,0.000000e+00,0.000000e+00,0.0000,0.0000,0
84,features.17,19,pruned_before,nan,0.000000e+00,0.000000e+00,0.0000,0.0000,0
84,features.17,20,pruned_before,nan,0.000000e+00,0.000000e+00,0.0000,0.0000,0
84,features.17,21,pruned_before,nan,0.000000e+00,0.000000e+00,0.0000,0.0000,0
84,features.17,22,active,0.165842,1.273509e-07,5.592403e-07,0.1634,0.4950,489
84,features.17,23,active,-0.049505,2.487445e-07,1.983447e-07,0.3168,0.2178,489
84,features.17,24,pruned_before,nan,0.000000e+00,0.000000e+00,0.0000,0.0000,0
84,features.17,25,pruned_before,nan,0.000000e+00,0.000000e+00,0.0000,0.0000,0
84,features.17,26,pruned_before,nan,0.000000e+00,0.000000e+00,0.0000,0.0000,0
84,features.17,27,pruned_before,nan,0.000000e+00,0.000000e+00,0.0000,0.0000,0
84,features.17,28,pruned_before,nan,0.000000e+00,0.000000e+00,0.0000,0.0000,0
84,features.17,29,pruned_before,nan,0.000000e+00,0.000000e+00,0.0000,0.0000,0
84,features.17,30,active,0.061881,1.601554e-07,2.894750e-07,0.1931,0.3168,489
84,features.17,31,pruned_before,nan,0.000000e+00,0.000000e+00,0.0000,0.0000,0
84,features.17,32,active,-0.069307,2.929295e-06,1.319723e-06,0.9158,0.7772,489
84,features.17,33,active,0.000000,0.000000e+00,0.000000e+00,0.0000,0.0000,489
84,features.17,34,pruned_before,nan,0.000000e+00,0.000000e+00,0.0000,0.0000,0
84,features.17,35,pruned_before,nan,0.000000e+00,0.000000e+00,0.0000,0.0000,0
84,features.17,36,pruned_now,-0.160891,6.857472e-07,2.764949e-07,0.6238,0.3020,489
84,features.17,37,pruned_before,nan,0.000000e+00,0.000000e+00,0.0000,0.0000,0
84,features.17,38,pruned_before,nan,0.000000e+00,0.000000e+00,0.0000,0.0000,0
84,features.17,39,pruned_before,nan,0.000000e+00,0.000000e+00,0.0000,0.0000,0
84,features.17,40,active,0.059406,3.725901e-08,1.226542e-07,0.0396,0.1584,489
84,features.17,41,pruned_before,nan,0.000000e+00,0.000000e+00,0.0000,0.0000,0
84,features.17,42,pruned_before,nan,0.000000e+00,0.000000e+00,0.0000,0.0000,0
84,features.17,43,pruned_before,nan,0.000000e+00,0.000000e+00,0.0000,0.0000,0
84,features.17,44,pruned_before,nan,0.000000e+00,0.000000e+00,0.0000,0.0000,0
84,features.17,45,pruned_before,nan,0.000000e+00,0.000000e+00,0.0000,0.0000,0
84,features.17,46,pruned_before,nan,0.000000e+00,0.000000e+00,0.0000,0.0000,0
84,features.17,47,pruned_before,nan,0.000000e+00,0.000000e+00,0.0000,0.0000,0
84,features.17,48,pruned_before,nan,0.000000e+00,0.000000e+00,0.0000,0.0000,0
84,features.17,49,pruned_before,nan,0.000000e+00,0.000000e+00,0.0000,0.0000,0
84,features.17,50,pruned_before,nan,0.000000e+00,0.000000e+00,0.0000,0.0000,0
84,features.17,51,pruned_before,nan,0.000000e+00,0.000000e+00,0.0000,0.0000,0
84,features.17,52,pruned_before,nan,0.000000e+00,0.000000e+00,0.0000,0.0000,0
84,features.17,53,pruned_before,nan,0.000000e+00,0.000000e+00,0.0000,0.0000,0
84,features.17,54,pruned_before,nan,0.000000e+00,0.000000e+00,0.0000,0.0000,0
84,features.17,55,active,0.081683,1.194936e-06,3.428412e-06,0.8069,0.9703,489
84,features.17,56,pruned_before,nan,0.000000e+00,0.000000e+00,0.0000,0.0000,0
84,features.17,57,pruned_before,nan,0.000000e+00,0.000000e+00,0.0000,0.0000,0
84,features.17,58,pruned_before,nan,0.000000e+00,0.000000e+00,0.0000,0.0000,0
84,features.17,59,pruned_before,nan,0.000000e+00,0.000000e+00,0.0000,0.0000,0
84,features.17,60,pruned_before,nan,0.000000e+00,0.000000e+00,0.0000,0.0000,0
84,features.17,61,pruned_before,nan,0.000000e+00,0.000000e+00,0.0000,0.0000,0
84,features.17,62,pruned_before,nan,0.000000e+00,0.000000e+00,0.0000,0.0000,0
84,features.17,63,pruned_before,nan,0.000000e+00,0.000000e+00,0.0000,0.0000,0
84,features.17,64,pruned_before,nan,0.000000e+00,0.000000e+00,0.0000,0.0000,0
84,features.17,65,active,-0.017327,1.053310e-07,9.319864e-08,0.1287,0.0941,489
84,features.17,66,active,-0.101485,3.661698e-07,2.096641e-07,0.4406,0.2376,489
84,features.17,67,pruned_before,nan,0.000000e+00,0.000000e+00,0.0000,0.0000,0
84,features.17,68,pruned_before,nan,0.000000e+00,0.000000e+00,0.0000,0.0000,0
84,features.17,69,active,0.091584,9.468392e-09,1.490339e-07,0.0050,0.1881,489
84,features.17,70,active,-0.131188,2.790599e-07,9.237685e-08,0.3515,0.0891,489
84,features.17,71,pruned_before,nan,0.000000e+00,0.000000e+00,0.0000,0.0000,0
84,features.17,72,pruned_now,-0.163366,3.724793e-07,1.124051e-07,0.4554,0.1287,489
84,features.17,73,pruned_before,nan,0.000000e+00,0.000000e+00,0.0000,0.0000,0
84,features.17,74,pruned_before,nan,0.000000e+00,0.000000e+00,0.0000,0.0000,0
84,features.17,75,active,0.113861,5.170721e-07,1.324425e-06,0.5545,0.7822,489
84,features.17,76,pruned_before,nan,0.000000e+00,0.000000e+00,0.0000,0.0000,0
84,features.17,77,active,0.059406,1.217260e-07,2.632169e-07,0.1535,0.2723,489
84,features.17,78,active,0.059406,3.289949e-07,5.840025e-07,0.4010,0.5198,489
84,features.17,79,pruned_before,nan,0.000000e+00,0.000000e+00,0.0000,0.0000,0
84,features.17,80,active,0.017327,2.480349e-08,6.511329e-08,0.0248,0.0594,489
84,features.17,81,active,0.190594,1.770179e-07,7.622896e-07,0.2228,0.6040,489
84,features.17,82,pruned_before,nan,0.000000e+00,0.000000e+00,0.0000,0.0000,0
84,features.17,83,pruned_before,nan,0.000000e+00,0.000000e+00,0.0000,0.0000,0
84,features.17,84,pruned_before,nan,0.000000e+00,0.000000e+00,0.0000,0.0000,0
84,features.17,85,pruned_before,nan,0.000000e+00,0.000000e+00,0.0000,0.0000,0
84,features.17,86,pruned_before,nan,0.000000e+00,0.000000e+00,0.0000,0.0000,0
84,features.17,87,pruned_before,nan,0.000000e+00,0.000000e+00,0.0000,0.0000,0
84,features.17,88,pruned_before,nan,0.000000e+00,0.000000e+00,0.0000,0.0000,0
84,features.17,89,active,-0.009901,3.585459e-07,4.314212e-07,0.4356,0.4158,489
84,features.17,90,pruned_before,nan,0.000000e+00,0.000000e+00,0.0000,0.0000,0
84,features.17,91,pruned_before,nan,0.000000e+00,0.000000e+00,0.0000,0.0000,0
84,features.17,92,pruned_before,nan,0.000000e+00,0.000000e+00,0.0000,0.0000,0
84,features.17,93,pruned_before,nan,0.000000e+00,0.000000e+00,0.0000,0.0000,0
84,features.17,94,pruned_before,nan,0.000000e+00,0.000000e+00,0.0000,0.0000,0
84,features.17,95,pruned_before,nan,0.000000e+00,0.000000e+00,0.0000,0.0000,0
84,features.17,96,pruned_before,nan,0.000000e+00,0.000000e+00,0.0000,0.0000,0
84,features.17,97,pruned_before,nan,0.000000e+00,0.000000e+00,0.0000,0.0000,0
84,features.17,98,pruned_before,nan,0.000000e+00,0.000000e+00,0.0000,0.0000,0
84,features.17,99,pruned_before,nan,0.000000e+00,0.000000e+00,0.0000,0.0000,0
84,features.17,100,pruned_before,nan,0.000000e+00,0.000000e+00,0.0000,0.0000,0
84,features.17,101,pruned_before,nan,0.000000e+00,0.000000e+00,0.0000,0.0000,0
84,features.17,102,active,-0.059406,2.064671e-07,1.116838e-07,0.2426,0.1238,489
84,features.17,103,active,-0.051980,4.512501e-07,4.096782e-07,0.5000,0.3960,489
84,features.17,104,pruned_before,nan,0.000000e+00,0.000000e+00,0.0000,0.0000,0
84,features.17,105,pruned_before,nan,0.000000e+00,0.000000e+00,0.0000,0.0000,0
84,features.17,106,pruned_before,nan,0.000000e+00,0.000000e+00,0.0000,0.0000,0
84,features.17,107,pruned_before,nan,0.000000e+00,0.000000e+00,0.0000,0.0000,0
84,features.17,108,active,-0.017327,3.051918e-06,1.956717e-06,0.9208,0.8861,489
84,features.17,109,pruned_before,nan,0.000000e+00,0.000000e+00,0.0000,0.0000,0
84,features.17,110,pruned_before,nan,0.000000e+00,0.000000e+00,0.0000,0.0000,0
84,features.17,111,pruned_before,nan,0.000000e+00,0.000000e+00,0.0000,0.0000,0
84,features.17,112,pruned_before,nan,0.000000e+00,0.000000e+00,0.0000,0.0000,0
84,features.17,113,pruned_before,nan,0.000000e+00,0.000000e+00,0.0000,0.0000,0
84,features.17,114,pruned_before,nan,0.000000e+00,0.000000e+00,0.0000,0.0000,0
84,features.17,115,pruned_before,nan,0.000000e+00,0.000000e+00,0.0000,0.0000,0
84,features.17,116,pruned_before,nan,0.000000e+00,0.000000e+00,0.0000,0.0000,0
84,features.17,117,pruned_before,nan,0.000000e+00,0.000000e+00,0.0000,0.0000,0
84,features.17,118,pruned_before,nan,0.000000e+00,0.000000e+00,0.0000,0.0000,0
84,features.17,119,pruned_before,nan,0.000000e+00,0.000000e+00,0.0000,0.0000,0
84,features.17,120,pruned_before,nan,0.000000e+00,0.000000e+00,0.0000,0.0000,0
84,features.17,121,active,-0.066832,2.036118e-06,1.182913e-06,0.8911,0.7574,489
84,features.17,122,pruned_before,nan,0.000000e+00,0.000000e+00,0.0000,0.0000,0
84,features.17,123,active,0.064356,4.685879e-08,1.386597e-07,0.0495,0.1782,489
84,features.17,124,pruned_before,nan,0.000000e+00,0.000000e+00,0.0000,0.0000,0
84,features.17,125,pruned_before,nan,0.000000e+00,0.000000e+00,0.0000,0.0000,0
84,features.17,126,pruned_before,nan,0.000000e+00,0.000000e+00,0.0000,0.0000,0
84,features.17,127,pruned_before,nan,0.000000e+00,0.000000e+00,0.0000,0.0000,0
84,features.17,128,pruned_before,nan,0.000000e+00,0.000000e+00,0.0000,0.0000,0
84,features.17,129,pruned_before,nan,0.000000e+00,0.000000e+00,0.0000,0.0000,0
84,features.17,130,pruned_before,nan,0.000000e+00,0.000000e+00,0.0000,0.0000,0
84,features.17,131,protected,0.000000,6.328447e-06,6.146602e-06,0.9950,0.9950,489
84,features.17,132,pruned_before,nan,0.000000e+00,0.000000e+00,0.0000,0.0000,0
84,features.17,133,pruned_before,nan,0.000000e+00,0.000000e+00,0.0000,0.0000,0
84,features.17,134,pruned_before,nan,0.000000e+00,0.000000e+00,0.0000,0.0000,0
84,features.17,135,active,-0.079208,1.865404e-06,1.067870e-06,0.8762,0.7178,489
84,features.17,136,active,-0.086634,5.369562e-07,4.192371e-07,0.5792,0.4059,489
84,features.17,137,pruned_before,nan,0.000000e+00,0.000000e+00,0.0000,0.0000,0
84,features.17,138,pruned_before,nan,0.000000e+00,0.000000e+00,0.0000,0.0000,0
84,features.17,139,pruned_before,nan,0.000000e+00,0.000000e+00,0.0000,0.0000,0
84,features.17,140,pruned_before,nan,0.000000e+00,0.000000e+00,0.0000,0.0000,0
84,features.17,141,pruned_before,nan,0.000000e+00,0.000000e+00,0.0000,0.0000,0
84,features.17,142,pruned_before,nan,0.000000e+00,0.000000e+00,0.0000,0.0000,0
84,features.17,143,pruned_before,nan,0.000000e+00,0.000000e+00,0.0000,0.0000,0
84,features.17,144,active,0.034653,3.518668e-07,5.408104e-07,0.4158,0.4851,489
84,features.17,145,pruned_before,nan,0.000000e+00,0.000000e+00,0.0000,0.0000,0
84,features.17,146,pruned_before,nan,0.000000e+00,0.000000e+00,0.0000,0.0000,0
84,features.17,147,pruned_before,nan,0.000000e+00,0.000000e+00,0.0000,0.0000,0
84,features.17,148,pruned_before,nan,0.000000e+00,0.000000e+00,0.0000,0.0000,0
84,features.17,149,pruned_before,nan,0.000000e+00,0.000000e+00,0.0000,0.0000,0
84,features.17,150,pruned_before,nan,0.000000e+00,0.000000e+00,0.0000,0.0000,0
84,features.17,151,pruned_before,nan,0.000000e+00,0.000000e+00,0.0000,0.0000,0
84,features.17,152,pruned_before,nan,0.000000e+00,0.000000e+00,0.0000,0.0000,0
84,features.17,153,pruned_before,nan,0.000000e+00,0.000000e+00,0.0000,0.0000,0
84,features.17,154,pruned_before,nan,0.000000e+00,0.000000e+00,0.0000,0.0000,0
84,features.17,155,pruned_before,nan,0.000000e+00,0.000000e+00,0.0000,0.0000,0
84,features.17,156,pruned_before,nan,0.000000e+00,0.000000e+00,0.0000,0.0000,0
84,features.17,157,pruned_before,nan,0.000000e+00,0.000000e+00,0.0000,0.0000,0
84,features.17,158,pruned_before,nan,0.000000e+00,0.000000e+00,0.0000,0.0000,0
84,features.17,159,active,0.014851,8.080361e-07,9.573902e-07,0.6634,0.6931,489
84,features.17,160,pruned_before,nan,0.000000e+00,0.000000e+00,0.0000,0.0000,0
84,features.17,161,pruned_before,nan,0.000000e+00,0.000000e+00,0.0000,0.0000,0
84,features.17,162,pruned_before,nan,0.000000e+00,0.000000e+00,0.0000,0.0000,0
84,features.17,163,active,0.017327,6.036701e-08,9.459494e-08,0.0644,0.0990,489
84,features.17,164,pruned_before,nan,0.000000e+00,0.000000e+00,0.0000,0.0000,0
84,features.17,165,pruned_before,nan,0.000000e+00,0.000000e+00,0.0000,0.0000,0
84,features.17,166,pruned_before,nan,0.000000e+00,0.000000e+00,0.0000,0.0000,0
84,features.17,167,pruned_before,nan,0.000000e+00,0.000000e+00,0.0000,0.0000,0
84,features.17,168,pruned_before,nan,0.000000e+00,0.000000e+00,0.0000,0.0000,0
84,features.17,169,pruned_before,nan,0.000000e+00,0.000000e+00,0.0000,0.0000,0
84,features.17,170,pruned_before,nan,0.000000e+00,0.000000e+00,0.0000,0.0000,0
84,features.17,171,active,-0.027228,2.673324e-07,2.738780e-07,0.3366,0.2822,489
84,features.17,172,pruned_before,nan,0.000000e+00,0.000000e+00,0.0000,0.0000,0
84,features.17,173,active,-0.064356,6.043031e-07,5.310045e-07,0.6089,0.4802,489
84,features.17,174,pruned_before,nan,0.000000e+00,0.000000e+00,0.0000,0.0000,0
84,features.17,175,active,-0.054455,7.142739e-07,5.906804e-07,0.6337,0.5248,489
84,features.17,176,pruned_before,nan,0.000000e+00,0.000000e+00,0.0000,0.0000,0
84,features.17,177,pruned_before,nan,0.000000e+00,0.000000e+00,0.0000,0.0000,0
84,features.17,178,pruned_before,nan,0.000000e+00,0.000000e+00,0.0000,0.0000,0
84,features.17,179,pruned_before,nan,0.000000e+00,0.000000e+00,0.0000,0.0000,0
84,features.17,180,pruned_before,nan,0.000000e+00,0.000000e+00,0.0000,0.0000,0
84,features.17,181,active,-0.099010,2.098252e-06,9.788421e-07,0.8960,0.6980,489
84,features.17,182,pruned_before,nan,0.000000e+00,0.000000e+00,0.0000,0.0000,0
84,features.17,183,pruned_before,nan,0.000000e+00,0.000000e+00,0.0000,0.0000,0
84,features.17,184,pruned_before,nan,0.000000e+00,0.000000e+00,0.0000,0.0000,0
84,features.17,185,pruned_before,nan,0.000000e+00,0.000000e+00,0.0000,0.0000,0
84,features.17,186,pruned_before,nan,0.000000e+00,0.000000e+00,0.0000,0.0000,0
84,features.17,187,active,0.047030,6.644073e-08,1.310054e-07,0.0743,0.1683,489
84,features.17,188,active,0.150990,3.047877e-07,8.944205e-07,0.3614,0.6634,489
84,features.17,189,pruned_before,nan,0.000000e+00,0.000000e+00,0.0000,0.0000,0
84,features.17,190,pruned_before,nan,0.000000e+00,0.000000e+00,0.0000,0.0000,0
84,features.17,191,pruned_before,nan,0.000000e+00,0.000000e+00,0.0000,0.0000,0
84,features.17,192,pruned_before,nan,0.000000e+00,0.000000e+00,0.0000,0.0000,0
84,features.17,193,pruned_before,nan,0.000000e+00,0.000000e+00,0.0000,0.0000,0
84,features.17,194,pruned_before,nan,0.000000e+00,0.000000e+00,0.0000,0.0000,0
84,features.17,195,pruned_before,nan,0.000000e+00,0.000000e+00,0.0000,0.0000,0
84,features.17,196,pruned_before,nan,0.000000e+00,0.000000e+00,0.0000,0.0000,0
84,features.17,197,pruned_before,nan,0.000000e+00,0.000000e+00,0.0000,0.0000,0
84,features.17,198,pruned_before,nan,0.000000e+00,0.000000e+00,0.0000,0.0000,0
84,features.17,199,active,0.183168,5.105329e-07,2.219531e-06,0.5396,0.9059,489
84,features.17,200,active,0.042079,1.390334e-06,2.451580e-06,0.8267,0.9109,489
84,features.17,201,pruned_before,nan,0.000000e+00,0.000000e+00,0.0000,0.0000,0
84,features.17,202,active,-0.019802,9.981104e-08,7.792256e-08,0.1188,0.0792,489
84,features.17,203,pruned_before,nan,0.000000e+00,0.000000e+00,0.0000,0.0000,0
84,features.17,204,pruned_before,nan,0.000000e+00,0.000000e+00,0.0000,0.0000,0
84,features.17,205,pruned_before,nan,0.000000e+00,0.000000e+00,0.0000,0.0000,0
84,features.17,206,active,-0.039604,8.927836e-08,4.059518e-08,0.1139,0.0347,489
84,features.17,207,pruned_before,nan,0.000000e+00,0.000000e+00,0.0000,0.0000,0
84,features.17,208,active,0.069307,8.527190e-07,1.504330e-06,0.6832,0.8218,489
84,features.17,209,pruned_before,nan,0.000000e+00,0.000000e+00,0.0000,0.0000,0
84,features.17,210,pruned_before,nan,0.000000e+00,0.000000e+00,0.0000,0.0000,0
84,features.17,211,pruned_before,nan,0.000000e+00,0.000000e+00,0.0000,0.0000,0
84,features.17,212,pruned_before,nan,0.000000e+00,0.000000e+00,0.0000,0.0000,0
84,features.17,213,pruned_before,nan,0.000000e+00,0.000000e+00,0.0000,0.0000,0
84,features.17,214,active,0.014851,1.534495e-07,1.977064e-07,0.1832,0.2129,489
84,features.17,215,pruned_before,nan,0.000000e+00,0.000000e+00,0.0000,0.0000,0
84,features.17,216,pruned_before,nan,0.000000e+00,0.000000e+00,0.0000,0.0000,0
84,features.17,217,pruned_before,nan,0.000000e+00,0.000000e+00,0.0000,0.0000,0
84,features.17,218,pruned_before,nan,0.000000e+00,0.000000e+00,0.0000,0.0000,0
84,features.17,219,active,-0.009901,3.539893e-08,2.789615e-08,0.0347,0.0149,489
84,features.17,220,pruned_before,nan,0.000000e+00,0.000000e+00,0.0000,0.0000,0
84,features.17,221,active,0.069307,7.634097e-08,2.043529e-07,0.0941,0.2327,489
84,features.17,222,pruned_before,nan,0.000000e+00,0.000000e+00,0.0000,0.0000,0
84,features.17,223,pruned_before,nan,0.000000e+00,0.000000e+00,0.0000,0.0000,0
84,features.17,224,pruned_before,nan,0.000000e+00,0.000000e+00,0.0000,0.0000,0
84,features.17,225,pruned_before,nan,0.000000e+00,0.000000e+00,0.0000,0.0000,0
84,features.17,226,pruned_before,nan,0.000000e+00,0.000000e+00,0.0000,0.0000,0
84,features.17,227,active,-0.066832,8.963543e-07,6.717647e-07,0.7030,0.5693,489
84,features.17,228,pruned_before,nan,0.000000e+00,0.000000e+00,0.0000,0.0000,0
84,features.17,229,active,-0.081683,1.046938e-06,6.780139e-07,0.7376,0.5743,489
84,features.17,230,pruned_before,nan,0.000000e+00,0.000000e+00,0.0000,0.0000,0
84,features.17,231,pruned_before,nan,0.000000e+00,0.000000e+00,0.0000,0.0000,0
84,features.17,232,pruned_before,nan,0.000000e+00,0.000000e+00,0.0000,0.0000,0
84,features.17,233,pruned_before,nan,0.000000e+00,0.000000e+00,0.0000,0.0000,0
84,features.17,234,pruned_before,nan,0.000000e+00,0.000000e+00,0.0000,0.0000,0
84,features.17,235,pruned_before,nan,0.000000e+00,0.000000e+00,0.0000,0.0000,0
84,features.17,236,pruned_before,nan,0.000000e+00,0.000000e+00,0.0000,0.0000,0
84,features.17,237,pruned_before,nan,0.000000e+00,0.000000e+00,0.0000,0.0000,0
84,features.17,238,active,-0.014851,1.100447e-07,9.826752e-08,0.1386,0.1089,489
84,features.17,239,active,-0.027228,1.253107e-07,9.674732e-08,0.1584,0.1040,489
84,features.17,240,pruned_before,nan,0.000000e+00,0.000000e+00,0.0000,0.0000,0
84,features.17,241,active,0.019802,3.479248e-06,3.468680e-06,0.9406,0.9802,489
84,features.17,242,pruned_before,nan,0.000000e+00,0.000000e+00,0.0000,0.0000,0
84,features.17,243,pruned_before,nan,0.000000e+00,0.000000e+00,0.0000,0.0000,0
84,features.17,244,pruned_before,nan,0.000000e+00,0.000000e+00,0.0000,0.0000,0
84,features.17,245,pruned_before,nan,0.000000e+00,0.000000e+00,0.0000,0.0000,0
84,features.17,246,active,-0.027228,1.257379e-06,1.212902e-06,0.8218,0.7673,489
84,features.17,247,active,0.047030,2.609985e-07,4.435508e-07,0.3317,0.4257,489
84,features.17,248,pruned_before,nan,0.000000e+00,0.000000e+00,0.0000,0.0000,0
84,features.17,249,pruned_before,nan,0.000000e+00,0.000000e+00,0.0000,0.0000,0
84,features.17,250,pruned_before,nan,0.000000e+00,0.000000e+00,0.0000,0.0000,0
84,features.17,251,pruned_before,nan,0.000000e+00,0.000000e+00,0.0000,0.0000,0
84,features.17,252,pruned_before,nan,0.000000e+00,0.000000e+00,0.0000,0.0000,0
84,features.17,253,active,0.185644,1.777683e-07,7.450716e-07,0.2277,0.5990,489
84,features.17,254,active,-0.037129,6.966844e-08,2.777627e-08,0.0842,0.0099,489
84,features.17,255,active,-0.076733,1.042028e-06,7.262271e-07,0.7327,0.5792,489
84,features.17,256,pruned_before,nan,0.000000e+00,0.000000e+00,0.0000,0.0000,0
84,features.17,257,pruned_before,nan,0.000000e+00,0.000000e+00,0.0000,0.0000,0
84,features.17,258,pruned_before,nan,0.000000e+00,0.000000e+00,0.0000,0.0000,0
84,features.17,259,pruned_before,nan,0.000000e+00,0.000000e+00,0.0000,0.0000,0
84,features.17,260,pruned_before,nan,0.000000e+00,0.000000e+00,0.0000,0.0000,0
84,features.17,261,active,0.096535,1.039321e-08,1.794622e-07,0.0099,0.2030,489
84,features.17,262,active,-0.066832,4.426134e-07,3.889978e-07,0.4950,0.3614,489
84,features.17,263,pruned_before,nan,0.000000e+00,0.000000e+00,0.0000,0.0000,0
84,features.17,264,pruned_before,nan,0.000000e+00,0.000000e+00,0.0000,0.0000,0
84,features.17,265,pruned_before,nan,0.000000e+00,0.000000e+00,0.0000,0.0000,0
84,features.17,266,pruned_before,nan,0.000000e+00,0.000000e+00,0.0000,0.0000,0
84,features.17,267,active,-0.047030,3.957779e-06,1.720648e-06,0.9653,0.8713,489
84,features.17,268,active,-0.012376,1.487111e-07,1.218753e-07,0.1782,0.1535,489
84,features.17,269,pruned_before,nan,0.000000e+00,0.000000e+00,0.0000,0.0000,0
84,features.17,270,pruned_before,nan,0.000000e+00,0.000000e+00,0.0000,0.0000,0
84,features.17,271,pruned_before,nan,0.000000e+00,0.000000e+00,0.0000,0.0000,0
84,features.17,272,pruned_before,nan,0.000000e+00,0.000000e+00,0.0000,0.0000,0
84,features.17,273,pruned_before,nan,0.000000e+00,0.000000e+00,0.0000,0.0000,0
84,features.17,274,pruned_before,nan,0.000000e+00,0.000000e+00,0.0000,0.0000,0
84,features.17,275,pruned_before,nan,0.000000e+00,0.000000e+00,0.0000,0.0000,0
84,features.17,276,pruned_before,nan,0.000000e+00,0.000000e+00,0.0000,0.0000,0
84,features.17,277,active,-0.024752,2.703003e-06,1.624484e-06,0.9059,0.8564,489
84,features.17,278,pruned_before,nan,0.000000e+00,0.000000e+00,0.0000,0.0000,0
84,features.17,279,pruned_before,nan,0.000000e+00,0.000000e+00,0.0000,0.0000,0
84,features.17,280,pruned_before,nan,0.000000e+00,0.000000e+00,0.0000,0.0000,0
84,features.17,281,pruned_before,nan,0.000000e+00,0.000000e+00,0.0000,0.0000,0
84,features.17,282,active,0.034653,4.784322e-07,7.388759e-07,0.5198,0.5891,489
84,features.17,283,pruned_before,nan,0.000000e+00,0.000000e+00,0.0000,0.0000,0
84,features.17,284,active,-0.004950,2.017877e-06,1.847988e-06,0.8861,0.8762,489
84,features.17,285,pruned_before,nan,0.000000e+00,0.000000e+00,0.0000,0.0000,0
84,features.17,286,pruned_before,nan,0.000000e+00,0.000000e+00,0.0000,0.0000,0
84,features.17,287,active,0.014851,2.394387e-07,2.935402e-07,0.2921,0.3218,489
84,features.17,288,pruned_before,nan,0.000000e+00,0.000000e+00,0.0000,0.0000,0
84,features.17,289,pruned_before,nan,0.000000e+00,0.000000e+00,0.0000,0.0000,0
84,features.17,290,pruned_before,nan,0.000000e+00,0.000000e+00,0.0000,0.0000,0
84,features.17,291,pruned_before,nan,0.000000e+00,0.000000e+00,0.0000,0.0000,0
84,features.17,292,pruned_before,nan,0.000000e+00,0.000000e+00,0.0000,0.0000,0
84,features.17,293,pruned_before,nan,0.000000e+00,0.000000e+00,0.0000,0.0000,0
84,features.17,294,pruned_before,nan,0.000000e+00,0.000000e+00,0.0000,0.0000,0
84,features.17,295,pruned_before,nan,0.000000e+00,0.000000e+00,0.0000,0.0000,0
84,features.17,296,pruned_before,nan,0.000000e+00,0.000000e+00,0.0000,0.0000,0
84,features.17,297,pruned_before,nan,0.000000e+00,0.000000e+00,0.0000,0.0000,0
84,features.17,298,pruned_before,nan,0.000000e+00,0.000000e+00,0.0000,0.0000,0
84,features.17,299,pruned_before,nan,0.000000e+00,0.000000e+00,0.0000,0.0000,0
84,features.17,300,pruned_before,nan,0.000000e+00,0.000000e+00,0.0000,0.0000,0
84,features.17,301,pruned_before,nan,0.000000e+00,0.000000e+00,0.0000,0.0000,0
84,features.17,302,pruned_before,nan,0.000000e+00,0.000000e+00,0.0000,0.0000,0
84,features.17,303,pruned_before,nan,0.000000e+00,0.000000e+00,0.0000,0.0000,0
84,features.17,304,pruned_before,nan,0.000000e+00,0.000000e+00,0.0000,0.0000,0
84,features.17,305,active,-0.051980,4.971967e-07,4.508854e-07,0.5347,0.4307,489
84,features.17,306,pruned_before,nan,0.000000e+00,0.000000e+00,0.0000,0.0000,0
84,features.17,307,active,0.326733,1.557491e-07,1.582119e-06,0.1881,0.8416,489
84,features.17,308,active,0.007426,3.685187e-07,5.189067e-07,0.4505,0.4653,489
84,features.17,309,pruned_before,nan,0.000000e+00,0.000000e+00,0.0000,0.0000,0
84,features.17,310,pruned_before,nan,0.000000e+00,0.000000e+00,0.0000,0.0000,0
84,features.17,311,pruned_before,nan,0.000000e+00,0.000000e+00,0.0000,0.0000,0
84,features.17,312,pruned_before,nan,0.000000e+00,0.000000e+00,0.0000,0.0000,0
84,features.17,313,pruned_before,nan,0.000000e+00,0.000000e+00,0.0000,0.0000,0
84,features.17,314,pruned_before,nan,0.000000e+00,0.000000e+00,0.0000,0.0000,0
84,features.17,315,pruned_before,nan,0.000000e+00,0.000000e+00,0.0000,0.0000,0
84,features.17,316,pruned_before,nan,0.000000e+00,0.000000e+00,0.0000,0.0000,0
84,features.17,317,pruned_before,nan,0.000000e+00,0.000000e+00,0.0000,0.0000,0
84,features.17,318,active,0.047030,1.875413e-07,3.136728e-07,0.2327,0.3267,489
84,features.17,319,pruned_before,nan,0.000000e+00,0.000000e+00,0.0000,0.0000,0
84,features.17,320,pruned_before,nan,0.000000e+00,0.000000e+00,0.0000,0.0000,0
84,features.17,321,pruned_before,nan,0.000000e+00,0.000000e+00,0.0000,0.0000,0
84,features.17,322,pruned_before,nan,0.000000e+00,0.000000e+00,0.0000,0.0000,0
84,features.17,323,pruned_before,nan,0.000000e+00,0.000000e+00,0.0000,0.0000,0
84,features.17,324,active,0.126238,2.227915e-07,5.649525e-07,0.2574,0.5099,489
84,features.17,325,pruned_before,nan,0.000000e+00,0.000000e+00,0.0000,0.0000,0
84,features.17,326,active,-0.039604,2.011466e-06,1.433783e-06,0.8812,0.8020,489
84,features.17,327,pruned_before,nan,0.000000e+00,0.000000e+00,0.0000,0.0000,0
84,features.17,328,active,-0.007426,2.331143e-08,3.450159e-09,0.0198,0.0050,489
84,features.17,329,active,0.123762,1.398325e-07,4.385884e-07,0.1733,0.4208,489
84,features.17,330,pruned_before,nan,0.000000e+00,0.000000e+00,0.0000,0.0000,0
84,features.17,331,pruned_before,nan,0.000000e+00,0.000000e+00,0.0000,0.0000,0
84,features.17,332,pruned_before,nan,0.000000e+00,0.000000e+00,0.0000,0.0000,0
84,features.17,333,pruned_before,nan,0.000000e+00,0.000000e+00,0.0000,0.0000,0
84,features.17,334,pruned_before,nan,0.000000e+00,0.000000e+00,0.0000,0.0000,0
84,features.17,335,pruned_before,nan,0.000000e+00,0.000000e+00,0.0000,0.0000,0
84,features.17,336,pruned_before,nan,0.000000e+00,0.000000e+00,0.0000,0.0000,0
84,features.17,337,active,-0.017327,3.544137e-07,4.024262e-07,0.4208,0.3861,489
84,features.17,338,active,-0.049505,1.444311e-06,1.120969e-06,0.8416,0.7426,489
84,features.17,339,pruned_before,nan,0.000000e+00,0.000000e+00,0.0000,0.0000,0
84,features.17,340,pruned_now,-0.150990,7.501101e-07,3.505471e-07,0.6436,0.3416,489
84,features.17,341,pruned_before,nan,0.000000e+00,0.000000e+00,0.0000,0.0000,0
84,features.17,342,pruned_before,nan,0.000000e+00,0.000000e+00,0.0000,0.0000,0
84,features.17,343,pruned_before,nan,0.000000e+00,0.000000e+00,0.0000,0.0000,0
84,features.17,344,active,-0.004950,2.715509e-08,3.501926e-08,0.0297,0.0198,489
84,features.17,345,pruned_before,nan,0.000000e+00,0.000000e+00,0.0000,0.0000,0
84,features.17,346,active,0.032178,2.564017e-07,4.063046e-07,0.3267,0.3911,489
84,features.17,347,pruned_before,nan,0.000000e+00,0.000000e+00,0.0000,0.0000,0
84,features.17,348,pruned_before,nan,0.000000e+00,0.000000e+00,0.0000,0.0000,0
84,features.17,349,pruned_before,nan,0.000000e+00,0.000000e+00,0.0000,0.0000,0
84,features.17,350,pruned_before,nan,0.000000e+00,0.000000e+00,0.0000,0.0000,0
84,features.17,351,pruned_before,nan,0.000000e+00,0.000000e+00,0.0000,0.0000,0
84,features.17,352,pruned_before,nan,0.000000e+00,0.000000e+00,0.0000,0.0000,0
84,features.17,353,pruned_before,nan,0.000000e+00,0.000000e+00,0.0000,0.0000,0
84,features.17,354,pruned_before,nan,0.000000e+00,0.000000e+00,0.0000,0.0000,0
84,features.17,355,active,-0.079208,1.732516e-07,5.782042e-08,0.2129,0.0545,489
84,features.17,356,pruned_before,nan,0.000000e+00,0.000000e+00,0.0000,0.0000,0
84,features.17,357,pruned_before,nan,0.000000e+00,0.000000e+00,0.0000,0.0000,0
84,features.17,358,active,-0.049505,1.477505e-06,1.175308e-06,0.8515,0.7525,489
84,features.17,359,pruned_before,nan,0.000000e+00,0.000000e+00,0.0000,0.0000,0
84,features.17,360,pruned_before,nan,0.000000e+00,0.000000e+00,0.0000,0.0000,0
84,features.17,361,pruned_before,nan,0.000000e+00,0.000000e+00,0.0000,0.0000,0
84,features.17,362,pruned_before,nan,0.000000e+00,0.000000e+00,0.0000,0.0000,0
84,features.17,363,pruned_before,nan,0.000000e+00,0.000000e+00,0.0000,0.0000,0
84,features.17,364,pruned_before,nan,0.000000e+00,0.000000e+00,0.0000,0.0000,0
84,features.17,365,pruned_before,nan,0.000000e+00,0.000000e+00,0.0000,0.0000,0
84,features.17,366,active,-0.009901,3.242452e-07,3.954075e-07,0.3911,0.3713,489
84,features.17,367,pruned_before,nan,0.000000e+00,0.000000e+00,0.0000,0.0000,0
84,features.17,368,active,0.044554,6.180264e-07,1.031983e-06,0.6139,0.7030,489
84,features.17,369,pruned_before,nan,0.000000e+00,0.000000e+00,0.0000,0.0000,0
84,features.17,370,active,0.349010,2.144299e-07,2.903834e-06,0.2475,0.9455,489
84,features.17,371,pruned_before,nan,0.000000e+00,0.000000e+00,0.0000,0.0000,0
84,features.17,372,pruned_before,nan,0.000000e+00,0.000000e+00,0.0000,0.0000,0
84,features.17,373,pruned_before,nan,0.000000e+00,0.000000e+00,0.0000,0.0000,0
84,features.17,374,active,-0.099010,1.223005e-06,7.709767e-07,0.8119,0.6139,489
84,features.17,375,active,0.089109,3.670345e-07,8.022558e-07,0.4455,0.6238,489
84,features.17,376,pruned_before,nan,0.000000e+00,0.000000e+00,0.0000,0.0000,0
84,features.17,377,pruned_before,nan,0.000000e+00,0.000000e+00,0.0000,0.0000,0
84,features.17,378,pruned_before,nan,0.000000e+00,0.000000e+00,0.0000,0.0000,0
84,features.17,379,active,0.009901,1.676712e-07,2.024594e-07,0.2079,0.2277,489
84,features.17,380,pruned_before,nan,0.000000e+00,0.000000e+00,0.0000,0.0000,0
84,features.17,381,pruned_before,nan,0.000000e+00,0.000000e+00,0.0000,0.0000,0
84,features.17,382,active,-0.064356,7.834733e-07,5.941511e-07,0.6584,0.5297,489
84,features.17,383,pruned_before,nan,0.000000e+00,0.000000e+00,0.0000,0.0000,0
84,features.17,384,pruned_before,nan,0.000000e+00,0.000000e+00,0.0000,0.0000,0
84,features.17,385,pruned_before,nan,0.000000e+00,0.000000e+00,0.0000,0.0000,0
84,features.17,386,pruned_before,nan,0.000000e+00,0.000000e+00,0.0000,0.0000,0
84,features.17,387,pruned_before,nan,0.000000e+00,0.000000e+00,0.0000,0.0000,0
84,features.17,388,active,-0.081683,1.100851e-06,7.679936e-07,0.7723,0.6089,489
84,features.17,389,pruned_before,nan,0.000000e+00,0.000000e+00,0.0000,0.0000,0
84,features.17,390,pruned_before,nan,0.000000e+00,0.000000e+00,0.0000,0.0000,0
84,features.17,391,pruned_before,nan,0.000000e+00,0.000000e+00,0.0000,0.0000,0
84,features.17,392,pruned_before,nan,0.000000e+00,0.000000e+00,0.0000,0.0000,0
84,features.17,393,pruned_before,nan,0.000000e+00,0.000000e+00,0.0000,0.0000,0
84,features.17,394,active,-0.111386,1.088731e-06,6.168711e-07,0.7574,0.5347,489
84,features.17,395,active,0.004950,2.734152e-07,3.624186e-07,0.3416,0.3515,489
84,features.17,396,pruned_before,nan,0.000000e+00,0.000000e+00,0.0000,0.0000,0
84,features.17,397,active,-0.051980,1.753938e-07,1.004613e-07,0.2178,0.1139,489
84,features.17,398,pruned_before,nan,0.000000e+00,0.000000e+00,0.0000,0.0000,0
84,features.17,399,pruned_before,nan,0.000000e+00,0.000000e+00,0.0000,0.0000,0
84,features.17,400,pruned_before,nan,0.000000e+00,0.000000e+00,0.0000,0.0000,0
84,features.17,401,pruned_before,nan,0.000000e+00,0.000000e+00,0.0000,0.0000,0
84,features.17,402,pruned_before,nan,0.000000e+00,0.000000e+00,0.0000,0.0000,0
84,features.17,403,pruned_before,nan,0.000000e+00,0.000000e+00,0.0000,0.0000,0
84,features.17,404,pruned_before,nan,0.000000e+00,0.000000e+00,0.0000,0.0000,0
84,features.17,405,pruned_before,nan,0.000000e+00,0.000000e+00,0.0000,0.0000,0
84,features.17,406,pruned_before,nan,0.000000e+00,0.000000e+00,0.0000,0.0000,0
84,features.17,407,pruned_before,nan,0.000000e+00,0.000000e+00,0.0000,0.0000,0
84,features.17,408,active,0.148515,3.187657e-07,9.308624e-07,0.3812,0.6782,489
84,features.17,409,pruned_before,nan,0.000000e+00,0.000000e+00,0.0000,0.0000,0
84,features.17,410,pruned_before,nan,0.000000e+00,0.000000e+00,0.0000,0.0000,0
84,features.17,411,pruned_before,nan,0.000000e+00,0.000000e+00,0.0000,0.0000,0
84,features.17,412,pruned_before,nan,0.000000e+00,0.000000e+00,0.0000,0.0000,0
84,features.17,413,pruned_before,nan,0.000000e+00,0.000000e+00,0.0000,0.0000,0
84,features.17,414,pruned_before,nan,0.000000e+00,0.000000e+00,0.0000,0.0000,0
84,features.17,415,pruned_before,nan,0.000000e+00,0.000000e+00,0.0000,0.0000,0
84,features.17,416,pruned_before,nan,0.000000e+00,0.000000e+00,0.0000,0.0000,0
84,features.17,417,pruned_before,nan,0.000000e+00,0.000000e+00,0.0000,0.0000,0
84,features.17,418,pruned_before,nan,0.000000e+00,0.000000e+00,0.0000,0.0000,0
84,features.17,419,active,-0.034653,1.536466e-06,1.375152e-06,0.8663,0.7970,489
84,features.17,420,pruned_before,nan,0.000000e+00,0.000000e+00,0.0000,0.0000,0
84,features.17,421,pruned_before,nan,0.000000e+00,0.000000e+00,0.0000,0.0000,0
84,features.17,422,pruned_before,nan,0.000000e+00,0.000000e+00,0.0000,0.0000,0
84,features.17,423,pruned_before,nan,0.000000e+00,0.000000e+00,0.0000,0.0000,0
84,features.17,424,pruned_before,nan,0.000000e+00,0.000000e+00,0.0000,0.0000,0
84,features.17,425,pruned_before,nan,0.000000e+00,0.000000e+00,0.0000,0.0000,0
84,features.17,426,pruned_before,nan,0.000000e+00,0.000000e+00,0.0000,0.0000,0
84,features.17,427,active,0.024752,1.465964e-06,1.995203e-06,0.8465,0.8960,489
84,features.17,428,pruned_before,nan,0.000000e+00,0.000000e+00,0.0000,0.0000,0
84,features.17,429,pruned_before,nan,0.000000e+00,0.000000e+00,0.0000,0.0000,0
84,features.17,430,pruned_before,nan,0.000000e+00,0.000000e+00,0.0000,0.0000,0
84,features.17,431,pruned_before,nan,0.000000e+00,0.000000e+00,0.0000,0.0000,0
84,features.17,432,pruned_before,nan,0.000000e+00,0.000000e+00,0.0000,0.0000,0
84,features.17,433,active,0.032178,9.940201e-07,1.369967e-06,0.7277,0.7921,489
84,features.17,434,pruned_before,nan,0.000000e+00,0.000000e+00,0.0000,0.0000,0
84,features.17,435,active,-0.066832,2.364927e-07,1.216000e-07,0.2822,0.1485,489
84,features.17,436,pruned_before,nan,0.000000e+00,0.000000e+00,0.0000,0.0000,0
84,features.17,437,pruned_before,nan,0.000000e+00,0.000000e+00,0.0000,0.0000,0
84,features.17,438,pruned_before,nan,0.000000e+00,0.000000e+00,0.0000,0.0000,0
84,features.17,439,active,0.000000,7.643786e-07,8.557124e-07,0.6485,0.6485,489
84,features.17,440,pruned_before,nan,0.000000e+00,0.000000e+00,0.0000,0.0000,0
84,features.17,441,active,0.084158,3.135701e-07,6.244175e-07,0.3713,0.5396,489
84,features.17,442,pruned_before,nan,0.000000e+00,0.000000e+00,0.0000,0.0000,0
84,features.17,443,pruned_before,nan,0.000000e+00,0.000000e+00,0.0000,0.0000,0
84,features.17,444,pruned_before,nan,0.000000e+00,0.000000e+00,0.0000,0.0000,0
84,features.17,445,pruned_before,nan,0.000000e+00,0.000000e+00,0.0000,0.0000,0
84,features.17,446,active,-0.081683,3.727999e-06,1.358902e-06,0.9505,0.7871,489
84,features.17,447,pruned_before,nan,0.000000e+00,0.000000e+00,0.0000,0.0000,0
84,features.17,448,pruned_before,nan,0.000000e+00,0.000000e+00,0.0000,0.0000,0
84,features.17,449,pruned_before,nan,0.000000e+00,0.000000e+00,0.0000,0.0000,0
84,features.17,450,pruned_before,nan,0.000000e+00,0.000000e+00,0.0000,0.0000,0
84,features.17,451,pruned_before,nan,0.000000e+00,0.000000e+00,0.0000,0.0000,0
84,features.17,452,pruned_before,nan,0.000000e+00,0.000000e+00,0.0000,0.0000,0
84,features.17,453,pruned_before,nan,0.000000e+00,0.000000e+00,0.0000,0.0000,0
84,features.17,454,active,-0.081683,4.445043e-06,1.451294e-06,0.9752,0.8119,489
84,features.17,455,pruned_before,nan,0.000000e+00,0.000000e+00,0.0000,0.0000,0
84,features.17,456,pruned_before,nan,0.000000e+00,0.000000e+00,0.0000,0.0000,0
84,features.17,457,pruned_before,nan,0.000000e+00,0.000000e+00,0.0000,0.0000,0
84,features.17,458,pruned_before,nan,0.000000e+00,0.000000e+00,0.0000,0.0000,0
84,features.17,459,pruned_before,nan,0.000000e+00,0.000000e+00,0.0000,0.0000,0
84,features.17,460,pruned_before,nan,0.000000e+00,0.000000e+00,0.0000,0.0000,0
84,features.17,461,pruned_before,nan,0.000000e+00,0.000000e+00,0.0000,0.0000,0
84,features.17,462,pruned_before,nan,0.000000e+00,0.000000e+00,0.0000,0.0000,0
84,features.17,463,active,-0.022277,3.066063e-06,1.927183e-06,0.9257,0.8812,489
84,features.17,464,pruned_before,nan,0.000000e+00,0.000000e+00,0.0000,0.0000,0
84,features.17,465,active,-0.034653,7.705776e-08,3.889272e-08,0.0990,0.0297,489
84,features.17,466,pruned_before,nan,0.000000e+00,0.000000e+00,0.0000,0.0000,0
84,features.17,467,pruned_before,nan,0.000000e+00,0.000000e+00,0.0000,0.0000,0
84,features.17,468,pruned_before,nan,0.000000e+00,0.000000e+00,0.0000,0.0000,0
84,features.17,469,pruned_before,nan,0.000000e+00,0.000000e+00,0.0000,0.0000,0
84,features.17,470,pruned_before,nan,0.000000e+00,0.000000e+00,0.0000,0.0000,0
84,features.17,471,pruned_before,nan,0.000000e+00,0.000000e+00,0.0000,0.0000,0
84,features.17,472,pruned_before,nan,0.000000e+00,0.000000e+00,0.0000,0.0000,0
84,features.17,473,active,-0.012376,1.091316e-06,1.119361e-06,0.7624,0.7376,489
84,features.17,474,pruned_before,nan,0.000000e+00,0.000000e+00,0.0000,0.0000,0
84,features.17,475,active,-0.017327,5.163352e-07,5.707985e-07,0.5495,0.5149,489
84,features.17,476,pruned_before,nan,0.000000e+00,0.000000e+00,0.0000,0.0000,0
84,features.17,477,pruned_before,nan,0.000000e+00,0.000000e+00,0.0000,0.0000,0
84,features.17,478,pruned_before,nan,0.000000e+00,0.000000e+00,0.0000,0.0000,0
84,features.17,479,pruned_before,nan,0.000000e+00,0.000000e+00,0.0000,0.0000,0
84,features.17,480,pruned_before,nan,0.000000e+00,0.000000e+00,0.0000,0.0000,0
84,features.17,481,active,-0.014852,3.917929e-06,2.626066e-06,0.9604,0.9307,489
84,features.17,482,pruned_before,nan,0.000000e+00,0.000000e+00,0.0000,0.0000,0
84,features.17,483,pruned_before,nan,0.000000e+00,0.000000e+00,0.0000,0.0000,0
84,features.17,484,pruned_before,nan,0.000000e+00,0.000000e+00,0.0000,0.0000,0
84,features.17,485,pruned_before,nan,0.000000e+00,0.000000e+00,0.0000,0.0000,0
84,features.17,486,pruned_before,nan,0.000000e+00,0.000000e+00,0.0000,0.0000,0
84,features.17,487,pruned_before,nan,0.000000e+00,0.000000e+00,0.0000,0.0000,0
84,features.17,488,pruned_before,nan,0.000000e+00,0.000000e+00,0.0000,0.0000,0
84,features.17,489,pruned_before,nan,0.000000e+00,0.000000e+00,0.0000,0.0000,0
84,features.17,490,pruned_before,nan,0.000000e+00,0.000000e+00,0.0000,0.0000,0
84,features.17,491,pruned_before,nan,0.000000e+00,0.000000e+00,0.0000,0.0000,0
84,features.17,492,pruned_before,nan,0.000000e+00,0.000000e+00,0.0000,0.0000,0
84,features.17,493,active,-0.106436,8.117602e-07,4.816755e-07,0.6683,0.4554,489
84,features.17,494,pruned_before,nan,0.000000e+00,0.000000e+00,0.0000,0.0000,0
84,features.17,495,pruned_before,nan,0.000000e+00,0.000000e+00,0.0000,0.0000,0
84,features.17,496,pruned_now,-0.143564,8.692460e-07,4.115472e-07,0.6881,0.4010,489
84,features.17,497,pruned_before,nan,0.000000e+00,0.000000e+00,0.0000,0.0000,0
84,features.17,498,active,0.044554,8.554779e-08,1.759482e-07,0.1089,0.1980,489
84,features.17,499,pruned_before,nan,0.000000e+00,0.000000e+00,0.0000,0.0000,0
84,features.17,500,active,0.034653,5.318590e-07,8.428624e-07,0.5693,0.6386,489
84,features.17,501,pruned_before,nan,0.000000e+00,0.000000e+00,0.0000,0.0000,0
84,features.17,502,pruned_before,nan,0.000000e+00,0.000000e+00,0.0000,0.0000,0
84,features.17,503,active,-0.066832,1.513293e-06,1.084200e-06,0.8564,0.7228,489
84,features.17,504,pruned_before,nan,0.000000e+00,0.000000e+00,0.0000,0.0000,0
84,features.17,505,active,0.089109,1.115895e-06,3.032990e-06,0.7822,0.9604,489
84,features.17,506,pruned_before,nan,0.000000e+00,0.000000e+00,0.0000,0.0000,0
84,features.17,507,pruned_before,nan,0.000000e+00,0.000000e+00,0.0000,0.0000,0
84,features.17,508,pruned_before,nan,0.000000e+00,0.000000e+00,0.0000,0.0000,0
84,features.17,509,pruned_before,nan,0.000000e+00,0.000000e+00,0.0000,0.0000,0
84,features.17,510,pruned_before,nan,0.000000e+00,0.000000e+00,0.0000,0.0000,0
84,features.17,511,pruned_before,nan,0.000000e+00,0.000000e+00,0.0000,0.0000,0
84,features.17,512,pruned_before,nan,0.000000e+00,0.000000e+00,0.0000,0.0000,0
84,features.17,513,pruned_before,nan,0.000000e+00,0.000000e+00,0.0000,0.0000,0
84,features.17,514,active,-0.009901,3.448280e-06,2.477285e-06,0.9356,0.9158,489
84,features.17,515,pruned_before,nan,0.000000e+00,0.000000e+00,0.0000,0.0000,0
84,features.17,516,pruned_before,nan,0.000000e+00,0.000000e+00,0.0000,0.0000,0
84,features.17,517,pruned_before,nan,0.000000e+00,0.000000e+00,0.0000,0.0000,0
84,features.17,518,pruned_before,nan,0.000000e+00,0.000000e+00,0.0000,0.0000,0
84,features.17,519,pruned_before,nan,0.000000e+00,0.000000e+00,0.0000,0.0000,0
84,features.17,520,pruned_before,nan,0.000000e+00,0.000000e+00,0.0000,0.0000,0
84,features.17,521,active,0.022277,2.379219e-07,3.306924e-07,0.2871,0.3317,489
84,features.17,522,active,0.225248,3.138063e-07,1.537874e-06,0.3762,0.8267,489
84,features.17,523,pruned_now,-0.136139,5.394103e-07,2.861127e-07,0.5842,0.3119,489
84,features.17,524,pruned_before,nan,0.000000e+00,0.000000e+00,0.0000,0.0000,0
84,features.17,525,pruned_before,nan,0.000000e+00,0.000000e+00,0.0000,0.0000,0
84,features.17,526,pruned_before,nan,0.000000e+00,0.000000e+00,0.0000,0.0000,0
84,features.17,527,pruned_before,nan,0.000000e+00,0.000000e+00,0.0000,0.0000,0
84,features.17,528,pruned_before,nan,0.000000e+00,0.000000e+00,0.0000,0.0000,0
84,features.17,529,pruned_before,nan,0.000000e+00,0.000000e+00,0.0000,0.0000,0
84,features.17,530,pruned_now,-0.185644,4.304323e-07,1.066519e-07,0.4901,0.1188,489
84,features.17,531,pruned_before,nan,0.000000e+00,0.000000e+00,0.0000,0.0000,0
84,features.17,532,pruned_before,nan,0.000000e+00,0.000000e+00,0.0000,0.0000,0
84,features.17,533,pruned_before,nan,0.000000e+00,0.000000e+00,0.0000,0.0000,0
84,features.17,534,pruned_before,nan,0.000000e+00,0.000000e+00,0.0000,0.0000,0
84,features.17,535,pruned_before,nan,0.000000e+00,0.000000e+00,0.0000,0.0000,0
84,features.17,536,pruned_before,nan,0.000000e+00,0.000000e+00,0.0000,0.0000,0
84,features.17,537,pruned_before,nan,0.000000e+00,0.000000e+00,0.0000,0.0000,0
84,features.17,538,pruned_before,nan,0.000000e+00,0.000000e+00,0.0000,0.0000,0
84,features.17,539,pruned_before,nan,0.000000e+00,0.000000e+00,0.0000,0.0000,0
84,features.17,540,pruned_before,nan,0.000000e+00,0.000000e+00,0.0000,0.0000,0
84,features.17,541,active,-0.009901,3.822015e-06,2.750095e-06,0.9554,0.9356,489
84,features.17,542,pruned_before,nan,0.000000e+00,0.000000e+00,0.0000,0.0000,0
84,features.17,543,pruned_before,nan,0.000000e+00,0.000000e+00,0.0000,0.0000,0
84,features.17,544,pruned_before,nan,0.000000e+00,0.000000e+00,0.0000,0.0000,0
84,features.17,545,pruned_before,nan,0.000000e+00,0.000000e+00,0.0000,0.0000,0
84,features.17,546,active,-0.126238,9.625172e-07,5.209181e-07,0.7228,0.4703,489
84,features.17,547,pruned_before,nan,0.000000e+00,0.000000e+00,0.0000,0.0000,0
84,features.17,548,pruned_before,nan,0.000000e+00,0.000000e+00,0.0000,0.0000,0
84,features.17,549,active,-0.128713,8.809688e-07,4.585331e-07,0.6931,0.4356,489
84,features.17,550,pruned_before,nan,0.000000e+00,0.000000e+00,0.0000,0.0000,0
84,features.17,551,active,0.029703,3.327317e-06,4.343848e-06,0.9307,0.9901,489
84,features.17,552,pruned_before,nan,0.000000e+00,0.000000e+00,0.0000,0.0000,0
84,features.17,553,pruned_before,nan,0.000000e+00,0.000000e+00,0.0000,0.0000,0
84,features.17,554,pruned_before,nan,0.000000e+00,0.000000e+00,0.0000,0.0000,0
84,features.17,555,pruned_before,nan,0.000000e+00,0.000000e+00,0.0000,0.0000,0
84,features.17,556,pruned_before,nan,0.000000e+00,0.000000e+00,0.0000,0.0000,0
84,features.17,557,pruned_before,nan,0.000000e+00,0.000000e+00,0.0000,0.0000,0
84,features.17,558,pruned_before,nan,0.000000e+00,0.000000e+00,0.0000,0.0000,0
84,features.17,559,pruned_before,nan,0.000000e+00,0.000000e+00,0.0000,0.0000,0
84,features.17,560,pruned_before,nan,0.000000e+00,0.000000e+00,0.0000,0.0000,0
84,features.17,561,active,-0.076733,5.795999e-07,4.669695e-07,0.5990,0.4455,489
84,features.17,562,pruned_before,nan,0.000000e+00,0.000000e+00,0.0000,0.0000,0
84,features.17,563,pruned_before,nan,0.000000e+00,0.000000e+00,0.0000,0.0000,0
84,features.17,564,pruned_before,nan,0.000000e+00,0.000000e+00,0.0000,0.0000,0
84,features.17,565,pruned_before,nan,0.000000e+00,0.000000e+00,0.0000,0.0000,0
84,features.17,566,pruned_before,nan,0.000000e+00,0.000000e+00,0.0000,0.0000,0
84,features.17,567,pruned_before,nan,0.000000e+00,0.000000e+00,0.0000,0.0000,0
84,features.17,568,pruned_before,nan,0.000000e+00,0.000000e+00,0.0000,0.0000,0
84,features.17,569,pruned_before,nan,0.000000e+00,0.000000e+00,0.0000,0.0000,0
84,features.17,570,pruned_before,nan,0.000000e+00,0.000000e+00,0.0000,0.0000,0
84,features.17,571,pruned_before,nan,0.000000e+00,0.000000e+00,0.0000,0.0000,0
84,features.17,572,pruned_before,nan,0.000000e+00,0.000000e+00,0.0000,0.0000,0
84,features.17,573,pruned_before,nan,0.000000e+00,0.000000e+00,0.0000,0.0000,0
84,features.17,574,active,-0.084158,9.478617e-07,6.492820e-07,0.7178,0.5495,489
84,features.17,575,pruned_before,nan,0.000000e+00,0.000000e+00,0.0000,0.0000,0
84,features.17,576,active,0.262376,1.666734e-07,1.093623e-06,0.2030,0.7277,489
84,features.17,577,pruned_before,nan,0.000000e+00,0.000000e+00,0.0000,0.0000,0
84,features.17,578,active,0.009901,4.138118e-07,5.599625e-07,0.4802,0.5000,489
84,features.17,579,pruned_before,nan,0.000000e+00,0.000000e+00,0.0000,0.0000,0
84,features.17,580,pruned_before,nan,0.000000e+00,0.000000e+00,0.0000,0.0000,0
84,features.17,581,pruned_before,nan,0.000000e+00,0.000000e+00,0.0000,0.0000,0
84,features.17,582,active,-0.032178,1.993899e-07,1.375573e-07,0.2376,0.1733,489
84,features.17,583,pruned_before,nan,0.000000e+00,0.000000e+00,0.0000,0.0000,0
84,features.17,584,pruned_before,nan,0.000000e+00,0.000000e+00,0.0000,0.0000,0
84,features.17,585,pruned_before,nan,0.000000e+00,0.000000e+00,0.0000,0.0000,0
84,features.17,586,active,-0.061881,3.208336e-07,2.497301e-07,0.3861,0.2624,489
84,features.17,587,active,-0.027228,1.562960e-06,1.492085e-06,0.8713,0.8168,489
84,features.17,588,pruned_before,nan,0.000000e+00,0.000000e+00,0.0000,0.0000,0
84,features.17,589,active,0.019802,3.501296e-07,4.774168e-07,0.4109,0.4505,489
84,features.17,590,pruned_before,nan,0.000000e+00,0.000000e+00,0.0000,0.0000,0
84,features.17,591,active,-0.123762,5.147575e-07,2.763002e-07,0.5446,0.2970,489
84,features.17,592,pruned_before,nan,0.000000e+00,0.000000e+00,0.0000,0.0000,0
84,features.17,593,pruned_before,nan,0.000000e+00,0.000000e+00,0.0000,0.0000,0
84,features.17,594,pruned_before,nan,0.000000e+00,0.000000e+00,0.0000,0.0000,0
84,features.17,595,pruned_before,nan,0.000000e+00,0.000000e+00,0.0000,0.0000,0
84,features.17,596,pruned_before,nan,0.000000e+00,0.000000e+00,0.0000,0.0000,0
84,features.17,597,pruned_before,nan,0.000000e+00,0.000000e+00,0.0000,0.0000,0
84,features.17,598,pruned_before,nan,0.000000e+00,0.000000e+00,0.0000,0.0000,0
84,features.17,599,pruned_before,nan,0.000000e+00,0.000000e+00,0.0000,0.0000,0
84,features.17,600,pruned_before,nan,0.000000e+00,0.000000e+00,0.0000,0.0000,0
84,features.17,601,pruned_before,nan,0.000000e+00,0.000000e+00,0.0000,0.0000,0
84,features.17,602,active,-0.029703,2.781628e-06,1.620283e-06,0.9109,0.8515,489
84,features.17,603,pruned_before,nan,0.000000e+00,0.000000e+00,0.0000,0.0000,0
84,features.17,604,pruned_before,nan,0.000000e+00,0.000000e+00,0.0000,0.0000,0
84,features.17,605,pruned_before,nan,0.000000e+00,0.000000e+00,0.0000,0.0000,0
84,features.17,606,active,0.111386,3.569922e-07,8.577269e-07,0.4307,0.6535,489
84,features.17,607,pruned_before,nan,0.000000e+00,0.000000e+00,0.0000,0.0000,0
84,features.17,608,pruned_before,nan,0.000000e+00,0.000000e+00,0.0000,0.0000,0
84,features.17,609,active,-0.099010,7.259264e-07,4.657054e-07,0.6386,0.4406,489
84,features.17,610,pruned_before,nan,0.000000e+00,0.000000e+00,0.0000,0.0000,0
84,features.17,611,pruned_before,nan,0.000000e+00,0.000000e+00,0.0000,0.0000,0
84,features.17,612,pruned_before,nan,0.000000e+00,0.000000e+00,0.0000,0.0000,0
84,features.17,613,pruned_before,nan,0.000000e+00,0.000000e+00,0.0000,0.0000,0
84,features.17,614,pruned_before,nan,0.000000e+00,0.000000e+00,0.0000,0.0000,0
84,features.17,615,pruned_before,nan,0.000000e+00,0.000000e+00,0.0000,0.0000,0
84,features.17,616,pruned_before,nan,0.000000e+00,0.000000e+00,0.0000,0.0000,0
84,features.17,617,pruned_before,nan,0.000000e+00,0.000000e+00,0.0000,0.0000,0
84,features.17,618,pruned_before,nan,0.000000e+00,0.000000e+00,0.0000,0.0000,0
84,features.17,619,active,0.136139,6.841876e-07,1.977712e-06,0.6188,0.8911,489
84,features.17,620,pruned_before,nan,0.000000e+00,0.000000e+00,0.0000,0.0000,0
84,features.17,621,pruned_before,nan,0.000000e+00,0.000000e+00,0.0000,0.0000,0
84,features.17,622,pruned_before,nan,0.000000e+00,0.000000e+00,0.0000,0.0000,0
84,features.17,623,pruned_before,nan,0.000000e+00,0.000000e+00,0.0000,0.0000,0
84,features.17,624,pruned_before,nan,0.000000e+00,0.000000e+00,0.0000,0.0000,0
84,features.17,625,protected,0.027228,3.573260e-06,9.011280e-06,0.9455,1.0000,489
84,features.17,626,active,-0.111386,3.925070e-07,2.205654e-07,0.4653,0.2426,489
84,features.17,627,pruned_before,nan,0.000000e+00,0.000000e+00,0.0000,0.0000,0
84,features.17,628,pruned_before,nan,0.000000e+00,0.000000e+00,0.0000,0.0000,0
84,features.17,629,active,-0.121287,2.422389e-07,6.961181e-08,0.3069,0.0644,489
84,features.17,630,pruned_before,nan,0.000000e+00,0.000000e+00,0.0000,0.0000,0
84,features.17,631,pruned_before,nan,0.000000e+00,0.000000e+00,0.0000,0.0000,0
84,features.17,632,pruned_before,nan,0.000000e+00,0.000000e+00,0.0000,0.0000,0
84,features.17,633,pruned_before,nan,0.000000e+00,0.000000e+00,0.0000,0.0000,0
84,features.17,634,pruned_before,nan,0.000000e+00,0.000000e+00,0.0000,0.0000,0
84,features.17,635,pruned_before,nan,0.000000e+00,0.000000e+00,0.0000,0.0000,0
84,features.17,636,pruned_before,nan,0.000000e+00,0.000000e+00,0.0000,0.0000,0
84,features.17,637,pruned_before,nan,0.000000e+00,0.000000e+00,0.0000,0.0000,0
84,features.17,638,pruned_before,nan,0.000000e+00,0.000000e+00,0.0000,0.0000,0
84,features.17,639,pruned_before,nan,0.000000e+00,0.000000e+00,0.0000,0.0000,0
84,features.17,640,pruned_before,nan,0.000000e+00,0.000000e+00,0.0000,0.0000,0
84,features.17,641,pruned_before,nan,0.000000e+00,0.000000e+00,0.0000,0.0000,0
84,features.17,642,active,-0.012376,6.305734e-08,5.257746e-08,0.0693,0.0446,489
84,features.17,643,pruned_before,nan,0.000000e+00,0.000000e+00,0.0000,0.0000,0
84,features.17,644,pruned_before,nan,0.000000e+00,0.000000e+00,0.0000,0.0000,0
84,features.17,645,pruned_before,nan,0.000000e+00,0.000000e+00,0.0000,0.0000,0
84,features.17,646,pruned_before,nan,0.000000e+00,0.000000e+00,0.0000,0.0000,0
84,features.17,647,pruned_before,nan,0.000000e+00,0.000000e+00,0.0000,0.0000,0
84,features.17,648,pruned_before,nan,0.000000e+00,0.000000e+00,0.0000,0.0000,0
84,features.17,649,pruned_before,nan,0.000000e+00,0.000000e+00,0.0000,0.0000,0
84,features.17,650,active,0.111386,4.294279e-07,1.053215e-06,0.4851,0.7079,489
84,features.17,651,pruned_before,nan,0.000000e+00,0.000000e+00,0.0000,0.0000,0
84,features.17,652,pruned_before,nan,0.000000e+00,0.000000e+00,0.0000,0.0000,0
84,features.17,653,pruned_before,nan,0.000000e+00,0.000000e+00,0.0000,0.0000,0
84,features.17,654,pruned_before,nan,0.000000e+00,0.000000e+00,0.0000,0.0000,0
84,features.17,655,active,-0.059406,2.440220e-07,1.654240e-07,0.3119,0.1931,489
84,features.17,656,active,0.118812,3.394523e-07,8.467710e-07,0.4059,0.6436,489
84,features.17,657,pruned_before,nan,0.000000e+00,0.000000e+00,0.0000,0.0000,0
84,features.17,658,pruned_before,nan,0.000000e+00,0.000000e+00,0.0000,0.0000,0
84,features.17,659,pruned_before,nan,0.000000e+00,0.000000e+00,0.0000,0.0000,0
84,features.17,660,pruned_before,nan,0.000000e+00,0.000000e+00,0.0000,0.0000,0
84,features.17,661,pruned_before,nan,0.000000e+00,0.000000e+00,0.0000,0.0000,0
84,features.17,662,pruned_before,nan,0.000000e+00,0.000000e+00,0.0000,0.0000,0
84,features.17,663,pruned_before,nan,0.000000e+00,0.000000e+00,0.0000,0.0000,0
84,features.17,664,pruned_before,nan,0.000000e+00,0.000000e+00,0.0000,0.0000,0
84,features.17,665,pruned_before,nan,0.000000e+00,0.000000e+00,0.0000,0.0000,0
84,features.17,666,pruned_before,nan,0.000000e+00,0.000000e+00,0.0000,0.0000,0
84,features.17,667,pruned_before,nan,0.000000e+00,0.000000e+00,0.0000,0.0000,0
84,features.17,668,pruned_before,nan,0.000000e+00,0.000000e+00,0.0000,0.0000,0
84,features.17,669,pruned_before,nan,0.000000e+00,0.000000e+00,0.0000,0.0000,0
84,features.17,670,active,0.126238,2.395933e-07,6.516850e-07,0.3020,0.5545,489
84,features.17,671,pruned_before,nan,0.000000e+00,0.000000e+00,0.0000,0.0000,0
84,features.17,672,pruned_before,nan,0.000000e+00,0.000000e+00,0.0000,0.0000,0
84,features.17,673,pruned_before,nan,0.000000e+00,0.000000e+00,0.0000,0.0000,0
84,features.17,674,pruned_before,nan,0.000000e+00,0.000000e+00,0.0000,0.0000,0
84,features.17,675,pruned_before,nan,0.000000e+00,0.000000e+00,0.0000,0.0000,0
84,features.17,676,pruned_before,nan,0.000000e+00,0.000000e+00,0.0000,0.0000,0
84,features.17,677,pruned_before,nan,0.000000e+00,0.000000e+00,0.0000,0.0000,0
84,features.17,678,pruned_before,nan,0.000000e+00,0.000000e+00,0.0000,0.0000,0
84,features.17,679,pruned_before,nan,0.000000e+00,0.000000e+00,0.0000,0.0000,0
84,features.17,680,pruned_before,nan,0.000000e+00,0.000000e+00,0.0000,0.0000,0
84,features.17,681,pruned_before,nan,0.000000e+00,0.000000e+00,0.0000,0.0000,0
84,features.17,682,pruned_before,nan,0.000000e+00,0.000000e+00,0.0000,0.0000,0
84,features.17,683,active,-0.123762,4.632215e-06,1.098013e-06,0.9802,0.7327,489
84,features.17,684,pruned_before,nan,0.000000e+00,0.000000e+00,0.0000,0.0000,0
84,features.17,685,pruned_before,nan,0.000000e+00,0.000000e+00,0.0000,0.0000,0
84,features.17,686,pruned_before,nan,0.000000e+00,0.000000e+00,0.0000,0.0000,0
84,features.17,687,pruned_before,nan,0.000000e+00,0.000000e+00,0.0000,0.0000,0
84,features.17,688,pruned_before,nan,0.000000e+00,0.000000e+00,0.0000,0.0000,0
84,features.17,689,active,-0.049505,1.377602e-07,7.184914e-08,0.1683,0.0693,489
84,features.17,690,pruned_before,nan,0.000000e+00,0.000000e+00,0.0000,0.0000,0
84,features.17,691,pruned_before,nan,0.000000e+00,0.000000e+00,0.0000,0.0000,0
84,features.17,692,pruned_before,nan,0.000000e+00,0.000000e+00,0.0000,0.0000,0
84,features.17,693,pruned_before,nan,0.000000e+00,0.000000e+00,0.0000,0.0000,0
84,features.17,694,pruned_before,nan,0.000000e+00,0.000000e+00,0.0000,0.0000,0
84,features.17,695,active,0.148515,5.999469e-07,2.145506e-06,0.6040,0.9010,489
84,features.17,696,pruned_before,nan,0.000000e+00,0.000000e+00,0.0000,0.0000,0
84,features.17,697,pruned_before,nan,0.000000e+00,0.000000e+00,0.0000,0.0000,0
84,features.17,698,active,-0.029703,1.089145e-07,7.284377e-08,0.1337,0.0743,489
84,features.17,699,pruned_before,nan,0.000000e+00,0.000000e+00,0.0000,0.0000,0
84,features.17,700,active,0.108911,5.818829e-08,2.738670e-07,0.0594,0.2772,489
84,features.17,701,pruned_before,nan,0.000000e+00,0.000000e+00,0.0000,0.0000,0
84,features.17,702,pruned_before,nan,0.000000e+00,0.000000e+00,0.0000,0.0000,0
84,features.17,703,pruned_before,nan,0.000000e+00,0.000000e+00,0.0000,0.0000,0
84,features.17,704,active,0.029703,6.965645e-08,1.181239e-07,0.0792,0.1386,489
84,features.17,705,active,-0.002475,5.777988e-06,4.007556e-06,0.9901,0.9851,489
84,features.17,706,active,0.027228,2.454301e-06,3.032507e-06,0.9010,0.9554,489
84,features.17,707,active,-0.081683,1.183980e-06,8.072844e-07,0.7970,0.6337,489
84,features.17,708,pruned_before,nan,0.000000e+00,0.000000e+00,0.0000,0.0000,0
84,features.17,709,pruned_before,nan,0.000000e+00,0.000000e+00,0.0000,0.0000,0
84,features.17,710,pruned_before,nan,0.000000e+00,0.000000e+00,0.0000,0.0000,0
84,features.17,711,pruned_before,nan,0.000000e+00,0.000000e+00,0.0000,0.0000,0
84,features.17,712,pruned_before,nan,0.000000e+00,0.000000e+00,0.0000,0.0000,0
84,features.17,713,pruned_before,nan,0.000000e+00,0.000000e+00,0.0000,0.0000,0
84,features.17,714,pruned_before,nan,0.000000e+00,0.000000e+00,0.0000,0.0000,0
84,features.17,715,active,-0.089109,1.441024e-06,8.609649e-07,0.8366,0.6584,489
84,features.17,716,pruned_before,nan,0.000000e+00,0.000000e+00,0.0000,0.0000,0
84,features.17,717,pruned_before,nan,0.000000e+00,0.000000e+00,0.0000,0.0000,0
84,features.17,718,pruned_before,nan,0.000000e+00,0.000000e+00,0.0000,0.0000,0
84,features.17,719,pruned_before,nan,0.000000e+00,0.000000e+00,0.0000,0.0000,0
84,features.17,720,pruned_before,nan,0.000000e+00,0.000000e+00,0.0000,0.0000,0
84,features.17,721,pruned_before,nan,0.000000e+00,0.000000e+00,0.0000,0.0000,0
84,features.17,722,pruned_before,nan,0.000000e+00,0.000000e+00,0.0000,0.0000,0
84,features.17,723,pruned_before,nan,0.000000e+00,0.000000e+00,0.0000,0.0000,0
84,features.17,724,pruned_before,nan,0.000000e+00,0.000000e+00,0.0000,0.0000,0
84,features.17,725,pruned_before,nan,0.000000e+00,0.000000e+00,0.0000,0.0000,0
84,features.17,726,pruned_before,nan,0.000000e+00,0.000000e+00,0.0000,0.0000,0
84,features.17,727,pruned_before,nan,0.000000e+00,0.000000e+00,0.0000,0.0000,0
84,features.17,728,active,-0.012376,1.525758e-06,1.560652e-06,0.8614,0.8366,489
84,features.17,729,pruned_before,nan,0.000000e+00,0.000000e+00,0.0000,0.0000,0
84,features.17,730,pruned_before,nan,0.000000e+00,0.000000e+00,0.0000,0.0000,0
84,features.17,731,pruned_before,nan,0.000000e+00,0.000000e+00,0.0000,0.0000,0
84,features.17,732,pruned_before,nan,0.000000e+00,0.000000e+00,0.0000,0.0000,0
84,features.17,733,pruned_before,nan,0.000000e+00,0.000000e+00,0.0000,0.0000,0
84,features.17,734,pruned_before,nan,0.000000e+00,0.000000e+00,0.0000,0.0000,0
84,features.17,735,pruned_before,nan,0.000000e+00,0.000000e+00,0.0000,0.0000,0
84,features.17,736,pruned_before,nan,0.000000e+00,0.000000e+00,0.0000,0.0000,0
84,features.17,737,pruned_before,nan,0.000000e+00,0.000000e+00,0.0000,0.0000,0
84,features.17,738,pruned_before,nan,0.000000e+00,0.000000e+00,0.0000,0.0000,0
84,features.17,739,pruned_before,nan,0.000000e+00,0.000000e+00,0.0000,0.0000,0
84,features.17,740,active,0.118812,7.075764e-07,1.704680e-06,0.6287,0.8663,489
84,features.17,741,pruned_before,nan,0.000000e+00,0.000000e+00,0.0000,0.0000,0
84,features.17,742,pruned_before,nan,0.000000e+00,0.000000e+00,0.0000,0.0000,0
84,features.17,743,pruned_before,nan,0.000000e+00,0.000000e+00,0.0000,0.0000,0
84,features.17,744,pruned_before,nan,0.000000e+00,0.000000e+00,0.0000,0.0000,0
84,features.17,745,pruned_before,nan,0.000000e+00,0.000000e+00,0.0000,0.0000,0
84,features.17,746,pruned_before,nan,0.000000e+00,0.000000e+00,0.0000,0.0000,0
84,features.17,747,pruned_before,nan,0.000000e+00,0.000000e+00,0.0000,0.0000,0
84,features.17,748,pruned_before,nan,0.000000e+00,0.000000e+00,0.0000,0.0000,0
84,features.17,749,active,-0.076733,4.822446e-07,4.013152e-07,0.5297,0.3762,489
84,features.17,750,pruned_before,nan,0.000000e+00,0.000000e+00,0.0000,0.0000,0
84,features.17,751,pruned_before,nan,0.000000e+00,0.000000e+00,0.0000,0.0000,0
84,features.17,752,active,0.061881,1.021914e-07,2.314214e-07,0.1238,0.2475,489
84,features.17,753,pruned_before,nan,0.000000e+00,0.000000e+00,0.0000,0.0000,0
84,features.17,754,pruned_before,nan,0.000000e+00,0.000000e+00,0.0000,0.0000,0
84,features.17,755,pruned_before,nan,0.000000e+00,0.000000e+00,0.0000,0.0000,0
84,features.17,756,pruned_before,nan,0.000000e+00,0.000000e+00,0.0000,0.0000,0
84,features.17,757,pruned_before,nan,0.000000e+00,0.000000e+00,0.0000,0.0000,0
84,features.17,758,pruned_before,nan,0.000000e+00,0.000000e+00,0.0000,0.0000,0
84,features.17,759,active,-0.034653,2.355561e-07,1.956062e-07,0.2772,0.2079,489
84,features.17,760,pruned_before,nan,0.000000e+00,0.000000e+00,0.0000,0.0000,0
84,features.17,761,pruned_before,nan,0.000000e+00,0.000000e+00,0.0000,0.0000,0
84,features.17,762,pruned_before,nan,0.000000e+00,0.000000e+00,0.0000,0.0000,0
84,features.17,763,pruned_before,nan,0.000000e+00,0.000000e+00,0.0000,0.0000,0
84,features.17,764,pruned_before,nan,0.000000e+00,0.000000e+00,0.0000,0.0000,0
84,features.17,765,pruned_before,nan,0.000000e+00,0.000000e+00,0.0000,0.0000,0
84,features.17,766,pruned_before,nan,0.000000e+00,0.000000e+00,0.0000,0.0000,0
84,features.17,767,pruned_before,nan,0.000000e+00,0.000000e+00,0.0000,0.0000,0
84,features.17,768,pruned_before,nan,0.000000e+00,0.000000e+00,0.0000,0.0000,0
84,features.17,769,pruned_before,nan,0.000000e+00,0.000000e+00,0.0000,0.0000,0
84,features.17,770,active,-0.047030,4.602904e-07,4.290163e-07,0.5050,0.4109,489
84,features.17,771,pruned_before,nan,0.000000e+00,0.000000e+00,0.0000,0.0000,0
84,features.17,772,active,-0.084158,3.552473e-07,2.443963e-07,0.4257,0.2574,489
84,features.17,773,pruned_before,nan,0.000000e+00,0.000000e+00,0.0000,0.0000,0
84,features.17,774,pruned_before,nan,0.000000e+00,0.000000e+00,0.0000,0.0000,0
84,features.17,775,pruned_before,nan,0.000000e+00,0.000000e+00,0.0000,0.0000,0
84,features.17,776,pruned_before,nan,0.000000e+00,0.000000e+00,0.0000,0.0000,0
84,features.17,777,pruned_before,nan,0.000000e+00,0.000000e+00,0.0000,0.0000,0
84,features.17,778,pruned_before,nan,0.000000e+00,0.000000e+00,0.0000,0.0000,0
84,features.17,779,pruned_before,nan,0.000000e+00,0.000000e+00,0.0000,0.0000,0
84,features.17,780,pruned_before,nan,0.000000e+00,0.000000e+00,0.0000,0.0000,0
84,features.17,781,pruned_before,nan,0.000000e+00,0.000000e+00,0.0000,0.0000,0
84,features.17,782,active,0.017327,4.623662e-07,6.469861e-07,0.5099,0.5446,489
84,features.17,783,pruned_before,nan,0.000000e+00,0.000000e+00,0.0000,0.0000,0
84,features.17,784,pruned_before,nan,0.000000e+00,0.000000e+00,0.0000,0.0000,0
84,features.17,785,active,-0.047030,1.210658e-07,5.504757e-08,0.1436,0.0495,489
84,features.17,786,pruned_before,nan,0.000000e+00,0.000000e+00,0.0000,0.0000,0
84,features.17,787,pruned_before,nan,0.000000e+00,0.000000e+00,0.0000,0.0000,0
84,features.17,788,pruned_before,nan,0.000000e+00,0.000000e+00,0.0000,0.0000,0
84,features.17,789,pruned_before,nan,0.000000e+00,0.000000e+00,0.0000,0.0000,0
84,features.17,790,active,-0.014851,2.150700e-07,1.987059e-07,0.2525,0.2228,489
84,features.17,791,pruned_before,nan,0.000000e+00,0.000000e+00,0.0000,0.0000,0
84,features.17,792,pruned_before,nan,0.000000e+00,0.000000e+00,0.0000,0.0000,0
84,features.17,793,pruned_now,-0.165842,9.102997e-07,4.022110e-07,0.7129,0.3812,489
84,features.17,794,active,-0.051980,5.670414e-07,5.494527e-07,0.5941,0.4901,489
84,features.17,795,pruned_before,nan,0.000000e+00,0.000000e+00,0.0000,0.0000,0
84,features.17,796,active,0.064356,5.227445e-08,1.474279e-07,0.0545,0.1832,489
84,features.17,797,pruned_before,nan,0.000000e+00,0.000000e+00,0.0000,0.0000,0
84,features.17,798,pruned_before,nan,0.000000e+00,0.000000e+00,0.0000,0.0000,0
84,features.17,799,pruned_before,nan,0.000000e+00,0.000000e+00,0.0000,0.0000,0
84,features.17,800,pruned_before,nan,0.000000e+00,0.000000e+00,0.0000,0.0000,0
84,features.17,801,pruned_before,nan,0.000000e+00,0.000000e+00,0.0000,0.0000,0
84,features.17,802,pruned_before,nan,0.000000e+00,0.000000e+00,0.0000,0.0000,0
84,features.17,803,pruned_before,nan,0.000000e+00,0.000000e+00,0.0000,0.0000,0
84,features.17,804,active,0.056931,1.077828e-06,1.672016e-06,0.7475,0.8614,489
84,features.17,805,pruned_before,nan,0.000000e+00,0.000000e+00,0.0000,0.0000,0
84,features.17,806,pruned_before,nan,0.000000e+00,0.000000e+00,0.0000,0.0000,0
84,features.17,807,pruned_before,nan,0.000000e+00,0.000000e+00,0.0000,0.0000,0
84,features.17,808,pruned_before,nan,0.000000e+00,0.000000e+00,0.0000,0.0000,0
84,features.17,809,pruned_before,nan,0.000000e+00,0.000000e+00,0.0000,0.0000,0
84,features.17,810,active,0.054455,5.231125e-07,8.951646e-07,0.5594,0.6683,489
84,features.17,811,active,-0.066832,8.888691e-07,6.583021e-07,0.6980,0.5644,489
84,features.17,812,pruned_before,nan,0.000000e+00,0.000000e+00,0.0000,0.0000,0
84,features.17,813,pruned_before,nan,0.000000e+00,0.000000e+00,0.0000,0.0000,0
84,features.17,814,pruned_before,nan,0.000000e+00,0.000000e+00,0.0000,0.0000,0
84,features.17,815,pruned_before,nan,0.000000e+00,0.000000e+00,0.0000,0.0000,0
84,features.17,816,pruned_before,nan,0.000000e+00,0.000000e+00,0.0000,0.0000,0
84,features.17,817,pruned_before,nan,0.000000e+00,0.000000e+00,0.0000,0.0000,0
84,features.17,818,pruned_before,nan,0.000000e+00,0.000000e+00,0.0000,0.0000,0
84,features.17,819,pruned_before,nan,0.000000e+00,0.000000e+00,0.0000,0.0000,0
84,features.17,820,pruned_before,nan,0.000000e+00,0.000000e+00,0.0000,0.0000,0
84,features.17,821,pruned_before,nan,0.000000e+00,0.000000e+00,0.0000,0.0000,0
84,features.17,822,pruned_before,nan,0.000000e+00,0.000000e+00,0.0000,0.0000,0
84,features.17,823,pruned_before,nan,0.000000e+00,0.000000e+00,0.0000,0.0000,0
84,features.17,824,active,-0.059406,2.304973e-07,1.206727e-07,0.2624,0.1436,489
84,features.17,825,active,-0.066832,1.247716e-06,9.420827e-07,0.8168,0.6832,489
84,features.17,826,pruned_before,nan,0.000000e+00,0.000000e+00,0.0000,0.0000,0
84,features.17,827,pruned_before,nan,0.000000e+00,0.000000e+00,0.0000,0.0000,0
84,features.17,828,pruned_before,nan,0.000000e+00,0.000000e+00,0.0000,0.0000,0
84,features.17,829,pruned_before,nan,0.000000e+00,0.000000e+00,0.0000,0.0000,0
84,features.17,830,pruned_before,nan,0.000000e+00,0.000000e+00,0.0000,0.0000,0
84,features.17,831,pruned_now,-0.133663,1.071720e-06,5.246827e-07,0.7426,0.4752,489
84,features.17,832,pruned_before,nan,0.000000e+00,0.000000e+00,0.0000,0.0000,0
84,features.17,833,pruned_before,nan,0.000000e+00,0.000000e+00,0.0000,0.0000,0
84,features.17,834,active,-0.029703,7.393249e-06,2.779116e-06,1.0000,0.9406,489
84,features.17,835,pruned_before,nan,0.000000e+00,0.000000e+00,0.0000,0.0000,0
84,features.17,836,pruned_before,nan,0.000000e+00,0.000000e+00,0.0000,0.0000,0
84,features.17,837,pruned_before,nan,0.000000e+00,0.000000e+00,0.0000,0.0000,0
84,features.17,838,pruned_before,nan,0.000000e+00,0.000000e+00,0.0000,0.0000,0
84,features.17,839,active,-0.007426,1.216054e-07,1.149320e-07,0.1485,0.1337,489
84,features.17,840,pruned_before,nan,0.000000e+00,0.000000e+00,0.0000,0.0000,0
84,features.17,841,pruned_before,nan,0.000000e+00,0.000000e+00,0.0000,0.0000,0
84,features.17,842,pruned_before,nan,0.000000e+00,0.000000e+00,0.0000,0.0000,0
84,features.17,843,pruned_before,nan,0.000000e+00,0.000000e+00,0.0000,0.0000,0
84,features.17,844,pruned_before,nan,0.000000e+00,0.000000e+00,0.0000,0.0000,0
84,features.17,845,pruned_before,nan,0.000000e+00,0.000000e+00,0.0000,0.0000,0
84,features.17,846,active,0.004950,3.035868e-07,3.942869e-07,0.3564,0.3663,489
84,features.17,847,pruned_before,nan,0.000000e+00,0.000000e+00,0.0000,0.0000,0
84,features.17,848,active,-0.039604,1.081931e-06,8.987145e-07,0.7525,0.6733,489
84,features.17,849,pruned_before,nan,0.000000e+00,0.000000e+00,0.0000,0.0000,0
84,features.17,850,pruned_before,nan,0.000000e+00,0.000000e+00,0.0000,0.0000,0
84,features.17,851,pruned_before,nan,0.000000e+00,0.000000e+00,0.0000,0.0000,0
84,features.17,852,pruned_before,nan,0.000000e+00,0.000000e+00,0.0000,0.0000,0
84,features.17,853,pruned_before,nan,0.000000e+00,0.000000e+00,0.0000,0.0000,0
84,features.17,854,active,-0.007426,1.174276e-06,1.240052e-06,0.7871,0.7723,489
84,features.17,855,pruned_before,nan,0.000000e+00,0.000000e+00,0.0000,0.0000,0
84,features.17,856,pruned_before,nan,0.000000e+00,0.000000e+00,0.0000,0.0000,0
84,features.17,857,active,0.099010,1.115485e-06,3.458028e-06,0.7772,0.9752,489
84,features.17,858,active,-0.007426,4.094251e-07,4.872641e-07,0.4752,0.4604,489
84,features.17,859,pruned_now,-0.183168,7.656412e-07,2.752886e-07,0.6535,0.2871,489
84,features.17,860,pruned_before,nan,0.000000e+00,0.000000e+00,0.0000,0.0000,0
84,features.17,861,pruned_before,nan,0.000000e+00,0.000000e+00,0.0000,0.0000,0
84,features.17,862,active,0.128713,9.099847e-07,3.040206e-06,0.7079,0.9653,489
84,features.17,863,pruned_before,nan,0.000000e+00,0.000000e+00,0.0000,0.0000,0
84,features.17,864,pruned_before,nan,0.000000e+00,0.000000e+00,0.0000,0.0000,0
84,features.17,865,pruned_before,nan,0.000000e+00,0.000000e+00,0.0000,0.0000,0
84,features.17,866,pruned_before,nan,0.000000e+00,0.000000e+00,0.0000,0.0000,0
84,features.17,867,pruned_before,nan,0.000000e+00,0.000000e+00,0.0000,0.0000,0
84,features.17,868,pruned_before,nan,0.000000e+00,0.000000e+00,0.0000,0.0000,0
84,features.17,869,active,0.004950,2.394906e-07,2.822091e-07,0.2970,0.3069,489
84,features.17,870,active,0.084158,8.429711e-07,1.585490e-06,0.6782,0.8465,489
84,features.17,871,pruned_before,nan,0.000000e+00,0.000000e+00,0.0000,0.0000,0
84,features.17,872,active,-0.022277,4.148136e-06,2.602570e-06,0.9703,0.9257,489
84,features.17,873,pruned_before,nan,0.000000e+00,0.000000e+00,0.0000,0.0000,0
84,features.17,874,pruned_before,nan,0.000000e+00,0.000000e+00,0.0000,0.0000,0
84,features.17,875,pruned_before,nan,0.000000e+00,0.000000e+00,0.0000,0.0000,0
84,features.17,876,pruned_before,nan,0.000000e+00,0.000000e+00,0.0000,0.0000,0
84,features.17,877,pruned_before,nan,0.000000e+00,0.000000e+00,0.0000,0.0000,0
84,features.17,878,pruned_before,nan,0.000000e+00,0.000000e+00,0.0000,0.0000,0
84,features.17,879,active,0.121287,5.574481e-07,1.551605e-06,0.5891,0.8317,489
84,features.17,880,active,0.121287,3.985744e-07,1.057793e-06,0.4703,0.7129,489
84,features.17,881,pruned_before,nan,0.000000e+00,0.000000e+00,0.0000,0.0000,0
84,features.17,882,pruned_before,nan,0.000000e+00,0.000000e+00,0.0000,0.0000,0
84,features.17,883,pruned_before,nan,0.000000e+00,0.000000e+00,0.0000,0.0000,0
84,features.17,884,pruned_before,nan,0.000000e+00,0.000000e+00,0.0000,0.0000,0
84,features.17,885,pruned_before,nan,0.000000e+00,0.000000e+00,0.0000,0.0000,0
84,features.17,886,active,0.089109,7.506210e-08,2.604146e-07,0.0891,0.2673,489
84,features.17,887,active,0.012376,1.975111e-08,5.190421e-08,0.0149,0.0396,489
84,features.17,888,active,0.022277,3.797657e-07,5.623550e-07,0.4604,0.5050,489
84,features.17,889,active,0.193069,5.288069e-07,2.961168e-06,0.5644,0.9505,489
84,features.17,890,active,-0.089109,4.788566e-07,3.531055e-07,0.5248,0.3465,489
84,features.17,891,pruned_before,nan,0.000000e+00,0.000000e+00,0.0000,0.0000,0
84,features.17,892,pruned_before,nan,0.000000e+00,0.000000e+00,0.0000,0.0000,0
84,features.17,893,pruned_before,nan,0.000000e+00,0.000000e+00,0.0000,0.0000,0
84,features.17,894,pruned_before,nan,0.000000e+00,0.000000e+00,0.0000,0.0000,0
84,features.17,895,pruned_before,nan,0.000000e+00,0.000000e+00,0.0000,0.0000,0
84,features.17,896,pruned_before,nan,0.000000e+00,0.000000e+00,0.0000,0.0000,0
84,features.17,897,active,0.004950,5.355683e-07,7.317271e-07,0.5743,0.5842,489
84,features.17,898,active,-0.071782,1.398902e-06,9.474175e-07,0.8317,0.6881,489
84,features.17,899,pruned_before,nan,0.000000e+00,0.000000e+00,0.0000,0.0000,0
84,features.17,900,pruned_before,nan,0.000000e+00,0.000000e+00,0.0000,0.0000,0
84,features.17,901,pruned_before,nan,0.000000e+00,0.000000e+00,0.0000,0.0000,0
84,features.17,902,pruned_before,nan,0.000000e+00,0.000000e+00,0.0000,0.0000,0
84,features.17,903,pruned_before,nan,0.000000e+00,0.000000e+00,0.0000,0.0000,0
84,features.17,904,pruned_before,nan,0.000000e+00,0.000000e+00,0.0000,0.0000,0
84,features.17,905,pruned_before,nan,0.000000e+00,0.000000e+00,0.0000,0.0000,0
84,features.17,906,active,-0.086634,1.186864e-06,8.052718e-07,0.8020,0.6287,489
84,features.17,907,pruned_before,nan,0.000000e+00,0.000000e+00,0.0000,0.0000,0
84,features.17,908,active,-0.051980,3.262850e-07,2.755009e-07,0.3960,0.2921,489
84,features.17,909,pruned_before,nan,0.000000e+00,0.000000e+00,0.0000,0.0000,0
84,features.17,910,pruned_before,nan,0.000000e+00,0.000000e+00,0.0000,0.0000,0
84,features.17,911,pruned_before,nan,0.000000e+00,0.000000e+00,0.0000,0.0000,0
84,features.17,912,active,0.022277,4.724193e-07,6.521586e-07,0.5149,0.5594,489
84,features.17,913,pruned_before,nan,0.000000e+00,0.000000e+00,0.0000,0.0000,0
84,features.17,914,pruned_before,nan,0.000000e+00,0.000000e+00,0.0000,0.0000,0
84,features.17,915,pruned_before,nan,0.000000e+00,0.000000e+00,0.0000,0.0000,0
84,features.17,916,pruned_before,nan,0.000000e+00,0.000000e+00,0.0000,0.0000,0
84,features.17,917,pruned_before,nan,0.000000e+00,0.000000e+00,0.0000,0.0000,0
84,features.17,918,pruned_before,nan,0.000000e+00,0.000000e+00,0.0000,0.0000,0
84,features.17,919,active,-0.002475,1.097215e-06,1.196802e-06,0.7673,0.7624,489
84,features.17,920,pruned_before,nan,0.000000e+00,0.000000e+00,0.0000,0.0000,0
84,features.17,921,pruned_before,nan,0.000000e+00,0.000000e+00,0.0000,0.0000,0
84,features.17,922,pruned_before,nan,0.000000e+00,0.000000e+00,0.0000,0.0000,0
84,features.17,923,pruned_before,nan,0.000000e+00,0.000000e+00,0.0000,0.0000,0
84,features.17,924,active,-0.039604,8.350685e-07,7.450390e-07,0.6733,0.5941,489
84,features.17,925,pruned_before,nan,0.000000e+00,0.000000e+00,0.0000,0.0000,0
84,features.17,926,pruned_before,nan,0.000000e+00,0.000000e+00,0.0000,0.0000,0
84,features.17,927,active,0.136139,2.782897e-07,7.913605e-07,0.3465,0.6188,489
84,features.17,928,pruned_before,nan,0.000000e+00,0.000000e+00,0.0000,0.0000,0
84,features.17,929,pruned_before,nan,0.000000e+00,0.000000e+00,0.0000,0.0000,0
84,features.17,930,pruned_before,nan,0.000000e+00,0.000000e+00,0.0000,0.0000,0
84,features.17,931,pruned_before,nan,0.000000e+00,0.000000e+00,0.0000,0.0000,0
84,features.17,932,active,-0.007426,2.320168e-07,2.338201e-07,0.2673,0.2525,489
84,features.17,933,active,0.007426,2.511406e-07,3.329571e-07,0.3218,0.3366,489
84,features.17,934,pruned_before,nan,0.000000e+00,0.000000e+00,0.0000,0.0000,0
84,features.17,935,pruned_before,nan,0.000000e+00,0.000000e+00,0.0000,0.0000,0
84,features.17,936,active,0.019802,4.409801e-08,8.335851e-08,0.0446,0.0842,489
84,features.17,937,pruned_before,nan,0.000000e+00,0.000000e+00,0.0000,0.0000,0
84,features.17,938,pruned_before,nan,0.000000e+00,0.000000e+00,0.0000,0.0000,0
84,features.17,939,pruned_before,nan,0.000000e+00,0.000000e+00,0.0000,0.0000,0
84,features.17,940,active,0.007426,1.180855e-06,1.437474e-06,0.7921,0.8069,489
84,features.17,941,pruned_before,nan,0.000000e+00,0.000000e+00,0.0000,0.0000,0
84,features.17,942,pruned_before,nan,0.000000e+00,0.000000e+00,0.0000,0.0000,0
84,features.17,943,active,-0.086634,1.653115e-07,3.522691e-08,0.1980,0.0248,489
84,features.17,944,pruned_before,nan,0.000000e+00,0.000000e+00,0.0000,0.0000,0
84,features.17,945,active,0.237624,2.353240e-07,1.121555e-06,0.2723,0.7475,489
84,features.17,946,pruned_before,nan,0.000000e+00,0.000000e+00,0.0000,0.0000,0
84,features.17,947,pruned_before,nan,0.000000e+00,0.000000e+00,0.0000,0.0000,0
84,features.17,948,pruned_before,nan,0.000000e+00,0.000000e+00,0.0000,0.0000,0
84,features.17,949,pruned_before,nan,0.000000e+00,0.000000e+00,0.0000,0.0000,0
84,features.17,950,pruned_before,nan,0.000000e+00,0.000000e+00,0.0000,0.0000,0
84,features.17,951,pruned_before,nan,0.000000e+00,0.000000e+00,0.0000,0.0000,0
84,features.17,952,pruned_before,nan,0.000000e+00,0.000000e+00,0.0000,0.0000,0
84,features.17,953,pruned_before,nan,0.000000e+00,0.000000e+00,0.0000,0.0000,0
84,features.17,954,pruned_before,nan,0.000000e+00,0.000000e+00,0.0000,0.0000,0
84,features.17,955,pruned_before,nan,0.000000e+00,0.000000e+00,0.0000,0.0000,0
84,features.17,956,pruned_before,nan,0.000000e+00,0.000000e+00,0.0000,0.0000,0
84,features.17,957,pruned_before,nan,0.000000e+00,0.000000e+00,0.0000,0.0000,0
84,features.17,958,pruned_before,nan,0.000000e+00,0.000000e+00,0.0000,0.0000,0
84,features.17,959,pruned_before,nan,0.000000e+00,0.000000e+00,0.0000,0.0000,0
