iter,block,ch,status,score,phi_raw,perf_raw,phi_n,perf_n,weights
48,features.1,0,active,-0.080000,0.000000e+00,0.000000e+00,0.1600,0.0000,25
48,features.1,1,active,0.160000,1.143185e-08,3.439626e-03,0.3600,0.6800,25
48,features.1,2,active,-0.160000,5.391860e-07,2.791862e-03,0.9200,0.6000,25
48,features.1,3,active,-0.060000,4.447687e-08,2.315890e-04,0.5200,0.4000,25
48,features.1,4,active,0.180000,5.400248e-08,1.651762e-02,0.6000,0.9600,25
48,features.1,5,active,-0.080000,4.925346e-07,3.832330e-03,0.8800,0.7200,25
48,features.1,6,active,0.040000,4.147161e-08,2.635472e-03,0.4800,0.5600,25
48,features.1,7,active,0.180000,3.398431e-08,4.007857e-03,0.4000,0.7600,25
48,features.1,8,active,0.000000,1.622148e-07,7.484353e-03,0.8000,0.8000,25
48,features.1,9,active,-0.080000,0.000000e+00,0.000000e+00,0.2000,0.0400,25
48,features.1,10,active,-0.100000,7.791542e-08,6.749305e-04,0.6800,0.4800,25
48,features.1,11,protected,0.140000,9.950265e-08,4.617964e-02,0.7200,1.0000,25
48,features.1,12,active,-0.060000,1.019662e-07,3.069784e-03,0.7600,0.6400,25
48,features.1,13,active,0.000000,5.749549e-09,2.063647e-05,0.3200,0.3200,25
48,features.1,14,active,0.000000,0.000000e+00,0.000000e+00,0.0800,0.0800,25
48,features.1,15,active,0.000000,0.000000e+00,0.000000e+00,0.1200,0.1200,25
48,features.1,16,active,0.120000,0.000000e+00,7.479312e-11,0.0000,0.2400,25
48,features.1,17,active,0.080000,0.000000e+00,3.258515e-11,0.0400,0.2000,25
48,features.1,18,active,0.040000,4.141080e-08,2.432166e-03,0.4400,0.5200,25
48,features.1,19,pruned_before,nan,0.000000e+00,0.000000e+00,0.0000,0.0000,0
48,features.1,20,active,-0.060000,5.217593e-08,2.512152e-04,0.5600,0.4400,25
48,features.1,21,active,-0.060000,8.781858e-07,9.839532e-03,1.0000,0.8800,25
48,features.1,22,pruned_before,nan,0.000000e+00,0.000000e+00,0.0000,0.0000,0
48,features.1,23,active,-0.040000,1.834175e-12,1.157484e-12,0.2400,0.1600,25
48,features.1,24,pruned_before,nan,0.000000e+00,0.000000e+00,0.0000,0.0000,0
48,features.1,25,active,0.040000,1.920753e-07,1.076980e-02,0.8400,0.9200,25
48,features.1,26,active,-0.180000,6.087465e-08,1.133136e-05,0.6400,0.2800,25
48,features.1,27,active,-0.060000,6.019365e-07,9.631582e-03,0.9600,0.8400,25
48,features.1,28,pruned_before,nan,0.000000e+00,0.000000e+00,0.0000,0.0000,0
48,features.1,29,pruned_before,nan,0.000000e+00,0.000000e+00,0.0000,0.0000,0
48,features.1,30,pruned_before,nan,0.000000e+00,0.000000e+00,0.0000,0.0000,0
48,features.1,31,active,0.040000,5.741470e-09,1.682903e-04,0.2800,0.3600,25
48,features.2,0,pruned_before,nan,0.000000e+00,0.000000e+00,0.0000,0.0000,0
48,features.2,1,pruned_before,nan,0.000000e+00,0.000000e+00,0.0000,0.0000,0
48,features.2,2,active,-0.023810,6.376428e-08,7.387413e-04,0.6667,0.6190,49
48,features.2,3,active,-0.071429,1.347172e-06,1.123228e-03,1.0000,0.8571,49
48,features.2,4,active,0.000000,2.173423e-07,9.669292e-04,0.8095,0.8095,49
48,features.2,5,pruned_before,nan,0.000000e+00,0.000000e+00,0.0000,0.0000,0
48,features.2,6,pruned_before,nan,0.000000e+00,0.000000e+00,0.0000,0.0000,0
48,features.2,7,active,-0.119048,1.396383e-08,1.435116e-05,0.2381,0.0000,49
48,features.2,8,pruned_before,nan,0.000000e+00,0.000000e+00,0.0000,0.0000,0
48,features.2,9,pruned_before,nan,0.000000e+00,0.000000e+00,0.0000,0.0000,0
48,features.2,10,pruned_before,nan,0.000000e+00,0.000000e+00,0.0000,0.0000,0
48,features.2,11,pruned_before,nan,0.000000e+00,0.000000e+00,0.0000,0.0000,0
48,features.2,12,active,0.071429,4.805750e-09,1.427712e-04,0.0000,0.1429,49
48,features.2,13,active,-0.119048,1.723682e-07,4.606077e-04,0.7619,0.5238,49
48,features.2,14,pruned_before,nan,0.000000e+00,0.000000e+00,0.0000,0.0000,0
48,features.2,15,pruned_before,nan,0.000000e+00,0.000000e+00,0.0000,0.0000,0
48,features.2,16,pruned_before,nan,0.000000e+00,0.000000e+00,0.0000,0.0000,0
48,features.2,17,pruned_before,nan,0.000000e+00,0.000000e+00,0.0000,0.0000,0
48,features.2,18,pruned_before,nan,0.000000e+00,0.000000e+00,0.0000,0.0000,0
48,features.2,19,pruned_before,nan,0.000000e+00,0.000000e+00,0.0000,0.0000,0
48,features.2,20,pruned_before,nan,0.000000e+00,0.000000e+00,0.0000,0.0000,0
48,features.2,21,pruned_before,nan,0.000000e+00,0.000000e+00,0.0000,0.0000,0
48,features.2,22,active,0.119048,6.237884e-09,2.489487e-04,0.0476,0.2857,49
48,features.2,23,active,0.119048,1.916372e-08,6.640942e-04,0.3333,0.5714,49
48,features.2,24,pruned_before,nan,0.000000e+00,0.000000e+00,0.0000,0.0000,0
48,features.2,25,pruned_before,nan,0.000000e+00,0.000000e+00,0.0000,0.0000,0
48,features.2,26,pruned_before,nan,0.000000e+00,0.000000e+00,0.0000,0.0000,0
48,features.2,27,pruned_before,nan,0.000000e+00,0.000000e+00,0.0000,0.0000,0
48,features.2,28,pruned_before,nan,0.000000e+00,0.000000e+00,0.0000,0.0000,0
48,features.2,29,active,-0.119048,3.232753e-08,2.266413e-04,0.4762,0.2381,49
48,features.2,30,pruned_before,nan,0.000000e+00,0.000000e+00,0.0000,0.0000,0
48,features.2,31,pruned_before,nan,0.000000e+00,0.000000e+00,0.0000,0.0000,0
48,features.2,32,pruned_before,nan,0.000000e+00,0.000000e+00,0.0000,0.0000,0
48,features.2,33,pruned_before,nan,0.000000e+00,0.000000e+00,0.0000,0.0000,0
48,features.2,34,active,-0.119048,7.932097e-07,8.209452e-04,0.9048,0.6667,49
48,features.2,35,pruned_before,nan,0.000000e+00,0.000000e+00,0.0000,0.0000,0
48,features.2,36,pruned_before,nan,0.000000e+00,0.000000e+00,0.0000,0.0000,0
48,features.2,37,pruned_before,nan,0.000000e+00,0.000000e+00,0.0000,0.0000,0
48,features.2,38,active,-0.071429,1.034458e-08,8.865734e-05,0.1905,0.0476,49
48,features.2,39,pruned_before,nan,0.000000e+00,0.000000e+00,0.0000,0.0000,0
48,features.2,40,pruned_before,nan,0.000000e+00,0.000000e+00,0.0000,0.0000,0
48,features.2,41,pruned_before,nan,0.000000e+00,0.000000e+00,0.0000,0.0000,0
48,features.2,42,pruned_before,nan,0.000000e+00,0.000000e+00,0.0000,0.0000,0
48,features.2,43,pruned_before,nan,0.000000e+00,0.000000e+00,0.0000,0.0000,0
48,features.2,44,pruned_before,nan,0.000000e+00,0.000000e+00,0.0000,0.0000,0
48,features.2,45,pruned_before,nan,0.000000e+00,0.000000e+00,0.0000,0.0000,0
48,features.2,46,pruned_before,nan,0.000000e+00,0.000000e+00,0.0000,0.0000,0
48,features.2,47,active,0.000000,9.938774e-09,1.412315e-04,0.0952,0.0952,49
48,features.2,48,active,-0.095238,5.423741e-08,4.053450e-04,0.6190,0.4286,49
48,features.2,49,pruned_before,nan,0.000000e+00,0.000000e+00,0.0000,0.0000,0
48,features.2,50,pruned_before,nan,0.000000e+00,0.000000e+00,0.0000,0.0000,0
48,features.2,51,pruned_before,nan,0.000000e+00,0.000000e+00,0.0000,0.0000,0
48,features.2,52,pruned_before,nan,0.000000e+00,0.000000e+00,0.0000,0.0000,0
48,features.2,53,pruned_before,nan,0.000000e+00,0.000000e+00,0.0000,0.0000,0
48,features.2,54,pruned_before,nan,0.000000e+00,0.000000e+00,0.0000,0.0000,0
48,features.2,55,active,-0.095238,2.630864e-08,1.599423e-04,0.3810,0.1905,49
48,features.2,56,pruned_before,nan,0.000000e+00,0.000000e+00,0.0000,0.0000,0
48,features.2,57,active,0.047619,6.673588e-07,2.968748e-03,0.8571,0.9524,49
48,features.2,58,pruned_before,nan,0.000000e+00,0.000000e+00,0.0000,0.0000,0
48,features.2,59,pruned_before,nan,0.000000e+00,0.000000e+00,0.0000,0.0000,0
48,features.2,60,pruned_before,nan,0.000000e+00,0.000000e+00,0.0000,0.0000,0
48,features.2,61,pruned_before,nan,0.000000e+00,0.000000e+00,0.0000,0.0000,0
48,features.2,62,active,0.071429,3.862730e-08,8.390794e-04,0.5714,0.7143,49
48,features.2,63,pruned_before,nan,0.000000e+00,0.000000e+00,0.0000,0.0000,0
48,features.2,64,pruned_before,nan,0.000000e+00,0.000000e+00,0.0000,0.0000,0
48,features.2,65,pruned_before,nan,0.000000e+00,0.000000e+00,0.0000,0.0000,0
48,features.2,66,active,-0.095238,3.564882e-08,3.640942e-04,0.5238,0.3333,49
48,features.2,67,pruned_before,nan,0.000000e+00,0.000000e+00,0.0000,0.0000,0
48,features.2,68,pruned_before,nan,0.000000e+00,0.000000e+00,0.0000,0.0000,0
48,features.2,69,pruned_before,nan,0.000000e+00,0.000000e+00,0.0000,0.0000,0
48,features.2,70,pruned_before,nan,0.000000e+00,0.000000e+00,0.0000,0.0000,0
48,features.2,71,pruned_before,nan,0.000000e+00,0.000000e+00,0.0000,0.0000,0
48,features.2,72,protected,0.357143,1.412664e-08,4.125779e-03,0.2857,1.0000,49
48,features.2,73,pruned_before,nan,0.000000e+00,0.000000e+00,0.0000,0.0000,0
48,features.2,74,pruned_before,nan,0.000000e+00,0.000000e+00,0.0000,0.0000,0
48,features.2,75,pruned_before,nan,0.000000e+00,0.000000e+00,0.0000,0.0000,0
48,features.2,76,pruned_before,nan,0.000000e+00,0.000000e+00,0.0000,0.0000,0
48,features.2,77,pruned_before,nan,0.000000e+00,0.000000e+00,0.0000,0.0000,0
48,features.2,78,active,0.023810,2.891683e-08,4.060805e-04,0.4286,0.4762,49
48,features.2,79,pruned_before,nan,0.000000e+00,0.000000e+00,0.0000,0.0000,0
48,features.2,80,pruned_before,nan,0.000000e+00,0.000000e+00,0.0000,0.0000,0
48,features.2,81,pruned_before,nan,0.000000e+00,0.000000e+00,0.0000,0.0000,0
48,features.2,82,pruned_before,nan,0.000000e+00,0.000000e+00,0.0000,0.0000,0
48,features.2,83,pruned_before,nan,0.000000e+00,0.000000e+00,0.0000,0.0000,0
48,features.2,84,pruned_before,nan,0.000000e+00,0.000000e+00,0.0000,0.0000,0
48,features.2,85,pruned_before,nan,0.000000e+00,0.000000e+00,0.0000,0.0000,0
48,features.2,86,active,-0.166667,1.343724e-07,3.813715e-04,0.7143,0.3810,49
48,features.2,87,pruned_before,nan,0.000000e+00,0.000000e+00,0.0000,0.0000,0
48,features.2,88,pruned_before,nan,0.000000e+00,0.000000e+00,0.0000,0.0000,0
48,features.2,89,pruned_before,nan,0.000000e+00,0.000000e+00,0.0000,0.0000,0
48,features.2,90,active,0.309524,9.975638e-09,8.637391e-04,0.1429,0.7619,49
48,features.2,91,pruned_before,nan,0.000000e+00,0.000000e+00,0.0000,0.0000,0
48,features.2,92,active,-0.023810,8.941447e-07,2.090964e-03,0.9524,0.9048,49
48,features.2,93,pruned_before,nan,0.000000e+00,0.000000e+00,0.0000,0.0000,0
48,features.2,94,pruned_before,nan,0.000000e+00,0.000000e+00,0.0000,0.0000,0
48,features.2,95,pruned_before,nan,0.000000e+00,0.000000e+00,0.0000,0.0000,0
48,features.3,0,pruned_before,nan,0.000000e+00,0.000000e+00,0.0000,0.0000,0
48,features.3,1,pruned_before,nan,0.000000e+00,0.000000e+00,0.0000,0.0000,0
48,features.3,2,pruned_before,nan,0.000000e+00,0.000000e+00,0.0000,0.0000,0
48,features.3,3,active,-0.044118,1.231502e-08,8.185899e-05,0.4118,0.3235,57
48,features.3,4,pruned_before,nan,0.000000e+00,0.000000e+00,0.0000,0.0000,0
48,features.3,5,pruned_before,nan,0.000000e+00,0.000000e+00,0.0000,0.0000,0
48,features.3,6,pruned_before,nan,0.000000e+00,0.000000e+00,0.0000,0.0000,0
48,features.3,7,pruned_before,nan,0.000000e+00,0.000000e+00,0.0000,0.0000,0
48,features.3,8,active,-0.014706,4.564800e-09,3.728681e-05,0.1471,0.1176,57
48,features.3,9,active,0.029412,2.228611e-09,3.259588e-05,0.0000,0.0588,57
48,features.3,10,active,-0.029412,9.141610e-08,6.551868e-04,0.9706,0.9118,57
48,features.3,11,pruned_before,nan,0.000000e+00,0.000000e+00,0.0000,0.0000,0
48,features.3,12,pruned_before,nan,0.000000e+00,0.000000e+00,0.0000,0.0000,0
48,features.3,13,pruned_before,nan,0.000000e+00,0.000000e+00,0.0000,0.0000,0
48,features.3,14,pruned_before,nan,0.000000e+00,0.000000e+00,0.0000,0.0000,0
48,features.3,15,pruned_before,nan,0.000000e+00,0.000000e+00,0.0000,0.0000,0
48,features.3,16,pruned_before,nan,0.000000e+00,0.000000e+00,0.0000,0.0000,0
48,features.3,17,pruned_before,nan,0.000000e+00,0.000000e+00,0.0000,0.0000,0
48,features.3,18,pruned_before,nan,0.000000e+00,0.000000e+00,0.0000,0.0000,0
48,features.3,19,active,-0.147059,1.252563e-08,3.732211e-05,0.4412,0.1471,57
48,features.3,20,pruned_before,nan,0.000000e+00,0.000000e+00,0.0000,0.0000,0
48,features.3,21,pruned_before,nan,0.000000e+00,0.000000e+00,0.0000,0.0000,0
48,features.3,22,pruned_before,nan,0.000000e+00,0.000000e+00,0.0000,0.0000,0
48,features.3,23,pruned_before,nan,0.000000e+00,0.000000e+00,0.0000,0.0000,0
48,features.3,24,pruned_before,nan,0.000000e+00,0.000000e+00,0.0000,0.0000,0
48,features.3,25,active,-0.044118,4.851345e-08,5.591544e-04,0.9118,0.8235,57
48,features.3,26,pruned_before,nan,0.000000e+00,0.000000e+00,0.0000,0.0000,0
48,features.3,27,pruned_before,nan,0.000000e+00,0.000000e+00,0.0000,0.0000,0
48,features.3,28,pruned_before,nan,0.000000e+00,0.000000e+00,0.0000,0.0000,0
48,features.3,29,pruned_before,nan,0.000000e+00,0.000000e+00,0.0000,0.0000,0
48,features.3,30,pruned_before,nan,0.000000e+00,0.000000e+00,0.0000,0.0000,0
48,features.3,31,pruned_before,nan,0.000000e+00,0.000000e+00,0.0000,0.0000,0
48,features.3,32,active,-0.102941,6.413526e-09,8.626079e-06,0.2059,0.0000,57
48,features.3,33,pruned_before,nan,0.000000e+00,0.000000e+00,0.0000,0.0000,0
48,features.3,34,pruned_before,nan,0.000000e+00,0.000000e+00,0.0000,0.0000,0
48,features.3,35,pruned_before,nan,0.000000e+00,0.000000e+00,0.0000,0.0000,0
48,features.3,36,active,-0.014706,3.420935e-09,1.206190e-05,0.0588,0.0294,57
48,features.3,37,pruned_before,nan,0.000000e+00,0.000000e+00,0.0000,0.0000,0
48,features.3,38,pruned_before,nan,0.000000e+00,0.000000e+00,0.0000,0.0000,0
48,features.3,39,pruned_before,nan,0.000000e+00,0.000000e+00,0.0000,0.0000,0
48,features.3,40,active,0.073529,1.501748e-08,3.485916e-04,0.5000,0.6471,57
48,features.3,41,pruned_before,nan,0.000000e+00,0.000000e+00,0.0000,0.0000,0
48,features.3,42,active,-0.161765,4.102155e-08,1.613632e-04,0.8235,0.5000,57
48,features.3,43,pruned_before,nan,0.000000e+00,0.000000e+00,0.0000,0.0000,0
48,features.3,44,active,0.426471,4.312018e-09,8.474627e-04,0.1176,0.9706,57
48,features.3,45,pruned_before,nan,0.000000e+00,0.000000e+00,0.0000,0.0000,0
48,features.3,46,pruned_before,nan,0.000000e+00,0.000000e+00,0.0000,0.0000,0
48,features.3,47,pruned_before,nan,0.000000e+00,0.000000e+00,0.0000,0.0000,0
48,features.3,48,active,0.411765,2.912237e-09,5.969558e-04,0.0294,0.8529,57
48,features.3,49,pruned_before,nan,0.000000e+00,0.000000e+00,0.0000,0.0000,0
48,features.3,50,pruned_before,nan,0.000000e+00,0.000000e+00,0.0000,0.0000,0
48,features.3,51,pruned_before,nan,0.000000e+00,0.000000e+00,0.0000,0.0000,0
48,features.3,52,pruned_before,nan,0.000000e+00,0.000000e+00,0.0000,0.0000,0
48,features.3,53,active,-0.117647,1.438542e-08,4.481324e-05,0.4706,0.2353,57
48,features.3,54,pruned_before,nan,0.000000e+00,0.000000e+00,0.0000,0.0000,0
48,features.3,55,pruned_before,nan,0.000000e+00,0.000000e+00,0.0000,0.0000,0
48,features.3,56,pruned_before,nan,0.000000e+00,0.000000e+00,0.0000,0.0000,0
48,features.3,57,active,-0.058824,4.489977e-08,5.056736e-04,0.8824,0.7647,57
48,features.3,58,pruned_before,nan,0.000000e+00,0.000000e+00,0.0000,0.0000,0
48,features.3,59,pruned_before,nan,0.000000e+00,0.000000e+00,0.0000,0.0000,0
48,features.3,60,pruned_before,nan,0.000000e+00,0.000000e+00,0.0000,0.0000,0
48,features.3,61,pruned_before,nan,0.000000e+00,0.000000e+00,0.0000,0.0000,0
48,features.3,62,pruned_before,nan,0.000000e+00,0.000000e+00,0.0000,0.0000,0
48,features.3,63,pruned_before,nan,0.000000e+00,0.000000e+00,0.0000,0.0000,0
48,features.3,64,active,-0.058824,1.586959e-08,1.213861e-04,0.5294,0.4118,57
48,features.3,65,pruned_before,nan,0.000000e+00,0.000000e+00,0.0000,0.0000,0
48,features.3,66,pruned_before,nan,0.000000e+00,0.000000e+00,0.0000,0.0000,0
48,features.3,67,active,-0.029412,6.747727e-09,3.861811e-05,0.2353,0.1765,57
48,features.3,68,pruned_before,nan,0.000000e+00,0.000000e+00,0.0000,0.0000,0
48,features.3,69,active,0.073529,1.033405e-08,2.007031e-04,0.3824,0.5294,57
48,features.3,70,active,0.044118,8.616897e-09,1.290818e-04,0.3529,0.4412,57
48,features.3,71,pruned_before,nan,0.000000e+00,0.000000e+00,0.0000,0.0000,0
48,features.3,72,pruned_before,nan,0.000000e+00,0.000000e+00,0.0000,0.0000,0
48,features.3,73,pruned_before,nan,0.000000e+00,0.000000e+00,0.0000,0.0000,0
48,features.3,74,pruned_before,nan,0.000000e+00,0.000000e+00,0.0000,0.0000,0
48,features.3,75,pruned_before,nan,0.000000e+00,0.000000e+00,0.0000,0.0000,0
48,features.3,76,pruned_before,nan,0.000000e+00,0.000000e+00,0.0000,0.0000,0
48,features.3,77,pruned_before,nan,0.000000e+00,0.000000e+00,0.0000,0.0000,0
48,features.3,78,pruned_before,nan,0.000000e+00,0.000000e+00,0.0000,0.0000,0
48,features.3,79,active,-0.176471,2.653344e-08,1.141806e-04,0.7353,0.3824,57
48,features.3,80,pruned_before,nan,0.000000e+00,0.000000e+00,0.0000,0.0000,0
48,features.3,81,pruned_now,-0.191176,1.310206e-07,3.098921e-04,1.0000,0.6176,57
48,features.3,82,pruned_before,nan,0.000000e+00,0.000000e+00,0.0000,0.0000,0
48,features.3,83,pruned_before,nan,0.000000e+00,0.000000e+00,0.0000,0.0000,0
48,features.3,84,pruned_before,nan,0.000000e+00,0.000000e+00,0.0000,0.0000,0
48,features.3,85,active,0.044118,4.295187e-08,8.123590e-04,0.8529,0.9412,57
48,features.3,86,pruned_before,nan,0.000000e+00,0.000000e+00,0.0000,0.0000,0
48,features.3,87,active,0.117647,1.874596e-08,6.454389e-04,0.6471,0.8824,57
48,features.3,88,active,-0.044118,7.507257e-09,3.893273e-05,0.2941,0.2059,57
48,features.3,89,pruned_before,nan,0.000000e+00,0.000000e+00,0.0000,0.0000,0
48,features.3,90,pruned_before,nan,0.000000e+00,0.000000e+00,0.0000,0.0000,0
48,features.3,91,pruned_before,nan,0.000000e+00,0.000000e+00,0.0000,0.0000,0
48,features.3,92,pruned_before,nan,0.000000e+00,0.000000e+00,0.0000,0.0000,0
48,features.3,93,pruned_before,nan,0.000000e+00,0.000000e+00,0.0000,0.0000,0
48,features.3,94,pruned_before,nan,0.000000e+00,0.000000e+00,0.0000,0.0000,0
48,features.3,95,pruned_before,nan,0.000000e+00,0.000000e+00,0.0000,0.0000,0
48,features.3,96,active,0.176471,7.857691e-09,3.901586e-04,0.3235,0.6765,57
48,features.3,97,pruned_before,nan,0.000000e+00,0.000000e+00,0.0000,0.0000,0
48,features.3,98,pruned_before,nan,0.000000e+00,0.000000e+00,0.0000,0.0000,0
48,features.3,99,pruned_before,nan,0.000000e+00,0.000000e+00,0.0000,0.0000,0
48,features.3,100,pruned_before,nan,0.000000e+00,0.000000e+00,0.0000,0.0000,0
48,features.3,101,pruned_before,nan,0.000000e+00,0.000000e+00,0.0000,0.0000,0
48,features.3,102,pruned_before,nan,0.000000e+00,0.000000e+00,0.0000,0.0000,0
48,features.3,103,pruned_before,nan,0.000000e+00,0.000000e+00,0.0000,0.0000,0
48,features.3,104,pruned_before,nan,0.000000e+00,0.000000e+00,0.0000,0.0000,0
48,features.3,105,pruned_before,nan,0.000000e+00,0.000000e+00,0.0000,0.0000,0
48,features.3,106,active,0.117647,1.607795e-08,5.491838e-04,0.5588,0.7941,57
48,features.3,107,pruned_before,nan,0.000000e+00,0.000000e+00,0.0000,0.0000,0
48,features.3,108,pruned_before,nan,0.000000e+00,0.000000e+00,0.0000,0.0000,0
48,features.3,109,pruned_before,nan,0.000000e+00,0.000000e+00,0.0000,0.0000,0
48,features.3,110,protected,0.029412,8.521036e-08,1.677615e-03,0.9412,1.0000,57
48,features.3,111,pruned_before,nan,0.000000e+00,0.000000e+00,0.0000,0.0000,0
48,features.3,112,pruned_before,nan,0.000000e+00,0.000000e+00,0.0000,0.0000,0
48,features.3,113,pruned_before,nan,0.000000e+00,0.000000e+00,0.0000,0.0000,0
48,features.3,114,pruned_before,nan,0.000000e+00,0.000000e+00,0.0000,0.0000,0
48,features.3,115,pruned_before,nan,0.000000e+00,0.000000e+00,0.0000,0.0000,0
48,features.3,116,pruned_before,nan,0.000000e+00,0.000000e+00,0.0000,0.0000,0
48,features.3,117,active,-0.014706,1.712732e-08,2.173653e-04,0.5882,0.5588,57
48,features.3,118,active,-0.132353,1.799924e-08,9.372622e-05,0.6176,0.3529,57
48,features.3,119,pruned_before,nan,0.000000e+00,0.000000e+00,0.0000,0.0000,0
48,features.3,120,active,0.000000,2.329251e-08,4.778232e-04,0.7059,0.7059,57
48,features.3,121,pruned_before,nan,0.000000e+00,0.000000e+00,0.0000,0.0000,0
48,features.3,122,active,-0.088235,3.108936e-08,2.968446e-04,0.7647,0.5882,57
48,features.3,123,pruned_before,nan,0.000000e+00,0.000000e+00,0.0000,0.0000,0
48,features.3,124,active,0.058824,5.861116e-09,6.596070e-05,0.1765,0.2941,57
48,features.3,125,pruned_before,nan,0.000000e+00,0.000000e+00,0.0000,0.0000,0
48,features.3,126,pruned_before,nan,0.000000e+00,0.000000e+00,0.0000,0.0000,0
48,features.3,127,pruned_before,nan,0.000000e+00,0.000000e+00,0.0000,0.0000,0
48,features.3,128,active,0.000000,3.427138e-09,3.555232e-05,0.0882,0.0882,57
48,features.3,129,pruned_before,nan,0.000000e+00,0.000000e+00,0.0000,0.0000,0
48,features.3,130,active,-0.029412,3.259669e-08,5.023069e-04,0.7941,0.7353,57
48,features.3,131,pruned_before,nan,0.000000e+00,0.000000e+00,0.0000,0.0000,0
48,features.3,132,pruned_before,nan,0.000000e+00,0.000000e+00,0.0000,0.0000,0
48,features.3,133,pruned_before,nan,0.000000e+00,0.000000e+00,0.0000,0.0000,0
48,features.3,134,pruned_before,nan,0.000000e+00,0.000000e+00,0.0000,0.0000,0
48,features.3,135,pruned_before,nan,0.000000e+00,0.000000e+00,0.0000,0.0000,0
48,features.3,136,pruned_before,nan,0.000000e+00,0.000000e+00,0.0000,0.0000,0
48,features.3,137,pruned_before,nan,0.000000e+00,0.000000e+00,0.0000,0.0000,0
48,features.3,138,active,-0.102941,1.966608e-08,1.321158e-04,0.6765,0.4706,57
48,features.3,139,pruned_before,nan,0.000000e+00,0.000000e+00,0.0000,0.0000,0
48,features.3,140,pruned_before,nan,0.000000e+00,0.000000e+00,0.0000,0.0000,0
48,features.3,141,pruned_before,nan,0.000000e+00,0.000000e+00,0.0000,0.0000,0
48,features.3,142,active,0.000000,6.925889e-09,4.955623e-05,0.2647,0.2647,57
48,features.3,143,pruned_before,nan,0.000000e+00,0.000000e+00,0.0000,0.0000,0
48,features.4,0,active,0.135135,2.342241e-07,3.234742e-05,0.4865,0.7568,65
48,features.4,1,active,-0.006757,4.384957e-08,7.757676e-06,0.2568,0.2432,65
48,features.4,2,pruned_before,nan,0.000000e+00,0.000000e+00,0.0000,0.0000,0
48,features.4,3,pruned_before,nan,0.000000e+00,0.000000e+00,0.0000,0.0000,0
48,features.4,4,pruned_before,nan,0.000000e+00,0.000000e+00,0.0000,0.0000,0
48,features.4,5,active,-0.101351,3.984748e-08,2.464249e-06,0.2432,0.0405,65
48,features.4,6,active,-0.175676,5.038613e-07,1.028813e-05,0.6757,0.3243,65
48,features.4,7,pruned_before,nan,0.000000e+00,0.000000e+00,0.0000,0.0000,0
48,features.4,8,active,-0.087838,1.115893e-06,2.181298e-05,0.7973,0.6216,65
48,features.4,9,pruned_before,nan,0.000000e+00,0.000000e+00,0.0000,0.0000,0
48,features.4,10,pruned_before,nan,0.000000e+00,0.000000e+00,0.0000,0.0000,0
48,features.4,11,pruned_before,nan,0.000000e+00,0.000000e+00,0.0000,0.0000,0
48,features.4,12,pruned_before,nan,0.000000e+00,0.000000e+00,0.0000,0.0000,0
48,features.4,13,pruned_before,nan,0.000000e+00,0.000000e+00,0.0000,0.0000,0
48,features.4,14,pruned_before,nan,0.000000e+00,0.000000e+00,0.0000,0.0000,0
48,features.4,15,active,0.060811,4.084619e-07,2.833462e-05,0.5811,0.7027,65
48,features.4,16,active,-0.087838,1.020009e-06,2.072445e-05,0.7838,0.6081,65
48,features.4,17,active,-0.081081,2.240828e-06,3.666943e-05,0.9595,0.7973,65
48,features.4,18,pruned_before,nan,0.000000e+00,0.000000e+00,0.0000,0.0000,0
48,features.4,19,pruned_before,nan,0.000000e+00,0.000000e+00,0.0000,0.0000,0
48,features.4,20,pruned_before,nan,0.000000e+00,0.000000e+00,0.0000,0.0000,0
48,features.4,21,pruned_before,nan,0.000000e+00,0.000000e+00,0.0000,0.0000,0
48,features.4,22,active,0.135135,4.299121e-07,4.604983e-05,0.6081,0.8784,65
48,features.4,23,pruned_before,nan,0.000000e+00,0.000000e+00,0.0000,0.0000,0
48,features.4,24,active,-0.094595,5.506916e-07,1.688913e-05,0.6892,0.5000,65
48,features.4,25,active,0.141892,1.949517e-08,1.092923e-05,0.0676,0.3514,65
48,features.4,26,active,-0.060811,1.463948e-07,9.836028e-06,0.4324,0.3108,65
48,features.4,27,pruned_before,nan,0.000000e+00,0.000000e+00,0.0000,0.0000,0
48,features.4,28,pruned_before,nan,0.000000e+00,0.000000e+00,0.0000,0.0000,0
48,features.4,29,pruned_before,nan,0.000000e+00,0.000000e+00,0.0000,0.0000,0
48,features.4,30,pruned_before,nan,0.000000e+00,0.000000e+00,0.0000,0.0000,0
48,features.4,31,pruned_before,nan,0.000000e+00,0.000000e+00,0.0000,0.0000,0
48,features.4,32,active,0.013514,6.869367e-08,1.179443e-05,0.3514,0.3784,65
48,features.4,33,pruned_before,nan,0.000000e+00,0.000000e+00,0.0000,0.0000,0
48,features.4,34,active,-0.054054,5.617672e-07,2.043775e-05,0.7027,0.5946,65
48,features.4,35,pruned_before,nan,0.000000e+00,0.000000e+00,0.0000,0.0000,0
48,features.4,36,active,0.013514,3.039509e-07,2.010894e-05,0.5541,0.5811,65
48,features.4,37,active,-0.182432,2.529027e-06,2.275315e-05,1.0000,0.6351,65
48,features.4,38,active,-0.006757,3.283023e-07,1.823631e-05,0.5676,0.5541,65
48,features.4,39,pruned_before,nan,0.000000e+00,0.000000e+00,0.0000,0.0000,0
48,features.4,40,pruned_before,nan,0.000000e+00,0.000000e+00,0.0000,0.0000,0
48,features.4,41,pruned_before,nan,0.000000e+00,0.000000e+00,0.0000,0.0000,0
48,features.4,42,pruned_before,nan,0.000000e+00,0.000000e+00,0.0000,0.0000,0
48,features.4,43,active,0.020270,8.254785e-07,4.133945e-05,0.7703,0.8108,65
48,features.4,44,active,-0.141892,8.098525e-07,1.613293e-05,0.7568,0.4730,65
48,features.4,45,active,-0.054054,4.706202e-07,1.809515e-05,0.6486,0.5405,65
48,features.4,46,protected,0.054054,1.651640e-06,1.451416e-04,0.8919,1.0000,65
48,features.4,47,pruned_before,nan,0.000000e+00,0.000000e+00,0.0000,0.0000,0
48,features.4,48,active,-0.047297,2.038077e-08,9.870921e-07,0.0946,0.0000,65
48,features.4,49,active,0.020270,2.049216e-06,5.689942e-05,0.9189,0.9595,65
48,features.4,50,pruned_before,nan,0.000000e+00,0.000000e+00,0.0000,0.0000,0
48,features.4,51,pruned_before,nan,0.000000e+00,0.000000e+00,0.0000,0.0000,0
48,features.4,52,pruned_before,nan,0.000000e+00,0.000000e+00,0.0000,0.0000,0
48,features.4,53,pruned_before,nan,0.000000e+00,0.000000e+00,0.0000,0.0000,0
48,features.4,54,active,-0.040541,1.891629e-06,4.143723e-05,0.9054,0.8243,65
48,features.4,55,pruned_before,nan,0.000000e+00,0.000000e+00,0.0000,0.0000,0
48,features.4,56,active,-0.081081,4.385055e-07,1.606354e-05,0.6216,0.4595,65
48,features.4,57,active,0.101351,6.027531e-07,4.790949e-05,0.7162,0.9189,65
48,features.4,58,active,0.020270,2.187363e-06,1.204278e-04,0.9459,0.9865,65
48,features.4,59,active,-0.006757,3.474176e-08,6.094749e-06,0.2162,0.2027,65
48,features.4,60,pruned_before,nan,0.000000e+00,0.000000e+00,0.0000,0.0000,0
48,features.4,61,active,0.033784,1.505572e-06,4.856793e-05,0.8784,0.9459,65
48,features.4,62,active,0.412162,2.052989e-08,4.816850e-05,0.1081,0.9324,65
48,features.4,63,active,0.391892,1.294063e-08,4.246691e-05,0.0541,0.8378,65
48,features.4,64,pruned_before,nan,0.000000e+00,0.000000e+00,0.0000,0.0000,0
48,features.4,65,active,-0.101351,2.052490e-07,7.893406e-06,0.4595,0.2568,65
48,features.4,66,pruned_before,nan,0.000000e+00,0.000000e+00,0.0000,0.0000,0
48,features.4,67,pruned_before,nan,0.000000e+00,0.000000e+00,0.0000,0.0000,0
48,features.4,68,pruned_before,nan,0.000000e+00,0.000000e+00,0.0000,0.0000,0
48,features.4,69,pruned_before,nan,0.000000e+00,0.000000e+00,0.0000,0.0000,0
48,features.4,70,pruned_before,nan,0.000000e+00,0.000000e+00,0.0000,0.0000,0
48,features.4,71,active,-0.121622,2.480797e-06,3.196142e-05,0.9865,0.7432,65
48,features.4,72,active,-0.094595,2.261446e-06,3.393002e-05,0.9730,0.7838,65
48,features.4,73,active,0.168919,7.358119e-08,2.928097e-05,0.3784,0.7162,65
48,features.4,74,active,-0.182432,8.117389e-08,2.385863e-06,0.3919,0.0270,65
48,features.4,75,pruned_before,nan,0.000000e+00,0.000000e+00,0.0000,0.0000,0
48,features.4,76,pruned_before,nan,0.000000e+00,0.000000e+00,0.0000,0.0000,0
48,features.4,77,pruned_before,nan,0.000000e+00,0.000000e+00,0.0000,0.0000,0
48,features.4,78,pruned_before,nan,0.000000e+00,0.000000e+00,0.0000,0.0000,0
48,features.4,79,active,-0.074324,1.322289e-07,8.449749e-06,0.4189,0.2703,65
48,features.4,80,pruned_before,nan,0.000000e+00,0.000000e+00,0.0000,0.0000,0
48,features.4,81,active,-0.040541,2.992668e-08,4.292731e-06,0.1892,0.1081,65
48,features.4,82,active,0.378378,7.878227e-09,3.391073e-05,0.0135,0.7703,65
48,features.4,83,pruned_before,nan,0.000000e+00,0.000000e+00,0.0000,0.0000,0
48,features.4,84,pruned_before,nan,0.000000e+00,0.000000e+00,0.0000,0.0000,0
48,features.4,85,active,-0.155405,8.964349e-08,4.066283e-06,0.4054,0.0946,65
48,features.4,86,active,0.013514,1.193642e-06,4.591914e-05,0.8378,0.8649,65
48,features.4,87,pruned_before,nan,0.000000e+00,0.000000e+00,0.0000,0.0000,0
48,features.4,88,pruned_before,nan,0.000000e+00,0.000000e+00,0.0000,0.0000,0
48,features.4,89,pruned_before,nan,0.000000e+00,0.000000e+00,0.0000,0.0000,0
48,features.4,90,active,0.087838,2.261619e-07,2.395457e-05,0.4730,0.6486,65
48,features.4,91,pruned_before,nan,0.000000e+00,0.000000e+00,0.0000,0.0000,0
48,features.4,92,pruned_before,nan,0.000000e+00,0.000000e+00,0.0000,0.0000,0
48,features.4,93,active,-0.074324,4.910254e-07,1.794854e-05,0.6622,0.5135,65
48,features.4,94,pruned_before,nan,0.000000e+00,0.000000e+00,0.0000,0.0000,0
48,features.4,95,active,0.081081,2.343281e-08,9.320465e-06,0.1216,0.2838,65
48,features.4,96,pruned_before,nan,0.000000e+00,0.000000e+00,0.0000,0.0000,0
48,features.4,97,active,-0.175676,7.159651e-08,1.012282e-06,0.3649,0.0135,65
48,features.4,98,active,-0.006757,2.605983e-08,4.942597e-06,0.1622,0.1486,65
48,features.4,99,pruned_before,nan,0.000000e+00,0.000000e+00,0.0000,0.0000,0
48,features.4,100,active,-0.033784,2.352257e-08,3.032695e-06,0.1351,0.0676,65
48,features.4,101,active,-0.108108,1.542238e-07,6.436052e-06,0.4459,0.2297,65
48,features.4,102,pruned_before,nan,0.000000e+00,0.000000e+00,0.0000,0.0000,0
48,features.4,103,active,-0.067568,2.952413e-07,1.319675e-05,0.5405,0.4054,65
48,features.4,104,active,-0.074324,2.623535e-07,1.114112e-05,0.5135,0.3649,65
48,features.4,105,pruned_before,nan,0.000000e+00,0.000000e+00,0.0000,0.0000,0
48,features.4,106,active,0.006757,2.482801e-08,5.063208e-06,0.1486,0.1622,65
48,features.4,107,active,0.020270,1.968489e-08,4.320488e-06,0.0811,0.1216,65
48,features.4,108,pruned_before,nan,0.000000e+00,0.000000e+00,0.0000,0.0000,0
48,features.4,109,active,-0.087838,1.371767e-06,2.786896e-05,0.8649,0.6892,65
48,features.4,110,active,0.304054,4.899664e-08,4.636049e-05,0.2838,0.8919,65
48,features.4,111,pruned_before,nan,0.000000e+00,0.000000e+00,0.0000,0.0000,0
48,features.4,112,pruned_before,nan,0.000000e+00,0.000000e+00,0.0000,0.0000,0
48,features.4,113,pruned_before,nan,0.000000e+00,0.000000e+00,0.0000,0.0000,0
48,features.4,114,active,-0.081081,6.842624e-08,5.364448e-06,0.3378,0.1757,65
48,features.4,115,active,0.006757,6.761874e-08,1.080458e-05,0.3243,0.3378,65
48,features.4,116,active,0.020270,2.184108e-06,9.419808e-05,0.9324,0.9730,65
48,features.4,117,active,-0.027027,2.472395e-07,1.547215e-05,0.5000,0.4459,65
48,features.4,118,active,0.148649,7.028253e-09,9.715525e-06,0.0000,0.2973,65
48,features.4,119,active,-0.067568,1.131453e-06,2.632804e-05,0.8108,0.6757,65
48,features.4,120,active,-0.060811,3.244712e-08,3.767557e-06,0.2027,0.0811,65
48,features.4,121,pruned_before,nan,0.000000e+00,0.000000e+00,0.0000,0.0000,0
48,features.4,122,active,-0.006757,3.829579e-08,6.264103e-06,0.2297,0.2162,65
48,features.4,123,active,0.000000,1.352182e-06,4.471670e-05,0.8514,0.8514,65
48,features.4,124,pruned_before,nan,0.000000e+00,0.000000e+00,0.0000,0.0000,0
48,features.4,125,active,-0.168919,1.148862e-06,1.651940e-05,0.8243,0.4865,65
48,features.4,126,pruned_before,nan,0.000000e+00,0.000000e+00,0.0000,0.0000,0
48,features.4,127,active,0.060811,4.462420e-08,1.309818e-05,0.2703,0.3919,65
48,features.4,128,pruned_before,nan,0.000000e+00,0.000000e+00,0.0000,0.0000,0
48,features.4,129,pruned_before,nan,0.000000e+00,0.000000e+00,0.0000,0.0000,0
48,features.4,130,active,0.087838,6.404730e-07,4.646264e-05,0.7297,0.9054,65
48,features.4,131,active,0.074324,9.949714e-09,5.719392e-06,0.0405,0.1892,65
48,features.4,132,active,0.195946,8.287721e-09,1.332305e-05,0.0270,0.4189,65
48,features.4,133,active,-0.081081,6.372383e-08,4.599516e-06,0.2973,0.1351,65
48,features.4,134,pruned_before,nan,0.000000e+00,0.000000e+00,0.0000,0.0000,0
48,features.4,135,active,0.060811,6.667565e-08,1.469417e-05,0.3108,0.4324,65
48,features.4,136,pruned_before,nan,0.000000e+00,0.000000e+00,0.0000,0.0000,0
48,features.4,137,active,0.013514,4.549210e-07,2.550009e-05,0.6351,0.6622,65
48,features.4,138,active,-0.013514,4.187259e-07,2.000624e-05,0.5946,0.5676,65
48,features.4,139,pruned_before,nan,0.000000e+00,0.000000e+00,0.0000,0.0000,0
48,features.4,140,active,-0.060811,2.728395e-08,2.799244e-06,0.1757,0.0541,65
48,features.4,141,active,0.101351,2.779533e-07,3.160512e-05,0.5270,0.7297,65
48,features.4,142,active,-0.108108,6.644667e-07,1.807307e-05,0.7432,0.5270,65
48,features.4,143,pruned_before,nan,0.000000e+00,0.000000e+00,0.0000,0.0000,0
48,features.5,0,pruned_before,nan,0.000000e+00,0.000000e+00,0.0000,0.0000,0
48,features.5,1,pruned_before,nan,0.000000e+00,0.000000e+00,0.0000,0.0000,0
48,features.5,2,pruned_before,nan,0.000000e+00,0.000000e+00,0.0000,0.0000,0
48,features.5,3,pruned_before,nan,0.000000e+00,0.000000e+00,0.0000,0.0000,0
48,features.5,4,pruned_before,nan,0.000000e+00,0.000000e+00,0.0000,0.0000,0
48,features.5,5,pruned_now,-0.223214,3.773841e-07,2.496880e-05,0.9107,0.4643,73
48,features.5,6,pruned_before,nan,0.000000e+00,0.000000e+00,0.0000,0.0000,0
48,features.5,7,active,-0.044643,1.778876e-08,8.513779e-06,0.2679,0.1786,73
48,features.5,8,pruned_before,nan,0.000000e+00,0.000000e+00,0.0000,0.0000,0
48,features.5,9,pruned_before,nan,0.000000e+00,0.000000e+00,0.0000,0.0000,0
48,features.5,10,active,0.035714,1.543201e-08,1.504882e-05,0.2143,0.2857,73
48,features.5,11,pruned_before,nan,0.000000e+00,0.000000e+00,0.0000,0.0000,0
48,features.5,12,active,0.116071,1.293235e-08,2.058357e-05,0.1786,0.4107,73
48,features.5,13,pruned_before,nan,0.000000e+00,0.000000e+00,0.0000,0.0000,0
48,features.5,14,pruned_before,nan,0.000000e+00,0.000000e+00,0.0000,0.0000,0
48,features.5,15,pruned_before,nan,0.000000e+00,0.000000e+00,0.0000,0.0000,0
48,features.5,16,pruned_before,nan,0.000000e+00,0.000000e+00,0.0000,0.0000,0
48,features.5,17,pruned_before,nan,0.000000e+00,0.000000e+00,0.0000,0.0000,0
48,features.5,18,pruned_before,nan,0.000000e+00,0.000000e+00,0.0000,0.0000,0
48,features.5,19,active,-0.008929,4.146308e-08,3.065027e-05,0.5893,0.5714,73
48,features.5,20,active,0.205357,1.656322e-08,3.604121e-05,0.2321,0.6429,73
48,features.5,21,pruned_before,nan,0.000000e+00,0.000000e+00,0.0000,0.0000,0
48,features.5,22,active,0.008929,3.958273e-07,1.293262e-04,0.9286,0.9464,73
48,features.5,23,pruned_before,nan,0.000000e+00,0.000000e+00,0.0000,0.0000,0
48,features.5,24,active,0.250000,6.155626e-09,2.891851e-05,0.0357,0.5357,73
48,features.5,25,active,0.000000,4.535617e-07,2.698445e-04,0.9821,0.9821,73
48,features.5,26,pruned_before,nan,0.000000e+00,0.000000e+00,0.0000,0.0000,0
48,features.5,27,pruned_before,nan,0.000000e+00,0.000000e+00,0.0000,0.0000,0
48,features.5,28,pruned_before,nan,0.000000e+00,0.000000e+00,0.0000,0.0000,0
48,features.5,29,pruned_before,nan,0.000000e+00,0.000000e+00,0.0000,0.0000,0
48,features.5,30,pruned_before,nan,0.000000e+00,0.000000e+00,0.0000,0.0000,0
48,features.5,31,pruned_before,nan,0.000000e+00,0.000000e+00,0.0000,0.0000,0
48,features.5,32,pruned_before,nan,0.000000e+00,0.000000e+00,0.0000,0.0000,0
48,features.5,33,pruned_before,nan,0.000000e+00,0.000000e+00,0.0000,0.0000,0
48,features.5,34,pruned_before,nan,0.000000e+00,0.000000e+00,0.0000,0.0000,0
48,features.5,35,pruned_before,nan,0.000000e+00,0.000000e+00,0.0000,0.0000,0
48,features.5,36,active,-0.107143,2.898066e-08,1.136616e-05,0.4643,0.2500,73
48,features.5,37,pruned_before,nan,0.000000e+00,0.000000e+00,0.0000,0.0000,0
48,features.5,38,pruned_before,nan,0.000000e+00,0.000000e+00,0.0000,0.0000,0
48,features.5,39,pruned_before,nan,0.000000e+00,0.000000e+00,0.0000,0.0000,0
48,features.5,40,pruned_before,nan,0.000000e+00,0.000000e+00,0.0000,0.0000,0
48,features.5,41,active,-0.035714,4.084564e-07,7.800884e-05,0.9464,0.8750,73
48,features.5,42,active,-0.026786,1.265896e-07,4.881927e-05,0.8214,0.7679,73
48,features.5,43,active,-0.151786,2.143103e-08,2.121866e-06,0.3393,0.0357,73
48,features.5,44,pruned_before,nan,0.000000e+00,0.000000e+00,0.0000,0.0000,0
48,features.5,45,pruned_before,nan,0.000000e+00,0.000000e+00,0.0000,0.0000,0
48,features.5,46,active,0.062500,4.730135e-08,4.742699e-05,0.6250,0.7500,73
48,features.5,47,active,0.053571,1.114399e-08,1.023445e-05,0.1250,0.2321,73
48,features.5,48,active,-0.035714,5.670043e-08,3.488952e-05,0.6964,0.6250,73
48,features.5,49,pruned_before,nan,0.000000e+00,0.000000e+00,0.0000,0.0000,0
48,features.5,50,active,0.008929,7.092130e-09,5.855467e-06,0.0714,0.0893,73
48,features.5,51,pruned_before,nan,0.000000e+00,0.000000e+00,0.0000,0.0000,0
48,features.5,52,active,0.026786,1.674108e-08,1.527565e-05,0.2500,0.3036,73
48,features.5,53,pruned_before,nan,0.000000e+00,0.000000e+00,0.0000,0.0000,0
48,features.5,54,active,-0.035714,2.212127e-07,5.620351e-05,0.8750,0.8036,73
48,features.5,55,active,-0.062500,1.248891e-07,3.944547e-05,0.8036,0.6786,73
48,features.5,56,active,-0.053571,4.416179e-07,7.760039e-05,0.9643,0.8571,73
48,features.5,57,pruned_before,nan,0.000000e+00,0.000000e+00,0.0000,0.0000,0
48,features.5,58,pruned_before,nan,0.000000e+00,0.000000e+00,0.0000,0.0000,0
48,features.5,59,pruned_before,nan,0.000000e+00,0.000000e+00,0.0000,0.0000,0
48,features.5,60,active,-0.098214,7.804017e-08,2.894085e-05,0.7500,0.5536,73
48,features.5,61,pruned_now,-0.223214,3.276755e-08,3.568279e-06,0.5000,0.0536,73
48,features.5,62,pruned_before,nan,0.000000e+00,0.000000e+00,0.0000,0.0000,0
48,features.5,63,active,-0.044643,2.939283e-08,2.006109e-05,0.4821,0.3929,73
48,features.5,64,pruned_before,nan,0.000000e+00,0.000000e+00,0.0000,0.0000,0
48,features.5,65,pruned_before,nan,0.000000e+00,0.000000e+00,0.0000,0.0000,0
48,features.5,66,pruned_before,nan,0.000000e+00,0.000000e+00,0.0000,0.0000,0
48,features.5,67,active,0.062500,1.415791e-07,1.342684e-04,0.8393,0.9643,73
48,features.5,68,pruned_before,nan,0.000000e+00,0.000000e+00,0.0000,0.0000,0
48,features.5,69,active,0.080357,2.780256e-08,3.430480e-05,0.4464,0.6071,73
48,features.5,70,pruned_before,nan,0.000000e+00,0.000000e+00,0.0000,0.0000,0
48,features.5,71,pruned_before,nan,0.000000e+00,0.000000e+00,0.0000,0.0000,0
48,features.5,72,pruned_before,nan,0.000000e+00,0.000000e+00,0.0000,0.0000,0
48,features.5,73,pruned_before,nan,0.000000e+00,0.000000e+00,0.0000,0.0000,0
48,features.5,74,pruned_before,nan,0.000000e+00,0.000000e+00,0.0000,0.0000,0
48,features.5,75,active,0.250000,1.325949e-08,3.988527e-05,0.1964,0.6964,73
48,features.5,76,active,0.232143,2.345907e-08,7.031074e-05,0.3750,0.8393,73
48,features.5,77,active,0.223214,1.237741e-08,3.372091e-05,0.1429,0.5893,73
48,features.5,78,pruned_before,nan,0.000000e+00,0.000000e+00,0.0000,0.0000,0
48,features.5,79,pruned_before,nan,0.000000e+00,0.000000e+00,0.0000,0.0000,0
48,features.5,80,pruned_before,nan,0.000000e+00,0.000000e+00,0.0000,0.0000,0
48,features.5,81,pruned_before,nan,0.000000e+00,0.000000e+00,0.0000,0.0000,0
48,features.5,82,pruned_before,nan,0.000000e+00,0.000000e+00,0.0000,0.0000,0
48,features.5,83,pruned_before,nan,0.000000e+00,0.000000e+00,0.0000,0.0000,0
48,features.5,84,pruned_before,nan,0.000000e+00,0.000000e+00,0.0000,0.0000,0
48,features.5,85,pruned_before,nan,0.000000e+00,0.000000e+00,0.0000,0.0000,0
48,features.5,86,pruned_before,nan,0.000000e+00,0.000000e+00,0.0000,0.0000,0
48,features.5,87,pruned_before,nan,0.000000e+00,0.000000e+00,0.0000,0.0000,0
48,features.5,88,pruned_before,nan,0.000000e+00,0.000000e+00,0.0000,0.0000,0
48,features.5,89,pruned_before,nan,0.000000e+00,0.000000e+00,0.0000,0.0000,0
48,features.5,90,pruned_before,nan,0.000000e+00,0.000000e+00,0.0000,0.0000,0
48,features.5,91,active,0.000000,3.290023e-09,1.619197e-06,0.0179,0.0179,73
48,features.5,92,pruned_before,nan,0.000000e+00,0.000000e+00,0.0000,0.0000,0
48,features.5,93,pruned_before,nan,0.000000e+00,0.000000e+00,0.0000,0.0000,0
48,features.5,94,pruned_before,nan,0.000000e+00,0.000000e+00,0.0000,0.0000,0
48,features.5,95,pruned_before,nan,0.000000e+00,0.000000e+00,0.0000,0.0000,0
48,features.5,96,pruned_before,nan,0.000000e+00,0.000000e+00,0.0000,0.0000,0
48,features.5,97,active,0.026786,4.347732e-08,3.743632e-05,0.6071,0.6607,73
48,features.5,98,pruned_before,nan,0.000000e+00,0.000000e+00,0.0000,0.0000,0
48,features.5,99,active,0.071429,3.792920e-08,4.084398e-05,0.5714,0.7143,73
48,features.5,100,pruned_before,nan,0.000000e+00,0.000000e+00,0.0000,0.0000,0
48,features.5,101,pruned_now,-0.223214,9.212272e-08,1.660420e-05,0.7857,0.3393,73
48,features.5,102,pruned_before,nan,0.000000e+00,0.000000e+00,0.0000,0.0000,0
48,features.5,103,active,-0.080357,1.848952e-08,6.906303e-06,0.2857,0.1250,73
48,features.5,104,pruned_before,nan,0.000000e+00,0.000000e+00,0.0000,0.0000,0
48,features.5,105,pruned_before,nan,0.000000e+00,0.000000e+00,0.0000,0.0000,0
48,features.5,106,pruned_before,nan,0.000000e+00,0.000000e+00,0.0000,0.0000,0
48,features.5,107,pruned_before,nan,0.000000e+00,0.000000e+00,0.0000,0.0000,0
48,features.5,108,pruned_before,nan,0.000000e+00,0.000000e+00,0.0000,0.0000,0
48,features.5,109,pruned_before,nan,0.000000e+00,0.000000e+00,0.0000,0.0000,0
48,features.5,110,pruned_before,nan,0.000000e+00,0.000000e+00,0.0000,0.0000,0
48,features.5,111,pruned_before,nan,0.000000e+00,0.000000e+00,0.0000,0.0000,0
48,features.5,112,pruned_before,nan,0.000000e+00,0.000000e+00,0.0000,0.0000,0
48,features.5,113,pruned_before,nan,0.000000e+00,0.000000e+00,0.0000,0.0000,0
48,features.5,114,pruned_before,nan,0.000000e+00,0.000000e+00,0.0000,0.0000,0
48,features.5,115,pruned_before,nan,0.000000e+00,0.000000e+00,0.0000,0.0000,0
48,features.5,116,active,-0.098214,4.958569e-08,2.426735e-05,0.6429,0.4464,73
48,features.5,117,pruned_before,nan,0.000000e+00,0.000000e+00,0.0000,0.0000,0
48,features.5,118,active,0.232143,2.057712e-08,5.201080e-05,0.3214,0.7857,73
48,features.5,119,pruned_before,nan,0.000000e+00,0.000000e+00,0.0000,0.0000,0
48,features.5,120,active,-0.125000,2.571347e-08,8.057391e-06,0.4107,0.1607,73
48,features.5,121,pruned_before,nan,0.000000e+00,0.000000e+00,0.0000,0.0000,0
48,features.5,122,pruned_before,nan,0.000000e+00,0.000000e+00,0.0000,0.0000,0
48,features.5,123,pruned_before,nan,0.000000e+00,0.000000e+00,0.0000,0.0000,0
48,features.5,124,pruned_before,nan,0.000000e+00,0.000000e+00,0.0000,0.0000,0
48,features.5,125,pruned_before,nan,0.000000e+00,0.000000e+00,0.0000,0.0000,0
48,features.5,126,pruned_before,nan,0.000000e+00,0.000000e+00,0.0000,0.0000,0
48,features.5,127,pruned_before,nan,0.000000e+00,0.000000e+00,0.0000,0.0000,0
48,features.5,128,pruned_before,nan,0.000000e+00,0.000000e+00,0.0000,0.0000,0
48,features.5,129,pruned_before,nan,0.000000e+00,0.000000e+00,0.0000,0.0000,0
48,features.5,130,pruned_before,nan,0.000000e+00,0.000000e+00,0.0000,0.0000,0
48,features.5,131,pruned_before,nan,0.000000e+00,0.000000e+00,0.0000,0.0000,0
48,features.5,132,pruned_before,nan,0.000000e+00,0.000000e+00,0.0000,0.0000,0
48,features.5,133,active,-0.116071,5.147908e-08,2.238143e-05,0.6607,0.4286,73
48,features.5,134,pruned_before,nan,0.000000e+00,0.000000e+00,0.0000,0.0000,0
48,features.5,135,active,0.000000,8.794316e-10,5.474758e-07,0.0000,0.0000,73
48,features.5,136,pruned_before,nan,0.000000e+00,0.000000e+00,0.0000,0.0000,0
48,features.5,137,pruned_before,nan,0.000000e+00,0.000000e+00,0.0000,0.0000,0
48,features.5,138,pruned_before,nan,0.000000e+00,0.000000e+00,0.0000,0.0000,0
48,features.5,139,pruned_before,nan,0.000000e+00,0.000000e+00,0.0000,0.0000,0
48,features.5,140,active,-0.107143,3.339369e-08,1.619213e-05,0.5357,0.3214,73
48,features.5,141,pruned_before,nan,0.000000e+00,0.000000e+00,0.0000,0.0000,0
48,features.5,142,pruned_before,nan,0.000000e+00,0.000000e+00,0.0000,0.0000,0
48,features.5,143,pruned_before,nan,0.000000e+00,0.000000e+00,0.0000,0.0000,0
48,features.5,144,pruned_before,nan,0.000000e+00,0.000000e+00,0.0000,0.0000,0
48,features.5,145,pruned_before,nan,0.000000e+00,0.000000e+00,0.0000,0.0000,0
48,features.5,146,pruned_before,nan,0.000000e+00,0.000000e+00,0.0000,0.0000,0
48,features.5,147,active,0.000000,3.277890e-08,2.725148e-05,0.5179,0.5179,73
48,features.5,148,pruned_before,nan,0.000000e+00,0.000000e+00,0.0000,0.0000,0
48,features.5,149,active,0.107143,1.274334e-08,1.775075e-05,0.1607,0.3750,73
48,features.5,150,pruned_before,nan,0.000000e+00,0.000000e+00,0.0000,0.0000,0
48,features.5,151,active,0.008929,2.843047e-07,9.929339e-05,0.8929,0.9107,73
48,features.5,152,pruned_before,nan,0.000000e+00,0.000000e+00,0.0000,0.0000,0
48,features.5,153,active,-0.125000,2.333866e-08,5.883234e-06,0.3571,0.1071,73
48,features.5,154,pruned_before,nan,0.000000e+00,0.000000e+00,0.0000,0.0000,0
48,features.5,155,pruned_before,nan,0.000000e+00,0.000000e+00,0.0000,0.0000,0
48,features.5,156,active,-0.116071,1.949617e-08,5.553934e-06,0.3036,0.0714,73
48,features.5,157,pruned_before,nan,0.000000e+00,0.000000e+00,0.0000,0.0000,0
48,features.5,158,active,0.053571,5.960372e-08,6.547185e-05,0.7143,0.8214,73
48,features.5,159,pruned_before,nan,0.000000e+00,0.000000e+00,0.0000,0.0000,0
48,features.5,160,active,-0.089286,5.393974e-08,2.680323e-05,0.6786,0.5000,73
48,features.5,161,pruned_before,nan,0.000000e+00,0.000000e+00,0.0000,0.0000,0
48,features.5,162,pruned_before,nan,0.000000e+00,0.000000e+00,0.0000,0.0000,0
48,features.5,163,pruned_before,nan,0.000000e+00,0.000000e+00,0.0000,0.0000,0
48,features.5,164,pruned_before,nan,0.000000e+00,0.000000e+00,0.0000,0.0000,0
48,features.5,165,pruned_before,nan,0.000000e+00,0.000000e+00,0.0000,0.0000,0
48,features.5,166,pruned_before,nan,0.000000e+00,0.000000e+00,0.0000,0.0000,0
48,features.5,167,pruned_before,nan,0.000000e+00,0.000000e+00,0.0000,0.0000,0
48,features.5,168,pruned_before,nan,0.000000e+00,0.000000e+00,0.0000,0.0000,0
48,features.5,169,pruned_before,nan,0.000000e+00,0.000000e+00,0.0000,0.0000,0
48,features.5,170,pruned_before,nan,0.000000e+00,0.000000e+00,0.0000,0.0000,0
48,features.5,171,active,0.151786,6.464311e-09,1.687856e-05,0.0536,0.3571,73
48,features.5,172,active,-0.142857,3.452127e-08,1.295469e-05,0.5536,0.2679,73
48,features.5,173,active,-0.125000,7.710403e-08,2.558766e-05,0.7321,0.4821,73
48,features.5,174,pruned_before,nan,0.000000e+00,0.000000e+00,0.0000,0.0000,0
48,features.5,175,pruned_before,nan,0.000000e+00,0.000000e+00,0.0000,0.0000,0
48,features.5,176,protected,0.000000,5.467983e-07,4.018803e-04,1.0000,1.0000,73
48,features.5,177,pruned_before,nan,0.000000e+00,0.000000e+00,0.0000,0.0000,0
48,features.5,178,pruned_before,nan,0.000000e+00,0.000000e+00,0.0000,0.0000,0
48,features.5,179,active,0.053571,1.083508e-08,9.822275e-06,0.1071,0.2143,73
48,features.5,180,pruned_before,nan,0.000000e+00,0.000000e+00,0.0000,0.0000,0
48,features.5,181,pruned_before,nan,0.000000e+00,0.000000e+00,0.0000,0.0000,0
48,features.5,182,pruned_before,nan,0.000000e+00,0.000000e+00,0.0000,0.0000,0
48,features.5,183,active,0.053571,1.067876e-08,8.515632e-06,0.0893,0.1964,73
48,features.5,184,active,-0.125000,2.555722e-08,7.437527e-06,0.3929,0.1429,73
48,features.5,185,active,0.035714,1.536607e-07,1.156292e-04,0.8571,0.9286,73
48,features.5,186,pruned_before,nan,0.000000e+00,0.000000e+00,0.0000,0.0000,0
48,features.5,187,active,0.062500,8.354665e-08,8.659829e-05,0.7679,0.8929,73
48,features.5,188,active,0.151786,2.759000e-08,4.539804e-05,0.4286,0.7321,73
48,features.5,189,pruned_before,nan,0.000000e+00,0.000000e+00,0.0000,0.0000,0
48,features.5,190,pruned_before,nan,0.000000e+00,0.000000e+00,0.0000,0.0000,0
48,features.5,191,pruned_before,nan,0.000000e+00,0.000000e+00,0.0000,0.0000,0
48,features.6,0,active,-0.069444,4.064258e-08,3.136294e-05,0.7778,0.6389,73
48,features.6,1,pruned_now,-0.333333,3.641871e-08,9.043217e-06,0.7500,0.0833,73
48,features.6,2,pruned_before,nan,0.000000e+00,0.000000e+00,0.0000,0.0000,0
48,features.6,3,protected,0.097222,7.165657e-08,9.213528e-04,0.8056,1.0000,73
48,features.6,4,pruned_before,nan,0.000000e+00,0.000000e+00,0.0000,0.0000,0
48,features.6,5,pruned_before,nan,0.000000e+00,0.000000e+00,0.0000,0.0000,0
48,features.6,6,active,0.000000,0.000000e+00,0.000000e+00,0.0000,0.0000,73
48,features.6,7,pruned_before,nan,0.000000e+00,0.000000e+00,0.0000,0.0000,0
48,features.6,8,pruned_before,nan,0.000000e+00,0.000000e+00,0.0000,0.0000,0
48,features.6,9,pruned_before,nan,0.000000e+00,0.000000e+00,0.0000,0.0000,0
48,features.6,10,pruned_before,nan,0.000000e+00,0.000000e+00,0.0000,0.0000,0
48,features.6,11,pruned_before,nan,0.000000e+00,0.000000e+00,0.0000,0.0000,0
48,features.6,12,active,-0.041667,7.262438e-07,7.492623e-05,1.0000,0.9167,73
48,features.6,13,pruned_before,nan,0.000000e+00,0.000000e+00,0.0000,0.0000,0
48,features.6,14,pruned_before,nan,0.000000e+00,0.000000e+00,0.0000,0.0000,0
48,features.6,15,pruned_before,nan,0.000000e+00,0.000000e+00,0.0000,0.0000,0
48,features.6,16,pruned_before,nan,0.000000e+00,0.000000e+00,0.0000,0.0000,0
48,features.6,17,active,-0.027778,1.148980e-08,1.493460e-05,0.2778,0.2222,73
48,features.6,18,pruned_before,nan,0.000000e+00,0.000000e+00,0.0000,0.0000,0
48,features.6,19,active,-0.013889,2.479125e-08,3.060496e-05,0.6389,0.6111,73
48,features.6,20,pruned_before,nan,0.000000e+00,0.000000e+00,0.0000,0.0000,0
48,features.6,21,active,-0.027778,9.576977e-09,1.057747e-05,0.1944,0.1389,73
48,features.6,22,pruned_before,nan,0.000000e+00,0.000000e+00,0.0000,0.0000,0
48,features.6,23,pruned_before,nan,0.000000e+00,0.000000e+00,0.0000,0.0000,0
48,features.6,24,pruned_before,nan,0.000000e+00,0.000000e+00,0.0000,0.0000,0
48,features.6,25,pruned_before,nan,0.000000e+00,0.000000e+00,0.0000,0.0000,0
48,features.6,26,pruned_before,nan,0.000000e+00,0.000000e+00,0.0000,0.0000,0
48,features.6,27,pruned_before,nan,0.000000e+00,0.000000e+00,0.0000,0.0000,0
48,features.6,28,pruned_before,nan,0.000000e+00,0.000000e+00,0.0000,0.0000,0
48,features.6,29,active,-0.069444,4.136075e-07,5.270972e-05,0.9722,0.8333,73
48,features.6,30,pruned_before,nan,0.000000e+00,0.000000e+00,0.0000,0.0000,0
48,features.6,31,active,-0.013889,1.798286e-08,2.342908e-05,0.4444,0.4167,73
48,features.6,32,active,-0.194444,2.322276e-08,1.256594e-05,0.5833,0.1944,73
48,features.6,33,pruned_before,nan,0.000000e+00,0.000000e+00,0.0000,0.0000,0
48,features.6,34,active,-0.013889,2.088561e-07,6.313220e-05,0.8889,0.8611,73
48,features.6,35,pruned_before,nan,0.000000e+00,0.000000e+00,0.0000,0.0000,0
48,features.6,36,pruned_before,nan,0.000000e+00,0.000000e+00,0.0000,0.0000,0
48,features.6,37,pruned_before,nan,0.000000e+00,0.000000e+00,0.0000,0.0000,0
48,features.6,38,pruned_before,nan,0.000000e+00,0.000000e+00,0.0000,0.0000,0
48,features.6,39,pruned_before,nan,0.000000e+00,0.000000e+00,0.0000,0.0000,0
48,features.6,40,pruned_before,nan,0.000000e+00,0.000000e+00,0.0000,0.0000,0
48,features.6,41,pruned_before,nan,0.000000e+00,0.000000e+00,0.0000,0.0000,0
48,features.6,42,pruned_before,nan,0.000000e+00,0.000000e+00,0.0000,0.0000,0
48,features.6,43,active,0.111111,5.306952e-09,1.867324e-05,0.0833,0.3056,73
48,features.6,44,pruned_before,nan,0.000000e+00,0.000000e+00,0.0000,0.0000,0
48,features.6,45,pruned_before,nan,0.000000e+00,0.000000e+00,0.0000,0.0000,0
48,features.6,46,active,0.152778,1.448767e-08,3.654248e-05,0.3889,0.6944,73
48,features.6,47,pruned_before,nan,0.000000e+00,0.000000e+00,0.0000,0.0000,0
48,features.6,48,pruned_before,nan,0.000000e+00,0.000000e+00,0.0000,0.0000,0
48,features.6,49,pruned_before,nan,0.000000e+00,0.000000e+00,0.0000,0.0000,0
48,features.6,50,pruned_before,nan,0.000000e+00,0.000000e+00,0.0000,0.0000,0
48,features.6,51,pruned_before,nan,0.000000e+00,0.000000e+00,0.0000,0.0000,0
48,features.6,52,pruned_before,nan,0.000000e+00,0.000000e+00,0.0000,0.0000,0
48,features.6,53,pruned_before,nan,0.000000e+00,0.000000e+00,0.0000,0.0000,0
48,features.6,54,pruned_before,nan,0.000000e+00,0.000000e+00,0.0000,0.0000,0
48,features.6,55,pruned_before,nan,0.000000e+00,0.000000e+00,0.0000,0.0000,0
48,features.6,56,pruned_before,nan,0.000000e+00,0.000000e+00,0.0000,0.0000,0
48,features.6,57,pruned_before,nan,0.000000e+00,0.000000e+00,0.0000,0.0000,0
48,features.6,58,pruned_before,nan,0.000000e+00,0.000000e+00,0.0000,0.0000,0
48,features.6,59,pruned_before,nan,0.000000e+00,0.000000e+00,0.0000,0.0000,0
48,features.6,60,pruned_before,nan,0.000000e+00,0.000000e+00,0.0000,0.0000,0
48,features.6,61,pruned_before,nan,0.000000e+00,0.000000e+00,0.0000,0.0000,0
48,features.6,62,pruned_before,nan,0.000000e+00,0.000000e+00,0.0000,0.0000,0
48,features.6,63,pruned_before,nan,0.000000e+00,0.000000e+00,0.0000,0.0000,0
48,features.6,64,pruned_before,nan,0.000000e+00,0.000000e+00,0.0000,0.0000,0
48,features.6,65,pruned_before,nan,0.000000e+00,0.000000e+00,0.0000,0.0000,0
48,features.6,66,pruned_before,nan,0.000000e+00,0.000000e+00,0.0000,0.0000,0
48,features.6,67,pruned_before,nan,0.000000e+00,0.000000e+00,0.0000,0.0000,0
48,features.6,68,pruned_before,nan,0.000000e+00,0.000000e+00,0.0000,0.0000,0
48,features.6,69,pruned_before,nan,0.000000e+00,0.000000e+00,0.0000,0.0000,0
48,features.6,70,pruned_before,nan,0.000000e+00,0.000000e+00,0.0000,0.0000,0
48,features.6,71,pruned_before,nan,0.000000e+00,0.000000e+00,0.0000,0.0000,0
48,features.6,72,pruned_before,nan,0.000000e+00,0.000000e+00,0.0000,0.0000,0
48,features.6,73,pruned_before,nan,0.000000e+00,0.000000e+00,0.0000,0.0000,0
48,features.6,74,pruned_before,nan,0.000000e+00,0.000000e+00,0.0000,0.0000,0
48,features.6,75,pruned_before,nan,0.000000e+00,0.000000e+00,0.0000,0.0000,0
48,features.6,76,active,-0.125000,1.383278e-08,9.843477e-06,0.3611,0.1111,73
48,features.6,77,pruned_before,nan,0.000000e+00,0.000000e+00,0.0000,0.0000,0
48,features.6,78,active,-0.125000,1.676761e-08,1.126642e-05,0.4167,0.1667,73
48,features.6,79,active,0.041667,8.744588e-09,1.516745e-05,0.1667,0.2500,73
48,features.6,80,pruned_before,nan,0.000000e+00,0.000000e+00,0.0000,0.0000,0
48,features.6,81,pruned_before,nan,0.000000e+00,0.000000e+00,0.0000,0.0000,0
48,features.6,82,pruned_before,nan,0.000000e+00,0.000000e+00,0.0000,0.0000,0
48,features.6,83,pruned_before,nan,0.000000e+00,0.000000e+00,0.0000,0.0000,0
48,features.6,84,pruned_before,nan,0.000000e+00,0.000000e+00,0.0000,0.0000,0
48,features.6,85,pruned_before,nan,0.000000e+00,0.000000e+00,0.0000,0.0000,0
48,features.6,86,pruned_before,nan,0.000000e+00,0.000000e+00,0.0000,0.0000,0
48,features.6,87,active,0.152778,4.768249e-09,2.148349e-05,0.0556,0.3611,73
48,features.6,88,pruned_before,nan,0.000000e+00,0.000000e+00,0.0000,0.0000,0
48,features.6,89,active,-0.138889,2.287660e-08,1.699093e-05,0.5556,0.2778,73
48,features.6,90,pruned_before,nan,0.000000e+00,0.000000e+00,0.0000,0.0000,0
48,features.6,91,pruned_before,nan,0.000000e+00,0.000000e+00,0.0000,0.0000,0
48,features.6,92,pruned_before,nan,0.000000e+00,0.000000e+00,0.0000,0.0000,0
48,features.6,93,pruned_before,nan,0.000000e+00,0.000000e+00,0.0000,0.0000,0
48,features.6,94,pruned_before,nan,0.000000e+00,0.000000e+00,0.0000,0.0000,0
48,features.6,95,pruned_before,nan,0.000000e+00,0.000000e+00,0.0000,0.0000,0
48,features.6,96,pruned_now,-0.208333,2.060862e-07,2.382089e-05,0.8611,0.4444,73
48,features.6,97,pruned_before,nan,0.000000e+00,0.000000e+00,0.0000,0.0000,0
48,features.6,98,pruned_before,nan,0.000000e+00,0.000000e+00,0.0000,0.0000,0
48,features.6,99,active,-0.180556,3.351668e-08,1.896572e-05,0.6944,0.3333,73
48,features.6,100,pruned_before,nan,0.000000e+00,0.000000e+00,0.0000,0.0000,0
48,features.6,101,pruned_before,nan,0.000000e+00,0.000000e+00,0.0000,0.0000,0
48,features.6,102,pruned_before,nan,0.000000e+00,0.000000e+00,0.0000,0.0000,0
48,features.6,103,pruned_before,nan,0.000000e+00,0.000000e+00,0.0000,0.0000,0
48,features.6,104,pruned_before,nan,0.000000e+00,0.000000e+00,0.0000,0.0000,0
48,features.6,105,pruned_before,nan,0.000000e+00,0.000000e+00,0.0000,0.0000,0
48,features.6,106,pruned_before,nan,0.000000e+00,0.000000e+00,0.0000,0.0000,0
48,features.6,107,pruned_before,nan,0.000000e+00,0.000000e+00,0.0000,0.0000,0
48,features.6,108,active,0.000000,1.873967e-08,2.416026e-05,0.5000,0.5000,73
48,features.6,109,pruned_before,nan,0.000000e+00,0.000000e+00,0.0000,0.0000,0
48,features.6,110,pruned_before,nan,0.000000e+00,0.000000e+00,0.0000,0.0000,0
48,features.6,111,pruned_before,nan,0.000000e+00,0.000000e+00,0.0000,0.0000,0
48,features.6,112,pruned_before,nan,0.000000e+00,0.000000e+00,0.0000,0.0000,0
48,features.6,113,pruned_before,nan,0.000000e+00,0.000000e+00,0.0000,0.0000,0
48,features.6,114,pruned_before,nan,0.000000e+00,0.000000e+00,0.0000,0.0000,0
48,features.6,115,active,0.277778,1.959628e-09,2.872349e-05,0.0278,0.5833,73
48,features.6,116,pruned_before,nan,0.000000e+00,0.000000e+00,0.0000,0.0000,0
48,features.6,117,pruned_before,nan,0.000000e+00,0.000000e+00,0.0000,0.0000,0
48,features.6,118,pruned_before,nan,0.000000e+00,0.000000e+00,0.0000,0.0000,0
48,features.6,119,active,0.027778,2.953746e-07,1.369349e-04,0.9167,0.9722,73
48,features.6,120,pruned_before,nan,0.000000e+00,0.000000e+00,0.0000,0.0000,0
48,features.6,121,pruned_before,nan,0.000000e+00,0.000000e+00,0.0000,0.0000,0
48,features.6,122,pruned_before,nan,0.000000e+00,0.000000e+00,0.0000,0.0000,0
48,features.6,123,active,0.111111,1.307630e-08,2.749255e-05,0.3333,0.5556,73
48,features.6,124,pruned_before,nan,0.000000e+00,0.000000e+00,0.0000,0.0000,0
48,features.6,125,active,0.180556,7.754460e-09,2.398848e-05,0.1111,0.4722,73
48,features.6,126,pruned_before,nan,0.000000e+00,0.000000e+00,0.0000,0.0000,0
48,features.6,127,active,0.319444,8.584824e-09,4.614543e-05,0.1389,0.7778,73
48,features.6,128,pruned_before,nan,0.000000e+00,0.000000e+00,0.0000,0.0000,0
48,features.6,129,pruned_before,nan,0.000000e+00,0.000000e+00,0.0000,0.0000,0
48,features.6,130,active,0.250000,1.077936e-08,4.405754e-05,0.2222,0.7222,73
48,features.6,131,pruned_before,nan,0.000000e+00,0.000000e+00,0.0000,0.0000,0
48,features.6,132,pruned_before,nan,0.000000e+00,0.000000e+00,0.0000,0.0000,0
48,features.6,133,pruned_before,nan,0.000000e+00,0.000000e+00,0.0000,0.0000,0
48,features.6,134,pruned_before,nan,0.000000e+00,0.000000e+00,0.0000,0.0000,0
48,features.6,135,pruned_before,nan,0.000000e+00,0.000000e+00,0.0000,0.0000,0
48,features.6,136,pruned_before,nan,0.000000e+00,0.000000e+00,0.0000,0.0000,0
48,features.6,137,pruned_before,nan,0.000000e+00,0.000000e+00,0.0000,0.0000,0
48,features.6,138,active,0.069444,2.957822e-08,4.842995e-05,0.6667,0.8056,73
48,features.6,139,active,-0.027778,3.473324e-07,6.428434e-05,0.9444,0.8889,73
48,features.6,140,pruned_before,nan,0.000000e+00,0.000000e+00,0.0000,0.0000,0
48,features.6,141,pruned_before,nan,0.000000e+00,0.000000e+00,0.0000,0.0000,0
48,features.6,142,pruned_before,nan,0.000000e+00,0.000000e+00,0.0000,0.0000,0
48,features.6,143,pruned_before,nan,0.000000e+00,0.000000e+00,0.0000,0.0000,0
48,features.6,144,pruned_before,nan,0.000000e+00,0.000000e+00,0.0000,0.0000,0
48,features.6,145,pruned_before,nan,0.000000e+00,0.000000e+00,0.0000,0.0000,0
48,features.6,146,pruned_before,nan,0.000000e+00,0.000000e+00,0.0000,0.0000,0
48,features.6,147,pruned_before,nan,0.000000e+00,0.000000e+00,0.0000,0.0000,0
48,features.6,148,active,-0.041667,2.386827e-08,2.500417e-05,0.6111,0.5278,73
48,features.6,149,pruned_before,nan,0.000000e+00,0.000000e+00,0.0000,0.0000,0
48,features.6,150,pruned_before,nan,0.000000e+00,0.000000e+00,0.0000,0.0000,0
48,features.6,151,pruned_before,nan,0.000000e+00,0.000000e+00,0.0000,0.0000,0
48,features.6,152,pruned_before,nan,0.000000e+00,0.000000e+00,0.0000,0.0000,0
48,features.6,153,pruned_before,nan,0.000000e+00,0.000000e+00,0.0000,0.0000,0
48,features.6,154,active,0.055556,9.803526e-08,9.057004e-05,0.8333,0.9444,73
48,features.6,155,pruned_before,nan,0.000000e+00,0.000000e+00,0.0000,0.0000,0
48,features.6,156,pruned_before,nan,0.000000e+00,0.000000e+00,0.0000,0.0000,0
48,features.6,157,pruned_before,nan,0.000000e+00,0.000000e+00,0.0000,0.0000,0
48,features.6,158,active,-0.097222,1.096241e-08,6.615773e-06,0.2500,0.0556,73
48,features.6,159,active,-0.027778,3.411537e-08,3.625139e-05,0.7222,0.6667,73
48,features.6,160,pruned_before,nan,0.000000e+00,0.000000e+00,0.0000,0.0000,0
48,features.6,161,pruned_before,nan,0.000000e+00,0.000000e+00,0.0000,0.0000,0
48,features.6,162,pruned_before,nan,0.000000e+00,0.000000e+00,0.0000,0.0000,0
48,features.6,163,pruned_before,nan,0.000000e+00,0.000000e+00,0.0000,0.0000,0
48,features.6,164,pruned_before,nan,0.000000e+00,0.000000e+00,0.0000,0.0000,0
48,features.6,165,active,0.138889,1.863649e-08,4.506826e-05,0.4722,0.7500,73
48,features.6,166,pruned_before,nan,0.000000e+00,0.000000e+00,0.0000,0.0000,0
48,features.6,167,pruned_before,nan,0.000000e+00,0.000000e+00,0.0000,0.0000,0
48,features.6,168,pruned_before,nan,0.000000e+00,0.000000e+00,0.0000,0.0000,0
48,features.6,169,pruned_before,nan,0.000000e+00,0.000000e+00,0.0000,0.0000,0
48,features.6,170,active,-0.138889,1.149879e-08,5.661622e-07,0.3056,0.0278,73
48,features.6,171,pruned_before,nan,0.000000e+00,0.000000e+00,0.0000,0.0000,0
48,features.6,172,pruned_before,nan,0.000000e+00,0.000000e+00,0.0000,0.0000,0
48,features.6,173,pruned_before,nan,0.000000e+00,0.000000e+00,0.0000,0.0000,0
48,features.6,174,pruned_before,nan,0.000000e+00,0.000000e+00,0.0000,0.0000,0
48,features.6,175,pruned_before,nan,0.000000e+00,0.000000e+00,0.0000,0.0000,0
48,features.6,176,pruned_before,nan,0.000000e+00,0.000000e+00,0.0000,0.0000,0
48,features.6,177,pruned_before,nan,0.000000e+00,0.000000e+00,0.0000,0.0000,0
48,features.6,178,pruned_before,nan,0.000000e+00,0.000000e+00,0.0000,0.0000,0
48,features.6,179,pruned_before,nan,0.000000e+00,0.000000e+00,0.0000,0.0000,0
48,features.6,180,pruned_before,nan,0.000000e+00,0.000000e+00,0.0000,0.0000,0
48,features.6,181,pruned_before,nan,0.000000e+00,0.000000e+00,0.0000,0.0000,0
48,features.6,182,pruned_before,nan,0.000000e+00,0.000000e+00,0.0000,0.0000,0
48,features.6,183,pruned_before,nan,0.000000e+00,0.000000e+00,0.0000,0.0000,0
48,features.6,184,pruned_before,nan,0.000000e+00,0.000000e+00,0.0000,0.0000,0
48,features.6,185,pruned_before,nan,0.000000e+00,0.000000e+00,0.0000,0.0000,0
48,features.6,186,pruned_before,nan,0.000000e+00,0.000000e+00,0.0000,0.0000,0
48,features.6,187,active,-0.069444,1.904820e-08,2.221956e-05,0.5278,0.3889,73
48,features.6,188,pruned_before,nan,0.000000e+00,0.000000e+00,0.0000,0.0000,0
48,features.6,189,pruned_before,nan,0.000000e+00,0.000000e+00,0.0000,0.0000,0
48,features.6,190,pruned_before,nan,0.000000e+00,0.000000e+00,0.0000,0.0000,0
48,features.6,191,pruned_before,nan,0.000000e+00,0.000000e+00,0.0000,0.0000,0
48,features.7,0,pruned_before,nan,0.000000e+00,0.000000e+00,0.0000,0.0000,0
48,features.7,1,active,-0.128571,1.317936e-06,2.005060e-05,0.4571,0.2000,105
48,features.7,2,pruned_before,nan,0.000000e+00,0.000000e+00,0.0000,0.0000,0
48,features.7,3,pruned_before,nan,0.000000e+00,0.000000e+00,0.0000,0.0000,0
48,features.7,4,active,-0.128571,6.477020e-06,7.757062e-05,0.9714,0.7143,105
48,features.7,5,pruned_before,nan,0.000000e+00,0.000000e+00,0.0000,0.0000,0
48,features.7,6,pruned_before,nan,0.000000e+00,0.000000e+00,0.0000,0.0000,0
48,features.7,7,pruned_before,nan,0.000000e+00,0.000000e+00,0.0000,0.0000,0
48,features.7,8,pruned_before,nan,0.000000e+00,0.000000e+00,0.0000,0.0000,0
48,features.7,9,pruned_before,nan,0.000000e+00,0.000000e+00,0.0000,0.0000,0
48,features.7,10,pruned_before,nan,0.000000e+00,0.000000e+00,0.0000,0.0000,0
48,features.7,11,pruned_before,nan,0.000000e+00,0.000000e+00,0.0000,0.0000,0
48,features.7,12,pruned_before,nan,0.000000e+00,0.000000e+00,0.0000,0.0000,0
48,features.7,13,pruned_before,nan,0.000000e+00,0.000000e+00,0.0000,0.0000,0
48,features.7,14,pruned_before,nan,0.000000e+00,0.000000e+00,0.0000,0.0000,0
48,features.7,15,pruned_before,nan,0.000000e+00,0.000000e+00,0.0000,0.0000,0
48,features.7,16,pruned_before,nan,0.000000e+00,0.000000e+00,0.0000,0.0000,0
48,features.7,17,pruned_before,nan,0.000000e+00,0.000000e+00,0.0000,0.0000,0
48,features.7,18,pruned_before,nan,0.000000e+00,0.000000e+00,0.0000,0.0000,0
48,features.7,19,pruned_before,nan,0.000000e+00,0.000000e+00,0.0000,0.0000,0
48,features.7,20,pruned_before,nan,0.000000e+00,0.000000e+00,0.0000,0.0000,0
48,features.7,21,pruned_before,nan,0.000000e+00,0.000000e+00,0.0000,0.0000,0
48,features.7,22,active,0.057143,1.546264e-06,7.417564e-05,0.5714,0.6857,105
48,features.7,23,pruned_before,nan,0.000000e+00,0.000000e+00,0.0000,0.0000,0
48,features.7,24,pruned_before,nan,0.000000e+00,0.000000e+00,0.0000,0.0000,0
48,features.7,25,active,-0.014286,1.101817e-07,1.246338e-05,0.0571,0.0286,105
48,features.7,26,pruned_before,nan,0.000000e+00,0.000000e+00,0.0000,0.0000,0
48,features.7,27,pruned_before,nan,0.000000e+00,0.000000e+00,0.0000,0.0000,0
48,features.7,28,active,-0.142857,1.884568e-06,4.929148e-05,0.7143,0.4286,105
48,features.7,29,pruned_before,nan,0.000000e+00,0.000000e+00,0.0000,0.0000,0
48,features.7,30,pruned_before,nan,0.000000e+00,0.000000e+00,0.0000,0.0000,0
48,features.7,31,active,-0.014286,2.600607e-06,8.894109e-05,0.8857,0.8571,105
48,features.7,32,pruned_before,nan,0.000000e+00,0.000000e+00,0.0000,0.0000,0
48,features.7,33,pruned_before,nan,0.000000e+00,0.000000e+00,0.0000,0.0000,0
48,features.7,34,pruned_before,nan,0.000000e+00,0.000000e+00,0.0000,0.0000,0
48,features.7,35,active,-0.128571,2.548564e-06,6.458300e-05,0.8571,0.6000,105
48,features.7,36,pruned_before,nan,0.000000e+00,0.000000e+00,0.0000,0.0000,0
48,features.7,37,pruned_before,nan,0.000000e+00,0.000000e+00,0.0000,0.0000,0
48,features.7,38,pruned_before,nan,0.000000e+00,0.000000e+00,0.0000,0.0000,0
48,features.7,39,pruned_before,nan,0.000000e+00,0.000000e+00,0.0000,0.0000,0
48,features.7,40,pruned_before,nan,0.000000e+00,0.000000e+00,0.0000,0.0000,0
48,features.7,41,active,-0.085714,2.629433e-07,1.370923e-05,0.2286,0.0571,105
48,features.7,42,pruned_before,nan,0.000000e+00,0.000000e+00,0.0000,0.0000,0
48,features.7,43,pruned_before,nan,0.000000e+00,0.000000e+00,0.0000,0.0000,0
48,features.7,44,pruned_before,nan,0.000000e+00,0.000000e+00,0.0000,0.0000,0
48,features.7,45,active,0.042857,4.291104e-08,1.527415e-05,0.0000,0.0857,105
48,features.7,46,pruned_before,nan,0.000000e+00,0.000000e+00,0.0000,0.0000,0
48,features.7,47,pruned_before,nan,0.000000e+00,0.000000e+00,0.0000,0.0000,0
48,features.7,48,pruned_before,nan,0.000000e+00,0.000000e+00,0.0000,0.0000,0
48,features.7,49,active,0.100000,1.516877e-06,7.829131e-05,0.5429,0.7429,105
48,features.7,50,pruned_before,nan,0.000000e+00,0.000000e+00,0.0000,0.0000,0
48,features.7,51,pruned_before,nan,0.000000e+00,0.000000e+00,0.0000,0.0000,0
48,features.7,52,pruned_before,nan,0.000000e+00,0.000000e+00,0.0000,0.0000,0
48,features.7,53,active,0.028571,6.555381e-07,4.342187e-05,0.3143,0.3714,105
48,features.7,54,pruned_before,nan,0.000000e+00,0.000000e+00,0.0000,0.0000,0
48,features.7,55,pruned_before,nan,0.000000e+00,0.000000e+00,0.0000,0.0000,0
48,features.7,56,pruned_before,nan,0.000000e+00,0.000000e+00,0.0000,0.0000,0
48,features.7,57,pruned_before,nan,0.000000e+00,0.000000e+00,0.0000,0.0000,0
48,features.7,58,pruned_before,nan,0.000000e+00,0.000000e+00,0.0000,0.0000,0
48,features.7,59,pruned_before,nan,0.000000e+00,0.000000e+00,0.0000,0.0000,0
48,features.7,60,pruned_before,nan,0.000000e+00,0.000000e+00,0.0000,0.0000,0
48,features.7,61,protected,0.257143,1.329978e-06,2.018269e-04,0.4857,1.0000,105
48,features.7,62,pruned_before,nan,0.000000e+00,0.000000e+00,0.0000,0.0000,0
48,features.7,63,pruned_before,nan,0.000000e+00,0.000000e+00,0.0000,0.0000,0
48,features.7,64,pruned_before,nan,0.000000e+00,0.000000e+00,0.0000,0.0000,0
48,features.7,65,pruned_before,nan,0.000000e+00,0.000000e+00,0.0000,0.0000,0
48,features.7,66,pruned_before,nan,0.000000e+00,0.000000e+00,0.0000,0.0000,0
48,features.7,67,pruned_before,nan,0.000000e+00,0.000000e+00,0.0000,0.0000,0
48,features.7,68,pruned_before,nan,0.000000e+00,0.000000e+00,0.0000,0.0000,0
48,features.7,69,pruned_before,nan,0.000000e+00,0.000000e+00,0.0000,0.0000,0
48,features.7,70,pruned_before,nan,0.000000e+00,0.000000e+00,0.0000,0.0000,0
48,features.7,71,pruned_before,nan,0.000000e+00,0.000000e+00,0.0000,0.0000,0
48,features.7,72,pruned_before,nan,0.000000e+00,0.000000e+00,0.0000,0.0000,0
48,features.7,73,pruned_before,nan,0.000000e+00,0.000000e+00,0.0000,0.0000,0
48,features.7,74,pruned_before,nan,0.000000e+00,0.000000e+00,0.0000,0.0000,0
48,features.7,75,pruned_before,nan,0.000000e+00,0.000000e+00,0.0000,0.0000,0
48,features.7,76,active,-0.114286,6.865890e-07,1.629522e-05,0.3429,0.1143,105
48,features.7,77,active,0.071429,1.720331e-07,3.875550e-05,0.1714,0.3143,105
48,features.7,78,active,0.114286,7.690315e-07,6.922641e-05,0.4286,0.6571,105
48,features.7,79,pruned_before,nan,0.000000e+00,0.000000e+00,0.0000,0.0000,0
48,features.7,80,pruned_before,nan,0.000000e+00,0.000000e+00,0.0000,0.0000,0
48,features.7,81,pruned_before,nan,0.000000e+00,0.000000e+00,0.0000,0.0000,0
48,features.7,82,pruned_before,nan,0.000000e+00,0.000000e+00,0.0000,0.0000,0
48,features.7,83,active,0.142857,1.593650e-06,9.657148e-05,0.6000,0.8857,105
48,features.7,84,pruned_before,nan,0.000000e+00,0.000000e+00,0.0000,0.0000,0
48,features.7,85,active,0.014286,1.264935e-07,1.643020e-05,0.1143,0.1429,105
48,features.7,86,pruned_before,nan,0.000000e+00,0.000000e+00,0.0000,0.0000,0
48,features.7,87,pruned_before,nan,0.000000e+00,0.000000e+00,0.0000,0.0000,0
48,features.7,88,pruned_before,nan,0.000000e+00,0.000000e+00,0.0000,0.0000,0
48,features.7,89,pruned_before,nan,0.000000e+00,0.000000e+00,0.0000,0.0000,0
48,features.7,90,pruned_before,nan,0.000000e+00,0.000000e+00,0.0000,0.0000,0
48,features.7,91,pruned_before,nan,0.000000e+00,0.000000e+00,0.0000,0.0000,0
48,features.7,92,active,-0.028571,1.591902e-05,1.273671e-04,1.0000,0.9429,105
48,features.7,93,pruned_before,nan,0.000000e+00,0.000000e+00,0.0000,0.0000,0
48,features.7,94,active,0.028571,7.614135e-07,5.223186e-05,0.4000,0.4571,105
48,features.7,95,active,0.128571,8.671724e-08,3.767446e-05,0.0286,0.2857,105
48,features.7,96,pruned_before,nan,0.000000e+00,0.000000e+00,0.0000,0.0000,0
48,features.7,97,pruned_before,nan,0.000000e+00,0.000000e+00,0.0000,0.0000,0
48,features.7,98,pruned_before,nan,0.000000e+00,0.000000e+00,0.0000,0.0000,0
48,features.7,99,pruned_before,nan,0.000000e+00,0.000000e+00,0.0000,0.0000,0
48,features.7,100,pruned_before,nan,0.000000e+00,0.000000e+00,0.0000,0.0000,0
48,features.7,101,active,0.028571,3.702561e-06,1.871644e-04,0.9143,0.9714,105
48,features.7,102,pruned_before,nan,0.000000e+00,0.000000e+00,0.0000,0.0000,0
48,features.7,103,pruned_before,nan,0.000000e+00,0.000000e+00,0.0000,0.0000,0
48,features.7,104,pruned_before,nan,0.000000e+00,0.000000e+00,0.0000,0.0000,0
48,features.7,105,pruned_before,nan,0.000000e+00,0.000000e+00,0.0000,0.0000,0
48,features.7,106,pruned_before,nan,0.000000e+00,0.000000e+00,0.0000,0.0000,0
48,features.7,107,active,-0.128571,2.362863e-06,6.185091e-05,0.8000,0.5429,105
48,features.7,108,pruned_before,nan,0.000000e+00,0.000000e+00,0.0000,0.0000,0
48,features.7,109,pruned_before,nan,0.000000e+00,0.000000e+00,0.0000,0.0000,0
48,features.7,110,active,0.000000,1.774999e-06,6.603399e-05,0.6286,0.6286,105
48,features.7,111,active,-0.085714,3.752890e-06,8.215856e-05,0.9429,0.7714,105
48,features.7,112,pruned_before,nan,0.000000e+00,0.000000e+00,0.0000,0.0000,0
48,features.7,113,pruned_before,nan,0.000000e+00,0.000000e+00,0.0000,0.0000,0
48,features.7,114,pruned_before,nan,0.000000e+00,0.000000e+00,0.0000,0.0000,0
48,features.7,115,pruned_before,nan,0.000000e+00,0.000000e+00,0.0000,0.0000,0
48,features.7,116,pruned_before,nan,0.000000e+00,0.000000e+00,0.0000,0.0000,0
48,features.7,117,pruned_before,nan,0.000000e+00,0.000000e+00,0.0000,0.0000,0
48,features.7,118,pruned_before,nan,0.000000e+00,0.000000e+00,0.0000,0.0000,0
48,features.7,119,pruned_before,nan,0.000000e+00,0.000000e+00,0.0000,0.0000,0
48,features.7,120,pruned_before,nan,0.000000e+00,0.000000e+00,0.0000,0.0000,0
48,features.7,121,pruned_before,nan,0.000000e+00,0.000000e+00,0.0000,0.0000,0
48,features.7,122,pruned_before,nan,0.000000e+00,0.000000e+00,0.0000,0.0000,0
48,features.7,123,pruned_before,nan,0.000000e+00,0.000000e+00,0.0000,0.0000,0
48,features.7,124,pruned_before,nan,0.000000e+00,0.000000e+00,0.0000,0.0000,0
48,features.7,125,active,-0.014286,2.526814e-06,8.648248e-05,0.8286,0.8000,105
48,features.7,126,pruned_before,nan,0.000000e+00,0.000000e+00,0.0000,0.0000,0
48,features.7,127,pruned_before,nan,0.000000e+00,0.000000e+00,0.0000,0.0000,0
48,features.7,128,pruned_before,nan,0.000000e+00,0.000000e+00,0.0000,0.0000,0
48,features.7,129,pruned_before,nan,0.000000e+00,0.000000e+00,0.0000,0.0000,0
48,features.7,130,pruned_before,nan,0.000000e+00,0.000000e+00,0.0000,0.0000,0
48,features.7,131,pruned_before,nan,0.000000e+00,0.000000e+00,0.0000,0.0000,0
48,features.7,132,pruned_before,nan,0.000000e+00,0.000000e+00,0.0000,0.0000,0
48,features.7,133,pruned_before,nan,0.000000e+00,0.000000e+00,0.0000,0.0000,0
48,features.7,134,pruned_before,nan,0.000000e+00,0.000000e+00,0.0000,0.0000,0
48,features.7,135,pruned_before,nan,0.000000e+00,0.000000e+00,0.0000,0.0000,0
48,features.7,136,pruned_before,nan,0.000000e+00,0.000000e+00,0.0000,0.0000,0
48,features.7,137,pruned_before,nan,0.000000e+00,0.000000e+00,0.0000,0.0000,0
48,features.7,138,pruned_before,nan,0.000000e+00,0.000000e+00,0.0000,0.0000,0
48,features.7,139,active,0.042857,1.149633e-07,1.750792e-05,0.0857,0.1714,105
48,features.7,140,pruned_before,nan,0.000000e+00,0.000000e+00,0.0000,0.0000,0
48,features.7,141,active,-0.014286,3.002208e-07,2.019243e-05,0.2571,0.2286,105
48,features.7,142,active,-0.071429,1.431347e-07,1.091330e-05,0.1429,0.0000,105
48,features.7,143,pruned_before,nan,0.000000e+00,0.000000e+00,0.0000,0.0000,0
48,features.7,144,pruned_before,nan,0.000000e+00,0.000000e+00,0.0000,0.0000,0
48,features.7,145,pruned_before,nan,0.000000e+00,0.000000e+00,0.0000,0.0000,0
48,features.7,146,pruned_before,nan,0.000000e+00,0.000000e+00,0.0000,0.0000,0
48,features.7,147,pruned_before,nan,0.000000e+00,0.000000e+00,0.0000,0.0000,0
48,features.7,148,pruned_before,nan,0.000000e+00,0.000000e+00,0.0000,0.0000,0
48,features.7,149,active,-0.171429,1.819606e-06,3.942026e-05,0.6857,0.3429,105
48,features.7,150,pruned_before,nan,0.000000e+00,0.000000e+00,0.0000,0.0000,0
48,features.7,151,pruned_before,nan,0.000000e+00,0.000000e+00,0.0000,0.0000,0
48,features.7,152,pruned_before,nan,0.000000e+00,0.000000e+00,0.0000,0.0000,0
48,features.7,153,pruned_before,nan,0.000000e+00,0.000000e+00,0.0000,0.0000,0
48,features.7,154,pruned_before,nan,0.000000e+00,0.000000e+00,0.0000,0.0000,0
48,features.7,155,pruned_before,nan,0.000000e+00,0.000000e+00,0.0000,0.0000,0
48,features.7,156,active,0.271429,7.564419e-07,1.078460e-04,0.3714,0.9143,105
48,features.7,157,pruned_before,nan,0.000000e+00,0.000000e+00,0.0000,0.0000,0
48,features.7,158,active,0.057143,4.864081e-07,4.793423e-05,0.2857,0.4000,105
48,features.7,159,active,0.085714,1.793525e-06,8.661791e-05,0.6571,0.8286,105
48,features.7,160,pruned_before,nan,0.000000e+00,0.000000e+00,0.0000,0.0000,0
48,features.7,161,pruned_before,nan,0.000000e+00,0.000000e+00,0.0000,0.0000,0
48,features.7,162,pruned_before,nan,0.000000e+00,0.000000e+00,0.0000,0.0000,0
48,features.7,163,pruned_before,nan,0.000000e+00,0.000000e+00,0.0000,0.0000,0
48,features.7,164,pruned_before,nan,0.000000e+00,0.000000e+00,0.0000,0.0000,0
48,features.7,165,active,-0.085714,2.146991e-06,6.379829e-05,0.7429,0.5714,105
48,features.7,166,pruned_before,nan,0.000000e+00,0.000000e+00,0.0000,0.0000,0
48,features.7,167,pruned_before,nan,0.000000e+00,0.000000e+00,0.0000,0.0000,0
48,features.7,168,pruned_before,nan,0.000000e+00,0.000000e+00,0.0000,0.0000,0
48,features.7,169,pruned_before,nan,0.000000e+00,0.000000e+00,0.0000,0.0000,0
48,features.7,170,pruned_before,nan,0.000000e+00,0.000000e+00,0.0000,0.0000,0
48,features.7,171,pruned_before,nan,0.000000e+00,0.000000e+00,0.0000,0.0000,0
48,features.7,172,pruned_before,nan,0.000000e+00,0.000000e+00,0.0000,0.0000,0
48,features.7,173,pruned_before,nan,0.000000e+00,0.000000e+00,0.0000,0.0000,0
48,features.7,174,pruned_before,nan,0.000000e+00,0.000000e+00,0.0000,0.0000,0
48,features.7,175,pruned_before,nan,0.000000e+00,0.000000e+00,0.0000,0.0000,0
48,features.7,176,pruned_before,nan,0.000000e+00,0.000000e+00,0.0000,0.0000,0
48,features.7,177,pruned_before,nan,0.000000e+00,0.000000e+00,0.0000,0.0000,0
48,features.7,178,pruned_before,nan,0.000000e+00,0.000000e+00,0.0000,0.0000,0
48,features.7,179,active,-0.128571,2.266451e-06,5.806681e-05,0.7714,0.5143,105
48,features.7,180,pruned_before,nan,0.000000e+00,0.000000e+00,0.0000,0.0000,0
48,features.7,181,pruned_before,nan,0.000000e+00,0.000000e+00,0.0000,0.0000,0
48,features.7,182,pruned_before,nan,0.000000e+00,0.000000e+00,0.0000,0.0000,0
48,features.7,183,pruned_before,nan,0.000000e+00,0.000000e+00,0.0000,0.0000,0
48,features.7,184,pruned_before,nan,0.000000e+00,0.000000e+00,0.0000,0.0000,0
48,features.7,185,pruned_before,nan,0.000000e+00,0.000000e+00,0.0000,0.0000,0
48,features.7,186,pruned_before,nan,0.000000e+00,0.000000e+00,0.0000,0.0000,0
48,features.7,187,active,0.028571,2.478223e-07,3.456761e-05,0.2000,0.2571,105
48,features.7,188,pruned_before,nan,0.000000e+00,0.000000e+00,0.0000,0.0000,0
48,features.7,189,pruned_before,nan,0.000000e+00,0.000000e+00,0.0000,0.0000,0
48,features.7,190,active,-0.014286,1.422635e-06,5.706600e-05,0.5143,0.4857,105
48,features.7,191,pruned_before,nan,0.000000e+00,0.000000e+00,0.0000,0.0000,0
48,features.8,0,active,0.134146,9.194956e-09,6.992696e-06,0.0366,0.3049,137
48,features.8,1,pruned_before,nan,0.000000e+00,0.000000e+00,0.0000,0.0000,0
48,features.8,2,pruned_before,nan,0.000000e+00,0.000000e+00,0.0000,0.0000,0
48,features.8,3,active,-0.018293,1.186633e-07,2.226471e-05,0.7317,0.6951,137
48,features.8,4,active,-0.067073,1.130908e-07,1.401216e-05,0.6829,0.5488,137
48,features.8,5,pruned_before,nan,0.000000e+00,0.000000e+00,0.0000,0.0000,0
48,features.8,6,pruned_before,nan,0.000000e+00,0.000000e+00,0.0000,0.0000,0
48,features.8,7,pruned_before,nan,0.000000e+00,0.000000e+00,0.0000,0.0000,0
48,features.8,8,pruned_before,nan,0.000000e+00,0.000000e+00,0.0000,0.0000,0
48,features.8,9,pruned_before,nan,0.000000e+00,0.000000e+00,0.0000,0.0000,0
48,features.8,10,pruned_before,nan,0.000000e+00,0.000000e+00,0.0000,0.0000,0
48,features.8,11,active,-0.073171,9.885936e-07,3.094987e-05,0.9878,0.8415,137
48,features.8,12,active,0.073171,6.302034e-09,3.624681e-06,0.0244,0.1707,137
48,features.8,13,pruned_before,nan,0.000000e+00,0.000000e+00,0.0000,0.0000,0
48,features.8,14,pruned_before,nan,0.000000e+00,0.000000e+00,0.0000,0.0000,0
48,features.8,15,pruned_before,nan,0.000000e+00,0.000000e+00,0.0000,0.0000,0
48,features.8,16,pruned_before,nan,0.000000e+00,0.000000e+00,0.0000,0.0000,0
48,features.8,17,pruned_before,nan,0.000000e+00,0.000000e+00,0.0000,0.0000,0
48,features.8,18,active,0.134146,3.133769e-09,5.872684e-06,0.0000,0.2683,137
48,features.8,19,pruned_before,nan,0.000000e+00,0.000000e+00,0.0000,0.0000,0
48,features.8,20,pruned_before,nan,0.000000e+00,0.000000e+00,0.0000,0.0000,0
48,features.8,21,pruned_before,nan,0.000000e+00,0.000000e+00,0.0000,0.0000,0
48,features.8,22,active,-0.091463,1.016183e-07,9.918531e-06,0.5976,0.4146,137
48,features.8,23,pruned_before,nan,0.000000e+00,0.000000e+00,0.0000,0.0000,0
48,features.8,24,pruned_before,nan,0.000000e+00,0.000000e+00,0.0000,0.0000,0
48,features.8,25,pruned_before,nan,0.000000e+00,0.000000e+00,0.0000,0.0000,0
48,features.8,26,pruned_before,nan,0.000000e+00,0.000000e+00,0.0000,0.0000,0
48,features.8,27,active,-0.073171,9.900359e-08,1.039396e-05,0.5854,0.4390,137
48,features.8,28,pruned_before,nan,0.000000e+00,0.000000e+00,0.0000,0.0000,0
48,features.8,29,pruned_before,nan,0.000000e+00,0.000000e+00,0.0000,0.0000,0
48,features.8,30,active,0.182927,8.849109e-08,3.499979e-05,0.5122,0.8780,137
48,features.8,31,pruned_before,nan,0.000000e+00,0.000000e+00,0.0000,0.0000,0
48,features.8,32,pruned_before,nan,0.000000e+00,0.000000e+00,0.0000,0.0000,0
48,features.8,33,pruned_before,nan,0.000000e+00,0.000000e+00,0.0000,0.0000,0
48,features.8,34,pruned_before,nan,0.000000e+00,0.000000e+00,0.0000,0.0000,0
48,features.8,35,pruned_before,nan,0.000000e+00,0.000000e+00,0.0000,0.0000,0
48,features.8,36,pruned_before,nan,0.000000e+00,0.000000e+00,0.0000,0.0000,0
48,features.8,37,pruned_before,nan,0.000000e+00,0.000000e+00,0.0000,0.0000,0
48,features.8,38,active,0.158537,5.976911e-08,1.752174e-05,0.3049,0.6220,137
48,features.8,39,pruned_before,nan,0.000000e+00,0.000000e+00,0.0000,0.0000,0
48,features.8,40,pruned_before,nan,0.000000e+00,0.000000e+00,0.0000,0.0000,0
48,features.8,41,active,0.121951,4.892809e-08,1.186234e-05,0.2561,0.5000,137
48,features.8,42,active,0.030488,8.470545e-08,1.349729e-05,0.4634,0.5244,137
48,features.8,43,active,0.134146,1.033449e-07,3.540205e-05,0.6220,0.8902,137
48,features.8,44,pruned_before,nan,0.000000e+00,0.000000e+00,0.0000,0.0000,0
48,features.8,45,pruned_before,nan,0.000000e+00,0.000000e+00,0.0000,0.0000,0
48,features.8,46,pruned_before,nan,0.000000e+00,0.000000e+00,0.0000,0.0000,0
48,features.8,47,active,0.054878,1.807022e-08,3.816036e-06,0.0732,0.1829,137
48,features.8,48,pruned_before,nan,0.000000e+00,0.000000e+00,0.0000,0.0000,0
48,features.8,49,active,-0.091463,3.911379e-07,2.553419e-05,0.9268,0.7439,137
48,features.8,50,active,0.030488,1.749305e-07,3.110246e-05,0.7927,0.8537,137
48,features.8,51,pruned_before,nan,0.000000e+00,0.000000e+00,0.0000,0.0000,0
48,features.8,52,pruned_before,nan,0.000000e+00,0.000000e+00,0.0000,0.0000,0
48,features.8,53,pruned_before,nan,0.000000e+00,0.000000e+00,0.0000,0.0000,0
48,features.8,54,pruned_before,nan,0.000000e+00,0.000000e+00,0.0000,0.0000,0
48,features.8,55,active,0.085366,6.164660e-08,1.145424e-05,0.3171,0.4878,137
48,features.8,56,pruned_before,nan,0.000000e+00,0.000000e+00,0.0000,0.0000,0
48,features.8,57,pruned_before,nan,0.000000e+00,0.000000e+00,0.0000,0.0000,0
48,features.8,58,pruned_before,nan,0.000000e+00,0.000000e+00,0.0000,0.0000,0
48,features.8,59,pruned_before,nan,0.000000e+00,0.000000e+00,0.0000,0.0000,0
48,features.8,60,pruned_before,nan,0.000000e+00,0.000000e+00,0.0000,0.0000,0
48,features.8,61,pruned_before,nan,0.000000e+00,0.000000e+00,0.0000,0.0000,0
48,features.8,62,pruned_before,nan,0.000000e+00,0.000000e+00,0.0000,0.0000,0
48,features.8,63,active,0.195122,8.605485e-08,3.410540e-05,0.4756,0.8659,137
48,features.8,64,pruned_before,nan,0.000000e+00,0.000000e+00,0.0000,0.0000,0
48,features.8,65,pruned_before,nan,0.000000e+00,0.000000e+00,0.0000,0.0000,0
48,features.8,66,pruned_before,nan,0.000000e+00,0.000000e+00,0.0000,0.0000,0
48,features.8,67,pruned_before,nan,0.000000e+00,0.000000e+00,0.0000,0.0000,0
48,features.8,68,pruned_before,nan,0.000000e+00,0.000000e+00,0.0000,0.0000,0
48,features.8,69,pruned_before,nan,0.000000e+00,0.000000e+00,0.0000,0.0000,0
48,features.8,70,active,-0.012195,1.135734e-07,1.995800e-05,0.6951,0.6707,137
48,features.8,71,pruned_before,nan,0.000000e+00,0.000000e+00,0.0000,0.0000,0
48,features.8,72,pruned_before,nan,0.000000e+00,0.000000e+00,0.0000,0.0000,0
48,features.8,73,pruned_before,nan,0.000000e+00,0.000000e+00,0.0000,0.0000,0
48,features.8,74,pruned_before,nan,0.000000e+00,0.000000e+00,0.0000,0.0000,0
48,features.8,75,active,-0.006098,8.200828e-07,5.326335e-05,0.9634,0.9512,137
48,features.8,76,pruned_before,nan,0.000000e+00,0.000000e+00,0.0000,0.0000,0
48,features.8,77,active,-0.097561,1.659052e-07,1.550611e-05,0.7805,0.5854,137
48,features.8,78,pruned_before,nan,0.000000e+00,0.000000e+00,0.0000,0.0000,0
48,features.8,79,pruned_before,nan,0.000000e+00,0.000000e+00,0.0000,0.0000,0
48,features.8,80,pruned_before,nan,0.000000e+00,0.000000e+00,0.0000,0.0000,0
48,features.8,81,pruned_before,nan,0.000000e+00,0.000000e+00,0.0000,0.0000,0
48,features.8,82,pruned_before,nan,0.000000e+00,0.000000e+00,0.0000,0.0000,0
48,features.8,83,pruned_before,nan,0.000000e+00,0.000000e+00,0.0000,0.0000,0
48,features.8,84,active,0.012195,2.514816e-08,2.593679e-06,0.1220,0.1463,137
48,features.8,85,pruned_before,nan,0.000000e+00,0.000000e+00,0.0000,0.0000,0
48,features.8,86,pruned_before,nan,0.000000e+00,0.000000e+00,0.0000,0.0000,0
48,features.8,87,pruned_before,nan,0.000000e+00,0.000000e+00,0.0000,0.0000,0
48,features.8,88,pruned_before,nan,0.000000e+00,0.000000e+00,0.0000,0.0000,0
48,features.8,89,pruned_before,nan,0.000000e+00,0.000000e+00,0.0000,0.0000,0
48,features.8,90,pruned_before,nan,0.000000e+00,0.000000e+00,0.0000,0.0000,0
48,features.8,91,pruned_before,nan,0.000000e+00,0.000000e+00,0.0000,0.0000,0
48,features.8,92,pruned_before,nan,0.000000e+00,0.000000e+00,0.0000,0.0000,0
48,features.8,93,pruned_before,nan,0.000000e+00,0.000000e+00,0.0000,0.0000,0
48,features.8,94,pruned_before,nan,0.000000e+00,0.000000e+00,0.0000,0.0000,0
48,features.8,95,pruned_before,nan,0.000000e+00,0.000000e+00,0.0000,0.0000,0
48,features.8,96,pruned_before,nan,0.000000e+00,0.000000e+00,0.0000,0.0000,0
48,features.8,97,pruned_before,nan,0.000000e+00,0.000000e+00,0.0000,0.0000,0
48,features.8,98,pruned_before,nan,0.000000e+00,0.000000e+00,0.0000,0.0000,0
48,features.8,99,pruned_before,nan,0.000000e+00,0.000000e+00,0.0000,0.0000,0
48,features.8,100,pruned_before,nan,0.000000e+00,0.000000e+00,0.0000,0.0000,0
48,features.8,101,pruned_before,nan,0.000000e+00,0.000000e+00,0.0000,0.0000,0
48,features.8,102,active,-0.030488,6.529257e-08,6.861565e-06,0.3537,0.2927,137
48,features.8,103,active,0.012195,6.954229e-08,9.583779e-06,0.3780,0.4024,137
48,features.8,104,pruned_before,nan,0.000000e+00,0.000000e+00,0.0000,0.0000,0
48,features.8,105,active,-0.036585,2.985887e-07,3.013194e-05,0.8902,0.8171,137
48,features.8,106,active,0.048781,1.020404e-07,2.236560e-05,0.6098,0.7073,137
48,features.8,107,pruned_before,nan,0.000000e+00,0.000000e+00,0.0000,0.0000,0
48,features.8,108,pruned_before,nan,0.000000e+00,0.000000e+00,0.0000,0.0000,0
48,features.8,109,pruned_before,nan,0.000000e+00,0.000000e+00,0.0000,0.0000,0
48,features.8,110,pruned_before,nan,0.000000e+00,0.000000e+00,0.0000,0.0000,0
48,features.8,111,active,-0.036585,9.714993e-08,1.101187e-05,0.5488,0.4756,137
48,features.8,112,pruned_before,nan,0.000000e+00,0.000000e+00,0.0000,0.0000,0
48,features.8,113,active,0.000000,3.834311e-08,4.554974e-06,0.1951,0.1951,137
48,features.8,114,pruned_before,nan,0.000000e+00,0.000000e+00,0.0000,0.0000,0
48,features.8,115,pruned_before,nan,0.000000e+00,0.000000e+00,0.0000,0.0000,0
48,features.8,116,protected,0.030488,5.204240e-07,3.615854e-04,0.9390,1.0000,137
48,features.8,117,pruned_before,nan,0.000000e+00,0.000000e+00,0.0000,0.0000,0
48,features.8,118,pruned_before,nan,0.000000e+00,0.000000e+00,0.0000,0.0000,0
48,features.8,119,pruned_before,nan,0.000000e+00,0.000000e+00,0.0000,0.0000,0
48,features.8,120,pruned_before,nan,0.000000e+00,0.000000e+00,0.0000,0.0000,0
48,features.8,121,active,0.006098,3.048059e-07,4.574290e-05,0.9024,0.9146,137
48,features.8,122,pruned_before,nan,0.000000e+00,0.000000e+00,0.0000,0.0000,0
48,features.8,123,pruned_before,nan,0.000000e+00,0.000000e+00,0.0000,0.0000,0
48,features.8,124,pruned_before,nan,0.000000e+00,0.000000e+00,0.0000,0.0000,0
48,features.8,125,pruned_before,nan,0.000000e+00,0.000000e+00,0.0000,0.0000,0
48,features.8,126,active,0.054878,1.086208e-07,2.570700e-05,0.6463,0.7561,137
48,features.8,127,pruned_before,nan,0.000000e+00,0.000000e+00,0.0000,0.0000,0
48,features.8,128,pruned_before,nan,0.000000e+00,0.000000e+00,0.0000,0.0000,0
48,features.8,129,pruned_before,nan,0.000000e+00,0.000000e+00,0.0000,0.0000,0
48,features.8,130,pruned_before,nan,0.000000e+00,0.000000e+00,0.0000,0.0000,0
48,features.8,131,pruned_before,nan,0.000000e+00,0.000000e+00,0.0000,0.0000,0
48,features.8,132,pruned_before,nan,0.000000e+00,0.000000e+00,0.0000,0.0000,0
48,features.8,133,pruned_before,nan,0.000000e+00,0.000000e+00,0.0000,0.0000,0
48,features.8,134,pruned_before,nan,0.000000e+00,0.000000e+00,0.0000,0.0000,0
48,features.8,135,pruned_before,nan,0.000000e+00,0.000000e+00,0.0000,0.0000,0
48,features.8,136,pruned_before,nan,0.000000e+00,0.000000e+00,0.0000,0.0000,0
48,features.8,137,pruned_before,nan,0.000000e+00,0.000000e+00,0.0000,0.0000,0
48,features.8,138,active,-0.109756,9.782118e-08,7.509758e-06,0.5610,0.3415,137
48,features.8,139,pruned_before,nan,0.000000e+00,0.000000e+00,0.0000,0.0000,0
48,features.8,140,active,0.030488,6.955792e-08,1.047178e-05,0.3902,0.4512,137
48,features.8,141,pruned_before,nan,0.000000e+00,0.000000e+00,0.0000,0.0000,0
48,features.8,142,pruned_before,nan,0.000000e+00,0.000000e+00,0.0000,0.0000,0
48,features.8,143,pruned_before,nan,0.000000e+00,0.000000e+00,0.0000,0.0000,0
48,features.8,144,pruned_before,nan,0.000000e+00,0.000000e+00,0.0000,0.0000,0
48,features.8,145,pruned_before,nan,0.000000e+00,0.000000e+00,0.0000,0.0000,0
48,features.8,146,active,0.036585,4.540811e-08,7.225085e-06,0.2439,0.3171,137
48,features.8,147,pruned_before,nan,0.000000e+00,0.000000e+00,0.0000,0.0000,0
48,features.8,148,pruned_before,nan,0.000000e+00,0.000000e+00,0.0000,0.0000,0
48,features.8,149,pruned_before,nan,0.000000e+00,0.000000e+00,0.0000,0.0000,0
48,features.8,150,pruned_before,nan,0.000000e+00,0.000000e+00,0.0000,0.0000,0
48,features.8,151,pruned_before,nan,0.000000e+00,0.000000e+00,0.0000,0.0000,0
48,features.8,152,active,-0.006098,3.941408e-08,4.618532e-06,0.2195,0.2073,137
48,features.8,153,pruned_before,nan,0.000000e+00,0.000000e+00,0.0000,0.0000,0
48,features.8,154,pruned_before,nan,0.000000e+00,0.000000e+00,0.0000,0.0000,0
48,features.8,155,pruned_before,nan,0.000000e+00,0.000000e+00,0.0000,0.0000,0
48,features.8,156,pruned_before,nan,0.000000e+00,0.000000e+00,0.0000,0.0000,0
48,features.8,157,pruned_before,nan,0.000000e+00,0.000000e+00,0.0000,0.0000,0
48,features.8,158,pruned_before,nan,0.000000e+00,0.000000e+00,0.0000,0.0000,0
48,features.8,159,pruned_before,nan,0.000000e+00,0.000000e+00,0.0000,0.0000,0
48,features.8,160,pruned_before,nan,0.000000e+00,0.000000e+00,0.0000,0.0000,0
48,features.8,161,pruned_before,nan,0.000000e+00,0.000000e+00,0.0000,0.0000,0
48,features.8,162,pruned_before,nan,0.000000e+00,0.000000e+00,0.0000,0.0000,0
48,features.8,163,pruned_before,nan,0.000000e+00,0.000000e+00,0.0000,0.0000,0
48,features.8,164,active,-0.134146,7.573623e-08,3.365919e-06,0.4268,0.1585,137
48,features.8,165,active,0.085366,1.034559e-08,4.619360e-06,0.0488,0.2195,137
48,features.8,166,pruned_before,nan,0.000000e+00,0.000000e+00,0.0000,0.0000,0
48,features.8,167,active,-0.012195,1.124651e-07,1.784589e-05,0.6707,0.6463,137
48,features.8,168,pruned_before,nan,0.000000e+00,0.000000e+00,0.0000,0.0000,0
48,features.8,169,active,0.073171,2.105876e-08,5.412094e-06,0.0976,0.2439,137
48,features.8,170,pruned_before,nan,0.000000e+00,0.000000e+00,0.0000,0.0000,0
48,features.8,171,pruned_before,nan,0.000000e+00,0.000000e+00,0.0000,0.0000,0
48,features.8,172,pruned_before,nan,0.000000e+00,0.000000e+00,0.0000,0.0000,0
48,features.8,173,pruned_before,nan,0.000000e+00,0.000000e+00,0.0000,0.0000,0
48,features.8,174,pruned_before,nan,0.000000e+00,0.000000e+00,0.0000,0.0000,0
48,features.8,175,pruned_before,nan,0.000000e+00,0.000000e+00,0.0000,0.0000,0
48,features.8,176,pruned_before,nan,0.000000e+00,0.000000e+00,0.0000,0.0000,0
48,features.8,177,pruned_before,nan,0.000000e+00,0.000000e+00,0.0000,0.0000,0
48,features.8,178,pruned_before,nan,0.000000e+00,0.000000e+00,0.0000,0.0000,0
48,features.8,179,pruned_before,nan,0.000000e+00,0.000000e+00,0.0000,0.0000,0
48,features.8,180,active,-0.152439,9.605972e-08,5.298770e-06,0.5366,0.2317,137
48,features.8,181,pruned_before,nan,0.000000e+00,0.000000e+00,0.0000,0.0000,0
48,features.8,182,pruned_before,nan,0.000000e+00,0.000000e+00,0.0000,0.0000,0
48,features.8,183,pruned_before,nan,0.000000e+00,0.000000e+00,0.0000,0.0000,0
48,features.8,184,active,0.012195,6.684328e-08,9.200235e-06,0.3659,0.3902,137
48,features.8,185,pruned_before,nan,0.000000e+00,0.000000e+00,0.0000,0.0000,0
48,features.8,186,active,-0.067073,4.392905e-08,2.275582e-06,0.2317,0.0976,137
48,features.8,187,active,0.213415,7.265452e-08,3.075110e-05,0.4024,0.8293,137
48,features.8,188,active,0.036585,1.390332e-08,2.466996e-06,0.0610,0.1341,137
48,features.8,189,active,0.006098,9.431702e-07,1.123542e-04,0.9756,0.9878,137
48,features.8,190,pruned_now,-0.225610,8.694692e-08,1.468893e-06,0.5000,0.0488,137
48,features.8,191,pruned_before,nan,0.000000e+00,0.000000e+00,0.0000,0.0000,0
48,features.8,192,active,0.042683,2.791482e-07,7.192632e-05,0.8780,0.9634,137
48,features.8,193,pruned_before,nan,0.000000e+00,0.000000e+00,0.0000,0.0000,0
48,features.8,194,pruned_before,nan,0.000000e+00,0.000000e+00,0.0000,0.0000,0
48,features.8,195,pruned_before,nan,0.000000e+00,0.000000e+00,0.0000,0.0000,0
48,features.8,196,pruned_before,nan,0.000000e+00,0.000000e+00,0.0000,0.0000,0
48,features.8,197,pruned_before,nan,0.000000e+00,0.000000e+00,0.0000,0.0000,0
48,features.8,198,pruned_before,nan,0.000000e+00,0.000000e+00,0.0000,0.0000,0
48,features.8,199,pruned_before,nan,0.000000e+00,0.000000e+00,0.0000,0.0000,0
48,features.8,200,active,0.219512,6.212020e-08,2.751961e-05,0.3293,0.7683,137
48,features.8,201,pruned_before,nan,0.000000e+00,0.000000e+00,0.0000,0.0000,0
48,features.8,202,pruned_before,nan,0.000000e+00,0.000000e+00,0.0000,0.0000,0
48,features.8,203,pruned_before,nan,0.000000e+00,0.000000e+00,0.0000,0.0000,0
48,features.8,204,active,-0.170732,7.530266e-08,1.712367e-06,0.4146,0.0732,137
48,features.8,205,pruned_before,nan,0.000000e+00,0.000000e+00,0.0000,0.0000,0
48,features.8,206,pruned_before,nan,0.000000e+00,0.000000e+00,0.0000,0.0000,0
48,features.8,207,pruned_before,nan,0.000000e+00,0.000000e+00,0.0000,0.0000,0
48,features.8,208,pruned_now,-0.347561,1.144285e-07,7.924699e-07,0.7195,0.0244,137
48,features.8,209,active,-0.109756,5.383781e-07,2.378134e-05,0.9512,0.7317,137
48,features.8,210,pruned_before,nan,0.000000e+00,0.000000e+00,0.0000,0.0000,0
48,features.8,211,pruned_before,nan,0.000000e+00,0.000000e+00,0.0000,0.0000,0
48,features.8,212,pruned_before,nan,0.000000e+00,0.000000e+00,0.0000,0.0000,0
48,features.8,213,pruned_before,nan,0.000000e+00,0.000000e+00,0.0000,0.0000,0
48,features.8,214,pruned_before,nan,0.000000e+00,0.000000e+00,0.0000,0.0000,0
48,features.8,215,pruned_before,nan,0.000000e+00,0.000000e+00,0.0000,0.0000,0
48,features.8,216,pruned_before,nan,0.000000e+00,0.000000e+00,0.0000,0.0000,0
48,features.8,217,pruned_before,nan,0.000000e+00,0.000000e+00,0.0000,0.0000,0
48,features.8,218,pruned_before,nan,0.000000e+00,0.000000e+00,0.0000,0.0000,0
48,features.8,219,active,0.225610,5.035607e-08,2.294479e-05,0.2683,0.7195,137
48,features.8,220,pruned_before,nan,0.000000e+00,0.000000e+00,0.0000,0.0000,0
48,features.8,221,pruned_before,nan,0.000000e+00,0.000000e+00,0.0000,0.0000,0
48,features.8,222,pruned_before,nan,0.000000e+00,0.000000e+00,0.0000,0.0000,0
48,features.8,223,pruned_before,nan,0.000000e+00,0.000000e+00,0.0000,0.0000,0
48,features.8,224,pruned_before,nan,0.000000e+00,0.000000e+00,0.0000,0.0000,0
48,features.8,225,pruned_before,nan,0.000000e+00,0.000000e+00,0.0000,0.0000,0
48,features.8,226,pruned_before,nan,0.000000e+00,0.000000e+00,0.0000,0.0000,0
48,features.8,227,pruned_before,nan,0.000000e+00,0.000000e+00,0.0000,0.0000,0
48,features.8,228,pruned_before,nan,0.000000e+00,0.000000e+00,0.0000,0.0000,0
48,features.8,229,active,-0.030488,3.807986e-08,2.448995e-06,0.1829,0.1220,137
48,features.8,230,pruned_before,nan,0.000000e+00,0.000000e+00,0.0000,0.0000,0
48,features.8,231,pruned_before,nan,0.000000e+00,0.000000e+00,0.0000,0.0000,0
48,features.8,232,active,0.176829,5.117671e-08,1.781052e-05,0.2805,0.6341,137
48,features.8,233,active,0.121951,5.869826e-09,5.663030e-06,0.0122,0.2561,137
48,features.8,234,pruned_before,nan,0.000000e+00,0.000000e+00,0.0000,0.0000,0
48,features.8,235,active,-0.146341,1.922209e-07,1.395694e-05,0.8293,0.5366,137
48,features.8,236,pruned_before,nan,0.000000e+00,0.000000e+00,0.0000,0.0000,0
48,features.8,237,active,-0.048780,1.104511e-07,1.451749e-05,0.6585,0.5610,137
48,features.8,238,pruned_before,nan,0.000000e+00,0.000000e+00,0.0000,0.0000,0
48,features.8,239,pruned_before,nan,0.000000e+00,0.000000e+00,0.0000,0.0000,0
48,features.8,240,pruned_before,nan,0.000000e+00,0.000000e+00,0.0000,0.0000,0
48,features.8,241,active,-0.018293,3.410385e-08,2.355456e-06,0.1463,0.1098,137
48,features.8,242,pruned_before,nan,0.000000e+00,0.000000e+00,0.0000,0.0000,0
48,features.8,243,pruned_before,nan,0.000000e+00,0.000000e+00,0.0000,0.0000,0
48,features.8,244,active,0.128049,2.452402e-08,9.127989e-06,0.1098,0.3659,137
48,features.8,245,pruned_before,nan,0.000000e+00,0.000000e+00,0.0000,0.0000,0
48,features.8,246,pruned_before,nan,0.000000e+00,0.000000e+00,0.0000,0.0000,0
48,features.8,247,pruned_before,nan,0.000000e+00,0.000000e+00,0.0000,0.0000,0
48,features.8,248,pruned_before,nan,0.000000e+00,0.000000e+00,0.0000,0.0000,0
48,features.8,249,active,0.079268,8.351034e-08,1.668920e-05,0.4512,0.6098,137
48,features.8,250,pruned_before,nan,0.000000e+00,0.000000e+00,0.0000,0.0000,0
48,features.8,251,pruned_before,nan,0.000000e+00,0.000000e+00,0.0000,0.0000,0
48,features.8,252,pruned_now,-0.189024,7.851536e-08,1.668607e-06,0.4390,0.0610,137
48,features.8,253,pruned_before,nan,0.000000e+00,0.000000e+00,0.0000,0.0000,0
48,features.8,254,pruned_before,nan,0.000000e+00,0.000000e+00,0.0000,0.0000,0
48,features.8,255,pruned_before,nan,0.000000e+00,0.000000e+00,0.0000,0.0000,0
48,features.8,256,pruned_before,nan,0.000000e+00,0.000000e+00,0.0000,0.0000,0
48,features.8,257,pruned_before,nan,0.000000e+00,0.000000e+00,0.0000,0.0000,0
48,features.8,258,pruned_before,nan,0.000000e+00,0.000000e+00,0.0000,0.0000,0
48,features.8,259,pruned_before,nan,0.000000e+00,0.000000e+00,0.0000,0.0000,0
48,features.8,260,active,-0.036585,1.464367e-06,4.730104e-05,1.0000,0.9268,137
48,features.8,261,pruned_before,nan,0.000000e+00,0.000000e+00,0.0000,0.0000,0
48,features.8,262,pruned_before,nan,0.000000e+00,0.000000e+00,0.0000,0.0000,0
48,features.8,263,pruned_before,nan,0.000000e+00,0.000000e+00,0.0000,0.0000,0
48,features.8,264,pruned_before,nan,0.000000e+00,0.000000e+00,0.0000,0.0000,0
48,features.8,265,active,0.054878,9.825505e-08,2.188422e-05,0.5732,0.6829,137
48,features.8,266,active,-0.103659,8.649504e-08,6.720838e-06,0.4878,0.2805,137
48,features.8,267,pruned_before,nan,0.000000e+00,0.000000e+00,0.0000,0.0000,0
48,features.8,268,pruned_before,nan,0.000000e+00,0.000000e+00,0.0000,0.0000,0
48,features.8,269,active,0.012195,3.144692e-07,4.956355e-05,0.9146,0.9390,137
48,features.8,270,pruned_before,nan,0.000000e+00,0.000000e+00,0.0000,0.0000,0
48,features.8,271,active,0.128049,3.890134e-08,1.100993e-05,0.2073,0.4634,137
48,features.8,272,pruned_before,nan,0.000000e+00,0.000000e+00,0.0000,0.0000,0
48,features.8,273,pruned_before,nan,0.000000e+00,0.000000e+00,0.0000,0.0000,0
48,features.8,274,pruned_before,nan,0.000000e+00,0.000000e+00,0.0000,0.0000,0
48,features.8,275,pruned_before,nan,0.000000e+00,0.000000e+00,0.0000,0.0000,0
48,features.8,276,pruned_before,nan,0.000000e+00,0.000000e+00,0.0000,0.0000,0
48,features.8,277,pruned_before,nan,0.000000e+00,0.000000e+00,0.0000,0.0000,0
48,features.8,278,pruned_before,nan,0.000000e+00,0.000000e+00,0.0000,0.0000,0
48,features.8,279,pruned_before,nan,0.000000e+00,0.000000e+00,0.0000,0.0000,0
48,features.8,280,pruned_before,nan,0.000000e+00,0.000000e+00,0.0000,0.0000,0
48,features.8,281,pruned_before,nan,0.000000e+00,0.000000e+00,0.0000,0.0000,0
48,features.8,282,pruned_before,nan,0.000000e+00,0.000000e+00,0.0000,0.0000,0
48,features.8,283,pruned_before,nan,0.000000e+00,0.000000e+00,0.0000,0.0000,0
48,features.8,284,pruned_before,nan,0.000000e+00,0.000000e+00,0.0000,0.0000,0
48,features.8,285,pruned_before,nan,0.000000e+00,0.000000e+00,0.0000,0.0000,0
48,features.8,286,pruned_before,nan,0.000000e+00,0.000000e+00,0.0000,0.0000,0
48,features.8,287,pruned_before,nan,0.000000e+00,0.000000e+00,0.0000,0.0000,0
48,features.8,288,pruned_before,nan,0.000000e+00,0.000000e+00,0.0000,0.0000,0
48,features.8,289,active,-0.152439,1.900133e-07,1.326782e-05,0.8171,0.5122,137
48,features.8,290,pruned_before,nan,0.000000e+00,0.000000e+00,0.0000,0.0000,0
48,features.8,291,pruned_before,nan,0.000000e+00,0.000000e+00,0.0000,0.0000,0
48,features.8,292,pruned_before,nan,0.000000e+00,0.000000e+00,0.0000,0.0000,0
48,features.8,293,pruned_before,nan,0.000000e+00,0.000000e+00,0.0000,0.0000,0
48,features.8,294,pruned_before,nan,0.000000e+00,0.000000e+00,0.0000,0.0000,0
48,features.8,295,pruned_before,nan,0.000000e+00,0.000000e+00,0.0000,0.0000,0
48,features.8,296,active,-0.042683,1.206086e-07,1.826410e-05,0.7439,0.6585,137
48,features.8,297,active,-0.030488,2.289911e-07,2.867460e-05,0.8659,0.8049,137
48,features.8,298,pruned_before,nan,0.000000e+00,0.000000e+00,0.0000,0.0000,0
48,features.8,299,pruned_before,nan,0.000000e+00,0.000000e+00,0.0000,0.0000,0
48,features.8,300,pruned_before,nan,0.000000e+00,0.000000e+00,0.0000,0.0000,0
48,features.8,301,pruned_before,nan,0.000000e+00,0.000000e+00,0.0000,0.0000,0
48,features.8,302,pruned_before,nan,0.000000e+00,0.000000e+00,0.0000,0.0000,0
48,features.8,303,pruned_before,nan,0.000000e+00,0.000000e+00,0.0000,0.0000,0
48,features.8,304,pruned_before,nan,0.000000e+00,0.000000e+00,0.0000,0.0000,0
48,features.8,305,pruned_before,nan,0.000000e+00,0.000000e+00,0.0000,0.0000,0
48,features.8,306,pruned_before,nan,0.000000e+00,0.000000e+00,0.0000,0.0000,0
48,features.8,307,active,0.128049,9.331960e-08,2.785020e-05,0.5244,0.7805,137
48,features.8,308,pruned_before,nan,0.000000e+00,0.000000e+00,0.0000,0.0000,0
48,features.8,309,pruned_before,nan,0.000000e+00,0.000000e+00,0.0000,0.0000,0
48,features.8,310,pruned_before,nan,0.000000e+00,0.000000e+00,0.0000,0.0000,0
48,features.8,311,pruned_before,nan,0.000000e+00,0.000000e+00,0.0000,0.0000,0
48,features.8,312,pruned_before,nan,0.000000e+00,0.000000e+00,0.0000,0.0000,0
48,features.8,313,pruned_before,nan,0.000000e+00,0.000000e+00,0.0000,0.0000,0
48,features.8,314,pruned_before,nan,0.000000e+00,0.000000e+00,0.0000,0.0000,0
48,features.8,315,pruned_before,nan,0.000000e+00,0.000000e+00,0.0000,0.0000,0
48,features.8,316,pruned_before,nan,0.000000e+00,0.000000e+00,0.0000,0.0000,0
48,features.8,317,pruned_before,nan,0.000000e+00,0.000000e+00,0.0000,0.0000,0
48,features.8,318,pruned_before,nan,0.000000e+00,0.000000e+00,0.0000,0.0000,0
48,features.8,319,pruned_before,nan,0.000000e+00,0.000000e+00,0.0000,0.0000,0
48,features.8,320,active,-0.140244,1.062949e-07,8.476804e-06,0.6341,0.3537,137
48,features.8,321,pruned_before,nan,0.000000e+00,0.000000e+00,0.0000,0.0000,0
48,features.8,322,pruned_before,nan,0.000000e+00,0.000000e+00,0.0000,0.0000,0
48,features.8,323,pruned_before,nan,0.000000e+00,0.000000e+00,0.0000,0.0000,0
48,features.8,324,active,-0.042683,1.851854e-08,5.322909e-07,0.0854,0.0000,137
48,features.8,325,pruned_before,nan,0.000000e+00,0.000000e+00,0.0000,0.0000,0
48,features.8,326,pruned_before,nan,0.000000e+00,0.000000e+00,0.0000,0.0000,0
48,features.8,327,active,0.067073,2.111949e-07,9.583090e-05,0.8415,0.9756,137
48,features.8,328,pruned_before,nan,0.000000e+00,0.000000e+00,0.0000,0.0000,0
48,features.8,329,pruned_before,nan,0.000000e+00,0.000000e+00,0.0000,0.0000,0
48,features.8,330,active,0.201220,3.678695e-08,1.524599e-05,0.1707,0.5732,137
48,features.8,331,pruned_before,nan,0.000000e+00,0.000000e+00,0.0000,0.0000,0
48,features.8,332,pruned_before,nan,0.000000e+00,0.000000e+00,0.0000,0.0000,0
48,features.8,333,pruned_before,nan,0.000000e+00,0.000000e+00,0.0000,0.0000,0
48,features.8,334,pruned_before,nan,0.000000e+00,0.000000e+00,0.0000,0.0000,0
48,features.8,335,pruned_before,nan,0.000000e+00,0.000000e+00,0.0000,0.0000,0
48,features.8,336,pruned_before,nan,0.000000e+00,0.000000e+00,0.0000,0.0000,0
48,features.8,337,pruned_before,nan,0.000000e+00,0.000000e+00,0.0000,0.0000,0
48,features.8,338,pruned_now,-0.195122,1.334246e-07,9.177003e-06,0.7683,0.3780,137
48,features.8,339,active,-0.140244,1.141314e-07,1.002426e-05,0.7073,0.4268,137
48,features.8,340,pruned_before,nan,0.000000e+00,0.000000e+00,0.0000,0.0000,0
48,features.8,341,pruned_before,nan,0.000000e+00,0.000000e+00,0.0000,0.0000,0
48,features.8,342,active,0.048781,1.754258e-07,4.237536e-05,0.8049,0.9024,137
48,features.8,343,pruned_before,nan,0.000000e+00,0.000000e+00,0.0000,0.0000,0
48,features.8,344,pruned_before,nan,0.000000e+00,0.000000e+00,0.0000,0.0000,0
48,features.8,345,pruned_before,nan,0.000000e+00,0.000000e+00,0.0000,0.0000,0
48,features.8,346,pruned_before,nan,0.000000e+00,0.000000e+00,0.0000,0.0000,0
48,features.8,347,pruned_before,nan,0.000000e+00,0.000000e+00,0.0000,0.0000,0
48,features.8,348,pruned_before,nan,0.000000e+00,0.000000e+00,0.0000,0.0000,0
48,features.8,349,pruned_before,nan,0.000000e+00,0.000000e+00,0.0000,0.0000,0
48,features.8,350,pruned_before,nan,0.000000e+00,0.000000e+00,0.0000,0.0000,0
48,features.8,351,pruned_before,nan,0.000000e+00,0.000000e+00,0.0000,0.0000,0
48,features.8,352,pruned_before,nan,0.000000e+00,0.000000e+00,0.0000,0.0000,0
48,features.8,353,pruned_before,nan,0.000000e+00,0.000000e+00,0.0000,0.0000,0
48,features.8,354,pruned_before,nan,0.000000e+00,0.000000e+00,0.0000,0.0000,0
48,features.8,355,pruned_before,nan,0.000000e+00,0.000000e+00,0.0000,0.0000,0
48,features.8,356,active,-0.073171,3.562969e-08,5.816216e-07,0.1585,0.0122,137
48,features.8,357,pruned_before,nan,0.000000e+00,0.000000e+00,0.0000,0.0000,0
48,features.8,358,pruned_before,nan,0.000000e+00,0.000000e+00,0.0000,0.0000,0
48,features.8,359,pruned_before,nan,0.000000e+00,0.000000e+00,0.0000,0.0000,0
48,features.8,360,pruned_before,nan,0.000000e+00,0.000000e+00,0.0000,0.0000,0
48,features.8,361,pruned_before,nan,0.000000e+00,0.000000e+00,0.0000,0.0000,0
48,features.8,362,pruned_before,nan,0.000000e+00,0.000000e+00,0.0000,0.0000,0
48,features.8,363,pruned_before,nan,0.000000e+00,0.000000e+00,0.0000,0.0000,0
48,features.8,364,pruned_before,nan,0.000000e+00,0.000000e+00,0.0000,0.0000,0
48,features.8,365,pruned_before,nan,0.000000e+00,0.000000e+00,0.0000,0.0000,0
48,features.8,366,pruned_before,nan,0.000000e+00,0.000000e+00,0.0000,0.0000,0
48,features.8,367,pruned_before,nan,0.000000e+00,0.000000e+00,0.0000,0.0000,0
48,features.8,368,pruned_before,nan,0.000000e+00,0.000000e+00,0.0000,0.0000,0
48,features.8,369,active,0.152439,5.148613e-08,1.632925e-05,0.2927,0.5976,137
48,features.8,370,pruned_before,nan,0.000000e+00,0.000000e+00,0.0000,0.0000,0
48,features.8,371,pruned_before,nan,0.000000e+00,0.000000e+00,0.0000,0.0000,0
48,features.8,372,pruned_now,-0.213415,1.303094e-07,7.509708e-06,0.7561,0.3293,137
48,features.8,373,pruned_before,nan,0.000000e+00,0.000000e+00,0.0000,0.0000,0
48,features.8,374,active,-0.152439,6.419030e-08,7.987046e-07,0.3415,0.0366,137
48,features.8,375,active,-0.030488,2.223527e-07,2.793851e-05,0.8537,0.7927,137
48,features.8,376,pruned_before,nan,0.000000e+00,0.000000e+00,0.0000,0.0000,0
48,features.8,377,pruned_before,nan,0.000000e+00,0.000000e+00,0.0000,0.0000,0
48,features.8,378,pruned_before,nan,0.000000e+00,0.000000e+00,0.0000,0.0000,0
48,features.8,379,pruned_before,nan,0.000000e+00,0.000000e+00,0.0000,0.0000,0
48,features.8,380,pruned_before,nan,0.000000e+00,0.000000e+00,0.0000,0.0000,0
48,features.8,381,active,-0.024390,3.229633e-08,1.939936e-06,0.1341,0.0854,137
48,features.8,382,pruned_before,nan,0.000000e+00,0.000000e+00,0.0000,0.0000,0
48,features.8,383,pruned_before,nan,0.000000e+00,0.000000e+00,0.0000,0.0000,0
48,features.9,0,pruned_before,nan,0.000000e+00,0.000000e+00,0.0000,0.0000,0
48,features.9,1,pruned_before,nan,0.000000e+00,0.000000e+00,0.0000,0.0000,0
48,features.9,2,pruned_before,nan,0.000000e+00,0.000000e+00,0.0000,0.0000,0
48,features.9,3,pruned_before,nan,0.000000e+00,0.000000e+00,0.0000,0.0000,0
48,features.9,4,pruned_before,nan,0.000000e+00,0.000000e+00,0.0000,0.0000,0
48,features.9,5,pruned_before,nan,0.000000e+00,0.000000e+00,0.0000,0.0000,0
48,features.9,6,active,-0.039474,7.738324e-07,3.447664e-05,0.9868,0.9079,137
48,features.9,7,pruned_before,nan,0.000000e+00,0.000000e+00,0.0000,0.0000,0
48,features.9,8,pruned_before,nan,0.000000e+00,0.000000e+00,0.0000,0.0000,0
48,features.9,9,pruned_before,nan,0.000000e+00,0.000000e+00,0.0000,0.0000,0
48,features.9,10,active,0.078947,3.957618e-08,7.778743e-06,0.3421,0.5000,137
48,features.9,11,active,0.098684,2.045269e-08,4.499661e-06,0.1184,0.3158,137
48,features.9,12,pruned_before,nan,0.000000e+00,0.000000e+00,0.0000,0.0000,0
48,features.9,13,pruned_before,nan,0.000000e+00,0.000000e+00,0.0000,0.0000,0
48,features.9,14,active,0.171053,3.636236e-08,1.057707e-05,0.2500,0.5921,137
48,features.9,15,pruned_before,nan,0.000000e+00,0.000000e+00,0.0000,0.0000,0
48,features.9,16,pruned_before,nan,0.000000e+00,0.000000e+00,0.0000,0.0000,0
48,features.9,17,pruned_before,nan,0.000000e+00,0.000000e+00,0.0000,0.0000,0
48,features.9,18,active,-0.098684,1.035010e-07,6.894732e-06,0.6447,0.4474,137
48,features.9,19,pruned_before,nan,0.000000e+00,0.000000e+00,0.0000,0.0000,0
48,features.9,20,pruned_before,nan,0.000000e+00,0.000000e+00,0.0000,0.0000,0
48,features.9,21,pruned_before,nan,0.000000e+00,0.000000e+00,0.0000,0.0000,0
48,features.9,22,pruned_before,nan,0.000000e+00,0.000000e+00,0.0000,0.0000,0
48,features.9,23,active,-0.092105,5.410032e-08,4.947679e-06,0.5132,0.3289,137
48,features.9,24,pruned_before,nan,0.000000e+00,0.000000e+00,0.0000,0.0000,0
48,features.9,25,pruned_before,nan,0.000000e+00,0.000000e+00,0.0000,0.0000,0
48,features.9,26,active,0.006579,3.945559e-07,5.506591e-05,0.9474,0.9605,137
48,features.9,27,pruned_before,nan,0.000000e+00,0.000000e+00,0.0000,0.0000,0
48,features.9,28,pruned_before,nan,0.000000e+00,0.000000e+00,0.0000,0.0000,0
48,features.9,29,pruned_before,nan,0.000000e+00,0.000000e+00,0.0000,0.0000,0
48,features.9,30,pruned_before,nan,0.000000e+00,0.000000e+00,0.0000,0.0000,0
48,features.9,31,pruned_before,nan,0.000000e+00,0.000000e+00,0.0000,0.0000,0
48,features.9,32,active,-0.039474,2.686857e-07,1.713041e-05,0.8684,0.7895,137
48,features.9,33,pruned_before,nan,0.000000e+00,0.000000e+00,0.0000,0.0000,0
48,features.9,34,pruned_before,nan,0.000000e+00,0.000000e+00,0.0000,0.0000,0
48,features.9,35,active,0.151316,3.603685e-08,8.928216e-06,0.2368,0.5395,137
48,features.9,36,pruned_before,nan,0.000000e+00,0.000000e+00,0.0000,0.0000,0
48,features.9,37,pruned_before,nan,0.000000e+00,0.000000e+00,0.0000,0.0000,0
48,features.9,38,pruned_before,nan,0.000000e+00,0.000000e+00,0.0000,0.0000,0
48,features.9,39,active,0.039474,3.866441e-08,5.382910e-06,0.3158,0.3947,137
48,features.9,40,active,-0.046053,6.800389e-08,7.630100e-06,0.5789,0.4868,137
48,features.9,41,pruned_before,nan,0.000000e+00,0.000000e+00,0.0000,0.0000,0
48,features.9,42,pruned_before,nan,0.000000e+00,0.000000e+00,0.0000,0.0000,0
48,features.9,43,pruned_now,-0.203947,1.122648e-07,3.912211e-06,0.6842,0.2763,137
48,features.9,44,pruned_before,nan,0.000000e+00,0.000000e+00,0.0000,0.0000,0
48,features.9,45,pruned_before,nan,0.000000e+00,0.000000e+00,0.0000,0.0000,0
48,features.9,46,pruned_before,nan,0.000000e+00,0.000000e+00,0.0000,0.0000,0
48,features.9,47,pruned_before,nan,0.000000e+00,0.000000e+00,0.0000,0.0000,0
48,features.9,48,pruned_before,nan,0.000000e+00,0.000000e+00,0.0000,0.0000,0
48,features.9,49,pruned_before,nan,0.000000e+00,0.000000e+00,0.0000,0.0000,0
48,features.9,50,pruned_before,nan,0.000000e+00,0.000000e+00,0.0000,0.0000,0
48,features.9,51,pruned_before,nan,0.000000e+00,0.000000e+00,0.0000,0.0000,0
48,features.9,52,pruned_before,nan,0.000000e+00,0.000000e+00,0.0000,0.0000,0
48,features.9,53,pruned_before,nan,0.000000e+00,0.000000e+00,0.0000,0.0000,0
48,features.9,54,pruned_before,nan,0.000000e+00,0.000000e+00,0.0000,0.0000,0
48,features.9,55,pruned_before,nan,0.000000e+00,0.000000e+00,0.0000,0.0000,0
48,features.9,56,active,0.157895,2.231420e-08,7.055636e-06,0.1447,0.4605,137
48,features.9,57,pruned_before,nan,0.000000e+00,0.000000e+00,0.0000,0.0000,0
48,features.9,58,pruned_before,nan,0.000000e+00,0.000000e+00,0.0000,0.0000,0
48,features.9,59,pruned_before,nan,0.000000e+00,0.000000e+00,0.0000,0.0000,0
48,features.9,60,pruned_before,nan,0.000000e+00,0.000000e+00,0.0000,0.0000,0
48,features.9,61,pruned_before,nan,0.000000e+00,0.000000e+00,0.0000,0.0000,0
48,features.9,62,pruned_before,nan,0.000000e+00,0.000000e+00,0.0000,0.0000,0
48,features.9,63,pruned_before,nan,0.000000e+00,0.000000e+00,0.0000,0.0000,0
48,features.9,64,pruned_before,nan,0.000000e+00,0.000000e+00,0.0000,0.0000,0
48,features.9,65,pruned_now,-0.256579,9.238762e-08,1.648105e-06,0.6316,0.1184,137
48,features.9,66,pruned_before,nan,0.000000e+00,0.000000e+00,0.0000,0.0000,0
48,features.9,67,pruned_before,nan,0.000000e+00,0.000000e+00,0.0000,0.0000,0
48,features.9,68,pruned_before,nan,0.000000e+00,0.000000e+00,0.0000,0.0000,0
48,features.9,69,pruned_before,nan,0.000000e+00,0.000000e+00,0.0000,0.0000,0
48,features.9,70,pruned_before,nan,0.000000e+00,0.000000e+00,0.0000,0.0000,0
48,features.9,71,active,0.276316,2.182172e-08,1.324812e-05,0.1316,0.6842,137
48,features.9,72,pruned_before,nan,0.000000e+00,0.000000e+00,0.0000,0.0000,0
48,features.9,73,pruned_before,nan,0.000000e+00,0.000000e+00,0.0000,0.0000,0
48,features.9,74,pruned_before,nan,0.000000e+00,0.000000e+00,0.0000,0.0000,0
48,features.9,75,pruned_before,nan,0.000000e+00,0.000000e+00,0.0000,0.0000,0
48,features.9,76,pruned_before,nan,0.000000e+00,0.000000e+00,0.0000,0.0000,0
48,features.9,77,pruned_before,nan,0.000000e+00,0.000000e+00,0.0000,0.0000,0
48,features.9,78,pruned_before,nan,0.000000e+00,0.000000e+00,0.0000,0.0000,0
48,features.9,79,active,-0.111842,3.678706e-08,1.301002e-06,0.2895,0.0658,137
48,features.9,80,active,-0.059211,1.968470e-07,1.290463e-05,0.7632,0.6447,137
48,features.9,81,pruned_before,nan,0.000000e+00,0.000000e+00,0.0000,0.0000,0
48,features.9,82,pruned_before,nan,0.000000e+00,0.000000e+00,0.0000,0.0000,0
48,features.9,83,pruned_before,nan,0.000000e+00,0.000000e+00,0.0000,0.0000,0
48,features.9,84,active,-0.125000,8.387062e-08,5.156226e-06,0.6184,0.3684,137
48,features.9,85,pruned_before,nan,0.000000e+00,0.000000e+00,0.0000,0.0000,0
48,features.9,86,pruned_before,nan,0.000000e+00,0.000000e+00,0.0000,0.0000,0
48,features.9,87,pruned_before,nan,0.000000e+00,0.000000e+00,0.0000,0.0000,0
48,features.9,88,pruned_before,nan,0.000000e+00,0.000000e+00,0.0000,0.0000,0
48,features.9,89,pruned_before,nan,0.000000e+00,0.000000e+00,0.0000,0.0000,0
48,features.9,90,pruned_before,nan,0.000000e+00,0.000000e+00,0.0000,0.0000,0
48,features.9,91,pruned_before,nan,0.000000e+00,0.000000e+00,0.0000,0.0000,0
48,features.9,92,active,0.000000,0.000000e+00,0.000000e+00,0.0263,0.0263,137
48,features.9,93,active,-0.131579,2.119373e-07,8.981183e-06,0.8158,0.5526,137
48,features.9,94,pruned_before,nan,0.000000e+00,0.000000e+00,0.0000,0.0000,0
48,features.9,95,pruned_before,nan,0.000000e+00,0.000000e+00,0.0000,0.0000,0
48,features.9,96,pruned_before,nan,0.000000e+00,0.000000e+00,0.0000,0.0000,0
48,features.9,97,active,-0.052632,2.997147e-07,1.610369e-05,0.8816,0.7763,137
48,features.9,98,pruned_before,nan,0.000000e+00,0.000000e+00,0.0000,0.0000,0
48,features.9,99,pruned_before,nan,0.000000e+00,0.000000e+00,0.0000,0.0000,0
48,features.9,100,pruned_before,nan,0.000000e+00,0.000000e+00,0.0000,0.0000,0
48,features.9,101,active,0.401316,3.073525e-08,7.945072e-05,0.1842,0.9868,137
48,features.9,102,pruned_before,nan,0.000000e+00,0.000000e+00,0.0000,0.0000,0
48,features.9,103,pruned_before,nan,0.000000e+00,0.000000e+00,0.0000,0.0000,0
48,features.9,104,pruned_before,nan,0.000000e+00,0.000000e+00,0.0000,0.0000,0
48,features.9,105,pruned_before,nan,0.000000e+00,0.000000e+00,0.0000,0.0000,0
48,features.9,106,pruned_before,nan,0.000000e+00,0.000000e+00,0.0000,0.0000,0
48,features.9,107,pruned_before,nan,0.000000e+00,0.000000e+00,0.0000,0.0000,0
48,features.9,108,pruned_before,nan,0.000000e+00,0.000000e+00,0.0000,0.0000,0
48,features.9,109,pruned_before,nan,0.000000e+00,0.000000e+00,0.0000,0.0000,0
48,features.9,110,pruned_before,nan,0.000000e+00,0.000000e+00,0.0000,0.0000,0
48,features.9,111,active,0.085526,1.321945e-07,2.843515e-05,0.7105,0.8816,137
48,features.9,112,pruned_before,nan,0.000000e+00,0.000000e+00,0.0000,0.0000,0
48,features.9,113,pruned_before,nan,0.000000e+00,0.000000e+00,0.0000,0.0000,0
48,features.9,114,protected,0.421053,2.335712e-08,2.264734e-04,0.1579,1.0000,137
48,features.9,115,pruned_before,nan,0.000000e+00,0.000000e+00,0.0000,0.0000,0
48,features.9,116,pruned_before,nan,0.000000e+00,0.000000e+00,0.0000,0.0000,0
48,features.9,117,pruned_before,nan,0.000000e+00,0.000000e+00,0.0000,0.0000,0
48,features.9,118,active,0.032895,4.143101e-08,6.496908e-06,0.3684,0.4342,137
48,features.9,119,active,0.006579,5.905032e-08,9.694940e-06,0.5526,0.5658,137
48,features.9,120,pruned_before,nan,0.000000e+00,0.000000e+00,0.0000,0.0000,0
48,features.9,121,pruned_before,nan,0.000000e+00,0.000000e+00,0.0000,0.0000,0
48,features.9,122,active,-0.013158,2.212403e-07,1.785931e-05,0.8289,0.8026,137
48,features.9,123,pruned_before,nan,0.000000e+00,0.000000e+00,0.0000,0.0000,0
48,features.9,124,pruned_before,nan,0.000000e+00,0.000000e+00,0.0000,0.0000,0
48,features.9,125,pruned_before,nan,0.000000e+00,0.000000e+00,0.0000,0.0000,0
48,features.9,126,pruned_before,nan,0.000000e+00,0.000000e+00,0.0000,0.0000,0
48,features.9,127,pruned_before,nan,0.000000e+00,0.000000e+00,0.0000,0.0000,0
48,features.9,128,pruned_before,nan,0.000000e+00,0.000000e+00,0.0000,0.0000,0
48,features.9,129,pruned_before,nan,0.000000e+00,0.000000e+00,0.0000,0.0000,0
48,features.9,130,active,-0.039474,1.125029e-07,1.093189e-05,0.6974,0.6184,137
48,features.9,131,active,-0.006579,2.371348e-07,2.008904e-05,0.8421,0.8289,137
48,features.9,132,pruned_before,nan,0.000000e+00,0.000000e+00,0.0000,0.0000,0
48,features.9,133,pruned_before,nan,0.000000e+00,0.000000e+00,0.0000,0.0000,0
48,features.9,134,pruned_before,nan,0.000000e+00,0.000000e+00,0.0000,0.0000,0
48,features.9,135,pruned_before,nan,0.000000e+00,0.000000e+00,0.0000,0.0000,0
48,features.9,136,pruned_before,nan,0.000000e+00,0.000000e+00,0.0000,0.0000,0
48,features.9,137,pruned_before,nan,0.000000e+00,0.000000e+00,0.0000,0.0000,0
48,features.9,138,pruned_before,nan,0.000000e+00,0.000000e+00,0.0000,0.0000,0
48,features.9,139,pruned_before,nan,0.000000e+00,0.000000e+00,0.0000,0.0000,0
48,features.9,140,pruned_before,nan,0.000000e+00,0.000000e+00,0.0000,0.0000,0
48,features.9,141,pruned_before,nan,0.000000e+00,0.000000e+00,0.0000,0.0000,0
48,features.9,142,pruned_before,nan,0.000000e+00,0.000000e+00,0.0000,0.0000,0
48,features.9,143,pruned_before,nan,0.000000e+00,0.000000e+00,0.0000,0.0000,0
48,features.9,144,pruned_before,nan,0.000000e+00,0.000000e+00,0.0000,0.0000,0
48,features.9,145,pruned_before,nan,0.000000e+00,0.000000e+00,0.0000,0.0000,0
48,features.9,146,pruned_before,nan,0.000000e+00,0.000000e+00,0.0000,0.0000,0
48,features.9,147,pruned_before,nan,0.000000e+00,0.000000e+00,0.0000,0.0000,0
48,features.9,148,active,0.394737,1.419683e-08,2.280767e-05,0.0789,0.8684,137
48,features.9,149,pruned_before,nan,0.000000e+00,0.000000e+00,0.0000,0.0000,0
48,features.9,150,pruned_before,nan,0.000000e+00,0.000000e+00,0.0000,0.0000,0
48,features.9,151,pruned_before,nan,0.000000e+00,0.000000e+00,0.0000,0.0000,0
48,features.9,152,pruned_before,nan,0.000000e+00,0.000000e+00,0.0000,0.0000,0
48,features.9,153,pruned_before,nan,0.000000e+00,0.000000e+00,0.0000,0.0000,0
48,features.9,154,pruned_before,nan,0.000000e+00,0.000000e+00,0.0000,0.0000,0
48,features.9,155,pruned_before,nan,0.000000e+00,0.000000e+00,0.0000,0.0000,0
48,features.9,156,pruned_before,nan,0.000000e+00,0.000000e+00,0.0000,0.0000,0
48,features.9,157,pruned_before,nan,0.000000e+00,0.000000e+00,0.0000,0.0000,0
48,features.9,158,active,-0.072368,2.094894e-07,1.290935e-05,0.8026,0.6579,137
48,features.9,159,pruned_before,nan,0.000000e+00,0.000000e+00,0.0000,0.0000,0
48,features.9,160,pruned_before,nan,0.000000e+00,0.000000e+00,0.0000,0.0000,0
48,features.9,161,pruned_before,nan,0.000000e+00,0.000000e+00,0.0000,0.0000,0
48,features.9,162,pruned_before,nan,0.000000e+00,0.000000e+00,0.0000,0.0000,0
48,features.9,163,pruned_before,nan,0.000000e+00,0.000000e+00,0.0000,0.0000,0
48,features.9,164,active,0.131579,4.555049e-08,1.349653e-05,0.4342,0.6974,137
48,features.9,165,active,-0.065789,4.317100e-08,3.877857e-06,0.3947,0.2632,137
48,features.9,166,active,-0.157895,3.060041e-07,1.032105e-05,0.8947,0.5789,137
48,features.9,167,pruned_before,nan,0.000000e+00,0.000000e+00,0.0000,0.0000,0
48,features.9,168,pruned_before,nan,0.000000e+00,0.000000e+00,0.0000,0.0000,0
48,features.9,169,active,0.243421,3.473021e-08,1.354873e-05,0.2237,0.7105,137
48,features.9,170,pruned_before,nan,0.000000e+00,0.000000e+00,0.0000,0.0000,0
48,features.9,171,pruned_before,nan,0.000000e+00,0.000000e+00,0.0000,0.0000,0
48,features.9,172,pruned_before,nan,0.000000e+00,0.000000e+00,0.0000,0.0000,0
48,features.9,173,pruned_before,nan,0.000000e+00,0.000000e+00,0.0000,0.0000,0
48,features.9,174,pruned_before,nan,0.000000e+00,0.000000e+00,0.0000,0.0000,0
48,features.9,175,pruned_before,nan,0.000000e+00,0.000000e+00,0.0000,0.0000,0
48,features.9,176,pruned_before,nan,0.000000e+00,0.000000e+00,0.0000,0.0000,0
48,features.9,177,pruned_before,nan,0.000000e+00,0.000000e+00,0.0000,0.0000,0
48,features.9,178,pruned_before,nan,0.000000e+00,0.000000e+00,0.0000,0.0000,0
48,features.9,179,active,-0.065789,4.104534e-08,3.147790e-06,0.3553,0.2237,137
48,features.9,180,pruned_before,nan,0.000000e+00,0.000000e+00,0.0000,0.0000,0
48,features.9,181,pruned_before,nan,0.000000e+00,0.000000e+00,0.0000,0.0000,0
48,features.9,182,pruned_before,nan,0.000000e+00,0.000000e+00,0.0000,0.0000,0
48,features.9,183,pruned_before,nan,0.000000e+00,0.000000e+00,0.0000,0.0000,0
48,features.9,184,pruned_before,nan,0.000000e+00,0.000000e+00,0.0000,0.0000,0
48,features.9,185,pruned_before,nan,0.000000e+00,0.000000e+00,0.0000,0.0000,0
48,features.9,186,pruned_before,nan,0.000000e+00,0.000000e+00,0.0000,0.0000,0
48,features.9,187,pruned_before,nan,0.000000e+00,0.000000e+00,0.0000,0.0000,0
48,features.9,188,pruned_before,nan,0.000000e+00,0.000000e+00,0.0000,0.0000,0
48,features.9,189,pruned_now,-0.197368,5.378703e-08,1.541982e-06,0.5000,0.1053,137
48,features.9,190,pruned_before,nan,0.000000e+00,0.000000e+00,0.0000,0.0000,0
48,features.9,191,pruned_before,nan,0.000000e+00,0.000000e+00,0.0000,0.0000,0
48,features.9,192,pruned_before,nan,0.000000e+00,0.000000e+00,0.0000,0.0000,0
48,features.9,193,pruned_before,nan,0.000000e+00,0.000000e+00,0.0000,0.0000,0
48,features.9,194,pruned_before,nan,0.000000e+00,0.000000e+00,0.0000,0.0000,0
48,features.9,195,pruned_before,nan,0.000000e+00,0.000000e+00,0.0000,0.0000,0
48,features.9,196,pruned_before,nan,0.000000e+00,0.000000e+00,0.0000,0.0000,0
48,features.9,197,active,-0.052632,3.643738e-08,2.534445e-06,0.2632,0.1579,137
48,features.9,198,pruned_before,nan,0.000000e+00,0.000000e+00,0.0000,0.0000,0
48,features.9,199,pruned_before,nan,0.000000e+00,0.000000e+00,0.0000,0.0000,0
48,features.9,200,pruned_before,nan,0.000000e+00,0.000000e+00,0.0000,0.0000,0
48,features.9,201,active,0.039474,1.059197e-07,1.391837e-05,0.6579,0.7368,137
48,features.9,202,pruned_before,nan,0.000000e+00,0.000000e+00,0.0000,0.0000,0
48,features.9,203,pruned_before,nan,0.000000e+00,0.000000e+00,0.0000,0.0000,0
48,features.9,204,pruned_before,nan,0.000000e+00,0.000000e+00,0.0000,0.0000,0
48,features.9,205,pruned_before,nan,0.000000e+00,0.000000e+00,0.0000,0.0000,0
48,features.9,206,pruned_before,nan,0.000000e+00,0.000000e+00,0.0000,0.0000,0
48,features.9,207,active,0.052632,3.891667e-09,2.249851e-06,0.0395,0.1447,137
48,features.9,208,pruned_before,nan,0.000000e+00,0.000000e+00,0.0000,0.0000,0
48,features.9,209,pruned_before,nan,0.000000e+00,0.000000e+00,0.0000,0.0000,0
48,features.9,210,pruned_before,nan,0.000000e+00,0.000000e+00,0.0000,0.0000,0
48,features.9,211,pruned_before,nan,0.000000e+00,0.000000e+00,0.0000,0.0000,0
48,features.9,212,pruned_before,nan,0.000000e+00,0.000000e+00,0.0000,0.0000,0
48,features.9,213,pruned_before,nan,0.000000e+00,0.000000e+00,0.0000,0.0000,0
48,features.9,214,active,-0.144737,4.466331e-08,2.219687e-06,0.4211,0.1316,137
48,features.9,215,pruned_before,nan,0.000000e+00,0.000000e+00,0.0000,0.0000,0
48,features.9,216,active,-0.013158,2.063812e-07,1.543715e-05,0.7895,0.7632,137
48,features.9,217,pruned_before,nan,0.000000e+00,0.000000e+00,0.0000,0.0000,0
48,features.9,218,active,0.098684,1.985324e-07,7.625601e-05,0.7763,0.9737,137
48,features.9,219,active,-0.125000,2.635723e-07,1.057998e-05,0.8553,0.6053,137
48,features.9,220,active,-0.105263,4.419884e-08,2.706130e-06,0.4079,0.1974,137
48,features.9,221,pruned_before,nan,0.000000e+00,0.000000e+00,0.0000,0.0000,0
48,features.9,222,pruned_before,nan,0.000000e+00,0.000000e+00,0.0000,0.0000,0
48,features.9,223,pruned_before,nan,0.000000e+00,0.000000e+00,0.0000,0.0000,0
48,features.9,224,pruned_before,nan,0.000000e+00,0.000000e+00,0.0000,0.0000,0
48,features.9,225,pruned_before,nan,0.000000e+00,0.000000e+00,0.0000,0.0000,0
48,features.9,226,pruned_before,nan,0.000000e+00,0.000000e+00,0.0000,0.0000,0
48,features.9,227,pruned_before,nan,0.000000e+00,0.000000e+00,0.0000,0.0000,0
48,features.9,228,pruned_before,nan,0.000000e+00,0.000000e+00,0.0000,0.0000,0
48,features.9,229,pruned_before,nan,0.000000e+00,0.000000e+00,0.0000,0.0000,0
48,features.9,230,pruned_before,nan,0.000000e+00,0.000000e+00,0.0000,0.0000,0
48,features.9,231,pruned_before,nan,0.000000e+00,0.000000e+00,0.0000,0.0000,0
48,features.9,232,pruned_before,nan,0.000000e+00,0.000000e+00,0.0000,0.0000,0
48,features.9,233,pruned_before,nan,0.000000e+00,0.000000e+00,0.0000,0.0000,0
48,features.9,234,pruned_before,nan,0.000000e+00,0.000000e+00,0.0000,0.0000,0
48,features.9,235,pruned_before,nan,0.000000e+00,0.000000e+00,0.0000,0.0000,0
48,features.9,236,pruned_before,nan,0.000000e+00,0.000000e+00,0.0000,0.0000,0
48,features.9,237,pruned_before,nan,0.000000e+00,0.000000e+00,0.0000,0.0000,0
48,features.9,238,pruned_before,nan,0.000000e+00,0.000000e+00,0.0000,0.0000,0
48,features.9,239,pruned_before,nan,0.000000e+00,0.000000e+00,0.0000,0.0000,0
48,features.9,240,pruned_before,nan,0.000000e+00,0.000000e+00,0.0000,0.0000,0
48,features.9,241,pruned_before,nan,0.000000e+00,0.000000e+00,0.0000,0.0000,0
48,features.9,242,pruned_before,nan,0.000000e+00,0.000000e+00,0.0000,0.0000,0
48,features.9,243,active,0.105263,1.824362e-07,4.320245e-05,0.7368,0.9474,137
48,features.9,244,pruned_now,-0.203947,5.110723e-08,1.375742e-06,0.4868,0.0789,137
48,features.9,245,pruned_before,nan,0.000000e+00,0.000000e+00,0.0000,0.0000,0
48,features.9,246,active,0.342105,1.302154e-08,1.412829e-05,0.0658,0.7500,137
48,features.9,247,pruned_before,nan,0.000000e+00,0.000000e+00,0.0000,0.0000,0
48,features.9,248,pruned_before,nan,0.000000e+00,0.000000e+00,0.0000,0.0000,0
48,features.9,249,pruned_before,nan,0.000000e+00,0.000000e+00,0.0000,0.0000,0
48,features.9,250,pruned_before,nan,0.000000e+00,0.000000e+00,0.0000,0.0000,0
48,features.9,251,pruned_before,nan,0.000000e+00,0.000000e+00,0.0000,0.0000,0
48,features.9,252,pruned_before,nan,0.000000e+00,0.000000e+00,0.0000,0.0000,0
48,features.9,253,pruned_before,nan,0.000000e+00,0.000000e+00,0.0000,0.0000,0
48,features.9,254,pruned_before,nan,0.000000e+00,0.000000e+00,0.0000,0.0000,0
48,features.9,255,pruned_before,nan,0.000000e+00,0.000000e+00,0.0000,0.0000,0
48,features.9,256,pruned_before,nan,0.000000e+00,0.000000e+00,0.0000,0.0000,0
48,features.9,257,pruned_before,nan,0.000000e+00,0.000000e+00,0.0000,0.0000,0
48,features.9,258,pruned_before,nan,0.000000e+00,0.000000e+00,0.0000,0.0000,0
48,features.9,259,pruned_before,nan,0.000000e+00,0.000000e+00,0.0000,0.0000,0
48,features.9,260,pruned_before,nan,0.000000e+00,0.000000e+00,0.0000,0.0000,0
48,features.9,261,pruned_before,nan,0.000000e+00,0.000000e+00,0.0000,0.0000,0
48,features.9,262,pruned_before,nan,0.000000e+00,0.000000e+00,0.0000,0.0000,0
48,features.9,263,pruned_before,nan,0.000000e+00,0.000000e+00,0.0000,0.0000,0
48,features.9,264,active,-0.197368,6.321844e-08,2.694600e-06,0.5658,0.1711,137
48,features.9,265,active,-0.078947,8.607822e-07,2.166514e-05,1.0000,0.8421,137
48,features.9,266,active,0.000000,0.000000e+00,0.000000e+00,0.0132,0.0132,137
48,features.9,267,pruned_before,nan,0.000000e+00,0.000000e+00,0.0000,0.0000,0
48,features.9,268,active,-0.085526,4.308318e-08,3.135269e-06,0.3816,0.2105,137
48,features.9,269,pruned_before,nan,0.000000e+00,0.000000e+00,0.0000,0.0000,0
48,features.9,270,pruned_before,nan,0.000000e+00,0.000000e+00,0.0000,0.0000,0
48,features.9,271,pruned_before,nan,0.000000e+00,0.000000e+00,0.0000,0.0000,0
48,features.9,272,active,-0.184211,7.815026e-08,3.282658e-06,0.6053,0.2368,137
48,features.9,273,active,0.000000,3.556839e-07,3.686820e-05,0.9211,0.9211,137
48,features.9,274,pruned_before,nan,0.000000e+00,0.000000e+00,0.0000,0.0000,0
48,features.9,275,pruned_before,nan,0.000000e+00,0.000000e+00,0.0000,0.0000,0
48,features.9,276,pruned_before,nan,0.000000e+00,0.000000e+00,0.0000,0.0000,0
48,features.9,277,pruned_before,nan,0.000000e+00,0.000000e+00,0.0000,0.0000,0
48,features.9,278,pruned_before,nan,0.000000e+00,0.000000e+00,0.0000,0.0000,0
48,features.9,279,pruned_before,nan,0.000000e+00,0.000000e+00,0.0000,0.0000,0
48,features.9,280,pruned_before,nan,0.000000e+00,0.000000e+00,0.0000,0.0000,0
48,features.9,281,active,-0.197368,1.838296e-07,5.131307e-06,0.7500,0.3553,137
48,features.9,282,pruned_before,nan,0.000000e+00,0.000000e+00,0.0000,0.0000,0
48,features.9,283,pruned_before,nan,0.000000e+00,0.000000e+00,0.0000,0.0000,0
48,features.9,284,pruned_before,nan,0.000000e+00,0.000000e+00,0.0000,0.0000,0
48,features.9,285,pruned_before,nan,0.000000e+00,0.000000e+00,0.0000,0.0000,0
48,features.9,286,active,0.039474,4.680730e-08,8.341834e-06,0.4474,0.5263,137
48,features.9,287,active,0.072368,3.660524e-08,5.867287e-06,0.2763,0.4211,137
48,features.9,288,active,0.111842,7.665881e-08,1.859732e-05,0.5921,0.8158,137
48,features.9,289,pruned_before,nan,0.000000e+00,0.000000e+00,0.0000,0.0000,0
48,features.9,290,active,0.065789,6.613727e-09,2.700415e-06,0.0526,0.1842,137
48,features.9,291,pruned_before,nan,0.000000e+00,0.000000e+00,0.0000,0.0000,0
48,features.9,292,pruned_before,nan,0.000000e+00,0.000000e+00,0.0000,0.0000,0
48,features.9,293,pruned_before,nan,0.000000e+00,0.000000e+00,0.0000,0.0000,0
48,features.9,294,pruned_before,nan,0.000000e+00,0.000000e+00,0.0000,0.0000,0
48,features.9,295,pruned_before,nan,0.000000e+00,0.000000e+00,0.0000,0.0000,0
48,features.9,296,active,-0.105263,1.671684e-07,8.314988e-06,0.7237,0.5132,137
48,features.9,297,pruned_before,nan,0.000000e+00,0.000000e+00,0.0000,0.0000,0
48,features.9,298,pruned_before,nan,0.000000e+00,0.000000e+00,0.0000,0.0000,0
48,features.9,299,active,-0.059211,2.546234e-08,1.264772e-06,0.1711,0.0526,137
48,features.9,300,pruned_before,nan,0.000000e+00,0.000000e+00,0.0000,0.0000,0
48,features.9,301,pruned_before,nan,0.000000e+00,0.000000e+00,0.0000,0.0000,0
48,features.9,302,pruned_before,nan,0.000000e+00,0.000000e+00,0.0000,0.0000,0
48,features.9,303,pruned_before,nan,0.000000e+00,0.000000e+00,0.0000,0.0000,0
48,features.9,304,pruned_before,nan,0.000000e+00,0.000000e+00,0.0000,0.0000,0
48,features.9,305,pruned_before,nan,0.000000e+00,0.000000e+00,0.0000,0.0000,0
48,features.9,306,pruned_before,nan,0.000000e+00,0.000000e+00,0.0000,0.0000,0
48,features.9,307,pruned_before,nan,0.000000e+00,0.000000e+00,0.0000,0.0000,0
48,features.9,308,pruned_before,nan,0.000000e+00,0.000000e+00,0.0000,0.0000,0
48,features.9,309,pruned_before,nan,0.000000e+00,0.000000e+00,0.0000,0.0000,0
48,features.9,310,pruned_before,nan,0.000000e+00,0.000000e+00,0.0000,0.0000,0
48,features.9,311,active,-0.092105,5.622717e-08,5.115443e-06,0.5263,0.3421,137
48,features.9,312,pruned_before,nan,0.000000e+00,0.000000e+00,0.0000,0.0000,0
48,features.9,313,pruned_before,nan,0.000000e+00,0.000000e+00,0.0000,0.0000,0
48,features.9,314,active,-0.144737,3.893869e-08,1.249677e-06,0.3289,0.0395,137
48,features.9,315,active,-0.052632,4.479444e-07,2.218142e-05,0.9605,0.8553,137
48,features.9,316,active,0.000000,0.000000e+00,0.000000e+00,0.0000,0.0000,137
48,features.9,317,pruned_before,nan,0.000000e+00,0.000000e+00,0.0000,0.0000,0
48,features.9,318,pruned_before,nan,0.000000e+00,0.000000e+00,0.0000,0.0000,0
48,features.9,319,pruned_before,nan,0.000000e+00,0.000000e+00,0.0000,0.0000,0
48,features.9,320,pruned_before,nan,0.000000e+00,0.000000e+00,0.0000,0.0000,0
48,features.9,321,pruned_before,nan,0.000000e+00,0.000000e+00,0.0000,0.0000,0
48,features.9,322,pruned_before,nan,0.000000e+00,0.000000e+00,0.0000,0.0000,0
48,features.9,323,pruned_before,nan,0.000000e+00,0.000000e+00,0.0000,0.0000,0
48,features.9,324,pruned_before,nan,0.000000e+00,0.000000e+00,0.0000,0.0000,0
48,features.9,325,pruned_before,nan,0.000000e+00,0.000000e+00,0.0000,0.0000,0
48,features.9,326,pruned_before,nan,0.000000e+00,0.000000e+00,0.0000,0.0000,0
48,features.9,327,active,-0.019737,1.092212e-07,1.264342e-05,0.6711,0.6316,137
48,features.9,328,pruned_before,nan,0.000000e+00,0.000000e+00,0.0000,0.0000,0
48,features.9,329,pruned_before,nan,0.000000e+00,0.000000e+00,0.0000,0.0000,0
48,features.9,330,pruned_before,nan,0.000000e+00,0.000000e+00,0.0000,0.0000,0
48,features.9,331,pruned_before,nan,0.000000e+00,0.000000e+00,0.0000,0.0000,0
48,features.9,332,pruned_before,nan,0.000000e+00,0.000000e+00,0.0000,0.0000,0
48,features.9,333,pruned_before,nan,0.000000e+00,0.000000e+00,0.0000,0.0000,0
48,features.9,334,active,-0.105263,4.688554e-08,3.615959e-06,0.4605,0.2500,137
48,features.9,335,active,0.039474,3.419943e-08,4.286604e-06,0.2105,0.2895,137
48,features.9,336,active,-0.039474,5.770773e-07,2.849512e-05,0.9737,0.8947,137
48,features.9,337,pruned_before,nan,0.000000e+00,0.000000e+00,0.0000,0.0000,0
48,features.9,338,active,-0.118421,3.523609e-07,1.308355e-05,0.9079,0.6711,137
48,features.9,339,pruned_before,nan,0.000000e+00,0.000000e+00,0.0000,0.0000,0
48,features.9,340,pruned_before,nan,0.000000e+00,0.000000e+00,0.0000,0.0000,0
48,features.9,341,pruned_before,nan,0.000000e+00,0.000000e+00,0.0000,0.0000,0
48,features.9,342,pruned_before,nan,0.000000e+00,0.000000e+00,0.0000,0.0000,0
48,features.9,343,pruned_before,nan,0.000000e+00,0.000000e+00,0.0000,0.0000,0
48,features.9,344,active,0.000000,3.878714e-07,4.031806e-05,0.9342,0.9342,137
48,features.9,345,pruned_before,nan,0.000000e+00,0.000000e+00,0.0000,0.0000,0
48,features.9,346,pruned_before,nan,0.000000e+00,0.000000e+00,0.0000,0.0000,0
48,features.9,347,pruned_before,nan,0.000000e+00,0.000000e+00,0.0000,0.0000,0
48,features.9,348,pruned_before,nan,0.000000e+00,0.000000e+00,0.0000,0.0000,0
48,features.9,349,pruned_before,nan,0.000000e+00,0.000000e+00,0.0000,0.0000,0
48,features.9,350,pruned_before,nan,0.000000e+00,0.000000e+00,0.0000,0.0000,0
48,features.9,351,pruned_before,nan,0.000000e+00,0.000000e+00,0.0000,0.0000,0
48,features.9,352,pruned_before,nan,0.000000e+00,0.000000e+00,0.0000,0.0000,0
48,features.9,353,active,0.263158,3.168085e-08,1.385525e-05,0.1974,0.7237,137
48,features.9,354,pruned_before,nan,0.000000e+00,0.000000e+00,0.0000,0.0000,0
48,features.9,355,pruned_before,nan,0.000000e+00,0.000000e+00,0.0000,0.0000,0
48,features.9,356,active,-0.032895,5.808170e-08,7.302790e-06,0.5395,0.4737,137
48,features.9,357,pruned_before,nan,0.000000e+00,0.000000e+00,0.0000,0.0000,0
48,features.9,358,pruned_before,nan,0.000000e+00,0.000000e+00,0.0000,0.0000,0
48,features.9,359,pruned_before,nan,0.000000e+00,0.000000e+00,0.0000,0.0000,0
48,features.9,360,pruned_before,nan,0.000000e+00,0.000000e+00,0.0000,0.0000,0
48,features.9,361,pruned_before,nan,0.000000e+00,0.000000e+00,0.0000,0.0000,0
48,features.9,362,pruned_before,nan,0.000000e+00,0.000000e+00,0.0000,0.0000,0
48,features.9,363,pruned_before,nan,0.000000e+00,0.000000e+00,0.0000,0.0000,0
48,features.9,364,pruned_before,nan,0.000000e+00,0.000000e+00,0.0000,0.0000,0
48,features.9,365,pruned_before,nan,0.000000e+00,0.000000e+00,0.0000,0.0000,0
48,features.9,366,pruned_before,nan,0.000000e+00,0.000000e+00,0.0000,0.0000,0
48,features.9,367,active,-0.046053,4.986677e-08,5.374947e-06,0.4737,0.3816,137
48,features.9,368,pruned_before,nan,0.000000e+00,0.000000e+00,0.0000,0.0000,0
48,features.9,369,active,0.105263,1.708501e-08,4.431677e-06,0.0921,0.3026,137
48,features.9,370,pruned_before,nan,0.000000e+00,0.000000e+00,0.0000,0.0000,0
48,features.9,371,pruned_before,nan,0.000000e+00,0.000000e+00,0.0000,0.0000,0
48,features.9,372,pruned_before,nan,0.000000e+00,0.000000e+00,0.0000,0.0000,0
48,features.9,373,pruned_before,nan,0.000000e+00,0.000000e+00,0.0000,0.0000,0
48,features.9,374,pruned_before,nan,0.000000e+00,0.000000e+00,0.0000,0.0000,0
48,features.9,375,active,-0.105263,3.700861e-08,1.435476e-06,0.3026,0.0921,137
48,features.9,376,pruned_before,nan,0.000000e+00,0.000000e+00,0.0000,0.0000,0
48,features.9,377,pruned_before,nan,0.000000e+00,0.000000e+00,0.0000,0.0000,0
48,features.9,378,active,0.151316,1.977332e-08,5.605495e-06,0.1053,0.4079,137
48,features.9,379,pruned_before,nan,0.000000e+00,0.000000e+00,0.0000,0.0000,0
48,features.9,380,pruned_before,nan,0.000000e+00,0.000000e+00,0.0000,0.0000,0
48,features.9,381,pruned_before,nan,0.000000e+00,0.000000e+00,0.0000,0.0000,0
48,features.9,382,pruned_before,nan,0.000000e+00,0.000000e+00,0.0000,0.0000,0
48,features.9,383,pruned_before,nan,0.000000e+00,0.000000e+00,0.0000,0.0000,0
48,features.10,0,active,-0.012048,0.000000e+00,0.000000e+00,0.0361,0.0120,137
48,features.10,1,pruned_before,nan,0.000000e+00,0.000000e+00,0.0000,0.0000,0
48,features.10,2,pruned_before,nan,0.000000e+00,0.000000e+00,0.0000,0.0000,0
48,features.10,3,pruned_before,nan,0.000000e+00,0.000000e+00,0.0000,0.0000,0
48,features.10,4,pruned_before,nan,0.000000e+00,0.000000e+00,0.0000,0.0000,0
48,features.10,5,pruned_before,nan,0.000000e+00,0.000000e+00,0.0000,0.0000,0
48,features.10,6,pruned_before,nan,0.000000e+00,0.000000e+00,0.0000,0.0000,0
48,features.10,7,active,0.012048,6.766572e-08,2.994244e-06,0.5422,0.5663,137
48,features.10,8,pruned_before,nan,0.000000e+00,0.000000e+00,0.0000,0.0000,0
48,features.10,9,active,-0.096386,4.985448e-08,1.713582e-06,0.4699,0.2771,137
48,features.10,10,pruned_before,nan,0.000000e+00,0.000000e+00,0.0000,0.0000,0
48,features.10,11,pruned_before,nan,0.000000e+00,0.000000e+00,0.0000,0.0000,0
48,features.10,12,pruned_before,nan,0.000000e+00,0.000000e+00,0.0000,0.0000,0
48,features.10,13,pruned_before,nan,0.000000e+00,0.000000e+00,0.0000,0.0000,0
48,features.10,14,pruned_before,nan,0.000000e+00,0.000000e+00,0.0000,0.0000,0
48,features.10,15,pruned_before,nan,0.000000e+00,0.000000e+00,0.0000,0.0000,0
48,features.10,16,pruned_before,nan,0.000000e+00,0.000000e+00,0.0000,0.0000,0
48,features.10,17,pruned_before,nan,0.000000e+00,0.000000e+00,0.0000,0.0000,0
48,features.10,18,active,-0.030120,3.412864e-08,1.119866e-06,0.3133,0.2530,137
48,features.10,19,active,-0.138554,4.829878e-08,6.262972e-07,0.4578,0.1807,137
48,features.10,20,pruned_before,nan,0.000000e+00,0.000000e+00,0.0000,0.0000,0
48,features.10,21,pruned_before,nan,0.000000e+00,0.000000e+00,0.0000,0.0000,0
48,features.10,22,pruned_before,nan,0.000000e+00,0.000000e+00,0.0000,0.0000,0
48,features.10,23,pruned_before,nan,0.000000e+00,0.000000e+00,0.0000,0.0000,0
48,features.10,24,pruned_before,nan,0.000000e+00,0.000000e+00,0.0000,0.0000,0
48,features.10,25,pruned_before,nan,0.000000e+00,0.000000e+00,0.0000,0.0000,0
48,features.10,26,pruned_before,nan,0.000000e+00,0.000000e+00,0.0000,0.0000,0
48,features.10,27,pruned_before,nan,0.000000e+00,0.000000e+00,0.0000,0.0000,0
48,features.10,28,pruned_before,nan,0.000000e+00,0.000000e+00,0.0000,0.0000,0
48,features.10,29,pruned_before,nan,0.000000e+00,0.000000e+00,0.0000,0.0000,0
48,features.10,30,pruned_before,nan,0.000000e+00,0.000000e+00,0.0000,0.0000,0
48,features.10,31,pruned_before,nan,0.000000e+00,0.000000e+00,0.0000,0.0000,0
48,features.10,32,pruned_before,nan,0.000000e+00,0.000000e+00,0.0000,0.0000,0
48,features.10,33,pruned_before,nan,0.000000e+00,0.000000e+00,0.0000,0.0000,0
48,features.10,34,pruned_before,nan,0.000000e+00,0.000000e+00,0.0000,0.0000,0
48,features.10,35,pruned_before,nan,0.000000e+00,0.000000e+00,0.0000,0.0000,0
48,features.10,36,pruned_before,nan,0.000000e+00,0.000000e+00,0.0000,0.0000,0
48,features.10,37,pruned_before,nan,0.000000e+00,0.000000e+00,0.0000,0.0000,0
48,features.10,38,pruned_before,nan,0.000000e+00,0.000000e+00,0.0000,0.0000,0
48,features.10,39,pruned_before,nan,0.000000e+00,0.000000e+00,0.0000,0.0000,0
48,features.10,40,pruned_before,nan,0.000000e+00,0.000000e+00,0.0000,0.0000,0
48,features.10,41,pruned_before,nan,0.000000e+00,0.000000e+00,0.0000,0.0000,0
48,features.10,42,pruned_before,nan,0.000000e+00,0.000000e+00,0.0000,0.0000,0
48,features.10,43,pruned_before,nan,0.000000e+00,0.000000e+00,0.0000,0.0000,0
48,features.10,44,pruned_before,nan,0.000000e+00,0.000000e+00,0.0000,0.0000,0
48,features.10,45,pruned_before,nan,0.000000e+00,0.000000e+00,0.0000,0.0000,0
48,features.10,46,active,0.054217,1.431362e-07,1.022290e-05,0.8072,0.9157,137
48,features.10,47,active,-0.132530,3.527941e-07,4.013796e-06,0.9157,0.6506,137
48,features.10,48,pruned_before,nan,0.000000e+00,0.000000e+00,0.0000,0.0000,0
48,features.10,49,pruned_before,nan,0.000000e+00,0.000000e+00,0.0000,0.0000,0
48,features.10,50,pruned_before,nan,0.000000e+00,0.000000e+00,0.0000,0.0000,0
48,features.10,51,pruned_before,nan,0.000000e+00,0.000000e+00,0.0000,0.0000,0
48,features.10,52,pruned_before,nan,0.000000e+00,0.000000e+00,0.0000,0.0000,0
48,features.10,53,pruned_before,nan,0.000000e+00,0.000000e+00,0.0000,0.0000,0
48,features.10,54,pruned_before,nan,0.000000e+00,0.000000e+00,0.0000,0.0000,0
48,features.10,55,pruned_before,nan,0.000000e+00,0.000000e+00,0.0000,0.0000,0
48,features.10,56,active,-0.144578,1.722016e-07,2.988106e-06,0.8434,0.5542,137
48,features.10,57,pruned_before,nan,0.000000e+00,0.000000e+00,0.0000,0.0000,0
48,features.10,58,pruned_before,nan,0.000000e+00,0.000000e+00,0.0000,0.0000,0
48,features.10,59,pruned_before,nan,0.000000e+00,0.000000e+00,0.0000,0.0000,0
48,features.10,60,active,0.024096,3.927490e-08,2.377080e-06,0.3855,0.4337,137
48,features.10,61,pruned_now,-0.186747,1.934583e-07,2.811793e-06,0.8675,0.4940,137
48,features.10,62,active,-0.156627,1.190350e-07,2.274214e-06,0.7349,0.4217,137
48,features.10,63,pruned_before,nan,0.000000e+00,0.000000e+00,0.0000,0.0000,0
48,features.10,64,pruned_before,nan,0.000000e+00,0.000000e+00,0.0000,0.0000,0
48,features.10,65,pruned_before,nan,0.000000e+00,0.000000e+00,0.0000,0.0000,0
48,features.10,66,pruned_before,nan,0.000000e+00,0.000000e+00,0.0000,0.0000,0
48,features.10,67,pruned_before,nan,0.000000e+00,0.000000e+00,0.0000,0.0000,0
48,features.10,68,pruned_before,nan,0.000000e+00,0.000000e+00,0.0000,0.0000,0
48,features.10,69,pruned_before,nan,0.000000e+00,0.000000e+00,0.0000,0.0000,0
48,features.10,70,pruned_before,nan,0.000000e+00,0.000000e+00,0.0000,0.0000,0
48,features.10,71,pruned_before,nan,0.000000e+00,0.000000e+00,0.0000,0.0000,0
48,features.10,72,pruned_before,nan,0.000000e+00,0.000000e+00,0.0000,0.0000,0
48,features.10,73,pruned_before,nan,0.000000e+00,0.000000e+00,0.0000,0.0000,0
48,features.10,74,pruned_before,nan,0.000000e+00,0.000000e+00,0.0000,0.0000,0
48,features.10,75,pruned_before,nan,0.000000e+00,0.000000e+00,0.0000,0.0000,0
48,features.10,76,pruned_before,nan,0.000000e+00,0.000000e+00,0.0000,0.0000,0
48,features.10,77,pruned_before,nan,0.000000e+00,0.000000e+00,0.0000,0.0000,0
48,features.10,78,pruned_before,nan,0.000000e+00,0.000000e+00,0.0000,0.0000,0
48,features.10,79,pruned_before,nan,0.000000e+00,0.000000e+00,0.0000,0.0000,0
48,features.10,80,pruned_before,nan,0.000000e+00,0.000000e+00,0.0000,0.0000,0
48,features.10,81,pruned_before,nan,0.000000e+00,0.000000e+00,0.0000,0.0000,0
48,features.10,82,pruned_before,nan,0.000000e+00,0.000000e+00,0.0000,0.0000,0
48,features.10,83,active,-0.060241,1.311404e-07,4.088168e-06,0.7831,0.6627,137
48,features.10,84,pruned_before,nan,0.000000e+00,0.000000e+00,0.0000,0.0000,0
48,features.10,85,pruned_before,nan,0.000000e+00,0.000000e+00,0.0000,0.0000,0
48,features.10,86,pruned_before,nan,0.000000e+00,0.000000e+00,0.0000,0.0000,0
48,features.10,87,active,0.138554,8.950141e-08,1.109588e-05,0.6506,0.9277,137
48,features.10,88,active,-0.018072,1.669694e-07,6.405424e-06,0.8313,0.7952,137
48,features.10,89,pruned_before,nan,0.000000e+00,0.000000e+00,0.0000,0.0000,0
48,features.10,90,pruned_before,nan,0.000000e+00,0.000000e+00,0.0000,0.0000,0
48,features.10,91,active,0.192771,3.650316e-08,4.782150e-06,0.3494,0.7349,137
48,features.10,92,pruned_before,nan,0.000000e+00,0.000000e+00,0.0000,0.0000,0
48,features.10,93,active,0.168675,6.648511e-08,7.458542e-06,0.5301,0.8675,137
48,features.10,94,pruned_before,nan,0.000000e+00,0.000000e+00,0.0000,0.0000,0
48,features.10,95,pruned_before,nan,0.000000e+00,0.000000e+00,0.0000,0.0000,0
48,features.10,96,pruned_before,nan,0.000000e+00,0.000000e+00,0.0000,0.0000,0
48,features.10,97,pruned_before,nan,0.000000e+00,0.000000e+00,0.0000,0.0000,0
48,features.10,98,pruned_before,nan,0.000000e+00,0.000000e+00,0.0000,0.0000,0
48,features.10,99,pruned_before,nan,0.000000e+00,0.000000e+00,0.0000,0.0000,0
48,features.10,100,pruned_before,nan,0.000000e+00,0.000000e+00,0.0000,0.0000,0
48,features.10,101,active,-0.054217,2.039787e-07,5.787201e-06,0.8795,0.7711,137
48,features.10,102,pruned_before,nan,0.000000e+00,0.000000e+00,0.0000,0.0000,0
48,features.10,103,pruned_before,nan,0.000000e+00,0.000000e+00,0.0000,0.0000,0
48,features.10,104,pruned_before,nan,0.000000e+00,0.000000e+00,0.0000,0.0000,0
48,features.10,105,pruned_before,nan,0.000000e+00,0.000000e+00,0.0000,0.0000,0
48,features.10,106,pruned_before,nan,0.000000e+00,0.000000e+00,0.0000,0.0000,0
48,features.10,107,active,0.198795,2.273901e-08,3.569913e-06,0.2048,0.6024,137
48,features.10,108,pruned_before,nan,0.000000e+00,0.000000e+00,0.0000,0.0000,0
48,features.10,109,pruned_before,nan,0.000000e+00,0.000000e+00,0.0000,0.0000,0
48,features.10,110,pruned_before,nan,0.000000e+00,0.000000e+00,0.0000,0.0000,0
48,features.10,111,pruned_before,nan,0.000000e+00,0.000000e+00,0.0000,0.0000,0
48,features.10,112,active,0.120482,9.418455e-08,9.664071e-06,0.6627,0.9036,137
48,features.10,113,pruned_before,nan,0.000000e+00,0.000000e+00,0.0000,0.0000,0
48,features.10,114,pruned_before,nan,0.000000e+00,0.000000e+00,0.0000,0.0000,0
48,features.10,115,pruned_before,nan,0.000000e+00,0.000000e+00,0.0000,0.0000,0
48,features.10,116,active,-0.072289,8.410836e-08,2.805101e-06,0.6265,0.4819,137
48,features.10,117,pruned_before,nan,0.000000e+00,0.000000e+00,0.0000,0.0000,0
48,features.10,118,pruned_before,nan,0.000000e+00,0.000000e+00,0.0000,0.0000,0
48,features.10,119,pruned_before,nan,0.000000e+00,0.000000e+00,0.0000,0.0000,0
48,features.10,120,pruned_before,nan,0.000000e+00,0.000000e+00,0.0000,0.0000,0
48,features.10,121,pruned_before,nan,0.000000e+00,0.000000e+00,0.0000,0.0000,0
48,features.10,122,pruned_before,nan,0.000000e+00,0.000000e+00,0.0000,0.0000,0
48,features.10,123,active,-0.096386,8.624527e-08,2.627419e-06,0.6386,0.4458,137
48,features.10,124,pruned_before,nan,0.000000e+00,0.000000e+00,0.0000,0.0000,0
48,features.10,125,pruned_before,nan,0.000000e+00,0.000000e+00,0.0000,0.0000,0
48,features.10,126,pruned_before,nan,0.000000e+00,0.000000e+00,0.0000,0.0000,0
48,features.10,127,pruned_before,nan,0.000000e+00,0.000000e+00,0.0000,0.0000,0
48,features.10,128,pruned_before,nan,0.000000e+00,0.000000e+00,0.0000,0.0000,0
48,features.10,129,active,-0.114458,7.462803e-07,5.233632e-06,0.9880,0.7590,137
48,features.10,130,pruned_now,-0.198795,1.049639e-07,1.748772e-06,0.6867,0.2892,137
48,features.10,131,pruned_before,nan,0.000000e+00,0.000000e+00,0.0000,0.0000,0
48,features.10,132,active,-0.162651,4.270379e-08,2.522451e-07,0.4217,0.0964,137
48,features.10,133,pruned_before,nan,0.000000e+00,0.000000e+00,0.0000,0.0000,0
48,features.10,134,pruned_before,nan,0.000000e+00,0.000000e+00,0.0000,0.0000,0
48,features.10,135,pruned_before,nan,0.000000e+00,0.000000e+00,0.0000,0.0000,0
48,features.10,136,pruned_before,nan,0.000000e+00,0.000000e+00,0.0000,0.0000,0
48,features.10,137,active,-0.102410,7.799404e-08,2.041279e-06,0.5783,0.3735,137
48,features.10,138,pruned_before,nan,0.000000e+00,0.000000e+00,0.0000,0.0000,0
48,features.10,139,active,0.234940,5.599409e-08,1.806248e-05,0.4940,0.9639,137
48,features.10,140,pruned_before,nan,0.000000e+00,0.000000e+00,0.0000,0.0000,0
48,features.10,141,pruned_before,nan,0.000000e+00,0.000000e+00,0.0000,0.0000,0
48,features.10,142,active,0.096386,4.547659e-08,3.785615e-06,0.4337,0.6265,137
48,features.10,143,pruned_before,nan,0.000000e+00,0.000000e+00,0.0000,0.0000,0
48,features.10,144,pruned_before,nan,0.000000e+00,0.000000e+00,0.0000,0.0000,0
48,features.10,145,pruned_before,nan,0.000000e+00,0.000000e+00,0.0000,0.0000,0
48,features.10,146,pruned_before,nan,0.000000e+00,0.000000e+00,0.0000,0.0000,0
48,features.10,147,pruned_before,nan,0.000000e+00,0.000000e+00,0.0000,0.0000,0
48,features.10,148,active,-0.108434,1.218856e-06,6.188638e-06,1.0000,0.7831,137
48,features.10,149,active,0.018072,0.000000e+00,8.233218e-14,0.0120,0.0482,137
48,features.10,150,pruned_before,nan,0.000000e+00,0.000000e+00,0.0000,0.0000,0
48,features.10,151,pruned_before,nan,0.000000e+00,0.000000e+00,0.0000,0.0000,0
48,features.10,152,pruned_before,nan,0.000000e+00,0.000000e+00,0.0000,0.0000,0
48,features.10,153,pruned_before,nan,0.000000e+00,0.000000e+00,0.0000,0.0000,0
48,features.10,154,active,0.168675,2.861021e-08,3.676779e-06,0.2771,0.6145,137
48,features.10,155,pruned_before,nan,0.000000e+00,0.000000e+00,0.0000,0.0000,0
48,features.10,156,active,0.000000,0.000000e+00,0.000000e+00,0.0000,0.0000,137
48,features.10,157,pruned_before,nan,0.000000e+00,0.000000e+00,0.0000,0.0000,0
48,features.10,158,pruned_before,nan,0.000000e+00,0.000000e+00,0.0000,0.0000,0
48,features.10,159,pruned_before,nan,0.000000e+00,0.000000e+00,0.0000,0.0000,0
48,features.10,160,pruned_before,nan,0.000000e+00,0.000000e+00,0.0000,0.0000,0
48,features.10,161,pruned_before,nan,0.000000e+00,0.000000e+00,0.0000,0.0000,0
48,features.10,162,active,-0.132530,3.892440e-07,4.412322e-06,0.9518,0.6867,137
48,features.10,163,pruned_before,nan,0.000000e+00,0.000000e+00,0.0000,0.0000,0
48,features.10,164,pruned_before,nan,0.000000e+00,0.000000e+00,0.0000,0.0000,0
48,features.10,165,pruned_before,nan,0.000000e+00,0.000000e+00,0.0000,0.0000,0
48,features.10,166,pruned_before,nan,0.000000e+00,0.000000e+00,0.0000,0.0000,0
48,features.10,167,pruned_before,nan,0.000000e+00,0.000000e+00,0.0000,0.0000,0
48,features.10,168,pruned_before,nan,0.000000e+00,0.000000e+00,0.0000,0.0000,0
48,features.10,169,pruned_before,nan,0.000000e+00,0.000000e+00,0.0000,0.0000,0
48,features.10,170,pruned_before,nan,0.000000e+00,0.000000e+00,0.0000,0.0000,0
48,features.10,171,pruned_before,nan,0.000000e+00,0.000000e+00,0.0000,0.0000,0
48,features.10,172,pruned_before,nan,0.000000e+00,0.000000e+00,0.0000,0.0000,0
48,features.10,173,pruned_before,nan,0.000000e+00,0.000000e+00,0.0000,0.0000,0
48,features.10,174,pruned_before,nan,0.000000e+00,0.000000e+00,0.0000,0.0000,0
48,features.10,175,pruned_before,nan,0.000000e+00,0.000000e+00,0.0000,0.0000,0
48,features.10,176,pruned_before,nan,0.000000e+00,0.000000e+00,0.0000,0.0000,0
48,features.10,177,active,-0.018072,2.589950e-07,6.858432e-06,0.8916,0.8554,137
48,features.10,178,pruned_before,nan,0.000000e+00,0.000000e+00,0.0000,0.0000,0
48,features.10,179,pruned_before,nan,0.000000e+00,0.000000e+00,0.0000,0.0000,0
48,features.10,180,pruned_before,nan,0.000000e+00,0.000000e+00,0.0000,0.0000,0
48,features.10,181,pruned_before,nan,0.000000e+00,0.000000e+00,0.0000,0.0000,0
48,features.10,182,active,0.000000,0.000000e+00,0.000000e+00,0.0241,0.0241,137
48,features.10,183,pruned_before,nan,0.000000e+00,0.000000e+00,0.0000,0.0000,0
48,features.10,184,pruned_before,nan,0.000000e+00,0.000000e+00,0.0000,0.0000,0
48,features.10,185,pruned_before,nan,0.000000e+00,0.000000e+00,0.0000,0.0000,0
48,features.10,186,pruned_before,nan,0.000000e+00,0.000000e+00,0.0000,0.0000,0
48,features.10,187,pruned_before,nan,0.000000e+00,0.000000e+00,0.0000,0.0000,0
48,features.10,188,pruned_before,nan,0.000000e+00,0.000000e+00,0.0000,0.0000,0
48,features.10,189,pruned_before,nan,0.000000e+00,0.000000e+00,0.0000,0.0000,0
48,features.10,190,pruned_before,nan,0.000000e+00,0.000000e+00,0.0000,0.0000,0
48,features.10,191,pruned_before,nan,0.000000e+00,0.000000e+00,0.0000,0.0000,0
48,features.10,192,pruned_before,nan,0.000000e+00,0.000000e+00,0.0000,0.0000,0
48,features.10,193,pruned_before,nan,0.000000e+00,0.000000e+00,0.0000,0.0000,0
48,features.10,194,pruned_before,nan,0.000000e+00,0.000000e+00,0.0000,0.0000,0
48,features.10,195,pruned_before,nan,0.000000e+00,0.000000e+00,0.0000,0.0000,0
48,features.10,196,pruned_before,nan,0.000000e+00,0.000000e+00,0.0000,0.0000,0
48,features.10,197,pruned_before,nan,0.000000e+00,0.000000e+00,0.0000,0.0000,0
48,features.10,198,active,-0.072289,2.857149e-08,3.402084e-07,0.2651,0.1205,137
48,features.10,199,pruned_before,nan,0.000000e+00,0.000000e+00,0.0000,0.0000,0
48,features.10,200,active,0.024096,2.996186e-08,1.854477e-06,0.2892,0.3373,137
48,features.10,201,active,0.240964,2.684562e-08,4.467076e-06,0.2289,0.7108,137
48,features.10,202,pruned_before,nan,0.000000e+00,0.000000e+00,0.0000,0.0000,0
48,features.10,203,pruned_before,nan,0.000000e+00,0.000000e+00,0.0000,0.0000,0
48,features.10,204,pruned_before,nan,0.000000e+00,0.000000e+00,0.0000,0.0000,0
48,features.10,205,active,-0.006024,8.398302e-09,7.118319e-08,0.0723,0.0602,137
48,features.10,206,pruned_before,nan,0.000000e+00,0.000000e+00,0.0000,0.0000,0
48,features.10,207,pruned_before,nan,0.000000e+00,0.000000e+00,0.0000,0.0000,0
48,features.10,208,pruned_before,nan,0.000000e+00,0.000000e+00,0.0000,0.0000,0
48,features.10,209,pruned_before,nan,0.000000e+00,0.000000e+00,0.0000,0.0000,0
48,features.10,210,pruned_before,nan,0.000000e+00,0.000000e+00,0.0000,0.0000,0
48,features.10,211,active,0.042169,1.938501e-08,9.586669e-07,0.1446,0.2289,137
48,features.10,212,pruned_before,nan,0.000000e+00,0.000000e+00,0.0000,0.0000,0
48,features.10,213,pruned_before,nan,0.000000e+00,0.000000e+00,0.0000,0.0000,0
48,features.10,214,pruned_before,nan,0.000000e+00,0.000000e+00,0.0000,0.0000,0
48,features.10,215,pruned_before,nan,0.000000e+00,0.000000e+00,0.0000,0.0000,0
48,features.10,216,pruned_before,nan,0.000000e+00,0.000000e+00,0.0000,0.0000,0
48,features.10,217,pruned_before,nan,0.000000e+00,0.000000e+00,0.0000,0.0000,0
48,features.10,218,active,-0.024096,2.033571e-08,2.785447e-07,0.1566,0.1084,137
48,features.10,219,pruned_before,nan,0.000000e+00,0.000000e+00,0.0000,0.0000,0
48,features.10,220,active,-0.108434,1.384475e-07,3.181915e-06,0.7952,0.5783,137
48,features.10,221,pruned_before,nan,0.000000e+00,0.000000e+00,0.0000,0.0000,0
48,features.10,222,active,0.012048,2.248243e-08,8.454685e-07,0.1928,0.2169,137
48,features.10,223,pruned_before,nan,0.000000e+00,0.000000e+00,0.0000,0.0000,0
48,features.10,224,pruned_before,nan,0.000000e+00,0.000000e+00,0.0000,0.0000,0
48,features.10,225,pruned_before,nan,0.000000e+00,0.000000e+00,0.0000,0.0000,0
48,features.10,226,pruned_before,nan,0.000000e+00,0.000000e+00,0.0000,0.0000,0
48,features.10,227,pruned_before,nan,0.000000e+00,0.000000e+00,0.0000,0.0000,0
48,features.10,228,pruned_before,nan,0.000000e+00,0.000000e+00,0.0000,0.0000,0
48,features.10,229,pruned_before,nan,0.000000e+00,0.000000e+00,0.0000,0.0000,0
48,features.10,230,pruned_before,nan,0.000000e+00,0.000000e+00,0.0000,0.0000,0
48,features.10,231,pruned_before,nan,0.000000e+00,0.000000e+00,0.0000,0.0000,0
48,features.10,232,pruned_before,nan,0.000000e+00,0.000000e+00,0.0000,0.0000,0
48,features.10,233,pruned_before,nan,0.000000e+00,0.000000e+00,0.0000,0.0000,0
48,features.10,234,pruned_now,-0.198795,1.194268e-07,1.941027e-06,0.7470,0.3494,137
48,features.10,235,active,0.066265,1.532644e-07,1.490214e-05,0.8193,0.9518,137
48,features.10,236,pruned_before,nan,0.000000e+00,0.000000e+00,0.0000,0.0000,0
48,features.10,237,active,0.144578,2.239658e-08,2.792080e-06,0.1807,0.4699,137
48,features.10,238,pruned_before,nan,0.000000e+00,0.000000e+00,0.0000,0.0000,0
48,features.10,239,pruned_before,nan,0.000000e+00,0.000000e+00,0.0000,0.0000,0
48,features.10,240,pruned_before,nan,0.000000e+00,0.000000e+00,0.0000,0.0000,0
48,features.10,241,active,0.006024,1.587500e-08,4.383221e-07,0.1325,0.1446,137
48,features.10,242,pruned_before,nan,0.000000e+00,0.000000e+00,0.0000,0.0000,0
48,features.10,243,active,0.084337,3.829533e-08,2.934767e-06,0.3735,0.5422,137
48,features.10,244,active,-0.174699,1.099766e-07,1.965544e-06,0.7108,0.3614,137
48,features.10,245,pruned_before,nan,0.000000e+00,0.000000e+00,0.0000,0.0000,0
48,features.10,246,active,-0.114458,3.104994e-08,1.326572e-07,0.3012,0.0723,137
48,features.10,247,active,0.066265,1.267187e-07,8.719706e-06,0.7590,0.8916,137
48,features.10,248,pruned_before,nan,0.000000e+00,0.000000e+00,0.0000,0.0000,0
48,features.10,249,active,0.006024,4.728571e-08,2.776069e-06,0.4458,0.4578,137
48,features.10,250,pruned_before,nan,0.000000e+00,0.000000e+00,0.0000,0.0000,0
48,features.10,251,pruned_before,nan,0.000000e+00,0.000000e+00,0.0000,0.0000,0
48,features.10,252,active,-0.084337,1.057511e-07,2.920799e-06,0.6988,0.5301,137
48,features.10,253,pruned_before,nan,0.000000e+00,0.000000e+00,0.0000,0.0000,0
48,features.10,254,pruned_before,nan,0.000000e+00,0.000000e+00,0.0000,0.0000,0
48,features.10,255,active,-0.096386,3.813527e-07,4.793078e-06,0.9398,0.7470,137
48,features.10,256,active,0.132530,3.600480e-09,1.851237e-06,0.0602,0.3253,137
48,features.10,257,active,0.018072,1.149462e-08,4.138176e-07,0.0964,0.1325,137
48,features.10,258,pruned_before,nan,0.000000e+00,0.000000e+00,0.0000,0.0000,0
48,features.10,259,pruned_before,nan,0.000000e+00,0.000000e+00,0.0000,0.0000,0
48,features.10,260,pruned_before,nan,0.000000e+00,0.000000e+00,0.0000,0.0000,0
48,features.10,261,active,0.048193,4.044418e-08,2.834392e-06,0.4096,0.5060,137
48,features.10,262,pruned_before,nan,0.000000e+00,0.000000e+00,0.0000,0.0000,0
48,features.10,263,pruned_before,nan,0.000000e+00,0.000000e+00,0.0000,0.0000,0
48,features.10,264,pruned_before,nan,0.000000e+00,0.000000e+00,0.0000,0.0000,0
48,features.10,265,pruned_before,nan,0.000000e+00,0.000000e+00,0.0000,0.0000,0
48,features.10,266,pruned_before,nan,0.000000e+00,0.000000e+00,0.0000,0.0000,0
48,features.10,267,active,-0.078313,7.412612e-08,2.183274e-06,0.5542,0.3976,137
48,features.10,268,active,0.108434,7.847408e-08,6.405875e-06,0.5904,0.8072,137
48,features.10,269,active,-0.090361,1.282892e-07,3.272320e-06,0.7711,0.5904,137
48,features.10,270,pruned_before,nan,0.000000e+00,0.000000e+00,0.0000,0.0000,0
48,features.10,271,active,-0.006024,0.000000e+00,0.000000e+00,0.0482,0.0361,137
48,features.10,272,pruned_before,nan,0.000000e+00,0.000000e+00,0.0000,0.0000,0
48,features.10,273,active,-0.048193,5.951847e-07,7.560487e-06,0.9759,0.8795,137
48,features.10,274,pruned_before,nan,0.000000e+00,0.000000e+00,0.0000,0.0000,0
48,features.10,275,pruned_before,nan,0.000000e+00,0.000000e+00,0.0000,0.0000,0
48,features.10,276,pruned_before,nan,0.000000e+00,0.000000e+00,0.0000,0.0000,0
48,features.10,277,pruned_before,nan,0.000000e+00,0.000000e+00,0.0000,0.0000,0
48,features.10,278,pruned_before,nan,0.000000e+00,0.000000e+00,0.0000,0.0000,0
48,features.10,279,pruned_before,nan,0.000000e+00,0.000000e+00,0.0000,0.0000,0
48,features.10,280,pruned_before,nan,0.000000e+00,0.000000e+00,0.0000,0.0000,0
48,features.10,281,pruned_before,nan,0.000000e+00,0.000000e+00,0.0000,0.0000,0
48,features.10,282,pruned_before,nan,0.000000e+00,0.000000e+00,0.0000,0.0000,0
48,features.10,283,pruned_before,nan,0.000000e+00,0.000000e+00,0.0000,0.0000,0
48,features.10,284,pruned_before,nan,0.000000e+00,0.000000e+00,0.0000,0.0000,0
48,features.10,285,active,-0.138554,5.095137e-08,8.052172e-07,0.4819,0.2048,137
48,features.10,286,pruned_before,nan,0.000000e+00,0.000000e+00,0.0000,0.0000,0
48,features.10,287,active,-0.042169,2.734157e-08,4.480002e-07,0.2410,0.1566,137
48,features.10,288,pruned_before,nan,0.000000e+00,0.000000e+00,0.0000,0.0000,0
48,features.10,289,pruned_before,nan,0.000000e+00,0.000000e+00,0.0000,0.0000,0
48,features.10,290,pruned_before,nan,0.000000e+00,0.000000e+00,0.0000,0.0000,0
48,features.10,291,active,-0.072289,4.032467e-07,6.509988e-06,0.9639,0.8193,137
48,features.10,292,active,0.054217,8.320057e-08,4.483681e-06,0.6145,0.7229,137
48,features.10,293,active,0.337349,2.115024e-08,6.791859e-06,0.1687,0.8434,137
48,features.10,294,pruned_before,nan,0.000000e+00,0.000000e+00,0.0000,0.0000,0
48,features.10,295,active,-0.036145,3.500606e-08,1.445509e-06,0.3373,0.2651,137
48,features.10,296,pruned_before,nan,0.000000e+00,0.000000e+00,0.0000,0.0000,0
48,features.10,297,pruned_before,nan,0.000000e+00,0.000000e+00,0.0000,0.0000,0
48,features.10,298,pruned_before,nan,0.000000e+00,0.000000e+00,0.0000,0.0000,0
48,features.10,299,pruned_before,nan,0.000000e+00,0.000000e+00,0.0000,0.0000,0
48,features.10,300,pruned_before,nan,0.000000e+00,0.000000e+00,0.0000,0.0000,0
48,features.10,301,active,-0.084337,3.801786e-08,7.002513e-07,0.3614,0.1928,137
48,features.10,302,pruned_before,nan,0.000000e+00,0.000000e+00,0.0000,0.0000,0
48,features.10,303,pruned_before,nan,0.000000e+00,0.000000e+00,0.0000,0.0000,0
48,features.10,304,active,0.192771,2.843875e-08,3.900268e-06,0.2530,0.6386,137
48,features.10,305,pruned_before,nan,0.000000e+00,0.000000e+00,0.0000,0.0000,0
48,features.10,306,pruned_before,nan,0.000000e+00,0.000000e+00,0.0000,0.0000,0
48,features.10,307,pruned_before,nan,0.000000e+00,0.000000e+00,0.0000,0.0000,0
48,features.10,308,pruned_before,nan,0.000000e+00,0.000000e+00,0.0000,0.0000,0
48,features.10,309,pruned_before,nan,0.000000e+00,0.000000e+00,0.0000,0.0000,0
48,features.10,310,pruned_before,nan,0.000000e+00,0.000000e+00,0.0000,0.0000,0
48,features.10,311,active,0.030120,1.407936e-08,4.573625e-07,0.1084,0.1687,137
48,features.10,312,pruned_before,nan,0.000000e+00,0.000000e+00,0.0000,0.0000,0
48,features.10,313,pruned_before,nan,0.000000e+00,0.000000e+00,0.0000,0.0000,0
48,features.10,314,pruned_before,nan,0.000000e+00,0.000000e+00,0.0000,0.0000,0
48,features.10,315,pruned_now,-0.240964,1.111845e-07,1.104405e-06,0.7229,0.2410,137
48,features.10,316,pruned_before,nan,0.000000e+00,0.000000e+00,0.0000,0.0000,0
48,features.10,317,pruned_before,nan,0.000000e+00,0.000000e+00,0.0000,0.0000,0
48,features.10,318,pruned_before,nan,0.000000e+00,0.000000e+00,0.0000,0.0000,0
48,features.10,319,active,0.066265,7.639878e-08,4.412371e-06,0.5663,0.6988,137
48,features.10,320,pruned_before,nan,0.000000e+00,0.000000e+00,0.0000,0.0000,0
48,features.10,321,pruned_before,nan,0.000000e+00,0.000000e+00,0.0000,0.0000,0
48,features.10,322,pruned_before,nan,0.000000e+00,0.000000e+00,0.0000,0.0000,0
48,features.10,323,pruned_before,nan,0.000000e+00,0.000000e+00,0.0000,0.0000,0
48,features.10,324,pruned_before,nan,0.000000e+00,0.000000e+00,0.0000,0.0000,0
48,features.10,325,pruned_before,nan,0.000000e+00,0.000000e+00,0.0000,0.0000,0
48,features.10,326,pruned_before,nan,0.000000e+00,0.000000e+00,0.0000,0.0000,0
48,features.10,327,pruned_before,nan,0.000000e+00,0.000000e+00,0.0000,0.0000,0
48,features.10,328,pruned_before,nan,0.000000e+00,0.000000e+00,0.0000,0.0000,0
48,features.10,329,active,0.042169,2.416389e-08,1.765854e-06,0.2169,0.3012,137
48,features.10,330,pruned_before,nan,0.000000e+00,0.000000e+00,0.0000,0.0000,0
48,features.10,331,pruned_before,nan,0.000000e+00,0.000000e+00,0.0000,0.0000,0
48,features.10,332,pruned_before,nan,0.000000e+00,0.000000e+00,0.0000,0.0000,0
48,features.10,333,pruned_before,nan,0.000000e+00,0.000000e+00,0.0000,0.0000,0
48,features.10,334,pruned_before,nan,0.000000e+00,0.000000e+00,0.0000,0.0000,0
48,features.10,335,pruned_before,nan,0.000000e+00,0.000000e+00,0.0000,0.0000,0
48,features.10,336,pruned_before,nan,0.000000e+00,0.000000e+00,0.0000,0.0000,0
48,features.10,337,pruned_before,nan,0.000000e+00,0.000000e+00,0.0000,0.0000,0
48,features.10,338,pruned_before,nan,0.000000e+00,0.000000e+00,0.0000,0.0000,0
48,features.10,339,pruned_before,nan,0.000000e+00,0.000000e+00,0.0000,0.0000,0
48,features.10,340,pruned_before,nan,0.000000e+00,0.000000e+00,0.0000,0.0000,0
48,features.10,341,pruned_before,nan,0.000000e+00,0.000000e+00,0.0000,0.0000,0
48,features.10,342,active,0.000000,1.000498e-08,1.601850e-07,0.0843,0.0843,137
48,features.10,343,active,-0.132530,9.848736e-08,2.210579e-06,0.6747,0.4096,137
48,features.10,344,active,0.066265,1.905845e-07,2.775252e-05,0.8554,0.9880,137
48,features.10,345,pruned_before,nan,0.000000e+00,0.000000e+00,0.0000,0.0000,0
48,features.10,346,pruned_before,nan,0.000000e+00,0.000000e+00,0.0000,0.0000,0
48,features.10,347,pruned_before,nan,0.000000e+00,0.000000e+00,0.0000,0.0000,0
48,features.10,348,active,-0.042169,3.937307e-08,1.831679e-06,0.3976,0.3133,137
48,features.10,349,pruned_before,nan,0.000000e+00,0.000000e+00,0.0000,0.0000,0
48,features.10,350,pruned_before,nan,0.000000e+00,0.000000e+00,0.0000,0.0000,0
48,features.10,351,pruned_before,nan,0.000000e+00,0.000000e+00,0.0000,0.0000,0
48,features.10,352,active,0.114458,8.093633e-08,6.541095e-06,0.6024,0.8313,137
48,features.10,353,pruned_before,nan,0.000000e+00,0.000000e+00,0.0000,0.0000,0
48,features.10,354,pruned_before,nan,0.000000e+00,0.000000e+00,0.0000,0.0000,0
48,features.10,355,pruned_before,nan,0.000000e+00,0.000000e+00,0.0000,0.0000,0
48,features.10,356,pruned_before,nan,0.000000e+00,0.000000e+00,0.0000,0.0000,0
48,features.10,357,pruned_before,nan,0.000000e+00,0.000000e+00,0.0000,0.0000,0
48,features.10,358,pruned_before,nan,0.000000e+00,0.000000e+00,0.0000,0.0000,0
48,features.10,359,pruned_before,nan,0.000000e+00,0.000000e+00,0.0000,0.0000,0
48,features.10,360,pruned_before,nan,0.000000e+00,0.000000e+00,0.0000,0.0000,0
48,features.10,361,active,0.030120,3.495982e-08,2.168355e-06,0.3253,0.3855,137
48,features.10,362,pruned_before,nan,0.000000e+00,0.000000e+00,0.0000,0.0000,0
48,features.10,363,pruned_before,nan,0.000000e+00,0.000000e+00,0.0000,0.0000,0
48,features.10,364,pruned_before,nan,0.000000e+00,0.000000e+00,0.0000,0.0000,0
48,features.10,365,pruned_before,nan,0.000000e+00,0.000000e+00,0.0000,0.0000,0
48,features.10,366,pruned_before,nan,0.000000e+00,0.000000e+00,0.0000,0.0000,0
48,features.10,367,active,0.036145,3.192130e-07,2.649666e-05,0.9036,0.9759,137
48,features.10,368,pruned_before,nan,0.000000e+00,0.000000e+00,0.0000,0.0000,0
48,features.10,369,pruned_before,nan,0.000000e+00,0.000000e+00,0.0000,0.0000,0
48,features.10,370,pruned_before,nan,0.000000e+00,0.000000e+00,0.0000,0.0000,0
48,features.10,371,protected,0.036145,3.740261e-07,4.288329e-05,0.9277,1.0000,137
48,features.10,372,pruned_before,nan,0.000000e+00,0.000000e+00,0.0000,0.0000,0
48,features.10,373,pruned_before,nan,0.000000e+00,0.000000e+00,0.0000,0.0000,0
48,features.10,374,pruned_before,nan,0.000000e+00,0.000000e+00,0.0000,0.0000,0
48,features.10,375,pruned_before,nan,0.000000e+00,0.000000e+00,0.0000,0.0000,0
48,features.10,376,active,0.277108,1.512094e-08,4.097205e-06,0.1205,0.6747,137
48,features.10,377,pruned_before,nan,0.000000e+00,0.000000e+00,0.0000,0.0000,0
48,features.10,378,active,0.000000,6.494928e-08,2.857828e-06,0.5181,0.5181,137
48,features.10,379,pruned_before,nan,0.000000e+00,0.000000e+00,0.0000,0.0000,0
48,features.10,380,pruned_before,nan,0.000000e+00,0.000000e+00,0.0000,0.0000,0
48,features.10,381,active,0.216867,6.417316e-08,1.387538e-05,0.5060,0.9398,137
48,features.10,382,pruned_before,nan,0.000000e+00,0.000000e+00,0.0000,0.0000,0
48,features.10,383,pruned_before,nan,0.000000e+00,0.000000e+00,0.0000,0.0000,0
48,features.11,0,active,0.087302,1.637636e-07,7.612992e-05,0.2857,0.4603,169
48,features.11,1,pruned_before,nan,0.000000e+00,0.000000e+00,0.0000,0.0000,0
48,features.11,2,pruned_before,nan,0.000000e+00,0.000000e+00,0.0000,0.0000,0
48,features.11,3,pruned_before,nan,0.000000e+00,0.000000e+00,0.0000,0.0000,0
48,features.11,4,pruned_before,nan,0.000000e+00,0.000000e+00,0.0000,0.0000,0
48,features.11,5,pruned_before,nan,0.000000e+00,0.000000e+00,0.0000,0.0000,0
48,features.11,6,active,0.023810,3.959312e-07,1.155768e-04,0.5873,0.6349,169
48,features.11,7,pruned_before,nan,0.000000e+00,0.000000e+00,0.0000,0.0000,0
48,features.11,8,pruned_before,nan,0.000000e+00,0.000000e+00,0.0000,0.0000,0
48,features.11,9,pruned_before,nan,0.000000e+00,0.000000e+00,0.0000,0.0000,0
48,features.11,10,active,-0.007937,1.568658e-06,2.575327e-04,0.9048,0.8889,169
48,features.11,11,pruned_before,nan,0.000000e+00,0.000000e+00,0.0000,0.0000,0
48,features.11,12,pruned_before,nan,0.000000e+00,0.000000e+00,0.0000,0.0000,0
48,features.11,13,pruned_before,nan,0.000000e+00,0.000000e+00,0.0000,0.0000,0
48,features.11,14,pruned_before,nan,0.000000e+00,0.000000e+00,0.0000,0.0000,0
48,features.11,15,active,-0.079365,2.048519e-07,2.122945e-05,0.3492,0.1905,169
48,features.11,16,pruned_before,nan,0.000000e+00,0.000000e+00,0.0000,0.0000,0
48,features.11,17,active,-0.023809,3.035816e-06,4.011886e-04,1.0000,0.9524,169
48,features.11,18,pruned_before,nan,0.000000e+00,0.000000e+00,0.0000,0.0000,0
48,features.11,19,pruned_now,-0.277778,3.513325e-07,3.098822e-06,0.5556,0.0000,169
48,features.11,20,pruned_before,nan,0.000000e+00,0.000000e+00,0.0000,0.0000,0
48,features.11,21,pruned_before,nan,0.000000e+00,0.000000e+00,0.0000,0.0000,0
48,features.11,22,pruned_before,nan,0.000000e+00,0.000000e+00,0.0000,0.0000,0
48,features.11,23,pruned_before,nan,0.000000e+00,0.000000e+00,0.0000,0.0000,0
48,features.11,24,pruned_before,nan,0.000000e+00,0.000000e+00,0.0000,0.0000,0
48,features.11,25,pruned_before,nan,0.000000e+00,0.000000e+00,0.0000,0.0000,0
48,features.11,26,active,-0.039683,1.406251e-07,1.857341e-05,0.2381,0.1587,169
48,features.11,27,pruned_before,nan,0.000000e+00,0.000000e+00,0.0000,0.0000,0
48,features.11,28,pruned_before,nan,0.000000e+00,0.000000e+00,0.0000,0.0000,0
48,features.11,29,pruned_before,nan,0.000000e+00,0.000000e+00,0.0000,0.0000,0
48,features.11,30,pruned_before,nan,0.000000e+00,0.000000e+00,0.0000,0.0000,0
48,features.11,31,active,0.047619,6.641445e-07,2.421222e-04,0.7778,0.8730,169
48,features.11,32,pruned_before,nan,0.000000e+00,0.000000e+00,0.0000,0.0000,0
48,features.11,33,active,0.087302,4.316551e-07,1.779622e-04,0.6190,0.7937,169
48,features.11,34,pruned_before,nan,0.000000e+00,0.000000e+00,0.0000,0.0000,0
48,features.11,35,pruned_before,nan,0.000000e+00,0.000000e+00,0.0000,0.0000,0
48,features.11,36,pruned_before,nan,0.000000e+00,0.000000e+00,0.0000,0.0000,0
48,features.11,37,active,-0.047619,3.102136e-07,6.546854e-05,0.5079,0.4127,169
48,features.11,38,pruned_before,nan,0.000000e+00,0.000000e+00,0.0000,0.0000,0
48,features.11,39,pruned_before,nan,0.000000e+00,0.000000e+00,0.0000,0.0000,0
48,features.11,40,pruned_before,nan,0.000000e+00,0.000000e+00,0.0000,0.0000,0
48,features.11,41,pruned_before,nan,0.000000e+00,0.000000e+00,0.0000,0.0000,0
48,features.11,42,active,0.222222,8.513619e-08,9.754869e-05,0.1111,0.5556,169
48,features.11,43,pruned_before,nan,0.000000e+00,0.000000e+00,0.0000,0.0000,0
48,features.11,44,active,0.031746,2.089700e-07,7.533162e-05,0.3810,0.4444,169
48,features.11,45,pruned_before,nan,0.000000e+00,0.000000e+00,0.0000,0.0000,0
48,features.11,46,pruned_before,nan,0.000000e+00,0.000000e+00,0.0000,0.0000,0
48,features.11,47,pruned_before,nan,0.000000e+00,0.000000e+00,0.0000,0.0000,0
48,features.11,48,pruned_before,nan,0.000000e+00,0.000000e+00,0.0000,0.0000,0
48,features.11,49,pruned_before,nan,0.000000e+00,0.000000e+00,0.0000,0.0000,0
48,features.11,50,active,-0.007937,6.354806e-07,1.563336e-04,0.7619,0.7460,169
48,features.11,51,pruned_before,nan,0.000000e+00,0.000000e+00,0.0000,0.0000,0
48,features.11,52,pruned_before,nan,0.000000e+00,0.000000e+00,0.0000,0.0000,0
48,features.11,53,pruned_before,nan,0.000000e+00,0.000000e+00,0.0000,0.0000,0
48,features.11,54,pruned_before,nan,0.000000e+00,0.000000e+00,0.0000,0.0000,0
48,features.11,55,pruned_before,nan,0.000000e+00,0.000000e+00,0.0000,0.0000,0
48,features.11,56,active,0.007937,6.489270e-08,9.999898e-06,0.0635,0.0794,169
48,features.11,57,pruned_before,nan,0.000000e+00,0.000000e+00,0.0000,0.0000,0
48,features.11,58,pruned_before,nan,0.000000e+00,0.000000e+00,0.0000,0.0000,0
48,features.11,59,pruned_before,nan,0.000000e+00,0.000000e+00,0.0000,0.0000,0
48,features.11,60,pruned_before,nan,0.000000e+00,0.000000e+00,0.0000,0.0000,0
48,features.11,61,pruned_before,nan,0.000000e+00,0.000000e+00,0.0000,0.0000,0
48,features.11,62,pruned_before,nan,0.000000e+00,0.000000e+00,0.0000,0.0000,0
48,features.11,63,active,-0.150794,3.413186e-07,2.901820e-05,0.5397,0.2381,169
48,features.11,64,pruned_before,nan,0.000000e+00,0.000000e+00,0.0000,0.0000,0
48,features.11,65,active,0.071429,2.921430e-08,1.974885e-05,0.0317,0.1746,169
48,features.11,66,pruned_before,nan,0.000000e+00,0.000000e+00,0.0000,0.0000,0
48,features.11,67,active,0.166667,3.922808e-07,2.621738e-04,0.5714,0.9048,169
48,features.11,68,pruned_before,nan,0.000000e+00,0.000000e+00,0.0000,0.0000,0
48,features.11,69,pruned_before,nan,0.000000e+00,0.000000e+00,0.0000,0.0000,0
48,features.11,70,pruned_before,nan,0.000000e+00,0.000000e+00,0.0000,0.0000,0
48,features.11,71,pruned_before,nan,0.000000e+00,0.000000e+00,0.0000,0.0000,0
48,features.11,72,pruned_before,nan,0.000000e+00,0.000000e+00,0.0000,0.0000,0
48,features.11,73,pruned_before,nan,0.000000e+00,0.000000e+00,0.0000,0.0000,0
48,features.11,74,pruned_before,nan,0.000000e+00,0.000000e+00,0.0000,0.0000,0
48,features.11,75,pruned_before,nan,0.000000e+00,0.000000e+00,0.0000,0.0000,0
48,features.11,76,pruned_before,nan,0.000000e+00,0.000000e+00,0.0000,0.0000,0
48,features.11,77,pruned_before,nan,0.000000e+00,0.000000e+00,0.0000,0.0000,0
48,features.11,78,pruned_before,nan,0.000000e+00,0.000000e+00,0.0000,0.0000,0
48,features.11,79,pruned_before,nan,0.000000e+00,0.000000e+00,0.0000,0.0000,0
48,features.11,80,pruned_before,nan,0.000000e+00,0.000000e+00,0.0000,0.0000,0
48,features.11,81,pruned_before,nan,0.000000e+00,0.000000e+00,0.0000,0.0000,0
48,features.11,82,pruned_before,nan,0.000000e+00,0.000000e+00,0.0000,0.0000,0
48,features.11,83,pruned_before,nan,0.000000e+00,0.000000e+00,0.0000,0.0000,0
48,features.11,84,pruned_before,nan,0.000000e+00,0.000000e+00,0.0000,0.0000,0
48,features.11,85,pruned_before,nan,0.000000e+00,0.000000e+00,0.0000,0.0000,0
48,features.11,86,pruned_before,nan,0.000000e+00,0.000000e+00,0.0000,0.0000,0
48,features.11,87,pruned_before,nan,0.000000e+00,0.000000e+00,0.0000,0.0000,0
48,features.11,88,pruned_before,nan,0.000000e+00,0.000000e+00,0.0000,0.0000,0
48,features.11,89,pruned_before,nan,0.000000e+00,0.000000e+00,0.0000,0.0000,0
48,features.11,90,pruned_before,nan,0.000000e+00,0.000000e+00,0.0000,0.0000,0
48,features.11,91,pruned_before,nan,0.000000e+00,0.000000e+00,0.0000,0.0000,0
48,features.11,92,pruned_before,nan,0.000000e+00,0.000000e+00,0.0000,0.0000,0
48,features.11,93,pruned_before,nan,0.000000e+00,0.000000e+00,0.0000,0.0000,0
48,features.11,94,pruned_before,nan,0.000000e+00,0.000000e+00,0.0000,0.0000,0
48,features.11,95,pruned_before,nan,0.000000e+00,0.000000e+00,0.0000,0.0000,0
48,features.11,96,pruned_before,nan,0.000000e+00,0.000000e+00,0.0000,0.0000,0
48,features.11,97,pruned_before,nan,0.000000e+00,0.000000e+00,0.0000,0.0000,0
48,features.11,98,pruned_before,nan,0.000000e+00,0.000000e+00,0.0000,0.0000,0
48,features.11,99,pruned_before,nan,0.000000e+00,0.000000e+00,0.0000,0.0000,0
48,features.11,100,pruned_before,nan,0.000000e+00,0.000000e+00,0.0000,0.0000,0
48,features.11,101,active,0.000000,4.868261e-08,8.417450e-06,0.0476,0.0476,169
48,features.11,102,pruned_before,nan,0.000000e+00,0.000000e+00,0.0000,0.0000,0
48,features.11,103,pruned_before,nan,0.000000e+00,0.000000e+00,0.0000,0.0000,0
48,features.11,104,pruned_before,nan,0.000000e+00,0.000000e+00,0.0000,0.0000,0
48,features.11,105,pruned_before,nan,0.000000e+00,0.000000e+00,0.0000,0.0000,0
48,features.11,106,pruned_before,nan,0.000000e+00,0.000000e+00,0.0000,0.0000,0
48,features.11,107,active,-0.095238,1.275635e-06,1.182609e-04,0.8571,0.6667,169
48,features.11,108,pruned_before,nan,0.000000e+00,0.000000e+00,0.0000,0.0000,0
48,features.11,109,pruned_before,nan,0.000000e+00,0.000000e+00,0.0000,0.0000,0
48,features.11,110,pruned_before,nan,0.000000e+00,0.000000e+00,0.0000,0.0000,0
48,features.11,111,pruned_before,nan,0.000000e+00,0.000000e+00,0.0000,0.0000,0
48,features.11,112,pruned_before,nan,0.000000e+00,0.000000e+00,0.0000,0.0000,0
48,features.11,113,pruned_before,nan,0.000000e+00,0.000000e+00,0.0000,0.0000,0
48,features.11,114,pruned_before,nan,0.000000e+00,0.000000e+00,0.0000,0.0000,0
48,features.11,115,active,-0.039683,1.064950e-07,1.784566e-05,0.1905,0.1111,169
48,features.11,116,pruned_before,nan,0.000000e+00,0.000000e+00,0.0000,0.0000,0
48,features.11,117,pruned_before,nan,0.000000e+00,0.000000e+00,0.0000,0.0000,0
48,features.11,118,pruned_before,nan,0.000000e+00,0.000000e+00,0.0000,0.0000,0
48,features.11,119,active,-0.174603,3.059401e-07,1.819870e-05,0.4921,0.1429,169
48,features.11,120,pruned_before,nan,0.000000e+00,0.000000e+00,0.0000,0.0000,0
48,features.11,121,pruned_before,nan,0.000000e+00,0.000000e+00,0.0000,0.0000,0
48,features.11,122,pruned_before,nan,0.000000e+00,0.000000e+00,0.0000,0.0000,0
48,features.11,123,pruned_before,nan,0.000000e+00,0.000000e+00,0.0000,0.0000,0
48,features.11,124,active,0.015873,4.520643e-07,1.183909e-04,0.6508,0.6825,169
48,features.11,125,active,0.079365,1.065469e-07,4.944779e-05,0.2063,0.3651,169
48,features.11,126,pruned_before,nan,0.000000e+00,0.000000e+00,0.0000,0.0000,0
48,features.11,127,pruned_before,nan,0.000000e+00,0.000000e+00,0.0000,0.0000,0
48,features.11,128,pruned_before,nan,0.000000e+00,0.000000e+00,0.0000,0.0000,0
48,features.11,129,pruned_before,nan,0.000000e+00,0.000000e+00,0.0000,0.0000,0
48,features.11,130,pruned_before,nan,0.000000e+00,0.000000e+00,0.0000,0.0000,0
48,features.11,131,pruned_before,nan,0.000000e+00,0.000000e+00,0.0000,0.0000,0
48,features.11,132,active,-0.047619,8.863307e-08,5.345638e-06,0.1270,0.0317,169
48,features.11,133,active,-0.174603,2.742291e-07,1.464245e-05,0.4444,0.0952,169
48,features.11,134,pruned_before,nan,0.000000e+00,0.000000e+00,0.0000,0.0000,0
48,features.11,135,active,0.031746,1.174245e-07,4.019362e-05,0.2222,0.2857,169
48,features.11,136,pruned_before,nan,0.000000e+00,0.000000e+00,0.0000,0.0000,0
48,features.11,137,pruned_before,nan,0.000000e+00,0.000000e+00,0.0000,0.0000,0
48,features.11,138,pruned_before,nan,0.000000e+00,0.000000e+00,0.0000,0.0000,0
48,features.11,139,pruned_before,nan,0.000000e+00,0.000000e+00,0.0000,0.0000,0
48,features.11,140,pruned_before,nan,0.000000e+00,0.000000e+00,0.0000,0.0000,0
48,features.11,141,pruned_before,nan,0.000000e+00,0.000000e+00,0.0000,0.0000,0
48,features.11,142,pruned_before,nan,0.000000e+00,0.000000e+00,0.0000,0.0000,0
48,features.11,143,pruned_before,nan,0.000000e+00,0.000000e+00,0.0000,0.0000,0
48,features.11,144,pruned_before,nan,0.000000e+00,0.000000e+00,0.0000,0.0000,0
48,features.11,145,active,0.142857,7.507094e-08,5.041339e-05,0.0952,0.3810,169
48,features.11,146,pruned_before,nan,0.000000e+00,0.000000e+00,0.0000,0.0000,0
48,features.11,147,pruned_before,nan,0.000000e+00,0.000000e+00,0.0000,0.0000,0
48,features.11,148,pruned_before,nan,0.000000e+00,0.000000e+00,0.0000,0.0000,0
48,features.11,149,pruned_before,nan,0.000000e+00,0.000000e+00,0.0000,0.0000,0
48,features.11,150,pruned_before,nan,0.000000e+00,0.000000e+00,0.0000,0.0000,0
48,features.11,151,pruned_before,nan,0.000000e+00,0.000000e+00,0.0000,0.0000,0
48,features.11,152,pruned_before,nan,0.000000e+00,0.000000e+00,0.0000,0.0000,0
48,features.11,153,pruned_before,nan,0.000000e+00,0.000000e+00,0.0000,0.0000,0
48,features.11,154,pruned_before,nan,0.000000e+00,0.000000e+00,0.0000,0.0000,0
48,features.11,155,pruned_before,nan,0.000000e+00,0.000000e+00,0.0000,0.0000,0
48,features.11,156,pruned_before,nan,0.000000e+00,0.000000e+00,0.0000,0.0000,0
48,features.11,157,pruned_before,nan,0.000000e+00,0.000000e+00,0.0000,0.0000,0
48,features.11,158,pruned_before,nan,0.000000e+00,0.000000e+00,0.0000,0.0000,0
48,features.11,159,pruned_before,nan,0.000000e+00,0.000000e+00,0.0000,0.0000,0
48,features.11,160,pruned_before,nan,0.000000e+00,0.000000e+00,0.0000,0.0000,0
48,features.11,161,pruned_before,nan,0.000000e+00,0.000000e+00,0.0000,0.0000,0
48,features.11,162,pruned_before,nan,0.000000e+00,0.000000e+00,0.0000,0.0000,0
48,features.11,163,pruned_before,nan,0.000000e+00,0.000000e+00,0.0000,0.0000,0
48,features.11,164,pruned_before,nan,0.000000e+00,0.000000e+00,0.0000,0.0000,0
48,features.11,165,pruned_before,nan,0.000000e+00,0.000000e+00,0.0000,0.0000,0
48,features.11,166,pruned_before,nan,0.000000e+00,0.000000e+00,0.0000,0.0000,0
48,features.11,167,active,-0.134921,4.674982e-07,6.115073e-05,0.6667,0.3968,169
48,features.11,168,pruned_before,nan,0.000000e+00,0.000000e+00,0.0000,0.0000,0
48,features.11,169,pruned_before,nan,0.000000e+00,0.000000e+00,0.0000,0.0000,0
48,features.11,170,pruned_before,nan,0.000000e+00,0.000000e+00,0.0000,0.0000,0
48,features.11,171,active,0.174603,2.901808e-07,1.953694e-04,0.4762,0.8254,169
48,features.11,172,pruned_before,nan,0.000000e+00,0.000000e+00,0.0000,0.0000,0
48,features.11,173,pruned_before,nan,0.000000e+00,0.000000e+00,0.0000,0.0000,0
48,features.11,174,pruned_before,nan,0.000000e+00,0.000000e+00,0.0000,0.0000,0
48,features.11,175,pruned_before,nan,0.000000e+00,0.000000e+00,0.0000,0.0000,0
48,features.11,176,active,-0.158730,1.020682e-06,9.284104e-05,0.8413,0.5238,169
48,features.11,177,pruned_before,nan,0.000000e+00,0.000000e+00,0.0000,0.0000,0
48,features.11,178,pruned_before,nan,0.000000e+00,0.000000e+00,0.0000,0.0000,0
48,features.11,179,pruned_before,nan,0.000000e+00,0.000000e+00,0.0000,0.0000,0
48,features.11,180,pruned_before,nan,0.000000e+00,0.000000e+00,0.0000,0.0000,0
48,features.11,181,active,0.119048,2.016249e-07,9.567342e-05,0.3016,0.5397,169
48,features.11,182,pruned_before,nan,0.000000e+00,0.000000e+00,0.0000,0.0000,0
48,features.11,183,pruned_before,nan,0.000000e+00,0.000000e+00,0.0000,0.0000,0
48,features.11,184,pruned_before,nan,0.000000e+00,0.000000e+00,0.0000,0.0000,0
48,features.11,185,active,0.087302,2.461944e-07,1.009543e-04,0.4127,0.5873,169
48,features.11,186,pruned_before,nan,0.000000e+00,0.000000e+00,0.0000,0.0000,0
48,features.11,187,pruned_before,nan,0.000000e+00,0.000000e+00,0.0000,0.0000,0
48,features.11,188,pruned_before,nan,0.000000e+00,0.000000e+00,0.0000,0.0000,0
48,features.11,189,pruned_before,nan,0.000000e+00,0.000000e+00,0.0000,0.0000,0
48,features.11,190,pruned_before,nan,0.000000e+00,0.000000e+00,0.0000,0.0000,0
48,features.11,191,pruned_before,nan,0.000000e+00,0.000000e+00,0.0000,0.0000,0
48,features.11,192,pruned_before,nan,0.000000e+00,0.000000e+00,0.0000,0.0000,0
48,features.11,193,pruned_before,nan,0.000000e+00,0.000000e+00,0.0000,0.0000,0
48,features.11,194,pruned_before,nan,0.000000e+00,0.000000e+00,0.0000,0.0000,0
48,features.11,195,pruned_before,nan,0.000000e+00,0.000000e+00,0.0000,0.0000,0
48,features.11,196,pruned_before,nan,0.000000e+00,0.000000e+00,0.0000,0.0000,0
48,features.11,197,pruned_before,nan,0.000000e+00,0.000000e+00,0.0000,0.0000,0
48,features.11,198,pruned_before,nan,0.000000e+00,0.000000e+00,0.0000,0.0000,0
48,features.11,199,active,-0.039683,1.498136e-06,1.895180e-04,0.8889,0.8095,169
48,features.11,200,pruned_before,nan,0.000000e+00,0.000000e+00,0.0000,0.0000,0
48,features.11,201,pruned_before,nan,0.000000e+00,0.000000e+00,0.0000,0.0000,0
48,features.11,202,pruned_before,nan,0.000000e+00,0.000000e+00,0.0000,0.0000,0
48,features.11,203,active,0.007937,5.540363e-09,4.607373e-06,0.0000,0.0159,169
48,features.11,204,pruned_before,nan,0.000000e+00,0.000000e+00,0.0000,0.0000,0
48,features.11,205,pruned_before,nan,0.000000e+00,0.000000e+00,0.0000,0.0000,0
48,features.11,206,active,0.055556,2.138945e-08,1.808119e-05,0.0159,0.1270,169
48,features.11,207,active,0.039683,2.291022e-07,7.673528e-05,0.3968,0.4762,169
48,features.11,208,pruned_before,nan,0.000000e+00,0.000000e+00,0.0000,0.0000,0
48,features.11,209,pruned_before,nan,0.000000e+00,0.000000e+00,0.0000,0.0000,0
48,features.11,210,pruned_before,nan,0.000000e+00,0.000000e+00,0.0000,0.0000,0
48,features.11,211,pruned_before,nan,0.000000e+00,0.000000e+00,0.0000,0.0000,0
48,features.11,212,pruned_before,nan,0.000000e+00,0.000000e+00,0.0000,0.0000,0
48,features.11,213,pruned_before,nan,0.000000e+00,0.000000e+00,0.0000,0.0000,0
48,features.11,214,pruned_before,nan,0.000000e+00,0.000000e+00,0.0000,0.0000,0
48,features.11,215,pruned_before,nan,0.000000e+00,0.000000e+00,0.0000,0.0000,0
48,features.11,216,active,-0.039683,4.713765e-07,1.034516e-04,0.6825,0.6032,169
48,features.11,217,pruned_before,nan,0.000000e+00,0.000000e+00,0.0000,0.0000,0
48,features.11,218,pruned_before,nan,0.000000e+00,0.000000e+00,0.0000,0.0000,0
48,features.11,219,pruned_before,nan,0.000000e+00,0.000000e+00,0.0000,0.0000,0
48,features.11,220,active,-0.023810,8.858789e-07,1.582889e-04,0.8095,0.7619,169
48,features.11,221,pruned_before,nan,0.000000e+00,0.000000e+00,0.0000,0.0000,0
48,features.11,222,pruned_before,nan,0.000000e+00,0.000000e+00,0.0000,0.0000,0
48,features.11,223,pruned_before,nan,0.000000e+00,0.000000e+00,0.0000,0.0000,0
48,features.11,224,pruned_before,nan,0.000000e+00,0.000000e+00,0.0000,0.0000,0
48,features.11,225,pruned_before,nan,0.000000e+00,0.000000e+00,0.0000,0.0000,0
48,features.11,226,pruned_before,nan,0.000000e+00,0.000000e+00,0.0000,0.0000,0
48,features.11,227,pruned_before,nan,0.000000e+00,0.000000e+00,0.0000,0.0000,0
48,features.11,228,pruned_before,nan,0.000000e+00,0.000000e+00,0.0000,0.0000,0
48,features.11,229,pruned_now,-0.230159,3.203035e-07,9.030326e-06,0.5238,0.0635,169
48,features.11,230,pruned_before,nan,0.000000e+00,0.000000e+00,0.0000,0.0000,0
48,features.11,231,pruned_before,nan,0.000000e+00,0.000000e+00,0.0000,0.0000,0
48,features.11,232,pruned_before,nan,0.000000e+00,0.000000e+00,0.0000,0.0000,0
48,features.11,233,pruned_before,nan,0.000000e+00,0.000000e+00,0.0000,0.0000,0
48,features.11,234,pruned_before,nan,0.000000e+00,0.000000e+00,0.0000,0.0000,0
48,features.11,235,active,0.182540,4.153531e-07,4.691819e-04,0.6032,0.9683,169
48,features.11,236,pruned_before,nan,0.000000e+00,0.000000e+00,0.0000,0.0000,0
48,features.11,237,active,-0.111111,5.512278e-07,8.847992e-05,0.7302,0.5079,169
48,features.11,238,pruned_before,nan,0.000000e+00,0.000000e+00,0.0000,0.0000,0
48,features.11,239,pruned_before,nan,0.000000e+00,0.000000e+00,0.0000,0.0000,0
48,features.11,240,pruned_before,nan,0.000000e+00,0.000000e+00,0.0000,0.0000,0
48,features.11,241,pruned_before,nan,0.000000e+00,0.000000e+00,0.0000,0.0000,0
48,features.11,242,pruned_before,nan,0.000000e+00,0.000000e+00,0.0000,0.0000,0
48,features.11,243,pruned_now,-0.214286,4.355478e-07,2.285347e-05,0.6349,0.2063,169
48,features.11,244,pruned_before,nan,0.000000e+00,0.000000e+00,0.0000,0.0000,0
48,features.11,245,active,-0.134921,5.002899e-07,7.304400e-05,0.6984,0.4286,169
48,features.11,246,pruned_before,nan,0.000000e+00,0.000000e+00,0.0000,0.0000,0
48,features.11,247,pruned_now,-0.190476,1.345681e-06,8.324912e-05,0.8730,0.4921,169
48,features.11,248,pruned_before,nan,0.000000e+00,0.000000e+00,0.0000,0.0000,0
48,features.11,249,pruned_before,nan,0.000000e+00,0.000000e+00,0.0000,0.0000,0
48,features.11,250,pruned_before,nan,0.000000e+00,0.000000e+00,0.0000,0.0000,0
48,features.11,251,pruned_before,nan,0.000000e+00,0.000000e+00,0.0000,0.0000,0
48,features.11,252,active,-0.047619,6.999152e-07,1.232530e-04,0.7937,0.6984,169
48,features.11,253,pruned_before,nan,0.000000e+00,0.000000e+00,0.0000,0.0000,0
48,features.11,254,pruned_before,nan,0.000000e+00,0.000000e+00,0.0000,0.0000,0
48,features.11,255,pruned_before,nan,0.000000e+00,0.000000e+00,0.0000,0.0000,0
48,features.11,256,pruned_before,nan,0.000000e+00,0.000000e+00,0.0000,0.0000,0
48,features.11,257,pruned_before,nan,0.000000e+00,0.000000e+00,0.0000,0.0000,0
48,features.11,258,pruned_before,nan,0.000000e+00,0.000000e+00,0.0000,0.0000,0
48,features.11,259,active,0.071429,7.103772e-08,2.867387e-05,0.0794,0.2222,169
48,features.11,260,pruned_before,nan,0.000000e+00,0.000000e+00,0.0000,0.0000,0
48,features.11,261,pruned_before,nan,0.000000e+00,0.000000e+00,0.0000,0.0000,0
48,features.11,262,active,-0.063492,5.844893e-07,1.116749e-04,0.7460,0.6190,169
48,features.11,263,pruned_before,nan,0.000000e+00,0.000000e+00,0.0000,0.0000,0
48,features.11,264,pruned_before,nan,0.000000e+00,0.000000e+00,0.0000,0.0000,0
48,features.11,265,pruned_before,nan,0.000000e+00,0.000000e+00,0.0000,0.0000,0
48,features.11,266,pruned_before,nan,0.000000e+00,0.000000e+00,0.0000,0.0000,0
48,features.11,267,pruned_before,nan,0.000000e+00,0.000000e+00,0.0000,0.0000,0
48,features.11,268,pruned_before,nan,0.000000e+00,0.000000e+00,0.0000,0.0000,0
48,features.11,269,pruned_before,nan,0.000000e+00,0.000000e+00,0.0000,0.0000,0
48,features.11,270,pruned_before,nan,0.000000e+00,0.000000e+00,0.0000,0.0000,0
48,features.11,271,pruned_before,nan,0.000000e+00,0.000000e+00,0.0000,0.0000,0
48,features.11,272,pruned_before,nan,0.000000e+00,0.000000e+00,0.0000,0.0000,0
48,features.11,273,pruned_before,nan,0.000000e+00,0.000000e+00,0.0000,0.0000,0
48,features.11,274,pruned_before,nan,0.000000e+00,0.000000e+00,0.0000,0.0000,0
48,features.11,275,pruned_before,nan,0.000000e+00,0.000000e+00,0.0000,0.0000,0
48,features.11,276,pruned_before,nan,0.000000e+00,0.000000e+00,0.0000,0.0000,0
48,features.11,277,active,0.071429,9.803491e-08,4.030292e-05,0.1587,0.3016,169
48,features.11,278,pruned_before,nan,0.000000e+00,0.000000e+00,0.0000,0.0000,0
48,features.11,279,pruned_before,nan,0.000000e+00,0.000000e+00,0.0000,0.0000,0
48,features.11,280,pruned_before,nan,0.000000e+00,0.000000e+00,0.0000,0.0000,0
48,features.11,281,pruned_before,nan,0.000000e+00,0.000000e+00,0.0000,0.0000,0
48,features.11,282,pruned_before,nan,0.000000e+00,0.000000e+00,0.0000,0.0000,0
48,features.11,283,pruned_before,nan,0.000000e+00,0.000000e+00,0.0000,0.0000,0
48,features.11,284,pruned_before,nan,0.000000e+00,0.000000e+00,0.0000,0.0000,0
48,features.11,285,pruned_before,nan,0.000000e+00,0.000000e+00,0.0000,0.0000,0
48,features.11,286,pruned_before,nan,0.000000e+00,0.000000e+00,0.0000,0.0000,0
48,features.11,287,pruned_before,nan,0.000000e+00,0.000000e+00,0.0000,0.0000,0
48,features.11,288,pruned_before,nan,0.000000e+00,0.000000e+00,0.0000,0.0000,0
48,features.11,289,pruned_before,nan,0.000000e+00,0.000000e+00,0.0000,0.0000,0
48,features.11,290,pruned_before,nan,0.000000e+00,0.000000e+00,0.0000,0.0000,0
48,features.11,291,pruned_before,nan,0.000000e+00,0.000000e+00,0.0000,0.0000,0
48,features.11,292,pruned_before,nan,0.000000e+00,0.000000e+00,0.0000,0.0000,0
48,features.11,293,pruned_before,nan,0.000000e+00,0.000000e+00,0.0000,0.0000,0
48,features.11,294,pruned_before,nan,0.000000e+00,0.000000e+00,0.0000,0.0000,0
48,features.11,295,pruned_before,nan,0.000000e+00,0.000000e+00,0.0000,0.0000,0
48,features.11,296,pruned_before,nan,0.000000e+00,0.000000e+00,0.0000,0.0000,0
48,features.11,297,pruned_before,nan,0.000000e+00,0.000000e+00,0.0000,0.0000,0
48,features.11,298,pruned_before,nan,0.000000e+00,0.000000e+00,0.0000,0.0000,0
48,features.11,299,pruned_before,nan,0.000000e+00,0.000000e+00,0.0000,0.0000,0
48,features.11,300,active,0.214286,9.619393e-08,9.987886e-05,0.1429,0.5714,169
48,features.11,301,pruned_before,nan,0.000000e+00,0.000000e+00,0.0000,0.0000,0
48,features.11,302,pruned_before,nan,0.000000e+00,0.000000e+00,0.0000,0.0000,0
48,features.11,303,pruned_before,nan,0.000000e+00,0.000000e+00,0.0000,0.0000,0
48,features.11,304,pruned_before,nan,0.000000e+00,0.000000e+00,0.0000,0.0000,0
48,features.11,305,pruned_before,nan,0.000000e+00,0.000000e+00,0.0000,0.0000,0
48,features.11,306,pruned_before,nan,0.000000e+00,0.000000e+00,0.0000,0.0000,0
48,features.11,307,pruned_before,nan,0.000000e+00,0.000000e+00,0.0000,0.0000,0
48,features.11,308,pruned_before,nan,0.000000e+00,0.000000e+00,0.0000,0.0000,0
48,features.11,309,pruned_before,nan,0.000000e+00,0.000000e+00,0.0000,0.0000,0
48,features.11,310,pruned_before,nan,0.000000e+00,0.000000e+00,0.0000,0.0000,0
48,features.11,311,active,0.071429,1.027061e-07,4.118288e-05,0.1746,0.3175,169
48,features.11,312,pruned_before,nan,0.000000e+00,0.000000e+00,0.0000,0.0000,0
48,features.11,313,active,-0.007937,1.622414e-06,3.334207e-04,0.9365,0.9206,169
48,features.11,314,active,-0.111111,1.861458e-06,1.461011e-04,0.9524,0.7302,169
48,features.11,315,pruned_before,nan,0.000000e+00,0.000000e+00,0.0000,0.0000,0
48,features.11,316,pruned_before,nan,0.000000e+00,0.000000e+00,0.0000,0.0000,0
48,features.11,317,active,0.111111,2.567741e-07,1.160536e-04,0.4286,0.6508,169
48,features.11,318,pruned_before,nan,0.000000e+00,0.000000e+00,0.0000,0.0000,0
48,features.11,319,pruned_before,nan,0.000000e+00,0.000000e+00,0.0000,0.0000,0
48,features.11,320,pruned_before,nan,0.000000e+00,0.000000e+00,0.0000,0.0000,0
48,features.11,321,pruned_before,nan,0.000000e+00,0.000000e+00,0.0000,0.0000,0
48,features.11,322,pruned_before,nan,0.000000e+00,0.000000e+00,0.0000,0.0000,0
48,features.11,323,active,-0.063492,2.828661e-07,4.833359e-05,0.4603,0.3333,169
48,features.11,324,pruned_before,nan,0.000000e+00,0.000000e+00,0.0000,0.0000,0
48,features.11,325,pruned_before,nan,0.000000e+00,0.000000e+00,0.0000,0.0000,0
48,features.11,326,active,0.000000,2.353295e-06,6.254865e-04,0.9841,0.9841,169
48,features.11,327,pruned_before,nan,0.000000e+00,0.000000e+00,0.0000,0.0000,0
48,features.11,328,pruned_before,nan,0.000000e+00,0.000000e+00,0.0000,0.0000,0
48,features.11,329,pruned_before,nan,0.000000e+00,0.000000e+00,0.0000,0.0000,0
48,features.11,330,pruned_before,nan,0.000000e+00,0.000000e+00,0.0000,0.0000,0
48,features.11,331,pruned_before,nan,0.000000e+00,0.000000e+00,0.0000,0.0000,0
48,features.11,332,pruned_before,nan,0.000000e+00,0.000000e+00,0.0000,0.0000,0
48,features.11,333,pruned_before,nan,0.000000e+00,0.000000e+00,0.0000,0.0000,0
48,features.11,334,pruned_before,nan,0.000000e+00,0.000000e+00,0.0000,0.0000,0
48,features.11,335,pruned_before,nan,0.000000e+00,0.000000e+00,0.0000,0.0000,0
48,features.11,336,active,-0.031746,2.033809e-07,3.224095e-05,0.3333,0.2698,169
48,features.11,337,pruned_before,nan,0.000000e+00,0.000000e+00,0.0000,0.0000,0
48,features.11,338,pruned_before,nan,0.000000e+00,0.000000e+00,0.0000,0.0000,0
48,features.11,339,pruned_before,nan,0.000000e+00,0.000000e+00,0.0000,0.0000,0
48,features.11,340,pruned_before,nan,0.000000e+00,0.000000e+00,0.0000,0.0000,0
48,features.11,341,pruned_before,nan,0.000000e+00,0.000000e+00,0.0000,0.0000,0
48,features.11,342,active,0.111111,5.412439e-07,3.711070e-04,0.7143,0.9365,169
48,features.11,343,active,0.007937,9.379279e-07,1.990635e-04,0.8254,0.8413,169
48,features.11,344,pruned_before,nan,0.000000e+00,0.000000e+00,0.0000,0.0000,0
48,features.11,345,pruned_before,nan,0.000000e+00,0.000000e+00,0.0000,0.0000,0
48,features.11,346,pruned_before,nan,0.000000e+00,0.000000e+00,0.0000,0.0000,0
48,features.11,347,pruned_before,nan,0.000000e+00,0.000000e+00,0.0000,0.0000,0
48,features.11,348,pruned_before,nan,0.000000e+00,0.000000e+00,0.0000,0.0000,0
48,features.11,349,pruned_before,nan,0.000000e+00,0.000000e+00,0.0000,0.0000,0
48,features.11,350,active,-0.031746,2.033152e-07,3.142726e-05,0.3175,0.2540,169
48,features.11,351,pruned_before,nan,0.000000e+00,0.000000e+00,0.0000,0.0000,0
48,features.11,352,pruned_before,nan,0.000000e+00,0.000000e+00,0.0000,0.0000,0
48,features.11,353,active,0.174603,2.081123e-07,1.429354e-04,0.3651,0.7143,169
48,features.11,354,pruned_before,nan,0.000000e+00,0.000000e+00,0.0000,0.0000,0
48,features.11,355,pruned_before,nan,0.000000e+00,0.000000e+00,0.0000,0.0000,0
48,features.11,356,pruned_before,nan,0.000000e+00,0.000000e+00,0.0000,0.0000,0
48,features.11,357,pruned_before,nan,0.000000e+00,0.000000e+00,0.0000,0.0000,0
48,features.11,358,pruned_before,nan,0.000000e+00,0.000000e+00,0.0000,0.0000,0
48,features.11,359,pruned_before,nan,0.000000e+00,0.000000e+00,0.0000,0.0000,0
48,features.11,360,pruned_before,nan,0.000000e+00,0.000000e+00,0.0000,0.0000,0
48,features.11,361,pruned_before,nan,0.000000e+00,0.000000e+00,0.0000,0.0000,0
48,features.11,362,pruned_before,nan,0.000000e+00,0.000000e+00,0.0000,0.0000,0
48,features.11,363,pruned_before,nan,0.000000e+00,0.000000e+00,0.0000,0.0000,0
48,features.11,364,active,0.261905,1.426153e-07,1.648876e-04,0.2540,0.7778,169
48,features.11,365,pruned_before,nan,0.000000e+00,0.000000e+00,0.0000,0.0000,0
48,features.11,366,pruned_before,nan,0.000000e+00,0.000000e+00,0.0000,0.0000,0
48,features.11,367,pruned_before,nan,0.000000e+00,0.000000e+00,0.0000,0.0000,0
48,features.11,368,protected,0.015873,2.314997e-06,1.334214e-03,0.9683,1.0000,169
48,features.11,369,pruned_before,nan,0.000000e+00,0.000000e+00,0.0000,0.0000,0
48,features.11,370,pruned_before,nan,0.000000e+00,0.000000e+00,0.0000,0.0000,0
48,features.11,371,pruned_before,nan,0.000000e+00,0.000000e+00,0.0000,0.0000,0
48,features.11,372,active,-0.031746,1.599839e-06,2.059464e-04,0.9206,0.8571,169
48,features.11,373,pruned_before,nan,0.000000e+00,0.000000e+00,0.0000,0.0000,0
48,features.11,374,pruned_before,nan,0.000000e+00,0.000000e+00,0.0000,0.0000,0
48,features.11,375,pruned_before,nan,0.000000e+00,0.000000e+00,0.0000,0.0000,0
48,features.11,376,active,0.039683,1.427035e-07,4.853389e-05,0.2698,0.3492,169
48,features.11,377,pruned_before,nan,0.000000e+00,0.000000e+00,0.0000,0.0000,0
48,features.11,378,pruned_before,nan,0.000000e+00,0.000000e+00,0.0000,0.0000,0
48,features.11,379,pruned_before,nan,0.000000e+00,0.000000e+00,0.0000,0.0000,0
48,features.11,380,pruned_before,nan,0.000000e+00,0.000000e+00,0.0000,0.0000,0
48,features.11,381,pruned_before,nan,0.000000e+00,0.000000e+00,0.0000,0.0000,0
48,features.11,382,pruned_before,nan,0.000000e+00,0.000000e+00,0.0000,0.0000,0
48,features.11,383,pruned_before,nan,0.000000e+00,0.000000e+00,0.0000,0.0000,0
48,features.12,0,pruned_before,nan,0.000000e+00,0.000000e+00,0.0000,0.0000,0
48,features.12,1,pruned_before,nan,0.000000e+00,0.000000e+00,0.0000,0.0000,0
48,features.12,2,pruned_before,nan,0.000000e+00,0.000000e+00,0.0000,0.0000,0
48,features.12,3,pruned_before,nan,0.000000e+00,0.000000e+00,0.0000,0.0000,0
48,features.12,4,pruned_before,nan,0.000000e+00,0.000000e+00,0.0000,0.0000,0
48,features.12,5,pruned_before,nan,0.000000e+00,0.000000e+00,0.0000,0.0000,0
48,features.12,6,pruned_before,nan,0.000000e+00,0.000000e+00,0.0000,0.0000,0
48,features.12,7,pruned_before,nan,0.000000e+00,0.000000e+00,0.0000,0.0000,0
48,features.12,8,pruned_before,nan,0.000000e+00,0.000000e+00,0.0000,0.0000,0
48,features.12,9,pruned_before,nan,0.000000e+00,0.000000e+00,0.0000,0.0000,0
48,features.12,10,pruned_before,nan,0.000000e+00,0.000000e+00,0.0000,0.0000,0
48,features.12,11,pruned_before,nan,0.000000e+00,0.000000e+00,0.0000,0.0000,0
48,features.12,12,active,-0.047009,8.613588e-07,3.058525e-05,1.0000,0.9060,201
48,features.12,13,pruned_before,nan,0.000000e+00,0.000000e+00,0.0000,0.0000,0
48,features.12,14,pruned_before,nan,0.000000e+00,0.000000e+00,0.0000,0.0000,0
48,features.12,15,pruned_before,nan,0.000000e+00,0.000000e+00,0.0000,0.0000,0
48,features.12,16,active,-0.132479,4.111896e-08,1.785280e-06,0.4872,0.2222,201
48,features.12,17,pruned_before,nan,0.000000e+00,0.000000e+00,0.0000,0.0000,0
48,features.12,18,active,0.021368,1.724035e-08,2.424624e-06,0.2393,0.2821,201
48,features.12,19,pruned_before,nan,0.000000e+00,0.000000e+00,0.0000,0.0000,0
48,features.12,20,pruned_before,nan,0.000000e+00,0.000000e+00,0.0000,0.0000,0
48,features.12,21,pruned_before,nan,0.000000e+00,0.000000e+00,0.0000,0.0000,0
48,features.12,22,active,0.012821,7.618659e-08,1.221060e-05,0.6325,0.6581,201
48,features.12,23,pruned_before,nan,0.000000e+00,0.000000e+00,0.0000,0.0000,0
48,features.12,24,pruned_before,nan,0.000000e+00,0.000000e+00,0.0000,0.0000,0
48,features.12,25,active,-0.008547,3.294634e-09,7.762870e-08,0.0769,0.0598,201
48,features.12,26,pruned_before,nan,0.000000e+00,0.000000e+00,0.0000,0.0000,0
48,features.12,27,active,-0.072650,2.208002e-08,1.564443e-06,0.3162,0.1709,201
48,features.12,28,pruned_before,nan,0.000000e+00,0.000000e+00,0.0000,0.0000,0
48,features.12,29,pruned_before,nan,0.000000e+00,0.000000e+00,0.0000,0.0000,0
48,features.12,30,pruned_before,nan,0.000000e+00,0.000000e+00,0.0000,0.0000,0
48,features.12,31,pruned_before,nan,0.000000e+00,0.000000e+00,0.0000,0.0000,0
48,features.12,32,pruned_before,nan,0.000000e+00,0.000000e+00,0.0000,0.0000,0
48,features.12,33,pruned_before,nan,0.000000e+00,0.000000e+00,0.0000,0.0000,0
48,features.12,34,active,-0.021368,5.488438e-07,3.207609e-05,0.9573,0.9145,201
48,features.12,35,pruned_before,nan,0.000000e+00,0.000000e+00,0.0000,0.0000,0
48,features.12,36,active,0.273504,2.941842e-08,3.532346e-05,0.3761,0.9231,201
48,features.12,37,pruned_before,nan,0.000000e+00,0.000000e+00,0.0000,0.0000,0
48,features.12,38,pruned_before,nan,0.000000e+00,0.000000e+00,0.0000,0.0000,0
48,features.12,39,pruned_before,nan,0.000000e+00,0.000000e+00,0.0000,0.0000,0
48,features.12,40,pruned_before,nan,0.000000e+00,0.000000e+00,0.0000,0.0000,0
48,features.12,41,pruned_before,nan,0.000000e+00,0.000000e+00,0.0000,0.0000,0
48,features.12,42,pruned_before,nan,0.000000e+00,0.000000e+00,0.0000,0.0000,0
48,features.12,43,pruned_before,nan,0.000000e+00,0.000000e+00,0.0000,0.0000,0
48,features.12,44,pruned_before,nan,0.000000e+00,0.000000e+00,0.0000,0.0000,0
48,features.12,45,pruned_before,nan,0.000000e+00,0.000000e+00,0.0000,0.0000,0
48,features.12,46,active,-0.042735,1.107161e-08,2.887157e-07,0.1538,0.0684,201
48,features.12,47,pruned_before,nan,0.000000e+00,0.000000e+00,0.0000,0.0000,0
48,features.12,48,active,-0.076923,1.787824e-08,7.414235e-07,0.2650,0.1111,201
48,features.12,49,active,-0.042735,3.496285e-08,3.642710e-06,0.4103,0.3248,201
48,features.12,50,pruned_before,nan,0.000000e+00,0.000000e+00,0.0000,0.0000,0
48,features.12,51,pruned_before,nan,0.000000e+00,0.000000e+00,0.0000,0.0000,0
48,features.12,52,pruned_before,nan,0.000000e+00,0.000000e+00,0.0000,0.0000,0
48,features.12,53,pruned_before,nan,0.000000e+00,0.000000e+00,0.0000,0.0000,0
48,features.12,54,pruned_before,nan,0.000000e+00,0.000000e+00,0.0000,0.0000,0
48,features.12,55,pruned_before,nan,0.000000e+00,0.000000e+00,0.0000,0.0000,0
48,features.12,56,pruned_before,nan,0.000000e+00,0.000000e+00,0.0000,0.0000,0
48,features.12,57,pruned_before,nan,0.000000e+00,0.000000e+00,0.0000,0.0000,0
48,features.12,58,pruned_before,nan,0.000000e+00,0.000000e+00,0.0000,0.0000,0
48,features.12,59,pruned_before,nan,0.000000e+00,0.000000e+00,0.0000,0.0000,0
48,features.12,60,active,0.119658,8.468837e-09,4.818849e-06,0.1282,0.3675,201
48,features.12,61,pruned_before,nan,0.000000e+00,0.000000e+00,0.0000,0.0000,0
48,features.12,62,pruned_before,nan,0.000000e+00,0.000000e+00,0.0000,0.0000,0
48,features.12,63,active,-0.115385,4.110558e-08,1.946747e-06,0.4786,0.2479,201
48,features.12,64,pruned_before,nan,0.000000e+00,0.000000e+00,0.0000,0.0000,0
48,features.12,65,active,0.072650,8.166118e-08,2.295757e-05,0.6752,0.8205,201
48,features.12,66,pruned_before,nan,0.000000e+00,0.000000e+00,0.0000,0.0000,0
48,features.12,67,pruned_before,nan,0.000000e+00,0.000000e+00,0.0000,0.0000,0
48,features.12,68,pruned_before,nan,0.000000e+00,0.000000e+00,0.0000,0.0000,0
48,features.12,69,pruned_before,nan,0.000000e+00,0.000000e+00,0.0000,0.0000,0
48,features.12,70,pruned_before,nan,0.000000e+00,0.000000e+00,0.0000,0.0000,0
48,features.12,71,pruned_before,nan,0.000000e+00,0.000000e+00,0.0000,0.0000,0
48,features.12,72,active,0.021368,5.385945e-07,8.038045e-05,0.9487,0.9915,201
48,features.12,73,active,-0.047009,1.299498e-07,1.649083e-05,0.8120,0.7179,201
48,features.12,74,pruned_before,nan,0.000000e+00,0.000000e+00,0.0000,0.0000,0
48,features.12,75,pruned_before,nan,0.000000e+00,0.000000e+00,0.0000,0.0000,0
48,features.12,76,active,0.102564,1.403197e-08,5.213815e-06,0.1880,0.3932,201
48,features.12,77,pruned_before,nan,0.000000e+00,0.000000e+00,0.0000,0.0000,0
48,features.12,78,active,0.098291,1.862309e-08,7.018487e-06,0.2735,0.4701,201
48,features.12,79,pruned_before,nan,0.000000e+00,0.000000e+00,0.0000,0.0000,0
48,features.12,80,pruned_before,nan,0.000000e+00,0.000000e+00,0.0000,0.0000,0
48,features.12,81,pruned_before,nan,0.000000e+00,0.000000e+00,0.0000,0.0000,0
48,features.12,82,pruned_before,nan,0.000000e+00,0.000000e+00,0.0000,0.0000,0
48,features.12,83,pruned_before,nan,0.000000e+00,0.000000e+00,0.0000,0.0000,0
48,features.12,84,pruned_before,nan,0.000000e+00,0.000000e+00,0.0000,0.0000,0
48,features.12,85,pruned_before,nan,0.000000e+00,0.000000e+00,0.0000,0.0000,0
48,features.12,86,active,0.004274,9.181400e-09,1.151771e-06,0.1453,0.1538,201
48,features.12,87,pruned_before,nan,0.000000e+00,0.000000e+00,0.0000,0.0000,0
48,features.12,88,pruned_before,nan,0.000000e+00,0.000000e+00,0.0000,0.0000,0
48,features.12,89,active,0.000000,0.000000e+00,0.000000e+00,0.0171,0.0171,201
48,features.12,90,active,0.000000,0.000000e+00,0.000000e+00,0.0256,0.0256,201
48,features.12,91,pruned_before,nan,0.000000e+00,0.000000e+00,0.0000,0.0000,0
48,features.12,92,pruned_before,nan,0.000000e+00,0.000000e+00,0.0000,0.0000,0
48,features.12,93,active,0.170940,4.813425e-08,2.664194e-05,0.5299,0.8718,201
48,features.12,94,pruned_before,nan,0.000000e+00,0.000000e+00,0.0000,0.0000,0
48,features.12,95,pruned_now,-0.205128,1.257129e-07,5.212748e-06,0.7949,0.3846,201
48,features.12,96,pruned_before,nan,0.000000e+00,0.000000e+00,0.0000,0.0000,0
48,features.12,97,pruned_before,nan,0.000000e+00,0.000000e+00,0.0000,0.0000,0
48,features.12,98,pruned_before,nan,0.000000e+00,0.000000e+00,0.0000,0.0000,0
48,features.12,99,pruned_before,nan,0.000000e+00,0.000000e+00,0.0000,0.0000,0
48,features.12,100,pruned_before,nan,0.000000e+00,0.000000e+00,0.0000,0.0000,0
48,features.12,101,pruned_before,nan,0.000000e+00,0.000000e+00,0.0000,0.0000,0
48,features.12,102,pruned_now,-0.209402,4.267364e-08,6.406824e-07,0.5043,0.0855,201
48,features.12,103,pruned_before,nan,0.000000e+00,0.000000e+00,0.0000,0.0000,0
48,features.12,104,pruned_before,nan,0.000000e+00,0.000000e+00,0.0000,0.0000,0
48,features.12,105,pruned_before,nan,0.000000e+00,0.000000e+00,0.0000,0.0000,0
48,features.12,106,pruned_before,nan,0.000000e+00,0.000000e+00,0.0000,0.0000,0
48,features.12,107,pruned_before,nan,0.000000e+00,0.000000e+00,0.0000,0.0000,0
48,features.12,108,pruned_before,nan,0.000000e+00,0.000000e+00,0.0000,0.0000,0
48,features.12,109,pruned_before,nan,0.000000e+00,0.000000e+00,0.0000,0.0000,0
48,features.12,110,pruned_before,nan,0.000000e+00,0.000000e+00,0.0000,0.0000,0
48,features.12,111,pruned_before,nan,0.000000e+00,0.000000e+00,0.0000,0.0000,0
48,features.12,112,pruned_before,nan,0.000000e+00,0.000000e+00,0.0000,0.0000,0
48,features.12,113,pruned_before,nan,0.000000e+00,0.000000e+00,0.0000,0.0000,0
48,features.12,114,active,0.025641,2.910561e-07,7.417833e-05,0.9231,0.9744,201
48,features.12,115,pruned_before,nan,0.000000e+00,0.000000e+00,0.0000,0.0000,0
48,features.12,116,pruned_before,nan,0.000000e+00,0.000000e+00,0.0000,0.0000,0
48,features.12,117,active,0.000000,0.000000e+00,0.000000e+00,0.0342,0.0342,201
48,features.12,118,pruned_before,nan,0.000000e+00,0.000000e+00,0.0000,0.0000,0
48,features.12,119,pruned_before,nan,0.000000e+00,0.000000e+00,0.0000,0.0000,0
48,features.12,120,pruned_before,nan,0.000000e+00,0.000000e+00,0.0000,0.0000,0
48,features.12,121,pruned_before,nan,0.000000e+00,0.000000e+00,0.0000,0.0000,0
48,features.12,122,pruned_before,nan,0.000000e+00,0.000000e+00,0.0000,0.0000,0
48,features.12,123,pruned_before,nan,0.000000e+00,0.000000e+00,0.0000,0.0000,0
48,features.12,124,pruned_before,nan,0.000000e+00,0.000000e+00,0.0000,0.0000,0
48,features.12,125,pruned_before,nan,0.000000e+00,0.000000e+00,0.0000,0.0000,0
48,features.12,126,active,0.119658,9.645975e-08,6.076671e-05,0.7265,0.9658,201
48,features.12,127,active,0.149573,2.463042e-08,1.148767e-05,0.3248,0.6239,201
48,features.12,128,pruned_before,nan,0.000000e+00,0.000000e+00,0.0000,0.0000,0
48,features.12,129,pruned_before,nan,0.000000e+00,0.000000e+00,0.0000,0.0000,0
48,features.12,130,active,-0.111111,1.620833e-07,1.195818e-05,0.8632,0.6410,201
48,features.12,131,active,0.264957,4.043479e-10,1.037009e-05,0.0598,0.5897,201
48,features.12,132,pruned_before,nan,0.000000e+00,0.000000e+00,0.0000,0.0000,0
48,features.12,133,active,0.397436,8.751384e-09,3.562943e-05,0.1368,0.9316,201
48,features.12,134,pruned_before,nan,0.000000e+00,0.000000e+00,0.0000,0.0000,0
48,features.12,135,pruned_before,nan,0.000000e+00,0.000000e+00,0.0000,0.0000,0
48,features.12,136,pruned_before,nan,0.000000e+00,0.000000e+00,0.0000,0.0000,0
48,features.12,137,pruned_before,nan,0.000000e+00,0.000000e+00,0.0000,0.0000,0
48,features.12,138,pruned_now,-0.226496,7.569549e-08,1.153838e-06,0.6154,0.1624,201
48,features.12,139,pruned_before,nan,0.000000e+00,0.000000e+00,0.0000,0.0000,0
48,features.12,140,pruned_before,nan,0.000000e+00,0.000000e+00,0.0000,0.0000,0
48,features.12,141,pruned_before,nan,0.000000e+00,0.000000e+00,0.0000,0.0000,0
48,features.12,142,pruned_before,nan,0.000000e+00,0.000000e+00,0.0000,0.0000,0
48,features.12,143,pruned_before,nan,0.000000e+00,0.000000e+00,0.0000,0.0000,0
48,features.12,144,pruned_before,nan,0.000000e+00,0.000000e+00,0.0000,0.0000,0
48,features.12,145,pruned_before,nan,0.000000e+00,0.000000e+00,0.0000,0.0000,0
48,features.12,146,active,-0.141026,5.266288e-08,2.173971e-06,0.5470,0.2650,201
48,features.12,147,pruned_before,nan,0.000000e+00,0.000000e+00,0.0000,0.0000,0
48,features.12,148,pruned_before,nan,0.000000e+00,0.000000e+00,0.0000,0.0000,0
48,features.12,149,pruned_before,nan,0.000000e+00,0.000000e+00,0.0000,0.0000,0
48,features.12,150,pruned_before,nan,0.000000e+00,0.000000e+00,0.0000,0.0000,0
48,features.12,151,active,-0.064103,5.854009e-07,2.471339e-05,0.9658,0.8376,201
48,features.12,152,pruned_before,nan,0.000000e+00,0.000000e+00,0.0000,0.0000,0
48,features.12,153,pruned_before,nan,0.000000e+00,0.000000e+00,0.0000,0.0000,0
48,features.12,154,pruned_before,nan,0.000000e+00,0.000000e+00,0.0000,0.0000,0
48,features.12,155,pruned_before,nan,0.000000e+00,0.000000e+00,0.0000,0.0000,0
48,features.12,156,pruned_before,nan,0.000000e+00,0.000000e+00,0.0000,0.0000,0
48,features.12,157,pruned_before,nan,0.000000e+00,0.000000e+00,0.0000,0.0000,0
48,features.12,158,pruned_before,nan,0.000000e+00,0.000000e+00,0.0000,0.0000,0
48,features.12,159,pruned_before,nan,0.000000e+00,0.000000e+00,0.0000,0.0000,0
48,features.12,160,pruned_before,nan,0.000000e+00,0.000000e+00,0.0000,0.0000,0
48,features.12,161,pruned_before,nan,0.000000e+00,0.000000e+00,0.0000,0.0000,0
48,features.12,162,pruned_before,nan,0.000000e+00,0.000000e+00,0.0000,0.0000,0
48,features.12,163,active,0.000000,0.000000e+00,0.000000e+00,0.0513,0.0513,201
48,features.12,164,pruned_before,nan,0.000000e+00,0.000000e+00,0.0000,0.0000,0
48,features.12,165,pruned_before,nan,0.000000e+00,0.000000e+00,0.0000,0.0000,0
48,features.12,166,pruned_before,nan,0.000000e+00,0.000000e+00,0.0000,0.0000,0
48,features.12,167,pruned_before,nan,0.000000e+00,0.000000e+00,0.0000,0.0000,0
48,features.12,168,pruned_before,nan,0.000000e+00,0.000000e+00,0.0000,0.0000,0
48,features.12,169,pruned_before,nan,0.000000e+00,0.000000e+00,0.0000,0.0000,0
48,features.12,170,pruned_before,nan,0.000000e+00,0.000000e+00,0.0000,0.0000,0
48,features.12,171,active,0.213675,4.629589e-08,5.360028e-05,0.5214,0.9487,201
48,features.12,172,pruned_before,nan,0.000000e+00,0.000000e+00,0.0000,0.0000,0
48,features.12,173,active,0.115385,3.875870e-08,1.307408e-05,0.4444,0.6752,201
48,features.12,174,pruned_before,nan,0.000000e+00,0.000000e+00,0.0000,0.0000,0
48,features.12,175,pruned_before,nan,0.000000e+00,0.000000e+00,0.0000,0.0000,0
48,features.12,176,pruned_before,nan,0.000000e+00,0.000000e+00,0.0000,0.0000,0
48,features.12,177,pruned_before,nan,0.000000e+00,0.000000e+00,0.0000,0.0000,0
48,features.12,178,pruned_before,nan,0.000000e+00,0.000000e+00,0.0000,0.0000,0
48,features.12,179,pruned_before,nan,0.000000e+00,0.000000e+00,0.0000,0.0000,0
48,features.12,180,pruned_before,nan,0.000000e+00,0.000000e+00,0.0000,0.0000,0
48,features.12,181,pruned_before,nan,0.000000e+00,0.000000e+00,0.0000,0.0000,0
48,features.12,182,pruned_before,nan,0.000000e+00,0.000000e+00,0.0000,0.0000,0
48,features.12,183,active,-0.106838,7.482130e-07,1.847981e-05,0.9829,0.7692,201
48,features.12,184,pruned_before,nan,0.000000e+00,0.000000e+00,0.0000,0.0000,0
48,features.12,185,pruned_before,nan,0.000000e+00,0.000000e+00,0.0000,0.0000,0
48,features.12,186,pruned_before,nan,0.000000e+00,0.000000e+00,0.0000,0.0000,0
48,features.12,187,active,-0.111111,2.852632e-08,8.861305e-07,0.3504,0.1282,201
48,features.12,188,pruned_before,nan,0.000000e+00,0.000000e+00,0.0000,0.0000,0
48,features.12,189,pruned_before,nan,0.000000e+00,0.000000e+00,0.0000,0.0000,0
48,features.12,190,pruned_before,nan,0.000000e+00,0.000000e+00,0.0000,0.0000,0
48,features.12,191,pruned_before,nan,0.000000e+00,0.000000e+00,0.0000,0.0000,0
48,features.12,192,pruned_before,nan,0.000000e+00,0.000000e+00,0.0000,0.0000,0
48,features.12,193,pruned_before,nan,0.000000e+00,0.000000e+00,0.0000,0.0000,0
48,features.12,194,pruned_before,nan,0.000000e+00,0.000000e+00,0.0000,0.0000,0
48,features.12,195,pruned_now,-0.260684,2.361002e-07,5.124358e-06,0.8974,0.3761,201
48,features.12,196,pruned_before,nan,0.000000e+00,0.000000e+00,0.0000,0.0000,0
48,features.12,197,active,0.068376,1.536177e-07,7.848936e-05,0.8462,0.9829,201
48,features.12,198,pruned_before,nan,0.000000e+00,0.000000e+00,0.0000,0.0000,0
48,features.12,199,pruned_before,nan,0.000000e+00,0.000000e+00,0.0000,0.0000,0
48,features.12,200,pruned_before,nan,0.000000e+00,0.000000e+00,0.0000,0.0000,0
48,features.12,201,pruned_before,nan,0.000000e+00,0.000000e+00,0.0000,0.0000,0
48,features.12,202,active,-0.059829,1.506416e-08,3.724289e-07,0.1966,0.0769,201
48,features.12,203,pruned_before,nan,0.000000e+00,0.000000e+00,0.0000,0.0000,0
48,features.12,204,pruned_before,nan,0.000000e+00,0.000000e+00,0.0000,0.0000,0
48,features.12,205,pruned_before,nan,0.000000e+00,0.000000e+00,0.0000,0.0000,0
48,features.12,206,pruned_before,nan,0.000000e+00,0.000000e+00,0.0000,0.0000,0
48,features.12,207,pruned_before,nan,0.000000e+00,0.000000e+00,0.0000,0.0000,0
48,features.12,208,pruned_before,nan,0.000000e+00,0.000000e+00,0.0000,0.0000,0
48,features.12,209,pruned_before,nan,0.000000e+00,0.000000e+00,0.0000,0.0000,0
48,features.12,210,pruned_before,nan,0.000000e+00,0.000000e+00,0.0000,0.0000,0
48,features.12,211,pruned_before,nan,0.000000e+00,0.000000e+00,0.0000,0.0000,0
48,features.12,212,pruned_before,nan,0.000000e+00,0.000000e+00,0.0000,0.0000,0
48,features.12,213,pruned_before,nan,0.000000e+00,0.000000e+00,0.0000,0.0000,0
48,features.12,214,pruned_before,nan,0.000000e+00,0.000000e+00,0.0000,0.0000,0
48,features.12,215,active,0.068376,2.036193e-08,6.807336e-06,0.2991,0.4359,201
48,features.12,216,pruned_before,nan,0.000000e+00,0.000000e+00,0.0000,0.0000,0
48,features.12,217,pruned_before,nan,0.000000e+00,0.000000e+00,0.0000,0.0000,0
48,features.12,218,pruned_before,nan,0.000000e+00,0.000000e+00,0.0000,0.0000,0
48,features.12,219,pruned_before,nan,0.000000e+00,0.000000e+00,0.0000,0.0000,0
48,features.12,220,pruned_before,nan,0.000000e+00,0.000000e+00,0.0000,0.0000,0
48,features.12,221,pruned_before,nan,0.000000e+00,0.000000e+00,0.0000,0.0000,0
48,features.12,222,pruned_before,nan,0.000000e+00,0.000000e+00,0.0000,0.0000,0
48,features.12,223,pruned_before,nan,0.000000e+00,0.000000e+00,0.0000,0.0000,0
48,features.12,224,pruned_before,nan,0.000000e+00,0.000000e+00,0.0000,0.0000,0
48,features.12,225,active,-0.094017,4.158269e-08,3.260352e-06,0.4957,0.3077,201
48,features.12,226,pruned_before,nan,0.000000e+00,0.000000e+00,0.0000,0.0000,0
48,features.12,227,pruned_before,nan,0.000000e+00,0.000000e+00,0.0000,0.0000,0
48,features.12,228,pruned_before,nan,0.000000e+00,0.000000e+00,0.0000,0.0000,0
48,features.12,229,pruned_before,nan,0.000000e+00,0.000000e+00,0.0000,0.0000,0
48,features.12,230,pruned_before,nan,0.000000e+00,0.000000e+00,0.0000,0.0000,0
48,features.12,231,pruned_before,nan,0.000000e+00,0.000000e+00,0.0000,0.0000,0
48,features.12,232,active,0.000000,0.000000e+00,0.000000e+00,0.0427,0.0427,201
48,features.12,233,active,0.102564,6.106699e-08,1.948288e-05,0.5726,0.7778,201
48,features.12,234,pruned_before,nan,0.000000e+00,0.000000e+00,0.0000,0.0000,0
48,features.12,235,active,0.000000,0.000000e+00,0.000000e+00,0.0085,0.0085,201
48,features.12,236,pruned_before,nan,0.000000e+00,0.000000e+00,0.0000,0.0000,0
48,features.12,237,pruned_before,nan,0.000000e+00,0.000000e+00,0.0000,0.0000,0
48,features.12,238,pruned_before,nan,0.000000e+00,0.000000e+00,0.0000,0.0000,0
48,features.12,239,pruned_before,nan,0.000000e+00,0.000000e+00,0.0000,0.0000,0
48,features.12,240,pruned_before,nan,0.000000e+00,0.000000e+00,0.0000,0.0000,0
48,features.12,241,pruned_before,nan,0.000000e+00,0.000000e+00,0.0000,0.0000,0
48,features.12,242,pruned_before,nan,0.000000e+00,0.000000e+00,0.0000,0.0000,0
48,features.12,243,pruned_before,nan,0.000000e+00,0.000000e+00,0.0000,0.0000,0
48,features.12,244,pruned_before,nan,0.000000e+00,0.000000e+00,0.0000,0.0000,0
48,features.12,245,pruned_before,nan,0.000000e+00,0.000000e+00,0.0000,0.0000,0
48,features.12,246,pruned_before,nan,0.000000e+00,0.000000e+00,0.0000,0.0000,0
48,features.12,247,pruned_before,nan,0.000000e+00,0.000000e+00,0.0000,0.0000,0
48,features.12,248,pruned_before,nan,0.000000e+00,0.000000e+00,0.0000,0.0000,0
48,features.12,249,active,0.017094,5.507461e-09,7.948175e-07,0.0855,0.1197,201
48,features.12,250,pruned_before,nan,0.000000e+00,0.000000e+00,0.0000,0.0000,0
48,features.12,251,pruned_before,nan,0.000000e+00,0.000000e+00,0.0000,0.0000,0
48,features.12,252,pruned_before,nan,0.000000e+00,0.000000e+00,0.0000,0.0000,0
48,features.12,253,active,-0.059829,2.466074e-07,2.138691e-05,0.9060,0.7863,201
48,features.12,254,active,-0.038462,5.936288e-07,2.870609e-05,0.9744,0.8974,201
48,features.12,255,pruned_before,nan,0.000000e+00,0.000000e+00,0.0000,0.0000,0
48,features.12,256,active,-0.004274,8.438733e-08,1.308151e-05,0.6923,0.6838,201
48,features.12,257,pruned_before,nan,0.000000e+00,0.000000e+00,0.0000,0.0000,0
48,features.12,258,pruned_before,nan,0.000000e+00,0.000000e+00,0.0000,0.0000,0
48,features.12,259,pruned_before,nan,0.000000e+00,0.000000e+00,0.0000,0.0000,0
48,features.12,260,pruned_before,nan,0.000000e+00,0.000000e+00,0.0000,0.0000,0
48,features.12,261,active,0.055556,1.343438e-08,3.055477e-06,0.1795,0.2906,201
48,features.12,262,pruned_before,nan,0.000000e+00,0.000000e+00,0.0000,0.0000,0
48,features.12,263,pruned_before,nan,0.000000e+00,0.000000e+00,0.0000,0.0000,0
48,features.12,264,active,0.064103,1.539654e-08,3.761015e-06,0.2051,0.3333,201
48,features.12,265,pruned_before,nan,0.000000e+00,0.000000e+00,0.0000,0.0000,0
48,features.12,266,active,0.170940,6.626883e-08,3.574188e-05,0.5983,0.9402,201
48,features.12,267,pruned_before,nan,0.000000e+00,0.000000e+00,0.0000,0.0000,0
48,features.12,268,pruned_before,nan,0.000000e+00,0.000000e+00,0.0000,0.0000,0
48,features.12,269,pruned_before,nan,0.000000e+00,0.000000e+00,0.0000,0.0000,0
48,features.12,270,pruned_before,nan,0.000000e+00,0.000000e+00,0.0000,0.0000,0
48,features.12,271,pruned_before,nan,0.000000e+00,0.000000e+00,0.0000,0.0000,0
48,features.12,272,pruned_before,nan,0.000000e+00,0.000000e+00,0.0000,0.0000,0
48,features.12,273,pruned_before,nan,0.000000e+00,0.000000e+00,0.0000,0.0000,0
48,features.12,274,pruned_before,nan,0.000000e+00,0.000000e+00,0.0000,0.0000,0
48,features.12,275,pruned_before,nan,0.000000e+00,0.000000e+00,0.0000,0.0000,0
48,features.12,276,pruned_before,nan,0.000000e+00,0.000000e+00,0.0000,0.0000,0
48,features.12,277,pruned_before,nan,0.000000e+00,0.000000e+00,0.0000,0.0000,0
48,features.12,278,pruned_before,nan,0.000000e+00,0.000000e+00,0.0000,0.0000,0
48,features.12,279,pruned_before,nan,0.000000e+00,0.000000e+00,0.0000,0.0000,0
48,features.12,280,active,-0.047009,7.840637e-08,9.753850e-06,0.6410,0.5470,201
48,features.12,281,pruned_before,nan,0.000000e+00,0.000000e+00,0.0000,0.0000,0
48,features.12,282,pruned_before,nan,0.000000e+00,0.000000e+00,0.0000,0.0000,0
48,features.12,283,pruned_before,nan,0.000000e+00,0.000000e+00,0.0000,0.0000,0
48,features.12,284,pruned_before,nan,0.000000e+00,0.000000e+00,0.0000,0.0000,0
48,features.12,285,pruned_before,nan,0.000000e+00,0.000000e+00,0.0000,0.0000,0
48,features.12,286,pruned_before,nan,0.000000e+00,0.000000e+00,0.0000,0.0000,0
48,features.12,287,active,0.021368,1.290332e-07,2.490280e-05,0.8034,0.8462,201
48,features.12,288,active,0.081197,1.885238e-08,6.878517e-06,0.2821,0.4444,201
48,features.12,289,pruned_before,nan,0.000000e+00,0.000000e+00,0.0000,0.0000,0
48,features.12,290,pruned_before,nan,0.000000e+00,0.000000e+00,0.0000,0.0000,0
48,features.12,291,pruned_before,nan,0.000000e+00,0.000000e+00,0.0000,0.0000,0
48,features.12,292,pruned_before,nan,0.000000e+00,0.000000e+00,0.0000,0.0000,0
48,features.12,293,pruned_before,nan,0.000000e+00,0.000000e+00,0.0000,0.0000,0
48,features.12,294,active,-0.085470,8.211329e-08,7.744748e-06,0.6838,0.5128,201
48,features.12,295,pruned_before,nan,0.000000e+00,0.000000e+00,0.0000,0.0000,0
48,features.12,296,pruned_before,nan,0.000000e+00,0.000000e+00,0.0000,0.0000,0
48,features.12,297,pruned_before,nan,0.000000e+00,0.000000e+00,0.0000,0.0000,0
48,features.12,298,pruned_before,nan,0.000000e+00,0.000000e+00,0.0000,0.0000,0
48,features.12,299,pruned_before,nan,0.000000e+00,0.000000e+00,0.0000,0.0000,0
48,features.12,300,pruned_before,nan,0.000000e+00,0.000000e+00,0.0000,0.0000,0
48,features.12,301,pruned_before,nan,0.000000e+00,0.000000e+00,0.0000,0.0000,0
48,features.12,302,pruned_before,nan,0.000000e+00,0.000000e+00,0.0000,0.0000,0
48,features.12,303,pruned_before,nan,0.000000e+00,0.000000e+00,0.0000,0.0000,0
48,features.12,304,pruned_before,nan,0.000000e+00,0.000000e+00,0.0000,0.0000,0
48,features.12,305,active,-0.034188,1.599777e-08,9.817998e-07,0.2137,0.1453,201
48,features.12,306,pruned_before,nan,0.000000e+00,0.000000e+00,0.0000,0.0000,0
48,features.12,307,pruned_before,nan,0.000000e+00,0.000000e+00,0.0000,0.0000,0
48,features.12,308,pruned_before,nan,0.000000e+00,0.000000e+00,0.0000,0.0000,0
48,features.12,309,pruned_before,nan,0.000000e+00,0.000000e+00,0.0000,0.0000,0
48,features.12,310,pruned_before,nan,0.000000e+00,0.000000e+00,0.0000,0.0000,0
48,features.12,311,pruned_before,nan,0.000000e+00,0.000000e+00,0.0000,0.0000,0
48,features.12,312,active,0.102564,2.936192e-08,1.000095e-05,0.3675,0.5726,201
48,features.12,313,pruned_before,nan,0.000000e+00,0.000000e+00,0.0000,0.0000,0
48,features.12,314,pruned_before,nan,0.000000e+00,0.000000e+00,0.0000,0.0000,0
48,features.12,315,pruned_before,nan,0.000000e+00,0.000000e+00,0.0000,0.0000,0
48,features.12,316,pruned_before,nan,0.000000e+00,0.000000e+00,0.0000,0.0000,0
48,features.12,317,active,-0.128205,4.092073e-08,1.760651e-06,0.4701,0.2137,201
48,features.12,318,pruned_before,nan,0.000000e+00,0.000000e+00,0.0000,0.0000,0
48,features.12,319,pruned_before,nan,0.000000e+00,0.000000e+00,0.0000,0.0000,0
48,features.12,320,pruned_before,nan,0.000000e+00,0.000000e+00,0.0000,0.0000,0
48,features.12,321,pruned_before,nan,0.000000e+00,0.000000e+00,0.0000,0.0000,0
48,features.12,322,pruned_before,nan,0.000000e+00,0.000000e+00,0.0000,0.0000,0
48,features.12,323,pruned_before,nan,0.000000e+00,0.000000e+00,0.0000,0.0000,0
48,features.12,324,pruned_before,nan,0.000000e+00,0.000000e+00,0.0000,0.0000,0
48,features.12,325,pruned_before,nan,0.000000e+00,0.000000e+00,0.0000,0.0000,0
48,features.12,326,pruned_before,nan,0.000000e+00,0.000000e+00,0.0000,0.0000,0
48,features.12,327,pruned_before,nan,0.000000e+00,0.000000e+00,0.0000,0.0000,0
48,features.12,328,pruned_before,nan,0.000000e+00,0.000000e+00,0.0000,0.0000,0
48,features.12,329,pruned_before,nan,0.000000e+00,0.000000e+00,0.0000,0.0000,0
48,features.12,330,pruned_before,nan,0.000000e+00,0.000000e+00,0.0000,0.0000,0
48,features.12,331,pruned_before,nan,0.000000e+00,0.000000e+00,0.0000,0.0000,0
48,features.12,332,pruned_before,nan,0.000000e+00,0.000000e+00,0.0000,0.0000,0
48,features.12,333,pruned_before,nan,0.000000e+00,0.000000e+00,0.0000,0.0000,0
48,features.12,334,pruned_before,nan,0.000000e+00,0.000000e+00,0.0000,0.0000,0
48,features.12,335,pruned_before,nan,0.000000e+00,0.000000e+00,0.0000,0.0000,0
48,features.12,336,pruned_before,nan,0.000000e+00,0.000000e+00,0.0000,0.0000,0
48,features.12,337,pruned_before,nan,0.000000e+00,0.000000e+00,0.0000,0.0000,0
48,features.12,338,active,0.192308,2.695537e-08,1.688830e-05,0.3419,0.7265,201
48,features.12,339,pruned_before,nan,0.000000e+00,0.000000e+00,0.0000,0.0000,0
48,features.12,340,active,-0.051282,6.863895e-08,7.622940e-06,0.6068,0.5043,201
48,features.12,341,pruned_before,nan,0.000000e+00,0.000000e+00,0.0000,0.0000,0
48,features.12,342,pruned_before,nan,0.000000e+00,0.000000e+00,0.0000,0.0000,0
48,features.12,343,pruned_before,nan,0.000000e+00,0.000000e+00,0.0000,0.0000,0
48,features.12,344,pruned_before,nan,0.000000e+00,0.000000e+00,0.0000,0.0000,0
48,features.12,345,pruned_before,nan,0.000000e+00,0.000000e+00,0.0000,0.0000,0
48,features.12,346,pruned_before,nan,0.000000e+00,0.000000e+00,0.0000,0.0000,0
48,features.12,347,active,-0.072650,1.137524e-07,1.050206e-05,0.7436,0.5983,201
48,features.12,348,pruned_before,nan,0.000000e+00,0.000000e+00,0.0000,0.0000,0
48,features.12,349,active,-0.119658,9.518371e-08,7.060136e-06,0.7179,0.4786,201
48,features.12,350,pruned_before,nan,0.000000e+00,0.000000e+00,0.0000,0.0000,0
48,features.12,351,pruned_before,nan,0.000000e+00,0.000000e+00,0.0000,0.0000,0
48,features.12,352,pruned_before,nan,0.000000e+00,0.000000e+00,0.0000,0.0000,0
48,features.12,353,pruned_before,nan,0.000000e+00,0.000000e+00,0.0000,0.0000,0
48,features.12,354,pruned_before,nan,0.000000e+00,0.000000e+00,0.0000,0.0000,0
48,features.12,355,pruned_before,nan,0.000000e+00,0.000000e+00,0.0000,0.0000,0
48,features.12,356,pruned_before,nan,0.000000e+00,0.000000e+00,0.0000,0.0000,0
48,features.12,357,pruned_before,nan,0.000000e+00,0.000000e+00,0.0000,0.0000,0
48,features.12,358,pruned_before,nan,0.000000e+00,0.000000e+00,0.0000,0.0000,0
48,features.12,359,active,0.055556,1.650200e-08,3.765675e-06,0.2308,0.3419,201
48,features.12,360,pruned_before,nan,0.000000e+00,0.000000e+00,0.0000,0.0000,0
48,features.12,361,pruned_before,nan,0.000000e+00,0.000000e+00,0.0000,0.0000,0
48,features.12,362,pruned_before,nan,0.000000e+00,0.000000e+00,0.0000,0.0000,0
48,features.12,363,active,0.012821,1.483225e-07,2.644260e-05,0.8376,0.8632,201
48,features.12,364,pruned_before,nan,0.000000e+00,0.000000e+00,0.0000,0.0000,0
48,features.12,365,pruned_before,nan,0.000000e+00,0.000000e+00,0.0000,0.0000,0
48,features.12,366,active,0.059829,3.767314e-08,9.863397e-06,0.4359,0.5556,201
48,features.12,367,pruned_before,nan,0.000000e+00,0.000000e+00,0.0000,0.0000,0
48,features.12,368,pruned_before,nan,0.000000e+00,0.000000e+00,0.0000,0.0000,0
48,features.12,369,active,0.000000,0.000000e+00,0.000000e+00,0.0000,0.0000,201
48,features.12,370,active,-0.179487,1.321895e-07,6.993949e-06,0.8205,0.4615,201
48,features.12,371,active,-0.072650,2.562519e-08,1.637837e-06,0.3333,0.1880,201
48,features.12,372,active,-0.141026,1.234842e-07,7.202915e-06,0.7778,0.4957,201
48,features.12,373,active,-0.106838,2.181321e-08,7.055446e-07,0.3077,0.0940,201
48,features.12,374,pruned_before,nan,0.000000e+00,0.000000e+00,0.0000,0.0000,0
48,features.12,375,pruned_before,nan,0.000000e+00,0.000000e+00,0.0000,0.0000,0
48,features.12,376,pruned_before,nan,0.000000e+00,0.000000e+00,0.0000,0.0000,0
48,features.12,377,active,0.085470,5.936224e-08,1.724015e-05,0.5641,0.7350,201
48,features.12,378,pruned_before,nan,0.000000e+00,0.000000e+00,0.0000,0.0000,0
48,features.12,379,active,0.055556,6.273130e-08,1.313712e-05,0.5812,0.6923,201
48,features.12,380,pruned_before,nan,0.000000e+00,0.000000e+00,0.0000,0.0000,0
48,features.12,381,pruned_before,nan,0.000000e+00,0.000000e+00,0.0000,0.0000,0
48,features.12,382,active,-0.042735,5.066175e-07,2.551749e-05,0.9402,0.8547,201
48,features.12,383,active,0.029915,8.052256e-09,1.619074e-06,0.1197,0.1795,201
48,features.12,384,pruned_before,nan,0.000000e+00,0.000000e+00,0.0000,0.0000,0
48,features.12,385,active,0.149573,1.615049e-08,8.368128e-06,0.2222,0.5214,201
48,features.12,386,pruned_before,nan,0.000000e+00,0.000000e+00,0.0000,0.0000,0
48,features.12,387,pruned_before,nan,0.000000e+00,0.000000e+00,0.0000,0.0000,0
48,features.12,388,pruned_before,nan,0.000000e+00,0.000000e+00,0.0000,0.0000,0
48,features.12,389,pruned_before,nan,0.000000e+00,0.000000e+00,0.0000,0.0000,0
48,features.12,390,pruned_before,nan,0.000000e+00,0.000000e+00,0.0000,0.0000,0
48,features.12,391,active,0.068376,6.172119e-09,1.786065e-06,0.0940,0.2308,201
48,features.12,392,active,-0.055556,8.085745e-08,9.534896e-06,0.6496,0.5385,201
48,features.12,393,pruned_before,nan,0.000000e+00,0.000000e+00,0.0000,0.0000,0
48,features.12,394,pruned_before,nan,0.000000e+00,0.000000e+00,0.0000,0.0000,0
48,features.12,395,pruned_before,nan,0.000000e+00,0.000000e+00,0.0000,0.0000,0
48,features.12,396,pruned_before,nan,0.000000e+00,0.000000e+00,0.0000,0.0000,0
48,features.12,397,pruned_before,nan,0.000000e+00,0.000000e+00,0.0000,0.0000,0
48,features.12,398,pruned_before,nan,0.000000e+00,0.000000e+00,0.0000,0.0000,0
48,features.12,399,pruned_before,nan,0.000000e+00,0.000000e+00,0.0000,0.0000,0
48,features.12,400,active,0.047009,8.095281e-08,1.764202e-05,0.6581,0.7521,201
48,features.12,401,pruned_before,nan,0.000000e+00,0.000000e+00,0.0000,0.0000,0
48,features.12,402,pruned_before,nan,0.000000e+00,0.000000e+00,0.0000,0.0000,0
48,features.12,403,active,0.017094,6.214124e-09,9.628394e-07,0.1026,0.1368,201
48,features.12,404,pruned_before,nan,0.000000e+00,0.000000e+00,0.0000,0.0000,0
48,features.12,405,pruned_before,nan,0.000000e+00,0.000000e+00,0.0000,0.0000,0
48,features.12,406,pruned_before,nan,0.000000e+00,0.000000e+00,0.0000,0.0000,0
48,features.12,407,active,0.017094,1.296120e-08,1.673765e-06,0.1709,0.2051,201
48,features.12,408,active,-0.051282,3.189961e-08,3.126379e-06,0.4017,0.2991,201
48,features.12,409,pruned_before,nan,0.000000e+00,0.000000e+00,0.0000,0.0000,0
48,features.12,410,pruned_before,nan,0.000000e+00,0.000000e+00,0.0000,0.0000,0
48,features.12,411,active,-0.034188,1.820369e-07,2.214064e-05,0.8718,0.8034,201
48,features.12,412,pruned_before,nan,0.000000e+00,0.000000e+00,0.0000,0.0000,0
48,features.12,413,active,-0.085470,1.020779e-07,9.959286e-06,0.7350,0.5641,201
48,features.12,414,pruned_before,nan,0.000000e+00,0.000000e+00,0.0000,0.0000,0
48,features.12,415,pruned_before,nan,0.000000e+00,0.000000e+00,0.0000,0.0000,0
48,features.12,416,protected,0.085470,1.328035e-07,1.102216e-04,0.8291,1.0000,201
48,features.12,417,pruned_before,nan,0.000000e+00,0.000000e+00,0.0000,0.0000,0
48,features.12,418,pruned_before,nan,0.000000e+00,0.000000e+00,0.0000,0.0000,0
48,features.12,419,pruned_before,nan,0.000000e+00,0.000000e+00,0.0000,0.0000,0
48,features.12,420,pruned_before,nan,0.000000e+00,0.000000e+00,0.0000,0.0000,0
48,features.12,421,active,-0.136752,6.520522e-08,3.453175e-06,0.5897,0.3162,201
48,features.12,422,pruned_before,nan,0.000000e+00,0.000000e+00,0.0000,0.0000,0
48,features.12,423,pruned_before,nan,0.000000e+00,0.000000e+00,0.0000,0.0000,0
48,features.12,424,pruned_before,nan,0.000000e+00,0.000000e+00,0.0000,0.0000,0
48,features.12,425,pruned_before,nan,0.000000e+00,0.000000e+00,0.0000,0.0000,0
48,features.12,426,pruned_before,nan,0.000000e+00,0.000000e+00,0.0000,0.0000,0
48,features.12,427,pruned_before,nan,0.000000e+00,0.000000e+00,0.0000,0.0000,0
48,features.12,428,pruned_before,nan,0.000000e+00,0.000000e+00,0.0000,0.0000,0
48,features.12,429,pruned_before,nan,0.000000e+00,0.000000e+00,0.0000,0.0000,0
48,features.12,430,pruned_before,nan,0.000000e+00,0.000000e+00,0.0000,0.0000,0
48,features.12,431,pruned_before,nan,0.000000e+00,0.000000e+00,0.0000,0.0000,0
48,features.12,432,active,-0.136752,1.176280e-07,7.146226e-06,0.7607,0.4872,201
48,features.12,433,pruned_before,nan,0.000000e+00,0.000000e+00,0.0000,0.0000,0
48,features.12,434,pruned_before,nan,0.000000e+00,0.000000e+00,0.0000,0.0000,0
48,features.12,435,pruned_before,nan,0.000000e+00,0.000000e+00,0.0000,0.0000,0
48,features.12,436,pruned_before,nan,0.000000e+00,0.000000e+00,0.0000,0.0000,0
48,features.12,437,pruned_before,nan,0.000000e+00,0.000000e+00,0.0000,0.0000,0
48,features.12,438,pruned_before,nan,0.000000e+00,0.000000e+00,0.0000,0.0000,0
48,features.12,439,pruned_before,nan,0.000000e+00,0.000000e+00,0.0000,0.0000,0
48,features.12,440,pruned_before,nan,0.000000e+00,0.000000e+00,0.0000,0.0000,0
48,features.12,441,pruned_before,nan,0.000000e+00,0.000000e+00,0.0000,0.0000,0
48,features.12,442,pruned_before,nan,0.000000e+00,0.000000e+00,0.0000,0.0000,0
48,features.12,443,pruned_before,nan,0.000000e+00,0.000000e+00,0.0000,0.0000,0
48,features.12,444,pruned_before,nan,0.000000e+00,0.000000e+00,0.0000,0.0000,0
48,features.12,445,pruned_before,nan,0.000000e+00,0.000000e+00,0.0000,0.0000,0
48,features.12,446,pruned_before,nan,0.000000e+00,0.000000e+00,0.0000,0.0000,0
48,features.12,447,pruned_before,nan,0.000000e+00,0.000000e+00,0.0000,0.0000,0
48,features.12,448,active,0.012821,1.568277e-07,2.757175e-05,0.8547,0.8803,201
48,features.12,449,active,-0.085470,1.144999e-07,1.033220e-05,0.7521,0.5812,201
48,features.12,450,active,0.371795,1.864119e-09,2.223916e-05,0.0684,0.8120,201
48,features.12,451,active,0.132479,1.258778e-08,6.501228e-06,0.1624,0.4274,201
48,features.12,452,pruned_before,nan,0.000000e+00,0.000000e+00,0.0000,0.0000,0
48,features.12,453,pruned_before,nan,0.000000e+00,0.000000e+00,0.0000,0.0000,0
48,features.12,454,pruned_before,nan,0.000000e+00,0.000000e+00,0.0000,0.0000,0
48,features.12,455,pruned_before,nan,0.000000e+00,0.000000e+00,0.0000,0.0000,0
48,features.12,456,pruned_before,nan,0.000000e+00,0.000000e+00,0.0000,0.0000,0
48,features.12,457,pruned_before,nan,0.000000e+00,0.000000e+00,0.0000,0.0000,0
48,features.12,458,pruned_before,nan,0.000000e+00,0.000000e+00,0.0000,0.0000,0
48,features.12,459,pruned_before,nan,0.000000e+00,0.000000e+00,0.0000,0.0000,0
48,features.12,460,pruned_before,nan,0.000000e+00,0.000000e+00,0.0000,0.0000,0
48,features.12,461,pruned_before,nan,0.000000e+00,0.000000e+00,0.0000,0.0000,0
48,features.12,462,active,-0.059829,2.915274e-08,1.823927e-06,0.3590,0.2393,201
48,features.12,463,pruned_before,nan,0.000000e+00,0.000000e+00,0.0000,0.0000,0
48,features.12,464,active,-0.106838,2.496800e-07,1.427677e-05,0.9145,0.7009,201
48,features.12,465,pruned_before,nan,0.000000e+00,0.000000e+00,0.0000,0.0000,0
48,features.12,466,pruned_before,nan,0.000000e+00,0.000000e+00,0.0000,0.0000,0
48,features.12,467,pruned_before,nan,0.000000e+00,0.000000e+00,0.0000,0.0000,0
48,features.12,468,active,-0.094017,3.566079e-07,1.757555e-05,0.9316,0.7436,201
48,features.12,469,active,-0.047009,9.331310e-08,1.091596e-05,0.7094,0.6154,201
48,features.12,470,pruned_before,nan,0.000000e+00,0.000000e+00,0.0000,0.0000,0
48,features.12,471,active,-0.175214,8.999518e-08,4.213537e-06,0.7009,0.3504,201
48,features.12,472,pruned_before,nan,0.000000e+00,0.000000e+00,0.0000,0.0000,0
48,features.12,473,pruned_before,nan,0.000000e+00,0.000000e+00,0.0000,0.0000,0
48,features.12,474,active,-0.111111,2.147598e-07,1.301209e-05,0.8889,0.6667,201
48,features.12,475,pruned_before,nan,0.000000e+00,0.000000e+00,0.0000,0.0000,0
48,features.12,476,active,-0.098291,7.844262e-07,2.189963e-05,0.9915,0.7949,201
48,features.12,477,pruned_before,nan,0.000000e+00,0.000000e+00,0.0000,0.0000,0
48,features.12,478,pruned_before,nan,0.000000e+00,0.000000e+00,0.0000,0.0000,0
48,features.12,479,pruned_before,nan,0.000000e+00,0.000000e+00,0.0000,0.0000,0
48,features.12,480,pruned_before,nan,0.000000e+00,0.000000e+00,0.0000,0.0000,0
48,features.12,481,active,0.188034,1.772378e-08,1.195049e-05,0.2564,0.6325,201
48,features.12,482,pruned_before,nan,0.000000e+00,0.000000e+00,0.0000,0.0000,0
48,features.12,483,pruned_before,nan,0.000000e+00,0.000000e+00,0.0000,0.0000,0
48,features.12,484,pruned_before,nan,0.000000e+00,0.000000e+00,0.0000,0.0000,0
48,features.12,485,pruned_before,nan,0.000000e+00,0.000000e+00,0.0000,0.0000,0
48,features.12,486,pruned_before,nan,0.000000e+00,0.000000e+00,0.0000,0.0000,0
48,features.12,487,pruned_before,nan,0.000000e+00,0.000000e+00,0.0000,0.0000,0
48,features.12,488,pruned_before,nan,0.000000e+00,0.000000e+00,0.0000,0.0000,0
48,features.12,489,pruned_before,nan,0.000000e+00,0.000000e+00,0.0000,0.0000,0
48,features.12,490,active,0.123932,7.610859e-09,4.773808e-06,0.1111,0.3590,201
48,features.12,491,pruned_before,nan,0.000000e+00,0.000000e+00,0.0000,0.0000,0
48,features.12,492,pruned_before,nan,0.000000e+00,0.000000e+00,0.0000,0.0000,0
48,features.12,493,pruned_before,nan,0.000000e+00,0.000000e+00,0.0000,0.0000,0
48,features.12,494,pruned_before,nan,0.000000e+00,0.000000e+00,0.0000,0.0000,0
48,features.12,495,pruned_before,nan,0.000000e+00,0.000000e+00,0.0000,0.0000,0
48,features.12,496,pruned_before,nan,0.000000e+00,0.000000e+00,0.0000,0.0000,0
48,features.12,497,pruned_before,nan,0.000000e+00,0.000000e+00,0.0000,0.0000,0
48,features.12,498,pruned_before,nan,0.000000e+00,0.000000e+00,0.0000,0.0000,0
48,features.12,499,pruned_before,nan,0.000000e+00,0.000000e+00,0.0000,0.0000,0
48,features.12,500,pruned_before,nan,0.000000e+00,0.000000e+00,0.0000,0.0000,0
48,features.12,501,pruned_before,nan,0.000000e+00,0.000000e+00,0.0000,0.0000,0
48,features.12,502,pruned_before,nan,0.000000e+00,0.000000e+00,0.0000,0.0000,0
48,features.12,503,pruned_before,nan,0.000000e+00,0.000000e+00,0.0000,0.0000,0
48,features.12,504,active,-0.059829,1.967106e-07,1.769486e-05,0.8803,0.7607,201
48,features.12,505,active,0.188034,4.036449e-08,2.309882e-05,0.4530,0.8291,201
48,features.12,506,active,-0.051282,4.391074e-08,6.209030e-06,0.5128,0.4103,201
48,features.12,507,pruned_before,nan,0.000000e+00,0.000000e+00,0.0000,0.0000,0
48,features.12,508,pruned_before,nan,0.000000e+00,0.000000e+00,0.0000,0.0000,0
48,features.12,509,active,-0.008547,3.519565e-08,5.699763e-06,0.4188,0.4017,201
48,features.12,510,pruned_before,nan,0.000000e+00,0.000000e+00,0.0000,0.0000,0
48,features.12,511,pruned_before,nan,0.000000e+00,0.000000e+00,0.0000,0.0000,0
48,features.12,512,active,-0.047009,1.921964e-08,1.671391e-06,0.2906,0.1966,201
48,features.12,513,pruned_before,nan,0.000000e+00,0.000000e+00,0.0000,0.0000,0
48,features.12,514,active,0.004274,1.734386e-08,2.169438e-06,0.2479,0.2564,201
48,features.12,515,pruned_before,nan,0.000000e+00,0.000000e+00,0.0000,0.0000,0
48,features.12,516,pruned_before,nan,0.000000e+00,0.000000e+00,0.0000,0.0000,0
48,features.12,517,pruned_before,nan,0.000000e+00,0.000000e+00,0.0000,0.0000,0
48,features.12,518,active,-0.059829,4.894011e-08,6.476892e-06,0.5385,0.4188,201
48,features.12,519,pruned_before,nan,0.000000e+00,0.000000e+00,0.0000,0.0000,0
48,features.12,520,pruned_before,nan,0.000000e+00,0.000000e+00,0.0000,0.0000,0
48,features.12,521,pruned_before,nan,0.000000e+00,0.000000e+00,0.0000,0.0000,0
48,features.12,522,pruned_before,nan,0.000000e+00,0.000000e+00,0.0000,0.0000,0
48,features.12,523,pruned_before,nan,0.000000e+00,0.000000e+00,0.0000,0.0000,0
48,features.12,524,active,0.111111,3.078366e-08,1.075549e-05,0.3846,0.6068,201
48,features.12,525,pruned_before,nan,0.000000e+00,0.000000e+00,0.0000,0.0000,0
48,features.12,526,pruned_before,nan,0.000000e+00,0.000000e+00,0.0000,0.0000,0
48,features.12,527,pruned_before,nan,0.000000e+00,0.000000e+00,0.0000,0.0000,0
48,features.12,528,pruned_before,nan,0.000000e+00,0.000000e+00,0.0000,0.0000,0
48,features.12,529,pruned_before,nan,0.000000e+00,0.000000e+00,0.0000,0.0000,0
48,features.12,530,pruned_before,nan,0.000000e+00,0.000000e+00,0.0000,0.0000,0
48,features.12,531,pruned_before,nan,0.000000e+00,0.000000e+00,0.0000,0.0000,0
48,features.12,532,pruned_before,nan,0.000000e+00,0.000000e+00,0.0000,0.0000,0
48,features.12,533,pruned_before,nan,0.000000e+00,0.000000e+00,0.0000,0.0000,0
48,features.12,534,pruned_before,nan,0.000000e+00,0.000000e+00,0.0000,0.0000,0
48,features.12,535,pruned_before,nan,0.000000e+00,0.000000e+00,0.0000,0.0000,0
48,features.12,536,pruned_before,nan,0.000000e+00,0.000000e+00,0.0000,0.0000,0
48,features.12,537,active,-0.038462,1.250708e-07,1.470647e-05,0.7863,0.7094,201
48,features.12,538,pruned_before,nan,0.000000e+00,0.000000e+00,0.0000,0.0000,0
48,features.12,539,active,0.111111,8.124072e-08,2.817518e-05,0.6667,0.8889,201
48,features.12,540,pruned_before,nan,0.000000e+00,0.000000e+00,0.0000,0.0000,0
48,features.12,541,pruned_before,nan,0.000000e+00,0.000000e+00,0.0000,0.0000,0
48,features.12,542,pruned_before,nan,0.000000e+00,0.000000e+00,0.0000,0.0000,0
48,features.12,543,pruned_before,nan,0.000000e+00,0.000000e+00,0.0000,0.0000,0
48,features.12,544,pruned_before,nan,0.000000e+00,0.000000e+00,0.0000,0.0000,0
48,features.12,545,pruned_before,nan,0.000000e+00,0.000000e+00,0.0000,0.0000,0
48,features.12,546,active,0.012821,7.601201e-08,1.206244e-05,0.6239,0.6496,201
48,features.12,547,pruned_before,nan,0.000000e+00,0.000000e+00,0.0000,0.0000,0
48,features.12,548,pruned_before,nan,0.000000e+00,0.000000e+00,0.0000,0.0000,0
48,features.12,549,pruned_before,nan,0.000000e+00,0.000000e+00,0.0000,0.0000,0
48,features.12,550,active,-0.012821,5.904889e-08,9.248854e-06,0.5556,0.5299,201
48,features.12,551,pruned_before,nan,0.000000e+00,0.000000e+00,0.0000,0.0000,0
48,features.12,552,pruned_before,nan,0.000000e+00,0.000000e+00,0.0000,0.0000,0
48,features.12,553,pruned_before,nan,0.000000e+00,0.000000e+00,0.0000,0.0000,0
48,features.12,554,active,0.247863,4.038098e-08,5.803510e-05,0.4615,0.9573,201
48,features.12,555,pruned_before,nan,0.000000e+00,0.000000e+00,0.0000,0.0000,0
48,features.12,556,pruned_before,nan,0.000000e+00,0.000000e+00,0.0000,0.0000,0
48,features.12,557,pruned_before,nan,0.000000e+00,0.000000e+00,0.0000,0.0000,0
48,features.12,558,pruned_before,nan,0.000000e+00,0.000000e+00,0.0000,0.0000,0
48,features.12,559,active,-0.076923,3.570797e-08,2.177613e-06,0.4274,0.2735,201
48,features.12,560,pruned_before,nan,0.000000e+00,0.000000e+00,0.0000,0.0000,0
48,features.12,561,pruned_before,nan,0.000000e+00,0.000000e+00,0.0000,0.0000,0
48,features.12,562,pruned_before,nan,0.000000e+00,0.000000e+00,0.0000,0.0000,0
48,features.12,563,pruned_before,nan,0.000000e+00,0.000000e+00,0.0000,0.0000,0
48,features.12,564,pruned_before,nan,0.000000e+00,0.000000e+00,0.0000,0.0000,0
48,features.12,565,pruned_before,nan,0.000000e+00,0.000000e+00,0.0000,0.0000,0
48,features.12,566,active,-0.145299,3.127336e-08,7.213203e-07,0.3932,0.1026,201
48,features.12,567,pruned_before,nan,0.000000e+00,0.000000e+00,0.0000,0.0000,0
48,features.12,568,pruned_before,nan,0.000000e+00,0.000000e+00,0.0000,0.0000,0
48,features.12,569,active,-0.158120,1.226827e-07,6.937010e-06,0.7692,0.4530,201
48,features.12,570,pruned_before,nan,0.000000e+00,0.000000e+00,0.0000,0.0000,0
48,features.12,571,pruned_before,nan,0.000000e+00,0.000000e+00,0.0000,0.0000,0
48,features.12,572,pruned_before,nan,0.000000e+00,0.000000e+00,0.0000,0.0000,0
48,features.12,573,pruned_before,nan,0.000000e+00,0.000000e+00,0.0000,0.0000,0
48,features.12,574,pruned_before,nan,0.000000e+00,0.000000e+00,0.0000,0.0000,0
48,features.12,575,pruned_before,nan,0.000000e+00,0.000000e+00,0.0000,0.0000,0
48,features.13,0,pruned_before,nan,0.000000e+00,0.000000e+00,0.0000,0.0000,0
48,features.13,1,active,0.050388,6.635393e-08,8.833331e-06,0.6047,0.7054,201
48,features.13,2,active,-0.054264,8.296442e-08,6.053074e-06,0.6744,0.5659,201
48,features.13,3,pruned_before,nan,0.000000e+00,0.000000e+00,0.0000,0.0000,0
48,features.13,4,pruned_before,nan,0.000000e+00,0.000000e+00,0.0000,0.0000,0
48,features.13,5,pruned_before,nan,0.000000e+00,0.000000e+00,0.0000,0.0000,0
48,features.13,6,active,0.038760,3.663014e-08,4.734770e-06,0.4031,0.4806,201
48,features.13,7,pruned_before,nan,0.000000e+00,0.000000e+00,0.0000,0.0000,0
48,features.13,8,pruned_before,nan,0.000000e+00,0.000000e+00,0.0000,0.0000,0
48,features.13,9,active,0.023256,1.152404e-08,9.770520e-07,0.1473,0.1938,201
48,features.13,10,pruned_before,nan,0.000000e+00,0.000000e+00,0.0000,0.0000,0
48,features.13,11,pruned_before,nan,0.000000e+00,0.000000e+00,0.0000,0.0000,0
48,features.13,12,pruned_before,nan,0.000000e+00,0.000000e+00,0.0000,0.0000,0
48,features.13,13,active,-0.081395,2.497107e-08,5.789406e-07,0.2946,0.1318,201
48,features.13,14,pruned_before,nan,0.000000e+00,0.000000e+00,0.0000,0.0000,0
48,features.13,15,active,-0.007752,2.068447e-08,1.417185e-06,0.2481,0.2326,201
48,features.13,16,pruned_before,nan,0.000000e+00,0.000000e+00,0.0000,0.0000,0
48,features.13,17,active,0.217054,1.063315e-08,6.168316e-06,0.1395,0.5736,201
48,features.13,18,pruned_before,nan,0.000000e+00,0.000000e+00,0.0000,0.0000,0
48,features.13,19,pruned_before,nan,0.000000e+00,0.000000e+00,0.0000,0.0000,0
48,features.13,20,pruned_before,nan,0.000000e+00,0.000000e+00,0.0000,0.0000,0
48,features.13,21,active,0.031008,5.620522e-08,6.960030e-06,0.5426,0.6047,201
48,features.13,22,active,-0.127907,3.247505e-08,4.192467e-07,0.3566,0.1008,201
48,features.13,23,pruned_before,nan,0.000000e+00,0.000000e+00,0.0000,0.0000,0
48,features.13,24,pruned_before,nan,0.000000e+00,0.000000e+00,0.0000,0.0000,0
48,features.13,25,active,0.000000,0.000000e+00,0.000000e+00,0.0155,0.0155,201
48,features.13,26,pruned_before,nan,0.000000e+00,0.000000e+00,0.0000,0.0000,0
48,features.13,27,active,0.197674,2.147504e-08,8.255291e-06,0.2636,0.6589,201
48,features.13,28,pruned_before,nan,0.000000e+00,0.000000e+00,0.0000,0.0000,0
48,features.13,29,active,-0.120155,1.154453e-07,5.003465e-06,0.7442,0.5039,201
48,features.13,30,pruned_before,nan,0.000000e+00,0.000000e+00,0.0000,0.0000,0
48,features.13,31,active,0.019380,1.674594e-08,1.760246e-06,0.2171,0.2558,201
48,features.13,32,pruned_before,nan,0.000000e+00,0.000000e+00,0.0000,0.0000,0
48,features.13,33,active,0.077519,1.614325e-08,2.692280e-06,0.1938,0.3488,201
48,features.13,34,pruned_before,nan,0.000000e+00,0.000000e+00,0.0000,0.0000,0
48,features.13,35,pruned_before,nan,0.000000e+00,0.000000e+00,0.0000,0.0000,0
48,features.13,36,active,-0.007752,1.237237e-08,6.750955e-07,0.1550,0.1395,201
48,features.13,37,active,-0.120155,6.831402e-08,3.237247e-06,0.6202,0.3798,201
48,features.13,38,pruned_before,nan,0.000000e+00,0.000000e+00,0.0000,0.0000,0
48,features.13,39,pruned_before,nan,0.000000e+00,0.000000e+00,0.0000,0.0000,0
48,features.13,40,active,-0.139535,3.953276e-08,7.253666e-07,0.4264,0.1473,201
48,features.13,41,pruned_before,nan,0.000000e+00,0.000000e+00,0.0000,0.0000,0
48,features.13,42,pruned_before,nan,0.000000e+00,0.000000e+00,0.0000,0.0000,0
48,features.13,43,pruned_before,nan,0.000000e+00,0.000000e+00,0.0000,0.0000,0
48,features.13,44,active,0.038760,9.403617e-09,1.057143e-06,0.1240,0.2016,201
48,features.13,45,pruned_before,nan,0.000000e+00,0.000000e+00,0.0000,0.0000,0
48,features.13,46,pruned_before,nan,0.000000e+00,0.000000e+00,0.0000,0.0000,0
48,features.13,47,pruned_before,nan,0.000000e+00,0.000000e+00,0.0000,0.0000,0
48,features.13,48,pruned_before,nan,0.000000e+00,0.000000e+00,0.0000,0.0000,0
48,features.13,49,pruned_before,nan,0.000000e+00,0.000000e+00,0.0000,0.0000,0
48,features.13,50,active,-0.073643,1.354101e-07,7.915286e-06,0.7984,0.6512,201
48,features.13,51,pruned_before,nan,0.000000e+00,0.000000e+00,0.0000,0.0000,0
48,features.13,52,active,-0.023256,4.182912e-08,3.659005e-06,0.4574,0.4109,201
48,features.13,53,pruned_before,nan,0.000000e+00,0.000000e+00,0.0000,0.0000,0
48,features.13,54,pruned_before,nan,0.000000e+00,0.000000e+00,0.0000,0.0000,0
48,features.13,55,active,-0.127907,1.385616e-07,5.887858e-06,0.8062,0.5504,201
48,features.13,56,active,-0.151163,3.723294e-07,8.437324e-06,0.9690,0.6667,201
48,features.13,57,pruned_before,nan,0.000000e+00,0.000000e+00,0.0000,0.0000,0
48,features.13,58,pruned_before,nan,0.000000e+00,0.000000e+00,0.0000,0.0000,0
48,features.13,59,pruned_before,nan,0.000000e+00,0.000000e+00,0.0000,0.0000,0
48,features.13,60,pruned_before,nan,0.000000e+00,0.000000e+00,0.0000,0.0000,0
48,features.13,61,pruned_before,nan,0.000000e+00,0.000000e+00,0.0000,0.0000,0
48,features.13,62,pruned_before,nan,0.000000e+00,0.000000e+00,0.0000,0.0000,0
48,features.13,63,pruned_before,nan,0.000000e+00,0.000000e+00,0.0000,0.0000,0
48,features.13,64,pruned_before,nan,0.000000e+00,0.000000e+00,0.0000,0.0000,0
48,features.13,65,pruned_before,nan,0.000000e+00,0.000000e+00,0.0000,0.0000,0
48,features.13,66,pruned_before,nan,0.000000e+00,0.000000e+00,0.0000,0.0000,0
48,features.13,67,pruned_before,nan,0.000000e+00,0.000000e+00,0.0000,0.0000,0
48,features.13,68,pruned_before,nan,0.000000e+00,0.000000e+00,0.0000,0.0000,0
48,features.13,69,pruned_before,nan,0.000000e+00,0.000000e+00,0.0000,0.0000,0
48,features.13,70,active,-0.089147,3.109365e-08,9.095339e-07,0.3488,0.1705,201
48,features.13,71,pruned_before,nan,0.000000e+00,0.000000e+00,0.0000,0.0000,0
48,features.13,72,pruned_before,nan,0.000000e+00,0.000000e+00,0.0000,0.0000,0
48,features.13,73,pruned_before,nan,0.000000e+00,0.000000e+00,0.0000,0.0000,0
48,features.13,74,pruned_before,nan,0.000000e+00,0.000000e+00,0.0000,0.0000,0
48,features.13,75,active,0.038760,1.443901e-07,2.491336e-05,0.8372,0.9147,201
48,features.13,76,pruned_before,nan,0.000000e+00,0.000000e+00,0.0000,0.0000,0
48,features.13,77,active,0.112403,2.592630e-08,5.103338e-06,0.3023,0.5271,201
48,features.13,78,pruned_before,nan,0.000000e+00,0.000000e+00,0.0000,0.0000,0
48,features.13,79,pruned_before,nan,0.000000e+00,0.000000e+00,0.0000,0.0000,0
48,features.13,80,pruned_before,nan,0.000000e+00,0.000000e+00,0.0000,0.0000,0
48,features.13,81,pruned_before,nan,0.000000e+00,0.000000e+00,0.0000,0.0000,0
48,features.13,82,pruned_before,nan,0.000000e+00,0.000000e+00,0.0000,0.0000,0
48,features.13,83,active,-0.062016,5.674141e-08,3.920466e-06,0.5504,0.4264,201
48,features.13,84,pruned_before,nan,0.000000e+00,0.000000e+00,0.0000,0.0000,0
48,features.13,85,pruned_before,nan,0.000000e+00,0.000000e+00,0.0000,0.0000,0
48,features.13,86,pruned_before,nan,0.000000e+00,0.000000e+00,0.0000,0.0000,0
48,features.13,87,pruned_before,nan,0.000000e+00,0.000000e+00,0.0000,0.0000,0
48,features.13,88,pruned_before,nan,0.000000e+00,0.000000e+00,0.0000,0.0000,0
48,features.13,89,pruned_before,nan,0.000000e+00,0.000000e+00,0.0000,0.0000,0
48,features.13,90,pruned_before,nan,0.000000e+00,0.000000e+00,0.0000,0.0000,0
48,features.13,91,pruned_before,nan,0.000000e+00,0.000000e+00,0.0000,0.0000,0
48,features.13,92,pruned_before,nan,0.000000e+00,0.000000e+00,0.0000,0.0000,0
48,features.13,93,pruned_before,nan,0.000000e+00,0.000000e+00,0.0000,0.0000,0
48,features.13,94,pruned_before,nan,0.000000e+00,0.000000e+00,0.0000,0.0000,0
48,features.13,95,active,0.360465,8.303302e-09,1.540364e-05,0.1163,0.8372,201
48,features.13,96,pruned_before,nan,0.000000e+00,0.000000e+00,0.0000,0.0000,0
48,features.13,97,active,-0.093023,1.508459e-07,8.501790e-06,0.8605,0.6744,201
48,features.13,98,pruned_before,nan,0.000000e+00,0.000000e+00,0.0000,0.0000,0
48,features.13,99,pruned_before,nan,0.000000e+00,0.000000e+00,0.0000,0.0000,0
48,features.13,100,pruned_before,nan,0.000000e+00,0.000000e+00,0.0000,0.0000,0
48,features.13,101,pruned_before,nan,0.000000e+00,0.000000e+00,0.0000,0.0000,0
48,features.13,102,pruned_before,nan,0.000000e+00,0.000000e+00,0.0000,0.0000,0
48,features.13,103,pruned_before,nan,0.000000e+00,0.000000e+00,0.0000,0.0000,0
48,features.13,104,pruned_before,nan,0.000000e+00,0.000000e+00,0.0000,0.0000,0
48,features.13,105,pruned_before,nan,0.000000e+00,0.000000e+00,0.0000,0.0000,0
48,features.13,106,pruned_before,nan,0.000000e+00,0.000000e+00,0.0000,0.0000,0
48,features.13,107,pruned_before,nan,0.000000e+00,0.000000e+00,0.0000,0.0000,0
48,features.13,108,pruned_before,nan,0.000000e+00,0.000000e+00,0.0000,0.0000,0
48,features.13,109,pruned_before,nan,0.000000e+00,0.000000e+00,0.0000,0.0000,0
48,features.13,110,active,0.081395,6.522774e-08,1.014163e-05,0.5969,0.7597,201
48,features.13,111,pruned_before,nan,0.000000e+00,0.000000e+00,0.0000,0.0000,0
48,features.13,112,pruned_before,nan,0.000000e+00,0.000000e+00,0.0000,0.0000,0
48,features.13,113,pruned_before,nan,0.000000e+00,0.000000e+00,0.0000,0.0000,0
48,features.13,114,pruned_before,nan,0.000000e+00,0.000000e+00,0.0000,0.0000,0
48,features.13,115,pruned_before,nan,0.000000e+00,0.000000e+00,0.0000,0.0000,0
48,features.13,116,pruned_before,nan,0.000000e+00,0.000000e+00,0.0000,0.0000,0
48,features.13,117,pruned_before,nan,0.000000e+00,0.000000e+00,0.0000,0.0000,0
48,features.13,118,pruned_before,nan,0.000000e+00,0.000000e+00,0.0000,0.0000,0
48,features.13,119,pruned_before,nan,0.000000e+00,0.000000e+00,0.0000,0.0000,0
48,features.13,120,pruned_before,nan,0.000000e+00,0.000000e+00,0.0000,0.0000,0
48,features.13,121,pruned_before,nan,0.000000e+00,0.000000e+00,0.0000,0.0000,0
48,features.13,122,active,0.000000,0.000000e+00,0.000000e+00,0.0465,0.0465,201
48,features.13,123,pruned_before,nan,0.000000e+00,0.000000e+00,0.0000,0.0000,0
48,features.13,124,active,-0.046512,6.798467e-07,2.280481e-05,1.0000,0.9070,201
48,features.13,125,pruned_before,nan,0.000000e+00,0.000000e+00,0.0000,0.0000,0
48,features.13,126,pruned_before,nan,0.000000e+00,0.000000e+00,0.0000,0.0000,0
48,features.13,127,active,0.007752,2.520950e-07,3.314837e-05,0.9302,0.9457,201
48,features.13,128,active,0.019380,2.987007e-08,2.743225e-06,0.3256,0.3643,201
48,features.13,129,pruned_before,nan,0.000000e+00,0.000000e+00,0.0000,0.0000,0
48,features.13,130,pruned_before,nan,0.000000e+00,0.000000e+00,0.0000,0.0000,0
48,features.13,131,pruned_before,nan,0.000000e+00,0.000000e+00,0.0000,0.0000,0
48,features.13,132,active,0.000000,0.000000e+00,0.000000e+00,0.0233,0.0233,201
48,features.13,133,active,-0.003876,6.072496e-07,4.390714e-05,0.9845,0.9767,201
48,features.13,134,pruned_before,nan,0.000000e+00,0.000000e+00,0.0000,0.0000,0
48,features.13,135,pruned_before,nan,0.000000e+00,0.000000e+00,0.0000,0.0000,0
48,features.13,136,active,-0.089147,2.190974e-07,9.115327e-06,0.8915,0.7132,201
48,features.13,137,pruned_before,nan,0.000000e+00,0.000000e+00,0.0000,0.0000,0
48,features.13,138,pruned_now,-0.193798,1.087904e-07,2.512295e-06,0.7287,0.3411,201
48,features.13,139,pruned_before,nan,0.000000e+00,0.000000e+00,0.0000,0.0000,0
48,features.13,140,active,-0.038760,1.728289e-07,1.264676e-05,0.8760,0.7984,201
48,features.13,141,pruned_before,nan,0.000000e+00,0.000000e+00,0.0000,0.0000,0
48,features.13,142,pruned_before,nan,0.000000e+00,0.000000e+00,0.0000,0.0000,0
48,features.13,143,pruned_before,nan,0.000000e+00,0.000000e+00,0.0000,0.0000,0
48,features.13,144,pruned_before,nan,0.000000e+00,0.000000e+00,0.0000,0.0000,0
48,features.13,145,active,0.011628,4.548037e-09,2.984033e-07,0.0698,0.0930,201
48,features.13,146,pruned_before,nan,0.000000e+00,0.000000e+00,0.0000,0.0000,0
48,features.13,147,pruned_before,nan,0.000000e+00,0.000000e+00,0.0000,0.0000,0
48,features.13,148,active,-0.131783,4.731090e-08,1.275514e-06,0.4806,0.2171,201
48,features.13,149,pruned_before,nan,0.000000e+00,0.000000e+00,0.0000,0.0000,0
48,features.13,150,pruned_before,nan,0.000000e+00,0.000000e+00,0.0000,0.0000,0
48,features.13,151,active,0.186047,1.564449e-08,5.962175e-06,0.1860,0.5581,201
48,features.13,152,active,0.050388,1.324148e-08,1.793350e-06,0.1628,0.2636,201
48,features.13,153,pruned_before,nan,0.000000e+00,0.000000e+00,0.0000,0.0000,0
48,features.13,154,pruned_before,nan,0.000000e+00,0.000000e+00,0.0000,0.0000,0
48,features.13,155,pruned_before,nan,0.000000e+00,0.000000e+00,0.0000,0.0000,0
48,features.13,156,pruned_before,nan,0.000000e+00,0.000000e+00,0.0000,0.0000,0
48,features.13,157,pruned_before,nan,0.000000e+00,0.000000e+00,0.0000,0.0000,0
48,features.13,158,pruned_before,nan,0.000000e+00,0.000000e+00,0.0000,0.0000,0
48,features.13,159,pruned_before,nan,0.000000e+00,0.000000e+00,0.0000,0.0000,0
48,features.13,160,pruned_before,nan,0.000000e+00,0.000000e+00,0.0000,0.0000,0
48,features.13,161,pruned_before,nan,0.000000e+00,0.000000e+00,0.0000,0.0000,0
48,features.13,162,pruned_before,nan,0.000000e+00,0.000000e+00,0.0000,0.0000,0
48,features.13,163,pruned_before,nan,0.000000e+00,0.000000e+00,0.0000,0.0000,0
48,features.13,164,pruned_before,nan,0.000000e+00,0.000000e+00,0.0000,0.0000,0
48,features.13,165,pruned_before,nan,0.000000e+00,0.000000e+00,0.0000,0.0000,0
48,features.13,166,pruned_before,nan,0.000000e+00,0.000000e+00,0.0000,0.0000,0
48,features.13,167,pruned_before,nan,0.000000e+00,0.000000e+00,0.0000,0.0000,0
48,features.13,168,pruned_before,nan,0.000000e+00,0.000000e+00,0.0000,0.0000,0
48,features.13,169,pruned_before,nan,0.000000e+00,0.000000e+00,0.0000,0.0000,0
48,features.13,170,active,0.027132,8.968711e-08,9.487369e-06,0.6977,0.7519,201
48,features.13,171,pruned_before,nan,0.000000e+00,0.000000e+00,0.0000,0.0000,0
48,features.13,172,pruned_before,nan,0.000000e+00,0.000000e+00,0.0000,0.0000,0
48,features.13,173,pruned_before,nan,0.000000e+00,0.000000e+00,0.0000,0.0000,0
48,features.13,174,pruned_before,nan,0.000000e+00,0.000000e+00,0.0000,0.0000,0
48,features.13,175,active,-0.127907,3.004845e-08,2.630061e-07,0.3333,0.0775,201
48,features.13,176,pruned_before,nan,0.000000e+00,0.000000e+00,0.0000,0.0000,0
48,features.13,177,pruned_before,nan,0.000000e+00,0.000000e+00,0.0000,0.0000,0
48,features.13,178,pruned_before,nan,0.000000e+00,0.000000e+00,0.0000,0.0000,0
48,features.13,179,pruned_before,nan,0.000000e+00,0.000000e+00,0.0000,0.0000,0
48,features.13,180,active,0.077519,6.984610e-08,1.238147e-05,0.6357,0.7907,201
48,features.13,181,active,-0.151163,6.274281e-08,1.977157e-06,0.5814,0.2791,201
48,features.13,182,pruned_before,nan,0.000000e+00,0.000000e+00,0.0000,0.0000,0
48,features.13,183,pruned_before,nan,0.000000e+00,0.000000e+00,0.0000,0.0000,0
48,features.13,184,pruned_before,nan,0.000000e+00,0.000000e+00,0.0000,0.0000,0
48,features.13,185,pruned_before,nan,0.000000e+00,0.000000e+00,0.0000,0.0000,0
48,features.13,186,active,-0.073643,1.845920e-08,2.973609e-07,0.2326,0.0853,201
48,features.13,187,active,-0.011628,2.150810e-08,1.573345e-06,0.2713,0.2481,201
48,features.13,188,active,-0.170543,9.165483e-08,3.165499e-06,0.7132,0.3721,201
48,features.13,189,active,-0.007752,4.749496e-08,4.411608e-06,0.4884,0.4729,201
48,features.13,190,pruned_before,nan,0.000000e+00,0.000000e+00,0.0000,0.0000,0
48,features.13,191,pruned_before,nan,0.000000e+00,0.000000e+00,0.0000,0.0000,0
48,features.13,192,active,-0.077519,3.283169e-08,1.093714e-06,0.3643,0.2093,201
48,features.13,193,pruned_now,-0.220930,2.316181e-07,4.321530e-06,0.9070,0.4651,201
48,features.13,194,pruned_before,nan,0.000000e+00,0.000000e+00,0.0000,0.0000,0
48,features.13,195,pruned_before,nan,0.000000e+00,0.000000e+00,0.0000,0.0000,0
48,features.13,196,pruned_before,nan,0.000000e+00,0.000000e+00,0.0000,0.0000,0
48,features.13,197,pruned_before,nan,0.000000e+00,0.000000e+00,0.0000,0.0000,0
48,features.13,198,pruned_before,nan,0.000000e+00,0.000000e+00,0.0000,0.0000,0
48,features.13,199,active,-0.054264,3.090547e-07,1.592518e-05,0.9535,0.8450,201
48,features.13,200,pruned_before,nan,0.000000e+00,0.000000e+00,0.0000,0.0000,0
48,features.13,201,pruned_before,nan,0.000000e+00,0.000000e+00,0.0000,0.0000,0
48,features.13,202,pruned_before,nan,0.000000e+00,0.000000e+00,0.0000,0.0000,0
48,features.13,203,active,0.038760,1.318877e-07,1.790694e-05,0.7907,0.8682,201
48,features.13,204,pruned_before,nan,0.000000e+00,0.000000e+00,0.0000,0.0000,0
48,features.13,205,active,-0.034884,4.529841e-08,3.562279e-06,0.4729,0.4031,201
48,features.13,206,pruned_before,nan,0.000000e+00,0.000000e+00,0.0000,0.0000,0
48,features.13,207,pruned_before,nan,0.000000e+00,0.000000e+00,0.0000,0.0000,0
48,features.13,208,pruned_before,nan,0.000000e+00,0.000000e+00,0.0000,0.0000,0
48,features.13,209,pruned_before,nan,0.000000e+00,0.000000e+00,0.0000,0.0000,0
48,features.13,210,active,0.023256,2.857274e-09,4.844020e-07,0.0620,0.1085,201
48,features.13,211,pruned_before,nan,0.000000e+00,0.000000e+00,0.0000,0.0000,0
48,features.13,212,pruned_before,nan,0.000000e+00,0.000000e+00,0.0000,0.0000,0
48,features.13,213,pruned_before,nan,0.000000e+00,0.000000e+00,0.0000,0.0000,0
48,features.13,214,active,-0.112403,1.466403e-07,7.522619e-06,0.8527,0.6279,201
48,features.13,215,pruned_before,nan,0.000000e+00,0.000000e+00,0.0000,0.0000,0
48,features.13,216,pruned_before,nan,0.000000e+00,0.000000e+00,0.0000,0.0000,0
48,features.13,217,pruned_before,nan,0.000000e+00,0.000000e+00,0.0000,0.0000,0
48,features.13,218,pruned_before,nan,0.000000e+00,0.000000e+00,0.0000,0.0000,0
48,features.13,219,pruned_before,nan,0.000000e+00,0.000000e+00,0.0000,0.0000,0
48,features.13,220,pruned_before,nan,0.000000e+00,0.000000e+00,0.0000,0.0000,0
48,features.13,221,pruned_before,nan,0.000000e+00,0.000000e+00,0.0000,0.0000,0
48,features.13,222,pruned_before,nan,0.000000e+00,0.000000e+00,0.0000,0.0000,0
48,features.13,223,active,-0.007752,7.259750e-08,7.788381e-06,0.6512,0.6357,201
48,features.13,224,pruned_before,nan,0.000000e+00,0.000000e+00,0.0000,0.0000,0
48,features.13,225,active,0.000000,1.861120e-09,1.097113e-07,0.0543,0.0543,201
48,features.13,226,pruned_before,nan,0.000000e+00,0.000000e+00,0.0000,0.0000,0
48,features.13,227,pruned_before,nan,0.000000e+00,0.000000e+00,0.0000,0.0000,0
48,features.13,228,active,-0.058140,2.318186e-08,8.327943e-07,0.2791,0.1628,201
48,features.13,229,pruned_before,nan,0.000000e+00,0.000000e+00,0.0000,0.0000,0
48,features.13,230,pruned_before,nan,0.000000e+00,0.000000e+00,0.0000,0.0000,0
48,features.13,231,active,0.050388,1.426056e-07,2.793807e-05,0.8295,0.9302,201
48,features.13,232,pruned_before,nan,0.000000e+00,0.000000e+00,0.0000,0.0000,0
48,features.13,233,pruned_before,nan,0.000000e+00,0.000000e+00,0.0000,0.0000,0
48,features.13,234,pruned_before,nan,0.000000e+00,0.000000e+00,0.0000,0.0000,0
48,features.13,235,pruned_before,nan,0.000000e+00,0.000000e+00,0.0000,0.0000,0
48,features.13,236,pruned_before,nan,0.000000e+00,0.000000e+00,0.0000,0.0000,0
48,features.13,237,active,0.089147,3.688773e-08,6.669456e-06,0.4109,0.5891,201
48,features.13,238,pruned_before,nan,0.000000e+00,0.000000e+00,0.0000,0.0000,0
48,features.13,239,protected,0.108527,1.297622e-07,6.922195e-05,0.7829,1.0000,201
48,features.13,240,pruned_before,nan,0.000000e+00,0.000000e+00,0.0000,0.0000,0
48,features.13,241,active,0.050388,1.390285e-08,1.836829e-06,0.1705,0.2713,201
48,features.13,242,pruned_before,nan,0.000000e+00,0.000000e+00,0.0000,0.0000,0
48,features.13,243,pruned_before,nan,0.000000e+00,0.000000e+00,0.0000,0.0000,0
48,features.13,244,pruned_now,-0.213178,1.410789e-07,3.552092e-06,0.8217,0.3953,201
48,features.13,245,pruned_before,nan,0.000000e+00,0.000000e+00,0.0000,0.0000,0
48,features.13,246,pruned_before,nan,0.000000e+00,0.000000e+00,0.0000,0.0000,0
48,features.13,247,pruned_before,nan,0.000000e+00,0.000000e+00,0.0000,0.0000,0
48,features.13,248,active,0.054264,3.433529e-08,4.888825e-06,0.3798,0.4884,201
48,features.13,249,pruned_before,nan,0.000000e+00,0.000000e+00,0.0000,0.0000,0
48,features.13,250,pruned_before,nan,0.000000e+00,0.000000e+00,0.0000,0.0000,0
48,features.13,251,pruned_now,-0.213178,9.181967e-08,2.104395e-06,0.7209,0.2946,201
48,features.13,252,pruned_before,nan,0.000000e+00,0.000000e+00,0.0000,0.0000,0
48,features.13,253,pruned_before,nan,0.000000e+00,0.000000e+00,0.0000,0.0000,0
48,features.13,254,pruned_before,nan,0.000000e+00,0.000000e+00,0.0000,0.0000,0
48,features.13,255,pruned_before,nan,0.000000e+00,0.000000e+00,0.0000,0.0000,0
48,features.13,256,pruned_before,nan,0.000000e+00,0.000000e+00,0.0000,0.0000,0
48,features.13,257,pruned_before,nan,0.000000e+00,0.000000e+00,0.0000,0.0000,0
48,features.13,258,pruned_before,nan,0.000000e+00,0.000000e+00,0.0000,0.0000,0
48,features.13,259,active,-0.081395,1.691985e-08,1.211045e-07,0.2248,0.0620,201
48,features.13,260,active,0.023256,4.000570e-08,4.996732e-06,0.4496,0.4961,201
48,features.13,261,pruned_before,nan,0.000000e+00,0.000000e+00,0.0000,0.0000,0
48,features.13,262,active,-0.120155,4.457223e-08,1.308820e-06,0.4651,0.2248,201
48,features.13,263,pruned_before,nan,0.000000e+00,0.000000e+00,0.0000,0.0000,0
48,features.13,264,active,0.096899,8.296366e-08,1.735979e-05,0.6667,0.8605,201
48,features.13,265,pruned_before,nan,0.000000e+00,0.000000e+00,0.0000,0.0000,0
48,features.13,266,pruned_before,nan,0.000000e+00,0.000000e+00,0.0000,0.0000,0
48,features.13,267,pruned_before,nan,0.000000e+00,0.000000e+00,0.0000,0.0000,0
48,features.13,268,pruned_before,nan,0.000000e+00,0.000000e+00,0.0000,0.0000,0
48,features.13,269,active,0.062016,2.734715e-08,3.924200e-06,0.3178,0.4419,201
48,features.13,270,pruned_before,nan,0.000000e+00,0.000000e+00,0.0000,0.0000,0
48,features.13,271,pruned_before,nan,0.000000e+00,0.000000e+00,0.0000,0.0000,0
48,features.13,272,active,-0.093023,4.849312e-08,2.271719e-06,0.5039,0.3178,201
48,features.13,273,active,-0.007752,5.792181e-08,5.803974e-06,0.5581,0.5426,201
48,features.13,274,pruned_before,nan,0.000000e+00,0.000000e+00,0.0000,0.0000,0
48,features.13,275,pruned_before,nan,0.000000e+00,0.000000e+00,0.0000,0.0000,0
48,features.13,276,pruned_before,nan,0.000000e+00,0.000000e+00,0.0000,0.0000,0
48,features.13,277,pruned_before,nan,0.000000e+00,0.000000e+00,0.0000,0.0000,0
48,features.13,278,pruned_before,nan,0.000000e+00,0.000000e+00,0.0000,0.0000,0
48,features.13,279,active,0.038760,3.082625e-08,3.771796e-06,0.3411,0.4186,201
48,features.13,280,active,0.000000,0.000000e+00,0.000000e+00,0.0078,0.0078,201
48,features.13,281,active,0.000000,0.000000e+00,0.000000e+00,0.0388,0.0388,201
48,features.13,282,pruned_before,nan,0.000000e+00,0.000000e+00,0.0000,0.0000,0
48,features.13,283,pruned_before,nan,0.000000e+00,0.000000e+00,0.0000,0.0000,0
48,features.13,284,pruned_before,nan,0.000000e+00,0.000000e+00,0.0000,0.0000,0
48,features.13,285,pruned_before,nan,0.000000e+00,0.000000e+00,0.0000,0.0000,0
48,features.13,286,pruned_before,nan,0.000000e+00,0.000000e+00,0.0000,0.0000,0
48,features.13,287,pruned_before,nan,0.000000e+00,0.000000e+00,0.0000,0.0000,0
48,features.13,288,pruned_before,nan,0.000000e+00,0.000000e+00,0.0000,0.0000,0
48,features.13,289,pruned_before,nan,0.000000e+00,0.000000e+00,0.0000,0.0000,0
48,features.13,290,pruned_before,nan,0.000000e+00,0.000000e+00,0.0000,0.0000,0
48,features.13,291,pruned_before,nan,0.000000e+00,0.000000e+00,0.0000,0.0000,0
48,features.13,292,pruned_before,nan,0.000000e+00,0.000000e+00,0.0000,0.0000,0
48,features.13,293,pruned_before,nan,0.000000e+00,0.000000e+00,0.0000,0.0000,0
48,features.13,294,active,-0.170543,7.010419e-08,2.232490e-06,0.6434,0.3023,201
48,features.13,295,pruned_before,nan,0.000000e+00,0.000000e+00,0.0000,0.0000,0
48,features.13,296,pruned_before,nan,0.000000e+00,0.000000e+00,0.0000,0.0000,0
48,features.13,297,active,0.034884,3.512115e-08,4.312386e-06,0.3876,0.4574,201
48,features.13,298,pruned_before,nan,0.000000e+00,0.000000e+00,0.0000,0.0000,0
48,features.13,299,pruned_before,nan,0.000000e+00,0.000000e+00,0.0000,0.0000,0
48,features.13,300,pruned_before,nan,0.000000e+00,0.000000e+00,0.0000,0.0000,0
48,features.13,301,active,-0.069767,6.009177e-08,3.922133e-06,0.5736,0.4341,201
48,features.13,302,pruned_before,nan,0.000000e+00,0.000000e+00,0.0000,0.0000,0
48,features.13,303,active,-0.089147,1.286102e-07,6.952892e-06,0.7752,0.5969,201
48,features.13,304,pruned_before,nan,0.000000e+00,0.000000e+00,0.0000,0.0000,0
48,features.13,305,pruned_before,nan,0.000000e+00,0.000000e+00,0.0000,0.0000,0
48,features.13,306,active,0.003876,1.277916e-07,1.033008e-05,0.7597,0.7674,201
48,features.13,307,pruned_before,nan,0.000000e+00,0.000000e+00,0.0000,0.0000,0
48,features.13,308,active,0.217054,6.716056e-09,5.075760e-06,0.0853,0.5194,201
48,features.13,309,pruned_before,nan,0.000000e+00,0.000000e+00,0.0000,0.0000,0
48,features.13,310,pruned_before,nan,0.000000e+00,0.000000e+00,0.0000,0.0000,0
48,features.13,311,pruned_before,nan,0.000000e+00,0.000000e+00,0.0000,0.0000,0
48,features.13,312,pruned_before,nan,0.000000e+00,0.000000e+00,0.0000,0.0000,0
48,features.13,313,pruned_before,nan,0.000000e+00,0.000000e+00,0.0000,0.0000,0
48,features.13,314,pruned_before,nan,0.000000e+00,0.000000e+00,0.0000,0.0000,0
48,features.13,315,pruned_before,nan,0.000000e+00,0.000000e+00,0.0000,0.0000,0
48,features.13,316,pruned_before,nan,0.000000e+00,0.000000e+00,0.0000,0.0000,0
48,features.13,317,pruned_before,nan,0.000000e+00,0.000000e+00,0.0000,0.0000,0
48,features.13,318,pruned_before,nan,0.000000e+00,0.000000e+00,0.0000,0.0000,0
48,features.13,319,pruned_before,nan,0.000000e+00,0.000000e+00,0.0000,0.0000,0
48,features.13,320,pruned_before,nan,0.000000e+00,0.000000e+00,0.0000,0.0000,0
48,features.13,321,pruned_before,nan,0.000000e+00,0.000000e+00,0.0000,0.0000,0
48,features.13,322,active,-0.104651,4.787129e-08,2.044910e-06,0.4961,0.2868,201
48,features.13,323,pruned_before,nan,0.000000e+00,0.000000e+00,0.0000,0.0000,0
48,features.13,324,pruned_before,nan,0.000000e+00,0.000000e+00,0.0000,0.0000,0
48,features.13,325,pruned_before,nan,0.000000e+00,0.000000e+00,0.0000,0.0000,0
48,features.13,326,pruned_before,nan,0.000000e+00,0.000000e+00,0.0000,0.0000,0
48,features.13,327,pruned_before,nan,0.000000e+00,0.000000e+00,0.0000,0.0000,0
48,features.13,328,pruned_before,nan,0.000000e+00,0.000000e+00,0.0000,0.0000,0
48,features.13,329,pruned_before,nan,0.000000e+00,0.000000e+00,0.0000,0.0000,0
48,features.13,330,pruned_before,nan,0.000000e+00,0.000000e+00,0.0000,0.0000,0
48,features.13,331,pruned_before,nan,0.000000e+00,0.000000e+00,0.0000,0.0000,0
48,features.13,332,active,0.031008,7.021301e-09,7.417834e-07,0.0930,0.1550,201
48,features.13,333,active,-0.096899,5.403469e-08,2.380574e-06,0.5271,0.3333,201
48,features.13,334,pruned_before,nan,0.000000e+00,0.000000e+00,0.0000,0.0000,0
48,features.13,335,pruned_before,nan,0.000000e+00,0.000000e+00,0.0000,0.0000,0
48,features.13,336,pruned_before,nan,0.000000e+00,0.000000e+00,0.0000,0.0000,0
48,features.13,337,pruned_before,nan,0.000000e+00,0.000000e+00,0.0000,0.0000,0
48,features.13,338,pruned_before,nan,0.000000e+00,0.000000e+00,0.0000,0.0000,0
48,features.13,339,pruned_before,nan,0.000000e+00,0.000000e+00,0.0000,0.0000,0
48,features.13,340,pruned_before,nan,0.000000e+00,0.000000e+00,0.0000,0.0000,0
48,features.13,341,active,0.120155,5.955169e-08,1.275041e-05,0.5659,0.8062,201
48,features.13,342,pruned_before,nan,0.000000e+00,0.000000e+00,0.0000,0.0000,0
48,features.13,343,pruned_before,nan,0.000000e+00,0.000000e+00,0.0000,0.0000,0
48,features.13,344,pruned_before,nan,0.000000e+00,0.000000e+00,0.0000,0.0000,0
48,features.13,345,pruned_before,nan,0.000000e+00,0.000000e+00,0.0000,0.0000,0
48,features.13,346,pruned_before,nan,0.000000e+00,0.000000e+00,0.0000,0.0000,0
48,features.13,347,pruned_before,nan,0.000000e+00,0.000000e+00,0.0000,0.0000,0
48,features.13,348,pruned_before,nan,0.000000e+00,0.000000e+00,0.0000,0.0000,0
48,features.13,349,pruned_before,nan,0.000000e+00,0.000000e+00,0.0000,0.0000,0
48,features.13,350,pruned_before,nan,0.000000e+00,0.000000e+00,0.0000,0.0000,0
48,features.13,351,active,-0.112403,5.535259e-08,2.260970e-06,0.5349,0.3101,201
48,features.13,352,pruned_now,-0.189922,3.091492e-07,6.413514e-06,0.9612,0.5814,201
48,features.13,353,pruned_before,nan,0.000000e+00,0.000000e+00,0.0000,0.0000,0
48,features.13,354,pruned_before,nan,0.000000e+00,0.000000e+00,0.0000,0.0000,0
48,features.13,355,pruned_before,nan,0.000000e+00,0.000000e+00,0.0000,0.0000,0
48,features.13,356,pruned_before,nan,0.000000e+00,0.000000e+00,0.0000,0.0000,0
48,features.13,357,active,0.096899,1.280587e-07,3.810586e-05,0.7674,0.9612,201
48,features.13,358,pruned_before,nan,0.000000e+00,0.000000e+00,0.0000,0.0000,0
48,features.13,359,pruned_before,nan,0.000000e+00,0.000000e+00,0.0000,0.0000,0
48,features.13,360,active,0.019380,6.542351e-09,5.527230e-07,0.0775,0.1163,201
48,features.13,361,pruned_before,nan,0.000000e+00,0.000000e+00,0.0000,0.0000,0
48,features.13,362,active,-0.162791,2.619901e-07,7.290791e-06,0.9457,0.6202,201
48,features.13,363,pruned_before,nan,0.000000e+00,0.000000e+00,0.0000,0.0000,0
48,features.13,364,pruned_before,nan,0.000000e+00,0.000000e+00,0.0000,0.0000,0
48,features.13,365,pruned_before,nan,0.000000e+00,0.000000e+00,0.0000,0.0000,0
48,features.13,366,pruned_before,nan,0.000000e+00,0.000000e+00,0.0000,0.0000,0
48,features.13,367,pruned_before,nan,0.000000e+00,0.000000e+00,0.0000,0.0000,0
48,features.13,368,pruned_before,nan,0.000000e+00,0.000000e+00,0.0000,0.0000,0
48,features.13,369,pruned_before,nan,0.000000e+00,0.000000e+00,0.0000,0.0000,0
48,features.13,370,active,-0.034884,1.913664e-07,1.400658e-05,0.8837,0.8140,201
48,features.13,371,pruned_before,nan,0.000000e+00,0.000000e+00,0.0000,0.0000,0
48,features.13,372,active,-0.077519,3.616947e-08,1.558608e-06,0.3953,0.2403,201
48,features.13,373,pruned_before,nan,0.000000e+00,0.000000e+00,0.0000,0.0000,0
48,features.13,374,pruned_before,nan,0.000000e+00,0.000000e+00,0.0000,0.0000,0
48,features.13,375,pruned_before,nan,0.000000e+00,0.000000e+00,0.0000,0.0000,0
48,features.13,376,pruned_before,nan,0.000000e+00,0.000000e+00,0.0000,0.0000,0
48,features.13,377,pruned_before,nan,0.000000e+00,0.000000e+00,0.0000,0.0000,0
48,features.13,378,pruned_before,nan,0.000000e+00,0.000000e+00,0.0000,0.0000,0
48,features.13,379,pruned_before,nan,0.000000e+00,0.000000e+00,0.0000,0.0000,0
48,features.13,380,pruned_before,nan,0.000000e+00,0.000000e+00,0.0000,0.0000,0
48,features.13,381,pruned_before,nan,0.000000e+00,0.000000e+00,0.0000,0.0000,0
48,features.13,382,pruned_before,nan,0.000000e+00,0.000000e+00,0.0000,0.0000,0
48,features.13,383,pruned_before,nan,0.000000e+00,0.000000e+00,0.0000,0.0000,0
48,features.13,384,pruned_before,nan,0.000000e+00,0.000000e+00,0.0000,0.0000,0
48,features.13,385,pruned_before,nan,0.000000e+00,0.000000e+00,0.0000,0.0000,0
48,features.13,386,pruned_before,nan,0.000000e+00,0.000000e+00,0.0000,0.0000,0
48,features.13,387,pruned_before,nan,0.000000e+00,0.000000e+00,0.0000,0.0000,0
48,features.13,388,pruned_before,nan,0.000000e+00,0.000000e+00,0.0000,0.0000,0
48,features.13,389,active,-0.155039,2.494170e-07,6.989756e-06,0.9225,0.6124,201
48,features.13,390,pruned_before,nan,0.000000e+00,0.000000e+00,0.0000,0.0000,0
48,features.13,391,pruned_before,nan,0.000000e+00,0.000000e+00,0.0000,0.0000,0
48,features.13,392,pruned_before,nan,0.000000e+00,0.000000e+00,0.0000,0.0000,0
48,features.13,393,pruned_before,nan,0.000000e+00,0.000000e+00,0.0000,0.0000,0
48,features.13,394,pruned_before,nan,0.000000e+00,0.000000e+00,0.0000,0.0000,0
48,features.13,395,pruned_before,nan,0.000000e+00,0.000000e+00,0.0000,0.0000,0
48,features.13,396,pruned_before,nan,0.000000e+00,0.000000e+00,0.0000,0.0000,0
48,features.13,397,pruned_before,nan,0.000000e+00,0.000000e+00,0.0000,0.0000,0
48,features.13,398,active,0.011628,2.310553e-07,2.511778e-05,0.8992,0.9225,201
48,features.13,399,pruned_before,nan,0.000000e+00,0.000000e+00,0.0000,0.0000,0
48,features.13,400,pruned_before,nan,0.000000e+00,0.000000e+00,0.0000,0.0000,0
48,features.13,401,active,0.034884,1.556363e-07,2.795266e-05,0.8682,0.9380,201
48,features.13,402,active,0.069767,1.454029e-07,5.184805e-05,0.8450,0.9845,201
48,features.13,403,pruned_before,nan,0.000000e+00,0.000000e+00,0.0000,0.0000,0
48,features.13,404,pruned_before,nan,0.000000e+00,0.000000e+00,0.0000,0.0000,0
48,features.13,405,pruned_before,nan,0.000000e+00,0.000000e+00,0.0000,0.0000,0
48,features.13,406,pruned_before,nan,0.000000e+00,0.000000e+00,0.0000,0.0000,0
48,features.13,407,active,0.108527,7.578820e-08,1.822003e-05,0.6589,0.8760,201
48,features.13,408,pruned_before,nan,0.000000e+00,0.000000e+00,0.0000,0.0000,0
48,features.13,409,active,0.158915,3.772911e-08,9.266215e-06,0.4186,0.7364,201
48,features.13,410,pruned_before,nan,0.000000e+00,0.000000e+00,0.0000,0.0000,0
48,features.13,411,pruned_before,nan,0.000000e+00,0.000000e+00,0.0000,0.0000,0
48,features.13,412,active,-0.131783,3.977663e-08,9.620320e-07,0.4419,0.1783,201
48,features.13,413,pruned_before,nan,0.000000e+00,0.000000e+00,0.0000,0.0000,0
48,features.13,414,pruned_before,nan,0.000000e+00,0.000000e+00,0.0000,0.0000,0
48,features.13,415,pruned_before,nan,0.000000e+00,0.000000e+00,0.0000,0.0000,0
48,features.13,416,pruned_before,nan,0.000000e+00,0.000000e+00,0.0000,0.0000,0
48,features.13,417,pruned_before,nan,0.000000e+00,0.000000e+00,0.0000,0.0000,0
48,features.13,418,pruned_before,nan,0.000000e+00,0.000000e+00,0.0000,0.0000,0
48,features.13,419,pruned_before,nan,0.000000e+00,0.000000e+00,0.0000,0.0000,0
48,features.13,420,active,0.224806,3.960692e-08,1.839122e-05,0.4341,0.8837,201
48,features.13,421,pruned_before,nan,0.000000e+00,0.000000e+00,0.0000,0.0000,0
48,features.13,422,pruned_before,nan,0.000000e+00,0.000000e+00,0.0000,0.0000,0
48,features.13,423,pruned_before,nan,0.000000e+00,0.000000e+00,0.0000,0.0000,0
48,features.13,424,pruned_before,nan,0.000000e+00,0.000000e+00,0.0000,0.0000,0
48,features.13,425,pruned_before,nan,0.000000e+00,0.000000e+00,0.0000,0.0000,0
48,features.13,426,pruned_before,nan,0.000000e+00,0.000000e+00,0.0000,0.0000,0
48,features.13,427,active,0.058140,6.711048e-08,9.228233e-06,0.6124,0.7287,201
48,features.13,428,pruned_before,nan,0.000000e+00,0.000000e+00,0.0000,0.0000,0
48,features.13,429,pruned_before,nan,0.000000e+00,0.000000e+00,0.0000,0.0000,0
48,features.13,430,pruned_before,nan,0.000000e+00,0.000000e+00,0.0000,0.0000,0
48,features.13,431,pruned_before,nan,0.000000e+00,0.000000e+00,0.0000,0.0000,0
48,features.13,432,pruned_before,nan,0.000000e+00,0.000000e+00,0.0000,0.0000,0
48,features.13,433,pruned_before,nan,0.000000e+00,0.000000e+00,0.0000,0.0000,0
48,features.13,434,pruned_before,nan,0.000000e+00,0.000000e+00,0.0000,0.0000,0
48,features.13,435,pruned_before,nan,0.000000e+00,0.000000e+00,0.0000,0.0000,0
48,features.13,436,pruned_before,nan,0.000000e+00,0.000000e+00,0.0000,0.0000,0
48,features.13,437,pruned_before,nan,0.000000e+00,0.000000e+00,0.0000,0.0000,0
48,features.13,438,pruned_before,nan,0.000000e+00,0.000000e+00,0.0000,0.0000,0
48,features.13,439,pruned_before,nan,0.000000e+00,0.000000e+00,0.0000,0.0000,0
48,features.13,440,pruned_before,nan,0.000000e+00,0.000000e+00,0.0000,0.0000,0
48,features.13,441,pruned_before,nan,0.000000e+00,0.000000e+00,0.0000,0.0000,0
48,features.13,442,pruned_before,nan,0.000000e+00,0.000000e+00,0.0000,0.0000,0
48,features.13,443,active,0.255814,1.620278e-08,9.155636e-06,0.2093,0.7209,201
48,features.13,444,pruned_before,nan,0.000000e+00,0.000000e+00,0.0000,0.0000,0
48,features.13,445,pruned_before,nan,0.000000e+00,0.000000e+00,0.0000,0.0000,0
48,features.13,446,pruned_before,nan,0.000000e+00,0.000000e+00,0.0000,0.0000,0
48,features.13,447,pruned_before,nan,0.000000e+00,0.000000e+00,0.0000,0.0000,0
48,features.13,448,active,-0.019380,7.430392e-09,1.684650e-07,0.1085,0.0698,201
48,features.13,449,pruned_before,nan,0.000000e+00,0.000000e+00,0.0000,0.0000,0
48,features.13,450,pruned_before,nan,0.000000e+00,0.000000e+00,0.0000,0.0000,0
48,features.13,451,active,0.162791,6.880535e-08,3.646527e-05,0.6279,0.9535,201
48,features.13,452,pruned_before,nan,0.000000e+00,0.000000e+00,0.0000,0.0000,0
48,features.13,453,pruned_before,nan,0.000000e+00,0.000000e+00,0.0000,0.0000,0
48,features.13,454,pruned_before,nan,0.000000e+00,0.000000e+00,0.0000,0.0000,0
48,features.13,455,pruned_before,nan,0.000000e+00,0.000000e+00,0.0000,0.0000,0
48,features.13,456,pruned_before,nan,0.000000e+00,0.000000e+00,0.0000,0.0000,0
48,features.13,457,pruned_before,nan,0.000000e+00,0.000000e+00,0.0000,0.0000,0
48,features.13,458,pruned_before,nan,0.000000e+00,0.000000e+00,0.0000,0.0000,0
48,features.13,459,active,0.046512,8.902601e-08,1.188562e-05,0.6899,0.7829,201
48,features.13,460,pruned_before,nan,0.000000e+00,0.000000e+00,0.0000,0.0000,0
48,features.13,461,pruned_before,nan,0.000000e+00,0.000000e+00,0.0000,0.0000,0
48,features.13,462,pruned_before,nan,0.000000e+00,0.000000e+00,0.0000,0.0000,0
48,features.13,463,pruned_before,nan,0.000000e+00,0.000000e+00,0.0000,0.0000,0
48,features.13,464,pruned_before,nan,0.000000e+00,0.000000e+00,0.0000,0.0000,0
48,features.13,465,pruned_before,nan,0.000000e+00,0.000000e+00,0.0000,0.0000,0
48,features.13,466,active,-0.007752,9.162619e-08,8.588569e-06,0.7054,0.6899,201
48,features.13,467,pruned_before,nan,0.000000e+00,0.000000e+00,0.0000,0.0000,0
48,features.13,468,pruned_before,nan,0.000000e+00,0.000000e+00,0.0000,0.0000,0
48,features.13,469,pruned_before,nan,0.000000e+00,0.000000e+00,0.0000,0.0000,0
48,features.13,470,active,0.007752,2.614632e-08,2.296913e-06,0.3101,0.3256,201
48,features.13,471,pruned_before,nan,0.000000e+00,0.000000e+00,0.0000,0.0000,0
48,features.13,472,pruned_before,nan,0.000000e+00,0.000000e+00,0.0000,0.0000,0
48,features.13,473,pruned_before,nan,0.000000e+00,0.000000e+00,0.0000,0.0000,0
48,features.13,474,active,-0.050388,6.744507e-07,1.843709e-05,0.9922,0.8915,201
48,features.13,475,active,-0.166667,4.518710e-07,7.900179e-06,0.9767,0.6434,201
48,features.13,476,active,0.344961,1.053492e-08,1.496286e-05,0.1318,0.8217,201
48,features.13,477,pruned_before,nan,0.000000e+00,0.000000e+00,0.0000,0.0000,0
48,features.13,478,active,0.038760,3.299513e-08,4.127295e-06,0.3721,0.4496,201
48,features.13,479,pruned_before,nan,0.000000e+00,0.000000e+00,0.0000,0.0000,0
48,features.13,480,pruned_before,nan,0.000000e+00,0.000000e+00,0.0000,0.0000,0
48,features.13,481,pruned_before,nan,0.000000e+00,0.000000e+00,0.0000,0.0000,0
48,features.13,482,pruned_before,nan,0.000000e+00,0.000000e+00,0.0000,0.0000,0
48,features.13,483,pruned_before,nan,0.000000e+00,0.000000e+00,0.0000,0.0000,0
48,features.13,484,pruned_before,nan,0.000000e+00,0.000000e+00,0.0000,0.0000,0
48,features.13,485,active,-0.182171,1.254549e-07,3.324599e-06,0.7519,0.3876,201
48,features.13,486,pruned_before,nan,0.000000e+00,0.000000e+00,0.0000,0.0000,0
48,features.13,487,pruned_before,nan,0.000000e+00,0.000000e+00,0.0000,0.0000,0
48,features.13,488,pruned_before,nan,0.000000e+00,0.000000e+00,0.0000,0.0000,0
48,features.13,489,pruned_before,nan,0.000000e+00,0.000000e+00,0.0000,0.0000,0
48,features.13,490,active,0.046512,8.480308e-08,1.080934e-05,0.6822,0.7752,201
48,features.13,491,pruned_before,nan,0.000000e+00,0.000000e+00,0.0000,0.0000,0
48,features.13,492,pruned_before,nan,0.000000e+00,0.000000e+00,0.0000,0.0000,0
48,features.13,493,active,-0.027132,1.556561e-08,5.709163e-07,0.1783,0.1240,201
48,features.13,494,active,0.294574,2.062136e-08,1.537940e-05,0.2403,0.8295,201
48,features.13,495,pruned_before,nan,0.000000e+00,0.000000e+00,0.0000,0.0000,0
48,features.13,496,active,-0.077519,5.111511e-08,2.731038e-06,0.5116,0.3566,201
48,features.13,497,pruned_before,nan,0.000000e+00,0.000000e+00,0.0000,0.0000,0
48,features.13,498,pruned_before,nan,0.000000e+00,0.000000e+00,0.0000,0.0000,0
48,features.13,499,pruned_before,nan,0.000000e+00,0.000000e+00,0.0000,0.0000,0
48,features.13,500,active,-0.027132,6.478555e-08,5.201588e-06,0.5891,0.5349,201
48,features.13,501,pruned_before,nan,0.000000e+00,0.000000e+00,0.0000,0.0000,0
48,features.13,502,pruned_before,nan,0.000000e+00,0.000000e+00,0.0000,0.0000,0
48,features.13,503,pruned_before,nan,0.000000e+00,0.000000e+00,0.0000,0.0000,0
48,features.13,504,active,0.081395,5.352354e-08,8.502177e-06,0.5194,0.6822,201
48,features.13,505,pruned_before,nan,0.000000e+00,0.000000e+00,0.0000,0.0000,0
48,features.13,506,active,0.298450,7.046940e-09,8.697084e-06,0.1008,0.6977,201
48,features.13,507,pruned_before,nan,0.000000e+00,0.000000e+00,0.0000,0.0000,0
48,features.13,508,pruned_before,nan,0.000000e+00,0.000000e+00,0.0000,0.0000,0
48,features.13,509,pruned_before,nan,0.000000e+00,0.000000e+00,0.0000,0.0000,0
48,features.13,510,pruned_before,nan,0.000000e+00,0.000000e+00,0.0000,0.0000,0
48,features.13,511,pruned_before,nan,0.000000e+00,0.000000e+00,0.0000,0.0000,0
48,features.13,512,pruned_before,nan,0.000000e+00,0.000000e+00,0.0000,0.0000,0
48,features.13,513,pruned_before,nan,0.000000e+00,0.000000e+00,0.0000,0.0000,0
48,features.13,514,pruned_before,nan,0.000000e+00,0.000000e+00,0.0000,0.0000,0
48,features.13,515,pruned_before,nan,0.000000e+00,0.000000e+00,0.0000,0.0000,0
48,features.13,516,pruned_before,nan,0.000000e+00,0.000000e+00,0.0000,0.0000,0
48,features.13,517,pruned_before,nan,0.000000e+00,0.000000e+00,0.0000,0.0000,0
48,features.13,518,pruned_before,nan,0.000000e+00,0.000000e+00,0.0000,0.0000,0
48,features.13,519,pruned_before,nan,0.000000e+00,0.000000e+00,0.0000,0.0000,0
48,features.13,520,pruned_before,nan,0.000000e+00,0.000000e+00,0.0000,0.0000,0
48,features.13,521,pruned_before,nan,0.000000e+00,0.000000e+00,0.0000,0.0000,0
48,features.13,522,active,-0.042636,2.528010e-07,1.617408e-05,0.9380,0.8527,201
48,features.13,523,pruned_before,nan,0.000000e+00,0.000000e+00,0.0000,0.0000,0
48,features.13,524,pruned_before,nan,0.000000e+00,0.000000e+00,0.0000,0.0000,0
48,features.13,525,pruned_before,nan,0.000000e+00,0.000000e+00,0.0000,0.0000,0
48,features.13,526,pruned_before,nan,0.000000e+00,0.000000e+00,0.0000,0.0000,0
48,features.13,527,pruned_before,nan,0.000000e+00,0.000000e+00,0.0000,0.0000,0
48,features.13,528,pruned_before,nan,0.000000e+00,0.000000e+00,0.0000,0.0000,0
48,features.13,529,pruned_before,nan,0.000000e+00,0.000000e+00,0.0000,0.0000,0
48,features.13,530,pruned_before,nan,0.000000e+00,0.000000e+00,0.0000,0.0000,0
48,features.13,531,active,0.228682,2.428036e-08,9.347882e-06,0.2868,0.7442,201
48,features.13,532,pruned_before,nan,0.000000e+00,0.000000e+00,0.0000,0.0000,0
48,features.13,533,pruned_before,nan,0.000000e+00,0.000000e+00,0.0000,0.0000,0
48,features.13,534,active,0.000000,0.000000e+00,0.000000e+00,0.0000,0.0000,201
48,features.13,535,pruned_before,nan,0.000000e+00,0.000000e+00,0.0000,0.0000,0
48,features.13,536,pruned_before,nan,0.000000e+00,0.000000e+00,0.0000,0.0000,0
48,features.13,537,pruned_before,nan,0.000000e+00,0.000000e+00,0.0000,0.0000,0
48,features.13,538,pruned_before,nan,0.000000e+00,0.000000e+00,0.0000,0.0000,0
48,features.13,539,pruned_before,nan,0.000000e+00,0.000000e+00,0.0000,0.0000,0
48,features.13,540,pruned_before,nan,0.000000e+00,0.000000e+00,0.0000,0.0000,0
48,features.13,541,active,-0.151163,1.385771e-07,5.013735e-06,0.8140,0.5116,201
48,features.13,542,pruned_before,nan,0.000000e+00,0.000000e+00,0.0000,0.0000,0
48,features.13,543,pruned_before,nan,0.000000e+00,0.000000e+00,0.0000,0.0000,0
48,features.13,544,active,0.000000,0.000000e+00,0.000000e+00,0.0310,0.0310,201
48,features.13,545,pruned_before,nan,0.000000e+00,0.000000e+00,0.0000,0.0000,0
48,features.13,546,pruned_before,nan,0.000000e+00,0.000000e+00,0.0000,0.0000,0
48,features.13,547,pruned_before,nan,0.000000e+00,0.000000e+00,0.0000,0.0000,0
48,features.13,548,pruned_before,nan,0.000000e+00,0.000000e+00,0.0000,0.0000,0
48,features.13,549,active,0.038760,2.379653e-07,5.323164e-05,0.9147,0.9922,201
48,features.13,550,pruned_before,nan,0.000000e+00,0.000000e+00,0.0000,0.0000,0
48,features.13,551,pruned_before,nan,0.000000e+00,0.000000e+00,0.0000,0.0000,0
48,features.13,552,pruned_before,nan,0.000000e+00,0.000000e+00,0.0000,0.0000,0
48,features.13,553,pruned_before,nan,0.000000e+00,0.000000e+00,0.0000,0.0000,0
48,features.13,554,pruned_before,nan,0.000000e+00,0.000000e+00,0.0000,0.0000,0
48,features.13,555,pruned_before,nan,0.000000e+00,0.000000e+00,0.0000,0.0000,0
48,features.13,556,pruned_before,nan,0.000000e+00,0.000000e+00,0.0000,0.0000,0
48,features.13,557,pruned_before,nan,0.000000e+00,0.000000e+00,0.0000,0.0000,0
48,features.13,558,pruned_before,nan,0.000000e+00,0.000000e+00,0.0000,0.0000,0
48,features.13,559,pruned_before,nan,0.000000e+00,0.000000e+00,0.0000,0.0000,0
48,features.13,560,pruned_before,nan,0.000000e+00,0.000000e+00,0.0000,0.0000,0
48,features.13,561,pruned_before,nan,0.000000e+00,0.000000e+00,0.0000,0.0000,0
48,features.13,562,active,0.383721,1.619252e-08,3.866390e-05,0.2016,0.9690,201
48,features.13,563,pruned_before,nan,0.000000e+00,0.000000e+00,0.0000,0.0000,0
48,features.13,564,pruned_before,nan,0.000000e+00,0.000000e+00,0.0000,0.0000,0
48,features.13,565,active,-0.034884,2.128885e-08,9.683766e-07,0.2558,0.1860,201
48,features.13,566,pruned_before,nan,0.000000e+00,0.000000e+00,0.0000,0.0000,0
48,features.13,567,pruned_before,nan,0.000000e+00,0.000000e+00,0.0000,0.0000,0
48,features.13,568,pruned_before,nan,0.000000e+00,0.000000e+00,0.0000,0.0000,0
48,features.13,569,pruned_before,nan,0.000000e+00,0.000000e+00,0.0000,0.0000,0
48,features.13,570,pruned_before,nan,0.000000e+00,0.000000e+00,0.0000,0.0000,0
48,features.13,571,active,0.081395,1.129401e-07,2.082656e-05,0.7364,0.8992,201
48,features.13,572,pruned_before,nan,0.000000e+00,0.000000e+00,0.0000,0.0000,0
48,features.13,573,pruned_before,nan,0.000000e+00,0.000000e+00,0.0000,0.0000,0
48,features.13,574,pruned_before,nan,0.000000e+00,0.000000e+00,0.0000,0.0000,0
48,features.13,575,pruned_before,nan,0.000000e+00,0.000000e+00,0.0000,0.0000,0
48,features.14,0,pruned_before,nan,0.000000e+00,0.000000e+00,0.0000,0.0000,0
48,features.14,1,pruned_before,nan,0.000000e+00,0.000000e+00,0.0000,0.0000,0
48,features.14,2,pruned_before,nan,0.000000e+00,0.000000e+00,0.0000,0.0000,0
48,features.14,3,pruned_before,nan,0.000000e+00,0.000000e+00,0.0000,0.0000,0
48,features.14,4,pruned_before,nan,0.000000e+00,0.000000e+00,0.0000,0.0000,0
48,features.14,5,pruned_before,nan,0.000000e+00,0.000000e+00,0.0000,0.0000,0
48,features.14,6,pruned_before,nan,0.000000e+00,0.000000e+00,0.0000,0.0000,0
48,features.14,7,pruned_before,nan,0.000000e+00,0.000000e+00,0.0000,0.0000,0
48,features.14,8,pruned_before,nan,0.000000e+00,0.000000e+00,0.0000,0.0000,0
48,features.14,9,pruned_before,nan,0.000000e+00,0.000000e+00,0.0000,0.0000,0
48,features.14,10,pruned_before,nan,0.000000e+00,0.000000e+00,0.0000,0.0000,0
48,features.14,11,pruned_before,nan,0.000000e+00,0.000000e+00,0.0000,0.0000,0
48,features.14,12,pruned_before,nan,0.000000e+00,0.000000e+00,0.0000,0.0000,0
48,features.14,13,active,0.031579,1.315422e-06,1.119174e-05,0.3789,0.4421,265
48,features.14,14,pruned_before,nan,0.000000e+00,0.000000e+00,0.0000,0.0000,0
48,features.14,15,pruned_before,nan,0.000000e+00,0.000000e+00,0.0000,0.0000,0
48,features.14,16,active,0.084211,2.664887e-06,1.666564e-05,0.5684,0.7368,265
48,features.14,17,active,-0.094737,4.161080e-06,1.314057e-05,0.7684,0.5789,265
48,features.14,18,pruned_before,nan,0.000000e+00,0.000000e+00,0.0000,0.0000,0
48,features.14,19,pruned_before,nan,0.000000e+00,0.000000e+00,0.0000,0.0000,0
48,features.14,20,active,-0.010526,7.029329e-06,2.398121e-05,0.8737,0.8526,265
48,features.14,21,pruned_before,nan,0.000000e+00,0.000000e+00,0.0000,0.0000,0
48,features.14,22,pruned_before,nan,0.000000e+00,0.000000e+00,0.0000,0.0000,0
48,features.14,23,pruned_before,nan,0.000000e+00,0.000000e+00,0.0000,0.0000,0
48,features.14,24,pruned_before,nan,0.000000e+00,0.000000e+00,0.0000,0.0000,0
48,features.14,25,active,0.026316,6.212061e-06,3.149403e-05,0.8632,0.9158,265
48,features.14,26,pruned_before,nan,0.000000e+00,0.000000e+00,0.0000,0.0000,0
48,features.14,27,pruned_before,nan,0.000000e+00,0.000000e+00,0.0000,0.0000,0
48,features.14,28,active,0.036842,5.697804e-06,2.760299e-05,0.8105,0.8842,265
48,features.14,29,pruned_before,nan,0.000000e+00,0.000000e+00,0.0000,0.0000,0
48,features.14,30,pruned_before,nan,0.000000e+00,0.000000e+00,0.0000,0.0000,0
48,features.14,31,pruned_before,nan,0.000000e+00,0.000000e+00,0.0000,0.0000,0
48,features.14,32,pruned_before,nan,0.000000e+00,0.000000e+00,0.0000,0.0000,0
48,features.14,33,active,-0.089474,8.659968e-07,8.881452e-07,0.2947,0.1158,265
48,features.14,34,pruned_before,nan,0.000000e+00,0.000000e+00,0.0000,0.0000,0
48,features.14,35,pruned_before,nan,0.000000e+00,0.000000e+00,0.0000,0.0000,0
48,features.14,36,pruned_before,nan,0.000000e+00,0.000000e+00,0.0000,0.0000,0
48,features.14,37,pruned_before,nan,0.000000e+00,0.000000e+00,0.0000,0.0000,0
48,features.14,38,pruned_before,nan,0.000000e+00,0.000000e+00,0.0000,0.0000,0
48,features.14,39,pruned_before,nan,0.000000e+00,0.000000e+00,0.0000,0.0000,0
48,features.14,40,pruned_before,nan,0.000000e+00,0.000000e+00,0.0000,0.0000,0
48,features.14,41,active,-0.047368,9.702715e-06,2.325473e-05,0.9263,0.8316,265
48,features.14,42,pruned_before,nan,0.000000e+00,0.000000e+00,0.0000,0.0000,0
48,features.14,43,pruned_before,nan,0.000000e+00,0.000000e+00,0.0000,0.0000,0
48,features.14,44,pruned_before,nan,0.000000e+00,0.000000e+00,0.0000,0.0000,0
48,features.14,45,pruned_before,nan,0.000000e+00,0.000000e+00,0.0000,0.0000,0
48,features.14,46,pruned_before,nan,0.000000e+00,0.000000e+00,0.0000,0.0000,0
48,features.14,47,pruned_before,nan,0.000000e+00,0.000000e+00,0.0000,0.0000,0
48,features.14,48,pruned_before,nan,0.000000e+00,0.000000e+00,0.0000,0.0000,0
48,features.14,49,pruned_before,nan,0.000000e+00,0.000000e+00,0.0000,0.0000,0
48,features.14,50,pruned_before,nan,0.000000e+00,0.000000e+00,0.0000,0.0000,0
48,features.14,51,pruned_before,nan,0.000000e+00,0.000000e+00,0.0000,0.0000,0
48,features.14,52,active,-0.110526,3.939331e-06,1.247645e-05,0.7474,0.5263,265
48,features.14,53,pruned_before,nan,0.000000e+00,0.000000e+00,0.0000,0.0000,0
48,features.14,54,pruned_before,nan,0.000000e+00,0.000000e+00,0.0000,0.0000,0
48,features.14,55,pruned_before,nan,0.000000e+00,0.000000e+00,0.0000,0.0000,0
48,features.14,56,pruned_before,nan,0.000000e+00,0.000000e+00,0.0000,0.0000,0
48,features.14,57,active,-0.021053,8.851761e-06,2.457507e-05,0.9158,0.8737,265
48,features.14,58,pruned_before,nan,0.000000e+00,0.000000e+00,0.0000,0.0000,0
48,features.14,59,pruned_before,nan,0.000000e+00,0.000000e+00,0.0000,0.0000,0
48,features.14,60,pruned_before,nan,0.000000e+00,0.000000e+00,0.0000,0.0000,0
48,features.14,61,pruned_before,nan,0.000000e+00,0.000000e+00,0.0000,0.0000,0
48,features.14,62,pruned_before,nan,0.000000e+00,0.000000e+00,0.0000,0.0000,0
48,features.14,63,active,-0.163158,7.249906e-06,1.278040e-05,0.8842,0.5579,265
48,features.14,64,pruned_before,nan,0.000000e+00,0.000000e+00,0.0000,0.0000,0
48,features.14,65,pruned_before,nan,0.000000e+00,0.000000e+00,0.0000,0.0000,0
48,features.14,66,pruned_before,nan,0.000000e+00,0.000000e+00,0.0000,0.0000,0
48,features.14,67,pruned_before,nan,0.000000e+00,0.000000e+00,0.0000,0.0000,0
48,features.14,68,pruned_before,nan,0.000000e+00,0.000000e+00,0.0000,0.0000,0
48,features.14,69,active,-0.068421,8.312617e-06,1.838137e-05,0.9053,0.7684,265
48,features.14,70,active,-0.089474,3.041828e-06,1.137418e-05,0.6316,0.4526,265
48,features.14,71,pruned_before,nan,0.000000e+00,0.000000e+00,0.0000,0.0000,0
48,features.14,72,pruned_before,nan,0.000000e+00,0.000000e+00,0.0000,0.0000,0
48,features.14,73,pruned_before,nan,0.000000e+00,0.000000e+00,0.0000,0.0000,0
48,features.14,74,pruned_before,nan,0.000000e+00,0.000000e+00,0.0000,0.0000,0
48,features.14,75,pruned_before,nan,0.000000e+00,0.000000e+00,0.0000,0.0000,0
48,features.14,76,pruned_before,nan,0.000000e+00,0.000000e+00,0.0000,0.0000,0
48,features.14,77,pruned_before,nan,0.000000e+00,0.000000e+00,0.0000,0.0000,0
48,features.14,78,active,0.215789,3.668945e-07,1.296708e-05,0.1368,0.5684,265
48,features.14,79,pruned_before,nan,0.000000e+00,0.000000e+00,0.0000,0.0000,0
48,features.14,80,pruned_before,nan,0.000000e+00,0.000000e+00,0.0000,0.0000,0
48,features.14,81,pruned_before,nan,0.000000e+00,0.000000e+00,0.0000,0.0000,0
48,features.14,82,pruned_before,nan,0.000000e+00,0.000000e+00,0.0000,0.0000,0
48,features.14,83,active,-0.063158,5.040312e-07,5.030977e-07,0.1789,0.0526,265
48,features.14,84,pruned_before,nan,0.000000e+00,0.000000e+00,0.0000,0.0000,0
48,features.14,85,pruned_before,nan,0.000000e+00,0.000000e+00,0.0000,0.0000,0
48,features.14,86,active,0.100000,2.418402e-06,1.648748e-05,0.5263,0.7263,265
48,features.14,87,pruned_before,nan,0.000000e+00,0.000000e+00,0.0000,0.0000,0
48,features.14,88,pruned_before,nan,0.000000e+00,0.000000e+00,0.0000,0.0000,0
48,features.14,89,pruned_before,nan,0.000000e+00,0.000000e+00,0.0000,0.0000,0
48,features.14,90,pruned_before,nan,0.000000e+00,0.000000e+00,0.0000,0.0000,0
48,features.14,91,active,-0.110526,7.456421e-07,4.148059e-07,0.2421,0.0211,265
48,features.14,92,pruned_before,nan,0.000000e+00,0.000000e+00,0.0000,0.0000,0
48,features.14,93,pruned_before,nan,0.000000e+00,0.000000e+00,0.0000,0.0000,0
48,features.14,94,pruned_before,nan,0.000000e+00,0.000000e+00,0.0000,0.0000,0
48,features.14,95,pruned_before,nan,0.000000e+00,0.000000e+00,0.0000,0.0000,0
48,features.14,96,pruned_before,nan,0.000000e+00,0.000000e+00,0.0000,0.0000,0
48,features.14,97,pruned_before,nan,0.000000e+00,0.000000e+00,0.0000,0.0000,0
48,features.14,98,pruned_before,nan,0.000000e+00,0.000000e+00,0.0000,0.0000,0
48,features.14,99,pruned_before,nan,0.000000e+00,0.000000e+00,0.0000,0.0000,0
48,features.14,100,pruned_before,nan,0.000000e+00,0.000000e+00,0.0000,0.0000,0
48,features.14,101,pruned_before,nan,0.000000e+00,0.000000e+00,0.0000,0.0000,0
48,features.14,102,pruned_before,nan,0.000000e+00,0.000000e+00,0.0000,0.0000,0
48,features.14,103,active,0.005263,6.103438e-07,3.109814e-06,0.2105,0.2211,265
48,features.14,104,pruned_before,nan,0.000000e+00,0.000000e+00,0.0000,0.0000,0
48,features.14,105,pruned_before,nan,0.000000e+00,0.000000e+00,0.0000,0.0000,0
48,features.14,106,pruned_before,nan,0.000000e+00,0.000000e+00,0.0000,0.0000,0
48,features.14,107,pruned_before,nan,0.000000e+00,0.000000e+00,0.0000,0.0000,0
48,features.14,108,pruned_before,nan,0.000000e+00,0.000000e+00,0.0000,0.0000,0
48,features.14,109,active,0.015789,2.912457e-07,1.063776e-06,0.0947,0.1263,265
48,features.14,110,pruned_before,nan,0.000000e+00,0.000000e+00,0.0000,0.0000,0
48,features.14,111,active,0.015789,2.615757e-07,8.774916e-07,0.0737,0.1053,265
48,features.14,112,pruned_before,nan,0.000000e+00,0.000000e+00,0.0000,0.0000,0
48,features.14,113,pruned_before,nan,0.000000e+00,0.000000e+00,0.0000,0.0000,0
48,features.14,114,active,-0.031579,1.691499e-06,9.734142e-06,0.4421,0.3789,265
48,features.14,115,pruned_before,nan,0.000000e+00,0.000000e+00,0.0000,0.0000,0
48,features.14,116,pruned_before,nan,0.000000e+00,0.000000e+00,0.0000,0.0000,0
48,features.14,117,pruned_before,nan,0.000000e+00,0.000000e+00,0.0000,0.0000,0
48,features.14,118,pruned_before,nan,0.000000e+00,0.000000e+00,0.0000,0.0000,0
48,features.14,119,pruned_before,nan,0.000000e+00,0.000000e+00,0.0000,0.0000,0
48,features.14,120,pruned_before,nan,0.000000e+00,0.000000e+00,0.0000,0.0000,0
48,features.14,121,active,0.331579,7.894407e-07,3.600231e-05,0.2632,0.9263,265
48,features.14,122,active,0.026316,3.250242e-07,1.198118e-06,0.1053,0.1579,265
48,features.14,123,pruned_before,nan,0.000000e+00,0.000000e+00,0.0000,0.0000,0
48,features.14,124,pruned_before,nan,0.000000e+00,0.000000e+00,0.0000,0.0000,0
48,features.14,125,pruned_before,nan,0.000000e+00,0.000000e+00,0.0000,0.0000,0
48,features.14,126,pruned_before,nan,0.000000e+00,0.000000e+00,0.0000,0.0000,0
48,features.14,127,pruned_before,nan,0.000000e+00,0.000000e+00,0.0000,0.0000,0
48,features.14,128,pruned_before,nan,0.000000e+00,0.000000e+00,0.0000,0.0000,0
48,features.14,129,pruned_before,nan,0.000000e+00,0.000000e+00,0.0000,0.0000,0
48,features.14,130,pruned_before,nan,0.000000e+00,0.000000e+00,0.0000,0.0000,0
48,features.14,131,pruned_before,nan,0.000000e+00,0.000000e+00,0.0000,0.0000,0
48,features.14,132,pruned_before,nan,0.000000e+00,0.000000e+00,0.0000,0.0000,0
48,features.14,133,pruned_before,nan,0.000000e+00,0.000000e+00,0.0000,0.0000,0
48,features.14,134,active,-0.052632,1.229150e-06,5.136835e-06,0.3579,0.2526,265
48,features.14,135,pruned_before,nan,0.000000e+00,0.000000e+00,0.0000,0.0000,0
48,features.14,136,pruned_before,nan,0.000000e+00,0.000000e+00,0.0000,0.0000,0
48,features.14,137,pruned_before,nan,0.000000e+00,0.000000e+00,0.0000,0.0000,0
48,features.14,138,pruned_before,nan,0.000000e+00,0.000000e+00,0.0000,0.0000,0
48,features.14,139,pruned_before,nan,0.000000e+00,0.000000e+00,0.0000,0.0000,0
48,features.14,140,pruned_before,nan,0.000000e+00,0.000000e+00,0.0000,0.0000,0
48,features.14,141,pruned_before,nan,0.000000e+00,0.000000e+00,0.0000,0.0000,0
48,features.14,142,active,-0.005263,5.099728e-07,2.009143e-06,0.1895,0.1789,265
48,features.14,143,pruned_before,nan,0.000000e+00,0.000000e+00,0.0000,0.0000,0
48,features.14,144,pruned_before,nan,0.000000e+00,0.000000e+00,0.0000,0.0000,0
48,features.14,145,pruned_before,nan,0.000000e+00,0.000000e+00,0.0000,0.0000,0
48,features.14,146,pruned_before,nan,0.000000e+00,0.000000e+00,0.0000,0.0000,0
48,features.14,147,active,-0.089474,2.757825e-06,9.989850e-06,0.5789,0.4000,265
48,features.14,148,pruned_before,nan,0.000000e+00,0.000000e+00,0.0000,0.0000,0
48,features.14,149,pruned_before,nan,0.000000e+00,0.000000e+00,0.0000,0.0000,0
48,features.14,150,pruned_before,nan,0.000000e+00,0.000000e+00,0.0000,0.0000,0
48,features.14,151,pruned_before,nan,0.000000e+00,0.000000e+00,0.0000,0.0000,0
48,features.14,152,pruned_before,nan,0.000000e+00,0.000000e+00,0.0000,0.0000,0
48,features.14,153,pruned_before,nan,0.000000e+00,0.000000e+00,0.0000,0.0000,0
48,features.14,154,pruned_before,nan,0.000000e+00,0.000000e+00,0.0000,0.0000,0
48,features.14,155,pruned_before,nan,0.000000e+00,0.000000e+00,0.0000,0.0000,0
48,features.14,156,pruned_before,nan,0.000000e+00,0.000000e+00,0.0000,0.0000,0
48,features.14,157,pruned_before,nan,0.000000e+00,0.000000e+00,0.0000,0.0000,0
48,features.14,158,pruned_before,nan,0.000000e+00,0.000000e+00,0.0000,0.0000,0
48,features.14,159,pruned_before,nan,0.000000e+00,0.000000e+00,0.0000,0.0000,0
48,features.14,160,pruned_before,nan,0.000000e+00,0.000000e+00,0.0000,0.0000,0
48,features.14,161,pruned_before,nan,0.000000e+00,0.000000e+00,0.0000,0.0000,0
48,features.14,162,pruned_before,nan,0.000000e+00,0.000000e+00,0.0000,0.0000,0
48,features.14,163,pruned_before,nan,0.000000e+00,0.000000e+00,0.0000,0.0000,0
48,features.14,164,pruned_before,nan,0.000000e+00,0.000000e+00,0.0000,0.0000,0
48,features.14,165,pruned_before,nan,0.000000e+00,0.000000e+00,0.0000,0.0000,0
48,features.14,166,active,0.210526,7.586618e-07,1.586905e-05,0.2526,0.6737,265
48,features.14,167,pruned_before,nan,0.000000e+00,0.000000e+00,0.0000,0.0000,0
48,features.14,168,active,-0.063158,3.892283e-06,1.366539e-05,0.7368,0.6105,265
48,features.14,169,pruned_before,nan,0.000000e+00,0.000000e+00,0.0000,0.0000,0
48,features.14,170,pruned_before,nan,0.000000e+00,0.000000e+00,0.0000,0.0000,0
48,features.14,171,active,-0.068421,1.110116e-06,2.604804e-06,0.3368,0.2000,265
48,features.14,172,pruned_before,nan,0.000000e+00,0.000000e+00,0.0000,0.0000,0
48,features.14,173,pruned_before,nan,0.000000e+00,0.000000e+00,0.0000,0.0000,0
48,features.14,174,pruned_before,nan,0.000000e+00,0.000000e+00,0.0000,0.0000,0
48,features.14,175,pruned_before,nan,0.000000e+00,0.000000e+00,0.0000,0.0000,0
48,features.14,176,pruned_before,nan,0.000000e+00,0.000000e+00,0.0000,0.0000,0
48,features.14,177,active,0.010526,8.714742e-07,7.669613e-06,0.3053,0.3263,265
48,features.14,178,active,-0.100000,6.167623e-06,1.520630e-05,0.8526,0.6526,265
48,features.14,179,pruned_before,nan,0.000000e+00,0.000000e+00,0.0000,0.0000,0
48,features.14,180,active,0.078947,7.090897e-08,2.598003e-06,0.0316,0.1895,265
48,features.14,181,pruned_before,nan,0.000000e+00,0.000000e+00,0.0000,0.0000,0
48,features.14,182,pruned_before,nan,0.000000e+00,0.000000e+00,0.0000,0.0000,0
48,features.14,183,pruned_before,nan,0.000000e+00,0.000000e+00,0.0000,0.0000,0
48,features.14,184,pruned_before,nan,0.000000e+00,0.000000e+00,0.0000,0.0000,0
48,features.14,185,pruned_before,nan,0.000000e+00,0.000000e+00,0.0000,0.0000,0
48,features.14,186,pruned_before,nan,0.000000e+00,0.000000e+00,0.0000,0.0000,0
48,features.14,187,pruned_before,nan,0.000000e+00,0.000000e+00,0.0000,0.0000,0
48,features.14,188,pruned_before,nan,0.000000e+00,0.000000e+00,0.0000,0.0000,0
48,features.14,189,pruned_before,nan,0.000000e+00,0.000000e+00,0.0000,0.0000,0
48,features.14,190,pruned_before,nan,0.000000e+00,0.000000e+00,0.0000,0.0000,0
48,features.14,191,pruned_before,nan,0.000000e+00,0.000000e+00,0.0000,0.0000,0
48,features.14,192,pruned_before,nan,0.000000e+00,0.000000e+00,0.0000,0.0000,0
48,features.14,193,pruned_before,nan,0.000000e+00,0.000000e+00,0.0000,0.0000,0
48,features.14,194,pruned_before,nan,0.000000e+00,0.000000e+00,0.0000,0.0000,0
48,features.14,195,pruned_before,nan,0.000000e+00,0.000000e+00,0.0000,0.0000,0
48,features.14,196,active,-0.157895,3.458659e-06,8.790373e-06,0.6842,0.3684,265
48,features.14,197,pruned_before,nan,0.000000e+00,0.000000e+00,0.0000,0.0000,0
48,features.14,198,pruned_before,nan,0.000000e+00,0.000000e+00,0.0000,0.0000,0
48,features.14,199,pruned_before,nan,0.000000e+00,0.000000e+00,0.0000,0.0000,0
48,features.14,200,pruned_before,nan,0.000000e+00,0.000000e+00,0.0000,0.0000,0
48,features.14,201,pruned_before,nan,0.000000e+00,0.000000e+00,0.0000,0.0000,0
48,features.14,202,pruned_before,nan,0.000000e+00,0.000000e+00,0.0000,0.0000,0
48,features.14,203,pruned_before,nan,0.000000e+00,0.000000e+00,0.0000,0.0000,0
48,features.14,204,active,0.026316,3.515935e-07,1.860654e-06,0.1158,0.1684,265
48,features.14,205,pruned_before,nan,0.000000e+00,0.000000e+00,0.0000,0.0000,0
48,features.14,206,pruned_before,nan,0.000000e+00,0.000000e+00,0.0000,0.0000,0
48,features.14,207,pruned_before,nan,0.000000e+00,0.000000e+00,0.0000,0.0000,0
48,features.14,208,pruned_before,nan,0.000000e+00,0.000000e+00,0.0000,0.0000,0
48,features.14,209,pruned_before,nan,0.000000e+00,0.000000e+00,0.0000,0.0000,0
48,features.14,210,pruned_before,nan,0.000000e+00,0.000000e+00,0.0000,0.0000,0
48,features.14,211,pruned_before,nan,0.000000e+00,0.000000e+00,0.0000,0.0000,0
48,features.14,212,pruned_before,nan,0.000000e+00,0.000000e+00,0.0000,0.0000,0
48,features.14,213,active,0.294737,1.337501e-06,7.903530e-05,0.3895,0.9789,265
48,features.14,214,pruned_before,nan,0.000000e+00,0.000000e+00,0.0000,0.0000,0
48,features.14,215,pruned_before,nan,0.000000e+00,0.000000e+00,0.0000,0.0000,0
48,features.14,216,pruned_before,nan,0.000000e+00,0.000000e+00,0.0000,0.0000,0
48,features.14,217,active,-0.015789,2.380537e-07,4.262204e-07,0.0632,0.0316,265
48,features.14,218,active,-0.136842,1.319829e-05,1.600859e-05,0.9684,0.6947,265
48,features.14,219,active,0.015789,1.495629e-07,8.620765e-07,0.0526,0.0842,265
48,features.14,220,pruned_before,nan,0.000000e+00,0.000000e+00,0.0000,0.0000,0
48,features.14,221,active,-0.084211,1.729804e-06,6.296446e-06,0.4526,0.2842,265
48,features.14,222,pruned_before,nan,0.000000e+00,0.000000e+00,0.0000,0.0000,0
48,features.14,223,pruned_before,nan,0.000000e+00,0.000000e+00,0.0000,0.0000,0
48,features.14,224,pruned_before,nan,0.000000e+00,0.000000e+00,0.0000,0.0000,0
48,features.14,225,pruned_before,nan,0.000000e+00,0.000000e+00,0.0000,0.0000,0
48,features.14,226,pruned_before,nan,0.000000e+00,0.000000e+00,0.0000,0.0000,0
48,features.14,227,pruned_before,nan,0.000000e+00,0.000000e+00,0.0000,0.0000,0
48,features.14,228,pruned_before,nan,0.000000e+00,0.000000e+00,0.0000,0.0000,0
48,features.14,229,pruned_before,nan,0.000000e+00,0.000000e+00,0.0000,0.0000,0
48,features.14,230,pruned_before,nan,0.000000e+00,0.000000e+00,0.0000,0.0000,0
48,features.14,231,pruned_before,nan,0.000000e+00,0.000000e+00,0.0000,0.0000,0
48,features.14,232,active,-0.021053,5.763794e-06,1.906033e-05,0.8211,0.7789,265
48,features.14,233,pruned_before,nan,0.000000e+00,0.000000e+00,0.0000,0.0000,0
48,features.14,234,pruned_before,nan,0.000000e+00,0.000000e+00,0.0000,0.0000,0
48,features.14,235,pruned_before,nan,0.000000e+00,0.000000e+00,0.0000,0.0000,0
48,features.14,236,active,-0.021053,2.643998e-07,5.016581e-07,0.0842,0.0421,265
48,features.14,237,pruned_before,nan,0.000000e+00,0.000000e+00,0.0000,0.0000,0
48,features.14,238,pruned_before,nan,0.000000e+00,0.000000e+00,0.0000,0.0000,0
48,features.14,239,pruned_before,nan,0.000000e+00,0.000000e+00,0.0000,0.0000,0
48,features.14,240,pruned_before,nan,0.000000e+00,0.000000e+00,0.0000,0.0000,0
48,features.14,241,pruned_before,nan,0.000000e+00,0.000000e+00,0.0000,0.0000,0
48,features.14,242,pruned_before,nan,0.000000e+00,0.000000e+00,0.0000,0.0000,0
48,features.14,243,active,-0.115789,1.277044e-06,1.077432e-06,0.3684,0.1368,265
48,features.14,244,pruned_before,nan,0.000000e+00,0.000000e+00,0.0000,0.0000,0
48,features.14,245,pruned_before,nan,0.000000e+00,0.000000e+00,0.0000,0.0000,0
48,features.14,246,pruned_before,nan,0.000000e+00,0.000000e+00,0.0000,0.0000,0
48,features.14,247,pruned_before,nan,0.000000e+00,0.000000e+00,0.0000,0.0000,0
48,features.14,248,pruned_before,nan,0.000000e+00,0.000000e+00,0.0000,0.0000,0
48,features.14,249,pruned_before,nan,0.000000e+00,0.000000e+00,0.0000,0.0000,0
48,features.14,250,pruned_before,nan,0.000000e+00,0.000000e+00,0.0000,0.0000,0
48,features.14,251,pruned_before,nan,0.000000e+00,0.000000e+00,0.0000,0.0000,0
48,features.14,252,pruned_before,nan,0.000000e+00,0.000000e+00,0.0000,0.0000,0
48,features.14,253,pruned_before,nan,0.000000e+00,0.000000e+00,0.0000,0.0000,0
48,features.14,254,pruned_before,nan,0.000000e+00,0.000000e+00,0.0000,0.0000,0
48,features.14,255,active,-0.110526,2.206009e-06,4.181892e-06,0.4632,0.2421,265
48,features.14,256,active,-0.021053,1.601430e-05,3.673046e-05,0.9789,0.9368,265
48,features.14,257,pruned_before,nan,0.000000e+00,0.000000e+00,0.0000,0.0000,0
48,features.14,258,pruned_before,nan,0.000000e+00,0.000000e+00,0.0000,0.0000,0
48,features.14,259,active,0.210526,4.482619e-07,1.333733e-05,0.1684,0.5895,265
48,features.14,260,pruned_before,nan,0.000000e+00,0.000000e+00,0.0000,0.0000,0
48,features.14,261,pruned_before,nan,0.000000e+00,0.000000e+00,0.0000,0.0000,0
48,features.14,262,active,0.231579,1.192864e-06,2.138426e-05,0.3474,0.8105,265
48,features.14,263,pruned_before,nan,0.000000e+00,0.000000e+00,0.0000,0.0000,0
48,features.14,264,active,0.157895,3.165436e-06,6.255504e-05,0.6526,0.9684,265
48,features.14,265,pruned_before,nan,0.000000e+00,0.000000e+00,0.0000,0.0000,0
48,features.14,266,pruned_before,nan,0.000000e+00,0.000000e+00,0.0000,0.0000,0
48,features.14,267,protected,0.400000,5.966075e-07,2.211375e-04,0.2000,1.0000,265
48,features.14,268,pruned_before,nan,0.000000e+00,0.000000e+00,0.0000,0.0000,0
48,features.14,269,pruned_before,nan,0.000000e+00,0.000000e+00,0.0000,0.0000,0
48,features.14,270,pruned_before,nan,0.000000e+00,0.000000e+00,0.0000,0.0000,0
48,features.14,271,pruned_before,nan,0.000000e+00,0.000000e+00,0.0000,0.0000,0
48,features.14,272,pruned_before,nan,0.000000e+00,0.000000e+00,0.0000,0.0000,0
48,features.14,273,pruned_before,nan,0.000000e+00,0.000000e+00,0.0000,0.0000,0
48,features.14,274,active,-0.105263,3.706096e-06,1.188430e-05,0.7263,0.5158,265
48,features.14,275,pruned_before,nan,0.000000e+00,0.000000e+00,0.0000,0.0000,0
48,features.14,276,pruned_before,nan,0.000000e+00,0.000000e+00,0.0000,0.0000,0
48,features.14,277,pruned_before,nan,0.000000e+00,0.000000e+00,0.0000,0.0000,0
48,features.14,278,pruned_before,nan,0.000000e+00,0.000000e+00,0.0000,0.0000,0
48,features.14,279,pruned_before,nan,0.000000e+00,0.000000e+00,0.0000,0.0000,0
48,features.14,280,pruned_before,nan,0.000000e+00,0.000000e+00,0.0000,0.0000,0
48,features.14,281,pruned_before,nan,0.000000e+00,0.000000e+00,0.0000,0.0000,0
48,features.14,282,pruned_before,nan,0.000000e+00,0.000000e+00,0.0000,0.0000,0
48,features.14,283,pruned_before,nan,0.000000e+00,0.000000e+00,0.0000,0.0000,0
48,features.14,284,pruned_before,nan,0.000000e+00,0.000000e+00,0.0000,0.0000,0
48,features.14,285,pruned_before,nan,0.000000e+00,0.000000e+00,0.0000,0.0000,0
48,features.14,286,pruned_before,nan,0.000000e+00,0.000000e+00,0.0000,0.0000,0
48,features.14,287,pruned_before,nan,0.000000e+00,0.000000e+00,0.0000,0.0000,0
48,features.14,288,pruned_before,nan,0.000000e+00,0.000000e+00,0.0000,0.0000,0
48,features.14,289,pruned_before,nan,0.000000e+00,0.000000e+00,0.0000,0.0000,0
48,features.14,290,pruned_before,nan,0.000000e+00,0.000000e+00,0.0000,0.0000,0
48,features.14,291,pruned_before,nan,0.000000e+00,0.000000e+00,0.0000,0.0000,0
48,features.14,292,pruned_before,nan,0.000000e+00,0.000000e+00,0.0000,0.0000,0
48,features.14,293,pruned_before,nan,0.000000e+00,0.000000e+00,0.0000,0.0000,0
48,features.14,294,pruned_before,nan,0.000000e+00,0.000000e+00,0.0000,0.0000,0
48,features.14,295,pruned_before,nan,0.000000e+00,0.000000e+00,0.0000,0.0000,0
48,features.14,296,pruned_before,nan,0.000000e+00,0.000000e+00,0.0000,0.0000,0
48,features.14,297,pruned_before,nan,0.000000e+00,0.000000e+00,0.0000,0.0000,0
48,features.14,298,active,-0.184211,3.244654e-06,6.445759e-06,0.6632,0.2947,265
48,features.14,299,pruned_before,nan,0.000000e+00,0.000000e+00,0.0000,0.0000,0
48,features.14,300,pruned_before,nan,0.000000e+00,0.000000e+00,0.0000,0.0000,0
48,features.14,301,pruned_before,nan,0.000000e+00,0.000000e+00,0.0000,0.0000,0
48,features.14,302,pruned_before,nan,0.000000e+00,0.000000e+00,0.0000,0.0000,0
48,features.14,303,pruned_before,nan,0.000000e+00,0.000000e+00,0.0000,0.0000,0
48,features.14,304,active,-0.005263,2.398870e-08,2.666362e-11,0.0211,0.0105,265
48,features.14,305,pruned_before,nan,0.000000e+00,0.000000e+00,0.0000,0.0000,0
48,features.14,306,pruned_before,nan,0.000000e+00,0.000000e+00,0.0000,0.0000,0
48,features.14,307,pruned_before,nan,0.000000e+00,0.000000e+00,0.0000,0.0000,0
48,features.14,308,pruned_before,nan,0.000000e+00,0.000000e+00,0.0000,0.0000,0
48,features.14,309,pruned_before,nan,0.000000e+00,0.000000e+00,0.0000,0.0000,0
48,features.14,310,pruned_before,nan,0.000000e+00,0.000000e+00,0.0000,0.0000,0
48,features.14,311,active,0.052632,3.647294e-06,2.172550e-05,0.7158,0.8211,265
48,features.14,312,pruned_before,nan,0.000000e+00,0.000000e+00,0.0000,0.0000,0
48,features.14,313,active,-0.036842,1.596351e-06,8.187867e-06,0.4211,0.3474,265
48,features.14,314,pruned_before,nan,0.000000e+00,0.000000e+00,0.0000,0.0000,0
48,features.14,315,pruned_before,nan,0.000000e+00,0.000000e+00,0.0000,0.0000,0
48,features.14,316,active,0.031579,3.845353e-07,2.613903e-06,0.1474,0.2105,265
48,features.14,317,pruned_before,nan,0.000000e+00,0.000000e+00,0.0000,0.0000,0
48,features.14,318,active,-0.126316,9.795419e-07,6.117992e-07,0.3158,0.0632,265
48,features.14,319,pruned_before,nan,0.000000e+00,0.000000e+00,0.0000,0.0000,0
48,features.14,320,pruned_before,nan,0.000000e+00,0.000000e+00,0.0000,0.0000,0
48,features.14,321,pruned_before,nan,0.000000e+00,0.000000e+00,0.0000,0.0000,0
48,features.14,322,pruned_before,nan,0.000000e+00,0.000000e+00,0.0000,0.0000,0
48,features.14,323,active,-0.157895,5.573664e-06,1.160761e-05,0.8000,0.4842,265
48,features.14,324,pruned_before,nan,0.000000e+00,0.000000e+00,0.0000,0.0000,0
48,features.14,325,pruned_before,nan,0.000000e+00,0.000000e+00,0.0000,0.0000,0
48,features.14,326,pruned_before,nan,0.000000e+00,0.000000e+00,0.0000,0.0000,0
48,features.14,327,pruned_before,nan,0.000000e+00,0.000000e+00,0.0000,0.0000,0
48,features.14,328,pruned_before,nan,0.000000e+00,0.000000e+00,0.0000,0.0000,0
48,features.14,329,pruned_before,nan,0.000000e+00,0.000000e+00,0.0000,0.0000,0
48,features.14,330,pruned_before,nan,0.000000e+00,0.000000e+00,0.0000,0.0000,0
48,features.14,331,pruned_before,nan,0.000000e+00,0.000000e+00,0.0000,0.0000,0
48,features.14,332,pruned_before,nan,0.000000e+00,0.000000e+00,0.0000,0.0000,0
48,features.14,333,active,0.173684,1.361976e-06,1.795166e-05,0.4000,0.7474,265
48,features.14,334,active,0.015789,8.126124e-07,7.253923e-06,0.2737,0.3053,265
48,features.14,335,pruned_before,nan,0.000000e+00,0.000000e+00,0.0000,0.0000,0
48,features.14,336,pruned_before,nan,0.000000e+00,0.000000e+00,0.0000,0.0000,0
48,features.14,337,pruned_before,nan,0.000000e+00,0.000000e+00,0.0000,0.0000,0
48,features.14,338,pruned_before,nan,0.000000e+00,0.000000e+00,0.0000,0.0000,0
48,features.14,339,pruned_before,nan,0.000000e+00,0.000000e+00,0.0000,0.0000,0
48,features.14,340,pruned_before,nan,0.000000e+00,0.000000e+00,0.0000,0.0000,0
48,features.14,341,pruned_before,nan,0.000000e+00,0.000000e+00,0.0000,0.0000,0
48,features.14,342,pruned_before,nan,0.000000e+00,0.000000e+00,0.0000,0.0000,0
48,features.14,343,pruned_before,nan,0.000000e+00,0.000000e+00,0.0000,0.0000,0
48,features.14,344,pruned_before,nan,0.000000e+00,0.000000e+00,0.0000,0.0000,0
48,features.14,345,pruned_before,nan,0.000000e+00,0.000000e+00,0.0000,0.0000,0
48,features.14,346,pruned_before,nan,0.000000e+00,0.000000e+00,0.0000,0.0000,0
48,features.14,347,pruned_before,nan,0.000000e+00,0.000000e+00,0.0000,0.0000,0
48,features.14,348,pruned_before,nan,0.000000e+00,0.000000e+00,0.0000,0.0000,0
48,features.14,349,active,0.000000,1.675993e-06,1.089274e-05,0.4316,0.4316,265
48,features.14,350,pruned_before,nan,0.000000e+00,0.000000e+00,0.0000,0.0000,0
48,features.14,351,pruned_before,nan,0.000000e+00,0.000000e+00,0.0000,0.0000,0
48,features.14,352,pruned_before,nan,0.000000e+00,0.000000e+00,0.0000,0.0000,0
48,features.14,353,pruned_before,nan,0.000000e+00,0.000000e+00,0.0000,0.0000,0
48,features.14,354,pruned_before,nan,0.000000e+00,0.000000e+00,0.0000,0.0000,0
48,features.14,355,pruned_before,nan,0.000000e+00,0.000000e+00,0.0000,0.0000,0
48,features.14,356,pruned_before,nan,0.000000e+00,0.000000e+00,0.0000,0.0000,0
48,features.14,357,pruned_before,nan,0.000000e+00,0.000000e+00,0.0000,0.0000,0
48,features.14,358,pruned_before,nan,0.000000e+00,0.000000e+00,0.0000,0.0000,0
48,features.14,359,pruned_before,nan,0.000000e+00,0.000000e+00,0.0000,0.0000,0
48,features.14,360,pruned_before,nan,0.000000e+00,0.000000e+00,0.0000,0.0000,0
48,features.14,361,pruned_before,nan,0.000000e+00,0.000000e+00,0.0000,0.0000,0
48,features.14,362,pruned_before,nan,0.000000e+00,0.000000e+00,0.0000,0.0000,0
48,features.14,363,pruned_before,nan,0.000000e+00,0.000000e+00,0.0000,0.0000,0
48,features.14,364,pruned_before,nan,0.000000e+00,0.000000e+00,0.0000,0.0000,0
48,features.14,365,pruned_before,nan,0.000000e+00,0.000000e+00,0.0000,0.0000,0
48,features.14,366,pruned_before,nan,0.000000e+00,0.000000e+00,0.0000,0.0000,0
48,features.14,367,active,-0.026316,1.093167e-05,2.977328e-05,0.9474,0.8947,265
48,features.14,368,pruned_before,nan,0.000000e+00,0.000000e+00,0.0000,0.0000,0
48,features.14,369,pruned_before,nan,0.000000e+00,0.000000e+00,0.0000,0.0000,0
48,features.14,370,active,0.331579,1.107509e-06,1.024517e-04,0.3263,0.9895,265
48,features.14,371,pruned_before,nan,0.000000e+00,0.000000e+00,0.0000,0.0000,0
48,features.14,372,pruned_before,nan,0.000000e+00,0.000000e+00,0.0000,0.0000,0
48,features.14,373,pruned_before,nan,0.000000e+00,0.000000e+00,0.0000,0.0000,0
48,features.14,374,pruned_before,nan,0.000000e+00,0.000000e+00,0.0000,0.0000,0
48,features.14,375,pruned_before,nan,0.000000e+00,0.000000e+00,0.0000,0.0000,0
48,features.14,376,pruned_before,nan,0.000000e+00,0.000000e+00,0.0000,0.0000,0
48,features.14,377,pruned_before,nan,0.000000e+00,0.000000e+00,0.0000,0.0000,0
48,features.14,378,pruned_before,nan,0.000000e+00,0.000000e+00,0.0000,0.0000,0
48,features.14,379,pruned_before,nan,0.000000e+00,0.000000e+00,0.0000,0.0000,0
48,features.14,380,pruned_before,nan,0.000000e+00,0.000000e+00,0.0000,0.0000,0
48,features.14,381,pruned_before,nan,0.000000e+00,0.000000e+00,0.0000,0.0000,0
48,features.14,382,pruned_before,nan,0.000000e+00,0.000000e+00,0.0000,0.0000,0
48,features.14,383,pruned_before,nan,0.000000e+00,0.000000e+00,0.0000,0.0000,0
48,features.14,384,pruned_before,nan,0.000000e+00,0.000000e+00,0.0000,0.0000,0
48,features.14,385,pruned_before,nan,0.000000e+00,0.000000e+00,0.0000,0.0000,0
48,features.14,386,pruned_before,nan,0.000000e+00,0.000000e+00,0.0000,0.0000,0
48,features.14,387,pruned_before,nan,0.000000e+00,0.000000e+00,0.0000,0.0000,0
48,features.14,388,pruned_before,nan,0.000000e+00,0.000000e+00,0.0000,0.0000,0
48,features.14,389,pruned_before,nan,0.000000e+00,0.000000e+00,0.0000,0.0000,0
48,features.14,390,pruned_before,nan,0.000000e+00,0.000000e+00,0.0000,0.0000,0
48,features.14,391,pruned_before,nan,0.000000e+00,0.000000e+00,0.0000,0.0000,0
48,features.14,392,pruned_before,nan,0.000000e+00,0.000000e+00,0.0000,0.0000,0
48,features.14,393,pruned_before,nan,0.000000e+00,0.000000e+00,0.0000,0.0000,0
48,features.14,394,pruned_before,nan,0.000000e+00,0.000000e+00,0.0000,0.0000,0
48,features.14,395,pruned_before,nan,0.000000e+00,0.000000e+00,0.0000,0.0000,0
48,features.14,396,pruned_before,nan,0.000000e+00,0.000000e+00,0.0000,0.0000,0
48,features.14,397,pruned_before,nan,0.000000e+00,0.000000e+00,0.0000,0.0000,0
48,features.14,398,pruned_before,nan,0.000000e+00,0.000000e+00,0.0000,0.0000,0
48,features.14,399,pruned_before,nan,0.000000e+00,0.000000e+00,0.0000,0.0000,0
48,features.14,400,pruned_before,nan,0.000000e+00,0.000000e+00,0.0000,0.0000,0
48,features.14,401,pruned_before,nan,0.000000e+00,0.000000e+00,0.0000,0.0000,0
48,features.14,402,active,0.268421,2.261414e-08,1.265871e-05,0.0105,0.5474,265
48,features.14,403,pruned_before,nan,0.000000e+00,0.000000e+00,0.0000,0.0000,0
48,features.14,404,pruned_before,nan,0.000000e+00,0.000000e+00,0.0000,0.0000,0
48,features.14,405,pruned_before,nan,0.000000e+00,0.000000e+00,0.0000,0.0000,0
48,features.14,406,pruned_before,nan,0.000000e+00,0.000000e+00,0.0000,0.0000,0
48,features.14,407,pruned_before,nan,0.000000e+00,0.000000e+00,0.0000,0.0000,0
48,features.14,408,pruned_before,nan,0.000000e+00,0.000000e+00,0.0000,0.0000,0
48,features.14,409,pruned_before,nan,0.000000e+00,0.000000e+00,0.0000,0.0000,0
48,features.14,410,active,-0.142105,2.401799e-06,3.716313e-06,0.5158,0.2316,265
48,features.14,411,active,-0.042105,7.386967e-07,1.174991e-06,0.2316,0.1474,265
48,features.14,412,pruned_before,nan,0.000000e+00,0.000000e+00,0.0000,0.0000,0
48,features.14,413,pruned_before,nan,0.000000e+00,0.000000e+00,0.0000,0.0000,0
48,features.14,414,pruned_before,nan,0.000000e+00,0.000000e+00,0.0000,0.0000,0
48,features.14,415,pruned_before,nan,0.000000e+00,0.000000e+00,0.0000,0.0000,0
48,features.14,416,pruned_before,nan,0.000000e+00,0.000000e+00,0.0000,0.0000,0
48,features.14,417,pruned_before,nan,0.000000e+00,0.000000e+00,0.0000,0.0000,0
48,features.14,418,pruned_before,nan,0.000000e+00,0.000000e+00,0.0000,0.0000,0
48,features.14,419,pruned_before,nan,0.000000e+00,0.000000e+00,0.0000,0.0000,0
48,features.14,420,pruned_before,nan,0.000000e+00,0.000000e+00,0.0000,0.0000,0
48,features.14,421,pruned_before,nan,0.000000e+00,0.000000e+00,0.0000,0.0000,0
48,features.14,422,pruned_before,nan,0.000000e+00,0.000000e+00,0.0000,0.0000,0
48,features.14,423,active,0.189474,8.919859e-08,1.043311e-05,0.0421,0.4211,265
48,features.14,424,pruned_before,nan,0.000000e+00,0.000000e+00,0.0000,0.0000,0
48,features.14,425,pruned_before,nan,0.000000e+00,0.000000e+00,0.0000,0.0000,0
48,features.14,426,pruned_before,nan,0.000000e+00,0.000000e+00,0.0000,0.0000,0
48,features.14,427,pruned_before,nan,0.000000e+00,0.000000e+00,0.0000,0.0000,0
48,features.14,428,pruned_before,nan,0.000000e+00,0.000000e+00,0.0000,0.0000,0
48,features.14,429,pruned_before,nan,0.000000e+00,0.000000e+00,0.0000,0.0000,0
48,features.14,430,pruned_before,nan,0.000000e+00,0.000000e+00,0.0000,0.0000,0
48,features.14,431,active,-0.173684,3.510114e-06,8.366457e-06,0.7053,0.3579,265
48,features.14,432,active,-0.042105,3.867427e-07,8.284428e-07,0.1579,0.0737,265
48,features.14,433,pruned_before,nan,0.000000e+00,0.000000e+00,0.0000,0.0000,0
48,features.14,434,pruned_before,nan,0.000000e+00,0.000000e+00,0.0000,0.0000,0
48,features.14,435,pruned_before,nan,0.000000e+00,0.000000e+00,0.0000,0.0000,0
48,features.14,436,pruned_before,nan,0.000000e+00,0.000000e+00,0.0000,0.0000,0
48,features.14,437,pruned_before,nan,0.000000e+00,0.000000e+00,0.0000,0.0000,0
48,features.14,438,pruned_before,nan,0.000000e+00,0.000000e+00,0.0000,0.0000,0
48,features.14,439,pruned_before,nan,0.000000e+00,0.000000e+00,0.0000,0.0000,0
48,features.14,440,pruned_before,nan,0.000000e+00,0.000000e+00,0.0000,0.0000,0
48,features.14,441,pruned_before,nan,0.000000e+00,0.000000e+00,0.0000,0.0000,0
48,features.14,442,pruned_before,nan,0.000000e+00,0.000000e+00,0.0000,0.0000,0
48,features.14,443,pruned_before,nan,0.000000e+00,0.000000e+00,0.0000,0.0000,0
48,features.14,444,pruned_before,nan,0.000000e+00,0.000000e+00,0.0000,0.0000,0
48,features.14,445,active,-0.115789,2.581979e-06,7.646786e-06,0.5474,0.3158,265
48,features.14,446,pruned_before,nan,0.000000e+00,0.000000e+00,0.0000,0.0000,0
48,features.14,447,active,-0.052632,3.077363e-06,1.260643e-05,0.6421,0.5368,265
48,features.14,448,pruned_before,nan,0.000000e+00,0.000000e+00,0.0000,0.0000,0
48,features.14,449,pruned_before,nan,0.000000e+00,0.000000e+00,0.0000,0.0000,0
48,features.14,450,pruned_before,nan,0.000000e+00,0.000000e+00,0.0000,0.0000,0
48,features.14,451,pruned_before,nan,0.000000e+00,0.000000e+00,0.0000,0.0000,0
48,features.14,452,active,-0.115789,2.381582e-06,5.869992e-06,0.5053,0.2737,265
48,features.14,453,pruned_before,nan,0.000000e+00,0.000000e+00,0.0000,0.0000,0
48,features.14,454,pruned_before,nan,0.000000e+00,0.000000e+00,0.0000,0.0000,0
48,features.14,455,active,0.063158,4.463826e-06,3.042554e-05,0.7789,0.9053,265
48,features.14,456,active,-0.036842,1.389311e-06,8.132536e-06,0.4105,0.3368,265
48,features.14,457,pruned_before,nan,0.000000e+00,0.000000e+00,0.0000,0.0000,0
48,features.14,458,pruned_before,nan,0.000000e+00,0.000000e+00,0.0000,0.0000,0
48,features.14,459,active,-0.021053,2.553724e-06,1.176378e-05,0.5368,0.4947,265
48,features.14,460,pruned_before,nan,0.000000e+00,0.000000e+00,0.0000,0.0000,0
48,features.14,461,pruned_before,nan,0.000000e+00,0.000000e+00,0.0000,0.0000,0
48,features.14,462,pruned_before,nan,0.000000e+00,0.000000e+00,0.0000,0.0000,0
48,features.14,463,pruned_before,nan,0.000000e+00,0.000000e+00,0.0000,0.0000,0
48,features.14,464,active,0.200000,2.601252e-06,4.696230e-05,0.5579,0.9579,265
48,features.14,465,pruned_before,nan,0.000000e+00,0.000000e+00,0.0000,0.0000,0
48,features.14,466,pruned_before,nan,0.000000e+00,0.000000e+00,0.0000,0.0000,0
48,features.14,467,pruned_before,nan,0.000000e+00,0.000000e+00,0.0000,0.0000,0
48,features.14,468,pruned_before,nan,0.000000e+00,0.000000e+00,0.0000,0.0000,0
48,features.14,469,pruned_before,nan,0.000000e+00,0.000000e+00,0.0000,0.0000,0
48,features.14,470,pruned_before,nan,0.000000e+00,0.000000e+00,0.0000,0.0000,0
48,features.14,471,active,0.005263,5.925452e-06,2.336552e-05,0.8316,0.8421,265
48,features.14,472,pruned_before,nan,0.000000e+00,0.000000e+00,0.0000,0.0000,0
48,features.14,473,pruned_before,nan,0.000000e+00,0.000000e+00,0.0000,0.0000,0
48,features.14,474,active,-0.063158,7.325499e-07,8.622030e-07,0.2211,0.0947,265
48,features.14,475,pruned_before,nan,0.000000e+00,0.000000e+00,0.0000,0.0000,0
48,features.14,476,pruned_before,nan,0.000000e+00,0.000000e+00,0.0000,0.0000,0
48,features.14,477,pruned_before,nan,0.000000e+00,0.000000e+00,0.0000,0.0000,0
48,features.14,478,active,-0.084211,3.383446e-06,1.177602e-05,0.6737,0.5053,265
48,features.14,479,pruned_before,nan,0.000000e+00,0.000000e+00,0.0000,0.0000,0
48,features.14,480,pruned_before,nan,0.000000e+00,0.000000e+00,0.0000,0.0000,0
48,features.14,481,pruned_before,nan,0.000000e+00,0.000000e+00,0.0000,0.0000,0
48,features.14,482,active,-0.121053,1.185119e-05,1.645160e-05,0.9579,0.7158,265
48,features.14,483,pruned_before,nan,0.000000e+00,0.000000e+00,0.0000,0.0000,0
48,features.14,484,active,0.189474,8.491872e-07,1.556928e-05,0.2842,0.6632,265
48,features.14,485,pruned_before,nan,0.000000e+00,0.000000e+00,0.0000,0.0000,0
48,features.14,486,active,0.015789,2.901937e-06,1.405282e-05,0.6000,0.6316,265
48,features.14,487,pruned_before,nan,0.000000e+00,0.000000e+00,0.0000,0.0000,0
48,features.14,488,pruned_before,nan,0.000000e+00,0.000000e+00,0.0000,0.0000,0
48,features.14,489,pruned_before,nan,0.000000e+00,0.000000e+00,0.0000,0.0000,0
48,features.14,490,pruned_before,nan,0.000000e+00,0.000000e+00,0.0000,0.0000,0
48,features.14,491,pruned_now,-0.215789,3.492327e-06,5.319002e-06,0.6947,0.2632,265
48,features.14,492,pruned_before,nan,0.000000e+00,0.000000e+00,0.0000,0.0000,0
48,features.14,493,pruned_before,nan,0.000000e+00,0.000000e+00,0.0000,0.0000,0
48,features.14,494,active,-0.157895,5.515752e-06,1.152645e-05,0.7895,0.4737,265
48,features.14,495,active,-0.078947,6.025335e-06,1.592362e-05,0.8421,0.6842,265
48,features.14,496,active,0.010526,2.998361e-06,1.471468e-05,0.6211,0.6421,265
48,features.14,497,pruned_before,nan,0.000000e+00,0.000000e+00,0.0000,0.0000,0
48,features.14,498,pruned_before,nan,0.000000e+00,0.000000e+00,0.0000,0.0000,0
48,features.14,499,pruned_before,nan,0.000000e+00,0.000000e+00,0.0000,0.0000,0
48,features.14,500,pruned_before,nan,0.000000e+00,0.000000e+00,0.0000,0.0000,0
48,features.14,501,pruned_before,nan,0.000000e+00,0.000000e+00,0.0000,0.0000,0
48,features.14,502,pruned_before,nan,0.000000e+00,0.000000e+00,0.0000,0.0000,0
48,features.14,503,pruned_before,nan,0.000000e+00,0.000000e+00,0.0000,0.0000,0
48,features.14,504,pruned_before,nan,0.000000e+00,0.000000e+00,0.0000,0.0000,0
48,features.14,505,pruned_before,nan,0.000000e+00,0.000000e+00,0.0000,0.0000,0
48,features.14,506,pruned_before,nan,0.000000e+00,0.000000e+00,0.0000,0.0000,0
48,features.14,507,active,0.136842,2.898603e-06,2.433194e-05,0.5895,0.8632,265
48,features.14,508,active,0.336842,3.519000e-07,2.109591e-05,0.1263,0.8000,265
48,features.14,509,pruned_before,nan,0.000000e+00,0.000000e+00,0.0000,0.0000,0
48,features.14,510,active,-0.010526,2.333462e-06,1.139202e-05,0.4842,0.4632,265
48,features.14,511,pruned_before,nan,0.000000e+00,0.000000e+00,0.0000,0.0000,0
48,features.14,512,active,-0.157895,9.714719e-06,1.400509e-05,0.9368,0.6211,265
48,features.14,513,pruned_before,nan,0.000000e+00,0.000000e+00,0.0000,0.0000,0
48,features.14,514,pruned_before,nan,0.000000e+00,0.000000e+00,0.0000,0.0000,0
48,features.14,515,pruned_before,nan,0.000000e+00,0.000000e+00,0.0000,0.0000,0
48,features.14,516,pruned_before,nan,0.000000e+00,0.000000e+00,0.0000,0.0000,0
48,features.14,517,pruned_before,nan,0.000000e+00,0.000000e+00,0.0000,0.0000,0
48,features.14,518,pruned_before,nan,0.000000e+00,0.000000e+00,0.0000,0.0000,0
48,features.14,519,active,-0.026316,4.061053e-06,1.620078e-05,0.7579,0.7053,265
48,features.14,520,pruned_before,nan,0.000000e+00,0.000000e+00,0.0000,0.0000,0
48,features.14,521,active,-0.100000,1.670520e-05,1.950483e-05,0.9895,0.7895,265
48,features.14,522,pruned_before,nan,0.000000e+00,0.000000e+00,0.0000,0.0000,0
48,features.14,523,pruned_before,nan,0.000000e+00,0.000000e+00,0.0000,0.0000,0
48,features.14,524,pruned_before,nan,0.000000e+00,0.000000e+00,0.0000,0.0000,0
48,features.14,525,pruned_before,nan,0.000000e+00,0.000000e+00,0.0000,0.0000,0
48,features.14,526,pruned_before,nan,0.000000e+00,0.000000e+00,0.0000,0.0000,0
48,features.14,527,active,-0.121053,3.930652e-05,1.814903e-05,1.0000,0.7579,265
48,features.14,528,pruned_before,nan,0.000000e+00,0.000000e+00,0.0000,0.0000,0
48,features.14,529,pruned_before,nan,0.000000e+00,0.000000e+00,0.0000,0.0000,0
48,features.14,530,pruned_before,nan,0.000000e+00,0.000000e+00,0.0000,0.0000,0
48,features.14,531,pruned_before,nan,0.000000e+00,0.000000e+00,0.0000,0.0000,0
48,features.14,532,pruned_before,nan,0.000000e+00,0.000000e+00,0.0000,0.0000,0
48,features.14,533,pruned_before,nan,0.000000e+00,0.000000e+00,0.0000,0.0000,0
48,features.14,534,pruned_before,nan,0.000000e+00,0.000000e+00,0.0000,0.0000,0
48,features.14,535,pruned_before,nan,0.000000e+00,0.000000e+00,0.0000,0.0000,0
48,features.14,536,pruned_before,nan,0.000000e+00,0.000000e+00,0.0000,0.0000,0
48,features.14,537,pruned_before,nan,0.000000e+00,0.000000e+00,0.0000,0.0000,0
48,features.14,538,active,0.236842,2.268654e-06,3.741613e-05,0.4737,0.9474,265
48,features.14,539,pruned_before,nan,0.000000e+00,0.000000e+00,0.0000,0.0000,0
48,features.14,540,pruned_before,nan,0.000000e+00,0.000000e+00,0.0000,0.0000,0
48,features.14,541,pruned_before,nan,0.000000e+00,0.000000e+00,0.0000,0.0000,0
48,features.14,542,pruned_before,nan,0.000000e+00,0.000000e+00,0.0000,0.0000,0
48,features.14,543,active,0.000000,0.000000e+00,0.000000e+00,0.0000,0.0000,265
48,features.14,544,pruned_before,nan,0.000000e+00,0.000000e+00,0.0000,0.0000,0
48,features.14,545,pruned_before,nan,0.000000e+00,0.000000e+00,0.0000,0.0000,0
48,features.14,546,pruned_before,nan,0.000000e+00,0.000000e+00,0.0000,0.0000,0
48,features.14,547,pruned_before,nan,0.000000e+00,0.000000e+00,0.0000,0.0000,0
48,features.14,548,pruned_before,nan,0.000000e+00,0.000000e+00,0.0000,0.0000,0
48,features.14,549,pruned_before,nan,0.000000e+00,0.000000e+00,0.0000,0.0000,0
48,features.14,550,pruned_before,nan,0.000000e+00,0.000000e+00,0.0000,0.0000,0
48,features.14,551,pruned_before,nan,0.000000e+00,0.000000e+00,0.0000,0.0000,0
48,features.14,552,pruned_before,nan,0.000000e+00,0.000000e+00,0.0000,0.0000,0
48,features.14,553,active,-0.110526,2.956165e-06,9.824844e-06,0.6105,0.3895,265
48,features.14,554,pruned_before,nan,0.000000e+00,0.000000e+00,0.0000,0.0000,0
48,features.14,555,pruned_before,nan,0.000000e+00,0.000000e+00,0.0000,0.0000,0
48,features.14,556,active,-0.147368,7.712083e-06,1.335246e-05,0.8947,0.6000,265
48,features.14,557,pruned_before,nan,0.000000e+00,0.000000e+00,0.0000,0.0000,0
48,features.14,558,pruned_before,nan,0.000000e+00,0.000000e+00,0.0000,0.0000,0
48,features.14,559,pruned_before,nan,0.000000e+00,0.000000e+00,0.0000,0.0000,0
48,features.14,560,pruned_before,nan,0.000000e+00,0.000000e+00,0.0000,0.0000,0
48,features.14,561,pruned_before,nan,0.000000e+00,0.000000e+00,0.0000,0.0000,0
48,features.14,562,pruned_before,nan,0.000000e+00,0.000000e+00,0.0000,0.0000,0
48,features.14,563,pruned_before,nan,0.000000e+00,0.000000e+00,0.0000,0.0000,0
48,features.14,564,pruned_before,nan,0.000000e+00,0.000000e+00,0.0000,0.0000,0
48,features.14,565,pruned_before,nan,0.000000e+00,0.000000e+00,0.0000,0.0000,0
48,features.14,566,pruned_before,nan,0.000000e+00,0.000000e+00,0.0000,0.0000,0
48,features.14,567,pruned_before,nan,0.000000e+00,0.000000e+00,0.0000,0.0000,0
48,features.14,568,pruned_before,nan,0.000000e+00,0.000000e+00,0.0000,0.0000,0
48,features.14,569,pruned_before,nan,0.000000e+00,0.000000e+00,0.0000,0.0000,0
48,features.14,570,active,-0.042105,2.334067e-06,1.030812e-05,0.4947,0.4105,265
48,features.14,571,pruned_before,nan,0.000000e+00,0.000000e+00,0.0000,0.0000,0
48,features.14,572,pruned_before,nan,0.000000e+00,0.000000e+00,0.0000,0.0000,0
48,features.14,573,pruned_before,nan,0.000000e+00,0.000000e+00,0.0000,0.0000,0
48,features.14,574,pruned_before,nan,0.000000e+00,0.000000e+00,0.0000,0.0000,0
48,features.14,575,pruned_before,nan,0.000000e+00,0.000000e+00,0.0000,0.0000,0
48,features.15,0,pruned_before,nan,0.000000e+00,0.000000e+00,0.0000,0.0000,0
48,features.15,1,pruned_before,nan,0.000000e+00,0.000000e+00,0.0000,0.0000,0
48,features.15,2,active,-0.124000,2.323327e-06,3.291653e-05,0.9600,0.7120,329
48,features.15,3,pruned_before,nan,0.000000e+00,0.000000e+00,0.0000,0.0000,0
48,features.15,4,pruned_before,nan,0.000000e+00,0.000000e+00,0.0000,0.0000,0
48,features.15,5,pruned_before,nan,0.000000e+00,0.000000e+00,0.0000,0.0000,0
48,features.15,6,pruned_before,nan,0.000000e+00,0.000000e+00,0.0000,0.0000,0
48,features.15,7,active,0.012000,2.406779e-06,1.508410e-03,0.9680,0.9920,329
48,features.15,8,pruned_before,nan,0.000000e+00,0.000000e+00,0.0000,0.0000,0
48,features.15,9,pruned_before,nan,0.000000e+00,0.000000e+00,0.0000,0.0000,0
48,features.15,10,pruned_before,nan,0.000000e+00,0.000000e+00,0.0000,0.0000,0
48,features.15,11,pruned_before,nan,0.000000e+00,0.000000e+00,0.0000,0.0000,0
48,features.15,12,pruned_before,nan,0.000000e+00,0.000000e+00,0.0000,0.0000,0
48,features.15,13,pruned_before,nan,0.000000e+00,0.000000e+00,0.0000,0.0000,0
48,features.15,14,pruned_before,nan,0.000000e+00,0.000000e+00,0.0000,0.0000,0
48,features.15,15,pruned_before,nan,0.000000e+00,0.000000e+00,0.0000,0.0000,0
48,features.15,16,pruned_before,nan,0.000000e+00,0.000000e+00,0.0000,0.0000,0
48,features.15,17,pruned_before,nan,0.000000e+00,0.000000e+00,0.0000,0.0000,0
48,features.15,18,pruned_before,nan,0.000000e+00,0.000000e+00,0.0000,0.0000,0
48,features.15,19,pruned_before,nan,0.000000e+00,0.000000e+00,0.0000,0.0000,0
48,features.15,20,active,0.008000,1.227425e-06,1.166017e-04,0.9040,0.9200,329
48,features.15,21,pruned_before,nan,0.000000e+00,0.000000e+00,0.0000,0.0000,0
48,features.15,22,pruned_before,nan,0.000000e+00,0.000000e+00,0.0000,0.0000,0
48,features.15,23,active,0.068000,3.379985e-07,3.199013e-05,0.5520,0.6880,329
48,features.15,24,pruned_before,nan,0.000000e+00,0.000000e+00,0.0000,0.0000,0
48,features.15,25,pruned_before,nan,0.000000e+00,0.000000e+00,0.0000,0.0000,0
48,features.15,26,pruned_before,nan,0.000000e+00,0.000000e+00,0.0000,0.0000,0
48,features.15,27,pruned_before,nan,0.000000e+00,0.000000e+00,0.0000,0.0000,0
48,features.15,28,pruned_before,nan,0.000000e+00,0.000000e+00,0.0000,0.0000,0
48,features.15,29,pruned_before,nan,0.000000e+00,0.000000e+00,0.0000,0.0000,0
48,features.15,30,pruned_before,nan,0.000000e+00,0.000000e+00,0.0000,0.0000,0
48,features.15,31,pruned_before,nan,0.000000e+00,0.000000e+00,0.0000,0.0000,0
48,features.15,32,pruned_before,nan,0.000000e+00,0.000000e+00,0.0000,0.0000,0
48,features.15,33,pruned_before,nan,0.000000e+00,0.000000e+00,0.0000,0.0000,0
48,features.15,34,pruned_before,nan,0.000000e+00,0.000000e+00,0.0000,0.0000,0
48,features.15,35,active,-0.128000,7.832856e-07,2.257638e-05,0.8240,0.5680,329
48,features.15,36,pruned_before,nan,0.000000e+00,0.000000e+00,0.0000,0.0000,0
48,features.15,37,pruned_before,nan,0.000000e+00,0.000000e+00,0.0000,0.0000,0
48,features.15,38,pruned_before,nan,0.000000e+00,0.000000e+00,0.0000,0.0000,0
48,features.15,39,pruned_before,nan,0.000000e+00,0.000000e+00,0.0000,0.0000,0
48,features.15,40,pruned_before,nan,0.000000e+00,0.000000e+00,0.0000,0.0000,0
48,features.15,41,pruned_before,nan,0.000000e+00,0.000000e+00,0.0000,0.0000,0
48,features.15,42,pruned_before,nan,0.000000e+00,0.000000e+00,0.0000,0.0000,0
48,features.15,43,pruned_before,nan,0.000000e+00,0.000000e+00,0.0000,0.0000,0
48,features.15,44,active,-0.016000,4.009504e-07,2.470838e-05,0.6320,0.6000,329
48,features.15,45,pruned_before,nan,0.000000e+00,0.000000e+00,0.0000,0.0000,0
48,features.15,46,pruned_before,nan,0.000000e+00,0.000000e+00,0.0000,0.0000,0
48,features.15,47,pruned_before,nan,0.000000e+00,0.000000e+00,0.0000,0.0000,0
48,features.15,48,pruned_before,nan,0.000000e+00,0.000000e+00,0.0000,0.0000,0
48,features.15,49,pruned_before,nan,0.000000e+00,0.000000e+00,0.0000,0.0000,0
48,features.15,50,pruned_before,nan,0.000000e+00,0.000000e+00,0.0000,0.0000,0
48,features.15,51,pruned_before,nan,0.000000e+00,0.000000e+00,0.0000,0.0000,0
48,features.15,52,pruned_before,nan,0.000000e+00,0.000000e+00,0.0000,0.0000,0
48,features.15,53,pruned_before,nan,0.000000e+00,0.000000e+00,0.0000,0.0000,0
48,features.15,54,pruned_before,nan,0.000000e+00,0.000000e+00,0.0000,0.0000,0
48,features.15,55,pruned_before,nan,0.000000e+00,0.000000e+00,0.0000,0.0000,0
48,features.15,56,active,-0.104000,3.412196e-06,4.232031e-05,0.9920,0.7840,329
48,features.15,57,pruned_before,nan,0.000000e+00,0.000000e+00,0.0000,0.0000,0
48,features.15,58,pruned_before,nan,0.000000e+00,0.000000e+00,0.0000,0.0000,0
48,features.15,59,pruned_before,nan,0.000000e+00,0.000000e+00,0.0000,0.0000,0
48,features.15,60,pruned_before,nan,0.000000e+00,0.000000e+00,0.0000,0.0000,0
48,features.15,61,pruned_before,nan,0.000000e+00,0.000000e+00,0.0000,0.0000,0
48,features.15,62,active,0.176000,1.266617e-07,3.023742e-05,0.3120,0.6640,329
48,features.15,63,pruned_before,nan,0.000000e+00,0.000000e+00,0.0000,0.0000,0
48,features.15,64,pruned_before,nan,0.000000e+00,0.000000e+00,0.0000,0.0000,0
48,features.15,65,pruned_before,nan,0.000000e+00,0.000000e+00,0.0000,0.0000,0
48,features.15,66,active,-0.064000,1.387458e-07,5.244819e-06,0.3280,0.2000,329
48,features.15,67,pruned_before,nan,0.000000e+00,0.000000e+00,0.0000,0.0000,0
48,features.15,68,pruned_before,nan,0.000000e+00,0.000000e+00,0.0000,0.0000,0
48,features.15,69,pruned_before,nan,0.000000e+00,0.000000e+00,0.0000,0.0000,0
48,features.15,70,pruned_before,nan,0.000000e+00,0.000000e+00,0.0000,0.0000,0
48,features.15,71,active,0.128000,3.977421e-07,7.178211e-05,0.6240,0.8800,329
48,features.15,72,pruned_before,nan,0.000000e+00,0.000000e+00,0.0000,0.0000,0
48,features.15,73,pruned_before,nan,0.000000e+00,0.000000e+00,0.0000,0.0000,0
48,features.15,74,active,0.276000,1.260447e-07,6.307718e-05,0.3040,0.8560,329
48,features.15,75,pruned_before,nan,0.000000e+00,0.000000e+00,0.0000,0.0000,0
48,features.15,76,pruned_before,nan,0.000000e+00,0.000000e+00,0.0000,0.0000,0
48,features.15,77,pruned_before,nan,0.000000e+00,0.000000e+00,0.0000,0.0000,0
48,features.15,78,pruned_before,nan,0.000000e+00,0.000000e+00,0.0000,0.0000,0
48,features.15,79,pruned_before,nan,0.000000e+00,0.000000e+00,0.0000,0.0000,0
48,features.15,80,active,0.048000,8.105482e-09,1.968392e-06,0.0000,0.0960,329
48,features.15,81,pruned_before,nan,0.000000e+00,0.000000e+00,0.0000,0.0000,0
48,features.15,82,pruned_before,nan,0.000000e+00,0.000000e+00,0.0000,0.0000,0
48,features.15,83,pruned_before,nan,0.000000e+00,0.000000e+00,0.0000,0.0000,0
48,features.15,84,pruned_before,nan,0.000000e+00,0.000000e+00,0.0000,0.0000,0
48,features.15,85,pruned_before,nan,0.000000e+00,0.000000e+00,0.0000,0.0000,0
48,features.15,86,pruned_before,nan,0.000000e+00,0.000000e+00,0.0000,0.0000,0
48,features.15,87,pruned_before,nan,0.000000e+00,0.000000e+00,0.0000,0.0000,0
48,features.15,88,pruned_before,nan,0.000000e+00,0.000000e+00,0.0000,0.0000,0
48,features.15,89,active,-0.064000,9.564480e-07,3.396657e-05,0.8480,0.7200,329
48,features.15,90,pruned_before,nan,0.000000e+00,0.000000e+00,0.0000,0.0000,0
48,features.15,91,pruned_before,nan,0.000000e+00,0.000000e+00,0.0000,0.0000,0
48,features.15,92,pruned_before,nan,0.000000e+00,0.000000e+00,0.0000,0.0000,0
48,features.15,93,pruned_before,nan,0.000000e+00,0.000000e+00,0.0000,0.0000,0
48,features.15,94,active,-0.140000,3.471754e-07,8.501052e-06,0.5840,0.3040,329
48,features.15,95,pruned_before,nan,0.000000e+00,0.000000e+00,0.0000,0.0000,0
48,features.15,96,pruned_before,nan,0.000000e+00,0.000000e+00,0.0000,0.0000,0
48,features.15,97,active,-0.032000,5.250499e-08,8.997442e-07,0.1200,0.0560,329
48,features.15,98,pruned_before,nan,0.000000e+00,0.000000e+00,0.0000,0.0000,0
48,features.15,99,active,-0.076000,3.421516e-07,1.415475e-05,0.5680,0.4160,329
48,features.15,100,pruned_before,nan,0.000000e+00,0.000000e+00,0.0000,0.0000,0
48,features.15,101,pruned_before,nan,0.000000e+00,0.000000e+00,0.0000,0.0000,0
48,features.15,102,pruned_before,nan,0.000000e+00,0.000000e+00,0.0000,0.0000,0
48,features.15,103,active,-0.008000,2.909720e-08,2.591595e-07,0.0480,0.0320,329
48,features.15,104,pruned_before,nan,0.000000e+00,0.000000e+00,0.0000,0.0000,0
48,features.15,105,pruned_before,nan,0.000000e+00,0.000000e+00,0.0000,0.0000,0
48,features.15,106,pruned_before,nan,0.000000e+00,0.000000e+00,0.0000,0.0000,0
48,features.15,107,pruned_before,nan,0.000000e+00,0.000000e+00,0.0000,0.0000,0
48,features.15,108,pruned_before,nan,0.000000e+00,0.000000e+00,0.0000,0.0000,0
48,features.15,109,active,0.076000,2.727687e-07,2.854116e-05,0.4880,0.6400,329
48,features.15,110,pruned_before,nan,0.000000e+00,0.000000e+00,0.0000,0.0000,0
48,features.15,111,pruned_before,nan,0.000000e+00,0.000000e+00,0.0000,0.0000,0
48,features.15,112,pruned_before,nan,0.000000e+00,0.000000e+00,0.0000,0.0000,0
48,features.15,113,pruned_before,nan,0.000000e+00,0.000000e+00,0.0000,0.0000,0
48,features.15,114,active,-0.136000,1.149402e-07,2.327945e-07,0.2880,0.0160,329
48,features.15,115,pruned_before,nan,0.000000e+00,0.000000e+00,0.0000,0.0000,0
48,features.15,116,pruned_before,nan,0.000000e+00,0.000000e+00,0.0000,0.0000,0
48,features.15,117,pruned_before,nan,0.000000e+00,0.000000e+00,0.0000,0.0000,0
48,features.15,118,pruned_before,nan,0.000000e+00,0.000000e+00,0.0000,0.0000,0
48,features.15,119,pruned_before,nan,0.000000e+00,0.000000e+00,0.0000,0.0000,0
48,features.15,120,pruned_before,nan,0.000000e+00,0.000000e+00,0.0000,0.0000,0
48,features.15,121,active,0.028000,4.254508e-08,3.141540e-06,0.0880,0.1440,329
48,features.15,122,pruned_before,nan,0.000000e+00,0.000000e+00,0.0000,0.0000,0
48,features.15,123,pruned_before,nan,0.000000e+00,0.000000e+00,0.0000,0.0000,0
48,features.15,124,pruned_before,nan,0.000000e+00,0.000000e+00,0.0000,0.0000,0
48,features.15,125,pruned_before,nan,0.000000e+00,0.000000e+00,0.0000,0.0000,0
48,features.15,126,pruned_before,nan,0.000000e+00,0.000000e+00,0.0000,0.0000,0
48,features.15,127,pruned_before,nan,0.000000e+00,0.000000e+00,0.0000,0.0000,0
48,features.15,128,pruned_before,nan,0.000000e+00,0.000000e+00,0.0000,0.0000,0
48,features.15,129,pruned_before,nan,0.000000e+00,0.000000e+00,0.0000,0.0000,0
48,features.15,130,pruned_before,nan,0.000000e+00,0.000000e+00,0.0000,0.0000,0
48,features.15,131,pruned_before,nan,0.000000e+00,0.000000e+00,0.0000,0.0000,0
48,features.15,132,pruned_before,nan,0.000000e+00,0.000000e+00,0.0000,0.0000,0
48,features.15,133,pruned_before,nan,0.000000e+00,0.000000e+00,0.0000,0.0000,0
48,features.15,134,pruned_before,nan,0.000000e+00,0.000000e+00,0.0000,0.0000,0
48,features.15,135,pruned_before,nan,0.000000e+00,0.000000e+00,0.0000,0.0000,0
48,features.15,136,pruned_before,nan,0.000000e+00,0.000000e+00,0.0000,0.0000,0
48,features.15,137,pruned_before,nan,0.000000e+00,0.000000e+00,0.0000,0.0000,0
48,features.15,138,pruned_before,nan,0.000000e+00,0.000000e+00,0.0000,0.0000,0
48,features.15,139,pruned_before,nan,0.000000e+00,0.000000e+00,0.0000,0.0000,0
48,features.15,140,pruned_before,nan,0.000000e+00,0.000000e+00,0.0000,0.0000,0
48,features.15,141,pruned_before,nan,0.000000e+00,0.000000e+00,0.0000,0.0000,0
48,features.15,142,pruned_before,nan,0.000000e+00,0.000000e+00,0.0000,0.0000,0
48,features.15,143,pruned_before,nan,0.000000e+00,0.000000e+00,0.0000,0.0000,0
48,features.15,144,pruned_before,nan,0.000000e+00,0.000000e+00,0.0000,0.0000,0
48,features.15,145,pruned_before,nan,0.000000e+00,0.000000e+00,0.0000,0.0000,0
48,features.15,146,pruned_before,nan,0.000000e+00,0.000000e+00,0.0000,0.0000,0
48,features.15,147,pruned_before,nan,0.000000e+00,0.000000e+00,0.0000,0.0000,0
48,features.15,148,pruned_before,nan,0.000000e+00,0.000000e+00,0.0000,0.0000,0
48,features.15,149,pruned_before,nan,0.000000e+00,0.000000e+00,0.0000,0.0000,0
48,features.15,150,pruned_before,nan,0.000000e+00,0.000000e+00,0.0000,0.0000,0
48,features.15,151,pruned_before,nan,0.000000e+00,0.000000e+00,0.0000,0.0000,0
48,features.15,152,pruned_before,nan,0.000000e+00,0.000000e+00,0.0000,0.0000,0
48,features.15,153,active,0.332000,2.938708e-08,3.519618e-05,0.0640,0.7280,329
48,features.15,154,pruned_before,nan,0.000000e+00,0.000000e+00,0.0000,0.0000,0
48,features.15,155,pruned_before,nan,0.000000e+00,0.000000e+00,0.0000,0.0000,0
48,features.15,156,pruned_before,nan,0.000000e+00,0.000000e+00,0.0000,0.0000,0
48,features.15,157,pruned_before,nan,0.000000e+00,0.000000e+00,0.0000,0.0000,0
48,features.15,158,pruned_before,nan,0.000000e+00,0.000000e+00,0.0000,0.0000,0
48,features.15,159,pruned_before,nan,0.000000e+00,0.000000e+00,0.0000,0.0000,0
48,features.15,160,pruned_before,nan,0.000000e+00,0.000000e+00,0.0000,0.0000,0
48,features.15,161,pruned_before,nan,0.000000e+00,0.000000e+00,0.0000,0.0000,0
48,features.15,162,active,0.020000,1.070282e-06,9.029981e-05,0.8720,0.9120,329
48,features.15,163,pruned_before,nan,0.000000e+00,0.000000e+00,0.0000,0.0000,0
48,features.15,164,pruned_before,nan,0.000000e+00,0.000000e+00,0.0000,0.0000,0
48,features.15,165,pruned_before,nan,0.000000e+00,0.000000e+00,0.0000,0.0000,0
48,features.15,166,pruned_before,nan,0.000000e+00,0.000000e+00,0.0000,0.0000,0
48,features.15,167,pruned_before,nan,0.000000e+00,0.000000e+00,0.0000,0.0000,0
48,features.15,168,pruned_before,nan,0.000000e+00,0.000000e+00,0.0000,0.0000,0
48,features.15,169,pruned_before,nan,0.000000e+00,0.000000e+00,0.0000,0.0000,0
48,features.15,170,pruned_before,nan,0.000000e+00,0.000000e+00,0.0000,0.0000,0
48,features.15,171,pruned_before,nan,0.000000e+00,0.000000e+00,0.0000,0.0000,0
48,features.15,172,active,0.224000,8.055147e-08,2.834447e-05,0.1840,0.6320,329
48,features.15,173,pruned_before,nan,0.000000e+00,0.000000e+00,0.0000,0.0000,0
48,features.15,174,pruned_before,nan,0.000000e+00,0.000000e+00,0.0000,0.0000,0
48,features.15,175,pruned_before,nan,0.000000e+00,0.000000e+00,0.0000,0.0000,0
48,features.15,176,pruned_before,nan,0.000000e+00,0.000000e+00,0.0000,0.0000,0
48,features.15,177,pruned_now,-0.212000,6.983585e-07,1.331747e-05,0.8160,0.3920,329
48,features.15,178,pruned_before,nan,0.000000e+00,0.000000e+00,0.0000,0.0000,0
48,features.15,179,pruned_before,nan,0.000000e+00,0.000000e+00,0.0000,0.0000,0
48,features.15,180,pruned_before,nan,0.000000e+00,0.000000e+00,0.0000,0.0000,0
48,features.15,181,pruned_before,nan,0.000000e+00,0.000000e+00,0.0000,0.0000,0
48,features.15,182,pruned_before,nan,0.000000e+00,0.000000e+00,0.0000,0.0000,0
48,features.15,183,pruned_before,nan,0.000000e+00,0.000000e+00,0.0000,0.0000,0
48,features.15,184,pruned_before,nan,0.000000e+00,0.000000e+00,0.0000,0.0000,0
48,features.15,185,pruned_before,nan,0.000000e+00,0.000000e+00,0.0000,0.0000,0
48,features.15,186,pruned_before,nan,0.000000e+00,0.000000e+00,0.0000,0.0000,0
48,features.15,187,active,-0.176000,5.883084e-07,1.379368e-05,0.7600,0.4080,329
48,features.15,188,active,-0.052000,6.970415e-07,3.271061e-05,0.8080,0.7040,329
48,features.15,189,pruned_before,nan,0.000000e+00,0.000000e+00,0.0000,0.0000,0
48,features.15,190,pruned_before,nan,0.000000e+00,0.000000e+00,0.0000,0.0000,0
48,features.15,191,pruned_before,nan,0.000000e+00,0.000000e+00,0.0000,0.0000,0
48,features.15,192,pruned_before,nan,0.000000e+00,0.000000e+00,0.0000,0.0000,0
48,features.15,193,pruned_before,nan,0.000000e+00,0.000000e+00,0.0000,0.0000,0
48,features.15,194,pruned_before,nan,0.000000e+00,0.000000e+00,0.0000,0.0000,0
48,features.15,195,pruned_before,nan,0.000000e+00,0.000000e+00,0.0000,0.0000,0
48,features.15,196,pruned_before,nan,0.000000e+00,0.000000e+00,0.0000,0.0000,0
48,features.15,197,pruned_before,nan,0.000000e+00,0.000000e+00,0.0000,0.0000,0
48,features.15,198,pruned_before,nan,0.000000e+00,0.000000e+00,0.0000,0.0000,0
48,features.15,199,pruned_before,nan,0.000000e+00,0.000000e+00,0.0000,0.0000,0
48,features.15,200,pruned_before,nan,0.000000e+00,0.000000e+00,0.0000,0.0000,0
48,features.15,201,pruned_before,nan,0.000000e+00,0.000000e+00,0.0000,0.0000,0
48,features.15,202,pruned_before,nan,0.000000e+00,0.000000e+00,0.0000,0.0000,0
48,features.15,203,active,-0.048000,1.133033e-07,4.169564e-06,0.2800,0.1840,329
48,features.15,204,pruned_before,nan,0.000000e+00,0.000000e+00,0.0000,0.0000,0
48,features.15,205,pruned_before,nan,0.000000e+00,0.000000e+00,0.0000,0.0000,0
48,features.15,206,pruned_before,nan,0.000000e+00,0.000000e+00,0.0000,0.0000,0
48,features.15,207,pruned_before,nan,0.000000e+00,0.000000e+00,0.0000,0.0000,0
48,features.15,208,pruned_before,nan,0.000000e+00,0.000000e+00,0.0000,0.0000,0
48,features.15,209,pruned_before,nan,0.000000e+00,0.000000e+00,0.0000,0.0000,0
48,features.15,210,pruned_before,nan,0.000000e+00,0.000000e+00,0.0000,0.0000,0
48,features.15,211,pruned_before,nan,0.000000e+00,0.000000e+00,0.0000,0.0000,0
48,features.15,212,pruned_before,nan,0.000000e+00,0.000000e+00,0.0000,0.0000,0
48,features.15,213,active,0.160000,3.907877e-07,1.230432e-04,0.6160,0.9360,329
48,features.15,214,pruned_before,nan,0.000000e+00,0.000000e+00,0.0000,0.0000,0
48,features.15,215,pruned_before,nan,0.000000e+00,0.000000e+00,0.0000,0.0000,0
48,features.15,216,pruned_before,nan,0.000000e+00,0.000000e+00,0.0000,0.0000,0
48,features.15,217,pruned_before,nan,0.000000e+00,0.000000e+00,0.0000,0.0000,0
48,features.15,218,active,0.180000,8.338289e-08,2.159948e-05,0.1920,0.5520,329
48,features.15,219,pruned_before,nan,0.000000e+00,0.000000e+00,0.0000,0.0000,0
48,features.15,220,pruned_before,nan,0.000000e+00,0.000000e+00,0.0000,0.0000,0
48,features.15,221,pruned_before,nan,0.000000e+00,0.000000e+00,0.0000,0.0000,0
48,features.15,222,pruned_before,nan,0.000000e+00,0.000000e+00,0.0000,0.0000,0
48,features.15,223,pruned_before,nan,0.000000e+00,0.000000e+00,0.0000,0.0000,0
48,features.15,224,active,0.096000,8.982013e-08,1.360543e-05,0.2080,0.4000,329
48,features.15,225,pruned_before,nan,0.000000e+00,0.000000e+00,0.0000,0.0000,0
48,features.15,226,pruned_before,nan,0.000000e+00,0.000000e+00,0.0000,0.0000,0
48,features.15,227,pruned_before,nan,0.000000e+00,0.000000e+00,0.0000,0.0000,0
48,features.15,228,pruned_before,nan,0.000000e+00,0.000000e+00,0.0000,0.0000,0
48,features.15,229,active,0.216000,3.558264e-08,1.904121e-05,0.0720,0.5040,329
48,features.15,230,pruned_before,nan,0.000000e+00,0.000000e+00,0.0000,0.0000,0
48,features.15,231,pruned_before,nan,0.000000e+00,0.000000e+00,0.0000,0.0000,0
48,features.15,232,active,0.052000,1.533412e-07,1.673520e-05,0.3520,0.4560,329
48,features.15,233,pruned_before,nan,0.000000e+00,0.000000e+00,0.0000,0.0000,0
48,features.15,234,pruned_before,nan,0.000000e+00,0.000000e+00,0.0000,0.0000,0
48,features.15,235,pruned_before,nan,0.000000e+00,0.000000e+00,0.0000,0.0000,0
48,features.15,236,pruned_before,nan,0.000000e+00,0.000000e+00,0.0000,0.0000,0
48,features.15,237,pruned_before,nan,0.000000e+00,0.000000e+00,0.0000,0.0000,0
48,features.15,238,pruned_before,nan,0.000000e+00,0.000000e+00,0.0000,0.0000,0
48,features.15,239,pruned_before,nan,0.000000e+00,0.000000e+00,0.0000,0.0000,0
48,features.15,240,pruned_before,nan,0.000000e+00,0.000000e+00,0.0000,0.0000,0
48,features.15,241,active,-0.012000,1.365611e-06,7.588241e-05,0.9200,0.8960,329
48,features.15,242,pruned_before,nan,0.000000e+00,0.000000e+00,0.0000,0.0000,0
48,features.15,243,active,-0.084000,1.645644e-07,5.271701e-06,0.3760,0.2080,329
48,features.15,244,pruned_before,nan,0.000000e+00,0.000000e+00,0.0000,0.0000,0
48,features.15,245,pruned_before,nan,0.000000e+00,0.000000e+00,0.0000,0.0000,0
48,features.15,246,active,0.016000,1.860919e-06,3.207012e-04,0.9440,0.9760,329
48,features.15,247,pruned_before,nan,0.000000e+00,0.000000e+00,0.0000,0.0000,0
48,features.15,248,pruned_before,nan,0.000000e+00,0.000000e+00,0.0000,0.0000,0
48,features.15,249,pruned_before,nan,0.000000e+00,0.000000e+00,0.0000,0.0000,0
48,features.15,250,pruned_before,nan,0.000000e+00,0.000000e+00,0.0000,0.0000,0
48,features.15,251,pruned_before,nan,0.000000e+00,0.000000e+00,0.0000,0.0000,0
48,features.15,252,pruned_before,nan,0.000000e+00,0.000000e+00,0.0000,0.0000,0
48,features.15,253,pruned_before,nan,0.000000e+00,0.000000e+00,0.0000,0.0000,0
48,features.15,254,pruned_before,nan,0.000000e+00,0.000000e+00,0.0000,0.0000,0
48,features.15,255,active,0.032000,5.940606e-07,5.410499e-05,0.7680,0.8320,329
48,features.15,256,pruned_before,nan,0.000000e+00,0.000000e+00,0.0000,0.0000,0
48,features.15,257,pruned_before,nan,0.000000e+00,0.000000e+00,0.0000,0.0000,0
48,features.15,258,active,0.156000,3.171949e-07,5.788431e-05,0.5280,0.8400,329
48,features.15,259,pruned_before,nan,0.000000e+00,0.000000e+00,0.0000,0.0000,0
48,features.15,260,pruned_before,nan,0.000000e+00,0.000000e+00,0.0000,0.0000,0
48,features.15,261,active,-0.044000,7.680020e-08,1.673558e-06,0.1760,0.0880,329
48,features.15,262,pruned_before,nan,0.000000e+00,0.000000e+00,0.0000,0.0000,0
48,features.15,263,active,-0.016000,1.791956e-07,1.142456e-05,0.4080,0.3760,329
48,features.15,264,active,-0.020000,1.780657e-07,1.016235e-05,0.3840,0.3440,329
48,features.15,265,active,-0.152000,1.247904e-06,2.504783e-05,0.9120,0.6080,329
48,features.15,266,pruned_before,nan,0.000000e+00,0.000000e+00,0.0000,0.0000,0
48,features.15,267,pruned_before,nan,0.000000e+00,0.000000e+00,0.0000,0.0000,0
48,features.15,268,pruned_before,nan,0.000000e+00,0.000000e+00,0.0000,0.0000,0
48,features.15,269,pruned_before,nan,0.000000e+00,0.000000e+00,0.0000,0.0000,0
48,features.15,270,pruned_before,nan,0.000000e+00,0.000000e+00,0.0000,0.0000,0
48,features.15,271,pruned_before,nan,0.000000e+00,0.000000e+00,0.0000,0.0000,0
48,features.15,272,active,0.212000,9.286308e-08,3.008837e-05,0.2240,0.6480,329
48,features.15,273,pruned_before,nan,0.000000e+00,0.000000e+00,0.0000,0.0000,0
48,features.15,274,pruned_before,nan,0.000000e+00,0.000000e+00,0.0000,0.0000,0
48,features.15,275,pruned_before,nan,0.000000e+00,0.000000e+00,0.0000,0.0000,0
48,features.15,276,pruned_before,nan,0.000000e+00,0.000000e+00,0.0000,0.0000,0
48,features.15,277,pruned_before,nan,0.000000e+00,0.000000e+00,0.0000,0.0000,0
48,features.15,278,pruned_before,nan,0.000000e+00,0.000000e+00,0.0000,0.0000,0
48,features.15,279,pruned_before,nan,0.000000e+00,0.000000e+00,0.0000,0.0000,0
48,features.15,280,pruned_before,nan,0.000000e+00,0.000000e+00,0.0000,0.0000,0
48,features.15,281,pruned_before,nan,0.000000e+00,0.000000e+00,0.0000,0.0000,0
48,features.15,282,pruned_before,nan,0.000000e+00,0.000000e+00,0.0000,0.0000,0
48,features.15,283,pruned_before,nan,0.000000e+00,0.000000e+00,0.0000,0.0000,0
48,features.15,284,active,0.040000,5.790884e-07,4.454129e-05,0.7280,0.8080,329
48,features.15,285,pruned_before,nan,0.000000e+00,0.000000e+00,0.0000,0.0000,0
48,features.15,286,pruned_before,nan,0.000000e+00,0.000000e+00,0.0000,0.0000,0
48,features.15,287,pruned_before,nan,0.000000e+00,0.000000e+00,0.0000,0.0000,0
48,features.15,288,pruned_before,nan,0.000000e+00,0.000000e+00,0.0000,0.0000,0
48,features.15,289,pruned_before,nan,0.000000e+00,0.000000e+00,0.0000,0.0000,0
48,features.15,290,pruned_before,nan,0.000000e+00,0.000000e+00,0.0000,0.0000,0
48,features.15,291,active,-0.136000,9.039755e-07,2.185510e-05,0.8320,0.5600,329
48,features.15,292,pruned_before,nan,0.000000e+00,0.000000e+00,0.0000,0.0000,0
48,features.15,293,pruned_before,nan,0.000000e+00,0.000000e+00,0.0000,0.0000,0
48,features.15,294,pruned_before,nan,0.000000e+00,0.000000e+00,0.0000,0.0000,0
48,features.15,295,pruned_before,nan,0.000000e+00,0.000000e+00,0.0000,0.0000,0
48,features.15,296,active,0.036000,5.111930e-07,4.090465e-05,0.7040,0.7760,329
48,features.15,297,pruned_before,nan,0.000000e+00,0.000000e+00,0.0000,0.0000,0
48,features.15,298,pruned_before,nan,0.000000e+00,0.000000e+00,0.0000,0.0000,0
48,features.15,299,pruned_before,nan,0.000000e+00,0.000000e+00,0.0000,0.0000,0
48,features.15,300,pruned_before,nan,0.000000e+00,0.000000e+00,0.0000,0.0000,0
48,features.15,301,pruned_before,nan,0.000000e+00,0.000000e+00,0.0000,0.0000,0
48,features.15,302,pruned_before,nan,0.000000e+00,0.000000e+00,0.0000,0.0000,0
48,features.15,303,pruned_before,nan,0.000000e+00,0.000000e+00,0.0000,0.0000,0
48,features.15,304,pruned_before,nan,0.000000e+00,0.000000e+00,0.0000,0.0000,0
48,features.15,305,pruned_before,nan,0.000000e+00,0.000000e+00,0.0000,0.0000,0
48,features.15,306,pruned_before,nan,0.000000e+00,0.000000e+00,0.0000,0.0000,0
48,features.15,307,active,0.244000,1.080691e-07,3.739296e-05,0.2640,0.7520,329
48,features.15,308,pruned_before,nan,0.000000e+00,0.000000e+00,0.0000,0.0000,0
48,features.15,309,pruned_before,nan,0.000000e+00,0.000000e+00,0.0000,0.0000,0
48,features.15,310,pruned_before,nan,0.000000e+00,0.000000e+00,0.0000,0.0000,0
48,features.15,311,pruned_before,nan,0.000000e+00,0.000000e+00,0.0000,0.0000,0
48,features.15,312,pruned_before,nan,0.000000e+00,0.000000e+00,0.0000,0.0000,0
48,features.15,313,pruned_before,nan,0.000000e+00,0.000000e+00,0.0000,0.0000,0
48,features.15,314,pruned_before,nan,0.000000e+00,0.000000e+00,0.0000,0.0000,0
48,features.15,315,pruned_before,nan,0.000000e+00,0.000000e+00,0.0000,0.0000,0
48,features.15,316,pruned_before,nan,0.000000e+00,0.000000e+00,0.0000,0.0000,0
48,features.15,317,pruned_now,-0.256000,6.633577e-07,8.289573e-06,0.8000,0.2880,329
48,features.15,318,pruned_before,nan,0.000000e+00,0.000000e+00,0.0000,0.0000,0
48,features.15,319,pruned_before,nan,0.000000e+00,0.000000e+00,0.0000,0.0000,0
48,features.15,320,pruned_before,nan,0.000000e+00,0.000000e+00,0.0000,0.0000,0
48,features.15,321,pruned_before,nan,0.000000e+00,0.000000e+00,0.0000,0.0000,0
48,features.15,322,pruned_before,nan,0.000000e+00,0.000000e+00,0.0000,0.0000,0
48,features.15,323,active,-0.104000,1.028516e-06,3.009844e-05,0.8640,0.6560,329
48,features.15,324,pruned_before,nan,0.000000e+00,0.000000e+00,0.0000,0.0000,0
48,features.15,325,pruned_before,nan,0.000000e+00,0.000000e+00,0.0000,0.0000,0
48,features.15,326,pruned_before,nan,0.000000e+00,0.000000e+00,0.0000,0.0000,0
48,features.15,327,pruned_before,nan,0.000000e+00,0.000000e+00,0.0000,0.0000,0
48,features.15,328,pruned_before,nan,0.000000e+00,0.000000e+00,0.0000,0.0000,0
48,features.15,329,pruned_before,nan,0.000000e+00,0.000000e+00,0.0000,0.0000,0
48,features.15,330,pruned_before,nan,0.000000e+00,0.000000e+00,0.0000,0.0000,0
48,features.15,331,pruned_before,nan,0.000000e+00,0.000000e+00,0.0000,0.0000,0
48,features.15,332,pruned_before,nan,0.000000e+00,0.000000e+00,0.0000,0.0000,0
48,features.15,333,pruned_before,nan,0.000000e+00,0.000000e+00,0.0000,0.0000,0
48,features.15,334,pruned_before,nan,0.000000e+00,0.000000e+00,0.0000,0.0000,0
48,features.15,335,pruned_before,nan,0.000000e+00,0.000000e+00,0.0000,0.0000,0
48,features.15,336,pruned_before,nan,0.000000e+00,0.000000e+00,0.0000,0.0000,0
48,features.15,337,pruned_before,nan,0.000000e+00,0.000000e+00,0.0000,0.0000,0
48,features.15,338,pruned_before,nan,0.000000e+00,0.000000e+00,0.0000,0.0000,0
48,features.15,339,pruned_before,nan,0.000000e+00,0.000000e+00,0.0000,0.0000,0
48,features.15,340,pruned_before,nan,0.000000e+00,0.000000e+00,0.0000,0.0000,0
48,features.15,341,pruned_before,nan,0.000000e+00,0.000000e+00,0.0000,0.0000,0
48,features.15,342,pruned_before,nan,0.000000e+00,0.000000e+00,0.0000,0.0000,0
48,features.15,343,pruned_before,nan,0.000000e+00,0.000000e+00,0.0000,0.0000,0
48,features.15,344,pruned_before,nan,0.000000e+00,0.000000e+00,0.0000,0.0000,0
48,features.15,345,pruned_before,nan,0.000000e+00,0.000000e+00,0.0000,0.0000,0
48,features.15,346,pruned_before,nan,0.000000e+00,0.000000e+00,0.0000,0.0000,0
48,features.15,347,pruned_before,nan,0.000000e+00,0.000000e+00,0.0000,0.0000,0
48,features.15,348,active,-0.076000,1.319037e-07,3.806543e-06,0.3200,0.1680,329
48,features.15,349,pruned_before,nan,0.000000e+00,0.000000e+00,0.0000,0.0000,0
48,features.15,350,pruned_before,nan,0.000000e+00,0.000000e+00,0.0000,0.0000,0
48,features.15,351,pruned_before,nan,0.000000e+00,0.000000e+00,0.0000,0.0000,0
48,features.15,352,pruned_before,nan,0.000000e+00,0.000000e+00,0.0000,0.0000,0
48,features.15,353,active,-0.012000,2.496929e-06,1.590993e-04,0.9760,0.9520,329
48,features.15,354,pruned_before,nan,0.000000e+00,0.000000e+00,0.0000,0.0000,0
48,features.15,355,active,-0.152000,1.865051e-07,2.229976e-06,0.4160,0.1120,329
48,features.15,356,pruned_before,nan,0.000000e+00,0.000000e+00,0.0000,0.0000,0
48,features.15,357,pruned_before,nan,0.000000e+00,0.000000e+00,0.0000,0.0000,0
48,features.15,358,pruned_before,nan,0.000000e+00,0.000000e+00,0.0000,0.0000,0
48,features.15,359,pruned_before,nan,0.000000e+00,0.000000e+00,0.0000,0.0000,0
48,features.15,360,pruned_before,nan,0.000000e+00,0.000000e+00,0.0000,0.0000,0
48,features.15,361,pruned_before,nan,0.000000e+00,0.000000e+00,0.0000,0.0000,0
48,features.15,362,pruned_before,nan,0.000000e+00,0.000000e+00,0.0000,0.0000,0
48,features.15,363,pruned_before,nan,0.000000e+00,0.000000e+00,0.0000,0.0000,0
48,features.15,364,pruned_before,nan,0.000000e+00,0.000000e+00,0.0000,0.0000,0
48,features.15,365,pruned_before,nan,0.000000e+00,0.000000e+00,0.0000,0.0000,0
48,features.15,366,pruned_before,nan,0.000000e+00,0.000000e+00,0.0000,0.0000,0
48,features.15,367,pruned_before,nan,0.000000e+00,0.000000e+00,0.0000,0.0000,0
48,features.15,368,active,0.072000,5.486342e-07,6.360198e-05,0.7200,0.8640,329
48,features.15,369,pruned_before,nan,0.000000e+00,0.000000e+00,0.0000,0.0000,0
48,features.15,370,pruned_before,nan,0.000000e+00,0.000000e+00,0.0000,0.0000,0
48,features.15,371,pruned_before,nan,0.000000e+00,0.000000e+00,0.0000,0.0000,0
48,features.15,372,pruned_before,nan,0.000000e+00,0.000000e+00,0.0000,0.0000,0
48,features.15,373,pruned_before,nan,0.000000e+00,0.000000e+00,0.0000,0.0000,0
48,features.15,374,active,-0.152000,1.512493e-07,6.463305e-07,0.3440,0.0400,329
48,features.15,375,pruned_before,nan,0.000000e+00,0.000000e+00,0.0000,0.0000,0
48,features.15,376,pruned_before,nan,0.000000e+00,0.000000e+00,0.0000,0.0000,0
48,features.15,377,pruned_before,nan,0.000000e+00,0.000000e+00,0.0000,0.0000,0
48,features.15,378,pruned_before,nan,0.000000e+00,0.000000e+00,0.0000,0.0000,0
48,features.15,379,pruned_before,nan,0.000000e+00,0.000000e+00,0.0000,0.0000,0
48,features.15,380,active,-0.124000,6.362922e-07,2.139548e-05,0.7920,0.5440,329
48,features.15,381,pruned_before,nan,0.000000e+00,0.000000e+00,0.0000,0.0000,0
48,features.15,382,pruned_before,nan,0.000000e+00,0.000000e+00,0.0000,0.0000,0
48,features.15,383,pruned_before,nan,0.000000e+00,0.000000e+00,0.0000,0.0000,0
48,features.15,384,pruned_before,nan,0.000000e+00,0.000000e+00,0.0000,0.0000,0
48,features.15,385,pruned_before,nan,0.000000e+00,0.000000e+00,0.0000,0.0000,0
48,features.15,386,active,-0.068000,9.142245e-08,1.443934e-06,0.2160,0.0800,329
48,features.15,387,pruned_before,nan,0.000000e+00,0.000000e+00,0.0000,0.0000,0
48,features.15,388,pruned_before,nan,0.000000e+00,0.000000e+00,0.0000,0.0000,0
48,features.15,389,pruned_before,nan,0.000000e+00,0.000000e+00,0.0000,0.0000,0
48,features.15,390,pruned_before,nan,0.000000e+00,0.000000e+00,0.0000,0.0000,0
48,features.15,391,pruned_before,nan,0.000000e+00,0.000000e+00,0.0000,0.0000,0
48,features.15,392,pruned_before,nan,0.000000e+00,0.000000e+00,0.0000,0.0000,0
48,features.15,393,pruned_before,nan,0.000000e+00,0.000000e+00,0.0000,0.0000,0
48,features.15,394,pruned_before,nan,0.000000e+00,0.000000e+00,0.0000,0.0000,0
48,features.15,395,pruned_before,nan,0.000000e+00,0.000000e+00,0.0000,0.0000,0
48,features.15,396,active,-0.136000,6.352541e-07,1.958689e-05,0.7840,0.5120,329
48,features.15,397,active,-0.064000,5.882270e-07,2.635685e-05,0.7520,0.6240,329
48,features.15,398,pruned_before,nan,0.000000e+00,0.000000e+00,0.0000,0.0000,0
48,features.15,399,pruned_before,nan,0.000000e+00,0.000000e+00,0.0000,0.0000,0
48,features.15,400,pruned_before,nan,0.000000e+00,0.000000e+00,0.0000,0.0000,0
48,features.15,401,pruned_before,nan,0.000000e+00,0.000000e+00,0.0000,0.0000,0
48,features.15,402,pruned_before,nan,0.000000e+00,0.000000e+00,0.0000,0.0000,0
48,features.15,403,pruned_before,nan,0.000000e+00,0.000000e+00,0.0000,0.0000,0
48,features.15,404,pruned_before,nan,0.000000e+00,0.000000e+00,0.0000,0.0000,0
48,features.15,405,pruned_before,nan,0.000000e+00,0.000000e+00,0.0000,0.0000,0
48,features.15,406,pruned_before,nan,0.000000e+00,0.000000e+00,0.0000,0.0000,0
48,features.15,407,active,-0.140000,3.127762e-07,6.628813e-06,0.5200,0.2400,329
48,features.15,408,pruned_before,nan,0.000000e+00,0.000000e+00,0.0000,0.0000,0
48,features.15,409,pruned_before,nan,0.000000e+00,0.000000e+00,0.0000,0.0000,0
48,features.15,410,pruned_before,nan,0.000000e+00,0.000000e+00,0.0000,0.0000,0
48,features.15,411,pruned_before,nan,0.000000e+00,0.000000e+00,0.0000,0.0000,0
48,features.15,412,pruned_before,nan,0.000000e+00,0.000000e+00,0.0000,0.0000,0
48,features.15,413,pruned_before,nan,0.000000e+00,0.000000e+00,0.0000,0.0000,0
48,features.15,414,pruned_before,nan,0.000000e+00,0.000000e+00,0.0000,0.0000,0
48,features.15,415,pruned_before,nan,0.000000e+00,0.000000e+00,0.0000,0.0000,0
48,features.15,416,pruned_before,nan,0.000000e+00,0.000000e+00,0.0000,0.0000,0
48,features.15,417,active,0.028000,1.113163e-06,1.231646e-04,0.8880,0.9440,329
48,features.15,418,active,-0.100000,2.561725e-07,7.664724e-06,0.4720,0.2720,329
48,features.15,419,pruned_before,nan,0.000000e+00,0.000000e+00,0.0000,0.0000,0
48,features.15,420,pruned_before,nan,0.000000e+00,0.000000e+00,0.0000,0.0000,0
48,features.15,421,pruned_before,nan,0.000000e+00,0.000000e+00,0.0000,0.0000,0
48,features.15,422,pruned_before,nan,0.000000e+00,0.000000e+00,0.0000,0.0000,0
48,features.15,423,pruned_before,nan,0.000000e+00,0.000000e+00,0.0000,0.0000,0
48,features.15,424,pruned_before,nan,0.000000e+00,0.000000e+00,0.0000,0.0000,0
48,features.15,425,active,-0.080000,5.807578e-07,2.332297e-05,0.7360,0.5760,329
48,features.15,426,pruned_before,nan,0.000000e+00,0.000000e+00,0.0000,0.0000,0
48,features.15,427,pruned_before,nan,0.000000e+00,0.000000e+00,0.0000,0.0000,0
48,features.15,428,active,-0.136000,5.363922e-07,1.622885e-05,0.7120,0.4400,329
48,features.15,429,pruned_before,nan,0.000000e+00,0.000000e+00,0.0000,0.0000,0
48,features.15,430,pruned_before,nan,0.000000e+00,0.000000e+00,0.0000,0.0000,0
48,features.15,431,pruned_before,nan,0.000000e+00,0.000000e+00,0.0000,0.0000,0
48,features.15,432,pruned_before,nan,0.000000e+00,0.000000e+00,0.0000,0.0000,0
48,features.15,433,pruned_before,nan,0.000000e+00,0.000000e+00,0.0000,0.0000,0
48,features.15,434,pruned_before,nan,0.000000e+00,0.000000e+00,0.0000,0.0000,0
48,features.15,435,pruned_before,nan,0.000000e+00,0.000000e+00,0.0000,0.0000,0
48,features.15,436,pruned_before,nan,0.000000e+00,0.000000e+00,0.0000,0.0000,0
48,features.15,437,pruned_before,nan,0.000000e+00,0.000000e+00,0.0000,0.0000,0
48,features.15,438,pruned_before,nan,0.000000e+00,0.000000e+00,0.0000,0.0000,0
48,features.15,439,pruned_before,nan,0.000000e+00,0.000000e+00,0.0000,0.0000,0
48,features.15,440,pruned_before,nan,0.000000e+00,0.000000e+00,0.0000,0.0000,0
48,features.15,441,pruned_before,nan,0.000000e+00,0.000000e+00,0.0000,0.0000,0
48,features.15,442,pruned_before,nan,0.000000e+00,0.000000e+00,0.0000,0.0000,0
48,features.15,443,pruned_before,nan,0.000000e+00,0.000000e+00,0.0000,0.0000,0
48,features.15,444,active,-0.116000,1.540803e-07,2.809681e-06,0.3600,0.1280,329
48,features.15,445,pruned_before,nan,0.000000e+00,0.000000e+00,0.0000,0.0000,0
48,features.15,446,pruned_before,nan,0.000000e+00,0.000000e+00,0.0000,0.0000,0
48,features.15,447,pruned_before,nan,0.000000e+00,0.000000e+00,0.0000,0.0000,0
48,features.15,448,pruned_before,nan,0.000000e+00,0.000000e+00,0.0000,0.0000,0
48,features.15,449,active,0.032000,5.432670e-08,4.345022e-06,0.1280,0.1920,329
48,features.15,450,pruned_before,nan,0.000000e+00,0.000000e+00,0.0000,0.0000,0
48,features.15,451,pruned_before,nan,0.000000e+00,0.000000e+00,0.0000,0.0000,0
48,features.15,452,pruned_before,nan,0.000000e+00,0.000000e+00,0.0000,0.0000,0
48,features.15,453,pruned_before,nan,0.000000e+00,0.000000e+00,0.0000,0.0000,0
48,features.15,454,pruned_before,nan,0.000000e+00,0.000000e+00,0.0000,0.0000,0
48,features.15,455,pruned_before,nan,0.000000e+00,0.000000e+00,0.0000,0.0000,0
48,features.15,456,pruned_before,nan,0.000000e+00,0.000000e+00,0.0000,0.0000,0
48,features.15,457,active,-0.160000,1.781474e-07,1.113525e-06,0.3920,0.0720,329
48,features.15,458,pruned_before,nan,0.000000e+00,0.000000e+00,0.0000,0.0000,0
48,features.15,459,pruned_before,nan,0.000000e+00,0.000000e+00,0.0000,0.0000,0
48,features.15,460,pruned_before,nan,0.000000e+00,0.000000e+00,0.0000,0.0000,0
48,features.15,461,pruned_before,nan,0.000000e+00,0.000000e+00,0.0000,0.0000,0
48,features.15,462,pruned_before,nan,0.000000e+00,0.000000e+00,0.0000,0.0000,0
48,features.15,463,pruned_before,nan,0.000000e+00,0.000000e+00,0.0000,0.0000,0
48,features.15,464,pruned_before,nan,0.000000e+00,0.000000e+00,0.0000,0.0000,0
48,features.15,465,active,0.076000,8.460900e-08,1.035882e-05,0.2000,0.3520,329
48,features.15,466,pruned_before,nan,0.000000e+00,0.000000e+00,0.0000,0.0000,0
48,features.15,467,pruned_before,nan,0.000000e+00,0.000000e+00,0.0000,0.0000,0
48,features.15,468,pruned_before,nan,0.000000e+00,0.000000e+00,0.0000,0.0000,0
48,features.15,469,active,-0.004000,9.631648e-08,6.297636e-06,0.2320,0.2240,329
48,features.15,470,pruned_before,nan,0.000000e+00,0.000000e+00,0.0000,0.0000,0
48,features.15,471,active,-0.088000,3.390892e-07,1.292441e-05,0.5600,0.3840,329
48,features.15,472,active,-0.104000,1.083218e-05,4.341811e-05,1.0000,0.7920,329
48,features.15,473,pruned_before,nan,0.000000e+00,0.000000e+00,0.0000,0.0000,0
48,features.15,474,pruned_before,nan,0.000000e+00,0.000000e+00,0.0000,0.0000,0
48,features.15,475,pruned_before,nan,0.000000e+00,0.000000e+00,0.0000,0.0000,0
48,features.15,476,pruned_before,nan,0.000000e+00,0.000000e+00,0.0000,0.0000,0
48,features.15,477,pruned_before,nan,0.000000e+00,0.000000e+00,0.0000,0.0000,0
48,features.15,478,pruned_before,nan,0.000000e+00,0.000000e+00,0.0000,0.0000,0
48,features.15,479,pruned_before,nan,0.000000e+00,0.000000e+00,0.0000,0.0000,0
48,features.15,480,pruned_before,nan,0.000000e+00,0.000000e+00,0.0000,0.0000,0
48,features.15,481,pruned_before,nan,0.000000e+00,0.000000e+00,0.0000,0.0000,0
48,features.15,482,pruned_before,nan,0.000000e+00,0.000000e+00,0.0000,0.0000,0
48,features.15,483,pruned_before,nan,0.000000e+00,0.000000e+00,0.0000,0.0000,0
48,features.15,484,active,0.120000,8.162871e-09,6.701989e-06,0.0080,0.2480,329
48,features.15,485,pruned_before,nan,0.000000e+00,0.000000e+00,0.0000,0.0000,0
48,features.15,486,pruned_before,nan,0.000000e+00,0.000000e+00,0.0000,0.0000,0
48,features.15,487,pruned_before,nan,0.000000e+00,0.000000e+00,0.0000,0.0000,0
48,features.15,488,pruned_before,nan,0.000000e+00,0.000000e+00,0.0000,0.0000,0
48,features.15,489,pruned_before,nan,0.000000e+00,0.000000e+00,0.0000,0.0000,0
48,features.15,490,pruned_before,nan,0.000000e+00,0.000000e+00,0.0000,0.0000,0
48,features.15,491,pruned_before,nan,0.000000e+00,0.000000e+00,0.0000,0.0000,0
48,features.15,492,active,-0.096000,1.451885e-06,3.536117e-05,0.9280,0.7360,329
48,features.15,493,pruned_before,nan,0.000000e+00,0.000000e+00,0.0000,0.0000,0
48,features.15,494,pruned_before,nan,0.000000e+00,0.000000e+00,0.0000,0.0000,0
48,features.15,495,pruned_before,nan,0.000000e+00,0.000000e+00,0.0000,0.0000,0
48,features.15,496,pruned_before,nan,0.000000e+00,0.000000e+00,0.0000,0.0000,0
48,features.15,497,pruned_before,nan,0.000000e+00,0.000000e+00,0.0000,0.0000,0
48,features.15,498,pruned_before,nan,0.000000e+00,0.000000e+00,0.0000,0.0000,0
48,features.15,499,pruned_before,nan,0.000000e+00,0.000000e+00,0.0000,0.0000,0
48,features.15,500,pruned_before,nan,0.000000e+00,0.000000e+00,0.0000,0.0000,0
48,features.15,501,pruned_before,nan,0.000000e+00,0.000000e+00,0.0000,0.0000,0
48,features.15,502,pruned_before,nan,0.000000e+00,0.000000e+00,0.0000,0.0000,0
48,features.15,503,pruned_before,nan,0.000000e+00,0.000000e+00,0.0000,0.0000,0
48,features.15,504,active,-0.056000,1.005930e-06,3.665444e-05,0.8560,0.7440,329
48,features.15,505,pruned_before,nan,0.000000e+00,0.000000e+00,0.0000,0.0000,0
48,features.15,506,pruned_before,nan,0.000000e+00,0.000000e+00,0.0000,0.0000,0
48,features.15,507,pruned_before,nan,0.000000e+00,0.000000e+00,0.0000,0.0000,0
48,features.15,508,pruned_before,nan,0.000000e+00,0.000000e+00,0.0000,0.0000,0
48,features.15,509,pruned_before,nan,0.000000e+00,0.000000e+00,0.0000,0.0000,0
48,features.15,510,pruned_before,nan,0.000000e+00,0.000000e+00,0.0000,0.0000,0
48,features.15,511,pruned_before,nan,0.000000e+00,0.000000e+00,0.0000,0.0000,0
48,features.15,512,active,0.040000,3.090999e-07,2.464949e-05,0.5120,0.5920,329
48,features.15,513,pruned_before,nan,0.000000e+00,0.000000e+00,0.0000,0.0000,0
48,features.15,514,pruned_before,nan,0.000000e+00,0.000000e+00,0.0000,0.0000,0
48,features.15,515,pruned_before,nan,0.000000e+00,0.000000e+00,0.0000,0.0000,0
48,features.15,516,pruned_before,nan,0.000000e+00,0.000000e+00,0.0000,0.0000,0
48,features.15,517,pruned_before,nan,0.000000e+00,0.000000e+00,0.0000,0.0000,0
48,features.15,518,pruned_before,nan,0.000000e+00,0.000000e+00,0.0000,0.0000,0
48,features.15,519,pruned_before,nan,0.000000e+00,0.000000e+00,0.0000,0.0000,0
48,features.15,520,active,-0.076000,4.643249e-07,1.978923e-05,0.6720,0.5200,329
48,features.15,521,pruned_before,nan,0.000000e+00,0.000000e+00,0.0000,0.0000,0
48,features.15,522,pruned_before,nan,0.000000e+00,0.000000e+00,0.0000,0.0000,0
48,features.15,523,pruned_before,nan,0.000000e+00,0.000000e+00,0.0000,0.0000,0
48,features.15,524,active,0.156000,3.034758e-07,4.719266e-05,0.5040,0.8160,329
48,features.15,525,pruned_before,nan,0.000000e+00,0.000000e+00,0.0000,0.0000,0
48,features.15,526,active,-0.160000,5.842624e-07,1.433392e-05,0.7440,0.4240,329
48,features.15,527,pruned_before,nan,0.000000e+00,0.000000e+00,0.0000,0.0000,0
48,features.15,528,pruned_before,nan,0.000000e+00,0.000000e+00,0.0000,0.0000,0
48,features.15,529,pruned_before,nan,0.000000e+00,0.000000e+00,0.0000,0.0000,0
48,features.15,530,pruned_before,nan,0.000000e+00,0.000000e+00,0.0000,0.0000,0
48,features.15,531,pruned_before,nan,0.000000e+00,0.000000e+00,0.0000,0.0000,0
48,features.15,532,pruned_before,nan,0.000000e+00,0.000000e+00,0.0000,0.0000,0
48,features.15,533,pruned_before,nan,0.000000e+00,0.000000e+00,0.0000,0.0000,0
48,features.15,534,pruned_before,nan,0.000000e+00,0.000000e+00,0.0000,0.0000,0
48,features.15,535,pruned_before,nan,0.000000e+00,0.000000e+00,0.0000,0.0000,0
48,features.15,536,pruned_before,nan,0.000000e+00,0.000000e+00,0.0000,0.0000,0
48,features.15,537,pruned_before,nan,0.000000e+00,0.000000e+00,0.0000,0.0000,0
48,features.15,538,pruned_before,nan,0.000000e+00,0.000000e+00,0.0000,0.0000,0
48,features.15,539,pruned_before,nan,0.000000e+00,0.000000e+00,0.0000,0.0000,0
48,features.15,540,pruned_before,nan,0.000000e+00,0.000000e+00,0.0000,0.0000,0
48,features.15,541,pruned_before,nan,0.000000e+00,0.000000e+00,0.0000,0.0000,0
48,features.15,542,pruned_before,nan,0.000000e+00,0.000000e+00,0.0000,0.0000,0
48,features.15,543,pruned_before,nan,0.000000e+00,0.000000e+00,0.0000,0.0000,0
48,features.15,544,pruned_before,nan,0.000000e+00,0.000000e+00,0.0000,0.0000,0
48,features.15,545,pruned_before,nan,0.000000e+00,0.000000e+00,0.0000,0.0000,0
48,features.15,546,pruned_before,nan,0.000000e+00,0.000000e+00,0.0000,0.0000,0
48,features.15,547,pruned_before,nan,0.000000e+00,0.000000e+00,0.0000,0.0000,0
48,features.15,548,pruned_before,nan,0.000000e+00,0.000000e+00,0.0000,0.0000,0
48,features.15,549,pruned_before,nan,0.000000e+00,0.000000e+00,0.0000,0.0000,0
48,features.15,550,pruned_before,nan,0.000000e+00,0.000000e+00,0.0000,0.0000,0
48,features.15,551,pruned_before,nan,0.000000e+00,0.000000e+00,0.0000,0.0000,0
48,features.15,552,pruned_before,nan,0.000000e+00,0.000000e+00,0.0000,0.0000,0
48,features.15,553,pruned_before,nan,0.000000e+00,0.000000e+00,0.0000,0.0000,0
48,features.15,554,pruned_before,nan,0.000000e+00,0.000000e+00,0.0000,0.0000,0
48,features.15,555,pruned_before,nan,0.000000e+00,0.000000e+00,0.0000,0.0000,0
48,features.15,556,pruned_before,nan,0.000000e+00,0.000000e+00,0.0000,0.0000,0
48,features.15,557,active,0.012000,3.618305e-08,2.215271e-06,0.0800,0.1040,329
48,features.15,558,pruned_before,nan,0.000000e+00,0.000000e+00,0.0000,0.0000,0
48,features.15,559,pruned_before,nan,0.000000e+00,0.000000e+00,0.0000,0.0000,0
48,features.15,560,pruned_before,nan,0.000000e+00,0.000000e+00,0.0000,0.0000,0
48,features.15,561,pruned_before,nan,0.000000e+00,0.000000e+00,0.0000,0.0000,0
48,features.15,562,pruned_before,nan,0.000000e+00,0.000000e+00,0.0000,0.0000,0
48,features.15,563,pruned_before,nan,0.000000e+00,0.000000e+00,0.0000,0.0000,0
48,features.15,564,pruned_before,nan,0.000000e+00,0.000000e+00,0.0000,0.0000,0
48,features.15,565,pruned_before,nan,0.000000e+00,0.000000e+00,0.0000,0.0000,0
48,features.15,566,pruned_before,nan,0.000000e+00,0.000000e+00,0.0000,0.0000,0
48,features.15,567,pruned_before,nan,0.000000e+00,0.000000e+00,0.0000,0.0000,0
48,features.15,568,pruned_before,nan,0.000000e+00,0.000000e+00,0.0000,0.0000,0
48,features.15,569,pruned_before,nan,0.000000e+00,0.000000e+00,0.0000,0.0000,0
48,features.15,570,pruned_before,nan,0.000000e+00,0.000000e+00,0.0000,0.0000,0
48,features.15,571,pruned_before,nan,0.000000e+00,0.000000e+00,0.0000,0.0000,0
48,features.15,572,pruned_before,nan,0.000000e+00,0.000000e+00,0.0000,0.0000,0
48,features.15,573,pruned_before,nan,0.000000e+00,0.000000e+00,0.0000,0.0000,0
48,features.15,574,pruned_before,nan,0.000000e+00,0.000000e+00,0.0000,0.0000,0
48,features.15,575,pruned_before,nan,0.000000e+00,0.000000e+00,0.0000,0.0000,0
48,features.15,576,pruned_before,nan,0.000000e+00,0.000000e+00,0.0000,0.0000,0
48,features.15,577,pruned_before,nan,0.000000e+00,0.000000e+00,0.0000,0.0000,0
48,features.15,578,pruned_before,nan,0.000000e+00,0.000000e+00,0.0000,0.0000,0
48,features.15,579,pruned_before,nan,0.000000e+00,0.000000e+00,0.0000,0.0000,0
48,features.15,580,pruned_before,nan,0.000000e+00,0.000000e+00,0.0000,0.0000,0
48,features.15,581,pruned_before,nan,0.000000e+00,0.000000e+00,0.0000,0.0000,0
48,features.15,582,pruned_before,nan,0.000000e+00,0.000000e+00,0.0000,0.0000,0
48,features.15,583,active,0.108000,1.033947e-07,1.715170e-05,0.2560,0.4720,329
48,features.15,584,pruned_before,nan,0.000000e+00,0.000000e+00,0.0000,0.0000,0
48,features.15,585,pruned_before,nan,0.000000e+00,0.000000e+00,0.0000,0.0000,0
48,features.15,586,pruned_before,nan,0.000000e+00,0.000000e+00,0.0000,0.0000,0
48,features.15,587,pruned_before,nan,0.000000e+00,0.000000e+00,0.0000,0.0000,0
48,features.15,588,pruned_before,nan,0.000000e+00,0.000000e+00,0.0000,0.0000,0
48,features.15,589,pruned_before,nan,0.000000e+00,0.000000e+00,0.0000,0.0000,0
48,features.15,590,pruned_before,nan,0.000000e+00,0.000000e+00,0.0000,0.0000,0
48,features.15,591,pruned_before,nan,0.000000e+00,0.000000e+00,0.0000,0.0000,0
48,features.15,592,pruned_before,nan,0.000000e+00,0.000000e+00,0.0000,0.0000,0
48,features.15,593,pruned_before,nan,0.000000e+00,0.000000e+00,0.0000,0.0000,0
48,features.15,594,active,-0.040000,3.324548e-07,1.694137e-05,0.5440,0.4640,329
48,features.15,595,pruned_before,nan,0.000000e+00,0.000000e+00,0.0000,0.0000,0
48,features.15,596,pruned_before,nan,0.000000e+00,0.000000e+00,0.0000,0.0000,0
48,features.15,597,pruned_before,nan,0.000000e+00,0.000000e+00,0.0000,0.0000,0
48,features.15,598,pruned_before,nan,0.000000e+00,0.000000e+00,0.0000,0.0000,0
48,features.15,599,pruned_before,nan,0.000000e+00,0.000000e+00,0.0000,0.0000,0
48,features.15,600,pruned_before,nan,0.000000e+00,0.000000e+00,0.0000,0.0000,0
48,features.15,601,pruned_before,nan,0.000000e+00,0.000000e+00,0.0000,0.0000,0
48,features.15,602,pruned_before,nan,0.000000e+00,0.000000e+00,0.0000,0.0000,0
48,features.15,603,active,0.004000,5.046723e-08,2.520437e-06,0.1120,0.1200,329
48,features.15,604,active,0.260000,2.233178e-07,2.389367e-04,0.4480,0.9680,329
48,features.15,605,pruned_before,nan,0.000000e+00,0.000000e+00,0.0000,0.0000,0
48,features.15,606,pruned_before,nan,0.000000e+00,0.000000e+00,0.0000,0.0000,0
48,features.15,607,pruned_before,nan,0.000000e+00,0.000000e+00,0.0000,0.0000,0
48,features.15,608,pruned_before,nan,0.000000e+00,0.000000e+00,0.0000,0.0000,0
48,features.15,609,pruned_before,nan,0.000000e+00,0.000000e+00,0.0000,0.0000,0
48,features.15,610,active,0.048000,6.018347e-08,6.337807e-06,0.1360,0.2320,329
48,features.15,611,pruned_before,nan,0.000000e+00,0.000000e+00,0.0000,0.0000,0
48,features.15,612,pruned_before,nan,0.000000e+00,0.000000e+00,0.0000,0.0000,0
48,features.15,613,active,-0.072000,7.512715e-08,2.413501e-07,0.1680,0.0240,329
48,features.15,614,pruned_before,nan,0.000000e+00,0.000000e+00,0.0000,0.0000,0
48,features.15,615,pruned_before,nan,0.000000e+00,0.000000e+00,0.0000,0.0000,0
48,features.15,616,pruned_before,nan,0.000000e+00,0.000000e+00,0.0000,0.0000,0
48,features.15,617,active,-0.120000,1.006405e-07,1.424124e-07,0.2480,0.0080,329
48,features.15,618,pruned_before,nan,0.000000e+00,0.000000e+00,0.0000,0.0000,0
48,features.15,619,pruned_before,nan,0.000000e+00,0.000000e+00,0.0000,0.0000,0
48,features.15,620,pruned_before,nan,0.000000e+00,0.000000e+00,0.0000,0.0000,0
48,features.15,621,pruned_before,nan,0.000000e+00,0.000000e+00,0.0000,0.0000,0
48,features.15,622,pruned_before,nan,0.000000e+00,0.000000e+00,0.0000,0.0000,0
48,features.15,623,pruned_before,nan,0.000000e+00,0.000000e+00,0.0000,0.0000,0
48,features.15,624,pruned_before,nan,0.000000e+00,0.000000e+00,0.0000,0.0000,0
48,features.15,625,pruned_before,nan,0.000000e+00,0.000000e+00,0.0000,0.0000,0
48,features.15,626,pruned_before,nan,0.000000e+00,0.000000e+00,0.0000,0.0000,0
48,features.15,627,pruned_before,nan,0.000000e+00,0.000000e+00,0.0000,0.0000,0
48,features.15,628,pruned_before,nan,0.000000e+00,0.000000e+00,0.0000,0.0000,0
48,features.15,629,pruned_before,nan,0.000000e+00,0.000000e+00,0.0000,0.0000,0
48,features.15,630,pruned_before,nan,0.000000e+00,0.000000e+00,0.0000,0.0000,0
48,features.15,631,pruned_before,nan,0.000000e+00,0.000000e+00,0.0000,0.0000,0
48,features.15,632,pruned_before,nan,0.000000e+00,0.000000e+00,0.0000,0.0000,0
48,features.15,633,pruned_before,nan,0.000000e+00,0.000000e+00,0.0000,0.0000,0
48,features.15,634,pruned_before,nan,0.000000e+00,0.000000e+00,0.0000,0.0000,0
48,features.15,635,active,-0.144000,2.164267e-07,3.613135e-06,0.4400,0.1520,329
48,features.15,636,pruned_before,nan,0.000000e+00,0.000000e+00,0.0000,0.0000,0
48,features.15,637,pruned_before,nan,0.000000e+00,0.000000e+00,0.0000,0.0000,0
48,features.15,638,pruned_before,nan,0.000000e+00,0.000000e+00,0.0000,0.0000,0
48,features.15,639,pruned_before,nan,0.000000e+00,0.000000e+00,0.0000,0.0000,0
48,features.15,640,active,0.036000,4.653364e-08,3.843666e-06,0.1040,0.1760,329
48,features.15,641,pruned_before,nan,0.000000e+00,0.000000e+00,0.0000,0.0000,0
48,features.15,642,pruned_before,nan,0.000000e+00,0.000000e+00,0.0000,0.0000,0
48,features.15,643,pruned_before,nan,0.000000e+00,0.000000e+00,0.0000,0.0000,0
48,features.15,644,pruned_before,nan,0.000000e+00,0.000000e+00,0.0000,0.0000,0
48,features.15,645,pruned_before,nan,0.000000e+00,0.000000e+00,0.0000,0.0000,0
48,features.15,646,pruned_before,nan,0.000000e+00,0.000000e+00,0.0000,0.0000,0
48,features.15,647,pruned_before,nan,0.000000e+00,0.000000e+00,0.0000,0.0000,0
48,features.15,648,pruned_before,nan,0.000000e+00,0.000000e+00,0.0000,0.0000,0
48,features.15,649,pruned_before,nan,0.000000e+00,0.000000e+00,0.0000,0.0000,0
48,features.15,650,pruned_before,nan,0.000000e+00,0.000000e+00,0.0000,0.0000,0
48,features.15,651,active,0.024000,1.091785e-06,1.212058e-04,0.8800,0.9280,329
48,features.15,652,pruned_before,nan,0.000000e+00,0.000000e+00,0.0000,0.0000,0
48,features.15,653,pruned_before,nan,0.000000e+00,0.000000e+00,0.0000,0.0000,0
48,features.15,654,pruned_before,nan,0.000000e+00,0.000000e+00,0.0000,0.0000,0
48,features.15,655,pruned_before,nan,0.000000e+00,0.000000e+00,0.0000,0.0000,0
48,features.15,656,pruned_before,nan,0.000000e+00,0.000000e+00,0.0000,0.0000,0
48,features.15,657,pruned_before,nan,0.000000e+00,0.000000e+00,0.0000,0.0000,0
48,features.15,658,active,0.036000,1.155496e-07,1.078289e-05,0.2960,0.3680,329
48,features.15,659,pruned_before,nan,0.000000e+00,0.000000e+00,0.0000,0.0000,0
48,features.15,660,pruned_before,nan,0.000000e+00,0.000000e+00,0.0000,0.0000,0
48,features.15,661,pruned_before,nan,0.000000e+00,0.000000e+00,0.0000,0.0000,0
48,features.15,662,pruned_before,nan,0.000000e+00,0.000000e+00,0.0000,0.0000,0
48,features.15,663,active,0.024000,6.138405e-07,4.939617e-05,0.7760,0.8240,329
48,features.15,664,pruned_before,nan,0.000000e+00,0.000000e+00,0.0000,0.0000,0
48,features.15,665,pruned_before,nan,0.000000e+00,0.000000e+00,0.0000,0.0000,0
48,features.15,666,pruned_before,nan,0.000000e+00,0.000000e+00,0.0000,0.0000,0
48,features.15,667,active,0.300000,1.687508e-08,2.558473e-05,0.0160,0.6160,329
48,features.15,668,pruned_before,nan,0.000000e+00,0.000000e+00,0.0000,0.0000,0
48,features.15,669,pruned_before,nan,0.000000e+00,0.000000e+00,0.0000,0.0000,0
48,features.15,670,pruned_before,nan,0.000000e+00,0.000000e+00,0.0000,0.0000,0
48,features.15,671,pruned_before,nan,0.000000e+00,0.000000e+00,0.0000,0.0000,0
48,features.15,672,pruned_before,nan,0.000000e+00,0.000000e+00,0.0000,0.0000,0
48,features.15,673,active,-0.072000,3.440397e-07,1.533869e-05,0.5760,0.4320,329
48,features.15,674,pruned_before,nan,0.000000e+00,0.000000e+00,0.0000,0.0000,0
48,features.15,675,pruned_before,nan,0.000000e+00,0.000000e+00,0.0000,0.0000,0
48,features.15,676,pruned_before,nan,0.000000e+00,0.000000e+00,0.0000,0.0000,0
48,features.15,677,pruned_before,nan,0.000000e+00,0.000000e+00,0.0000,0.0000,0
48,features.15,678,pruned_before,nan,0.000000e+00,0.000000e+00,0.0000,0.0000,0
48,features.15,679,pruned_before,nan,0.000000e+00,0.000000e+00,0.0000,0.0000,0
48,features.15,680,pruned_before,nan,0.000000e+00,0.000000e+00,0.0000,0.0000,0
48,features.15,681,active,-0.040000,1.465790e-07,7.229638e-06,0.3360,0.2560,329
48,features.15,682,pruned_before,nan,0.000000e+00,0.000000e+00,0.0000,0.0000,0
48,features.15,683,pruned_before,nan,0.000000e+00,0.000000e+00,0.0000,0.0000,0
48,features.15,684,pruned_before,nan,0.000000e+00,0.000000e+00,0.0000,0.0000,0
48,features.15,685,pruned_before,nan,0.000000e+00,0.000000e+00,0.0000,0.0000,0
48,features.15,686,pruned_before,nan,0.000000e+00,0.000000e+00,0.0000,0.0000,0
48,features.15,687,pruned_before,nan,0.000000e+00,0.000000e+00,0.0000,0.0000,0
48,features.15,688,pruned_before,nan,0.000000e+00,0.000000e+00,0.0000,0.0000,0
48,features.15,689,pruned_before,nan,0.000000e+00,0.000000e+00,0.0000,0.0000,0
48,features.15,690,pruned_before,nan,0.000000e+00,0.000000e+00,0.0000,0.0000,0
48,features.15,691,active,0.008000,2.695192e-08,8.527273e-07,0.0320,0.0480,329
48,features.15,692,pruned_before,nan,0.000000e+00,0.000000e+00,0.0000,0.0000,0
48,features.15,693,pruned_before,nan,0.000000e+00,0.000000e+00,0.0000,0.0000,0
48,features.15,694,pruned_before,nan,0.000000e+00,0.000000e+00,0.0000,0.0000,0
48,features.15,695,pruned_before,nan,0.000000e+00,0.000000e+00,0.0000,0.0000,0
48,features.15,696,active,0.076000,6.695394e-08,8.498353e-06,0.1440,0.2960,329
48,features.15,697,pruned_before,nan,0.000000e+00,0.000000e+00,0.0000,0.0000,0
48,features.15,698,pruned_before,nan,0.000000e+00,0.000000e+00,0.0000,0.0000,0
48,features.15,699,pruned_before,nan,0.000000e+00,0.000000e+00,0.0000,0.0000,0
48,features.15,700,active,0.048000,3.849426e-07,3.233903e-05,0.6000,0.6960,329
48,features.15,701,pruned_before,nan,0.000000e+00,0.000000e+00,0.0000,0.0000,0
48,features.15,702,pruned_before,nan,0.000000e+00,0.000000e+00,0.0000,0.0000,0
48,features.15,703,pruned_before,nan,0.000000e+00,0.000000e+00,0.0000,0.0000,0
48,features.15,704,pruned_before,nan,0.000000e+00,0.000000e+00,0.0000,0.0000,0
48,features.15,705,pruned_before,nan,0.000000e+00,0.000000e+00,0.0000,0.0000,0
48,features.15,706,pruned_before,nan,0.000000e+00,0.000000e+00,0.0000,0.0000,0
48,features.15,707,pruned_before,nan,0.000000e+00,0.000000e+00,0.0000,0.0000,0
48,features.15,708,pruned_before,nan,0.000000e+00,0.000000e+00,0.0000,0.0000,0
48,features.15,709,pruned_before,nan,0.000000e+00,0.000000e+00,0.0000,0.0000,0
48,features.15,710,pruned_before,nan,0.000000e+00,0.000000e+00,0.0000,0.0000,0
48,features.15,711,pruned_before,nan,0.000000e+00,0.000000e+00,0.0000,0.0000,0
48,features.15,712,active,0.240000,2.922740e-08,2.035083e-05,0.0560,0.5360,329
48,features.15,713,pruned_before,nan,0.000000e+00,0.000000e+00,0.0000,0.0000,0
48,features.15,714,pruned_before,nan,0.000000e+00,0.000000e+00,0.0000,0.0000,0
48,features.15,715,active,0.152000,2.671256e-08,9.920666e-06,0.0240,0.3280,329
48,features.15,716,pruned_before,nan,0.000000e+00,0.000000e+00,0.0000,0.0000,0
48,features.15,717,pruned_before,nan,0.000000e+00,0.000000e+00,0.0000,0.0000,0
48,features.15,718,pruned_before,nan,0.000000e+00,0.000000e+00,0.0000,0.0000,0
48,features.15,719,pruned_before,nan,0.000000e+00,0.000000e+00,0.0000,0.0000,0
48,features.15,720,pruned_before,nan,0.000000e+00,0.000000e+00,0.0000,0.0000,0
48,features.15,721,pruned_before,nan,0.000000e+00,0.000000e+00,0.0000,0.0000,0
48,features.15,722,pruned_before,nan,0.000000e+00,0.000000e+00,0.0000,0.0000,0
48,features.15,723,pruned_before,nan,0.000000e+00,0.000000e+00,0.0000,0.0000,0
48,features.15,724,pruned_before,nan,0.000000e+00,0.000000e+00,0.0000,0.0000,0
48,features.15,725,pruned_before,nan,0.000000e+00,0.000000e+00,0.0000,0.0000,0
48,features.15,726,pruned_before,nan,0.000000e+00,0.000000e+00,0.0000,0.0000,0
48,features.15,727,pruned_before,nan,0.000000e+00,0.000000e+00,0.0000,0.0000,0
48,features.15,728,pruned_before,nan,0.000000e+00,0.000000e+00,0.0000,0.0000,0
48,features.15,729,pruned_before,nan,0.000000e+00,0.000000e+00,0.0000,0.0000,0
48,features.15,730,pruned_before,nan,0.000000e+00,0.000000e+00,0.0000,0.0000,0
48,features.15,731,pruned_before,nan,0.000000e+00,0.000000e+00,0.0000,0.0000,0
48,features.15,732,pruned_before,nan,0.000000e+00,0.000000e+00,0.0000,0.0000,0
48,features.15,733,pruned_before,nan,0.000000e+00,0.000000e+00,0.0000,0.0000,0
48,features.15,734,pruned_before,nan,0.000000e+00,0.000000e+00,0.0000,0.0000,0
48,features.15,735,pruned_before,nan,0.000000e+00,0.000000e+00,0.0000,0.0000,0
48,features.15,736,pruned_before,nan,0.000000e+00,0.000000e+00,0.0000,0.0000,0
48,features.15,737,pruned_before,nan,0.000000e+00,0.000000e+00,0.0000,0.0000,0
48,features.15,738,pruned_now,-0.188000,3.586501e-07,5.886844e-06,0.5920,0.2160,329
48,features.15,739,active,-0.060000,3.859849e-07,1.790816e-05,0.6080,0.4880,329
48,features.15,740,active,0.112000,1.122136e-07,1.874062e-05,0.2720,0.4960,329
48,features.15,741,pruned_before,nan,0.000000e+00,0.000000e+00,0.0000,0.0000,0
48,features.15,742,pruned_before,nan,0.000000e+00,0.000000e+00,0.0000,0.0000,0
48,features.15,743,pruned_before,nan,0.000000e+00,0.000000e+00,0.0000,0.0000,0
48,features.15,744,active,-0.128000,1.664079e-06,3.118167e-05,0.9360,0.6800,329
48,features.15,745,pruned_before,nan,0.000000e+00,0.000000e+00,0.0000,0.0000,0
48,features.15,746,pruned_before,nan,0.000000e+00,0.000000e+00,0.0000,0.0000,0
48,features.15,747,pruned_before,nan,0.000000e+00,0.000000e+00,0.0000,0.0000,0
48,features.15,748,pruned_before,nan,0.000000e+00,0.000000e+00,0.0000,0.0000,0
48,features.15,749,active,-0.088000,2.328348e-07,7.990534e-06,0.4560,0.2800,329
48,features.15,750,pruned_before,nan,0.000000e+00,0.000000e+00,0.0000,0.0000,0
48,features.15,751,pruned_before,nan,0.000000e+00,0.000000e+00,0.0000,0.0000,0
48,features.15,752,pruned_before,nan,0.000000e+00,0.000000e+00,0.0000,0.0000,0
48,features.15,753,pruned_before,nan,0.000000e+00,0.000000e+00,0.0000,0.0000,0
48,features.15,754,pruned_before,nan,0.000000e+00,0.000000e+00,0.0000,0.0000,0
48,features.15,755,pruned_before,nan,0.000000e+00,0.000000e+00,0.0000,0.0000,0
48,features.15,756,active,-0.076000,6.820824e-08,1.346591e-07,0.1520,0.0000,329
48,features.15,757,protected,0.080000,9.337102e-07,1.528675e-03,0.8400,1.0000,329
48,features.15,758,pruned_before,nan,0.000000e+00,0.000000e+00,0.0000,0.0000,0
48,features.15,759,pruned_before,nan,0.000000e+00,0.000000e+00,0.0000,0.0000,0
48,features.15,760,pruned_before,nan,0.000000e+00,0.000000e+00,0.0000,0.0000,0
48,features.15,761,pruned_before,nan,0.000000e+00,0.000000e+00,0.0000,0.0000,0
48,features.15,762,pruned_before,nan,0.000000e+00,0.000000e+00,0.0000,0.0000,0
48,features.15,763,active,0.056000,4.479527e-07,4.032427e-05,0.6560,0.7680,329
48,features.15,764,pruned_before,nan,0.000000e+00,0.000000e+00,0.0000,0.0000,0
48,features.15,765,pruned_before,nan,0.000000e+00,0.000000e+00,0.0000,0.0000,0
48,features.15,766,pruned_before,nan,0.000000e+00,0.000000e+00,0.0000,0.0000,0
48,features.15,767,pruned_before,nan,0.000000e+00,0.000000e+00,0.0000,0.0000,0
48,features.15,768,pruned_before,nan,0.000000e+00,0.000000e+00,0.0000,0.0000,0
48,features.15,769,pruned_before,nan,0.000000e+00,0.000000e+00,0.0000,0.0000,0
48,features.15,770,pruned_before,nan,0.000000e+00,0.000000e+00,0.0000,0.0000,0
48,features.15,771,pruned_before,nan,0.000000e+00,0.000000e+00,0.0000,0.0000,0
48,features.15,772,pruned_before,nan,0.000000e+00,0.000000e+00,0.0000,0.0000,0
48,features.15,773,pruned_before,nan,0.000000e+00,0.000000e+00,0.0000,0.0000,0
48,features.15,774,pruned_before,nan,0.000000e+00,0.000000e+00,0.0000,0.0000,0
48,features.15,775,pruned_before,nan,0.000000e+00,0.000000e+00,0.0000,0.0000,0
48,features.15,776,pruned_before,nan,0.000000e+00,0.000000e+00,0.0000,0.0000,0
48,features.15,777,pruned_before,nan,0.000000e+00,0.000000e+00,0.0000,0.0000,0
48,features.15,778,active,0.056000,1.579966e-07,1.739488e-05,0.3680,0.4800,329
48,features.15,779,pruned_before,nan,0.000000e+00,0.000000e+00,0.0000,0.0000,0
48,features.15,780,active,0.120000,4.533355e-08,1.013889e-05,0.0960,0.3360,329
48,features.15,781,pruned_before,nan,0.000000e+00,0.000000e+00,0.0000,0.0000,0
48,features.15,782,pruned_before,nan,0.000000e+00,0.000000e+00,0.0000,0.0000,0
48,features.15,783,pruned_before,nan,0.000000e+00,0.000000e+00,0.0000,0.0000,0
48,features.15,784,pruned_before,nan,0.000000e+00,0.000000e+00,0.0000,0.0000,0
48,features.15,785,pruned_before,nan,0.000000e+00,0.000000e+00,0.0000,0.0000,0
48,features.15,786,pruned_before,nan,0.000000e+00,0.000000e+00,0.0000,0.0000,0
48,features.15,787,active,-0.056000,2.131621e-07,9.664906e-06,0.4320,0.3200,329
48,features.15,788,pruned_before,nan,0.000000e+00,0.000000e+00,0.0000,0.0000,0
48,features.15,789,pruned_before,nan,0.000000e+00,0.000000e+00,0.0000,0.0000,0
48,features.15,790,pruned_before,nan,0.000000e+00,0.000000e+00,0.0000,0.0000,0
48,features.15,791,active,0.088000,2.927390e-07,3.028424e-05,0.4960,0.6720,329
48,features.15,792,pruned_before,nan,0.000000e+00,0.000000e+00,0.0000,0.0000,0
48,features.15,793,pruned_before,nan,0.000000e+00,0.000000e+00,0.0000,0.0000,0
48,features.15,794,pruned_before,nan,0.000000e+00,0.000000e+00,0.0000,0.0000,0
48,features.15,795,pruned_before,nan,0.000000e+00,0.000000e+00,0.0000,0.0000,0
48,features.15,796,pruned_before,nan,0.000000e+00,0.000000e+00,0.0000,0.0000,0
48,features.15,797,pruned_before,nan,0.000000e+00,0.000000e+00,0.0000,0.0000,0
48,features.15,798,pruned_before,nan,0.000000e+00,0.000000e+00,0.0000,0.0000,0
48,features.15,799,pruned_before,nan,0.000000e+00,0.000000e+00,0.0000,0.0000,0
48,features.15,800,pruned_before,nan,0.000000e+00,0.000000e+00,0.0000,0.0000,0
48,features.15,801,pruned_before,nan,0.000000e+00,0.000000e+00,0.0000,0.0000,0
48,features.15,802,pruned_before,nan,0.000000e+00,0.000000e+00,0.0000,0.0000,0
48,features.15,803,pruned_before,nan,0.000000e+00,0.000000e+00,0.0000,0.0000,0
48,features.15,804,pruned_before,nan,0.000000e+00,0.000000e+00,0.0000,0.0000,0
48,features.15,805,pruned_before,nan,0.000000e+00,0.000000e+00,0.0000,0.0000,0
48,features.15,806,active,-0.068000,4.515582e-07,2.027200e-05,0.6640,0.5280,329
48,features.15,807,active,0.060000,9.925368e-08,1.072329e-05,0.2400,0.3600,329
48,features.15,808,pruned_before,nan,0.000000e+00,0.000000e+00,0.0000,0.0000,0
48,features.15,809,pruned_before,nan,0.000000e+00,0.000000e+00,0.0000,0.0000,0
48,features.15,810,pruned_before,nan,0.000000e+00,0.000000e+00,0.0000,0.0000,0
48,features.15,811,pruned_before,nan,0.000000e+00,0.000000e+00,0.0000,0.0000,0
48,features.15,812,pruned_before,nan,0.000000e+00,0.000000e+00,0.0000,0.0000,0
48,features.15,813,pruned_before,nan,0.000000e+00,0.000000e+00,0.0000,0.0000,0
48,features.15,814,pruned_before,nan,0.000000e+00,0.000000e+00,0.0000,0.0000,0
48,features.15,815,pruned_before,nan,0.000000e+00,0.000000e+00,0.0000,0.0000,0
48,features.15,816,pruned_before,nan,0.000000e+00,0.000000e+00,0.0000,0.0000,0
48,features.15,817,pruned_before,nan,0.000000e+00,0.000000e+00,0.0000,0.0000,0
48,features.15,818,pruned_before,nan,0.000000e+00,0.000000e+00,0.0000,0.0000,0
48,features.15,819,pruned_before,nan,0.000000e+00,0.000000e+00,0.0000,0.0000,0
48,features.15,820,pruned_before,nan,0.000000e+00,0.000000e+00,0.0000,0.0000,0
48,features.15,821,active,-0.040000,1.901623e-06,6.421073e-05,0.9520,0.8720,329
48,features.15,822,pruned_before,nan,0.000000e+00,0.000000e+00,0.0000,0.0000,0
48,features.15,823,pruned_before,nan,0.000000e+00,0.000000e+00,0.0000,0.0000,0
48,features.15,824,pruned_before,nan,0.000000e+00,0.000000e+00,0.0000,0.0000,0
48,features.15,825,pruned_before,nan,0.000000e+00,0.000000e+00,0.0000,0.0000,0
48,features.15,826,pruned_before,nan,0.000000e+00,0.000000e+00,0.0000,0.0000,0
48,features.15,827,pruned_before,nan,0.000000e+00,0.000000e+00,0.0000,0.0000,0
48,features.15,828,pruned_before,nan,0.000000e+00,0.000000e+00,0.0000,0.0000,0
48,features.15,829,pruned_before,nan,0.000000e+00,0.000000e+00,0.0000,0.0000,0
48,features.15,830,pruned_before,nan,0.000000e+00,0.000000e+00,0.0000,0.0000,0
48,features.15,831,pruned_before,nan,0.000000e+00,0.000000e+00,0.0000,0.0000,0
48,features.15,832,pruned_before,nan,0.000000e+00,0.000000e+00,0.0000,0.0000,0
48,features.15,833,pruned_before,nan,0.000000e+00,0.000000e+00,0.0000,0.0000,0
48,features.15,834,pruned_before,nan,0.000000e+00,0.000000e+00,0.0000,0.0000,0
48,features.15,835,pruned_before,nan,0.000000e+00,0.000000e+00,0.0000,0.0000,0
48,features.15,836,pruned_before,nan,0.000000e+00,0.000000e+00,0.0000,0.0000,0
48,features.15,837,pruned_before,nan,0.000000e+00,0.000000e+00,0.0000,0.0000,0
48,features.15,838,pruned_before,nan,0.000000e+00,0.000000e+00,0.0000,0.0000,0
48,features.15,839,pruned_before,nan,0.000000e+00,0.000000e+00,0.0000,0.0000,0
48,features.15,840,active,0.168000,2.537008e-07,4.358925e-05,0.4640,0.8000,329
48,features.15,841,pruned_before,nan,0.000000e+00,0.000000e+00,0.0000,0.0000,0
48,features.15,842,pruned_before,nan,0.000000e+00,0.000000e+00,0.0000,0.0000,0
48,features.15,843,pruned_before,nan,0.000000e+00,0.000000e+00,0.0000,0.0000,0
48,features.15,844,pruned_before,nan,0.000000e+00,0.000000e+00,0.0000,0.0000,0
48,features.15,845,active,0.096000,5.045620e-07,7.415652e-05,0.6960,0.8880,329
48,features.15,846,active,-0.160000,2.680156e-07,3.696951e-06,0.4800,0.1600,329
48,features.15,847,pruned_before,nan,0.000000e+00,0.000000e+00,0.0000,0.0000,0
48,features.15,848,pruned_before,nan,0.000000e+00,0.000000e+00,0.0000,0.0000,0
48,features.15,849,pruned_before,nan,0.000000e+00,0.000000e+00,0.0000,0.0000,0
48,features.15,850,pruned_before,nan,0.000000e+00,0.000000e+00,0.0000,0.0000,0
48,features.15,851,pruned_before,nan,0.000000e+00,0.000000e+00,0.0000,0.0000,0
48,features.15,852,pruned_before,nan,0.000000e+00,0.000000e+00,0.0000,0.0000,0
48,features.15,853,pruned_before,nan,0.000000e+00,0.000000e+00,0.0000,0.0000,0
48,features.15,854,pruned_before,nan,0.000000e+00,0.000000e+00,0.0000,0.0000,0
48,features.15,855,pruned_before,nan,0.000000e+00,0.000000e+00,0.0000,0.0000,0
48,features.15,856,pruned_before,nan,0.000000e+00,0.000000e+00,0.0000,0.0000,0
48,features.15,857,pruned_before,nan,0.000000e+00,0.000000e+00,0.0000,0.0000,0
48,features.15,858,pruned_before,nan,0.000000e+00,0.000000e+00,0.0000,0.0000,0
48,features.15,859,pruned_before,nan,0.000000e+00,0.000000e+00,0.0000,0.0000,0
48,features.15,860,pruned_before,nan,0.000000e+00,0.000000e+00,0.0000,0.0000,0
48,features.15,861,pruned_before,nan,0.000000e+00,0.000000e+00,0.0000,0.0000,0
48,features.15,862,pruned_before,nan,0.000000e+00,0.000000e+00,0.0000,0.0000,0
48,features.15,863,pruned_before,nan,0.000000e+00,0.000000e+00,0.0000,0.0000,0
48,features.15,864,pruned_before,nan,0.000000e+00,0.000000e+00,0.0000,0.0000,0
48,features.15,865,pruned_before,nan,0.000000e+00,0.000000e+00,0.0000,0.0000,0
48,features.15,866,pruned_before,nan,0.000000e+00,0.000000e+00,0.0000,0.0000,0
48,features.15,867,pruned_before,nan,0.000000e+00,0.000000e+00,0.0000,0.0000,0
48,features.15,868,pruned_before,nan,0.000000e+00,0.000000e+00,0.0000,0.0000,0
48,features.15,869,pruned_before,nan,0.000000e+00,0.000000e+00,0.0000,0.0000,0
48,features.15,870,pruned_before,nan,0.000000e+00,0.000000e+00,0.0000,0.0000,0
48,features.15,871,pruned_before,nan,0.000000e+00,0.000000e+00,0.0000,0.0000,0
48,features.15,872,pruned_before,nan,0.000000e+00,0.000000e+00,0.0000,0.0000,0
48,features.15,873,pruned_before,nan,0.000000e+00,0.000000e+00,0.0000,0.0000,0
48,features.15,874,pruned_before,nan,0.000000e+00,0.000000e+00,0.0000,0.0000,0
48,features.15,875,pruned_before,nan,0.000000e+00,0.000000e+00,0.0000,0.0000,0
48,features.15,876,pruned_before,nan,0.000000e+00,0.000000e+00,0.0000,0.0000,0
48,features.15,877,active,-0.100000,4.372282e-07,1.623269e-05,0.6480,0.4480,329
48,features.15,878,pruned_before,nan,0.000000e+00,0.000000e+00,0.0000,0.0000,0
48,features.15,879,active,0.012000,2.883829e-08,9.581320e-07,0.0400,0.0640,329
48,features.15,880,pruned_before,nan,0.000000e+00,0.000000e+00,0.0000,0.0000,0
48,features.15,881,pruned_before,nan,0.000000e+00,0.000000e+00,0.0000,0.0000,0
48,features.15,882,pruned_before,nan,0.000000e+00,0.000000e+00,0.0000,0.0000,0
48,features.15,883,active,-0.056000,2.011321e-07,8.603627e-06,0.4240,0.3120,329
48,features.15,884,pruned_before,nan,0.000000e+00,0.000000e+00,0.0000,0.0000,0
48,features.15,885,pruned_before,nan,0.000000e+00,0.000000e+00,0.0000,0.0000,0
48,features.15,886,pruned_before,nan,0.000000e+00,0.000000e+00,0.0000,0.0000,0
48,features.15,887,active,-0.068000,1.787081e-07,7.593666e-06,0.4000,0.2640,329
48,features.15,888,pruned_before,nan,0.000000e+00,0.000000e+00,0.0000,0.0000,0
48,features.15,889,active,0.148000,4.817105e-07,3.467832e-04,0.6880,0.9840,329
48,features.15,890,pruned_before,nan,0.000000e+00,0.000000e+00,0.0000,0.0000,0
48,features.15,891,pruned_before,nan,0.000000e+00,0.000000e+00,0.0000,0.0000,0
48,features.15,892,pruned_before,nan,0.000000e+00,0.000000e+00,0.0000,0.0000,0
48,features.15,893,pruned_before,nan,0.000000e+00,0.000000e+00,0.0000,0.0000,0
48,features.15,894,pruned_before,nan,0.000000e+00,0.000000e+00,0.0000,0.0000,0
48,features.15,895,pruned_before,nan,0.000000e+00,0.000000e+00,0.0000,0.0000,0
48,features.15,896,pruned_before,nan,0.000000e+00,0.000000e+00,0.0000,0.0000,0
48,features.15,897,pruned_before,nan,0.000000e+00,0.000000e+00,0.0000,0.0000,0
48,features.15,898,pruned_before,nan,0.000000e+00,0.000000e+00,0.0000,0.0000,0
48,features.15,899,pruned_before,nan,0.000000e+00,0.000000e+00,0.0000,0.0000,0
48,features.15,900,pruned_before,nan,0.000000e+00,0.000000e+00,0.0000,0.0000,0
48,features.15,901,active,0.040000,4.751171e-07,3.914401e-05,0.6800,0.7600,329
48,features.15,902,pruned_before,nan,0.000000e+00,0.000000e+00,0.0000,0.0000,0
48,features.15,903,pruned_before,nan,0.000000e+00,0.000000e+00,0.0000,0.0000,0
48,features.15,904,pruned_before,nan,0.000000e+00,0.000000e+00,0.0000,0.0000,0
48,features.15,905,pruned_before,nan,0.000000e+00,0.000000e+00,0.0000,0.0000,0
48,features.15,906,pruned_before,nan,0.000000e+00,0.000000e+00,0.0000,0.0000,0
48,features.15,907,pruned_before,nan,0.000000e+00,0.000000e+00,0.0000,0.0000,0
48,features.15,908,pruned_before,nan,0.000000e+00,0.000000e+00,0.0000,0.0000,0
48,features.15,909,pruned_before,nan,0.000000e+00,0.000000e+00,0.0000,0.0000,0
48,features.15,910,pruned_before,nan,0.000000e+00,0.000000e+00,0.0000,0.0000,0
48,features.15,911,pruned_before,nan,0.000000e+00,0.000000e+00,0.0000,0.0000,0
48,features.15,912,pruned_before,nan,0.000000e+00,0.000000e+00,0.0000,0.0000,0
48,features.15,913,pruned_before,nan,0.000000e+00,0.000000e+00,0.0000,0.0000,0
48,features.15,914,pruned_before,nan,0.000000e+00,0.000000e+00,0.0000,0.0000,0
48,features.15,915,pruned_before,nan,0.000000e+00,0.000000e+00,0.0000,0.0000,0
48,features.15,916,pruned_before,nan,0.000000e+00,0.000000e+00,0.0000,0.0000,0
48,features.15,917,pruned_before,nan,0.000000e+00,0.000000e+00,0.0000,0.0000,0
48,features.15,918,pruned_before,nan,0.000000e+00,0.000000e+00,0.0000,0.0000,0
48,features.15,919,pruned_before,nan,0.000000e+00,0.000000e+00,0.0000,0.0000,0
48,features.15,920,pruned_before,nan,0.000000e+00,0.000000e+00,0.0000,0.0000,0
48,features.15,921,pruned_before,nan,0.000000e+00,0.000000e+00,0.0000,0.0000,0
48,features.15,922,active,-0.012000,6.936336e-08,2.937889e-06,0.1600,0.1360,329
48,features.15,923,pruned_before,nan,0.000000e+00,0.000000e+00,0.0000,0.0000,0
48,features.15,924,pruned_before,nan,0.000000e+00,0.000000e+00,0.0000,0.0000,0
48,features.15,925,pruned_before,nan,0.000000e+00,0.000000e+00,0.0000,0.0000,0
48,features.15,926,pruned_before,nan,0.000000e+00,0.000000e+00,0.0000,0.0000,0
48,features.15,927,pruned_before,nan,0.000000e+00,0.000000e+00,0.0000,0.0000,0
48,features.15,928,pruned_before,nan,0.000000e+00,0.000000e+00,0.0000,0.0000,0
48,features.15,929,pruned_before,nan,0.000000e+00,0.000000e+00,0.0000,0.0000,0
48,features.15,930,pruned_before,nan,0.000000e+00,0.000000e+00,0.0000,0.0000,0
48,features.15,931,pruned_before,nan,0.000000e+00,0.000000e+00,0.0000,0.0000,0
48,features.15,932,active,0.032000,1.141859e-06,1.607841e-04,0.8960,0.9600,329
48,features.15,933,active,0.104000,4.299085e-07,6.254378e-05,0.6400,0.8480,329
48,features.15,934,pruned_before,nan,0.000000e+00,0.000000e+00,0.0000,0.0000,0
48,features.15,935,pruned_before,nan,0.000000e+00,0.000000e+00,0.0000,0.0000,0
48,features.15,936,pruned_before,nan,0.000000e+00,0.000000e+00,0.0000,0.0000,0
48,features.15,937,pruned_before,nan,0.000000e+00,0.000000e+00,0.0000,0.0000,0
48,features.15,938,pruned_before,nan,0.000000e+00,0.000000e+00,0.0000,0.0000,0
48,features.15,939,pruned_before,nan,0.000000e+00,0.000000e+00,0.0000,0.0000,0
48,features.15,940,pruned_before,nan,0.000000e+00,0.000000e+00,0.0000,0.0000,0
48,features.15,941,pruned_before,nan,0.000000e+00,0.000000e+00,0.0000,0.0000,0
48,features.15,942,pruned_before,nan,0.000000e+00,0.000000e+00,0.0000,0.0000,0
48,features.15,943,pruned_before,nan,0.000000e+00,0.000000e+00,0.0000,0.0000,0
48,features.15,944,pruned_before,nan,0.000000e+00,0.000000e+00,0.0000,0.0000,0
48,features.15,945,pruned_before,nan,0.000000e+00,0.000000e+00,0.0000,0.0000,0
48,features.15,946,pruned_before,nan,0.000000e+00,0.000000e+00,0.0000,0.0000,0
48,features.15,947,pruned_before,nan,0.000000e+00,0.000000e+00,0.0000,0.0000,0
48,features.15,948,pruned_before,nan,0.000000e+00,0.000000e+00,0.0000,0.0000,0
48,features.15,949,pruned_before,nan,0.000000e+00,0.000000e+00,0.0000,0.0000,0
48,features.15,950,active,-0.040000,2.834555e-06,8.908435e-05,0.9840,0.9040,329
48,features.15,951,pruned_before,nan,0.000000e+00,0.000000e+00,0.0000,0.0000,0
48,features.15,952,pruned_before,nan,0.000000e+00,0.000000e+00,0.0000,0.0000,0
48,features.15,953,pruned_before,nan,0.000000e+00,0.000000e+00,0.0000,0.0000,0
48,features.15,954,pruned_before,nan,0.000000e+00,0.000000e+00,0.0000,0.0000,0
48,features.15,955,active,0.024000,3.223094e-07,2.370075e-05,0.5360,0.5840,329
48,features.15,956,pruned_before,nan,0.000000e+00,0.000000e+00,0.0000,0.0000,0
48,features.15,957,pruned_before,nan,0.000000e+00,0.000000e+00,0.0000,0.0000,0
48,features.15,958,pruned_before,nan,0.000000e+00,0.000000e+00,0.0000,0.0000,0
48,features.15,959,pruned_before,nan,0.000000e+00,0.000000e+00,0.0000,0.0000,0
48,features.16,0,pruned_before,nan,0.000000e+00,0.000000e+00,0.0000,0.0000,0
48,features.16,1,pruned_before,nan,0.000000e+00,0.000000e+00,0.0000,0.0000,0
48,features.16,2,active,-0.076562,1.129189e-07,3.746324e-07,0.3500,0.1969,329
48,features.16,3,pruned_before,nan,0.000000e+00,0.000000e+00,0.0000,0.0000,0
48,features.16,4,pruned_before,nan,0.000000e+00,0.000000e+00,0.0000,0.0000,0
48,features.16,5,pruned_before,nan,0.000000e+00,0.000000e+00,0.0000,0.0000,0
48,features.16,6,active,-0.006250,1.044589e-08,1.842131e-08,0.0281,0.0156,329
48,features.16,7,active,-0.031250,2.863381e-08,8.995968e-09,0.0750,0.0125,329
48,features.16,8,active,-0.110938,1.364780e-06,2.998215e-06,0.9250,0.7031,329
48,features.16,9,active,-0.093750,8.487345e-07,2.606009e-06,0.8406,0.6531,329
48,features.16,10,active,-0.043750,1.044082e-06,4.818545e-06,0.8875,0.8000,329
48,features.16,11,pruned_before,nan,0.000000e+00,0.000000e+00,0.0000,0.0000,0
48,features.16,12,pruned_before,nan,0.000000e+00,0.000000e+00,0.0000,0.0000,0
48,features.16,13,pruned_before,nan,0.000000e+00,0.000000e+00,0.0000,0.0000,0
48,features.16,14,pruned_before,nan,0.000000e+00,0.000000e+00,0.0000,0.0000,0
48,features.16,15,active,-0.004687,3.793276e-07,2.801114e-06,0.6906,0.6813,329
48,features.16,16,active,0.162500,1.495561e-07,3.522208e-06,0.4313,0.7563,329
48,features.16,17,pruned_before,nan,0.000000e+00,0.000000e+00,0.0000,0.0000,0
48,features.16,18,active,-0.096875,1.602956e-07,5.409866e-07,0.4594,0.2656,329
48,features.16,19,pruned_before,nan,0.000000e+00,0.000000e+00,0.0000,0.0000,0
48,features.16,20,pruned_before,nan,0.000000e+00,0.000000e+00,0.0000,0.0000,0
48,features.16,21,active,0.085938,1.001526e-07,1.479291e-06,0.3156,0.4875,329
48,features.16,22,active,-0.056250,1.892693e-07,9.442444e-07,0.5125,0.4000,329
48,features.16,23,active,0.092187,8.717070e-08,1.310455e-06,0.2844,0.4688,329
48,features.16,24,active,0.335938,9.532017e-08,1.896892e-05,0.3063,0.9781,329
48,features.16,25,pruned_before,nan,0.000000e+00,0.000000e+00,0.0000,0.0000,0
48,features.16,26,pruned_before,nan,0.000000e+00,0.000000e+00,0.0000,0.0000,0
48,features.16,27,pruned_before,nan,0.000000e+00,0.000000e+00,0.0000,0.0000,0
48,features.16,28,pruned_before,nan,0.000000e+00,0.000000e+00,0.0000,0.0000,0
48,features.16,29,pruned_now,-0.214063,3.656840e-07,4.938370e-07,0.6750,0.2469,329
48,features.16,30,pruned_before,nan,0.000000e+00,0.000000e+00,0.0000,0.0000,0
48,features.16,31,pruned_before,nan,0.000000e+00,0.000000e+00,0.0000,0.0000,0
48,features.16,32,active,-0.148438,2.309125e-07,5.862386e-07,0.5781,0.2812,329
48,features.16,33,pruned_before,nan,0.000000e+00,0.000000e+00,0.0000,0.0000,0
48,features.16,34,active,0.109375,4.612659e-08,7.495988e-07,0.1250,0.3438,329
48,features.16,35,active,-0.021875,5.432525e-08,1.578567e-07,0.1531,0.1094,329
48,features.16,36,pruned_now,-0.218750,8.063306e-07,9.264454e-07,0.8313,0.3938,329
48,features.16,37,pruned_before,nan,0.000000e+00,0.000000e+00,0.0000,0.0000,0
48,features.16,38,active,0.246875,1.849500e-08,1.799867e-06,0.0531,0.5469,329
48,features.16,39,pruned_before,nan,0.000000e+00,0.000000e+00,0.0000,0.0000,0
48,features.16,40,pruned_before,nan,0.000000e+00,0.000000e+00,0.0000,0.0000,0
48,features.16,41,pruned_before,nan,0.000000e+00,0.000000e+00,0.0000,0.0000,0
48,features.16,42,pruned_before,nan,0.000000e+00,0.000000e+00,0.0000,0.0000,0
48,features.16,43,active,-0.079688,6.452411e-08,6.451574e-08,0.2094,0.0500,329
48,features.16,44,pruned_before,nan,0.000000e+00,0.000000e+00,0.0000,0.0000,0
48,features.16,45,pruned_before,nan,0.000000e+00,0.000000e+00,0.0000,0.0000,0
48,features.16,46,active,0.095313,6.295908e-07,2.966776e-05,0.7937,0.9844,329
48,features.16,47,pruned_before,nan,0.000000e+00,0.000000e+00,0.0000,0.0000,0
48,features.16,48,pruned_before,nan,0.000000e+00,0.000000e+00,0.0000,0.0000,0
48,features.16,49,pruned_before,nan,0.000000e+00,0.000000e+00,0.0000,0.0000,0
48,features.16,50,pruned_before,nan,0.000000e+00,0.000000e+00,0.0000,0.0000,0
48,features.16,51,pruned_before,nan,0.000000e+00,0.000000e+00,0.0000,0.0000,0
48,features.16,52,pruned_before,nan,0.000000e+00,0.000000e+00,0.0000,0.0000,0
48,features.16,53,active,-0.148438,2.169791e-06,2.608923e-06,0.9563,0.6594,329
48,features.16,54,pruned_before,nan,0.000000e+00,0.000000e+00,0.0000,0.0000,0
48,features.16,55,active,0.237500,1.202842e-07,5.676666e-06,0.3656,0.8406,329
48,features.16,56,active,0.057813,5.323610e-08,5.371181e-07,0.1469,0.2625,329
48,features.16,57,pruned_before,nan,0.000000e+00,0.000000e+00,0.0000,0.0000,0
48,features.16,58,active,-0.043750,1.883534e-07,9.838806e-07,0.5063,0.4188,329
48,features.16,59,pruned_before,nan,0.000000e+00,0.000000e+00,0.0000,0.0000,0
48,features.16,60,pruned_before,nan,0.000000e+00,0.000000e+00,0.0000,0.0000,0
48,features.16,61,active,-0.021875,1.666817e-07,1.037936e-06,0.4750,0.4313,329
48,features.16,62,pruned_before,nan,0.000000e+00,0.000000e+00,0.0000,0.0000,0
48,features.16,63,pruned_before,nan,0.000000e+00,0.000000e+00,0.0000,0.0000,0
48,features.16,64,pruned_before,nan,0.000000e+00,0.000000e+00,0.0000,0.0000,0
48,features.16,65,active,0.198437,2.160373e-08,1.241731e-06,0.0625,0.4594,329
48,features.16,66,pruned_before,nan,0.000000e+00,0.000000e+00,0.0000,0.0000,0
48,features.16,67,pruned_before,nan,0.000000e+00,0.000000e+00,0.0000,0.0000,0
48,features.16,68,pruned_before,nan,0.000000e+00,0.000000e+00,0.0000,0.0000,0
48,features.16,69,pruned_before,nan,0.000000e+00,0.000000e+00,0.0000,0.0000,0
48,features.16,70,active,-0.037500,8.986352e-07,4.153969e-06,0.8594,0.7844,329
48,features.16,71,active,0.331250,6.380358e-08,6.186134e-06,0.2062,0.8688,329
48,features.16,72,pruned_before,nan,0.000000e+00,0.000000e+00,0.0000,0.0000,0
48,features.16,73,pruned_before,nan,0.000000e+00,0.000000e+00,0.0000,0.0000,0
48,features.16,74,pruned_before,nan,0.000000e+00,0.000000e+00,0.0000,0.0000,0
48,features.16,75,pruned_before,nan,0.000000e+00,0.000000e+00,0.0000,0.0000,0
48,features.16,76,pruned_before,nan,0.000000e+00,0.000000e+00,0.0000,0.0000,0
48,features.16,77,active,-0.043750,1.629594e-06,5.831537e-06,0.9375,0.8500,329
48,features.16,78,pruned_before,nan,0.000000e+00,0.000000e+00,0.0000,0.0000,0
48,features.16,79,pruned_before,nan,0.000000e+00,0.000000e+00,0.0000,0.0000,0
48,features.16,80,active,0.000000,0.000000e+00,0.000000e+00,0.0063,0.0063,329
48,features.16,81,pruned_before,nan,0.000000e+00,0.000000e+00,0.0000,0.0000,0
48,features.16,82,active,-0.126562,2.986455e-07,9.055441e-07,0.6406,0.3875,329
48,features.16,83,pruned_before,nan,0.000000e+00,0.000000e+00,0.0000,0.0000,0
48,features.16,84,pruned_before,nan,0.000000e+00,0.000000e+00,0.0000,0.0000,0
48,features.16,85,pruned_before,nan,0.000000e+00,0.000000e+00,0.0000,0.0000,0
48,features.16,86,active,-0.100000,7.343971e-08,4.788747e-08,0.2406,0.0406,329
48,features.16,87,pruned_before,nan,0.000000e+00,0.000000e+00,0.0000,0.0000,0
48,features.16,88,pruned_before,nan,0.000000e+00,0.000000e+00,0.0000,0.0000,0
48,features.16,89,active,0.035938,5.789945e-08,4.770133e-07,0.1688,0.2406,329
48,features.16,90,pruned_before,nan,0.000000e+00,0.000000e+00,0.0000,0.0000,0
48,features.16,91,pruned_before,nan,0.000000e+00,0.000000e+00,0.0000,0.0000,0
48,features.16,92,pruned_before,nan,0.000000e+00,0.000000e+00,0.0000,0.0000,0
48,features.16,93,pruned_before,nan,0.000000e+00,0.000000e+00,0.0000,0.0000,0
48,features.16,94,pruned_before,nan,0.000000e+00,0.000000e+00,0.0000,0.0000,0
48,features.16,95,active,-0.125000,1.624693e-07,4.139774e-07,0.4656,0.2156,329
48,features.16,96,pruned_before,nan,0.000000e+00,0.000000e+00,0.0000,0.0000,0
48,features.16,97,pruned_before,nan,0.000000e+00,0.000000e+00,0.0000,0.0000,0
48,features.16,98,pruned_before,nan,0.000000e+00,0.000000e+00,0.0000,0.0000,0
48,features.16,99,pruned_before,nan,0.000000e+00,0.000000e+00,0.0000,0.0000,0
48,features.16,100,pruned_before,nan,0.000000e+00,0.000000e+00,0.0000,0.0000,0
48,features.16,101,pruned_before,nan,0.000000e+00,0.000000e+00,0.0000,0.0000,0
48,features.16,102,pruned_before,nan,0.000000e+00,0.000000e+00,0.0000,0.0000,0
48,features.16,103,pruned_now,-0.204688,3.066642e-06,1.906255e-06,0.9719,0.5625,329
48,features.16,104,pruned_before,nan,0.000000e+00,0.000000e+00,0.0000,0.0000,0
48,features.16,105,pruned_before,nan,0.000000e+00,0.000000e+00,0.0000,0.0000,0
48,features.16,106,pruned_before,nan,0.000000e+00,0.000000e+00,0.0000,0.0000,0
48,features.16,107,active,-0.059375,1.047863e-06,3.858065e-06,0.8906,0.7719,329
48,features.16,108,active,0.065625,9.820770e-08,1.056184e-06,0.3094,0.4406,329
48,features.16,109,pruned_before,nan,0.000000e+00,0.000000e+00,0.0000,0.0000,0
48,features.16,110,pruned_before,nan,0.000000e+00,0.000000e+00,0.0000,0.0000,0
48,features.16,111,pruned_before,nan,0.000000e+00,0.000000e+00,0.0000,0.0000,0
48,features.16,112,pruned_before,nan,0.000000e+00,0.000000e+00,0.0000,0.0000,0
48,features.16,113,active,-0.156250,1.514483e-07,1.738639e-07,0.4344,0.1219,329
48,features.16,114,pruned_before,nan,0.000000e+00,0.000000e+00,0.0000,0.0000,0
48,features.16,115,active,0.001563,7.783805e-07,5.628772e-06,0.8281,0.8313,329
48,features.16,116,active,0.017188,4.238279e-08,2.243972e-07,0.1125,0.1469,329
48,features.16,117,active,0.025000,1.001731e-06,1.263716e-05,0.8844,0.9344,329
48,features.16,118,pruned_before,nan,0.000000e+00,0.000000e+00,0.0000,0.0000,0
48,features.16,119,pruned_before,nan,0.000000e+00,0.000000e+00,0.0000,0.0000,0
48,features.16,120,pruned_before,nan,0.000000e+00,0.000000e+00,0.0000,0.0000,0
48,features.16,121,active,0.056250,1.797906e-07,2.363581e-06,0.4969,0.6094,329
48,features.16,122,pruned_before,nan,0.000000e+00,0.000000e+00,0.0000,0.0000,0
48,features.16,123,pruned_before,nan,0.000000e+00,0.000000e+00,0.0000,0.0000,0
48,features.16,124,active,-0.059375,2.077530e-07,9.619816e-07,0.5281,0.4094,329
48,features.16,125,active,-0.134375,2.870606e-07,8.400383e-07,0.6313,0.3625,329
48,features.16,126,pruned_before,nan,0.000000e+00,0.000000e+00,0.0000,0.0000,0
48,features.16,127,active,0.079688,1.237388e-07,1.727742e-06,0.3781,0.5375,329
48,features.16,128,pruned_before,nan,0.000000e+00,0.000000e+00,0.0000,0.0000,0
48,features.16,129,active,0.110938,4.584079e-07,1.529922e-05,0.7344,0.9563,329
48,features.16,130,pruned_before,nan,0.000000e+00,0.000000e+00,0.0000,0.0000,0
48,features.16,131,active,-0.129688,2.372143e-07,6.776922e-07,0.5875,0.3281,329
48,features.16,132,active,0.021875,8.529065e-07,7.052401e-06,0.8469,0.8906,329
48,features.16,133,pruned_now,-0.251563,2.788767e-07,1.709303e-07,0.6188,0.1156,329
48,features.16,134,active,-0.007812,5.160811e-07,3.364468e-06,0.7563,0.7406,329
48,features.16,135,pruned_before,nan,0.000000e+00,0.000000e+00,0.0000,0.0000,0
48,features.16,136,pruned_before,nan,0.000000e+00,0.000000e+00,0.0000,0.0000,0
48,features.16,137,active,-0.132812,1.766425e-07,4.560563e-07,0.4906,0.2250,329
48,features.16,138,pruned_before,nan,0.000000e+00,0.000000e+00,0.0000,0.0000,0
48,features.16,139,pruned_before,nan,0.000000e+00,0.000000e+00,0.0000,0.0000,0
48,features.16,140,pruned_before,nan,0.000000e+00,0.000000e+00,0.0000,0.0000,0
48,features.16,141,active,-0.109375,5.130915e-07,1.724882e-06,0.7531,0.5344,329
48,features.16,142,pruned_before,nan,0.000000e+00,0.000000e+00,0.0000,0.0000,0
48,features.16,143,pruned_before,nan,0.000000e+00,0.000000e+00,0.0000,0.0000,0
48,features.16,144,pruned_before,nan,0.000000e+00,0.000000e+00,0.0000,0.0000,0
48,features.16,145,active,0.193750,4.570247e-08,1.535187e-06,0.1219,0.5094,329
48,features.16,146,active,-0.137500,1.070317e-06,2.501293e-06,0.8969,0.6219,329
48,features.16,147,active,0.071875,3.466776e-07,5.013523e-06,0.6687,0.8125,329
48,features.16,148,pruned_before,nan,0.000000e+00,0.000000e+00,0.0000,0.0000,0
48,features.16,149,active,0.029687,1.161937e-07,9.769019e-07,0.3563,0.4156,329
48,features.16,150,active,-0.089062,6.756929e-07,2.511718e-06,0.8094,0.6313,329
48,features.16,151,active,-0.053125,8.839302e-08,3.429803e-07,0.2906,0.1844,329
48,features.16,152,pruned_before,nan,0.000000e+00,0.000000e+00,0.0000,0.0000,0
48,features.16,153,pruned_before,nan,0.000000e+00,0.000000e+00,0.0000,0.0000,0
48,features.16,154,pruned_before,nan,0.000000e+00,0.000000e+00,0.0000,0.0000,0
48,features.16,155,pruned_before,nan,0.000000e+00,0.000000e+00,0.0000,0.0000,0
48,features.16,156,pruned_before,nan,0.000000e+00,0.000000e+00,0.0000,0.0000,0
48,features.16,157,pruned_before,nan,0.000000e+00,0.000000e+00,0.0000,0.0000,0
48,features.16,158,pruned_before,nan,0.000000e+00,0.000000e+00,0.0000,0.0000,0
48,features.16,159,active,0.175000,5.385688e-08,1.507691e-06,0.1500,0.5000,329
48,features.16,160,pruned_before,nan,0.000000e+00,0.000000e+00,0.0000,0.0000,0
48,features.16,161,pruned_before,nan,0.000000e+00,0.000000e+00,0.0000,0.0000,0
48,features.16,162,pruned_before,nan,0.000000e+00,0.000000e+00,0.0000,0.0000,0
48,features.16,163,pruned_before,nan,0.000000e+00,0.000000e+00,0.0000,0.0000,0
48,features.16,164,pruned_before,nan,0.000000e+00,0.000000e+00,0.0000,0.0000,0
48,features.16,165,pruned_before,nan,0.000000e+00,0.000000e+00,0.0000,0.0000,0
48,features.16,166,pruned_before,nan,0.000000e+00,0.000000e+00,0.0000,0.0000,0
48,features.16,167,pruned_before,nan,0.000000e+00,0.000000e+00,0.0000,0.0000,0
48,features.16,168,pruned_before,nan,0.000000e+00,0.000000e+00,0.0000,0.0000,0
48,features.16,169,pruned_before,nan,0.000000e+00,0.000000e+00,0.0000,0.0000,0
48,features.16,170,pruned_before,nan,0.000000e+00,0.000000e+00,0.0000,0.0000,0
48,features.16,171,pruned_before,nan,0.000000e+00,0.000000e+00,0.0000,0.0000,0
48,features.16,172,pruned_before,nan,0.000000e+00,0.000000e+00,0.0000,0.0000,0
48,features.16,173,pruned_before,nan,0.000000e+00,0.000000e+00,0.0000,0.0000,0
48,features.16,174,pruned_before,nan,0.000000e+00,0.000000e+00,0.0000,0.0000,0
48,features.16,175,pruned_before,nan,0.000000e+00,0.000000e+00,0.0000,0.0000,0
48,features.16,176,pruned_before,nan,0.000000e+00,0.000000e+00,0.0000,0.0000,0
48,features.16,177,pruned_before,nan,0.000000e+00,0.000000e+00,0.0000,0.0000,0
48,features.16,178,pruned_before,nan,0.000000e+00,0.000000e+00,0.0000,0.0000,0
48,features.16,179,active,0.023438,2.710940e-09,7.509442e-08,0.0156,0.0625,329
48,features.16,180,active,0.040625,6.542965e-07,6.760639e-06,0.7969,0.8781,329
48,features.16,181,pruned_before,nan,0.000000e+00,0.000000e+00,0.0000,0.0000,0
48,features.16,182,active,0.042188,8.506275e-07,1.033017e-05,0.8438,0.9281,329
48,features.16,183,pruned_before,nan,0.000000e+00,0.000000e+00,0.0000,0.0000,0
48,features.16,184,pruned_before,nan,0.000000e+00,0.000000e+00,0.0000,0.0000,0
48,features.16,185,pruned_before,nan,0.000000e+00,0.000000e+00,0.0000,0.0000,0
48,features.16,186,pruned_before,nan,0.000000e+00,0.000000e+00,0.0000,0.0000,0
48,features.16,187,active,-0.015625,7.357496e-07,4.260488e-06,0.8188,0.7875,329
48,features.16,188,pruned_before,nan,0.000000e+00,0.000000e+00,0.0000,0.0000,0
48,features.16,189,pruned_before,nan,0.000000e+00,0.000000e+00,0.0000,0.0000,0
48,features.16,190,active,-0.012500,1.416417e-08,2.180537e-08,0.0437,0.0188,329
48,features.16,191,pruned_before,nan,0.000000e+00,0.000000e+00,0.0000,0.0000,0
48,features.16,192,pruned_before,nan,0.000000e+00,0.000000e+00,0.0000,0.0000,0
48,features.16,193,pruned_before,nan,0.000000e+00,0.000000e+00,0.0000,0.0000,0
48,features.16,194,pruned_before,nan,0.000000e+00,0.000000e+00,0.0000,0.0000,0
48,features.16,195,active,0.056250,1.339536e-07,1.565019e-06,0.4031,0.5156,329
48,features.16,196,pruned_before,nan,0.000000e+00,0.000000e+00,0.0000,0.0000,0
48,features.16,197,active,-0.115625,1.847411e-07,5.472242e-07,0.5000,0.2688,329
48,features.16,198,active,0.192188,5.746008e-08,1.802309e-06,0.1656,0.5500,329
48,features.16,199,pruned_before,nan,0.000000e+00,0.000000e+00,0.0000,0.0000,0
48,features.16,200,pruned_before,nan,0.000000e+00,0.000000e+00,0.0000,0.0000,0
48,features.16,201,pruned_before,nan,0.000000e+00,0.000000e+00,0.0000,0.0000,0
48,features.16,202,pruned_before,nan,0.000000e+00,0.000000e+00,0.0000,0.0000,0
48,features.16,203,pruned_before,nan,0.000000e+00,0.000000e+00,0.0000,0.0000,0
48,features.16,204,active,0.121875,6.757055e-08,1.303446e-06,0.2219,0.4656,329
48,features.16,205,pruned_before,nan,0.000000e+00,0.000000e+00,0.0000,0.0000,0
48,features.16,206,pruned_before,nan,0.000000e+00,0.000000e+00,0.0000,0.0000,0
48,features.16,207,active,-0.012500,5.259919e-08,1.721927e-07,0.1437,0.1187,329
48,features.16,208,active,-0.171875,1.524309e-07,1.422213e-07,0.4469,0.1031,329
48,features.16,209,active,0.146875,3.563356e-08,9.028335e-07,0.0906,0.3844,329
48,features.16,210,active,-0.043750,3.310768e-07,1.957113e-06,0.6562,0.5688,329
48,features.16,211,pruned_before,nan,0.000000e+00,0.000000e+00,0.0000,0.0000,0
48,features.16,212,pruned_before,nan,0.000000e+00,0.000000e+00,0.0000,0.0000,0
48,features.16,213,active,0.007812,1.112288e-06,9.125958e-06,0.9031,0.9187,329
48,features.16,214,pruned_before,nan,0.000000e+00,0.000000e+00,0.0000,0.0000,0
48,features.16,215,pruned_before,nan,0.000000e+00,0.000000e+00,0.0000,0.0000,0
48,features.16,216,pruned_before,nan,0.000000e+00,0.000000e+00,0.0000,0.0000,0
48,features.16,217,active,-0.115625,1.683832e-07,4.969282e-07,0.4813,0.2500,329
48,features.16,218,pruned_before,nan,0.000000e+00,0.000000e+00,0.0000,0.0000,0
48,features.16,219,pruned_before,nan,0.000000e+00,0.000000e+00,0.0000,0.0000,0
48,features.16,220,pruned_before,nan,0.000000e+00,0.000000e+00,0.0000,0.0000,0
48,features.16,221,active,0.343750,4.194855e-08,4.704099e-06,0.1094,0.7969,329
48,features.16,222,pruned_before,nan,0.000000e+00,0.000000e+00,0.0000,0.0000,0
48,features.16,223,pruned_before,nan,0.000000e+00,0.000000e+00,0.0000,0.0000,0
48,features.16,224,active,0.073438,5.488619e-08,6.567308e-07,0.1594,0.3063,329
48,features.16,225,pruned_before,nan,0.000000e+00,0.000000e+00,0.0000,0.0000,0
48,features.16,226,pruned_before,nan,0.000000e+00,0.000000e+00,0.0000,0.0000,0
48,features.16,227,active,-0.082813,1.304827e-07,4.569029e-07,0.3938,0.2281,329
48,features.16,228,active,0.093750,6.015850e-07,1.648311e-05,0.7781,0.9656,329
48,features.16,229,pruned_before,nan,0.000000e+00,0.000000e+00,0.0000,0.0000,0
48,features.16,230,active,0.062500,4.386694e-07,5.760390e-06,0.7188,0.8438,329
48,features.16,231,pruned_before,nan,0.000000e+00,0.000000e+00,0.0000,0.0000,0
48,features.16,232,active,0.126563,4.238030e-07,1.564359e-05,0.7063,0.9594,329
48,features.16,233,pruned_before,nan,0.000000e+00,0.000000e+00,0.0000,0.0000,0
48,features.16,234,pruned_before,nan,0.000000e+00,0.000000e+00,0.0000,0.0000,0
48,features.16,235,active,-0.148438,3.937952e-06,2.891650e-06,0.9906,0.6938,329
48,features.16,236,pruned_before,nan,0.000000e+00,0.000000e+00,0.0000,0.0000,0
48,features.16,237,pruned_before,nan,0.000000e+00,0.000000e+00,0.0000,0.0000,0
48,features.16,238,pruned_before,nan,0.000000e+00,0.000000e+00,0.0000,0.0000,0
48,features.16,239,pruned_before,nan,0.000000e+00,0.000000e+00,0.0000,0.0000,0
48,features.16,240,pruned_before,nan,0.000000e+00,0.000000e+00,0.0000,0.0000,0
48,features.16,241,pruned_before,nan,0.000000e+00,0.000000e+00,0.0000,0.0000,0
48,features.16,242,pruned_before,nan,0.000000e+00,0.000000e+00,0.0000,0.0000,0
48,features.16,243,pruned_before,nan,0.000000e+00,0.000000e+00,0.0000,0.0000,0
48,features.16,244,pruned_before,nan,0.000000e+00,0.000000e+00,0.0000,0.0000,0
48,features.16,245,pruned_before,nan,0.000000e+00,0.000000e+00,0.0000,0.0000,0
48,features.16,246,pruned_before,nan,0.000000e+00,0.000000e+00,0.0000,0.0000,0
48,features.16,247,pruned_before,nan,0.000000e+00,0.000000e+00,0.0000,0.0000,0
48,features.16,248,pruned_before,nan,0.000000e+00,0.000000e+00,0.0000,0.0000,0
48,features.16,249,active,0.109375,2.487519e-07,4.956806e-06,0.5906,0.8094,329
48,features.16,250,active,0.045313,4.363621e-07,4.941605e-06,0.7156,0.8063,329
48,features.16,251,active,-0.064063,2.168992e-07,1.005788e-06,0.5500,0.4219,329
48,features.16,252,active,-0.129688,1.110012e-07,9.032230e-08,0.3375,0.0781,329
48,features.16,253,pruned_before,nan,0.000000e+00,0.000000e+00,0.0000,0.0000,0
48,features.16,254,pruned_before,nan,0.000000e+00,0.000000e+00,0.0000,0.0000,0
48,features.16,255,pruned_before,nan,0.000000e+00,0.000000e+00,0.0000,0.0000,0
48,features.16,256,active,-0.153125,1.521451e-07,1.895386e-07,0.4406,0.1344,329
48,features.16,257,pruned_before,nan,0.000000e+00,0.000000e+00,0.0000,0.0000,0
48,features.16,258,active,-0.121875,2.617203e-07,8.099983e-07,0.6031,0.3594,329
48,features.16,259,active,-0.017188,3.226183e-06,1.332825e-05,0.9781,0.9438,329
48,features.16,260,active,0.098438,7.727250e-08,1.147705e-06,0.2531,0.4500,329
48,features.16,261,active,-0.162500,1.446731e-07,1.175748e-07,0.4219,0.0969,329
48,features.16,262,pruned_before,nan,0.000000e+00,0.000000e+00,0.0000,0.0000,0
48,features.16,263,pruned_before,nan,0.000000e+00,0.000000e+00,0.0000,0.0000,0
48,features.16,264,pruned_before,nan,0.000000e+00,0.000000e+00,0.0000,0.0000,0
48,features.16,265,pruned_before,nan,0.000000e+00,0.000000e+00,0.0000,0.0000,0
48,features.16,266,pruned_before,nan,0.000000e+00,0.000000e+00,0.0000,0.0000,0
48,features.16,267,pruned_before,nan,0.000000e+00,0.000000e+00,0.0000,0.0000,0
48,features.16,268,active,-0.089062,1.113197e-06,3.147447e-06,0.9062,0.7281,329
48,features.16,269,active,0.226563,7.506321e-08,2.948556e-06,0.2438,0.6969,329
48,features.16,270,pruned_before,nan,0.000000e+00,0.000000e+00,0.0000,0.0000,0
48,features.16,271,pruned_before,nan,0.000000e+00,0.000000e+00,0.0000,0.0000,0
48,features.16,272,active,0.060937,4.350439e-07,5.663845e-06,0.7125,0.8344,329
48,features.16,273,pruned_before,nan,0.000000e+00,0.000000e+00,0.0000,0.0000,0
48,features.16,274,pruned_before,nan,0.000000e+00,0.000000e+00,0.0000,0.0000,0
48,features.16,275,pruned_before,nan,0.000000e+00,0.000000e+00,0.0000,0.0000,0
48,features.16,276,active,0.075000,1.058618e-07,1.361110e-06,0.3281,0.4781,329
48,features.16,277,pruned_before,nan,0.000000e+00,0.000000e+00,0.0000,0.0000,0
48,features.16,278,pruned_before,nan,0.000000e+00,0.000000e+00,0.0000,0.0000,0
48,features.16,279,pruned_before,nan,0.000000e+00,0.000000e+00,0.0000,0.0000,0
48,features.16,280,pruned_before,nan,0.000000e+00,0.000000e+00,0.0000,0.0000,0
48,features.16,281,pruned_before,nan,0.000000e+00,0.000000e+00,0.0000,0.0000,0
48,features.16,282,pruned_before,nan,0.000000e+00,0.000000e+00,0.0000,0.0000,0
48,features.16,283,pruned_before,nan,0.000000e+00,0.000000e+00,0.0000,0.0000,0
48,features.16,284,pruned_before,nan,0.000000e+00,0.000000e+00,0.0000,0.0000,0
48,features.16,285,active,0.048437,1.898710e-08,2.278854e-07,0.0563,0.1531,329
48,features.16,286,active,0.057813,9.737472e-07,1.515783e-04,0.8781,0.9938,329
48,features.16,287,pruned_before,nan,0.000000e+00,0.000000e+00,0.0000,0.0000,0
48,features.16,288,pruned_before,nan,0.000000e+00,0.000000e+00,0.0000,0.0000,0
48,features.16,289,pruned_before,nan,0.000000e+00,0.000000e+00,0.0000,0.0000,0
48,features.16,290,pruned_before,nan,0.000000e+00,0.000000e+00,0.0000,0.0000,0
48,features.16,291,active,0.010938,1.325878e-06,1.306300e-05,0.9187,0.9406,329
48,features.16,292,active,-0.148438,1.470699e-07,1.802194e-07,0.4250,0.1281,329
48,features.16,293,pruned_before,nan,0.000000e+00,0.000000e+00,0.0000,0.0000,0
48,features.16,294,active,-0.132812,2.810680e-07,7.972866e-07,0.6219,0.3563,329
48,features.16,295,pruned_before,nan,0.000000e+00,0.000000e+00,0.0000,0.0000,0
48,features.16,296,pruned_before,nan,0.000000e+00,0.000000e+00,0.0000,0.0000,0
48,features.16,297,active,0.009375,6.125585e-08,3.902349e-07,0.1875,0.2062,329
48,features.16,298,pruned_before,nan,0.000000e+00,0.000000e+00,0.0000,0.0000,0
48,features.16,299,protected,0.006250,3.808659e-06,3.423780e-04,0.9875,1.0000,329
48,features.16,300,pruned_before,nan,0.000000e+00,0.000000e+00,0.0000,0.0000,0
48,features.16,301,pruned_before,nan,0.000000e+00,0.000000e+00,0.0000,0.0000,0
48,features.16,302,active,0.151563,3.599997e-07,1.758154e-05,0.6719,0.9750,329
48,features.16,303,pruned_before,nan,0.000000e+00,0.000000e+00,0.0000,0.0000,0
48,features.16,304,pruned_before,nan,0.000000e+00,0.000000e+00,0.0000,0.0000,0
48,features.16,305,pruned_before,nan,0.000000e+00,0.000000e+00,0.0000,0.0000,0
48,features.16,306,active,0.078125,4.337302e-07,6.184758e-06,0.7094,0.8656,329
48,features.16,307,pruned_before,nan,0.000000e+00,0.000000e+00,0.0000,0.0000,0
48,features.16,308,active,-0.062500,2.022192e-07,9.324917e-07,0.5219,0.3969,329
48,features.16,309,pruned_before,nan,0.000000e+00,0.000000e+00,0.0000,0.0000,0
48,features.16,310,pruned_before,nan,0.000000e+00,0.000000e+00,0.0000,0.0000,0
48,features.16,311,active,-0.084375,3.378849e-06,5.216783e-06,0.9844,0.8156,329
48,features.16,312,pruned_before,nan,0.000000e+00,0.000000e+00,0.0000,0.0000,0
48,features.16,313,pruned_before,nan,0.000000e+00,0.000000e+00,0.0000,0.0000,0
48,features.16,314,active,0.015625,1.968492e-08,1.079841e-07,0.0594,0.0906,329
48,features.16,315,pruned_before,nan,0.000000e+00,0.000000e+00,0.0000,0.0000,0
48,features.16,316,active,-0.095312,1.186827e-07,3.150802e-07,0.3594,0.1688,329
48,features.16,317,pruned_before,nan,0.000000e+00,0.000000e+00,0.0000,0.0000,0
48,features.16,318,pruned_before,nan,0.000000e+00,0.000000e+00,0.0000,0.0000,0
48,features.16,319,active,-0.067188,5.727907e-08,3.286977e-08,0.1625,0.0281,329
48,features.16,320,pruned_before,nan,0.000000e+00,0.000000e+00,0.0000,0.0000,0
48,features.16,321,pruned_before,nan,0.000000e+00,0.000000e+00,0.0000,0.0000,0
48,features.16,322,active,0.351562,7.219128e-08,1.268283e-05,0.2344,0.9375,329
48,features.16,323,pruned_before,nan,0.000000e+00,0.000000e+00,0.0000,0.0000,0
48,features.16,324,pruned_before,nan,0.000000e+00,0.000000e+00,0.0000,0.0000,0
48,features.16,325,pruned_before,nan,0.000000e+00,0.000000e+00,0.0000,0.0000,0
48,features.16,326,active,-0.075000,4.536787e-07,2.062240e-06,0.7281,0.5781,329
48,features.16,327,active,-0.045312,5.958868e-08,1.013899e-07,0.1750,0.0844,329
48,features.16,328,active,-0.065625,6.617574e-07,2.697323e-06,0.8000,0.6687,329
48,features.16,329,pruned_before,nan,0.000000e+00,0.000000e+00,0.0000,0.0000,0
48,features.16,330,pruned_before,nan,0.000000e+00,0.000000e+00,0.0000,0.0000,0
48,features.16,331,pruned_before,nan,0.000000e+00,0.000000e+00,0.0000,0.0000,0
48,features.16,332,pruned_before,nan,0.000000e+00,0.000000e+00,0.0000,0.0000,0
48,features.16,333,pruned_before,nan,0.000000e+00,0.000000e+00,0.0000,0.0000,0
48,features.16,334,pruned_before,nan,0.000000e+00,0.000000e+00,0.0000,0.0000,0
48,features.16,335,pruned_before,nan,0.000000e+00,0.000000e+00,0.0000,0.0000,0
48,features.16,336,pruned_before,nan,0.000000e+00,0.000000e+00,0.0000,0.0000,0
48,features.16,337,pruned_before,nan,0.000000e+00,0.000000e+00,0.0000,0.0000,0
48,features.16,338,pruned_before,nan,0.000000e+00,0.000000e+00,0.0000,0.0000,0
48,features.16,339,pruned_before,nan,0.000000e+00,0.000000e+00,0.0000,0.0000,0
48,features.16,340,active,-0.092188,4.943731e-07,1.850413e-06,0.7438,0.5594,329
48,features.16,341,pruned_before,nan,0.000000e+00,0.000000e+00,0.0000,0.0000,0
48,features.16,342,pruned_before,nan,0.000000e+00,0.000000e+00,0.0000,0.0000,0
48,features.16,343,active,-0.101562,8.904816e-08,1.165837e-07,0.2969,0.0938,329
48,features.16,344,active,-0.042187,4.621216e-08,5.222559e-08,0.1281,0.0437,329
48,features.16,345,pruned_before,nan,0.000000e+00,0.000000e+00,0.0000,0.0000,0
48,features.16,346,active,0.059375,6.018011e-07,8.116138e-06,0.7812,0.9000,329
48,features.16,347,pruned_before,nan,0.000000e+00,0.000000e+00,0.0000,0.0000,0
48,features.16,348,active,0.000000,0.000000e+00,0.000000e+00,0.0031,0.0031,329
48,features.16,349,active,0.059375,8.911165e-07,1.730837e-05,0.8531,0.9719,329
48,features.16,350,pruned_before,nan,0.000000e+00,0.000000e+00,0.0000,0.0000,0
48,features.16,351,pruned_before,nan,0.000000e+00,0.000000e+00,0.0000,0.0000,0
48,features.16,352,pruned_before,nan,0.000000e+00,0.000000e+00,0.0000,0.0000,0
48,features.16,353,pruned_before,nan,0.000000e+00,0.000000e+00,0.0000,0.0000,0
48,features.16,354,active,-0.057812,8.346351e-08,2.350336e-07,0.2719,0.1562,329
48,features.16,355,pruned_before,nan,0.000000e+00,0.000000e+00,0.0000,0.0000,0
48,features.16,356,active,0.285937,9.467133e-08,6.481607e-06,0.3000,0.8719,329
48,features.16,357,pruned_before,nan,0.000000e+00,0.000000e+00,0.0000,0.0000,0
48,features.16,358,pruned_before,nan,0.000000e+00,0.000000e+00,0.0000,0.0000,0
48,features.16,359,active,0.073437,1.122411e-07,1.487916e-06,0.3469,0.4938,329
48,features.16,360,pruned_before,nan,0.000000e+00,0.000000e+00,0.0000,0.0000,0
48,features.16,361,pruned_before,nan,0.000000e+00,0.000000e+00,0.0000,0.0000,0
48,features.16,362,pruned_before,nan,0.000000e+00,0.000000e+00,0.0000,0.0000,0
48,features.16,363,active,-0.001562,1.380810e-07,9.527929e-07,0.4062,0.4031,329
48,features.16,364,active,-0.145313,2.778945e-07,6.632786e-07,0.6125,0.3219,329
48,features.16,365,pruned_before,nan,0.000000e+00,0.000000e+00,0.0000,0.0000,0
48,features.16,366,pruned_before,nan,0.000000e+00,0.000000e+00,0.0000,0.0000,0
48,features.16,367,pruned_before,nan,0.000000e+00,0.000000e+00,0.0000,0.0000,0
48,features.16,368,pruned_before,nan,0.000000e+00,0.000000e+00,0.0000,0.0000,0
48,features.16,369,pruned_before,nan,0.000000e+00,0.000000e+00,0.0000,0.0000,0
48,features.16,370,active,-0.034375,1.522315e-07,8.810700e-07,0.4437,0.3750,329
48,features.16,371,pruned_before,nan,0.000000e+00,0.000000e+00,0.0000,0.0000,0
48,features.16,372,pruned_before,nan,0.000000e+00,0.000000e+00,0.0000,0.0000,0
48,features.16,373,pruned_before,nan,0.000000e+00,0.000000e+00,0.0000,0.0000,0
48,features.16,374,active,-0.042187,4.086463e-07,2.443431e-06,0.7000,0.6156,329
48,features.16,375,pruned_now,-0.232812,7.143980e-07,7.740547e-07,0.8125,0.3469,329
48,features.16,376,pruned_before,nan,0.000000e+00,0.000000e+00,0.0000,0.0000,0
48,features.16,377,pruned_before,nan,0.000000e+00,0.000000e+00,0.0000,0.0000,0
48,features.16,378,pruned_before,nan,0.000000e+00,0.000000e+00,0.0000,0.0000,0
48,features.16,379,pruned_before,nan,0.000000e+00,0.000000e+00,0.0000,0.0000,0
48,features.16,380,active,-0.048438,2.271046e-07,1.347148e-06,0.5719,0.4750,329
48,features.16,381,pruned_before,nan,0.000000e+00,0.000000e+00,0.0000,0.0000,0
48,features.16,382,pruned_before,nan,0.000000e+00,0.000000e+00,0.0000,0.0000,0
48,features.16,383,pruned_before,nan,0.000000e+00,0.000000e+00,0.0000,0.0000,0
48,features.16,384,active,-0.031250,1.258090e-07,6.758360e-07,0.3875,0.3250,329
48,features.16,385,active,-0.048438,1.314701e-06,5.282018e-06,0.9156,0.8188,329
48,features.16,386,active,0.065625,8.720714e-07,2.333432e-05,0.8500,0.9812,329
48,features.16,387,pruned_before,nan,0.000000e+00,0.000000e+00,0.0000,0.0000,0
48,features.16,388,active,0.042188,9.064873e-07,1.446764e-05,0.8625,0.9469,329
48,features.16,389,active,-0.078125,9.157540e-07,3.017035e-06,0.8656,0.7094,329
48,features.16,390,pruned_before,nan,0.000000e+00,0.000000e+00,0.0000,0.0000,0
48,features.16,391,active,-0.093750,6.465518e-08,3.049086e-08,0.2125,0.0250,329
48,features.16,392,pruned_before,nan,0.000000e+00,0.000000e+00,0.0000,0.0000,0
48,features.16,393,pruned_before,nan,0.000000e+00,0.000000e+00,0.0000,0.0000,0
48,features.16,394,pruned_before,nan,0.000000e+00,0.000000e+00,0.0000,0.0000,0
48,features.16,395,pruned_before,nan,0.000000e+00,0.000000e+00,0.0000,0.0000,0
48,features.16,396,pruned_before,nan,0.000000e+00,0.000000e+00,0.0000,0.0000,0
48,features.16,397,active,0.156250,2.166407e-07,6.040891e-06,0.5469,0.8594,329
48,features.16,398,pruned_before,nan,0.000000e+00,0.000000e+00,0.0000,0.0000,0
48,features.16,399,pruned_before,nan,0.000000e+00,0.000000e+00,0.0000,0.0000,0
48,features.16,400,pruned_before,nan,0.000000e+00,0.000000e+00,0.0000,0.0000,0
48,features.16,401,pruned_before,nan,0.000000e+00,0.000000e+00,0.0000,0.0000,0
48,features.16,402,pruned_before,nan,0.000000e+00,0.000000e+00,0.0000,0.0000,0
48,features.16,403,pruned_before,nan,0.000000e+00,0.000000e+00,0.0000,0.0000,0
48,features.16,404,active,0.000000,0.000000e+00,0.000000e+00,0.0000,0.0000,329
48,features.16,405,pruned_before,nan,0.000000e+00,0.000000e+00,0.0000,0.0000,0
48,features.16,406,protected,0.026562,1.955409e-06,1.630364e-04,0.9438,0.9969,329
48,features.16,407,pruned_before,nan,0.000000e+00,0.000000e+00,0.0000,0.0000,0
48,features.16,408,pruned_before,nan,0.000000e+00,0.000000e+00,0.0000,0.0000,0
48,features.16,409,pruned_before,nan,0.000000e+00,0.000000e+00,0.0000,0.0000,0
48,features.16,410,pruned_before,nan,0.000000e+00,0.000000e+00,0.0000,0.0000,0
48,features.16,411,pruned_before,nan,0.000000e+00,0.000000e+00,0.0000,0.0000,0
48,features.16,412,pruned_before,nan,0.000000e+00,0.000000e+00,0.0000,0.0000,0
48,features.16,413,active,-0.017188,1.670351e-07,1.096237e-06,0.4781,0.4437,329
48,features.16,414,pruned_before,nan,0.000000e+00,0.000000e+00,0.0000,0.0000,0
48,features.16,415,pruned_before,nan,0.000000e+00,0.000000e+00,0.0000,0.0000,0
48,features.16,416,pruned_before,nan,0.000000e+00,0.000000e+00,0.0000,0.0000,0
48,features.16,417,pruned_before,nan,0.000000e+00,0.000000e+00,0.0000,0.0000,0
48,features.16,418,pruned_before,nan,0.000000e+00,0.000000e+00,0.0000,0.0000,0
48,features.16,419,active,0.089063,5.092680e-08,6.594626e-07,0.1375,0.3156,329
48,features.16,420,active,-0.104688,8.509484e-08,8.053605e-08,0.2781,0.0688,329
48,features.16,421,active,0.203125,4.995932e-08,1.742115e-06,0.1344,0.5406,329
48,features.16,422,pruned_now,-0.187500,1.391510e-07,3.361109e-08,0.4094,0.0344,329
48,features.16,423,pruned_before,nan,0.000000e+00,0.000000e+00,0.0000,0.0000,0
48,features.16,424,pruned_before,nan,0.000000e+00,0.000000e+00,0.0000,0.0000,0
48,features.16,425,active,0.023438,4.827449e-08,3.410511e-07,0.1313,0.1781,329
48,features.16,426,pruned_before,nan,0.000000e+00,0.000000e+00,0.0000,0.0000,0
48,features.16,427,pruned_before,nan,0.000000e+00,0.000000e+00,0.0000,0.0000,0
48,features.16,428,active,0.245313,1.073793e-07,5.498684e-06,0.3313,0.8219,329
48,features.16,429,pruned_before,nan,0.000000e+00,0.000000e+00,0.0000,0.0000,0
48,features.16,430,pruned_before,nan,0.000000e+00,0.000000e+00,0.0000,0.0000,0
48,features.16,431,active,-0.142188,2.259860e-07,5.868761e-07,0.5688,0.2844,329
48,features.16,432,pruned_before,nan,0.000000e+00,0.000000e+00,0.0000,0.0000,0
48,features.16,433,active,-0.035938,1.572631e-07,8.910976e-07,0.4500,0.3781,329
48,features.16,434,pruned_before,nan,0.000000e+00,0.000000e+00,0.0000,0.0000,0
48,features.16,435,pruned_before,nan,0.000000e+00,0.000000e+00,0.0000,0.0000,0
48,features.16,436,pruned_before,nan,0.000000e+00,0.000000e+00,0.0000,0.0000,0
48,features.16,437,pruned_before,nan,0.000000e+00,0.000000e+00,0.0000,0.0000,0
48,features.16,438,pruned_before,nan,0.000000e+00,0.000000e+00,0.0000,0.0000,0
48,features.16,439,pruned_before,nan,0.000000e+00,0.000000e+00,0.0000,0.0000,0
48,features.16,440,active,-0.037500,5.034552e-07,2.745569e-06,0.7469,0.6719,329
48,features.16,441,pruned_before,nan,0.000000e+00,0.000000e+00,0.0000,0.0000,0
48,features.16,442,pruned_before,nan,0.000000e+00,0.000000e+00,0.0000,0.0000,0
48,features.16,443,active,0.132813,1.160015e-07,2.478480e-06,0.3531,0.6188,329
48,features.16,444,pruned_before,nan,0.000000e+00,0.000000e+00,0.0000,0.0000,0
48,features.16,445,pruned_before,nan,0.000000e+00,0.000000e+00,0.0000,0.0000,0
48,features.16,446,active,0.175000,8.463459e-08,2.503797e-06,0.2750,0.6250,329
48,features.16,447,pruned_before,nan,0.000000e+00,0.000000e+00,0.0000,0.0000,0
48,features.16,448,pruned_before,nan,0.000000e+00,0.000000e+00,0.0000,0.0000,0
48,features.16,449,pruned_before,nan,0.000000e+00,0.000000e+00,0.0000,0.0000,0
48,features.16,450,pruned_before,nan,0.000000e+00,0.000000e+00,0.0000,0.0000,0
48,features.16,451,active,0.150000,6.127116e-08,1.480106e-06,0.1906,0.4906,329
48,features.16,452,pruned_before,nan,0.000000e+00,0.000000e+00,0.0000,0.0000,0
48,features.16,453,pruned_before,nan,0.000000e+00,0.000000e+00,0.0000,0.0000,0
48,features.16,454,pruned_before,nan,0.000000e+00,0.000000e+00,0.0000,0.0000,0
48,features.16,455,active,0.059375,1.666594e-08,3.016548e-07,0.0469,0.1656,329
48,features.16,456,pruned_before,nan,0.000000e+00,0.000000e+00,0.0000,0.0000,0
48,features.16,457,active,-0.031250,4.610661e-07,2.762716e-06,0.7375,0.6750,329
48,features.16,458,pruned_before,nan,0.000000e+00,0.000000e+00,0.0000,0.0000,0
48,features.16,459,active,-0.154687,2.210628e-07,4.982226e-07,0.5625,0.2531,329
48,features.16,460,pruned_before,nan,0.000000e+00,0.000000e+00,0.0000,0.0000,0
48,features.16,461,active,-0.123437,2.456142e-06,3.117809e-06,0.9656,0.7188,329
48,features.16,462,pruned_before,nan,0.000000e+00,0.000000e+00,0.0000,0.0000,0
48,features.16,463,active,-0.004687,3.014671e-08,8.686142e-08,0.0844,0.0750,329
48,features.16,464,pruned_before,nan,0.000000e+00,0.000000e+00,0.0000,0.0000,0
48,features.16,465,pruned_before,nan,0.000000e+00,0.000000e+00,0.0000,0.0000,0
48,features.16,466,pruned_before,nan,0.000000e+00,0.000000e+00,0.0000,0.0000,0
48,features.16,467,active,-0.134375,1.724450e-07,4.374682e-07,0.4875,0.2188,329
48,features.16,468,pruned_before,nan,0.000000e+00,0.000000e+00,0.0000,0.0000,0
48,features.16,469,pruned_before,nan,0.000000e+00,0.000000e+00,0.0000,0.0000,0
48,features.16,470,pruned_before,nan,0.000000e+00,0.000000e+00,0.0000,0.0000,0
48,features.16,471,pruned_before,nan,0.000000e+00,0.000000e+00,0.0000,0.0000,0
48,features.16,472,active,0.135937,2.972799e-07,8.594707e-06,0.6344,0.9062,329
48,features.16,473,active,-0.168750,2.018958e-07,3.418696e-07,0.5188,0.1813,329
48,features.16,474,pruned_before,nan,0.000000e+00,0.000000e+00,0.0000,0.0000,0
48,features.16,475,active,-0.007812,2.538203e-06,1.525652e-05,0.9688,0.9531,329
48,features.16,476,pruned_before,nan,0.000000e+00,0.000000e+00,0.0000,0.0000,0
48,features.16,477,pruned_before,nan,0.000000e+00,0.000000e+00,0.0000,0.0000,0
48,features.16,478,active,0.210937,1.110116e-07,3.598117e-06,0.3406,0.7625,329
48,features.16,479,active,0.020313,7.970352e-08,6.194376e-07,0.2562,0.2969,329
48,features.16,480,active,-0.140625,1.634251e-07,3.439840e-07,0.4688,0.1875,329
48,features.16,481,pruned_before,nan,0.000000e+00,0.000000e+00,0.0000,0.0000,0
48,features.16,482,pruned_before,nan,0.000000e+00,0.000000e+00,0.0000,0.0000,0
48,features.16,483,active,-0.067188,6.268459e-08,8.025758e-08,0.2000,0.0656,329
48,features.16,484,pruned_before,nan,0.000000e+00,0.000000e+00,0.0000,0.0000,0
48,features.16,485,active,-0.079688,6.737858e-07,2.556455e-06,0.8031,0.6438,329
48,features.16,486,pruned_before,nan,0.000000e+00,0.000000e+00,0.0000,0.0000,0
48,features.16,487,pruned_before,nan,0.000000e+00,0.000000e+00,0.0000,0.0000,0
48,features.16,488,pruned_before,nan,0.000000e+00,0.000000e+00,0.0000,0.0000,0
48,features.16,489,active,-0.184375,2.701226e-07,4.694794e-07,0.6062,0.2375,329
48,features.16,490,pruned_before,nan,0.000000e+00,0.000000e+00,0.0000,0.0000,0
48,features.16,491,pruned_before,nan,0.000000e+00,0.000000e+00,0.0000,0.0000,0
48,features.16,492,pruned_before,nan,0.000000e+00,0.000000e+00,0.0000,0.0000,0
48,features.16,493,pruned_before,nan,0.000000e+00,0.000000e+00,0.0000,0.0000,0
48,features.16,494,pruned_before,nan,0.000000e+00,0.000000e+00,0.0000,0.0000,0
48,features.16,495,pruned_before,nan,0.000000e+00,0.000000e+00,0.0000,0.0000,0
48,features.16,496,pruned_before,nan,0.000000e+00,0.000000e+00,0.0000,0.0000,0
48,features.16,497,pruned_before,nan,0.000000e+00,0.000000e+00,0.0000,0.0000,0
48,features.16,498,pruned_before,nan,0.000000e+00,0.000000e+00,0.0000,0.0000,0
48,features.16,499,pruned_before,nan,0.000000e+00,0.000000e+00,0.0000,0.0000,0
48,features.16,500,pruned_before,nan,0.000000e+00,0.000000e+00,0.0000,0.0000,0
48,features.16,501,pruned_before,nan,0.000000e+00,0.000000e+00,0.0000,0.0000,0
48,features.16,502,pruned_before,nan,0.000000e+00,0.000000e+00,0.0000,0.0000,0
48,features.16,503,pruned_before,nan,0.000000e+00,0.000000e+00,0.0000,0.0000,0
48,features.16,504,pruned_before,nan,0.000000e+00,0.000000e+00,0.0000,0.0000,0
48,features.16,505,pruned_before,nan,0.000000e+00,0.000000e+00,0.0000,0.0000,0
48,features.16,506,pruned_before,nan,0.000000e+00,0.000000e+00,0.0000,0.0000,0
48,features.16,507,pruned_before,nan,0.000000e+00,0.000000e+00,0.0000,0.0000,0
48,features.16,508,pruned_before,nan,0.000000e+00,0.000000e+00,0.0000,0.0000,0
48,features.16,509,active,-0.110937,9.530930e-08,9.305542e-08,0.3031,0.0813,329
48,features.16,510,pruned_before,nan,0.000000e+00,0.000000e+00,0.0000,0.0000,0
48,features.16,511,active,-0.164062,1.099386e-06,2.001444e-06,0.9000,0.5719,329
48,features.16,512,active,0.015625,6.965913e-08,5.136648e-07,0.2281,0.2594,329
48,features.16,513,active,-0.100000,1.861422e-07,6.316779e-07,0.5031,0.3031,329
48,features.16,514,pruned_before,nan,0.000000e+00,0.000000e+00,0.0000,0.0000,0
48,features.16,515,pruned_before,nan,0.000000e+00,0.000000e+00,0.0000,0.0000,0
48,features.16,516,active,-0.118750,5.063955e-07,1.561361e-06,0.7500,0.5125,329
48,features.16,517,pruned_before,nan,0.000000e+00,0.000000e+00,0.0000,0.0000,0
48,features.16,518,pruned_before,nan,0.000000e+00,0.000000e+00,0.0000,0.0000,0
48,features.16,519,pruned_before,nan,0.000000e+00,0.000000e+00,0.0000,0.0000,0
48,features.16,520,pruned_before,nan,0.000000e+00,0.000000e+00,0.0000,0.0000,0
48,features.16,521,pruned_before,nan,0.000000e+00,0.000000e+00,0.0000,0.0000,0
48,features.16,522,pruned_before,nan,0.000000e+00,0.000000e+00,0.0000,0.0000,0
48,features.16,523,pruned_before,nan,0.000000e+00,0.000000e+00,0.0000,0.0000,0
48,features.16,524,active,-0.175000,7.462352e-07,1.329443e-06,0.8219,0.4719,329
48,features.16,525,pruned_before,nan,0.000000e+00,0.000000e+00,0.0000,0.0000,0
48,features.16,526,pruned_before,nan,0.000000e+00,0.000000e+00,0.0000,0.0000,0
48,features.16,527,pruned_before,nan,0.000000e+00,0.000000e+00,0.0000,0.0000,0
48,features.16,528,active,-0.046875,9.722366e-07,3.975048e-06,0.8719,0.7781,329
48,features.16,529,pruned_before,nan,0.000000e+00,0.000000e+00,0.0000,0.0000,0
48,features.16,530,active,-0.103125,5.815282e-06,4.434719e-06,1.0000,0.7937,329
48,features.16,531,pruned_before,nan,0.000000e+00,0.000000e+00,0.0000,0.0000,0
48,features.16,532,pruned_before,nan,0.000000e+00,0.000000e+00,0.0000,0.0000,0
48,features.16,533,active,-0.165625,1.613705e-07,1.829425e-07,0.4625,0.1313,329
48,features.16,534,pruned_before,nan,0.000000e+00,0.000000e+00,0.0000,0.0000,0
48,features.16,535,pruned_before,nan,0.000000e+00,0.000000e+00,0.0000,0.0000,0
48,features.16,536,pruned_before,nan,0.000000e+00,0.000000e+00,0.0000,0.0000,0
48,features.16,537,pruned_before,nan,0.000000e+00,0.000000e+00,0.0000,0.0000,0
48,features.16,538,active,0.078125,1.588214e-07,2.372762e-06,0.4563,0.6125,329
48,features.16,539,pruned_before,nan,0.000000e+00,0.000000e+00,0.0000,0.0000,0
48,features.16,540,pruned_before,nan,0.000000e+00,0.000000e+00,0.0000,0.0000,0
48,features.16,541,pruned_before,nan,0.000000e+00,0.000000e+00,0.0000,0.0000,0
48,features.16,542,active,0.075000,2.351482e-07,3.353627e-06,0.5844,0.7344,329
48,features.16,543,active,-0.037500,2.194570e-07,1.362124e-06,0.5563,0.4813,329
48,features.16,544,pruned_before,nan,0.000000e+00,0.000000e+00,0.0000,0.0000,0
48,features.16,545,active,-0.012500,3.162771e-07,2.509014e-06,0.6531,0.6281,329
48,features.16,546,pruned_before,nan,0.000000e+00,0.000000e+00,0.0000,0.0000,0
48,features.16,547,pruned_before,nan,0.000000e+00,0.000000e+00,0.0000,0.0000,0
48,features.16,548,pruned_before,nan,0.000000e+00,0.000000e+00,0.0000,0.0000,0
48,features.16,549,pruned_before,nan,0.000000e+00,0.000000e+00,0.0000,0.0000,0
48,features.16,550,active,-0.043750,4.985381e-06,8.803327e-06,0.9969,0.9094,329
48,features.16,551,pruned_before,nan,0.000000e+00,0.000000e+00,0.0000,0.0000,0
48,features.16,552,active,-0.059375,6.743327e-07,2.884580e-06,0.8063,0.6875,329
48,features.16,553,pruned_before,nan,0.000000e+00,0.000000e+00,0.0000,0.0000,0
48,features.16,554,pruned_now,-0.185938,1.890560e-07,1.994829e-07,0.5094,0.1375,329
48,features.16,555,pruned_before,nan,0.000000e+00,0.000000e+00,0.0000,0.0000,0
48,features.16,556,pruned_before,nan,0.000000e+00,0.000000e+00,0.0000,0.0000,0
48,features.16,557,pruned_before,nan,0.000000e+00,0.000000e+00,0.0000,0.0000,0
48,features.16,558,pruned_before,nan,0.000000e+00,0.000000e+00,0.0000,0.0000,0
48,features.16,559,active,-0.046875,3.774078e-07,2.205611e-06,0.6875,0.5938,329
48,features.16,560,pruned_before,nan,0.000000e+00,0.000000e+00,0.0000,0.0000,0
48,features.16,561,pruned_before,nan,0.000000e+00,0.000000e+00,0.0000,0.0000,0
48,features.16,562,pruned_before,nan,0.000000e+00,0.000000e+00,0.0000,0.0000,0
48,features.16,563,pruned_before,nan,0.000000e+00,0.000000e+00,0.0000,0.0000,0
48,features.16,564,active,0.025000,3.727541e-07,3.244165e-06,0.6813,0.7312,329
48,features.16,565,pruned_now,-0.209375,1.992564e-06,1.667341e-06,0.9469,0.5281,329
48,features.16,566,pruned_before,nan,0.000000e+00,0.000000e+00,0.0000,0.0000,0
48,features.16,567,pruned_before,nan,0.000000e+00,0.000000e+00,0.0000,0.0000,0
48,features.16,568,pruned_before,nan,0.000000e+00,0.000000e+00,0.0000,0.0000,0
48,features.16,569,pruned_before,nan,0.000000e+00,0.000000e+00,0.0000,0.0000,0
48,features.16,570,active,0.250000,3.877713e-08,2.233600e-06,0.1000,0.6000,329
48,features.16,571,pruned_before,nan,0.000000e+00,0.000000e+00,0.0000,0.0000,0
48,features.16,572,pruned_before,nan,0.000000e+00,0.000000e+00,0.0000,0.0000,0
48,features.16,573,active,0.078125,2.199352e-07,3.103783e-06,0.5594,0.7156,329
48,features.16,574,pruned_before,nan,0.000000e+00,0.000000e+00,0.0000,0.0000,0
48,features.16,575,pruned_before,nan,0.000000e+00,0.000000e+00,0.0000,0.0000,0
48,features.16,576,pruned_before,nan,0.000000e+00,0.000000e+00,0.0000,0.0000,0
48,features.16,577,pruned_before,nan,0.000000e+00,0.000000e+00,0.0000,0.0000,0
48,features.16,578,pruned_before,nan,0.000000e+00,0.000000e+00,0.0000,0.0000,0
48,features.16,579,active,-0.007812,6.176906e-07,3.912668e-06,0.7906,0.7750,329
48,features.16,580,active,0.029687,1.923507e-07,2.013419e-06,0.5156,0.5750,329
48,features.16,581,pruned_before,nan,0.000000e+00,0.000000e+00,0.0000,0.0000,0
48,features.16,582,active,0.100000,2.820882e-07,5.503819e-06,0.6250,0.8250,329
48,features.16,583,pruned_before,nan,0.000000e+00,0.000000e+00,0.0000,0.0000,0
48,features.16,584,pruned_before,nan,0.000000e+00,0.000000e+00,0.0000,0.0000,0
48,features.16,585,pruned_before,nan,0.000000e+00,0.000000e+00,0.0000,0.0000,0
48,features.16,586,pruned_before,nan,0.000000e+00,0.000000e+00,0.0000,0.0000,0
48,features.16,587,active,0.018750,8.190053e-07,6.567536e-06,0.8375,0.8750,329
48,features.16,588,pruned_before,nan,0.000000e+00,0.000000e+00,0.0000,0.0000,0
48,features.16,589,active,0.109375,1.657847e-07,2.890092e-06,0.4719,0.6906,329
48,features.16,590,active,0.232812,3.214855e-09,1.364583e-06,0.0188,0.4844,329
48,features.16,591,pruned_before,nan,0.000000e+00,0.000000e+00,0.0000,0.0000,0
48,features.16,592,pruned_before,nan,0.000000e+00,0.000000e+00,0.0000,0.0000,0
48,features.16,593,pruned_before,nan,0.000000e+00,0.000000e+00,0.0000,0.0000,0
48,features.16,594,pruned_before,nan,0.000000e+00,0.000000e+00,0.0000,0.0000,0
48,features.16,595,pruned_before,nan,0.000000e+00,0.000000e+00,0.0000,0.0000,0
48,features.16,596,active,0.137500,6.015529e-08,1.213013e-06,0.1813,0.4563,329
48,features.16,597,active,-0.010938,8.848190e-08,5.479371e-07,0.2938,0.2719,329
48,features.16,598,pruned_before,nan,0.000000e+00,0.000000e+00,0.0000,0.0000,0
48,features.16,599,active,0.025000,8.112655e-07,6.876801e-06,0.8344,0.8844,329
48,features.16,600,pruned_before,nan,0.000000e+00,0.000000e+00,0.0000,0.0000,0
48,features.16,601,pruned_before,nan,0.000000e+00,0.000000e+00,0.0000,0.0000,0
48,features.16,602,pruned_before,nan,0.000000e+00,0.000000e+00,0.0000,0.0000,0
48,features.16,603,active,-0.043750,4.565156e-08,3.306116e-08,0.1187,0.0312,329
48,features.16,604,pruned_before,nan,0.000000e+00,0.000000e+00,0.0000,0.0000,0
48,features.16,605,pruned_before,nan,0.000000e+00,0.000000e+00,0.0000,0.0000,0
48,features.16,606,active,-0.068750,6.115820e-08,5.364402e-08,0.1844,0.0469,329
48,features.16,607,active,0.131250,2.299002e-07,5.667248e-06,0.5750,0.8375,329
48,features.16,608,active,-0.160938,2.783414e-07,6.061696e-07,0.6156,0.2938,329
48,features.16,609,active,-0.023438,2.354503e-06,8.841424e-06,0.9594,0.9125,329
48,features.16,610,pruned_before,nan,0.000000e+00,0.000000e+00,0.0000,0.0000,0
48,features.16,611,pruned_before,nan,0.000000e+00,0.000000e+00,0.0000,0.0000,0
48,features.16,612,active,0.196875,8.263007e-08,2.618395e-06,0.2688,0.6625,329
48,features.16,613,pruned_now,-0.184375,1.265543e-06,1.790978e-06,0.9125,0.5437,329
48,features.16,614,active,-0.095313,2.071445e-07,7.123181e-07,0.5250,0.3344,329
48,features.16,615,pruned_before,nan,0.000000e+00,0.000000e+00,0.0000,0.0000,0
48,features.16,616,pruned_before,nan,0.000000e+00,0.000000e+00,0.0000,0.0000,0
48,features.16,617,pruned_before,nan,0.000000e+00,0.000000e+00,0.0000,0.0000,0
48,features.16,618,pruned_before,nan,0.000000e+00,0.000000e+00,0.0000,0.0000,0
48,features.16,619,pruned_before,nan,0.000000e+00,0.000000e+00,0.0000,0.0000,0
48,features.16,620,active,-0.076563,1.026485e-07,3.309145e-07,0.3250,0.1719,329
48,features.16,621,pruned_before,nan,0.000000e+00,0.000000e+00,0.0000,0.0000,0
48,features.16,622,active,-0.073437,4.552750e-07,2.149560e-06,0.7312,0.5844,329
48,features.16,623,pruned_before,nan,0.000000e+00,0.000000e+00,0.0000,0.0000,0
48,features.16,624,active,-0.103125,1.422633e-07,4.115374e-07,0.4188,0.2125,329
48,features.16,625,pruned_before,nan,0.000000e+00,0.000000e+00,0.0000,0.0000,0
48,features.16,626,active,-0.067188,8.081401e-08,1.756126e-07,0.2594,0.1250,329
48,features.16,627,pruned_before,nan,0.000000e+00,0.000000e+00,0.0000,0.0000,0
48,features.16,628,active,0.154687,2.720448e-08,8.928495e-07,0.0719,0.3812,329
48,features.16,629,pruned_before,nan,0.000000e+00,0.000000e+00,0.0000,0.0000,0
48,features.16,630,pruned_before,nan,0.000000e+00,0.000000e+00,0.0000,0.0000,0
48,features.16,631,active,-0.017187,9.850611e-08,5.772928e-07,0.3125,0.2781,329
48,features.16,632,pruned_before,nan,0.000000e+00,0.000000e+00,0.0000,0.0000,0
48,features.16,633,pruned_before,nan,0.000000e+00,0.000000e+00,0.0000,0.0000,0
48,features.16,634,active,0.076562,5.441204e-07,1.007807e-05,0.7719,0.9250,329
48,features.16,635,pruned_before,nan,0.000000e+00,0.000000e+00,0.0000,0.0000,0
48,features.16,636,active,0.034375,7.142510e-08,6.210077e-07,0.2313,0.3000,329
48,features.16,637,pruned_before,nan,0.000000e+00,0.000000e+00,0.0000,0.0000,0
48,features.16,638,active,0.093750,5.233804e-07,1.483910e-05,0.7625,0.9500,329
48,features.16,639,active,-0.142187,2.981075e-07,7.961826e-07,0.6375,0.3531,329
48,features.16,640,pruned_before,nan,0.000000e+00,0.000000e+00,0.0000,0.0000,0
48,features.16,641,pruned_before,nan,0.000000e+00,0.000000e+00,0.0000,0.0000,0
48,features.16,642,pruned_before,nan,0.000000e+00,0.000000e+00,0.0000,0.0000,0
48,features.16,643,active,0.393750,2.489558e-08,5.928485e-06,0.0688,0.8562,329
48,features.16,644,active,0.028125,6.627981e-08,5.700520e-07,0.2188,0.2750,329
48,features.16,645,pruned_before,nan,0.000000e+00,0.000000e+00,0.0000,0.0000,0
48,features.16,646,active,-0.079687,3.752662e-07,1.661009e-06,0.6844,0.5250,329
48,features.16,647,active,-0.023438,2.186344e-07,1.520614e-06,0.5531,0.5063,329
48,features.16,648,pruned_before,nan,0.000000e+00,0.000000e+00,0.0000,0.0000,0
48,features.16,649,pruned_before,nan,0.000000e+00,0.000000e+00,0.0000,0.0000,0
48,features.16,650,pruned_before,nan,0.000000e+00,0.000000e+00,0.0000,0.0000,0
48,features.16,651,pruned_before,nan,0.000000e+00,0.000000e+00,0.0000,0.0000,0
48,features.16,652,active,0.034375,1.292968e-08,1.436952e-07,0.0375,0.1063,329
48,features.16,653,pruned_before,nan,0.000000e+00,0.000000e+00,0.0000,0.0000,0
48,features.16,654,active,-0.132812,1.407277e-07,2.259264e-07,0.4156,0.1500,329
48,features.16,655,pruned_before,nan,0.000000e+00,0.000000e+00,0.0000,0.0000,0
48,features.16,656,pruned_before,nan,0.000000e+00,0.000000e+00,0.0000,0.0000,0
48,features.16,657,active,0.060937,4.749435e-07,6.059605e-06,0.7406,0.8625,329
48,features.16,658,pruned_before,nan,0.000000e+00,0.000000e+00,0.0000,0.0000,0
48,features.16,659,pruned_now,-0.192188,1.694320e-07,1.239383e-07,0.4844,0.1000,329
48,features.16,660,active,-0.128125,2.548829e-07,7.215159e-07,0.5938,0.3375,329
48,features.16,661,pruned_before,nan,0.000000e+00,0.000000e+00,0.0000,0.0000,0
48,features.16,662,active,-0.010938,2.153637e-07,1.588444e-06,0.5406,0.5188,329
48,features.16,663,pruned_before,nan,0.000000e+00,0.000000e+00,0.0000,0.0000,0
48,features.16,664,active,-0.031250,1.248712e-06,5.793100e-06,0.9094,0.8469,329
48,features.16,665,pruned_before,nan,0.000000e+00,0.000000e+00,0.0000,0.0000,0
48,features.16,666,pruned_before,nan,0.000000e+00,0.000000e+00,0.0000,0.0000,0
48,features.16,667,pruned_before,nan,0.000000e+00,0.000000e+00,0.0000,0.0000,0
48,features.16,668,pruned_before,nan,0.000000e+00,0.000000e+00,0.0000,0.0000,0
48,features.16,669,active,0.029688,1.517363e-07,1.495543e-06,0.4375,0.4969,329
48,features.16,670,pruned_before,nan,0.000000e+00,0.000000e+00,0.0000,0.0000,0
48,features.16,671,active,-0.148438,3.403695e-07,8.413941e-07,0.6625,0.3656,329
48,features.16,672,pruned_before,nan,0.000000e+00,0.000000e+00,0.0000,0.0000,0
48,features.16,673,active,0.107813,4.557074e-08,7.122484e-07,0.1156,0.3313,329
48,features.16,674,pruned_before,nan,0.000000e+00,0.000000e+00,0.0000,0.0000,0
48,features.16,675,active,-0.034375,2.366860e-06,7.577887e-06,0.9625,0.8938,329
48,features.16,676,pruned_before,nan,0.000000e+00,0.000000e+00,0.0000,0.0000,0
48,features.16,677,active,0.043750,4.184007e-07,4.268175e-06,0.7031,0.7906,329
48,features.16,678,pruned_before,nan,0.000000e+00,0.000000e+00,0.0000,0.0000,0
48,features.16,679,pruned_before,nan,0.000000e+00,0.000000e+00,0.0000,0.0000,0
48,features.16,680,pruned_before,nan,0.000000e+00,0.000000e+00,0.0000,0.0000,0
48,features.16,681,pruned_before,nan,0.000000e+00,0.000000e+00,0.0000,0.0000,0
48,features.16,682,active,-0.114063,2.152410e-07,6.587521e-07,0.5375,0.3094,329
48,features.16,683,active,-0.042187,2.083639e-07,1.124005e-06,0.5312,0.4469,329
48,features.16,684,pruned_before,nan,0.000000e+00,0.000000e+00,0.0000,0.0000,0
48,features.16,685,active,0.104687,1.019966e-07,1.691972e-06,0.3219,0.5312,329
48,features.16,686,active,0.067187,1.337096e-08,3.316559e-07,0.0406,0.1750,329
48,features.16,687,pruned_before,nan,0.000000e+00,0.000000e+00,0.0000,0.0000,0
48,features.16,688,pruned_before,nan,0.000000e+00,0.000000e+00,0.0000,0.0000,0
48,features.16,689,pruned_before,nan,0.000000e+00,0.000000e+00,0.0000,0.0000,0
48,features.16,690,pruned_before,nan,0.000000e+00,0.000000e+00,0.0000,0.0000,0
48,features.16,691,pruned_before,nan,0.000000e+00,0.000000e+00,0.0000,0.0000,0
48,features.16,692,active,0.057813,7.152682e-07,1.196292e-05,0.8156,0.9313,329
48,features.16,693,pruned_before,nan,0.000000e+00,0.000000e+00,0.0000,0.0000,0
48,features.16,694,pruned_before,nan,0.000000e+00,0.000000e+00,0.0000,0.0000,0
48,features.16,695,pruned_before,nan,0.000000e+00,0.000000e+00,0.0000,0.0000,0
48,features.16,696,pruned_before,nan,0.000000e+00,0.000000e+00,0.0000,0.0000,0
48,features.16,697,pruned_before,nan,0.000000e+00,0.000000e+00,0.0000,0.0000,0
48,features.16,698,pruned_before,nan,0.000000e+00,0.000000e+00,0.0000,0.0000,0
48,features.16,699,pruned_before,nan,0.000000e+00,0.000000e+00,0.0000,0.0000,0
48,features.16,700,pruned_before,nan,0.000000e+00,0.000000e+00,0.0000,0.0000,0
48,features.16,701,pruned_before,nan,0.000000e+00,0.000000e+00,0.0000,0.0000,0
48,features.16,702,active,0.051562,3.128600e-07,3.507876e-06,0.6500,0.7531,329
48,features.16,703,active,-0.065625,8.975032e-07,3.146018e-06,0.8562,0.7250,329
48,features.16,704,pruned_before,nan,0.000000e+00,0.000000e+00,0.0000,0.0000,0
48,features.16,705,active,0.050000,3.450306e-07,3.646519e-06,0.6656,0.7656,329
48,features.16,706,pruned_before,nan,0.000000e+00,0.000000e+00,0.0000,0.0000,0
48,features.16,707,active,-0.004688,2.974288e-08,8.289419e-08,0.0813,0.0719,329
48,features.16,708,active,0.073437,5.493970e-07,9.935670e-06,0.7750,0.9219,329
48,features.16,709,pruned_before,nan,0.000000e+00,0.000000e+00,0.0000,0.0000,0
48,features.16,710,active,0.050000,9.572703e-07,1.695931e-05,0.8688,0.9688,329
48,features.16,711,pruned_before,nan,0.000000e+00,0.000000e+00,0.0000,0.0000,0
48,features.16,712,active,-0.015625,2.129836e-07,1.520372e-06,0.5344,0.5031,329
48,features.16,713,pruned_before,nan,0.000000e+00,0.000000e+00,0.0000,0.0000,0
48,features.16,714,pruned_before,nan,0.000000e+00,0.000000e+00,0.0000,0.0000,0
48,features.16,715,active,-0.073438,3.157843e-06,5.587311e-06,0.9750,0.8281,329
48,features.16,716,pruned_before,nan,0.000000e+00,0.000000e+00,0.0000,0.0000,0
48,features.16,717,active,0.028125,4.124822e-08,2.497485e-07,0.1031,0.1594,329
48,features.16,718,pruned_before,nan,0.000000e+00,0.000000e+00,0.0000,0.0000,0
48,features.16,719,pruned_before,nan,0.000000e+00,0.000000e+00,0.0000,0.0000,0
48,features.16,720,active,0.132812,6.163087e-08,1.293069e-06,0.1969,0.4625,329
48,features.16,721,pruned_before,nan,0.000000e+00,0.000000e+00,0.0000,0.0000,0
48,features.16,722,pruned_before,nan,0.000000e+00,0.000000e+00,0.0000,0.0000,0
48,features.16,723,active,0.087500,6.143895e-07,1.580618e-05,0.7875,0.9625,329
48,features.16,724,pruned_before,nan,0.000000e+00,0.000000e+00,0.0000,0.0000,0
48,features.16,725,active,0.251563,3.681935e-08,2.222262e-06,0.0938,0.5969,329
48,features.16,726,pruned_before,nan,0.000000e+00,0.000000e+00,0.0000,0.0000,0
48,features.16,727,pruned_before,nan,0.000000e+00,0.000000e+00,0.0000,0.0000,0
48,features.16,728,active,-0.067187,4.417323e-07,2.184290e-06,0.7219,0.5875,329
48,features.16,729,pruned_before,nan,0.000000e+00,0.000000e+00,0.0000,0.0000,0
48,features.16,730,pruned_before,nan,0.000000e+00,0.000000e+00,0.0000,0.0000,0
48,features.16,731,pruned_before,nan,0.000000e+00,0.000000e+00,0.0000,0.0000,0
48,features.16,732,pruned_before,nan,0.000000e+00,0.000000e+00,0.0000,0.0000,0
48,features.16,733,pruned_before,nan,0.000000e+00,0.000000e+00,0.0000,0.0000,0
48,features.16,734,pruned_before,nan,0.000000e+00,0.000000e+00,0.0000,0.0000,0
48,features.16,735,active,0.285937,5.976720e-08,3.504291e-06,0.1781,0.7500,329
48,features.16,736,pruned_before,nan,0.000000e+00,0.000000e+00,0.0000,0.0000,0
48,features.16,737,pruned_before,nan,0.000000e+00,0.000000e+00,0.0000,0.0000,0
48,features.16,738,pruned_before,nan,0.000000e+00,0.000000e+00,0.0000,0.0000,0
48,features.16,739,pruned_before,nan,0.000000e+00,0.000000e+00,0.0000,0.0000,0
48,features.16,740,pruned_before,nan,0.000000e+00,0.000000e+00,0.0000,0.0000,0
48,features.16,741,pruned_before,nan,0.000000e+00,0.000000e+00,0.0000,0.0000,0
48,features.16,742,pruned_before,nan,0.000000e+00,0.000000e+00,0.0000,0.0000,0
48,features.16,743,pruned_before,nan,0.000000e+00,0.000000e+00,0.0000,0.0000,0
48,features.16,744,active,-0.021875,2.563372e-07,1.810080e-06,0.5969,0.5531,329
48,features.16,745,active,0.079688,8.130567e-08,1.021416e-06,0.2656,0.4250,329
48,features.16,746,pruned_before,nan,0.000000e+00,0.000000e+00,0.0000,0.0000,0
48,features.16,747,pruned_before,nan,0.000000e+00,0.000000e+00,0.0000,0.0000,0
48,features.16,748,active,0.034375,6.116413e-07,5.893463e-06,0.7844,0.8531,329
48,features.16,749,pruned_before,nan,0.000000e+00,0.000000e+00,0.0000,0.0000,0
48,features.16,750,pruned_before,nan,0.000000e+00,0.000000e+00,0.0000,0.0000,0
48,features.16,751,active,-0.157813,2.839372e-07,6.587643e-07,0.6281,0.3125,329
48,features.16,752,active,-0.123438,3.344917e-07,9.764798e-07,0.6594,0.4125,329
48,features.16,753,pruned_before,nan,0.000000e+00,0.000000e+00,0.0000,0.0000,0
48,features.16,754,pruned_before,nan,0.000000e+00,0.000000e+00,0.0000,0.0000,0
48,features.16,755,pruned_before,nan,0.000000e+00,0.000000e+00,0.0000,0.0000,0
48,features.16,756,active,-0.095313,9.735646e-07,2.843664e-06,0.8750,0.6844,329
48,features.16,757,active,0.207813,8.099364e-08,2.790055e-06,0.2625,0.6781,329
48,features.16,758,pruned_before,nan,0.000000e+00,0.000000e+00,0.0000,0.0000,0
48,features.16,759,pruned_before,nan,0.000000e+00,0.000000e+00,0.0000,0.0000,0
48,features.16,760,pruned_before,nan,0.000000e+00,0.000000e+00,0.0000,0.0000,0
48,features.16,761,pruned_before,nan,0.000000e+00,0.000000e+00,0.0000,0.0000,0
48,features.16,762,pruned_before,nan,0.000000e+00,0.000000e+00,0.0000,0.0000,0
48,features.16,763,active,-0.067188,4.420586e-07,2.189624e-06,0.7250,0.5906,329
48,features.16,764,active,-0.021875,8.742726e-08,4.873598e-07,0.2875,0.2438,329
48,features.16,765,active,0.003125,3.236795e-06,3.051429e-05,0.9812,0.9875,329
48,features.16,766,active,0.003125,4.125827e-08,1.707829e-07,0.1063,0.1125,329
48,features.16,767,pruned_before,nan,0.000000e+00,0.000000e+00,0.0000,0.0000,0
48,features.16,768,pruned_before,nan,0.000000e+00,0.000000e+00,0.0000,0.0000,0
48,features.16,769,active,0.014063,1.116883e-07,8.715845e-07,0.3438,0.3719,329
48,features.16,770,pruned_before,nan,0.000000e+00,0.000000e+00,0.0000,0.0000,0
48,features.16,771,pruned_before,nan,0.000000e+00,0.000000e+00,0.0000,0.0000,0
48,features.16,772,active,-0.175000,1.788063e-07,2.234836e-07,0.4938,0.1437,329
48,features.16,773,pruned_before,nan,0.000000e+00,0.000000e+00,0.0000,0.0000,0
48,features.16,774,pruned_before,nan,0.000000e+00,0.000000e+00,0.0000,0.0000,0
48,features.16,775,pruned_before,nan,0.000000e+00,0.000000e+00,0.0000,0.0000,0
48,features.16,776,pruned_before,nan,0.000000e+00,0.000000e+00,0.0000,0.0000,0
48,features.16,777,pruned_before,nan,0.000000e+00,0.000000e+00,0.0000,0.0000,0
48,features.16,778,pruned_before,nan,0.000000e+00,0.000000e+00,0.0000,0.0000,0
48,features.16,779,pruned_before,nan,0.000000e+00,0.000000e+00,0.0000,0.0000,0
48,features.16,780,active,-0.056250,1.213686e-07,5.035840e-07,0.3688,0.2562,329
48,features.16,781,pruned_before,nan,0.000000e+00,0.000000e+00,0.0000,0.0000,0
48,features.16,782,active,0.234375,7.244971e-08,3.010414e-06,0.2375,0.7063,329
48,features.16,783,pruned_before,nan,0.000000e+00,0.000000e+00,0.0000,0.0000,0
48,features.16,784,active,0.025000,5.235607e-08,3.576363e-07,0.1406,0.1906,329
48,features.16,785,active,-0.162500,9.886180e-07,1.849816e-06,0.8813,0.5563,329
48,features.16,786,pruned_before,nan,0.000000e+00,0.000000e+00,0.0000,0.0000,0
48,features.16,787,active,0.332813,7.667299e-08,9.001913e-06,0.2500,0.9156,329
48,features.16,788,pruned_before,nan,0.000000e+00,0.000000e+00,0.0000,0.0000,0
48,features.16,789,active,-0.073437,2.312367e-07,1.043160e-06,0.5813,0.4344,329
48,features.16,790,pruned_before,nan,0.000000e+00,0.000000e+00,0.0000,0.0000,0
48,features.16,791,pruned_before,nan,0.000000e+00,0.000000e+00,0.0000,0.0000,0
48,features.16,792,active,0.029688,5.813033e-08,4.668366e-07,0.1719,0.2313,329
48,features.16,793,pruned_before,nan,0.000000e+00,0.000000e+00,0.0000,0.0000,0
48,features.16,794,active,0.076563,1.403588e-07,1.922657e-06,0.4125,0.5656,329
48,features.16,795,active,-0.003125,3.042955e-07,2.535610e-06,0.6469,0.6406,329
48,features.16,796,pruned_before,nan,0.000000e+00,0.000000e+00,0.0000,0.0000,0
48,features.16,797,pruned_before,nan,0.000000e+00,0.000000e+00,0.0000,0.0000,0
48,features.16,798,active,-0.023438,1.420743e-06,6.768377e-06,0.9281,0.8813,329
48,features.16,799,active,0.167187,1.279029e-08,8.560116e-07,0.0344,0.3688,329
48,features.16,800,pruned_before,nan,0.000000e+00,0.000000e+00,0.0000,0.0000,0
48,features.16,801,pruned_before,nan,0.000000e+00,0.000000e+00,0.0000,0.0000,0
48,features.16,802,pruned_before,nan,0.000000e+00,0.000000e+00,0.0000,0.0000,0
48,features.16,803,pruned_before,nan,0.000000e+00,0.000000e+00,0.0000,0.0000,0
48,features.16,804,pruned_before,nan,0.000000e+00,0.000000e+00,0.0000,0.0000,0
48,features.16,805,active,-0.107813,2.246427e-07,7.796377e-07,0.5656,0.3500,329
48,features.16,806,pruned_before,nan,0.000000e+00,0.000000e+00,0.0000,0.0000,0
48,features.16,807,pruned_before,nan,0.000000e+00,0.000000e+00,0.0000,0.0000,0
48,features.16,808,pruned_before,nan,0.000000e+00,0.000000e+00,0.0000,0.0000,0
48,features.16,809,active,0.023438,1.242933e-07,1.034210e-06,0.3812,0.4281,329
48,features.16,810,pruned_before,nan,0.000000e+00,0.000000e+00,0.0000,0.0000,0
48,features.16,811,pruned_before,nan,0.000000e+00,0.000000e+00,0.0000,0.0000,0
48,features.16,812,pruned_before,nan,0.000000e+00,0.000000e+00,0.0000,0.0000,0
48,features.16,813,pruned_before,nan,0.000000e+00,0.000000e+00,0.0000,0.0000,0
48,features.16,814,active,0.000000,0.000000e+00,0.000000e+00,0.0094,0.0094,329
48,features.16,815,pruned_before,nan,0.000000e+00,0.000000e+00,0.0000,0.0000,0
48,features.16,816,pruned_before,nan,0.000000e+00,0.000000e+00,0.0000,0.0000,0
48,features.16,817,active,-0.067188,1.572789e-07,6.620385e-07,0.4531,0.3187,329
48,features.16,818,pruned_before,nan,0.000000e+00,0.000000e+00,0.0000,0.0000,0
48,features.16,819,pruned_before,nan,0.000000e+00,0.000000e+00,0.0000,0.0000,0
48,features.16,820,pruned_before,nan,0.000000e+00,0.000000e+00,0.0000,0.0000,0
48,features.16,821,active,0.015625,6.352273e-08,4.684499e-07,0.2031,0.2344,329
48,features.16,822,pruned_before,nan,0.000000e+00,0.000000e+00,0.0000,0.0000,0
48,features.16,823,pruned_before,nan,0.000000e+00,0.000000e+00,0.0000,0.0000,0
48,features.16,824,pruned_before,nan,0.000000e+00,0.000000e+00,0.0000,0.0000,0
48,features.16,825,pruned_before,nan,0.000000e+00,0.000000e+00,0.0000,0.0000,0
48,features.16,826,active,0.093750,7.406606e-09,4.011037e-07,0.0219,0.2094,329
48,features.16,827,pruned_before,nan,0.000000e+00,0.000000e+00,0.0000,0.0000,0
48,features.16,828,active,-0.140625,1.441381e-06,2.597156e-06,0.9313,0.6500,329
48,features.16,829,pruned_before,nan,0.000000e+00,0.000000e+00,0.0000,0.0000,0
48,features.16,830,pruned_before,nan,0.000000e+00,0.000000e+00,0.0000,0.0000,0
48,features.16,831,pruned_before,nan,0.000000e+00,0.000000e+00,0.0000,0.0000,0
48,features.16,832,active,0.028125,1.220305e-08,1.038590e-07,0.0312,0.0875,329
48,features.16,833,pruned_before,nan,0.000000e+00,0.000000e+00,0.0000,0.0000,0
48,features.16,834,active,-0.021875,1.658368e-06,7.955654e-06,0.9406,0.8969,329
48,features.16,835,active,0.156250,1.096637e-07,2.556809e-06,0.3344,0.6469,329
48,features.16,836,active,0.020313,2.003382e-06,6.194480e-05,0.9500,0.9906,329
48,features.16,837,pruned_before,nan,0.000000e+00,0.000000e+00,0.0000,0.0000,0
48,features.16,838,active,-0.045313,3.997998e-06,8.520664e-06,0.9938,0.9031,329
48,features.16,839,pruned_before,nan,0.000000e+00,0.000000e+00,0.0000,0.0000,0
48,features.16,840,pruned_before,nan,0.000000e+00,0.000000e+00,0.0000,0.0000,0
48,features.16,841,active,0.085938,1.753282e-08,4.448321e-07,0.0500,0.2219,329
48,features.16,842,pruned_before,nan,0.000000e+00,0.000000e+00,0.0000,0.0000,0
48,features.16,843,active,0.068750,2.715734e-07,3.478709e-06,0.6094,0.7469,329
48,features.16,844,active,-0.034375,5.436036e-07,2.959796e-06,0.7688,0.7000,329
48,features.16,845,pruned_before,nan,0.000000e+00,0.000000e+00,0.0000,0.0000,0
48,features.16,846,pruned_before,nan,0.000000e+00,0.000000e+00,0.0000,0.0000,0
48,features.16,847,pruned_before,nan,0.000000e+00,0.000000e+00,0.0000,0.0000,0
48,features.16,848,pruned_before,nan,0.000000e+00,0.000000e+00,0.0000,0.0000,0
48,features.16,849,active,-0.076563,5.209144e-07,2.333125e-06,0.7594,0.6062,329
48,features.16,850,pruned_before,nan,0.000000e+00,0.000000e+00,0.0000,0.0000,0
48,features.16,851,pruned_before,nan,0.000000e+00,0.000000e+00,0.0000,0.0000,0
48,features.16,852,pruned_before,nan,0.000000e+00,0.000000e+00,0.0000,0.0000,0
48,features.16,853,pruned_before,nan,0.000000e+00,0.000000e+00,0.0000,0.0000,0
48,features.16,854,pruned_before,nan,0.000000e+00,0.000000e+00,0.0000,0.0000,0
48,features.16,855,pruned_before,nan,0.000000e+00,0.000000e+00,0.0000,0.0000,0
48,features.16,856,pruned_before,nan,0.000000e+00,0.000000e+00,0.0000,0.0000,0
48,features.16,857,pruned_before,nan,0.000000e+00,0.000000e+00,0.0000,0.0000,0
48,features.16,858,pruned_before,nan,0.000000e+00,0.000000e+00,0.0000,0.0000,0
48,features.16,859,pruned_before,nan,0.000000e+00,0.000000e+00,0.0000,0.0000,0
48,features.16,860,active,-0.157813,1.221756e-07,7.494434e-08,0.3750,0.0594,329
48,features.16,861,active,0.045312,3.664904e-07,3.753747e-06,0.6781,0.7688,329
48,features.16,862,pruned_before,nan,0.000000e+00,0.000000e+00,0.0000,0.0000,0
48,features.16,863,pruned_before,nan,0.000000e+00,0.000000e+00,0.0000,0.0000,0
48,features.16,864,active,0.220313,6.526473e-08,2.606473e-06,0.2156,0.6562,329
48,features.16,865,pruned_before,nan,0.000000e+00,0.000000e+00,0.0000,0.0000,0
48,features.16,866,pruned_before,nan,0.000000e+00,0.000000e+00,0.0000,0.0000,0
48,features.16,867,pruned_before,nan,0.000000e+00,0.000000e+00,0.0000,0.0000,0
48,features.16,868,active,-0.096875,1.311837e-07,3.817688e-07,0.3969,0.2031,329
48,features.16,869,pruned_before,nan,0.000000e+00,0.000000e+00,0.0000,0.0000,0
48,features.16,870,active,0.195312,1.273185e-07,4.010399e-06,0.3906,0.7812,329
48,features.16,871,pruned_before,nan,0.000000e+00,0.000000e+00,0.0000,0.0000,0
48,features.16,872,pruned_before,nan,0.000000e+00,0.000000e+00,0.0000,0.0000,0
48,features.16,873,pruned_before,nan,0.000000e+00,0.000000e+00,0.0000,0.0000,0
48,features.16,874,active,-0.020313,3.761853e-08,7.398968e-08,0.0969,0.0563,329
48,features.16,875,active,0.057813,7.832358e-09,2.125000e-07,0.0250,0.1406,329
48,features.16,876,pruned_before,nan,0.000000e+00,0.000000e+00,0.0000,0.0000,0
48,features.16,877,active,0.064063,2.296666e-08,3.622365e-07,0.0656,0.1938,329
48,features.16,878,pruned_before,nan,0.000000e+00,0.000000e+00,0.0000,0.0000,0
48,features.16,879,active,0.120313,8.606058e-08,1.593422e-06,0.2812,0.5219,329
48,features.16,880,pruned_before,nan,0.000000e+00,0.000000e+00,0.0000,0.0000,0
48,features.16,881,pruned_before,nan,0.000000e+00,0.000000e+00,0.0000,0.0000,0
48,features.16,882,pruned_before,nan,0.000000e+00,0.000000e+00,0.0000,0.0000,0
48,features.16,883,pruned_before,nan,0.000000e+00,0.000000e+00,0.0000,0.0000,0
48,features.16,884,pruned_before,nan,0.000000e+00,0.000000e+00,0.0000,0.0000,0
48,features.16,885,pruned_before,nan,0.000000e+00,0.000000e+00,0.0000,0.0000,0
48,features.16,886,pruned_before,nan,0.000000e+00,0.000000e+00,0.0000,0.0000,0
48,features.16,887,active,0.148438,5.465266e-08,1.194197e-06,0.1562,0.4531,329
48,features.16,888,active,-0.018750,1.481860e-07,9.102184e-07,0.4281,0.3906,329
48,features.16,889,pruned_before,nan,0.000000e+00,0.000000e+00,0.0000,0.0000,0
48,features.16,890,pruned_before,nan,0.000000e+00,0.000000e+00,0.0000,0.0000,0
48,features.16,891,active,-0.070312,6.143465e-08,7.221502e-08,0.1938,0.0531,329
48,features.16,892,active,-0.104687,2.151517e-06,3.413064e-06,0.9531,0.7438,329
48,features.16,893,pruned_before,nan,0.000000e+00,0.000000e+00,0.0000,0.0000,0
48,features.16,894,active,0.059375,1.013823e-07,1.043601e-06,0.3187,0.4375,329
48,features.16,895,pruned_before,nan,0.000000e+00,0.000000e+00,0.0000,0.0000,0
48,features.16,896,pruned_before,nan,0.000000e+00,0.000000e+00,0.0000,0.0000,0
48,features.16,897,pruned_before,nan,0.000000e+00,0.000000e+00,0.0000,0.0000,0
48,features.16,898,active,-0.046875,1.254426e-07,5.927040e-07,0.3844,0.2906,329
48,features.16,899,pruned_before,nan,0.000000e+00,0.000000e+00,0.0000,0.0000,0
48,features.16,900,active,-0.010937,1.188427e-07,7.228472e-07,0.3625,0.3406,329
48,features.16,901,pruned_before,nan,0.000000e+00,0.000000e+00,0.0000,0.0000,0
48,features.16,902,active,-0.101563,6.849144e-08,2.628438e-08,0.2250,0.0219,329
48,features.16,903,active,0.014062,3.811960e-07,3.135131e-06,0.6938,0.7219,329
48,features.16,904,active,-0.068750,2.161365e-07,9.577348e-07,0.5437,0.4062,329
48,features.16,905,pruned_before,nan,0.000000e+00,0.000000e+00,0.0000,0.0000,0
48,features.16,906,pruned_before,nan,0.000000e+00,0.000000e+00,0.0000,0.0000,0
48,features.16,907,active,-0.081250,5.321726e-07,2.270920e-06,0.7656,0.6031,329
48,features.16,908,pruned_before,nan,0.000000e+00,0.000000e+00,0.0000,0.0000,0
48,features.16,909,pruned_before,nan,0.000000e+00,0.000000e+00,0.0000,0.0000,0
48,features.16,910,pruned_before,nan,0.000000e+00,0.000000e+00,0.0000,0.0000,0
48,features.16,911,pruned_before,nan,0.000000e+00,0.000000e+00,0.0000,0.0000,0
48,features.16,912,active,0.095312,4.047521e-07,6.937206e-06,0.6969,0.8875,329
48,features.16,913,active,-0.104687,1.350183e-06,3.094414e-06,0.9219,0.7125,329
48,features.16,914,active,0.201563,1.336728e-07,4.867286e-06,0.4000,0.8031,329
48,features.16,915,pruned_before,nan,0.000000e+00,0.000000e+00,0.0000,0.0000,0
48,features.16,916,pruned_before,nan,0.000000e+00,0.000000e+00,0.0000,0.0000,0
48,features.16,917,pruned_before,nan,0.000000e+00,0.000000e+00,0.0000,0.0000,0
48,features.16,918,pruned_before,nan,0.000000e+00,0.000000e+00,0.0000,0.0000,0
48,features.16,919,active,-0.023438,7.603224e-08,3.774506e-07,0.2469,0.2000,329
48,features.16,920,pruned_before,nan,0.000000e+00,0.000000e+00,0.0000,0.0000,0
48,features.16,921,pruned_before,nan,0.000000e+00,0.000000e+00,0.0000,0.0000,0
48,features.16,922,pruned_before,nan,0.000000e+00,0.000000e+00,0.0000,0.0000,0
48,features.16,923,pruned_before,nan,0.000000e+00,0.000000e+00,0.0000,0.0000,0
48,features.16,924,pruned_before,nan,0.000000e+00,0.000000e+00,0.0000,0.0000,0
48,features.16,925,active,-0.150000,1.486779e-06,2.516500e-06,0.9344,0.6344,329
48,features.16,926,pruned_before,nan,0.000000e+00,0.000000e+00,0.0000,0.0000,0
48,features.16,927,pruned_before,nan,0.000000e+00,0.000000e+00,0.0000,0.0000,0
48,features.16,928,pruned_before,nan,0.000000e+00,0.000000e+00,0.0000,0.0000,0
48,features.16,929,pruned_before,nan,0.000000e+00,0.000000e+00,0.0000,0.0000,0
48,features.16,930,pruned_before,nan,0.000000e+00,0.000000e+00,0.0000,0.0000,0
48,features.16,931,pruned_before,nan,0.000000e+00,0.000000e+00,0.0000,0.0000,0
48,features.16,932,active,0.362500,1.120461e-09,3.355937e-06,0.0125,0.7375,329
48,features.16,933,active,-0.167188,1.215542e-07,3.789943e-08,0.3719,0.0375,329
48,features.16,934,pruned_before,nan,0.000000e+00,0.000000e+00,0.0000,0.0000,0
48,features.16,935,active,0.037500,3.426308e-08,2.866633e-07,0.0875,0.1625,329
48,features.16,936,pruned_before,nan,0.000000e+00,0.000000e+00,0.0000,0.0000,0
48,features.16,937,active,-0.093750,7.710572e-07,2.519216e-06,0.8250,0.6375,329
48,features.16,938,pruned_before,nan,0.000000e+00,0.000000e+00,0.0000,0.0000,0
48,features.16,939,pruned_before,nan,0.000000e+00,0.000000e+00,0.0000,0.0000,0
48,features.16,940,pruned_before,nan,0.000000e+00,0.000000e+00,0.0000,0.0000,0
48,features.16,941,active,0.010938,3.034739e-07,2.651971e-06,0.6438,0.6656,329
48,features.16,942,pruned_before,nan,0.000000e+00,0.000000e+00,0.0000,0.0000,0
48,features.16,943,pruned_before,nan,0.000000e+00,0.000000e+00,0.0000,0.0000,0
48,features.16,944,pruned_before,nan,0.000000e+00,0.000000e+00,0.0000,0.0000,0
48,features.16,945,active,0.104687,2.907128e-08,5.884335e-07,0.0781,0.2875,329
48,features.16,946,pruned_before,nan,0.000000e+00,0.000000e+00,0.0000,0.0000,0
48,features.16,947,pruned_before,nan,0.000000e+00,0.000000e+00,0.0000,0.0000,0
48,features.16,948,pruned_before,nan,0.000000e+00,0.000000e+00,0.0000,0.0000,0
48,features.16,949,pruned_before,nan,0.000000e+00,0.000000e+00,0.0000,0.0000,0
48,features.16,950,pruned_before,nan,0.000000e+00,0.000000e+00,0.0000,0.0000,0
48,features.16,951,pruned_before,nan,0.000000e+00,0.000000e+00,0.0000,0.0000,0
48,features.16,952,pruned_before,nan,0.000000e+00,0.000000e+00,0.0000,0.0000,0
48,features.16,953,pruned_before,nan,0.000000e+00,0.000000e+00,0.0000,0.0000,0
48,features.16,954,pruned_before,nan,0.000000e+00,0.000000e+00,0.0000,0.0000,0
48,features.16,955,pruned_before,nan,0.000000e+00,0.000000e+00,0.0000,0.0000,0
48,features.16,956,pruned_before,nan,0.000000e+00,0.000000e+00,0.0000,0.0000,0
48,features.16,957,active,-0.009375,2.569089e-07,2.141092e-06,0.6000,0.5813,329
48,features.16,958,active,-0.067187,1.048279e-06,3.581925e-06,0.8938,0.7594,329
48,features.16,959,pruned_before,nan,0.000000e+00,0.000000e+00,0.0000,0.0000,0
48,features.17,0,active,0.187867,1.050236e-07,1.410588e-07,0.1761,0.5519,489
48,features.17,1,pruned_before,nan,0.000000e+00,0.000000e+00,0.0000,0.0000,0
48,features.17,2,active,-0.050881,1.061872e-07,1.359282e-08,0.1800,0.0783,489
48,features.17,3,active,0.148728,7.958903e-08,9.005061e-08,0.1194,0.4168,489
48,features.17,4,pruned_before,nan,0.000000e+00,0.000000e+00,0.0000,0.0000,0
48,features.17,5,active,0.383562,5.600158e-08,3.976958e-07,0.0744,0.8415,489
48,features.17,6,pruned_before,nan,0.000000e+00,0.000000e+00,0.0000,0.0000,0
48,features.17,7,pruned_before,nan,0.000000e+00,0.000000e+00,0.0000,0.0000,0
48,features.17,8,active,-0.035225,9.175589e-08,1.330668e-08,0.1468,0.0763,489
48,features.17,9,pruned_before,nan,0.000000e+00,0.000000e+00,0.0000,0.0000,0
48,features.17,10,pruned_before,nan,0.000000e+00,0.000000e+00,0.0000,0.0000,0
48,features.17,11,active,0.026419,6.023662e-08,2.151255e-08,0.0841,0.1370,489
48,features.17,12,active,-0.030333,2.689919e-06,7.545509e-07,0.9883,0.9276,489
48,features.17,13,active,-0.113503,6.920716e-07,1.328027e-07,0.7515,0.5245,489
48,features.17,14,pruned_before,nan,0.000000e+00,0.000000e+00,0.0000,0.0000,0
48,features.17,15,active,-0.060665,1.825961e-07,3.268508e-08,0.2994,0.1781,489
48,features.17,16,pruned_before,nan,0.000000e+00,0.000000e+00,0.0000,0.0000,0
48,features.17,17,pruned_before,nan,0.000000e+00,0.000000e+00,0.0000,0.0000,0
48,features.17,18,active,0.043053,1.171230e-07,5.239552e-08,0.2016,0.2877,489
48,features.17,19,pruned_before,nan,0.000000e+00,0.000000e+00,0.0000,0.0000,0
48,features.17,20,active,-0.036204,1.417815e-06,3.885698e-07,0.9100,0.8376,489
48,features.17,21,pruned_before,nan,0.000000e+00,0.000000e+00,0.0000,0.0000,0
48,features.17,22,active,-0.050881,5.910313e-07,1.660857e-07,0.7065,0.6047,489
48,features.17,23,active,0.052838,2.608503e-07,1.386499e-07,0.4423,0.5479,489
48,features.17,24,pruned_before,nan,0.000000e+00,0.000000e+00,0.0000,0.0000,0
48,features.17,25,pruned_before,nan,0.000000e+00,0.000000e+00,0.0000,0.0000,0
48,features.17,26,pruned_before,nan,0.000000e+00,0.000000e+00,0.0000,0.0000,0
48,features.17,27,pruned_before,nan,0.000000e+00,0.000000e+00,0.0000,0.0000,0
48,features.17,28,active,-0.117417,5.423866e-07,9.948721e-08,0.6751,0.4403,489
48,features.17,29,pruned_before,nan,0.000000e+00,0.000000e+00,0.0000,0.0000,0
48,features.17,30,active,-0.066536,3.097064e-07,7.503526e-08,0.4971,0.3640,489
48,features.17,31,active,-0.121331,1.896070e-07,1.244004e-08,0.3112,0.0685,489
48,features.17,32,active,0.022505,2.131820e-07,8.798226e-08,0.3659,0.4110,489
48,features.17,33,active,0.000000,0.000000e+00,0.000000e+00,0.0000,0.0000,489
48,features.17,34,pruned_before,nan,0.000000e+00,0.000000e+00,0.0000,0.0000,0
48,features.17,35,pruned_before,nan,0.000000e+00,0.000000e+00,0.0000,0.0000,0
48,features.17,36,active,0.160470,4.336151e-07,8.048746e-07,0.6204,0.9413,489
48,features.17,37,pruned_before,nan,0.000000e+00,0.000000e+00,0.0000,0.0000,0
48,features.17,38,pruned_before,nan,0.000000e+00,0.000000e+00,0.0000,0.0000,0
48,features.17,39,active,-0.076321,9.695033e-07,2.402641e-07,0.8532,0.7006,489
48,features.17,40,active,0.265166,9.535196e-08,2.274677e-07,0.1487,0.6791,489
48,features.17,41,pruned_before,nan,0.000000e+00,0.000000e+00,0.0000,0.0000,0
48,features.17,42,active,0.170254,1.362585e-08,6.846684e-08,0.0039,0.3444,489
48,features.17,43,pruned_before,nan,0.000000e+00,0.000000e+00,0.0000,0.0000,0
48,features.17,44,active,0.024462,1.992969e-07,8.202775e-08,0.3405,0.3894,489
48,features.17,45,active,-0.011742,1.090798e-07,2.925113e-08,0.1859,0.1624,489
48,features.17,46,pruned_before,nan,0.000000e+00,0.000000e+00,0.0000,0.0000,0
48,features.17,47,active,-0.118395,4.215899e-07,7.845352e-08,0.6086,0.3718,489
48,features.17,48,pruned_before,nan,0.000000e+00,0.000000e+00,0.0000,0.0000,0
48,features.17,49,active,-0.008806,1.185298e-06,4.464787e-07,0.8865,0.8689,489
48,features.17,50,pruned_before,nan,0.000000e+00,0.000000e+00,0.0000,0.0000,0
48,features.17,51,pruned_before,nan,0.000000e+00,0.000000e+00,0.0000,0.0000,0
48,features.17,52,pruned_before,nan,0.000000e+00,0.000000e+00,0.0000,0.0000,0
48,features.17,53,pruned_before,nan,0.000000e+00,0.000000e+00,0.0000,0.0000,0
48,features.17,54,pruned_before,nan,0.000000e+00,0.000000e+00,0.0000,0.0000,0
48,features.17,55,active,0.102740,7.900830e-07,1.496871e-06,0.7808,0.9863,489
48,features.17,56,active,0.033268,1.057607e-07,4.365571e-08,0.1781,0.2446,489
48,features.17,57,active,-0.026419,1.621358e-07,3.694784e-08,0.2622,0.2094,489
48,features.17,58,pruned_before,nan,0.000000e+00,0.000000e+00,0.0000,0.0000,0
48,features.17,59,pruned_before,nan,0.000000e+00,0.000000e+00,0.0000,0.0000,0
48,features.17,60,active,0.055773,1.232604e-07,6.053024e-08,0.2074,0.3190,489
48,features.17,61,pruned_before,nan,0.000000e+00,0.000000e+00,0.0000,0.0000,0
48,features.17,62,active,-0.104697,2.170291e-06,2.859946e-07,0.9706,0.7613,489
48,features.17,63,pruned_before,nan,0.000000e+00,0.000000e+00,0.0000,0.0000,0
48,features.17,64,pruned_before,nan,0.000000e+00,0.000000e+00,0.0000,0.0000,0
48,features.17,65,active,0.000978,8.002117e-07,3.152329e-07,0.7886,0.7906,489
48,features.17,66,active,0.070450,1.748775e-07,9.232081e-08,0.2818,0.4227,489
48,features.17,67,pruned_before,nan,0.000000e+00,0.000000e+00,0.0000,0.0000,0
48,features.17,68,active,0.089041,8.375104e-08,5.672983e-08,0.1252,0.3033,489
48,features.17,69,active,-0.019569,2.139401e-07,6.609528e-08,0.3699,0.3307,489
48,features.17,70,active,0.020548,1.437781e-07,5.062880e-08,0.2407,0.2818,489
48,features.17,71,active,0.200587,6.068619e-08,1.182669e-07,0.0861,0.4873,489
48,features.17,72,active,0.031311,5.467893e-08,2.122741e-08,0.0724,0.1350,489
48,features.17,73,active,-0.069472,3.156494e-07,7.746323e-08,0.5088,0.3699,489
48,features.17,74,pruned_before,nan,0.000000e+00,0.000000e+00,0.0000,0.0000,0
48,features.17,75,active,0.123288,4.725566e-07,5.082617e-07,0.6477,0.8943,489
48,features.17,76,pruned_before,nan,0.000000e+00,0.000000e+00,0.0000,0.0000,0
48,features.17,77,active,0.074364,1.116712e-07,6.839652e-08,0.1937,0.3425,489
48,features.17,78,active,0.081213,1.467288e-07,8.685380e-08,0.2446,0.4070,489
48,features.17,79,pruned_before,nan,0.000000e+00,0.000000e+00,0.0000,0.0000,0
48,features.17,80,active,0.175147,3.581114e-08,8.075749e-08,0.0333,0.3836,489
48,features.17,81,active,0.165362,2.489705e-07,2.781108e-07,0.4227,0.7534,489
48,features.17,82,active,0.003914,1.937138e-06,9.950886e-07,0.9569,0.9648,489
48,features.17,83,active,-0.112524,4.030958e-07,7.182472e-08,0.5793,0.3542,489
48,features.17,84,pruned_before,nan,0.000000e+00,0.000000e+00,0.0000,0.0000,0
48,features.17,85,pruned_before,nan,0.000000e+00,0.000000e+00,0.0000,0.0000,0
48,features.17,86,pruned_before,nan,0.000000e+00,0.000000e+00,0.0000,0.0000,0
48,features.17,87,active,0.078278,1.931254e-07,1.142628e-07,0.3190,0.4755,489
48,features.17,88,active,0.104697,3.309371e-07,2.640192e-07,0.5225,0.7319,489
48,features.17,89,active,0.039139,3.971708e-07,1.939092e-07,0.5753,0.6536,489
48,features.17,90,active,-0.000978,8.809408e-07,3.588475e-07,0.8219,0.8200,489
48,features.17,91,pruned_before,nan,0.000000e+00,0.000000e+00,0.0000,0.0000,0
48,features.17,92,active,-0.142857,1.810350e-06,1.970631e-07,0.9432,0.6575,489
48,features.17,93,pruned_before,nan,0.000000e+00,0.000000e+00,0.0000,0.0000,0
48,features.17,94,pruned_before,nan,0.000000e+00,0.000000e+00,0.0000,0.0000,0
48,features.17,95,active,0.036204,2.053913e-07,9.397428e-08,0.3562,0.4286,489
48,features.17,96,pruned_before,nan,0.000000e+00,0.000000e+00,0.0000,0.0000,0
48,features.17,97,pruned_before,nan,0.000000e+00,0.000000e+00,0.0000,0.0000,0
48,features.17,98,pruned_before,nan,0.000000e+00,0.000000e+00,0.0000,0.0000,0
48,features.17,99,pruned_before,nan,0.000000e+00,0.000000e+00,0.0000,0.0000,0
48,features.17,100,active,-0.114481,2.528063e-07,3.532099e-08,0.4266,0.1977,489
48,features.17,101,pruned_before,nan,0.000000e+00,0.000000e+00,0.0000,0.0000,0
48,features.17,102,active,-0.039139,7.862227e-08,8.328690e-09,0.1174,0.0391,489
48,features.17,103,active,-0.054795,1.471133e-06,3.445499e-07,0.9198,0.8102,489
48,features.17,104,active,0.014677,2.453432e-08,9.200955e-09,0.0176,0.0470,489
48,features.17,105,active,0.226027,1.916336e-07,2.937524e-07,0.3170,0.7691,489
48,features.17,106,pruned_before,nan,0.000000e+00,0.000000e+00,0.0000,0.0000,0
48,features.17,107,pruned_before,nan,0.000000e+00,0.000000e+00,0.0000,0.0000,0
48,features.17,108,active,-0.003914,4.123318e-06,1.587307e-06,0.9980,0.9902,489
48,features.17,109,pruned_before,nan,0.000000e+00,0.000000e+00,0.0000,0.0000,0
48,features.17,110,active,-0.047945,9.009939e-07,2.681826e-07,0.8317,0.7358,489
48,features.17,111,pruned_before,nan,0.000000e+00,0.000000e+00,0.0000,0.0000,0
48,features.17,112,pruned_before,nan,0.000000e+00,0.000000e+00,0.0000,0.0000,0
48,features.17,113,active,0.040117,2.604043e-07,1.321960e-07,0.4403,0.5205,489
48,features.17,114,active,-0.166341,2.353691e-07,1.090969e-08,0.3914,0.0587,489
48,features.17,115,pruned_before,nan,0.000000e+00,0.000000e+00,0.0000,0.0000,0
48,features.17,116,active,-0.029354,3.227385e-06,7.816857e-07,0.9941,0.9354,489
48,features.17,117,pruned_before,nan,0.000000e+00,0.000000e+00,0.0000,0.0000,0
48,features.17,118,active,-0.046967,8.043943e-08,7.273850e-09,0.1213,0.0274,489
48,features.17,119,active,-0.025440,1.854089e-07,4.464343e-08,0.3033,0.2524,489
48,features.17,120,pruned_before,nan,0.000000e+00,0.000000e+00,0.0000,0.0000,0
48,features.17,121,active,0.179061,4.060099e-07,8.061785e-07,0.5871,0.9452,489
48,features.17,122,pruned_before,nan,0.000000e+00,0.000000e+00,0.0000,0.0000,0
48,features.17,123,active,0.078278,3.861190e-07,2.510627e-07,0.5597,0.7162,489
48,features.17,124,active,0.002935,2.861922e-08,7.154089e-09,0.0196,0.0254,489
48,features.17,125,active,-0.009785,2.041715e-07,6.429082e-08,0.3483,0.3288,489
48,features.17,126,pruned_before,nan,0.000000e+00,0.000000e+00,0.0000,0.0000,0
48,features.17,127,active,0.079256,1.170805e-07,7.406941e-08,0.1996,0.3581,489
48,features.17,128,active,-0.079256,8.485174e-07,1.881430e-07,0.8082,0.6497,489
48,features.17,129,pruned_before,nan,0.000000e+00,0.000000e+00,0.0000,0.0000,0
48,features.17,130,active,0.044031,2.209254e-08,1.695751e-08,0.0157,0.1037,489
48,features.17,131,active,0.012720,2.101566e-06,1.595324e-06,0.9667,0.9922,489
48,features.17,132,active,-0.077299,5.821045e-07,1.386008e-07,0.7006,0.5460,489
48,features.17,133,pruned_before,nan,0.000000e+00,0.000000e+00,0.0000,0.0000,0
48,features.17,134,active,-0.130137,4.150580e-07,6.617999e-08,0.5930,0.3327,489
48,features.17,135,active,-0.064579,2.328303e-06,4.144505e-07,0.9824,0.8532,489
48,features.17,136,active,0.084149,6.616838e-07,5.935911e-07,0.7358,0.9041,489
48,features.17,137,active,-0.032290,2.250786e-07,5.893283e-08,0.3777,0.3131,489
48,features.17,138,active,-0.103718,1.268552e-07,3.965285e-09,0.2153,0.0078,489
48,features.17,139,pruned_before,nan,0.000000e+00,0.000000e+00,0.0000,0.0000,0
48,features.17,140,pruned_before,nan,0.000000e+00,0.000000e+00,0.0000,0.0000,0
48,features.17,141,active,-0.017613,1.049849e-07,2.152212e-08,0.1742,0.1389,489
48,features.17,142,pruned_before,nan,0.000000e+00,0.000000e+00,0.0000,0.0000,0
48,features.17,143,pruned_before,nan,0.000000e+00,0.000000e+00,0.0000,0.0000,0
48,features.17,144,active,-0.095890,1.126467e-06,2.294303e-07,0.8748,0.6830,489
48,features.17,145,pruned_before,nan,0.000000e+00,0.000000e+00,0.0000,0.0000,0
48,features.17,146,pruned_before,nan,0.000000e+00,0.000000e+00,0.0000,0.0000,0
48,features.17,147,active,-0.059687,1.429682e-06,3.170477e-07,0.9119,0.7926,489
48,features.17,148,active,-0.177104,4.594565e-07,5.140753e-08,0.6399,0.2857,489
48,features.17,149,pruned_before,nan,0.000000e+00,0.000000e+00,0.0000,0.0000,0
48,features.17,150,active,-0.001957,1.768780e-07,5.080357e-08,0.2877,0.2838,489
48,features.17,151,pruned_before,nan,0.000000e+00,0.000000e+00,0.0000,0.0000,0
48,features.17,152,pruned_before,nan,0.000000e+00,0.000000e+00,0.0000,0.0000,0
48,features.17,153,pruned_before,nan,0.000000e+00,0.000000e+00,0.0000,0.0000,0
48,features.17,154,active,-0.151663,6.667018e-07,9.594676e-08,0.7378,0.4344,489
48,features.17,155,active,-0.098826,4.172032e-07,8.620811e-08,0.5988,0.4012,489
48,features.17,156,pruned_before,nan,0.000000e+00,0.000000e+00,0.0000,0.0000,0
48,features.17,157,pruned_before,nan,0.000000e+00,0.000000e+00,0.0000,0.0000,0
48,features.17,158,active,-0.098826,1.179061e-06,2.313067e-07,0.8845,0.6869,489
48,features.17,159,active,0.411937,6.882394e-08,7.363242e-07,0.0998,0.9237,489
48,features.17,160,active,0.184931,4.334951e-07,1.584433e-06,0.6184,0.9883,489
48,features.17,161,pruned_before,nan,0.000000e+00,0.000000e+00,0.0000,0.0000,0
48,features.17,162,pruned_before,nan,0.000000e+00,0.000000e+00,0.0000,0.0000,0
48,features.17,163,active,0.000978,1.201474e-07,3.648353e-08,0.2055,0.2074,489
48,features.17,164,pruned_before,nan,0.000000e+00,0.000000e+00,0.0000,0.0000,0
48,features.17,165,pruned_before,nan,0.000000e+00,0.000000e+00,0.0000,0.0000,0
48,features.17,166,pruned_before,nan,0.000000e+00,0.000000e+00,0.0000,0.0000,0
48,features.17,167,active,0.137965,1.811967e-07,1.497704e-07,0.2955,0.5714,489
48,features.17,168,pruned_before,nan,0.000000e+00,0.000000e+00,0.0000,0.0000,0
48,features.17,169,pruned_before,nan,0.000000e+00,0.000000e+00,0.0000,0.0000,0
48,features.17,170,pruned_before,nan,0.000000e+00,0.000000e+00,0.0000,0.0000,0
48,features.17,171,active,0.242661,4.164553e-08,1.346780e-07,0.0450,0.5303,489
48,features.17,172,active,-0.027397,7.312696e-08,9.483914e-09,0.1057,0.0509,489
48,features.17,173,active,-0.062622,1.111738e-06,2.736741e-07,0.8689,0.7436,489
48,features.17,174,active,-0.042074,1.113781e-06,3.138668e-07,0.8708,0.7867,489
48,features.17,175,active,0.198630,1.691085e-07,2.161141e-07,0.2720,0.6693,489
48,features.17,176,pruned_before,nan,0.000000e+00,0.000000e+00,0.0000,0.0000,0
48,features.17,177,active,-0.063601,1.326912e-07,1.649092e-08,0.2270,0.0998,489
48,features.17,178,pruned_before,nan,0.000000e+00,0.000000e+00,0.0000,0.0000,0
48,features.17,179,pruned_before,nan,0.000000e+00,0.000000e+00,0.0000,0.0000,0
48,features.17,180,active,-0.157534,2.276562e-06,2.028639e-07,0.9785,0.6634,489
48,features.17,181,active,0.205479,1.945669e-07,2.644432e-07,0.3229,0.7339,489
48,features.17,182,pruned_before,nan,0.000000e+00,0.000000e+00,0.0000,0.0000,0
48,features.17,183,pruned_before,nan,0.000000e+00,0.000000e+00,0.0000,0.0000,0
48,features.17,184,pruned_before,nan,0.000000e+00,0.000000e+00,0.0000,0.0000,0
48,features.17,185,active,-0.005871,3.298698e-08,6.158415e-09,0.0254,0.0137,489
48,features.17,186,active,-0.109589,8.086620e-07,1.505315e-07,0.7926,0.5734,489
48,features.17,187,active,-0.000978,3.454718e-08,7.332957e-09,0.0313,0.0294,489
48,features.17,188,active,0.227984,2.737237e-07,7.308851e-07,0.4658,0.9217,489
48,features.17,189,pruned_before,nan,0.000000e+00,0.000000e+00,0.0000,0.0000,0
48,features.17,190,active,-0.168297,6.410046e-07,8.386191e-08,0.7299,0.3933,489
48,features.17,191,pruned_before,nan,0.000000e+00,0.000000e+00,0.0000,0.0000,0
48,features.17,192,active,-0.082192,5.813142e-07,1.360956e-07,0.6986,0.5342,489
48,features.17,193,pruned_before,nan,0.000000e+00,0.000000e+00,0.0000,0.0000,0
48,features.17,194,pruned_before,nan,0.000000e+00,0.000000e+00,0.0000,0.0000,0
48,features.17,195,pruned_before,nan,0.000000e+00,0.000000e+00,0.0000,0.0000,0
48,features.17,196,active,-0.014677,3.696526e-07,1.301880e-07,0.5479,0.5186,489
48,features.17,197,active,-0.084149,2.312769e-07,3.748279e-08,0.3836,0.2153,489
48,features.17,198,pruned_before,nan,0.000000e+00,0.000000e+00,0.0000,0.0000,0
48,features.17,199,active,0.321918,1.675098e-07,6.498750e-07,0.2701,0.9139,489
48,features.17,200,active,0.033268,1.382886e-06,1.224730e-06,0.9041,0.9706,489
48,features.17,201,active,0.039139,8.746621e-07,5.308265e-07,0.8200,0.8982,489
48,features.17,202,active,0.179061,1.715457e-08,7.706306e-08,0.0098,0.3679,489
48,features.17,203,pruned_before,nan,0.000000e+00,0.000000e+00,0.0000,0.0000,0
48,features.17,204,pruned_before,nan,0.000000e+00,0.000000e+00,0.0000,0.0000,0
48,features.17,205,pruned_before,nan,0.000000e+00,0.000000e+00,0.0000,0.0000,0
48,features.17,206,active,0.053816,6.248892e-08,3.581684e-08,0.0939,0.2016,489
48,features.17,207,pruned_before,nan,0.000000e+00,0.000000e+00,0.0000,0.0000,0
48,features.17,208,active,0.011742,4.887382e-07,2.218897e-07,0.6517,0.6751,489
48,features.17,209,pruned_before,nan,0.000000e+00,0.000000e+00,0.0000,0.0000,0
48,features.17,210,active,0.060665,3.895236e-07,2.305185e-07,0.5636,0.6849,489
48,features.17,211,active,0.184932,1.097502e-07,1.419656e-07,0.1879,0.5577,489
48,features.17,212,pruned_before,nan,0.000000e+00,0.000000e+00,0.0000,0.0000,0
48,features.17,213,pruned_before,nan,0.000000e+00,0.000000e+00,0.0000,0.0000,0
48,features.17,214,active,-0.157534,6.335993e-07,8.801460e-08,0.7280,0.4129,489
48,features.17,215,pruned_before,nan,0.000000e+00,0.000000e+00,0.0000,0.0000,0
48,features.17,216,pruned_before,nan,0.000000e+00,0.000000e+00,0.0000,0.0000,0
48,features.17,217,pruned_before,nan,0.000000e+00,0.000000e+00,0.0000,0.0000,0
48,features.17,218,pruned_before,nan,0.000000e+00,0.000000e+00,0.0000,0.0000,0
48,features.17,219,active,-0.045010,1.022928e-07,1.308489e-08,0.1644,0.0744,489
48,features.17,220,active,-0.028376,2.112995e-07,5.774572e-08,0.3640,0.3072,489
48,features.17,221,active,0.196673,6.159616e-08,1.160111e-07,0.0881,0.4814,489
48,features.17,222,active,0.017613,2.666522e-07,1.185345e-07,0.4560,0.4912,489
48,features.17,223,pruned_before,nan,0.000000e+00,0.000000e+00,0.0000,0.0000,0
48,features.17,224,active,0.085127,4.101679e-08,3.728756e-08,0.0431,0.2133,489
48,features.17,225,active,-0.134051,4.598438e-07,7.882063e-08,0.6419,0.3738,489
48,features.17,226,active,0.005871,1.126783e-06,4.861242e-07,0.8767,0.8885,489
48,features.17,227,active,-0.018591,2.168649e-06,7.620677e-07,0.9687,0.9315,489
48,features.17,228,active,0.095890,4.101493e-07,3.085994e-07,0.5890,0.7808,489
48,features.17,229,active,0.181018,1.339528e-07,1.568871e-07,0.2290,0.5910,489
48,features.17,230,pruned_before,nan,0.000000e+00,0.000000e+00,0.0000,0.0000,0
48,features.17,231,active,-0.086106,1.561906e-07,1.426790e-08,0.2544,0.0822,489
48,features.17,232,active,0.024462,1.040515e-07,3.816786e-08,0.1722,0.2211,489
48,features.17,233,pruned_before,nan,0.000000e+00,0.000000e+00,0.0000,0.0000,0
48,features.17,234,pruned_before,nan,0.000000e+00,0.000000e+00,0.0000,0.0000,0
48,features.17,235,active,-0.059687,1.031413e-07,9.384112e-09,0.1683,0.0489,489
48,features.17,236,active,-0.053816,6.813694e-07,1.836173e-07,0.7476,0.6399,489
48,features.17,237,pruned_before,nan,0.000000e+00,0.000000e+00,0.0000,0.0000,0
48,features.17,238,active,0.018591,1.241417e-07,4.393241e-08,0.2114,0.2485,489
48,features.17,239,active,0.066536,7.458876e-07,5.869742e-07,0.7691,0.9022,489
48,features.17,240,active,0.089041,3.352542e-08,3.640523e-08,0.0274,0.2055,489
48,features.17,241,active,0.026419,1.590447e-06,1.423101e-06,0.9276,0.9804,489
48,features.17,242,pruned_before,nan,0.000000e+00,0.000000e+00,0.0000,0.0000,0
48,features.17,243,pruned_before,nan,0.000000e+00,0.000000e+00,0.0000,0.0000,0
48,features.17,244,active,-0.060665,3.927991e-07,1.013821e-07,0.5675,0.4462,489
48,features.17,245,pruned_before,nan,0.000000e+00,0.000000e+00,0.0000,0.0000,0
48,features.17,246,active,0.003914,1.883361e-06,9.145086e-07,0.9491,0.9569,489
48,features.17,247,active,-0.065558,1.321438e-06,2.922099e-07,0.8982,0.7671,489
48,features.17,248,pruned_before,nan,0.000000e+00,0.000000e+00,0.0000,0.0000,0
48,features.17,249,pruned_before,nan,0.000000e+00,0.000000e+00,0.0000,0.0000,0
48,features.17,250,pruned_before,nan,0.000000e+00,0.000000e+00,0.0000,0.0000,0
48,features.17,251,pruned_before,nan,0.000000e+00,0.000000e+00,0.0000,0.0000,0
48,features.17,252,active,-0.048924,1.603662e-06,3.809674e-07,0.9315,0.8337,489
48,features.17,253,active,-0.018591,2.234489e-06,7.940221e-07,0.9765,0.9393,489
48,features.17,254,active,0.071429,9.950965e-08,5.634417e-08,0.1585,0.3014,489
48,features.17,255,active,0.101761,9.889509e-08,7.439690e-08,0.1566,0.3601,489
48,features.17,256,active,-0.165362,1.983976e-07,3.686315e-09,0.3366,0.0059,489
48,features.17,257,active,0.038160,1.379264e-07,5.836975e-08,0.2329,0.3092,489
48,features.17,258,pruned_before,nan,0.000000e+00,0.000000e+00,0.0000,0.0000,0
48,features.17,259,pruned_before,nan,0.000000e+00,0.000000e+00,0.0000,0.0000,0
48,features.17,260,pruned_before,nan,0.000000e+00,0.000000e+00,0.0000,0.0000,0
48,features.17,261,active,0.033268,2.048447e-07,9.155988e-08,0.3542,0.4207,489
48,features.17,262,active,-0.009785,4.542117e-07,1.675613e-07,0.6301,0.6106,489
48,features.17,263,active,-0.040117,3.691206e-07,1.101402e-07,0.5460,0.4658,489
48,features.17,264,pruned_before,nan,0.000000e+00,0.000000e+00,0.0000,0.0000,0
48,features.17,265,active,0.032290,7.087859e-07,3.709486e-07,0.7593,0.8239,489
48,features.17,266,pruned_before,nan,0.000000e+00,0.000000e+00,0.0000,0.0000,0
48,features.17,267,active,-0.026419,2.604594e-06,7.774593e-07,0.9863,0.9335,489
48,features.17,268,active,-0.100783,2.860920e-07,4.963889e-08,0.4795,0.2779,489
48,features.17,269,pruned_before,nan,0.000000e+00,0.000000e+00,0.0000,0.0000,0
48,features.17,270,pruned_before,nan,0.000000e+00,0.000000e+00,0.0000,0.0000,0
48,features.17,271,pruned_before,nan,0.000000e+00,0.000000e+00,0.0000,0.0000,0
48,features.17,272,pruned_before,nan,0.000000e+00,0.000000e+00,0.0000,0.0000,0
48,features.17,273,pruned_before,nan,0.000000e+00,0.000000e+00,0.0000,0.0000,0
48,features.17,274,pruned_before,nan,0.000000e+00,0.000000e+00,0.0000,0.0000,0
48,features.17,275,pruned_before,nan,0.000000e+00,0.000000e+00,0.0000,0.0000,0
48,features.17,276,pruned_before,nan,0.000000e+00,0.000000e+00,0.0000,0.0000,0
48,features.17,277,active,0.014677,9.528820e-07,4.718941e-07,0.8493,0.8787,489
48,features.17,278,active,0.045988,1.065051e-07,4.829494e-08,0.1820,0.2740,489
48,features.17,279,pruned_now,-0.248532,7.581399e-07,4.846789e-08,0.7730,0.2759,489
48,features.17,280,active,-0.059687,9.619844e-08,8.055482e-09,0.1526,0.0333,489
48,features.17,281,pruned_before,nan,0.000000e+00,0.000000e+00,0.0000,0.0000,0
48,features.17,282,active,-0.072407,6.789844e-07,1.595379e-07,0.7436,0.5988,489
48,features.17,283,active,-0.131115,8.198604e-07,1.364512e-07,0.7984,0.5362,489
48,features.17,284,active,0.036204,9.106023e-07,6.403685e-07,0.8376,0.9100,489
48,features.17,285,pruned_before,nan,0.000000e+00,0.000000e+00,0.0000,0.0000,0
48,features.17,286,pruned_before,nan,0.000000e+00,0.000000e+00,0.0000,0.0000,0
48,features.17,287,active,0.095890,2.537818e-07,1.770495e-07,0.4286,0.6204,489
48,features.17,288,pruned_before,nan,0.000000e+00,0.000000e+00,0.0000,0.0000,0
48,features.17,289,active,-0.129158,9.392813e-07,1.563928e-07,0.8454,0.5871,489
48,features.17,290,pruned_before,nan,0.000000e+00,0.000000e+00,0.0000,0.0000,0
48,features.17,291,active,-0.111546,2.041094e-07,1.980152e-08,0.3464,0.1233,489
48,features.17,292,pruned_before,nan,0.000000e+00,0.000000e+00,0.0000,0.0000,0
48,features.17,293,pruned_before,nan,0.000000e+00,0.000000e+00,0.0000,0.0000,0
48,features.17,294,pruned_before,nan,0.000000e+00,0.000000e+00,0.0000,0.0000,0
48,features.17,295,active,-0.069472,1.883176e-07,3.190844e-08,0.3092,0.1703,489
48,features.17,296,active,-0.077299,2.351035e-07,4.113417e-08,0.3894,0.2348,489
48,features.17,297,pruned_before,nan,0.000000e+00,0.000000e+00,0.0000,0.0000,0
48,features.17,298,pruned_before,nan,0.000000e+00,0.000000e+00,0.0000,0.0000,0
48,features.17,299,active,-0.144814,6.194261e-07,9.296105e-08,0.7162,0.4266,489
48,features.17,300,pruned_before,nan,0.000000e+00,0.000000e+00,0.0000,0.0000,0
48,features.17,301,active,-0.032290,3.738523e-07,1.172839e-07,0.5499,0.4853,489
48,features.17,302,active,-0.093933,3.629507e-07,7.375802e-08,0.5440,0.3562,489
48,features.17,303,pruned_before,nan,0.000000e+00,0.000000e+00,0.0000,0.0000,0
48,features.17,304,pruned_before,nan,0.000000e+00,0.000000e+00,0.0000,0.0000,0
48,features.17,305,active,0.005871,5.296916e-07,2.289188e-07,0.6693,0.6810,489
48,features.17,306,active,0.029354,4.669353e-08,1.917941e-08,0.0568,0.1155,489
48,features.17,307,active,-0.069472,9.383620e-07,2.460980e-07,0.8434,0.7045,489
48,features.17,308,active,-0.002935,1.488472e-06,6.718579e-07,0.9217,0.9159,489
48,features.17,309,pruned_before,nan,0.000000e+00,0.000000e+00,0.0000,0.0000,0
48,features.17,310,pruned_before,nan,0.000000e+00,0.000000e+00,0.0000,0.0000,0
48,features.17,311,pruned_before,nan,0.000000e+00,0.000000e+00,0.0000,0.0000,0
48,features.17,312,pruned_before,nan,0.000000e+00,0.000000e+00,0.0000,0.0000,0
48,features.17,313,active,0.062622,1.749560e-07,8.688626e-08,0.2838,0.4090,489
48,features.17,314,pruned_before,nan,0.000000e+00,0.000000e+00,0.0000,0.0000,0
48,features.17,315,pruned_before,nan,0.000000e+00,0.000000e+00,0.0000,0.0000,0
48,features.17,316,pruned_before,nan,0.000000e+00,0.000000e+00,0.0000,0.0000,0
48,features.17,317,pruned_before,nan,0.000000e+00,0.000000e+00,0.0000,0.0000,0
48,features.17,318,active,0.018591,8.386917e-07,3.980369e-07,0.8063,0.8434,489
48,features.17,319,active,-0.051859,2.389026e-07,5.606071e-08,0.4012,0.2975,489
48,features.17,320,active,-0.055773,2.727469e-07,6.911498e-08,0.4618,0.3503,489
48,features.17,321,pruned_before,nan,0.000000e+00,0.000000e+00,0.0000,0.0000,0
48,features.17,322,pruned_before,nan,0.000000e+00,0.000000e+00,0.0000,0.0000,0
48,features.17,323,active,0.271037,1.402298e-07,3.060827e-07,0.2368,0.7789,489
48,features.17,324,active,0.155577,2.419462e-07,2.569709e-07,0.4129,0.7241,489
48,features.17,325,active,-0.032290,1.233253e-07,2.545857e-08,0.2094,0.1448,489
48,features.17,326,active,-0.074364,1.096696e-06,2.519813e-07,0.8669,0.7182,489
48,features.17,327,active,0.285714,5.701957e-08,1.879187e-07,0.0763,0.6477,489
48,features.17,328,active,-0.028376,4.723075e-08,3.377266e-10,0.0587,0.0020,489
48,features.17,329,active,-0.003914,4.593123e-07,1.789051e-07,0.6380,0.6301,489
48,features.17,330,pruned_before,nan,0.000000e+00,0.000000e+00,0.0000,0.0000,0
48,features.17,331,active,-0.030333,3.765422e-07,1.203890e-07,0.5558,0.4951,489
48,features.17,332,pruned_before,nan,0.000000e+00,0.000000e+00,0.0000,0.0000,0
48,features.17,333,active,0.027397,8.992163e-08,3.439149e-08,0.1370,0.1918,489
48,features.17,334,pruned_before,nan,0.000000e+00,0.000000e+00,0.0000,0.0000,0
48,features.17,335,active,0.014677,6.778878e-08,2.061852e-08,0.0978,0.1272,489
48,features.17,336,pruned_before,nan,0.000000e+00,0.000000e+00,0.0000,0.0000,0
48,features.17,337,active,0.177104,2.739854e-07,3.631316e-07,0.4677,0.8219,489
48,features.17,338,active,-0.015656,1.448944e-06,4.815602e-07,0.9159,0.8845,489
48,features.17,339,pruned_now,-0.189824,2.579939e-07,9.486233e-09,0.4325,0.0528,489
48,features.17,340,active,0.012720,1.082841e-06,4.890757e-07,0.8650,0.8904,489
48,features.17,341,active,-0.094912,1.609498e-07,1.267047e-08,0.2603,0.0705,489
48,features.17,342,pruned_before,nan,0.000000e+00,0.000000e+00,0.0000,0.0000,0
48,features.17,343,pruned_before,nan,0.000000e+00,0.000000e+00,0.0000,0.0000,0
48,features.17,344,active,-0.029354,5.301054e-07,1.714875e-07,0.6712,0.6125,489
48,features.17,345,pruned_before,nan,0.000000e+00,0.000000e+00,0.0000,0.0000,0
48,features.17,346,active,0.058708,4.193308e-07,2.556461e-07,0.6047,0.7221,489
48,features.17,347,pruned_before,nan,0.000000e+00,0.000000e+00,0.0000,0.0000,0
48,features.17,348,active,-0.050881,2.660059e-07,7.061780e-08,0.4540,0.3523,489
48,features.17,349,pruned_before,nan,0.000000e+00,0.000000e+00,0.0000,0.0000,0
48,features.17,350,active,0.113503,4.970812e-08,5.341018e-08,0.0665,0.2935,489
48,features.17,351,active,-0.136986,2.437940e-07,2.434186e-08,0.4168,0.1429,489
48,features.17,352,pruned_before,nan,0.000000e+00,0.000000e+00,0.0000,0.0000,0
48,features.17,353,pruned_before,nan,0.000000e+00,0.000000e+00,0.0000,0.0000,0
48,features.17,354,pruned_before,nan,0.000000e+00,0.000000e+00,0.0000,0.0000,0
48,features.17,355,active,0.033268,4.591798e-07,2.444760e-07,0.6360,0.7025,489
48,features.17,356,pruned_before,nan,0.000000e+00,0.000000e+00,0.0000,0.0000,0
48,features.17,357,active,-0.152642,8.640374e-07,1.245425e-07,0.8160,0.5108,489
48,features.17,358,active,-0.040117,5.036076e-07,1.556434e-07,0.6575,0.5773,489
48,features.17,359,active,0.162427,3.142643e-07,3.766590e-07,0.5049,0.8297,489
48,features.17,360,active,-0.063601,5.849316e-07,1.533205e-07,0.7025,0.5753,489
48,features.17,361,pruned_before,nan,0.000000e+00,0.000000e+00,0.0000,0.0000,0
48,features.17,362,active,-0.113503,8.569541e-07,1.560372e-07,0.8121,0.5851,489
48,features.17,363,pruned_before,nan,0.000000e+00,0.000000e+00,0.0000,0.0000,0
48,features.17,364,pruned_before,nan,0.000000e+00,0.000000e+00,0.0000,0.0000,0
48,features.17,365,active,-0.119374,3.003371e-07,4.465550e-08,0.4932,0.2544,489
48,features.17,366,active,0.163405,2.391131e-07,2.615493e-07,0.4031,0.7299,489
48,features.17,367,active,-0.039139,1.164528e-07,1.939868e-08,0.1977,0.1194,489
48,features.17,368,active,0.070450,8.124293e-07,7.866853e-07,0.7965,0.9374,489
48,features.17,369,pruned_before,nan,0.000000e+00,0.000000e+00,0.0000,0.0000,0
48,features.17,370,protected,0.192759,4.283526e-07,1.898989e-06,0.6125,0.9980,489
48,features.17,371,active,-0.146771,1.967294e-07,8.250713e-09,0.3307,0.0372,489
48,features.17,372,active,0.183953,1.992925e-07,2.477093e-07,0.3386,0.7065,489
48,features.17,373,pruned_before,nan,0.000000e+00,0.000000e+00,0.0000,0.0000,0
48,features.17,374,active,0.081213,7.329133e-07,7.389429e-07,0.7632,0.9256,489
48,features.17,375,active,-0.013699,7.617700e-07,2.753607e-07,0.7750,0.7476,489
48,features.17,376,active,0.038160,6.484915e-07,3.427560e-07,0.7319,0.8082,489
48,features.17,377,pruned_before,nan,0.000000e+00,0.000000e+00,0.0000,0.0000,0
48,features.17,378,pruned_before,nan,0.000000e+00,0.000000e+00,0.0000,0.0000,0
48,features.17,379,active,-0.147750,2.856366e-07,3.297881e-08,0.4755,0.1800,489
48,features.17,380,active,0.059687,4.433886e-07,2.740074e-07,0.6262,0.7456,489
48,features.17,381,active,0.014677,1.973814e-07,7.447639e-08,0.3327,0.3620,489
48,features.17,382,active,0.000978,7.829998e-08,1.925848e-08,0.1155,0.1174,489
48,features.17,383,pruned_before,nan,0.000000e+00,0.000000e+00,0.0000,0.0000,0
48,features.17,384,active,-0.046967,1.730328e-07,3.332861e-08,0.2779,0.1840,489
48,features.17,385,pruned_before,nan,0.000000e+00,0.000000e+00,0.0000,0.0000,0
48,features.17,386,pruned_before,nan,0.000000e+00,0.000000e+00,0.0000,0.0000,0
48,features.17,387,pruned_before,nan,0.000000e+00,0.000000e+00,0.0000,0.0000,0
48,features.17,388,active,-0.035225,2.855014e-07,8.656362e-08,0.4736,0.4031,489
48,features.17,389,active,-0.094912,1.170285e-06,2.341372e-07,0.8826,0.6928,489
48,features.17,390,active,0.012720,4.021495e-08,1.180617e-08,0.0391,0.0646,489
48,features.17,391,pruned_now,-0.217221,1.313516e-06,1.094583e-07,0.8963,0.4618,489
48,features.17,392,pruned_before,nan,0.000000e+00,0.000000e+00,0.0000,0.0000,0
48,features.17,393,pruned_now,-0.228963,1.121922e-06,8.945872e-08,0.8728,0.4149,489
48,features.17,394,active,0.165362,3.501747e-07,4.463207e-07,0.5362,0.8669,489
48,features.17,395,active,-0.076321,4.171618e-07,1.006220e-07,0.5969,0.4442,489
48,features.17,396,pruned_before,nan,0.000000e+00,0.000000e+00,0.0000,0.0000,0
48,features.17,397,active,0.067515,6.011872e-08,3.759094e-08,0.0822,0.2172,489
48,features.17,398,pruned_before,nan,0.000000e+00,0.000000e+00,0.0000,0.0000,0
48,features.17,399,pruned_before,nan,0.000000e+00,0.000000e+00,0.0000,0.0000,0
48,features.17,400,active,0.036204,6.182078e-08,2.968721e-08,0.0920,0.1644,489
48,features.17,401,active,-0.022505,1.755223e-06,5.270578e-07,0.9413,0.8963,489
48,features.17,402,pruned_before,nan,0.000000e+00,0.000000e+00,0.0000,0.0000,0
48,features.17,403,pruned_before,nan,0.000000e+00,0.000000e+00,0.0000,0.0000,0
48,features.17,404,active,-0.131115,6.737682e-07,1.153889e-07,0.7397,0.4775,489
48,features.17,405,active,-0.091976,4.182471e-07,9.103979e-08,0.6027,0.4188,489
48,features.17,406,pruned_before,nan,0.000000e+00,0.000000e+00,0.0000,0.0000,0
48,features.17,407,pruned_before,nan,0.000000e+00,0.000000e+00,0.0000,0.0000,0
48,features.17,408,active,0.268102,1.105266e-07,2.587070e-07,0.1898,0.7260,489
48,features.17,409,pruned_before,nan,0.000000e+00,0.000000e+00,0.0000,0.0000,0
48,features.17,410,pruned_now,-0.187867,3.945052e-07,3.494193e-08,0.5714,0.1957,489
48,features.17,411,active,-0.109589,8.908468e-07,1.663826e-07,0.8258,0.6067,489
48,features.17,412,pruned_before,nan,0.000000e+00,0.000000e+00,0.0000,0.0000,0
48,features.17,413,pruned_before,nan,0.000000e+00,0.000000e+00,0.0000,0.0000,0
48,features.17,414,pruned_before,nan,0.000000e+00,0.000000e+00,0.0000,0.0000,0
48,features.17,415,active,0.000978,9.045602e-07,3.849076e-07,0.8337,0.8356,489
48,features.17,416,pruned_before,nan,0.000000e+00,0.000000e+00,0.0000,0.0000,0
48,features.17,417,active,-0.085127,8.594362e-07,1.852251e-07,0.8141,0.6438,489
48,features.17,418,pruned_before,nan,0.000000e+00,0.000000e+00,0.0000,0.0000,0
48,features.17,419,active,0.092955,2.941663e-07,2.177998e-07,0.4873,0.6732,489
48,features.17,420,active,-0.076321,1.594123e-06,3.052212e-07,0.9295,0.7769,489
48,features.17,421,pruned_before,nan,0.000000e+00,0.000000e+00,0.0000,0.0000,0
48,features.17,422,active,0.041096,6.503959e-07,3.499526e-07,0.7339,0.8160,489
48,features.17,423,pruned_before,nan,0.000000e+00,0.000000e+00,0.0000,0.0000,0
48,features.17,424,pruned_before,nan,0.000000e+00,0.000000e+00,0.0000,0.0000,0
48,features.17,425,pruned_before,nan,0.000000e+00,0.000000e+00,0.0000,0.0000,0
48,features.17,426,pruned_before,nan,0.000000e+00,0.000000e+00,0.0000,0.0000,0
48,features.17,427,active,-0.007828,1.626705e-06,7.255039e-07,0.9354,0.9198,489
48,features.17,428,pruned_before,nan,0.000000e+00,0.000000e+00,0.0000,0.0000,0
48,features.17,429,pruned_before,nan,0.000000e+00,0.000000e+00,0.0000,0.0000,0
48,features.17,430,active,-0.031311,5.470677e-07,1.747187e-07,0.6791,0.6164,489
48,features.17,431,active,0.021526,1.498221e-07,5.339550e-08,0.2485,0.2916,489
48,features.17,432,pruned_before,nan,0.000000e+00,0.000000e+00,0.0000,0.0000,0
48,features.17,433,active,-0.020548,8.906846e-07,3.116768e-07,0.8239,0.7828,489
48,features.17,434,active,-0.070450,5.739669e-07,1.413075e-07,0.6967,0.5558,489
48,features.17,435,active,-0.038160,1.002635e-07,1.538872e-08,0.1624,0.0861,489
48,features.17,436,active,-0.059687,4.141980e-07,1.132219e-07,0.5910,0.4716,489
48,features.17,437,pruned_before,nan,0.000000e+00,0.000000e+00,0.0000,0.0000,0
48,features.17,438,pruned_before,nan,0.000000e+00,0.000000e+00,0.0000,0.0000,0
48,features.17,439,active,0.341487,9.129370e-08,3.725571e-07,0.1429,0.8258,489
48,features.17,440,pruned_before,nan,0.000000e+00,0.000000e+00,0.0000,0.0000,0
48,features.17,441,active,0.344423,5.352265e-08,2.835370e-07,0.0705,0.7593,489
48,features.17,442,pruned_before,nan,0.000000e+00,0.000000e+00,0.0000,0.0000,0
48,features.17,443,pruned_before,nan,0.000000e+00,0.000000e+00,0.0000,0.0000,0
48,features.17,444,active,-0.131115,5.731485e-07,9.501613e-08,0.6928,0.4305,489
48,features.17,445,active,0.069472,5.761781e-08,3.807680e-08,0.0802,0.2192,489
48,features.17,446,active,-0.128180,6.809839e-07,1.184955e-07,0.7456,0.4892,489
48,features.17,447,pruned_before,nan,0.000000e+00,0.000000e+00,0.0000,0.0000,0
48,features.17,448,pruned_before,nan,0.000000e+00,0.000000e+00,0.0000,0.0000,0
48,features.17,449,active,0.108611,1.779793e-07,1.241228e-07,0.2916,0.5088,489
48,features.17,450,pruned_before,nan,0.000000e+00,0.000000e+00,0.0000,0.0000,0
48,features.17,451,active,-0.047945,1.377755e-06,3.425808e-07,0.9022,0.8063,489
48,features.17,452,pruned_before,nan,0.000000e+00,0.000000e+00,0.0000,0.0000,0
48,features.17,453,pruned_before,nan,0.000000e+00,0.000000e+00,0.0000,0.0000,0
48,features.17,454,active,-0.040117,1.638685e-06,4.183682e-07,0.9374,0.8571,489
48,features.17,455,pruned_before,nan,0.000000e+00,0.000000e+00,0.0000,0.0000,0
48,features.17,456,active,-0.165362,2.466797e-07,1.594053e-08,0.4207,0.0900,489
48,features.17,457,pruned_before,nan,0.000000e+00,0.000000e+00,0.0000,0.0000,0
48,features.17,458,pruned_before,nan,0.000000e+00,0.000000e+00,0.0000,0.0000,0
48,features.17,459,pruned_before,nan,0.000000e+00,0.000000e+00,0.0000,0.0000,0
48,features.17,460,pruned_before,nan,0.000000e+00,0.000000e+00,0.0000,0.0000,0
48,features.17,461,pruned_before,nan,0.000000e+00,0.000000e+00,0.0000,0.0000,0
48,features.17,462,pruned_now,-0.221135,3.444933e-07,1.538895e-08,0.5303,0.0881,489
48,features.17,463,active,0.080235,8.316389e-07,9.857141e-07,0.8023,0.9628,489
48,features.17,464,active,-0.025440,7.367806e-07,2.509981e-07,0.7652,0.7143,489
48,features.17,465,active,-0.133072,2.068468e-07,1.600808e-08,0.3601,0.0939,489
48,features.17,466,pruned_before,nan,0.000000e+00,0.000000e+00,0.0000,0.0000,0
48,features.17,467,active,-0.077299,2.063751e-07,3.598925e-08,0.3581,0.2035,489
48,features.17,468,pruned_before,nan,0.000000e+00,0.000000e+00,0.0000,0.0000,0
48,features.17,469,pruned_before,nan,0.000000e+00,0.000000e+00,0.0000,0.0000,0
48,features.17,470,active,0.055773,8.701797e-07,7.615182e-07,0.8180,0.9295,489
48,features.17,471,active,-0.109589,3.469654e-07,5.923717e-08,0.5342,0.3151,489
48,features.17,472,active,-0.047945,5.970257e-07,1.736713e-07,0.7104,0.6145,489
48,features.17,473,active,0.013699,1.237966e-06,6.948043e-07,0.8904,0.9178,489
48,features.17,474,active,0.012720,1.434044e-08,7.659426e-09,0.0059,0.0313,489
48,features.17,475,active,0.014677,3.326944e-07,1.412911e-07,0.5245,0.5538,489
48,features.17,476,pruned_before,nan,0.000000e+00,0.000000e+00,0.0000,0.0000,0
48,features.17,477,active,-0.104697,2.586995e-07,3.942734e-08,0.4344,0.2250,489
48,features.17,478,pruned_before,nan,0.000000e+00,0.000000e+00,0.0000,0.0000,0
48,features.17,479,pruned_before,nan,0.000000e+00,0.000000e+00,0.0000,0.0000,0
48,features.17,480,pruned_before,nan,0.000000e+00,0.000000e+00,0.0000,0.0000,0
48,features.17,481,protected,0.000000,4.516639e-06,3.180911e-06,1.0000,1.0000,489
48,features.17,482,pruned_before,nan,0.000000e+00,0.000000e+00,0.0000,0.0000,0
48,features.17,483,pruned_before,nan,0.000000e+00,0.000000e+00,0.0000,0.0000,0
48,features.17,484,pruned_before,nan,0.000000e+00,0.000000e+00,0.0000,0.0000,0
48,features.17,485,pruned_before,nan,0.000000e+00,0.000000e+00,0.0000,0.0000,0
48,features.17,486,active,-0.130137,6.014246e-07,1.028107e-07,0.7123,0.4521,489
48,features.17,487,pruned_before,nan,0.000000e+00,0.000000e+00,0.0000,0.0000,0
48,features.17,488,active,-0.011742,2.857419e-07,1.034581e-07,0.4775,0.4540,489
48,features.17,489,pruned_before,nan,0.000000e+00,0.000000e+00,0.0000,0.0000,0
48,features.17,490,pruned_before,nan,0.000000e+00,0.000000e+00,0.0000,0.0000,0
48,features.17,491,active,-0.057730,2.218300e-06,4.211624e-07,0.9746,0.8591,489
48,features.17,492,active,0.101761,1.491147e-08,3.721809e-08,0.0078,0.2114,489
48,features.17,493,active,0.069472,3.446595e-07,2.170435e-07,0.5323,0.6712,489
48,features.17,494,active,0.090020,5.725103e-08,4.563231e-08,0.0783,0.2583,489
48,features.17,495,active,0.259295,9.043820e-08,1.978993e-07,0.1409,0.6595,489
48,features.17,496,active,0.252446,1.642717e-07,3.032825e-07,0.2681,0.7730,489
48,features.17,497,active,0.112524,3.585671e-07,2.896439e-07,0.5401,0.7652,489
48,features.17,498,active,0.061644,1.846499e-07,9.265260e-08,0.3014,0.4247,489
48,features.17,499,active,0.136008,1.935176e-07,1.571853e-07,0.3209,0.5930,489
48,features.17,500,active,0.091977,7.390129e-07,8.617848e-07,0.7671,0.9511,489
48,features.17,501,active,0.047945,3.786529e-08,2.098103e-08,0.0372,0.1331,489
48,features.17,502,pruned_before,nan,0.000000e+00,0.000000e+00,0.0000,0.0000,0
48,features.17,503,active,0.005871,1.878138e-06,9.150352e-07,0.9472,0.9589,489
48,features.17,504,pruned_before,nan,0.000000e+00,0.000000e+00,0.0000,0.0000,0
48,features.17,505,active,0.032290,8.007532e-07,4.145825e-07,0.7906,0.8552,489
48,features.17,506,active,-0.035225,9.228767e-07,2.957557e-07,0.8415,0.7710,489
48,features.17,507,active,-0.005871,2.045302e-07,6.745462e-08,0.3523,0.3405,489
48,features.17,508,pruned_before,nan,0.000000e+00,0.000000e+00,0.0000,0.0000,0
48,features.17,509,active,0.026419,2.656413e-07,1.232297e-07,0.4521,0.5049,489
48,features.17,510,pruned_before,nan,0.000000e+00,0.000000e+00,0.0000,0.0000,0
48,features.17,511,active,0.061644,4.939508e-08,3.382689e-08,0.0646,0.1879,489
48,features.17,512,pruned_before,nan,0.000000e+00,0.000000e+00,0.0000,0.0000,0
48,features.17,513,active,-0.044031,7.688775e-08,6.538629e-09,0.1096,0.0215,489
48,features.17,514,active,-0.002935,2.757285e-06,1.460603e-06,0.9902,0.9843,489
48,features.17,515,pruned_before,nan,0.000000e+00,0.000000e+00,0.0000,0.0000,0
48,features.17,516,pruned_before,nan,0.000000e+00,0.000000e+00,0.0000,0.0000,0
48,features.17,517,pruned_before,nan,0.000000e+00,0.000000e+00,0.0000,0.0000,0
48,features.17,518,active,0.049902,3.414190e-08,2.082302e-08,0.0294,0.1292,489
48,features.17,519,active,0.064579,4.034191e-07,2.487241e-07,0.5812,0.7104,489
48,features.17,520,active,-0.021526,2.135039e-07,6.338524e-08,0.3679,0.3249,489
48,features.17,521,active,-0.119374,1.977382e-07,1.621912e-08,0.3346,0.0959,489
48,features.17,522,active,0.079256,9.094141e-07,1.654220e-06,0.8356,0.9941,489
48,features.17,523,active,0.182975,2.110879e-07,2.596166e-07,0.3620,0.7280,489
48,features.17,524,pruned_before,nan,0.000000e+00,0.000000e+00,0.0000,0.0000,0
48,features.17,525,pruned_before,nan,0.000000e+00,0.000000e+00,0.0000,0.0000,0
48,features.17,526,pruned_before,nan,0.000000e+00,0.000000e+00,0.0000,0.0000,0
48,features.17,527,active,0.140900,2.548823e-07,2.501830e-07,0.4305,0.7123,489
48,features.17,528,pruned_before,nan,0.000000e+00,0.000000e+00,0.0000,0.0000,0
48,features.17,529,active,-0.022505,3.963810e-07,1.343053e-07,0.5734,0.5284,489
48,features.17,530,active,0.042074,1.077266e-07,4.778225e-08,0.1840,0.2681,489
48,features.17,531,active,-0.051859,7.779241e-08,5.140341e-09,0.1135,0.0098,489
48,features.17,532,pruned_before,nan,0.000000e+00,0.000000e+00,0.0000,0.0000,0
48,features.17,533,active,-0.183953,5.702778e-07,6.209996e-08,0.6908,0.3229,489
48,features.17,534,pruned_before,nan,0.000000e+00,0.000000e+00,0.0000,0.0000,0
48,features.17,535,active,0.169276,8.577558e-08,1.113704e-07,0.1292,0.4677,489
48,features.17,536,active,-0.061644,1.771943e-07,2.997227e-08,0.2896,0.1663,489
48,features.17,537,active,-0.040117,2.342645e-07,5.720900e-08,0.3855,0.3053,489
48,features.17,538,pruned_before,nan,0.000000e+00,0.000000e+00,0.0000,0.0000,0
48,features.17,539,pruned_before,nan,0.000000e+00,0.000000e+00,0.0000,0.0000,0
48,features.17,540,active,-0.033268,1.315347e-07,2.777105e-08,0.2231,0.1566,489
48,features.17,541,active,0.167319,4.573598e-07,1.147086e-06,0.6341,0.9687,489
48,features.17,542,active,-0.034247,3.938700e-07,1.207906e-07,0.5695,0.5010,489
48,features.17,543,active,-0.017613,4.619612e-08,6.374606e-09,0.0528,0.0176,489
48,features.17,544,active,-0.057730,8.897781e-08,6.423859e-09,0.1350,0.0196,489
48,features.17,545,pruned_before,nan,0.000000e+00,0.000000e+00,0.0000,0.0000,0
48,features.17,546,active,-0.076321,2.385565e-07,4.381507e-08,0.3992,0.2466,489
48,features.17,547,active,-0.071429,2.396173e-07,4.714706e-08,0.4070,0.2642,489
48,features.17,548,active,-0.172211,4.647805e-07,5.608050e-08,0.6438,0.2994,489
48,features.17,549,active,0.042074,3.239706e-07,1.617090e-07,0.5166,0.6008,489
48,features.17,550,active,0.083170,2.195204e-07,1.366155e-07,0.3718,0.5382,489
48,features.17,551,active,-0.004892,1.979296e-06,8.766653e-07,0.9628,0.9530,489
48,features.17,552,active,-0.036204,3.221317e-07,9.960928e-08,0.5147,0.4423,489
48,features.17,553,pruned_before,nan,0.000000e+00,0.000000e+00,0.0000,0.0000,0
48,features.17,554,pruned_before,nan,0.000000e+00,0.000000e+00,0.0000,0.0000,0
48,features.17,555,pruned_before,nan,0.000000e+00,0.000000e+00,0.0000,0.0000,0
48,features.17,556,pruned_before,nan,0.000000e+00,0.000000e+00,0.0000,0.0000,0
48,features.17,557,pruned_before,nan,0.000000e+00,0.000000e+00,0.0000,0.0000,0
48,features.17,558,active,0.079256,1.698278e-07,9.574362e-08,0.2740,0.4325,489
48,features.17,559,active,0.069472,9.598526e-08,5.246495e-08,0.1507,0.2896,489
48,features.17,560,active,0.228963,1.500788e-07,2.479074e-07,0.2505,0.7084,489
48,features.17,561,active,-0.078278,1.917787e-06,3.285222e-07,0.9550,0.7984,489
48,features.17,562,active,-0.126223,2.507169e-07,3.232162e-08,0.4247,0.1722,489
48,features.17,563,active,-0.095890,1.175086e-07,5.195994e-09,0.2035,0.0117,489
48,features.17,564,active,0.274951,7.233434e-08,1.902990e-07,0.1018,0.6517,489
48,features.17,565,active,-0.046967,2.408825e-07,5.941055e-08,0.4110,0.3170,489
48,features.17,566,active,-0.027397,1.000517e-06,3.318817e-07,0.8552,0.8004,489
48,features.17,567,pruned_before,nan,0.000000e+00,0.000000e+00,0.0000,0.0000,0
48,features.17,568,pruned_before,nan,0.000000e+00,0.000000e+00,0.0000,0.0000,0
48,features.17,569,active,0.035225,4.849653e-07,2.543496e-07,0.6497,0.7202,489
48,features.17,570,pruned_before,nan,0.000000e+00,0.000000e+00,0.0000,0.0000,0
48,features.17,571,active,-0.112524,1.950228e-07,1.656574e-08,0.3268,0.1018,489
48,features.17,572,pruned_before,nan,0.000000e+00,0.000000e+00,0.0000,0.0000,0
48,features.17,573,pruned_before,nan,0.000000e+00,0.000000e+00,0.0000,0.0000,0
48,features.17,574,active,-0.139922,6.925320e-07,1.138065e-07,0.7534,0.4736,489
48,features.17,575,active,-0.076321,6.976655e-07,1.636786e-07,0.7554,0.6027,489
48,features.17,576,active,0.143836,5.662869e-07,1.387911e-06,0.6888,0.9765,489
48,features.17,577,active,0.164384,3.284183e-07,4.040069e-07,0.5186,0.8474,489
48,features.17,578,active,0.062622,3.138646e-07,1.786446e-07,0.5029,0.6282,489
48,features.17,579,active,0.044031,2.611034e-07,1.354091e-07,0.4442,0.5323,489
48,features.17,580,active,0.000000,2.268406e-07,8.058151e-08,0.3816,0.3816,489
48,features.17,581,pruned_before,nan,0.000000e+00,0.000000e+00,0.0000,0.0000,0
48,features.17,582,active,-0.084149,1.107512e-07,7.145625e-09,0.1918,0.0235,489
48,features.17,583,active,-0.163405,1.906395e-06,1.780182e-07,0.9530,0.6262,489
48,features.17,584,active,-0.088063,2.817244e-07,5.442469e-08,0.4716,0.2955,489
48,features.17,585,pruned_before,nan,0.000000e+00,0.000000e+00,0.0000,0.0000,0
48,features.17,586,active,0.043053,3.095784e-07,1.556807e-07,0.4951,0.5812,489
48,features.17,587,active,0.215264,3.752095e-07,1.429131e-06,0.5519,0.9824,489
48,features.17,588,pruned_before,nan,0.000000e+00,0.000000e+00,0.0000,0.0000,0
48,features.17,589,active,-0.025440,6.757239e-07,2.325655e-07,0.7417,0.6908,489
48,features.17,590,pruned_before,nan,0.000000e+00,0.000000e+00,0.0000,0.0000,0
48,features.17,591,active,-0.009785,7.473011e-07,2.777058e-07,0.7710,0.7515,489
48,features.17,592,pruned_before,nan,0.000000e+00,0.000000e+00,0.0000,0.0000,0
48,features.17,593,active,0.204501,2.247594e-07,3.134188e-07,0.3757,0.7847,489
48,features.17,594,pruned_before,nan,0.000000e+00,0.000000e+00,0.0000,0.0000,0
48,features.17,595,active,-0.007828,7.077904e-07,2.729270e-07,0.7573,0.7417,489
48,features.17,596,pruned_before,nan,0.000000e+00,0.000000e+00,0.0000,0.0000,0
48,features.17,597,active,-0.012720,1.516162e-07,3.957676e-08,0.2524,0.2270,489
48,features.17,598,pruned_now,-0.185910,1.976683e-06,1.564540e-07,0.9609,0.5890,489
48,features.17,599,pruned_before,nan,0.000000e+00,0.000000e+00,0.0000,0.0000,0
48,features.17,600,pruned_before,nan,0.000000e+00,0.000000e+00,0.0000,0.0000,0
48,features.17,601,active,-0.182975,1.078750e-06,1.204998e-07,0.8630,0.4971,489
48,features.17,602,active,0.076321,5.582285e-07,3.898589e-07,0.6869,0.8395,489
48,features.17,603,pruned_before,nan,0.000000e+00,0.000000e+00,0.0000,0.0000,0
48,features.17,604,pruned_before,nan,0.000000e+00,0.000000e+00,0.0000,0.0000,0
48,features.17,605,active,-0.108611,9.199758e-07,1.779636e-07,0.8395,0.6223,489
48,features.17,606,active,0.237769,8.836190e-08,1.669941e-07,0.1331,0.6086,489
48,features.17,607,active,0.161448,3.407798e-07,4.098225e-07,0.5284,0.8513,489
48,features.17,608,pruned_before,nan,0.000000e+00,0.000000e+00,0.0000,0.0000,0
48,features.17,609,active,-0.074364,2.938884e-07,6.661785e-08,0.4853,0.3366,489
48,features.17,610,active,-0.114481,2.394839e-06,2.794759e-07,0.9843,0.7554,489
48,features.17,611,pruned_before,nan,0.000000e+00,0.000000e+00,0.0000,0.0000,0
48,features.17,612,pruned_before,nan,0.000000e+00,0.000000e+00,0.0000,0.0000,0
48,features.17,613,pruned_before,nan,0.000000e+00,0.000000e+00,0.0000,0.0000,0
48,features.17,614,active,0.075342,3.727337e-08,3.334354e-08,0.0352,0.1859,489
48,features.17,615,active,-0.050881,1.570611e-07,2.746876e-08,0.2564,0.1546,489
48,features.17,616,active,-0.084149,8.489522e-07,1.850672e-07,0.8102,0.6419,489
48,features.17,617,pruned_before,nan,0.000000e+00,0.000000e+00,0.0000,0.0000,0
48,features.17,618,pruned_before,nan,0.000000e+00,0.000000e+00,0.0000,0.0000,0
48,features.17,619,active,0.114481,6.226095e-07,8.263103e-07,0.7182,0.9472,489
48,features.17,620,pruned_before,nan,0.000000e+00,0.000000e+00,0.0000,0.0000,0
48,features.17,621,active,-0.116438,4.416472e-07,8.299704e-08,0.6243,0.3914,489
48,features.17,622,pruned_before,nan,0.000000e+00,0.000000e+00,0.0000,0.0000,0
48,features.17,623,active,-0.020548,6.569646e-08,1.007263e-08,0.0959,0.0548,489
48,features.17,624,pruned_before,nan,0.000000e+00,0.000000e+00,0.0000,0.0000,0
48,features.17,625,active,-0.017613,1.452949e-06,4.780934e-07,0.9178,0.8826,489
48,features.17,626,active,-0.007828,1.957469e-06,8.057066e-07,0.9589,0.9432,489
48,features.17,627,active,0.012720,3.821546e-07,1.559430e-07,0.5577,0.5832,489
48,features.17,628,active,-0.068493,4.178098e-07,1.100609e-07,0.6008,0.4638,489
48,features.17,629,active,-0.111546,6.330658e-07,1.211385e-07,0.7260,0.5029,489
48,features.17,630,pruned_before,nan,0.000000e+00,0.000000e+00,0.0000,0.0000,0
48,features.17,631,active,0.001957,9.833998e-08,2.817574e-08,0.1546,0.1585,489
48,features.17,632,pruned_before,nan,0.000000e+00,0.000000e+00,0.0000,0.0000,0
48,features.17,633,pruned_before,nan,0.000000e+00,0.000000e+00,0.0000,0.0000,0
48,features.17,634,pruned_before,nan,0.000000e+00,0.000000e+00,0.0000,0.0000,0
48,features.17,635,active,-0.100783,2.354085e-07,3.465960e-08,0.3953,0.1937,489
48,features.17,636,active,-0.136008,6.261121e-07,1.022333e-07,0.7202,0.4481,489
48,features.17,637,active,-0.037182,1.854615e-07,4.034338e-08,0.3053,0.2309,489
48,features.17,638,pruned_before,nan,0.000000e+00,0.000000e+00,0.0000,0.0000,0
48,features.17,639,pruned_before,nan,0.000000e+00,0.000000e+00,0.0000,0.0000,0
48,features.17,640,active,-0.123288,1.538431e-06,2.263872e-07,0.9237,0.6771,489
48,features.17,641,active,-0.179061,3.407553e-07,3.027273e-08,0.5264,0.1683,489
48,features.17,642,active,-0.068493,1.272537e-07,1.374726e-08,0.2172,0.0802,489
48,features.17,643,active,0.114481,5.467923e-07,5.993972e-07,0.6771,0.9061,489
48,features.17,644,pruned_before,nan,0.000000e+00,0.000000e+00,0.0000,0.0000,0
48,features.17,645,pruned_before,nan,0.000000e+00,0.000000e+00,0.0000,0.0000,0
48,features.17,646,pruned_before,nan,0.000000e+00,0.000000e+00,0.0000,0.0000,0
48,features.17,647,pruned_before,nan,0.000000e+00,0.000000e+00,0.0000,0.0000,0
48,features.17,648,pruned_before,nan,0.000000e+00,0.000000e+00,0.0000,0.0000,0
48,features.17,649,active,-0.088063,1.436264e-06,2.697144e-07,0.9139,0.7378,489
48,features.17,650,active,0.145793,2.872096e-07,3.050230e-07,0.4834,0.7750,489
48,features.17,651,active,0.098826,1.413775e-07,9.716673e-08,0.2387,0.4364,489
48,features.17,652,active,-0.123288,4.659439e-07,8.616653e-08,0.6458,0.3992,489
48,features.17,653,pruned_before,nan,0.000000e+00,0.000000e+00,0.0000,0.0000,0
48,features.17,654,pruned_before,nan,0.000000e+00,0.000000e+00,0.0000,0.0000,0
48,features.17,655,active,0.056751,5.032150e-08,3.321487e-08,0.0685,0.1820,489
48,features.17,656,active,-0.044031,2.042562e-07,4.697914e-08,0.3503,0.2622,489
48,features.17,657,pruned_before,nan,0.000000e+00,0.000000e+00,0.0000,0.0000,0
48,features.17,658,active,-0.160470,3.889223e-07,4.156949e-08,0.5616,0.2407,489
48,features.17,659,active,-0.020548,1.027706e-07,2.048251e-08,0.1663,0.1252,489
48,features.17,660,active,0.227006,4.824865e-08,1.261364e-07,0.0607,0.5147,489
48,features.17,661,pruned_before,nan,0.000000e+00,0.000000e+00,0.0000,0.0000,0
48,features.17,662,pruned_before,nan,0.000000e+00,0.000000e+00,0.0000,0.0000,0
48,features.17,663,pruned_before,nan,0.000000e+00,0.000000e+00,0.0000,0.0000,0
48,features.17,664,pruned_before,nan,0.000000e+00,0.000000e+00,0.0000,0.0000,0
48,features.17,665,pruned_before,nan,0.000000e+00,0.000000e+00,0.0000,0.0000,0
48,features.17,666,pruned_before,nan,0.000000e+00,0.000000e+00,0.0000,0.0000,0
48,features.17,667,pruned_before,nan,0.000000e+00,0.000000e+00,0.0000,0.0000,0
48,features.17,668,pruned_before,nan,0.000000e+00,0.000000e+00,0.0000,0.0000,0
48,features.17,669,pruned_before,nan,0.000000e+00,0.000000e+00,0.0000,0.0000,0
48,features.17,670,active,-0.033268,1.300619e-06,3.765860e-07,0.8943,0.8278,489
48,features.17,671,pruned_before,nan,0.000000e+00,0.000000e+00,0.0000,0.0000,0
48,features.17,672,active,-0.102740,5.060407e-07,1.042228e-07,0.6614,0.4560,489
48,features.17,673,pruned_before,nan,0.000000e+00,0.000000e+00,0.0000,0.0000,0
48,features.17,674,pruned_before,nan,0.000000e+00,0.000000e+00,0.0000,0.0000,0
48,features.17,675,pruned_before,nan,0.000000e+00,0.000000e+00,0.0000,0.0000,0
48,features.17,676,active,-0.023483,1.882063e-07,4.637101e-08,0.3072,0.2603,489
48,features.17,677,pruned_before,nan,0.000000e+00,0.000000e+00,0.0000,0.0000,0
48,features.17,678,pruned_before,nan,0.000000e+00,0.000000e+00,0.0000,0.0000,0
48,features.17,679,active,-0.177104,4.276541e-07,4.521987e-08,0.6106,0.2564,489
48,features.17,680,active,0.045988,8.724138e-08,3.828676e-08,0.1311,0.2231,489
48,features.17,681,active,0.021526,3.674367e-09,9.119104e-09,0.0020,0.0450,489
48,features.17,682,pruned_before,nan,0.000000e+00,0.000000e+00,0.0000,0.0000,0
48,features.17,683,active,-0.053816,2.286023e-06,4.515639e-07,0.9804,0.8728,489
48,features.17,684,pruned_before,nan,0.000000e+00,0.000000e+00,0.0000,0.0000,0
48,features.17,685,active,0.013699,1.913189e-08,8.692721e-09,0.0137,0.0411,489
48,features.17,686,active,-0.009785,5.477335e-07,1.987294e-07,0.6810,0.6614,489
48,features.17,687,pruned_before,nan,0.000000e+00,0.000000e+00,0.0000,0.0000,0
48,features.17,688,pruned_before,nan,0.000000e+00,0.000000e+00,0.0000,0.0000,0
48,features.17,689,active,-0.055773,6.870697e-07,1.824697e-07,0.7495,0.6380,489
48,features.17,690,pruned_before,nan,0.000000e+00,0.000000e+00,0.0000,0.0000,0
48,features.17,691,active,-0.004892,2.637584e-07,9.934144e-08,0.4481,0.4384,489
48,features.17,692,pruned_before,nan,0.000000e+00,0.000000e+00,0.0000,0.0000,0
48,features.17,693,pruned_before,nan,0.000000e+00,0.000000e+00,0.0000,0.0000,0
48,features.17,694,pruned_before,nan,0.000000e+00,0.000000e+00,0.0000,0.0000,0
48,features.17,695,active,-0.030333,1.404314e-06,3.988716e-07,0.9061,0.8454,489
48,features.17,696,active,0.052838,8.565858e-08,4.098743e-08,0.1272,0.2329,489
48,features.17,697,pruned_before,nan,0.000000e+00,0.000000e+00,0.0000,0.0000,0
48,features.17,698,active,0.052838,8.272114e-08,3.967627e-08,0.1233,0.2290,489
48,features.17,699,pruned_before,nan,0.000000e+00,0.000000e+00,0.0000,0.0000,0
48,features.17,700,active,-0.153620,2.226967e-07,1.201727e-08,0.3738,0.0665,489
48,features.17,701,pruned_before,nan,0.000000e+00,0.000000e+00,0.0000,0.0000,0
48,features.17,702,active,-0.104697,8.372139e-07,1.573739e-07,0.8043,0.5949,489
48,features.17,703,pruned_before,nan,0.000000e+00,0.000000e+00,0.0000,0.0000,0
48,features.17,704,active,0.089041,9.969066e-08,6.679792e-08,0.1605,0.3386,489
48,features.17,705,active,-0.008806,2.928999e-06,1.360548e-06,0.9922,0.9746,489
48,features.17,706,active,0.037182,1.249353e-06,1.084432e-06,0.8924,0.9667,489
48,features.17,707,active,0.019569,5.046977e-07,2.370438e-07,0.6595,0.6986,489
48,features.17,708,active,-0.081213,1.383782e-07,1.270725e-08,0.2348,0.0724,489
48,features.17,709,pruned_before,nan,0.000000e+00,0.000000e+00,0.0000,0.0000,0
48,features.17,710,pruned_before,nan,0.000000e+00,0.000000e+00,0.0000,0.0000,0
48,features.17,711,pruned_before,nan,0.000000e+00,0.000000e+00,0.0000,0.0000,0
48,features.17,712,active,-0.064579,1.735538e-07,2.700803e-08,0.2798,0.1507,489
48,features.17,713,active,-0.009785,9.645936e-07,3.776515e-07,0.8513,0.8317,489
48,features.17,714,active,0.033268,1.034399e-07,4.129706e-08,0.1703,0.2368,489
48,features.17,715,active,0.073386,7.158467e-07,6.113659e-07,0.7613,0.9080,489
48,features.17,716,pruned_before,nan,0.000000e+00,0.000000e+00,0.0000,0.0000,0
48,features.17,717,pruned_before,nan,0.000000e+00,0.000000e+00,0.0000,0.0000,0
48,features.17,718,pruned_before,nan,0.000000e+00,0.000000e+00,0.0000,0.0000,0
48,features.17,719,pruned_before,nan,0.000000e+00,0.000000e+00,0.0000,0.0000,0
48,features.17,720,active,-0.091977,2.731734e-07,4.988817e-08,0.4638,0.2798,489
48,features.17,721,pruned_before,nan,0.000000e+00,0.000000e+00,0.0000,0.0000,0
48,features.17,722,active,0.009785,1.490410e-07,4.765812e-08,0.2466,0.2661,489
48,features.17,723,pruned_before,nan,0.000000e+00,0.000000e+00,0.0000,0.0000,0
48,features.17,724,active,-0.106654,1.135661e-06,2.083655e-07,0.8787,0.6654,489
48,features.17,725,pruned_before,nan,0.000000e+00,0.000000e+00,0.0000,0.0000,0
48,features.17,726,active,-0.077299,2.863523e-07,6.402043e-08,0.4814,0.3268,489
48,features.17,727,pruned_before,nan,0.000000e+00,0.000000e+00,0.0000,0.0000,0
48,features.17,728,active,0.101761,5.318307e-07,4.616705e-07,0.6732,0.8767,489
48,features.17,729,pruned_before,nan,0.000000e+00,0.000000e+00,0.0000,0.0000,0
48,features.17,730,active,-0.057730,5.531294e-07,1.486347e-07,0.6849,0.5695,489
48,features.17,731,pruned_before,nan,0.000000e+00,0.000000e+00,0.0000,0.0000,0
48,features.17,732,pruned_before,nan,0.000000e+00,0.000000e+00,0.0000,0.0000,0
48,features.17,733,active,0.118395,1.900353e-07,1.409248e-07,0.3131,0.5499,489
48,features.17,734,pruned_before,nan,0.000000e+00,0.000000e+00,0.0000,0.0000,0
48,features.17,735,active,-0.020548,3.286182e-06,9.141921e-07,0.9961,0.9550,489
48,features.17,736,pruned_before,nan,0.000000e+00,0.000000e+00,0.0000,0.0000,0
48,features.17,737,active,-0.149706,2.407672e-07,1.768166e-08,0.4090,0.1096,489
48,features.17,738,pruned_before,nan,0.000000e+00,0.000000e+00,0.0000,0.0000,0
48,features.17,739,pruned_before,nan,0.000000e+00,0.000000e+00,0.0000,0.0000,0
48,features.17,740,active,0.180039,1.701618e-07,1.803667e-07,0.2759,0.6360,489
48,features.17,741,pruned_before,nan,0.000000e+00,0.000000e+00,0.0000,0.0000,0
48,features.17,742,pruned_before,nan,0.000000e+00,0.000000e+00,0.0000,0.0000,0
48,features.17,743,active,-0.086106,4.546787e-07,1.073587e-07,0.6321,0.4599,489
48,features.17,744,pruned_before,nan,0.000000e+00,0.000000e+00,0.0000,0.0000,0
48,features.17,745,active,0.027397,1.135837e-07,4.417665e-08,0.1957,0.2505,489
48,features.17,746,pruned_before,nan,0.000000e+00,0.000000e+00,0.0000,0.0000,0
48,features.17,747,active,0.140900,3.193285e-07,3.194424e-07,0.5127,0.7945,489
48,features.17,748,active,-0.179061,2.457608e-07,1.099225e-08,0.4188,0.0607,489
48,features.17,749,active,-0.073386,5.965827e-07,1.452838e-07,0.7084,0.5616,489
48,features.17,750,active,-0.034247,4.151774e-07,1.332369e-07,0.5949,0.5264,489
48,features.17,751,pruned_before,nan,0.000000e+00,0.000000e+00,0.0000,0.0000,0
48,features.17,752,active,0.066536,1.947565e-07,1.066672e-07,0.3249,0.4579,489
48,features.17,753,pruned_before,nan,0.000000e+00,0.000000e+00,0.0000,0.0000,0
48,features.17,754,pruned_before,nan,0.000000e+00,0.000000e+00,0.0000,0.0000,0
48,features.17,755,active,0.007828,2.264529e-07,8.495528e-08,0.3796,0.3953,489
48,features.17,756,pruned_before,nan,0.000000e+00,0.000000e+00,0.0000,0.0000,0
48,features.17,757,active,-0.012720,1.220337e-06,4.235968e-07,0.8885,0.8630,489
48,features.17,758,active,-0.170254,2.976180e-07,2.596949e-08,0.4892,0.1487,489
48,features.17,759,active,0.036204,1.811064e-07,7.646052e-08,0.2935,0.3659,489
48,features.17,760,pruned_before,nan,0.000000e+00,0.000000e+00,0.0000,0.0000,0
48,features.17,761,pruned_before,nan,0.000000e+00,0.000000e+00,0.0000,0.0000,0
48,features.17,762,pruned_before,nan,0.000000e+00,0.000000e+00,0.0000,0.0000,0
48,features.17,763,pruned_before,nan,0.000000e+00,0.000000e+00,0.0000,0.0000,0
48,features.17,764,pruned_before,nan,0.000000e+00,0.000000e+00,0.0000,0.0000,0
48,features.17,765,pruned_before,nan,0.000000e+00,0.000000e+00,0.0000,0.0000,0
48,features.17,766,pruned_before,nan,0.000000e+00,0.000000e+00,0.0000,0.0000,0
48,features.17,767,active,-0.127202,1.603913e-07,3.062751e-09,0.2583,0.0039,489
48,features.17,768,pruned_before,nan,0.000000e+00,0.000000e+00,0.0000,0.0000,0
48,features.17,769,pruned_before,nan,0.000000e+00,0.000000e+00,0.0000,0.0000,0
48,features.17,770,active,0.082192,1.961084e-07,1.189076e-07,0.3288,0.4932,489
48,features.17,771,pruned_before,nan,0.000000e+00,0.000000e+00,0.0000,0.0000,0
48,features.17,772,active,0.081213,1.462691e-07,8.662710e-08,0.2427,0.4051,489
48,features.17,773,active,-0.177104,1.070136e-06,1.236381e-07,0.8611,0.5068,489
48,features.17,774,pruned_now,-0.231898,7.974095e-07,6.118460e-08,0.7847,0.3209,489
48,features.17,775,pruned_before,nan,0.000000e+00,0.000000e+00,0.0000,0.0000,0
48,features.17,776,pruned_before,nan,0.000000e+00,0.000000e+00,0.0000,0.0000,0
48,features.17,777,pruned_before,nan,0.000000e+00,0.000000e+00,0.0000,0.0000,0
48,features.17,778,active,-0.002935,4.327868e-08,8.774715e-09,0.0489,0.0431,489
48,features.17,779,pruned_before,nan,0.000000e+00,0.000000e+00,0.0000,0.0000,0
48,features.17,780,active,-0.118395,2.594314e-07,3.568682e-08,0.4364,0.1996,489
48,features.17,781,pruned_before,nan,0.000000e+00,0.000000e+00,0.0000,0.0000,0
48,features.17,782,active,0.037182,2.800536e-07,1.372988e-07,0.4697,0.5440,489
48,features.17,783,pruned_before,nan,0.000000e+00,0.000000e+00,0.0000,0.0000,0
48,features.17,784,pruned_before,nan,0.000000e+00,0.000000e+00,0.0000,0.0000,0
48,features.17,785,active,-0.049902,1.241547e-07,1.913729e-08,0.2133,0.1135,489
48,features.17,786,active,0.110568,1.993477e-07,1.461453e-07,0.3425,0.5636,489
48,features.17,787,active,-0.004892,2.717115e-07,1.026143e-07,0.4599,0.4501,489
48,features.17,788,pruned_before,nan,0.000000e+00,0.000000e+00,0.0000,0.0000,0
48,features.17,789,pruned_before,nan,0.000000e+00,0.000000e+00,0.0000,0.0000,0
48,features.17,790,active,-0.103718,3.615714e-07,6.645354e-08,0.5421,0.3346,489
48,features.17,791,pruned_before,nan,0.000000e+00,0.000000e+00,0.0000,0.0000,0
48,features.17,792,active,0.000000,5.732084e-07,2.348266e-07,0.6947,0.6947,489
48,features.17,793,active,0.176125,2.347251e-07,2.717178e-07,0.3875,0.7397,489
48,features.17,794,active,0.182975,2.618615e-07,3.475759e-07,0.4462,0.8121,489
48,features.17,795,pruned_before,nan,0.000000e+00,0.000000e+00,0.0000,0.0000,0
48,features.17,796,active,-0.102740,3.757405e-07,6.889110e-08,0.5538,0.3483,489
48,features.17,797,pruned_before,nan,0.000000e+00,0.000000e+00,0.0000,0.0000,0
48,features.17,798,pruned_before,nan,0.000000e+00,0.000000e+00,0.0000,0.0000,0
48,features.17,799,pruned_before,nan,0.000000e+00,0.000000e+00,0.0000,0.0000,0
48,features.17,800,pruned_before,nan,0.000000e+00,0.000000e+00,0.0000,0.0000,0
48,features.17,801,pruned_before,nan,0.000000e+00,0.000000e+00,0.0000,0.0000,0
48,features.17,802,pruned_before,nan,0.000000e+00,0.000000e+00,0.0000,0.0000,0
48,features.17,803,pruned_before,nan,0.000000e+00,0.000000e+00,0.0000,0.0000,0
48,features.17,804,active,-0.090020,9.483458e-07,2.104227e-07,0.8474,0.6673,489
48,features.17,805,pruned_before,nan,0.000000e+00,0.000000e+00,0.0000,0.0000,0
48,features.17,806,pruned_before,nan,0.000000e+00,0.000000e+00,0.0000,0.0000,0
48,features.17,807,pruned_before,nan,0.000000e+00,0.000000e+00,0.0000,0.0000,0
48,features.17,808,active,-0.136008,8.094285e-07,1.323049e-07,0.7945,0.5225,489
48,features.17,809,pruned_now,-0.214286,5.272116e-07,4.155392e-08,0.6673,0.2387,489
48,features.17,810,active,-0.061644,1.562007e-06,3.342761e-07,0.9256,0.8023,489
48,features.17,811,active,0.005871,1.069092e-06,4.506275e-07,0.8591,0.8708,489
48,features.17,812,pruned_before,nan,0.000000e+00,0.000000e+00,0.0000,0.0000,0
48,features.17,813,pruned_before,nan,0.000000e+00,0.000000e+00,0.0000,0.0000,0
48,features.17,814,active,-0.045988,2.181164e-06,4.773923e-07,0.9726,0.8806,489
48,features.17,815,pruned_before,nan,0.000000e+00,0.000000e+00,0.0000,0.0000,0
48,features.17,816,pruned_before,nan,0.000000e+00,0.000000e+00,0.0000,0.0000,0
48,features.17,817,pruned_before,nan,0.000000e+00,0.000000e+00,0.0000,0.0000,0
48,features.17,818,pruned_before,nan,0.000000e+00,0.000000e+00,0.0000,0.0000,0
48,features.17,819,pruned_before,nan,0.000000e+00,0.000000e+00,0.0000,0.0000,0
48,features.17,820,pruned_before,nan,0.000000e+00,0.000000e+00,0.0000,0.0000,0
48,features.17,821,active,-0.033268,1.300793e-07,2.701929e-08,0.2192,0.1526,489
48,features.17,822,active,-0.090998,1.633672e-07,1.501986e-08,0.2661,0.0841,489
48,features.17,823,active,-0.122309,1.622252e-06,2.319517e-07,0.9335,0.6888,489
48,features.17,824,active,0.132094,4.324621e-08,5.857500e-08,0.0470,0.3112,489
48,features.17,825,protected,0.022505,1.904242e-06,1.875568e-06,0.9511,0.9961,489
48,features.17,826,pruned_before,nan,0.000000e+00,0.000000e+00,0.0000,0.0000,0
48,features.17,827,active,0.200587,3.101364e-07,5.480568e-07,0.4990,0.9002,489
48,features.17,828,pruned_before,nan,0.000000e+00,0.000000e+00,0.0000,0.0000,0
48,features.17,829,pruned_before,nan,0.000000e+00,0.000000e+00,0.0000,0.0000,0
48,features.17,830,pruned_before,nan,0.000000e+00,0.000000e+00,0.0000,0.0000,0
48,features.17,831,active,-0.092955,4.038664e-07,8.606582e-08,0.5832,0.3973,489
48,features.17,832,pruned_before,nan,0.000000e+00,0.000000e+00,0.0000,0.0000,0
48,features.17,833,pruned_before,nan,0.000000e+00,0.000000e+00,0.0000,0.0000,0
48,features.17,834,active,0.163405,2.989895e-07,3.582464e-07,0.4912,0.8180,489
48,features.17,835,pruned_before,nan,0.000000e+00,0.000000e+00,0.0000,0.0000,0
48,features.17,836,pruned_before,nan,0.000000e+00,0.000000e+00,0.0000,0.0000,0
48,features.17,837,active,-0.042074,5.128576e-07,1.556504e-07,0.6634,0.5793,489
48,features.17,838,pruned_before,nan,0.000000e+00,0.000000e+00,0.0000,0.0000,0
48,features.17,839,active,0.058708,3.109762e-07,1.750027e-07,0.5010,0.6184,489
48,features.17,840,active,-0.071429,5.005670e-07,1.248925e-07,0.6556,0.5127,489
48,features.17,841,pruned_before,nan,0.000000e+00,0.000000e+00,0.0000,0.0000,0
48,features.17,842,active,-0.153620,7.976560e-07,1.154445e-07,0.7867,0.4795,489
48,features.17,843,pruned_before,nan,0.000000e+00,0.000000e+00,0.0000,0.0000,0
48,features.17,844,pruned_before,nan,0.000000e+00,0.000000e+00,0.0000,0.0000,0
48,features.17,845,pruned_before,nan,0.000000e+00,0.000000e+00,0.0000,0.0000,0
48,features.17,846,active,0.181018,7.477092e-08,1.130092e-07,0.1076,0.4697,489
48,features.17,847,pruned_before,nan,0.000000e+00,0.000000e+00,0.0000,0.0000,0
48,features.17,848,active,0.347358,4.881208e-08,2.831654e-07,0.0626,0.7573,489
48,features.17,849,active,-0.114481,4.318777e-07,8.094458e-08,0.6145,0.3855,489
48,features.17,850,active,-0.091977,2.040267e-07,2.921473e-08,0.3444,0.1605,489
48,features.17,851,pruned_before,nan,0.000000e+00,0.000000e+00,0.0000,0.0000,0
48,features.17,852,pruned_before,nan,0.000000e+00,0.000000e+00,0.0000,0.0000,0
48,features.17,853,pruned_before,nan,0.000000e+00,0.000000e+00,0.0000,0.0000,0
48,features.17,854,active,-0.030333,4.511993e-07,1.473179e-07,0.6282,0.5675,489
48,features.17,855,pruned_before,nan,0.000000e+00,0.000000e+00,0.0000,0.0000,0
48,features.17,856,pruned_before,nan,0.000000e+00,0.000000e+00,0.0000,0.0000,0
48,features.17,857,active,0.167319,4.013883e-07,6.464796e-07,0.5773,0.9119,489
48,features.17,858,active,-0.101761,8.225055e-07,1.589457e-07,0.8004,0.5969,489
48,features.17,859,active,-0.137965,4.398497e-07,6.886948e-08,0.6223,0.3464,489
48,features.17,860,pruned_before,nan,0.000000e+00,0.000000e+00,0.0000,0.0000,0
48,features.17,861,pruned_before,nan,0.000000e+00,0.000000e+00,0.0000,0.0000,0
48,features.17,862,active,0.026419,1.408295e-06,9.717409e-07,0.9080,0.9609,489
48,features.17,863,active,0.062622,9.146287e-08,4.801493e-08,0.1448,0.2701,489
48,features.17,864,pruned_before,nan,0.000000e+00,0.000000e+00,0.0000,0.0000,0
48,features.17,865,pruned_before,nan,0.000000e+00,0.000000e+00,0.0000,0.0000,0
48,features.17,866,pruned_before,nan,0.000000e+00,0.000000e+00,0.0000,0.0000,0
48,features.17,867,active,0.001957,7.299055e-08,1.709588e-08,0.1037,0.1076,489
48,features.17,868,pruned_before,nan,0.000000e+00,0.000000e+00,0.0000,0.0000,0
48,features.17,869,active,-0.001957,3.304084e-07,1.269838e-07,0.5205,0.5166,489
48,features.17,870,active,0.014677,4.323237e-07,1.861210e-07,0.6164,0.6458,489
48,features.17,871,pruned_before,nan,0.000000e+00,0.000000e+00,0.0000,0.0000,0
48,features.17,872,active,-0.049902,2.073915e-06,4.295210e-07,0.9648,0.8650,489
48,features.17,873,pruned_before,nan,0.000000e+00,0.000000e+00,0.0000,0.0000,0
48,features.17,874,active,-0.006849,1.328541e-06,4.856425e-07,0.9002,0.8865,489
48,features.17,875,pruned_before,nan,0.000000e+00,0.000000e+00,0.0000,0.0000,0
48,features.17,876,active,-0.046967,1.055367e-06,2.860643e-07,0.8571,0.7632,489
48,features.17,877,active,0.078278,1.308299e-07,7.935965e-08,0.2211,0.3777,489
48,features.17,878,active,-0.091977,6.306852e-07,1.366648e-07,0.7241,0.5401,489
48,features.17,879,active,-0.065558,1.169276e-06,2.758088e-07,0.8806,0.7495,489
48,features.17,880,active,0.159491,4.983129e-07,1.301920e-06,0.6536,0.9726,489
48,features.17,881,active,-0.132094,2.392393e-07,2.399845e-08,0.4051,0.1409,489
48,features.17,882,active,0.387476,2.923180e-08,3.250715e-07,0.0215,0.7965,489
48,features.17,883,active,-0.142857,2.370683e-07,1.865962e-08,0.3973,0.1115,489
48,features.17,884,active,-0.103718,2.644261e-07,4.308616e-08,0.4501,0.2427,489
48,features.17,885,pruned_before,nan,0.000000e+00,0.000000e+00,0.0000,0.0000,0
48,features.17,886,active,0.132094,7.751637e-08,7.901224e-08,0.1115,0.3757,489
48,features.17,887,active,0.222114,4.654968e-08,1.206659e-07,0.0548,0.4990,489
48,features.17,888,active,0.024462,4.198800e-07,1.960648e-07,0.6067,0.6556,489
48,features.17,889,active,-0.117417,7.638199e-07,1.369149e-07,0.7769,0.5421,489
48,features.17,890,active,0.083170,3.294327e-08,3.385355e-08,0.0235,0.1898,489
48,features.17,891,pruned_before,nan,0.000000e+00,0.000000e+00,0.0000,0.0000,0
48,features.17,892,pruned_before,nan,0.000000e+00,0.000000e+00,0.0000,0.0000,0
48,features.17,893,pruned_before,nan,0.000000e+00,0.000000e+00,0.0000,0.0000,0
48,features.17,894,pruned_before,nan,0.000000e+00,0.000000e+00,0.0000,0.0000,0
48,features.17,895,active,-0.147750,5.518599e-07,8.202126e-08,0.6830,0.3875,489
48,features.17,896,pruned_before,nan,0.000000e+00,0.000000e+00,0.0000,0.0000,0
48,features.17,897,active,-0.035225,1.873816e-06,4.604944e-07,0.9452,0.8748,489
48,features.17,898,active,0.004892,1.689339e-06,8.470483e-07,0.9393,0.9491,489
48,features.17,899,pruned_before,nan,0.000000e+00,0.000000e+00,0.0000,0.0000,0
48,features.17,900,pruned_before,nan,0.000000e+00,0.000000e+00,0.0000,0.0000,0
48,features.17,901,pruned_before,nan,0.000000e+00,0.000000e+00,0.0000,0.0000,0
48,features.17,902,pruned_before,nan,0.000000e+00,0.000000e+00,0.0000,0.0000,0
48,features.17,903,pruned_before,nan,0.000000e+00,0.000000e+00,0.0000,0.0000,0
48,features.17,904,pruned_before,nan,0.000000e+00,0.000000e+00,0.0000,0.0000,0
48,features.17,905,pruned_before,nan,0.000000e+00,0.000000e+00,0.0000,0.0000,0
48,features.17,906,active,-0.048924,6.271165e-07,1.779642e-07,0.7221,0.6243,489
48,features.17,907,pruned_before,nan,0.000000e+00,0.000000e+00,0.0000,0.0000,0
48,features.17,908,active,-0.143836,2.353984e-07,1.701691e-08,0.3933,0.1057,489
48,features.17,909,pruned_before,nan,0.000000e+00,0.000000e+00,0.0000,0.0000,0
48,features.17,910,active,0.084149,1.912182e-07,1.162959e-07,0.3151,0.4834,489
48,features.17,911,pruned_before,nan,0.000000e+00,0.000000e+00,0.0000,0.0000,0
48,features.17,912,active,0.074364,8.961076e-07,1.421486e-06,0.8297,0.9785,489
48,features.17,913,pruned_before,nan,0.000000e+00,0.000000e+00,0.0000,0.0000,0
48,features.17,914,active,-0.088063,1.823218e-07,1.976547e-08,0.2975,0.1213,489
48,features.17,915,pruned_before,nan,0.000000e+00,0.000000e+00,0.0000,0.0000,0
48,features.17,916,pruned_before,nan,0.000000e+00,0.000000e+00,0.0000,0.0000,0
48,features.17,917,active,0.015656,5.141434e-07,2.353838e-07,0.6654,0.6967,489
48,features.17,918,pruned_before,nan,0.000000e+00,0.000000e+00,0.0000,0.0000,0
48,features.17,919,active,-0.072407,5.879667e-07,1.427609e-07,0.7045,0.5597,489
48,features.17,920,active,0.017613,7.757880e-07,3.488009e-07,0.7789,0.8141,489
48,features.17,921,active,-0.173190,2.599540e-07,1.600622e-08,0.4384,0.0920,489
48,features.17,922,active,-0.125245,1.751687e-07,8.158037e-09,0.2857,0.0352,489
48,features.17,923,pruned_before,nan,0.000000e+00,0.000000e+00,0.0000,0.0000,0
48,features.17,924,active,0.169276,3.164302e-07,4.081994e-07,0.5108,0.8493,489
48,features.17,925,pruned_before,nan,0.000000e+00,0.000000e+00,0.0000,0.0000,0
48,features.17,926,pruned_before,nan,0.000000e+00,0.000000e+00,0.0000,0.0000,0
48,features.17,927,active,-0.042074,1.373445e-07,2.594593e-08,0.2309,0.1468,489
48,features.17,928,pruned_before,nan,0.000000e+00,0.000000e+00,0.0000,0.0000,0
48,features.17,929,pruned_before,nan,0.000000e+00,0.000000e+00,0.0000,0.0000,0
48,features.17,930,pruned_before,nan,0.000000e+00,0.000000e+00,0.0000,0.0000,0
48,features.17,931,active,-0.081213,1.323647e-07,1.158081e-08,0.2250,0.0626,489
48,features.17,932,active,0.029354,3.154022e-07,1.462211e-07,0.5068,0.5656,489
48,features.17,933,active,0.032290,8.941036e-07,5.082373e-07,0.8278,0.8924,489
48,features.17,934,active,-0.092955,2.716681e-07,4.814254e-08,0.4579,0.2720,489
48,features.17,935,pruned_before,nan,0.000000e+00,0.000000e+00,0.0000,0.0000,0
48,features.17,936,active,0.082192,1.749390e-08,3.263826e-08,0.0117,0.1761,489
48,features.17,937,active,0.045010,4.086647e-08,2.088137e-08,0.0411,0.1311,489
48,features.17,938,active,-0.079256,3.565215e-07,7.981649e-08,0.5382,0.3796,489
48,features.17,939,active,-0.179061,2.428681e-07,1.032737e-08,0.4149,0.0568,489
48,features.17,940,active,-0.075342,7.937833e-07,1.790827e-07,0.7828,0.6321,489
48,features.17,941,active,0.061644,4.538503e-08,3.240180e-08,0.0509,0.1742,489
48,features.17,942,pruned_before,nan,0.000000e+00,0.000000e+00,0.0000,0.0000,0
48,features.17,943,active,-0.020548,9.031111e-08,1.644820e-08,0.1389,0.0978,489
48,features.17,944,active,0.111546,3.907197e-07,3.144064e-07,0.5656,0.7886,489
48,features.17,945,active,0.073386,6.130705e-07,4.219257e-07,0.7143,0.8611,489
48,features.17,946,pruned_before,nan,0.000000e+00,0.000000e+00,0.0000,0.0000,0
48,features.17,947,active,-0.037182,6.176481e-08,6.278279e-09,0.0900,0.0157,489
48,features.17,948,pruned_before,nan,0.000000e+00,0.000000e+00,0.0000,0.0000,0
48,features.17,949,pruned_before,nan,0.000000e+00,0.000000e+00,0.0000,0.0000,0
48,features.17,950,pruned_before,nan,0.000000e+00,0.000000e+00,0.0000,0.0000,0
48,features.17,951,pruned_before,nan,0.000000e+00,0.000000e+00,0.0000,0.0000,0
48,features.17,952,active,0.024462,4.045743e-07,1.795822e-07,0.5851,0.6341,489
48,features.17,953,pruned_before,nan,0.000000e+00,0.000000e+00,0.0000,0.0000,0
48,features.17,954,pruned_before,nan,0.000000e+00,0.000000e+00,0.0000,0.0000,0
48,features.17,955,pruned_before,nan,0.000000e+00,0.000000e+00,0.0000,0.0000,0
48,features.17,956,pruned_before,nan,0.000000e+00,0.000000e+00,0.0000,0.0000,0
48,features.17,957,pruned_before,nan,0.000000e+00,0.000000e+00,0.0000,0.0000,0
48,features.17,958,pruned_before,nan,0.000000e+00,0.000000e+00,0.0000,0.0000,0
48,features.17,959,active,0.270059,1.627277e-07,3.419194e-07,0.2642,0.8043,489
