iter,block,ch,status,score,phi_raw,perf_raw,phi_n,perf_n,weights
62,features.1,0,active,-0.045455,0.000000e+00,0.000000e+00,0.1364,0.0455,25
62,features.1,1,active,0.227273,3.042059e-09,3.798355e-03,0.3182,0.7727,25
62,features.1,2,pruned_before,nan,0.000000e+00,0.000000e+00,0.0000,0.0000,0
62,features.1,3,active,-0.136364,5.784220e-08,2.029415e-04,0.6364,0.3636,25
62,features.1,4,active,0.227273,4.826260e-08,2.108300e-02,0.5000,0.9545,25
62,features.1,5,pruned_before,nan,0.000000e+00,0.000000e+00,0.0000,0.0000,0
62,features.1,6,active,-0.090909,6.166896e-08,1.592427e-03,0.7273,0.5455,25
62,features.1,7,active,0.113636,6.287418e-09,2.443912e-03,0.4091,0.6364,25
62,features.1,8,active,0.000000,2.268185e-07,7.728103e-03,0.9091,0.9091,25
62,features.1,9,active,-0.045455,0.000000e+00,0.000000e+00,0.0909,0.0000,25
62,features.1,10,active,-0.045455,5.208091e-08,3.634226e-04,0.5455,0.4545,25
62,features.1,11,protected,0.113636,1.061058e-07,2.864187e-02,0.7727,1.0000,25
62,features.1,12,active,-0.090909,1.447714e-07,2.807194e-03,0.8636,0.6818,25
62,features.1,13,active,-0.068182,7.604582e-09,1.517921e-05,0.4545,0.3182,25
62,features.1,14,active,0.045455,0.000000e+00,0.000000e+00,0.0455,0.1364,25
62,features.1,15,active,0.045455,0.000000e+00,0.000000e+00,0.0000,0.0909,25
62,features.1,16,active,0.045455,0.000000e+00,3.040671e-11,0.1818,0.2727,25
62,features.1,17,active,0.000000,0.000000e+00,1.143132e-11,0.2273,0.2273,25
62,features.1,18,active,0.068182,5.346644e-08,3.432462e-03,0.5909,0.7273,25
62,features.1,19,pruned_before,nan,0.000000e+00,0.000000e+00,0.0000,0.0000,0
62,features.1,20,active,-0.090909,6.020848e-08,4.597073e-04,0.6818,0.5000,25
62,features.1,21,active,-0.068182,1.165136e-06,5.461114e-03,1.0000,0.8636,25
62,features.1,22,pruned_before,nan,0.000000e+00,0.000000e+00,0.0000,0.0000,0
62,features.1,23,active,-0.045455,8.421065e-11,3.457763e-12,0.2727,0.1818,25
62,features.1,24,pruned_before,nan,0.000000e+00,0.000000e+00,0.0000,0.0000,0
62,features.1,25,active,-0.113636,1.326895e-07,2.358284e-03,0.8182,0.5909,25
62,features.1,26,pruned_before,nan,0.000000e+00,0.000000e+00,0.0000,0.0000,0
62,features.1,27,active,-0.068182,5.748263e-07,4.424271e-03,0.9545,0.8182,25
62,features.1,28,pruned_before,nan,0.000000e+00,0.000000e+00,0.0000,0.0000,0
62,features.1,29,pruned_before,nan,0.000000e+00,0.000000e+00,0.0000,0.0000,0
62,features.1,30,pruned_before,nan,0.000000e+00,0.000000e+00,0.0000,0.0000,0
62,features.1,31,active,0.022727,4.276361e-09,3.231226e-04,0.3636,0.4091,25
62,features.2,0,pruned_before,nan,0.000000e+00,0.000000e+00,0.0000,0.0000,0
62,features.2,1,pruned_before,nan,0.000000e+00,0.000000e+00,0.0000,0.0000,0
62,features.2,2,active,-0.147059,1.036685e-07,6.683646e-04,0.7647,0.4706,49
62,features.2,3,active,-0.029412,8.696463e-07,1.022990e-03,0.9412,0.8824,49
62,features.2,4,active,-0.058824,3.404446e-07,8.271360e-04,0.8235,0.7059,49
62,features.2,5,pruned_before,nan,0.000000e+00,0.000000e+00,0.0000,0.0000,0
62,features.2,6,pruned_before,nan,0.000000e+00,0.000000e+00,0.0000,0.0000,0
62,features.2,7,active,-0.058824,1.203587e-08,3.133807e-05,0.1176,0.0000,49
62,features.2,8,pruned_before,nan,0.000000e+00,0.000000e+00,0.0000,0.0000,0
62,features.2,9,pruned_before,nan,0.000000e+00,0.000000e+00,0.0000,0.0000,0
62,features.2,10,pruned_before,nan,0.000000e+00,0.000000e+00,0.0000,0.0000,0
62,features.2,11,pruned_before,nan,0.000000e+00,0.000000e+00,0.0000,0.0000,0
62,features.2,12,active,-0.029412,1.556298e-08,2.392688e-04,0.1765,0.1176,49
62,features.2,13,pruned_before,nan,0.000000e+00,0.000000e+00,0.0000,0.0000,0
62,features.2,14,pruned_before,nan,0.000000e+00,0.000000e+00,0.0000,0.0000,0
62,features.2,15,pruned_before,nan,0.000000e+00,0.000000e+00,0.0000,0.0000,0
62,features.2,16,pruned_before,nan,0.000000e+00,0.000000e+00,0.0000,0.0000,0
62,features.2,17,pruned_before,nan,0.000000e+00,0.000000e+00,0.0000,0.0000,0
62,features.2,18,pruned_before,nan,0.000000e+00,0.000000e+00,0.0000,0.0000,0
62,features.2,19,pruned_before,nan,0.000000e+00,0.000000e+00,0.0000,0.0000,0
62,features.2,20,pruned_before,nan,0.000000e+00,0.000000e+00,0.0000,0.0000,0
62,features.2,21,pruned_before,nan,0.000000e+00,0.000000e+00,0.0000,0.0000,0
62,features.2,22,active,0.058824,1.739286e-08,3.519641e-04,0.2353,0.3529,49
62,features.2,23,active,0.147059,4.955344e-08,9.383912e-04,0.4706,0.7647,49
62,features.2,24,pruned_before,nan,0.000000e+00,0.000000e+00,0.0000,0.0000,0
62,features.2,25,pruned_before,nan,0.000000e+00,0.000000e+00,0.0000,0.0000,0
62,features.2,26,pruned_before,nan,0.000000e+00,0.000000e+00,0.0000,0.0000,0
62,features.2,27,pruned_before,nan,0.000000e+00,0.000000e+00,0.0000,0.0000,0
62,features.2,28,pruned_before,nan,0.000000e+00,0.000000e+00,0.0000,0.0000,0
62,features.2,29,active,0.029412,5.482189e-09,1.593359e-04,0.0000,0.0588,49
62,features.2,30,pruned_before,nan,0.000000e+00,0.000000e+00,0.0000,0.0000,0
62,features.2,31,pruned_before,nan,0.000000e+00,0.000000e+00,0.0000,0.0000,0
62,features.2,32,pruned_before,nan,0.000000e+00,0.000000e+00,0.0000,0.0000,0
62,features.2,33,pruned_before,nan,0.000000e+00,0.000000e+00,0.0000,0.0000,0
62,features.2,34,active,-0.088235,9.874677e-07,9.477230e-04,1.0000,0.8235,49
62,features.2,35,pruned_before,nan,0.000000e+00,0.000000e+00,0.0000,0.0000,0
62,features.2,36,pruned_before,nan,0.000000e+00,0.000000e+00,0.0000,0.0000,0
62,features.2,37,pruned_before,nan,0.000000e+00,0.000000e+00,0.0000,0.0000,0
62,features.2,38,active,0.058824,6.465106e-09,2.625730e-04,0.0588,0.1765,49
62,features.2,39,pruned_before,nan,0.000000e+00,0.000000e+00,0.0000,0.0000,0
62,features.2,40,pruned_before,nan,0.000000e+00,0.000000e+00,0.0000,0.0000,0
62,features.2,41,pruned_before,nan,0.000000e+00,0.000000e+00,0.0000,0.0000,0
62,features.2,42,pruned_before,nan,0.000000e+00,0.000000e+00,0.0000,0.0000,0
62,features.2,43,pruned_before,nan,0.000000e+00,0.000000e+00,0.0000,0.0000,0
62,features.2,44,pruned_before,nan,0.000000e+00,0.000000e+00,0.0000,0.0000,0
62,features.2,45,pruned_before,nan,0.000000e+00,0.000000e+00,0.0000,0.0000,0
62,features.2,46,pruned_before,nan,0.000000e+00,0.000000e+00,0.0000,0.0000,0
62,features.2,47,pruned_before,nan,0.000000e+00,0.000000e+00,0.0000,0.0000,0
62,features.2,48,active,-0.147059,5.349172e-08,2.735777e-04,0.5294,0.2353,49
62,features.2,49,pruned_before,nan,0.000000e+00,0.000000e+00,0.0000,0.0000,0
62,features.2,50,pruned_before,nan,0.000000e+00,0.000000e+00,0.0000,0.0000,0
62,features.2,51,pruned_before,nan,0.000000e+00,0.000000e+00,0.0000,0.0000,0
62,features.2,52,pruned_before,nan,0.000000e+00,0.000000e+00,0.0000,0.0000,0
62,features.2,53,pruned_before,nan,0.000000e+00,0.000000e+00,0.0000,0.0000,0
62,features.2,54,pruned_before,nan,0.000000e+00,0.000000e+00,0.0000,0.0000,0
62,features.2,55,active,0.058824,1.800549e-08,4.124174e-04,0.2941,0.4118,49
62,features.2,56,pruned_before,nan,0.000000e+00,0.000000e+00,0.0000,0.0000,0
62,features.2,57,active,-0.029412,7.355652e-08,7.372375e-04,0.5882,0.5294,49
62,features.2,58,pruned_before,nan,0.000000e+00,0.000000e+00,0.0000,0.0000,0
62,features.2,59,pruned_before,nan,0.000000e+00,0.000000e+00,0.0000,0.0000,0
62,features.2,60,pruned_before,nan,0.000000e+00,0.000000e+00,0.0000,0.0000,0
62,features.2,61,pruned_before,nan,0.000000e+00,0.000000e+00,0.0000,0.0000,0
62,features.2,62,active,-0.029412,1.019705e-07,7.666547e-04,0.7059,0.6471,49
62,features.2,63,pruned_before,nan,0.000000e+00,0.000000e+00,0.0000,0.0000,0
62,features.2,64,pruned_before,nan,0.000000e+00,0.000000e+00,0.0000,0.0000,0
62,features.2,65,pruned_before,nan,0.000000e+00,0.000000e+00,0.0000,0.0000,0
62,features.2,66,pruned_before,nan,0.000000e+00,0.000000e+00,0.0000,0.0000,0
62,features.2,67,pruned_before,nan,0.000000e+00,0.000000e+00,0.0000,0.0000,0
62,features.2,68,pruned_before,nan,0.000000e+00,0.000000e+00,0.0000,0.0000,0
62,features.2,69,pruned_before,nan,0.000000e+00,0.000000e+00,0.0000,0.0000,0
62,features.2,70,pruned_before,nan,0.000000e+00,0.000000e+00,0.0000,0.0000,0
62,features.2,71,pruned_before,nan,0.000000e+00,0.000000e+00,0.0000,0.0000,0
62,features.2,72,protected,0.323529,2.247570e-08,2.957588e-03,0.3529,1.0000,49
62,features.2,73,pruned_before,nan,0.000000e+00,0.000000e+00,0.0000,0.0000,0
62,features.2,74,pruned_before,nan,0.000000e+00,0.000000e+00,0.0000,0.0000,0
62,features.2,75,pruned_before,nan,0.000000e+00,0.000000e+00,0.0000,0.0000,0
62,features.2,76,pruned_before,nan,0.000000e+00,0.000000e+00,0.0000,0.0000,0
62,features.2,77,pruned_before,nan,0.000000e+00,0.000000e+00,0.0000,0.0000,0
62,features.2,78,active,-0.058824,4.952451e-08,3.039839e-04,0.4118,0.2941,49
62,features.2,79,pruned_before,nan,0.000000e+00,0.000000e+00,0.0000,0.0000,0
62,features.2,80,pruned_before,nan,0.000000e+00,0.000000e+00,0.0000,0.0000,0
62,features.2,81,pruned_before,nan,0.000000e+00,0.000000e+00,0.0000,0.0000,0
62,features.2,82,pruned_before,nan,0.000000e+00,0.000000e+00,0.0000,0.0000,0
62,features.2,83,pruned_before,nan,0.000000e+00,0.000000e+00,0.0000,0.0000,0
62,features.2,84,pruned_before,nan,0.000000e+00,0.000000e+00,0.0000,0.0000,0
62,features.2,85,pruned_before,nan,0.000000e+00,0.000000e+00,0.0000,0.0000,0
62,features.2,86,pruned_before,nan,0.000000e+00,0.000000e+00,0.0000,0.0000,0
62,features.2,87,pruned_before,nan,0.000000e+00,0.000000e+00,0.0000,0.0000,0
62,features.2,88,pruned_before,nan,0.000000e+00,0.000000e+00,0.0000,0.0000,0
62,features.2,89,pruned_before,nan,0.000000e+00,0.000000e+00,0.0000,0.0000,0
62,features.2,90,active,-0.029412,8.544111e-08,7.563779e-04,0.6471,0.5882,49
62,features.2,91,pruned_before,nan,0.000000e+00,0.000000e+00,0.0000,0.0000,0
62,features.2,92,active,0.029412,4.354231e-07,2.121222e-03,0.8824,0.9412,49
62,features.2,93,pruned_before,nan,0.000000e+00,0.000000e+00,0.0000,0.0000,0
62,features.2,94,pruned_before,nan,0.000000e+00,0.000000e+00,0.0000,0.0000,0
62,features.2,95,pruned_before,nan,0.000000e+00,0.000000e+00,0.0000,0.0000,0
62,features.3,0,pruned_before,nan,0.000000e+00,0.000000e+00,0.0000,0.0000,0
62,features.3,1,pruned_before,nan,0.000000e+00,0.000000e+00,0.0000,0.0000,0
62,features.3,2,pruned_before,nan,0.000000e+00,0.000000e+00,0.0000,0.0000,0
62,features.3,3,pruned_before,nan,0.000000e+00,0.000000e+00,0.0000,0.0000,0
62,features.3,4,pruned_before,nan,0.000000e+00,0.000000e+00,0.0000,0.0000,0
62,features.3,5,pruned_before,nan,0.000000e+00,0.000000e+00,0.0000,0.0000,0
62,features.3,6,pruned_before,nan,0.000000e+00,0.000000e+00,0.0000,0.0000,0
62,features.3,7,pruned_before,nan,0.000000e+00,0.000000e+00,0.0000,0.0000,0
62,features.3,8,active,-0.075000,2.136164e-08,3.998956e-04,0.5500,0.4000,57
62,features.3,9,active,-0.050000,8.217278e-09,1.064479e-04,0.2000,0.1000,57
62,features.3,10,active,-0.050000,1.922497e-07,1.584133e-03,1.0000,0.9000,57
62,features.3,11,pruned_before,nan,0.000000e+00,0.000000e+00,0.0000,0.0000,0
62,features.3,12,pruned_before,nan,0.000000e+00,0.000000e+00,0.0000,0.0000,0
62,features.3,13,pruned_before,nan,0.000000e+00,0.000000e+00,0.0000,0.0000,0
62,features.3,14,pruned_before,nan,0.000000e+00,0.000000e+00,0.0000,0.0000,0
62,features.3,15,pruned_before,nan,0.000000e+00,0.000000e+00,0.0000,0.0000,0
62,features.3,16,pruned_before,nan,0.000000e+00,0.000000e+00,0.0000,0.0000,0
62,features.3,17,pruned_before,nan,0.000000e+00,0.000000e+00,0.0000,0.0000,0
62,features.3,18,pruned_before,nan,0.000000e+00,0.000000e+00,0.0000,0.0000,0
62,features.3,19,pruned_before,nan,0.000000e+00,0.000000e+00,0.0000,0.0000,0
62,features.3,20,pruned_before,nan,0.000000e+00,0.000000e+00,0.0000,0.0000,0
62,features.3,21,pruned_before,nan,0.000000e+00,0.000000e+00,0.0000,0.0000,0
62,features.3,22,pruned_before,nan,0.000000e+00,0.000000e+00,0.0000,0.0000,0
62,features.3,23,pruned_before,nan,0.000000e+00,0.000000e+00,0.0000,0.0000,0
62,features.3,24,pruned_before,nan,0.000000e+00,0.000000e+00,0.0000,0.0000,0
62,features.3,25,active,-0.050000,1.174044e-07,7.498277e-04,0.9000,0.8000,57
62,features.3,26,pruned_before,nan,0.000000e+00,0.000000e+00,0.0000,0.0000,0
62,features.3,27,pruned_before,nan,0.000000e+00,0.000000e+00,0.0000,0.0000,0
62,features.3,28,pruned_before,nan,0.000000e+00,0.000000e+00,0.0000,0.0000,0
62,features.3,29,pruned_before,nan,0.000000e+00,0.000000e+00,0.0000,0.0000,0
62,features.3,30,pruned_before,nan,0.000000e+00,0.000000e+00,0.0000,0.0000,0
62,features.3,31,pruned_before,nan,0.000000e+00,0.000000e+00,0.0000,0.0000,0
62,features.3,32,active,0.000000,1.302638e-09,2.324953e-05,0.0000,0.0000,57
62,features.3,33,pruned_before,nan,0.000000e+00,0.000000e+00,0.0000,0.0000,0
62,features.3,34,pruned_before,nan,0.000000e+00,0.000000e+00,0.0000,0.0000,0
62,features.3,35,pruned_before,nan,0.000000e+00,0.000000e+00,0.0000,0.0000,0
62,features.3,36,pruned_before,nan,0.000000e+00,0.000000e+00,0.0000,0.0000,0
62,features.3,37,pruned_before,nan,0.000000e+00,0.000000e+00,0.0000,0.0000,0
62,features.3,38,pruned_before,nan,0.000000e+00,0.000000e+00,0.0000,0.0000,0
62,features.3,39,pruned_before,nan,0.000000e+00,0.000000e+00,0.0000,0.0000,0
62,features.3,40,active,0.000000,4.011516e-08,7.027606e-04,0.7500,0.7500,57
62,features.3,41,pruned_before,nan,0.000000e+00,0.000000e+00,0.0000,0.0000,0
62,features.3,42,pruned_before,nan,0.000000e+00,0.000000e+00,0.0000,0.0000,0
62,features.3,43,pruned_before,nan,0.000000e+00,0.000000e+00,0.0000,0.0000,0
62,features.3,44,active,0.425000,6.441800e-09,1.641727e-03,0.1000,0.9500,57
62,features.3,45,pruned_before,nan,0.000000e+00,0.000000e+00,0.0000,0.0000,0
62,features.3,46,pruned_before,nan,0.000000e+00,0.000000e+00,0.0000,0.0000,0
62,features.3,47,pruned_before,nan,0.000000e+00,0.000000e+00,0.0000,0.0000,0
62,features.3,48,active,0.300000,4.959957e-09,6.839194e-04,0.0500,0.6500,57
62,features.3,49,pruned_before,nan,0.000000e+00,0.000000e+00,0.0000,0.0000,0
62,features.3,50,pruned_before,nan,0.000000e+00,0.000000e+00,0.0000,0.0000,0
62,features.3,51,pruned_before,nan,0.000000e+00,0.000000e+00,0.0000,0.0000,0
62,features.3,52,pruned_before,nan,0.000000e+00,0.000000e+00,0.0000,0.0000,0
62,features.3,53,pruned_before,nan,0.000000e+00,0.000000e+00,0.0000,0.0000,0
62,features.3,54,pruned_before,nan,0.000000e+00,0.000000e+00,0.0000,0.0000,0
62,features.3,55,pruned_before,nan,0.000000e+00,0.000000e+00,0.0000,0.0000,0
62,features.3,56,pruned_before,nan,0.000000e+00,0.000000e+00,0.0000,0.0000,0
62,features.3,57,pruned_before,nan,0.000000e+00,0.000000e+00,0.0000,0.0000,0
62,features.3,58,pruned_before,nan,0.000000e+00,0.000000e+00,0.0000,0.0000,0
62,features.3,59,pruned_before,nan,0.000000e+00,0.000000e+00,0.0000,0.0000,0
62,features.3,60,pruned_before,nan,0.000000e+00,0.000000e+00,0.0000,0.0000,0
62,features.3,61,pruned_before,nan,0.000000e+00,0.000000e+00,0.0000,0.0000,0
62,features.3,62,pruned_before,nan,0.000000e+00,0.000000e+00,0.0000,0.0000,0
62,features.3,63,pruned_before,nan,0.000000e+00,0.000000e+00,0.0000,0.0000,0
62,features.3,64,pruned_before,nan,0.000000e+00,0.000000e+00,0.0000,0.0000,0
62,features.3,65,pruned_before,nan,0.000000e+00,0.000000e+00,0.0000,0.0000,0
62,features.3,66,pruned_before,nan,0.000000e+00,0.000000e+00,0.0000,0.0000,0
62,features.3,67,active,-0.100000,9.455599e-09,5.754017e-05,0.2500,0.0500,57
62,features.3,68,pruned_before,nan,0.000000e+00,0.000000e+00,0.0000,0.0000,0
62,features.3,69,active,0.025000,1.782395e-08,4.531343e-04,0.5000,0.5500,57
62,features.3,70,active,-0.025000,9.855852e-09,1.300377e-04,0.3000,0.2500,57
62,features.3,71,pruned_before,nan,0.000000e+00,0.000000e+00,0.0000,0.0000,0
62,features.3,72,pruned_before,nan,0.000000e+00,0.000000e+00,0.0000,0.0000,0
62,features.3,73,pruned_before,nan,0.000000e+00,0.000000e+00,0.0000,0.0000,0
62,features.3,74,pruned_before,nan,0.000000e+00,0.000000e+00,0.0000,0.0000,0
62,features.3,75,pruned_before,nan,0.000000e+00,0.000000e+00,0.0000,0.0000,0
62,features.3,76,pruned_before,nan,0.000000e+00,0.000000e+00,0.0000,0.0000,0
62,features.3,77,pruned_before,nan,0.000000e+00,0.000000e+00,0.0000,0.0000,0
62,features.3,78,pruned_before,nan,0.000000e+00,0.000000e+00,0.0000,0.0000,0
62,features.3,79,pruned_before,nan,0.000000e+00,0.000000e+00,0.0000,0.0000,0
62,features.3,80,pruned_before,nan,0.000000e+00,0.000000e+00,0.0000,0.0000,0
62,features.3,81,pruned_before,nan,0.000000e+00,0.000000e+00,0.0000,0.0000,0
62,features.3,82,pruned_before,nan,0.000000e+00,0.000000e+00,0.0000,0.0000,0
62,features.3,83,pruned_before,nan,0.000000e+00,0.000000e+00,0.0000,0.0000,0
62,features.3,84,pruned_before,nan,0.000000e+00,0.000000e+00,0.0000,0.0000,0
62,features.3,85,active,0.075000,1.306342e-08,4.360596e-04,0.3500,0.5000,57
62,features.3,86,pruned_before,nan,0.000000e+00,0.000000e+00,0.0000,0.0000,0
62,features.3,87,active,0.025000,4.896700e-08,1.393976e-03,0.8000,0.8500,57
62,features.3,88,active,-0.025000,1.341067e-08,2.520508e-04,0.4000,0.3500,57
62,features.3,89,pruned_before,nan,0.000000e+00,0.000000e+00,0.0000,0.0000,0
62,features.3,90,pruned_before,nan,0.000000e+00,0.000000e+00,0.0000,0.0000,0
62,features.3,91,pruned_before,nan,0.000000e+00,0.000000e+00,0.0000,0.0000,0
62,features.3,92,pruned_before,nan,0.000000e+00,0.000000e+00,0.0000,0.0000,0
62,features.3,93,pruned_before,nan,0.000000e+00,0.000000e+00,0.0000,0.0000,0
62,features.3,94,pruned_before,nan,0.000000e+00,0.000000e+00,0.0000,0.0000,0
62,features.3,95,pruned_before,nan,0.000000e+00,0.000000e+00,0.0000,0.0000,0
62,features.3,96,pruned_before,nan,0.000000e+00,0.000000e+00,0.0000,0.0000,0
62,features.3,97,pruned_before,nan,0.000000e+00,0.000000e+00,0.0000,0.0000,0
62,features.3,98,pruned_before,nan,0.000000e+00,0.000000e+00,0.0000,0.0000,0
62,features.3,99,pruned_before,nan,0.000000e+00,0.000000e+00,0.0000,0.0000,0
62,features.3,100,pruned_before,nan,0.000000e+00,0.000000e+00,0.0000,0.0000,0
62,features.3,101,pruned_before,nan,0.000000e+00,0.000000e+00,0.0000,0.0000,0
62,features.3,102,pruned_before,nan,0.000000e+00,0.000000e+00,0.0000,0.0000,0
62,features.3,103,pruned_before,nan,0.000000e+00,0.000000e+00,0.0000,0.0000,0
62,features.3,104,pruned_before,nan,0.000000e+00,0.000000e+00,0.0000,0.0000,0
62,features.3,105,pruned_before,nan,0.000000e+00,0.000000e+00,0.0000,0.0000,0
62,features.3,106,active,0.125000,1.701507e-08,6.992713e-04,0.4500,0.7000,57
62,features.3,107,pruned_before,nan,0.000000e+00,0.000000e+00,0.0000,0.0000,0
62,features.3,108,pruned_before,nan,0.000000e+00,0.000000e+00,0.0000,0.0000,0
62,features.3,109,pruned_before,nan,0.000000e+00,0.000000e+00,0.0000,0.0000,0
62,features.3,110,protected,0.025000,1.450808e-07,1.759973e-03,0.9500,1.0000,57
62,features.3,111,pruned_before,nan,0.000000e+00,0.000000e+00,0.0000,0.0000,0
62,features.3,112,pruned_before,nan,0.000000e+00,0.000000e+00,0.0000,0.0000,0
62,features.3,113,pruned_before,nan,0.000000e+00,0.000000e+00,0.0000,0.0000,0
62,features.3,114,pruned_before,nan,0.000000e+00,0.000000e+00,0.0000,0.0000,0
62,features.3,115,pruned_before,nan,0.000000e+00,0.000000e+00,0.0000,0.0000,0
62,features.3,116,pruned_before,nan,0.000000e+00,0.000000e+00,0.0000,0.0000,0
62,features.3,117,active,-0.175000,2.738650e-08,2.341840e-04,0.6500,0.3000,57
62,features.3,118,pruned_before,nan,0.000000e+00,0.000000e+00,0.0000,0.0000,0
62,features.3,119,pruned_before,nan,0.000000e+00,0.000000e+00,0.0000,0.0000,0
62,features.3,120,active,-0.125000,3.290485e-08,4.160043e-04,0.7000,0.4500,57
62,features.3,121,pruned_before,nan,0.000000e+00,0.000000e+00,0.0000,0.0000,0
62,features.3,122,active,-0.125000,5.294804e-08,4.987587e-04,0.8500,0.6000,57
62,features.3,123,pruned_before,nan,0.000000e+00,0.000000e+00,0.0000,0.0000,0
62,features.3,124,pruned_now,-0.225000,2.259679e-08,1.088818e-04,0.6000,0.1500,57
62,features.3,125,pruned_before,nan,0.000000e+00,0.000000e+00,0.0000,0.0000,0
62,features.3,126,pruned_before,nan,0.000000e+00,0.000000e+00,0.0000,0.0000,0
62,features.3,127,pruned_before,nan,0.000000e+00,0.000000e+00,0.0000,0.0000,0
62,features.3,128,pruned_before,nan,0.000000e+00,0.000000e+00,0.0000,0.0000,0
62,features.3,129,pruned_before,nan,0.000000e+00,0.000000e+00,0.0000,0.0000,0
62,features.3,130,pruned_before,nan,0.000000e+00,0.000000e+00,0.0000,0.0000,0
62,features.3,131,pruned_before,nan,0.000000e+00,0.000000e+00,0.0000,0.0000,0
62,features.3,132,pruned_before,nan,0.000000e+00,0.000000e+00,0.0000,0.0000,0
62,features.3,133,pruned_before,nan,0.000000e+00,0.000000e+00,0.0000,0.0000,0
62,features.3,134,pruned_before,nan,0.000000e+00,0.000000e+00,0.0000,0.0000,0
62,features.3,135,pruned_before,nan,0.000000e+00,0.000000e+00,0.0000,0.0000,0
62,features.3,136,pruned_before,nan,0.000000e+00,0.000000e+00,0.0000,0.0000,0
62,features.3,137,pruned_before,nan,0.000000e+00,0.000000e+00,0.0000,0.0000,0
62,features.3,138,pruned_before,nan,0.000000e+00,0.000000e+00,0.0000,0.0000,0
62,features.3,139,pruned_before,nan,0.000000e+00,0.000000e+00,0.0000,0.0000,0
62,features.3,140,pruned_before,nan,0.000000e+00,0.000000e+00,0.0000,0.0000,0
62,features.3,141,pruned_before,nan,0.000000e+00,0.000000e+00,0.0000,0.0000,0
62,features.3,142,active,0.025000,7.120536e-09,1.249760e-04,0.1500,0.2000,57
62,features.3,143,pruned_before,nan,0.000000e+00,0.000000e+00,0.0000,0.0000,0
62,features.4,0,active,0.066176,3.891475e-07,4.147892e-05,0.6176,0.7500,65
62,features.4,1,active,-0.080882,8.128966e-08,4.958412e-06,0.2647,0.1029,65
62,features.4,2,pruned_before,nan,0.000000e+00,0.000000e+00,0.0000,0.0000,0
62,features.4,3,pruned_before,nan,0.000000e+00,0.000000e+00,0.0000,0.0000,0
62,features.4,4,pruned_before,nan,0.000000e+00,0.000000e+00,0.0000,0.0000,0
62,features.4,5,active,-0.073529,3.390156e-08,2.957861e-06,0.1765,0.0294,65
62,features.4,6,active,-0.007353,1.704021e-07,1.552032e-05,0.4412,0.4265,65
62,features.4,7,pruned_before,nan,0.000000e+00,0.000000e+00,0.0000,0.0000,0
62,features.4,8,active,0.000000,1.848531e-06,6.054961e-05,0.9265,0.9265,65
62,features.4,9,pruned_before,nan,0.000000e+00,0.000000e+00,0.0000,0.0000,0
62,features.4,10,pruned_before,nan,0.000000e+00,0.000000e+00,0.0000,0.0000,0
62,features.4,11,pruned_before,nan,0.000000e+00,0.000000e+00,0.0000,0.0000,0
62,features.4,12,pruned_before,nan,0.000000e+00,0.000000e+00,0.0000,0.0000,0
62,features.4,13,pruned_before,nan,0.000000e+00,0.000000e+00,0.0000,0.0000,0
62,features.4,14,pruned_before,nan,0.000000e+00,0.000000e+00,0.0000,0.0000,0
62,features.4,15,active,-0.154412,4.667473e-07,1.109395e-05,0.6324,0.3235,65
62,features.4,16,active,-0.102941,1.225235e-06,3.555467e-05,0.8824,0.6765,65
62,features.4,17,active,-0.154412,3.287431e-06,3.824617e-05,1.0000,0.6912,65
62,features.4,18,pruned_before,nan,0.000000e+00,0.000000e+00,0.0000,0.0000,0
62,features.4,19,pruned_before,nan,0.000000e+00,0.000000e+00,0.0000,0.0000,0
62,features.4,20,pruned_before,nan,0.000000e+00,0.000000e+00,0.0000,0.0000,0
62,features.4,21,pruned_before,nan,0.000000e+00,0.000000e+00,0.0000,0.0000,0
62,features.4,22,active,0.250000,2.054127e-07,7.199926e-05,0.4706,0.9706,65
62,features.4,23,pruned_before,nan,0.000000e+00,0.000000e+00,0.0000,0.0000,0
62,features.4,24,active,-0.095588,5.062998e-07,2.028277e-05,0.6765,0.4853,65
62,features.4,25,active,0.051471,6.381627e-08,1.231388e-05,0.2500,0.3529,65
62,features.4,26,active,-0.110294,3.142189e-07,1.071374e-05,0.5294,0.3088,65
62,features.4,27,pruned_before,nan,0.000000e+00,0.000000e+00,0.0000,0.0000,0
62,features.4,28,pruned_before,nan,0.000000e+00,0.000000e+00,0.0000,0.0000,0
62,features.4,29,pruned_before,nan,0.000000e+00,0.000000e+00,0.0000,0.0000,0
62,features.4,30,pruned_before,nan,0.000000e+00,0.000000e+00,0.0000,0.0000,0
62,features.4,31,pruned_before,nan,0.000000e+00,0.000000e+00,0.0000,0.0000,0
62,features.4,32,active,0.036765,3.470758e-08,9.660358e-06,0.1912,0.2647,65
62,features.4,33,pruned_before,nan,0.000000e+00,0.000000e+00,0.0000,0.0000,0
62,features.4,34,active,-0.066176,3.668392e-07,1.923614e-05,0.5882,0.4559,65
62,features.4,35,pruned_before,nan,0.000000e+00,0.000000e+00,0.0000,0.0000,0
62,features.4,36,active,-0.036765,6.441595e-07,3.535461e-05,0.7353,0.6618,65
62,features.4,37,active,-0.080882,2.203316e-06,4.481849e-05,0.9853,0.8235,65
62,features.4,38,active,0.036765,1.911186e-07,2.197109e-05,0.4559,0.5294,65
62,features.4,39,pruned_before,nan,0.000000e+00,0.000000e+00,0.0000,0.0000,0
62,features.4,40,pruned_before,nan,0.000000e+00,0.000000e+00,0.0000,0.0000,0
62,features.4,41,pruned_before,nan,0.000000e+00,0.000000e+00,0.0000,0.0000,0
62,features.4,42,pruned_before,nan,0.000000e+00,0.000000e+00,0.0000,0.0000,0
62,features.4,43,active,0.000000,6.023143e-07,3.877940e-05,0.7059,0.7059,65
62,features.4,44,active,-0.066176,6.400833e-07,2.684061e-05,0.7206,0.5882,65
62,features.4,45,active,0.147059,3.639898e-07,5.236195e-05,0.5735,0.8676,65
62,features.4,46,protected,0.227941,3.154530e-07,3.518400e-04,0.5441,1.0000,65
62,features.4,47,pruned_before,nan,0.000000e+00,0.000000e+00,0.0000,0.0000,0
62,features.4,48,active,-0.102941,3.678910e-08,1.094553e-06,0.2059,0.0000,65
62,features.4,49,active,-0.110294,1.166983e-06,3.487451e-05,0.8676,0.6471,65
62,features.4,50,pruned_before,nan,0.000000e+00,0.000000e+00,0.0000,0.0000,0
62,features.4,51,pruned_before,nan,0.000000e+00,0.000000e+00,0.0000,0.0000,0
62,features.4,52,pruned_before,nan,0.000000e+00,0.000000e+00,0.0000,0.0000,0
62,features.4,53,pruned_before,nan,0.000000e+00,0.000000e+00,0.0000,0.0000,0
62,features.4,54,active,0.051471,1.098051e-06,5.836636e-05,0.8088,0.9118,65
62,features.4,55,pruned_before,nan,0.000000e+00,0.000000e+00,0.0000,0.0000,0
62,features.4,56,pruned_before,nan,0.000000e+00,0.000000e+00,0.0000,0.0000,0
62,features.4,57,active,-0.007353,1.002785e-06,4.377882e-05,0.7941,0.7794,65
62,features.4,58,active,0.169118,2.832199e-07,4.977082e-05,0.5147,0.8529,65
62,features.4,59,active,0.073529,2.678197e-08,9.660730e-06,0.1324,0.2794,65
62,features.4,60,pruned_before,nan,0.000000e+00,0.000000e+00,0.0000,0.0000,0
62,features.4,61,active,0.007353,2.003722e-06,6.965348e-05,0.9412,0.9559,65
62,features.4,62,active,0.404412,1.713808e-08,5.628457e-05,0.0882,0.8971,65
62,features.4,63,active,0.242647,2.472200e-08,3.009631e-05,0.1176,0.6029,65
62,features.4,64,pruned_before,nan,0.000000e+00,0.000000e+00,0.0000,0.0000,0
62,features.4,65,pruned_before,nan,0.000000e+00,0.000000e+00,0.0000,0.0000,0
62,features.4,66,pruned_before,nan,0.000000e+00,0.000000e+00,0.0000,0.0000,0
62,features.4,67,pruned_before,nan,0.000000e+00,0.000000e+00,0.0000,0.0000,0
62,features.4,68,pruned_before,nan,0.000000e+00,0.000000e+00,0.0000,0.0000,0
62,features.4,69,pruned_before,nan,0.000000e+00,0.000000e+00,0.0000,0.0000,0
62,features.4,70,pruned_before,nan,0.000000e+00,0.000000e+00,0.0000,0.0000,0
62,features.4,71,active,-0.080882,2.019397e-06,4.438691e-05,0.9559,0.7941,65
62,features.4,72,pruned_now,-0.213235,2.171617e-06,2.343896e-05,0.9706,0.5441,65
62,features.4,73,active,-0.125000,4.679983e-07,1.529856e-05,0.6471,0.3971,65
62,features.4,74,active,-0.139706,9.598123e-08,3.435664e-06,0.3235,0.0441,65
62,features.4,75,pruned_before,nan,0.000000e+00,0.000000e+00,0.0000,0.0000,0
62,features.4,76,pruned_before,nan,0.000000e+00,0.000000e+00,0.0000,0.0000,0
62,features.4,77,pruned_before,nan,0.000000e+00,0.000000e+00,0.0000,0.0000,0
62,features.4,78,pruned_before,nan,0.000000e+00,0.000000e+00,0.0000,0.0000,0
62,features.4,79,active,-0.044118,1.211062e-07,1.025473e-05,0.3824,0.2941,65
62,features.4,80,pruned_before,nan,0.000000e+00,0.000000e+00,0.0000,0.0000,0
62,features.4,81,active,-0.110294,1.066390e-07,6.316844e-06,0.3676,0.1471,65
62,features.4,82,active,0.279412,4.187874e-09,2.613184e-05,0.0000,0.5588,65
62,features.4,83,pruned_before,nan,0.000000e+00,0.000000e+00,0.0000,0.0000,0
62,features.4,84,pruned_before,nan,0.000000e+00,0.000000e+00,0.0000,0.0000,0
62,features.4,85,active,-0.139706,1.486678e-07,5.062833e-06,0.3971,0.1176,65
62,features.4,86,active,-0.007353,1.110220e-06,4.473605e-05,0.8235,0.8088,65
62,features.4,87,pruned_before,nan,0.000000e+00,0.000000e+00,0.0000,0.0000,0
62,features.4,88,pruned_before,nan,0.000000e+00,0.000000e+00,0.0000,0.0000,0
62,features.4,89,pruned_before,nan,0.000000e+00,0.000000e+00,0.0000,0.0000,0
62,features.4,90,active,0.036765,5.952131e-07,4.198532e-05,0.6912,0.7647,65
62,features.4,91,pruned_before,nan,0.000000e+00,0.000000e+00,0.0000,0.0000,0
62,features.4,92,pruned_before,nan,0.000000e+00,0.000000e+00,0.0000,0.0000,0
62,features.4,93,active,-0.110294,3.741679e-07,1.310211e-05,0.6029,0.3824,65
62,features.4,94,pruned_before,nan,0.000000e+00,0.000000e+00,0.0000,0.0000,0
62,features.4,95,active,-0.044118,9.950118e-08,9.256032e-06,0.3382,0.2500,65
62,features.4,96,pruned_before,nan,0.000000e+00,0.000000e+00,0.0000,0.0000,0
62,features.4,97,pruned_before,nan,0.000000e+00,0.000000e+00,0.0000,0.0000,0
62,features.4,98,active,0.051471,1.604136e-08,6.887984e-06,0.0735,0.1765,65
62,features.4,99,pruned_before,nan,0.000000e+00,0.000000e+00,0.0000,0.0000,0
62,features.4,100,active,-0.014706,1.471800e-08,2.580641e-06,0.0441,0.0147,65
62,features.4,101,active,-0.036765,2.298559e-07,1.541209e-05,0.4853,0.4118,65
62,features.4,102,pruned_before,nan,0.000000e+00,0.000000e+00,0.0000,0.0000,0
62,features.4,103,pruned_before,nan,0.000000e+00,0.000000e+00,0.0000,0.0000,0
62,features.4,104,pruned_before,nan,0.000000e+00,0.000000e+00,0.0000,0.0000,0
62,features.4,105,pruned_before,nan,0.000000e+00,0.000000e+00,0.0000,0.0000,0
62,features.4,106,active,-0.029412,2.841580e-08,4.272233e-06,0.1471,0.0882,65
62,features.4,107,active,0.000000,3.176054e-08,6.741550e-06,0.1618,0.1618,65
62,features.4,108,pruned_before,nan,0.000000e+00,0.000000e+00,0.0000,0.0000,0
62,features.4,109,active,-0.014706,7.447039e-07,3.912336e-05,0.7500,0.7206,65
62,features.4,110,active,0.147059,4.042400e-08,2.082346e-05,0.2206,0.5147,65
62,features.4,111,pruned_before,nan,0.000000e+00,0.000000e+00,0.0000,0.0000,0
62,features.4,112,pruned_before,nan,0.000000e+00,0.000000e+00,0.0000,0.0000,0
62,features.4,113,pruned_before,nan,0.000000e+00,0.000000e+00,0.0000,0.0000,0
62,features.4,114,active,-0.044118,8.558798e-08,6.938868e-06,0.2794,0.1912,65
62,features.4,115,active,-0.044118,1.544992e-07,1.207547e-05,0.4265,0.3382,65
62,features.4,116,active,0.036765,1.450206e-06,9.936925e-05,0.9118,0.9853,65
62,features.4,117,active,0.014706,1.503533e-07,1.864914e-05,0.4118,0.4412,65
62,features.4,118,active,0.095588,1.230554e-08,8.680027e-06,0.0294,0.2206,65
62,features.4,119,active,-0.110294,1.146091e-06,3.106433e-05,0.8382,0.6176,65
62,features.4,120,active,-0.014706,2.404551e-08,4.102734e-06,0.1029,0.0735,65
62,features.4,121,pruned_before,nan,0.000000e+00,0.000000e+00,0.0000,0.0000,0
62,features.4,122,active,0.000000,4.298431e-08,8.974715e-06,0.2353,0.2353,65
62,features.4,123,active,0.036765,7.750658e-07,4.515433e-05,0.7647,0.8382,65
62,features.4,124,pruned_before,nan,0.000000e+00,0.000000e+00,0.0000,0.0000,0
62,features.4,125,pruned_before,nan,0.000000e+00,0.000000e+00,0.0000,0.0000,0
62,features.4,126,pruned_before,nan,0.000000e+00,0.000000e+00,0.0000,0.0000,0
62,features.4,127,active,0.227941,4.777580e-09,2.017655e-05,0.0147,0.4706,65
62,features.4,128,pruned_before,nan,0.000000e+00,0.000000e+00,0.0000,0.0000,0
62,features.4,129,pruned_before,nan,0.000000e+00,0.000000e+00,0.0000,0.0000,0
62,features.4,130,active,-0.080882,1.283665e-06,4.031802e-05,0.8971,0.7353,65
62,features.4,131,active,0.073529,1.553721e-08,8.427531e-06,0.0588,0.2059,65
62,features.4,132,active,-0.029412,3.366519e-07,2.039335e-05,0.5588,0.5000,65
62,features.4,133,active,-0.125000,9.513617e-08,4.042676e-06,0.3088,0.0588,65
62,features.4,134,pruned_before,nan,0.000000e+00,0.000000e+00,0.0000,0.0000,0
62,features.4,135,active,0.007353,1.028427e-07,1.290602e-05,0.3529,0.3676,65
62,features.4,136,pruned_before,nan,0.000000e+00,0.000000e+00,0.0000,0.0000,0
62,features.4,137,active,0.080882,8.673310e-07,6.167799e-05,0.7794,0.9412,65
62,features.4,138,active,-0.044118,4.819948e-07,2.654838e-05,0.6618,0.5735,65
62,features.4,139,pruned_before,nan,0.000000e+00,0.000000e+00,0.0000,0.0000,0
62,features.4,140,active,-0.080882,8.688158e-08,5.193695e-06,0.2941,0.1324,65
62,features.4,141,active,0.191176,2.742858e-07,5.557422e-05,0.5000,0.8824,65
62,features.4,142,active,-0.110294,1.159854e-06,3.424645e-05,0.8529,0.6324,65
62,features.4,143,pruned_before,nan,0.000000e+00,0.000000e+00,0.0000,0.0000,0
62,features.5,0,pruned_before,nan,0.000000e+00,0.000000e+00,0.0000,0.0000,0
62,features.5,1,pruned_before,nan,0.000000e+00,0.000000e+00,0.0000,0.0000,0
62,features.5,2,pruned_before,nan,0.000000e+00,0.000000e+00,0.0000,0.0000,0
62,features.5,3,pruned_before,nan,0.000000e+00,0.000000e+00,0.0000,0.0000,0
62,features.5,4,pruned_before,nan,0.000000e+00,0.000000e+00,0.0000,0.0000,0
62,features.5,5,pruned_before,nan,0.000000e+00,0.000000e+00,0.0000,0.0000,0
62,features.5,6,pruned_before,nan,0.000000e+00,0.000000e+00,0.0000,0.0000,0
62,features.5,7,active,0.000000,6.739393e-09,7.002035e-06,0.1053,0.1053,73
62,features.5,8,pruned_before,nan,0.000000e+00,0.000000e+00,0.0000,0.0000,0
62,features.5,9,pruned_before,nan,0.000000e+00,0.000000e+00,0.0000,0.0000,0
62,features.5,10,active,-0.039474,2.239426e-08,3.441715e-05,0.3158,0.2368,73
62,features.5,11,pruned_before,nan,0.000000e+00,0.000000e+00,0.0000,0.0000,0
62,features.5,12,active,-0.065789,1.906105e-08,1.734461e-05,0.2895,0.1579,73
62,features.5,13,pruned_before,nan,0.000000e+00,0.000000e+00,0.0000,0.0000,0
62,features.5,14,pruned_before,nan,0.000000e+00,0.000000e+00,0.0000,0.0000,0
62,features.5,15,pruned_before,nan,0.000000e+00,0.000000e+00,0.0000,0.0000,0
62,features.5,16,pruned_before,nan,0.000000e+00,0.000000e+00,0.0000,0.0000,0
62,features.5,17,pruned_before,nan,0.000000e+00,0.000000e+00,0.0000,0.0000,0
62,features.5,18,pruned_before,nan,0.000000e+00,0.000000e+00,0.0000,0.0000,0
62,features.5,19,pruned_before,nan,0.000000e+00,0.000000e+00,0.0000,0.0000,0
62,features.5,20,active,0.184211,3.673499e-08,1.281067e-04,0.4211,0.7895,73
62,features.5,21,pruned_before,nan,0.000000e+00,0.000000e+00,0.0000,0.0000,0
62,features.5,22,active,0.039474,2.019718e-07,2.685706e-04,0.8684,0.9474,73
62,features.5,23,pruned_before,nan,0.000000e+00,0.000000e+00,0.0000,0.0000,0
62,features.5,24,pruned_before,nan,0.000000e+00,0.000000e+00,0.0000,0.0000,0
62,features.5,25,active,-0.026316,4.577737e-07,2.104226e-04,0.9474,0.8947,73
62,features.5,26,pruned_before,nan,0.000000e+00,0.000000e+00,0.0000,0.0000,0
62,features.5,27,pruned_before,nan,0.000000e+00,0.000000e+00,0.0000,0.0000,0
62,features.5,28,pruned_before,nan,0.000000e+00,0.000000e+00,0.0000,0.0000,0
62,features.5,29,pruned_before,nan,0.000000e+00,0.000000e+00,0.0000,0.0000,0
62,features.5,30,pruned_before,nan,0.000000e+00,0.000000e+00,0.0000,0.0000,0
62,features.5,31,pruned_before,nan,0.000000e+00,0.000000e+00,0.0000,0.0000,0
62,features.5,32,pruned_before,nan,0.000000e+00,0.000000e+00,0.0000,0.0000,0
62,features.5,33,pruned_before,nan,0.000000e+00,0.000000e+00,0.0000,0.0000,0
62,features.5,34,pruned_before,nan,0.000000e+00,0.000000e+00,0.0000,0.0000,0
62,features.5,35,pruned_before,nan,0.000000e+00,0.000000e+00,0.0000,0.0000,0
62,features.5,36,pruned_before,nan,0.000000e+00,0.000000e+00,0.0000,0.0000,0
62,features.5,37,pruned_before,nan,0.000000e+00,0.000000e+00,0.0000,0.0000,0
62,features.5,38,pruned_before,nan,0.000000e+00,0.000000e+00,0.0000,0.0000,0
62,features.5,39,pruned_before,nan,0.000000e+00,0.000000e+00,0.0000,0.0000,0
62,features.5,40,pruned_before,nan,0.000000e+00,0.000000e+00,0.0000,0.0000,0
62,features.5,41,active,-0.065789,4.908678e-07,1.713958e-04,0.9737,0.8421,73
62,features.5,42,active,-0.078947,1.130769e-07,6.187947e-05,0.7632,0.6053,73
62,features.5,43,active,-0.039474,9.796492e-09,4.542111e-06,0.1316,0.0526,73
62,features.5,44,pruned_before,nan,0.000000e+00,0.000000e+00,0.0000,0.0000,0
62,features.5,45,pruned_before,nan,0.000000e+00,0.000000e+00,0.0000,0.0000,0
62,features.5,46,pruned_now,-0.197368,8.042380e-08,3.668839e-05,0.6579,0.2632,73
62,features.5,47,pruned_before,nan,0.000000e+00,0.000000e+00,0.0000,0.0000,0
62,features.5,48,active,0.197368,1.430587e-08,5.919352e-05,0.1579,0.5526,73
62,features.5,49,pruned_before,nan,0.000000e+00,0.000000e+00,0.0000,0.0000,0
62,features.5,50,active,0.000000,1.488448e-08,1.852932e-05,0.1842,0.1842,73
62,features.5,51,pruned_before,nan,0.000000e+00,0.000000e+00,0.0000,0.0000,0
62,features.5,52,active,-0.131579,9.885076e-08,4.879065e-05,0.7368,0.4737,73
62,features.5,53,pruned_before,nan,0.000000e+00,0.000000e+00,0.0000,0.0000,0
62,features.5,54,active,-0.092105,2.988598e-07,1.007575e-04,0.9211,0.7368,73
62,features.5,55,pruned_now,-0.197368,1.854955e-07,4.676060e-05,0.8421,0.4474,73
62,features.5,56,active,-0.039474,5.990058e-07,2.555501e-04,1.0000,0.9211,73
62,features.5,57,pruned_before,nan,0.000000e+00,0.000000e+00,0.0000,0.0000,0
62,features.5,58,pruned_before,nan,0.000000e+00,0.000000e+00,0.0000,0.0000,0
62,features.5,59,pruned_before,nan,0.000000e+00,0.000000e+00,0.0000,0.0000,0
62,features.5,60,pruned_before,nan,0.000000e+00,0.000000e+00,0.0000,0.0000,0
62,features.5,61,pruned_before,nan,0.000000e+00,0.000000e+00,0.0000,0.0000,0
62,features.5,62,pruned_before,nan,0.000000e+00,0.000000e+00,0.0000,0.0000,0
62,features.5,63,pruned_before,nan,0.000000e+00,0.000000e+00,0.0000,0.0000,0
62,features.5,64,pruned_before,nan,0.000000e+00,0.000000e+00,0.0000,0.0000,0
62,features.5,65,pruned_before,nan,0.000000e+00,0.000000e+00,0.0000,0.0000,0
62,features.5,66,pruned_before,nan,0.000000e+00,0.000000e+00,0.0000,0.0000,0
62,features.5,67,active,0.131579,5.087317e-08,1.410624e-04,0.5526,0.8158,73
62,features.5,68,pruned_before,nan,0.000000e+00,0.000000e+00,0.0000,0.0000,0
62,features.5,69,active,-0.052632,3.892704e-08,4.029500e-05,0.5000,0.3947,73
62,features.5,70,pruned_before,nan,0.000000e+00,0.000000e+00,0.0000,0.0000,0
62,features.5,71,pruned_before,nan,0.000000e+00,0.000000e+00,0.0000,0.0000,0
62,features.5,72,pruned_before,nan,0.000000e+00,0.000000e+00,0.0000,0.0000,0
62,features.5,73,pruned_before,nan,0.000000e+00,0.000000e+00,0.0000,0.0000,0
62,features.5,74,pruned_before,nan,0.000000e+00,0.000000e+00,0.0000,0.0000,0
62,features.5,75,active,0.039474,1.504121e-08,3.718112e-05,0.2105,0.2895,73
62,features.5,76,active,0.144737,1.570260e-08,5.412426e-05,0.2368,0.5263,73
62,features.5,77,active,-0.092105,4.243952e-08,3.929020e-05,0.5263,0.3421,73
62,features.5,78,pruned_before,nan,0.000000e+00,0.000000e+00,0.0000,0.0000,0
62,features.5,79,pruned_before,nan,0.000000e+00,0.000000e+00,0.0000,0.0000,0
62,features.5,80,pruned_before,nan,0.000000e+00,0.000000e+00,0.0000,0.0000,0
62,features.5,81,pruned_before,nan,0.000000e+00,0.000000e+00,0.0000,0.0000,0
62,features.5,82,pruned_before,nan,0.000000e+00,0.000000e+00,0.0000,0.0000,0
62,features.5,83,pruned_before,nan,0.000000e+00,0.000000e+00,0.0000,0.0000,0
62,features.5,84,pruned_before,nan,0.000000e+00,0.000000e+00,0.0000,0.0000,0
62,features.5,85,pruned_before,nan,0.000000e+00,0.000000e+00,0.0000,0.0000,0
62,features.5,86,pruned_before,nan,0.000000e+00,0.000000e+00,0.0000,0.0000,0
62,features.5,87,pruned_before,nan,0.000000e+00,0.000000e+00,0.0000,0.0000,0
62,features.5,88,pruned_before,nan,0.000000e+00,0.000000e+00,0.0000,0.0000,0
62,features.5,89,pruned_before,nan,0.000000e+00,0.000000e+00,0.0000,0.0000,0
62,features.5,90,pruned_before,nan,0.000000e+00,0.000000e+00,0.0000,0.0000,0
62,features.5,91,active,-0.026316,6.076004e-09,1.577105e-06,0.0789,0.0263,73
62,features.5,92,pruned_before,nan,0.000000e+00,0.000000e+00,0.0000,0.0000,0
62,features.5,93,pruned_before,nan,0.000000e+00,0.000000e+00,0.0000,0.0000,0
62,features.5,94,pruned_before,nan,0.000000e+00,0.000000e+00,0.0000,0.0000,0
62,features.5,95,pruned_before,nan,0.000000e+00,0.000000e+00,0.0000,0.0000,0
62,features.5,96,pruned_before,nan,0.000000e+00,0.000000e+00,0.0000,0.0000,0
62,features.5,97,active,-0.105263,7.721449e-08,4.419095e-05,0.6316,0.4211,73
62,features.5,98,pruned_before,nan,0.000000e+00,0.000000e+00,0.0000,0.0000,0
62,features.5,99,active,-0.157895,8.280523e-08,3.970192e-05,0.6842,0.3684,73
62,features.5,100,pruned_before,nan,0.000000e+00,0.000000e+00,0.0000,0.0000,0
62,features.5,101,pruned_before,nan,0.000000e+00,0.000000e+00,0.0000,0.0000,0
62,features.5,102,pruned_before,nan,0.000000e+00,0.000000e+00,0.0000,0.0000,0
62,features.5,103,pruned_before,nan,0.000000e+00,0.000000e+00,0.0000,0.0000,0
62,features.5,104,pruned_before,nan,0.000000e+00,0.000000e+00,0.0000,0.0000,0
62,features.5,105,pruned_before,nan,0.000000e+00,0.000000e+00,0.0000,0.0000,0
62,features.5,106,pruned_before,nan,0.000000e+00,0.000000e+00,0.0000,0.0000,0
62,features.5,107,pruned_before,nan,0.000000e+00,0.000000e+00,0.0000,0.0000,0
62,features.5,108,pruned_before,nan,0.000000e+00,0.000000e+00,0.0000,0.0000,0
62,features.5,109,pruned_before,nan,0.000000e+00,0.000000e+00,0.0000,0.0000,0
62,features.5,110,pruned_before,nan,0.000000e+00,0.000000e+00,0.0000,0.0000,0
62,features.5,111,pruned_before,nan,0.000000e+00,0.000000e+00,0.0000,0.0000,0
62,features.5,112,pruned_before,nan,0.000000e+00,0.000000e+00,0.0000,0.0000,0
62,features.5,113,pruned_before,nan,0.000000e+00,0.000000e+00,0.0000,0.0000,0
62,features.5,114,pruned_before,nan,0.000000e+00,0.000000e+00,0.0000,0.0000,0
62,features.5,115,pruned_before,nan,0.000000e+00,0.000000e+00,0.0000,0.0000,0
62,features.5,116,pruned_before,nan,0.000000e+00,0.000000e+00,0.0000,0.0000,0
62,features.5,117,pruned_before,nan,0.000000e+00,0.000000e+00,0.0000,0.0000,0
62,features.5,118,active,0.184211,2.309756e-08,9.946615e-05,0.3421,0.7105,73
62,features.5,119,pruned_before,nan,0.000000e+00,0.000000e+00,0.0000,0.0000,0
62,features.5,120,pruned_before,nan,0.000000e+00,0.000000e+00,0.0000,0.0000,0
62,features.5,121,pruned_before,nan,0.000000e+00,0.000000e+00,0.0000,0.0000,0
62,features.5,122,pruned_before,nan,0.000000e+00,0.000000e+00,0.0000,0.0000,0
62,features.5,123,pruned_before,nan,0.000000e+00,0.000000e+00,0.0000,0.0000,0
62,features.5,124,pruned_before,nan,0.000000e+00,0.000000e+00,0.0000,0.0000,0
62,features.5,125,pruned_before,nan,0.000000e+00,0.000000e+00,0.0000,0.0000,0
62,features.5,126,pruned_before,nan,0.000000e+00,0.000000e+00,0.0000,0.0000,0
62,features.5,127,pruned_before,nan,0.000000e+00,0.000000e+00,0.0000,0.0000,0
62,features.5,128,pruned_before,nan,0.000000e+00,0.000000e+00,0.0000,0.0000,0
62,features.5,129,pruned_before,nan,0.000000e+00,0.000000e+00,0.0000,0.0000,0
62,features.5,130,pruned_before,nan,0.000000e+00,0.000000e+00,0.0000,0.0000,0
62,features.5,131,pruned_before,nan,0.000000e+00,0.000000e+00,0.0000,0.0000,0
62,features.5,132,pruned_before,nan,0.000000e+00,0.000000e+00,0.0000,0.0000,0
62,features.5,133,pruned_before,nan,0.000000e+00,0.000000e+00,0.0000,0.0000,0
62,features.5,134,pruned_before,nan,0.000000e+00,0.000000e+00,0.0000,0.0000,0
62,features.5,135,active,-0.026316,3.925519e-09,6.971703e-07,0.0526,0.0000,73
62,features.5,136,pruned_before,nan,0.000000e+00,0.000000e+00,0.0000,0.0000,0
62,features.5,137,pruned_before,nan,0.000000e+00,0.000000e+00,0.0000,0.0000,0
62,features.5,138,pruned_before,nan,0.000000e+00,0.000000e+00,0.0000,0.0000,0
62,features.5,139,pruned_before,nan,0.000000e+00,0.000000e+00,0.0000,0.0000,0
62,features.5,140,pruned_before,nan,0.000000e+00,0.000000e+00,0.0000,0.0000,0
62,features.5,141,pruned_before,nan,0.000000e+00,0.000000e+00,0.0000,0.0000,0
62,features.5,142,pruned_before,nan,0.000000e+00,0.000000e+00,0.0000,0.0000,0
62,features.5,143,pruned_before,nan,0.000000e+00,0.000000e+00,0.0000,0.0000,0
62,features.5,144,pruned_before,nan,0.000000e+00,0.000000e+00,0.0000,0.0000,0
62,features.5,145,pruned_before,nan,0.000000e+00,0.000000e+00,0.0000,0.0000,0
62,features.5,146,pruned_before,nan,0.000000e+00,0.000000e+00,0.0000,0.0000,0
62,features.5,147,active,-0.131579,3.854389e-08,2.049515e-05,0.4737,0.2105,73
62,features.5,148,pruned_before,nan,0.000000e+00,0.000000e+00,0.0000,0.0000,0
62,features.5,149,active,0.105263,3.835600e-08,6.766165e-05,0.4474,0.6579,73
62,features.5,150,pruned_before,nan,0.000000e+00,0.000000e+00,0.0000,0.0000,0
62,features.5,151,active,0.026316,1.438271e-07,2.073452e-04,0.8158,0.8684,73
62,features.5,152,pruned_before,nan,0.000000e+00,0.000000e+00,0.0000,0.0000,0
62,features.5,153,pruned_before,nan,0.000000e+00,0.000000e+00,0.0000,0.0000,0
62,features.5,154,pruned_before,nan,0.000000e+00,0.000000e+00,0.0000,0.0000,0
62,features.5,155,pruned_before,nan,0.000000e+00,0.000000e+00,0.0000,0.0000,0
62,features.5,156,pruned_before,nan,0.000000e+00,0.000000e+00,0.0000,0.0000,0
62,features.5,157,pruned_before,nan,0.000000e+00,0.000000e+00,0.0000,0.0000,0
62,features.5,158,active,0.078947,6.418190e-08,1.166696e-04,0.6053,0.7632,73
62,features.5,159,pruned_before,nan,0.000000e+00,0.000000e+00,0.0000,0.0000,0
62,features.5,160,pruned_before,nan,0.000000e+00,0.000000e+00,0.0000,0.0000,0
62,features.5,161,pruned_before,nan,0.000000e+00,0.000000e+00,0.0000,0.0000,0
62,features.5,162,pruned_before,nan,0.000000e+00,0.000000e+00,0.0000,0.0000,0
62,features.5,163,pruned_before,nan,0.000000e+00,0.000000e+00,0.0000,0.0000,0
62,features.5,164,pruned_before,nan,0.000000e+00,0.000000e+00,0.0000,0.0000,0
62,features.5,165,pruned_before,nan,0.000000e+00,0.000000e+00,0.0000,0.0000,0
62,features.5,166,pruned_before,nan,0.000000e+00,0.000000e+00,0.0000,0.0000,0
62,features.5,167,pruned_before,nan,0.000000e+00,0.000000e+00,0.0000,0.0000,0
62,features.5,168,pruned_before,nan,0.000000e+00,0.000000e+00,0.0000,0.0000,0
62,features.5,169,pruned_before,nan,0.000000e+00,0.000000e+00,0.0000,0.0000,0
62,features.5,170,pruned_before,nan,0.000000e+00,0.000000e+00,0.0000,0.0000,0
62,features.5,171,active,0.052632,3.732200e-09,8.448375e-06,0.0263,0.1316,73
62,features.5,172,pruned_before,nan,0.000000e+00,0.000000e+00,0.0000,0.0000,0
62,features.5,173,active,-0.078947,1.356733e-07,6.702325e-05,0.7895,0.6316,73
62,features.5,174,pruned_before,nan,0.000000e+00,0.000000e+00,0.0000,0.0000,0
62,features.5,175,pruned_before,nan,0.000000e+00,0.000000e+00,0.0000,0.0000,0
62,features.5,176,protected,0.144737,8.295961e-08,6.939911e-04,0.7105,1.0000,73
62,features.5,177,pruned_before,nan,0.000000e+00,0.000000e+00,0.0000,0.0000,0
62,features.5,178,pruned_before,nan,0.000000e+00,0.000000e+00,0.0000,0.0000,0
62,features.5,179,active,0.039474,2.687157e-09,5.073403e-06,0.0000,0.0789,73
62,features.5,180,pruned_before,nan,0.000000e+00,0.000000e+00,0.0000,0.0000,0
62,features.5,181,pruned_before,nan,0.000000e+00,0.000000e+00,0.0000,0.0000,0
62,features.5,182,pruned_before,nan,0.000000e+00,0.000000e+00,0.0000,0.0000,0
62,features.5,183,active,0.065789,3.187202e-08,4.951720e-05,0.3684,0.5000,73
62,features.5,184,active,0.026316,1.817727e-08,3.789460e-05,0.2632,0.3158,73
62,features.5,185,active,-0.105263,2.371445e-07,7.211079e-05,0.8947,0.6842,73
62,features.5,186,pruned_before,nan,0.000000e+00,0.000000e+00,0.0000,0.0000,0
62,features.5,187,active,0.000000,6.115292e-08,6.181950e-05,0.5789,0.5789,73
62,features.5,188,active,0.289474,3.316446e-08,5.040195e-04,0.3947,0.9737,73
62,features.5,189,pruned_before,nan,0.000000e+00,0.000000e+00,0.0000,0.0000,0
62,features.5,190,pruned_before,nan,0.000000e+00,0.000000e+00,0.0000,0.0000,0
62,features.5,191,pruned_before,nan,0.000000e+00,0.000000e+00,0.0000,0.0000,0
62,features.6,0,pruned_before,nan,0.000000e+00,0.000000e+00,0.0000,0.0000,0
62,features.6,1,pruned_before,nan,0.000000e+00,0.000000e+00,0.0000,0.0000,0
62,features.6,2,pruned_before,nan,0.000000e+00,0.000000e+00,0.0000,0.0000,0
62,features.6,3,protected,0.052632,1.255638e-07,8.403574e-04,0.8947,1.0000,73
62,features.6,4,pruned_before,nan,0.000000e+00,0.000000e+00,0.0000,0.0000,0
62,features.6,5,pruned_before,nan,0.000000e+00,0.000000e+00,0.0000,0.0000,0
62,features.6,6,active,0.000000,0.000000e+00,0.000000e+00,0.0000,0.0000,73
62,features.6,7,pruned_before,nan,0.000000e+00,0.000000e+00,0.0000,0.0000,0
62,features.6,8,pruned_before,nan,0.000000e+00,0.000000e+00,0.0000,0.0000,0
62,features.6,9,pruned_before,nan,0.000000e+00,0.000000e+00,0.0000,0.0000,0
62,features.6,10,pruned_before,nan,0.000000e+00,0.000000e+00,0.0000,0.0000,0
62,features.6,11,pruned_before,nan,0.000000e+00,0.000000e+00,0.0000,0.0000,0
62,features.6,12,active,-0.052632,1.356224e-06,1.434084e-04,1.0000,0.8947,73
62,features.6,13,pruned_before,nan,0.000000e+00,0.000000e+00,0.0000,0.0000,0
62,features.6,14,pruned_before,nan,0.000000e+00,0.000000e+00,0.0000,0.0000,0
62,features.6,15,pruned_before,nan,0.000000e+00,0.000000e+00,0.0000,0.0000,0
62,features.6,16,pruned_before,nan,0.000000e+00,0.000000e+00,0.0000,0.0000,0
62,features.6,17,pruned_before,nan,0.000000e+00,0.000000e+00,0.0000,0.0000,0
62,features.6,18,pruned_before,nan,0.000000e+00,0.000000e+00,0.0000,0.0000,0
62,features.6,19,active,0.105263,1.692038e-08,6.819836e-05,0.4737,0.6842,73
62,features.6,20,pruned_before,nan,0.000000e+00,0.000000e+00,0.0000,0.0000,0
62,features.6,21,active,0.026316,2.774076e-09,5.583552e-06,0.0526,0.1053,73
62,features.6,22,pruned_before,nan,0.000000e+00,0.000000e+00,0.0000,0.0000,0
62,features.6,23,pruned_before,nan,0.000000e+00,0.000000e+00,0.0000,0.0000,0
62,features.6,24,pruned_before,nan,0.000000e+00,0.000000e+00,0.0000,0.0000,0
62,features.6,25,pruned_before,nan,0.000000e+00,0.000000e+00,0.0000,0.0000,0
62,features.6,26,pruned_before,nan,0.000000e+00,0.000000e+00,0.0000,0.0000,0
62,features.6,27,pruned_before,nan,0.000000e+00,0.000000e+00,0.0000,0.0000,0
62,features.6,28,pruned_before,nan,0.000000e+00,0.000000e+00,0.0000,0.0000,0
62,features.6,29,pruned_before,nan,0.000000e+00,0.000000e+00,0.0000,0.0000,0
62,features.6,30,pruned_before,nan,0.000000e+00,0.000000e+00,0.0000,0.0000,0
62,features.6,31,active,0.052632,1.260479e-08,4.449279e-05,0.3158,0.4211,73
62,features.6,32,pruned_before,nan,0.000000e+00,0.000000e+00,0.0000,0.0000,0
62,features.6,33,pruned_before,nan,0.000000e+00,0.000000e+00,0.0000,0.0000,0
62,features.6,34,pruned_before,nan,0.000000e+00,0.000000e+00,0.0000,0.0000,0
62,features.6,35,pruned_before,nan,0.000000e+00,0.000000e+00,0.0000,0.0000,0
62,features.6,36,pruned_before,nan,0.000000e+00,0.000000e+00,0.0000,0.0000,0
62,features.6,37,pruned_before,nan,0.000000e+00,0.000000e+00,0.0000,0.0000,0
62,features.6,38,pruned_before,nan,0.000000e+00,0.000000e+00,0.0000,0.0000,0
62,features.6,39,pruned_before,nan,0.000000e+00,0.000000e+00,0.0000,0.0000,0
62,features.6,40,pruned_before,nan,0.000000e+00,0.000000e+00,0.0000,0.0000,0
62,features.6,41,pruned_before,nan,0.000000e+00,0.000000e+00,0.0000,0.0000,0
62,features.6,42,pruned_before,nan,0.000000e+00,0.000000e+00,0.0000,0.0000,0
62,features.6,43,active,0.105263,1.399941e-08,6.169795e-05,0.3684,0.5789,73
62,features.6,44,pruned_before,nan,0.000000e+00,0.000000e+00,0.0000,0.0000,0
62,features.6,45,pruned_before,nan,0.000000e+00,0.000000e+00,0.0000,0.0000,0
62,features.6,46,active,0.289474,9.979590e-09,1.274514e-04,0.2632,0.8421,73
62,features.6,47,pruned_before,nan,0.000000e+00,0.000000e+00,0.0000,0.0000,0
62,features.6,48,pruned_before,nan,0.000000e+00,0.000000e+00,0.0000,0.0000,0
62,features.6,49,pruned_before,nan,0.000000e+00,0.000000e+00,0.0000,0.0000,0
62,features.6,50,pruned_before,nan,0.000000e+00,0.000000e+00,0.0000,0.0000,0
62,features.6,51,pruned_before,nan,0.000000e+00,0.000000e+00,0.0000,0.0000,0
62,features.6,52,pruned_before,nan,0.000000e+00,0.000000e+00,0.0000,0.0000,0
62,features.6,53,pruned_before,nan,0.000000e+00,0.000000e+00,0.0000,0.0000,0
62,features.6,54,pruned_before,nan,0.000000e+00,0.000000e+00,0.0000,0.0000,0
62,features.6,55,pruned_before,nan,0.000000e+00,0.000000e+00,0.0000,0.0000,0
62,features.6,56,pruned_before,nan,0.000000e+00,0.000000e+00,0.0000,0.0000,0
62,features.6,57,pruned_before,nan,0.000000e+00,0.000000e+00,0.0000,0.0000,0
62,features.6,58,pruned_before,nan,0.000000e+00,0.000000e+00,0.0000,0.0000,0
62,features.6,59,pruned_before,nan,0.000000e+00,0.000000e+00,0.0000,0.0000,0
62,features.6,60,pruned_before,nan,0.000000e+00,0.000000e+00,0.0000,0.0000,0
62,features.6,61,pruned_before,nan,0.000000e+00,0.000000e+00,0.0000,0.0000,0
62,features.6,62,pruned_before,nan,0.000000e+00,0.000000e+00,0.0000,0.0000,0
62,features.6,63,pruned_before,nan,0.000000e+00,0.000000e+00,0.0000,0.0000,0
62,features.6,64,pruned_before,nan,0.000000e+00,0.000000e+00,0.0000,0.0000,0
62,features.6,65,pruned_before,nan,0.000000e+00,0.000000e+00,0.0000,0.0000,0
62,features.6,66,pruned_before,nan,0.000000e+00,0.000000e+00,0.0000,0.0000,0
62,features.6,67,pruned_before,nan,0.000000e+00,0.000000e+00,0.0000,0.0000,0
62,features.6,68,pruned_before,nan,0.000000e+00,0.000000e+00,0.0000,0.0000,0
62,features.6,69,pruned_before,nan,0.000000e+00,0.000000e+00,0.0000,0.0000,0
62,features.6,70,pruned_before,nan,0.000000e+00,0.000000e+00,0.0000,0.0000,0
62,features.6,71,pruned_before,nan,0.000000e+00,0.000000e+00,0.0000,0.0000,0
62,features.6,72,pruned_before,nan,0.000000e+00,0.000000e+00,0.0000,0.0000,0
62,features.6,73,pruned_before,nan,0.000000e+00,0.000000e+00,0.0000,0.0000,0
62,features.6,74,pruned_before,nan,0.000000e+00,0.000000e+00,0.0000,0.0000,0
62,features.6,75,pruned_before,nan,0.000000e+00,0.000000e+00,0.0000,0.0000,0
62,features.6,76,pruned_before,nan,0.000000e+00,0.000000e+00,0.0000,0.0000,0
62,features.6,77,pruned_before,nan,0.000000e+00,0.000000e+00,0.0000,0.0000,0
62,features.6,78,pruned_before,nan,0.000000e+00,0.000000e+00,0.0000,0.0000,0
62,features.6,79,active,-0.157895,3.271169e-08,3.934075e-05,0.6316,0.3158,73
62,features.6,80,pruned_before,nan,0.000000e+00,0.000000e+00,0.0000,0.0000,0
62,features.6,81,pruned_before,nan,0.000000e+00,0.000000e+00,0.0000,0.0000,0
62,features.6,82,pruned_before,nan,0.000000e+00,0.000000e+00,0.0000,0.0000,0
62,features.6,83,pruned_before,nan,0.000000e+00,0.000000e+00,0.0000,0.0000,0
62,features.6,84,pruned_before,nan,0.000000e+00,0.000000e+00,0.0000,0.0000,0
62,features.6,85,pruned_before,nan,0.000000e+00,0.000000e+00,0.0000,0.0000,0
62,features.6,86,pruned_before,nan,0.000000e+00,0.000000e+00,0.0000,0.0000,0
62,features.6,87,active,0.000000,7.258659e-09,1.921293e-05,0.1579,0.1579,73
62,features.6,88,pruned_before,nan,0.000000e+00,0.000000e+00,0.0000,0.0000,0
62,features.6,89,pruned_before,nan,0.000000e+00,0.000000e+00,0.0000,0.0000,0
62,features.6,90,pruned_before,nan,0.000000e+00,0.000000e+00,0.0000,0.0000,0
62,features.6,91,pruned_before,nan,0.000000e+00,0.000000e+00,0.0000,0.0000,0
62,features.6,92,pruned_before,nan,0.000000e+00,0.000000e+00,0.0000,0.0000,0
62,features.6,93,pruned_before,nan,0.000000e+00,0.000000e+00,0.0000,0.0000,0
62,features.6,94,pruned_before,nan,0.000000e+00,0.000000e+00,0.0000,0.0000,0
62,features.6,95,pruned_before,nan,0.000000e+00,0.000000e+00,0.0000,0.0000,0
62,features.6,96,pruned_before,nan,0.000000e+00,0.000000e+00,0.0000,0.0000,0
62,features.6,97,pruned_before,nan,0.000000e+00,0.000000e+00,0.0000,0.0000,0
62,features.6,98,pruned_before,nan,0.000000e+00,0.000000e+00,0.0000,0.0000,0
62,features.6,99,pruned_before,nan,0.000000e+00,0.000000e+00,0.0000,0.0000,0
62,features.6,100,pruned_before,nan,0.000000e+00,0.000000e+00,0.0000,0.0000,0
62,features.6,101,pruned_before,nan,0.000000e+00,0.000000e+00,0.0000,0.0000,0
62,features.6,102,pruned_before,nan,0.000000e+00,0.000000e+00,0.0000,0.0000,0
62,features.6,103,pruned_before,nan,0.000000e+00,0.000000e+00,0.0000,0.0000,0
62,features.6,104,pruned_before,nan,0.000000e+00,0.000000e+00,0.0000,0.0000,0
62,features.6,105,pruned_before,nan,0.000000e+00,0.000000e+00,0.0000,0.0000,0
62,features.6,106,pruned_before,nan,0.000000e+00,0.000000e+00,0.0000,0.0000,0
62,features.6,107,pruned_before,nan,0.000000e+00,0.000000e+00,0.0000,0.0000,0
62,features.6,108,pruned_before,nan,0.000000e+00,0.000000e+00,0.0000,0.0000,0
62,features.6,109,pruned_before,nan,0.000000e+00,0.000000e+00,0.0000,0.0000,0
62,features.6,110,pruned_before,nan,0.000000e+00,0.000000e+00,0.0000,0.0000,0
62,features.6,111,pruned_before,nan,0.000000e+00,0.000000e+00,0.0000,0.0000,0
62,features.6,112,pruned_before,nan,0.000000e+00,0.000000e+00,0.0000,0.0000,0
62,features.6,113,pruned_before,nan,0.000000e+00,0.000000e+00,0.0000,0.0000,0
62,features.6,114,pruned_before,nan,0.000000e+00,0.000000e+00,0.0000,0.0000,0
62,features.6,115,active,-0.052632,2.313755e-08,4.670447e-05,0.5789,0.4737,73
62,features.6,116,pruned_before,nan,0.000000e+00,0.000000e+00,0.0000,0.0000,0
62,features.6,117,pruned_before,nan,0.000000e+00,0.000000e+00,0.0000,0.0000,0
62,features.6,118,pruned_before,nan,0.000000e+00,0.000000e+00,0.0000,0.0000,0
62,features.6,119,active,0.000000,2.012661e-07,3.063180e-04,0.9474,0.9474,73
62,features.6,120,pruned_before,nan,0.000000e+00,0.000000e+00,0.0000,0.0000,0
62,features.6,121,pruned_before,nan,0.000000e+00,0.000000e+00,0.0000,0.0000,0
62,features.6,122,pruned_before,nan,0.000000e+00,0.000000e+00,0.0000,0.0000,0
62,features.6,123,active,-0.026316,3.332541e-08,6.414053e-05,0.6842,0.6316,73
62,features.6,124,pruned_before,nan,0.000000e+00,0.000000e+00,0.0000,0.0000,0
62,features.6,125,active,0.052632,5.247895e-09,2.760660e-05,0.1053,0.2105,73
62,features.6,126,pruned_before,nan,0.000000e+00,0.000000e+00,0.0000,0.0000,0
62,features.6,127,active,-0.131579,4.907064e-08,5.248405e-05,0.7895,0.5263,73
62,features.6,128,pruned_before,nan,0.000000e+00,0.000000e+00,0.0000,0.0000,0
62,features.6,129,pruned_before,nan,0.000000e+00,0.000000e+00,0.0000,0.0000,0
62,features.6,130,active,0.026316,3.752932e-08,7.995323e-05,0.7368,0.7895,73
62,features.6,131,pruned_before,nan,0.000000e+00,0.000000e+00,0.0000,0.0000,0
62,features.6,132,pruned_before,nan,0.000000e+00,0.000000e+00,0.0000,0.0000,0
62,features.6,133,pruned_before,nan,0.000000e+00,0.000000e+00,0.0000,0.0000,0
62,features.6,134,pruned_before,nan,0.000000e+00,0.000000e+00,0.0000,0.0000,0
62,features.6,135,pruned_before,nan,0.000000e+00,0.000000e+00,0.0000,0.0000,0
62,features.6,136,pruned_before,nan,0.000000e+00,0.000000e+00,0.0000,0.0000,0
62,features.6,137,pruned_before,nan,0.000000e+00,0.000000e+00,0.0000,0.0000,0
62,features.6,138,active,-0.052632,5.085410e-08,7.211185e-05,0.8421,0.7368,73
62,features.6,139,pruned_before,nan,0.000000e+00,0.000000e+00,0.0000,0.0000,0
62,features.6,140,pruned_before,nan,0.000000e+00,0.000000e+00,0.0000,0.0000,0
62,features.6,141,pruned_before,nan,0.000000e+00,0.000000e+00,0.0000,0.0000,0
62,features.6,142,pruned_before,nan,0.000000e+00,0.000000e+00,0.0000,0.0000,0
62,features.6,143,pruned_before,nan,0.000000e+00,0.000000e+00,0.0000,0.0000,0
62,features.6,144,pruned_before,nan,0.000000e+00,0.000000e+00,0.0000,0.0000,0
62,features.6,145,pruned_before,nan,0.000000e+00,0.000000e+00,0.0000,0.0000,0
62,features.6,146,pruned_before,nan,0.000000e+00,0.000000e+00,0.0000,0.0000,0
62,features.6,147,pruned_before,nan,0.000000e+00,0.000000e+00,0.0000,0.0000,0
62,features.6,148,pruned_before,nan,0.000000e+00,0.000000e+00,0.0000,0.0000,0
62,features.6,149,pruned_before,nan,0.000000e+00,0.000000e+00,0.0000,0.0000,0
62,features.6,150,pruned_before,nan,0.000000e+00,0.000000e+00,0.0000,0.0000,0
62,features.6,151,pruned_before,nan,0.000000e+00,0.000000e+00,0.0000,0.0000,0
62,features.6,152,pruned_before,nan,0.000000e+00,0.000000e+00,0.0000,0.0000,0
62,features.6,153,pruned_before,nan,0.000000e+00,0.000000e+00,0.0000,0.0000,0
62,features.6,154,pruned_before,nan,0.000000e+00,0.000000e+00,0.0000,0.0000,0
62,features.6,155,pruned_before,nan,0.000000e+00,0.000000e+00,0.0000,0.0000,0
62,features.6,156,pruned_before,nan,0.000000e+00,0.000000e+00,0.0000,0.0000,0
62,features.6,157,pruned_before,nan,0.000000e+00,0.000000e+00,0.0000,0.0000,0
62,features.6,158,active,-0.078947,7.829730e-09,5.220092e-06,0.2105,0.0526,73
62,features.6,159,pruned_before,nan,0.000000e+00,0.000000e+00,0.0000,0.0000,0
62,features.6,160,pruned_before,nan,0.000000e+00,0.000000e+00,0.0000,0.0000,0
62,features.6,161,pruned_before,nan,0.000000e+00,0.000000e+00,0.0000,0.0000,0
62,features.6,162,pruned_before,nan,0.000000e+00,0.000000e+00,0.0000,0.0000,0
62,features.6,163,pruned_before,nan,0.000000e+00,0.000000e+00,0.0000,0.0000,0
62,features.6,164,pruned_before,nan,0.000000e+00,0.000000e+00,0.0000,0.0000,0
62,features.6,165,active,-0.026316,1.641233e-08,4.247020e-05,0.4211,0.3684,73
62,features.6,166,pruned_before,nan,0.000000e+00,0.000000e+00,0.0000,0.0000,0
62,features.6,167,pruned_before,nan,0.000000e+00,0.000000e+00,0.0000,0.0000,0
62,features.6,168,pruned_before,nan,0.000000e+00,0.000000e+00,0.0000,0.0000,0
62,features.6,169,pruned_before,nan,0.000000e+00,0.000000e+00,0.0000,0.0000,0
62,features.6,170,pruned_before,nan,0.000000e+00,0.000000e+00,0.0000,0.0000,0
62,features.6,171,pruned_before,nan,0.000000e+00,0.000000e+00,0.0000,0.0000,0
62,features.6,172,pruned_before,nan,0.000000e+00,0.000000e+00,0.0000,0.0000,0
62,features.6,173,pruned_before,nan,0.000000e+00,0.000000e+00,0.0000,0.0000,0
62,features.6,174,pruned_before,nan,0.000000e+00,0.000000e+00,0.0000,0.0000,0
62,features.6,175,pruned_before,nan,0.000000e+00,0.000000e+00,0.0000,0.0000,0
62,features.6,176,pruned_before,nan,0.000000e+00,0.000000e+00,0.0000,0.0000,0
62,features.6,177,pruned_before,nan,0.000000e+00,0.000000e+00,0.0000,0.0000,0
62,features.6,178,pruned_before,nan,0.000000e+00,0.000000e+00,0.0000,0.0000,0
62,features.6,179,pruned_before,nan,0.000000e+00,0.000000e+00,0.0000,0.0000,0
62,features.6,180,pruned_before,nan,0.000000e+00,0.000000e+00,0.0000,0.0000,0
62,features.6,181,pruned_before,nan,0.000000e+00,0.000000e+00,0.0000,0.0000,0
62,features.6,182,pruned_before,nan,0.000000e+00,0.000000e+00,0.0000,0.0000,0
62,features.6,183,pruned_before,nan,0.000000e+00,0.000000e+00,0.0000,0.0000,0
62,features.6,184,pruned_before,nan,0.000000e+00,0.000000e+00,0.0000,0.0000,0
62,features.6,185,pruned_before,nan,0.000000e+00,0.000000e+00,0.0000,0.0000,0
62,features.6,186,pruned_before,nan,0.000000e+00,0.000000e+00,0.0000,0.0000,0
62,features.6,187,active,-0.131579,1.799027e-08,2.778832e-05,0.5263,0.2632,73
62,features.6,188,pruned_before,nan,0.000000e+00,0.000000e+00,0.0000,0.0000,0
62,features.6,189,pruned_before,nan,0.000000e+00,0.000000e+00,0.0000,0.0000,0
62,features.6,190,pruned_before,nan,0.000000e+00,0.000000e+00,0.0000,0.0000,0
62,features.6,191,pruned_before,nan,0.000000e+00,0.000000e+00,0.0000,0.0000,0
62,features.7,0,pruned_before,nan,0.000000e+00,0.000000e+00,0.0000,0.0000,0
62,features.7,1,pruned_before,nan,0.000000e+00,0.000000e+00,0.0000,0.0000,0
62,features.7,2,pruned_before,nan,0.000000e+00,0.000000e+00,0.0000,0.0000,0
62,features.7,3,pruned_before,nan,0.000000e+00,0.000000e+00,0.0000,0.0000,0
62,features.7,4,active,-0.043478,8.024621e-06,4.193671e-04,1.0000,0.9130,105
62,features.7,5,pruned_before,nan,0.000000e+00,0.000000e+00,0.0000,0.0000,0
62,features.7,6,pruned_before,nan,0.000000e+00,0.000000e+00,0.0000,0.0000,0
62,features.7,7,pruned_before,nan,0.000000e+00,0.000000e+00,0.0000,0.0000,0
62,features.7,8,pruned_before,nan,0.000000e+00,0.000000e+00,0.0000,0.0000,0
62,features.7,9,pruned_before,nan,0.000000e+00,0.000000e+00,0.0000,0.0000,0
62,features.7,10,pruned_before,nan,0.000000e+00,0.000000e+00,0.0000,0.0000,0
62,features.7,11,pruned_before,nan,0.000000e+00,0.000000e+00,0.0000,0.0000,0
62,features.7,12,pruned_before,nan,0.000000e+00,0.000000e+00,0.0000,0.0000,0
62,features.7,13,pruned_before,nan,0.000000e+00,0.000000e+00,0.0000,0.0000,0
62,features.7,14,pruned_before,nan,0.000000e+00,0.000000e+00,0.0000,0.0000,0
62,features.7,15,pruned_before,nan,0.000000e+00,0.000000e+00,0.0000,0.0000,0
62,features.7,16,pruned_before,nan,0.000000e+00,0.000000e+00,0.0000,0.0000,0
62,features.7,17,pruned_before,nan,0.000000e+00,0.000000e+00,0.0000,0.0000,0
62,features.7,18,pruned_before,nan,0.000000e+00,0.000000e+00,0.0000,0.0000,0
62,features.7,19,pruned_before,nan,0.000000e+00,0.000000e+00,0.0000,0.0000,0
62,features.7,20,pruned_before,nan,0.000000e+00,0.000000e+00,0.0000,0.0000,0
62,features.7,21,pruned_before,nan,0.000000e+00,0.000000e+00,0.0000,0.0000,0
62,features.7,22,pruned_before,nan,0.000000e+00,0.000000e+00,0.0000,0.0000,0
62,features.7,23,pruned_before,nan,0.000000e+00,0.000000e+00,0.0000,0.0000,0
62,features.7,24,pruned_before,nan,0.000000e+00,0.000000e+00,0.0000,0.0000,0
62,features.7,25,active,0.021739,4.686839e-08,1.982931e-05,0.0435,0.0870,105
62,features.7,26,pruned_before,nan,0.000000e+00,0.000000e+00,0.0000,0.0000,0
62,features.7,27,pruned_before,nan,0.000000e+00,0.000000e+00,0.0000,0.0000,0
62,features.7,28,pruned_before,nan,0.000000e+00,0.000000e+00,0.0000,0.0000,0
62,features.7,29,pruned_before,nan,0.000000e+00,0.000000e+00,0.0000,0.0000,0
62,features.7,30,pruned_before,nan,0.000000e+00,0.000000e+00,0.0000,0.0000,0
62,features.7,31,pruned_before,nan,0.000000e+00,0.000000e+00,0.0000,0.0000,0
62,features.7,32,pruned_before,nan,0.000000e+00,0.000000e+00,0.0000,0.0000,0
62,features.7,33,pruned_before,nan,0.000000e+00,0.000000e+00,0.0000,0.0000,0
62,features.7,34,pruned_before,nan,0.000000e+00,0.000000e+00,0.0000,0.0000,0
62,features.7,35,active,-0.043478,5.150835e-06,3.632412e-04,0.9565,0.8696,105
62,features.7,36,pruned_before,nan,0.000000e+00,0.000000e+00,0.0000,0.0000,0
62,features.7,37,pruned_before,nan,0.000000e+00,0.000000e+00,0.0000,0.0000,0
62,features.7,38,pruned_before,nan,0.000000e+00,0.000000e+00,0.0000,0.0000,0
62,features.7,39,pruned_before,nan,0.000000e+00,0.000000e+00,0.0000,0.0000,0
62,features.7,40,pruned_before,nan,0.000000e+00,0.000000e+00,0.0000,0.0000,0
62,features.7,41,active,-0.108696,7.692952e-07,3.386857e-05,0.3913,0.1739,105
62,features.7,42,pruned_before,nan,0.000000e+00,0.000000e+00,0.0000,0.0000,0
62,features.7,43,pruned_before,nan,0.000000e+00,0.000000e+00,0.0000,0.0000,0
62,features.7,44,pruned_before,nan,0.000000e+00,0.000000e+00,0.0000,0.0000,0
62,features.7,45,active,-0.086957,1.502160e-07,1.517650e-05,0.1739,0.0000,105
62,features.7,46,pruned_before,nan,0.000000e+00,0.000000e+00,0.0000,0.0000,0
62,features.7,47,pruned_before,nan,0.000000e+00,0.000000e+00,0.0000,0.0000,0
62,features.7,48,pruned_before,nan,0.000000e+00,0.000000e+00,0.0000,0.0000,0
62,features.7,49,active,0.043478,1.890251e-06,3.202257e-04,0.6957,0.7826,105
62,features.7,50,pruned_before,nan,0.000000e+00,0.000000e+00,0.0000,0.0000,0
62,features.7,51,pruned_before,nan,0.000000e+00,0.000000e+00,0.0000,0.0000,0
62,features.7,52,pruned_before,nan,0.000000e+00,0.000000e+00,0.0000,0.0000,0
62,features.7,53,active,0.000000,6.480701e-07,9.992989e-05,0.3478,0.3478,105
62,features.7,54,pruned_before,nan,0.000000e+00,0.000000e+00,0.0000,0.0000,0
62,features.7,55,pruned_before,nan,0.000000e+00,0.000000e+00,0.0000,0.0000,0
62,features.7,56,pruned_before,nan,0.000000e+00,0.000000e+00,0.0000,0.0000,0
62,features.7,57,pruned_before,nan,0.000000e+00,0.000000e+00,0.0000,0.0000,0
62,features.7,58,pruned_before,nan,0.000000e+00,0.000000e+00,0.0000,0.0000,0
62,features.7,59,pruned_before,nan,0.000000e+00,0.000000e+00,0.0000,0.0000,0
62,features.7,60,pruned_before,nan,0.000000e+00,0.000000e+00,0.0000,0.0000,0
62,features.7,61,active,0.043478,2.190450e-06,3.403855e-04,0.7391,0.8261,105
62,features.7,62,pruned_before,nan,0.000000e+00,0.000000e+00,0.0000,0.0000,0
62,features.7,63,pruned_before,nan,0.000000e+00,0.000000e+00,0.0000,0.0000,0
62,features.7,64,pruned_before,nan,0.000000e+00,0.000000e+00,0.0000,0.0000,0
62,features.7,65,pruned_before,nan,0.000000e+00,0.000000e+00,0.0000,0.0000,0
62,features.7,66,pruned_before,nan,0.000000e+00,0.000000e+00,0.0000,0.0000,0
62,features.7,67,pruned_before,nan,0.000000e+00,0.000000e+00,0.0000,0.0000,0
62,features.7,68,pruned_before,nan,0.000000e+00,0.000000e+00,0.0000,0.0000,0
62,features.7,69,pruned_before,nan,0.000000e+00,0.000000e+00,0.0000,0.0000,0
62,features.7,70,pruned_before,nan,0.000000e+00,0.000000e+00,0.0000,0.0000,0
62,features.7,71,pruned_before,nan,0.000000e+00,0.000000e+00,0.0000,0.0000,0
62,features.7,72,pruned_before,nan,0.000000e+00,0.000000e+00,0.0000,0.0000,0
62,features.7,73,pruned_before,nan,0.000000e+00,0.000000e+00,0.0000,0.0000,0
62,features.7,74,pruned_before,nan,0.000000e+00,0.000000e+00,0.0000,0.0000,0
62,features.7,75,pruned_before,nan,0.000000e+00,0.000000e+00,0.0000,0.0000,0
62,features.7,76,pruned_before,nan,0.000000e+00,0.000000e+00,0.0000,0.0000,0
62,features.7,77,active,0.021739,7.958138e-07,1.649875e-04,0.4348,0.4783,105
62,features.7,78,active,-0.043478,1.127224e-06,1.452472e-04,0.5217,0.4348,105
62,features.7,79,pruned_before,nan,0.000000e+00,0.000000e+00,0.0000,0.0000,0
62,features.7,80,pruned_before,nan,0.000000e+00,0.000000e+00,0.0000,0.0000,0
62,features.7,81,pruned_before,nan,0.000000e+00,0.000000e+00,0.0000,0.0000,0
62,features.7,82,pruned_before,nan,0.000000e+00,0.000000e+00,0.0000,0.0000,0
62,features.7,83,protected,0.108696,2.674257e-06,9.018453e-04,0.7826,1.0000,105
62,features.7,84,pruned_before,nan,0.000000e+00,0.000000e+00,0.0000,0.0000,0
62,features.7,85,active,0.130435,1.355446e-07,1.143178e-04,0.1304,0.3913,105
62,features.7,86,pruned_before,nan,0.000000e+00,0.000000e+00,0.0000,0.0000,0
62,features.7,87,pruned_before,nan,0.000000e+00,0.000000e+00,0.0000,0.0000,0
62,features.7,88,pruned_before,nan,0.000000e+00,0.000000e+00,0.0000,0.0000,0
62,features.7,89,pruned_before,nan,0.000000e+00,0.000000e+00,0.0000,0.0000,0
62,features.7,90,pruned_before,nan,0.000000e+00,0.000000e+00,0.0000,0.0000,0
62,features.7,91,pruned_before,nan,0.000000e+00,0.000000e+00,0.0000,0.0000,0
62,features.7,92,pruned_before,nan,0.000000e+00,0.000000e+00,0.0000,0.0000,0
62,features.7,93,pruned_before,nan,0.000000e+00,0.000000e+00,0.0000,0.0000,0
62,features.7,94,active,-0.021739,1.228582e-06,1.744810e-04,0.6087,0.5652,105
62,features.7,95,active,0.152174,3.105477e-08,8.582236e-05,0.0000,0.3043,105
62,features.7,96,pruned_before,nan,0.000000e+00,0.000000e+00,0.0000,0.0000,0
62,features.7,97,pruned_before,nan,0.000000e+00,0.000000e+00,0.0000,0.0000,0
62,features.7,98,pruned_before,nan,0.000000e+00,0.000000e+00,0.0000,0.0000,0
62,features.7,99,pruned_before,nan,0.000000e+00,0.000000e+00,0.0000,0.0000,0
62,features.7,100,pruned_before,nan,0.000000e+00,0.000000e+00,0.0000,0.0000,0
62,features.7,101,active,0.195652,1.221956e-06,4.694295e-04,0.5652,0.9565,105
62,features.7,102,pruned_before,nan,0.000000e+00,0.000000e+00,0.0000,0.0000,0
62,features.7,103,pruned_before,nan,0.000000e+00,0.000000e+00,0.0000,0.0000,0
62,features.7,104,pruned_before,nan,0.000000e+00,0.000000e+00,0.0000,0.0000,0
62,features.7,105,pruned_before,nan,0.000000e+00,0.000000e+00,0.0000,0.0000,0
62,features.7,106,pruned_before,nan,0.000000e+00,0.000000e+00,0.0000,0.0000,0
62,features.7,107,pruned_before,nan,0.000000e+00,0.000000e+00,0.0000,0.0000,0
62,features.7,108,pruned_before,nan,0.000000e+00,0.000000e+00,0.0000,0.0000,0
62,features.7,109,pruned_before,nan,0.000000e+00,0.000000e+00,0.0000,0.0000,0
62,features.7,110,pruned_before,nan,0.000000e+00,0.000000e+00,0.0000,0.0000,0
62,features.7,111,active,-0.108696,3.654971e-06,2.107726e-04,0.8696,0.6522,105
62,features.7,112,pruned_before,nan,0.000000e+00,0.000000e+00,0.0000,0.0000,0
62,features.7,113,pruned_before,nan,0.000000e+00,0.000000e+00,0.0000,0.0000,0
62,features.7,114,pruned_before,nan,0.000000e+00,0.000000e+00,0.0000,0.0000,0
62,features.7,115,pruned_before,nan,0.000000e+00,0.000000e+00,0.0000,0.0000,0
62,features.7,116,pruned_before,nan,0.000000e+00,0.000000e+00,0.0000,0.0000,0
62,features.7,117,pruned_before,nan,0.000000e+00,0.000000e+00,0.0000,0.0000,0
62,features.7,118,pruned_before,nan,0.000000e+00,0.000000e+00,0.0000,0.0000,0
62,features.7,119,pruned_before,nan,0.000000e+00,0.000000e+00,0.0000,0.0000,0
62,features.7,120,pruned_before,nan,0.000000e+00,0.000000e+00,0.0000,0.0000,0
62,features.7,121,pruned_before,nan,0.000000e+00,0.000000e+00,0.0000,0.0000,0
62,features.7,122,pruned_before,nan,0.000000e+00,0.000000e+00,0.0000,0.0000,0
62,features.7,123,pruned_before,nan,0.000000e+00,0.000000e+00,0.0000,0.0000,0
62,features.7,124,pruned_before,nan,0.000000e+00,0.000000e+00,0.0000,0.0000,0
62,features.7,125,active,-0.152174,3.556412e-06,1.700034e-04,0.8261,0.5217,105
62,features.7,126,pruned_before,nan,0.000000e+00,0.000000e+00,0.0000,0.0000,0
62,features.7,127,pruned_before,nan,0.000000e+00,0.000000e+00,0.0000,0.0000,0
62,features.7,128,pruned_before,nan,0.000000e+00,0.000000e+00,0.0000,0.0000,0
62,features.7,129,pruned_before,nan,0.000000e+00,0.000000e+00,0.0000,0.0000,0
62,features.7,130,pruned_before,nan,0.000000e+00,0.000000e+00,0.0000,0.0000,0
62,features.7,131,pruned_before,nan,0.000000e+00,0.000000e+00,0.0000,0.0000,0
62,features.7,132,pruned_before,nan,0.000000e+00,0.000000e+00,0.0000,0.0000,0
62,features.7,133,pruned_before,nan,0.000000e+00,0.000000e+00,0.0000,0.0000,0
62,features.7,134,pruned_before,nan,0.000000e+00,0.000000e+00,0.0000,0.0000,0
62,features.7,135,pruned_before,nan,0.000000e+00,0.000000e+00,0.0000,0.0000,0
62,features.7,136,pruned_before,nan,0.000000e+00,0.000000e+00,0.0000,0.0000,0
62,features.7,137,pruned_before,nan,0.000000e+00,0.000000e+00,0.0000,0.0000,0
62,features.7,138,pruned_before,nan,0.000000e+00,0.000000e+00,0.0000,0.0000,0
62,features.7,139,active,-0.130435,5.941178e-07,1.930568e-05,0.3043,0.0435,105
62,features.7,140,pruned_before,nan,0.000000e+00,0.000000e+00,0.0000,0.0000,0
62,features.7,141,active,-0.173913,9.794476e-07,2.825508e-05,0.4783,0.1304,105
62,features.7,142,active,0.021739,2.786091e-07,3.794738e-05,0.2174,0.2609,105
62,features.7,143,pruned_before,nan,0.000000e+00,0.000000e+00,0.0000,0.0000,0
62,features.7,144,pruned_before,nan,0.000000e+00,0.000000e+00,0.0000,0.0000,0
62,features.7,145,pruned_before,nan,0.000000e+00,0.000000e+00,0.0000,0.0000,0
62,features.7,146,pruned_before,nan,0.000000e+00,0.000000e+00,0.0000,0.0000,0
62,features.7,147,pruned_before,nan,0.000000e+00,0.000000e+00,0.0000,0.0000,0
62,features.7,148,pruned_before,nan,0.000000e+00,0.000000e+00,0.0000,0.0000,0
62,features.7,149,pruned_before,nan,0.000000e+00,0.000000e+00,0.0000,0.0000,0
62,features.7,150,pruned_before,nan,0.000000e+00,0.000000e+00,0.0000,0.0000,0
62,features.7,151,pruned_before,nan,0.000000e+00,0.000000e+00,0.0000,0.0000,0
62,features.7,152,pruned_before,nan,0.000000e+00,0.000000e+00,0.0000,0.0000,0
62,features.7,153,pruned_before,nan,0.000000e+00,0.000000e+00,0.0000,0.0000,0
62,features.7,154,pruned_before,nan,0.000000e+00,0.000000e+00,0.0000,0.0000,0
62,features.7,155,pruned_before,nan,0.000000e+00,0.000000e+00,0.0000,0.0000,0
62,features.7,156,active,0.304348,7.652248e-08,2.354480e-04,0.0870,0.6957,105
62,features.7,157,pruned_before,nan,0.000000e+00,0.000000e+00,0.0000,0.0000,0
62,features.7,158,pruned_before,nan,0.000000e+00,0.000000e+00,0.0000,0.0000,0
62,features.7,159,active,-0.086957,4.407344e-06,2.930136e-04,0.9130,0.7391,105
62,features.7,160,pruned_before,nan,0.000000e+00,0.000000e+00,0.0000,0.0000,0
62,features.7,161,pruned_before,nan,0.000000e+00,0.000000e+00,0.0000,0.0000,0
62,features.7,162,pruned_before,nan,0.000000e+00,0.000000e+00,0.0000,0.0000,0
62,features.7,163,pruned_before,nan,0.000000e+00,0.000000e+00,0.0000,0.0000,0
62,features.7,164,pruned_before,nan,0.000000e+00,0.000000e+00,0.0000,0.0000,0
62,features.7,165,pruned_before,nan,0.000000e+00,0.000000e+00,0.0000,0.0000,0
62,features.7,166,pruned_before,nan,0.000000e+00,0.000000e+00,0.0000,0.0000,0
62,features.7,167,pruned_before,nan,0.000000e+00,0.000000e+00,0.0000,0.0000,0
62,features.7,168,pruned_before,nan,0.000000e+00,0.000000e+00,0.0000,0.0000,0
62,features.7,169,pruned_before,nan,0.000000e+00,0.000000e+00,0.0000,0.0000,0
62,features.7,170,pruned_before,nan,0.000000e+00,0.000000e+00,0.0000,0.0000,0
62,features.7,171,pruned_before,nan,0.000000e+00,0.000000e+00,0.0000,0.0000,0
62,features.7,172,pruned_before,nan,0.000000e+00,0.000000e+00,0.0000,0.0000,0
62,features.7,173,pruned_before,nan,0.000000e+00,0.000000e+00,0.0000,0.0000,0
62,features.7,174,pruned_before,nan,0.000000e+00,0.000000e+00,0.0000,0.0000,0
62,features.7,175,pruned_before,nan,0.000000e+00,0.000000e+00,0.0000,0.0000,0
62,features.7,176,pruned_before,nan,0.000000e+00,0.000000e+00,0.0000,0.0000,0
62,features.7,177,pruned_before,nan,0.000000e+00,0.000000e+00,0.0000,0.0000,0
62,features.7,178,pruned_before,nan,0.000000e+00,0.000000e+00,0.0000,0.0000,0
62,features.7,179,pruned_before,nan,0.000000e+00,0.000000e+00,0.0000,0.0000,0
62,features.7,180,pruned_before,nan,0.000000e+00,0.000000e+00,0.0000,0.0000,0
62,features.7,181,pruned_before,nan,0.000000e+00,0.000000e+00,0.0000,0.0000,0
62,features.7,182,pruned_before,nan,0.000000e+00,0.000000e+00,0.0000,0.0000,0
62,features.7,183,pruned_before,nan,0.000000e+00,0.000000e+00,0.0000,0.0000,0
62,features.7,184,pruned_before,nan,0.000000e+00,0.000000e+00,0.0000,0.0000,0
62,features.7,185,pruned_before,nan,0.000000e+00,0.000000e+00,0.0000,0.0000,0
62,features.7,186,pruned_before,nan,0.000000e+00,0.000000e+00,0.0000,0.0000,0
62,features.7,187,active,-0.021739,3.259629e-07,3.576528e-05,0.2609,0.2174,105
62,features.7,188,pruned_before,nan,0.000000e+00,0.000000e+00,0.0000,0.0000,0
62,features.7,189,pruned_before,nan,0.000000e+00,0.000000e+00,0.0000,0.0000,0
62,features.7,190,active,-0.021739,1.777918e-06,1.923777e-04,0.6522,0.6087,105
62,features.7,191,pruned_before,nan,0.000000e+00,0.000000e+00,0.0000,0.0000,0
62,features.8,0,active,0.010000,2.231177e-08,7.485094e-06,0.0800,0.1000,137
62,features.8,1,pruned_before,nan,0.000000e+00,0.000000e+00,0.0000,0.0000,0
62,features.8,2,pruned_before,nan,0.000000e+00,0.000000e+00,0.0000,0.0000,0
62,features.8,3,active,0.100000,4.245547e-08,2.505178e-05,0.2000,0.4000,137
62,features.8,4,active,-0.010000,6.739325e-08,2.427049e-05,0.3800,0.3600,137
62,features.8,5,pruned_before,nan,0.000000e+00,0.000000e+00,0.0000,0.0000,0
62,features.8,6,pruned_before,nan,0.000000e+00,0.000000e+00,0.0000,0.0000,0
62,features.8,7,pruned_before,nan,0.000000e+00,0.000000e+00,0.0000,0.0000,0
62,features.8,8,pruned_before,nan,0.000000e+00,0.000000e+00,0.0000,0.0000,0
62,features.8,9,pruned_before,nan,0.000000e+00,0.000000e+00,0.0000,0.0000,0
62,features.8,10,pruned_before,nan,0.000000e+00,0.000000e+00,0.0000,0.0000,0
62,features.8,11,pruned_before,nan,0.000000e+00,0.000000e+00,0.0000,0.0000,0
62,features.8,12,active,-0.100000,7.499687e-08,1.525896e-05,0.4400,0.2400,137
62,features.8,13,pruned_before,nan,0.000000e+00,0.000000e+00,0.0000,0.0000,0
62,features.8,14,pruned_before,nan,0.000000e+00,0.000000e+00,0.0000,0.0000,0
62,features.8,15,pruned_before,nan,0.000000e+00,0.000000e+00,0.0000,0.0000,0
62,features.8,16,pruned_before,nan,0.000000e+00,0.000000e+00,0.0000,0.0000,0
62,features.8,17,pruned_before,nan,0.000000e+00,0.000000e+00,0.0000,0.0000,0
62,features.8,18,active,-0.100000,5.961989e-08,1.230228e-05,0.3400,0.1400,137
62,features.8,19,pruned_before,nan,0.000000e+00,0.000000e+00,0.0000,0.0000,0
62,features.8,20,pruned_before,nan,0.000000e+00,0.000000e+00,0.0000,0.0000,0
62,features.8,21,pruned_before,nan,0.000000e+00,0.000000e+00,0.0000,0.0000,0
62,features.8,22,pruned_before,nan,0.000000e+00,0.000000e+00,0.0000,0.0000,0
62,features.8,23,pruned_before,nan,0.000000e+00,0.000000e+00,0.0000,0.0000,0
62,features.8,24,pruned_before,nan,0.000000e+00,0.000000e+00,0.0000,0.0000,0
62,features.8,25,pruned_before,nan,0.000000e+00,0.000000e+00,0.0000,0.0000,0
62,features.8,26,pruned_before,nan,0.000000e+00,0.000000e+00,0.0000,0.0000,0
62,features.8,27,active,-0.050000,1.373904e-07,4.109251e-05,0.7000,0.6000,137
62,features.8,28,pruned_before,nan,0.000000e+00,0.000000e+00,0.0000,0.0000,0
62,features.8,29,pruned_before,nan,0.000000e+00,0.000000e+00,0.0000,0.0000,0
62,features.8,30,active,0.180000,4.881255e-08,4.372704e-05,0.2800,0.6400,137
62,features.8,31,pruned_before,nan,0.000000e+00,0.000000e+00,0.0000,0.0000,0
62,features.8,32,pruned_before,nan,0.000000e+00,0.000000e+00,0.0000,0.0000,0
62,features.8,33,pruned_before,nan,0.000000e+00,0.000000e+00,0.0000,0.0000,0
62,features.8,34,pruned_before,nan,0.000000e+00,0.000000e+00,0.0000,0.0000,0
62,features.8,35,pruned_before,nan,0.000000e+00,0.000000e+00,0.0000,0.0000,0
62,features.8,36,pruned_before,nan,0.000000e+00,0.000000e+00,0.0000,0.0000,0
62,features.8,37,pruned_before,nan,0.000000e+00,0.000000e+00,0.0000,0.0000,0
62,features.8,38,active,-0.050000,1.302260e-07,4.109044e-05,0.6800,0.5800,137
62,features.8,39,pruned_before,nan,0.000000e+00,0.000000e+00,0.0000,0.0000,0
62,features.8,40,pruned_before,nan,0.000000e+00,0.000000e+00,0.0000,0.0000,0
62,features.8,41,active,0.060000,8.038397e-08,4.459691e-05,0.5400,0.6600,137
62,features.8,42,active,-0.130000,9.504780e-08,2.295242e-05,0.5800,0.3200,137
62,features.8,43,active,0.140000,1.067176e-07,1.095493e-04,0.6000,0.8800,137
62,features.8,44,pruned_before,nan,0.000000e+00,0.000000e+00,0.0000,0.0000,0
62,features.8,45,pruned_before,nan,0.000000e+00,0.000000e+00,0.0000,0.0000,0
62,features.8,46,pruned_before,nan,0.000000e+00,0.000000e+00,0.0000,0.0000,0
62,features.8,47,active,0.020000,4.518133e-09,5.437757e-06,0.0000,0.0400,137
62,features.8,48,pruned_before,nan,0.000000e+00,0.000000e+00,0.0000,0.0000,0
62,features.8,49,active,-0.120000,3.539724e-07,4.319125e-05,0.8600,0.6200,137
62,features.8,50,pruned_now,-0.280000,1.637626e-07,1.334670e-05,0.7400,0.1800,137
62,features.8,51,pruned_before,nan,0.000000e+00,0.000000e+00,0.0000,0.0000,0
62,features.8,52,pruned_before,nan,0.000000e+00,0.000000e+00,0.0000,0.0000,0
62,features.8,53,pruned_before,nan,0.000000e+00,0.000000e+00,0.0000,0.0000,0
62,features.8,54,pruned_before,nan,0.000000e+00,0.000000e+00,0.0000,0.0000,0
62,features.8,55,active,0.140000,2.585377e-08,2.427587e-05,0.1000,0.3800,137
62,features.8,56,pruned_before,nan,0.000000e+00,0.000000e+00,0.0000,0.0000,0
62,features.8,57,pruned_before,nan,0.000000e+00,0.000000e+00,0.0000,0.0000,0
62,features.8,58,pruned_before,nan,0.000000e+00,0.000000e+00,0.0000,0.0000,0
62,features.8,59,pruned_before,nan,0.000000e+00,0.000000e+00,0.0000,0.0000,0
62,features.8,60,pruned_before,nan,0.000000e+00,0.000000e+00,0.0000,0.0000,0
62,features.8,61,pruned_before,nan,0.000000e+00,0.000000e+00,0.0000,0.0000,0
62,features.8,62,pruned_before,nan,0.000000e+00,0.000000e+00,0.0000,0.0000,0
62,features.8,63,active,-0.030000,3.797363e-07,6.693334e-05,0.8800,0.8200,137
62,features.8,64,pruned_before,nan,0.000000e+00,0.000000e+00,0.0000,0.0000,0
62,features.8,65,pruned_before,nan,0.000000e+00,0.000000e+00,0.0000,0.0000,0
62,features.8,66,pruned_before,nan,0.000000e+00,0.000000e+00,0.0000,0.0000,0
62,features.8,67,pruned_before,nan,0.000000e+00,0.000000e+00,0.0000,0.0000,0
62,features.8,68,pruned_before,nan,0.000000e+00,0.000000e+00,0.0000,0.0000,0
62,features.8,69,pruned_before,nan,0.000000e+00,0.000000e+00,0.0000,0.0000,0
62,features.8,70,pruned_before,nan,0.000000e+00,0.000000e+00,0.0000,0.0000,0
62,features.8,71,pruned_before,nan,0.000000e+00,0.000000e+00,0.0000,0.0000,0
62,features.8,72,pruned_before,nan,0.000000e+00,0.000000e+00,0.0000,0.0000,0
62,features.8,73,pruned_before,nan,0.000000e+00,0.000000e+00,0.0000,0.0000,0
62,features.8,74,pruned_before,nan,0.000000e+00,0.000000e+00,0.0000,0.0000,0
62,features.8,75,active,-0.020000,7.839203e-07,2.424180e-04,0.9600,0.9200,137
62,features.8,76,pruned_before,nan,0.000000e+00,0.000000e+00,0.0000,0.0000,0
62,features.8,77,active,0.110000,7.611725e-08,4.468287e-05,0.4600,0.6800,137
62,features.8,78,pruned_before,nan,0.000000e+00,0.000000e+00,0.0000,0.0000,0
62,features.8,79,pruned_before,nan,0.000000e+00,0.000000e+00,0.0000,0.0000,0
62,features.8,80,pruned_before,nan,0.000000e+00,0.000000e+00,0.0000,0.0000,0
62,features.8,81,pruned_before,nan,0.000000e+00,0.000000e+00,0.0000,0.0000,0
62,features.8,82,pruned_before,nan,0.000000e+00,0.000000e+00,0.0000,0.0000,0
62,features.8,83,pruned_before,nan,0.000000e+00,0.000000e+00,0.0000,0.0000,0
62,features.8,84,active,-0.010000,9.225722e-09,5.172195e-06,0.0400,0.0200,137
62,features.8,85,pruned_before,nan,0.000000e+00,0.000000e+00,0.0000,0.0000,0
62,features.8,86,pruned_before,nan,0.000000e+00,0.000000e+00,0.0000,0.0000,0
62,features.8,87,pruned_before,nan,0.000000e+00,0.000000e+00,0.0000,0.0000,0
62,features.8,88,pruned_before,nan,0.000000e+00,0.000000e+00,0.0000,0.0000,0
62,features.8,89,pruned_before,nan,0.000000e+00,0.000000e+00,0.0000,0.0000,0
62,features.8,90,pruned_before,nan,0.000000e+00,0.000000e+00,0.0000,0.0000,0
62,features.8,91,pruned_before,nan,0.000000e+00,0.000000e+00,0.0000,0.0000,0
62,features.8,92,pruned_before,nan,0.000000e+00,0.000000e+00,0.0000,0.0000,0
62,features.8,93,pruned_before,nan,0.000000e+00,0.000000e+00,0.0000,0.0000,0
62,features.8,94,pruned_before,nan,0.000000e+00,0.000000e+00,0.0000,0.0000,0
62,features.8,95,pruned_before,nan,0.000000e+00,0.000000e+00,0.0000,0.0000,0
62,features.8,96,pruned_before,nan,0.000000e+00,0.000000e+00,0.0000,0.0000,0
62,features.8,97,pruned_before,nan,0.000000e+00,0.000000e+00,0.0000,0.0000,0
62,features.8,98,pruned_before,nan,0.000000e+00,0.000000e+00,0.0000,0.0000,0
62,features.8,99,pruned_before,nan,0.000000e+00,0.000000e+00,0.0000,0.0000,0
62,features.8,100,pruned_before,nan,0.000000e+00,0.000000e+00,0.0000,0.0000,0
62,features.8,101,pruned_before,nan,0.000000e+00,0.000000e+00,0.0000,0.0000,0
62,features.8,102,active,0.050000,2.787582e-08,1.505605e-05,0.1200,0.2200,137
62,features.8,103,pruned_before,nan,0.000000e+00,0.000000e+00,0.0000,0.0000,0
62,features.8,104,pruned_before,nan,0.000000e+00,0.000000e+00,0.0000,0.0000,0
62,features.8,105,active,0.050000,1.153258e-07,5.399909e-05,0.6400,0.7400,137
62,features.8,106,pruned_before,nan,0.000000e+00,0.000000e+00,0.0000,0.0000,0
62,features.8,107,pruned_before,nan,0.000000e+00,0.000000e+00,0.0000,0.0000,0
62,features.8,108,pruned_before,nan,0.000000e+00,0.000000e+00,0.0000,0.0000,0
62,features.8,109,pruned_before,nan,0.000000e+00,0.000000e+00,0.0000,0.0000,0
62,features.8,110,pruned_before,nan,0.000000e+00,0.000000e+00,0.0000,0.0000,0
62,features.8,111,pruned_before,nan,0.000000e+00,0.000000e+00,0.0000,0.0000,0
62,features.8,112,pruned_before,nan,0.000000e+00,0.000000e+00,0.0000,0.0000,0
62,features.8,113,active,0.030000,8.477079e-09,7.050382e-06,0.0200,0.0800,137
62,features.8,114,pruned_before,nan,0.000000e+00,0.000000e+00,0.0000,0.0000,0
62,features.8,115,pruned_before,nan,0.000000e+00,0.000000e+00,0.0000,0.0000,0
62,features.8,116,protected,0.050000,3.897241e-07,7.299389e-04,0.9000,1.0000,137
62,features.8,117,pruned_before,nan,0.000000e+00,0.000000e+00,0.0000,0.0000,0
62,features.8,118,pruned_before,nan,0.000000e+00,0.000000e+00,0.0000,0.0000,0
62,features.8,119,pruned_before,nan,0.000000e+00,0.000000e+00,0.0000,0.0000,0
62,features.8,120,pruned_before,nan,0.000000e+00,0.000000e+00,0.0000,0.0000,0
62,features.8,121,active,-0.070000,8.382708e-07,7.557127e-05,0.9800,0.8400,137
62,features.8,122,pruned_before,nan,0.000000e+00,0.000000e+00,0.0000,0.0000,0
62,features.8,123,pruned_before,nan,0.000000e+00,0.000000e+00,0.0000,0.0000,0
62,features.8,124,pruned_before,nan,0.000000e+00,0.000000e+00,0.0000,0.0000,0
62,features.8,125,pruned_before,nan,0.000000e+00,0.000000e+00,0.0000,0.0000,0
62,features.8,126,pruned_before,nan,0.000000e+00,0.000000e+00,0.0000,0.0000,0
62,features.8,127,pruned_before,nan,0.000000e+00,0.000000e+00,0.0000,0.0000,0
62,features.8,128,pruned_before,nan,0.000000e+00,0.000000e+00,0.0000,0.0000,0
62,features.8,129,pruned_before,nan,0.000000e+00,0.000000e+00,0.0000,0.0000,0
62,features.8,130,pruned_before,nan,0.000000e+00,0.000000e+00,0.0000,0.0000,0
62,features.8,131,pruned_before,nan,0.000000e+00,0.000000e+00,0.0000,0.0000,0
62,features.8,132,pruned_before,nan,0.000000e+00,0.000000e+00,0.0000,0.0000,0
62,features.8,133,pruned_before,nan,0.000000e+00,0.000000e+00,0.0000,0.0000,0
62,features.8,134,pruned_before,nan,0.000000e+00,0.000000e+00,0.0000,0.0000,0
62,features.8,135,pruned_before,nan,0.000000e+00,0.000000e+00,0.0000,0.0000,0
62,features.8,136,pruned_before,nan,0.000000e+00,0.000000e+00,0.0000,0.0000,0
62,features.8,137,pruned_before,nan,0.000000e+00,0.000000e+00,0.0000,0.0000,0
62,features.8,138,pruned_before,nan,0.000000e+00,0.000000e+00,0.0000,0.0000,0
62,features.8,139,pruned_before,nan,0.000000e+00,0.000000e+00,0.0000,0.0000,0
62,features.8,140,active,0.080000,5.457135e-08,3.394757e-05,0.3200,0.4800,137
62,features.8,141,pruned_before,nan,0.000000e+00,0.000000e+00,0.0000,0.0000,0
62,features.8,142,pruned_before,nan,0.000000e+00,0.000000e+00,0.0000,0.0000,0
62,features.8,143,pruned_before,nan,0.000000e+00,0.000000e+00,0.0000,0.0000,0
62,features.8,144,pruned_before,nan,0.000000e+00,0.000000e+00,0.0000,0.0000,0
62,features.8,145,pruned_before,nan,0.000000e+00,0.000000e+00,0.0000,0.0000,0
62,features.8,146,pruned_before,nan,0.000000e+00,0.000000e+00,0.0000,0.0000,0
62,features.8,147,pruned_before,nan,0.000000e+00,0.000000e+00,0.0000,0.0000,0
62,features.8,148,pruned_before,nan,0.000000e+00,0.000000e+00,0.0000,0.0000,0
62,features.8,149,pruned_before,nan,0.000000e+00,0.000000e+00,0.0000,0.0000,0
62,features.8,150,pruned_before,nan,0.000000e+00,0.000000e+00,0.0000,0.0000,0
62,features.8,151,pruned_before,nan,0.000000e+00,0.000000e+00,0.0000,0.0000,0
62,features.8,152,active,-0.010000,3.676651e-08,1.318099e-05,0.1800,0.1600,137
62,features.8,153,pruned_before,nan,0.000000e+00,0.000000e+00,0.0000,0.0000,0
62,features.8,154,pruned_before,nan,0.000000e+00,0.000000e+00,0.0000,0.0000,0
62,features.8,155,pruned_before,nan,0.000000e+00,0.000000e+00,0.0000,0.0000,0
62,features.8,156,pruned_before,nan,0.000000e+00,0.000000e+00,0.0000,0.0000,0
62,features.8,157,pruned_before,nan,0.000000e+00,0.000000e+00,0.0000,0.0000,0
62,features.8,158,pruned_before,nan,0.000000e+00,0.000000e+00,0.0000,0.0000,0
62,features.8,159,pruned_before,nan,0.000000e+00,0.000000e+00,0.0000,0.0000,0
62,features.8,160,pruned_before,nan,0.000000e+00,0.000000e+00,0.0000,0.0000,0
62,features.8,161,pruned_before,nan,0.000000e+00,0.000000e+00,0.0000,0.0000,0
62,features.8,162,pruned_before,nan,0.000000e+00,0.000000e+00,0.0000,0.0000,0
62,features.8,163,pruned_before,nan,0.000000e+00,0.000000e+00,0.0000,0.0000,0
62,features.8,164,pruned_before,nan,0.000000e+00,0.000000e+00,0.0000,0.0000,0
62,features.8,165,active,-0.110000,7.384828e-08,1.422452e-05,0.4200,0.2000,137
62,features.8,166,pruned_before,nan,0.000000e+00,0.000000e+00,0.0000,0.0000,0
62,features.8,167,active,-0.150000,1.863977e-07,2.954086e-05,0.7600,0.4600,137
62,features.8,168,pruned_before,nan,0.000000e+00,0.000000e+00,0.0000,0.0000,0
62,features.8,169,active,0.130000,3.352885e-08,2.560382e-05,0.1600,0.4200,137
62,features.8,170,pruned_before,nan,0.000000e+00,0.000000e+00,0.0000,0.0000,0
62,features.8,171,pruned_before,nan,0.000000e+00,0.000000e+00,0.0000,0.0000,0
62,features.8,172,pruned_before,nan,0.000000e+00,0.000000e+00,0.0000,0.0000,0
62,features.8,173,pruned_before,nan,0.000000e+00,0.000000e+00,0.0000,0.0000,0
62,features.8,174,pruned_before,nan,0.000000e+00,0.000000e+00,0.0000,0.0000,0
62,features.8,175,pruned_before,nan,0.000000e+00,0.000000e+00,0.0000,0.0000,0
62,features.8,176,pruned_before,nan,0.000000e+00,0.000000e+00,0.0000,0.0000,0
62,features.8,177,pruned_before,nan,0.000000e+00,0.000000e+00,0.0000,0.0000,0
62,features.8,178,pruned_before,nan,0.000000e+00,0.000000e+00,0.0000,0.0000,0
62,features.8,179,pruned_before,nan,0.000000e+00,0.000000e+00,0.0000,0.0000,0
62,features.8,180,pruned_before,nan,0.000000e+00,0.000000e+00,0.0000,0.0000,0
62,features.8,181,pruned_before,nan,0.000000e+00,0.000000e+00,0.0000,0.0000,0
62,features.8,182,pruned_before,nan,0.000000e+00,0.000000e+00,0.0000,0.0000,0
62,features.8,183,pruned_before,nan,0.000000e+00,0.000000e+00,0.0000,0.0000,0
62,features.8,184,pruned_before,nan,0.000000e+00,0.000000e+00,0.0000,0.0000,0
62,features.8,185,pruned_before,nan,0.000000e+00,0.000000e+00,0.0000,0.0000,0
62,features.8,186,pruned_before,nan,0.000000e+00,0.000000e+00,0.0000,0.0000,0
62,features.8,187,active,0.120000,1.089161e-07,9.774122e-05,0.6200,0.8600,137
62,features.8,188,pruned_before,nan,0.000000e+00,0.000000e+00,0.0000,0.0000,0
62,features.8,189,active,-0.030000,1.839803e-06,2.803875e-04,1.0000,0.9400,137
62,features.8,190,pruned_before,nan,0.000000e+00,0.000000e+00,0.0000,0.0000,0
62,features.8,191,pruned_before,nan,0.000000e+00,0.000000e+00,0.0000,0.0000,0
62,features.8,192,pruned_before,nan,0.000000e+00,0.000000e+00,0.0000,0.0000,0
62,features.8,193,pruned_before,nan,0.000000e+00,0.000000e+00,0.0000,0.0000,0
62,features.8,194,pruned_before,nan,0.000000e+00,0.000000e+00,0.0000,0.0000,0
62,features.8,195,pruned_before,nan,0.000000e+00,0.000000e+00,0.0000,0.0000,0
62,features.8,196,pruned_before,nan,0.000000e+00,0.000000e+00,0.0000,0.0000,0
62,features.8,197,pruned_before,nan,0.000000e+00,0.000000e+00,0.0000,0.0000,0
62,features.8,198,pruned_before,nan,0.000000e+00,0.000000e+00,0.0000,0.0000,0
62,features.8,199,pruned_before,nan,0.000000e+00,0.000000e+00,0.0000,0.0000,0
62,features.8,200,active,0.130000,4.636022e-08,3.530069e-05,0.2400,0.5000,137
62,features.8,201,pruned_before,nan,0.000000e+00,0.000000e+00,0.0000,0.0000,0
62,features.8,202,pruned_before,nan,0.000000e+00,0.000000e+00,0.0000,0.0000,0
62,features.8,203,pruned_before,nan,0.000000e+00,0.000000e+00,0.0000,0.0000,0
62,features.8,204,pruned_before,nan,0.000000e+00,0.000000e+00,0.0000,0.0000,0
62,features.8,205,pruned_before,nan,0.000000e+00,0.000000e+00,0.0000,0.0000,0
62,features.8,206,pruned_before,nan,0.000000e+00,0.000000e+00,0.0000,0.0000,0
62,features.8,207,pruned_before,nan,0.000000e+00,0.000000e+00,0.0000,0.0000,0
62,features.8,208,pruned_before,nan,0.000000e+00,0.000000e+00,0.0000,0.0000,0
62,features.8,209,pruned_before,nan,0.000000e+00,0.000000e+00,0.0000,0.0000,0
62,features.8,210,pruned_before,nan,0.000000e+00,0.000000e+00,0.0000,0.0000,0
62,features.8,211,pruned_before,nan,0.000000e+00,0.000000e+00,0.0000,0.0000,0
62,features.8,212,pruned_before,nan,0.000000e+00,0.000000e+00,0.0000,0.0000,0
62,features.8,213,pruned_before,nan,0.000000e+00,0.000000e+00,0.0000,0.0000,0
62,features.8,214,pruned_before,nan,0.000000e+00,0.000000e+00,0.0000,0.0000,0
62,features.8,215,pruned_before,nan,0.000000e+00,0.000000e+00,0.0000,0.0000,0
62,features.8,216,pruned_before,nan,0.000000e+00,0.000000e+00,0.0000,0.0000,0
62,features.8,217,pruned_before,nan,0.000000e+00,0.000000e+00,0.0000,0.0000,0
62,features.8,218,pruned_before,nan,0.000000e+00,0.000000e+00,0.0000,0.0000,0
62,features.8,219,active,0.030000,1.500249e-07,5.744765e-05,0.7200,0.7800,137
62,features.8,220,pruned_before,nan,0.000000e+00,0.000000e+00,0.0000,0.0000,0
62,features.8,221,pruned_before,nan,0.000000e+00,0.000000e+00,0.0000,0.0000,0
62,features.8,222,pruned_before,nan,0.000000e+00,0.000000e+00,0.0000,0.0000,0
62,features.8,223,pruned_before,nan,0.000000e+00,0.000000e+00,0.0000,0.0000,0
62,features.8,224,pruned_before,nan,0.000000e+00,0.000000e+00,0.0000,0.0000,0
62,features.8,225,pruned_before,nan,0.000000e+00,0.000000e+00,0.0000,0.0000,0
62,features.8,226,pruned_before,nan,0.000000e+00,0.000000e+00,0.0000,0.0000,0
62,features.8,227,pruned_before,nan,0.000000e+00,0.000000e+00,0.0000,0.0000,0
62,features.8,228,pruned_before,nan,0.000000e+00,0.000000e+00,0.0000,0.0000,0
62,features.8,229,active,-0.120000,6.310105e-08,1.153378e-05,0.3600,0.1200,137
62,features.8,230,pruned_before,nan,0.000000e+00,0.000000e+00,0.0000,0.0000,0
62,features.8,231,pruned_before,nan,0.000000e+00,0.000000e+00,0.0000,0.0000,0
62,features.8,232,active,0.250000,4.548040e-08,5.273674e-05,0.2200,0.7200,137
62,features.8,233,active,-0.100000,4.830455e-08,6.897465e-06,0.2600,0.0600,137
62,features.8,234,pruned_before,nan,0.000000e+00,0.000000e+00,0.0000,0.0000,0
62,features.8,235,active,0.060000,6.790193e-08,3.589379e-05,0.4000,0.5200,137
62,features.8,236,pruned_before,nan,0.000000e+00,0.000000e+00,0.0000,0.0000,0
62,features.8,237,active,-0.120000,2.067866e-07,3.671864e-05,0.7800,0.5400,137
62,features.8,238,pruned_before,nan,0.000000e+00,0.000000e+00,0.0000,0.0000,0
62,features.8,239,pruned_before,nan,0.000000e+00,0.000000e+00,0.0000,0.0000,0
62,features.8,240,pruned_before,nan,0.000000e+00,0.000000e+00,0.0000,0.0000,0
62,features.8,241,active,-0.070000,3.007862e-08,3.407835e-06,0.1400,0.0000,137
62,features.8,242,pruned_before,nan,0.000000e+00,0.000000e+00,0.0000,0.0000,0
62,features.8,243,pruned_before,nan,0.000000e+00,0.000000e+00,0.0000,0.0000,0
62,features.8,244,active,0.070000,5.443943e-08,2.938427e-05,0.3000,0.4400,137
62,features.8,245,pruned_before,nan,0.000000e+00,0.000000e+00,0.0000,0.0000,0
62,features.8,246,pruned_before,nan,0.000000e+00,0.000000e+00,0.0000,0.0000,0
62,features.8,247,pruned_before,nan,0.000000e+00,0.000000e+00,0.0000,0.0000,0
62,features.8,248,pruned_before,nan,0.000000e+00,0.000000e+00,0.0000,0.0000,0
62,features.8,249,pruned_before,nan,0.000000e+00,0.000000e+00,0.0000,0.0000,0
62,features.8,250,pruned_before,nan,0.000000e+00,0.000000e+00,0.0000,0.0000,0
62,features.8,251,pruned_before,nan,0.000000e+00,0.000000e+00,0.0000,0.0000,0
62,features.8,252,pruned_before,nan,0.000000e+00,0.000000e+00,0.0000,0.0000,0
62,features.8,253,pruned_before,nan,0.000000e+00,0.000000e+00,0.0000,0.0000,0
62,features.8,254,pruned_before,nan,0.000000e+00,0.000000e+00,0.0000,0.0000,0
62,features.8,255,pruned_before,nan,0.000000e+00,0.000000e+00,0.0000,0.0000,0
62,features.8,256,pruned_before,nan,0.000000e+00,0.000000e+00,0.0000,0.0000,0
62,features.8,257,pruned_before,nan,0.000000e+00,0.000000e+00,0.0000,0.0000,0
62,features.8,258,pruned_before,nan,0.000000e+00,0.000000e+00,0.0000,0.0000,0
62,features.8,259,pruned_before,nan,0.000000e+00,0.000000e+00,0.0000,0.0000,0
62,features.8,260,pruned_before,nan,0.000000e+00,0.000000e+00,0.0000,0.0000,0
62,features.8,261,pruned_before,nan,0.000000e+00,0.000000e+00,0.0000,0.0000,0
62,features.8,262,pruned_before,nan,0.000000e+00,0.000000e+00,0.0000,0.0000,0
62,features.8,263,pruned_before,nan,0.000000e+00,0.000000e+00,0.0000,0.0000,0
62,features.8,264,pruned_before,nan,0.000000e+00,0.000000e+00,0.0000,0.0000,0
62,features.8,265,active,-0.190000,1.278672e-07,2.032554e-05,0.6600,0.2800,137
62,features.8,266,pruned_before,nan,0.000000e+00,0.000000e+00,0.0000,0.0000,0
62,features.8,267,pruned_before,nan,0.000000e+00,0.000000e+00,0.0000,0.0000,0
62,features.8,268,pruned_before,nan,0.000000e+00,0.000000e+00,0.0000,0.0000,0
62,features.8,269,active,0.080000,2.094594e-07,2.922048e-04,0.8000,0.9600,137
62,features.8,270,pruned_before,nan,0.000000e+00,0.000000e+00,0.0000,0.0000,0
62,features.8,271,pruned_before,nan,0.000000e+00,0.000000e+00,0.0000,0.0000,0
62,features.8,272,pruned_before,nan,0.000000e+00,0.000000e+00,0.0000,0.0000,0
62,features.8,273,pruned_before,nan,0.000000e+00,0.000000e+00,0.0000,0.0000,0
62,features.8,274,pruned_before,nan,0.000000e+00,0.000000e+00,0.0000,0.0000,0
62,features.8,275,pruned_before,nan,0.000000e+00,0.000000e+00,0.0000,0.0000,0
62,features.8,276,pruned_before,nan,0.000000e+00,0.000000e+00,0.0000,0.0000,0
62,features.8,277,pruned_before,nan,0.000000e+00,0.000000e+00,0.0000,0.0000,0
62,features.8,278,pruned_before,nan,0.000000e+00,0.000000e+00,0.0000,0.0000,0
62,features.8,279,pruned_before,nan,0.000000e+00,0.000000e+00,0.0000,0.0000,0
62,features.8,280,pruned_before,nan,0.000000e+00,0.000000e+00,0.0000,0.0000,0
62,features.8,281,pruned_before,nan,0.000000e+00,0.000000e+00,0.0000,0.0000,0
62,features.8,282,pruned_before,nan,0.000000e+00,0.000000e+00,0.0000,0.0000,0
62,features.8,283,pruned_before,nan,0.000000e+00,0.000000e+00,0.0000,0.0000,0
62,features.8,284,pruned_before,nan,0.000000e+00,0.000000e+00,0.0000,0.0000,0
62,features.8,285,pruned_before,nan,0.000000e+00,0.000000e+00,0.0000,0.0000,0
62,features.8,286,pruned_before,nan,0.000000e+00,0.000000e+00,0.0000,0.0000,0
62,features.8,287,pruned_before,nan,0.000000e+00,0.000000e+00,0.0000,0.0000,0
62,features.8,288,pruned_before,nan,0.000000e+00,0.000000e+00,0.0000,0.0000,0
62,features.8,289,active,-0.110000,7.909838e-08,1.925658e-05,0.4800,0.2600,137
62,features.8,290,pruned_before,nan,0.000000e+00,0.000000e+00,0.0000,0.0000,0
62,features.8,291,pruned_before,nan,0.000000e+00,0.000000e+00,0.0000,0.0000,0
62,features.8,292,pruned_before,nan,0.000000e+00,0.000000e+00,0.0000,0.0000,0
62,features.8,293,pruned_before,nan,0.000000e+00,0.000000e+00,0.0000,0.0000,0
62,features.8,294,pruned_before,nan,0.000000e+00,0.000000e+00,0.0000,0.0000,0
62,features.8,295,pruned_before,nan,0.000000e+00,0.000000e+00,0.0000,0.0000,0
62,features.8,296,active,-0.080000,7.922291e-08,2.333988e-05,0.5000,0.3400,137
62,features.8,297,active,-0.190000,5.147091e-07,3.672554e-05,0.9400,0.5600,137
62,features.8,298,pruned_before,nan,0.000000e+00,0.000000e+00,0.0000,0.0000,0
62,features.8,299,pruned_before,nan,0.000000e+00,0.000000e+00,0.0000,0.0000,0
62,features.8,300,pruned_before,nan,0.000000e+00,0.000000e+00,0.0000,0.0000,0
62,features.8,301,pruned_before,nan,0.000000e+00,0.000000e+00,0.0000,0.0000,0
62,features.8,302,pruned_before,nan,0.000000e+00,0.000000e+00,0.0000,0.0000,0
62,features.8,303,pruned_before,nan,0.000000e+00,0.000000e+00,0.0000,0.0000,0
62,features.8,304,pruned_before,nan,0.000000e+00,0.000000e+00,0.0000,0.0000,0
62,features.8,305,pruned_before,nan,0.000000e+00,0.000000e+00,0.0000,0.0000,0
62,features.8,306,pruned_before,nan,0.000000e+00,0.000000e+00,0.0000,0.0000,0
62,features.8,307,active,0.170000,9.065352e-08,2.108254e-04,0.5600,0.9000,137
62,features.8,308,pruned_before,nan,0.000000e+00,0.000000e+00,0.0000,0.0000,0
62,features.8,309,pruned_before,nan,0.000000e+00,0.000000e+00,0.0000,0.0000,0
62,features.8,310,pruned_before,nan,0.000000e+00,0.000000e+00,0.0000,0.0000,0
62,features.8,311,pruned_before,nan,0.000000e+00,0.000000e+00,0.0000,0.0000,0
62,features.8,312,pruned_before,nan,0.000000e+00,0.000000e+00,0.0000,0.0000,0
62,features.8,313,pruned_before,nan,0.000000e+00,0.000000e+00,0.0000,0.0000,0
62,features.8,314,pruned_before,nan,0.000000e+00,0.000000e+00,0.0000,0.0000,0
62,features.8,315,pruned_before,nan,0.000000e+00,0.000000e+00,0.0000,0.0000,0
62,features.8,316,pruned_before,nan,0.000000e+00,0.000000e+00,0.0000,0.0000,0
62,features.8,317,pruned_before,nan,0.000000e+00,0.000000e+00,0.0000,0.0000,0
62,features.8,318,pruned_before,nan,0.000000e+00,0.000000e+00,0.0000,0.0000,0
62,features.8,319,pruned_before,nan,0.000000e+00,0.000000e+00,0.0000,0.0000,0
62,features.8,320,pruned_before,nan,0.000000e+00,0.000000e+00,0.0000,0.0000,0
62,features.8,321,pruned_before,nan,0.000000e+00,0.000000e+00,0.0000,0.0000,0
62,features.8,322,pruned_before,nan,0.000000e+00,0.000000e+00,0.0000,0.0000,0
62,features.8,323,pruned_before,nan,0.000000e+00,0.000000e+00,0.0000,0.0000,0
62,features.8,324,pruned_before,nan,0.000000e+00,0.000000e+00,0.0000,0.0000,0
62,features.8,325,pruned_before,nan,0.000000e+00,0.000000e+00,0.0000,0.0000,0
62,features.8,326,pruned_before,nan,0.000000e+00,0.000000e+00,0.0000,0.0000,0
62,features.8,327,active,0.070000,2.849051e-07,6.117552e-04,0.8400,0.9800,137
62,features.8,328,pruned_before,nan,0.000000e+00,0.000000e+00,0.0000,0.0000,0
62,features.8,329,pruned_before,nan,0.000000e+00,0.000000e+00,0.0000,0.0000,0
62,features.8,330,active,0.320000,1.794264e-08,4.951937e-05,0.0600,0.7000,137
62,features.8,331,pruned_before,nan,0.000000e+00,0.000000e+00,0.0000,0.0000,0
62,features.8,332,pruned_before,nan,0.000000e+00,0.000000e+00,0.0000,0.0000,0
62,features.8,333,pruned_before,nan,0.000000e+00,0.000000e+00,0.0000,0.0000,0
62,features.8,334,pruned_before,nan,0.000000e+00,0.000000e+00,0.0000,0.0000,0
62,features.8,335,pruned_before,nan,0.000000e+00,0.000000e+00,0.0000,0.0000,0
62,features.8,336,pruned_before,nan,0.000000e+00,0.000000e+00,0.0000,0.0000,0
62,features.8,337,pruned_before,nan,0.000000e+00,0.000000e+00,0.0000,0.0000,0
62,features.8,338,pruned_before,nan,0.000000e+00,0.000000e+00,0.0000,0.0000,0
62,features.8,339,pruned_before,nan,0.000000e+00,0.000000e+00,0.0000,0.0000,0
62,features.8,340,pruned_before,nan,0.000000e+00,0.000000e+00,0.0000,0.0000,0
62,features.8,341,pruned_before,nan,0.000000e+00,0.000000e+00,0.0000,0.0000,0
62,features.8,342,active,-0.080000,4.201044e-07,5.677910e-05,0.9200,0.7600,137
62,features.8,343,pruned_before,nan,0.000000e+00,0.000000e+00,0.0000,0.0000,0
62,features.8,344,pruned_before,nan,0.000000e+00,0.000000e+00,0.0000,0.0000,0
62,features.8,345,pruned_before,nan,0.000000e+00,0.000000e+00,0.0000,0.0000,0
62,features.8,346,pruned_before,nan,0.000000e+00,0.000000e+00,0.0000,0.0000,0
62,features.8,347,pruned_before,nan,0.000000e+00,0.000000e+00,0.0000,0.0000,0
62,features.8,348,pruned_before,nan,0.000000e+00,0.000000e+00,0.0000,0.0000,0
62,features.8,349,pruned_before,nan,0.000000e+00,0.000000e+00,0.0000,0.0000,0
62,features.8,350,pruned_before,nan,0.000000e+00,0.000000e+00,0.0000,0.0000,0
62,features.8,351,pruned_before,nan,0.000000e+00,0.000000e+00,0.0000,0.0000,0
62,features.8,352,pruned_before,nan,0.000000e+00,0.000000e+00,0.0000,0.0000,0
62,features.8,353,pruned_before,nan,0.000000e+00,0.000000e+00,0.0000,0.0000,0
62,features.8,354,pruned_before,nan,0.000000e+00,0.000000e+00,0.0000,0.0000,0
62,features.8,355,pruned_before,nan,0.000000e+00,0.000000e+00,0.0000,0.0000,0
62,features.8,356,pruned_before,nan,0.000000e+00,0.000000e+00,0.0000,0.0000,0
62,features.8,357,pruned_before,nan,0.000000e+00,0.000000e+00,0.0000,0.0000,0
62,features.8,358,pruned_before,nan,0.000000e+00,0.000000e+00,0.0000,0.0000,0
62,features.8,359,pruned_before,nan,0.000000e+00,0.000000e+00,0.0000,0.0000,0
62,features.8,360,pruned_before,nan,0.000000e+00,0.000000e+00,0.0000,0.0000,0
62,features.8,361,pruned_before,nan,0.000000e+00,0.000000e+00,0.0000,0.0000,0
62,features.8,362,pruned_before,nan,0.000000e+00,0.000000e+00,0.0000,0.0000,0
62,features.8,363,pruned_before,nan,0.000000e+00,0.000000e+00,0.0000,0.0000,0
62,features.8,364,pruned_before,nan,0.000000e+00,0.000000e+00,0.0000,0.0000,0
62,features.8,365,pruned_before,nan,0.000000e+00,0.000000e+00,0.0000,0.0000,0
62,features.8,366,pruned_before,nan,0.000000e+00,0.000000e+00,0.0000,0.0000,0
62,features.8,367,pruned_before,nan,0.000000e+00,0.000000e+00,0.0000,0.0000,0
62,features.8,368,pruned_before,nan,0.000000e+00,0.000000e+00,0.0000,0.0000,0
62,features.8,369,active,-0.110000,7.983561e-08,2.085017e-05,0.5200,0.3000,137
62,features.8,370,pruned_before,nan,0.000000e+00,0.000000e+00,0.0000,0.0000,0
62,features.8,371,pruned_before,nan,0.000000e+00,0.000000e+00,0.0000,0.0000,0
62,features.8,372,pruned_before,nan,0.000000e+00,0.000000e+00,0.0000,0.0000,0
62,features.8,373,pruned_before,nan,0.000000e+00,0.000000e+00,0.0000,0.0000,0
62,features.8,374,pruned_before,nan,0.000000e+00,0.000000e+00,0.0000,0.0000,0
62,features.8,375,active,-0.010000,2.582458e-07,6.012474e-05,0.8200,0.8000,137
62,features.8,376,pruned_before,nan,0.000000e+00,0.000000e+00,0.0000,0.0000,0
62,features.8,377,pruned_before,nan,0.000000e+00,0.000000e+00,0.0000,0.0000,0
62,features.8,378,pruned_before,nan,0.000000e+00,0.000000e+00,0.0000,0.0000,0
62,features.8,379,pruned_before,nan,0.000000e+00,0.000000e+00,0.0000,0.0000,0
62,features.8,380,pruned_before,nan,0.000000e+00,0.000000e+00,0.0000,0.0000,0
62,features.8,381,pruned_before,nan,0.000000e+00,0.000000e+00,0.0000,0.0000,0
62,features.8,382,pruned_before,nan,0.000000e+00,0.000000e+00,0.0000,0.0000,0
62,features.8,383,pruned_before,nan,0.000000e+00,0.000000e+00,0.0000,0.0000,0
62,features.9,0,pruned_before,nan,0.000000e+00,0.000000e+00,0.0000,0.0000,0
62,features.9,1,pruned_before,nan,0.000000e+00,0.000000e+00,0.0000,0.0000,0
62,features.9,2,pruned_before,nan,0.000000e+00,0.000000e+00,0.0000,0.0000,0
62,features.9,3,pruned_before,nan,0.000000e+00,0.000000e+00,0.0000,0.0000,0
62,features.9,4,pruned_before,nan,0.000000e+00,0.000000e+00,0.0000,0.0000,0
62,features.9,5,pruned_before,nan,0.000000e+00,0.000000e+00,0.0000,0.0000,0
62,features.9,6,pruned_before,nan,0.000000e+00,0.000000e+00,0.0000,0.0000,0
62,features.9,7,pruned_before,nan,0.000000e+00,0.000000e+00,0.0000,0.0000,0
62,features.9,8,pruned_before,nan,0.000000e+00,0.000000e+00,0.0000,0.0000,0
62,features.9,9,pruned_before,nan,0.000000e+00,0.000000e+00,0.0000,0.0000,0
62,features.9,10,active,-0.062500,9.447040e-08,1.471656e-05,0.5417,0.4167,137
62,features.9,11,active,-0.052083,4.810711e-08,6.547760e-06,0.2917,0.1875,137
62,features.9,12,pruned_before,nan,0.000000e+00,0.000000e+00,0.0000,0.0000,0
62,features.9,13,pruned_before,nan,0.000000e+00,0.000000e+00,0.0000,0.0000,0
62,features.9,14,active,0.041667,1.157941e-07,3.621170e-05,0.6042,0.6875,137
62,features.9,15,pruned_before,nan,0.000000e+00,0.000000e+00,0.0000,0.0000,0
62,features.9,16,pruned_before,nan,0.000000e+00,0.000000e+00,0.0000,0.0000,0
62,features.9,17,pruned_before,nan,0.000000e+00,0.000000e+00,0.0000,0.0000,0
62,features.9,18,active,0.229167,2.281767e-08,3.282119e-05,0.1667,0.6250,137
62,features.9,19,pruned_before,nan,0.000000e+00,0.000000e+00,0.0000,0.0000,0
62,features.9,20,pruned_before,nan,0.000000e+00,0.000000e+00,0.0000,0.0000,0
62,features.9,21,pruned_before,nan,0.000000e+00,0.000000e+00,0.0000,0.0000,0
62,features.9,22,pruned_before,nan,0.000000e+00,0.000000e+00,0.0000,0.0000,0
62,features.9,23,active,-0.062500,7.215426e-08,1.017283e-05,0.4583,0.3333,137
62,features.9,24,pruned_before,nan,0.000000e+00,0.000000e+00,0.0000,0.0000,0
62,features.9,25,pruned_before,nan,0.000000e+00,0.000000e+00,0.0000,0.0000,0
62,features.9,26,active,0.000000,5.395245e-07,9.451305e-05,0.9375,0.9375,137
62,features.9,27,pruned_before,nan,0.000000e+00,0.000000e+00,0.0000,0.0000,0
62,features.9,28,pruned_before,nan,0.000000e+00,0.000000e+00,0.0000,0.0000,0
62,features.9,29,pruned_before,nan,0.000000e+00,0.000000e+00,0.0000,0.0000,0
62,features.9,30,pruned_before,nan,0.000000e+00,0.000000e+00,0.0000,0.0000,0
62,features.9,31,pruned_before,nan,0.000000e+00,0.000000e+00,0.0000,0.0000,0
62,features.9,32,active,-0.145833,3.964374e-07,2.741612e-05,0.8958,0.6042,137
62,features.9,33,pruned_before,nan,0.000000e+00,0.000000e+00,0.0000,0.0000,0
62,features.9,34,pruned_before,nan,0.000000e+00,0.000000e+00,0.0000,0.0000,0
62,features.9,35,active,-0.135417,1.127136e-07,1.003708e-05,0.5833,0.3125,137
62,features.9,36,pruned_before,nan,0.000000e+00,0.000000e+00,0.0000,0.0000,0
62,features.9,37,pruned_before,nan,0.000000e+00,0.000000e+00,0.0000,0.0000,0
62,features.9,38,pruned_before,nan,0.000000e+00,0.000000e+00,0.0000,0.0000,0
62,features.9,39,active,0.000000,5.460403e-08,1.242182e-05,0.3750,0.3750,137
62,features.9,40,pruned_before,nan,0.000000e+00,0.000000e+00,0.0000,0.0000,0
62,features.9,41,pruned_before,nan,0.000000e+00,0.000000e+00,0.0000,0.0000,0
62,features.9,42,pruned_before,nan,0.000000e+00,0.000000e+00,0.0000,0.0000,0
62,features.9,43,pruned_before,nan,0.000000e+00,0.000000e+00,0.0000,0.0000,0
62,features.9,44,pruned_before,nan,0.000000e+00,0.000000e+00,0.0000,0.0000,0
62,features.9,45,pruned_before,nan,0.000000e+00,0.000000e+00,0.0000,0.0000,0
62,features.9,46,pruned_before,nan,0.000000e+00,0.000000e+00,0.0000,0.0000,0
62,features.9,47,pruned_before,nan,0.000000e+00,0.000000e+00,0.0000,0.0000,0
62,features.9,48,pruned_before,nan,0.000000e+00,0.000000e+00,0.0000,0.0000,0
62,features.9,49,pruned_before,nan,0.000000e+00,0.000000e+00,0.0000,0.0000,0
62,features.9,50,pruned_before,nan,0.000000e+00,0.000000e+00,0.0000,0.0000,0
62,features.9,51,pruned_before,nan,0.000000e+00,0.000000e+00,0.0000,0.0000,0
62,features.9,52,pruned_before,nan,0.000000e+00,0.000000e+00,0.0000,0.0000,0
62,features.9,53,pruned_before,nan,0.000000e+00,0.000000e+00,0.0000,0.0000,0
62,features.9,54,pruned_before,nan,0.000000e+00,0.000000e+00,0.0000,0.0000,0
62,features.9,55,pruned_before,nan,0.000000e+00,0.000000e+00,0.0000,0.0000,0
62,features.9,56,active,0.260417,1.952504e-09,2.722238e-05,0.0625,0.5833,137
62,features.9,57,pruned_before,nan,0.000000e+00,0.000000e+00,0.0000,0.0000,0
62,features.9,58,pruned_before,nan,0.000000e+00,0.000000e+00,0.0000,0.0000,0
62,features.9,59,pruned_before,nan,0.000000e+00,0.000000e+00,0.0000,0.0000,0
62,features.9,60,pruned_before,nan,0.000000e+00,0.000000e+00,0.0000,0.0000,0
62,features.9,61,pruned_before,nan,0.000000e+00,0.000000e+00,0.0000,0.0000,0
62,features.9,62,pruned_before,nan,0.000000e+00,0.000000e+00,0.0000,0.0000,0
62,features.9,63,pruned_before,nan,0.000000e+00,0.000000e+00,0.0000,0.0000,0
62,features.9,64,pruned_before,nan,0.000000e+00,0.000000e+00,0.0000,0.0000,0
62,features.9,65,pruned_before,nan,0.000000e+00,0.000000e+00,0.0000,0.0000,0
62,features.9,66,pruned_before,nan,0.000000e+00,0.000000e+00,0.0000,0.0000,0
62,features.9,67,pruned_before,nan,0.000000e+00,0.000000e+00,0.0000,0.0000,0
62,features.9,68,pruned_before,nan,0.000000e+00,0.000000e+00,0.0000,0.0000,0
62,features.9,69,pruned_before,nan,0.000000e+00,0.000000e+00,0.0000,0.0000,0
62,features.9,70,pruned_before,nan,0.000000e+00,0.000000e+00,0.0000,0.0000,0
62,features.9,71,pruned_before,nan,0.000000e+00,0.000000e+00,0.0000,0.0000,0
62,features.9,72,pruned_before,nan,0.000000e+00,0.000000e+00,0.0000,0.0000,0
62,features.9,73,pruned_before,nan,0.000000e+00,0.000000e+00,0.0000,0.0000,0
62,features.9,74,pruned_before,nan,0.000000e+00,0.000000e+00,0.0000,0.0000,0
62,features.9,75,pruned_before,nan,0.000000e+00,0.000000e+00,0.0000,0.0000,0
62,features.9,76,pruned_before,nan,0.000000e+00,0.000000e+00,0.0000,0.0000,0
62,features.9,77,pruned_before,nan,0.000000e+00,0.000000e+00,0.0000,0.0000,0
62,features.9,78,pruned_before,nan,0.000000e+00,0.000000e+00,0.0000,0.0000,0
62,features.9,79,active,-0.041667,2.938043e-08,2.977508e-06,0.1875,0.1042,137
62,features.9,80,active,0.031250,7.825544e-08,2.102154e-05,0.4792,0.5417,137
62,features.9,81,pruned_before,nan,0.000000e+00,0.000000e+00,0.0000,0.0000,0
62,features.9,82,pruned_before,nan,0.000000e+00,0.000000e+00,0.0000,0.0000,0
62,features.9,83,pruned_before,nan,0.000000e+00,0.000000e+00,0.0000,0.0000,0
62,features.9,84,pruned_now,-0.197917,9.731232e-08,6.135558e-06,0.5625,0.1667,137
62,features.9,85,pruned_before,nan,0.000000e+00,0.000000e+00,0.0000,0.0000,0
62,features.9,86,pruned_before,nan,0.000000e+00,0.000000e+00,0.0000,0.0000,0
62,features.9,87,pruned_before,nan,0.000000e+00,0.000000e+00,0.0000,0.0000,0
62,features.9,88,pruned_before,nan,0.000000e+00,0.000000e+00,0.0000,0.0000,0
62,features.9,89,pruned_before,nan,0.000000e+00,0.000000e+00,0.0000,0.0000,0
62,features.9,90,pruned_before,nan,0.000000e+00,0.000000e+00,0.0000,0.0000,0
62,features.9,91,pruned_before,nan,0.000000e+00,0.000000e+00,0.0000,0.0000,0
62,features.9,92,active,0.000000,0.000000e+00,0.000000e+00,0.0208,0.0208,137
62,features.9,93,pruned_before,nan,0.000000e+00,0.000000e+00,0.0000,0.0000,0
62,features.9,94,pruned_before,nan,0.000000e+00,0.000000e+00,0.0000,0.0000,0
62,features.9,95,pruned_before,nan,0.000000e+00,0.000000e+00,0.0000,0.0000,0
62,features.9,96,pruned_before,nan,0.000000e+00,0.000000e+00,0.0000,0.0000,0
62,features.9,97,pruned_now,-0.208333,8.330356e-07,2.352843e-05,0.9792,0.5625,137
62,features.9,98,pruned_before,nan,0.000000e+00,0.000000e+00,0.0000,0.0000,0
62,features.9,99,pruned_before,nan,0.000000e+00,0.000000e+00,0.0000,0.0000,0
62,features.9,100,pruned_before,nan,0.000000e+00,0.000000e+00,0.0000,0.0000,0
62,features.9,101,active,0.000000,1.665008e-07,5.257790e-05,0.7708,0.7708,137
62,features.9,102,pruned_before,nan,0.000000e+00,0.000000e+00,0.0000,0.0000,0
62,features.9,103,pruned_before,nan,0.000000e+00,0.000000e+00,0.0000,0.0000,0
62,features.9,104,pruned_before,nan,0.000000e+00,0.000000e+00,0.0000,0.0000,0
62,features.9,105,pruned_before,nan,0.000000e+00,0.000000e+00,0.0000,0.0000,0
62,features.9,106,pruned_before,nan,0.000000e+00,0.000000e+00,0.0000,0.0000,0
62,features.9,107,pruned_before,nan,0.000000e+00,0.000000e+00,0.0000,0.0000,0
62,features.9,108,pruned_before,nan,0.000000e+00,0.000000e+00,0.0000,0.0000,0
62,features.9,109,pruned_before,nan,0.000000e+00,0.000000e+00,0.0000,0.0000,0
62,features.9,110,pruned_before,nan,0.000000e+00,0.000000e+00,0.0000,0.0000,0
62,features.9,111,active,0.083333,1.453287e-07,7.494212e-05,0.7083,0.8750,137
62,features.9,112,pruned_before,nan,0.000000e+00,0.000000e+00,0.0000,0.0000,0
62,features.9,113,pruned_before,nan,0.000000e+00,0.000000e+00,0.0000,0.0000,0
62,features.9,114,protected,0.322917,5.436121e-08,4.425515e-04,0.3542,1.0000,137
62,features.9,115,pruned_before,nan,0.000000e+00,0.000000e+00,0.0000,0.0000,0
62,features.9,116,pruned_before,nan,0.000000e+00,0.000000e+00,0.0000,0.0000,0
62,features.9,117,pruned_before,nan,0.000000e+00,0.000000e+00,0.0000,0.0000,0
62,features.9,118,active,-0.020833,8.261330e-08,1.702556e-05,0.5000,0.4583,137
62,features.9,119,active,-0.114583,1.539324e-07,2.063655e-05,0.7500,0.5208,137
62,features.9,120,pruned_before,nan,0.000000e+00,0.000000e+00,0.0000,0.0000,0
62,features.9,121,pruned_before,nan,0.000000e+00,0.000000e+00,0.0000,0.0000,0
62,features.9,122,pruned_before,nan,0.000000e+00,0.000000e+00,0.0000,0.0000,0
62,features.9,123,pruned_before,nan,0.000000e+00,0.000000e+00,0.0000,0.0000,0
62,features.9,124,pruned_before,nan,0.000000e+00,0.000000e+00,0.0000,0.0000,0
62,features.9,125,pruned_before,nan,0.000000e+00,0.000000e+00,0.0000,0.0000,0
62,features.9,126,pruned_before,nan,0.000000e+00,0.000000e+00,0.0000,0.0000,0
62,features.9,127,pruned_before,nan,0.000000e+00,0.000000e+00,0.0000,0.0000,0
62,features.9,128,pruned_before,nan,0.000000e+00,0.000000e+00,0.0000,0.0000,0
62,features.9,129,pruned_before,nan,0.000000e+00,0.000000e+00,0.0000,0.0000,0
62,features.9,130,active,0.062500,4.919942e-08,1.632748e-05,0.3125,0.4375,137
62,features.9,131,active,-0.062500,5.214157e-07,5.536764e-05,0.9167,0.7917,137
62,features.9,132,pruned_before,nan,0.000000e+00,0.000000e+00,0.0000,0.0000,0
62,features.9,133,pruned_before,nan,0.000000e+00,0.000000e+00,0.0000,0.0000,0
62,features.9,134,pruned_before,nan,0.000000e+00,0.000000e+00,0.0000,0.0000,0
62,features.9,135,pruned_before,nan,0.000000e+00,0.000000e+00,0.0000,0.0000,0
62,features.9,136,pruned_before,nan,0.000000e+00,0.000000e+00,0.0000,0.0000,0
62,features.9,137,pruned_before,nan,0.000000e+00,0.000000e+00,0.0000,0.0000,0
62,features.9,138,pruned_before,nan,0.000000e+00,0.000000e+00,0.0000,0.0000,0
62,features.9,139,pruned_before,nan,0.000000e+00,0.000000e+00,0.0000,0.0000,0
62,features.9,140,pruned_before,nan,0.000000e+00,0.000000e+00,0.0000,0.0000,0
62,features.9,141,pruned_before,nan,0.000000e+00,0.000000e+00,0.0000,0.0000,0
62,features.9,142,pruned_before,nan,0.000000e+00,0.000000e+00,0.0000,0.0000,0
62,features.9,143,pruned_before,nan,0.000000e+00,0.000000e+00,0.0000,0.0000,0
62,features.9,144,pruned_before,nan,0.000000e+00,0.000000e+00,0.0000,0.0000,0
62,features.9,145,pruned_before,nan,0.000000e+00,0.000000e+00,0.0000,0.0000,0
62,features.9,146,pruned_before,nan,0.000000e+00,0.000000e+00,0.0000,0.0000,0
62,features.9,147,pruned_before,nan,0.000000e+00,0.000000e+00,0.0000,0.0000,0
62,features.9,148,active,0.270833,6.509757e-08,1.449289e-04,0.4375,0.9792,137
62,features.9,149,pruned_before,nan,0.000000e+00,0.000000e+00,0.0000,0.0000,0
62,features.9,150,pruned_before,nan,0.000000e+00,0.000000e+00,0.0000,0.0000,0
62,features.9,151,pruned_before,nan,0.000000e+00,0.000000e+00,0.0000,0.0000,0
62,features.9,152,pruned_before,nan,0.000000e+00,0.000000e+00,0.0000,0.0000,0
62,features.9,153,pruned_before,nan,0.000000e+00,0.000000e+00,0.0000,0.0000,0
62,features.9,154,pruned_before,nan,0.000000e+00,0.000000e+00,0.0000,0.0000,0
62,features.9,155,pruned_before,nan,0.000000e+00,0.000000e+00,0.0000,0.0000,0
62,features.9,156,pruned_before,nan,0.000000e+00,0.000000e+00,0.0000,0.0000,0
62,features.9,157,pruned_before,nan,0.000000e+00,0.000000e+00,0.0000,0.0000,0
62,features.9,158,pruned_before,nan,0.000000e+00,0.000000e+00,0.0000,0.0000,0
62,features.9,159,pruned_before,nan,0.000000e+00,0.000000e+00,0.0000,0.0000,0
62,features.9,160,pruned_before,nan,0.000000e+00,0.000000e+00,0.0000,0.0000,0
62,features.9,161,pruned_before,nan,0.000000e+00,0.000000e+00,0.0000,0.0000,0
62,features.9,162,pruned_before,nan,0.000000e+00,0.000000e+00,0.0000,0.0000,0
62,features.9,163,pruned_before,nan,0.000000e+00,0.000000e+00,0.0000,0.0000,0
62,features.9,164,active,0.125000,3.660762e-08,1.796105e-05,0.2292,0.4792,137
62,features.9,165,active,-0.093750,5.505657e-08,7.673853e-06,0.4167,0.2292,137
62,features.9,166,pruned_before,nan,0.000000e+00,0.000000e+00,0.0000,0.0000,0
62,features.9,167,pruned_before,nan,0.000000e+00,0.000000e+00,0.0000,0.0000,0
62,features.9,168,pruned_before,nan,0.000000e+00,0.000000e+00,0.0000,0.0000,0
62,features.9,169,pruned_before,nan,0.000000e+00,0.000000e+00,0.0000,0.0000,0
62,features.9,170,pruned_before,nan,0.000000e+00,0.000000e+00,0.0000,0.0000,0
62,features.9,171,pruned_before,nan,0.000000e+00,0.000000e+00,0.0000,0.0000,0
62,features.9,172,pruned_before,nan,0.000000e+00,0.000000e+00,0.0000,0.0000,0
62,features.9,173,pruned_before,nan,0.000000e+00,0.000000e+00,0.0000,0.0000,0
62,features.9,174,pruned_before,nan,0.000000e+00,0.000000e+00,0.0000,0.0000,0
62,features.9,175,pruned_before,nan,0.000000e+00,0.000000e+00,0.0000,0.0000,0
62,features.9,176,pruned_before,nan,0.000000e+00,0.000000e+00,0.0000,0.0000,0
62,features.9,177,pruned_before,nan,0.000000e+00,0.000000e+00,0.0000,0.0000,0
62,features.9,178,pruned_before,nan,0.000000e+00,0.000000e+00,0.0000,0.0000,0
62,features.9,179,pruned_before,nan,0.000000e+00,0.000000e+00,0.0000,0.0000,0
62,features.9,180,pruned_before,nan,0.000000e+00,0.000000e+00,0.0000,0.0000,0
62,features.9,181,pruned_before,nan,0.000000e+00,0.000000e+00,0.0000,0.0000,0
62,features.9,182,pruned_before,nan,0.000000e+00,0.000000e+00,0.0000,0.0000,0
62,features.9,183,pruned_before,nan,0.000000e+00,0.000000e+00,0.0000,0.0000,0
62,features.9,184,pruned_before,nan,0.000000e+00,0.000000e+00,0.0000,0.0000,0
62,features.9,185,pruned_before,nan,0.000000e+00,0.000000e+00,0.0000,0.0000,0
62,features.9,186,pruned_before,nan,0.000000e+00,0.000000e+00,0.0000,0.0000,0
62,features.9,187,pruned_before,nan,0.000000e+00,0.000000e+00,0.0000,0.0000,0
62,features.9,188,pruned_before,nan,0.000000e+00,0.000000e+00,0.0000,0.0000,0
62,features.9,189,pruned_before,nan,0.000000e+00,0.000000e+00,0.0000,0.0000,0
62,features.9,190,pruned_before,nan,0.000000e+00,0.000000e+00,0.0000,0.0000,0
62,features.9,191,pruned_before,nan,0.000000e+00,0.000000e+00,0.0000,0.0000,0
62,features.9,192,pruned_before,nan,0.000000e+00,0.000000e+00,0.0000,0.0000,0
62,features.9,193,pruned_before,nan,0.000000e+00,0.000000e+00,0.0000,0.0000,0
62,features.9,194,pruned_before,nan,0.000000e+00,0.000000e+00,0.0000,0.0000,0
62,features.9,195,pruned_before,nan,0.000000e+00,0.000000e+00,0.0000,0.0000,0
62,features.9,196,pruned_before,nan,0.000000e+00,0.000000e+00,0.0000,0.0000,0
62,features.9,197,pruned_before,nan,0.000000e+00,0.000000e+00,0.0000,0.0000,0
62,features.9,198,pruned_before,nan,0.000000e+00,0.000000e+00,0.0000,0.0000,0
62,features.9,199,pruned_before,nan,0.000000e+00,0.000000e+00,0.0000,0.0000,0
62,features.9,200,pruned_before,nan,0.000000e+00,0.000000e+00,0.0000,0.0000,0
62,features.9,201,active,0.010417,1.511487e-07,5.173210e-05,0.7292,0.7500,137
62,features.9,202,pruned_before,nan,0.000000e+00,0.000000e+00,0.0000,0.0000,0
62,features.9,203,pruned_before,nan,0.000000e+00,0.000000e+00,0.0000,0.0000,0
62,features.9,204,pruned_before,nan,0.000000e+00,0.000000e+00,0.0000,0.0000,0
62,features.9,205,pruned_before,nan,0.000000e+00,0.000000e+00,0.0000,0.0000,0
62,features.9,206,pruned_before,nan,0.000000e+00,0.000000e+00,0.0000,0.0000,0
62,features.9,207,active,0.000000,1.048276e-08,5.555582e-06,0.1250,0.1250,137
62,features.9,208,pruned_before,nan,0.000000e+00,0.000000e+00,0.0000,0.0000,0
62,features.9,209,pruned_before,nan,0.000000e+00,0.000000e+00,0.0000,0.0000,0
62,features.9,210,pruned_before,nan,0.000000e+00,0.000000e+00,0.0000,0.0000,0
62,features.9,211,pruned_before,nan,0.000000e+00,0.000000e+00,0.0000,0.0000,0
62,features.9,212,pruned_before,nan,0.000000e+00,0.000000e+00,0.0000,0.0000,0
62,features.9,213,pruned_before,nan,0.000000e+00,0.000000e+00,0.0000,0.0000,0
62,features.9,214,active,-0.010417,6.462439e-09,1.858415e-06,0.0833,0.0625,137
62,features.9,215,pruned_before,nan,0.000000e+00,0.000000e+00,0.0000,0.0000,0
62,features.9,216,active,0.093750,1.163034e-07,5.788312e-05,0.6250,0.8125,137
62,features.9,217,pruned_before,nan,0.000000e+00,0.000000e+00,0.0000,0.0000,0
62,features.9,218,active,0.083333,1.960311e-07,1.210879e-04,0.7917,0.9583,137
62,features.9,219,pruned_before,nan,0.000000e+00,0.000000e+00,0.0000,0.0000,0
62,features.9,220,pruned_before,nan,0.000000e+00,0.000000e+00,0.0000,0.0000,0
62,features.9,221,pruned_before,nan,0.000000e+00,0.000000e+00,0.0000,0.0000,0
62,features.9,222,pruned_before,nan,0.000000e+00,0.000000e+00,0.0000,0.0000,0
62,features.9,223,pruned_before,nan,0.000000e+00,0.000000e+00,0.0000,0.0000,0
62,features.9,224,pruned_before,nan,0.000000e+00,0.000000e+00,0.0000,0.0000,0
62,features.9,225,pruned_before,nan,0.000000e+00,0.000000e+00,0.0000,0.0000,0
62,features.9,226,pruned_before,nan,0.000000e+00,0.000000e+00,0.0000,0.0000,0
62,features.9,227,pruned_before,nan,0.000000e+00,0.000000e+00,0.0000,0.0000,0
62,features.9,228,pruned_before,nan,0.000000e+00,0.000000e+00,0.0000,0.0000,0
62,features.9,229,pruned_before,nan,0.000000e+00,0.000000e+00,0.0000,0.0000,0
62,features.9,230,pruned_before,nan,0.000000e+00,0.000000e+00,0.0000,0.0000,0
62,features.9,231,pruned_before,nan,0.000000e+00,0.000000e+00,0.0000,0.0000,0
62,features.9,232,pruned_before,nan,0.000000e+00,0.000000e+00,0.0000,0.0000,0
62,features.9,233,pruned_before,nan,0.000000e+00,0.000000e+00,0.0000,0.0000,0
62,features.9,234,pruned_before,nan,0.000000e+00,0.000000e+00,0.0000,0.0000,0
62,features.9,235,pruned_before,nan,0.000000e+00,0.000000e+00,0.0000,0.0000,0
62,features.9,236,pruned_before,nan,0.000000e+00,0.000000e+00,0.0000,0.0000,0
62,features.9,237,pruned_before,nan,0.000000e+00,0.000000e+00,0.0000,0.0000,0
62,features.9,238,pruned_before,nan,0.000000e+00,0.000000e+00,0.0000,0.0000,0
62,features.9,239,pruned_before,nan,0.000000e+00,0.000000e+00,0.0000,0.0000,0
62,features.9,240,pruned_before,nan,0.000000e+00,0.000000e+00,0.0000,0.0000,0
62,features.9,241,pruned_before,nan,0.000000e+00,0.000000e+00,0.0000,0.0000,0
62,features.9,242,pruned_before,nan,0.000000e+00,0.000000e+00,0.0000,0.0000,0
62,features.9,243,active,-0.083333,1.353199e-07,1.885172e-05,0.6667,0.5000,137
62,features.9,244,pruned_before,nan,0.000000e+00,0.000000e+00,0.0000,0.0000,0
62,features.9,245,pruned_before,nan,0.000000e+00,0.000000e+00,0.0000,0.0000,0
62,features.9,246,active,-0.062500,8.833953e-08,1.387086e-05,0.5208,0.3958,137
62,features.9,247,pruned_before,nan,0.000000e+00,0.000000e+00,0.0000,0.0000,0
62,features.9,248,pruned_before,nan,0.000000e+00,0.000000e+00,0.0000,0.0000,0
62,features.9,249,pruned_before,nan,0.000000e+00,0.000000e+00,0.0000,0.0000,0
62,features.9,250,pruned_before,nan,0.000000e+00,0.000000e+00,0.0000,0.0000,0
62,features.9,251,pruned_before,nan,0.000000e+00,0.000000e+00,0.0000,0.0000,0
62,features.9,252,pruned_before,nan,0.000000e+00,0.000000e+00,0.0000,0.0000,0
62,features.9,253,pruned_before,nan,0.000000e+00,0.000000e+00,0.0000,0.0000,0
62,features.9,254,pruned_before,nan,0.000000e+00,0.000000e+00,0.0000,0.0000,0
62,features.9,255,pruned_before,nan,0.000000e+00,0.000000e+00,0.0000,0.0000,0
62,features.9,256,pruned_before,nan,0.000000e+00,0.000000e+00,0.0000,0.0000,0
62,features.9,257,pruned_before,nan,0.000000e+00,0.000000e+00,0.0000,0.0000,0
62,features.9,258,pruned_before,nan,0.000000e+00,0.000000e+00,0.0000,0.0000,0
62,features.9,259,pruned_before,nan,0.000000e+00,0.000000e+00,0.0000,0.0000,0
62,features.9,260,pruned_before,nan,0.000000e+00,0.000000e+00,0.0000,0.0000,0
62,features.9,261,pruned_before,nan,0.000000e+00,0.000000e+00,0.0000,0.0000,0
62,features.9,262,pruned_before,nan,0.000000e+00,0.000000e+00,0.0000,0.0000,0
62,features.9,263,pruned_before,nan,0.000000e+00,0.000000e+00,0.0000,0.0000,0
62,features.9,264,pruned_before,nan,0.000000e+00,0.000000e+00,0.0000,0.0000,0
62,features.9,265,active,-0.041667,8.907907e-07,8.737469e-05,1.0000,0.9167,137
62,features.9,266,active,0.000000,0.000000e+00,0.000000e+00,0.0417,0.0417,137
62,features.9,267,pruned_before,nan,0.000000e+00,0.000000e+00,0.0000,0.0000,0
62,features.9,268,pruned_before,nan,0.000000e+00,0.000000e+00,0.0000,0.0000,0
62,features.9,269,pruned_before,nan,0.000000e+00,0.000000e+00,0.0000,0.0000,0
62,features.9,270,pruned_before,nan,0.000000e+00,0.000000e+00,0.0000,0.0000,0
62,features.9,271,pruned_before,nan,0.000000e+00,0.000000e+00,0.0000,0.0000,0
62,features.9,272,pruned_before,nan,0.000000e+00,0.000000e+00,0.0000,0.0000,0
62,features.9,273,active,0.020833,2.453398e-07,6.312718e-05,0.8125,0.8542,137
62,features.9,274,pruned_before,nan,0.000000e+00,0.000000e+00,0.0000,0.0000,0
62,features.9,275,pruned_before,nan,0.000000e+00,0.000000e+00,0.0000,0.0000,0
62,features.9,276,pruned_before,nan,0.000000e+00,0.000000e+00,0.0000,0.0000,0
62,features.9,277,pruned_before,nan,0.000000e+00,0.000000e+00,0.0000,0.0000,0
62,features.9,278,pruned_before,nan,0.000000e+00,0.000000e+00,0.0000,0.0000,0
62,features.9,279,pruned_before,nan,0.000000e+00,0.000000e+00,0.0000,0.0000,0
62,features.9,280,pruned_before,nan,0.000000e+00,0.000000e+00,0.0000,0.0000,0
62,features.9,281,pruned_before,nan,0.000000e+00,0.000000e+00,0.0000,0.0000,0
62,features.9,282,pruned_before,nan,0.000000e+00,0.000000e+00,0.0000,0.0000,0
62,features.9,283,pruned_before,nan,0.000000e+00,0.000000e+00,0.0000,0.0000,0
62,features.9,284,pruned_before,nan,0.000000e+00,0.000000e+00,0.0000,0.0000,0
62,features.9,285,pruned_before,nan,0.000000e+00,0.000000e+00,0.0000,0.0000,0
62,features.9,286,active,0.052083,3.758424e-08,1.048212e-05,0.2500,0.3542,137
62,features.9,287,pruned_before,nan,0.000000e+00,0.000000e+00,0.0000,0.0000,0
62,features.9,288,active,-0.062500,2.647905e-07,4.443227e-05,0.8333,0.7083,137
62,features.9,289,pruned_before,nan,0.000000e+00,0.000000e+00,0.0000,0.0000,0
62,features.9,290,active,-0.031250,4.927337e-08,7.962933e-06,0.3333,0.2708,137
62,features.9,291,pruned_before,nan,0.000000e+00,0.000000e+00,0.0000,0.0000,0
62,features.9,292,pruned_before,nan,0.000000e+00,0.000000e+00,0.0000,0.0000,0
62,features.9,293,pruned_before,nan,0.000000e+00,0.000000e+00,0.0000,0.0000,0
62,features.9,294,pruned_before,nan,0.000000e+00,0.000000e+00,0.0000,0.0000,0
62,features.9,295,pruned_before,nan,0.000000e+00,0.000000e+00,0.0000,0.0000,0
62,features.9,296,active,-0.010417,2.678615e-07,5.838508e-05,0.8542,0.8333,137
62,features.9,297,pruned_before,nan,0.000000e+00,0.000000e+00,0.0000,0.0000,0
62,features.9,298,pruned_before,nan,0.000000e+00,0.000000e+00,0.0000,0.0000,0
62,features.9,299,active,-0.010417,8.551149e-09,2.214034e-06,0.1042,0.0833,137
62,features.9,300,pruned_before,nan,0.000000e+00,0.000000e+00,0.0000,0.0000,0
62,features.9,301,pruned_before,nan,0.000000e+00,0.000000e+00,0.0000,0.0000,0
62,features.9,302,pruned_before,nan,0.000000e+00,0.000000e+00,0.0000,0.0000,0
62,features.9,303,pruned_before,nan,0.000000e+00,0.000000e+00,0.0000,0.0000,0
62,features.9,304,pruned_before,nan,0.000000e+00,0.000000e+00,0.0000,0.0000,0
62,features.9,305,pruned_before,nan,0.000000e+00,0.000000e+00,0.0000,0.0000,0
62,features.9,306,pruned_before,nan,0.000000e+00,0.000000e+00,0.0000,0.0000,0
62,features.9,307,pruned_before,nan,0.000000e+00,0.000000e+00,0.0000,0.0000,0
62,features.9,308,pruned_before,nan,0.000000e+00,0.000000e+00,0.0000,0.0000,0
62,features.9,309,pruned_before,nan,0.000000e+00,0.000000e+00,0.0000,0.0000,0
62,features.9,310,pruned_before,nan,0.000000e+00,0.000000e+00,0.0000,0.0000,0
62,features.9,311,active,0.000000,2.946848e-08,7.025863e-06,0.2083,0.2083,137
62,features.9,312,pruned_before,nan,0.000000e+00,0.000000e+00,0.0000,0.0000,0
62,features.9,313,pruned_before,nan,0.000000e+00,0.000000e+00,0.0000,0.0000,0
62,features.9,314,pruned_before,nan,0.000000e+00,0.000000e+00,0.0000,0.0000,0
62,features.9,315,pruned_before,nan,0.000000e+00,0.000000e+00,0.0000,0.0000,0
62,features.9,316,active,0.000000,0.000000e+00,0.000000e+00,0.0000,0.0000,137
62,features.9,317,pruned_before,nan,0.000000e+00,0.000000e+00,0.0000,0.0000,0
62,features.9,318,pruned_before,nan,0.000000e+00,0.000000e+00,0.0000,0.0000,0
62,features.9,319,pruned_before,nan,0.000000e+00,0.000000e+00,0.0000,0.0000,0
62,features.9,320,pruned_before,nan,0.000000e+00,0.000000e+00,0.0000,0.0000,0
62,features.9,321,pruned_before,nan,0.000000e+00,0.000000e+00,0.0000,0.0000,0
62,features.9,322,pruned_before,nan,0.000000e+00,0.000000e+00,0.0000,0.0000,0
62,features.9,323,pruned_before,nan,0.000000e+00,0.000000e+00,0.0000,0.0000,0
62,features.9,324,pruned_before,nan,0.000000e+00,0.000000e+00,0.0000,0.0000,0
62,features.9,325,pruned_before,nan,0.000000e+00,0.000000e+00,0.0000,0.0000,0
62,features.9,326,pruned_before,nan,0.000000e+00,0.000000e+00,0.0000,0.0000,0
62,features.9,327,active,0.041667,1.210055e-07,4.698460e-05,0.6458,0.7292,137
62,features.9,328,pruned_before,nan,0.000000e+00,0.000000e+00,0.0000,0.0000,0
62,features.9,329,pruned_before,nan,0.000000e+00,0.000000e+00,0.0000,0.0000,0
62,features.9,330,pruned_before,nan,0.000000e+00,0.000000e+00,0.0000,0.0000,0
62,features.9,331,pruned_before,nan,0.000000e+00,0.000000e+00,0.0000,0.0000,0
62,features.9,332,pruned_before,nan,0.000000e+00,0.000000e+00,0.0000,0.0000,0
62,features.9,333,pruned_before,nan,0.000000e+00,0.000000e+00,0.0000,0.0000,0
62,features.9,334,pruned_before,nan,0.000000e+00,0.000000e+00,0.0000,0.0000,0
62,features.9,335,pruned_before,nan,0.000000e+00,0.000000e+00,0.0000,0.0000,0
62,features.9,336,active,-0.145833,7.519216e-07,3.516542e-05,0.9583,0.6667,137
62,features.9,337,pruned_before,nan,0.000000e+00,0.000000e+00,0.0000,0.0000,0
62,features.9,338,active,-0.114583,3.810900e-07,3.316697e-05,0.8750,0.6458,137
62,features.9,339,pruned_before,nan,0.000000e+00,0.000000e+00,0.0000,0.0000,0
62,features.9,340,pruned_before,nan,0.000000e+00,0.000000e+00,0.0000,0.0000,0
62,features.9,341,pruned_before,nan,0.000000e+00,0.000000e+00,0.0000,0.0000,0
62,features.9,342,pruned_before,nan,0.000000e+00,0.000000e+00,0.0000,0.0000,0
62,features.9,343,pruned_before,nan,0.000000e+00,0.000000e+00,0.0000,0.0000,0
62,features.9,344,active,0.104167,1.407066e-07,8.731669e-05,0.6875,0.8958,137
62,features.9,345,pruned_before,nan,0.000000e+00,0.000000e+00,0.0000,0.0000,0
62,features.9,346,pruned_before,nan,0.000000e+00,0.000000e+00,0.0000,0.0000,0
62,features.9,347,pruned_before,nan,0.000000e+00,0.000000e+00,0.0000,0.0000,0
62,features.9,348,pruned_before,nan,0.000000e+00,0.000000e+00,0.0000,0.0000,0
62,features.9,349,pruned_before,nan,0.000000e+00,0.000000e+00,0.0000,0.0000,0
62,features.9,350,pruned_before,nan,0.000000e+00,0.000000e+00,0.0000,0.0000,0
62,features.9,351,pruned_before,nan,0.000000e+00,0.000000e+00,0.0000,0.0000,0
62,features.9,352,pruned_before,nan,0.000000e+00,0.000000e+00,0.0000,0.0000,0
62,features.9,353,pruned_before,nan,0.000000e+00,0.000000e+00,0.0000,0.0000,0
62,features.9,354,pruned_before,nan,0.000000e+00,0.000000e+00,0.0000,0.0000,0
62,features.9,355,pruned_before,nan,0.000000e+00,0.000000e+00,0.0000,0.0000,0
62,features.9,356,active,-0.052083,5.493765e-08,9.864800e-06,0.3958,0.2917,137
62,features.9,357,pruned_before,nan,0.000000e+00,0.000000e+00,0.0000,0.0000,0
62,features.9,358,pruned_before,nan,0.000000e+00,0.000000e+00,0.0000,0.0000,0
62,features.9,359,pruned_before,nan,0.000000e+00,0.000000e+00,0.0000,0.0000,0
62,features.9,360,pruned_before,nan,0.000000e+00,0.000000e+00,0.0000,0.0000,0
62,features.9,361,pruned_before,nan,0.000000e+00,0.000000e+00,0.0000,0.0000,0
62,features.9,362,pruned_before,nan,0.000000e+00,0.000000e+00,0.0000,0.0000,0
62,features.9,363,pruned_before,nan,0.000000e+00,0.000000e+00,0.0000,0.0000,0
62,features.9,364,pruned_before,nan,0.000000e+00,0.000000e+00,0.0000,0.0000,0
62,features.9,365,pruned_before,nan,0.000000e+00,0.000000e+00,0.0000,0.0000,0
62,features.9,366,pruned_before,nan,0.000000e+00,0.000000e+00,0.0000,0.0000,0
62,features.9,367,pruned_before,nan,0.000000e+00,0.000000e+00,0.0000,0.0000,0
62,features.9,368,pruned_before,nan,0.000000e+00,0.000000e+00,0.0000,0.0000,0
62,features.9,369,active,0.052083,1.500134e-08,7.678557e-06,0.1458,0.2500,137
62,features.9,370,pruned_before,nan,0.000000e+00,0.000000e+00,0.0000,0.0000,0
62,features.9,371,pruned_before,nan,0.000000e+00,0.000000e+00,0.0000,0.0000,0
62,features.9,372,pruned_before,nan,0.000000e+00,0.000000e+00,0.0000,0.0000,0
62,features.9,373,pruned_before,nan,0.000000e+00,0.000000e+00,0.0000,0.0000,0
62,features.9,374,pruned_before,nan,0.000000e+00,0.000000e+00,0.0000,0.0000,0
62,features.9,375,active,-0.062500,4.269906e-08,5.980385e-06,0.2708,0.1458,137
62,features.9,376,pruned_before,nan,0.000000e+00,0.000000e+00,0.0000,0.0000,0
62,features.9,377,pruned_before,nan,0.000000e+00,0.000000e+00,0.0000,0.0000,0
62,features.9,378,pruned_before,nan,0.000000e+00,0.000000e+00,0.0000,0.0000,0
62,features.9,379,pruned_before,nan,0.000000e+00,0.000000e+00,0.0000,0.0000,0
62,features.9,380,pruned_before,nan,0.000000e+00,0.000000e+00,0.0000,0.0000,0
62,features.9,381,pruned_before,nan,0.000000e+00,0.000000e+00,0.0000,0.0000,0
62,features.9,382,pruned_before,nan,0.000000e+00,0.000000e+00,0.0000,0.0000,0
62,features.9,383,pruned_before,nan,0.000000e+00,0.000000e+00,0.0000,0.0000,0
62,features.10,0,active,-0.008929,0.000000e+00,0.000000e+00,0.0536,0.0357,137
62,features.10,1,pruned_before,nan,0.000000e+00,0.000000e+00,0.0000,0.0000,0
62,features.10,2,pruned_before,nan,0.000000e+00,0.000000e+00,0.0000,0.0000,0
62,features.10,3,pruned_before,nan,0.000000e+00,0.000000e+00,0.0000,0.0000,0
62,features.10,4,pruned_before,nan,0.000000e+00,0.000000e+00,0.0000,0.0000,0
62,features.10,5,pruned_before,nan,0.000000e+00,0.000000e+00,0.0000,0.0000,0
62,features.10,6,pruned_before,nan,0.000000e+00,0.000000e+00,0.0000,0.0000,0
62,features.10,7,pruned_before,nan,0.000000e+00,0.000000e+00,0.0000,0.0000,0
62,features.10,8,pruned_before,nan,0.000000e+00,0.000000e+00,0.0000,0.0000,0
62,features.10,9,active,-0.062500,3.255880e-08,2.042470e-06,0.3750,0.2500,137
62,features.10,10,pruned_before,nan,0.000000e+00,0.000000e+00,0.0000,0.0000,0
62,features.10,11,pruned_before,nan,0.000000e+00,0.000000e+00,0.0000,0.0000,0
62,features.10,12,pruned_before,nan,0.000000e+00,0.000000e+00,0.0000,0.0000,0
62,features.10,13,pruned_before,nan,0.000000e+00,0.000000e+00,0.0000,0.0000,0
62,features.10,14,pruned_before,nan,0.000000e+00,0.000000e+00,0.0000,0.0000,0
62,features.10,15,pruned_before,nan,0.000000e+00,0.000000e+00,0.0000,0.0000,0
62,features.10,16,pruned_before,nan,0.000000e+00,0.000000e+00,0.0000,0.0000,0
62,features.10,17,pruned_before,nan,0.000000e+00,0.000000e+00,0.0000,0.0000,0
62,features.10,18,active,0.053571,1.328670e-08,1.298476e-06,0.1071,0.2143,137
62,features.10,19,pruned_before,nan,0.000000e+00,0.000000e+00,0.0000,0.0000,0
62,features.10,20,pruned_before,nan,0.000000e+00,0.000000e+00,0.0000,0.0000,0
62,features.10,21,pruned_before,nan,0.000000e+00,0.000000e+00,0.0000,0.0000,0
62,features.10,22,pruned_before,nan,0.000000e+00,0.000000e+00,0.0000,0.0000,0
62,features.10,23,pruned_before,nan,0.000000e+00,0.000000e+00,0.0000,0.0000,0
62,features.10,24,pruned_before,nan,0.000000e+00,0.000000e+00,0.0000,0.0000,0
62,features.10,25,pruned_before,nan,0.000000e+00,0.000000e+00,0.0000,0.0000,0
62,features.10,26,pruned_before,nan,0.000000e+00,0.000000e+00,0.0000,0.0000,0
62,features.10,27,pruned_before,nan,0.000000e+00,0.000000e+00,0.0000,0.0000,0
62,features.10,28,pruned_before,nan,0.000000e+00,0.000000e+00,0.0000,0.0000,0
62,features.10,29,pruned_before,nan,0.000000e+00,0.000000e+00,0.0000,0.0000,0
62,features.10,30,pruned_before,nan,0.000000e+00,0.000000e+00,0.0000,0.0000,0
62,features.10,31,pruned_before,nan,0.000000e+00,0.000000e+00,0.0000,0.0000,0
62,features.10,32,pruned_before,nan,0.000000e+00,0.000000e+00,0.0000,0.0000,0
62,features.10,33,pruned_before,nan,0.000000e+00,0.000000e+00,0.0000,0.0000,0
62,features.10,34,pruned_before,nan,0.000000e+00,0.000000e+00,0.0000,0.0000,0
62,features.10,35,pruned_before,nan,0.000000e+00,0.000000e+00,0.0000,0.0000,0
62,features.10,36,pruned_before,nan,0.000000e+00,0.000000e+00,0.0000,0.0000,0
62,features.10,37,pruned_before,nan,0.000000e+00,0.000000e+00,0.0000,0.0000,0
62,features.10,38,pruned_before,nan,0.000000e+00,0.000000e+00,0.0000,0.0000,0
62,features.10,39,pruned_before,nan,0.000000e+00,0.000000e+00,0.0000,0.0000,0
62,features.10,40,pruned_before,nan,0.000000e+00,0.000000e+00,0.0000,0.0000,0
62,features.10,41,pruned_before,nan,0.000000e+00,0.000000e+00,0.0000,0.0000,0
62,features.10,42,pruned_before,nan,0.000000e+00,0.000000e+00,0.0000,0.0000,0
62,features.10,43,pruned_before,nan,0.000000e+00,0.000000e+00,0.0000,0.0000,0
62,features.10,44,pruned_before,nan,0.000000e+00,0.000000e+00,0.0000,0.0000,0
62,features.10,45,pruned_before,nan,0.000000e+00,0.000000e+00,0.0000,0.0000,0
62,features.10,46,active,-0.125000,1.844300e-07,8.198629e-06,0.8214,0.5714,137
62,features.10,47,pruned_before,nan,0.000000e+00,0.000000e+00,0.0000,0.0000,0
62,features.10,48,pruned_before,nan,0.000000e+00,0.000000e+00,0.0000,0.0000,0
62,features.10,49,pruned_before,nan,0.000000e+00,0.000000e+00,0.0000,0.0000,0
62,features.10,50,pruned_before,nan,0.000000e+00,0.000000e+00,0.0000,0.0000,0
62,features.10,51,pruned_before,nan,0.000000e+00,0.000000e+00,0.0000,0.0000,0
62,features.10,52,pruned_before,nan,0.000000e+00,0.000000e+00,0.0000,0.0000,0
62,features.10,53,pruned_before,nan,0.000000e+00,0.000000e+00,0.0000,0.0000,0
62,features.10,54,pruned_before,nan,0.000000e+00,0.000000e+00,0.0000,0.0000,0
62,features.10,55,pruned_before,nan,0.000000e+00,0.000000e+00,0.0000,0.0000,0
62,features.10,56,pruned_before,nan,0.000000e+00,0.000000e+00,0.0000,0.0000,0
62,features.10,57,pruned_before,nan,0.000000e+00,0.000000e+00,0.0000,0.0000,0
62,features.10,58,pruned_before,nan,0.000000e+00,0.000000e+00,0.0000,0.0000,0
62,features.10,59,pruned_before,nan,0.000000e+00,0.000000e+00,0.0000,0.0000,0
62,features.10,60,active,-0.044643,5.693828e-08,4.938339e-06,0.5000,0.4107,137
62,features.10,61,pruned_before,nan,0.000000e+00,0.000000e+00,0.0000,0.0000,0
62,features.10,62,active,0.080357,4.651713e-08,8.445461e-06,0.4643,0.6250,137
62,features.10,63,pruned_before,nan,0.000000e+00,0.000000e+00,0.0000,0.0000,0
62,features.10,64,pruned_before,nan,0.000000e+00,0.000000e+00,0.0000,0.0000,0
62,features.10,65,pruned_before,nan,0.000000e+00,0.000000e+00,0.0000,0.0000,0
62,features.10,66,pruned_before,nan,0.000000e+00,0.000000e+00,0.0000,0.0000,0
62,features.10,67,pruned_before,nan,0.000000e+00,0.000000e+00,0.0000,0.0000,0
62,features.10,68,pruned_before,nan,0.000000e+00,0.000000e+00,0.0000,0.0000,0
62,features.10,69,pruned_before,nan,0.000000e+00,0.000000e+00,0.0000,0.0000,0
62,features.10,70,pruned_before,nan,0.000000e+00,0.000000e+00,0.0000,0.0000,0
62,features.10,71,pruned_before,nan,0.000000e+00,0.000000e+00,0.0000,0.0000,0
62,features.10,72,pruned_before,nan,0.000000e+00,0.000000e+00,0.0000,0.0000,0
62,features.10,73,pruned_before,nan,0.000000e+00,0.000000e+00,0.0000,0.0000,0
62,features.10,74,pruned_before,nan,0.000000e+00,0.000000e+00,0.0000,0.0000,0
62,features.10,75,pruned_before,nan,0.000000e+00,0.000000e+00,0.0000,0.0000,0
62,features.10,76,pruned_before,nan,0.000000e+00,0.000000e+00,0.0000,0.0000,0
62,features.10,77,pruned_before,nan,0.000000e+00,0.000000e+00,0.0000,0.0000,0
62,features.10,78,pruned_before,nan,0.000000e+00,0.000000e+00,0.0000,0.0000,0
62,features.10,79,pruned_before,nan,0.000000e+00,0.000000e+00,0.0000,0.0000,0
62,features.10,80,pruned_before,nan,0.000000e+00,0.000000e+00,0.0000,0.0000,0
62,features.10,81,pruned_before,nan,0.000000e+00,0.000000e+00,0.0000,0.0000,0
62,features.10,82,pruned_before,nan,0.000000e+00,0.000000e+00,0.0000,0.0000,0
62,features.10,83,pruned_before,nan,0.000000e+00,0.000000e+00,0.0000,0.0000,0
62,features.10,84,pruned_before,nan,0.000000e+00,0.000000e+00,0.0000,0.0000,0
62,features.10,85,pruned_before,nan,0.000000e+00,0.000000e+00,0.0000,0.0000,0
62,features.10,86,pruned_before,nan,0.000000e+00,0.000000e+00,0.0000,0.0000,0
62,features.10,87,active,0.178571,4.892200e-08,1.901663e-05,0.4821,0.8393,137
62,features.10,88,active,-0.071429,3.516313e-07,1.278870e-05,0.8750,0.7321,137
62,features.10,89,pruned_before,nan,0.000000e+00,0.000000e+00,0.0000,0.0000,0
62,features.10,90,pruned_before,nan,0.000000e+00,0.000000e+00,0.0000,0.0000,0
62,features.10,91,active,0.071429,5.854699e-08,9.756001e-06,0.5179,0.6607,137
62,features.10,92,pruned_before,nan,0.000000e+00,0.000000e+00,0.0000,0.0000,0
62,features.10,93,active,0.080357,9.353946e-08,2.171102e-05,0.7143,0.8750,137
62,features.10,94,pruned_before,nan,0.000000e+00,0.000000e+00,0.0000,0.0000,0
62,features.10,95,pruned_before,nan,0.000000e+00,0.000000e+00,0.0000,0.0000,0
62,features.10,96,pruned_before,nan,0.000000e+00,0.000000e+00,0.0000,0.0000,0
62,features.10,97,pruned_before,nan,0.000000e+00,0.000000e+00,0.0000,0.0000,0
62,features.10,98,pruned_before,nan,0.000000e+00,0.000000e+00,0.0000,0.0000,0
62,features.10,99,pruned_before,nan,0.000000e+00,0.000000e+00,0.0000,0.0000,0
62,features.10,100,pruned_before,nan,0.000000e+00,0.000000e+00,0.0000,0.0000,0
62,features.10,101,pruned_before,nan,0.000000e+00,0.000000e+00,0.0000,0.0000,0
62,features.10,102,pruned_before,nan,0.000000e+00,0.000000e+00,0.0000,0.0000,0
62,features.10,103,pruned_before,nan,0.000000e+00,0.000000e+00,0.0000,0.0000,0
62,features.10,104,pruned_before,nan,0.000000e+00,0.000000e+00,0.0000,0.0000,0
62,features.10,105,pruned_before,nan,0.000000e+00,0.000000e+00,0.0000,0.0000,0
62,features.10,106,pruned_before,nan,0.000000e+00,0.000000e+00,0.0000,0.0000,0
62,features.10,107,active,-0.026786,2.947122e-08,3.245274e-06,0.3571,0.3036,137
62,features.10,108,pruned_before,nan,0.000000e+00,0.000000e+00,0.0000,0.0000,0
62,features.10,109,pruned_before,nan,0.000000e+00,0.000000e+00,0.0000,0.0000,0
62,features.10,110,pruned_before,nan,0.000000e+00,0.000000e+00,0.0000,0.0000,0
62,features.10,111,pruned_before,nan,0.000000e+00,0.000000e+00,0.0000,0.0000,0
62,features.10,112,active,-0.187500,9.903022e-08,4.645318e-06,0.7679,0.3929,137
62,features.10,113,pruned_before,nan,0.000000e+00,0.000000e+00,0.0000,0.0000,0
62,features.10,114,pruned_before,nan,0.000000e+00,0.000000e+00,0.0000,0.0000,0
62,features.10,115,pruned_before,nan,0.000000e+00,0.000000e+00,0.0000,0.0000,0
62,features.10,116,pruned_before,nan,0.000000e+00,0.000000e+00,0.0000,0.0000,0
62,features.10,117,pruned_before,nan,0.000000e+00,0.000000e+00,0.0000,0.0000,0
62,features.10,118,pruned_before,nan,0.000000e+00,0.000000e+00,0.0000,0.0000,0
62,features.10,119,pruned_before,nan,0.000000e+00,0.000000e+00,0.0000,0.0000,0
62,features.10,120,pruned_before,nan,0.000000e+00,0.000000e+00,0.0000,0.0000,0
62,features.10,121,pruned_before,nan,0.000000e+00,0.000000e+00,0.0000,0.0000,0
62,features.10,122,pruned_before,nan,0.000000e+00,0.000000e+00,0.0000,0.0000,0
62,features.10,123,active,-0.089286,6.514453e-08,4.165759e-06,0.5536,0.3750,137
62,features.10,124,pruned_before,nan,0.000000e+00,0.000000e+00,0.0000,0.0000,0
62,features.10,125,pruned_before,nan,0.000000e+00,0.000000e+00,0.0000,0.0000,0
62,features.10,126,pruned_before,nan,0.000000e+00,0.000000e+00,0.0000,0.0000,0
62,features.10,127,pruned_before,nan,0.000000e+00,0.000000e+00,0.0000,0.0000,0
62,features.10,128,pruned_before,nan,0.000000e+00,0.000000e+00,0.0000,0.0000,0
62,features.10,129,active,-0.125000,7.248354e-07,1.069163e-05,0.9643,0.7143,137
62,features.10,130,pruned_before,nan,0.000000e+00,0.000000e+00,0.0000,0.0000,0
62,features.10,131,pruned_before,nan,0.000000e+00,0.000000e+00,0.0000,0.0000,0
62,features.10,132,pruned_now,-0.214286,6.154543e-08,3.697591e-07,0.5357,0.1071,137
62,features.10,133,pruned_before,nan,0.000000e+00,0.000000e+00,0.0000,0.0000,0
62,features.10,134,pruned_before,nan,0.000000e+00,0.000000e+00,0.0000,0.0000,0
62,features.10,135,pruned_before,nan,0.000000e+00,0.000000e+00,0.0000,0.0000,0
62,features.10,136,pruned_before,nan,0.000000e+00,0.000000e+00,0.0000,0.0000,0
62,features.10,137,pruned_before,nan,0.000000e+00,0.000000e+00,0.0000,0.0000,0
62,features.10,138,pruned_before,nan,0.000000e+00,0.000000e+00,0.0000,0.0000,0
62,features.10,139,active,-0.008929,1.773036e-07,1.442732e-05,0.8036,0.7857,137
62,features.10,140,pruned_before,nan,0.000000e+00,0.000000e+00,0.0000,0.0000,0
62,features.10,141,pruned_before,nan,0.000000e+00,0.000000e+00,0.0000,0.0000,0
62,features.10,142,active,0.223214,1.649541e-08,8.423860e-06,0.1607,0.6071,137
62,features.10,143,pruned_before,nan,0.000000e+00,0.000000e+00,0.0000,0.0000,0
62,features.10,144,pruned_before,nan,0.000000e+00,0.000000e+00,0.0000,0.0000,0
62,features.10,145,pruned_before,nan,0.000000e+00,0.000000e+00,0.0000,0.0000,0
62,features.10,146,pruned_before,nan,0.000000e+00,0.000000e+00,0.0000,0.0000,0
62,features.10,147,pruned_before,nan,0.000000e+00,0.000000e+00,0.0000,0.0000,0
62,features.10,148,pruned_before,nan,0.000000e+00,0.000000e+00,0.0000,0.0000,0
62,features.10,149,active,0.026786,0.000000e+00,2.885462e-13,0.0179,0.0714,137
62,features.10,150,pruned_before,nan,0.000000e+00,0.000000e+00,0.0000,0.0000,0
62,features.10,151,pruned_before,nan,0.000000e+00,0.000000e+00,0.0000,0.0000,0
62,features.10,152,pruned_before,nan,0.000000e+00,0.000000e+00,0.0000,0.0000,0
62,features.10,153,pruned_before,nan,0.000000e+00,0.000000e+00,0.0000,0.0000,0
62,features.10,154,active,0.035714,8.309541e-08,9.408226e-06,0.5714,0.6429,137
62,features.10,155,pruned_before,nan,0.000000e+00,0.000000e+00,0.0000,0.0000,0
62,features.10,156,active,0.000000,0.000000e+00,0.000000e+00,0.0000,0.0000,137
62,features.10,157,pruned_before,nan,0.000000e+00,0.000000e+00,0.0000,0.0000,0
62,features.10,158,pruned_before,nan,0.000000e+00,0.000000e+00,0.0000,0.0000,0
62,features.10,159,pruned_before,nan,0.000000e+00,0.000000e+00,0.0000,0.0000,0
62,features.10,160,pruned_before,nan,0.000000e+00,0.000000e+00,0.0000,0.0000,0
62,features.10,161,pruned_before,nan,0.000000e+00,0.000000e+00,0.0000,0.0000,0
62,features.10,162,pruned_before,nan,0.000000e+00,0.000000e+00,0.0000,0.0000,0
62,features.10,163,pruned_before,nan,0.000000e+00,0.000000e+00,0.0000,0.0000,0
62,features.10,164,pruned_before,nan,0.000000e+00,0.000000e+00,0.0000,0.0000,0
62,features.10,165,pruned_before,nan,0.000000e+00,0.000000e+00,0.0000,0.0000,0
62,features.10,166,pruned_before,nan,0.000000e+00,0.000000e+00,0.0000,0.0000,0
62,features.10,167,pruned_before,nan,0.000000e+00,0.000000e+00,0.0000,0.0000,0
62,features.10,168,pruned_before,nan,0.000000e+00,0.000000e+00,0.0000,0.0000,0
62,features.10,169,pruned_before,nan,0.000000e+00,0.000000e+00,0.0000,0.0000,0
62,features.10,170,pruned_before,nan,0.000000e+00,0.000000e+00,0.0000,0.0000,0
62,features.10,171,pruned_before,nan,0.000000e+00,0.000000e+00,0.0000,0.0000,0
62,features.10,172,pruned_before,nan,0.000000e+00,0.000000e+00,0.0000,0.0000,0
62,features.10,173,pruned_before,nan,0.000000e+00,0.000000e+00,0.0000,0.0000,0
62,features.10,174,pruned_before,nan,0.000000e+00,0.000000e+00,0.0000,0.0000,0
62,features.10,175,pruned_before,nan,0.000000e+00,0.000000e+00,0.0000,0.0000,0
62,features.10,176,pruned_before,nan,0.000000e+00,0.000000e+00,0.0000,0.0000,0
62,features.10,177,active,-0.080357,3.031888e-07,1.064827e-05,0.8571,0.6964,137
62,features.10,178,pruned_before,nan,0.000000e+00,0.000000e+00,0.0000,0.0000,0
62,features.10,179,pruned_before,nan,0.000000e+00,0.000000e+00,0.0000,0.0000,0
62,features.10,180,pruned_before,nan,0.000000e+00,0.000000e+00,0.0000,0.0000,0
62,features.10,181,pruned_before,nan,0.000000e+00,0.000000e+00,0.0000,0.0000,0
62,features.10,182,active,-0.008929,0.000000e+00,0.000000e+00,0.0357,0.0179,137
62,features.10,183,pruned_before,nan,0.000000e+00,0.000000e+00,0.0000,0.0000,0
62,features.10,184,pruned_before,nan,0.000000e+00,0.000000e+00,0.0000,0.0000,0
62,features.10,185,pruned_before,nan,0.000000e+00,0.000000e+00,0.0000,0.0000,0
62,features.10,186,pruned_before,nan,0.000000e+00,0.000000e+00,0.0000,0.0000,0
62,features.10,187,pruned_before,nan,0.000000e+00,0.000000e+00,0.0000,0.0000,0
62,features.10,188,pruned_before,nan,0.000000e+00,0.000000e+00,0.0000,0.0000,0
62,features.10,189,pruned_before,nan,0.000000e+00,0.000000e+00,0.0000,0.0000,0
62,features.10,190,pruned_before,nan,0.000000e+00,0.000000e+00,0.0000,0.0000,0
62,features.10,191,pruned_before,nan,0.000000e+00,0.000000e+00,0.0000,0.0000,0
62,features.10,192,pruned_before,nan,0.000000e+00,0.000000e+00,0.0000,0.0000,0
62,features.10,193,pruned_before,nan,0.000000e+00,0.000000e+00,0.0000,0.0000,0
62,features.10,194,pruned_before,nan,0.000000e+00,0.000000e+00,0.0000,0.0000,0
62,features.10,195,pruned_before,nan,0.000000e+00,0.000000e+00,0.0000,0.0000,0
62,features.10,196,pruned_before,nan,0.000000e+00,0.000000e+00,0.0000,0.0000,0
62,features.10,197,pruned_before,nan,0.000000e+00,0.000000e+00,0.0000,0.0000,0
62,features.10,198,pruned_before,nan,0.000000e+00,0.000000e+00,0.0000,0.0000,0
62,features.10,199,pruned_before,nan,0.000000e+00,0.000000e+00,0.0000,0.0000,0
62,features.10,200,active,-0.062500,3.446708e-08,2.166182e-06,0.3929,0.2679,137
62,features.10,201,active,0.098214,8.813046e-08,1.567064e-05,0.6250,0.8214,137
62,features.10,202,pruned_before,nan,0.000000e+00,0.000000e+00,0.0000,0.0000,0
62,features.10,203,pruned_before,nan,0.000000e+00,0.000000e+00,0.0000,0.0000,0
62,features.10,204,pruned_before,nan,0.000000e+00,0.000000e+00,0.0000,0.0000,0
62,features.10,205,active,-0.116071,2.841785e-08,2.376413e-07,0.3214,0.0893,137
62,features.10,206,pruned_before,nan,0.000000e+00,0.000000e+00,0.0000,0.0000,0
62,features.10,207,pruned_before,nan,0.000000e+00,0.000000e+00,0.0000,0.0000,0
62,features.10,208,pruned_before,nan,0.000000e+00,0.000000e+00,0.0000,0.0000,0
62,features.10,209,pruned_before,nan,0.000000e+00,0.000000e+00,0.0000,0.0000,0
62,features.10,210,pruned_before,nan,0.000000e+00,0.000000e+00,0.0000,0.0000,0
62,features.10,211,active,-0.089286,4.203066e-08,1.596333e-06,0.4107,0.2321,137
62,features.10,212,pruned_before,nan,0.000000e+00,0.000000e+00,0.0000,0.0000,0
62,features.10,213,pruned_before,nan,0.000000e+00,0.000000e+00,0.0000,0.0000,0
62,features.10,214,pruned_before,nan,0.000000e+00,0.000000e+00,0.0000,0.0000,0
62,features.10,215,pruned_before,nan,0.000000e+00,0.000000e+00,0.0000,0.0000,0
62,features.10,216,pruned_before,nan,0.000000e+00,0.000000e+00,0.0000,0.0000,0
62,features.10,217,pruned_before,nan,0.000000e+00,0.000000e+00,0.0000,0.0000,0
62,features.10,218,active,-0.026786,1.719343e-08,5.387886e-07,0.1964,0.1429,137
62,features.10,219,pruned_before,nan,0.000000e+00,0.000000e+00,0.0000,0.0000,0
62,features.10,220,pruned_before,nan,0.000000e+00,0.000000e+00,0.0000,0.0000,0
62,features.10,221,pruned_before,nan,0.000000e+00,0.000000e+00,0.0000,0.0000,0
62,features.10,222,active,0.026786,1.543545e-08,1.206725e-06,0.1429,0.1964,137
62,features.10,223,pruned_before,nan,0.000000e+00,0.000000e+00,0.0000,0.0000,0
62,features.10,224,pruned_before,nan,0.000000e+00,0.000000e+00,0.0000,0.0000,0
62,features.10,225,pruned_before,nan,0.000000e+00,0.000000e+00,0.0000,0.0000,0
62,features.10,226,pruned_before,nan,0.000000e+00,0.000000e+00,0.0000,0.0000,0
62,features.10,227,pruned_before,nan,0.000000e+00,0.000000e+00,0.0000,0.0000,0
62,features.10,228,pruned_before,nan,0.000000e+00,0.000000e+00,0.0000,0.0000,0
62,features.10,229,pruned_before,nan,0.000000e+00,0.000000e+00,0.0000,0.0000,0
62,features.10,230,pruned_before,nan,0.000000e+00,0.000000e+00,0.0000,0.0000,0
62,features.10,231,pruned_before,nan,0.000000e+00,0.000000e+00,0.0000,0.0000,0
62,features.10,232,pruned_before,nan,0.000000e+00,0.000000e+00,0.0000,0.0000,0
62,features.10,233,pruned_before,nan,0.000000e+00,0.000000e+00,0.0000,0.0000,0
62,features.10,234,pruned_before,nan,0.000000e+00,0.000000e+00,0.0000,0.0000,0
62,features.10,235,active,0.410714,1.099068e-08,2.734888e-05,0.0893,0.9107,137
62,features.10,236,pruned_before,nan,0.000000e+00,0.000000e+00,0.0000,0.0000,0
62,features.10,237,active,0.125000,1.705912e-08,5.269620e-06,0.1786,0.4286,137
62,features.10,238,pruned_before,nan,0.000000e+00,0.000000e+00,0.0000,0.0000,0
62,features.10,239,pruned_before,nan,0.000000e+00,0.000000e+00,0.0000,0.0000,0
62,features.10,240,pruned_before,nan,0.000000e+00,0.000000e+00,0.0000,0.0000,0
62,features.10,241,pruned_before,nan,0.000000e+00,0.000000e+00,0.0000,0.0000,0
62,features.10,242,pruned_before,nan,0.000000e+00,0.000000e+00,0.0000,0.0000,0
62,features.10,243,active,-0.008929,9.232905e-08,1.028864e-05,0.6964,0.6786,137
62,features.10,244,pruned_before,nan,0.000000e+00,0.000000e+00,0.0000,0.0000,0
62,features.10,245,pruned_before,nan,0.000000e+00,0.000000e+00,0.0000,0.0000,0
62,features.10,246,pruned_before,nan,0.000000e+00,0.000000e+00,0.0000,0.0000,0
62,features.10,247,active,0.196429,8.578946e-08,7.533349e-05,0.5893,0.9821,137
62,features.10,248,pruned_before,nan,0.000000e+00,0.000000e+00,0.0000,0.0000,0
62,features.10,249,active,-0.062500,8.959520e-08,7.794874e-06,0.6786,0.5536,137
62,features.10,250,pruned_before,nan,0.000000e+00,0.000000e+00,0.0000,0.0000,0
62,features.10,251,pruned_before,nan,0.000000e+00,0.000000e+00,0.0000,0.0000,0
62,features.10,252,pruned_before,nan,0.000000e+00,0.000000e+00,0.0000,0.0000,0
62,features.10,253,pruned_before,nan,0.000000e+00,0.000000e+00,0.0000,0.0000,0
62,features.10,254,pruned_before,nan,0.000000e+00,0.000000e+00,0.0000,0.0000,0
62,features.10,255,active,0.035714,9.667576e-08,1.469864e-05,0.7321,0.8036,137
62,features.10,256,active,0.035714,1.770184e-08,3.143336e-06,0.2143,0.2857,137
62,features.10,257,pruned_before,nan,0.000000e+00,0.000000e+00,0.0000,0.0000,0
62,features.10,258,pruned_before,nan,0.000000e+00,0.000000e+00,0.0000,0.0000,0
62,features.10,259,pruned_before,nan,0.000000e+00,0.000000e+00,0.0000,0.0000,0
62,features.10,260,pruned_before,nan,0.000000e+00,0.000000e+00,0.0000,0.0000,0
62,features.10,261,pruned_before,nan,0.000000e+00,0.000000e+00,0.0000,0.0000,0
62,features.10,262,pruned_before,nan,0.000000e+00,0.000000e+00,0.0000,0.0000,0
62,features.10,263,pruned_before,nan,0.000000e+00,0.000000e+00,0.0000,0.0000,0
62,features.10,264,pruned_before,nan,0.000000e+00,0.000000e+00,0.0000,0.0000,0
62,features.10,265,pruned_before,nan,0.000000e+00,0.000000e+00,0.0000,0.0000,0
62,features.10,266,pruned_before,nan,0.000000e+00,0.000000e+00,0.0000,0.0000,0
62,features.10,267,active,-0.160714,8.851719e-08,3.353687e-06,0.6429,0.3214,137
62,features.10,268,active,-0.133929,9.863032e-08,5.683173e-06,0.7500,0.4821,137
62,features.10,269,active,-0.178571,5.208047e-07,8.266216e-06,0.9464,0.5893,137
62,features.10,270,pruned_before,nan,0.000000e+00,0.000000e+00,0.0000,0.0000,0
62,features.10,271,active,-0.008929,0.000000e+00,0.000000e+00,0.0714,0.0536,137
62,features.10,272,pruned_before,nan,0.000000e+00,0.000000e+00,0.0000,0.0000,0
62,features.10,273,active,-0.044643,8.396082e-07,2.705623e-05,0.9821,0.8929,137
62,features.10,274,pruned_before,nan,0.000000e+00,0.000000e+00,0.0000,0.0000,0
62,features.10,275,pruned_before,nan,0.000000e+00,0.000000e+00,0.0000,0.0000,0
62,features.10,276,pruned_before,nan,0.000000e+00,0.000000e+00,0.0000,0.0000,0
62,features.10,277,pruned_before,nan,0.000000e+00,0.000000e+00,0.0000,0.0000,0
62,features.10,278,pruned_before,nan,0.000000e+00,0.000000e+00,0.0000,0.0000,0
62,features.10,279,pruned_before,nan,0.000000e+00,0.000000e+00,0.0000,0.0000,0
62,features.10,280,pruned_before,nan,0.000000e+00,0.000000e+00,0.0000,0.0000,0
62,features.10,281,pruned_before,nan,0.000000e+00,0.000000e+00,0.0000,0.0000,0
62,features.10,282,pruned_before,nan,0.000000e+00,0.000000e+00,0.0000,0.0000,0
62,features.10,283,pruned_before,nan,0.000000e+00,0.000000e+00,0.0000,0.0000,0
62,features.10,284,pruned_before,nan,0.000000e+00,0.000000e+00,0.0000,0.0000,0
62,features.10,285,pruned_before,nan,0.000000e+00,0.000000e+00,0.0000,0.0000,0
62,features.10,286,pruned_before,nan,0.000000e+00,0.000000e+00,0.0000,0.0000,0
62,features.10,287,active,0.017857,2.827687e-08,3.474717e-06,0.3036,0.3393,137
62,features.10,288,pruned_before,nan,0.000000e+00,0.000000e+00,0.0000,0.0000,0
62,features.10,289,pruned_before,nan,0.000000e+00,0.000000e+00,0.0000,0.0000,0
62,features.10,290,pruned_before,nan,0.000000e+00,0.000000e+00,0.0000,0.0000,0
62,features.10,291,active,0.000000,5.017996e-07,3.257324e-05,0.9286,0.9286,137
62,features.10,292,pruned_before,nan,0.000000e+00,0.000000e+00,0.0000,0.0000,0
62,features.10,293,active,0.339286,2.258821e-08,3.544461e-05,0.2679,0.9464,137
62,features.10,294,pruned_before,nan,0.000000e+00,0.000000e+00,0.0000,0.0000,0
62,features.10,295,active,0.080357,2.713333e-08,5.345843e-06,0.2857,0.4464,137
62,features.10,296,pruned_before,nan,0.000000e+00,0.000000e+00,0.0000,0.0000,0
62,features.10,297,pruned_before,nan,0.000000e+00,0.000000e+00,0.0000,0.0000,0
62,features.10,298,pruned_before,nan,0.000000e+00,0.000000e+00,0.0000,0.0000,0
62,features.10,299,pruned_before,nan,0.000000e+00,0.000000e+00,0.0000,0.0000,0
62,features.10,300,pruned_before,nan,0.000000e+00,0.000000e+00,0.0000,0.0000,0
62,features.10,301,active,-0.044643,4.453701e-08,3.599741e-06,0.4464,0.3571,137
62,features.10,302,pruned_before,nan,0.000000e+00,0.000000e+00,0.0000,0.0000,0
62,features.10,303,pruned_before,nan,0.000000e+00,0.000000e+00,0.0000,0.0000,0
62,features.10,304,active,-0.071429,8.616805e-08,5.510251e-06,0.6071,0.4643,137
62,features.10,305,pruned_before,nan,0.000000e+00,0.000000e+00,0.0000,0.0000,0
62,features.10,306,pruned_before,nan,0.000000e+00,0.000000e+00,0.0000,0.0000,0
62,features.10,307,pruned_before,nan,0.000000e+00,0.000000e+00,0.0000,0.0000,0
62,features.10,308,pruned_before,nan,0.000000e+00,0.000000e+00,0.0000,0.0000,0
62,features.10,309,pruned_before,nan,0.000000e+00,0.000000e+00,0.0000,0.0000,0
62,features.10,310,pruned_before,nan,0.000000e+00,0.000000e+00,0.0000,0.0000,0
62,features.10,311,active,0.017857,1.528726e-08,6.327829e-07,0.1250,0.1607,137
62,features.10,312,pruned_before,nan,0.000000e+00,0.000000e+00,0.0000,0.0000,0
62,features.10,313,pruned_before,nan,0.000000e+00,0.000000e+00,0.0000,0.0000,0
62,features.10,314,pruned_before,nan,0.000000e+00,0.000000e+00,0.0000,0.0000,0
62,features.10,315,pruned_before,nan,0.000000e+00,0.000000e+00,0.0000,0.0000,0
62,features.10,316,pruned_before,nan,0.000000e+00,0.000000e+00,0.0000,0.0000,0
62,features.10,317,pruned_before,nan,0.000000e+00,0.000000e+00,0.0000,0.0000,0
62,features.10,318,pruned_before,nan,0.000000e+00,0.000000e+00,0.0000,0.0000,0
62,features.10,319,active,-0.125000,1.274650e-07,7.538544e-06,0.7857,0.5357,137
62,features.10,320,pruned_before,nan,0.000000e+00,0.000000e+00,0.0000,0.0000,0
62,features.10,321,pruned_before,nan,0.000000e+00,0.000000e+00,0.0000,0.0000,0
62,features.10,322,pruned_before,nan,0.000000e+00,0.000000e+00,0.0000,0.0000,0
62,features.10,323,pruned_before,nan,0.000000e+00,0.000000e+00,0.0000,0.0000,0
62,features.10,324,pruned_before,nan,0.000000e+00,0.000000e+00,0.0000,0.0000,0
62,features.10,325,pruned_before,nan,0.000000e+00,0.000000e+00,0.0000,0.0000,0
62,features.10,326,pruned_before,nan,0.000000e+00,0.000000e+00,0.0000,0.0000,0
62,features.10,327,pruned_before,nan,0.000000e+00,0.000000e+00,0.0000,0.0000,0
62,features.10,328,pruned_before,nan,0.000000e+00,0.000000e+00,0.0000,0.0000,0
62,features.10,329,active,-0.160714,2.096861e-07,7.410739e-06,0.8393,0.5179,137
62,features.10,330,pruned_before,nan,0.000000e+00,0.000000e+00,0.0000,0.0000,0
62,features.10,331,pruned_before,nan,0.000000e+00,0.000000e+00,0.0000,0.0000,0
62,features.10,332,pruned_before,nan,0.000000e+00,0.000000e+00,0.0000,0.0000,0
62,features.10,333,pruned_before,nan,0.000000e+00,0.000000e+00,0.0000,0.0000,0
62,features.10,334,pruned_before,nan,0.000000e+00,0.000000e+00,0.0000,0.0000,0
62,features.10,335,pruned_before,nan,0.000000e+00,0.000000e+00,0.0000,0.0000,0
62,features.10,336,pruned_before,nan,0.000000e+00,0.000000e+00,0.0000,0.0000,0
62,features.10,337,pruned_before,nan,0.000000e+00,0.000000e+00,0.0000,0.0000,0
62,features.10,338,pruned_before,nan,0.000000e+00,0.000000e+00,0.0000,0.0000,0
62,features.10,339,pruned_before,nan,0.000000e+00,0.000000e+00,0.0000,0.0000,0
62,features.10,340,pruned_before,nan,0.000000e+00,0.000000e+00,0.0000,0.0000,0
62,features.10,341,pruned_before,nan,0.000000e+00,0.000000e+00,0.0000,0.0000,0
62,features.10,342,active,-0.062500,2.199710e-08,5.266232e-07,0.2500,0.1250,137
62,features.10,343,pruned_before,nan,0.000000e+00,0.000000e+00,0.0000,0.0000,0
62,features.10,344,active,-0.071429,4.077311e-07,1.341420e-05,0.9107,0.7679,137
62,features.10,345,pruned_before,nan,0.000000e+00,0.000000e+00,0.0000,0.0000,0
62,features.10,346,pruned_before,nan,0.000000e+00,0.000000e+00,0.0000,0.0000,0
62,features.10,347,pruned_before,nan,0.000000e+00,0.000000e+00,0.0000,0.0000,0
62,features.10,348,active,-0.125000,4.234067e-08,8.226497e-07,0.4286,0.1786,137
62,features.10,349,pruned_before,nan,0.000000e+00,0.000000e+00,0.0000,0.0000,0
62,features.10,350,pruned_before,nan,0.000000e+00,0.000000e+00,0.0000,0.0000,0
62,features.10,351,pruned_before,nan,0.000000e+00,0.000000e+00,0.0000,0.0000,0
62,features.10,352,active,-0.080357,8.894998e-08,6.022156e-06,0.6607,0.5000,137
62,features.10,353,pruned_before,nan,0.000000e+00,0.000000e+00,0.0000,0.0000,0
62,features.10,354,pruned_before,nan,0.000000e+00,0.000000e+00,0.0000,0.0000,0
62,features.10,355,pruned_before,nan,0.000000e+00,0.000000e+00,0.0000,0.0000,0
62,features.10,356,pruned_before,nan,0.000000e+00,0.000000e+00,0.0000,0.0000,0
62,features.10,357,pruned_before,nan,0.000000e+00,0.000000e+00,0.0000,0.0000,0
62,features.10,358,pruned_before,nan,0.000000e+00,0.000000e+00,0.0000,0.0000,0
62,features.10,359,pruned_before,nan,0.000000e+00,0.000000e+00,0.0000,0.0000,0
62,features.10,360,pruned_before,nan,0.000000e+00,0.000000e+00,0.0000,0.0000,0
62,features.10,361,pruned_before,nan,0.000000e+00,0.000000e+00,0.0000,0.0000,0
62,features.10,362,pruned_before,nan,0.000000e+00,0.000000e+00,0.0000,0.0000,0
62,features.10,363,pruned_before,nan,0.000000e+00,0.000000e+00,0.0000,0.0000,0
62,features.10,364,pruned_before,nan,0.000000e+00,0.000000e+00,0.0000,0.0000,0
62,features.10,365,pruned_before,nan,0.000000e+00,0.000000e+00,0.0000,0.0000,0
62,features.10,366,pruned_before,nan,0.000000e+00,0.000000e+00,0.0000,0.0000,0
62,features.10,367,active,-0.017857,3.875693e-07,2.071171e-05,0.8929,0.8571,137
62,features.10,368,pruned_before,nan,0.000000e+00,0.000000e+00,0.0000,0.0000,0
62,features.10,369,pruned_before,nan,0.000000e+00,0.000000e+00,0.0000,0.0000,0
62,features.10,370,pruned_before,nan,0.000000e+00,0.000000e+00,0.0000,0.0000,0
62,features.10,371,protected,0.000000,9.469769e-07,7.920307e-05,1.0000,1.0000,137
62,features.10,372,pruned_before,nan,0.000000e+00,0.000000e+00,0.0000,0.0000,0
62,features.10,373,pruned_before,nan,0.000000e+00,0.000000e+00,0.0000,0.0000,0
62,features.10,374,pruned_before,nan,0.000000e+00,0.000000e+00,0.0000,0.0000,0
62,features.10,375,pruned_before,nan,0.000000e+00,0.000000e+00,0.0000,0.0000,0
62,features.10,376,active,0.258929,1.931242e-08,1.302543e-05,0.2321,0.7500,137
62,features.10,377,pruned_before,nan,0.000000e+00,0.000000e+00,0.0000,0.0000,0
62,features.10,378,pruned_before,nan,0.000000e+00,0.000000e+00,0.0000,0.0000,0
62,features.10,379,pruned_before,nan,0.000000e+00,0.000000e+00,0.0000,0.0000,0
62,features.10,380,pruned_before,nan,0.000000e+00,0.000000e+00,0.0000,0.0000,0
62,features.10,381,active,0.312500,2.846073e-08,7.316721e-05,0.3393,0.9643,137
62,features.10,382,pruned_before,nan,0.000000e+00,0.000000e+00,0.0000,0.0000,0
62,features.10,383,pruned_before,nan,0.000000e+00,0.000000e+00,0.0000,0.0000,0
62,features.11,0,active,0.223684,3.084512e-07,4.656980e-04,0.2632,0.7105,169
62,features.11,1,pruned_before,nan,0.000000e+00,0.000000e+00,0.0000,0.0000,0
62,features.11,2,pruned_before,nan,0.000000e+00,0.000000e+00,0.0000,0.0000,0
62,features.11,3,pruned_before,nan,0.000000e+00,0.000000e+00,0.0000,0.0000,0
62,features.11,4,pruned_before,nan,0.000000e+00,0.000000e+00,0.0000,0.0000,0
62,features.11,5,pruned_before,nan,0.000000e+00,0.000000e+00,0.0000,0.0000,0
62,features.11,6,pruned_before,nan,0.000000e+00,0.000000e+00,0.0000,0.0000,0
62,features.11,7,pruned_before,nan,0.000000e+00,0.000000e+00,0.0000,0.0000,0
62,features.11,8,pruned_before,nan,0.000000e+00,0.000000e+00,0.0000,0.0000,0
62,features.11,9,pruned_before,nan,0.000000e+00,0.000000e+00,0.0000,0.0000,0
62,features.11,10,protected,0.078947,1.552826e-06,2.092447e-03,0.8421,1.0000,169
62,features.11,11,pruned_before,nan,0.000000e+00,0.000000e+00,0.0000,0.0000,0
62,features.11,12,pruned_before,nan,0.000000e+00,0.000000e+00,0.0000,0.0000,0
62,features.11,13,pruned_before,nan,0.000000e+00,0.000000e+00,0.0000,0.0000,0
62,features.11,14,pruned_before,nan,0.000000e+00,0.000000e+00,0.0000,0.0000,0
62,features.11,15,pruned_before,nan,0.000000e+00,0.000000e+00,0.0000,0.0000,0
62,features.11,16,pruned_before,nan,0.000000e+00,0.000000e+00,0.0000,0.0000,0
62,features.11,17,active,-0.118421,5.215458e-06,5.456355e-04,1.0000,0.7632,169
62,features.11,18,pruned_before,nan,0.000000e+00,0.000000e+00,0.0000,0.0000,0
62,features.11,19,pruned_before,nan,0.000000e+00,0.000000e+00,0.0000,0.0000,0
62,features.11,20,pruned_before,nan,0.000000e+00,0.000000e+00,0.0000,0.0000,0
62,features.11,21,pruned_before,nan,0.000000e+00,0.000000e+00,0.0000,0.0000,0
62,features.11,22,pruned_before,nan,0.000000e+00,0.000000e+00,0.0000,0.0000,0
62,features.11,23,pruned_before,nan,0.000000e+00,0.000000e+00,0.0000,0.0000,0
62,features.11,24,pruned_before,nan,0.000000e+00,0.000000e+00,0.0000,0.0000,0
62,features.11,25,pruned_before,nan,0.000000e+00,0.000000e+00,0.0000,0.0000,0
62,features.11,26,pruned_before,nan,0.000000e+00,0.000000e+00,0.0000,0.0000,0
62,features.11,27,pruned_before,nan,0.000000e+00,0.000000e+00,0.0000,0.0000,0
62,features.11,28,pruned_before,nan,0.000000e+00,0.000000e+00,0.0000,0.0000,0
62,features.11,29,pruned_before,nan,0.000000e+00,0.000000e+00,0.0000,0.0000,0
62,features.11,30,pruned_before,nan,0.000000e+00,0.000000e+00,0.0000,0.0000,0
62,features.11,31,pruned_before,nan,0.000000e+00,0.000000e+00,0.0000,0.0000,0
62,features.11,32,pruned_before,nan,0.000000e+00,0.000000e+00,0.0000,0.0000,0
62,features.11,33,active,0.065789,3.747378e-07,1.946921e-04,0.3947,0.5263,169
62,features.11,34,pruned_before,nan,0.000000e+00,0.000000e+00,0.0000,0.0000,0
62,features.11,35,pruned_before,nan,0.000000e+00,0.000000e+00,0.0000,0.0000,0
62,features.11,36,pruned_before,nan,0.000000e+00,0.000000e+00,0.0000,0.0000,0
62,features.11,37,pruned_before,nan,0.000000e+00,0.000000e+00,0.0000,0.0000,0
62,features.11,38,pruned_before,nan,0.000000e+00,0.000000e+00,0.0000,0.0000,0
62,features.11,39,pruned_before,nan,0.000000e+00,0.000000e+00,0.0000,0.0000,0
62,features.11,40,pruned_before,nan,0.000000e+00,0.000000e+00,0.0000,0.0000,0
62,features.11,41,pruned_before,nan,0.000000e+00,0.000000e+00,0.0000,0.0000,0
62,features.11,42,active,0.157895,1.254154e-07,1.476023e-04,0.1316,0.4474,169
62,features.11,43,pruned_before,nan,0.000000e+00,0.000000e+00,0.0000,0.0000,0
62,features.11,44,active,-0.144737,8.652748e-07,1.450737e-04,0.7105,0.4211,169
62,features.11,45,pruned_before,nan,0.000000e+00,0.000000e+00,0.0000,0.0000,0
62,features.11,46,pruned_before,nan,0.000000e+00,0.000000e+00,0.0000,0.0000,0
62,features.11,47,pruned_before,nan,0.000000e+00,0.000000e+00,0.0000,0.0000,0
62,features.11,48,pruned_before,nan,0.000000e+00,0.000000e+00,0.0000,0.0000,0
62,features.11,49,pruned_before,nan,0.000000e+00,0.000000e+00,0.0000,0.0000,0
62,features.11,50,active,-0.105263,1.833359e-06,4.003468e-04,0.8947,0.6842,169
62,features.11,51,pruned_before,nan,0.000000e+00,0.000000e+00,0.0000,0.0000,0
62,features.11,52,pruned_before,nan,0.000000e+00,0.000000e+00,0.0000,0.0000,0
62,features.11,53,pruned_before,nan,0.000000e+00,0.000000e+00,0.0000,0.0000,0
62,features.11,54,pruned_before,nan,0.000000e+00,0.000000e+00,0.0000,0.0000,0
62,features.11,55,pruned_before,nan,0.000000e+00,0.000000e+00,0.0000,0.0000,0
62,features.11,56,active,-0.013158,1.131470e-07,3.358730e-05,0.1053,0.0789,169
62,features.11,57,pruned_before,nan,0.000000e+00,0.000000e+00,0.0000,0.0000,0
62,features.11,58,pruned_before,nan,0.000000e+00,0.000000e+00,0.0000,0.0000,0
62,features.11,59,pruned_before,nan,0.000000e+00,0.000000e+00,0.0000,0.0000,0
62,features.11,60,pruned_before,nan,0.000000e+00,0.000000e+00,0.0000,0.0000,0
62,features.11,61,pruned_before,nan,0.000000e+00,0.000000e+00,0.0000,0.0000,0
62,features.11,62,pruned_before,nan,0.000000e+00,0.000000e+00,0.0000,0.0000,0
62,features.11,63,pruned_before,nan,0.000000e+00,0.000000e+00,0.0000,0.0000,0
62,features.11,64,pruned_before,nan,0.000000e+00,0.000000e+00,0.0000,0.0000,0
62,features.11,65,active,0.039474,1.067940e-07,5.078943e-05,0.0789,0.1579,169
62,features.11,66,pruned_before,nan,0.000000e+00,0.000000e+00,0.0000,0.0000,0
62,features.11,67,active,0.171053,4.998088e-07,1.100127e-03,0.5526,0.8947,169
62,features.11,68,pruned_before,nan,0.000000e+00,0.000000e+00,0.0000,0.0000,0
62,features.11,69,pruned_before,nan,0.000000e+00,0.000000e+00,0.0000,0.0000,0
62,features.11,70,pruned_before,nan,0.000000e+00,0.000000e+00,0.0000,0.0000,0
62,features.11,71,pruned_before,nan,0.000000e+00,0.000000e+00,0.0000,0.0000,0
62,features.11,72,pruned_before,nan,0.000000e+00,0.000000e+00,0.0000,0.0000,0
62,features.11,73,pruned_before,nan,0.000000e+00,0.000000e+00,0.0000,0.0000,0
62,features.11,74,pruned_before,nan,0.000000e+00,0.000000e+00,0.0000,0.0000,0
62,features.11,75,pruned_before,nan,0.000000e+00,0.000000e+00,0.0000,0.0000,0
62,features.11,76,pruned_before,nan,0.000000e+00,0.000000e+00,0.0000,0.0000,0
62,features.11,77,pruned_before,nan,0.000000e+00,0.000000e+00,0.0000,0.0000,0
62,features.11,78,pruned_before,nan,0.000000e+00,0.000000e+00,0.0000,0.0000,0
62,features.11,79,pruned_before,nan,0.000000e+00,0.000000e+00,0.0000,0.0000,0
62,features.11,80,pruned_before,nan,0.000000e+00,0.000000e+00,0.0000,0.0000,0
62,features.11,81,pruned_before,nan,0.000000e+00,0.000000e+00,0.0000,0.0000,0
62,features.11,82,pruned_before,nan,0.000000e+00,0.000000e+00,0.0000,0.0000,0
62,features.11,83,pruned_before,nan,0.000000e+00,0.000000e+00,0.0000,0.0000,0
62,features.11,84,pruned_before,nan,0.000000e+00,0.000000e+00,0.0000,0.0000,0
62,features.11,85,pruned_before,nan,0.000000e+00,0.000000e+00,0.0000,0.0000,0
62,features.11,86,pruned_before,nan,0.000000e+00,0.000000e+00,0.0000,0.0000,0
62,features.11,87,pruned_before,nan,0.000000e+00,0.000000e+00,0.0000,0.0000,0
62,features.11,88,pruned_before,nan,0.000000e+00,0.000000e+00,0.0000,0.0000,0
62,features.11,89,pruned_before,nan,0.000000e+00,0.000000e+00,0.0000,0.0000,0
62,features.11,90,pruned_before,nan,0.000000e+00,0.000000e+00,0.0000,0.0000,0
62,features.11,91,pruned_before,nan,0.000000e+00,0.000000e+00,0.0000,0.0000,0
62,features.11,92,pruned_before,nan,0.000000e+00,0.000000e+00,0.0000,0.0000,0
62,features.11,93,pruned_before,nan,0.000000e+00,0.000000e+00,0.0000,0.0000,0
62,features.11,94,pruned_before,nan,0.000000e+00,0.000000e+00,0.0000,0.0000,0
62,features.11,95,pruned_before,nan,0.000000e+00,0.000000e+00,0.0000,0.0000,0
62,features.11,96,pruned_before,nan,0.000000e+00,0.000000e+00,0.0000,0.0000,0
62,features.11,97,pruned_before,nan,0.000000e+00,0.000000e+00,0.0000,0.0000,0
62,features.11,98,pruned_before,nan,0.000000e+00,0.000000e+00,0.0000,0.0000,0
62,features.11,99,pruned_before,nan,0.000000e+00,0.000000e+00,0.0000,0.0000,0
62,features.11,100,pruned_before,nan,0.000000e+00,0.000000e+00,0.0000,0.0000,0
62,features.11,101,active,-0.078947,1.464099e-07,1.563641e-05,0.1579,0.0000,169
62,features.11,102,pruned_before,nan,0.000000e+00,0.000000e+00,0.0000,0.0000,0
62,features.11,103,pruned_before,nan,0.000000e+00,0.000000e+00,0.0000,0.0000,0
62,features.11,104,pruned_before,nan,0.000000e+00,0.000000e+00,0.0000,0.0000,0
62,features.11,105,pruned_before,nan,0.000000e+00,0.000000e+00,0.0000,0.0000,0
62,features.11,106,pruned_before,nan,0.000000e+00,0.000000e+00,0.0000,0.0000,0
62,features.11,107,active,-0.039474,1.301080e-06,5.319573e-04,0.8158,0.7368,169
62,features.11,108,pruned_before,nan,0.000000e+00,0.000000e+00,0.0000,0.0000,0
62,features.11,109,pruned_before,nan,0.000000e+00,0.000000e+00,0.0000,0.0000,0
62,features.11,110,pruned_before,nan,0.000000e+00,0.000000e+00,0.0000,0.0000,0
62,features.11,111,pruned_before,nan,0.000000e+00,0.000000e+00,0.0000,0.0000,0
62,features.11,112,pruned_before,nan,0.000000e+00,0.000000e+00,0.0000,0.0000,0
62,features.11,113,pruned_before,nan,0.000000e+00,0.000000e+00,0.0000,0.0000,0
62,features.11,114,pruned_before,nan,0.000000e+00,0.000000e+00,0.0000,0.0000,0
62,features.11,115,active,-0.013158,9.175902e-08,2.005890e-05,0.0526,0.0263,169
62,features.11,116,pruned_before,nan,0.000000e+00,0.000000e+00,0.0000,0.0000,0
62,features.11,117,pruned_before,nan,0.000000e+00,0.000000e+00,0.0000,0.0000,0
62,features.11,118,pruned_before,nan,0.000000e+00,0.000000e+00,0.0000,0.0000,0
62,features.11,119,pruned_before,nan,0.000000e+00,0.000000e+00,0.0000,0.0000,0
62,features.11,120,pruned_before,nan,0.000000e+00,0.000000e+00,0.0000,0.0000,0
62,features.11,121,pruned_before,nan,0.000000e+00,0.000000e+00,0.0000,0.0000,0
62,features.11,122,pruned_before,nan,0.000000e+00,0.000000e+00,0.0000,0.0000,0
62,features.11,123,pruned_before,nan,0.000000e+00,0.000000e+00,0.0000,0.0000,0
62,features.11,124,active,0.144737,2.035994e-07,1.827248e-04,0.2105,0.5000,169
62,features.11,125,active,0.052632,2.806398e-07,9.560816e-05,0.2368,0.3421,169
62,features.11,126,pruned_before,nan,0.000000e+00,0.000000e+00,0.0000,0.0000,0
62,features.11,127,pruned_before,nan,0.000000e+00,0.000000e+00,0.0000,0.0000,0
62,features.11,128,pruned_before,nan,0.000000e+00,0.000000e+00,0.0000,0.0000,0
62,features.11,129,pruned_before,nan,0.000000e+00,0.000000e+00,0.0000,0.0000,0
62,features.11,130,pruned_before,nan,0.000000e+00,0.000000e+00,0.0000,0.0000,0
62,features.11,131,pruned_before,nan,0.000000e+00,0.000000e+00,0.0000,0.0000,0
62,features.11,132,pruned_before,nan,0.000000e+00,0.000000e+00,0.0000,0.0000,0
62,features.11,133,pruned_before,nan,0.000000e+00,0.000000e+00,0.0000,0.0000,0
62,features.11,134,pruned_before,nan,0.000000e+00,0.000000e+00,0.0000,0.0000,0
62,features.11,135,active,-0.105263,4.753318e-07,8.504705e-05,0.5263,0.3158,169
62,features.11,136,pruned_before,nan,0.000000e+00,0.000000e+00,0.0000,0.0000,0
62,features.11,137,pruned_before,nan,0.000000e+00,0.000000e+00,0.0000,0.0000,0
62,features.11,138,pruned_before,nan,0.000000e+00,0.000000e+00,0.0000,0.0000,0
62,features.11,139,pruned_before,nan,0.000000e+00,0.000000e+00,0.0000,0.0000,0
62,features.11,140,pruned_before,nan,0.000000e+00,0.000000e+00,0.0000,0.0000,0
62,features.11,141,pruned_before,nan,0.000000e+00,0.000000e+00,0.0000,0.0000,0
62,features.11,142,pruned_before,nan,0.000000e+00,0.000000e+00,0.0000,0.0000,0
62,features.11,143,pruned_before,nan,0.000000e+00,0.000000e+00,0.0000,0.0000,0
62,features.11,144,pruned_before,nan,0.000000e+00,0.000000e+00,0.0000,0.0000,0
62,features.11,145,pruned_now,-0.236842,6.195980e-07,3.798857e-05,0.6053,0.1316,169
62,features.11,146,pruned_before,nan,0.000000e+00,0.000000e+00,0.0000,0.0000,0
62,features.11,147,pruned_before,nan,0.000000e+00,0.000000e+00,0.0000,0.0000,0
62,features.11,148,pruned_before,nan,0.000000e+00,0.000000e+00,0.0000,0.0000,0
62,features.11,149,pruned_before,nan,0.000000e+00,0.000000e+00,0.0000,0.0000,0
62,features.11,150,pruned_before,nan,0.000000e+00,0.000000e+00,0.0000,0.0000,0
62,features.11,151,pruned_before,nan,0.000000e+00,0.000000e+00,0.0000,0.0000,0
62,features.11,152,pruned_before,nan,0.000000e+00,0.000000e+00,0.0000,0.0000,0
62,features.11,153,pruned_before,nan,0.000000e+00,0.000000e+00,0.0000,0.0000,0
62,features.11,154,pruned_before,nan,0.000000e+00,0.000000e+00,0.0000,0.0000,0
62,features.11,155,pruned_before,nan,0.000000e+00,0.000000e+00,0.0000,0.0000,0
62,features.11,156,pruned_before,nan,0.000000e+00,0.000000e+00,0.0000,0.0000,0
62,features.11,157,pruned_before,nan,0.000000e+00,0.000000e+00,0.0000,0.0000,0
62,features.11,158,pruned_before,nan,0.000000e+00,0.000000e+00,0.0000,0.0000,0
62,features.11,159,pruned_before,nan,0.000000e+00,0.000000e+00,0.0000,0.0000,0
62,features.11,160,pruned_before,nan,0.000000e+00,0.000000e+00,0.0000,0.0000,0
62,features.11,161,pruned_before,nan,0.000000e+00,0.000000e+00,0.0000,0.0000,0
62,features.11,162,pruned_before,nan,0.000000e+00,0.000000e+00,0.0000,0.0000,0
62,features.11,163,pruned_before,nan,0.000000e+00,0.000000e+00,0.0000,0.0000,0
62,features.11,164,pruned_before,nan,0.000000e+00,0.000000e+00,0.0000,0.0000,0
62,features.11,165,pruned_before,nan,0.000000e+00,0.000000e+00,0.0000,0.0000,0
62,features.11,166,pruned_before,nan,0.000000e+00,0.000000e+00,0.0000,0.0000,0
62,features.11,167,pruned_before,nan,0.000000e+00,0.000000e+00,0.0000,0.0000,0
62,features.11,168,pruned_before,nan,0.000000e+00,0.000000e+00,0.0000,0.0000,0
62,features.11,169,pruned_before,nan,0.000000e+00,0.000000e+00,0.0000,0.0000,0
62,features.11,170,pruned_before,nan,0.000000e+00,0.000000e+00,0.0000,0.0000,0
62,features.11,171,active,0.078947,8.510647e-07,6.303316e-04,0.6842,0.8421,169
62,features.11,172,pruned_before,nan,0.000000e+00,0.000000e+00,0.0000,0.0000,0
62,features.11,173,pruned_before,nan,0.000000e+00,0.000000e+00,0.0000,0.0000,0
62,features.11,174,pruned_before,nan,0.000000e+00,0.000000e+00,0.0000,0.0000,0
62,features.11,175,pruned_before,nan,0.000000e+00,0.000000e+00,0.0000,0.0000,0
62,features.11,176,pruned_before,nan,0.000000e+00,0.000000e+00,0.0000,0.0000,0
62,features.11,177,pruned_before,nan,0.000000e+00,0.000000e+00,0.0000,0.0000,0
62,features.11,178,pruned_before,nan,0.000000e+00,0.000000e+00,0.0000,0.0000,0
62,features.11,179,pruned_before,nan,0.000000e+00,0.000000e+00,0.0000,0.0000,0
62,features.11,180,pruned_before,nan,0.000000e+00,0.000000e+00,0.0000,0.0000,0
62,features.11,181,active,0.013158,3.490112e-07,1.059558e-04,0.3421,0.3684,169
62,features.11,182,pruned_before,nan,0.000000e+00,0.000000e+00,0.0000,0.0000,0
62,features.11,183,pruned_before,nan,0.000000e+00,0.000000e+00,0.0000,0.0000,0
62,features.11,184,pruned_before,nan,0.000000e+00,0.000000e+00,0.0000,0.0000,0
62,features.11,185,active,-0.026316,3.113015e-07,7.295320e-05,0.2895,0.2368,169
62,features.11,186,pruned_before,nan,0.000000e+00,0.000000e+00,0.0000,0.0000,0
62,features.11,187,pruned_before,nan,0.000000e+00,0.000000e+00,0.0000,0.0000,0
62,features.11,188,pruned_before,nan,0.000000e+00,0.000000e+00,0.0000,0.0000,0
62,features.11,189,pruned_before,nan,0.000000e+00,0.000000e+00,0.0000,0.0000,0
62,features.11,190,pruned_before,nan,0.000000e+00,0.000000e+00,0.0000,0.0000,0
62,features.11,191,pruned_before,nan,0.000000e+00,0.000000e+00,0.0000,0.0000,0
62,features.11,192,pruned_before,nan,0.000000e+00,0.000000e+00,0.0000,0.0000,0
62,features.11,193,pruned_before,nan,0.000000e+00,0.000000e+00,0.0000,0.0000,0
62,features.11,194,pruned_before,nan,0.000000e+00,0.000000e+00,0.0000,0.0000,0
62,features.11,195,pruned_before,nan,0.000000e+00,0.000000e+00,0.0000,0.0000,0
62,features.11,196,pruned_before,nan,0.000000e+00,0.000000e+00,0.0000,0.0000,0
62,features.11,197,pruned_before,nan,0.000000e+00,0.000000e+00,0.0000,0.0000,0
62,features.11,198,pruned_before,nan,0.000000e+00,0.000000e+00,0.0000,0.0000,0
62,features.11,199,active,-0.078947,2.165645e-06,5.860249e-04,0.9737,0.8158,169
62,features.11,200,pruned_before,nan,0.000000e+00,0.000000e+00,0.0000,0.0000,0
62,features.11,201,pruned_before,nan,0.000000e+00,0.000000e+00,0.0000,0.0000,0
62,features.11,202,pruned_before,nan,0.000000e+00,0.000000e+00,0.0000,0.0000,0
62,features.11,203,active,0.026316,2.228160e-08,2.213617e-05,0.0000,0.0526,169
62,features.11,204,pruned_before,nan,0.000000e+00,0.000000e+00,0.0000,0.0000,0
62,features.11,205,pruned_before,nan,0.000000e+00,0.000000e+00,0.0000,0.0000,0
62,features.11,206,pruned_before,nan,0.000000e+00,0.000000e+00,0.0000,0.0000,0
62,features.11,207,active,0.171053,3.190872e-07,3.427733e-04,0.3158,0.6579,169
62,features.11,208,pruned_before,nan,0.000000e+00,0.000000e+00,0.0000,0.0000,0
62,features.11,209,pruned_before,nan,0.000000e+00,0.000000e+00,0.0000,0.0000,0
62,features.11,210,pruned_before,nan,0.000000e+00,0.000000e+00,0.0000,0.0000,0
62,features.11,211,pruned_before,nan,0.000000e+00,0.000000e+00,0.0000,0.0000,0
62,features.11,212,pruned_before,nan,0.000000e+00,0.000000e+00,0.0000,0.0000,0
62,features.11,213,pruned_before,nan,0.000000e+00,0.000000e+00,0.0000,0.0000,0
62,features.11,214,pruned_before,nan,0.000000e+00,0.000000e+00,0.0000,0.0000,0
62,features.11,215,pruned_before,nan,0.000000e+00,0.000000e+00,0.0000,0.0000,0
62,features.11,216,pruned_before,nan,0.000000e+00,0.000000e+00,0.0000,0.0000,0
62,features.11,217,pruned_before,nan,0.000000e+00,0.000000e+00,0.0000,0.0000,0
62,features.11,218,pruned_before,nan,0.000000e+00,0.000000e+00,0.0000,0.0000,0
62,features.11,219,pruned_before,nan,0.000000e+00,0.000000e+00,0.0000,0.0000,0
62,features.11,220,active,-0.092105,5.233616e-07,1.232674e-04,0.5789,0.3947,169
62,features.11,221,pruned_before,nan,0.000000e+00,0.000000e+00,0.0000,0.0000,0
62,features.11,222,pruned_before,nan,0.000000e+00,0.000000e+00,0.0000,0.0000,0
62,features.11,223,pruned_before,nan,0.000000e+00,0.000000e+00,0.0000,0.0000,0
62,features.11,224,pruned_before,nan,0.000000e+00,0.000000e+00,0.0000,0.0000,0
62,features.11,225,pruned_before,nan,0.000000e+00,0.000000e+00,0.0000,0.0000,0
62,features.11,226,pruned_before,nan,0.000000e+00,0.000000e+00,0.0000,0.0000,0
62,features.11,227,pruned_before,nan,0.000000e+00,0.000000e+00,0.0000,0.0000,0
62,features.11,228,pruned_before,nan,0.000000e+00,0.000000e+00,0.0000,0.0000,0
62,features.11,229,pruned_before,nan,0.000000e+00,0.000000e+00,0.0000,0.0000,0
62,features.11,230,pruned_before,nan,0.000000e+00,0.000000e+00,0.0000,0.0000,0
62,features.11,231,pruned_before,nan,0.000000e+00,0.000000e+00,0.0000,0.0000,0
62,features.11,232,pruned_before,nan,0.000000e+00,0.000000e+00,0.0000,0.0000,0
62,features.11,233,pruned_before,nan,0.000000e+00,0.000000e+00,0.0000,0.0000,0
62,features.11,234,pruned_before,nan,0.000000e+00,0.000000e+00,0.0000,0.0000,0
62,features.11,235,active,-0.078947,1.079345e-06,2.644410e-04,0.7368,0.5789,169
62,features.11,236,pruned_before,nan,0.000000e+00,0.000000e+00,0.0000,0.0000,0
62,features.11,237,pruned_before,nan,0.000000e+00,0.000000e+00,0.0000,0.0000,0
62,features.11,238,pruned_before,nan,0.000000e+00,0.000000e+00,0.0000,0.0000,0
62,features.11,239,pruned_before,nan,0.000000e+00,0.000000e+00,0.0000,0.0000,0
62,features.11,240,pruned_before,nan,0.000000e+00,0.000000e+00,0.0000,0.0000,0
62,features.11,241,pruned_before,nan,0.000000e+00,0.000000e+00,0.0000,0.0000,0
62,features.11,242,pruned_before,nan,0.000000e+00,0.000000e+00,0.0000,0.0000,0
62,features.11,243,pruned_before,nan,0.000000e+00,0.000000e+00,0.0000,0.0000,0
62,features.11,244,pruned_before,nan,0.000000e+00,0.000000e+00,0.0000,0.0000,0
62,features.11,245,active,0.223684,3.865645e-07,6.502084e-04,0.4211,0.8684,169
62,features.11,246,pruned_before,nan,0.000000e+00,0.000000e+00,0.0000,0.0000,0
62,features.11,247,pruned_before,nan,0.000000e+00,0.000000e+00,0.0000,0.0000,0
62,features.11,248,pruned_before,nan,0.000000e+00,0.000000e+00,0.0000,0.0000,0
62,features.11,249,pruned_before,nan,0.000000e+00,0.000000e+00,0.0000,0.0000,0
62,features.11,250,pruned_before,nan,0.000000e+00,0.000000e+00,0.0000,0.0000,0
62,features.11,251,pruned_before,nan,0.000000e+00,0.000000e+00,0.0000,0.0000,0
62,features.11,252,pruned_before,nan,0.000000e+00,0.000000e+00,0.0000,0.0000,0
62,features.11,253,pruned_before,nan,0.000000e+00,0.000000e+00,0.0000,0.0000,0
62,features.11,254,pruned_before,nan,0.000000e+00,0.000000e+00,0.0000,0.0000,0
62,features.11,255,pruned_before,nan,0.000000e+00,0.000000e+00,0.0000,0.0000,0
62,features.11,256,pruned_before,nan,0.000000e+00,0.000000e+00,0.0000,0.0000,0
62,features.11,257,pruned_before,nan,0.000000e+00,0.000000e+00,0.0000,0.0000,0
62,features.11,258,pruned_before,nan,0.000000e+00,0.000000e+00,0.0000,0.0000,0
62,features.11,259,pruned_before,nan,0.000000e+00,0.000000e+00,0.0000,0.0000,0
62,features.11,260,pruned_before,nan,0.000000e+00,0.000000e+00,0.0000,0.0000,0
62,features.11,261,pruned_before,nan,0.000000e+00,0.000000e+00,0.0000,0.0000,0
62,features.11,262,active,-0.078947,2.012403e-06,5.784109e-04,0.9474,0.7895,169
62,features.11,263,pruned_before,nan,0.000000e+00,0.000000e+00,0.0000,0.0000,0
62,features.11,264,pruned_before,nan,0.000000e+00,0.000000e+00,0.0000,0.0000,0
62,features.11,265,pruned_before,nan,0.000000e+00,0.000000e+00,0.0000,0.0000,0
62,features.11,266,pruned_before,nan,0.000000e+00,0.000000e+00,0.0000,0.0000,0
62,features.11,267,pruned_before,nan,0.000000e+00,0.000000e+00,0.0000,0.0000,0
62,features.11,268,pruned_before,nan,0.000000e+00,0.000000e+00,0.0000,0.0000,0
62,features.11,269,pruned_before,nan,0.000000e+00,0.000000e+00,0.0000,0.0000,0
62,features.11,270,pruned_before,nan,0.000000e+00,0.000000e+00,0.0000,0.0000,0
62,features.11,271,pruned_before,nan,0.000000e+00,0.000000e+00,0.0000,0.0000,0
62,features.11,272,pruned_before,nan,0.000000e+00,0.000000e+00,0.0000,0.0000,0
62,features.11,273,pruned_before,nan,0.000000e+00,0.000000e+00,0.0000,0.0000,0
62,features.11,274,pruned_before,nan,0.000000e+00,0.000000e+00,0.0000,0.0000,0
62,features.11,275,pruned_before,nan,0.000000e+00,0.000000e+00,0.0000,0.0000,0
62,features.11,276,pruned_before,nan,0.000000e+00,0.000000e+00,0.0000,0.0000,0
62,features.11,277,active,-0.105263,4.466097e-07,8.098574e-05,0.5000,0.2895,169
62,features.11,278,pruned_before,nan,0.000000e+00,0.000000e+00,0.0000,0.0000,0
62,features.11,279,pruned_before,nan,0.000000e+00,0.000000e+00,0.0000,0.0000,0
62,features.11,280,pruned_before,nan,0.000000e+00,0.000000e+00,0.0000,0.0000,0
62,features.11,281,pruned_before,nan,0.000000e+00,0.000000e+00,0.0000,0.0000,0
62,features.11,282,pruned_before,nan,0.000000e+00,0.000000e+00,0.0000,0.0000,0
62,features.11,283,pruned_before,nan,0.000000e+00,0.000000e+00,0.0000,0.0000,0
62,features.11,284,pruned_before,nan,0.000000e+00,0.000000e+00,0.0000,0.0000,0
62,features.11,285,pruned_before,nan,0.000000e+00,0.000000e+00,0.0000,0.0000,0
62,features.11,286,pruned_before,nan,0.000000e+00,0.000000e+00,0.0000,0.0000,0
62,features.11,287,pruned_before,nan,0.000000e+00,0.000000e+00,0.0000,0.0000,0
62,features.11,288,pruned_before,nan,0.000000e+00,0.000000e+00,0.0000,0.0000,0
62,features.11,289,pruned_before,nan,0.000000e+00,0.000000e+00,0.0000,0.0000,0
62,features.11,290,pruned_before,nan,0.000000e+00,0.000000e+00,0.0000,0.0000,0
62,features.11,291,pruned_before,nan,0.000000e+00,0.000000e+00,0.0000,0.0000,0
62,features.11,292,pruned_before,nan,0.000000e+00,0.000000e+00,0.0000,0.0000,0
62,features.11,293,pruned_before,nan,0.000000e+00,0.000000e+00,0.0000,0.0000,0
62,features.11,294,pruned_before,nan,0.000000e+00,0.000000e+00,0.0000,0.0000,0
62,features.11,295,pruned_before,nan,0.000000e+00,0.000000e+00,0.0000,0.0000,0
62,features.11,296,pruned_before,nan,0.000000e+00,0.000000e+00,0.0000,0.0000,0
62,features.11,297,pruned_before,nan,0.000000e+00,0.000000e+00,0.0000,0.0000,0
62,features.11,298,pruned_before,nan,0.000000e+00,0.000000e+00,0.0000,0.0000,0
62,features.11,299,pruned_before,nan,0.000000e+00,0.000000e+00,0.0000,0.0000,0
62,features.11,300,pruned_before,nan,0.000000e+00,0.000000e+00,0.0000,0.0000,0
62,features.11,301,pruned_before,nan,0.000000e+00,0.000000e+00,0.0000,0.0000,0
62,features.11,302,pruned_before,nan,0.000000e+00,0.000000e+00,0.0000,0.0000,0
62,features.11,303,pruned_before,nan,0.000000e+00,0.000000e+00,0.0000,0.0000,0
62,features.11,304,pruned_before,nan,0.000000e+00,0.000000e+00,0.0000,0.0000,0
62,features.11,305,pruned_before,nan,0.000000e+00,0.000000e+00,0.0000,0.0000,0
62,features.11,306,pruned_before,nan,0.000000e+00,0.000000e+00,0.0000,0.0000,0
62,features.11,307,pruned_before,nan,0.000000e+00,0.000000e+00,0.0000,0.0000,0
62,features.11,308,pruned_before,nan,0.000000e+00,0.000000e+00,0.0000,0.0000,0
62,features.11,309,pruned_before,nan,0.000000e+00,0.000000e+00,0.0000,0.0000,0
62,features.11,310,pruned_before,nan,0.000000e+00,0.000000e+00,0.0000,0.0000,0
62,features.11,311,active,0.039474,8.072297e-08,3.496206e-05,0.0263,0.1053,169
62,features.11,312,pruned_before,nan,0.000000e+00,0.000000e+00,0.0000,0.0000,0
62,features.11,313,active,-0.105263,1.182141e-06,1.998881e-04,0.7632,0.5526,169
62,features.11,314,pruned_before,nan,0.000000e+00,0.000000e+00,0.0000,0.0000,0
62,features.11,315,pruned_before,nan,0.000000e+00,0.000000e+00,0.0000,0.0000,0
62,features.11,316,pruned_before,nan,0.000000e+00,0.000000e+00,0.0000,0.0000,0
62,features.11,317,active,-0.026316,6.916483e-07,2.756548e-04,0.6579,0.6053,169
62,features.11,318,pruned_before,nan,0.000000e+00,0.000000e+00,0.0000,0.0000,0
62,features.11,319,pruned_before,nan,0.000000e+00,0.000000e+00,0.0000,0.0000,0
62,features.11,320,pruned_before,nan,0.000000e+00,0.000000e+00,0.0000,0.0000,0
62,features.11,321,pruned_before,nan,0.000000e+00,0.000000e+00,0.0000,0.0000,0
62,features.11,322,pruned_before,nan,0.000000e+00,0.000000e+00,0.0000,0.0000,0
62,features.11,323,pruned_before,nan,0.000000e+00,0.000000e+00,0.0000,0.0000,0
62,features.11,324,pruned_before,nan,0.000000e+00,0.000000e+00,0.0000,0.0000,0
62,features.11,325,pruned_before,nan,0.000000e+00,0.000000e+00,0.0000,0.0000,0
62,features.11,326,pruned_before,nan,0.000000e+00,0.000000e+00,0.0000,0.0000,0
62,features.11,327,pruned_before,nan,0.000000e+00,0.000000e+00,0.0000,0.0000,0
62,features.11,328,pruned_before,nan,0.000000e+00,0.000000e+00,0.0000,0.0000,0
62,features.11,329,pruned_before,nan,0.000000e+00,0.000000e+00,0.0000,0.0000,0
62,features.11,330,pruned_before,nan,0.000000e+00,0.000000e+00,0.0000,0.0000,0
62,features.11,331,pruned_before,nan,0.000000e+00,0.000000e+00,0.0000,0.0000,0
62,features.11,332,pruned_before,nan,0.000000e+00,0.000000e+00,0.0000,0.0000,0
62,features.11,333,pruned_before,nan,0.000000e+00,0.000000e+00,0.0000,0.0000,0
62,features.11,334,pruned_before,nan,0.000000e+00,0.000000e+00,0.0000,0.0000,0
62,features.11,335,pruned_before,nan,0.000000e+00,0.000000e+00,0.0000,0.0000,0
62,features.11,336,active,-0.118421,4.295881e-07,6.166958e-05,0.4474,0.2105,169
62,features.11,337,pruned_before,nan,0.000000e+00,0.000000e+00,0.0000,0.0000,0
62,features.11,338,pruned_before,nan,0.000000e+00,0.000000e+00,0.0000,0.0000,0
62,features.11,339,pruned_before,nan,0.000000e+00,0.000000e+00,0.0000,0.0000,0
62,features.11,340,pruned_before,nan,0.000000e+00,0.000000e+00,0.0000,0.0000,0
62,features.11,341,pruned_before,nan,0.000000e+00,0.000000e+00,0.0000,0.0000,0
62,features.11,342,active,0.000000,1.968610e-06,1.145406e-03,0.9211,0.9211,169
62,features.11,343,pruned_now,-0.197368,1.828794e-06,1.826182e-04,0.8684,0.4737,169
62,features.11,344,pruned_before,nan,0.000000e+00,0.000000e+00,0.0000,0.0000,0
62,features.11,345,pruned_before,nan,0.000000e+00,0.000000e+00,0.0000,0.0000,0
62,features.11,346,pruned_before,nan,0.000000e+00,0.000000e+00,0.0000,0.0000,0
62,features.11,347,pruned_before,nan,0.000000e+00,0.000000e+00,0.0000,0.0000,0
62,features.11,348,pruned_before,nan,0.000000e+00,0.000000e+00,0.0000,0.0000,0
62,features.11,349,pruned_before,nan,0.000000e+00,0.000000e+00,0.0000,0.0000,0
62,features.11,350,active,0.000000,2.000452e-07,6.019583e-05,0.1842,0.1842,169
62,features.11,351,pruned_before,nan,0.000000e+00,0.000000e+00,0.0000,0.0000,0
62,features.11,352,pruned_before,nan,0.000000e+00,0.000000e+00,0.0000,0.0000,0
62,features.11,353,active,-0.184211,6.287401e-07,7.762577e-05,0.6316,0.2632,169
62,features.11,354,pruned_before,nan,0.000000e+00,0.000000e+00,0.0000,0.0000,0
62,features.11,355,pruned_before,nan,0.000000e+00,0.000000e+00,0.0000,0.0000,0
62,features.11,356,pruned_before,nan,0.000000e+00,0.000000e+00,0.0000,0.0000,0
62,features.11,357,pruned_before,nan,0.000000e+00,0.000000e+00,0.0000,0.0000,0
62,features.11,358,pruned_before,nan,0.000000e+00,0.000000e+00,0.0000,0.0000,0
62,features.11,359,pruned_before,nan,0.000000e+00,0.000000e+00,0.0000,0.0000,0
62,features.11,360,pruned_before,nan,0.000000e+00,0.000000e+00,0.0000,0.0000,0
62,features.11,361,pruned_before,nan,0.000000e+00,0.000000e+00,0.0000,0.0000,0
62,features.11,362,pruned_before,nan,0.000000e+00,0.000000e+00,0.0000,0.0000,0
62,features.11,363,pruned_before,nan,0.000000e+00,0.000000e+00,0.0000,0.0000,0
62,features.11,364,active,0.236842,4.336284e-07,1.330039e-03,0.4737,0.9474,169
62,features.11,365,pruned_before,nan,0.000000e+00,0.000000e+00,0.0000,0.0000,0
62,features.11,366,pruned_before,nan,0.000000e+00,0.000000e+00,0.0000,0.0000,0
62,features.11,367,pruned_before,nan,0.000000e+00,0.000000e+00,0.0000,0.0000,0
62,features.11,368,active,0.092105,1.270312e-06,2.052626e-03,0.7895,0.9737,169
62,features.11,369,pruned_before,nan,0.000000e+00,0.000000e+00,0.0000,0.0000,0
62,features.11,370,pruned_before,nan,0.000000e+00,0.000000e+00,0.0000,0.0000,0
62,features.11,371,pruned_before,nan,0.000000e+00,0.000000e+00,0.0000,0.0000,0
62,features.11,372,pruned_before,nan,0.000000e+00,0.000000e+00,0.0000,0.0000,0
62,features.11,373,pruned_before,nan,0.000000e+00,0.000000e+00,0.0000,0.0000,0
62,features.11,374,pruned_before,nan,0.000000e+00,0.000000e+00,0.0000,0.0000,0
62,features.11,375,pruned_before,nan,0.000000e+00,0.000000e+00,0.0000,0.0000,0
62,features.11,376,active,0.131579,3.556094e-07,3.071862e-04,0.3684,0.6316,169
62,features.11,377,pruned_before,nan,0.000000e+00,0.000000e+00,0.0000,0.0000,0
62,features.11,378,pruned_before,nan,0.000000e+00,0.000000e+00,0.0000,0.0000,0
62,features.11,379,pruned_before,nan,0.000000e+00,0.000000e+00,0.0000,0.0000,0
62,features.11,380,pruned_before,nan,0.000000e+00,0.000000e+00,0.0000,0.0000,0
62,features.11,381,pruned_before,nan,0.000000e+00,0.000000e+00,0.0000,0.0000,0
62,features.11,382,pruned_before,nan,0.000000e+00,0.000000e+00,0.0000,0.0000,0
62,features.11,383,pruned_before,nan,0.000000e+00,0.000000e+00,0.0000,0.0000,0
62,features.12,0,pruned_before,nan,0.000000e+00,0.000000e+00,0.0000,0.0000,0
62,features.12,1,pruned_before,nan,0.000000e+00,0.000000e+00,0.0000,0.0000,0
62,features.12,2,pruned_before,nan,0.000000e+00,0.000000e+00,0.0000,0.0000,0
62,features.12,3,pruned_before,nan,0.000000e+00,0.000000e+00,0.0000,0.0000,0
62,features.12,4,pruned_before,nan,0.000000e+00,0.000000e+00,0.0000,0.0000,0
62,features.12,5,pruned_before,nan,0.000000e+00,0.000000e+00,0.0000,0.0000,0
62,features.12,6,pruned_before,nan,0.000000e+00,0.000000e+00,0.0000,0.0000,0
62,features.12,7,pruned_before,nan,0.000000e+00,0.000000e+00,0.0000,0.0000,0
62,features.12,8,pruned_before,nan,0.000000e+00,0.000000e+00,0.0000,0.0000,0
62,features.12,9,pruned_before,nan,0.000000e+00,0.000000e+00,0.0000,0.0000,0
62,features.12,10,pruned_before,nan,0.000000e+00,0.000000e+00,0.0000,0.0000,0
62,features.12,11,pruned_before,nan,0.000000e+00,0.000000e+00,0.0000,0.0000,0
62,features.12,12,pruned_before,nan,0.000000e+00,0.000000e+00,0.0000,0.0000,0
62,features.12,13,pruned_before,nan,0.000000e+00,0.000000e+00,0.0000,0.0000,0
62,features.12,14,pruned_before,nan,0.000000e+00,0.000000e+00,0.0000,0.0000,0
62,features.12,15,pruned_before,nan,0.000000e+00,0.000000e+00,0.0000,0.0000,0
62,features.12,16,active,-0.149351,5.365511e-08,5.778685e-06,0.5455,0.2468,201
62,features.12,17,pruned_before,nan,0.000000e+00,0.000000e+00,0.0000,0.0000,0
62,features.12,18,active,0.097403,1.429947e-08,9.906074e-06,0.2208,0.4156,201
62,features.12,19,pruned_before,nan,0.000000e+00,0.000000e+00,0.0000,0.0000,0
62,features.12,20,pruned_before,nan,0.000000e+00,0.000000e+00,0.0000,0.0000,0
62,features.12,21,pruned_before,nan,0.000000e+00,0.000000e+00,0.0000,0.0000,0
62,features.12,22,pruned_before,nan,0.000000e+00,0.000000e+00,0.0000,0.0000,0
62,features.12,23,pruned_before,nan,0.000000e+00,0.000000e+00,0.0000,0.0000,0
62,features.12,24,pruned_before,nan,0.000000e+00,0.000000e+00,0.0000,0.0000,0
62,features.12,25,active,-0.038961,9.475200e-09,1.980614e-07,0.1688,0.0909,201
62,features.12,26,pruned_before,nan,0.000000e+00,0.000000e+00,0.0000,0.0000,0
62,features.12,27,active,-0.064935,1.900593e-08,1.559332e-06,0.2727,0.1429,201
62,features.12,28,pruned_before,nan,0.000000e+00,0.000000e+00,0.0000,0.0000,0
62,features.12,29,pruned_before,nan,0.000000e+00,0.000000e+00,0.0000,0.0000,0
62,features.12,30,pruned_before,nan,0.000000e+00,0.000000e+00,0.0000,0.0000,0
62,features.12,31,pruned_before,nan,0.000000e+00,0.000000e+00,0.0000,0.0000,0
62,features.12,32,pruned_before,nan,0.000000e+00,0.000000e+00,0.0000,0.0000,0
62,features.12,33,pruned_before,nan,0.000000e+00,0.000000e+00,0.0000,0.0000,0
62,features.12,34,active,-0.045455,2.429160e-07,3.039396e-05,0.8442,0.7532,201
62,features.12,35,pruned_before,nan,0.000000e+00,0.000000e+00,0.0000,0.0000,0
62,features.12,36,active,0.181818,2.854654e-08,3.130552e-05,0.4156,0.7792,201
62,features.12,37,pruned_before,nan,0.000000e+00,0.000000e+00,0.0000,0.0000,0
62,features.12,38,pruned_before,nan,0.000000e+00,0.000000e+00,0.0000,0.0000,0
62,features.12,39,pruned_before,nan,0.000000e+00,0.000000e+00,0.0000,0.0000,0
62,features.12,40,pruned_before,nan,0.000000e+00,0.000000e+00,0.0000,0.0000,0
62,features.12,41,pruned_before,nan,0.000000e+00,0.000000e+00,0.0000,0.0000,0
62,features.12,42,pruned_before,nan,0.000000e+00,0.000000e+00,0.0000,0.0000,0
62,features.12,43,pruned_before,nan,0.000000e+00,0.000000e+00,0.0000,0.0000,0
62,features.12,44,pruned_before,nan,0.000000e+00,0.000000e+00,0.0000,0.0000,0
62,features.12,45,pruned_before,nan,0.000000e+00,0.000000e+00,0.0000,0.0000,0
62,features.12,46,active,-0.123377,2.173367e-08,6.723412e-07,0.3506,0.1039,201
62,features.12,47,pruned_before,nan,0.000000e+00,0.000000e+00,0.0000,0.0000,0
62,features.12,48,active,-0.097403,2.097735e-08,1.281443e-06,0.3117,0.1169,201
62,features.12,49,pruned_before,nan,0.000000e+00,0.000000e+00,0.0000,0.0000,0
62,features.12,50,pruned_before,nan,0.000000e+00,0.000000e+00,0.0000,0.0000,0
62,features.12,51,pruned_before,nan,0.000000e+00,0.000000e+00,0.0000,0.0000,0
62,features.12,52,pruned_before,nan,0.000000e+00,0.000000e+00,0.0000,0.0000,0
62,features.12,53,pruned_before,nan,0.000000e+00,0.000000e+00,0.0000,0.0000,0
62,features.12,54,pruned_before,nan,0.000000e+00,0.000000e+00,0.0000,0.0000,0
62,features.12,55,pruned_before,nan,0.000000e+00,0.000000e+00,0.0000,0.0000,0
62,features.12,56,pruned_before,nan,0.000000e+00,0.000000e+00,0.0000,0.0000,0
62,features.12,57,pruned_before,nan,0.000000e+00,0.000000e+00,0.0000,0.0000,0
62,features.12,58,pruned_before,nan,0.000000e+00,0.000000e+00,0.0000,0.0000,0
62,features.12,59,pruned_before,nan,0.000000e+00,0.000000e+00,0.0000,0.0000,0
62,features.12,60,active,-0.045455,5.758278e-08,1.237090e-05,0.5584,0.4675,201
62,features.12,61,pruned_before,nan,0.000000e+00,0.000000e+00,0.0000,0.0000,0
62,features.12,62,pruned_before,nan,0.000000e+00,0.000000e+00,0.0000,0.0000,0
62,features.12,63,active,0.012987,2.772257e-08,1.086119e-05,0.4026,0.4286,201
62,features.12,64,pruned_before,nan,0.000000e+00,0.000000e+00,0.0000,0.0000,0
62,features.12,65,active,-0.084416,1.386297e-07,1.440595e-05,0.7273,0.5584,201
62,features.12,66,pruned_before,nan,0.000000e+00,0.000000e+00,0.0000,0.0000,0
62,features.12,67,pruned_before,nan,0.000000e+00,0.000000e+00,0.0000,0.0000,0
62,features.12,68,pruned_before,nan,0.000000e+00,0.000000e+00,0.0000,0.0000,0
62,features.12,69,pruned_before,nan,0.000000e+00,0.000000e+00,0.0000,0.0000,0
62,features.12,70,pruned_before,nan,0.000000e+00,0.000000e+00,0.0000,0.0000,0
62,features.12,71,pruned_before,nan,0.000000e+00,0.000000e+00,0.0000,0.0000,0
62,features.12,72,active,0.019481,5.184331e-07,2.351928e-04,0.9351,0.9740,201
62,features.12,73,active,0.045455,1.293770e-07,3.376051e-05,0.7143,0.8052,201
62,features.12,74,pruned_before,nan,0.000000e+00,0.000000e+00,0.0000,0.0000,0
62,features.12,75,pruned_before,nan,0.000000e+00,0.000000e+00,0.0000,0.0000,0
62,features.12,76,active,0.006494,9.673918e-09,3.544545e-06,0.1948,0.2078,201
62,features.12,77,pruned_before,nan,0.000000e+00,0.000000e+00,0.0000,0.0000,0
62,features.12,78,active,-0.110390,6.438380e-08,7.900641e-06,0.5714,0.3506,201
62,features.12,79,pruned_before,nan,0.000000e+00,0.000000e+00,0.0000,0.0000,0
62,features.12,80,pruned_before,nan,0.000000e+00,0.000000e+00,0.0000,0.0000,0
62,features.12,81,pruned_before,nan,0.000000e+00,0.000000e+00,0.0000,0.0000,0
62,features.12,82,pruned_before,nan,0.000000e+00,0.000000e+00,0.0000,0.0000,0
62,features.12,83,pruned_before,nan,0.000000e+00,0.000000e+00,0.0000,0.0000,0
62,features.12,84,pruned_before,nan,0.000000e+00,0.000000e+00,0.0000,0.0000,0
62,features.12,85,pruned_before,nan,0.000000e+00,0.000000e+00,0.0000,0.0000,0
62,features.12,86,active,-0.116883,2.239090e-08,1.557946e-06,0.3636,0.1299,201
62,features.12,87,pruned_before,nan,0.000000e+00,0.000000e+00,0.0000,0.0000,0
62,features.12,88,pruned_before,nan,0.000000e+00,0.000000e+00,0.0000,0.0000,0
62,features.12,89,active,0.000000,0.000000e+00,0.000000e+00,0.0260,0.0260,201
62,features.12,90,active,0.000000,0.000000e+00,0.000000e+00,0.0130,0.0130,201
62,features.12,91,pruned_before,nan,0.000000e+00,0.000000e+00,0.0000,0.0000,0
62,features.12,92,pruned_before,nan,0.000000e+00,0.000000e+00,0.0000,0.0000,0
62,features.12,93,active,0.103896,1.451894e-07,9.484523e-05,0.7403,0.9481,201
62,features.12,94,pruned_before,nan,0.000000e+00,0.000000e+00,0.0000,0.0000,0
62,features.12,95,pruned_before,nan,0.000000e+00,0.000000e+00,0.0000,0.0000,0
62,features.12,96,pruned_before,nan,0.000000e+00,0.000000e+00,0.0000,0.0000,0
62,features.12,97,pruned_before,nan,0.000000e+00,0.000000e+00,0.0000,0.0000,0
62,features.12,98,pruned_before,nan,0.000000e+00,0.000000e+00,0.0000,0.0000,0
62,features.12,99,pruned_before,nan,0.000000e+00,0.000000e+00,0.0000,0.0000,0
62,features.12,100,pruned_before,nan,0.000000e+00,0.000000e+00,0.0000,0.0000,0
62,features.12,101,pruned_before,nan,0.000000e+00,0.000000e+00,0.0000,0.0000,0
62,features.12,102,pruned_before,nan,0.000000e+00,0.000000e+00,0.0000,0.0000,0
62,features.12,103,pruned_before,nan,0.000000e+00,0.000000e+00,0.0000,0.0000,0
62,features.12,104,pruned_before,nan,0.000000e+00,0.000000e+00,0.0000,0.0000,0
62,features.12,105,pruned_before,nan,0.000000e+00,0.000000e+00,0.0000,0.0000,0
62,features.12,106,pruned_before,nan,0.000000e+00,0.000000e+00,0.0000,0.0000,0
62,features.12,107,pruned_before,nan,0.000000e+00,0.000000e+00,0.0000,0.0000,0
62,features.12,108,pruned_before,nan,0.000000e+00,0.000000e+00,0.0000,0.0000,0
62,features.12,109,pruned_before,nan,0.000000e+00,0.000000e+00,0.0000,0.0000,0
62,features.12,110,pruned_before,nan,0.000000e+00,0.000000e+00,0.0000,0.0000,0
62,features.12,111,pruned_before,nan,0.000000e+00,0.000000e+00,0.0000,0.0000,0
62,features.12,112,pruned_before,nan,0.000000e+00,0.000000e+00,0.0000,0.0000,0
62,features.12,113,pruned_before,nan,0.000000e+00,0.000000e+00,0.0000,0.0000,0
62,features.12,114,active,-0.064935,2.947945e-07,2.940004e-05,0.8701,0.7403,201
62,features.12,115,pruned_before,nan,0.000000e+00,0.000000e+00,0.0000,0.0000,0
62,features.12,116,pruned_before,nan,0.000000e+00,0.000000e+00,0.0000,0.0000,0
62,features.12,117,active,0.000000,0.000000e+00,0.000000e+00,0.0390,0.0390,201
62,features.12,118,pruned_before,nan,0.000000e+00,0.000000e+00,0.0000,0.0000,0
62,features.12,119,pruned_before,nan,0.000000e+00,0.000000e+00,0.0000,0.0000,0
62,features.12,120,pruned_before,nan,0.000000e+00,0.000000e+00,0.0000,0.0000,0
62,features.12,121,pruned_before,nan,0.000000e+00,0.000000e+00,0.0000,0.0000,0
62,features.12,122,pruned_before,nan,0.000000e+00,0.000000e+00,0.0000,0.0000,0
62,features.12,123,pruned_before,nan,0.000000e+00,0.000000e+00,0.0000,0.0000,0
62,features.12,124,pruned_before,nan,0.000000e+00,0.000000e+00,0.0000,0.0000,0
62,features.12,125,pruned_before,nan,0.000000e+00,0.000000e+00,0.0000,0.0000,0
62,features.12,126,protected,0.168831,9.954270e-08,3.658779e-04,0.6623,1.0000,201
62,features.12,127,active,-0.090909,2.358006e-08,3.541252e-06,0.3766,0.1948,201
62,features.12,128,pruned_before,nan,0.000000e+00,0.000000e+00,0.0000,0.0000,0
62,features.12,129,pruned_before,nan,0.000000e+00,0.000000e+00,0.0000,0.0000,0
62,features.12,130,pruned_before,nan,0.000000e+00,0.000000e+00,0.0000,0.0000,0
62,features.12,131,active,0.201299,2.056691e-10,1.358675e-05,0.0909,0.4935,201
62,features.12,132,pruned_before,nan,0.000000e+00,0.000000e+00,0.0000,0.0000,0
62,features.12,133,active,0.188312,1.754438e-08,2.129691e-05,0.2468,0.6234,201
62,features.12,134,pruned_before,nan,0.000000e+00,0.000000e+00,0.0000,0.0000,0
62,features.12,135,pruned_before,nan,0.000000e+00,0.000000e+00,0.0000,0.0000,0
62,features.12,136,pruned_before,nan,0.000000e+00,0.000000e+00,0.0000,0.0000,0
62,features.12,137,pruned_before,nan,0.000000e+00,0.000000e+00,0.0000,0.0000,0
62,features.12,138,pruned_before,nan,0.000000e+00,0.000000e+00,0.0000,0.0000,0
62,features.12,139,pruned_before,nan,0.000000e+00,0.000000e+00,0.0000,0.0000,0
62,features.12,140,pruned_before,nan,0.000000e+00,0.000000e+00,0.0000,0.0000,0
62,features.12,141,pruned_before,nan,0.000000e+00,0.000000e+00,0.0000,0.0000,0
62,features.12,142,pruned_before,nan,0.000000e+00,0.000000e+00,0.0000,0.0000,0
62,features.12,143,pruned_before,nan,0.000000e+00,0.000000e+00,0.0000,0.0000,0
62,features.12,144,pruned_before,nan,0.000000e+00,0.000000e+00,0.0000,0.0000,0
62,features.12,145,pruned_before,nan,0.000000e+00,0.000000e+00,0.0000,0.0000,0
62,features.12,146,active,0.051948,8.948095e-09,5.809679e-06,0.1558,0.2597,201
62,features.12,147,pruned_before,nan,0.000000e+00,0.000000e+00,0.0000,0.0000,0
62,features.12,148,pruned_before,nan,0.000000e+00,0.000000e+00,0.0000,0.0000,0
62,features.12,149,pruned_before,nan,0.000000e+00,0.000000e+00,0.0000,0.0000,0
62,features.12,150,pruned_before,nan,0.000000e+00,0.000000e+00,0.0000,0.0000,0
62,features.12,151,pruned_before,nan,0.000000e+00,0.000000e+00,0.0000,0.0000,0
62,features.12,152,pruned_before,nan,0.000000e+00,0.000000e+00,0.0000,0.0000,0
62,features.12,153,pruned_before,nan,0.000000e+00,0.000000e+00,0.0000,0.0000,0
62,features.12,154,pruned_before,nan,0.000000e+00,0.000000e+00,0.0000,0.0000,0
62,features.12,155,pruned_before,nan,0.000000e+00,0.000000e+00,0.0000,0.0000,0
62,features.12,156,pruned_before,nan,0.000000e+00,0.000000e+00,0.0000,0.0000,0
62,features.12,157,pruned_before,nan,0.000000e+00,0.000000e+00,0.0000,0.0000,0
62,features.12,158,pruned_before,nan,0.000000e+00,0.000000e+00,0.0000,0.0000,0
62,features.12,159,pruned_before,nan,0.000000e+00,0.000000e+00,0.0000,0.0000,0
62,features.12,160,pruned_before,nan,0.000000e+00,0.000000e+00,0.0000,0.0000,0
62,features.12,161,pruned_before,nan,0.000000e+00,0.000000e+00,0.0000,0.0000,0
62,features.12,162,pruned_before,nan,0.000000e+00,0.000000e+00,0.0000,0.0000,0
62,features.12,163,active,0.000000,0.000000e+00,0.000000e+00,0.0000,0.0000,201
62,features.12,164,pruned_before,nan,0.000000e+00,0.000000e+00,0.0000,0.0000,0
62,features.12,165,pruned_before,nan,0.000000e+00,0.000000e+00,0.0000,0.0000,0
62,features.12,166,pruned_before,nan,0.000000e+00,0.000000e+00,0.0000,0.0000,0
62,features.12,167,pruned_before,nan,0.000000e+00,0.000000e+00,0.0000,0.0000,0
62,features.12,168,pruned_before,nan,0.000000e+00,0.000000e+00,0.0000,0.0000,0
62,features.12,169,pruned_before,nan,0.000000e+00,0.000000e+00,0.0000,0.0000,0
62,features.12,170,pruned_before,nan,0.000000e+00,0.000000e+00,0.0000,0.0000,0
62,features.12,171,active,0.064935,5.290998e-08,2.472584e-05,0.5325,0.6623,201
62,features.12,172,pruned_before,nan,0.000000e+00,0.000000e+00,0.0000,0.0000,0
62,features.12,173,active,0.103896,1.016690e-07,5.878842e-05,0.6883,0.8961,201
62,features.12,174,pruned_before,nan,0.000000e+00,0.000000e+00,0.0000,0.0000,0
62,features.12,175,pruned_before,nan,0.000000e+00,0.000000e+00,0.0000,0.0000,0
62,features.12,176,pruned_before,nan,0.000000e+00,0.000000e+00,0.0000,0.0000,0
62,features.12,177,pruned_before,nan,0.000000e+00,0.000000e+00,0.0000,0.0000,0
62,features.12,178,pruned_before,nan,0.000000e+00,0.000000e+00,0.0000,0.0000,0
62,features.12,179,pruned_before,nan,0.000000e+00,0.000000e+00,0.0000,0.0000,0
62,features.12,180,pruned_before,nan,0.000000e+00,0.000000e+00,0.0000,0.0000,0
62,features.12,181,pruned_before,nan,0.000000e+00,0.000000e+00,0.0000,0.0000,0
62,features.12,182,pruned_before,nan,0.000000e+00,0.000000e+00,0.0000,0.0000,0
62,features.12,183,active,-0.045455,1.105632e-06,6.819443e-05,1.0000,0.9091,201
62,features.12,184,pruned_before,nan,0.000000e+00,0.000000e+00,0.0000,0.0000,0
62,features.12,185,pruned_before,nan,0.000000e+00,0.000000e+00,0.0000,0.0000,0
62,features.12,186,pruned_before,nan,0.000000e+00,0.000000e+00,0.0000,0.0000,0
62,features.12,187,pruned_before,nan,0.000000e+00,0.000000e+00,0.0000,0.0000,0
62,features.12,188,pruned_before,nan,0.000000e+00,0.000000e+00,0.0000,0.0000,0
62,features.12,189,pruned_before,nan,0.000000e+00,0.000000e+00,0.0000,0.0000,0
62,features.12,190,pruned_before,nan,0.000000e+00,0.000000e+00,0.0000,0.0000,0
62,features.12,191,pruned_before,nan,0.000000e+00,0.000000e+00,0.0000,0.0000,0
62,features.12,192,pruned_before,nan,0.000000e+00,0.000000e+00,0.0000,0.0000,0
62,features.12,193,pruned_before,nan,0.000000e+00,0.000000e+00,0.0000,0.0000,0
62,features.12,194,pruned_before,nan,0.000000e+00,0.000000e+00,0.0000,0.0000,0
62,features.12,195,pruned_before,nan,0.000000e+00,0.000000e+00,0.0000,0.0000,0
62,features.12,196,pruned_before,nan,0.000000e+00,0.000000e+00,0.0000,0.0000,0
62,features.12,197,active,-0.012987,4.060091e-07,4.643864e-05,0.9091,0.8831,201
62,features.12,198,pruned_before,nan,0.000000e+00,0.000000e+00,0.0000,0.0000,0
62,features.12,199,pruned_before,nan,0.000000e+00,0.000000e+00,0.0000,0.0000,0
62,features.12,200,pruned_before,nan,0.000000e+00,0.000000e+00,0.0000,0.0000,0
62,features.12,201,pruned_before,nan,0.000000e+00,0.000000e+00,0.0000,0.0000,0
62,features.12,202,pruned_before,nan,0.000000e+00,0.000000e+00,0.0000,0.0000,0
62,features.12,203,pruned_before,nan,0.000000e+00,0.000000e+00,0.0000,0.0000,0
62,features.12,204,pruned_before,nan,0.000000e+00,0.000000e+00,0.0000,0.0000,0
62,features.12,205,pruned_before,nan,0.000000e+00,0.000000e+00,0.0000,0.0000,0
62,features.12,206,pruned_before,nan,0.000000e+00,0.000000e+00,0.0000,0.0000,0
62,features.12,207,pruned_before,nan,0.000000e+00,0.000000e+00,0.0000,0.0000,0
62,features.12,208,pruned_before,nan,0.000000e+00,0.000000e+00,0.0000,0.0000,0
62,features.12,209,pruned_before,nan,0.000000e+00,0.000000e+00,0.0000,0.0000,0
62,features.12,210,pruned_before,nan,0.000000e+00,0.000000e+00,0.0000,0.0000,0
62,features.12,211,pruned_before,nan,0.000000e+00,0.000000e+00,0.0000,0.0000,0
62,features.12,212,pruned_before,nan,0.000000e+00,0.000000e+00,0.0000,0.0000,0
62,features.12,213,pruned_before,nan,0.000000e+00,0.000000e+00,0.0000,0.0000,0
62,features.12,214,pruned_before,nan,0.000000e+00,0.000000e+00,0.0000,0.0000,0
62,features.12,215,active,0.058442,1.778168e-07,7.552698e-05,0.8052,0.9221,201
62,features.12,216,pruned_before,nan,0.000000e+00,0.000000e+00,0.0000,0.0000,0
62,features.12,217,pruned_before,nan,0.000000e+00,0.000000e+00,0.0000,0.0000,0
62,features.12,218,pruned_before,nan,0.000000e+00,0.000000e+00,0.0000,0.0000,0
62,features.12,219,pruned_before,nan,0.000000e+00,0.000000e+00,0.0000,0.0000,0
62,features.12,220,pruned_before,nan,0.000000e+00,0.000000e+00,0.0000,0.0000,0
62,features.12,221,pruned_before,nan,0.000000e+00,0.000000e+00,0.0000,0.0000,0
62,features.12,222,pruned_before,nan,0.000000e+00,0.000000e+00,0.0000,0.0000,0
62,features.12,223,pruned_before,nan,0.000000e+00,0.000000e+00,0.0000,0.0000,0
62,features.12,224,pruned_before,nan,0.000000e+00,0.000000e+00,0.0000,0.0000,0
62,features.12,225,pruned_before,nan,0.000000e+00,0.000000e+00,0.0000,0.0000,0
62,features.12,226,pruned_before,nan,0.000000e+00,0.000000e+00,0.0000,0.0000,0
62,features.12,227,pruned_before,nan,0.000000e+00,0.000000e+00,0.0000,0.0000,0
62,features.12,228,pruned_before,nan,0.000000e+00,0.000000e+00,0.0000,0.0000,0
62,features.12,229,pruned_before,nan,0.000000e+00,0.000000e+00,0.0000,0.0000,0
62,features.12,230,pruned_before,nan,0.000000e+00,0.000000e+00,0.0000,0.0000,0
62,features.12,231,pruned_before,nan,0.000000e+00,0.000000e+00,0.0000,0.0000,0
62,features.12,232,active,0.000000,0.000000e+00,0.000000e+00,0.0649,0.0649,201
62,features.12,233,active,0.025974,7.657898e-08,2.548183e-05,0.6364,0.6883,201
62,features.12,234,pruned_before,nan,0.000000e+00,0.000000e+00,0.0000,0.0000,0
62,features.12,235,active,0.000000,0.000000e+00,0.000000e+00,0.0519,0.0519,201
62,features.12,236,pruned_before,nan,0.000000e+00,0.000000e+00,0.0000,0.0000,0
62,features.12,237,pruned_before,nan,0.000000e+00,0.000000e+00,0.0000,0.0000,0
62,features.12,238,pruned_before,nan,0.000000e+00,0.000000e+00,0.0000,0.0000,0
62,features.12,239,pruned_before,nan,0.000000e+00,0.000000e+00,0.0000,0.0000,0
62,features.12,240,pruned_before,nan,0.000000e+00,0.000000e+00,0.0000,0.0000,0
62,features.12,241,pruned_before,nan,0.000000e+00,0.000000e+00,0.0000,0.0000,0
62,features.12,242,pruned_before,nan,0.000000e+00,0.000000e+00,0.0000,0.0000,0
62,features.12,243,pruned_before,nan,0.000000e+00,0.000000e+00,0.0000,0.0000,0
62,features.12,244,pruned_before,nan,0.000000e+00,0.000000e+00,0.0000,0.0000,0
62,features.12,245,pruned_before,nan,0.000000e+00,0.000000e+00,0.0000,0.0000,0
62,features.12,246,pruned_before,nan,0.000000e+00,0.000000e+00,0.0000,0.0000,0
62,features.12,247,pruned_before,nan,0.000000e+00,0.000000e+00,0.0000,0.0000,0
62,features.12,248,pruned_before,nan,0.000000e+00,0.000000e+00,0.0000,0.0000,0
62,features.12,249,pruned_before,nan,0.000000e+00,0.000000e+00,0.0000,0.0000,0
62,features.12,250,pruned_before,nan,0.000000e+00,0.000000e+00,0.0000,0.0000,0
62,features.12,251,pruned_before,nan,0.000000e+00,0.000000e+00,0.0000,0.0000,0
62,features.12,252,pruned_before,nan,0.000000e+00,0.000000e+00,0.0000,0.0000,0
62,features.12,253,pruned_before,nan,0.000000e+00,0.000000e+00,0.0000,0.0000,0
62,features.12,254,pruned_before,nan,0.000000e+00,0.000000e+00,0.0000,0.0000,0
62,features.12,255,pruned_before,nan,0.000000e+00,0.000000e+00,0.0000,0.0000,0
62,features.12,256,active,0.058442,3.762462e-08,2.001646e-05,0.4805,0.5974,201
62,features.12,257,pruned_before,nan,0.000000e+00,0.000000e+00,0.0000,0.0000,0
62,features.12,258,pruned_before,nan,0.000000e+00,0.000000e+00,0.0000,0.0000,0
62,features.12,259,pruned_before,nan,0.000000e+00,0.000000e+00,0.0000,0.0000,0
62,features.12,260,pruned_before,nan,0.000000e+00,0.000000e+00,0.0000,0.0000,0
62,features.12,261,active,0.064935,9.614702e-09,7.168973e-06,0.1818,0.3117,201
62,features.12,262,pruned_before,nan,0.000000e+00,0.000000e+00,0.0000,0.0000,0
62,features.12,263,pruned_before,nan,0.000000e+00,0.000000e+00,0.0000,0.0000,0
62,features.12,264,active,-0.032468,2.073977e-08,5.363911e-06,0.2987,0.2338,201
62,features.12,265,pruned_before,nan,0.000000e+00,0.000000e+00,0.0000,0.0000,0
62,features.12,266,active,-0.071429,9.976993e-08,1.435710e-05,0.6753,0.5325,201
62,features.12,267,pruned_before,nan,0.000000e+00,0.000000e+00,0.0000,0.0000,0
62,features.12,268,pruned_before,nan,0.000000e+00,0.000000e+00,0.0000,0.0000,0
62,features.12,269,pruned_before,nan,0.000000e+00,0.000000e+00,0.0000,0.0000,0
62,features.12,270,pruned_before,nan,0.000000e+00,0.000000e+00,0.0000,0.0000,0
62,features.12,271,pruned_before,nan,0.000000e+00,0.000000e+00,0.0000,0.0000,0
62,features.12,272,pruned_before,nan,0.000000e+00,0.000000e+00,0.0000,0.0000,0
62,features.12,273,pruned_before,nan,0.000000e+00,0.000000e+00,0.0000,0.0000,0
62,features.12,274,pruned_before,nan,0.000000e+00,0.000000e+00,0.0000,0.0000,0
62,features.12,275,pruned_before,nan,0.000000e+00,0.000000e+00,0.0000,0.0000,0
62,features.12,276,pruned_before,nan,0.000000e+00,0.000000e+00,0.0000,0.0000,0
62,features.12,277,pruned_before,nan,0.000000e+00,0.000000e+00,0.0000,0.0000,0
62,features.12,278,pruned_before,nan,0.000000e+00,0.000000e+00,0.0000,0.0000,0
62,features.12,279,pruned_before,nan,0.000000e+00,0.000000e+00,0.0000,0.0000,0
62,features.12,280,active,-0.181818,1.456633e-07,9.791180e-06,0.7532,0.3896,201
62,features.12,281,pruned_before,nan,0.000000e+00,0.000000e+00,0.0000,0.0000,0
62,features.12,282,pruned_before,nan,0.000000e+00,0.000000e+00,0.0000,0.0000,0
62,features.12,283,pruned_before,nan,0.000000e+00,0.000000e+00,0.0000,0.0000,0
62,features.12,284,pruned_before,nan,0.000000e+00,0.000000e+00,0.0000,0.0000,0
62,features.12,285,pruned_before,nan,0.000000e+00,0.000000e+00,0.0000,0.0000,0
62,features.12,286,pruned_before,nan,0.000000e+00,0.000000e+00,0.0000,0.0000,0
62,features.12,287,pruned_before,nan,0.000000e+00,0.000000e+00,0.0000,0.0000,0
62,features.12,288,active,-0.071429,1.581578e-07,2.137901e-05,0.7792,0.6364,201
62,features.12,289,pruned_before,nan,0.000000e+00,0.000000e+00,0.0000,0.0000,0
62,features.12,290,pruned_before,nan,0.000000e+00,0.000000e+00,0.0000,0.0000,0
62,features.12,291,pruned_before,nan,0.000000e+00,0.000000e+00,0.0000,0.0000,0
62,features.12,292,pruned_before,nan,0.000000e+00,0.000000e+00,0.0000,0.0000,0
62,features.12,293,pruned_before,nan,0.000000e+00,0.000000e+00,0.0000,0.0000,0
62,features.12,294,active,0.000000,1.256093e-07,2.669064e-05,0.7013,0.7013,201
62,features.12,295,pruned_before,nan,0.000000e+00,0.000000e+00,0.0000,0.0000,0
62,features.12,296,pruned_before,nan,0.000000e+00,0.000000e+00,0.0000,0.0000,0
62,features.12,297,pruned_before,nan,0.000000e+00,0.000000e+00,0.0000,0.0000,0
62,features.12,298,pruned_before,nan,0.000000e+00,0.000000e+00,0.0000,0.0000,0
62,features.12,299,pruned_before,nan,0.000000e+00,0.000000e+00,0.0000,0.0000,0
62,features.12,300,pruned_before,nan,0.000000e+00,0.000000e+00,0.0000,0.0000,0
62,features.12,301,pruned_before,nan,0.000000e+00,0.000000e+00,0.0000,0.0000,0
62,features.12,302,pruned_before,nan,0.000000e+00,0.000000e+00,0.0000,0.0000,0
62,features.12,303,pruned_before,nan,0.000000e+00,0.000000e+00,0.0000,0.0000,0
62,features.12,304,pruned_before,nan,0.000000e+00,0.000000e+00,0.0000,0.0000,0
62,features.12,305,active,-0.019481,1.198198e-08,2.464229e-06,0.2078,0.1688,201
62,features.12,306,pruned_before,nan,0.000000e+00,0.000000e+00,0.0000,0.0000,0
62,features.12,307,pruned_before,nan,0.000000e+00,0.000000e+00,0.0000,0.0000,0
62,features.12,308,pruned_before,nan,0.000000e+00,0.000000e+00,0.0000,0.0000,0
62,features.12,309,pruned_before,nan,0.000000e+00,0.000000e+00,0.0000,0.0000,0
62,features.12,310,pruned_before,nan,0.000000e+00,0.000000e+00,0.0000,0.0000,0
62,features.12,311,pruned_before,nan,0.000000e+00,0.000000e+00,0.0000,0.0000,0
62,features.12,312,active,0.103896,6.591102e-08,3.134887e-05,0.5844,0.7922,201
62,features.12,313,pruned_before,nan,0.000000e+00,0.000000e+00,0.0000,0.0000,0
62,features.12,314,pruned_before,nan,0.000000e+00,0.000000e+00,0.0000,0.0000,0
62,features.12,315,pruned_before,nan,0.000000e+00,0.000000e+00,0.0000,0.0000,0
62,features.12,316,pruned_before,nan,0.000000e+00,0.000000e+00,0.0000,0.0000,0
62,features.12,317,pruned_before,nan,0.000000e+00,0.000000e+00,0.0000,0.0000,0
62,features.12,318,pruned_before,nan,0.000000e+00,0.000000e+00,0.0000,0.0000,0
62,features.12,319,pruned_before,nan,0.000000e+00,0.000000e+00,0.0000,0.0000,0
62,features.12,320,pruned_before,nan,0.000000e+00,0.000000e+00,0.0000,0.0000,0
62,features.12,321,pruned_before,nan,0.000000e+00,0.000000e+00,0.0000,0.0000,0
62,features.12,322,pruned_before,nan,0.000000e+00,0.000000e+00,0.0000,0.0000,0
62,features.12,323,pruned_before,nan,0.000000e+00,0.000000e+00,0.0000,0.0000,0
62,features.12,324,pruned_before,nan,0.000000e+00,0.000000e+00,0.0000,0.0000,0
62,features.12,325,pruned_before,nan,0.000000e+00,0.000000e+00,0.0000,0.0000,0
62,features.12,326,pruned_before,nan,0.000000e+00,0.000000e+00,0.0000,0.0000,0
62,features.12,327,pruned_before,nan,0.000000e+00,0.000000e+00,0.0000,0.0000,0
62,features.12,328,pruned_before,nan,0.000000e+00,0.000000e+00,0.0000,0.0000,0
62,features.12,329,pruned_before,nan,0.000000e+00,0.000000e+00,0.0000,0.0000,0
62,features.12,330,pruned_before,nan,0.000000e+00,0.000000e+00,0.0000,0.0000,0
62,features.12,331,pruned_before,nan,0.000000e+00,0.000000e+00,0.0000,0.0000,0
62,features.12,332,pruned_before,nan,0.000000e+00,0.000000e+00,0.0000,0.0000,0
62,features.12,333,pruned_before,nan,0.000000e+00,0.000000e+00,0.0000,0.0000,0
62,features.12,334,pruned_before,nan,0.000000e+00,0.000000e+00,0.0000,0.0000,0
62,features.12,335,pruned_before,nan,0.000000e+00,0.000000e+00,0.0000,0.0000,0
62,features.12,336,pruned_before,nan,0.000000e+00,0.000000e+00,0.0000,0.0000,0
62,features.12,337,pruned_before,nan,0.000000e+00,0.000000e+00,0.0000,0.0000,0
62,features.12,338,active,-0.090909,2.323840e-07,2.211197e-05,0.8312,0.6494,201
62,features.12,339,pruned_before,nan,0.000000e+00,0.000000e+00,0.0000,0.0000,0
62,features.12,340,active,0.071429,1.473925e-08,9.161673e-06,0.2338,0.3766,201
62,features.12,341,pruned_before,nan,0.000000e+00,0.000000e+00,0.0000,0.0000,0
62,features.12,342,pruned_before,nan,0.000000e+00,0.000000e+00,0.0000,0.0000,0
62,features.12,343,pruned_before,nan,0.000000e+00,0.000000e+00,0.0000,0.0000,0
62,features.12,344,pruned_before,nan,0.000000e+00,0.000000e+00,0.0000,0.0000,0
62,features.12,345,pruned_before,nan,0.000000e+00,0.000000e+00,0.0000,0.0000,0
62,features.12,346,pruned_before,nan,0.000000e+00,0.000000e+00,0.0000,0.0000,0
62,features.12,347,pruned_before,nan,0.000000e+00,0.000000e+00,0.0000,0.0000,0
62,features.12,348,pruned_before,nan,0.000000e+00,0.000000e+00,0.0000,0.0000,0
62,features.12,349,pruned_before,nan,0.000000e+00,0.000000e+00,0.0000,0.0000,0
62,features.12,350,pruned_before,nan,0.000000e+00,0.000000e+00,0.0000,0.0000,0
62,features.12,351,pruned_before,nan,0.000000e+00,0.000000e+00,0.0000,0.0000,0
62,features.12,352,pruned_before,nan,0.000000e+00,0.000000e+00,0.0000,0.0000,0
62,features.12,353,pruned_before,nan,0.000000e+00,0.000000e+00,0.0000,0.0000,0
62,features.12,354,pruned_before,nan,0.000000e+00,0.000000e+00,0.0000,0.0000,0
62,features.12,355,pruned_before,nan,0.000000e+00,0.000000e+00,0.0000,0.0000,0
62,features.12,356,pruned_before,nan,0.000000e+00,0.000000e+00,0.0000,0.0000,0
62,features.12,357,pruned_before,nan,0.000000e+00,0.000000e+00,0.0000,0.0000,0
62,features.12,358,pruned_before,nan,0.000000e+00,0.000000e+00,0.0000,0.0000,0
62,features.12,359,active,0.051948,2.159217e-08,1.107142e-05,0.3377,0.4416,201
62,features.12,360,pruned_before,nan,0.000000e+00,0.000000e+00,0.0000,0.0000,0
62,features.12,361,pruned_before,nan,0.000000e+00,0.000000e+00,0.0000,0.0000,0
62,features.12,362,pruned_before,nan,0.000000e+00,0.000000e+00,0.0000,0.0000,0
62,features.12,363,active,0.110390,9.357991e-08,4.022746e-05,0.6494,0.8701,201
62,features.12,364,pruned_before,nan,0.000000e+00,0.000000e+00,0.0000,0.0000,0
62,features.12,365,pruned_before,nan,0.000000e+00,0.000000e+00,0.0000,0.0000,0
62,features.12,366,pruned_before,nan,0.000000e+00,0.000000e+00,0.0000,0.0000,0
62,features.12,367,pruned_before,nan,0.000000e+00,0.000000e+00,0.0000,0.0000,0
62,features.12,368,pruned_before,nan,0.000000e+00,0.000000e+00,0.0000,0.0000,0
62,features.12,369,active,0.000000,0.000000e+00,0.000000e+00,0.0779,0.0779,201
62,features.12,370,active,0.097403,7.559987e-08,3.430822e-05,0.6234,0.8182,201
62,features.12,371,active,-0.084416,3.583991e-08,6.586377e-06,0.4675,0.2987,201
62,features.12,372,pruned_before,nan,0.000000e+00,0.000000e+00,0.0000,0.0000,0
62,features.12,373,pruned_before,nan,0.000000e+00,0.000000e+00,0.0000,0.0000,0
62,features.12,374,pruned_before,nan,0.000000e+00,0.000000e+00,0.0000,0.0000,0
62,features.12,375,pruned_before,nan,0.000000e+00,0.000000e+00,0.0000,0.0000,0
62,features.12,376,pruned_before,nan,0.000000e+00,0.000000e+00,0.0000,0.0000,0
62,features.12,377,active,0.084416,1.967093e-08,1.140348e-05,0.2857,0.4545,201
62,features.12,378,pruned_before,nan,0.000000e+00,0.000000e+00,0.0000,0.0000,0
62,features.12,379,active,0.058442,2.885955e-08,1.439442e-05,0.4286,0.5455,201
62,features.12,380,pruned_before,nan,0.000000e+00,0.000000e+00,0.0000,0.0000,0
62,features.12,381,pruned_before,nan,0.000000e+00,0.000000e+00,0.0000,0.0000,0
62,features.12,382,active,-0.123377,8.296068e-07,2.880460e-05,0.9740,0.7273,201
62,features.12,383,active,0.045455,6.515303e-09,4.136719e-06,0.1299,0.2208,201
62,features.12,384,pruned_before,nan,0.000000e+00,0.000000e+00,0.0000,0.0000,0
62,features.12,385,pruned_before,nan,0.000000e+00,0.000000e+00,0.0000,0.0000,0
62,features.12,386,pruned_before,nan,0.000000e+00,0.000000e+00,0.0000,0.0000,0
62,features.12,387,pruned_before,nan,0.000000e+00,0.000000e+00,0.0000,0.0000,0
62,features.12,388,pruned_before,nan,0.000000e+00,0.000000e+00,0.0000,0.0000,0
62,features.12,389,pruned_before,nan,0.000000e+00,0.000000e+00,0.0000,0.0000,0
62,features.12,390,pruned_before,nan,0.000000e+00,0.000000e+00,0.0000,0.0000,0
62,features.12,391,pruned_before,nan,0.000000e+00,0.000000e+00,0.0000,0.0000,0
62,features.12,392,active,-0.090909,1.537954e-07,1.806277e-05,0.7662,0.5844,201
62,features.12,393,pruned_before,nan,0.000000e+00,0.000000e+00,0.0000,0.0000,0
62,features.12,394,pruned_before,nan,0.000000e+00,0.000000e+00,0.0000,0.0000,0
62,features.12,395,pruned_before,nan,0.000000e+00,0.000000e+00,0.0000,0.0000,0
62,features.12,396,pruned_before,nan,0.000000e+00,0.000000e+00,0.0000,0.0000,0
62,features.12,397,pruned_before,nan,0.000000e+00,0.000000e+00,0.0000,0.0000,0
62,features.12,398,pruned_before,nan,0.000000e+00,0.000000e+00,0.0000,0.0000,0
62,features.12,399,pruned_before,nan,0.000000e+00,0.000000e+00,0.0000,0.0000,0
62,features.12,400,pruned_before,nan,0.000000e+00,0.000000e+00,0.0000,0.0000,0
62,features.12,401,pruned_before,nan,0.000000e+00,0.000000e+00,0.0000,0.0000,0
62,features.12,402,pruned_before,nan,0.000000e+00,0.000000e+00,0.0000,0.0000,0
62,features.12,403,active,-0.116883,2.738759e-08,1.808658e-06,0.3896,0.1558,201
62,features.12,404,pruned_before,nan,0.000000e+00,0.000000e+00,0.0000,0.0000,0
62,features.12,405,pruned_before,nan,0.000000e+00,0.000000e+00,0.0000,0.0000,0
62,features.12,406,pruned_before,nan,0.000000e+00,0.000000e+00,0.0000,0.0000,0
62,features.12,407,pruned_before,nan,0.000000e+00,0.000000e+00,0.0000,0.0000,0
62,features.12,408,pruned_before,nan,0.000000e+00,0.000000e+00,0.0000,0.0000,0
62,features.12,409,pruned_before,nan,0.000000e+00,0.000000e+00,0.0000,0.0000,0
62,features.12,410,pruned_before,nan,0.000000e+00,0.000000e+00,0.0000,0.0000,0
62,features.12,411,active,-0.058442,6.799478e-07,3.764024e-05,0.9610,0.8442,201
62,features.12,412,pruned_before,nan,0.000000e+00,0.000000e+00,0.0000,0.0000,0
62,features.12,413,pruned_before,nan,0.000000e+00,0.000000e+00,0.0000,0.0000,0
62,features.12,414,pruned_before,nan,0.000000e+00,0.000000e+00,0.0000,0.0000,0
62,features.12,415,pruned_before,nan,0.000000e+00,0.000000e+00,0.0000,0.0000,0
62,features.12,416,active,0.064935,2.847615e-07,2.436855e-04,0.8571,0.9870,201
62,features.12,417,pruned_before,nan,0.000000e+00,0.000000e+00,0.0000,0.0000,0
62,features.12,418,pruned_before,nan,0.000000e+00,0.000000e+00,0.0000,0.0000,0
62,features.12,419,pruned_before,nan,0.000000e+00,0.000000e+00,0.0000,0.0000,0
62,features.12,420,pruned_before,nan,0.000000e+00,0.000000e+00,0.0000,0.0000,0
62,features.12,421,pruned_before,nan,0.000000e+00,0.000000e+00,0.0000,0.0000,0
62,features.12,422,pruned_before,nan,0.000000e+00,0.000000e+00,0.0000,0.0000,0
62,features.12,423,pruned_before,nan,0.000000e+00,0.000000e+00,0.0000,0.0000,0
62,features.12,424,pruned_before,nan,0.000000e+00,0.000000e+00,0.0000,0.0000,0
62,features.12,425,pruned_before,nan,0.000000e+00,0.000000e+00,0.0000,0.0000,0
62,features.12,426,pruned_before,nan,0.000000e+00,0.000000e+00,0.0000,0.0000,0
62,features.12,427,pruned_before,nan,0.000000e+00,0.000000e+00,0.0000,0.0000,0
62,features.12,428,pruned_before,nan,0.000000e+00,0.000000e+00,0.0000,0.0000,0
62,features.12,429,pruned_before,nan,0.000000e+00,0.000000e+00,0.0000,0.0000,0
62,features.12,430,pruned_before,nan,0.000000e+00,0.000000e+00,0.0000,0.0000,0
62,features.12,431,pruned_before,nan,0.000000e+00,0.000000e+00,0.0000,0.0000,0
62,features.12,432,pruned_before,nan,0.000000e+00,0.000000e+00,0.0000,0.0000,0
62,features.12,433,pruned_before,nan,0.000000e+00,0.000000e+00,0.0000,0.0000,0
62,features.12,434,pruned_before,nan,0.000000e+00,0.000000e+00,0.0000,0.0000,0
62,features.12,435,pruned_before,nan,0.000000e+00,0.000000e+00,0.0000,0.0000,0
62,features.12,436,pruned_before,nan,0.000000e+00,0.000000e+00,0.0000,0.0000,0
62,features.12,437,pruned_before,nan,0.000000e+00,0.000000e+00,0.0000,0.0000,0
62,features.12,438,pruned_before,nan,0.000000e+00,0.000000e+00,0.0000,0.0000,0
62,features.12,439,pruned_before,nan,0.000000e+00,0.000000e+00,0.0000,0.0000,0
62,features.12,440,pruned_before,nan,0.000000e+00,0.000000e+00,0.0000,0.0000,0
62,features.12,441,pruned_before,nan,0.000000e+00,0.000000e+00,0.0000,0.0000,0
62,features.12,442,pruned_before,nan,0.000000e+00,0.000000e+00,0.0000,0.0000,0
62,features.12,443,pruned_before,nan,0.000000e+00,0.000000e+00,0.0000,0.0000,0
62,features.12,444,pruned_before,nan,0.000000e+00,0.000000e+00,0.0000,0.0000,0
62,features.12,445,pruned_before,nan,0.000000e+00,0.000000e+00,0.0000,0.0000,0
62,features.12,446,pruned_before,nan,0.000000e+00,0.000000e+00,0.0000,0.0000,0
62,features.12,447,pruned_before,nan,0.000000e+00,0.000000e+00,0.0000,0.0000,0
62,features.12,448,active,-0.110390,1.692815e-07,1.698440e-05,0.7922,0.5714,201
62,features.12,449,pruned_before,nan,0.000000e+00,0.000000e+00,0.0000,0.0000,0
62,features.12,450,active,0.181818,4.335578e-09,1.296934e-05,0.1169,0.4805,201
62,features.12,451,active,0.006494,2.136286e-08,7.483763e-06,0.3247,0.3377,201
62,features.12,452,pruned_before,nan,0.000000e+00,0.000000e+00,0.0000,0.0000,0
62,features.12,453,pruned_before,nan,0.000000e+00,0.000000e+00,0.0000,0.0000,0
62,features.12,454,pruned_before,nan,0.000000e+00,0.000000e+00,0.0000,0.0000,0
62,features.12,455,pruned_before,nan,0.000000e+00,0.000000e+00,0.0000,0.0000,0
62,features.12,456,pruned_before,nan,0.000000e+00,0.000000e+00,0.0000,0.0000,0
62,features.12,457,pruned_before,nan,0.000000e+00,0.000000e+00,0.0000,0.0000,0
62,features.12,458,pruned_before,nan,0.000000e+00,0.000000e+00,0.0000,0.0000,0
62,features.12,459,pruned_before,nan,0.000000e+00,0.000000e+00,0.0000,0.0000,0
62,features.12,460,pruned_before,nan,0.000000e+00,0.000000e+00,0.0000,0.0000,0
62,features.12,461,pruned_before,nan,0.000000e+00,0.000000e+00,0.0000,0.0000,0
62,features.12,462,pruned_before,nan,0.000000e+00,0.000000e+00,0.0000,0.0000,0
62,features.12,463,pruned_before,nan,0.000000e+00,0.000000e+00,0.0000,0.0000,0
62,features.12,464,active,-0.136364,1.016882e-06,2.829529e-05,0.9870,0.7143,201
62,features.12,465,pruned_before,nan,0.000000e+00,0.000000e+00,0.0000,0.0000,0
62,features.12,466,pruned_before,nan,0.000000e+00,0.000000e+00,0.0000,0.0000,0
62,features.12,467,pruned_before,nan,0.000000e+00,0.000000e+00,0.0000,0.0000,0
62,features.12,468,active,-0.032468,4.169586e-07,3.791478e-05,0.9221,0.8571,201
62,features.12,469,pruned_before,nan,0.000000e+00,0.000000e+00,0.0000,0.0000,0
62,features.12,470,pruned_before,nan,0.000000e+00,0.000000e+00,0.0000,0.0000,0
62,features.12,471,pruned_before,nan,0.000000e+00,0.000000e+00,0.0000,0.0000,0
62,features.12,472,pruned_before,nan,0.000000e+00,0.000000e+00,0.0000,0.0000,0
62,features.12,473,pruned_before,nan,0.000000e+00,0.000000e+00,0.0000,0.0000,0
62,features.12,474,pruned_before,nan,0.000000e+00,0.000000e+00,0.0000,0.0000,0
62,features.12,475,pruned_before,nan,0.000000e+00,0.000000e+00,0.0000,0.0000,0
62,features.12,476,active,-0.090909,6.357357e-07,3.111117e-05,0.9481,0.7662,201
62,features.12,477,pruned_before,nan,0.000000e+00,0.000000e+00,0.0000,0.0000,0
62,features.12,478,pruned_before,nan,0.000000e+00,0.000000e+00,0.0000,0.0000,0
62,features.12,479,pruned_before,nan,0.000000e+00,0.000000e+00,0.0000,0.0000,0
62,features.12,480,pruned_before,nan,0.000000e+00,0.000000e+00,0.0000,0.0000,0
62,features.12,481,active,-0.142857,7.236500e-08,7.336606e-06,0.6104,0.3247,201
62,features.12,482,pruned_before,nan,0.000000e+00,0.000000e+00,0.0000,0.0000,0
62,features.12,483,pruned_before,nan,0.000000e+00,0.000000e+00,0.0000,0.0000,0
62,features.12,484,pruned_before,nan,0.000000e+00,0.000000e+00,0.0000,0.0000,0
62,features.12,485,pruned_before,nan,0.000000e+00,0.000000e+00,0.0000,0.0000,0
62,features.12,486,pruned_before,nan,0.000000e+00,0.000000e+00,0.0000,0.0000,0
62,features.12,487,pruned_before,nan,0.000000e+00,0.000000e+00,0.0000,0.0000,0
62,features.12,488,pruned_before,nan,0.000000e+00,0.000000e+00,0.0000,0.0000,0
62,features.12,489,pruned_before,nan,0.000000e+00,0.000000e+00,0.0000,0.0000,0
62,features.12,490,active,0.253247,2.274628e-09,2.029334e-05,0.1039,0.6104,201
62,features.12,491,pruned_before,nan,0.000000e+00,0.000000e+00,0.0000,0.0000,0
62,features.12,492,pruned_before,nan,0.000000e+00,0.000000e+00,0.0000,0.0000,0
62,features.12,493,pruned_before,nan,0.000000e+00,0.000000e+00,0.0000,0.0000,0
62,features.12,494,pruned_before,nan,0.000000e+00,0.000000e+00,0.0000,0.0000,0
62,features.12,495,pruned_before,nan,0.000000e+00,0.000000e+00,0.0000,0.0000,0
62,features.12,496,pruned_before,nan,0.000000e+00,0.000000e+00,0.0000,0.0000,0
62,features.12,497,pruned_before,nan,0.000000e+00,0.000000e+00,0.0000,0.0000,0
62,features.12,498,pruned_before,nan,0.000000e+00,0.000000e+00,0.0000,0.0000,0
62,features.12,499,pruned_before,nan,0.000000e+00,0.000000e+00,0.0000,0.0000,0
62,features.12,500,pruned_before,nan,0.000000e+00,0.000000e+00,0.0000,0.0000,0
62,features.12,501,pruned_before,nan,0.000000e+00,0.000000e+00,0.0000,0.0000,0
62,features.12,502,pruned_before,nan,0.000000e+00,0.000000e+00,0.0000,0.0000,0
62,features.12,503,pruned_before,nan,0.000000e+00,0.000000e+00,0.0000,0.0000,0
62,features.12,504,active,-0.032468,3.752717e-07,3.575405e-05,0.8961,0.8312,201
62,features.12,505,active,0.207792,4.539043e-08,9.328294e-05,0.5195,0.9351,201
62,features.12,506,active,-0.110390,3.850186e-08,5.900102e-06,0.4935,0.2727,201
62,features.12,507,pruned_before,nan,0.000000e+00,0.000000e+00,0.0000,0.0000,0
62,features.12,508,pruned_before,nan,0.000000e+00,0.000000e+00,0.0000,0.0000,0
62,features.12,509,active,0.019481,8.403102e-09,2.654767e-06,0.1429,0.1818,201
62,features.12,510,pruned_before,nan,0.000000e+00,0.000000e+00,0.0000,0.0000,0
62,features.12,511,pruned_before,nan,0.000000e+00,0.000000e+00,0.0000,0.0000,0
62,features.12,512,active,0.038961,3.013205e-08,1.383780e-05,0.4416,0.5195,201
62,features.12,513,pruned_before,nan,0.000000e+00,0.000000e+00,0.0000,0.0000,0
62,features.12,514,pruned_before,nan,0.000000e+00,0.000000e+00,0.0000,0.0000,0
62,features.12,515,pruned_before,nan,0.000000e+00,0.000000e+00,0.0000,0.0000,0
62,features.12,516,pruned_before,nan,0.000000e+00,0.000000e+00,0.0000,0.0000,0
62,features.12,517,pruned_before,nan,0.000000e+00,0.000000e+00,0.0000,0.0000,0
62,features.12,518,active,-0.103896,3.213242e-07,2.519053e-05,0.8831,0.6753,201
62,features.12,519,pruned_before,nan,0.000000e+00,0.000000e+00,0.0000,0.0000,0
62,features.12,520,pruned_before,nan,0.000000e+00,0.000000e+00,0.0000,0.0000,0
62,features.12,521,pruned_before,nan,0.000000e+00,0.000000e+00,0.0000,0.0000,0
62,features.12,522,pruned_before,nan,0.000000e+00,0.000000e+00,0.0000,0.0000,0
62,features.12,523,pruned_before,nan,0.000000e+00,0.000000e+00,0.0000,0.0000,0
62,features.12,524,active,-0.051948,3.896326e-08,9.834003e-06,0.5065,0.4026,201
62,features.12,525,pruned_before,nan,0.000000e+00,0.000000e+00,0.0000,0.0000,0
62,features.12,526,pruned_before,nan,0.000000e+00,0.000000e+00,0.0000,0.0000,0
62,features.12,527,pruned_before,nan,0.000000e+00,0.000000e+00,0.0000,0.0000,0
62,features.12,528,pruned_before,nan,0.000000e+00,0.000000e+00,0.0000,0.0000,0
62,features.12,529,pruned_before,nan,0.000000e+00,0.000000e+00,0.0000,0.0000,0
62,features.12,530,pruned_before,nan,0.000000e+00,0.000000e+00,0.0000,0.0000,0
62,features.12,531,pruned_before,nan,0.000000e+00,0.000000e+00,0.0000,0.0000,0
62,features.12,532,pruned_before,nan,0.000000e+00,0.000000e+00,0.0000,0.0000,0
62,features.12,533,pruned_before,nan,0.000000e+00,0.000000e+00,0.0000,0.0000,0
62,features.12,534,pruned_before,nan,0.000000e+00,0.000000e+00,0.0000,0.0000,0
62,features.12,535,pruned_before,nan,0.000000e+00,0.000000e+00,0.0000,0.0000,0
62,features.12,536,pruned_before,nan,0.000000e+00,0.000000e+00,0.0000,0.0000,0
62,features.12,537,pruned_before,nan,0.000000e+00,0.000000e+00,0.0000,0.0000,0
62,features.12,538,pruned_before,nan,0.000000e+00,0.000000e+00,0.0000,0.0000,0
62,features.12,539,active,-0.045455,3.068979e-08,8.730132e-06,0.4545,0.3636,201
62,features.12,540,pruned_before,nan,0.000000e+00,0.000000e+00,0.0000,0.0000,0
62,features.12,541,pruned_before,nan,0.000000e+00,0.000000e+00,0.0000,0.0000,0
62,features.12,542,pruned_before,nan,0.000000e+00,0.000000e+00,0.0000,0.0000,0
62,features.12,543,pruned_before,nan,0.000000e+00,0.000000e+00,0.0000,0.0000,0
62,features.12,544,pruned_before,nan,0.000000e+00,0.000000e+00,0.0000,0.0000,0
62,features.12,545,pruned_before,nan,0.000000e+00,0.000000e+00,0.0000,0.0000,0
62,features.12,546,active,-0.155844,2.009409e-07,1.380463e-05,0.8182,0.5065,201
62,features.12,547,pruned_before,nan,0.000000e+00,0.000000e+00,0.0000,0.0000,0
62,features.12,548,pruned_before,nan,0.000000e+00,0.000000e+00,0.0000,0.0000,0
62,features.12,549,pruned_before,nan,0.000000e+00,0.000000e+00,0.0000,0.0000,0
62,features.12,550,active,0.012987,1.796398e-08,5.999349e-06,0.2597,0.2857,201
62,features.12,551,pruned_before,nan,0.000000e+00,0.000000e+00,0.0000,0.0000,0
62,features.12,552,pruned_before,nan,0.000000e+00,0.000000e+00,0.0000,0.0000,0
62,features.12,553,pruned_before,nan,0.000000e+00,0.000000e+00,0.0000,0.0000,0
62,features.12,554,active,0.181818,6.631787e-08,1.176110e-04,0.5974,0.9610,201
62,features.12,555,pruned_before,nan,0.000000e+00,0.000000e+00,0.0000,0.0000,0
62,features.12,556,pruned_before,nan,0.000000e+00,0.000000e+00,0.0000,0.0000,0
62,features.12,557,pruned_before,nan,0.000000e+00,0.000000e+00,0.0000,0.0000,0
62,features.12,558,pruned_before,nan,0.000000e+00,0.000000e+00,0.0000,0.0000,0
62,features.12,559,pruned_before,nan,0.000000e+00,0.000000e+00,0.0000,0.0000,0
62,features.12,560,pruned_before,nan,0.000000e+00,0.000000e+00,0.0000,0.0000,0
62,features.12,561,pruned_before,nan,0.000000e+00,0.000000e+00,0.0000,0.0000,0
62,features.12,562,pruned_before,nan,0.000000e+00,0.000000e+00,0.0000,0.0000,0
62,features.12,563,pruned_before,nan,0.000000e+00,0.000000e+00,0.0000,0.0000,0
62,features.12,564,pruned_before,nan,0.000000e+00,0.000000e+00,0.0000,0.0000,0
62,features.12,565,pruned_before,nan,0.000000e+00,0.000000e+00,0.0000,0.0000,0
62,features.12,566,pruned_before,nan,0.000000e+00,0.000000e+00,0.0000,0.0000,0
62,features.12,567,pruned_before,nan,0.000000e+00,0.000000e+00,0.0000,0.0000,0
62,features.12,568,pruned_before,nan,0.000000e+00,0.000000e+00,0.0000,0.0000,0
62,features.12,569,pruned_before,nan,0.000000e+00,0.000000e+00,0.0000,0.0000,0
62,features.12,570,pruned_before,nan,0.000000e+00,0.000000e+00,0.0000,0.0000,0
62,features.12,571,pruned_before,nan,0.000000e+00,0.000000e+00,0.0000,0.0000,0
62,features.12,572,pruned_before,nan,0.000000e+00,0.000000e+00,0.0000,0.0000,0
62,features.12,573,pruned_before,nan,0.000000e+00,0.000000e+00,0.0000,0.0000,0
62,features.12,574,pruned_before,nan,0.000000e+00,0.000000e+00,0.0000,0.0000,0
62,features.12,575,pruned_before,nan,0.000000e+00,0.000000e+00,0.0000,0.0000,0
62,features.13,0,pruned_before,nan,0.000000e+00,0.000000e+00,0.0000,0.0000,0
62,features.13,1,pruned_before,nan,0.000000e+00,0.000000e+00,0.0000,0.0000,0
62,features.13,2,pruned_before,nan,0.000000e+00,0.000000e+00,0.0000,0.0000,0
62,features.13,3,pruned_before,nan,0.000000e+00,0.000000e+00,0.0000,0.0000,0
62,features.13,4,pruned_before,nan,0.000000e+00,0.000000e+00,0.0000,0.0000,0
62,features.13,5,pruned_before,nan,0.000000e+00,0.000000e+00,0.0000,0.0000,0
62,features.13,6,active,-0.037500,6.626862e-08,1.582656e-05,0.6625,0.5875,201
62,features.13,7,pruned_before,nan,0.000000e+00,0.000000e+00,0.0000,0.0000,0
62,features.13,8,pruned_before,nan,0.000000e+00,0.000000e+00,0.0000,0.0000,0
62,features.13,9,active,-0.056250,2.030504e-08,7.152012e-07,0.2750,0.1625,201
62,features.13,10,pruned_before,nan,0.000000e+00,0.000000e+00,0.0000,0.0000,0
62,features.13,11,pruned_before,nan,0.000000e+00,0.000000e+00,0.0000,0.0000,0
62,features.13,12,pruned_before,nan,0.000000e+00,0.000000e+00,0.0000,0.0000,0
62,features.13,13,pruned_before,nan,0.000000e+00,0.000000e+00,0.0000,0.0000,0
62,features.13,14,pruned_before,nan,0.000000e+00,0.000000e+00,0.0000,0.0000,0
62,features.13,15,active,-0.125000,3.382720e-08,1.345839e-06,0.4625,0.2125,201
62,features.13,16,pruned_before,nan,0.000000e+00,0.000000e+00,0.0000,0.0000,0
62,features.13,17,active,0.037500,1.740576e-08,3.346939e-06,0.2500,0.3250,201
62,features.13,18,pruned_before,nan,0.000000e+00,0.000000e+00,0.0000,0.0000,0
62,features.13,19,pruned_before,nan,0.000000e+00,0.000000e+00,0.0000,0.0000,0
62,features.13,20,pruned_before,nan,0.000000e+00,0.000000e+00,0.0000,0.0000,0
62,features.13,21,active,0.050000,1.398240e-08,2.783078e-06,0.2000,0.3000,201
62,features.13,22,active,0.062500,1.281558e-08,3.043590e-06,0.1875,0.3125,201
62,features.13,23,pruned_before,nan,0.000000e+00,0.000000e+00,0.0000,0.0000,0
62,features.13,24,pruned_before,nan,0.000000e+00,0.000000e+00,0.0000,0.0000,0
62,features.13,25,active,0.000000,0.000000e+00,0.000000e+00,0.0375,0.0375,201
62,features.13,26,pruned_before,nan,0.000000e+00,0.000000e+00,0.0000,0.0000,0
62,features.13,27,active,0.025000,3.600334e-08,1.250845e-05,0.4875,0.5375,201
62,features.13,28,pruned_before,nan,0.000000e+00,0.000000e+00,0.0000,0.0000,0
62,features.13,29,active,-0.006250,6.176585e-08,1.948874e-05,0.6500,0.6375,201
62,features.13,30,pruned_before,nan,0.000000e+00,0.000000e+00,0.0000,0.0000,0
62,features.13,31,active,-0.087500,3.156666e-08,1.730348e-06,0.4125,0.2375,201
62,features.13,32,pruned_before,nan,0.000000e+00,0.000000e+00,0.0000,0.0000,0
62,features.13,33,active,0.025000,2.481144e-08,4.330092e-06,0.3250,0.3750,201
62,features.13,34,pruned_before,nan,0.000000e+00,0.000000e+00,0.0000,0.0000,0
62,features.13,35,pruned_before,nan,0.000000e+00,0.000000e+00,0.0000,0.0000,0
62,features.13,36,active,0.000000,4.694975e-09,5.600955e-07,0.1375,0.1375,201
62,features.13,37,active,0.062500,2.060574e-08,5.315408e-06,0.2875,0.4125,201
62,features.13,38,pruned_before,nan,0.000000e+00,0.000000e+00,0.0000,0.0000,0
62,features.13,39,pruned_before,nan,0.000000e+00,0.000000e+00,0.0000,0.0000,0
62,features.13,40,pruned_before,nan,0.000000e+00,0.000000e+00,0.0000,0.0000,0
62,features.13,41,pruned_before,nan,0.000000e+00,0.000000e+00,0.0000,0.0000,0
62,features.13,42,pruned_before,nan,0.000000e+00,0.000000e+00,0.0000,0.0000,0
62,features.13,43,pruned_before,nan,0.000000e+00,0.000000e+00,0.0000,0.0000,0
62,features.13,44,active,-0.150000,4.209845e-08,1.462037e-06,0.5250,0.2250,201
62,features.13,45,pruned_before,nan,0.000000e+00,0.000000e+00,0.0000,0.0000,0
62,features.13,46,pruned_before,nan,0.000000e+00,0.000000e+00,0.0000,0.0000,0
62,features.13,47,pruned_before,nan,0.000000e+00,0.000000e+00,0.0000,0.0000,0
62,features.13,48,pruned_before,nan,0.000000e+00,0.000000e+00,0.0000,0.0000,0
62,features.13,49,pruned_before,nan,0.000000e+00,0.000000e+00,0.0000,0.0000,0
62,features.13,50,pruned_before,nan,0.000000e+00,0.000000e+00,0.0000,0.0000,0
62,features.13,51,pruned_before,nan,0.000000e+00,0.000000e+00,0.0000,0.0000,0
62,features.13,52,pruned_before,nan,0.000000e+00,0.000000e+00,0.0000,0.0000,0
62,features.13,53,pruned_before,nan,0.000000e+00,0.000000e+00,0.0000,0.0000,0
62,features.13,54,pruned_before,nan,0.000000e+00,0.000000e+00,0.0000,0.0000,0
62,features.13,55,pruned_before,nan,0.000000e+00,0.000000e+00,0.0000,0.0000,0
62,features.13,56,pruned_before,nan,0.000000e+00,0.000000e+00,0.0000,0.0000,0
62,features.13,57,pruned_before,nan,0.000000e+00,0.000000e+00,0.0000,0.0000,0
62,features.13,58,pruned_before,nan,0.000000e+00,0.000000e+00,0.0000,0.0000,0
62,features.13,59,pruned_before,nan,0.000000e+00,0.000000e+00,0.0000,0.0000,0
62,features.13,60,pruned_before,nan,0.000000e+00,0.000000e+00,0.0000,0.0000,0
62,features.13,61,pruned_before,nan,0.000000e+00,0.000000e+00,0.0000,0.0000,0
62,features.13,62,pruned_before,nan,0.000000e+00,0.000000e+00,0.0000,0.0000,0
62,features.13,63,pruned_before,nan,0.000000e+00,0.000000e+00,0.0000,0.0000,0
62,features.13,64,pruned_before,nan,0.000000e+00,0.000000e+00,0.0000,0.0000,0
62,features.13,65,pruned_before,nan,0.000000e+00,0.000000e+00,0.0000,0.0000,0
62,features.13,66,pruned_before,nan,0.000000e+00,0.000000e+00,0.0000,0.0000,0
62,features.13,67,pruned_before,nan,0.000000e+00,0.000000e+00,0.0000,0.0000,0
62,features.13,68,pruned_before,nan,0.000000e+00,0.000000e+00,0.0000,0.0000,0
62,features.13,69,pruned_before,nan,0.000000e+00,0.000000e+00,0.0000,0.0000,0
62,features.13,70,pruned_before,nan,0.000000e+00,0.000000e+00,0.0000,0.0000,0
62,features.13,71,pruned_before,nan,0.000000e+00,0.000000e+00,0.0000,0.0000,0
62,features.13,72,pruned_before,nan,0.000000e+00,0.000000e+00,0.0000,0.0000,0
62,features.13,73,pruned_before,nan,0.000000e+00,0.000000e+00,0.0000,0.0000,0
62,features.13,74,pruned_before,nan,0.000000e+00,0.000000e+00,0.0000,0.0000,0
62,features.13,75,active,-0.106250,7.477196e-08,9.782800e-06,0.6875,0.4750,201
62,features.13,76,pruned_before,nan,0.000000e+00,0.000000e+00,0.0000,0.0000,0
62,features.13,77,active,0.006250,5.907702e-08,1.967383e-05,0.6375,0.6500,201
62,features.13,78,pruned_before,nan,0.000000e+00,0.000000e+00,0.0000,0.0000,0
62,features.13,79,pruned_before,nan,0.000000e+00,0.000000e+00,0.0000,0.0000,0
62,features.13,80,pruned_before,nan,0.000000e+00,0.000000e+00,0.0000,0.0000,0
62,features.13,81,pruned_before,nan,0.000000e+00,0.000000e+00,0.0000,0.0000,0
62,features.13,82,pruned_before,nan,0.000000e+00,0.000000e+00,0.0000,0.0000,0
62,features.13,83,pruned_before,nan,0.000000e+00,0.000000e+00,0.0000,0.0000,0
62,features.13,84,pruned_before,nan,0.000000e+00,0.000000e+00,0.0000,0.0000,0
62,features.13,85,pruned_before,nan,0.000000e+00,0.000000e+00,0.0000,0.0000,0
62,features.13,86,pruned_before,nan,0.000000e+00,0.000000e+00,0.0000,0.0000,0
62,features.13,87,pruned_before,nan,0.000000e+00,0.000000e+00,0.0000,0.0000,0
62,features.13,88,pruned_before,nan,0.000000e+00,0.000000e+00,0.0000,0.0000,0
62,features.13,89,pruned_before,nan,0.000000e+00,0.000000e+00,0.0000,0.0000,0
62,features.13,90,pruned_before,nan,0.000000e+00,0.000000e+00,0.0000,0.0000,0
62,features.13,91,pruned_before,nan,0.000000e+00,0.000000e+00,0.0000,0.0000,0
62,features.13,92,pruned_before,nan,0.000000e+00,0.000000e+00,0.0000,0.0000,0
62,features.13,93,pruned_before,nan,0.000000e+00,0.000000e+00,0.0000,0.0000,0
62,features.13,94,pruned_before,nan,0.000000e+00,0.000000e+00,0.0000,0.0000,0
62,features.13,95,active,0.318750,3.893920e-09,2.619382e-05,0.1125,0.7500,201
62,features.13,96,pruned_before,nan,0.000000e+00,0.000000e+00,0.0000,0.0000,0
62,features.13,97,pruned_before,nan,0.000000e+00,0.000000e+00,0.0000,0.0000,0
62,features.13,98,pruned_before,nan,0.000000e+00,0.000000e+00,0.0000,0.0000,0
62,features.13,99,pruned_before,nan,0.000000e+00,0.000000e+00,0.0000,0.0000,0
62,features.13,100,pruned_before,nan,0.000000e+00,0.000000e+00,0.0000,0.0000,0
62,features.13,101,pruned_before,nan,0.000000e+00,0.000000e+00,0.0000,0.0000,0
62,features.13,102,pruned_before,nan,0.000000e+00,0.000000e+00,0.0000,0.0000,0
62,features.13,103,pruned_before,nan,0.000000e+00,0.000000e+00,0.0000,0.0000,0
62,features.13,104,pruned_before,nan,0.000000e+00,0.000000e+00,0.0000,0.0000,0
62,features.13,105,pruned_before,nan,0.000000e+00,0.000000e+00,0.0000,0.0000,0
62,features.13,106,pruned_before,nan,0.000000e+00,0.000000e+00,0.0000,0.0000,0
62,features.13,107,pruned_before,nan,0.000000e+00,0.000000e+00,0.0000,0.0000,0
62,features.13,108,pruned_before,nan,0.000000e+00,0.000000e+00,0.0000,0.0000,0
62,features.13,109,pruned_before,nan,0.000000e+00,0.000000e+00,0.0000,0.0000,0
62,features.13,110,pruned_now,-0.200000,1.147271e-07,4.517599e-06,0.8000,0.4000,201
62,features.13,111,pruned_before,nan,0.000000e+00,0.000000e+00,0.0000,0.0000,0
62,features.13,112,pruned_before,nan,0.000000e+00,0.000000e+00,0.0000,0.0000,0
62,features.13,113,pruned_before,nan,0.000000e+00,0.000000e+00,0.0000,0.0000,0
62,features.13,114,pruned_before,nan,0.000000e+00,0.000000e+00,0.0000,0.0000,0
62,features.13,115,pruned_before,nan,0.000000e+00,0.000000e+00,0.0000,0.0000,0
62,features.13,116,pruned_before,nan,0.000000e+00,0.000000e+00,0.0000,0.0000,0
62,features.13,117,pruned_before,nan,0.000000e+00,0.000000e+00,0.0000,0.0000,0
62,features.13,118,pruned_before,nan,0.000000e+00,0.000000e+00,0.0000,0.0000,0
62,features.13,119,pruned_before,nan,0.000000e+00,0.000000e+00,0.0000,0.0000,0
62,features.13,120,pruned_before,nan,0.000000e+00,0.000000e+00,0.0000,0.0000,0
62,features.13,121,pruned_before,nan,0.000000e+00,0.000000e+00,0.0000,0.0000,0
62,features.13,122,active,0.000000,0.000000e+00,0.000000e+00,0.0500,0.0500,201
62,features.13,123,pruned_before,nan,0.000000e+00,0.000000e+00,0.0000,0.0000,0
62,features.13,124,pruned_before,nan,0.000000e+00,0.000000e+00,0.0000,0.0000,0
62,features.13,125,pruned_before,nan,0.000000e+00,0.000000e+00,0.0000,0.0000,0
62,features.13,126,pruned_before,nan,0.000000e+00,0.000000e+00,0.0000,0.0000,0
62,features.13,127,active,-0.050000,4.450083e-07,3.214704e-05,0.9625,0.8625,201
62,features.13,128,active,0.137500,1.692009e-08,1.069115e-05,0.2375,0.5125,201
62,features.13,129,pruned_before,nan,0.000000e+00,0.000000e+00,0.0000,0.0000,0
62,features.13,130,pruned_before,nan,0.000000e+00,0.000000e+00,0.0000,0.0000,0
62,features.13,131,pruned_before,nan,0.000000e+00,0.000000e+00,0.0000,0.0000,0
62,features.13,132,active,0.000000,0.000000e+00,0.000000e+00,0.0625,0.0625,201
62,features.13,133,active,0.006250,3.312596e-07,4.852659e-05,0.9375,0.9500,201
62,features.13,134,pruned_before,nan,0.000000e+00,0.000000e+00,0.0000,0.0000,0
62,features.13,135,pruned_before,nan,0.000000e+00,0.000000e+00,0.0000,0.0000,0
62,features.13,136,active,-0.162500,6.328608e-07,2.133179e-05,0.9875,0.6625,201
62,features.13,137,pruned_before,nan,0.000000e+00,0.000000e+00,0.0000,0.0000,0
62,features.13,138,pruned_before,nan,0.000000e+00,0.000000e+00,0.0000,0.0000,0
62,features.13,139,pruned_before,nan,0.000000e+00,0.000000e+00,0.0000,0.0000,0
62,features.13,140,active,-0.056250,1.825094e-07,2.617203e-05,0.8500,0.7375,201
62,features.13,141,pruned_before,nan,0.000000e+00,0.000000e+00,0.0000,0.0000,0
62,features.13,142,pruned_before,nan,0.000000e+00,0.000000e+00,0.0000,0.0000,0
62,features.13,143,pruned_before,nan,0.000000e+00,0.000000e+00,0.0000,0.0000,0
62,features.13,144,pruned_before,nan,0.000000e+00,0.000000e+00,0.0000,0.0000,0
62,features.13,145,active,-0.031250,7.657358e-09,4.136397e-07,0.1750,0.1125,201
62,features.13,146,pruned_before,nan,0.000000e+00,0.000000e+00,0.0000,0.0000,0
62,features.13,147,pruned_before,nan,0.000000e+00,0.000000e+00,0.0000,0.0000,0
62,features.13,148,pruned_before,nan,0.000000e+00,0.000000e+00,0.0000,0.0000,0
62,features.13,149,pruned_before,nan,0.000000e+00,0.000000e+00,0.0000,0.0000,0
62,features.13,150,pruned_before,nan,0.000000e+00,0.000000e+00,0.0000,0.0000,0
62,features.13,151,active,0.087500,3.348762e-08,1.869093e-05,0.4500,0.6250,201
62,features.13,152,active,0.050000,2.807881e-08,9.529654e-06,0.3625,0.4625,201
62,features.13,153,pruned_before,nan,0.000000e+00,0.000000e+00,0.0000,0.0000,0
62,features.13,154,pruned_before,nan,0.000000e+00,0.000000e+00,0.0000,0.0000,0
62,features.13,155,pruned_before,nan,0.000000e+00,0.000000e+00,0.0000,0.0000,0
62,features.13,156,pruned_before,nan,0.000000e+00,0.000000e+00,0.0000,0.0000,0
62,features.13,157,pruned_before,nan,0.000000e+00,0.000000e+00,0.0000,0.0000,0
62,features.13,158,pruned_before,nan,0.000000e+00,0.000000e+00,0.0000,0.0000,0
62,features.13,159,pruned_before,nan,0.000000e+00,0.000000e+00,0.0000,0.0000,0
62,features.13,160,pruned_before,nan,0.000000e+00,0.000000e+00,0.0000,0.0000,0
62,features.13,161,pruned_before,nan,0.000000e+00,0.000000e+00,0.0000,0.0000,0
62,features.13,162,pruned_before,nan,0.000000e+00,0.000000e+00,0.0000,0.0000,0
62,features.13,163,pruned_before,nan,0.000000e+00,0.000000e+00,0.0000,0.0000,0
62,features.13,164,pruned_before,nan,0.000000e+00,0.000000e+00,0.0000,0.0000,0
62,features.13,165,pruned_before,nan,0.000000e+00,0.000000e+00,0.0000,0.0000,0
62,features.13,166,pruned_before,nan,0.000000e+00,0.000000e+00,0.0000,0.0000,0
62,features.13,167,pruned_before,nan,0.000000e+00,0.000000e+00,0.0000,0.0000,0
62,features.13,168,pruned_before,nan,0.000000e+00,0.000000e+00,0.0000,0.0000,0
62,features.13,169,pruned_before,nan,0.000000e+00,0.000000e+00,0.0000,0.0000,0
62,features.13,170,active,0.100000,8.726876e-08,4.257057e-05,0.7375,0.9375,201
62,features.13,171,pruned_before,nan,0.000000e+00,0.000000e+00,0.0000,0.0000,0
62,features.13,172,pruned_before,nan,0.000000e+00,0.000000e+00,0.0000,0.0000,0
62,features.13,173,pruned_before,nan,0.000000e+00,0.000000e+00,0.0000,0.0000,0
62,features.13,174,pruned_before,nan,0.000000e+00,0.000000e+00,0.0000,0.0000,0
62,features.13,175,pruned_before,nan,0.000000e+00,0.000000e+00,0.0000,0.0000,0
62,features.13,176,pruned_before,nan,0.000000e+00,0.000000e+00,0.0000,0.0000,0
62,features.13,177,pruned_before,nan,0.000000e+00,0.000000e+00,0.0000,0.0000,0
62,features.13,178,pruned_before,nan,0.000000e+00,0.000000e+00,0.0000,0.0000,0
62,features.13,179,pruned_before,nan,0.000000e+00,0.000000e+00,0.0000,0.0000,0
62,features.13,180,pruned_before,nan,0.000000e+00,0.000000e+00,0.0000,0.0000,0
62,features.13,181,active,-0.143750,3.406299e-08,1.047188e-06,0.4750,0.1875,201
62,features.13,182,pruned_before,nan,0.000000e+00,0.000000e+00,0.0000,0.0000,0
62,features.13,183,pruned_before,nan,0.000000e+00,0.000000e+00,0.0000,0.0000,0
62,features.13,184,pruned_before,nan,0.000000e+00,0.000000e+00,0.0000,0.0000,0
62,features.13,185,pruned_before,nan,0.000000e+00,0.000000e+00,0.0000,0.0000,0
62,features.13,186,active,0.012500,5.362931e-09,7.527170e-07,0.1500,0.1750,201
62,features.13,187,pruned_before,nan,0.000000e+00,0.000000e+00,0.0000,0.0000,0
62,features.13,188,pruned_before,nan,0.000000e+00,0.000000e+00,0.0000,0.0000,0
62,features.13,189,pruned_before,nan,0.000000e+00,0.000000e+00,0.0000,0.0000,0
62,features.13,190,pruned_before,nan,0.000000e+00,0.000000e+00,0.0000,0.0000,0
62,features.13,191,pruned_before,nan,0.000000e+00,0.000000e+00,0.0000,0.0000,0
62,features.13,192,pruned_before,nan,0.000000e+00,0.000000e+00,0.0000,0.0000,0
62,features.13,193,pruned_before,nan,0.000000e+00,0.000000e+00,0.0000,0.0000,0
62,features.13,194,pruned_before,nan,0.000000e+00,0.000000e+00,0.0000,0.0000,0
62,features.13,195,pruned_before,nan,0.000000e+00,0.000000e+00,0.0000,0.0000,0
62,features.13,196,pruned_before,nan,0.000000e+00,0.000000e+00,0.0000,0.0000,0
62,features.13,197,pruned_before,nan,0.000000e+00,0.000000e+00,0.0000,0.0000,0
62,features.13,198,pruned_before,nan,0.000000e+00,0.000000e+00,0.0000,0.0000,0
62,features.13,199,active,-0.093750,4.508350e-07,2.740837e-05,0.9750,0.7875,201
62,features.13,200,pruned_before,nan,0.000000e+00,0.000000e+00,0.0000,0.0000,0
62,features.13,201,pruned_before,nan,0.000000e+00,0.000000e+00,0.0000,0.0000,0
62,features.13,202,pruned_before,nan,0.000000e+00,0.000000e+00,0.0000,0.0000,0
62,features.13,203,active,0.012500,1.997582e-07,3.740342e-05,0.8625,0.8875,201
62,features.13,204,pruned_before,nan,0.000000e+00,0.000000e+00,0.0000,0.0000,0
62,features.13,205,pruned_before,nan,0.000000e+00,0.000000e+00,0.0000,0.0000,0
62,features.13,206,pruned_before,nan,0.000000e+00,0.000000e+00,0.0000,0.0000,0
62,features.13,207,pruned_before,nan,0.000000e+00,0.000000e+00,0.0000,0.0000,0
62,features.13,208,pruned_before,nan,0.000000e+00,0.000000e+00,0.0000,0.0000,0
62,features.13,209,pruned_before,nan,0.000000e+00,0.000000e+00,0.0000,0.0000,0
62,features.13,210,active,0.056250,7.220642e-10,1.314562e-06,0.0875,0.2000,201
62,features.13,211,pruned_before,nan,0.000000e+00,0.000000e+00,0.0000,0.0000,0
62,features.13,212,pruned_before,nan,0.000000e+00,0.000000e+00,0.0000,0.0000,0
62,features.13,213,pruned_before,nan,0.000000e+00,0.000000e+00,0.0000,0.0000,0
62,features.13,214,pruned_before,nan,0.000000e+00,0.000000e+00,0.0000,0.0000,0
62,features.13,215,pruned_before,nan,0.000000e+00,0.000000e+00,0.0000,0.0000,0
62,features.13,216,pruned_before,nan,0.000000e+00,0.000000e+00,0.0000,0.0000,0
62,features.13,217,pruned_before,nan,0.000000e+00,0.000000e+00,0.0000,0.0000,0
62,features.13,218,pruned_before,nan,0.000000e+00,0.000000e+00,0.0000,0.0000,0
62,features.13,219,pruned_before,nan,0.000000e+00,0.000000e+00,0.0000,0.0000,0
62,features.13,220,pruned_before,nan,0.000000e+00,0.000000e+00,0.0000,0.0000,0
62,features.13,221,pruned_before,nan,0.000000e+00,0.000000e+00,0.0000,0.0000,0
62,features.13,222,pruned_before,nan,0.000000e+00,0.000000e+00,0.0000,0.0000,0
62,features.13,223,active,0.250000,3.227525e-08,4.115080e-05,0.4250,0.9250,201
62,features.13,224,pruned_before,nan,0.000000e+00,0.000000e+00,0.0000,0.0000,0
62,features.13,225,active,-0.006250,1.391005e-09,1.064349e-07,0.1000,0.0875,201
62,features.13,226,pruned_before,nan,0.000000e+00,0.000000e+00,0.0000,0.0000,0
62,features.13,227,pruned_before,nan,0.000000e+00,0.000000e+00,0.0000,0.0000,0
62,features.13,228,pruned_before,nan,0.000000e+00,0.000000e+00,0.0000,0.0000,0
62,features.13,229,pruned_before,nan,0.000000e+00,0.000000e+00,0.0000,0.0000,0
62,features.13,230,pruned_before,nan,0.000000e+00,0.000000e+00,0.0000,0.0000,0
62,features.13,231,active,-0.031250,2.506305e-07,3.036945e-05,0.9000,0.8375,201
62,features.13,232,pruned_before,nan,0.000000e+00,0.000000e+00,0.0000,0.0000,0
62,features.13,233,pruned_before,nan,0.000000e+00,0.000000e+00,0.0000,0.0000,0
62,features.13,234,pruned_before,nan,0.000000e+00,0.000000e+00,0.0000,0.0000,0
62,features.13,235,pruned_before,nan,0.000000e+00,0.000000e+00,0.0000,0.0000,0
62,features.13,236,pruned_before,nan,0.000000e+00,0.000000e+00,0.0000,0.0000,0
62,features.13,237,active,0.037500,9.356292e-08,2.984186e-05,0.7500,0.8250,201
62,features.13,238,pruned_before,nan,0.000000e+00,0.000000e+00,0.0000,0.0000,0
62,features.13,239,active,0.081250,1.266585e-07,1.168692e-04,0.8250,0.9875,201
62,features.13,240,pruned_before,nan,0.000000e+00,0.000000e+00,0.0000,0.0000,0
62,features.13,241,active,0.000000,1.842990e-08,1.810617e-06,0.2625,0.2625,201
62,features.13,242,pruned_before,nan,0.000000e+00,0.000000e+00,0.0000,0.0000,0
62,features.13,243,pruned_before,nan,0.000000e+00,0.000000e+00,0.0000,0.0000,0
62,features.13,244,pruned_before,nan,0.000000e+00,0.000000e+00,0.0000,0.0000,0
62,features.13,245,pruned_before,nan,0.000000e+00,0.000000e+00,0.0000,0.0000,0
62,features.13,246,pruned_before,nan,0.000000e+00,0.000000e+00,0.0000,0.0000,0
62,features.13,247,pruned_before,nan,0.000000e+00,0.000000e+00,0.0000,0.0000,0
62,features.13,248,pruned_before,nan,0.000000e+00,0.000000e+00,0.0000,0.0000,0
62,features.13,249,pruned_before,nan,0.000000e+00,0.000000e+00,0.0000,0.0000,0
62,features.13,250,pruned_before,nan,0.000000e+00,0.000000e+00,0.0000,0.0000,0
62,features.13,251,pruned_before,nan,0.000000e+00,0.000000e+00,0.0000,0.0000,0
62,features.13,252,pruned_before,nan,0.000000e+00,0.000000e+00,0.0000,0.0000,0
62,features.13,253,pruned_before,nan,0.000000e+00,0.000000e+00,0.0000,0.0000,0
62,features.13,254,pruned_before,nan,0.000000e+00,0.000000e+00,0.0000,0.0000,0
62,features.13,255,pruned_before,nan,0.000000e+00,0.000000e+00,0.0000,0.0000,0
62,features.13,256,pruned_before,nan,0.000000e+00,0.000000e+00,0.0000,0.0000,0
62,features.13,257,pruned_before,nan,0.000000e+00,0.000000e+00,0.0000,0.0000,0
62,features.13,258,pruned_before,nan,0.000000e+00,0.000000e+00,0.0000,0.0000,0
62,features.13,259,pruned_before,nan,0.000000e+00,0.000000e+00,0.0000,0.0000,0
62,features.13,260,active,0.025000,4.236144e-08,1.679805e-05,0.5500,0.6000,201
62,features.13,261,pruned_before,nan,0.000000e+00,0.000000e+00,0.0000,0.0000,0
62,features.13,262,pruned_before,nan,0.000000e+00,0.000000e+00,0.0000,0.0000,0
62,features.13,263,pruned_before,nan,0.000000e+00,0.000000e+00,0.0000,0.0000,0
62,features.13,264,active,-0.087500,1.082320e-07,1.684040e-05,0.7875,0.6125,201
62,features.13,265,pruned_before,nan,0.000000e+00,0.000000e+00,0.0000,0.0000,0
62,features.13,266,pruned_before,nan,0.000000e+00,0.000000e+00,0.0000,0.0000,0
62,features.13,267,pruned_before,nan,0.000000e+00,0.000000e+00,0.0000,0.0000,0
62,features.13,268,pruned_before,nan,0.000000e+00,0.000000e+00,0.0000,0.0000,0
62,features.13,269,active,-0.100000,1.015550e-07,1.376620e-05,0.7625,0.5625,201
62,features.13,270,pruned_before,nan,0.000000e+00,0.000000e+00,0.0000,0.0000,0
62,features.13,271,pruned_before,nan,0.000000e+00,0.000000e+00,0.0000,0.0000,0
62,features.13,272,active,0.056250,1.572901e-08,3.468170e-06,0.2250,0.3375,201
62,features.13,273,pruned_before,nan,0.000000e+00,0.000000e+00,0.0000,0.0000,0
62,features.13,274,pruned_before,nan,0.000000e+00,0.000000e+00,0.0000,0.0000,0
62,features.13,275,pruned_before,nan,0.000000e+00,0.000000e+00,0.0000,0.0000,0
62,features.13,276,pruned_before,nan,0.000000e+00,0.000000e+00,0.0000,0.0000,0
62,features.13,277,pruned_before,nan,0.000000e+00,0.000000e+00,0.0000,0.0000,0
62,features.13,278,pruned_before,nan,0.000000e+00,0.000000e+00,0.0000,0.0000,0
62,features.13,279,active,-0.100000,8.522542e-08,1.083298e-05,0.7250,0.5250,201
62,features.13,280,active,0.000000,0.000000e+00,0.000000e+00,0.0750,0.0750,201
62,features.13,281,active,0.000000,0.000000e+00,0.000000e+00,0.0250,0.0250,201
62,features.13,282,pruned_before,nan,0.000000e+00,0.000000e+00,0.0000,0.0000,0
62,features.13,283,pruned_before,nan,0.000000e+00,0.000000e+00,0.0000,0.0000,0
62,features.13,284,pruned_before,nan,0.000000e+00,0.000000e+00,0.0000,0.0000,0
62,features.13,285,pruned_before,nan,0.000000e+00,0.000000e+00,0.0000,0.0000,0
62,features.13,286,pruned_before,nan,0.000000e+00,0.000000e+00,0.0000,0.0000,0
62,features.13,287,pruned_before,nan,0.000000e+00,0.000000e+00,0.0000,0.0000,0
62,features.13,288,pruned_before,nan,0.000000e+00,0.000000e+00,0.0000,0.0000,0
62,features.13,289,pruned_before,nan,0.000000e+00,0.000000e+00,0.0000,0.0000,0
62,features.13,290,pruned_before,nan,0.000000e+00,0.000000e+00,0.0000,0.0000,0
62,features.13,291,pruned_before,nan,0.000000e+00,0.000000e+00,0.0000,0.0000,0
62,features.13,292,pruned_before,nan,0.000000e+00,0.000000e+00,0.0000,0.0000,0
62,features.13,293,pruned_before,nan,0.000000e+00,0.000000e+00,0.0000,0.0000,0
62,features.13,294,pruned_before,nan,0.000000e+00,0.000000e+00,0.0000,0.0000,0
62,features.13,295,pruned_before,nan,0.000000e+00,0.000000e+00,0.0000,0.0000,0
62,features.13,296,pruned_before,nan,0.000000e+00,0.000000e+00,0.0000,0.0000,0
62,features.13,297,active,-0.012500,2.357186e-08,2.771893e-06,0.3125,0.2875,201
62,features.13,298,pruned_before,nan,0.000000e+00,0.000000e+00,0.0000,0.0000,0
62,features.13,299,pruned_before,nan,0.000000e+00,0.000000e+00,0.0000,0.0000,0
62,features.13,300,pruned_before,nan,0.000000e+00,0.000000e+00,0.0000,0.0000,0
62,features.13,301,active,0.093750,2.949249e-08,1.413835e-05,0.3875,0.5750,201
62,features.13,302,pruned_before,nan,0.000000e+00,0.000000e+00,0.0000,0.0000,0
62,features.13,303,active,0.056250,3.309803e-08,1.341349e-05,0.4375,0.5500,201
62,features.13,304,pruned_before,nan,0.000000e+00,0.000000e+00,0.0000,0.0000,0
62,features.13,305,pruned_before,nan,0.000000e+00,0.000000e+00,0.0000,0.0000,0
62,features.13,306,active,-0.100000,2.796562e-07,2.364365e-05,0.9250,0.7250,201
62,features.13,307,pruned_before,nan,0.000000e+00,0.000000e+00,0.0000,0.0000,0
62,features.13,308,active,-0.112500,4.868440e-08,3.761572e-06,0.5750,0.3500,201
62,features.13,309,pruned_before,nan,0.000000e+00,0.000000e+00,0.0000,0.0000,0
62,features.13,310,pruned_before,nan,0.000000e+00,0.000000e+00,0.0000,0.0000,0
62,features.13,311,pruned_before,nan,0.000000e+00,0.000000e+00,0.0000,0.0000,0
62,features.13,312,pruned_before,nan,0.000000e+00,0.000000e+00,0.0000,0.0000,0
62,features.13,313,pruned_before,nan,0.000000e+00,0.000000e+00,0.0000,0.0000,0
62,features.13,314,pruned_before,nan,0.000000e+00,0.000000e+00,0.0000,0.0000,0
62,features.13,315,pruned_before,nan,0.000000e+00,0.000000e+00,0.0000,0.0000,0
62,features.13,316,pruned_before,nan,0.000000e+00,0.000000e+00,0.0000,0.0000,0
62,features.13,317,pruned_before,nan,0.000000e+00,0.000000e+00,0.0000,0.0000,0
62,features.13,318,pruned_before,nan,0.000000e+00,0.000000e+00,0.0000,0.0000,0
62,features.13,319,pruned_before,nan,0.000000e+00,0.000000e+00,0.0000,0.0000,0
62,features.13,320,pruned_before,nan,0.000000e+00,0.000000e+00,0.0000,0.0000,0
62,features.13,321,pruned_before,nan,0.000000e+00,0.000000e+00,0.0000,0.0000,0
62,features.13,322,pruned_before,nan,0.000000e+00,0.000000e+00,0.0000,0.0000,0
62,features.13,323,pruned_before,nan,0.000000e+00,0.000000e+00,0.0000,0.0000,0
62,features.13,324,pruned_before,nan,0.000000e+00,0.000000e+00,0.0000,0.0000,0
62,features.13,325,pruned_before,nan,0.000000e+00,0.000000e+00,0.0000,0.0000,0
62,features.13,326,pruned_before,nan,0.000000e+00,0.000000e+00,0.0000,0.0000,0
62,features.13,327,pruned_before,nan,0.000000e+00,0.000000e+00,0.0000,0.0000,0
62,features.13,328,pruned_before,nan,0.000000e+00,0.000000e+00,0.0000,0.0000,0
62,features.13,329,pruned_before,nan,0.000000e+00,0.000000e+00,0.0000,0.0000,0
62,features.13,330,pruned_before,nan,0.000000e+00,0.000000e+00,0.0000,0.0000,0
62,features.13,331,pruned_before,nan,0.000000e+00,0.000000e+00,0.0000,0.0000,0
62,features.13,332,active,-0.075000,2.245536e-08,6.116808e-07,0.3000,0.1500,201
62,features.13,333,pruned_before,nan,0.000000e+00,0.000000e+00,0.0000,0.0000,0
62,features.13,334,pruned_before,nan,0.000000e+00,0.000000e+00,0.0000,0.0000,0
62,features.13,335,pruned_before,nan,0.000000e+00,0.000000e+00,0.0000,0.0000,0
62,features.13,336,pruned_before,nan,0.000000e+00,0.000000e+00,0.0000,0.0000,0
62,features.13,337,pruned_before,nan,0.000000e+00,0.000000e+00,0.0000,0.0000,0
62,features.13,338,pruned_before,nan,0.000000e+00,0.000000e+00,0.0000,0.0000,0
62,features.13,339,pruned_before,nan,0.000000e+00,0.000000e+00,0.0000,0.0000,0
62,features.13,340,pruned_before,nan,0.000000e+00,0.000000e+00,0.0000,0.0000,0
62,features.13,341,pruned_before,nan,0.000000e+00,0.000000e+00,0.0000,0.0000,0
62,features.13,342,pruned_before,nan,0.000000e+00,0.000000e+00,0.0000,0.0000,0
62,features.13,343,pruned_before,nan,0.000000e+00,0.000000e+00,0.0000,0.0000,0
62,features.13,344,pruned_before,nan,0.000000e+00,0.000000e+00,0.0000,0.0000,0
62,features.13,345,pruned_before,nan,0.000000e+00,0.000000e+00,0.0000,0.0000,0
62,features.13,346,pruned_before,nan,0.000000e+00,0.000000e+00,0.0000,0.0000,0
62,features.13,347,pruned_before,nan,0.000000e+00,0.000000e+00,0.0000,0.0000,0
62,features.13,348,pruned_before,nan,0.000000e+00,0.000000e+00,0.0000,0.0000,0
62,features.13,349,pruned_before,nan,0.000000e+00,0.000000e+00,0.0000,0.0000,0
62,features.13,350,pruned_before,nan,0.000000e+00,0.000000e+00,0.0000,0.0000,0
62,features.13,351,pruned_before,nan,0.000000e+00,0.000000e+00,0.0000,0.0000,0
62,features.13,352,pruned_before,nan,0.000000e+00,0.000000e+00,0.0000,0.0000,0
62,features.13,353,pruned_before,nan,0.000000e+00,0.000000e+00,0.0000,0.0000,0
62,features.13,354,pruned_before,nan,0.000000e+00,0.000000e+00,0.0000,0.0000,0
62,features.13,355,pruned_before,nan,0.000000e+00,0.000000e+00,0.0000,0.0000,0
62,features.13,356,pruned_before,nan,0.000000e+00,0.000000e+00,0.0000,0.0000,0
62,features.13,357,active,0.100000,7.868929e-08,3.828995e-05,0.7125,0.9125,201
62,features.13,358,pruned_before,nan,0.000000e+00,0.000000e+00,0.0000,0.0000,0
62,features.13,359,pruned_before,nan,0.000000e+00,0.000000e+00,0.0000,0.0000,0
62,features.13,360,active,-0.018750,5.934737e-09,4.636752e-07,0.1625,0.1250,201
62,features.13,361,pruned_before,nan,0.000000e+00,0.000000e+00,0.0000,0.0000,0
62,features.13,362,pruned_before,nan,0.000000e+00,0.000000e+00,0.0000,0.0000,0
62,features.13,363,pruned_before,nan,0.000000e+00,0.000000e+00,0.0000,0.0000,0
62,features.13,364,pruned_before,nan,0.000000e+00,0.000000e+00,0.0000,0.0000,0
62,features.13,365,pruned_before,nan,0.000000e+00,0.000000e+00,0.0000,0.0000,0
62,features.13,366,pruned_before,nan,0.000000e+00,0.000000e+00,0.0000,0.0000,0
62,features.13,367,pruned_before,nan,0.000000e+00,0.000000e+00,0.0000,0.0000,0
62,features.13,368,pruned_before,nan,0.000000e+00,0.000000e+00,0.0000,0.0000,0
62,features.13,369,pruned_before,nan,0.000000e+00,0.000000e+00,0.0000,0.0000,0
62,features.13,370,active,0.018750,6.940720e-08,2.353658e-05,0.6750,0.7125,201
62,features.13,371,pruned_before,nan,0.000000e+00,0.000000e+00,0.0000,0.0000,0
62,features.13,372,active,0.075000,4.353821e-09,1.998021e-06,0.1250,0.2750,201
62,features.13,373,pruned_before,nan,0.000000e+00,0.000000e+00,0.0000,0.0000,0
62,features.13,374,pruned_before,nan,0.000000e+00,0.000000e+00,0.0000,0.0000,0
62,features.13,375,pruned_before,nan,0.000000e+00,0.000000e+00,0.0000,0.0000,0
62,features.13,376,pruned_before,nan,0.000000e+00,0.000000e+00,0.0000,0.0000,0
62,features.13,377,pruned_before,nan,0.000000e+00,0.000000e+00,0.0000,0.0000,0
62,features.13,378,pruned_before,nan,0.000000e+00,0.000000e+00,0.0000,0.0000,0
62,features.13,379,pruned_before,nan,0.000000e+00,0.000000e+00,0.0000,0.0000,0
62,features.13,380,pruned_before,nan,0.000000e+00,0.000000e+00,0.0000,0.0000,0
62,features.13,381,pruned_before,nan,0.000000e+00,0.000000e+00,0.0000,0.0000,0
62,features.13,382,pruned_before,nan,0.000000e+00,0.000000e+00,0.0000,0.0000,0
62,features.13,383,pruned_before,nan,0.000000e+00,0.000000e+00,0.0000,0.0000,0
62,features.13,384,pruned_before,nan,0.000000e+00,0.000000e+00,0.0000,0.0000,0
62,features.13,385,pruned_before,nan,0.000000e+00,0.000000e+00,0.0000,0.0000,0
62,features.13,386,pruned_before,nan,0.000000e+00,0.000000e+00,0.0000,0.0000,0
62,features.13,387,pruned_before,nan,0.000000e+00,0.000000e+00,0.0000,0.0000,0
62,features.13,388,pruned_before,nan,0.000000e+00,0.000000e+00,0.0000,0.0000,0
62,features.13,389,pruned_before,nan,0.000000e+00,0.000000e+00,0.0000,0.0000,0
62,features.13,390,pruned_before,nan,0.000000e+00,0.000000e+00,0.0000,0.0000,0
62,features.13,391,pruned_before,nan,0.000000e+00,0.000000e+00,0.0000,0.0000,0
62,features.13,392,pruned_before,nan,0.000000e+00,0.000000e+00,0.0000,0.0000,0
62,features.13,393,pruned_before,nan,0.000000e+00,0.000000e+00,0.0000,0.0000,0
62,features.13,394,pruned_before,nan,0.000000e+00,0.000000e+00,0.0000,0.0000,0
62,features.13,395,pruned_before,nan,0.000000e+00,0.000000e+00,0.0000,0.0000,0
62,features.13,396,pruned_before,nan,0.000000e+00,0.000000e+00,0.0000,0.0000,0
62,features.13,397,pruned_before,nan,0.000000e+00,0.000000e+00,0.0000,0.0000,0
62,features.13,398,active,-0.037500,3.626257e-07,3.727263e-05,0.9500,0.8750,201
62,features.13,399,pruned_before,nan,0.000000e+00,0.000000e+00,0.0000,0.0000,0
62,features.13,400,pruned_before,nan,0.000000e+00,0.000000e+00,0.0000,0.0000,0
62,features.13,401,active,-0.031250,1.658843e-07,2.727106e-05,0.8375,0.7750,201
62,features.13,402,protected,0.250000,3.922952e-08,1.509979e-04,0.5000,1.0000,201
62,features.13,403,pruned_before,nan,0.000000e+00,0.000000e+00,0.0000,0.0000,0
62,features.13,404,pruned_before,nan,0.000000e+00,0.000000e+00,0.0000,0.0000,0
62,features.13,405,pruned_before,nan,0.000000e+00,0.000000e+00,0.0000,0.0000,0
62,features.13,406,pruned_before,nan,0.000000e+00,0.000000e+00,0.0000,0.0000,0
62,features.13,407,active,-0.050000,5.580168e-08,1.057231e-05,0.6000,0.5000,201
62,features.13,408,pruned_before,nan,0.000000e+00,0.000000e+00,0.0000,0.0000,0
62,features.13,409,active,-0.156250,4.275044e-08,1.809780e-06,0.5625,0.2500,201
62,features.13,410,pruned_before,nan,0.000000e+00,0.000000e+00,0.0000,0.0000,0
62,features.13,411,pruned_before,nan,0.000000e+00,0.000000e+00,0.0000,0.0000,0
62,features.13,412,pruned_before,nan,0.000000e+00,0.000000e+00,0.0000,0.0000,0
62,features.13,413,pruned_before,nan,0.000000e+00,0.000000e+00,0.0000,0.0000,0
62,features.13,414,pruned_before,nan,0.000000e+00,0.000000e+00,0.0000,0.0000,0
62,features.13,415,pruned_before,nan,0.000000e+00,0.000000e+00,0.0000,0.0000,0
62,features.13,416,pruned_before,nan,0.000000e+00,0.000000e+00,0.0000,0.0000,0
62,features.13,417,pruned_before,nan,0.000000e+00,0.000000e+00,0.0000,0.0000,0
62,features.13,418,pruned_before,nan,0.000000e+00,0.000000e+00,0.0000,0.0000,0
62,features.13,419,pruned_before,nan,0.000000e+00,0.000000e+00,0.0000,0.0000,0
62,features.13,420,active,-0.068750,5.689852e-08,9.855978e-06,0.6250,0.4875,201
62,features.13,421,pruned_before,nan,0.000000e+00,0.000000e+00,0.0000,0.0000,0
62,features.13,422,pruned_before,nan,0.000000e+00,0.000000e+00,0.0000,0.0000,0
62,features.13,423,pruned_before,nan,0.000000e+00,0.000000e+00,0.0000,0.0000,0
62,features.13,424,pruned_before,nan,0.000000e+00,0.000000e+00,0.0000,0.0000,0
62,features.13,425,pruned_before,nan,0.000000e+00,0.000000e+00,0.0000,0.0000,0
62,features.13,426,pruned_before,nan,0.000000e+00,0.000000e+00,0.0000,0.0000,0
62,features.13,427,active,-0.087500,5.673255e-08,6.958735e-06,0.6125,0.4375,201
62,features.13,428,pruned_before,nan,0.000000e+00,0.000000e+00,0.0000,0.0000,0
62,features.13,429,pruned_before,nan,0.000000e+00,0.000000e+00,0.0000,0.0000,0
62,features.13,430,pruned_before,nan,0.000000e+00,0.000000e+00,0.0000,0.0000,0
62,features.13,431,pruned_before,nan,0.000000e+00,0.000000e+00,0.0000,0.0000,0
62,features.13,432,pruned_before,nan,0.000000e+00,0.000000e+00,0.0000,0.0000,0
62,features.13,433,pruned_before,nan,0.000000e+00,0.000000e+00,0.0000,0.0000,0
62,features.13,434,pruned_before,nan,0.000000e+00,0.000000e+00,0.0000,0.0000,0
62,features.13,435,pruned_before,nan,0.000000e+00,0.000000e+00,0.0000,0.0000,0
62,features.13,436,pruned_before,nan,0.000000e+00,0.000000e+00,0.0000,0.0000,0
62,features.13,437,pruned_before,nan,0.000000e+00,0.000000e+00,0.0000,0.0000,0
62,features.13,438,pruned_before,nan,0.000000e+00,0.000000e+00,0.0000,0.0000,0
62,features.13,439,pruned_before,nan,0.000000e+00,0.000000e+00,0.0000,0.0000,0
62,features.13,440,pruned_before,nan,0.000000e+00,0.000000e+00,0.0000,0.0000,0
62,features.13,441,pruned_before,nan,0.000000e+00,0.000000e+00,0.0000,0.0000,0
62,features.13,442,pruned_before,nan,0.000000e+00,0.000000e+00,0.0000,0.0000,0
62,features.13,443,active,0.300000,1.423637e-08,2.868106e-05,0.2125,0.8125,201
62,features.13,444,pruned_before,nan,0.000000e+00,0.000000e+00,0.0000,0.0000,0
62,features.13,445,pruned_before,nan,0.000000e+00,0.000000e+00,0.0000,0.0000,0
62,features.13,446,pruned_before,nan,0.000000e+00,0.000000e+00,0.0000,0.0000,0
62,features.13,447,pruned_before,nan,0.000000e+00,0.000000e+00,0.0000,0.0000,0
62,features.13,448,active,-0.118750,2.518425e-08,2.034612e-07,0.3375,0.1000,201
62,features.13,449,pruned_before,nan,0.000000e+00,0.000000e+00,0.0000,0.0000,0
62,features.13,450,pruned_before,nan,0.000000e+00,0.000000e+00,0.0000,0.0000,0
62,features.13,451,active,0.031250,2.775128e-07,7.712994e-05,0.9125,0.9750,201
62,features.13,452,pruned_before,nan,0.000000e+00,0.000000e+00,0.0000,0.0000,0
62,features.13,453,pruned_before,nan,0.000000e+00,0.000000e+00,0.0000,0.0000,0
62,features.13,454,pruned_before,nan,0.000000e+00,0.000000e+00,0.0000,0.0000,0
62,features.13,455,pruned_before,nan,0.000000e+00,0.000000e+00,0.0000,0.0000,0
62,features.13,456,pruned_before,nan,0.000000e+00,0.000000e+00,0.0000,0.0000,0
62,features.13,457,pruned_before,nan,0.000000e+00,0.000000e+00,0.0000,0.0000,0
62,features.13,458,pruned_before,nan,0.000000e+00,0.000000e+00,0.0000,0.0000,0
62,features.13,459,active,0.150000,3.138273e-08,2.260269e-05,0.4000,0.7000,201
62,features.13,460,pruned_before,nan,0.000000e+00,0.000000e+00,0.0000,0.0000,0
62,features.13,461,pruned_before,nan,0.000000e+00,0.000000e+00,0.0000,0.0000,0
62,features.13,462,pruned_before,nan,0.000000e+00,0.000000e+00,0.0000,0.0000,0
62,features.13,463,pruned_before,nan,0.000000e+00,0.000000e+00,0.0000,0.0000,0
62,features.13,464,pruned_before,nan,0.000000e+00,0.000000e+00,0.0000,0.0000,0
62,features.13,465,pruned_before,nan,0.000000e+00,0.000000e+00,0.0000,0.0000,0
62,features.13,466,active,0.018750,2.551409e-08,4.475064e-06,0.3500,0.3875,201
62,features.13,467,pruned_before,nan,0.000000e+00,0.000000e+00,0.0000,0.0000,0
62,features.13,468,pruned_before,nan,0.000000e+00,0.000000e+00,0.0000,0.0000,0
62,features.13,469,pruned_before,nan,0.000000e+00,0.000000e+00,0.0000,0.0000,0
62,features.13,470,pruned_before,nan,0.000000e+00,0.000000e+00,0.0000,0.0000,0
62,features.13,471,pruned_before,nan,0.000000e+00,0.000000e+00,0.0000,0.0000,0
62,features.13,472,pruned_before,nan,0.000000e+00,0.000000e+00,0.0000,0.0000,0
62,features.13,473,pruned_before,nan,0.000000e+00,0.000000e+00,0.0000,0.0000,0
62,features.13,474,active,-0.075000,2.107593e-06,3.132587e-05,1.0000,0.8500,201
62,features.13,475,pruned_before,nan,0.000000e+00,0.000000e+00,0.0000,0.0000,0
62,features.13,476,active,0.212500,2.824284e-08,2.768562e-05,0.3750,0.8000,201
62,features.13,477,pruned_before,nan,0.000000e+00,0.000000e+00,0.0000,0.0000,0
62,features.13,478,active,-0.112500,5.485258e-08,4.307665e-06,0.5875,0.3625,201
62,features.13,479,pruned_before,nan,0.000000e+00,0.000000e+00,0.0000,0.0000,0
62,features.13,480,pruned_before,nan,0.000000e+00,0.000000e+00,0.0000,0.0000,0
62,features.13,481,pruned_before,nan,0.000000e+00,0.000000e+00,0.0000,0.0000,0
62,features.13,482,pruned_before,nan,0.000000e+00,0.000000e+00,0.0000,0.0000,0
62,features.13,483,pruned_before,nan,0.000000e+00,0.000000e+00,0.0000,0.0000,0
62,features.13,484,pruned_before,nan,0.000000e+00,0.000000e+00,0.0000,0.0000,0
62,features.13,485,pruned_before,nan,0.000000e+00,0.000000e+00,0.0000,0.0000,0
62,features.13,486,pruned_before,nan,0.000000e+00,0.000000e+00,0.0000,0.0000,0
62,features.13,487,pruned_before,nan,0.000000e+00,0.000000e+00,0.0000,0.0000,0
62,features.13,488,pruned_before,nan,0.000000e+00,0.000000e+00,0.0000,0.0000,0
62,features.13,489,pruned_before,nan,0.000000e+00,0.000000e+00,0.0000,0.0000,0
62,features.13,490,pruned_before,nan,0.000000e+00,0.000000e+00,0.0000,0.0000,0
62,features.13,491,pruned_before,nan,0.000000e+00,0.000000e+00,0.0000,0.0000,0
62,features.13,492,pruned_before,nan,0.000000e+00,0.000000e+00,0.0000,0.0000,0
62,features.13,493,pruned_before,nan,0.000000e+00,0.000000e+00,0.0000,0.0000,0
62,features.13,494,active,0.193750,3.926315e-08,3.776173e-05,0.5125,0.9000,201
62,features.13,495,pruned_before,nan,0.000000e+00,0.000000e+00,0.0000,0.0000,0
62,features.13,496,pruned_before,nan,0.000000e+00,0.000000e+00,0.0000,0.0000,0
62,features.13,497,pruned_before,nan,0.000000e+00,0.000000e+00,0.0000,0.0000,0
62,features.13,498,pruned_before,nan,0.000000e+00,0.000000e+00,0.0000,0.0000,0
62,features.13,499,pruned_before,nan,0.000000e+00,0.000000e+00,0.0000,0.0000,0
62,features.13,500,pruned_before,nan,0.000000e+00,0.000000e+00,0.0000,0.0000,0
62,features.13,501,pruned_before,nan,0.000000e+00,0.000000e+00,0.0000,0.0000,0
62,features.13,502,pruned_before,nan,0.000000e+00,0.000000e+00,0.0000,0.0000,0
62,features.13,503,pruned_before,nan,0.000000e+00,0.000000e+00,0.0000,0.0000,0
62,features.13,504,pruned_before,nan,0.000000e+00,0.000000e+00,0.0000,0.0000,0
62,features.13,505,pruned_before,nan,0.000000e+00,0.000000e+00,0.0000,0.0000,0
62,features.13,506,active,-0.093750,2.098525e-07,2.237672e-05,0.8750,0.6875,201
62,features.13,507,pruned_before,nan,0.000000e+00,0.000000e+00,0.0000,0.0000,0
62,features.13,508,pruned_before,nan,0.000000e+00,0.000000e+00,0.0000,0.0000,0
62,features.13,509,pruned_before,nan,0.000000e+00,0.000000e+00,0.0000,0.0000,0
62,features.13,510,pruned_before,nan,0.000000e+00,0.000000e+00,0.0000,0.0000,0
62,features.13,511,pruned_before,nan,0.000000e+00,0.000000e+00,0.0000,0.0000,0
62,features.13,512,pruned_before,nan,0.000000e+00,0.000000e+00,0.0000,0.0000,0
62,features.13,513,pruned_before,nan,0.000000e+00,0.000000e+00,0.0000,0.0000,0
62,features.13,514,pruned_before,nan,0.000000e+00,0.000000e+00,0.0000,0.0000,0
62,features.13,515,pruned_before,nan,0.000000e+00,0.000000e+00,0.0000,0.0000,0
62,features.13,516,pruned_before,nan,0.000000e+00,0.000000e+00,0.0000,0.0000,0
62,features.13,517,pruned_before,nan,0.000000e+00,0.000000e+00,0.0000,0.0000,0
62,features.13,518,pruned_before,nan,0.000000e+00,0.000000e+00,0.0000,0.0000,0
62,features.13,519,pruned_before,nan,0.000000e+00,0.000000e+00,0.0000,0.0000,0
62,features.13,520,pruned_before,nan,0.000000e+00,0.000000e+00,0.0000,0.0000,0
62,features.13,521,pruned_before,nan,0.000000e+00,0.000000e+00,0.0000,0.0000,0
62,features.13,522,active,-0.162500,1.075416e-07,9.451944e-06,0.7750,0.4500,201
62,features.13,523,pruned_before,nan,0.000000e+00,0.000000e+00,0.0000,0.0000,0
62,features.13,524,pruned_before,nan,0.000000e+00,0.000000e+00,0.0000,0.0000,0
62,features.13,525,pruned_before,nan,0.000000e+00,0.000000e+00,0.0000,0.0000,0
62,features.13,526,pruned_before,nan,0.000000e+00,0.000000e+00,0.0000,0.0000,0
62,features.13,527,pruned_before,nan,0.000000e+00,0.000000e+00,0.0000,0.0000,0
62,features.13,528,pruned_before,nan,0.000000e+00,0.000000e+00,0.0000,0.0000,0
62,features.13,529,pruned_before,nan,0.000000e+00,0.000000e+00,0.0000,0.0000,0
62,features.13,530,pruned_before,nan,0.000000e+00,0.000000e+00,0.0000,0.0000,0
62,features.13,531,active,0.112500,4.222031e-08,2.697710e-05,0.5375,0.7625,201
62,features.13,532,pruned_before,nan,0.000000e+00,0.000000e+00,0.0000,0.0000,0
62,features.13,533,pruned_before,nan,0.000000e+00,0.000000e+00,0.0000,0.0000,0
62,features.13,534,active,0.000000,0.000000e+00,0.000000e+00,0.0000,0.0000,201
62,features.13,535,pruned_before,nan,0.000000e+00,0.000000e+00,0.0000,0.0000,0
62,features.13,536,pruned_before,nan,0.000000e+00,0.000000e+00,0.0000,0.0000,0
62,features.13,537,pruned_before,nan,0.000000e+00,0.000000e+00,0.0000,0.0000,0
62,features.13,538,pruned_before,nan,0.000000e+00,0.000000e+00,0.0000,0.0000,0
62,features.13,539,pruned_before,nan,0.000000e+00,0.000000e+00,0.0000,0.0000,0
62,features.13,540,pruned_before,nan,0.000000e+00,0.000000e+00,0.0000,0.0000,0
62,features.13,541,pruned_before,nan,0.000000e+00,0.000000e+00,0.0000,0.0000,0
62,features.13,542,pruned_before,nan,0.000000e+00,0.000000e+00,0.0000,0.0000,0
62,features.13,543,pruned_before,nan,0.000000e+00,0.000000e+00,0.0000,0.0000,0
62,features.13,544,active,0.000000,0.000000e+00,0.000000e+00,0.0125,0.0125,201
62,features.13,545,pruned_before,nan,0.000000e+00,0.000000e+00,0.0000,0.0000,0
62,features.13,546,pruned_before,nan,0.000000e+00,0.000000e+00,0.0000,0.0000,0
62,features.13,547,pruned_before,nan,0.000000e+00,0.000000e+00,0.0000,0.0000,0
62,features.13,548,pruned_before,nan,0.000000e+00,0.000000e+00,0.0000,0.0000,0
62,features.13,549,active,0.131250,7.502904e-08,5.713294e-05,0.7000,0.9625,201
62,features.13,550,pruned_before,nan,0.000000e+00,0.000000e+00,0.0000,0.0000,0
62,features.13,551,pruned_before,nan,0.000000e+00,0.000000e+00,0.0000,0.0000,0
62,features.13,552,pruned_before,nan,0.000000e+00,0.000000e+00,0.0000,0.0000,0
62,features.13,553,pruned_before,nan,0.000000e+00,0.000000e+00,0.0000,0.0000,0
62,features.13,554,pruned_before,nan,0.000000e+00,0.000000e+00,0.0000,0.0000,0
62,features.13,555,pruned_before,nan,0.000000e+00,0.000000e+00,0.0000,0.0000,0
62,features.13,556,pruned_before,nan,0.000000e+00,0.000000e+00,0.0000,0.0000,0
62,features.13,557,pruned_before,nan,0.000000e+00,0.000000e+00,0.0000,0.0000,0
62,features.13,558,pruned_before,nan,0.000000e+00,0.000000e+00,0.0000,0.0000,0
62,features.13,559,pruned_before,nan,0.000000e+00,0.000000e+00,0.0000,0.0000,0
62,features.13,560,pruned_before,nan,0.000000e+00,0.000000e+00,0.0000,0.0000,0
62,features.13,561,pruned_before,nan,0.000000e+00,0.000000e+00,0.0000,0.0000,0
62,features.13,562,pruned_now,-0.193750,1.203833e-07,5.574459e-06,0.8125,0.4250,201
62,features.13,563,pruned_before,nan,0.000000e+00,0.000000e+00,0.0000,0.0000,0
62,features.13,564,pruned_before,nan,0.000000e+00,0.000000e+00,0.0000,0.0000,0
62,features.13,565,pruned_before,nan,0.000000e+00,0.000000e+00,0.0000,0.0000,0
62,features.13,566,pruned_before,nan,0.000000e+00,0.000000e+00,0.0000,0.0000,0
62,features.13,567,pruned_before,nan,0.000000e+00,0.000000e+00,0.0000,0.0000,0
62,features.13,568,pruned_before,nan,0.000000e+00,0.000000e+00,0.0000,0.0000,0
62,features.13,569,pruned_before,nan,0.000000e+00,0.000000e+00,0.0000,0.0000,0
62,features.13,570,pruned_before,nan,0.000000e+00,0.000000e+00,0.0000,0.0000,0
62,features.13,571,active,-0.106250,2.175139e-07,2.216009e-05,0.8875,0.6750,201
62,features.13,572,pruned_before,nan,0.000000e+00,0.000000e+00,0.0000,0.0000,0
62,features.13,573,pruned_before,nan,0.000000e+00,0.000000e+00,0.0000,0.0000,0
62,features.13,574,pruned_before,nan,0.000000e+00,0.000000e+00,0.0000,0.0000,0
62,features.13,575,pruned_before,nan,0.000000e+00,0.000000e+00,0.0000,0.0000,0
62,features.14,0,pruned_before,nan,0.000000e+00,0.000000e+00,0.0000,0.0000,0
62,features.14,1,pruned_before,nan,0.000000e+00,0.000000e+00,0.0000,0.0000,0
62,features.14,2,pruned_before,nan,0.000000e+00,0.000000e+00,0.0000,0.0000,0
62,features.14,3,pruned_before,nan,0.000000e+00,0.000000e+00,0.0000,0.0000,0
62,features.14,4,pruned_before,nan,0.000000e+00,0.000000e+00,0.0000,0.0000,0
62,features.14,5,pruned_before,nan,0.000000e+00,0.000000e+00,0.0000,0.0000,0
62,features.14,6,pruned_before,nan,0.000000e+00,0.000000e+00,0.0000,0.0000,0
62,features.14,7,pruned_before,nan,0.000000e+00,0.000000e+00,0.0000,0.0000,0
62,features.14,8,pruned_before,nan,0.000000e+00,0.000000e+00,0.0000,0.0000,0
62,features.14,9,pruned_before,nan,0.000000e+00,0.000000e+00,0.0000,0.0000,0
62,features.14,10,pruned_before,nan,0.000000e+00,0.000000e+00,0.0000,0.0000,0
62,features.14,11,pruned_before,nan,0.000000e+00,0.000000e+00,0.0000,0.0000,0
62,features.14,12,pruned_before,nan,0.000000e+00,0.000000e+00,0.0000,0.0000,0
62,features.14,13,active,0.008772,8.445646e-07,2.070608e-05,0.3509,0.3684,265
62,features.14,14,pruned_before,nan,0.000000e+00,0.000000e+00,0.0000,0.0000,0
62,features.14,15,pruned_before,nan,0.000000e+00,0.000000e+00,0.0000,0.0000,0
62,features.14,16,pruned_before,nan,0.000000e+00,0.000000e+00,0.0000,0.0000,0
62,features.14,17,active,0.043860,1.487591e-06,4.180861e-05,0.4912,0.5789,265
62,features.14,18,pruned_before,nan,0.000000e+00,0.000000e+00,0.0000,0.0000,0
62,features.14,19,pruned_before,nan,0.000000e+00,0.000000e+00,0.0000,0.0000,0
62,features.14,20,active,-0.070175,1.531379e-05,6.466774e-05,0.9474,0.8070,265
62,features.14,21,pruned_before,nan,0.000000e+00,0.000000e+00,0.0000,0.0000,0
62,features.14,22,pruned_before,nan,0.000000e+00,0.000000e+00,0.0000,0.0000,0
62,features.14,23,pruned_before,nan,0.000000e+00,0.000000e+00,0.0000,0.0000,0
62,features.14,24,pruned_before,nan,0.000000e+00,0.000000e+00,0.0000,0.0000,0
62,features.14,25,pruned_before,nan,0.000000e+00,0.000000e+00,0.0000,0.0000,0
62,features.14,26,pruned_before,nan,0.000000e+00,0.000000e+00,0.0000,0.0000,0
62,features.14,27,pruned_before,nan,0.000000e+00,0.000000e+00,0.0000,0.0000,0
62,features.14,28,active,-0.035088,3.209049e-05,1.093819e-04,1.0000,0.9298,265
62,features.14,29,pruned_before,nan,0.000000e+00,0.000000e+00,0.0000,0.0000,0
62,features.14,30,pruned_before,nan,0.000000e+00,0.000000e+00,0.0000,0.0000,0
62,features.14,31,pruned_before,nan,0.000000e+00,0.000000e+00,0.0000,0.0000,0
62,features.14,32,pruned_before,nan,0.000000e+00,0.000000e+00,0.0000,0.0000,0
62,features.14,33,pruned_before,nan,0.000000e+00,0.000000e+00,0.0000,0.0000,0
62,features.14,34,pruned_before,nan,0.000000e+00,0.000000e+00,0.0000,0.0000,0
62,features.14,35,pruned_before,nan,0.000000e+00,0.000000e+00,0.0000,0.0000,0
62,features.14,36,pruned_before,nan,0.000000e+00,0.000000e+00,0.0000,0.0000,0
62,features.14,37,pruned_before,nan,0.000000e+00,0.000000e+00,0.0000,0.0000,0
62,features.14,38,pruned_before,nan,0.000000e+00,0.000000e+00,0.0000,0.0000,0
62,features.14,39,pruned_before,nan,0.000000e+00,0.000000e+00,0.0000,0.0000,0
62,features.14,40,pruned_before,nan,0.000000e+00,0.000000e+00,0.0000,0.0000,0
62,features.14,41,pruned_before,nan,0.000000e+00,0.000000e+00,0.0000,0.0000,0
62,features.14,42,pruned_before,nan,0.000000e+00,0.000000e+00,0.0000,0.0000,0
62,features.14,43,pruned_before,nan,0.000000e+00,0.000000e+00,0.0000,0.0000,0
62,features.14,44,pruned_before,nan,0.000000e+00,0.000000e+00,0.0000,0.0000,0
62,features.14,45,pruned_before,nan,0.000000e+00,0.000000e+00,0.0000,0.0000,0
62,features.14,46,pruned_before,nan,0.000000e+00,0.000000e+00,0.0000,0.0000,0
62,features.14,47,pruned_before,nan,0.000000e+00,0.000000e+00,0.0000,0.0000,0
62,features.14,48,pruned_before,nan,0.000000e+00,0.000000e+00,0.0000,0.0000,0
62,features.14,49,pruned_before,nan,0.000000e+00,0.000000e+00,0.0000,0.0000,0
62,features.14,50,pruned_before,nan,0.000000e+00,0.000000e+00,0.0000,0.0000,0
62,features.14,51,pruned_before,nan,0.000000e+00,0.000000e+00,0.0000,0.0000,0
62,features.14,52,pruned_before,nan,0.000000e+00,0.000000e+00,0.0000,0.0000,0
62,features.14,53,pruned_before,nan,0.000000e+00,0.000000e+00,0.0000,0.0000,0
62,features.14,54,pruned_before,nan,0.000000e+00,0.000000e+00,0.0000,0.0000,0
62,features.14,55,pruned_before,nan,0.000000e+00,0.000000e+00,0.0000,0.0000,0
62,features.14,56,pruned_before,nan,0.000000e+00,0.000000e+00,0.0000,0.0000,0
62,features.14,57,active,-0.070175,8.667868e-06,5.342210e-05,0.8772,0.7368,265
62,features.14,58,pruned_before,nan,0.000000e+00,0.000000e+00,0.0000,0.0000,0
62,features.14,59,pruned_before,nan,0.000000e+00,0.000000e+00,0.0000,0.0000,0
62,features.14,60,pruned_before,nan,0.000000e+00,0.000000e+00,0.0000,0.0000,0
62,features.14,61,pruned_before,nan,0.000000e+00,0.000000e+00,0.0000,0.0000,0
62,features.14,62,pruned_before,nan,0.000000e+00,0.000000e+00,0.0000,0.0000,0
62,features.14,63,pruned_before,nan,0.000000e+00,0.000000e+00,0.0000,0.0000,0
62,features.14,64,pruned_before,nan,0.000000e+00,0.000000e+00,0.0000,0.0000,0
62,features.14,65,pruned_before,nan,0.000000e+00,0.000000e+00,0.0000,0.0000,0
62,features.14,66,pruned_before,nan,0.000000e+00,0.000000e+00,0.0000,0.0000,0
62,features.14,67,pruned_before,nan,0.000000e+00,0.000000e+00,0.0000,0.0000,0
62,features.14,68,pruned_before,nan,0.000000e+00,0.000000e+00,0.0000,0.0000,0
62,features.14,69,pruned_before,nan,0.000000e+00,0.000000e+00,0.0000,0.0000,0
62,features.14,70,pruned_before,nan,0.000000e+00,0.000000e+00,0.0000,0.0000,0
62,features.14,71,pruned_before,nan,0.000000e+00,0.000000e+00,0.0000,0.0000,0
62,features.14,72,pruned_before,nan,0.000000e+00,0.000000e+00,0.0000,0.0000,0
62,features.14,73,pruned_before,nan,0.000000e+00,0.000000e+00,0.0000,0.0000,0
62,features.14,74,pruned_before,nan,0.000000e+00,0.000000e+00,0.0000,0.0000,0
62,features.14,75,pruned_before,nan,0.000000e+00,0.000000e+00,0.0000,0.0000,0
62,features.14,76,pruned_before,nan,0.000000e+00,0.000000e+00,0.0000,0.0000,0
62,features.14,77,pruned_before,nan,0.000000e+00,0.000000e+00,0.0000,0.0000,0
62,features.14,78,active,0.324561,7.381338e-07,9.704829e-05,0.2281,0.8772,265
62,features.14,79,pruned_before,nan,0.000000e+00,0.000000e+00,0.0000,0.0000,0
62,features.14,80,pruned_before,nan,0.000000e+00,0.000000e+00,0.0000,0.0000,0
62,features.14,81,pruned_before,nan,0.000000e+00,0.000000e+00,0.0000,0.0000,0
62,features.14,82,pruned_before,nan,0.000000e+00,0.000000e+00,0.0000,0.0000,0
62,features.14,83,pruned_before,nan,0.000000e+00,0.000000e+00,0.0000,0.0000,0
62,features.14,84,pruned_before,nan,0.000000e+00,0.000000e+00,0.0000,0.0000,0
62,features.14,85,pruned_before,nan,0.000000e+00,0.000000e+00,0.0000,0.0000,0
62,features.14,86,active,-0.017544,3.567018e-06,4.543521e-05,0.7193,0.6842,265
62,features.14,87,pruned_before,nan,0.000000e+00,0.000000e+00,0.0000,0.0000,0
62,features.14,88,pruned_before,nan,0.000000e+00,0.000000e+00,0.0000,0.0000,0
62,features.14,89,pruned_before,nan,0.000000e+00,0.000000e+00,0.0000,0.0000,0
62,features.14,90,pruned_before,nan,0.000000e+00,0.000000e+00,0.0000,0.0000,0
62,features.14,91,pruned_before,nan,0.000000e+00,0.000000e+00,0.0000,0.0000,0
62,features.14,92,pruned_before,nan,0.000000e+00,0.000000e+00,0.0000,0.0000,0
62,features.14,93,pruned_before,nan,0.000000e+00,0.000000e+00,0.0000,0.0000,0
62,features.14,94,pruned_before,nan,0.000000e+00,0.000000e+00,0.0000,0.0000,0
62,features.14,95,pruned_before,nan,0.000000e+00,0.000000e+00,0.0000,0.0000,0
62,features.14,96,pruned_before,nan,0.000000e+00,0.000000e+00,0.0000,0.0000,0
62,features.14,97,pruned_before,nan,0.000000e+00,0.000000e+00,0.0000,0.0000,0
62,features.14,98,pruned_before,nan,0.000000e+00,0.000000e+00,0.0000,0.0000,0
62,features.14,99,pruned_before,nan,0.000000e+00,0.000000e+00,0.0000,0.0000,0
62,features.14,100,pruned_before,nan,0.000000e+00,0.000000e+00,0.0000,0.0000,0
62,features.14,101,pruned_before,nan,0.000000e+00,0.000000e+00,0.0000,0.0000,0
62,features.14,102,pruned_before,nan,0.000000e+00,0.000000e+00,0.0000,0.0000,0
62,features.14,103,active,-0.035088,8.233724e-07,4.517886e-06,0.2982,0.2281,265
62,features.14,104,pruned_before,nan,0.000000e+00,0.000000e+00,0.0000,0.0000,0
62,features.14,105,pruned_before,nan,0.000000e+00,0.000000e+00,0.0000,0.0000,0
62,features.14,106,pruned_before,nan,0.000000e+00,0.000000e+00,0.0000,0.0000,0
62,features.14,107,pruned_before,nan,0.000000e+00,0.000000e+00,0.0000,0.0000,0
62,features.14,108,pruned_before,nan,0.000000e+00,0.000000e+00,0.0000,0.0000,0
62,features.14,109,active,-0.008772,2.724310e-07,1.190949e-06,0.0526,0.0351,265
62,features.14,110,pruned_before,nan,0.000000e+00,0.000000e+00,0.0000,0.0000,0
62,features.14,111,active,-0.052632,5.790549e-07,1.431705e-06,0.1930,0.0877,265
62,features.14,112,pruned_before,nan,0.000000e+00,0.000000e+00,0.0000,0.0000,0
62,features.14,113,pruned_before,nan,0.000000e+00,0.000000e+00,0.0000,0.0000,0
62,features.14,114,pruned_before,nan,0.000000e+00,0.000000e+00,0.0000,0.0000,0
62,features.14,115,pruned_before,nan,0.000000e+00,0.000000e+00,0.0000,0.0000,0
62,features.14,116,pruned_before,nan,0.000000e+00,0.000000e+00,0.0000,0.0000,0
62,features.14,117,pruned_before,nan,0.000000e+00,0.000000e+00,0.0000,0.0000,0
62,features.14,118,pruned_before,nan,0.000000e+00,0.000000e+00,0.0000,0.0000,0
62,features.14,119,pruned_before,nan,0.000000e+00,0.000000e+00,0.0000,0.0000,0
62,features.14,120,pruned_before,nan,0.000000e+00,0.000000e+00,0.0000,0.0000,0
62,features.14,121,active,0.263158,4.402971e-07,4.409819e-05,0.1228,0.6491,265
62,features.14,122,active,0.008772,5.728086e-07,3.763751e-06,0.1754,0.1930,265
62,features.14,123,pruned_before,nan,0.000000e+00,0.000000e+00,0.0000,0.0000,0
62,features.14,124,pruned_before,nan,0.000000e+00,0.000000e+00,0.0000,0.0000,0
62,features.14,125,pruned_before,nan,0.000000e+00,0.000000e+00,0.0000,0.0000,0
62,features.14,126,pruned_before,nan,0.000000e+00,0.000000e+00,0.0000,0.0000,0
62,features.14,127,pruned_before,nan,0.000000e+00,0.000000e+00,0.0000,0.0000,0
62,features.14,128,pruned_before,nan,0.000000e+00,0.000000e+00,0.0000,0.0000,0
62,features.14,129,pruned_before,nan,0.000000e+00,0.000000e+00,0.0000,0.0000,0
62,features.14,130,pruned_before,nan,0.000000e+00,0.000000e+00,0.0000,0.0000,0
62,features.14,131,pruned_before,nan,0.000000e+00,0.000000e+00,0.0000,0.0000,0
62,features.14,132,pruned_before,nan,0.000000e+00,0.000000e+00,0.0000,0.0000,0
62,features.14,133,pruned_before,nan,0.000000e+00,0.000000e+00,0.0000,0.0000,0
62,features.14,134,pruned_before,nan,0.000000e+00,0.000000e+00,0.0000,0.0000,0
62,features.14,135,pruned_before,nan,0.000000e+00,0.000000e+00,0.0000,0.0000,0
62,features.14,136,pruned_before,nan,0.000000e+00,0.000000e+00,0.0000,0.0000,0
62,features.14,137,pruned_before,nan,0.000000e+00,0.000000e+00,0.0000,0.0000,0
62,features.14,138,pruned_before,nan,0.000000e+00,0.000000e+00,0.0000,0.0000,0
62,features.14,139,pruned_before,nan,0.000000e+00,0.000000e+00,0.0000,0.0000,0
62,features.14,140,pruned_before,nan,0.000000e+00,0.000000e+00,0.0000,0.0000,0
62,features.14,141,pruned_before,nan,0.000000e+00,0.000000e+00,0.0000,0.0000,0
62,features.14,142,active,0.008772,4.259299e-07,1.693016e-06,0.1053,0.1228,265
62,features.14,143,pruned_before,nan,0.000000e+00,0.000000e+00,0.0000,0.0000,0
62,features.14,144,pruned_before,nan,0.000000e+00,0.000000e+00,0.0000,0.0000,0
62,features.14,145,pruned_before,nan,0.000000e+00,0.000000e+00,0.0000,0.0000,0
62,features.14,146,pruned_before,nan,0.000000e+00,0.000000e+00,0.0000,0.0000,0
62,features.14,147,active,0.043860,4.315723e-06,6.676604e-05,0.7544,0.8421,265
62,features.14,148,pruned_before,nan,0.000000e+00,0.000000e+00,0.0000,0.0000,0
62,features.14,149,pruned_before,nan,0.000000e+00,0.000000e+00,0.0000,0.0000,0
62,features.14,150,pruned_before,nan,0.000000e+00,0.000000e+00,0.0000,0.0000,0
62,features.14,151,pruned_before,nan,0.000000e+00,0.000000e+00,0.0000,0.0000,0
62,features.14,152,pruned_before,nan,0.000000e+00,0.000000e+00,0.0000,0.0000,0
62,features.14,153,pruned_before,nan,0.000000e+00,0.000000e+00,0.0000,0.0000,0
62,features.14,154,pruned_before,nan,0.000000e+00,0.000000e+00,0.0000,0.0000,0
62,features.14,155,pruned_before,nan,0.000000e+00,0.000000e+00,0.0000,0.0000,0
62,features.14,156,pruned_before,nan,0.000000e+00,0.000000e+00,0.0000,0.0000,0
62,features.14,157,pruned_before,nan,0.000000e+00,0.000000e+00,0.0000,0.0000,0
62,features.14,158,pruned_before,nan,0.000000e+00,0.000000e+00,0.0000,0.0000,0
62,features.14,159,pruned_before,nan,0.000000e+00,0.000000e+00,0.0000,0.0000,0
62,features.14,160,pruned_before,nan,0.000000e+00,0.000000e+00,0.0000,0.0000,0
62,features.14,161,pruned_before,nan,0.000000e+00,0.000000e+00,0.0000,0.0000,0
62,features.14,162,pruned_before,nan,0.000000e+00,0.000000e+00,0.0000,0.0000,0
62,features.14,163,pruned_before,nan,0.000000e+00,0.000000e+00,0.0000,0.0000,0
62,features.14,164,pruned_before,nan,0.000000e+00,0.000000e+00,0.0000,0.0000,0
62,features.14,165,pruned_before,nan,0.000000e+00,0.000000e+00,0.0000,0.0000,0
62,features.14,166,pruned_before,nan,0.000000e+00,0.000000e+00,0.0000,0.0000,0
62,features.14,167,pruned_before,nan,0.000000e+00,0.000000e+00,0.0000,0.0000,0
62,features.14,168,active,-0.175439,1.640170e-05,4.300867e-05,0.9649,0.6140,265
62,features.14,169,pruned_before,nan,0.000000e+00,0.000000e+00,0.0000,0.0000,0
62,features.14,170,pruned_before,nan,0.000000e+00,0.000000e+00,0.0000,0.0000,0
62,features.14,171,pruned_before,nan,0.000000e+00,0.000000e+00,0.0000,0.0000,0
62,features.14,172,pruned_before,nan,0.000000e+00,0.000000e+00,0.0000,0.0000,0
62,features.14,173,pruned_before,nan,0.000000e+00,0.000000e+00,0.0000,0.0000,0
62,features.14,174,pruned_before,nan,0.000000e+00,0.000000e+00,0.0000,0.0000,0
62,features.14,175,pruned_before,nan,0.000000e+00,0.000000e+00,0.0000,0.0000,0
62,features.14,176,pruned_before,nan,0.000000e+00,0.000000e+00,0.0000,0.0000,0
62,features.14,177,pruned_before,nan,0.000000e+00,0.000000e+00,0.0000,0.0000,0
62,features.14,178,active,-0.184211,1.161941e-05,3.571600e-05,0.9298,0.5614,265
62,features.14,179,pruned_before,nan,0.000000e+00,0.000000e+00,0.0000,0.0000,0
62,features.14,180,active,0.087719,6.438488e-07,2.079996e-05,0.2105,0.3860,265
62,features.14,181,pruned_before,nan,0.000000e+00,0.000000e+00,0.0000,0.0000,0
62,features.14,182,pruned_before,nan,0.000000e+00,0.000000e+00,0.0000,0.0000,0
62,features.14,183,pruned_before,nan,0.000000e+00,0.000000e+00,0.0000,0.0000,0
62,features.14,184,pruned_before,nan,0.000000e+00,0.000000e+00,0.0000,0.0000,0
62,features.14,185,pruned_before,nan,0.000000e+00,0.000000e+00,0.0000,0.0000,0
62,features.14,186,pruned_before,nan,0.000000e+00,0.000000e+00,0.0000,0.0000,0
62,features.14,187,pruned_before,nan,0.000000e+00,0.000000e+00,0.0000,0.0000,0
62,features.14,188,pruned_before,nan,0.000000e+00,0.000000e+00,0.0000,0.0000,0
62,features.14,189,pruned_before,nan,0.000000e+00,0.000000e+00,0.0000,0.0000,0
62,features.14,190,pruned_before,nan,0.000000e+00,0.000000e+00,0.0000,0.0000,0
62,features.14,191,pruned_before,nan,0.000000e+00,0.000000e+00,0.0000,0.0000,0
62,features.14,192,pruned_before,nan,0.000000e+00,0.000000e+00,0.0000,0.0000,0
62,features.14,193,pruned_before,nan,0.000000e+00,0.000000e+00,0.0000,0.0000,0
62,features.14,194,pruned_before,nan,0.000000e+00,0.000000e+00,0.0000,0.0000,0
62,features.14,195,pruned_before,nan,0.000000e+00,0.000000e+00,0.0000,0.0000,0
62,features.14,196,pruned_before,nan,0.000000e+00,0.000000e+00,0.0000,0.0000,0
62,features.14,197,pruned_before,nan,0.000000e+00,0.000000e+00,0.0000,0.0000,0
62,features.14,198,pruned_before,nan,0.000000e+00,0.000000e+00,0.0000,0.0000,0
62,features.14,199,pruned_before,nan,0.000000e+00,0.000000e+00,0.0000,0.0000,0
62,features.14,200,pruned_before,nan,0.000000e+00,0.000000e+00,0.0000,0.0000,0
62,features.14,201,pruned_before,nan,0.000000e+00,0.000000e+00,0.0000,0.0000,0
62,features.14,202,pruned_before,nan,0.000000e+00,0.000000e+00,0.0000,0.0000,0
62,features.14,203,pruned_before,nan,0.000000e+00,0.000000e+00,0.0000,0.0000,0
62,features.14,204,active,-0.149123,1.459216e-06,2.619946e-06,0.4561,0.1579,265
62,features.14,205,pruned_before,nan,0.000000e+00,0.000000e+00,0.0000,0.0000,0
62,features.14,206,pruned_before,nan,0.000000e+00,0.000000e+00,0.0000,0.0000,0
62,features.14,207,pruned_before,nan,0.000000e+00,0.000000e+00,0.0000,0.0000,0
62,features.14,208,pruned_before,nan,0.000000e+00,0.000000e+00,0.0000,0.0000,0
62,features.14,209,pruned_before,nan,0.000000e+00,0.000000e+00,0.0000,0.0000,0
62,features.14,210,pruned_before,nan,0.000000e+00,0.000000e+00,0.0000,0.0000,0
62,features.14,211,pruned_before,nan,0.000000e+00,0.000000e+00,0.0000,0.0000,0
62,features.14,212,pruned_before,nan,0.000000e+00,0.000000e+00,0.0000,0.0000,0
62,features.14,213,active,0.201754,1.614440e-06,1.030494e-04,0.5088,0.9123,265
62,features.14,214,pruned_before,nan,0.000000e+00,0.000000e+00,0.0000,0.0000,0
62,features.14,215,pruned_before,nan,0.000000e+00,0.000000e+00,0.0000,0.0000,0
62,features.14,216,pruned_before,nan,0.000000e+00,0.000000e+00,0.0000,0.0000,0
62,features.14,217,active,-0.184211,1.323446e-06,1.309263e-06,0.4386,0.0702,265
62,features.14,218,pruned_before,nan,0.000000e+00,0.000000e+00,0.0000,0.0000,0
62,features.14,219,active,0.035088,2.867095e-07,2.057535e-06,0.0702,0.1404,265
62,features.14,220,pruned_before,nan,0.000000e+00,0.000000e+00,0.0000,0.0000,0
62,features.14,221,active,0.122807,7.499078e-07,2.971455e-05,0.2632,0.5088,265
62,features.14,222,pruned_before,nan,0.000000e+00,0.000000e+00,0.0000,0.0000,0
62,features.14,223,pruned_before,nan,0.000000e+00,0.000000e+00,0.0000,0.0000,0
62,features.14,224,pruned_before,nan,0.000000e+00,0.000000e+00,0.0000,0.0000,0
62,features.14,225,pruned_before,nan,0.000000e+00,0.000000e+00,0.0000,0.0000,0
62,features.14,226,pruned_before,nan,0.000000e+00,0.000000e+00,0.0000,0.0000,0
62,features.14,227,pruned_before,nan,0.000000e+00,0.000000e+00,0.0000,0.0000,0
62,features.14,228,pruned_before,nan,0.000000e+00,0.000000e+00,0.0000,0.0000,0
62,features.14,229,pruned_before,nan,0.000000e+00,0.000000e+00,0.0000,0.0000,0
62,features.14,230,pruned_before,nan,0.000000e+00,0.000000e+00,0.0000,0.0000,0
62,features.14,231,pruned_before,nan,0.000000e+00,0.000000e+00,0.0000,0.0000,0
62,features.14,232,pruned_before,nan,0.000000e+00,0.000000e+00,0.0000,0.0000,0
62,features.14,233,pruned_before,nan,0.000000e+00,0.000000e+00,0.0000,0.0000,0
62,features.14,234,pruned_before,nan,0.000000e+00,0.000000e+00,0.0000,0.0000,0
62,features.14,235,pruned_before,nan,0.000000e+00,0.000000e+00,0.0000,0.0000,0
62,features.14,236,active,-0.184211,1.249838e-06,1.247361e-06,0.4211,0.0526,265
62,features.14,237,pruned_before,nan,0.000000e+00,0.000000e+00,0.0000,0.0000,0
62,features.14,238,pruned_before,nan,0.000000e+00,0.000000e+00,0.0000,0.0000,0
62,features.14,239,pruned_before,nan,0.000000e+00,0.000000e+00,0.0000,0.0000,0
62,features.14,240,pruned_before,nan,0.000000e+00,0.000000e+00,0.0000,0.0000,0
62,features.14,241,pruned_before,nan,0.000000e+00,0.000000e+00,0.0000,0.0000,0
62,features.14,242,pruned_before,nan,0.000000e+00,0.000000e+00,0.0000,0.0000,0
62,features.14,243,pruned_before,nan,0.000000e+00,0.000000e+00,0.0000,0.0000,0
62,features.14,244,pruned_before,nan,0.000000e+00,0.000000e+00,0.0000,0.0000,0
62,features.14,245,pruned_before,nan,0.000000e+00,0.000000e+00,0.0000,0.0000,0
62,features.14,246,pruned_before,nan,0.000000e+00,0.000000e+00,0.0000,0.0000,0
62,features.14,247,pruned_before,nan,0.000000e+00,0.000000e+00,0.0000,0.0000,0
62,features.14,248,pruned_before,nan,0.000000e+00,0.000000e+00,0.0000,0.0000,0
62,features.14,249,pruned_before,nan,0.000000e+00,0.000000e+00,0.0000,0.0000,0
62,features.14,250,pruned_before,nan,0.000000e+00,0.000000e+00,0.0000,0.0000,0
62,features.14,251,pruned_before,nan,0.000000e+00,0.000000e+00,0.0000,0.0000,0
62,features.14,252,pruned_before,nan,0.000000e+00,0.000000e+00,0.0000,0.0000,0
62,features.14,253,pruned_before,nan,0.000000e+00,0.000000e+00,0.0000,0.0000,0
62,features.14,254,pruned_before,nan,0.000000e+00,0.000000e+00,0.0000,0.0000,0
62,features.14,255,active,-0.122807,1.861291e-06,1.094081e-05,0.5614,0.3158,265
62,features.14,256,pruned_before,nan,0.000000e+00,0.000000e+00,0.0000,0.0000,0
62,features.14,257,pruned_before,nan,0.000000e+00,0.000000e+00,0.0000,0.0000,0
62,features.14,258,pruned_before,nan,0.000000e+00,0.000000e+00,0.0000,0.0000,0
62,features.14,259,active,0.131579,1.208614e-07,9.447052e-06,0.0175,0.2807,265
62,features.14,260,pruned_before,nan,0.000000e+00,0.000000e+00,0.0000,0.0000,0
62,features.14,261,pruned_before,nan,0.000000e+00,0.000000e+00,0.0000,0.0000,0
62,features.14,262,active,0.114035,1.751934e-06,5.760600e-05,0.5439,0.7719,265
62,features.14,263,pruned_before,nan,0.000000e+00,0.000000e+00,0.0000,0.0000,0
62,features.14,264,active,0.245614,1.017978e-06,9.909297e-05,0.4035,0.8947,265
62,features.14,265,pruned_before,nan,0.000000e+00,0.000000e+00,0.0000,0.0000,0
62,features.14,266,pruned_before,nan,0.000000e+00,0.000000e+00,0.0000,0.0000,0
62,features.14,267,protected,0.149123,2.860258e-06,4.039165e-04,0.7018,1.0000,265
62,features.14,268,pruned_before,nan,0.000000e+00,0.000000e+00,0.0000,0.0000,0
62,features.14,269,pruned_before,nan,0.000000e+00,0.000000e+00,0.0000,0.0000,0
62,features.14,270,pruned_before,nan,0.000000e+00,0.000000e+00,0.0000,0.0000,0
62,features.14,271,pruned_before,nan,0.000000e+00,0.000000e+00,0.0000,0.0000,0
62,features.14,272,pruned_before,nan,0.000000e+00,0.000000e+00,0.0000,0.0000,0
62,features.14,273,pruned_before,nan,0.000000e+00,0.000000e+00,0.0000,0.0000,0
62,features.14,274,pruned_before,nan,0.000000e+00,0.000000e+00,0.0000,0.0000,0
62,features.14,275,pruned_before,nan,0.000000e+00,0.000000e+00,0.0000,0.0000,0
62,features.14,276,pruned_before,nan,0.000000e+00,0.000000e+00,0.0000,0.0000,0
62,features.14,277,pruned_before,nan,0.000000e+00,0.000000e+00,0.0000,0.0000,0
62,features.14,278,pruned_before,nan,0.000000e+00,0.000000e+00,0.0000,0.0000,0
62,features.14,279,pruned_before,nan,0.000000e+00,0.000000e+00,0.0000,0.0000,0
62,features.14,280,pruned_before,nan,0.000000e+00,0.000000e+00,0.0000,0.0000,0
62,features.14,281,pruned_before,nan,0.000000e+00,0.000000e+00,0.0000,0.0000,0
62,features.14,282,pruned_before,nan,0.000000e+00,0.000000e+00,0.0000,0.0000,0
62,features.14,283,pruned_before,nan,0.000000e+00,0.000000e+00,0.0000,0.0000,0
62,features.14,284,pruned_before,nan,0.000000e+00,0.000000e+00,0.0000,0.0000,0
62,features.14,285,pruned_before,nan,0.000000e+00,0.000000e+00,0.0000,0.0000,0
62,features.14,286,pruned_before,nan,0.000000e+00,0.000000e+00,0.0000,0.0000,0
62,features.14,287,pruned_before,nan,0.000000e+00,0.000000e+00,0.0000,0.0000,0
62,features.14,288,pruned_before,nan,0.000000e+00,0.000000e+00,0.0000,0.0000,0
62,features.14,289,pruned_before,nan,0.000000e+00,0.000000e+00,0.0000,0.0000,0
62,features.14,290,pruned_before,nan,0.000000e+00,0.000000e+00,0.0000,0.0000,0
62,features.14,291,pruned_before,nan,0.000000e+00,0.000000e+00,0.0000,0.0000,0
62,features.14,292,pruned_before,nan,0.000000e+00,0.000000e+00,0.0000,0.0000,0
62,features.14,293,pruned_before,nan,0.000000e+00,0.000000e+00,0.0000,0.0000,0
62,features.14,294,pruned_before,nan,0.000000e+00,0.000000e+00,0.0000,0.0000,0
62,features.14,295,pruned_before,nan,0.000000e+00,0.000000e+00,0.0000,0.0000,0
62,features.14,296,pruned_before,nan,0.000000e+00,0.000000e+00,0.0000,0.0000,0
62,features.14,297,pruned_before,nan,0.000000e+00,0.000000e+00,0.0000,0.0000,0
62,features.14,298,pruned_before,nan,0.000000e+00,0.000000e+00,0.0000,0.0000,0
62,features.14,299,pruned_before,nan,0.000000e+00,0.000000e+00,0.0000,0.0000,0
62,features.14,300,pruned_before,nan,0.000000e+00,0.000000e+00,0.0000,0.0000,0
62,features.14,301,pruned_before,nan,0.000000e+00,0.000000e+00,0.0000,0.0000,0
62,features.14,302,pruned_before,nan,0.000000e+00,0.000000e+00,0.0000,0.0000,0
62,features.14,303,pruned_before,nan,0.000000e+00,0.000000e+00,0.0000,0.0000,0
62,features.14,304,active,-0.008772,1.219385e-07,1.404936e-10,0.0351,0.0175,265
62,features.14,305,pruned_before,nan,0.000000e+00,0.000000e+00,0.0000,0.0000,0
62,features.14,306,pruned_before,nan,0.000000e+00,0.000000e+00,0.0000,0.0000,0
62,features.14,307,pruned_before,nan,0.000000e+00,0.000000e+00,0.0000,0.0000,0
62,features.14,308,pruned_before,nan,0.000000e+00,0.000000e+00,0.0000,0.0000,0
62,features.14,309,pruned_before,nan,0.000000e+00,0.000000e+00,0.0000,0.0000,0
62,features.14,310,pruned_before,nan,0.000000e+00,0.000000e+00,0.0000,0.0000,0
62,features.14,311,active,-0.114035,6.882954e-06,4.183370e-05,0.8246,0.5965,265
62,features.14,312,pruned_before,nan,0.000000e+00,0.000000e+00,0.0000,0.0000,0
62,features.14,313,pruned_before,nan,0.000000e+00,0.000000e+00,0.0000,0.0000,0
62,features.14,314,pruned_before,nan,0.000000e+00,0.000000e+00,0.0000,0.0000,0
62,features.14,315,pruned_before,nan,0.000000e+00,0.000000e+00,0.0000,0.0000,0
62,features.14,316,active,0.000000,7.463539e-07,5.515174e-06,0.2456,0.2456,265
62,features.14,317,pruned_before,nan,0.000000e+00,0.000000e+00,0.0000,0.0000,0
62,features.14,318,pruned_before,nan,0.000000e+00,0.000000e+00,0.0000,0.0000,0
62,features.14,319,pruned_before,nan,0.000000e+00,0.000000e+00,0.0000,0.0000,0
62,features.14,320,pruned_before,nan,0.000000e+00,0.000000e+00,0.0000,0.0000,0
62,features.14,321,pruned_before,nan,0.000000e+00,0.000000e+00,0.0000,0.0000,0
62,features.14,322,pruned_before,nan,0.000000e+00,0.000000e+00,0.0000,0.0000,0
62,features.14,323,pruned_before,nan,0.000000e+00,0.000000e+00,0.0000,0.0000,0
62,features.14,324,pruned_before,nan,0.000000e+00,0.000000e+00,0.0000,0.0000,0
62,features.14,325,pruned_before,nan,0.000000e+00,0.000000e+00,0.0000,0.0000,0
62,features.14,326,pruned_before,nan,0.000000e+00,0.000000e+00,0.0000,0.0000,0
62,features.14,327,pruned_before,nan,0.000000e+00,0.000000e+00,0.0000,0.0000,0
62,features.14,328,pruned_before,nan,0.000000e+00,0.000000e+00,0.0000,0.0000,0
62,features.14,329,pruned_before,nan,0.000000e+00,0.000000e+00,0.0000,0.0000,0
62,features.14,330,pruned_before,nan,0.000000e+00,0.000000e+00,0.0000,0.0000,0
62,features.14,331,pruned_before,nan,0.000000e+00,0.000000e+00,0.0000,0.0000,0
62,features.14,332,pruned_before,nan,0.000000e+00,0.000000e+00,0.0000,0.0000,0
62,features.14,333,active,0.236842,1.459613e-06,1.267706e-04,0.4737,0.9474,265
62,features.14,334,active,0.122807,4.021627e-07,1.290740e-05,0.0877,0.3333,265
62,features.14,335,pruned_before,nan,0.000000e+00,0.000000e+00,0.0000,0.0000,0
62,features.14,336,pruned_before,nan,0.000000e+00,0.000000e+00,0.0000,0.0000,0
62,features.14,337,pruned_before,nan,0.000000e+00,0.000000e+00,0.0000,0.0000,0
62,features.14,338,pruned_before,nan,0.000000e+00,0.000000e+00,0.0000,0.0000,0
62,features.14,339,pruned_before,nan,0.000000e+00,0.000000e+00,0.0000,0.0000,0
62,features.14,340,pruned_before,nan,0.000000e+00,0.000000e+00,0.0000,0.0000,0
62,features.14,341,pruned_before,nan,0.000000e+00,0.000000e+00,0.0000,0.0000,0
62,features.14,342,pruned_before,nan,0.000000e+00,0.000000e+00,0.0000,0.0000,0
62,features.14,343,pruned_before,nan,0.000000e+00,0.000000e+00,0.0000,0.0000,0
62,features.14,344,pruned_before,nan,0.000000e+00,0.000000e+00,0.0000,0.0000,0
62,features.14,345,pruned_before,nan,0.000000e+00,0.000000e+00,0.0000,0.0000,0
62,features.14,346,pruned_before,nan,0.000000e+00,0.000000e+00,0.0000,0.0000,0
62,features.14,347,pruned_before,nan,0.000000e+00,0.000000e+00,0.0000,0.0000,0
62,features.14,348,pruned_before,nan,0.000000e+00,0.000000e+00,0.0000,0.0000,0
62,features.14,349,active,0.096491,7.912911e-07,2.625038e-05,0.2807,0.4737,265
62,features.14,350,pruned_before,nan,0.000000e+00,0.000000e+00,0.0000,0.0000,0
62,features.14,351,pruned_before,nan,0.000000e+00,0.000000e+00,0.0000,0.0000,0
62,features.14,352,pruned_before,nan,0.000000e+00,0.000000e+00,0.0000,0.0000,0
62,features.14,353,pruned_before,nan,0.000000e+00,0.000000e+00,0.0000,0.0000,0
62,features.14,354,pruned_before,nan,0.000000e+00,0.000000e+00,0.0000,0.0000,0
62,features.14,355,pruned_before,nan,0.000000e+00,0.000000e+00,0.0000,0.0000,0
62,features.14,356,pruned_before,nan,0.000000e+00,0.000000e+00,0.0000,0.0000,0
62,features.14,357,pruned_before,nan,0.000000e+00,0.000000e+00,0.0000,0.0000,0
62,features.14,358,pruned_before,nan,0.000000e+00,0.000000e+00,0.0000,0.0000,0
62,features.14,359,pruned_before,nan,0.000000e+00,0.000000e+00,0.0000,0.0000,0
62,features.14,360,pruned_before,nan,0.000000e+00,0.000000e+00,0.0000,0.0000,0
62,features.14,361,pruned_before,nan,0.000000e+00,0.000000e+00,0.0000,0.0000,0
62,features.14,362,pruned_before,nan,0.000000e+00,0.000000e+00,0.0000,0.0000,0
62,features.14,363,pruned_before,nan,0.000000e+00,0.000000e+00,0.0000,0.0000,0
62,features.14,364,pruned_before,nan,0.000000e+00,0.000000e+00,0.0000,0.0000,0
62,features.14,365,pruned_before,nan,0.000000e+00,0.000000e+00,0.0000,0.0000,0
62,features.14,366,pruned_before,nan,0.000000e+00,0.000000e+00,0.0000,0.0000,0
62,features.14,367,active,0.052632,2.639443e-06,6.454768e-05,0.6842,0.7895,265
62,features.14,368,pruned_before,nan,0.000000e+00,0.000000e+00,0.0000,0.0000,0
62,features.14,369,pruned_before,nan,0.000000e+00,0.000000e+00,0.0000,0.0000,0
62,features.14,370,active,0.184211,2.037320e-06,3.252552e-04,0.6140,0.9825,265
62,features.14,371,pruned_before,nan,0.000000e+00,0.000000e+00,0.0000,0.0000,0
62,features.14,372,pruned_before,nan,0.000000e+00,0.000000e+00,0.0000,0.0000,0
62,features.14,373,pruned_before,nan,0.000000e+00,0.000000e+00,0.0000,0.0000,0
62,features.14,374,pruned_before,nan,0.000000e+00,0.000000e+00,0.0000,0.0000,0
62,features.14,375,pruned_before,nan,0.000000e+00,0.000000e+00,0.0000,0.0000,0
62,features.14,376,pruned_before,nan,0.000000e+00,0.000000e+00,0.0000,0.0000,0
62,features.14,377,pruned_before,nan,0.000000e+00,0.000000e+00,0.0000,0.0000,0
62,features.14,378,pruned_before,nan,0.000000e+00,0.000000e+00,0.0000,0.0000,0
62,features.14,379,pruned_before,nan,0.000000e+00,0.000000e+00,0.0000,0.0000,0
62,features.14,380,pruned_before,nan,0.000000e+00,0.000000e+00,0.0000,0.0000,0
62,features.14,381,pruned_before,nan,0.000000e+00,0.000000e+00,0.0000,0.0000,0
62,features.14,382,pruned_before,nan,0.000000e+00,0.000000e+00,0.0000,0.0000,0
62,features.14,383,pruned_before,nan,0.000000e+00,0.000000e+00,0.0000,0.0000,0
62,features.14,384,pruned_before,nan,0.000000e+00,0.000000e+00,0.0000,0.0000,0
62,features.14,385,pruned_before,nan,0.000000e+00,0.000000e+00,0.0000,0.0000,0
62,features.14,386,pruned_before,nan,0.000000e+00,0.000000e+00,0.0000,0.0000,0
62,features.14,387,pruned_before,nan,0.000000e+00,0.000000e+00,0.0000,0.0000,0
62,features.14,388,pruned_before,nan,0.000000e+00,0.000000e+00,0.0000,0.0000,0
62,features.14,389,pruned_before,nan,0.000000e+00,0.000000e+00,0.0000,0.0000,0
62,features.14,390,pruned_before,nan,0.000000e+00,0.000000e+00,0.0000,0.0000,0
62,features.14,391,pruned_before,nan,0.000000e+00,0.000000e+00,0.0000,0.0000,0
62,features.14,392,pruned_before,nan,0.000000e+00,0.000000e+00,0.0000,0.0000,0
62,features.14,393,pruned_before,nan,0.000000e+00,0.000000e+00,0.0000,0.0000,0
62,features.14,394,pruned_before,nan,0.000000e+00,0.000000e+00,0.0000,0.0000,0
62,features.14,395,pruned_before,nan,0.000000e+00,0.000000e+00,0.0000,0.0000,0
62,features.14,396,pruned_before,nan,0.000000e+00,0.000000e+00,0.0000,0.0000,0
62,features.14,397,pruned_before,nan,0.000000e+00,0.000000e+00,0.0000,0.0000,0
62,features.14,398,pruned_before,nan,0.000000e+00,0.000000e+00,0.0000,0.0000,0
62,features.14,399,pruned_before,nan,0.000000e+00,0.000000e+00,0.0000,0.0000,0
62,features.14,400,pruned_before,nan,0.000000e+00,0.000000e+00,0.0000,0.0000,0
62,features.14,401,pruned_before,nan,0.000000e+00,0.000000e+00,0.0000,0.0000,0
62,features.14,402,active,0.105263,4.552243e-07,1.541569e-05,0.1404,0.3509,265
62,features.14,403,pruned_before,nan,0.000000e+00,0.000000e+00,0.0000,0.0000,0
62,features.14,404,pruned_before,nan,0.000000e+00,0.000000e+00,0.0000,0.0000,0
62,features.14,405,pruned_before,nan,0.000000e+00,0.000000e+00,0.0000,0.0000,0
62,features.14,406,pruned_before,nan,0.000000e+00,0.000000e+00,0.0000,0.0000,0
62,features.14,407,pruned_before,nan,0.000000e+00,0.000000e+00,0.0000,0.0000,0
62,features.14,408,pruned_before,nan,0.000000e+00,0.000000e+00,0.0000,0.0000,0
62,features.14,409,pruned_before,nan,0.000000e+00,0.000000e+00,0.0000,0.0000,0
62,features.14,410,pruned_before,nan,0.000000e+00,0.000000e+00,0.0000,0.0000,0
62,features.14,411,pruned_now,-0.192982,2.022734e-06,3.801359e-06,0.5965,0.2105,265
62,features.14,412,pruned_before,nan,0.000000e+00,0.000000e+00,0.0000,0.0000,0
62,features.14,413,pruned_before,nan,0.000000e+00,0.000000e+00,0.0000,0.0000,0
62,features.14,414,pruned_before,nan,0.000000e+00,0.000000e+00,0.0000,0.0000,0
62,features.14,415,pruned_before,nan,0.000000e+00,0.000000e+00,0.0000,0.0000,0
62,features.14,416,pruned_before,nan,0.000000e+00,0.000000e+00,0.0000,0.0000,0
62,features.14,417,pruned_before,nan,0.000000e+00,0.000000e+00,0.0000,0.0000,0
62,features.14,418,pruned_before,nan,0.000000e+00,0.000000e+00,0.0000,0.0000,0
62,features.14,419,pruned_before,nan,0.000000e+00,0.000000e+00,0.0000,0.0000,0
62,features.14,420,pruned_before,nan,0.000000e+00,0.000000e+00,0.0000,0.0000,0
62,features.14,421,pruned_before,nan,0.000000e+00,0.000000e+00,0.0000,0.0000,0
62,features.14,422,pruned_before,nan,0.000000e+00,0.000000e+00,0.0000,0.0000,0
62,features.14,423,active,0.403509,5.575689e-07,1.309262e-04,0.1579,0.9649,265
62,features.14,424,pruned_before,nan,0.000000e+00,0.000000e+00,0.0000,0.0000,0
62,features.14,425,pruned_before,nan,0.000000e+00,0.000000e+00,0.0000,0.0000,0
62,features.14,426,pruned_before,nan,0.000000e+00,0.000000e+00,0.0000,0.0000,0
62,features.14,427,pruned_before,nan,0.000000e+00,0.000000e+00,0.0000,0.0000,0
62,features.14,428,pruned_before,nan,0.000000e+00,0.000000e+00,0.0000,0.0000,0
62,features.14,429,pruned_before,nan,0.000000e+00,0.000000e+00,0.0000,0.0000,0
62,features.14,430,pruned_before,nan,0.000000e+00,0.000000e+00,0.0000,0.0000,0
62,features.14,431,pruned_before,nan,0.000000e+00,0.000000e+00,0.0000,0.0000,0
62,features.14,432,active,-0.114035,8.255197e-07,1.577644e-06,0.3333,0.1053,265
62,features.14,433,pruned_before,nan,0.000000e+00,0.000000e+00,0.0000,0.0000,0
62,features.14,434,pruned_before,nan,0.000000e+00,0.000000e+00,0.0000,0.0000,0
62,features.14,435,pruned_before,nan,0.000000e+00,0.000000e+00,0.0000,0.0000,0
62,features.14,436,pruned_before,nan,0.000000e+00,0.000000e+00,0.0000,0.0000,0
62,features.14,437,pruned_before,nan,0.000000e+00,0.000000e+00,0.0000,0.0000,0
62,features.14,438,pruned_before,nan,0.000000e+00,0.000000e+00,0.0000,0.0000,0
62,features.14,439,pruned_before,nan,0.000000e+00,0.000000e+00,0.0000,0.0000,0
62,features.14,440,pruned_before,nan,0.000000e+00,0.000000e+00,0.0000,0.0000,0
62,features.14,441,pruned_before,nan,0.000000e+00,0.000000e+00,0.0000,0.0000,0
62,features.14,442,pruned_before,nan,0.000000e+00,0.000000e+00,0.0000,0.0000,0
62,features.14,443,pruned_before,nan,0.000000e+00,0.000000e+00,0.0000,0.0000,0
62,features.14,444,pruned_before,nan,0.000000e+00,0.000000e+00,0.0000,0.0000,0
62,features.14,445,active,0.087719,8.949989e-07,3.201986e-05,0.3684,0.5439,265
62,features.14,446,pruned_before,nan,0.000000e+00,0.000000e+00,0.0000,0.0000,0
62,features.14,447,pruned_now,-0.192982,5.789581e-06,2.361387e-05,0.7895,0.4035,265
62,features.14,448,pruned_before,nan,0.000000e+00,0.000000e+00,0.0000,0.0000,0
62,features.14,449,pruned_before,nan,0.000000e+00,0.000000e+00,0.0000,0.0000,0
62,features.14,450,pruned_before,nan,0.000000e+00,0.000000e+00,0.0000,0.0000,0
62,features.14,451,pruned_before,nan,0.000000e+00,0.000000e+00,0.0000,0.0000,0
62,features.14,452,pruned_before,nan,0.000000e+00,0.000000e+00,0.0000,0.0000,0
62,features.14,453,pruned_before,nan,0.000000e+00,0.000000e+00,0.0000,0.0000,0
62,features.14,454,pruned_before,nan,0.000000e+00,0.000000e+00,0.0000,0.0000,0
62,features.14,455,active,0.026316,6.477989e-06,7.350467e-05,0.8070,0.8596,265
62,features.14,456,active,-0.157895,1.916239e-06,6.990104e-06,0.5789,0.2632,265
62,features.14,457,pruned_before,nan,0.000000e+00,0.000000e+00,0.0000,0.0000,0
62,features.14,458,pruned_before,nan,0.000000e+00,0.000000e+00,0.0000,0.0000,0
62,features.14,459,active,-0.043860,1.669067e-06,2.539133e-05,0.5263,0.4386,265
62,features.14,460,pruned_before,nan,0.000000e+00,0.000000e+00,0.0000,0.0000,0
62,features.14,461,pruned_before,nan,0.000000e+00,0.000000e+00,0.0000,0.0000,0
62,features.14,462,pruned_before,nan,0.000000e+00,0.000000e+00,0.0000,0.0000,0
62,features.14,463,pruned_before,nan,0.000000e+00,0.000000e+00,0.0000,0.0000,0
62,features.14,464,pruned_before,nan,0.000000e+00,0.000000e+00,0.0000,0.0000,0
62,features.14,465,pruned_before,nan,0.000000e+00,0.000000e+00,0.0000,0.0000,0
62,features.14,466,pruned_before,nan,0.000000e+00,0.000000e+00,0.0000,0.0000,0
62,features.14,467,pruned_before,nan,0.000000e+00,0.000000e+00,0.0000,0.0000,0
62,features.14,468,pruned_before,nan,0.000000e+00,0.000000e+00,0.0000,0.0000,0
62,features.14,469,pruned_before,nan,0.000000e+00,0.000000e+00,0.0000,0.0000,0
62,features.14,470,pruned_before,nan,0.000000e+00,0.000000e+00,0.0000,0.0000,0
62,features.14,471,active,-0.087719,9.749153e-06,5.127165e-05,0.8947,0.7193,265
62,features.14,472,pruned_before,nan,0.000000e+00,0.000000e+00,0.0000,0.0000,0
62,features.14,473,pruned_before,nan,0.000000e+00,0.000000e+00,0.0000,0.0000,0
62,features.14,474,pruned_now,-0.245614,2.579270e-06,3.550447e-06,0.6667,0.1754,265
62,features.14,475,pruned_before,nan,0.000000e+00,0.000000e+00,0.0000,0.0000,0
62,features.14,476,pruned_before,nan,0.000000e+00,0.000000e+00,0.0000,0.0000,0
62,features.14,477,pruned_before,nan,0.000000e+00,0.000000e+00,0.0000,0.0000,0
62,features.14,478,pruned_before,nan,0.000000e+00,0.000000e+00,0.0000,0.0000,0
62,features.14,479,pruned_before,nan,0.000000e+00,0.000000e+00,0.0000,0.0000,0
62,features.14,480,pruned_before,nan,0.000000e+00,0.000000e+00,0.0000,0.0000,0
62,features.14,481,pruned_before,nan,0.000000e+00,0.000000e+00,0.0000,0.0000,0
62,features.14,482,active,-0.140351,1.998312e-05,4.811061e-05,0.9825,0.7018,265
62,features.14,483,pruned_before,nan,0.000000e+00,0.000000e+00,0.0000,0.0000,0
62,features.14,484,active,-0.008772,8.246474e-07,1.004319e-05,0.3158,0.2982,265
62,features.14,485,pruned_before,nan,0.000000e+00,0.000000e+00,0.0000,0.0000,0
62,features.14,486,active,-0.105263,3.973144e-06,3.162656e-05,0.7368,0.5263,265
62,features.14,487,pruned_before,nan,0.000000e+00,0.000000e+00,0.0000,0.0000,0
62,features.14,488,pruned_before,nan,0.000000e+00,0.000000e+00,0.0000,0.0000,0
62,features.14,489,pruned_before,nan,0.000000e+00,0.000000e+00,0.0000,0.0000,0
62,features.14,490,pruned_before,nan,0.000000e+00,0.000000e+00,0.0000,0.0000,0
62,features.14,491,pruned_before,nan,0.000000e+00,0.000000e+00,0.0000,0.0000,0
62,features.14,492,pruned_before,nan,0.000000e+00,0.000000e+00,0.0000,0.0000,0
62,features.14,493,pruned_before,nan,0.000000e+00,0.000000e+00,0.0000,0.0000,0
62,features.14,494,pruned_before,nan,0.000000e+00,0.000000e+00,0.0000,0.0000,0
62,features.14,495,active,-0.140351,9.853294e-06,4.321128e-05,0.9123,0.6316,265
62,features.14,496,active,-0.157895,5.138189e-06,2.588695e-05,0.7719,0.4561,265
62,features.14,497,pruned_before,nan,0.000000e+00,0.000000e+00,0.0000,0.0000,0
62,features.14,498,pruned_before,nan,0.000000e+00,0.000000e+00,0.0000,0.0000,0
62,features.14,499,pruned_before,nan,0.000000e+00,0.000000e+00,0.0000,0.0000,0
62,features.14,500,pruned_before,nan,0.000000e+00,0.000000e+00,0.0000,0.0000,0
62,features.14,501,pruned_before,nan,0.000000e+00,0.000000e+00,0.0000,0.0000,0
62,features.14,502,pruned_before,nan,0.000000e+00,0.000000e+00,0.0000,0.0000,0
62,features.14,503,pruned_before,nan,0.000000e+00,0.000000e+00,0.0000,0.0000,0
62,features.14,504,pruned_before,nan,0.000000e+00,0.000000e+00,0.0000,0.0000,0
62,features.14,505,pruned_before,nan,0.000000e+00,0.000000e+00,0.0000,0.0000,0
62,features.14,506,pruned_before,nan,0.000000e+00,0.000000e+00,0.0000,0.0000,0
62,features.14,507,active,-0.052632,8.202428e-06,5.552547e-05,0.8596,0.7544,265
62,features.14,508,active,0.219298,8.998064e-07,6.623985e-05,0.3860,0.8246,265
62,features.14,509,pruned_before,nan,0.000000e+00,0.000000e+00,0.0000,0.0000,0
62,features.14,510,active,-0.105263,2.172423e-06,2.443066e-05,0.6316,0.4211,265
62,features.14,511,pruned_before,nan,0.000000e+00,0.000000e+00,0.0000,0.0000,0
62,features.14,512,pruned_before,nan,0.000000e+00,0.000000e+00,0.0000,0.0000,0
62,features.14,513,pruned_before,nan,0.000000e+00,0.000000e+00,0.0000,0.0000,0
62,features.14,514,pruned_before,nan,0.000000e+00,0.000000e+00,0.0000,0.0000,0
62,features.14,515,pruned_before,nan,0.000000e+00,0.000000e+00,0.0000,0.0000,0
62,features.14,516,pruned_before,nan,0.000000e+00,0.000000e+00,0.0000,0.0000,0
62,features.14,517,pruned_before,nan,0.000000e+00,0.000000e+00,0.0000,0.0000,0
62,features.14,518,pruned_before,nan,0.000000e+00,0.000000e+00,0.0000,0.0000,0
62,features.14,519,active,-0.175439,7.556937e-06,2.956934e-05,0.8421,0.4912,265
62,features.14,520,pruned_before,nan,0.000000e+00,0.000000e+00,0.0000,0.0000,0
62,features.14,521,pruned_before,nan,0.000000e+00,0.000000e+00,0.0000,0.0000,0
62,features.14,522,pruned_before,nan,0.000000e+00,0.000000e+00,0.0000,0.0000,0
62,features.14,523,pruned_before,nan,0.000000e+00,0.000000e+00,0.0000,0.0000,0
62,features.14,524,pruned_before,nan,0.000000e+00,0.000000e+00,0.0000,0.0000,0
62,features.14,525,pruned_before,nan,0.000000e+00,0.000000e+00,0.0000,0.0000,0
62,features.14,526,pruned_before,nan,0.000000e+00,0.000000e+00,0.0000,0.0000,0
62,features.14,527,pruned_before,nan,0.000000e+00,0.000000e+00,0.0000,0.0000,0
62,features.14,528,pruned_before,nan,0.000000e+00,0.000000e+00,0.0000,0.0000,0
62,features.14,529,pruned_before,nan,0.000000e+00,0.000000e+00,0.0000,0.0000,0
62,features.14,530,pruned_before,nan,0.000000e+00,0.000000e+00,0.0000,0.0000,0
62,features.14,531,pruned_before,nan,0.000000e+00,0.000000e+00,0.0000,0.0000,0
62,features.14,532,pruned_before,nan,0.000000e+00,0.000000e+00,0.0000,0.0000,0
62,features.14,533,pruned_before,nan,0.000000e+00,0.000000e+00,0.0000,0.0000,0
62,features.14,534,pruned_before,nan,0.000000e+00,0.000000e+00,0.0000,0.0000,0
62,features.14,535,pruned_before,nan,0.000000e+00,0.000000e+00,0.0000,0.0000,0
62,features.14,536,pruned_before,nan,0.000000e+00,0.000000e+00,0.0000,0.0000,0
62,features.14,537,pruned_before,nan,0.000000e+00,0.000000e+00,0.0000,0.0000,0
62,features.14,538,active,0.008772,2.557795e-06,4.440643e-05,0.6491,0.6667,265
62,features.14,539,pruned_before,nan,0.000000e+00,0.000000e+00,0.0000,0.0000,0
62,features.14,540,pruned_before,nan,0.000000e+00,0.000000e+00,0.0000,0.0000,0
62,features.14,541,pruned_before,nan,0.000000e+00,0.000000e+00,0.0000,0.0000,0
62,features.14,542,pruned_before,nan,0.000000e+00,0.000000e+00,0.0000,0.0000,0
62,features.14,543,active,0.000000,0.000000e+00,0.000000e+00,0.0000,0.0000,265
62,features.14,544,pruned_before,nan,0.000000e+00,0.000000e+00,0.0000,0.0000,0
62,features.14,545,pruned_before,nan,0.000000e+00,0.000000e+00,0.0000,0.0000,0
62,features.14,546,pruned_before,nan,0.000000e+00,0.000000e+00,0.0000,0.0000,0
62,features.14,547,pruned_before,nan,0.000000e+00,0.000000e+00,0.0000,0.0000,0
62,features.14,548,pruned_before,nan,0.000000e+00,0.000000e+00,0.0000,0.0000,0
62,features.14,549,pruned_before,nan,0.000000e+00,0.000000e+00,0.0000,0.0000,0
62,features.14,550,pruned_before,nan,0.000000e+00,0.000000e+00,0.0000,0.0000,0
62,features.14,551,pruned_before,nan,0.000000e+00,0.000000e+00,0.0000,0.0000,0
62,features.14,552,pruned_before,nan,0.000000e+00,0.000000e+00,0.0000,0.0000,0
62,features.14,553,pruned_before,nan,0.000000e+00,0.000000e+00,0.0000,0.0000,0
62,features.14,554,pruned_before,nan,0.000000e+00,0.000000e+00,0.0000,0.0000,0
62,features.14,555,pruned_before,nan,0.000000e+00,0.000000e+00,0.0000,0.0000,0
62,features.14,556,pruned_before,nan,0.000000e+00,0.000000e+00,0.0000,0.0000,0
62,features.14,557,pruned_before,nan,0.000000e+00,0.000000e+00,0.0000,0.0000,0
62,features.14,558,pruned_before,nan,0.000000e+00,0.000000e+00,0.0000,0.0000,0
62,features.14,559,pruned_before,nan,0.000000e+00,0.000000e+00,0.0000,0.0000,0
62,features.14,560,pruned_before,nan,0.000000e+00,0.000000e+00,0.0000,0.0000,0
62,features.14,561,pruned_before,nan,0.000000e+00,0.000000e+00,0.0000,0.0000,0
62,features.14,562,pruned_before,nan,0.000000e+00,0.000000e+00,0.0000,0.0000,0
62,features.14,563,pruned_before,nan,0.000000e+00,0.000000e+00,0.0000,0.0000,0
62,features.14,564,pruned_before,nan,0.000000e+00,0.000000e+00,0.0000,0.0000,0
62,features.14,565,pruned_before,nan,0.000000e+00,0.000000e+00,0.0000,0.0000,0
62,features.14,566,pruned_before,nan,0.000000e+00,0.000000e+00,0.0000,0.0000,0
62,features.14,567,pruned_before,nan,0.000000e+00,0.000000e+00,0.0000,0.0000,0
62,features.14,568,pruned_before,nan,0.000000e+00,0.000000e+00,0.0000,0.0000,0
62,features.14,569,pruned_before,nan,0.000000e+00,0.000000e+00,0.0000,0.0000,0
62,features.14,570,pruned_before,nan,0.000000e+00,0.000000e+00,0.0000,0.0000,0
62,features.14,571,pruned_before,nan,0.000000e+00,0.000000e+00,0.0000,0.0000,0
62,features.14,572,pruned_before,nan,0.000000e+00,0.000000e+00,0.0000,0.0000,0
62,features.14,573,pruned_before,nan,0.000000e+00,0.000000e+00,0.0000,0.0000,0
62,features.14,574,pruned_before,nan,0.000000e+00,0.000000e+00,0.0000,0.0000,0
62,features.14,575,pruned_before,nan,0.000000e+00,0.000000e+00,0.0000,0.0000,0
62,features.15,0,pruned_before,nan,0.000000e+00,0.000000e+00,0.0000,0.0000,0
62,features.15,1,pruned_before,nan,0.000000e+00,0.000000e+00,0.0000,0.0000,0
62,features.15,2,pruned_before,nan,0.000000e+00,0.000000e+00,0.0000,0.0000,0
62,features.15,3,pruned_before,nan,0.000000e+00,0.000000e+00,0.0000,0.0000,0
62,features.15,4,pruned_before,nan,0.000000e+00,0.000000e+00,0.0000,0.0000,0
62,features.15,5,pruned_before,nan,0.000000e+00,0.000000e+00,0.0000,0.0000,0
62,features.15,6,pruned_before,nan,0.000000e+00,0.000000e+00,0.0000,0.0000,0
62,features.15,7,active,-0.006329,5.169330e-06,1.020986e-03,1.0000,0.9873,329
62,features.15,8,pruned_before,nan,0.000000e+00,0.000000e+00,0.0000,0.0000,0
62,features.15,9,pruned_before,nan,0.000000e+00,0.000000e+00,0.0000,0.0000,0
62,features.15,10,pruned_before,nan,0.000000e+00,0.000000e+00,0.0000,0.0000,0
62,features.15,11,pruned_before,nan,0.000000e+00,0.000000e+00,0.0000,0.0000,0
62,features.15,12,pruned_before,nan,0.000000e+00,0.000000e+00,0.0000,0.0000,0
62,features.15,13,pruned_before,nan,0.000000e+00,0.000000e+00,0.0000,0.0000,0
62,features.15,14,pruned_before,nan,0.000000e+00,0.000000e+00,0.0000,0.0000,0
62,features.15,15,pruned_before,nan,0.000000e+00,0.000000e+00,0.0000,0.0000,0
62,features.15,16,pruned_before,nan,0.000000e+00,0.000000e+00,0.0000,0.0000,0
62,features.15,17,pruned_before,nan,0.000000e+00,0.000000e+00,0.0000,0.0000,0
62,features.15,18,pruned_before,nan,0.000000e+00,0.000000e+00,0.0000,0.0000,0
62,features.15,19,pruned_before,nan,0.000000e+00,0.000000e+00,0.0000,0.0000,0
62,features.15,20,active,0.126582,4.213063e-07,3.192483e-04,0.5823,0.8354,329
62,features.15,21,pruned_before,nan,0.000000e+00,0.000000e+00,0.0000,0.0000,0
62,features.15,22,pruned_before,nan,0.000000e+00,0.000000e+00,0.0000,0.0000,0
62,features.15,23,pruned_before,nan,0.000000e+00,0.000000e+00,0.0000,0.0000,0
62,features.15,24,pruned_before,nan,0.000000e+00,0.000000e+00,0.0000,0.0000,0
62,features.15,25,pruned_before,nan,0.000000e+00,0.000000e+00,0.0000,0.0000,0
62,features.15,26,pruned_before,nan,0.000000e+00,0.000000e+00,0.0000,0.0000,0
62,features.15,27,pruned_before,nan,0.000000e+00,0.000000e+00,0.0000,0.0000,0
62,features.15,28,pruned_before,nan,0.000000e+00,0.000000e+00,0.0000,0.0000,0
62,features.15,29,pruned_before,nan,0.000000e+00,0.000000e+00,0.0000,0.0000,0
62,features.15,30,pruned_before,nan,0.000000e+00,0.000000e+00,0.0000,0.0000,0
62,features.15,31,pruned_before,nan,0.000000e+00,0.000000e+00,0.0000,0.0000,0
62,features.15,32,pruned_before,nan,0.000000e+00,0.000000e+00,0.0000,0.0000,0
62,features.15,33,pruned_before,nan,0.000000e+00,0.000000e+00,0.0000,0.0000,0
62,features.15,34,pruned_before,nan,0.000000e+00,0.000000e+00,0.0000,0.0000,0
62,features.15,35,active,-0.132911,5.205163e-07,3.266499e-05,0.6709,0.4051,329
62,features.15,36,pruned_before,nan,0.000000e+00,0.000000e+00,0.0000,0.0000,0
62,features.15,37,pruned_before,nan,0.000000e+00,0.000000e+00,0.0000,0.0000,0
62,features.15,38,pruned_before,nan,0.000000e+00,0.000000e+00,0.0000,0.0000,0
62,features.15,39,pruned_before,nan,0.000000e+00,0.000000e+00,0.0000,0.0000,0
62,features.15,40,pruned_before,nan,0.000000e+00,0.000000e+00,0.0000,0.0000,0
62,features.15,41,pruned_before,nan,0.000000e+00,0.000000e+00,0.0000,0.0000,0
62,features.15,42,pruned_before,nan,0.000000e+00,0.000000e+00,0.0000,0.0000,0
62,features.15,43,pruned_before,nan,0.000000e+00,0.000000e+00,0.0000,0.0000,0
62,features.15,44,active,0.158228,3.142097e-07,2.355131e-04,0.4937,0.8101,329
62,features.15,45,pruned_before,nan,0.000000e+00,0.000000e+00,0.0000,0.0000,0
62,features.15,46,pruned_before,nan,0.000000e+00,0.000000e+00,0.0000,0.0000,0
62,features.15,47,pruned_before,nan,0.000000e+00,0.000000e+00,0.0000,0.0000,0
62,features.15,48,pruned_before,nan,0.000000e+00,0.000000e+00,0.0000,0.0000,0
62,features.15,49,pruned_before,nan,0.000000e+00,0.000000e+00,0.0000,0.0000,0
62,features.15,50,pruned_before,nan,0.000000e+00,0.000000e+00,0.0000,0.0000,0
62,features.15,51,pruned_before,nan,0.000000e+00,0.000000e+00,0.0000,0.0000,0
62,features.15,52,pruned_before,nan,0.000000e+00,0.000000e+00,0.0000,0.0000,0
62,features.15,53,pruned_before,nan,0.000000e+00,0.000000e+00,0.0000,0.0000,0
62,features.15,54,pruned_before,nan,0.000000e+00,0.000000e+00,0.0000,0.0000,0
62,features.15,55,pruned_before,nan,0.000000e+00,0.000000e+00,0.0000,0.0000,0
62,features.15,56,pruned_before,nan,0.000000e+00,0.000000e+00,0.0000,0.0000,0
62,features.15,57,pruned_before,nan,0.000000e+00,0.000000e+00,0.0000,0.0000,0
62,features.15,58,pruned_before,nan,0.000000e+00,0.000000e+00,0.0000,0.0000,0
62,features.15,59,pruned_before,nan,0.000000e+00,0.000000e+00,0.0000,0.0000,0
62,features.15,60,pruned_before,nan,0.000000e+00,0.000000e+00,0.0000,0.0000,0
62,features.15,61,pruned_before,nan,0.000000e+00,0.000000e+00,0.0000,0.0000,0
62,features.15,62,active,-0.063291,5.407664e-07,7.505186e-05,0.7089,0.5823,329
62,features.15,63,pruned_before,nan,0.000000e+00,0.000000e+00,0.0000,0.0000,0
62,features.15,64,pruned_before,nan,0.000000e+00,0.000000e+00,0.0000,0.0000,0
62,features.15,65,pruned_before,nan,0.000000e+00,0.000000e+00,0.0000,0.0000,0
62,features.15,66,active,-0.025316,9.386264e-08,3.121773e-06,0.1392,0.0886,329
62,features.15,67,pruned_before,nan,0.000000e+00,0.000000e+00,0.0000,0.0000,0
62,features.15,68,pruned_before,nan,0.000000e+00,0.000000e+00,0.0000,0.0000,0
62,features.15,69,pruned_before,nan,0.000000e+00,0.000000e+00,0.0000,0.0000,0
62,features.15,70,pruned_before,nan,0.000000e+00,0.000000e+00,0.0000,0.0000,0
62,features.15,71,active,-0.025316,1.427559e-06,2.296422e-04,0.8481,0.7975,329
62,features.15,72,pruned_before,nan,0.000000e+00,0.000000e+00,0.0000,0.0000,0
62,features.15,73,pruned_before,nan,0.000000e+00,0.000000e+00,0.0000,0.0000,0
62,features.15,74,active,0.265823,9.813654e-08,1.164047e-04,0.1519,0.6835,329
62,features.15,75,pruned_before,nan,0.000000e+00,0.000000e+00,0.0000,0.0000,0
62,features.15,76,pruned_before,nan,0.000000e+00,0.000000e+00,0.0000,0.0000,0
62,features.15,77,pruned_before,nan,0.000000e+00,0.000000e+00,0.0000,0.0000,0
62,features.15,78,pruned_before,nan,0.000000e+00,0.000000e+00,0.0000,0.0000,0
62,features.15,79,pruned_before,nan,0.000000e+00,0.000000e+00,0.0000,0.0000,0
62,features.15,80,active,0.025316,4.870131e-08,2.522344e-06,0.0253,0.0759,329
62,features.15,81,pruned_before,nan,0.000000e+00,0.000000e+00,0.0000,0.0000,0
62,features.15,82,pruned_before,nan,0.000000e+00,0.000000e+00,0.0000,0.0000,0
62,features.15,83,pruned_before,nan,0.000000e+00,0.000000e+00,0.0000,0.0000,0
62,features.15,84,pruned_before,nan,0.000000e+00,0.000000e+00,0.0000,0.0000,0
62,features.15,85,pruned_before,nan,0.000000e+00,0.000000e+00,0.0000,0.0000,0
62,features.15,86,pruned_before,nan,0.000000e+00,0.000000e+00,0.0000,0.0000,0
62,features.15,87,pruned_before,nan,0.000000e+00,0.000000e+00,0.0000,0.0000,0
62,features.15,88,pruned_before,nan,0.000000e+00,0.000000e+00,0.0000,0.0000,0
62,features.15,89,pruned_before,nan,0.000000e+00,0.000000e+00,0.0000,0.0000,0
62,features.15,90,pruned_before,nan,0.000000e+00,0.000000e+00,0.0000,0.0000,0
62,features.15,91,pruned_before,nan,0.000000e+00,0.000000e+00,0.0000,0.0000,0
62,features.15,92,pruned_before,nan,0.000000e+00,0.000000e+00,0.0000,0.0000,0
62,features.15,93,pruned_before,nan,0.000000e+00,0.000000e+00,0.0000,0.0000,0
62,features.15,94,pruned_before,nan,0.000000e+00,0.000000e+00,0.0000,0.0000,0
62,features.15,95,pruned_before,nan,0.000000e+00,0.000000e+00,0.0000,0.0000,0
62,features.15,96,pruned_before,nan,0.000000e+00,0.000000e+00,0.0000,0.0000,0
62,features.15,97,pruned_before,nan,0.000000e+00,0.000000e+00,0.0000,0.0000,0
62,features.15,98,pruned_before,nan,0.000000e+00,0.000000e+00,0.0000,0.0000,0
62,features.15,99,pruned_before,nan,0.000000e+00,0.000000e+00,0.0000,0.0000,0
62,features.15,100,pruned_before,nan,0.000000e+00,0.000000e+00,0.0000,0.0000,0
62,features.15,101,pruned_before,nan,0.000000e+00,0.000000e+00,0.0000,0.0000,0
62,features.15,102,pruned_before,nan,0.000000e+00,0.000000e+00,0.0000,0.0000,0
62,features.15,103,active,-0.031646,5.335297e-08,3.864122e-07,0.0633,0.0000,329
62,features.15,104,pruned_before,nan,0.000000e+00,0.000000e+00,0.0000,0.0000,0
62,features.15,105,pruned_before,nan,0.000000e+00,0.000000e+00,0.0000,0.0000,0
62,features.15,106,pruned_before,nan,0.000000e+00,0.000000e+00,0.0000,0.0000,0
62,features.15,107,pruned_before,nan,0.000000e+00,0.000000e+00,0.0000,0.0000,0
62,features.15,108,pruned_before,nan,0.000000e+00,0.000000e+00,0.0000,0.0000,0
62,features.15,109,active,-0.025316,6.839259e-07,1.594942e-04,0.8101,0.7595,329
62,features.15,110,pruned_before,nan,0.000000e+00,0.000000e+00,0.0000,0.0000,0
62,features.15,111,pruned_before,nan,0.000000e+00,0.000000e+00,0.0000,0.0000,0
62,features.15,112,pruned_before,nan,0.000000e+00,0.000000e+00,0.0000,0.0000,0
62,features.15,113,pruned_before,nan,0.000000e+00,0.000000e+00,0.0000,0.0000,0
62,features.15,114,active,-0.139241,1.548284e-07,1.319384e-06,0.3038,0.0253,329
62,features.15,115,pruned_before,nan,0.000000e+00,0.000000e+00,0.0000,0.0000,0
62,features.15,116,pruned_before,nan,0.000000e+00,0.000000e+00,0.0000,0.0000,0
62,features.15,117,pruned_before,nan,0.000000e+00,0.000000e+00,0.0000,0.0000,0
62,features.15,118,pruned_before,nan,0.000000e+00,0.000000e+00,0.0000,0.0000,0
62,features.15,119,pruned_before,nan,0.000000e+00,0.000000e+00,0.0000,0.0000,0
62,features.15,120,pruned_before,nan,0.000000e+00,0.000000e+00,0.0000,0.0000,0
62,features.15,121,active,-0.031646,7.542445e-08,1.538184e-06,0.1013,0.0380,329
62,features.15,122,pruned_before,nan,0.000000e+00,0.000000e+00,0.0000,0.0000,0
62,features.15,123,pruned_before,nan,0.000000e+00,0.000000e+00,0.0000,0.0000,0
62,features.15,124,pruned_before,nan,0.000000e+00,0.000000e+00,0.0000,0.0000,0
62,features.15,125,pruned_before,nan,0.000000e+00,0.000000e+00,0.0000,0.0000,0
62,features.15,126,pruned_before,nan,0.000000e+00,0.000000e+00,0.0000,0.0000,0
62,features.15,127,pruned_before,nan,0.000000e+00,0.000000e+00,0.0000,0.0000,0
62,features.15,128,pruned_before,nan,0.000000e+00,0.000000e+00,0.0000,0.0000,0
62,features.15,129,pruned_before,nan,0.000000e+00,0.000000e+00,0.0000,0.0000,0
62,features.15,130,pruned_before,nan,0.000000e+00,0.000000e+00,0.0000,0.0000,0
62,features.15,131,pruned_before,nan,0.000000e+00,0.000000e+00,0.0000,0.0000,0
62,features.15,132,pruned_before,nan,0.000000e+00,0.000000e+00,0.0000,0.0000,0
62,features.15,133,pruned_before,nan,0.000000e+00,0.000000e+00,0.0000,0.0000,0
62,features.15,134,pruned_before,nan,0.000000e+00,0.000000e+00,0.0000,0.0000,0
62,features.15,135,pruned_before,nan,0.000000e+00,0.000000e+00,0.0000,0.0000,0
62,features.15,136,pruned_before,nan,0.000000e+00,0.000000e+00,0.0000,0.0000,0
62,features.15,137,pruned_before,nan,0.000000e+00,0.000000e+00,0.0000,0.0000,0
62,features.15,138,pruned_before,nan,0.000000e+00,0.000000e+00,0.0000,0.0000,0
62,features.15,139,pruned_before,nan,0.000000e+00,0.000000e+00,0.0000,0.0000,0
62,features.15,140,pruned_before,nan,0.000000e+00,0.000000e+00,0.0000,0.0000,0
62,features.15,141,pruned_before,nan,0.000000e+00,0.000000e+00,0.0000,0.0000,0
62,features.15,142,pruned_before,nan,0.000000e+00,0.000000e+00,0.0000,0.0000,0
62,features.15,143,pruned_before,nan,0.000000e+00,0.000000e+00,0.0000,0.0000,0
62,features.15,144,pruned_before,nan,0.000000e+00,0.000000e+00,0.0000,0.0000,0
62,features.15,145,pruned_before,nan,0.000000e+00,0.000000e+00,0.0000,0.0000,0
62,features.15,146,pruned_before,nan,0.000000e+00,0.000000e+00,0.0000,0.0000,0
62,features.15,147,pruned_before,nan,0.000000e+00,0.000000e+00,0.0000,0.0000,0
62,features.15,148,pruned_before,nan,0.000000e+00,0.000000e+00,0.0000,0.0000,0
62,features.15,149,pruned_before,nan,0.000000e+00,0.000000e+00,0.0000,0.0000,0
62,features.15,150,pruned_before,nan,0.000000e+00,0.000000e+00,0.0000,0.0000,0
62,features.15,151,pruned_before,nan,0.000000e+00,0.000000e+00,0.0000,0.0000,0
62,features.15,152,pruned_before,nan,0.000000e+00,0.000000e+00,0.0000,0.0000,0
62,features.15,153,active,0.075949,3.304650e-07,1.133402e-04,0.5190,0.6709,329
62,features.15,154,pruned_before,nan,0.000000e+00,0.000000e+00,0.0000,0.0000,0
62,features.15,155,pruned_before,nan,0.000000e+00,0.000000e+00,0.0000,0.0000,0
62,features.15,156,pruned_before,nan,0.000000e+00,0.000000e+00,0.0000,0.0000,0
62,features.15,157,pruned_before,nan,0.000000e+00,0.000000e+00,0.0000,0.0000,0
62,features.15,158,pruned_before,nan,0.000000e+00,0.000000e+00,0.0000,0.0000,0
62,features.15,159,pruned_before,nan,0.000000e+00,0.000000e+00,0.0000,0.0000,0
62,features.15,160,pruned_before,nan,0.000000e+00,0.000000e+00,0.0000,0.0000,0
62,features.15,161,pruned_before,nan,0.000000e+00,0.000000e+00,0.0000,0.0000,0
62,features.15,162,active,0.278481,2.269358e-07,8.537433e-04,0.4051,0.9620,329
62,features.15,163,pruned_before,nan,0.000000e+00,0.000000e+00,0.0000,0.0000,0
62,features.15,164,pruned_before,nan,0.000000e+00,0.000000e+00,0.0000,0.0000,0
62,features.15,165,pruned_before,nan,0.000000e+00,0.000000e+00,0.0000,0.0000,0
62,features.15,166,pruned_before,nan,0.000000e+00,0.000000e+00,0.0000,0.0000,0
62,features.15,167,pruned_before,nan,0.000000e+00,0.000000e+00,0.0000,0.0000,0
62,features.15,168,pruned_before,nan,0.000000e+00,0.000000e+00,0.0000,0.0000,0
62,features.15,169,pruned_before,nan,0.000000e+00,0.000000e+00,0.0000,0.0000,0
62,features.15,170,pruned_before,nan,0.000000e+00,0.000000e+00,0.0000,0.0000,0
62,features.15,171,pruned_before,nan,0.000000e+00,0.000000e+00,0.0000,0.0000,0
62,features.15,172,active,-0.183544,5.703597e-07,3.255395e-05,0.7468,0.3797,329
62,features.15,173,pruned_before,nan,0.000000e+00,0.000000e+00,0.0000,0.0000,0
62,features.15,174,pruned_before,nan,0.000000e+00,0.000000e+00,0.0000,0.0000,0
62,features.15,175,pruned_before,nan,0.000000e+00,0.000000e+00,0.0000,0.0000,0
62,features.15,176,pruned_before,nan,0.000000e+00,0.000000e+00,0.0000,0.0000,0
62,features.15,177,pruned_before,nan,0.000000e+00,0.000000e+00,0.0000,0.0000,0
62,features.15,178,pruned_before,nan,0.000000e+00,0.000000e+00,0.0000,0.0000,0
62,features.15,179,pruned_before,nan,0.000000e+00,0.000000e+00,0.0000,0.0000,0
62,features.15,180,pruned_before,nan,0.000000e+00,0.000000e+00,0.0000,0.0000,0
62,features.15,181,pruned_before,nan,0.000000e+00,0.000000e+00,0.0000,0.0000,0
62,features.15,182,pruned_before,nan,0.000000e+00,0.000000e+00,0.0000,0.0000,0
62,features.15,183,pruned_before,nan,0.000000e+00,0.000000e+00,0.0000,0.0000,0
62,features.15,184,pruned_before,nan,0.000000e+00,0.000000e+00,0.0000,0.0000,0
62,features.15,185,pruned_before,nan,0.000000e+00,0.000000e+00,0.0000,0.0000,0
62,features.15,186,pruned_before,nan,0.000000e+00,0.000000e+00,0.0000,0.0000,0
62,features.15,187,pruned_before,nan,0.000000e+00,0.000000e+00,0.0000,0.0000,0
62,features.15,188,active,0.006329,5.388639e-07,1.271015e-04,0.6962,0.7089,329
62,features.15,189,pruned_before,nan,0.000000e+00,0.000000e+00,0.0000,0.0000,0
62,features.15,190,pruned_before,nan,0.000000e+00,0.000000e+00,0.0000,0.0000,0
62,features.15,191,pruned_before,nan,0.000000e+00,0.000000e+00,0.0000,0.0000,0
62,features.15,192,pruned_before,nan,0.000000e+00,0.000000e+00,0.0000,0.0000,0
62,features.15,193,pruned_before,nan,0.000000e+00,0.000000e+00,0.0000,0.0000,0
62,features.15,194,pruned_before,nan,0.000000e+00,0.000000e+00,0.0000,0.0000,0
62,features.15,195,pruned_before,nan,0.000000e+00,0.000000e+00,0.0000,0.0000,0
62,features.15,196,pruned_before,nan,0.000000e+00,0.000000e+00,0.0000,0.0000,0
62,features.15,197,pruned_before,nan,0.000000e+00,0.000000e+00,0.0000,0.0000,0
62,features.15,198,pruned_before,nan,0.000000e+00,0.000000e+00,0.0000,0.0000,0
62,features.15,199,pruned_before,nan,0.000000e+00,0.000000e+00,0.0000,0.0000,0
62,features.15,200,pruned_before,nan,0.000000e+00,0.000000e+00,0.0000,0.0000,0
62,features.15,201,pruned_before,nan,0.000000e+00,0.000000e+00,0.0000,0.0000,0
62,features.15,202,pruned_before,nan,0.000000e+00,0.000000e+00,0.0000,0.0000,0
62,features.15,203,pruned_before,nan,0.000000e+00,0.000000e+00,0.0000,0.0000,0
62,features.15,204,pruned_before,nan,0.000000e+00,0.000000e+00,0.0000,0.0000,0
62,features.15,205,pruned_before,nan,0.000000e+00,0.000000e+00,0.0000,0.0000,0
62,features.15,206,pruned_before,nan,0.000000e+00,0.000000e+00,0.0000,0.0000,0
62,features.15,207,pruned_before,nan,0.000000e+00,0.000000e+00,0.0000,0.0000,0
62,features.15,208,pruned_before,nan,0.000000e+00,0.000000e+00,0.0000,0.0000,0
62,features.15,209,pruned_before,nan,0.000000e+00,0.000000e+00,0.0000,0.0000,0
62,features.15,210,pruned_before,nan,0.000000e+00,0.000000e+00,0.0000,0.0000,0
62,features.15,211,pruned_before,nan,0.000000e+00,0.000000e+00,0.0000,0.0000,0
62,features.15,212,pruned_before,nan,0.000000e+00,0.000000e+00,0.0000,0.0000,0
62,features.15,213,active,0.000000,8.239850e-07,3.186798e-04,0.8228,0.8228,329
62,features.15,214,pruned_before,nan,0.000000e+00,0.000000e+00,0.0000,0.0000,0
62,features.15,215,pruned_before,nan,0.000000e+00,0.000000e+00,0.0000,0.0000,0
62,features.15,216,pruned_before,nan,0.000000e+00,0.000000e+00,0.0000,0.0000,0
62,features.15,217,pruned_before,nan,0.000000e+00,0.000000e+00,0.0000,0.0000,0
62,features.15,218,active,0.056962,1.222878e-07,2.956001e-05,0.2278,0.3418,329
62,features.15,219,pruned_before,nan,0.000000e+00,0.000000e+00,0.0000,0.0000,0
62,features.15,220,pruned_before,nan,0.000000e+00,0.000000e+00,0.0000,0.0000,0
62,features.15,221,pruned_before,nan,0.000000e+00,0.000000e+00,0.0000,0.0000,0
62,features.15,222,pruned_before,nan,0.000000e+00,0.000000e+00,0.0000,0.0000,0
62,features.15,223,pruned_before,nan,0.000000e+00,0.000000e+00,0.0000,0.0000,0
62,features.15,224,pruned_before,nan,0.000000e+00,0.000000e+00,0.0000,0.0000,0
62,features.15,225,pruned_before,nan,0.000000e+00,0.000000e+00,0.0000,0.0000,0
62,features.15,226,pruned_before,nan,0.000000e+00,0.000000e+00,0.0000,0.0000,0
62,features.15,227,pruned_before,nan,0.000000e+00,0.000000e+00,0.0000,0.0000,0
62,features.15,228,pruned_before,nan,0.000000e+00,0.000000e+00,0.0000,0.0000,0
62,features.15,229,active,-0.018987,2.782243e-07,4.296778e-05,0.4810,0.4430,329
62,features.15,230,pruned_before,nan,0.000000e+00,0.000000e+00,0.0000,0.0000,0
62,features.15,231,pruned_before,nan,0.000000e+00,0.000000e+00,0.0000,0.0000,0
62,features.15,232,active,0.101266,6.629962e-08,2.327435e-05,0.0759,0.2785,329
62,features.15,233,pruned_before,nan,0.000000e+00,0.000000e+00,0.0000,0.0000,0
62,features.15,234,pruned_before,nan,0.000000e+00,0.000000e+00,0.0000,0.0000,0
62,features.15,235,pruned_before,nan,0.000000e+00,0.000000e+00,0.0000,0.0000,0
62,features.15,236,pruned_before,nan,0.000000e+00,0.000000e+00,0.0000,0.0000,0
62,features.15,237,pruned_before,nan,0.000000e+00,0.000000e+00,0.0000,0.0000,0
62,features.15,238,pruned_before,nan,0.000000e+00,0.000000e+00,0.0000,0.0000,0
62,features.15,239,pruned_before,nan,0.000000e+00,0.000000e+00,0.0000,0.0000,0
62,features.15,240,pruned_before,nan,0.000000e+00,0.000000e+00,0.0000,0.0000,0
62,features.15,241,active,-0.044304,4.363331e-07,5.637524e-05,0.6076,0.5190,329
62,features.15,242,pruned_before,nan,0.000000e+00,0.000000e+00,0.0000,0.0000,0
62,features.15,243,pruned_before,nan,0.000000e+00,0.000000e+00,0.0000,0.0000,0
62,features.15,244,pruned_before,nan,0.000000e+00,0.000000e+00,0.0000,0.0000,0
62,features.15,245,pruned_before,nan,0.000000e+00,0.000000e+00,0.0000,0.0000,0
62,features.15,246,active,-0.012658,2.119620e-06,6.771609e-04,0.9620,0.9367,329
62,features.15,247,pruned_before,nan,0.000000e+00,0.000000e+00,0.0000,0.0000,0
62,features.15,248,pruned_before,nan,0.000000e+00,0.000000e+00,0.0000,0.0000,0
62,features.15,249,pruned_before,nan,0.000000e+00,0.000000e+00,0.0000,0.0000,0
62,features.15,250,pruned_before,nan,0.000000e+00,0.000000e+00,0.0000,0.0000,0
62,features.15,251,pruned_before,nan,0.000000e+00,0.000000e+00,0.0000,0.0000,0
62,features.15,252,pruned_before,nan,0.000000e+00,0.000000e+00,0.0000,0.0000,0
62,features.15,253,pruned_before,nan,0.000000e+00,0.000000e+00,0.0000,0.0000,0
62,features.15,254,pruned_before,nan,0.000000e+00,0.000000e+00,0.0000,0.0000,0
62,features.15,255,active,-0.050633,5.618256e-07,8.932102e-05,0.7342,0.6329,329
62,features.15,256,pruned_before,nan,0.000000e+00,0.000000e+00,0.0000,0.0000,0
62,features.15,257,pruned_before,nan,0.000000e+00,0.000000e+00,0.0000,0.0000,0
62,features.15,258,active,0.126582,3.694701e-07,1.969889e-04,0.5316,0.7848,329
62,features.15,259,pruned_before,nan,0.000000e+00,0.000000e+00,0.0000,0.0000,0
62,features.15,260,pruned_before,nan,0.000000e+00,0.000000e+00,0.0000,0.0000,0
62,features.15,261,active,-0.177215,2.303971e-07,2.099303e-06,0.4177,0.0633,329
62,features.15,262,pruned_before,nan,0.000000e+00,0.000000e+00,0.0000,0.0000,0
62,features.15,263,pruned_before,nan,0.000000e+00,0.000000e+00,0.0000,0.0000,0
62,features.15,264,pruned_before,nan,0.000000e+00,0.000000e+00,0.0000,0.0000,0
62,features.15,265,active,-0.069620,1.754061e-06,1.955409e-04,0.9114,0.7722,329
62,features.15,266,pruned_before,nan,0.000000e+00,0.000000e+00,0.0000,0.0000,0
62,features.15,267,pruned_before,nan,0.000000e+00,0.000000e+00,0.0000,0.0000,0
62,features.15,268,pruned_before,nan,0.000000e+00,0.000000e+00,0.0000,0.0000,0
62,features.15,269,pruned_before,nan,0.000000e+00,0.000000e+00,0.0000,0.0000,0
62,features.15,270,pruned_before,nan,0.000000e+00,0.000000e+00,0.0000,0.0000,0
62,features.15,271,pruned_before,nan,0.000000e+00,0.000000e+00,0.0000,0.0000,0
62,features.15,272,pruned_before,nan,0.000000e+00,0.000000e+00,0.0000,0.0000,0
62,features.15,273,pruned_before,nan,0.000000e+00,0.000000e+00,0.0000,0.0000,0
62,features.15,274,pruned_before,nan,0.000000e+00,0.000000e+00,0.0000,0.0000,0
62,features.15,275,pruned_before,nan,0.000000e+00,0.000000e+00,0.0000,0.0000,0
62,features.15,276,pruned_before,nan,0.000000e+00,0.000000e+00,0.0000,0.0000,0
62,features.15,277,pruned_before,nan,0.000000e+00,0.000000e+00,0.0000,0.0000,0
62,features.15,278,pruned_before,nan,0.000000e+00,0.000000e+00,0.0000,0.0000,0
62,features.15,279,pruned_before,nan,0.000000e+00,0.000000e+00,0.0000,0.0000,0
62,features.15,280,pruned_before,nan,0.000000e+00,0.000000e+00,0.0000,0.0000,0
62,features.15,281,pruned_before,nan,0.000000e+00,0.000000e+00,0.0000,0.0000,0
62,features.15,282,pruned_before,nan,0.000000e+00,0.000000e+00,0.0000,0.0000,0
62,features.15,283,pruned_before,nan,0.000000e+00,0.000000e+00,0.0000,0.0000,0
62,features.15,284,active,0.075949,4.211055e-07,1.415693e-04,0.5696,0.7215,329
62,features.15,285,pruned_before,nan,0.000000e+00,0.000000e+00,0.0000,0.0000,0
62,features.15,286,pruned_before,nan,0.000000e+00,0.000000e+00,0.0000,0.0000,0
62,features.15,287,pruned_before,nan,0.000000e+00,0.000000e+00,0.0000,0.0000,0
62,features.15,288,pruned_before,nan,0.000000e+00,0.000000e+00,0.0000,0.0000,0
62,features.15,289,pruned_before,nan,0.000000e+00,0.000000e+00,0.0000,0.0000,0
62,features.15,290,pruned_before,nan,0.000000e+00,0.000000e+00,0.0000,0.0000,0
62,features.15,291,active,0.006329,2.613245e-07,4.598144e-05,0.4684,0.4810,329
62,features.15,292,pruned_before,nan,0.000000e+00,0.000000e+00,0.0000,0.0000,0
62,features.15,293,pruned_before,nan,0.000000e+00,0.000000e+00,0.0000,0.0000,0
62,features.15,294,pruned_before,nan,0.000000e+00,0.000000e+00,0.0000,0.0000,0
62,features.15,295,pruned_before,nan,0.000000e+00,0.000000e+00,0.0000,0.0000,0
62,features.15,296,active,-0.025316,6.246522e-07,1.527644e-04,0.7975,0.7468,329
62,features.15,297,pruned_before,nan,0.000000e+00,0.000000e+00,0.0000,0.0000,0
62,features.15,298,pruned_before,nan,0.000000e+00,0.000000e+00,0.0000,0.0000,0
62,features.15,299,pruned_before,nan,0.000000e+00,0.000000e+00,0.0000,0.0000,0
62,features.15,300,pruned_before,nan,0.000000e+00,0.000000e+00,0.0000,0.0000,0
62,features.15,301,pruned_before,nan,0.000000e+00,0.000000e+00,0.0000,0.0000,0
62,features.15,302,pruned_before,nan,0.000000e+00,0.000000e+00,0.0000,0.0000,0
62,features.15,303,pruned_before,nan,0.000000e+00,0.000000e+00,0.0000,0.0000,0
62,features.15,304,pruned_before,nan,0.000000e+00,0.000000e+00,0.0000,0.0000,0
62,features.15,305,pruned_before,nan,0.000000e+00,0.000000e+00,0.0000,0.0000,0
62,features.15,306,pruned_before,nan,0.000000e+00,0.000000e+00,0.0000,0.0000,0
62,features.15,307,active,0.006329,4.704025e-07,9.165125e-05,0.6329,0.6456,329
62,features.15,308,pruned_before,nan,0.000000e+00,0.000000e+00,0.0000,0.0000,0
62,features.15,309,pruned_before,nan,0.000000e+00,0.000000e+00,0.0000,0.0000,0
62,features.15,310,pruned_before,nan,0.000000e+00,0.000000e+00,0.0000,0.0000,0
62,features.15,311,pruned_before,nan,0.000000e+00,0.000000e+00,0.0000,0.0000,0
62,features.15,312,pruned_before,nan,0.000000e+00,0.000000e+00,0.0000,0.0000,0
62,features.15,313,pruned_before,nan,0.000000e+00,0.000000e+00,0.0000,0.0000,0
62,features.15,314,pruned_before,nan,0.000000e+00,0.000000e+00,0.0000,0.0000,0
62,features.15,315,pruned_before,nan,0.000000e+00,0.000000e+00,0.0000,0.0000,0
62,features.15,316,pruned_before,nan,0.000000e+00,0.000000e+00,0.0000,0.0000,0
62,features.15,317,pruned_before,nan,0.000000e+00,0.000000e+00,0.0000,0.0000,0
62,features.15,318,pruned_before,nan,0.000000e+00,0.000000e+00,0.0000,0.0000,0
62,features.15,319,pruned_before,nan,0.000000e+00,0.000000e+00,0.0000,0.0000,0
62,features.15,320,pruned_before,nan,0.000000e+00,0.000000e+00,0.0000,0.0000,0
62,features.15,321,pruned_before,nan,0.000000e+00,0.000000e+00,0.0000,0.0000,0
62,features.15,322,pruned_before,nan,0.000000e+00,0.000000e+00,0.0000,0.0000,0
62,features.15,323,active,0.006329,5.497723e-07,1.433998e-04,0.7215,0.7342,329
62,features.15,324,pruned_before,nan,0.000000e+00,0.000000e+00,0.0000,0.0000,0
62,features.15,325,pruned_before,nan,0.000000e+00,0.000000e+00,0.0000,0.0000,0
62,features.15,326,pruned_before,nan,0.000000e+00,0.000000e+00,0.0000,0.0000,0
62,features.15,327,pruned_before,nan,0.000000e+00,0.000000e+00,0.0000,0.0000,0
62,features.15,328,pruned_before,nan,0.000000e+00,0.000000e+00,0.0000,0.0000,0
62,features.15,329,pruned_before,nan,0.000000e+00,0.000000e+00,0.0000,0.0000,0
62,features.15,330,pruned_before,nan,0.000000e+00,0.000000e+00,0.0000,0.0000,0
62,features.15,331,pruned_before,nan,0.000000e+00,0.000000e+00,0.0000,0.0000,0
62,features.15,332,pruned_before,nan,0.000000e+00,0.000000e+00,0.0000,0.0000,0
62,features.15,333,pruned_before,nan,0.000000e+00,0.000000e+00,0.0000,0.0000,0
62,features.15,334,pruned_before,nan,0.000000e+00,0.000000e+00,0.0000,0.0000,0
62,features.15,335,pruned_before,nan,0.000000e+00,0.000000e+00,0.0000,0.0000,0
62,features.15,336,pruned_before,nan,0.000000e+00,0.000000e+00,0.0000,0.0000,0
62,features.15,337,pruned_before,nan,0.000000e+00,0.000000e+00,0.0000,0.0000,0
62,features.15,338,pruned_before,nan,0.000000e+00,0.000000e+00,0.0000,0.0000,0
62,features.15,339,pruned_before,nan,0.000000e+00,0.000000e+00,0.0000,0.0000,0
62,features.15,340,pruned_before,nan,0.000000e+00,0.000000e+00,0.0000,0.0000,0
62,features.15,341,pruned_before,nan,0.000000e+00,0.000000e+00,0.0000,0.0000,0
62,features.15,342,pruned_before,nan,0.000000e+00,0.000000e+00,0.0000,0.0000,0
62,features.15,343,pruned_before,nan,0.000000e+00,0.000000e+00,0.0000,0.0000,0
62,features.15,344,pruned_before,nan,0.000000e+00,0.000000e+00,0.0000,0.0000,0
62,features.15,345,pruned_before,nan,0.000000e+00,0.000000e+00,0.0000,0.0000,0
62,features.15,346,pruned_before,nan,0.000000e+00,0.000000e+00,0.0000,0.0000,0
62,features.15,347,pruned_before,nan,0.000000e+00,0.000000e+00,0.0000,0.0000,0
62,features.15,348,active,0.006329,1.027521e-07,1.266244e-05,0.1646,0.1772,329
62,features.15,349,pruned_before,nan,0.000000e+00,0.000000e+00,0.0000,0.0000,0
62,features.15,350,pruned_before,nan,0.000000e+00,0.000000e+00,0.0000,0.0000,0
62,features.15,351,pruned_before,nan,0.000000e+00,0.000000e+00,0.0000,0.0000,0
62,features.15,352,pruned_before,nan,0.000000e+00,0.000000e+00,0.0000,0.0000,0
62,features.15,353,active,-0.012658,1.775191e-06,4.540003e-04,0.9241,0.8987,329
62,features.15,354,pruned_before,nan,0.000000e+00,0.000000e+00,0.0000,0.0000,0
62,features.15,355,pruned_before,nan,0.000000e+00,0.000000e+00,0.0000,0.0000,0
62,features.15,356,pruned_before,nan,0.000000e+00,0.000000e+00,0.0000,0.0000,0
62,features.15,357,pruned_before,nan,0.000000e+00,0.000000e+00,0.0000,0.0000,0
62,features.15,358,pruned_before,nan,0.000000e+00,0.000000e+00,0.0000,0.0000,0
62,features.15,359,pruned_before,nan,0.000000e+00,0.000000e+00,0.0000,0.0000,0
62,features.15,360,pruned_before,nan,0.000000e+00,0.000000e+00,0.0000,0.0000,0
62,features.15,361,pruned_before,nan,0.000000e+00,0.000000e+00,0.0000,0.0000,0
62,features.15,362,pruned_before,nan,0.000000e+00,0.000000e+00,0.0000,0.0000,0
62,features.15,363,pruned_before,nan,0.000000e+00,0.000000e+00,0.0000,0.0000,0
62,features.15,364,pruned_before,nan,0.000000e+00,0.000000e+00,0.0000,0.0000,0
62,features.15,365,pruned_before,nan,0.000000e+00,0.000000e+00,0.0000,0.0000,0
62,features.15,366,pruned_before,nan,0.000000e+00,0.000000e+00,0.0000,0.0000,0
62,features.15,367,pruned_before,nan,0.000000e+00,0.000000e+00,0.0000,0.0000,0
62,features.15,368,active,0.044304,1.152080e-06,5.497648e-04,0.8354,0.9241,329
62,features.15,369,pruned_before,nan,0.000000e+00,0.000000e+00,0.0000,0.0000,0
62,features.15,370,pruned_before,nan,0.000000e+00,0.000000e+00,0.0000,0.0000,0
62,features.15,371,pruned_before,nan,0.000000e+00,0.000000e+00,0.0000,0.0000,0
62,features.15,372,pruned_before,nan,0.000000e+00,0.000000e+00,0.0000,0.0000,0
62,features.15,373,pruned_before,nan,0.000000e+00,0.000000e+00,0.0000,0.0000,0
62,features.15,374,pruned_before,nan,0.000000e+00,0.000000e+00,0.0000,0.0000,0
62,features.15,375,pruned_before,nan,0.000000e+00,0.000000e+00,0.0000,0.0000,0
62,features.15,376,pruned_before,nan,0.000000e+00,0.000000e+00,0.0000,0.0000,0
62,features.15,377,pruned_before,nan,0.000000e+00,0.000000e+00,0.0000,0.0000,0
62,features.15,378,pruned_before,nan,0.000000e+00,0.000000e+00,0.0000,0.0000,0
62,features.15,379,pruned_before,nan,0.000000e+00,0.000000e+00,0.0000,0.0000,0
62,features.15,380,pruned_before,nan,0.000000e+00,0.000000e+00,0.0000,0.0000,0
62,features.15,381,pruned_before,nan,0.000000e+00,0.000000e+00,0.0000,0.0000,0
62,features.15,382,pruned_before,nan,0.000000e+00,0.000000e+00,0.0000,0.0000,0
62,features.15,383,pruned_before,nan,0.000000e+00,0.000000e+00,0.0000,0.0000,0
62,features.15,384,pruned_before,nan,0.000000e+00,0.000000e+00,0.0000,0.0000,0
62,features.15,385,pruned_before,nan,0.000000e+00,0.000000e+00,0.0000,0.0000,0
62,features.15,386,active,-0.044304,1.129754e-07,3.502678e-06,0.2025,0.1139,329
62,features.15,387,pruned_before,nan,0.000000e+00,0.000000e+00,0.0000,0.0000,0
62,features.15,388,pruned_before,nan,0.000000e+00,0.000000e+00,0.0000,0.0000,0
62,features.15,389,pruned_before,nan,0.000000e+00,0.000000e+00,0.0000,0.0000,0
62,features.15,390,pruned_before,nan,0.000000e+00,0.000000e+00,0.0000,0.0000,0
62,features.15,391,pruned_before,nan,0.000000e+00,0.000000e+00,0.0000,0.0000,0
62,features.15,392,pruned_before,nan,0.000000e+00,0.000000e+00,0.0000,0.0000,0
62,features.15,393,pruned_before,nan,0.000000e+00,0.000000e+00,0.0000,0.0000,0
62,features.15,394,pruned_before,nan,0.000000e+00,0.000000e+00,0.0000,0.0000,0
62,features.15,395,pruned_before,nan,0.000000e+00,0.000000e+00,0.0000,0.0000,0
62,features.15,396,pruned_before,nan,0.000000e+00,0.000000e+00,0.0000,0.0000,0
62,features.15,397,active,-0.151899,2.575843e-07,1.029263e-05,0.4430,0.1392,329
62,features.15,398,pruned_before,nan,0.000000e+00,0.000000e+00,0.0000,0.0000,0
62,features.15,399,pruned_before,nan,0.000000e+00,0.000000e+00,0.0000,0.0000,0
62,features.15,400,pruned_before,nan,0.000000e+00,0.000000e+00,0.0000,0.0000,0
62,features.15,401,pruned_before,nan,0.000000e+00,0.000000e+00,0.0000,0.0000,0
62,features.15,402,pruned_before,nan,0.000000e+00,0.000000e+00,0.0000,0.0000,0
62,features.15,403,pruned_before,nan,0.000000e+00,0.000000e+00,0.0000,0.0000,0
62,features.15,404,pruned_before,nan,0.000000e+00,0.000000e+00,0.0000,0.0000,0
62,features.15,405,pruned_before,nan,0.000000e+00,0.000000e+00,0.0000,0.0000,0
62,features.15,406,pruned_before,nan,0.000000e+00,0.000000e+00,0.0000,0.0000,0
62,features.15,407,pruned_before,nan,0.000000e+00,0.000000e+00,0.0000,0.0000,0
62,features.15,408,pruned_before,nan,0.000000e+00,0.000000e+00,0.0000,0.0000,0
62,features.15,409,pruned_before,nan,0.000000e+00,0.000000e+00,0.0000,0.0000,0
62,features.15,410,pruned_before,nan,0.000000e+00,0.000000e+00,0.0000,0.0000,0
62,features.15,411,pruned_before,nan,0.000000e+00,0.000000e+00,0.0000,0.0000,0
62,features.15,412,pruned_before,nan,0.000000e+00,0.000000e+00,0.0000,0.0000,0
62,features.15,413,pruned_before,nan,0.000000e+00,0.000000e+00,0.0000,0.0000,0
62,features.15,414,pruned_before,nan,0.000000e+00,0.000000e+00,0.0000,0.0000,0
62,features.15,415,pruned_before,nan,0.000000e+00,0.000000e+00,0.0000,0.0000,0
62,features.15,416,pruned_before,nan,0.000000e+00,0.000000e+00,0.0000,0.0000,0
62,features.15,417,active,-0.031646,2.077328e-06,4.237907e-04,0.9494,0.8861,329
62,features.15,418,active,-0.056962,2.061065e-07,1.933331e-05,0.3797,0.2658,329
62,features.15,419,pruned_before,nan,0.000000e+00,0.000000e+00,0.0000,0.0000,0
62,features.15,420,pruned_before,nan,0.000000e+00,0.000000e+00,0.0000,0.0000,0
62,features.15,421,pruned_before,nan,0.000000e+00,0.000000e+00,0.0000,0.0000,0
62,features.15,422,pruned_before,nan,0.000000e+00,0.000000e+00,0.0000,0.0000,0
62,features.15,423,pruned_before,nan,0.000000e+00,0.000000e+00,0.0000,0.0000,0
62,features.15,424,pruned_before,nan,0.000000e+00,0.000000e+00,0.0000,0.0000,0
62,features.15,425,active,-0.075949,2.604056e-07,2.453379e-05,0.4557,0.3038,329
62,features.15,426,pruned_before,nan,0.000000e+00,0.000000e+00,0.0000,0.0000,0
62,features.15,427,pruned_before,nan,0.000000e+00,0.000000e+00,0.0000,0.0000,0
62,features.15,428,active,-0.158228,4.782221e-07,2.894152e-05,0.6456,0.3291,329
62,features.15,429,pruned_before,nan,0.000000e+00,0.000000e+00,0.0000,0.0000,0
62,features.15,430,pruned_before,nan,0.000000e+00,0.000000e+00,0.0000,0.0000,0
62,features.15,431,pruned_before,nan,0.000000e+00,0.000000e+00,0.0000,0.0000,0
62,features.15,432,pruned_before,nan,0.000000e+00,0.000000e+00,0.0000,0.0000,0
62,features.15,433,pruned_before,nan,0.000000e+00,0.000000e+00,0.0000,0.0000,0
62,features.15,434,pruned_before,nan,0.000000e+00,0.000000e+00,0.0000,0.0000,0
62,features.15,435,pruned_before,nan,0.000000e+00,0.000000e+00,0.0000,0.0000,0
62,features.15,436,pruned_before,nan,0.000000e+00,0.000000e+00,0.0000,0.0000,0
62,features.15,437,pruned_before,nan,0.000000e+00,0.000000e+00,0.0000,0.0000,0
62,features.15,438,pruned_before,nan,0.000000e+00,0.000000e+00,0.0000,0.0000,0
62,features.15,439,pruned_before,nan,0.000000e+00,0.000000e+00,0.0000,0.0000,0
62,features.15,440,pruned_before,nan,0.000000e+00,0.000000e+00,0.0000,0.0000,0
62,features.15,441,pruned_before,nan,0.000000e+00,0.000000e+00,0.0000,0.0000,0
62,features.15,442,pruned_before,nan,0.000000e+00,0.000000e+00,0.0000,0.0000,0
62,features.15,443,pruned_before,nan,0.000000e+00,0.000000e+00,0.0000,0.0000,0
62,features.15,444,active,-0.132911,2.058067e-07,3.214889e-06,0.3671,0.1013,329
62,features.15,445,pruned_before,nan,0.000000e+00,0.000000e+00,0.0000,0.0000,0
62,features.15,446,pruned_before,nan,0.000000e+00,0.000000e+00,0.0000,0.0000,0
62,features.15,447,pruned_before,nan,0.000000e+00,0.000000e+00,0.0000,0.0000,0
62,features.15,448,pruned_before,nan,0.000000e+00,0.000000e+00,0.0000,0.0000,0
62,features.15,449,active,0.056962,6.786149e-08,1.420744e-05,0.0886,0.2025,329
62,features.15,450,pruned_before,nan,0.000000e+00,0.000000e+00,0.0000,0.0000,0
62,features.15,451,pruned_before,nan,0.000000e+00,0.000000e+00,0.0000,0.0000,0
62,features.15,452,pruned_before,nan,0.000000e+00,0.000000e+00,0.0000,0.0000,0
62,features.15,453,pruned_before,nan,0.000000e+00,0.000000e+00,0.0000,0.0000,0
62,features.15,454,pruned_before,nan,0.000000e+00,0.000000e+00,0.0000,0.0000,0
62,features.15,455,pruned_before,nan,0.000000e+00,0.000000e+00,0.0000,0.0000,0
62,features.15,456,pruned_before,nan,0.000000e+00,0.000000e+00,0.0000,0.0000,0
62,features.15,457,pruned_before,nan,0.000000e+00,0.000000e+00,0.0000,0.0000,0
62,features.15,458,pruned_before,nan,0.000000e+00,0.000000e+00,0.0000,0.0000,0
62,features.15,459,pruned_before,nan,0.000000e+00,0.000000e+00,0.0000,0.0000,0
62,features.15,460,pruned_before,nan,0.000000e+00,0.000000e+00,0.0000,0.0000,0
62,features.15,461,pruned_before,nan,0.000000e+00,0.000000e+00,0.0000,0.0000,0
62,features.15,462,pruned_before,nan,0.000000e+00,0.000000e+00,0.0000,0.0000,0
62,features.15,463,pruned_before,nan,0.000000e+00,0.000000e+00,0.0000,0.0000,0
62,features.15,464,pruned_before,nan,0.000000e+00,0.000000e+00,0.0000,0.0000,0
62,features.15,465,active,0.151899,7.735865e-08,3.754456e-05,0.1266,0.4304,329
62,features.15,466,pruned_before,nan,0.000000e+00,0.000000e+00,0.0000,0.0000,0
62,features.15,467,pruned_before,nan,0.000000e+00,0.000000e+00,0.0000,0.0000,0
62,features.15,468,pruned_before,nan,0.000000e+00,0.000000e+00,0.0000,0.0000,0
62,features.15,469,pruned_before,nan,0.000000e+00,0.000000e+00,0.0000,0.0000,0
62,features.15,470,pruned_before,nan,0.000000e+00,0.000000e+00,0.0000,0.0000,0
62,features.15,471,pruned_before,nan,0.000000e+00,0.000000e+00,0.0000,0.0000,0
62,features.15,472,pruned_before,nan,0.000000e+00,0.000000e+00,0.0000,0.0000,0
62,features.15,473,pruned_before,nan,0.000000e+00,0.000000e+00,0.0000,0.0000,0
62,features.15,474,pruned_before,nan,0.000000e+00,0.000000e+00,0.0000,0.0000,0
62,features.15,475,pruned_before,nan,0.000000e+00,0.000000e+00,0.0000,0.0000,0
62,features.15,476,pruned_before,nan,0.000000e+00,0.000000e+00,0.0000,0.0000,0
62,features.15,477,pruned_before,nan,0.000000e+00,0.000000e+00,0.0000,0.0000,0
62,features.15,478,pruned_before,nan,0.000000e+00,0.000000e+00,0.0000,0.0000,0
62,features.15,479,pruned_before,nan,0.000000e+00,0.000000e+00,0.0000,0.0000,0
62,features.15,480,pruned_before,nan,0.000000e+00,0.000000e+00,0.0000,0.0000,0
62,features.15,481,pruned_before,nan,0.000000e+00,0.000000e+00,0.0000,0.0000,0
62,features.15,482,pruned_before,nan,0.000000e+00,0.000000e+00,0.0000,0.0000,0
62,features.15,483,pruned_before,nan,0.000000e+00,0.000000e+00,0.0000,0.0000,0
62,features.15,484,active,-0.107595,1.722265e-07,9.542799e-06,0.3418,0.1266,329
62,features.15,485,pruned_before,nan,0.000000e+00,0.000000e+00,0.0000,0.0000,0
62,features.15,486,pruned_before,nan,0.000000e+00,0.000000e+00,0.0000,0.0000,0
62,features.15,487,pruned_before,nan,0.000000e+00,0.000000e+00,0.0000,0.0000,0
62,features.15,488,pruned_before,nan,0.000000e+00,0.000000e+00,0.0000,0.0000,0
62,features.15,489,pruned_before,nan,0.000000e+00,0.000000e+00,0.0000,0.0000,0
62,features.15,490,pruned_before,nan,0.000000e+00,0.000000e+00,0.0000,0.0000,0
62,features.15,491,pruned_before,nan,0.000000e+00,0.000000e+00,0.0000,0.0000,0
62,features.15,492,pruned_before,nan,0.000000e+00,0.000000e+00,0.0000,0.0000,0
62,features.15,493,pruned_before,nan,0.000000e+00,0.000000e+00,0.0000,0.0000,0
62,features.15,494,pruned_before,nan,0.000000e+00,0.000000e+00,0.0000,0.0000,0
62,features.15,495,pruned_before,nan,0.000000e+00,0.000000e+00,0.0000,0.0000,0
62,features.15,496,pruned_before,nan,0.000000e+00,0.000000e+00,0.0000,0.0000,0
62,features.15,497,pruned_before,nan,0.000000e+00,0.000000e+00,0.0000,0.0000,0
62,features.15,498,pruned_before,nan,0.000000e+00,0.000000e+00,0.0000,0.0000,0
62,features.15,499,pruned_before,nan,0.000000e+00,0.000000e+00,0.0000,0.0000,0
62,features.15,500,pruned_before,nan,0.000000e+00,0.000000e+00,0.0000,0.0000,0
62,features.15,501,pruned_before,nan,0.000000e+00,0.000000e+00,0.0000,0.0000,0
62,features.15,502,pruned_before,nan,0.000000e+00,0.000000e+00,0.0000,0.0000,0
62,features.15,503,pruned_before,nan,0.000000e+00,0.000000e+00,0.0000,0.0000,0
62,features.15,504,pruned_before,nan,0.000000e+00,0.000000e+00,0.0000,0.0000,0
62,features.15,505,pruned_before,nan,0.000000e+00,0.000000e+00,0.0000,0.0000,0
62,features.15,506,pruned_before,nan,0.000000e+00,0.000000e+00,0.0000,0.0000,0
62,features.15,507,pruned_before,nan,0.000000e+00,0.000000e+00,0.0000,0.0000,0
62,features.15,508,pruned_before,nan,0.000000e+00,0.000000e+00,0.0000,0.0000,0
62,features.15,509,pruned_before,nan,0.000000e+00,0.000000e+00,0.0000,0.0000,0
62,features.15,510,pruned_before,nan,0.000000e+00,0.000000e+00,0.0000,0.0000,0
62,features.15,511,pruned_before,nan,0.000000e+00,0.000000e+00,0.0000,0.0000,0
62,features.15,512,active,0.202532,2.671053e-08,3.272112e-05,0.0127,0.4177,329
62,features.15,513,pruned_before,nan,0.000000e+00,0.000000e+00,0.0000,0.0000,0
62,features.15,514,pruned_before,nan,0.000000e+00,0.000000e+00,0.0000,0.0000,0
62,features.15,515,pruned_before,nan,0.000000e+00,0.000000e+00,0.0000,0.0000,0
62,features.15,516,pruned_before,nan,0.000000e+00,0.000000e+00,0.0000,0.0000,0
62,features.15,517,pruned_before,nan,0.000000e+00,0.000000e+00,0.0000,0.0000,0
62,features.15,518,pruned_before,nan,0.000000e+00,0.000000e+00,0.0000,0.0000,0
62,features.15,519,pruned_before,nan,0.000000e+00,0.000000e+00,0.0000,0.0000,0
62,features.15,520,active,0.354430,1.435701e-07,9.069113e-04,0.2658,0.9747,329
62,features.15,521,pruned_before,nan,0.000000e+00,0.000000e+00,0.0000,0.0000,0
62,features.15,522,pruned_before,nan,0.000000e+00,0.000000e+00,0.0000,0.0000,0
62,features.15,523,pruned_before,nan,0.000000e+00,0.000000e+00,0.0000,0.0000,0
62,features.15,524,active,0.075949,1.421344e-07,3.255721e-05,0.2405,0.3924,329
62,features.15,525,pruned_before,nan,0.000000e+00,0.000000e+00,0.0000,0.0000,0
62,features.15,526,active,0.259494,5.326965e-08,6.602064e-05,0.0506,0.5696,329
62,features.15,527,pruned_before,nan,0.000000e+00,0.000000e+00,0.0000,0.0000,0
62,features.15,528,pruned_before,nan,0.000000e+00,0.000000e+00,0.0000,0.0000,0
62,features.15,529,pruned_before,nan,0.000000e+00,0.000000e+00,0.0000,0.0000,0
62,features.15,530,pruned_before,nan,0.000000e+00,0.000000e+00,0.0000,0.0000,0
62,features.15,531,pruned_before,nan,0.000000e+00,0.000000e+00,0.0000,0.0000,0
62,features.15,532,pruned_before,nan,0.000000e+00,0.000000e+00,0.0000,0.0000,0
62,features.15,533,pruned_before,nan,0.000000e+00,0.000000e+00,0.0000,0.0000,0
62,features.15,534,pruned_before,nan,0.000000e+00,0.000000e+00,0.0000,0.0000,0
62,features.15,535,pruned_before,nan,0.000000e+00,0.000000e+00,0.0000,0.0000,0
62,features.15,536,pruned_before,nan,0.000000e+00,0.000000e+00,0.0000,0.0000,0
62,features.15,537,pruned_before,nan,0.000000e+00,0.000000e+00,0.0000,0.0000,0
62,features.15,538,pruned_before,nan,0.000000e+00,0.000000e+00,0.0000,0.0000,0
62,features.15,539,pruned_before,nan,0.000000e+00,0.000000e+00,0.0000,0.0000,0
62,features.15,540,pruned_before,nan,0.000000e+00,0.000000e+00,0.0000,0.0000,0
62,features.15,541,pruned_before,nan,0.000000e+00,0.000000e+00,0.0000,0.0000,0
62,features.15,542,pruned_before,nan,0.000000e+00,0.000000e+00,0.0000,0.0000,0
62,features.15,543,pruned_before,nan,0.000000e+00,0.000000e+00,0.0000,0.0000,0
62,features.15,544,pruned_before,nan,0.000000e+00,0.000000e+00,0.0000,0.0000,0
62,features.15,545,pruned_before,nan,0.000000e+00,0.000000e+00,0.0000,0.0000,0
62,features.15,546,pruned_before,nan,0.000000e+00,0.000000e+00,0.0000,0.0000,0
62,features.15,547,pruned_before,nan,0.000000e+00,0.000000e+00,0.0000,0.0000,0
62,features.15,548,pruned_before,nan,0.000000e+00,0.000000e+00,0.0000,0.0000,0
62,features.15,549,pruned_before,nan,0.000000e+00,0.000000e+00,0.0000,0.0000,0
62,features.15,550,pruned_before,nan,0.000000e+00,0.000000e+00,0.0000,0.0000,0
62,features.15,551,pruned_before,nan,0.000000e+00,0.000000e+00,0.0000,0.0000,0
62,features.15,552,pruned_before,nan,0.000000e+00,0.000000e+00,0.0000,0.0000,0
62,features.15,553,pruned_before,nan,0.000000e+00,0.000000e+00,0.0000,0.0000,0
62,features.15,554,pruned_before,nan,0.000000e+00,0.000000e+00,0.0000,0.0000,0
62,features.15,555,pruned_before,nan,0.000000e+00,0.000000e+00,0.0000,0.0000,0
62,features.15,556,pruned_before,nan,0.000000e+00,0.000000e+00,0.0000,0.0000,0
62,features.15,557,active,0.094937,5.094164e-08,1.488407e-05,0.0380,0.2278,329
62,features.15,558,pruned_before,nan,0.000000e+00,0.000000e+00,0.0000,0.0000,0
62,features.15,559,pruned_before,nan,0.000000e+00,0.000000e+00,0.0000,0.0000,0
62,features.15,560,pruned_before,nan,0.000000e+00,0.000000e+00,0.0000,0.0000,0
62,features.15,561,pruned_before,nan,0.000000e+00,0.000000e+00,0.0000,0.0000,0
62,features.15,562,pruned_before,nan,0.000000e+00,0.000000e+00,0.0000,0.0000,0
62,features.15,563,pruned_before,nan,0.000000e+00,0.000000e+00,0.0000,0.0000,0
62,features.15,564,pruned_before,nan,0.000000e+00,0.000000e+00,0.0000,0.0000,0
62,features.15,565,pruned_before,nan,0.000000e+00,0.000000e+00,0.0000,0.0000,0
62,features.15,566,pruned_before,nan,0.000000e+00,0.000000e+00,0.0000,0.0000,0
62,features.15,567,pruned_before,nan,0.000000e+00,0.000000e+00,0.0000,0.0000,0
62,features.15,568,pruned_before,nan,0.000000e+00,0.000000e+00,0.0000,0.0000,0
62,features.15,569,pruned_before,nan,0.000000e+00,0.000000e+00,0.0000,0.0000,0
62,features.15,570,pruned_before,nan,0.000000e+00,0.000000e+00,0.0000,0.0000,0
62,features.15,571,pruned_before,nan,0.000000e+00,0.000000e+00,0.0000,0.0000,0
62,features.15,572,pruned_before,nan,0.000000e+00,0.000000e+00,0.0000,0.0000,0
62,features.15,573,pruned_before,nan,0.000000e+00,0.000000e+00,0.0000,0.0000,0
62,features.15,574,pruned_before,nan,0.000000e+00,0.000000e+00,0.0000,0.0000,0
62,features.15,575,pruned_before,nan,0.000000e+00,0.000000e+00,0.0000,0.0000,0
62,features.15,576,pruned_before,nan,0.000000e+00,0.000000e+00,0.0000,0.0000,0
62,features.15,577,pruned_before,nan,0.000000e+00,0.000000e+00,0.0000,0.0000,0
62,features.15,578,pruned_before,nan,0.000000e+00,0.000000e+00,0.0000,0.0000,0
62,features.15,579,pruned_before,nan,0.000000e+00,0.000000e+00,0.0000,0.0000,0
62,features.15,580,pruned_before,nan,0.000000e+00,0.000000e+00,0.0000,0.0000,0
62,features.15,581,pruned_before,nan,0.000000e+00,0.000000e+00,0.0000,0.0000,0
62,features.15,582,pruned_before,nan,0.000000e+00,0.000000e+00,0.0000,0.0000,0
62,features.15,583,pruned_before,nan,0.000000e+00,0.000000e+00,0.0000,0.0000,0
62,features.15,584,pruned_before,nan,0.000000e+00,0.000000e+00,0.0000,0.0000,0
62,features.15,585,pruned_before,nan,0.000000e+00,0.000000e+00,0.0000,0.0000,0
62,features.15,586,pruned_before,nan,0.000000e+00,0.000000e+00,0.0000,0.0000,0
62,features.15,587,pruned_before,nan,0.000000e+00,0.000000e+00,0.0000,0.0000,0
62,features.15,588,pruned_before,nan,0.000000e+00,0.000000e+00,0.0000,0.0000,0
62,features.15,589,pruned_before,nan,0.000000e+00,0.000000e+00,0.0000,0.0000,0
62,features.15,590,pruned_before,nan,0.000000e+00,0.000000e+00,0.0000,0.0000,0
62,features.15,591,pruned_before,nan,0.000000e+00,0.000000e+00,0.0000,0.0000,0
62,features.15,592,pruned_before,nan,0.000000e+00,0.000000e+00,0.0000,0.0000,0
62,features.15,593,pruned_before,nan,0.000000e+00,0.000000e+00,0.0000,0.0000,0
62,features.15,594,pruned_before,nan,0.000000e+00,0.000000e+00,0.0000,0.0000,0
62,features.15,595,pruned_before,nan,0.000000e+00,0.000000e+00,0.0000,0.0000,0
62,features.15,596,pruned_before,nan,0.000000e+00,0.000000e+00,0.0000,0.0000,0
62,features.15,597,pruned_before,nan,0.000000e+00,0.000000e+00,0.0000,0.0000,0
62,features.15,598,pruned_before,nan,0.000000e+00,0.000000e+00,0.0000,0.0000,0
62,features.15,599,pruned_before,nan,0.000000e+00,0.000000e+00,0.0000,0.0000,0
62,features.15,600,pruned_before,nan,0.000000e+00,0.000000e+00,0.0000,0.0000,0
62,features.15,601,pruned_before,nan,0.000000e+00,0.000000e+00,0.0000,0.0000,0
62,features.15,602,pruned_before,nan,0.000000e+00,0.000000e+00,0.0000,0.0000,0
62,features.15,603,pruned_before,nan,0.000000e+00,0.000000e+00,0.0000,0.0000,0
62,features.15,604,active,0.310127,1.507360e-07,5.363401e-04,0.2911,0.9114,329
62,features.15,605,pruned_before,nan,0.000000e+00,0.000000e+00,0.0000,0.0000,0
62,features.15,606,pruned_before,nan,0.000000e+00,0.000000e+00,0.0000,0.0000,0
62,features.15,607,pruned_before,nan,0.000000e+00,0.000000e+00,0.0000,0.0000,0
62,features.15,608,pruned_before,nan,0.000000e+00,0.000000e+00,0.0000,0.0000,0
62,features.15,609,pruned_before,nan,0.000000e+00,0.000000e+00,0.0000,0.0000,0
62,features.15,610,active,0.000000,1.087544e-07,1.342464e-05,0.1899,0.1899,329
62,features.15,611,pruned_before,nan,0.000000e+00,0.000000e+00,0.0000,0.0000,0
62,features.15,612,pruned_before,nan,0.000000e+00,0.000000e+00,0.0000,0.0000,0
62,features.15,613,pruned_before,nan,0.000000e+00,0.000000e+00,0.0000,0.0000,0
62,features.15,614,pruned_before,nan,0.000000e+00,0.000000e+00,0.0000,0.0000,0
62,features.15,615,pruned_before,nan,0.000000e+00,0.000000e+00,0.0000,0.0000,0
62,features.15,616,pruned_before,nan,0.000000e+00,0.000000e+00,0.0000,0.0000,0
62,features.15,617,pruned_before,nan,0.000000e+00,0.000000e+00,0.0000,0.0000,0
62,features.15,618,pruned_before,nan,0.000000e+00,0.000000e+00,0.0000,0.0000,0
62,features.15,619,pruned_before,nan,0.000000e+00,0.000000e+00,0.0000,0.0000,0
62,features.15,620,pruned_before,nan,0.000000e+00,0.000000e+00,0.0000,0.0000,0
62,features.15,621,pruned_before,nan,0.000000e+00,0.000000e+00,0.0000,0.0000,0
62,features.15,622,pruned_before,nan,0.000000e+00,0.000000e+00,0.0000,0.0000,0
62,features.15,623,pruned_before,nan,0.000000e+00,0.000000e+00,0.0000,0.0000,0
62,features.15,624,pruned_before,nan,0.000000e+00,0.000000e+00,0.0000,0.0000,0
62,features.15,625,pruned_before,nan,0.000000e+00,0.000000e+00,0.0000,0.0000,0
62,features.15,626,pruned_before,nan,0.000000e+00,0.000000e+00,0.0000,0.0000,0
62,features.15,627,pruned_before,nan,0.000000e+00,0.000000e+00,0.0000,0.0000,0
62,features.15,628,pruned_before,nan,0.000000e+00,0.000000e+00,0.0000,0.0000,0
62,features.15,629,pruned_before,nan,0.000000e+00,0.000000e+00,0.0000,0.0000,0
62,features.15,630,pruned_before,nan,0.000000e+00,0.000000e+00,0.0000,0.0000,0
62,features.15,631,pruned_before,nan,0.000000e+00,0.000000e+00,0.0000,0.0000,0
62,features.15,632,pruned_before,nan,0.000000e+00,0.000000e+00,0.0000,0.0000,0
62,features.15,633,pruned_before,nan,0.000000e+00,0.000000e+00,0.0000,0.0000,0
62,features.15,634,pruned_before,nan,0.000000e+00,0.000000e+00,0.0000,0.0000,0
62,features.15,635,active,-0.012658,1.578032e-07,2.355149e-05,0.3165,0.2911,329
62,features.15,636,pruned_before,nan,0.000000e+00,0.000000e+00,0.0000,0.0000,0
62,features.15,637,pruned_before,nan,0.000000e+00,0.000000e+00,0.0000,0.0000,0
62,features.15,638,pruned_before,nan,0.000000e+00,0.000000e+00,0.0000,0.0000,0
62,features.15,639,pruned_before,nan,0.000000e+00,0.000000e+00,0.0000,0.0000,0
62,features.15,640,active,-0.006329,1.591471e-07,2.767414e-05,0.3291,0.3165,329
62,features.15,641,pruned_before,nan,0.000000e+00,0.000000e+00,0.0000,0.0000,0
62,features.15,642,pruned_before,nan,0.000000e+00,0.000000e+00,0.0000,0.0000,0
62,features.15,643,pruned_before,nan,0.000000e+00,0.000000e+00,0.0000,0.0000,0
62,features.15,644,pruned_before,nan,0.000000e+00,0.000000e+00,0.0000,0.0000,0
62,features.15,645,pruned_before,nan,0.000000e+00,0.000000e+00,0.0000,0.0000,0
62,features.15,646,pruned_before,nan,0.000000e+00,0.000000e+00,0.0000,0.0000,0
62,features.15,647,pruned_before,nan,0.000000e+00,0.000000e+00,0.0000,0.0000,0
62,features.15,648,pruned_before,nan,0.000000e+00,0.000000e+00,0.0000,0.0000,0
62,features.15,649,pruned_before,nan,0.000000e+00,0.000000e+00,0.0000,0.0000,0
62,features.15,650,pruned_before,nan,0.000000e+00,0.000000e+00,0.0000,0.0000,0
62,features.15,651,active,0.050633,4.322722e-07,1.242531e-04,0.5949,0.6962,329
62,features.15,652,pruned_before,nan,0.000000e+00,0.000000e+00,0.0000,0.0000,0
62,features.15,653,pruned_before,nan,0.000000e+00,0.000000e+00,0.0000,0.0000,0
62,features.15,654,pruned_before,nan,0.000000e+00,0.000000e+00,0.0000,0.0000,0
62,features.15,655,pruned_before,nan,0.000000e+00,0.000000e+00,0.0000,0.0000,0
62,features.15,656,pruned_before,nan,0.000000e+00,0.000000e+00,0.0000,0.0000,0
62,features.15,657,pruned_before,nan,0.000000e+00,0.000000e+00,0.0000,0.0000,0
62,features.15,658,active,0.037975,3.761775e-07,8.677103e-05,0.5443,0.6203,329
62,features.15,659,pruned_before,nan,0.000000e+00,0.000000e+00,0.0000,0.0000,0
62,features.15,660,pruned_before,nan,0.000000e+00,0.000000e+00,0.0000,0.0000,0
62,features.15,661,pruned_before,nan,0.000000e+00,0.000000e+00,0.0000,0.0000,0
62,features.15,662,pruned_before,nan,0.000000e+00,0.000000e+00,0.0000,0.0000,0
62,features.15,663,pruned_before,nan,0.000000e+00,0.000000e+00,0.0000,0.0000,0
62,features.15,664,pruned_before,nan,0.000000e+00,0.000000e+00,0.0000,0.0000,0
62,features.15,665,pruned_before,nan,0.000000e+00,0.000000e+00,0.0000,0.0000,0
62,features.15,666,pruned_before,nan,0.000000e+00,0.000000e+00,0.0000,0.0000,0
62,features.15,667,active,-0.120253,2.163632e-07,1.158813e-05,0.3924,0.1519,329
62,features.15,668,pruned_before,nan,0.000000e+00,0.000000e+00,0.0000,0.0000,0
62,features.15,669,pruned_before,nan,0.000000e+00,0.000000e+00,0.0000,0.0000,0
62,features.15,670,pruned_before,nan,0.000000e+00,0.000000e+00,0.0000,0.0000,0
62,features.15,671,pruned_before,nan,0.000000e+00,0.000000e+00,0.0000,0.0000,0
62,features.15,672,pruned_before,nan,0.000000e+00,0.000000e+00,0.0000,0.0000,0
62,features.15,673,pruned_now,-0.253165,5.745433e-07,1.882336e-05,0.7595,0.2532,329
62,features.15,674,pruned_before,nan,0.000000e+00,0.000000e+00,0.0000,0.0000,0
62,features.15,675,pruned_before,nan,0.000000e+00,0.000000e+00,0.0000,0.0000,0
62,features.15,676,pruned_before,nan,0.000000e+00,0.000000e+00,0.0000,0.0000,0
62,features.15,677,pruned_before,nan,0.000000e+00,0.000000e+00,0.0000,0.0000,0
62,features.15,678,pruned_before,nan,0.000000e+00,0.000000e+00,0.0000,0.0000,0
62,features.15,679,pruned_before,nan,0.000000e+00,0.000000e+00,0.0000,0.0000,0
62,features.15,680,pruned_before,nan,0.000000e+00,0.000000e+00,0.0000,0.0000,0
62,features.15,681,active,-0.132911,2.337912e-07,1.179717e-05,0.4304,0.1646,329
62,features.15,682,pruned_before,nan,0.000000e+00,0.000000e+00,0.0000,0.0000,0
62,features.15,683,pruned_before,nan,0.000000e+00,0.000000e+00,0.0000,0.0000,0
62,features.15,684,pruned_before,nan,0.000000e+00,0.000000e+00,0.0000,0.0000,0
62,features.15,685,pruned_before,nan,0.000000e+00,0.000000e+00,0.0000,0.0000,0
62,features.15,686,pruned_before,nan,0.000000e+00,0.000000e+00,0.0000,0.0000,0
62,features.15,687,pruned_before,nan,0.000000e+00,0.000000e+00,0.0000,0.0000,0
62,features.15,688,pruned_before,nan,0.000000e+00,0.000000e+00,0.0000,0.0000,0
62,features.15,689,pruned_before,nan,0.000000e+00,0.000000e+00,0.0000,0.0000,0
62,features.15,690,pruned_before,nan,0.000000e+00,0.000000e+00,0.0000,0.0000,0
62,features.15,691,active,0.025316,1.017531e-08,1.662530e-06,0.0000,0.0506,329
62,features.15,692,pruned_before,nan,0.000000e+00,0.000000e+00,0.0000,0.0000,0
62,features.15,693,pruned_before,nan,0.000000e+00,0.000000e+00,0.0000,0.0000,0
62,features.15,694,pruned_before,nan,0.000000e+00,0.000000e+00,0.0000,0.0000,0
62,features.15,695,pruned_before,nan,0.000000e+00,0.000000e+00,0.0000,0.0000,0
62,features.15,696,active,0.088608,1.480123e-07,4.462907e-05,0.2785,0.4557,329
62,features.15,697,pruned_before,nan,0.000000e+00,0.000000e+00,0.0000,0.0000,0
62,features.15,698,pruned_before,nan,0.000000e+00,0.000000e+00,0.0000,0.0000,0
62,features.15,699,pruned_before,nan,0.000000e+00,0.000000e+00,0.0000,0.0000,0
62,features.15,700,pruned_now,-0.202532,5.771612e-07,3.178514e-05,0.7722,0.3671,329
62,features.15,701,pruned_before,nan,0.000000e+00,0.000000e+00,0.0000,0.0000,0
62,features.15,702,pruned_before,nan,0.000000e+00,0.000000e+00,0.0000,0.0000,0
62,features.15,703,pruned_before,nan,0.000000e+00,0.000000e+00,0.0000,0.0000,0
62,features.15,704,pruned_before,nan,0.000000e+00,0.000000e+00,0.0000,0.0000,0
62,features.15,705,pruned_before,nan,0.000000e+00,0.000000e+00,0.0000,0.0000,0
62,features.15,706,pruned_before,nan,0.000000e+00,0.000000e+00,0.0000,0.0000,0
62,features.15,707,pruned_before,nan,0.000000e+00,0.000000e+00,0.0000,0.0000,0
62,features.15,708,pruned_before,nan,0.000000e+00,0.000000e+00,0.0000,0.0000,0
62,features.15,709,pruned_before,nan,0.000000e+00,0.000000e+00,0.0000,0.0000,0
62,features.15,710,pruned_before,nan,0.000000e+00,0.000000e+00,0.0000,0.0000,0
62,features.15,711,pruned_before,nan,0.000000e+00,0.000000e+00,0.0000,0.0000,0
62,features.15,712,active,0.196203,1.201449e-07,8.344954e-05,0.2152,0.6076,329
62,features.15,713,pruned_before,nan,0.000000e+00,0.000000e+00,0.0000,0.0000,0
62,features.15,714,pruned_before,nan,0.000000e+00,0.000000e+00,0.0000,0.0000,0
62,features.15,715,pruned_before,nan,0.000000e+00,0.000000e+00,0.0000,0.0000,0
62,features.15,716,pruned_before,nan,0.000000e+00,0.000000e+00,0.0000,0.0000,0
62,features.15,717,pruned_before,nan,0.000000e+00,0.000000e+00,0.0000,0.0000,0
62,features.15,718,pruned_before,nan,0.000000e+00,0.000000e+00,0.0000,0.0000,0
62,features.15,719,pruned_before,nan,0.000000e+00,0.000000e+00,0.0000,0.0000,0
62,features.15,720,pruned_before,nan,0.000000e+00,0.000000e+00,0.0000,0.0000,0
62,features.15,721,pruned_before,nan,0.000000e+00,0.000000e+00,0.0000,0.0000,0
62,features.15,722,pruned_before,nan,0.000000e+00,0.000000e+00,0.0000,0.0000,0
62,features.15,723,pruned_before,nan,0.000000e+00,0.000000e+00,0.0000,0.0000,0
62,features.15,724,pruned_before,nan,0.000000e+00,0.000000e+00,0.0000,0.0000,0
62,features.15,725,pruned_before,nan,0.000000e+00,0.000000e+00,0.0000,0.0000,0
62,features.15,726,pruned_before,nan,0.000000e+00,0.000000e+00,0.0000,0.0000,0
62,features.15,727,pruned_before,nan,0.000000e+00,0.000000e+00,0.0000,0.0000,0
62,features.15,728,pruned_before,nan,0.000000e+00,0.000000e+00,0.0000,0.0000,0
62,features.15,729,pruned_before,nan,0.000000e+00,0.000000e+00,0.0000,0.0000,0
62,features.15,730,pruned_before,nan,0.000000e+00,0.000000e+00,0.0000,0.0000,0
62,features.15,731,pruned_before,nan,0.000000e+00,0.000000e+00,0.0000,0.0000,0
62,features.15,732,pruned_before,nan,0.000000e+00,0.000000e+00,0.0000,0.0000,0
62,features.15,733,pruned_before,nan,0.000000e+00,0.000000e+00,0.0000,0.0000,0
62,features.15,734,pruned_before,nan,0.000000e+00,0.000000e+00,0.0000,0.0000,0
62,features.15,735,pruned_before,nan,0.000000e+00,0.000000e+00,0.0000,0.0000,0
62,features.15,736,pruned_before,nan,0.000000e+00,0.000000e+00,0.0000,0.0000,0
62,features.15,737,pruned_before,nan,0.000000e+00,0.000000e+00,0.0000,0.0000,0
62,features.15,738,pruned_before,nan,0.000000e+00,0.000000e+00,0.0000,0.0000,0
62,features.15,739,active,-0.177215,1.559222e-06,6.367978e-05,0.8987,0.5443,329
62,features.15,740,pruned_before,nan,0.000000e+00,0.000000e+00,0.0000,0.0000,0
62,features.15,741,pruned_before,nan,0.000000e+00,0.000000e+00,0.0000,0.0000,0
62,features.15,742,pruned_before,nan,0.000000e+00,0.000000e+00,0.0000,0.0000,0
62,features.15,743,pruned_before,nan,0.000000e+00,0.000000e+00,0.0000,0.0000,0
62,features.15,744,pruned_before,nan,0.000000e+00,0.000000e+00,0.0000,0.0000,0
62,features.15,745,pruned_before,nan,0.000000e+00,0.000000e+00,0.0000,0.0000,0
62,features.15,746,pruned_before,nan,0.000000e+00,0.000000e+00,0.0000,0.0000,0
62,features.15,747,pruned_before,nan,0.000000e+00,0.000000e+00,0.0000,0.0000,0
62,features.15,748,pruned_before,nan,0.000000e+00,0.000000e+00,0.0000,0.0000,0
62,features.15,749,active,0.031646,1.056537e-07,1.601404e-05,0.1772,0.2405,329
62,features.15,750,pruned_before,nan,0.000000e+00,0.000000e+00,0.0000,0.0000,0
62,features.15,751,pruned_before,nan,0.000000e+00,0.000000e+00,0.0000,0.0000,0
62,features.15,752,pruned_before,nan,0.000000e+00,0.000000e+00,0.0000,0.0000,0
62,features.15,753,pruned_before,nan,0.000000e+00,0.000000e+00,0.0000,0.0000,0
62,features.15,754,pruned_before,nan,0.000000e+00,0.000000e+00,0.0000,0.0000,0
62,features.15,755,pruned_before,nan,0.000000e+00,0.000000e+00,0.0000,0.0000,0
62,features.15,756,pruned_before,nan,0.000000e+00,0.000000e+00,0.0000,0.0000,0
62,features.15,757,protected,0.006329,3.689992e-06,3.868484e-03,0.9873,1.0000,329
62,features.15,758,pruned_before,nan,0.000000e+00,0.000000e+00,0.0000,0.0000,0
62,features.15,759,pruned_before,nan,0.000000e+00,0.000000e+00,0.0000,0.0000,0
62,features.15,760,pruned_before,nan,0.000000e+00,0.000000e+00,0.0000,0.0000,0
62,features.15,761,pruned_before,nan,0.000000e+00,0.000000e+00,0.0000,0.0000,0
62,features.15,762,pruned_before,nan,0.000000e+00,0.000000e+00,0.0000,0.0000,0
62,features.15,763,active,-0.113924,5.984227e-07,6.383186e-05,0.7848,0.5570,329
62,features.15,764,pruned_before,nan,0.000000e+00,0.000000e+00,0.0000,0.0000,0
62,features.15,765,pruned_before,nan,0.000000e+00,0.000000e+00,0.0000,0.0000,0
62,features.15,766,pruned_before,nan,0.000000e+00,0.000000e+00,0.0000,0.0000,0
62,features.15,767,pruned_before,nan,0.000000e+00,0.000000e+00,0.0000,0.0000,0
62,features.15,768,pruned_before,nan,0.000000e+00,0.000000e+00,0.0000,0.0000,0
62,features.15,769,pruned_before,nan,0.000000e+00,0.000000e+00,0.0000,0.0000,0
62,features.15,770,pruned_before,nan,0.000000e+00,0.000000e+00,0.0000,0.0000,0
62,features.15,771,pruned_before,nan,0.000000e+00,0.000000e+00,0.0000,0.0000,0
62,features.15,772,pruned_before,nan,0.000000e+00,0.000000e+00,0.0000,0.0000,0
62,features.15,773,pruned_before,nan,0.000000e+00,0.000000e+00,0.0000,0.0000,0
62,features.15,774,pruned_before,nan,0.000000e+00,0.000000e+00,0.0000,0.0000,0
62,features.15,775,pruned_before,nan,0.000000e+00,0.000000e+00,0.0000,0.0000,0
62,features.15,776,pruned_before,nan,0.000000e+00,0.000000e+00,0.0000,0.0000,0
62,features.15,777,pruned_before,nan,0.000000e+00,0.000000e+00,0.0000,0.0000,0
62,features.15,778,pruned_now,-0.196203,1.507899e-06,5.170566e-05,0.8861,0.4937,329
62,features.15,779,pruned_before,nan,0.000000e+00,0.000000e+00,0.0000,0.0000,0
62,features.15,780,active,0.050633,1.433828e-07,2.988008e-05,0.2532,0.3544,329
62,features.15,781,pruned_before,nan,0.000000e+00,0.000000e+00,0.0000,0.0000,0
62,features.15,782,pruned_before,nan,0.000000e+00,0.000000e+00,0.0000,0.0000,0
62,features.15,783,pruned_before,nan,0.000000e+00,0.000000e+00,0.0000,0.0000,0
62,features.15,784,pruned_before,nan,0.000000e+00,0.000000e+00,0.0000,0.0000,0
62,features.15,785,pruned_before,nan,0.000000e+00,0.000000e+00,0.0000,0.0000,0
62,features.15,786,pruned_before,nan,0.000000e+00,0.000000e+00,0.0000,0.0000,0
62,features.15,787,pruned_before,nan,0.000000e+00,0.000000e+00,0.0000,0.0000,0
62,features.15,788,pruned_before,nan,0.000000e+00,0.000000e+00,0.0000,0.0000,0
62,features.15,789,pruned_before,nan,0.000000e+00,0.000000e+00,0.0000,0.0000,0
62,features.15,790,pruned_before,nan,0.000000e+00,0.000000e+00,0.0000,0.0000,0
62,features.15,791,active,-0.069620,1.918750e-07,1.458976e-05,0.3544,0.2152,329
62,features.15,792,pruned_before,nan,0.000000e+00,0.000000e+00,0.0000,0.0000,0
62,features.15,793,pruned_before,nan,0.000000e+00,0.000000e+00,0.0000,0.0000,0
62,features.15,794,pruned_before,nan,0.000000e+00,0.000000e+00,0.0000,0.0000,0
62,features.15,795,pruned_before,nan,0.000000e+00,0.000000e+00,0.0000,0.0000,0
62,features.15,796,pruned_before,nan,0.000000e+00,0.000000e+00,0.0000,0.0000,0
62,features.15,797,pruned_before,nan,0.000000e+00,0.000000e+00,0.0000,0.0000,0
62,features.15,798,pruned_before,nan,0.000000e+00,0.000000e+00,0.0000,0.0000,0
62,features.15,799,pruned_before,nan,0.000000e+00,0.000000e+00,0.0000,0.0000,0
62,features.15,800,pruned_before,nan,0.000000e+00,0.000000e+00,0.0000,0.0000,0
62,features.15,801,pruned_before,nan,0.000000e+00,0.000000e+00,0.0000,0.0000,0
62,features.15,802,pruned_before,nan,0.000000e+00,0.000000e+00,0.0000,0.0000,0
62,features.15,803,pruned_before,nan,0.000000e+00,0.000000e+00,0.0000,0.0000,0
62,features.15,804,pruned_before,nan,0.000000e+00,0.000000e+00,0.0000,0.0000,0
62,features.15,805,pruned_before,nan,0.000000e+00,0.000000e+00,0.0000,0.0000,0
62,features.15,806,active,-0.056962,4.436457e-07,5.244547e-05,0.6203,0.5063,329
62,features.15,807,pruned_before,nan,0.000000e+00,0.000000e+00,0.0000,0.0000,0
62,features.15,808,pruned_before,nan,0.000000e+00,0.000000e+00,0.0000,0.0000,0
62,features.15,809,pruned_before,nan,0.000000e+00,0.000000e+00,0.0000,0.0000,0
62,features.15,810,pruned_before,nan,0.000000e+00,0.000000e+00,0.0000,0.0000,0
62,features.15,811,pruned_before,nan,0.000000e+00,0.000000e+00,0.0000,0.0000,0
62,features.15,812,pruned_before,nan,0.000000e+00,0.000000e+00,0.0000,0.0000,0
62,features.15,813,pruned_before,nan,0.000000e+00,0.000000e+00,0.0000,0.0000,0
62,features.15,814,pruned_before,nan,0.000000e+00,0.000000e+00,0.0000,0.0000,0
62,features.15,815,pruned_before,nan,0.000000e+00,0.000000e+00,0.0000,0.0000,0
62,features.15,816,pruned_before,nan,0.000000e+00,0.000000e+00,0.0000,0.0000,0
62,features.15,817,pruned_before,nan,0.000000e+00,0.000000e+00,0.0000,0.0000,0
62,features.15,818,pruned_before,nan,0.000000e+00,0.000000e+00,0.0000,0.0000,0
62,features.15,819,pruned_before,nan,0.000000e+00,0.000000e+00,0.0000,0.0000,0
62,features.15,820,pruned_before,nan,0.000000e+00,0.000000e+00,0.0000,0.0000,0
62,features.15,821,active,0.050633,3.786803e-07,1.021263e-04,0.5570,0.6582,329
62,features.15,822,pruned_before,nan,0.000000e+00,0.000000e+00,0.0000,0.0000,0
62,features.15,823,pruned_before,nan,0.000000e+00,0.000000e+00,0.0000,0.0000,0
62,features.15,824,pruned_before,nan,0.000000e+00,0.000000e+00,0.0000,0.0000,0
62,features.15,825,pruned_before,nan,0.000000e+00,0.000000e+00,0.0000,0.0000,0
62,features.15,826,pruned_before,nan,0.000000e+00,0.000000e+00,0.0000,0.0000,0
62,features.15,827,pruned_before,nan,0.000000e+00,0.000000e+00,0.0000,0.0000,0
62,features.15,828,pruned_before,nan,0.000000e+00,0.000000e+00,0.0000,0.0000,0
62,features.15,829,pruned_before,nan,0.000000e+00,0.000000e+00,0.0000,0.0000,0
62,features.15,830,pruned_before,nan,0.000000e+00,0.000000e+00,0.0000,0.0000,0
62,features.15,831,pruned_before,nan,0.000000e+00,0.000000e+00,0.0000,0.0000,0
62,features.15,832,pruned_before,nan,0.000000e+00,0.000000e+00,0.0000,0.0000,0
62,features.15,833,pruned_before,nan,0.000000e+00,0.000000e+00,0.0000,0.0000,0
62,features.15,834,pruned_before,nan,0.000000e+00,0.000000e+00,0.0000,0.0000,0
62,features.15,835,pruned_before,nan,0.000000e+00,0.000000e+00,0.0000,0.0000,0
62,features.15,836,pruned_before,nan,0.000000e+00,0.000000e+00,0.0000,0.0000,0
62,features.15,837,pruned_before,nan,0.000000e+00,0.000000e+00,0.0000,0.0000,0
62,features.15,838,pruned_before,nan,0.000000e+00,0.000000e+00,0.0000,0.0000,0
62,features.15,839,pruned_before,nan,0.000000e+00,0.000000e+00,0.0000,0.0000,0
62,features.15,840,pruned_before,nan,0.000000e+00,0.000000e+00,0.0000,0.0000,0
62,features.15,841,pruned_before,nan,0.000000e+00,0.000000e+00,0.0000,0.0000,0
62,features.15,842,pruned_before,nan,0.000000e+00,0.000000e+00,0.0000,0.0000,0
62,features.15,843,pruned_before,nan,0.000000e+00,0.000000e+00,0.0000,0.0000,0
62,features.15,844,pruned_before,nan,0.000000e+00,0.000000e+00,0.0000,0.0000,0
62,features.15,845,active,-0.170886,1.500924e-06,5.710982e-05,0.8734,0.5316,329
62,features.15,846,pruned_before,nan,0.000000e+00,0.000000e+00,0.0000,0.0000,0
62,features.15,847,pruned_before,nan,0.000000e+00,0.000000e+00,0.0000,0.0000,0
62,features.15,848,pruned_before,nan,0.000000e+00,0.000000e+00,0.0000,0.0000,0
62,features.15,849,pruned_before,nan,0.000000e+00,0.000000e+00,0.0000,0.0000,0
62,features.15,850,pruned_before,nan,0.000000e+00,0.000000e+00,0.0000,0.0000,0
62,features.15,851,pruned_before,nan,0.000000e+00,0.000000e+00,0.0000,0.0000,0
62,features.15,852,pruned_before,nan,0.000000e+00,0.000000e+00,0.0000,0.0000,0
62,features.15,853,pruned_before,nan,0.000000e+00,0.000000e+00,0.0000,0.0000,0
62,features.15,854,pruned_before,nan,0.000000e+00,0.000000e+00,0.0000,0.0000,0
62,features.15,855,pruned_before,nan,0.000000e+00,0.000000e+00,0.0000,0.0000,0
62,features.15,856,pruned_before,nan,0.000000e+00,0.000000e+00,0.0000,0.0000,0
62,features.15,857,pruned_before,nan,0.000000e+00,0.000000e+00,0.0000,0.0000,0
62,features.15,858,pruned_before,nan,0.000000e+00,0.000000e+00,0.0000,0.0000,0
62,features.15,859,pruned_before,nan,0.000000e+00,0.000000e+00,0.0000,0.0000,0
62,features.15,860,pruned_before,nan,0.000000e+00,0.000000e+00,0.0000,0.0000,0
62,features.15,861,pruned_before,nan,0.000000e+00,0.000000e+00,0.0000,0.0000,0
62,features.15,862,pruned_before,nan,0.000000e+00,0.000000e+00,0.0000,0.0000,0
62,features.15,863,pruned_before,nan,0.000000e+00,0.000000e+00,0.0000,0.0000,0
62,features.15,864,pruned_before,nan,0.000000e+00,0.000000e+00,0.0000,0.0000,0
62,features.15,865,pruned_before,nan,0.000000e+00,0.000000e+00,0.0000,0.0000,0
62,features.15,866,pruned_before,nan,0.000000e+00,0.000000e+00,0.0000,0.0000,0
62,features.15,867,pruned_before,nan,0.000000e+00,0.000000e+00,0.0000,0.0000,0
62,features.15,868,pruned_before,nan,0.000000e+00,0.000000e+00,0.0000,0.0000,0
62,features.15,869,pruned_before,nan,0.000000e+00,0.000000e+00,0.0000,0.0000,0
62,features.15,870,pruned_before,nan,0.000000e+00,0.000000e+00,0.0000,0.0000,0
62,features.15,871,pruned_before,nan,0.000000e+00,0.000000e+00,0.0000,0.0000,0
62,features.15,872,pruned_before,nan,0.000000e+00,0.000000e+00,0.0000,0.0000,0
62,features.15,873,pruned_before,nan,0.000000e+00,0.000000e+00,0.0000,0.0000,0
62,features.15,874,pruned_before,nan,0.000000e+00,0.000000e+00,0.0000,0.0000,0
62,features.15,875,pruned_before,nan,0.000000e+00,0.000000e+00,0.0000,0.0000,0
62,features.15,876,pruned_before,nan,0.000000e+00,0.000000e+00,0.0000,0.0000,0
62,features.15,877,pruned_before,nan,0.000000e+00,0.000000e+00,0.0000,0.0000,0
62,features.15,878,pruned_before,nan,0.000000e+00,0.000000e+00,0.0000,0.0000,0
62,features.15,879,active,-0.050633,7.587727e-08,7.077681e-07,0.1139,0.0127,329
62,features.15,880,pruned_before,nan,0.000000e+00,0.000000e+00,0.0000,0.0000,0
62,features.15,881,pruned_before,nan,0.000000e+00,0.000000e+00,0.0000,0.0000,0
62,features.15,882,pruned_before,nan,0.000000e+00,0.000000e+00,0.0000,0.0000,0
62,features.15,883,pruned_before,nan,0.000000e+00,0.000000e+00,0.0000,0.0000,0
62,features.15,884,pruned_before,nan,0.000000e+00,0.000000e+00,0.0000,0.0000,0
62,features.15,885,pruned_before,nan,0.000000e+00,0.000000e+00,0.0000,0.0000,0
62,features.15,886,pruned_before,nan,0.000000e+00,0.000000e+00,0.0000,0.0000,0
62,features.15,887,pruned_before,nan,0.000000e+00,0.000000e+00,0.0000,0.0000,0
62,features.15,888,pruned_before,nan,0.000000e+00,0.000000e+00,0.0000,0.0000,0
62,features.15,889,active,0.132911,5.314687e-07,8.204740e-04,0.6835,0.9494,329
62,features.15,890,pruned_before,nan,0.000000e+00,0.000000e+00,0.0000,0.0000,0
62,features.15,891,pruned_before,nan,0.000000e+00,0.000000e+00,0.0000,0.0000,0
62,features.15,892,pruned_before,nan,0.000000e+00,0.000000e+00,0.0000,0.0000,0
62,features.15,893,pruned_before,nan,0.000000e+00,0.000000e+00,0.0000,0.0000,0
62,features.15,894,pruned_before,nan,0.000000e+00,0.000000e+00,0.0000,0.0000,0
62,features.15,895,pruned_before,nan,0.000000e+00,0.000000e+00,0.0000,0.0000,0
62,features.15,896,pruned_before,nan,0.000000e+00,0.000000e+00,0.0000,0.0000,0
62,features.15,897,pruned_before,nan,0.000000e+00,0.000000e+00,0.0000,0.0000,0
62,features.15,898,pruned_before,nan,0.000000e+00,0.000000e+00,0.0000,0.0000,0
62,features.15,899,pruned_before,nan,0.000000e+00,0.000000e+00,0.0000,0.0000,0
62,features.15,900,pruned_before,nan,0.000000e+00,0.000000e+00,0.0000,0.0000,0
62,features.15,901,active,-0.018987,3.290680e-07,4.571518e-05,0.5063,0.4684,329
62,features.15,902,pruned_before,nan,0.000000e+00,0.000000e+00,0.0000,0.0000,0
62,features.15,903,pruned_before,nan,0.000000e+00,0.000000e+00,0.0000,0.0000,0
62,features.15,904,pruned_before,nan,0.000000e+00,0.000000e+00,0.0000,0.0000,0
62,features.15,905,pruned_before,nan,0.000000e+00,0.000000e+00,0.0000,0.0000,0
62,features.15,906,pruned_before,nan,0.000000e+00,0.000000e+00,0.0000,0.0000,0
62,features.15,907,pruned_before,nan,0.000000e+00,0.000000e+00,0.0000,0.0000,0
62,features.15,908,pruned_before,nan,0.000000e+00,0.000000e+00,0.0000,0.0000,0
62,features.15,909,pruned_before,nan,0.000000e+00,0.000000e+00,0.0000,0.0000,0
62,features.15,910,pruned_before,nan,0.000000e+00,0.000000e+00,0.0000,0.0000,0
62,features.15,911,pruned_before,nan,0.000000e+00,0.000000e+00,0.0000,0.0000,0
62,features.15,912,pruned_before,nan,0.000000e+00,0.000000e+00,0.0000,0.0000,0
62,features.15,913,pruned_before,nan,0.000000e+00,0.000000e+00,0.0000,0.0000,0
62,features.15,914,pruned_before,nan,0.000000e+00,0.000000e+00,0.0000,0.0000,0
62,features.15,915,pruned_before,nan,0.000000e+00,0.000000e+00,0.0000,0.0000,0
62,features.15,916,pruned_before,nan,0.000000e+00,0.000000e+00,0.0000,0.0000,0
62,features.15,917,pruned_before,nan,0.000000e+00,0.000000e+00,0.0000,0.0000,0
62,features.15,918,pruned_before,nan,0.000000e+00,0.000000e+00,0.0000,0.0000,0
62,features.15,919,pruned_before,nan,0.000000e+00,0.000000e+00,0.0000,0.0000,0
62,features.15,920,pruned_before,nan,0.000000e+00,0.000000e+00,0.0000,0.0000,0
62,features.15,921,pruned_before,nan,0.000000e+00,0.000000e+00,0.0000,0.0000,0
62,features.15,922,pruned_before,nan,0.000000e+00,0.000000e+00,0.0000,0.0000,0
62,features.15,923,pruned_before,nan,0.000000e+00,0.000000e+00,0.0000,0.0000,0
62,features.15,924,pruned_before,nan,0.000000e+00,0.000000e+00,0.0000,0.0000,0
62,features.15,925,pruned_before,nan,0.000000e+00,0.000000e+00,0.0000,0.0000,0
62,features.15,926,pruned_before,nan,0.000000e+00,0.000000e+00,0.0000,0.0000,0
62,features.15,927,pruned_before,nan,0.000000e+00,0.000000e+00,0.0000,0.0000,0
62,features.15,928,pruned_before,nan,0.000000e+00,0.000000e+00,0.0000,0.0000,0
62,features.15,929,pruned_before,nan,0.000000e+00,0.000000e+00,0.0000,0.0000,0
62,features.15,930,pruned_before,nan,0.000000e+00,0.000000e+00,0.0000,0.0000,0
62,features.15,931,pruned_before,nan,0.000000e+00,0.000000e+00,0.0000,0.0000,0
62,features.15,932,active,-0.063291,3.259806e-06,3.417420e-04,0.9747,0.8481,329
62,features.15,933,active,-0.031646,1.938824e-06,4.021164e-04,0.9367,0.8734,329
62,features.15,934,pruned_before,nan,0.000000e+00,0.000000e+00,0.0000,0.0000,0
62,features.15,935,pruned_before,nan,0.000000e+00,0.000000e+00,0.0000,0.0000,0
62,features.15,936,pruned_before,nan,0.000000e+00,0.000000e+00,0.0000,0.0000,0
62,features.15,937,pruned_before,nan,0.000000e+00,0.000000e+00,0.0000,0.0000,0
62,features.15,938,pruned_before,nan,0.000000e+00,0.000000e+00,0.0000,0.0000,0
62,features.15,939,pruned_before,nan,0.000000e+00,0.000000e+00,0.0000,0.0000,0
62,features.15,940,pruned_before,nan,0.000000e+00,0.000000e+00,0.0000,0.0000,0
62,features.15,941,pruned_before,nan,0.000000e+00,0.000000e+00,0.0000,0.0000,0
62,features.15,942,pruned_before,nan,0.000000e+00,0.000000e+00,0.0000,0.0000,0
62,features.15,943,pruned_before,nan,0.000000e+00,0.000000e+00,0.0000,0.0000,0
62,features.15,944,pruned_before,nan,0.000000e+00,0.000000e+00,0.0000,0.0000,0
62,features.15,945,pruned_before,nan,0.000000e+00,0.000000e+00,0.0000,0.0000,0
62,features.15,946,pruned_before,nan,0.000000e+00,0.000000e+00,0.0000,0.0000,0
62,features.15,947,pruned_before,nan,0.000000e+00,0.000000e+00,0.0000,0.0000,0
62,features.15,948,pruned_before,nan,0.000000e+00,0.000000e+00,0.0000,0.0000,0
62,features.15,949,pruned_before,nan,0.000000e+00,0.000000e+00,0.0000,0.0000,0
62,features.15,950,active,0.000000,1.469482e-06,3.731122e-04,0.8608,0.8608,329
62,features.15,951,pruned_before,nan,0.000000e+00,0.000000e+00,0.0000,0.0000,0
62,features.15,952,pruned_before,nan,0.000000e+00,0.000000e+00,0.0000,0.0000,0
62,features.15,953,pruned_before,nan,0.000000e+00,0.000000e+00,0.0000,0.0000,0
62,features.15,954,pruned_before,nan,0.000000e+00,0.000000e+00,0.0000,0.0000,0
62,features.15,955,active,-0.031646,5.085469e-07,7.742632e-05,0.6582,0.5949,329
62,features.15,956,pruned_before,nan,0.000000e+00,0.000000e+00,0.0000,0.0000,0
62,features.15,957,pruned_before,nan,0.000000e+00,0.000000e+00,0.0000,0.0000,0
62,features.15,958,pruned_before,nan,0.000000e+00,0.000000e+00,0.0000,0.0000,0
62,features.15,959,pruned_before,nan,0.000000e+00,0.000000e+00,0.0000,0.0000,0
62,features.16,0,pruned_before,nan,0.000000e+00,0.000000e+00,0.0000,0.0000,0
62,features.16,1,pruned_before,nan,0.000000e+00,0.000000e+00,0.0000,0.0000,0
62,features.16,2,active,-0.139024,1.541910e-07,1.260738e-06,0.4976,0.2195,329
62,features.16,3,pruned_before,nan,0.000000e+00,0.000000e+00,0.0000,0.0000,0
62,features.16,4,pruned_before,nan,0.000000e+00,0.000000e+00,0.0000,0.0000,0
62,features.16,5,pruned_before,nan,0.000000e+00,0.000000e+00,0.0000,0.0000,0
62,features.16,6,active,-0.073171,6.718034e-08,1.076337e-07,0.1854,0.0390,329
62,features.16,7,active,-0.185366,1.178454e-07,1.037401e-07,0.4049,0.0341,329
62,features.16,8,pruned_before,nan,0.000000e+00,0.000000e+00,0.0000,0.0000,0
62,features.16,9,pruned_before,nan,0.000000e+00,0.000000e+00,0.0000,0.0000,0
62,features.16,10,active,-0.065854,7.323558e-07,9.926719e-06,0.8098,0.6780,329
62,features.16,11,pruned_before,nan,0.000000e+00,0.000000e+00,0.0000,0.0000,0
62,features.16,12,pruned_before,nan,0.000000e+00,0.000000e+00,0.0000,0.0000,0
62,features.16,13,pruned_before,nan,0.000000e+00,0.000000e+00,0.0000,0.0000,0
62,features.16,14,pruned_before,nan,0.000000e+00,0.000000e+00,0.0000,0.0000,0
62,features.16,15,pruned_before,nan,0.000000e+00,0.000000e+00,0.0000,0.0000,0
62,features.16,16,active,-0.004878,1.557084e-06,3.102442e-05,0.9317,0.9220,329
62,features.16,17,pruned_before,nan,0.000000e+00,0.000000e+00,0.0000,0.0000,0
62,features.16,18,pruned_before,nan,0.000000e+00,0.000000e+00,0.0000,0.0000,0
62,features.16,19,pruned_before,nan,0.000000e+00,0.000000e+00,0.0000,0.0000,0
62,features.16,20,pruned_before,nan,0.000000e+00,0.000000e+00,0.0000,0.0000,0
62,features.16,21,active,-0.131707,3.011084e-07,2.610231e-06,0.6341,0.3707,329
62,features.16,22,pruned_before,nan,0.000000e+00,0.000000e+00,0.0000,0.0000,0
62,features.16,23,active,0.104878,4.554596e-08,2.179181e-06,0.1024,0.3122,329
62,features.16,24,active,0.321951,7.221718e-08,2.361084e-05,0.2195,0.8634,329
62,features.16,25,pruned_before,nan,0.000000e+00,0.000000e+00,0.0000,0.0000,0
62,features.16,26,pruned_before,nan,0.000000e+00,0.000000e+00,0.0000,0.0000,0
62,features.16,27,pruned_before,nan,0.000000e+00,0.000000e+00,0.0000,0.0000,0
62,features.16,28,pruned_before,nan,0.000000e+00,0.000000e+00,0.0000,0.0000,0
62,features.16,29,pruned_before,nan,0.000000e+00,0.000000e+00,0.0000,0.0000,0
62,features.16,30,pruned_before,nan,0.000000e+00,0.000000e+00,0.0000,0.0000,0
62,features.16,31,pruned_before,nan,0.000000e+00,0.000000e+00,0.0000,0.0000,0
62,features.16,32,pruned_before,nan,0.000000e+00,0.000000e+00,0.0000,0.0000,0
62,features.16,33,pruned_before,nan,0.000000e+00,0.000000e+00,0.0000,0.0000,0
62,features.16,34,active,0.034146,3.068339e-08,7.298135e-07,0.0732,0.1415,329
62,features.16,35,active,-0.109756,1.160368e-07,9.264158e-07,0.3854,0.1659,329
62,features.16,36,pruned_before,nan,0.000000e+00,0.000000e+00,0.0000,0.0000,0
62,features.16,37,pruned_before,nan,0.000000e+00,0.000000e+00,0.0000,0.0000,0
62,features.16,38,active,0.107317,4.133459e-08,2.095637e-06,0.0878,0.3024,329
62,features.16,39,pruned_before,nan,0.000000e+00,0.000000e+00,0.0000,0.0000,0
62,features.16,40,pruned_before,nan,0.000000e+00,0.000000e+00,0.0000,0.0000,0
62,features.16,41,pruned_before,nan,0.000000e+00,0.000000e+00,0.0000,0.0000,0
62,features.16,42,pruned_before,nan,0.000000e+00,0.000000e+00,0.0000,0.0000,0
62,features.16,43,active,-0.170732,1.471934e-07,8.026768e-07,0.4927,0.1512,329
62,features.16,44,pruned_before,nan,0.000000e+00,0.000000e+00,0.0000,0.0000,0
62,features.16,45,pruned_before,nan,0.000000e+00,0.000000e+00,0.0000,0.0000,0
62,features.16,46,active,-0.007317,1.098770e-06,2.335934e-05,0.8732,0.8585,329
62,features.16,47,pruned_before,nan,0.000000e+00,0.000000e+00,0.0000,0.0000,0
62,features.16,48,pruned_before,nan,0.000000e+00,0.000000e+00,0.0000,0.0000,0
62,features.16,49,pruned_before,nan,0.000000e+00,0.000000e+00,0.0000,0.0000,0
62,features.16,50,pruned_before,nan,0.000000e+00,0.000000e+00,0.0000,0.0000,0
62,features.16,51,pruned_before,nan,0.000000e+00,0.000000e+00,0.0000,0.0000,0
62,features.16,52,pruned_before,nan,0.000000e+00,0.000000e+00,0.0000,0.0000,0
62,features.16,53,pruned_before,nan,0.000000e+00,0.000000e+00,0.0000,0.0000,0
62,features.16,54,pruned_before,nan,0.000000e+00,0.000000e+00,0.0000,0.0000,0
62,features.16,55,active,0.031707,3.623588e-07,1.351938e-05,0.6976,0.7610,329
62,features.16,56,active,0.041463,4.474395e-08,1.042774e-06,0.0976,0.1805,329
62,features.16,57,pruned_before,nan,0.000000e+00,0.000000e+00,0.0000,0.0000,0
62,features.16,58,pruned_before,nan,0.000000e+00,0.000000e+00,0.0000,0.0000,0
62,features.16,59,pruned_before,nan,0.000000e+00,0.000000e+00,0.0000,0.0000,0
62,features.16,60,pruned_before,nan,0.000000e+00,0.000000e+00,0.0000,0.0000,0
62,features.16,61,pruned_before,nan,0.000000e+00,0.000000e+00,0.0000,0.0000,0
62,features.16,62,pruned_before,nan,0.000000e+00,0.000000e+00,0.0000,0.0000,0
62,features.16,63,pruned_before,nan,0.000000e+00,0.000000e+00,0.0000,0.0000,0
62,features.16,64,pruned_before,nan,0.000000e+00,0.000000e+00,0.0000,0.0000,0
62,features.16,65,active,0.112195,5.148957e-08,2.555705e-06,0.1366,0.3610,329
62,features.16,66,pruned_before,nan,0.000000e+00,0.000000e+00,0.0000,0.0000,0
62,features.16,67,pruned_before,nan,0.000000e+00,0.000000e+00,0.0000,0.0000,0
62,features.16,68,pruned_before,nan,0.000000e+00,0.000000e+00,0.0000,0.0000,0
62,features.16,69,pruned_before,nan,0.000000e+00,0.000000e+00,0.0000,0.0000,0
62,features.16,70,active,-0.031707,5.974053e-07,1.127451e-05,0.7805,0.7171,329
62,features.16,71,active,-0.070732,1.011726e-07,1.233620e-06,0.3512,0.2098,329
62,features.16,72,pruned_before,nan,0.000000e+00,0.000000e+00,0.0000,0.0000,0
62,features.16,73,pruned_before,nan,0.000000e+00,0.000000e+00,0.0000,0.0000,0
62,features.16,74,pruned_before,nan,0.000000e+00,0.000000e+00,0.0000,0.0000,0
62,features.16,75,pruned_before,nan,0.000000e+00,0.000000e+00,0.0000,0.0000,0
62,features.16,76,pruned_before,nan,0.000000e+00,0.000000e+00,0.0000,0.0000,0
62,features.16,77,pruned_before,nan,0.000000e+00,0.000000e+00,0.0000,0.0000,0
62,features.16,78,pruned_before,nan,0.000000e+00,0.000000e+00,0.0000,0.0000,0
62,features.16,79,pruned_before,nan,0.000000e+00,0.000000e+00,0.0000,0.0000,0
62,features.16,80,active,0.000000,0.000000e+00,0.000000e+00,0.0049,0.0049,329
62,features.16,81,pruned_before,nan,0.000000e+00,0.000000e+00,0.0000,0.0000,0
62,features.16,82,pruned_before,nan,0.000000e+00,0.000000e+00,0.0000,0.0000,0
62,features.16,83,pruned_before,nan,0.000000e+00,0.000000e+00,0.0000,0.0000,0
62,features.16,84,pruned_before,nan,0.000000e+00,0.000000e+00,0.0000,0.0000,0
62,features.16,85,pruned_before,nan,0.000000e+00,0.000000e+00,0.0000,0.0000,0
62,features.16,86,pruned_before,nan,0.000000e+00,0.000000e+00,0.0000,0.0000,0
62,features.16,87,pruned_before,nan,0.000000e+00,0.000000e+00,0.0000,0.0000,0
62,features.16,88,pruned_before,nan,0.000000e+00,0.000000e+00,0.0000,0.0000,0
62,features.16,89,active,0.043902,3.801489e-08,9.447363e-07,0.0829,0.1707,329
62,features.16,90,pruned_before,nan,0.000000e+00,0.000000e+00,0.0000,0.0000,0
62,features.16,91,pruned_before,nan,0.000000e+00,0.000000e+00,0.0000,0.0000,0
62,features.16,92,pruned_before,nan,0.000000e+00,0.000000e+00,0.0000,0.0000,0
62,features.16,93,pruned_before,nan,0.000000e+00,0.000000e+00,0.0000,0.0000,0
62,features.16,94,pruned_before,nan,0.000000e+00,0.000000e+00,0.0000,0.0000,0
62,features.16,95,pruned_before,nan,0.000000e+00,0.000000e+00,0.0000,0.0000,0
62,features.16,96,pruned_before,nan,0.000000e+00,0.000000e+00,0.0000,0.0000,0
62,features.16,97,pruned_before,nan,0.000000e+00,0.000000e+00,0.0000,0.0000,0
62,features.16,98,pruned_before,nan,0.000000e+00,0.000000e+00,0.0000,0.0000,0
62,features.16,99,pruned_before,nan,0.000000e+00,0.000000e+00,0.0000,0.0000,0
62,features.16,100,pruned_before,nan,0.000000e+00,0.000000e+00,0.0000,0.0000,0
62,features.16,101,pruned_before,nan,0.000000e+00,0.000000e+00,0.0000,0.0000,0
62,features.16,102,pruned_before,nan,0.000000e+00,0.000000e+00,0.0000,0.0000,0
62,features.16,103,pruned_before,nan,0.000000e+00,0.000000e+00,0.0000,0.0000,0
62,features.16,104,pruned_before,nan,0.000000e+00,0.000000e+00,0.0000,0.0000,0
62,features.16,105,pruned_before,nan,0.000000e+00,0.000000e+00,0.0000,0.0000,0
62,features.16,106,pruned_before,nan,0.000000e+00,0.000000e+00,0.0000,0.0000,0
62,features.16,107,pruned_before,nan,0.000000e+00,0.000000e+00,0.0000,0.0000,0
62,features.16,108,active,-0.107317,1.553544e-07,1.891840e-06,0.5024,0.2878,329
62,features.16,109,pruned_before,nan,0.000000e+00,0.000000e+00,0.0000,0.0000,0
62,features.16,110,pruned_before,nan,0.000000e+00,0.000000e+00,0.0000,0.0000,0
62,features.16,111,pruned_before,nan,0.000000e+00,0.000000e+00,0.0000,0.0000,0
62,features.16,112,pruned_before,nan,0.000000e+00,0.000000e+00,0.0000,0.0000,0
62,features.16,113,pruned_before,nan,0.000000e+00,0.000000e+00,0.0000,0.0000,0
62,features.16,114,pruned_before,nan,0.000000e+00,0.000000e+00,0.0000,0.0000,0
62,features.16,115,active,-0.109756,4.566163e-07,5.453826e-06,0.7415,0.5220,329
62,features.16,116,active,0.004878,7.256619e-08,1.496263e-06,0.2293,0.2390,329
62,features.16,117,pruned_before,nan,0.000000e+00,0.000000e+00,0.0000,0.0000,0
62,features.16,118,pruned_before,nan,0.000000e+00,0.000000e+00,0.0000,0.0000,0
62,features.16,119,pruned_before,nan,0.000000e+00,0.000000e+00,0.0000,0.0000,0
62,features.16,120,pruned_before,nan,0.000000e+00,0.000000e+00,0.0000,0.0000,0
62,features.16,121,active,0.129268,1.337015e-07,1.120460e-05,0.4537,0.7122,329
62,features.16,122,pruned_before,nan,0.000000e+00,0.000000e+00,0.0000,0.0000,0
62,features.16,123,pruned_before,nan,0.000000e+00,0.000000e+00,0.0000,0.0000,0
62,features.16,124,pruned_before,nan,0.000000e+00,0.000000e+00,0.0000,0.0000,0
62,features.16,125,pruned_before,nan,0.000000e+00,0.000000e+00,0.0000,0.0000,0
62,features.16,126,pruned_before,nan,0.000000e+00,0.000000e+00,0.0000,0.0000,0
62,features.16,127,active,0.182927,5.550259e-08,5.001923e-06,0.1512,0.5171,329
62,features.16,128,pruned_before,nan,0.000000e+00,0.000000e+00,0.0000,0.0000,0
62,features.16,129,active,0.012195,6.118545e-07,1.661680e-05,0.7902,0.8146,329
62,features.16,130,pruned_before,nan,0.000000e+00,0.000000e+00,0.0000,0.0000,0
62,features.16,131,pruned_before,nan,0.000000e+00,0.000000e+00,0.0000,0.0000,0
62,features.16,132,active,-0.104878,3.558818e-07,4.320906e-06,0.6829,0.4732,329
62,features.16,133,pruned_before,nan,0.000000e+00,0.000000e+00,0.0000,0.0000,0
62,features.16,134,active,-0.063415,9.948495e-07,1.175368e-05,0.8537,0.7268,329
62,features.16,135,pruned_before,nan,0.000000e+00,0.000000e+00,0.0000,0.0000,0
62,features.16,136,pruned_before,nan,0.000000e+00,0.000000e+00,0.0000,0.0000,0
62,features.16,137,pruned_before,nan,0.000000e+00,0.000000e+00,0.0000,0.0000,0
62,features.16,138,pruned_before,nan,0.000000e+00,0.000000e+00,0.0000,0.0000,0
62,features.16,139,pruned_before,nan,0.000000e+00,0.000000e+00,0.0000,0.0000,0
62,features.16,140,pruned_before,nan,0.000000e+00,0.000000e+00,0.0000,0.0000,0
62,features.16,141,active,-0.182927,1.000092e-06,4.852907e-06,0.8585,0.4927,329
62,features.16,142,pruned_before,nan,0.000000e+00,0.000000e+00,0.0000,0.0000,0
62,features.16,143,pruned_before,nan,0.000000e+00,0.000000e+00,0.0000,0.0000,0
62,features.16,144,pruned_before,nan,0.000000e+00,0.000000e+00,0.0000,0.0000,0
62,features.16,145,active,-0.124390,1.409991e-07,1.447375e-06,0.4780,0.2293,329
62,features.16,146,active,-0.048780,7.946006e-07,1.172321e-05,0.8195,0.7220,329
62,features.16,147,active,-0.034146,2.053374e-07,4.944691e-06,0.5707,0.5024,329
62,features.16,148,pruned_before,nan,0.000000e+00,0.000000e+00,0.0000,0.0000,0
62,features.16,149,active,-0.031707,8.599080e-08,1.222532e-06,0.2683,0.2049,329
62,features.16,150,active,-0.065854,3.595810e-07,6.433686e-06,0.6878,0.5561,329
62,features.16,151,pruned_before,nan,0.000000e+00,0.000000e+00,0.0000,0.0000,0
62,features.16,152,pruned_before,nan,0.000000e+00,0.000000e+00,0.0000,0.0000,0
62,features.16,153,pruned_before,nan,0.000000e+00,0.000000e+00,0.0000,0.0000,0
62,features.16,154,pruned_before,nan,0.000000e+00,0.000000e+00,0.0000,0.0000,0
62,features.16,155,pruned_before,nan,0.000000e+00,0.000000e+00,0.0000,0.0000,0
62,features.16,156,pruned_before,nan,0.000000e+00,0.000000e+00,0.0000,0.0000,0
62,features.16,157,pruned_before,nan,0.000000e+00,0.000000e+00,0.0000,0.0000,0
62,features.16,158,pruned_before,nan,0.000000e+00,0.000000e+00,0.0000,0.0000,0
62,features.16,159,active,0.073171,1.363594e-07,7.958442e-06,0.4732,0.6195,329
62,features.16,160,pruned_before,nan,0.000000e+00,0.000000e+00,0.0000,0.0000,0
62,features.16,161,pruned_before,nan,0.000000e+00,0.000000e+00,0.0000,0.0000,0
62,features.16,162,pruned_before,nan,0.000000e+00,0.000000e+00,0.0000,0.0000,0
62,features.16,163,pruned_before,nan,0.000000e+00,0.000000e+00,0.0000,0.0000,0
62,features.16,164,pruned_before,nan,0.000000e+00,0.000000e+00,0.0000,0.0000,0
62,features.16,165,pruned_before,nan,0.000000e+00,0.000000e+00,0.0000,0.0000,0
62,features.16,166,pruned_before,nan,0.000000e+00,0.000000e+00,0.0000,0.0000,0
62,features.16,167,pruned_before,nan,0.000000e+00,0.000000e+00,0.0000,0.0000,0
62,features.16,168,pruned_before,nan,0.000000e+00,0.000000e+00,0.0000,0.0000,0
62,features.16,169,pruned_before,nan,0.000000e+00,0.000000e+00,0.0000,0.0000,0
62,features.16,170,pruned_before,nan,0.000000e+00,0.000000e+00,0.0000,0.0000,0
62,features.16,171,pruned_before,nan,0.000000e+00,0.000000e+00,0.0000,0.0000,0
62,features.16,172,pruned_before,nan,0.000000e+00,0.000000e+00,0.0000,0.0000,0
62,features.16,173,pruned_before,nan,0.000000e+00,0.000000e+00,0.0000,0.0000,0
62,features.16,174,pruned_before,nan,0.000000e+00,0.000000e+00,0.0000,0.0000,0
62,features.16,175,pruned_before,nan,0.000000e+00,0.000000e+00,0.0000,0.0000,0
62,features.16,176,pruned_before,nan,0.000000e+00,0.000000e+00,0.0000,0.0000,0
62,features.16,177,pruned_before,nan,0.000000e+00,0.000000e+00,0.0000,0.0000,0
62,features.16,178,pruned_before,nan,0.000000e+00,0.000000e+00,0.0000,0.0000,0
62,features.16,179,active,-0.085366,7.149868e-08,1.816172e-07,0.2146,0.0439,329
62,features.16,180,active,0.063415,3.611584e-07,1.714972e-05,0.6927,0.8195,329
62,features.16,181,pruned_before,nan,0.000000e+00,0.000000e+00,0.0000,0.0000,0
62,features.16,182,active,-0.129268,1.348367e-06,8.813877e-06,0.9073,0.6488,329
62,features.16,183,pruned_before,nan,0.000000e+00,0.000000e+00,0.0000,0.0000,0
62,features.16,184,pruned_before,nan,0.000000e+00,0.000000e+00,0.0000,0.0000,0
62,features.16,185,pruned_before,nan,0.000000e+00,0.000000e+00,0.0000,0.0000,0
62,features.16,186,pruned_before,nan,0.000000e+00,0.000000e+00,0.0000,0.0000,0
62,features.16,187,pruned_before,nan,0.000000e+00,0.000000e+00,0.0000,0.0000,0
62,features.16,188,pruned_before,nan,0.000000e+00,0.000000e+00,0.0000,0.0000,0
62,features.16,189,pruned_before,nan,0.000000e+00,0.000000e+00,0.0000,0.0000,0
62,features.16,190,active,-0.007317,1.291023e-08,6.342102e-08,0.0341,0.0195,329
62,features.16,191,pruned_before,nan,0.000000e+00,0.000000e+00,0.0000,0.0000,0
62,features.16,192,pruned_before,nan,0.000000e+00,0.000000e+00,0.0000,0.0000,0
62,features.16,193,pruned_before,nan,0.000000e+00,0.000000e+00,0.0000,0.0000,0
62,features.16,194,pruned_before,nan,0.000000e+00,0.000000e+00,0.0000,0.0000,0
62,features.16,195,active,-0.056098,9.968537e-08,1.474026e-06,0.3463,0.2341,329
62,features.16,196,pruned_before,nan,0.000000e+00,0.000000e+00,0.0000,0.0000,0
62,features.16,197,active,0.007317,6.415688e-08,9.903516e-07,0.1610,0.1756,329
62,features.16,198,active,0.029268,1.470807e-07,6.178906e-06,0.4878,0.5463,329
62,features.16,199,pruned_before,nan,0.000000e+00,0.000000e+00,0.0000,0.0000,0
62,features.16,200,pruned_before,nan,0.000000e+00,0.000000e+00,0.0000,0.0000,0
62,features.16,201,pruned_before,nan,0.000000e+00,0.000000e+00,0.0000,0.0000,0
62,features.16,202,pruned_before,nan,0.000000e+00,0.000000e+00,0.0000,0.0000,0
62,features.16,203,pruned_before,nan,0.000000e+00,0.000000e+00,0.0000,0.0000,0
62,features.16,204,active,-0.095122,2.660392e-07,3.315883e-06,0.6195,0.4293,329
62,features.16,205,pruned_before,nan,0.000000e+00,0.000000e+00,0.0000,0.0000,0
62,features.16,206,pruned_before,nan,0.000000e+00,0.000000e+00,0.0000,0.0000,0
62,features.16,207,active,-0.102439,1.467263e-07,1.806986e-06,0.4829,0.2780,329
62,features.16,208,active,-0.156098,9.952078e-08,9.260746e-08,0.3415,0.0293,329
62,features.16,209,pruned_before,nan,0.000000e+00,0.000000e+00,0.0000,0.0000,0
62,features.16,210,pruned_before,nan,0.000000e+00,0.000000e+00,0.0000,0.0000,0
62,features.16,211,pruned_before,nan,0.000000e+00,0.000000e+00,0.0000,0.0000,0
62,features.16,212,pruned_before,nan,0.000000e+00,0.000000e+00,0.0000,0.0000,0
62,features.16,213,pruned_now,-0.268293,6.388514e-07,1.612712e-06,0.7951,0.2585,329
62,features.16,214,pruned_before,nan,0.000000e+00,0.000000e+00,0.0000,0.0000,0
62,features.16,215,pruned_before,nan,0.000000e+00,0.000000e+00,0.0000,0.0000,0
62,features.16,216,pruned_before,nan,0.000000e+00,0.000000e+00,0.0000,0.0000,0
62,features.16,217,pruned_before,nan,0.000000e+00,0.000000e+00,0.0000,0.0000,0
62,features.16,218,pruned_before,nan,0.000000e+00,0.000000e+00,0.0000,0.0000,0
62,features.16,219,pruned_before,nan,0.000000e+00,0.000000e+00,0.0000,0.0000,0
62,features.16,220,pruned_before,nan,0.000000e+00,0.000000e+00,0.0000,0.0000,0
62,features.16,221,active,0.200000,1.019257e-07,1.327687e-05,0.3561,0.7561,329
62,features.16,222,pruned_before,nan,0.000000e+00,0.000000e+00,0.0000,0.0000,0
62,features.16,223,pruned_before,nan,0.000000e+00,0.000000e+00,0.0000,0.0000,0
62,features.16,224,active,-0.158537,1.198968e-07,5.032888e-07,0.4195,0.1024,329
62,features.16,225,pruned_before,nan,0.000000e+00,0.000000e+00,0.0000,0.0000,0
62,features.16,226,pruned_before,nan,0.000000e+00,0.000000e+00,0.0000,0.0000,0
62,features.16,227,pruned_before,nan,0.000000e+00,0.000000e+00,0.0000,0.0000,0
62,features.16,228,active,0.041463,1.047347e-06,5.301599e-05,0.8683,0.9512,329
62,features.16,229,pruned_before,nan,0.000000e+00,0.000000e+00,0.0000,0.0000,0
62,features.16,230,active,0.026829,4.543048e-07,1.449801e-05,0.7366,0.7902,329
62,features.16,231,pruned_before,nan,0.000000e+00,0.000000e+00,0.0000,0.0000,0
62,features.16,232,active,0.190244,1.343884e-07,2.050028e-05,0.4634,0.8439,329
62,features.16,233,pruned_before,nan,0.000000e+00,0.000000e+00,0.0000,0.0000,0
62,features.16,234,pruned_before,nan,0.000000e+00,0.000000e+00,0.0000,0.0000,0
62,features.16,235,pruned_before,nan,0.000000e+00,0.000000e+00,0.0000,0.0000,0
62,features.16,236,pruned_before,nan,0.000000e+00,0.000000e+00,0.0000,0.0000,0
62,features.16,237,pruned_before,nan,0.000000e+00,0.000000e+00,0.0000,0.0000,0
62,features.16,238,pruned_before,nan,0.000000e+00,0.000000e+00,0.0000,0.0000,0
62,features.16,239,pruned_before,nan,0.000000e+00,0.000000e+00,0.0000,0.0000,0
62,features.16,240,pruned_before,nan,0.000000e+00,0.000000e+00,0.0000,0.0000,0
62,features.16,241,pruned_before,nan,0.000000e+00,0.000000e+00,0.0000,0.0000,0
62,features.16,242,pruned_before,nan,0.000000e+00,0.000000e+00,0.0000,0.0000,0
62,features.16,243,pruned_before,nan,0.000000e+00,0.000000e+00,0.0000,0.0000,0
62,features.16,244,pruned_before,nan,0.000000e+00,0.000000e+00,0.0000,0.0000,0
62,features.16,245,pruned_before,nan,0.000000e+00,0.000000e+00,0.0000,0.0000,0
62,features.16,246,pruned_before,nan,0.000000e+00,0.000000e+00,0.0000,0.0000,0
62,features.16,247,pruned_before,nan,0.000000e+00,0.000000e+00,0.0000,0.0000,0
62,features.16,248,pruned_before,nan,0.000000e+00,0.000000e+00,0.0000,0.0000,0
62,features.16,249,active,0.014634,1.113997e-06,2.924205e-05,0.8829,0.9122,329
62,features.16,250,active,0.100000,1.794185e-07,1.228748e-05,0.5415,0.7415,329
62,features.16,251,pruned_before,nan,0.000000e+00,0.000000e+00,0.0000,0.0000,0
62,features.16,252,pruned_before,nan,0.000000e+00,0.000000e+00,0.0000,0.0000,0
62,features.16,253,pruned_before,nan,0.000000e+00,0.000000e+00,0.0000,0.0000,0
62,features.16,254,pruned_before,nan,0.000000e+00,0.000000e+00,0.0000,0.0000,0
62,features.16,255,pruned_before,nan,0.000000e+00,0.000000e+00,0.0000,0.0000,0
62,features.16,256,pruned_before,nan,0.000000e+00,0.000000e+00,0.0000,0.0000,0
62,features.16,257,pruned_before,nan,0.000000e+00,0.000000e+00,0.0000,0.0000,0
62,features.16,258,active,0.031707,8.297432e-07,2.679886e-05,0.8244,0.8878,329
62,features.16,259,active,-0.014634,6.944660e-06,8.137160e-05,1.0000,0.9707,329
62,features.16,260,active,0.009756,4.419022e-08,5.534782e-07,0.0927,0.1122,329
62,features.16,261,pruned_before,nan,0.000000e+00,0.000000e+00,0.0000,0.0000,0
62,features.16,262,pruned_before,nan,0.000000e+00,0.000000e+00,0.0000,0.0000,0
62,features.16,263,pruned_before,nan,0.000000e+00,0.000000e+00,0.0000,0.0000,0
62,features.16,264,pruned_before,nan,0.000000e+00,0.000000e+00,0.0000,0.0000,0
62,features.16,265,pruned_before,nan,0.000000e+00,0.000000e+00,0.0000,0.0000,0
62,features.16,266,pruned_before,nan,0.000000e+00,0.000000e+00,0.0000,0.0000,0
62,features.16,267,pruned_before,nan,0.000000e+00,0.000000e+00,0.0000,0.0000,0
62,features.16,268,active,-0.104878,4.343883e-06,1.431735e-05,0.9902,0.7805,329
62,features.16,269,active,-0.151220,1.531904e-06,7.858274e-06,0.9171,0.6146,329
62,features.16,270,pruned_before,nan,0.000000e+00,0.000000e+00,0.0000,0.0000,0
62,features.16,271,pruned_before,nan,0.000000e+00,0.000000e+00,0.0000,0.0000,0
62,features.16,272,active,-0.068293,2.031850e-06,1.647358e-05,0.9463,0.8098,329
62,features.16,273,pruned_before,nan,0.000000e+00,0.000000e+00,0.0000,0.0000,0
62,features.16,274,pruned_before,nan,0.000000e+00,0.000000e+00,0.0000,0.0000,0
62,features.16,275,pruned_before,nan,0.000000e+00,0.000000e+00,0.0000,0.0000,0
62,features.16,276,pruned_before,nan,0.000000e+00,0.000000e+00,0.0000,0.0000,0
62,features.16,277,pruned_before,nan,0.000000e+00,0.000000e+00,0.0000,0.0000,0
62,features.16,278,pruned_before,nan,0.000000e+00,0.000000e+00,0.0000,0.0000,0
62,features.16,279,pruned_before,nan,0.000000e+00,0.000000e+00,0.0000,0.0000,0
62,features.16,280,pruned_before,nan,0.000000e+00,0.000000e+00,0.0000,0.0000,0
62,features.16,281,pruned_before,nan,0.000000e+00,0.000000e+00,0.0000,0.0000,0
62,features.16,282,pruned_before,nan,0.000000e+00,0.000000e+00,0.0000,0.0000,0
62,features.16,283,pruned_before,nan,0.000000e+00,0.000000e+00,0.0000,0.0000,0
62,features.16,284,pruned_before,nan,0.000000e+00,0.000000e+00,0.0000,0.0000,0
62,features.16,285,active,0.087805,2.237662e-08,1.296893e-06,0.0488,0.2244,329
62,features.16,286,active,0.341463,9.707813e-08,3.108988e-04,0.3073,0.9902,329
62,features.16,287,pruned_before,nan,0.000000e+00,0.000000e+00,0.0000,0.0000,0
62,features.16,288,pruned_before,nan,0.000000e+00,0.000000e+00,0.0000,0.0000,0
62,features.16,289,pruned_before,nan,0.000000e+00,0.000000e+00,0.0000,0.0000,0
62,features.16,290,pruned_before,nan,0.000000e+00,0.000000e+00,0.0000,0.0000,0
62,features.16,291,active,-0.114634,1.273869e-06,9.701798e-06,0.8976,0.6683,329
62,features.16,292,pruned_before,nan,0.000000e+00,0.000000e+00,0.0000,0.0000,0
62,features.16,293,pruned_before,nan,0.000000e+00,0.000000e+00,0.0000,0.0000,0
62,features.16,294,pruned_before,nan,0.000000e+00,0.000000e+00,0.0000,0.0000,0
62,features.16,295,pruned_before,nan,0.000000e+00,0.000000e+00,0.0000,0.0000,0
62,features.16,296,pruned_before,nan,0.000000e+00,0.000000e+00,0.0000,0.0000,0
62,features.16,297,active,0.024390,4.304860e-09,3.929093e-07,0.0244,0.0732,329
62,features.16,298,pruned_before,nan,0.000000e+00,0.000000e+00,0.0000,0.0000,0
62,features.16,299,protected,0.002439,6.046353e-06,1.638212e-03,0.9951,1.0000,329
62,features.16,300,pruned_before,nan,0.000000e+00,0.000000e+00,0.0000,0.0000,0
62,features.16,301,pruned_before,nan,0.000000e+00,0.000000e+00,0.0000,0.0000,0
62,features.16,302,active,0.260976,1.265562e-07,5.546490e-05,0.4341,0.9561,329
62,features.16,303,pruned_before,nan,0.000000e+00,0.000000e+00,0.0000,0.0000,0
62,features.16,304,pruned_before,nan,0.000000e+00,0.000000e+00,0.0000,0.0000,0
62,features.16,305,pruned_before,nan,0.000000e+00,0.000000e+00,0.0000,0.0000,0
62,features.16,306,active,-0.056098,3.024566e-07,5.529587e-06,0.6439,0.5317,329
62,features.16,307,pruned_before,nan,0.000000e+00,0.000000e+00,0.0000,0.0000,0
62,features.16,308,pruned_before,nan,0.000000e+00,0.000000e+00,0.0000,0.0000,0
62,features.16,309,pruned_before,nan,0.000000e+00,0.000000e+00,0.0000,0.0000,0
62,features.16,310,pruned_before,nan,0.000000e+00,0.000000e+00,0.0000,0.0000,0
62,features.16,311,active,-0.141463,9.945400e-07,6.589184e-06,0.8488,0.5659,329
62,features.16,312,pruned_before,nan,0.000000e+00,0.000000e+00,0.0000,0.0000,0
62,features.16,313,pruned_before,nan,0.000000e+00,0.000000e+00,0.0000,0.0000,0
62,features.16,314,active,-0.031707,5.881926e-08,4.708593e-07,0.1561,0.0927,329
62,features.16,315,pruned_before,nan,0.000000e+00,0.000000e+00,0.0000,0.0000,0
62,features.16,316,active,-0.107317,1.123585e-07,8.719180e-07,0.3756,0.1610,329
62,features.16,317,pruned_before,nan,0.000000e+00,0.000000e+00,0.0000,0.0000,0
62,features.16,318,pruned_before,nan,0.000000e+00,0.000000e+00,0.0000,0.0000,0
62,features.16,319,pruned_before,nan,0.000000e+00,0.000000e+00,0.0000,0.0000,0
62,features.16,320,pruned_before,nan,0.000000e+00,0.000000e+00,0.0000,0.0000,0
62,features.16,321,pruned_before,nan,0.000000e+00,0.000000e+00,0.0000,0.0000,0
62,features.16,322,active,0.141463,3.074588e-07,3.906327e-05,0.6634,0.9463,329
62,features.16,323,pruned_before,nan,0.000000e+00,0.000000e+00,0.0000,0.0000,0
62,features.16,324,pruned_before,nan,0.000000e+00,0.000000e+00,0.0000,0.0000,0
62,features.16,325,pruned_before,nan,0.000000e+00,0.000000e+00,0.0000,0.0000,0
62,features.16,326,pruned_before,nan,0.000000e+00,0.000000e+00,0.0000,0.0000,0
62,features.16,327,active,0.012195,2.601139e-08,4.102106e-07,0.0537,0.0780,329
62,features.16,328,pruned_before,nan,0.000000e+00,0.000000e+00,0.0000,0.0000,0
62,features.16,329,pruned_before,nan,0.000000e+00,0.000000e+00,0.0000,0.0000,0
62,features.16,330,pruned_before,nan,0.000000e+00,0.000000e+00,0.0000,0.0000,0
62,features.16,331,pruned_before,nan,0.000000e+00,0.000000e+00,0.0000,0.0000,0
62,features.16,332,pruned_before,nan,0.000000e+00,0.000000e+00,0.0000,0.0000,0
62,features.16,333,pruned_before,nan,0.000000e+00,0.000000e+00,0.0000,0.0000,0
62,features.16,334,pruned_before,nan,0.000000e+00,0.000000e+00,0.0000,0.0000,0
62,features.16,335,pruned_before,nan,0.000000e+00,0.000000e+00,0.0000,0.0000,0
62,features.16,336,pruned_before,nan,0.000000e+00,0.000000e+00,0.0000,0.0000,0
62,features.16,337,pruned_before,nan,0.000000e+00,0.000000e+00,0.0000,0.0000,0
62,features.16,338,pruned_before,nan,0.000000e+00,0.000000e+00,0.0000,0.0000,0
62,features.16,339,pruned_before,nan,0.000000e+00,0.000000e+00,0.0000,0.0000,0
62,features.16,340,active,0.029268,8.809573e-07,2.723358e-05,0.8341,0.8927,329
62,features.16,341,pruned_before,nan,0.000000e+00,0.000000e+00,0.0000,0.0000,0
62,features.16,342,pruned_before,nan,0.000000e+00,0.000000e+00,0.0000,0.0000,0
62,features.16,343,active,-0.107317,1.868960e-07,2.392024e-06,0.5512,0.3366,329
62,features.16,344,pruned_before,nan,0.000000e+00,0.000000e+00,0.0000,0.0000,0
62,features.16,345,pruned_before,nan,0.000000e+00,0.000000e+00,0.0000,0.0000,0
62,features.16,346,active,0.078049,3.996099e-07,2.577509e-05,0.7220,0.8780,329
62,features.16,347,pruned_before,nan,0.000000e+00,0.000000e+00,0.0000,0.0000,0
62,features.16,348,active,0.000000,0.000000e+00,0.000000e+00,0.0146,0.0146,329
62,features.16,349,active,0.058537,6.461779e-07,2.950914e-05,0.8000,0.9171,329
62,features.16,350,pruned_before,nan,0.000000e+00,0.000000e+00,0.0000,0.0000,0
62,features.16,351,pruned_before,nan,0.000000e+00,0.000000e+00,0.0000,0.0000,0
62,features.16,352,pruned_before,nan,0.000000e+00,0.000000e+00,0.0000,0.0000,0
62,features.16,353,pruned_before,nan,0.000000e+00,0.000000e+00,0.0000,0.0000,0
62,features.16,354,active,-0.085366,1.800219e-07,2.647011e-06,0.5463,0.3756,329
62,features.16,355,pruned_before,nan,0.000000e+00,0.000000e+00,0.0000,0.0000,0
62,features.16,356,active,0.275610,7.860400e-08,1.629106e-05,0.2537,0.8049,329
62,features.16,357,pruned_before,nan,0.000000e+00,0.000000e+00,0.0000,0.0000,0
62,features.16,358,pruned_before,nan,0.000000e+00,0.000000e+00,0.0000,0.0000,0
62,features.16,359,pruned_before,nan,0.000000e+00,0.000000e+00,0.0000,0.0000,0
62,features.16,360,pruned_before,nan,0.000000e+00,0.000000e+00,0.0000,0.0000,0
62,features.16,361,pruned_before,nan,0.000000e+00,0.000000e+00,0.0000,0.0000,0
62,features.16,362,pruned_before,nan,0.000000e+00,0.000000e+00,0.0000,0.0000,0
62,features.16,363,active,-0.100000,5.477638e-07,6.999334e-06,0.7756,0.5756,329
62,features.16,364,pruned_before,nan,0.000000e+00,0.000000e+00,0.0000,0.0000,0
62,features.16,365,pruned_before,nan,0.000000e+00,0.000000e+00,0.0000,0.0000,0
62,features.16,366,pruned_before,nan,0.000000e+00,0.000000e+00,0.0000,0.0000,0
62,features.16,367,pruned_before,nan,0.000000e+00,0.000000e+00,0.0000,0.0000,0
62,features.16,368,pruned_before,nan,0.000000e+00,0.000000e+00,0.0000,0.0000,0
62,features.16,369,pruned_before,nan,0.000000e+00,0.000000e+00,0.0000,0.0000,0
62,features.16,370,active,0.056098,9.910492e-08,3.605547e-06,0.3366,0.4488,329
62,features.16,371,pruned_before,nan,0.000000e+00,0.000000e+00,0.0000,0.0000,0
62,features.16,372,pruned_before,nan,0.000000e+00,0.000000e+00,0.0000,0.0000,0
62,features.16,373,pruned_before,nan,0.000000e+00,0.000000e+00,0.0000,0.0000,0
62,features.16,374,pruned_before,nan,0.000000e+00,0.000000e+00,0.0000,0.0000,0
62,features.16,375,pruned_before,nan,0.000000e+00,0.000000e+00,0.0000,0.0000,0
62,features.16,376,pruned_before,nan,0.000000e+00,0.000000e+00,0.0000,0.0000,0
62,features.16,377,pruned_before,nan,0.000000e+00,0.000000e+00,0.0000,0.0000,0
62,features.16,378,pruned_before,nan,0.000000e+00,0.000000e+00,0.0000,0.0000,0
62,features.16,379,pruned_before,nan,0.000000e+00,0.000000e+00,0.0000,0.0000,0
62,features.16,380,pruned_before,nan,0.000000e+00,0.000000e+00,0.0000,0.0000,0
62,features.16,381,pruned_before,nan,0.000000e+00,0.000000e+00,0.0000,0.0000,0
62,features.16,382,pruned_before,nan,0.000000e+00,0.000000e+00,0.0000,0.0000,0
62,features.16,383,pruned_before,nan,0.000000e+00,0.000000e+00,0.0000,0.0000,0
62,features.16,384,pruned_before,nan,0.000000e+00,0.000000e+00,0.0000,0.0000,0
62,features.16,385,active,-0.104878,3.495724e-06,1.422435e-05,0.9805,0.7707,329
62,features.16,386,active,0.185366,2.355071e-07,6.528247e-05,0.5951,0.9659,329
62,features.16,387,pruned_before,nan,0.000000e+00,0.000000e+00,0.0000,0.0000,0
62,features.16,388,active,0.100000,4.484557e-07,3.539868e-05,0.7317,0.9317,329
62,features.16,389,pruned_before,nan,0.000000e+00,0.000000e+00,0.0000,0.0000,0
62,features.16,390,pruned_before,nan,0.000000e+00,0.000000e+00,0.0000,0.0000,0
62,features.16,391,pruned_before,nan,0.000000e+00,0.000000e+00,0.0000,0.0000,0
62,features.16,392,pruned_before,nan,0.000000e+00,0.000000e+00,0.0000,0.0000,0
62,features.16,393,pruned_before,nan,0.000000e+00,0.000000e+00,0.0000,0.0000,0
62,features.16,394,pruned_before,nan,0.000000e+00,0.000000e+00,0.0000,0.0000,0
62,features.16,395,pruned_before,nan,0.000000e+00,0.000000e+00,0.0000,0.0000,0
62,features.16,396,pruned_before,nan,0.000000e+00,0.000000e+00,0.0000,0.0000,0
62,features.16,397,active,0.234146,7.485074e-08,1.090278e-05,0.2341,0.7024,329
62,features.16,398,pruned_before,nan,0.000000e+00,0.000000e+00,0.0000,0.0000,0
62,features.16,399,pruned_before,nan,0.000000e+00,0.000000e+00,0.0000,0.0000,0
62,features.16,400,pruned_before,nan,0.000000e+00,0.000000e+00,0.0000,0.0000,0
62,features.16,401,pruned_before,nan,0.000000e+00,0.000000e+00,0.0000,0.0000,0
62,features.16,402,pruned_before,nan,0.000000e+00,0.000000e+00,0.0000,0.0000,0
62,features.16,403,pruned_before,nan,0.000000e+00,0.000000e+00,0.0000,0.0000,0
62,features.16,404,active,0.000000,0.000000e+00,0.000000e+00,0.0098,0.0098,329
62,features.16,405,pruned_before,nan,0.000000e+00,0.000000e+00,0.0000,0.0000,0
62,features.16,406,protected,0.053659,1.149427e-06,1.054315e-03,0.8878,0.9951,329
62,features.16,407,pruned_before,nan,0.000000e+00,0.000000e+00,0.0000,0.0000,0
62,features.16,408,pruned_before,nan,0.000000e+00,0.000000e+00,0.0000,0.0000,0
62,features.16,409,pruned_before,nan,0.000000e+00,0.000000e+00,0.0000,0.0000,0
62,features.16,410,pruned_before,nan,0.000000e+00,0.000000e+00,0.0000,0.0000,0
62,features.16,411,pruned_before,nan,0.000000e+00,0.000000e+00,0.0000,0.0000,0
62,features.16,412,pruned_before,nan,0.000000e+00,0.000000e+00,0.0000,0.0000,0
62,features.16,413,active,0.124390,6.763569e-08,3.458741e-06,0.1902,0.4390,329
62,features.16,414,pruned_before,nan,0.000000e+00,0.000000e+00,0.0000,0.0000,0
62,features.16,415,pruned_before,nan,0.000000e+00,0.000000e+00,0.0000,0.0000,0
62,features.16,416,pruned_before,nan,0.000000e+00,0.000000e+00,0.0000,0.0000,0
62,features.16,417,pruned_before,nan,0.000000e+00,0.000000e+00,0.0000,0.0000,0
62,features.16,418,pruned_before,nan,0.000000e+00,0.000000e+00,0.0000,0.0000,0
62,features.16,419,active,0.221951,4.635243e-08,6.227423e-06,0.1073,0.5512,329
62,features.16,420,pruned_now,-0.202439,1.351135e-07,2.678891e-07,0.4683,0.0634,329
62,features.16,421,active,0.085366,6.713182e-08,2.465129e-06,0.1805,0.3512,329
62,features.16,422,pruned_before,nan,0.000000e+00,0.000000e+00,0.0000,0.0000,0
62,features.16,423,pruned_before,nan,0.000000e+00,0.000000e+00,0.0000,0.0000,0
62,features.16,424,pruned_before,nan,0.000000e+00,0.000000e+00,0.0000,0.0000,0
62,features.16,425,active,-0.031707,3.322121e-07,7.810442e-06,0.6683,0.6049,329
62,features.16,426,pruned_before,nan,0.000000e+00,0.000000e+00,0.0000,0.0000,0
62,features.16,427,pruned_before,nan,0.000000e+00,0.000000e+00,0.0000,0.0000,0
62,features.16,428,active,0.056098,4.109289e-07,1.971180e-05,0.7268,0.8390,329
62,features.16,429,pruned_before,nan,0.000000e+00,0.000000e+00,0.0000,0.0000,0
62,features.16,430,pruned_before,nan,0.000000e+00,0.000000e+00,0.0000,0.0000,0
62,features.16,431,pruned_before,nan,0.000000e+00,0.000000e+00,0.0000,0.0000,0
62,features.16,432,pruned_before,nan,0.000000e+00,0.000000e+00,0.0000,0.0000,0
62,features.16,433,active,0.119512,4.879250e-08,2.586747e-06,0.1268,0.3659,329
62,features.16,434,pruned_before,nan,0.000000e+00,0.000000e+00,0.0000,0.0000,0
62,features.16,435,pruned_before,nan,0.000000e+00,0.000000e+00,0.0000,0.0000,0
62,features.16,436,pruned_before,nan,0.000000e+00,0.000000e+00,0.0000,0.0000,0
62,features.16,437,pruned_before,nan,0.000000e+00,0.000000e+00,0.0000,0.0000,0
62,features.16,438,pruned_before,nan,0.000000e+00,0.000000e+00,0.0000,0.0000,0
62,features.16,439,pruned_before,nan,0.000000e+00,0.000000e+00,0.0000,0.0000,0
62,features.16,440,active,-0.109756,8.523377e-07,7.812868e-06,0.8293,0.6098,329
62,features.16,441,pruned_before,nan,0.000000e+00,0.000000e+00,0.0000,0.0000,0
62,features.16,442,pruned_before,nan,0.000000e+00,0.000000e+00,0.0000,0.0000,0
62,features.16,443,active,0.331707,3.669141e-09,1.035565e-05,0.0195,0.6829,329
62,features.16,444,pruned_before,nan,0.000000e+00,0.000000e+00,0.0000,0.0000,0
62,features.16,445,pruned_before,nan,0.000000e+00,0.000000e+00,0.0000,0.0000,0
62,features.16,446,active,0.039024,9.757525e-08,2.738662e-06,0.3122,0.3902,329
62,features.16,447,pruned_before,nan,0.000000e+00,0.000000e+00,0.0000,0.0000,0
62,features.16,448,pruned_before,nan,0.000000e+00,0.000000e+00,0.0000,0.0000,0
62,features.16,449,pruned_before,nan,0.000000e+00,0.000000e+00,0.0000,0.0000,0
62,features.16,450,pruned_before,nan,0.000000e+00,0.000000e+00,0.0000,0.0000,0
62,features.16,451,active,0.107317,2.641111e-08,1.685999e-06,0.0585,0.2732,329
62,features.16,452,pruned_before,nan,0.000000e+00,0.000000e+00,0.0000,0.0000,0
62,features.16,453,pruned_before,nan,0.000000e+00,0.000000e+00,0.0000,0.0000,0
62,features.16,454,pruned_before,nan,0.000000e+00,0.000000e+00,0.0000,0.0000,0
62,features.16,455,active,-0.051220,9.557019e-08,1.152775e-06,0.2976,0.1951,329
62,features.16,456,pruned_before,nan,0.000000e+00,0.000000e+00,0.0000,0.0000,0
62,features.16,457,active,-0.104878,3.431487e-07,4.270871e-06,0.6780,0.4683,329
62,features.16,458,pruned_before,nan,0.000000e+00,0.000000e+00,0.0000,0.0000,0
62,features.16,459,pruned_before,nan,0.000000e+00,0.000000e+00,0.0000,0.0000,0
62,features.16,460,pruned_before,nan,0.000000e+00,0.000000e+00,0.0000,0.0000,0
62,features.16,461,pruned_before,nan,0.000000e+00,0.000000e+00,0.0000,0.0000,0
62,features.16,462,pruned_before,nan,0.000000e+00,0.000000e+00,0.0000,0.0000,0
62,features.16,463,active,-0.090244,8.446740e-08,4.188067e-07,0.2634,0.0829,329
62,features.16,464,pruned_before,nan,0.000000e+00,0.000000e+00,0.0000,0.0000,0
62,features.16,465,pruned_before,nan,0.000000e+00,0.000000e+00,0.0000,0.0000,0
62,features.16,466,pruned_before,nan,0.000000e+00,0.000000e+00,0.0000,0.0000,0
62,features.16,467,pruned_before,nan,0.000000e+00,0.000000e+00,0.0000,0.0000,0
62,features.16,468,pruned_before,nan,0.000000e+00,0.000000e+00,0.0000,0.0000,0
62,features.16,469,pruned_before,nan,0.000000e+00,0.000000e+00,0.0000,0.0000,0
62,features.16,470,pruned_before,nan,0.000000e+00,0.000000e+00,0.0000,0.0000,0
62,features.16,471,pruned_before,nan,0.000000e+00,0.000000e+00,0.0000,0.0000,0
62,features.16,472,active,0.353659,6.876257e-08,2.851812e-05,0.1951,0.9024,329
62,features.16,473,pruned_before,nan,0.000000e+00,0.000000e+00,0.0000,0.0000,0
62,features.16,474,pruned_before,nan,0.000000e+00,0.000000e+00,0.0000,0.0000,0
62,features.16,475,active,-0.119512,3.383100e-06,1.177514e-05,0.9707,0.7317,329
62,features.16,476,pruned_before,nan,0.000000e+00,0.000000e+00,0.0000,0.0000,0
62,features.16,477,pruned_before,nan,0.000000e+00,0.000000e+00,0.0000,0.0000,0
62,features.16,478,pruned_before,nan,0.000000e+00,0.000000e+00,0.0000,0.0000,0
62,features.16,479,active,-0.097561,1.311291e-07,1.602199e-06,0.4488,0.2537,329
62,features.16,480,active,0.019512,2.399384e-07,8.451225e-06,0.6000,0.6390,329
62,features.16,481,pruned_before,nan,0.000000e+00,0.000000e+00,0.0000,0.0000,0
62,features.16,482,pruned_before,nan,0.000000e+00,0.000000e+00,0.0000,0.0000,0
62,features.16,483,pruned_before,nan,0.000000e+00,0.000000e+00,0.0000,0.0000,0
62,features.16,484,pruned_before,nan,0.000000e+00,0.000000e+00,0.0000,0.0000,0
62,features.16,485,pruned_before,nan,0.000000e+00,0.000000e+00,0.0000,0.0000,0
62,features.16,486,pruned_before,nan,0.000000e+00,0.000000e+00,0.0000,0.0000,0
62,features.16,487,pruned_before,nan,0.000000e+00,0.000000e+00,0.0000,0.0000,0
62,features.16,488,pruned_before,nan,0.000000e+00,0.000000e+00,0.0000,0.0000,0
62,features.16,489,pruned_before,nan,0.000000e+00,0.000000e+00,0.0000,0.0000,0
62,features.16,490,pruned_before,nan,0.000000e+00,0.000000e+00,0.0000,0.0000,0
62,features.16,491,pruned_before,nan,0.000000e+00,0.000000e+00,0.0000,0.0000,0
62,features.16,492,pruned_before,nan,0.000000e+00,0.000000e+00,0.0000,0.0000,0
62,features.16,493,pruned_before,nan,0.000000e+00,0.000000e+00,0.0000,0.0000,0
62,features.16,494,pruned_before,nan,0.000000e+00,0.000000e+00,0.0000,0.0000,0
62,features.16,495,pruned_before,nan,0.000000e+00,0.000000e+00,0.0000,0.0000,0
62,features.16,496,pruned_before,nan,0.000000e+00,0.000000e+00,0.0000,0.0000,0
62,features.16,497,pruned_before,nan,0.000000e+00,0.000000e+00,0.0000,0.0000,0
62,features.16,498,pruned_before,nan,0.000000e+00,0.000000e+00,0.0000,0.0000,0
62,features.16,499,pruned_before,nan,0.000000e+00,0.000000e+00,0.0000,0.0000,0
62,features.16,500,pruned_before,nan,0.000000e+00,0.000000e+00,0.0000,0.0000,0
62,features.16,501,pruned_before,nan,0.000000e+00,0.000000e+00,0.0000,0.0000,0
62,features.16,502,pruned_before,nan,0.000000e+00,0.000000e+00,0.0000,0.0000,0
62,features.16,503,pruned_before,nan,0.000000e+00,0.000000e+00,0.0000,0.0000,0
62,features.16,504,pruned_before,nan,0.000000e+00,0.000000e+00,0.0000,0.0000,0
62,features.16,505,pruned_before,nan,0.000000e+00,0.000000e+00,0.0000,0.0000,0
62,features.16,506,pruned_before,nan,0.000000e+00,0.000000e+00,0.0000,0.0000,0
62,features.16,507,pruned_before,nan,0.000000e+00,0.000000e+00,0.0000,0.0000,0
62,features.16,508,pruned_before,nan,0.000000e+00,0.000000e+00,0.0000,0.0000,0
62,features.16,509,active,-0.112195,9.025983e-08,2.366956e-07,0.2829,0.0585,329
62,features.16,510,pruned_before,nan,0.000000e+00,0.000000e+00,0.0000,0.0000,0
62,features.16,511,pruned_before,nan,0.000000e+00,0.000000e+00,0.0000,0.0000,0
62,features.16,512,pruned_before,nan,0.000000e+00,0.000000e+00,0.0000,0.0000,0
62,features.16,513,active,-0.170732,3.032725e-07,2.161659e-06,0.6488,0.3073,329
62,features.16,514,pruned_before,nan,0.000000e+00,0.000000e+00,0.0000,0.0000,0
62,features.16,515,pruned_before,nan,0.000000e+00,0.000000e+00,0.0000,0.0000,0
62,features.16,516,pruned_before,nan,0.000000e+00,0.000000e+00,0.0000,0.0000,0
62,features.16,517,pruned_before,nan,0.000000e+00,0.000000e+00,0.0000,0.0000,0
62,features.16,518,pruned_before,nan,0.000000e+00,0.000000e+00,0.0000,0.0000,0
62,features.16,519,pruned_before,nan,0.000000e+00,0.000000e+00,0.0000,0.0000,0
62,features.16,520,pruned_before,nan,0.000000e+00,0.000000e+00,0.0000,0.0000,0
62,features.16,521,pruned_before,nan,0.000000e+00,0.000000e+00,0.0000,0.0000,0
62,features.16,522,pruned_before,nan,0.000000e+00,0.000000e+00,0.0000,0.0000,0
62,features.16,523,pruned_before,nan,0.000000e+00,0.000000e+00,0.0000,0.0000,0
62,features.16,524,pruned_before,nan,0.000000e+00,0.000000e+00,0.0000,0.0000,0
62,features.16,525,pruned_before,nan,0.000000e+00,0.000000e+00,0.0000,0.0000,0
62,features.16,526,pruned_before,nan,0.000000e+00,0.000000e+00,0.0000,0.0000,0
62,features.16,527,pruned_before,nan,0.000000e+00,0.000000e+00,0.0000,0.0000,0
62,features.16,528,active,-0.146341,1.562953e-06,8.802254e-06,0.9366,0.6439,329
62,features.16,529,pruned_before,nan,0.000000e+00,0.000000e+00,0.0000,0.0000,0
62,features.16,530,active,-0.095122,2.617362e-06,1.353984e-05,0.9561,0.7659,329
62,features.16,531,pruned_before,nan,0.000000e+00,0.000000e+00,0.0000,0.0000,0
62,features.16,532,pruned_before,nan,0.000000e+00,0.000000e+00,0.0000,0.0000,0
62,features.16,533,pruned_before,nan,0.000000e+00,0.000000e+00,0.0000,0.0000,0
62,features.16,534,pruned_before,nan,0.000000e+00,0.000000e+00,0.0000,0.0000,0
62,features.16,535,pruned_before,nan,0.000000e+00,0.000000e+00,0.0000,0.0000,0
62,features.16,536,pruned_before,nan,0.000000e+00,0.000000e+00,0.0000,0.0000,0
62,features.16,537,pruned_before,nan,0.000000e+00,0.000000e+00,0.0000,0.0000,0
62,features.16,538,active,0.017073,3.414909e-07,1.092602e-05,0.6732,0.7073,329
62,features.16,539,pruned_before,nan,0.000000e+00,0.000000e+00,0.0000,0.0000,0
62,features.16,540,pruned_before,nan,0.000000e+00,0.000000e+00,0.0000,0.0000,0
62,features.16,541,pruned_before,nan,0.000000e+00,0.000000e+00,0.0000,0.0000,0
62,features.16,542,active,-0.068293,2.644667e-07,4.337310e-06,0.6146,0.4780,329
62,features.16,543,pruned_before,nan,0.000000e+00,0.000000e+00,0.0000,0.0000,0
62,features.16,544,pruned_before,nan,0.000000e+00,0.000000e+00,0.0000,0.0000,0
62,features.16,545,active,0.046341,1.965267e-07,9.388327e-06,0.5610,0.6537,329
62,features.16,546,pruned_before,nan,0.000000e+00,0.000000e+00,0.0000,0.0000,0
62,features.16,547,pruned_before,nan,0.000000e+00,0.000000e+00,0.0000,0.0000,0
62,features.16,548,pruned_before,nan,0.000000e+00,0.000000e+00,0.0000,0.0000,0
62,features.16,549,pruned_before,nan,0.000000e+00,0.000000e+00,0.0000,0.0000,0
62,features.16,550,active,-0.119512,1.548838e-06,1.046006e-05,0.9268,0.6878,329
62,features.16,551,pruned_before,nan,0.000000e+00,0.000000e+00,0.0000,0.0000,0
62,features.16,552,pruned_before,nan,0.000000e+00,0.000000e+00,0.0000,0.0000,0
62,features.16,553,pruned_before,nan,0.000000e+00,0.000000e+00,0.0000,0.0000,0
62,features.16,554,pruned_before,nan,0.000000e+00,0.000000e+00,0.0000,0.0000,0
62,features.16,555,pruned_before,nan,0.000000e+00,0.000000e+00,0.0000,0.0000,0
62,features.16,556,pruned_before,nan,0.000000e+00,0.000000e+00,0.0000,0.0000,0
62,features.16,557,pruned_before,nan,0.000000e+00,0.000000e+00,0.0000,0.0000,0
62,features.16,558,pruned_before,nan,0.000000e+00,0.000000e+00,0.0000,0.0000,0
62,features.16,559,active,-0.017073,5.308360e-07,1.193234e-05,0.7707,0.7366,329
62,features.16,560,pruned_before,nan,0.000000e+00,0.000000e+00,0.0000,0.0000,0
62,features.16,561,pruned_before,nan,0.000000e+00,0.000000e+00,0.0000,0.0000,0
62,features.16,562,pruned_before,nan,0.000000e+00,0.000000e+00,0.0000,0.0000,0
62,features.16,563,pruned_before,nan,0.000000e+00,0.000000e+00,0.0000,0.0000,0
62,features.16,564,pruned_before,nan,0.000000e+00,0.000000e+00,0.0000,0.0000,0
62,features.16,565,pruned_before,nan,0.000000e+00,0.000000e+00,0.0000,0.0000,0
62,features.16,566,pruned_before,nan,0.000000e+00,0.000000e+00,0.0000,0.0000,0
62,features.16,567,pruned_before,nan,0.000000e+00,0.000000e+00,0.0000,0.0000,0
62,features.16,568,pruned_before,nan,0.000000e+00,0.000000e+00,0.0000,0.0000,0
62,features.16,569,pruned_before,nan,0.000000e+00,0.000000e+00,0.0000,0.0000,0
62,features.16,570,active,0.024390,1.187548e-07,4.253101e-06,0.4146,0.4634,329
62,features.16,571,pruned_before,nan,0.000000e+00,0.000000e+00,0.0000,0.0000,0
62,features.16,572,pruned_before,nan,0.000000e+00,0.000000e+00,0.0000,0.0000,0
62,features.16,573,active,0.000000,7.853305e-08,1.563195e-06,0.2488,0.2488,329
62,features.16,574,pruned_before,nan,0.000000e+00,0.000000e+00,0.0000,0.0000,0
62,features.16,575,pruned_before,nan,0.000000e+00,0.000000e+00,0.0000,0.0000,0
62,features.16,576,pruned_before,nan,0.000000e+00,0.000000e+00,0.0000,0.0000,0
62,features.16,577,pruned_before,nan,0.000000e+00,0.000000e+00,0.0000,0.0000,0
62,features.16,578,pruned_before,nan,0.000000e+00,0.000000e+00,0.0000,0.0000,0
62,features.16,579,pruned_before,nan,0.000000e+00,0.000000e+00,0.0000,0.0000,0
62,features.16,580,active,0.119512,9.084094e-08,5.468024e-06,0.2878,0.5268,329
62,features.16,581,pruned_before,nan,0.000000e+00,0.000000e+00,0.0000,0.0000,0
62,features.16,582,active,0.385366,1.075625e-08,1.530819e-05,0.0293,0.8000,329
62,features.16,583,pruned_before,nan,0.000000e+00,0.000000e+00,0.0000,0.0000,0
62,features.16,584,pruned_before,nan,0.000000e+00,0.000000e+00,0.0000,0.0000,0
62,features.16,585,pruned_before,nan,0.000000e+00,0.000000e+00,0.0000,0.0000,0
62,features.16,586,pruned_before,nan,0.000000e+00,0.000000e+00,0.0000,0.0000,0
62,features.16,587,active,-0.026829,6.898832e-07,1.303878e-05,0.8049,0.7512,329
62,features.16,588,pruned_before,nan,0.000000e+00,0.000000e+00,0.0000,0.0000,0
62,features.16,589,active,-0.004878,9.859312e-08,2.251491e-06,0.3268,0.3171,329
62,features.16,590,pruned_before,nan,0.000000e+00,0.000000e+00,0.0000,0.0000,0
62,features.16,591,pruned_before,nan,0.000000e+00,0.000000e+00,0.0000,0.0000,0
62,features.16,592,pruned_before,nan,0.000000e+00,0.000000e+00,0.0000,0.0000,0
62,features.16,593,pruned_before,nan,0.000000e+00,0.000000e+00,0.0000,0.0000,0
62,features.16,594,pruned_before,nan,0.000000e+00,0.000000e+00,0.0000,0.0000,0
62,features.16,595,pruned_before,nan,0.000000e+00,0.000000e+00,0.0000,0.0000,0
62,features.16,596,active,0.051220,7.714134e-08,2.448986e-06,0.2439,0.3463,329
62,features.16,597,active,-0.036585,1.081951e-07,2.008917e-06,0.3659,0.2927,329
62,features.16,598,pruned_before,nan,0.000000e+00,0.000000e+00,0.0000,0.0000,0
62,features.16,599,active,0.007317,3.011748e-06,1.355972e-04,0.9659,0.9805,329
62,features.16,600,pruned_before,nan,0.000000e+00,0.000000e+00,0.0000,0.0000,0
62,features.16,601,pruned_before,nan,0.000000e+00,0.000000e+00,0.0000,0.0000,0
62,features.16,602,pruned_before,nan,0.000000e+00,0.000000e+00,0.0000,0.0000,0
62,features.16,603,pruned_before,nan,0.000000e+00,0.000000e+00,0.0000,0.0000,0
62,features.16,604,pruned_before,nan,0.000000e+00,0.000000e+00,0.0000,0.0000,0
62,features.16,605,pruned_before,nan,0.000000e+00,0.000000e+00,0.0000,0.0000,0
62,features.16,606,pruned_now,-0.234146,1.763979e-07,3.500286e-07,0.5366,0.0683,329
62,features.16,607,active,0.039024,4.722723e-07,1.857006e-05,0.7512,0.8293,329
62,features.16,608,pruned_before,nan,0.000000e+00,0.000000e+00,0.0000,0.0000,0
62,features.16,609,active,-0.004878,2.210616e-06,3.828557e-05,0.9512,0.9415,329
62,features.16,610,pruned_before,nan,0.000000e+00,0.000000e+00,0.0000,0.0000,0
62,features.16,611,pruned_before,nan,0.000000e+00,0.000000e+00,0.0000,0.0000,0
62,features.16,612,active,-0.036585,7.134691e-08,7.186311e-07,0.2049,0.1317,329
62,features.16,613,pruned_before,nan,0.000000e+00,0.000000e+00,0.0000,0.0000,0
62,features.16,614,pruned_before,nan,0.000000e+00,0.000000e+00,0.0000,0.0000,0
62,features.16,615,pruned_before,nan,0.000000e+00,0.000000e+00,0.0000,0.0000,0
62,features.16,616,pruned_before,nan,0.000000e+00,0.000000e+00,0.0000,0.0000,0
62,features.16,617,pruned_before,nan,0.000000e+00,0.000000e+00,0.0000,0.0000,0
62,features.16,618,pruned_before,nan,0.000000e+00,0.000000e+00,0.0000,0.0000,0
62,features.16,619,pruned_before,nan,0.000000e+00,0.000000e+00,0.0000,0.0000,0
62,features.16,620,active,0.051220,7.609280e-08,2.409882e-06,0.2390,0.3415,329
62,features.16,621,pruned_before,nan,0.000000e+00,0.000000e+00,0.0000,0.0000,0
62,features.16,622,pruned_before,nan,0.000000e+00,0.000000e+00,0.0000,0.0000,0
62,features.16,623,pruned_before,nan,0.000000e+00,0.000000e+00,0.0000,0.0000,0
62,features.16,624,pruned_before,nan,0.000000e+00,0.000000e+00,0.0000,0.0000,0
62,features.16,625,pruned_before,nan,0.000000e+00,0.000000e+00,0.0000,0.0000,0
62,features.16,626,active,-0.007317,4.658828e-08,5.016063e-07,0.1122,0.0976,329
62,features.16,627,pruned_before,nan,0.000000e+00,0.000000e+00,0.0000,0.0000,0
62,features.16,628,pruned_before,nan,0.000000e+00,0.000000e+00,0.0000,0.0000,0
62,features.16,629,pruned_before,nan,0.000000e+00,0.000000e+00,0.0000,0.0000,0
62,features.16,630,pruned_before,nan,0.000000e+00,0.000000e+00,0.0000,0.0000,0
62,features.16,631,active,-0.085366,1.050720e-07,1.098391e-06,0.3610,0.1902,329
62,features.16,632,pruned_before,nan,0.000000e+00,0.000000e+00,0.0000,0.0000,0
62,features.16,633,pruned_before,nan,0.000000e+00,0.000000e+00,0.0000,0.0000,0
62,features.16,634,pruned_before,nan,0.000000e+00,0.000000e+00,0.0000,0.0000,0
62,features.16,635,pruned_before,nan,0.000000e+00,0.000000e+00,0.0000,0.0000,0
62,features.16,636,active,0.234146,7.241254e-08,1.046243e-05,0.2244,0.6927,329
62,features.16,637,pruned_before,nan,0.000000e+00,0.000000e+00,0.0000,0.0000,0
62,features.16,638,active,0.139024,2.895191e-07,2.875679e-05,0.6293,0.9073,329
62,features.16,639,pruned_before,nan,0.000000e+00,0.000000e+00,0.0000,0.0000,0
62,features.16,640,pruned_before,nan,0.000000e+00,0.000000e+00,0.0000,0.0000,0
62,features.16,641,pruned_before,nan,0.000000e+00,0.000000e+00,0.0000,0.0000,0
62,features.16,642,pruned_before,nan,0.000000e+00,0.000000e+00,0.0000,0.0000,0
62,features.16,643,active,0.156098,1.899128e-07,2.403585e-05,0.5561,0.8683,329
62,features.16,644,active,-0.065854,9.907900e-08,1.191935e-06,0.3317,0.2000,329
62,features.16,645,pruned_before,nan,0.000000e+00,0.000000e+00,0.0000,0.0000,0
62,features.16,646,active,-0.097561,9.816605e-08,5.962682e-07,0.3171,0.1220,329
62,features.16,647,pruned_before,nan,0.000000e+00,0.000000e+00,0.0000,0.0000,0
62,features.16,648,pruned_before,nan,0.000000e+00,0.000000e+00,0.0000,0.0000,0
62,features.16,649,pruned_before,nan,0.000000e+00,0.000000e+00,0.0000,0.0000,0
62,features.16,650,pruned_before,nan,0.000000e+00,0.000000e+00,0.0000,0.0000,0
62,features.16,651,pruned_before,nan,0.000000e+00,0.000000e+00,0.0000,0.0000,0
62,features.16,652,active,-0.170732,1.160644e-07,2.200231e-07,0.3902,0.0488,329
62,features.16,653,pruned_before,nan,0.000000e+00,0.000000e+00,0.0000,0.0000,0
62,features.16,654,pruned_before,nan,0.000000e+00,0.000000e+00,0.0000,0.0000,0
62,features.16,655,pruned_before,nan,0.000000e+00,0.000000e+00,0.0000,0.0000,0
62,features.16,656,pruned_before,nan,0.000000e+00,0.000000e+00,0.0000,0.0000,0
62,features.16,657,active,0.024390,1.111031e-06,3.152512e-05,0.8780,0.9268,329
62,features.16,658,pruned_before,nan,0.000000e+00,0.000000e+00,0.0000,0.0000,0
62,features.16,659,pruned_before,nan,0.000000e+00,0.000000e+00,0.0000,0.0000,0
62,features.16,660,pruned_before,nan,0.000000e+00,0.000000e+00,0.0000,0.0000,0
62,features.16,661,pruned_before,nan,0.000000e+00,0.000000e+00,0.0000,0.0000,0
62,features.16,662,active,-0.068293,3.853463e-07,7.025440e-06,0.7171,0.5805,329
62,features.16,663,pruned_before,nan,0.000000e+00,0.000000e+00,0.0000,0.0000,0
62,features.16,664,active,-0.043902,1.010234e-06,1.423470e-05,0.8634,0.7756,329
62,features.16,665,pruned_before,nan,0.000000e+00,0.000000e+00,0.0000,0.0000,0
62,features.16,666,pruned_before,nan,0.000000e+00,0.000000e+00,0.0000,0.0000,0
62,features.16,667,pruned_before,nan,0.000000e+00,0.000000e+00,0.0000,0.0000,0
62,features.16,668,pruned_before,nan,0.000000e+00,0.000000e+00,0.0000,0.0000,0
62,features.16,669,active,0.143902,6.430058e-08,3.699194e-06,0.1659,0.4537,329
62,features.16,670,pruned_before,nan,0.000000e+00,0.000000e+00,0.0000,0.0000,0
62,features.16,671,pruned_before,nan,0.000000e+00,0.000000e+00,0.0000,0.0000,0
62,features.16,672,pruned_before,nan,0.000000e+00,0.000000e+00,0.0000,0.0000,0
62,features.16,673,active,0.041463,5.050464e-08,1.240167e-06,0.1317,0.2146,329
62,features.16,674,pruned_before,nan,0.000000e+00,0.000000e+00,0.0000,0.0000,0
62,features.16,675,active,-0.034146,7.838262e-07,1.281397e-05,0.8146,0.7463,329
62,features.16,676,pruned_before,nan,0.000000e+00,0.000000e+00,0.0000,0.0000,0
62,features.16,677,pruned_before,nan,0.000000e+00,0.000000e+00,0.0000,0.0000,0
62,features.16,678,pruned_before,nan,0.000000e+00,0.000000e+00,0.0000,0.0000,0
62,features.16,679,pruned_before,nan,0.000000e+00,0.000000e+00,0.0000,0.0000,0
62,features.16,680,pruned_before,nan,0.000000e+00,0.000000e+00,0.0000,0.0000,0
62,features.16,681,pruned_before,nan,0.000000e+00,0.000000e+00,0.0000,0.0000,0
62,features.16,682,pruned_before,nan,0.000000e+00,0.000000e+00,0.0000,0.0000,0
62,features.16,683,pruned_before,nan,0.000000e+00,0.000000e+00,0.0000,0.0000,0
62,features.16,684,pruned_before,nan,0.000000e+00,0.000000e+00,0.0000,0.0000,0
62,features.16,685,active,0.007317,3.043184e-07,9.895941e-06,0.6585,0.6732,329
62,features.16,686,pruned_before,nan,0.000000e+00,0.000000e+00,0.0000,0.0000,0
62,features.16,687,pruned_before,nan,0.000000e+00,0.000000e+00,0.0000,0.0000,0
62,features.16,688,pruned_before,nan,0.000000e+00,0.000000e+00,0.0000,0.0000,0
62,features.16,689,pruned_before,nan,0.000000e+00,0.000000e+00,0.0000,0.0000,0
62,features.16,690,pruned_before,nan,0.000000e+00,0.000000e+00,0.0000,0.0000,0
62,features.16,691,pruned_before,nan,0.000000e+00,0.000000e+00,0.0000,0.0000,0
62,features.16,692,active,-0.004878,3.023887e-07,8.014208e-06,0.6390,0.6293,329
62,features.16,693,pruned_before,nan,0.000000e+00,0.000000e+00,0.0000,0.0000,0
62,features.16,694,pruned_before,nan,0.000000e+00,0.000000e+00,0.0000,0.0000,0
62,features.16,695,pruned_before,nan,0.000000e+00,0.000000e+00,0.0000,0.0000,0
62,features.16,696,pruned_before,nan,0.000000e+00,0.000000e+00,0.0000,0.0000,0
62,features.16,697,pruned_before,nan,0.000000e+00,0.000000e+00,0.0000,0.0000,0
62,features.16,698,pruned_before,nan,0.000000e+00,0.000000e+00,0.0000,0.0000,0
62,features.16,699,pruned_before,nan,0.000000e+00,0.000000e+00,0.0000,0.0000,0
62,features.16,700,pruned_before,nan,0.000000e+00,0.000000e+00,0.0000,0.0000,0
62,features.16,701,pruned_before,nan,0.000000e+00,0.000000e+00,0.0000,0.0000,0
62,features.16,702,active,-0.031707,1.274520e-07,2.669008e-06,0.4439,0.3805,329
62,features.16,703,pruned_before,nan,0.000000e+00,0.000000e+00,0.0000,0.0000,0
62,features.16,704,pruned_before,nan,0.000000e+00,0.000000e+00,0.0000,0.0000,0
62,features.16,705,active,-0.063415,2.592155e-07,4.476968e-06,0.6098,0.4829,329
62,features.16,706,pruned_before,nan,0.000000e+00,0.000000e+00,0.0000,0.0000,0
62,features.16,707,active,-0.119512,9.510608e-08,2.266447e-07,0.2927,0.0537,329
62,features.16,708,active,0.060976,8.884189e-07,6.024689e-05,0.8390,0.9610,329
62,features.16,709,pruned_before,nan,0.000000e+00,0.000000e+00,0.0000,0.0000,0
62,features.16,710,active,0.034146,4.754150e-07,1.856244e-05,0.7561,0.8244,329
62,features.16,711,pruned_before,nan,0.000000e+00,0.000000e+00,0.0000,0.0000,0
62,features.16,712,active,0.009756,2.508635e-07,7.981474e-06,0.6049,0.6244,329
62,features.16,713,pruned_before,nan,0.000000e+00,0.000000e+00,0.0000,0.0000,0
62,features.16,714,pruned_before,nan,0.000000e+00,0.000000e+00,0.0000,0.0000,0
62,features.16,715,active,0.034146,5.979525e-07,2.322545e-05,0.7854,0.8537,329
62,features.16,716,pruned_before,nan,0.000000e+00,0.000000e+00,0.0000,0.0000,0
62,features.16,717,active,-0.078049,1.207875e-07,1.660258e-06,0.4244,0.2683,329
62,features.16,718,pruned_before,nan,0.000000e+00,0.000000e+00,0.0000,0.0000,0
62,features.16,719,pruned_before,nan,0.000000e+00,0.000000e+00,0.0000,0.0000,0
62,features.16,720,active,0.051220,1.884776e-08,7.572286e-07,0.0439,0.1463,329
62,features.16,721,pruned_before,nan,0.000000e+00,0.000000e+00,0.0000,0.0000,0
62,features.16,722,pruned_before,nan,0.000000e+00,0.000000e+00,0.0000,0.0000,0
62,features.16,723,active,0.219512,1.337361e-07,2.728627e-05,0.4585,0.8976,329
62,features.16,724,pruned_before,nan,0.000000e+00,0.000000e+00,0.0000,0.0000,0
62,features.16,725,active,-0.058537,1.728450e-07,3.148226e-06,0.5220,0.4049,329
62,features.16,726,pruned_before,nan,0.000000e+00,0.000000e+00,0.0000,0.0000,0
62,features.16,727,pruned_before,nan,0.000000e+00,0.000000e+00,0.0000,0.0000,0
62,features.16,728,pruned_before,nan,0.000000e+00,0.000000e+00,0.0000,0.0000,0
62,features.16,729,pruned_before,nan,0.000000e+00,0.000000e+00,0.0000,0.0000,0
62,features.16,730,pruned_before,nan,0.000000e+00,0.000000e+00,0.0000,0.0000,0
62,features.16,731,pruned_before,nan,0.000000e+00,0.000000e+00,0.0000,0.0000,0
62,features.16,732,pruned_before,nan,0.000000e+00,0.000000e+00,0.0000,0.0000,0
62,features.16,733,pruned_before,nan,0.000000e+00,0.000000e+00,0.0000,0.0000,0
62,features.16,734,pruned_before,nan,0.000000e+00,0.000000e+00,0.0000,0.0000,0
62,features.16,735,active,0.134146,9.838737e-08,7.278998e-06,0.3220,0.5902,329
62,features.16,736,pruned_before,nan,0.000000e+00,0.000000e+00,0.0000,0.0000,0
62,features.16,737,pruned_before,nan,0.000000e+00,0.000000e+00,0.0000,0.0000,0
62,features.16,738,pruned_before,nan,0.000000e+00,0.000000e+00,0.0000,0.0000,0
62,features.16,739,pruned_before,nan,0.000000e+00,0.000000e+00,0.0000,0.0000,0
62,features.16,740,pruned_before,nan,0.000000e+00,0.000000e+00,0.0000,0.0000,0
62,features.16,741,pruned_before,nan,0.000000e+00,0.000000e+00,0.0000,0.0000,0
62,features.16,742,pruned_before,nan,0.000000e+00,0.000000e+00,0.0000,0.0000,0
62,features.16,743,pruned_before,nan,0.000000e+00,0.000000e+00,0.0000,0.0000,0
62,features.16,744,active,-0.134146,3.672780e-07,3.394131e-06,0.7024,0.4341,329
62,features.16,745,active,0.043902,7.143053e-08,2.086344e-06,0.2098,0.2976,329
62,features.16,746,pruned_before,nan,0.000000e+00,0.000000e+00,0.0000,0.0000,0
62,features.16,747,pruned_before,nan,0.000000e+00,0.000000e+00,0.0000,0.0000,0
62,features.16,748,active,-0.039024,1.522473e-06,1.895042e-05,0.9122,0.8341,329
62,features.16,749,pruned_before,nan,0.000000e+00,0.000000e+00,0.0000,0.0000,0
62,features.16,750,pruned_before,nan,0.000000e+00,0.000000e+00,0.0000,0.0000,0
62,features.16,751,active,-0.156098,1.216953e-07,5.628044e-07,0.4293,0.1171,329
62,features.16,752,active,0.146341,4.848270e-08,3.220036e-06,0.1220,0.4146,329
62,features.16,753,pruned_before,nan,0.000000e+00,0.000000e+00,0.0000,0.0000,0
62,features.16,754,pruned_before,nan,0.000000e+00,0.000000e+00,0.0000,0.0000,0
62,features.16,755,pruned_before,nan,0.000000e+00,0.000000e+00,0.0000,0.0000,0
62,features.16,756,pruned_before,nan,0.000000e+00,0.000000e+00,0.0000,0.0000,0
62,features.16,757,active,0.151220,1.161853e-07,1.065424e-05,0.3951,0.6976,329
62,features.16,758,pruned_before,nan,0.000000e+00,0.000000e+00,0.0000,0.0000,0
62,features.16,759,pruned_before,nan,0.000000e+00,0.000000e+00,0.0000,0.0000,0
62,features.16,760,pruned_before,nan,0.000000e+00,0.000000e+00,0.0000,0.0000,0
62,features.16,761,pruned_before,nan,0.000000e+00,0.000000e+00,0.0000,0.0000,0
62,features.16,762,pruned_before,nan,0.000000e+00,0.000000e+00,0.0000,0.0000,0
62,features.16,763,active,-0.143902,1.543563e-06,8.232581e-06,0.9220,0.6341,329
62,features.16,764,active,0.260976,5.424711e-08,9.631670e-06,0.1415,0.6634,329
62,features.16,765,active,-0.004878,3.831628e-06,1.220174e-04,0.9854,0.9756,329
62,features.16,766,pruned_now,-0.200000,2.205306e-07,1.096099e-06,0.5854,0.1854,329
62,features.16,767,pruned_before,nan,0.000000e+00,0.000000e+00,0.0000,0.0000,0
62,features.16,768,pruned_before,nan,0.000000e+00,0.000000e+00,0.0000,0.0000,0
62,features.16,769,pruned_before,nan,0.000000e+00,0.000000e+00,0.0000,0.0000,0
62,features.16,770,pruned_before,nan,0.000000e+00,0.000000e+00,0.0000,0.0000,0
62,features.16,771,pruned_before,nan,0.000000e+00,0.000000e+00,0.0000,0.0000,0
62,features.16,772,pruned_before,nan,0.000000e+00,0.000000e+00,0.0000,0.0000,0
62,features.16,773,pruned_before,nan,0.000000e+00,0.000000e+00,0.0000,0.0000,0
62,features.16,774,pruned_before,nan,0.000000e+00,0.000000e+00,0.0000,0.0000,0
62,features.16,775,pruned_before,nan,0.000000e+00,0.000000e+00,0.0000,0.0000,0
62,features.16,776,pruned_before,nan,0.000000e+00,0.000000e+00,0.0000,0.0000,0
62,features.16,777,pruned_before,nan,0.000000e+00,0.000000e+00,0.0000,0.0000,0
62,features.16,778,pruned_before,nan,0.000000e+00,0.000000e+00,0.0000,0.0000,0
62,features.16,779,pruned_before,nan,0.000000e+00,0.000000e+00,0.0000,0.0000,0
62,features.16,780,pruned_before,nan,0.000000e+00,0.000000e+00,0.0000,0.0000,0
62,features.16,781,pruned_before,nan,0.000000e+00,0.000000e+00,0.0000,0.0000,0
62,features.16,782,active,0.102439,3.678966e-08,1.830830e-06,0.0780,0.2829,329
62,features.16,783,pruned_before,nan,0.000000e+00,0.000000e+00,0.0000,0.0000,0
62,features.16,784,active,-0.029268,5.549886e-08,4.299892e-07,0.1463,0.0878,329
62,features.16,785,pruned_before,nan,0.000000e+00,0.000000e+00,0.0000,0.0000,0
62,features.16,786,pruned_before,nan,0.000000e+00,0.000000e+00,0.0000,0.0000,0
62,features.16,787,active,0.329268,8.927045e-08,3.771705e-05,0.2780,0.9366,329
62,features.16,788,pruned_before,nan,0.000000e+00,0.000000e+00,0.0000,0.0000,0
62,features.16,789,pruned_before,nan,0.000000e+00,0.000000e+00,0.0000,0.0000,0
62,features.16,790,pruned_before,nan,0.000000e+00,0.000000e+00,0.0000,0.0000,0
62,features.16,791,pruned_before,nan,0.000000e+00,0.000000e+00,0.0000,0.0000,0
62,features.16,792,active,0.026829,1.085089e-07,3.307747e-06,0.3707,0.4244,329
62,features.16,793,pruned_before,nan,0.000000e+00,0.000000e+00,0.0000,0.0000,0
62,features.16,794,active,-0.131707,2.344816e-07,2.359269e-06,0.5902,0.3268,329
62,features.16,795,pruned_before,nan,0.000000e+00,0.000000e+00,0.0000,0.0000,0
62,features.16,796,pruned_before,nan,0.000000e+00,0.000000e+00,0.0000,0.0000,0
62,features.16,797,pruned_before,nan,0.000000e+00,0.000000e+00,0.0000,0.0000,0
62,features.16,798,active,-0.112195,5.072164e-07,6.135294e-06,0.7659,0.5415,329
62,features.16,799,active,0.058537,1.733757e-08,8.139406e-07,0.0390,0.1561,329
62,features.16,800,pruned_before,nan,0.000000e+00,0.000000e+00,0.0000,0.0000,0
62,features.16,801,pruned_before,nan,0.000000e+00,0.000000e+00,0.0000,0.0000,0
62,features.16,802,pruned_before,nan,0.000000e+00,0.000000e+00,0.0000,0.0000,0
62,features.16,803,pruned_before,nan,0.000000e+00,0.000000e+00,0.0000,0.0000,0
62,features.16,804,pruned_before,nan,0.000000e+00,0.000000e+00,0.0000,0.0000,0
62,features.16,805,active,-0.146341,3.779004e-07,3.297992e-06,0.7122,0.4195,329
62,features.16,806,pruned_before,nan,0.000000e+00,0.000000e+00,0.0000,0.0000,0
62,features.16,807,pruned_before,nan,0.000000e+00,0.000000e+00,0.0000,0.0000,0
62,features.16,808,pruned_before,nan,0.000000e+00,0.000000e+00,0.0000,0.0000,0
62,features.16,809,active,0.002439,8.280742e-08,1.630040e-06,0.2585,0.2634,329
62,features.16,810,pruned_before,nan,0.000000e+00,0.000000e+00,0.0000,0.0000,0
62,features.16,811,pruned_before,nan,0.000000e+00,0.000000e+00,0.0000,0.0000,0
62,features.16,812,pruned_before,nan,0.000000e+00,0.000000e+00,0.0000,0.0000,0
62,features.16,813,pruned_before,nan,0.000000e+00,0.000000e+00,0.0000,0.0000,0
62,features.16,814,active,0.000000,0.000000e+00,0.000000e+00,0.0000,0.0000,329
62,features.16,815,pruned_before,nan,0.000000e+00,0.000000e+00,0.0000,0.0000,0
62,features.16,816,pruned_before,nan,0.000000e+00,0.000000e+00,0.0000,0.0000,0
62,features.16,817,pruned_before,nan,0.000000e+00,0.000000e+00,0.0000,0.0000,0
62,features.16,818,pruned_before,nan,0.000000e+00,0.000000e+00,0.0000,0.0000,0
62,features.16,819,pruned_before,nan,0.000000e+00,0.000000e+00,0.0000,0.0000,0
62,features.16,820,pruned_before,nan,0.000000e+00,0.000000e+00,0.0000,0.0000,0
62,features.16,821,active,-0.026829,1.184938e-07,2.510140e-06,0.4098,0.3561,329
62,features.16,822,pruned_before,nan,0.000000e+00,0.000000e+00,0.0000,0.0000,0
62,features.16,823,pruned_before,nan,0.000000e+00,0.000000e+00,0.0000,0.0000,0
62,features.16,824,pruned_before,nan,0.000000e+00,0.000000e+00,0.0000,0.0000,0
62,features.16,825,pruned_before,nan,0.000000e+00,0.000000e+00,0.0000,0.0000,0
62,features.16,826,active,0.068293,1.168324e-07,5.849611e-06,0.4000,0.5366,329
62,features.16,827,pruned_before,nan,0.000000e+00,0.000000e+00,0.0000,0.0000,0
62,features.16,828,active,-0.063415,3.399616e-06,2.162136e-05,0.9756,0.8488,329
62,features.16,829,pruned_before,nan,0.000000e+00,0.000000e+00,0.0000,0.0000,0
62,features.16,830,pruned_before,nan,0.000000e+00,0.000000e+00,0.0000,0.0000,0
62,features.16,831,pruned_before,nan,0.000000e+00,0.000000e+00,0.0000,0.0000,0
62,features.16,832,pruned_now,-0.190244,1.726909e-07,7.281610e-07,0.5171,0.1366,329
62,features.16,833,pruned_before,nan,0.000000e+00,0.000000e+00,0.0000,0.0000,0
62,features.16,834,active,-0.051219,4.860496e-07,9.515030e-06,0.7610,0.6585,329
62,features.16,835,active,-0.087805,2.122211e-07,2.956531e-06,0.5756,0.4000,329
62,features.16,836,active,0.012195,2.962428e-06,1.570954e-04,0.9610,0.9854,329
62,features.16,837,pruned_before,nan,0.000000e+00,0.000000e+00,0.0000,0.0000,0
62,features.16,838,active,-0.029268,1.947600e-06,2.608875e-05,0.9415,0.8829,329
62,features.16,839,pruned_before,nan,0.000000e+00,0.000000e+00,0.0000,0.0000,0
62,features.16,840,pruned_before,nan,0.000000e+00,0.000000e+00,0.0000,0.0000,0
62,features.16,841,active,-0.082927,8.726977e-08,5.477862e-07,0.2732,0.1073,329
62,features.16,842,pruned_before,nan,0.000000e+00,0.000000e+00,0.0000,0.0000,0
62,features.16,843,active,0.170732,1.762612e-07,2.438948e-05,0.5317,0.8732,329
62,features.16,844,active,-0.146341,1.272129e-06,7.476586e-06,0.8927,0.6000,329
62,features.16,845,pruned_before,nan,0.000000e+00,0.000000e+00,0.0000,0.0000,0
62,features.16,846,pruned_before,nan,0.000000e+00,0.000000e+00,0.0000,0.0000,0
62,features.16,847,pruned_before,nan,0.000000e+00,0.000000e+00,0.0000,0.0000,0
62,features.16,848,pruned_before,nan,0.000000e+00,0.000000e+00,0.0000,0.0000,0
62,features.16,849,active,-0.024390,8.990299e-07,1.472053e-05,0.8439,0.7951,329
62,features.16,850,pruned_before,nan,0.000000e+00,0.000000e+00,0.0000,0.0000,0
62,features.16,851,pruned_before,nan,0.000000e+00,0.000000e+00,0.0000,0.0000,0
62,features.16,852,pruned_before,nan,0.000000e+00,0.000000e+00,0.0000,0.0000,0
62,features.16,853,pruned_before,nan,0.000000e+00,0.000000e+00,0.0000,0.0000,0
62,features.16,854,pruned_before,nan,0.000000e+00,0.000000e+00,0.0000,0.0000,0
62,features.16,855,pruned_before,nan,0.000000e+00,0.000000e+00,0.0000,0.0000,0
62,features.16,856,pruned_before,nan,0.000000e+00,0.000000e+00,0.0000,0.0000,0
62,features.16,857,pruned_before,nan,0.000000e+00,0.000000e+00,0.0000,0.0000,0
62,features.16,858,pruned_before,nan,0.000000e+00,0.000000e+00,0.0000,0.0000,0
62,features.16,859,pruned_before,nan,0.000000e+00,0.000000e+00,0.0000,0.0000,0
62,features.16,860,pruned_before,nan,0.000000e+00,0.000000e+00,0.0000,0.0000,0
62,features.16,861,active,0.014634,1.998859e-07,7.350258e-06,0.5659,0.5951,329
62,features.16,862,pruned_before,nan,0.000000e+00,0.000000e+00,0.0000,0.0000,0
62,features.16,863,pruned_before,nan,0.000000e+00,0.000000e+00,0.0000,0.0000,0
62,features.16,864,active,-0.156098,1.269702e-07,6.313360e-07,0.4390,0.1268,329
62,features.16,865,pruned_before,nan,0.000000e+00,0.000000e+00,0.0000,0.0000,0
62,features.16,866,pruned_before,nan,0.000000e+00,0.000000e+00,0.0000,0.0000,0
62,features.16,867,pruned_before,nan,0.000000e+00,0.000000e+00,0.0000,0.0000,0
62,features.16,868,active,0.134146,6.544408e-08,3.510380e-06,0.1756,0.4439,329
62,features.16,869,pruned_before,nan,0.000000e+00,0.000000e+00,0.0000,0.0000,0
62,features.16,870,active,-0.068293,2.741117e-07,4.823089e-06,0.6244,0.4878,329
62,features.16,871,pruned_before,nan,0.000000e+00,0.000000e+00,0.0000,0.0000,0
62,features.16,872,pruned_before,nan,0.000000e+00,0.000000e+00,0.0000,0.0000,0
62,features.16,873,pruned_before,nan,0.000000e+00,0.000000e+00,0.0000,0.0000,0
62,features.16,874,pruned_before,nan,0.000000e+00,0.000000e+00,0.0000,0.0000,0
62,features.16,875,pruned_before,nan,0.000000e+00,0.000000e+00,0.0000,0.0000,0
62,features.16,876,pruned_before,nan,0.000000e+00,0.000000e+00,0.0000,0.0000,0
62,features.16,877,active,-0.021951,3.046025e-08,7.582517e-08,0.0683,0.0244,329
62,features.16,878,pruned_before,nan,0.000000e+00,0.000000e+00,0.0000,0.0000,0
62,features.16,879,active,0.102439,4.824805e-08,2.352077e-06,0.1171,0.3220,329
62,features.16,880,pruned_before,nan,0.000000e+00,0.000000e+00,0.0000,0.0000,0
62,features.16,881,pruned_before,nan,0.000000e+00,0.000000e+00,0.0000,0.0000,0
62,features.16,882,pruned_before,nan,0.000000e+00,0.000000e+00,0.0000,0.0000,0
62,features.16,883,pruned_before,nan,0.000000e+00,0.000000e+00,0.0000,0.0000,0
62,features.16,884,pruned_before,nan,0.000000e+00,0.000000e+00,0.0000,0.0000,0
62,features.16,885,pruned_before,nan,0.000000e+00,0.000000e+00,0.0000,0.0000,0
62,features.16,886,pruned_before,nan,0.000000e+00,0.000000e+00,0.0000,0.0000,0
62,features.16,887,active,-0.058537,1.730428e-07,3.195712e-06,0.5268,0.4098,329
62,features.16,888,pruned_before,nan,0.000000e+00,0.000000e+00,0.0000,0.0000,0
62,features.16,889,pruned_before,nan,0.000000e+00,0.000000e+00,0.0000,0.0000,0
62,features.16,890,pruned_before,nan,0.000000e+00,0.000000e+00,0.0000,0.0000,0
62,features.16,891,pruned_before,nan,0.000000e+00,0.000000e+00,0.0000,0.0000,0
62,features.16,892,pruned_before,nan,0.000000e+00,0.000000e+00,0.0000,0.0000,0
62,features.16,893,pruned_before,nan,0.000000e+00,0.000000e+00,0.0000,0.0000,0
62,features.16,894,active,-0.056098,1.640814e-07,2.930648e-06,0.5073,0.3951,329
62,features.16,895,pruned_before,nan,0.000000e+00,0.000000e+00,0.0000,0.0000,0
62,features.16,896,pruned_before,nan,0.000000e+00,0.000000e+00,0.0000,0.0000,0
62,features.16,897,pruned_before,nan,0.000000e+00,0.000000e+00,0.0000,0.0000,0
62,features.16,898,pruned_before,nan,0.000000e+00,0.000000e+00,0.0000,0.0000,0
62,features.16,899,pruned_before,nan,0.000000e+00,0.000000e+00,0.0000,0.0000,0
62,features.16,900,active,0.036585,6.520666e-08,1.509499e-06,0.1707,0.2439,329
62,features.16,901,pruned_before,nan,0.000000e+00,0.000000e+00,0.0000,0.0000,0
62,features.16,902,pruned_before,nan,0.000000e+00,0.000000e+00,0.0000,0.0000,0
62,features.16,903,active,-0.124390,4.655192e-07,4.919019e-06,0.7463,0.4976,329
62,features.16,904,pruned_before,nan,0.000000e+00,0.000000e+00,0.0000,0.0000,0
62,features.16,905,pruned_before,nan,0.000000e+00,0.000000e+00,0.0000,0.0000,0
62,features.16,906,pruned_before,nan,0.000000e+00,0.000000e+00,0.0000,0.0000,0
62,features.16,907,pruned_before,nan,0.000000e+00,0.000000e+00,0.0000,0.0000,0
62,features.16,908,pruned_before,nan,0.000000e+00,0.000000e+00,0.0000,0.0000,0
62,features.16,909,pruned_before,nan,0.000000e+00,0.000000e+00,0.0000,0.0000,0
62,features.16,910,pruned_before,nan,0.000000e+00,0.000000e+00,0.0000,0.0000,0
62,features.16,911,pruned_before,nan,0.000000e+00,0.000000e+00,0.0000,0.0000,0
62,features.16,912,active,-0.009756,2.141816e-07,6.439506e-06,0.5805,0.5610,329
62,features.16,913,pruned_before,nan,0.000000e+00,0.000000e+00,0.0000,0.0000,0
62,features.16,914,active,-0.034146,3.041867e-07,7.202898e-06,0.6537,0.5854,329
62,features.16,915,pruned_before,nan,0.000000e+00,0.000000e+00,0.0000,0.0000,0
62,features.16,916,pruned_before,nan,0.000000e+00,0.000000e+00,0.0000,0.0000,0
62,features.16,917,pruned_before,nan,0.000000e+00,0.000000e+00,0.0000,0.0000,0
62,features.16,918,pruned_before,nan,0.000000e+00,0.000000e+00,0.0000,0.0000,0
62,features.16,919,pruned_before,nan,0.000000e+00,0.000000e+00,0.0000,0.0000,0
62,features.16,920,pruned_before,nan,0.000000e+00,0.000000e+00,0.0000,0.0000,0
62,features.16,921,pruned_before,nan,0.000000e+00,0.000000e+00,0.0000,0.0000,0
62,features.16,922,pruned_before,nan,0.000000e+00,0.000000e+00,0.0000,0.0000,0
62,features.16,923,pruned_before,nan,0.000000e+00,0.000000e+00,0.0000,0.0000,0
62,features.16,924,pruned_before,nan,0.000000e+00,0.000000e+00,0.0000,0.0000,0
62,features.16,925,pruned_before,nan,0.000000e+00,0.000000e+00,0.0000,0.0000,0
62,features.16,926,pruned_before,nan,0.000000e+00,0.000000e+00,0.0000,0.0000,0
62,features.16,927,pruned_before,nan,0.000000e+00,0.000000e+00,0.0000,0.0000,0
62,features.16,928,pruned_before,nan,0.000000e+00,0.000000e+00,0.0000,0.0000,0
62,features.16,929,pruned_before,nan,0.000000e+00,0.000000e+00,0.0000,0.0000,0
62,features.16,930,pruned_before,nan,0.000000e+00,0.000000e+00,0.0000,0.0000,0
62,features.16,931,pruned_before,nan,0.000000e+00,0.000000e+00,0.0000,0.0000,0
62,features.16,932,active,0.129268,6.948910e-08,4.167030e-06,0.2000,0.4585,329
62,features.16,933,pruned_before,nan,0.000000e+00,0.000000e+00,0.0000,0.0000,0
62,features.16,934,pruned_before,nan,0.000000e+00,0.000000e+00,0.0000,0.0000,0
62,features.16,935,active,0.160976,3.016800e-08,2.722376e-06,0.0634,0.3854,329
62,features.16,936,pruned_before,nan,0.000000e+00,0.000000e+00,0.0000,0.0000,0
62,features.16,937,active,-0.165854,1.295552e-06,6.661949e-06,0.9024,0.5707,329
62,features.16,938,pruned_before,nan,0.000000e+00,0.000000e+00,0.0000,0.0000,0
62,features.16,939,pruned_before,nan,0.000000e+00,0.000000e+00,0.0000,0.0000,0
62,features.16,940,pruned_before,nan,0.000000e+00,0.000000e+00,0.0000,0.0000,0
62,features.16,941,active,-0.090244,1.699109e-07,2.368426e-06,0.5122,0.3317,329
62,features.16,942,pruned_before,nan,0.000000e+00,0.000000e+00,0.0000,0.0000,0
62,features.16,943,pruned_before,nan,0.000000e+00,0.000000e+00,0.0000,0.0000,0
62,features.16,944,pruned_before,nan,0.000000e+00,0.000000e+00,0.0000,0.0000,0
62,features.16,945,active,0.102439,9.663281e-08,4.977181e-06,0.3024,0.5073,329
62,features.16,946,pruned_before,nan,0.000000e+00,0.000000e+00,0.0000,0.0000,0
62,features.16,947,pruned_before,nan,0.000000e+00,0.000000e+00,0.0000,0.0000,0
62,features.16,948,pruned_before,nan,0.000000e+00,0.000000e+00,0.0000,0.0000,0
62,features.16,949,pruned_before,nan,0.000000e+00,0.000000e+00,0.0000,0.0000,0
62,features.16,950,pruned_before,nan,0.000000e+00,0.000000e+00,0.0000,0.0000,0
62,features.16,951,pruned_before,nan,0.000000e+00,0.000000e+00,0.0000,0.0000,0
62,features.16,952,pruned_before,nan,0.000000e+00,0.000000e+00,0.0000,0.0000,0
62,features.16,953,pruned_before,nan,0.000000e+00,0.000000e+00,0.0000,0.0000,0
62,features.16,954,pruned_before,nan,0.000000e+00,0.000000e+00,0.0000,0.0000,0
62,features.16,955,pruned_before,nan,0.000000e+00,0.000000e+00,0.0000,0.0000,0
62,features.16,956,pruned_before,nan,0.000000e+00,0.000000e+00,0.0000,0.0000,0
62,features.16,957,active,0.065854,1.155128e-07,4.995265e-06,0.3805,0.5122,329
62,features.16,958,active,0.039024,3.766214e-07,1.448830e-05,0.7073,0.7854,329
62,features.16,959,pruned_before,nan,0.000000e+00,0.000000e+00,0.0000,0.0000,0
62,features.17,0,active,0.050129,1.924706e-07,1.959614e-07,0.2442,0.3445,489
62,features.17,1,pruned_before,nan,0.000000e+00,0.000000e+00,0.0000,0.0000,0
62,features.17,2,pruned_before,nan,0.000000e+00,0.000000e+00,0.0000,0.0000,0
62,features.17,3,active,-0.131105,2.755863e-07,4.709314e-08,0.3676,0.1054,489
62,features.17,4,pruned_before,nan,0.000000e+00,0.000000e+00,0.0000,0.0000,0
62,features.17,5,active,-0.084833,8.433106e-07,4.248841e-07,0.7378,0.5681,489
62,features.17,6,pruned_before,nan,0.000000e+00,0.000000e+00,0.0000,0.0000,0
62,features.17,7,pruned_before,nan,0.000000e+00,0.000000e+00,0.0000,0.0000,0
62,features.17,8,active,-0.069409,2.457373e-07,1.030142e-07,0.3445,0.2057,489
62,features.17,9,pruned_before,nan,0.000000e+00,0.000000e+00,0.0000,0.0000,0
62,features.17,10,pruned_before,nan,0.000000e+00,0.000000e+00,0.0000,0.0000,0
62,features.17,11,active,-0.190231,3.867416e-07,4.461683e-08,0.4807,0.1003,489
62,features.17,12,active,-0.012853,5.829726e-06,3.130835e-06,0.9974,0.9717,489
62,features.17,13,active,0.000000,9.768435e-07,8.727723e-07,0.7789,0.7789,489
62,features.17,14,pruned_before,nan,0.000000e+00,0.000000e+00,0.0000,0.0000,0
62,features.17,15,active,-0.165810,2.779553e-07,2.715699e-08,0.3702,0.0386,489
62,features.17,16,pruned_before,nan,0.000000e+00,0.000000e+00,0.0000,0.0000,0
62,features.17,17,pruned_before,nan,0.000000e+00,0.000000e+00,0.0000,0.0000,0
62,features.17,18,pruned_before,nan,0.000000e+00,0.000000e+00,0.0000,0.0000,0
62,features.17,19,pruned_before,nan,0.000000e+00,0.000000e+00,0.0000,0.0000,0
62,features.17,20,active,0.084833,5.833605e-07,9.474261e-07,0.6324,0.8021,489
62,features.17,21,pruned_before,nan,0.000000e+00,0.000000e+00,0.0000,0.0000,0
62,features.17,22,active,-0.104113,1.240988e-06,5.077611e-07,0.8355,0.6272,489
62,features.17,23,active,-0.057841,2.795833e-07,1.430858e-07,0.3728,0.2571,489
62,features.17,24,pruned_before,nan,0.000000e+00,0.000000e+00,0.0000,0.0000,0
62,features.17,25,pruned_before,nan,0.000000e+00,0.000000e+00,0.0000,0.0000,0
62,features.17,26,pruned_before,nan,0.000000e+00,0.000000e+00,0.0000,0.0000,0
62,features.17,27,pruned_before,nan,0.000000e+00,0.000000e+00,0.0000,0.0000,0
62,features.17,28,pruned_before,nan,0.000000e+00,0.000000e+00,0.0000,0.0000,0
62,features.17,29,pruned_before,nan,0.000000e+00,0.000000e+00,0.0000,0.0000,0
62,features.17,30,active,-0.030848,8.860295e-07,6.317209e-07,0.7532,0.6915,489
62,features.17,31,pruned_before,nan,0.000000e+00,0.000000e+00,0.0000,0.0000,0
62,features.17,32,active,0.107969,4.639993e-07,8.699442e-07,0.5578,0.7738,489
62,features.17,33,active,0.000000,0.000000e+00,0.000000e+00,0.0000,0.0000,489
62,features.17,34,pruned_before,nan,0.000000e+00,0.000000e+00,0.0000,0.0000,0
62,features.17,35,pruned_before,nan,0.000000e+00,0.000000e+00,0.0000,0.0000,0
62,features.17,36,active,0.011568,1.209380e-06,1.302331e-06,0.8329,0.8560,489
62,features.17,37,pruned_before,nan,0.000000e+00,0.000000e+00,0.0000,0.0000,0
62,features.17,38,pruned_before,nan,0.000000e+00,0.000000e+00,0.0000,0.0000,0
62,features.17,39,active,0.019280,2.918433e-07,2.654841e-07,0.3856,0.4242,489
62,features.17,40,active,-0.043702,4.975882e-07,3.559330e-07,0.5913,0.5039,489
62,features.17,41,pruned_before,nan,0.000000e+00,0.000000e+00,0.0000,0.0000,0
62,features.17,42,active,-0.137532,4.684784e-07,1.607388e-07,0.5604,0.2853,489
62,features.17,43,pruned_before,nan,0.000000e+00,0.000000e+00,0.0000,0.0000,0
62,features.17,44,pruned_now,-0.196658,5.834989e-07,1.322038e-07,0.6350,0.2416,489
62,features.17,45,pruned_before,nan,0.000000e+00,0.000000e+00,0.0000,0.0000,0
62,features.17,46,pruned_before,nan,0.000000e+00,0.000000e+00,0.0000,0.0000,0
62,features.17,47,pruned_before,nan,0.000000e+00,0.000000e+00,0.0000,0.0000,0
62,features.17,48,pruned_before,nan,0.000000e+00,0.000000e+00,0.0000,0.0000,0
62,features.17,49,active,0.011568,3.812020e-07,3.395349e-07,0.4756,0.4987,489
62,features.17,50,pruned_before,nan,0.000000e+00,0.000000e+00,0.0000,0.0000,0
62,features.17,51,pruned_before,nan,0.000000e+00,0.000000e+00,0.0000,0.0000,0
62,features.17,52,pruned_before,nan,0.000000e+00,0.000000e+00,0.0000,0.0000,0
62,features.17,53,pruned_before,nan,0.000000e+00,0.000000e+00,0.0000,0.0000,0
62,features.17,54,pruned_before,nan,0.000000e+00,0.000000e+00,0.0000,0.0000,0
62,features.17,55,active,0.035990,1.566453e-06,2.669400e-06,0.8869,0.9589,489
62,features.17,56,active,0.028278,8.191797e-08,6.389461e-08,0.0746,0.1311,489
62,features.17,57,pruned_before,nan,0.000000e+00,0.000000e+00,0.0000,0.0000,0
62,features.17,58,pruned_before,nan,0.000000e+00,0.000000e+00,0.0000,0.0000,0
62,features.17,59,pruned_before,nan,0.000000e+00,0.000000e+00,0.0000,0.0000,0
62,features.17,60,pruned_before,nan,0.000000e+00,0.000000e+00,0.0000,0.0000,0
62,features.17,61,pruned_before,nan,0.000000e+00,0.000000e+00,0.0000,0.0000,0
62,features.17,62,active,-0.086118,9.128635e-07,4.669980e-07,0.7661,0.5938,489
62,features.17,63,pruned_before,nan,0.000000e+00,0.000000e+00,0.0000,0.0000,0
62,features.17,64,pruned_before,nan,0.000000e+00,0.000000e+00,0.0000,0.0000,0
62,features.17,65,active,0.281491,1.577272e-07,7.983715e-07,0.1902,0.7532,489
62,features.17,66,active,-0.061697,3.950852e-07,2.190820e-07,0.4884,0.3650,489
62,features.17,67,pruned_before,nan,0.000000e+00,0.000000e+00,0.0000,0.0000,0
62,features.17,68,active,-0.050129,2.226002e-07,1.007425e-07,0.2956,0.1954,489
62,features.17,69,active,-0.060411,2.431575e-07,1.080805e-07,0.3342,0.2134,489
62,features.17,70,active,0.075835,1.383306e-08,7.896423e-08,0.0103,0.1620,489
62,features.17,71,active,0.071979,1.319800e-07,1.685691e-07,0.1568,0.3008,489
62,features.17,72,active,0.115681,1.694121e-08,1.362461e-07,0.0129,0.2442,489
62,features.17,73,pruned_before,nan,0.000000e+00,0.000000e+00,0.0000,0.0000,0
62,features.17,74,pruned_before,nan,0.000000e+00,0.000000e+00,0.0000,0.0000,0
62,features.17,75,active,-0.048843,4.554499e-07,2.923556e-07,0.5476,0.4499,489
62,features.17,76,pruned_before,nan,0.000000e+00,0.000000e+00,0.0000,0.0000,0
62,features.17,77,active,0.070694,1.063821e-07,1.433644e-07,0.1183,0.2596,489
62,features.17,78,active,0.024422,4.748236e-07,4.937281e-07,0.5656,0.6144,489
62,features.17,79,pruned_before,nan,0.000000e+00,0.000000e+00,0.0000,0.0000,0
62,features.17,80,active,-0.075835,2.439816e-07,9.377989e-08,0.3393,0.1877,489
62,features.17,81,active,0.113111,2.967558e-07,4.964848e-07,0.3907,0.6170,489
62,features.17,82,active,-0.053985,2.748576e-06,1.302509e-06,0.9666,0.8586,489
62,features.17,83,active,-0.165810,6.420732e-07,1.911488e-07,0.6684,0.3368,489
62,features.17,84,pruned_before,nan,0.000000e+00,0.000000e+00,0.0000,0.0000,0
62,features.17,85,pruned_before,nan,0.000000e+00,0.000000e+00,0.0000,0.0000,0
62,features.17,86,pruned_before,nan,0.000000e+00,0.000000e+00,0.0000,0.0000,0
62,features.17,87,pruned_before,nan,0.000000e+00,0.000000e+00,0.0000,0.0000,0
62,features.17,88,active,-0.007712,6.342572e-07,5.546873e-07,0.6632,0.6478,489
62,features.17,89,active,0.023136,5.211475e-07,5.465516e-07,0.5990,0.6452,489
62,features.17,90,active,-0.051414,7.582119e-07,4.722865e-07,0.7044,0.6015,489
62,features.17,91,pruned_before,nan,0.000000e+00,0.000000e+00,0.0000,0.0000,0
62,features.17,92,active,0.028278,3.857006e-07,3.902845e-07,0.4781,0.5347,489
62,features.17,93,pruned_before,nan,0.000000e+00,0.000000e+00,0.0000,0.0000,0
62,features.17,94,pruned_before,nan,0.000000e+00,0.000000e+00,0.0000,0.0000,0
62,features.17,95,active,0.163239,4.228507e-08,2.181515e-07,0.0360,0.3625,489
62,features.17,96,pruned_before,nan,0.000000e+00,0.000000e+00,0.0000,0.0000,0
62,features.17,97,pruned_before,nan,0.000000e+00,0.000000e+00,0.0000,0.0000,0
62,features.17,98,pruned_before,nan,0.000000e+00,0.000000e+00,0.0000,0.0000,0
62,features.17,99,pruned_before,nan,0.000000e+00,0.000000e+00,0.0000,0.0000,0
62,features.17,100,active,-0.059126,1.786957e-07,4.333889e-08,0.2159,0.0977,489
62,features.17,101,pruned_before,nan,0.000000e+00,0.000000e+00,0.0000,0.0000,0
62,features.17,102,active,0.046272,7.680761e-08,7.638228e-08,0.0668,0.1594,489
62,features.17,103,active,-0.069409,1.105943e-06,6.133128e-07,0.8175,0.6787,489
62,features.17,104,active,-0.042416,8.910767e-08,1.143597e-08,0.0900,0.0051,489
62,features.17,105,active,-0.055270,9.741101e-07,5.833913e-07,0.7763,0.6658,489
62,features.17,106,pruned_before,nan,0.000000e+00,0.000000e+00,0.0000,0.0000,0
62,features.17,107,pruned_before,nan,0.000000e+00,0.000000e+00,0.0000,0.0000,0
62,features.17,108,protected,0.003856,4.972329e-06,4.801641e-06,0.9923,1.0000,489
62,features.17,109,pruned_before,nan,0.000000e+00,0.000000e+00,0.0000,0.0000,0
62,features.17,110,active,0.128535,5.472348e-07,1.406792e-06,0.6195,0.8766,489
62,features.17,111,pruned_before,nan,0.000000e+00,0.000000e+00,0.0000,0.0000,0
62,features.17,112,pruned_before,nan,0.000000e+00,0.000000e+00,0.0000,0.0000,0
62,features.17,113,active,-0.073265,4.947946e-07,2.686333e-07,0.5810,0.4344,489
62,features.17,114,pruned_before,nan,0.000000e+00,0.000000e+00,0.0000,0.0000,0
62,features.17,115,pruned_before,nan,0.000000e+00,0.000000e+00,0.0000,0.0000,0
62,features.17,116,active,-0.133676,1.666644e-06,5.288296e-07,0.9023,0.6350,489
62,features.17,117,pruned_before,nan,0.000000e+00,0.000000e+00,0.0000,0.0000,0
62,features.17,118,pruned_before,nan,0.000000e+00,0.000000e+00,0.0000,0.0000,0
62,features.17,119,pruned_before,nan,0.000000e+00,0.000000e+00,0.0000,0.0000,0
62,features.17,120,pruned_before,nan,0.000000e+00,0.000000e+00,0.0000,0.0000,0
62,features.17,121,active,0.034704,9.224723e-07,1.174507e-06,0.7686,0.8380,489
62,features.17,122,pruned_before,nan,0.000000e+00,0.000000e+00,0.0000,0.0000,0
62,features.17,123,active,0.050129,2.471199e-07,2.891942e-07,0.3470,0.4473,489
62,features.17,124,active,-0.042416,1.545932e-07,4.626073e-08,0.1877,0.1028,489
62,features.17,125,pruned_now,-0.214653,1.020277e-06,2.196713e-07,0.7969,0.3676,489
62,features.17,126,pruned_before,nan,0.000000e+00,0.000000e+00,0.0000,0.0000,0
62,features.17,127,pruned_now,-0.191517,4.950148e-07,1.023695e-07,0.5835,0.2005,489
62,features.17,128,active,-0.183805,1.312446e-06,3.181748e-07,0.8509,0.4833,489
62,features.17,129,pruned_before,nan,0.000000e+00,0.000000e+00,0.0000,0.0000,0
62,features.17,130,active,-0.028278,2.709588e-07,1.747165e-07,0.3625,0.3059,489
62,features.17,131,active,0.066838,1.056543e-06,2.172417e-06,0.8021,0.9357,489
62,features.17,132,active,-0.176093,8.297610e-07,2.327159e-07,0.7326,0.3805,489
62,features.17,133,pruned_before,nan,0.000000e+00,0.000000e+00,0.0000,0.0000,0
62,features.17,134,pruned_before,nan,0.000000e+00,0.000000e+00,0.0000,0.0000,0
62,features.17,135,active,-0.025707,3.235303e-06,1.922049e-06,0.9769,0.9254,489
62,features.17,136,active,-0.035990,7.910192e-07,5.418437e-07,0.7121,0.6401,489
62,features.17,137,pruned_before,nan,0.000000e+00,0.000000e+00,0.0000,0.0000,0
62,features.17,138,pruned_before,nan,0.000000e+00,0.000000e+00,0.0000,0.0000,0
62,features.17,139,pruned_before,nan,0.000000e+00,0.000000e+00,0.0000,0.0000,0
62,features.17,140,pruned_before,nan,0.000000e+00,0.000000e+00,0.0000,0.0000,0
62,features.17,141,active,-0.074550,1.473762e-07,2.178117e-08,0.1799,0.0308,489
62,features.17,142,pruned_before,nan,0.000000e+00,0.000000e+00,0.0000,0.0000,0
62,features.17,143,pruned_before,nan,0.000000e+00,0.000000e+00,0.0000,0.0000,0
62,features.17,144,active,-0.158098,1.928419e-06,4.828630e-07,0.9280,0.6118,489
62,features.17,145,pruned_before,nan,0.000000e+00,0.000000e+00,0.0000,0.0000,0
62,features.17,146,pruned_before,nan,0.000000e+00,0.000000e+00,0.0000,0.0000,0
62,features.17,147,active,-0.075835,1.428193e-06,6.628941e-07,0.8638,0.7121,489
62,features.17,148,pruned_before,nan,0.000000e+00,0.000000e+00,0.0000,0.0000,0
62,features.17,149,pruned_before,nan,0.000000e+00,0.000000e+00,0.0000,0.0000,0
62,features.17,150,active,0.029563,2.968892e-07,2.930667e-07,0.3933,0.4524,489
62,features.17,151,pruned_before,nan,0.000000e+00,0.000000e+00,0.0000,0.0000,0
62,features.17,152,pruned_before,nan,0.000000e+00,0.000000e+00,0.0000,0.0000,0
62,features.17,153,pruned_before,nan,0.000000e+00,0.000000e+00,0.0000,0.0000,0
62,features.17,154,pruned_before,nan,0.000000e+00,0.000000e+00,0.0000,0.0000,0
62,features.17,155,pruned_before,nan,0.000000e+00,0.000000e+00,0.0000,0.0000,0
62,features.17,156,pruned_before,nan,0.000000e+00,0.000000e+00,0.0000,0.0000,0
62,features.17,157,pruned_before,nan,0.000000e+00,0.000000e+00,0.0000,0.0000,0
62,features.17,158,pruned_before,nan,0.000000e+00,0.000000e+00,0.0000,0.0000,0
62,features.17,159,active,0.064267,5.388788e-07,7.433219e-07,0.6093,0.7378,489
62,features.17,160,active,-0.095116,4.258732e-06,9.350339e-07,0.9871,0.7969,489
62,features.17,161,pruned_before,nan,0.000000e+00,0.000000e+00,0.0000,0.0000,0
62,features.17,162,pruned_before,nan,0.000000e+00,0.000000e+00,0.0000,0.0000,0
62,features.17,163,active,-0.086118,2.322856e-07,7.263782e-08,0.3239,0.1517,489
62,features.17,164,pruned_before,nan,0.000000e+00,0.000000e+00,0.0000,0.0000,0
62,features.17,165,pruned_before,nan,0.000000e+00,0.000000e+00,0.0000,0.0000,0
62,features.17,166,pruned_before,nan,0.000000e+00,0.000000e+00,0.0000,0.0000,0
62,features.17,167,pruned_before,nan,0.000000e+00,0.000000e+00,0.0000,0.0000,0
62,features.17,168,pruned_before,nan,0.000000e+00,0.000000e+00,0.0000,0.0000,0
62,features.17,169,pruned_before,nan,0.000000e+00,0.000000e+00,0.0000,0.0000,0
62,features.17,170,pruned_before,nan,0.000000e+00,0.000000e+00,0.0000,0.0000,0
62,features.17,171,active,0.053985,2.105665e-07,2.339353e-07,0.2776,0.3856,489
62,features.17,172,pruned_before,nan,0.000000e+00,0.000000e+00,0.0000,0.0000,0
62,features.17,173,active,-0.092545,2.846388e-06,8.820044e-07,0.9717,0.7866,489
62,features.17,174,active,-0.068123,1.572332e-06,8.241397e-07,0.8920,0.7558,489
62,features.17,175,active,0.080977,3.095344e-07,4.115292e-07,0.3985,0.5604,489
62,features.17,176,pruned_before,nan,0.000000e+00,0.000000e+00,0.0000,0.0000,0
62,features.17,177,active,-0.096401,1.827940e-07,2.247262e-08,0.2288,0.0360,489
62,features.17,178,pruned_before,nan,0.000000e+00,0.000000e+00,0.0000,0.0000,0
62,features.17,179,pruned_before,nan,0.000000e+00,0.000000e+00,0.0000,0.0000,0
62,features.17,180,active,-0.146530,2.290345e-06,5.603906e-07,0.9486,0.6555,489
62,features.17,181,active,0.165810,2.563580e-07,6.274803e-07,0.3573,0.6889,489
62,features.17,182,pruned_before,nan,0.000000e+00,0.000000e+00,0.0000,0.0000,0
62,features.17,183,pruned_before,nan,0.000000e+00,0.000000e+00,0.0000,0.0000,0
62,features.17,184,pruned_before,nan,0.000000e+00,0.000000e+00,0.0000,0.0000,0
62,features.17,185,active,-0.101542,3.869102e-07,1.595359e-07,0.4859,0.2828,489
62,features.17,186,pruned_before,nan,0.000000e+00,0.000000e+00,0.0000,0.0000,0
62,features.17,187,active,0.101542,1.259410e-07,1.964183e-07,0.1440,0.3470,489
62,features.17,188,active,0.097686,6.752896e-07,1.369861e-06,0.6735,0.8689,489
62,features.17,189,pruned_before,nan,0.000000e+00,0.000000e+00,0.0000,0.0000,0
62,features.17,190,pruned_before,nan,0.000000e+00,0.000000e+00,0.0000,0.0000,0
62,features.17,191,pruned_before,nan,0.000000e+00,0.000000e+00,0.0000,0.0000,0
62,features.17,192,active,-0.158098,8.600827e-07,2.677591e-07,0.7455,0.4293,489
62,features.17,193,pruned_before,nan,0.000000e+00,0.000000e+00,0.0000,0.0000,0
62,features.17,194,pruned_before,nan,0.000000e+00,0.000000e+00,0.0000,0.0000,0
62,features.17,195,pruned_before,nan,0.000000e+00,0.000000e+00,0.0000,0.0000,0
62,features.17,196,active,-0.101542,5.214711e-07,2.433337e-07,0.6015,0.3985,489
62,features.17,197,active,-0.062982,2.236363e-07,8.750285e-08,0.2982,0.1722,489
62,features.17,198,pruned_before,nan,0.000000e+00,0.000000e+00,0.0000,0.0000,0
62,features.17,199,active,0.011568,1.856276e-06,2.433725e-06,0.9229,0.9460,489
62,features.17,200,active,0.161954,6.012561e-07,3.070050e-06,0.6452,0.9692,489
62,features.17,201,active,-0.066838,5.675986e-07,3.223779e-07,0.6221,0.4884,489
62,features.17,202,active,0.007712,1.440206e-07,9.934458e-08,0.1774,0.1928,489
62,features.17,203,pruned_before,nan,0.000000e+00,0.000000e+00,0.0000,0.0000,0
62,features.17,204,pruned_before,nan,0.000000e+00,0.000000e+00,0.0000,0.0000,0
62,features.17,205,pruned_before,nan,0.000000e+00,0.000000e+00,0.0000,0.0000,0
62,features.17,206,active,-0.003856,3.587229e-07,2.828082e-07,0.4524,0.4447,489
62,features.17,207,pruned_before,nan,0.000000e+00,0.000000e+00,0.0000,0.0000,0
62,features.17,208,active,-0.020566,1.026654e-06,8.242474e-07,0.7995,0.7584,489
62,features.17,209,pruned_before,nan,0.000000e+00,0.000000e+00,0.0000,0.0000,0
62,features.17,210,active,0.161954,3.868221e-07,9.667257e-07,0.4833,0.8072,489
62,features.17,211,active,0.181234,3.815168e-08,2.409838e-07,0.0308,0.3933,489
62,features.17,212,pruned_before,nan,0.000000e+00,0.000000e+00,0.0000,0.0000,0
62,features.17,213,pruned_before,nan,0.000000e+00,0.000000e+00,0.0000,0.0000,0
62,features.17,214,active,-0.110540,4.352410e-07,1.757811e-07,0.5347,0.3136,489
62,features.17,215,pruned_before,nan,0.000000e+00,0.000000e+00,0.0000,0.0000,0
62,features.17,216,pruned_before,nan,0.000000e+00,0.000000e+00,0.0000,0.0000,0
62,features.17,217,pruned_before,nan,0.000000e+00,0.000000e+00,0.0000,0.0000,0
62,features.17,218,pruned_before,nan,0.000000e+00,0.000000e+00,0.0000,0.0000,0
62,features.17,219,active,-0.028278,8.495929e-08,2.030789e-08,0.0797,0.0231,489
62,features.17,220,active,-0.074550,3.032191e-07,1.365217e-07,0.3959,0.2468,489
62,features.17,221,active,0.134961,4.366943e-08,1.748112e-07,0.0386,0.3085,489
62,features.17,222,pruned_before,nan,0.000000e+00,0.000000e+00,0.0000,0.0000,0
62,features.17,223,pruned_before,nan,0.000000e+00,0.000000e+00,0.0000,0.0000,0
62,features.17,224,pruned_before,nan,0.000000e+00,0.000000e+00,0.0000,0.0000,0
62,features.17,225,active,0.212082,1.297130e-07,4.418215e-07,0.1517,0.5758,489
62,features.17,226,active,-0.114396,1.989060e-06,6.505880e-07,0.9332,0.7044,489
62,features.17,227,active,-0.129820,1.829904e-06,5.694249e-07,0.9177,0.6581,489
62,features.17,228,pruned_before,nan,0.000000e+00,0.000000e+00,0.0000,0.0000,0
62,features.17,229,active,0.019280,5.779045e-07,5.885303e-07,0.6298,0.6684,489
62,features.17,230,pruned_before,nan,0.000000e+00,0.000000e+00,0.0000,0.0000,0
62,features.17,231,pruned_before,nan,0.000000e+00,0.000000e+00,0.0000,0.0000,0
62,features.17,232,active,-0.083548,1.817936e-07,3.295635e-08,0.2237,0.0566,489
62,features.17,233,pruned_before,nan,0.000000e+00,0.000000e+00,0.0000,0.0000,0
62,features.17,234,pruned_before,nan,0.000000e+00,0.000000e+00,0.0000,0.0000,0
62,features.17,235,active,-0.132391,2.282058e-07,2.966671e-08,0.3085,0.0437,489
62,features.17,236,pruned_before,nan,0.000000e+00,0.000000e+00,0.0000,0.0000,0
62,features.17,237,pruned_before,nan,0.000000e+00,0.000000e+00,0.0000,0.0000,0
62,features.17,238,active,0.064267,8.731729e-08,1.094073e-07,0.0874,0.2159,489
62,features.17,239,active,0.266067,2.825938e-07,1.793934e-06,0.3779,0.9100,489
62,features.17,240,pruned_before,nan,0.000000e+00,0.000000e+00,0.0000,0.0000,0
62,features.17,241,active,0.073265,1.242300e-06,3.515767e-06,0.8380,0.9846,489
62,features.17,242,pruned_before,nan,0.000000e+00,0.000000e+00,0.0000,0.0000,0
62,features.17,243,pruned_before,nan,0.000000e+00,0.000000e+00,0.0000,0.0000,0
62,features.17,244,pruned_before,nan,0.000000e+00,0.000000e+00,0.0000,0.0000,0
62,features.17,245,pruned_before,nan,0.000000e+00,0.000000e+00,0.0000,0.0000,0
62,features.17,246,active,0.001285,2.667483e-06,2.872020e-06,0.9589,0.9614,489
62,features.17,247,active,0.084833,5.928100e-07,1.000784e-06,0.6401,0.8098,489
62,features.17,248,pruned_before,nan,0.000000e+00,0.000000e+00,0.0000,0.0000,0
62,features.17,249,pruned_before,nan,0.000000e+00,0.000000e+00,0.0000,0.0000,0
62,features.17,250,pruned_before,nan,0.000000e+00,0.000000e+00,0.0000,0.0000,0
62,features.17,251,pruned_before,nan,0.000000e+00,0.000000e+00,0.0000,0.0000,0
62,features.17,252,active,-0.082262,9.929934e-07,5.014502e-07,0.7841,0.6195,489
62,features.17,253,active,0.026992,6.964105e-07,7.474139e-07,0.6864,0.7404,489
62,features.17,254,active,-0.061697,1.827951e-07,4.821882e-08,0.2314,0.1080,489
62,features.17,255,active,0.156812,1.780291e-07,3.785369e-07,0.2134,0.5270,489
62,features.17,256,pruned_before,nan,0.000000e+00,0.000000e+00,0.0000,0.0000,0
62,features.17,257,active,-0.047558,5.443408e-07,3.635789e-07,0.6118,0.5167,489
62,features.17,258,pruned_before,nan,0.000000e+00,0.000000e+00,0.0000,0.0000,0
62,features.17,259,pruned_before,nan,0.000000e+00,0.000000e+00,0.0000,0.0000,0
62,features.17,260,pruned_before,nan,0.000000e+00,0.000000e+00,0.0000,0.0000,0
62,features.17,261,active,0.039846,7.815289e-08,7.109472e-08,0.0694,0.1491,489
62,features.17,262,active,0.064267,2.450432e-07,3.130372e-07,0.3419,0.4704,489
62,features.17,263,active,-0.051414,2.084565e-07,8.615523e-08,0.2725,0.1697,489
62,features.17,264,pruned_before,nan,0.000000e+00,0.000000e+00,0.0000,0.0000,0
62,features.17,265,active,0.304627,7.162802e-08,5.915095e-07,0.0643,0.6735,489
62,features.17,266,pruned_before,nan,0.000000e+00,0.000000e+00,0.0000,0.0000,0
62,features.17,267,active,-0.001285,5.693133e-06,3.687333e-06,0.9949,0.9923,489
62,features.17,268,active,0.065553,8.197264e-08,1.061974e-07,0.0771,0.2082,489
62,features.17,269,pruned_before,nan,0.000000e+00,0.000000e+00,0.0000,0.0000,0
62,features.17,270,pruned_before,nan,0.000000e+00,0.000000e+00,0.0000,0.0000,0
62,features.17,271,pruned_before,nan,0.000000e+00,0.000000e+00,0.0000,0.0000,0
62,features.17,272,pruned_before,nan,0.000000e+00,0.000000e+00,0.0000,0.0000,0
62,features.17,273,pruned_before,nan,0.000000e+00,0.000000e+00,0.0000,0.0000,0
62,features.17,274,pruned_before,nan,0.000000e+00,0.000000e+00,0.0000,0.0000,0
62,features.17,275,pruned_before,nan,0.000000e+00,0.000000e+00,0.0000,0.0000,0
62,features.17,276,pruned_before,nan,0.000000e+00,0.000000e+00,0.0000,0.0000,0
62,features.17,277,active,-0.115681,1.206210e-06,4.709376e-07,0.8303,0.5990,489
62,features.17,278,active,0.059126,2.432975e-07,2.965238e-07,0.3368,0.4550,489
62,features.17,279,pruned_before,nan,0.000000e+00,0.000000e+00,0.0000,0.0000,0
62,features.17,280,active,-0.039846,9.291674e-08,1.684754e-08,0.0977,0.0180,489
62,features.17,281,pruned_before,nan,0.000000e+00,0.000000e+00,0.0000,0.0000,0
62,features.17,282,active,0.033419,7.451475e-07,8.671679e-07,0.7018,0.7686,489
62,features.17,283,active,0.043702,7.745718e-07,9.319067e-07,0.7069,0.7943,489
62,features.17,284,active,0.015424,2.057505e-06,3.245846e-06,0.9460,0.9769,489
62,features.17,285,pruned_before,nan,0.000000e+00,0.000000e+00,0.0000,0.0000,0
62,features.17,286,pruned_before,nan,0.000000e+00,0.000000e+00,0.0000,0.0000,0
62,features.17,287,active,0.010283,2.541811e-07,2.268111e-07,0.3522,0.3728,489
62,features.17,288,pruned_before,nan,0.000000e+00,0.000000e+00,0.0000,0.0000,0
62,features.17,289,active,0.160668,2.303416e-07,5.409914e-07,0.3162,0.6375,489
62,features.17,290,pruned_before,nan,0.000000e+00,0.000000e+00,0.0000,0.0000,0
62,features.17,291,active,-0.102828,2.053649e-07,3.445416e-08,0.2674,0.0617,489
62,features.17,292,pruned_before,nan,0.000000e+00,0.000000e+00,0.0000,0.0000,0
62,features.17,293,pruned_before,nan,0.000000e+00,0.000000e+00,0.0000,0.0000,0
62,features.17,294,pruned_before,nan,0.000000e+00,0.000000e+00,0.0000,0.0000,0
62,features.17,295,active,0.030848,6.735644e-08,5.585488e-08,0.0591,0.1208,489
62,features.17,296,active,-0.167095,7.033608e-07,2.153493e-07,0.6915,0.3573,489
62,features.17,297,pruned_before,nan,0.000000e+00,0.000000e+00,0.0000,0.0000,0
62,features.17,298,pruned_before,nan,0.000000e+00,0.000000e+00,0.0000,0.0000,0
62,features.17,299,pruned_before,nan,0.000000e+00,0.000000e+00,0.0000,0.0000,0
62,features.17,300,pruned_before,nan,0.000000e+00,0.000000e+00,0.0000,0.0000,0
62,features.17,301,pruned_before,nan,0.000000e+00,0.000000e+00,0.0000,0.0000,0
62,features.17,302,pruned_before,nan,0.000000e+00,0.000000e+00,0.0000,0.0000,0
62,features.17,303,pruned_before,nan,0.000000e+00,0.000000e+00,0.0000,0.0000,0
62,features.17,304,pruned_before,nan,0.000000e+00,0.000000e+00,0.0000,0.0000,0
62,features.17,305,active,-0.053985,3.400078e-07,1.768472e-07,0.4267,0.3188,489
62,features.17,306,pruned_before,nan,0.000000e+00,0.000000e+00,0.0000,0.0000,0
62,features.17,307,active,0.026992,1.746114e-06,3.000912e-06,0.9100,0.9640,489
62,features.17,308,active,0.020566,1.569781e-06,2.054093e-06,0.8895,0.9306,489
62,features.17,309,pruned_before,nan,0.000000e+00,0.000000e+00,0.0000,0.0000,0
62,features.17,310,pruned_before,nan,0.000000e+00,0.000000e+00,0.0000,0.0000,0
62,features.17,311,pruned_before,nan,0.000000e+00,0.000000e+00,0.0000,0.0000,0
62,features.17,312,pruned_before,nan,0.000000e+00,0.000000e+00,0.0000,0.0000,0
62,features.17,313,active,-0.116967,4.378336e-07,1.690707e-07,0.5373,0.3033,489
62,features.17,314,pruned_before,nan,0.000000e+00,0.000000e+00,0.0000,0.0000,0
62,features.17,315,pruned_before,nan,0.000000e+00,0.000000e+00,0.0000,0.0000,0
62,features.17,316,pruned_before,nan,0.000000e+00,0.000000e+00,0.0000,0.0000,0
62,features.17,317,pruned_before,nan,0.000000e+00,0.000000e+00,0.0000,0.0000,0
62,features.17,318,active,0.134961,4.174916e-07,8.714091e-07,0.5064,0.7763,489
62,features.17,319,pruned_before,nan,0.000000e+00,0.000000e+00,0.0000,0.0000,0
62,features.17,320,active,0.088689,1.704517e-07,2.381540e-07,0.2108,0.3882,489
62,features.17,321,pruned_before,nan,0.000000e+00,0.000000e+00,0.0000,0.0000,0
62,features.17,322,pruned_before,nan,0.000000e+00,0.000000e+00,0.0000,0.0000,0
62,features.17,323,active,-0.127249,2.579039e-06,6.468595e-07,0.9563,0.7018,489
62,features.17,324,active,0.210797,1.043959e-07,3.857889e-07,0.1105,0.5321,489
62,features.17,325,active,-0.073265,1.980380e-07,5.161872e-08,0.2571,0.1105,489
62,features.17,326,active,0.060411,8.438689e-07,1.347585e-06,0.7404,0.8612,489
62,features.17,327,active,-0.122108,4.178920e-07,1.554296e-07,0.5141,0.2699,489
62,features.17,328,active,-0.010283,3.252879e-08,3.302612e-10,0.0231,0.0026,489
62,features.17,329,active,0.142674,3.485771e-07,7.248963e-07,0.4422,0.7275,489
62,features.17,330,pruned_before,nan,0.000000e+00,0.000000e+00,0.0000,0.0000,0
62,features.17,331,active,-0.037275,2.436939e-06,1.468046e-06,0.9537,0.8792,489
62,features.17,332,pruned_before,nan,0.000000e+00,0.000000e+00,0.0000,0.0000,0
62,features.17,333,active,-0.075835,1.327851e-07,1.165784e-08,0.1594,0.0077,489
62,features.17,334,pruned_before,nan,0.000000e+00,0.000000e+00,0.0000,0.0000,0
62,features.17,335,active,-0.061697,1.582448e-07,3.527599e-08,0.1928,0.0694,489
62,features.17,336,pruned_before,nan,0.000000e+00,0.000000e+00,0.0000,0.0000,0
62,features.17,337,active,0.313625,8.140751e-08,6.404333e-07,0.0720,0.6992,489
62,features.17,338,active,0.008997,1.394052e-06,1.373106e-06,0.8560,0.8740,489
62,features.17,339,pruned_before,nan,0.000000e+00,0.000000e+00,0.0000,0.0000,0
62,features.17,340,active,-0.074550,1.469327e-06,6.765625e-07,0.8663,0.7172,489
62,features.17,341,pruned_before,nan,0.000000e+00,0.000000e+00,0.0000,0.0000,0
62,features.17,342,pruned_before,nan,0.000000e+00,0.000000e+00,0.0000,0.0000,0
62,features.17,343,pruned_before,nan,0.000000e+00,0.000000e+00,0.0000,0.0000,0
62,features.17,344,active,-0.035990,8.378814e-07,5.828123e-07,0.7352,0.6632,489
62,features.17,345,pruned_before,nan,0.000000e+00,0.000000e+00,0.0000,0.0000,0
62,features.17,346,active,-0.091260,6.243187e-07,3.175633e-07,0.6581,0.4756,489
62,features.17,347,pruned_before,nan,0.000000e+00,0.000000e+00,0.0000,0.0000,0
62,features.17,348,active,-0.104113,3.497898e-07,1.266714e-07,0.4447,0.2365,489
62,features.17,349,pruned_before,nan,0.000000e+00,0.000000e+00,0.0000,0.0000,0
62,features.17,350,active,-0.109254,2.598151e-07,6.809109e-08,0.3599,0.1414,489
62,features.17,351,pruned_before,nan,0.000000e+00,0.000000e+00,0.0000,0.0000,0
62,features.17,352,pruned_before,nan,0.000000e+00,0.000000e+00,0.0000,0.0000,0
62,features.17,353,pruned_before,nan,0.000000e+00,0.000000e+00,0.0000,0.0000,0
62,features.17,354,pruned_before,nan,0.000000e+00,0.000000e+00,0.0000,0.0000,0
62,features.17,355,active,0.123393,4.441999e-08,1.642881e-07,0.0411,0.2879,489
62,features.17,356,pruned_before,nan,0.000000e+00,0.000000e+00,0.0000,0.0000,0
62,features.17,357,pruned_before,nan,0.000000e+00,0.000000e+00,0.0000,0.0000,0
62,features.17,358,active,-0.002571,1.056986e-06,9.389465e-07,0.8046,0.7995,489
62,features.17,359,active,-0.086118,8.152388e-07,4.093951e-07,0.7275,0.5553,489
62,features.17,360,active,-0.069409,4.891305e-07,2.799719e-07,0.5784,0.4396,489
62,features.17,361,pruned_before,nan,0.000000e+00,0.000000e+00,0.0000,0.0000,0
62,features.17,362,pruned_before,nan,0.000000e+00,0.000000e+00,0.0000,0.0000,0
62,features.17,363,pruned_before,nan,0.000000e+00,0.000000e+00,0.0000,0.0000,0
62,features.17,364,pruned_before,nan,0.000000e+00,0.000000e+00,0.0000,0.0000,0
62,features.17,365,pruned_before,nan,0.000000e+00,0.000000e+00,0.0000,0.0000,0
62,features.17,366,active,0.203085,3.535710e-07,1.272196e-06,0.4473,0.8535,489
62,features.17,367,pruned_before,nan,0.000000e+00,0.000000e+00,0.0000,0.0000,0
62,features.17,368,active,0.032134,1.397905e-06,1.900039e-06,0.8586,0.9229,489
62,features.17,369,pruned_before,nan,0.000000e+00,0.000000e+00,0.0000,0.0000,0
62,features.17,370,active,0.266067,2.808675e-07,1.774250e-06,0.3753,0.9075,489
62,features.17,371,pruned_before,nan,0.000000e+00,0.000000e+00,0.0000,0.0000,0
62,features.17,372,pruned_before,nan,0.000000e+00,0.000000e+00,0.0000,0.0000,0
62,features.17,373,pruned_before,nan,0.000000e+00,0.000000e+00,0.0000,0.0000,0
62,features.17,374,active,0.019280,1.155025e-06,1.360555e-06,0.8278,0.8663,489
62,features.17,375,active,0.062982,8.034858e-07,1.210379e-06,0.7172,0.8432,489
62,features.17,376,active,-0.030848,2.691890e-06,1.645400e-06,0.9614,0.8997,489
62,features.17,377,pruned_before,nan,0.000000e+00,0.000000e+00,0.0000,0.0000,0
62,features.17,378,pruned_before,nan,0.000000e+00,0.000000e+00,0.0000,0.0000,0
62,features.17,379,active,0.055270,7.742252e-09,5.360005e-08,0.0077,0.1183,489
62,features.17,380,active,0.233933,2.552923e-07,1.083936e-06,0.3548,0.8226,489
62,features.17,381,active,-0.102828,3.481571e-07,1.244230e-07,0.4396,0.2339,489
62,features.17,382,active,0.052699,1.396295e-07,1.593713e-07,0.1748,0.2802,489
62,features.17,383,pruned_before,nan,0.000000e+00,0.000000e+00,0.0000,0.0000,0
62,features.17,384,pruned_before,nan,0.000000e+00,0.000000e+00,0.0000,0.0000,0
62,features.17,385,pruned_before,nan,0.000000e+00,0.000000e+00,0.0000,0.0000,0
62,features.17,386,pruned_before,nan,0.000000e+00,0.000000e+00,0.0000,0.0000,0
62,features.17,387,pruned_before,nan,0.000000e+00,0.000000e+00,0.0000,0.0000,0
62,features.17,388,active,-0.007712,3.991586e-07,3.180649e-07,0.4961,0.4807,489
62,features.17,389,active,-0.123393,1.331130e-06,4.754829e-07,0.8535,0.6067,489
62,features.17,390,pruned_before,nan,0.000000e+00,0.000000e+00,0.0000,0.0000,0
62,features.17,391,pruned_before,nan,0.000000e+00,0.000000e+00,0.0000,0.0000,0
62,features.17,392,pruned_before,nan,0.000000e+00,0.000000e+00,0.0000,0.0000,0
62,features.17,393,pruned_before,nan,0.000000e+00,0.000000e+00,0.0000,0.0000,0
62,features.17,394,active,-0.068123,1.122737e-06,6.273754e-07,0.8226,0.6864,489
62,features.17,395,active,0.098972,1.196109e-07,1.871347e-07,0.1362,0.3342,489
62,features.17,396,pruned_before,nan,0.000000e+00,0.000000e+00,0.0000,0.0000,0
62,features.17,397,active,0.001285,1.484767e-07,9.187362e-08,0.1825,0.1851,489
62,features.17,398,pruned_before,nan,0.000000e+00,0.000000e+00,0.0000,0.0000,0
62,features.17,399,pruned_before,nan,0.000000e+00,0.000000e+00,0.0000,0.0000,0
62,features.17,400,active,-0.017995,8.698464e-08,3.035024e-08,0.0848,0.0488,489
62,features.17,401,pruned_before,nan,0.000000e+00,0.000000e+00,0.0000,0.0000,0
62,features.17,402,pruned_before,nan,0.000000e+00,0.000000e+00,0.0000,0.0000,0
62,features.17,403,pruned_before,nan,0.000000e+00,0.000000e+00,0.0000,0.0000,0
62,features.17,404,active,-0.105398,8.072996e-07,3.570867e-07,0.7198,0.5090,489
62,features.17,405,active,0.113111,2.293559e-07,3.954236e-07,0.3136,0.5398,489
62,features.17,406,pruned_before,nan,0.000000e+00,0.000000e+00,0.0000,0.0000,0
62,features.17,407,pruned_before,nan,0.000000e+00,0.000000e+00,0.0000,0.0000,0
62,features.17,408,active,0.038560,1.534806e-06,2.528971e-06,0.8766,0.9537,489
62,features.17,409,pruned_before,nan,0.000000e+00,0.000000e+00,0.0000,0.0000,0
62,features.17,410,pruned_before,nan,0.000000e+00,0.000000e+00,0.0000,0.0000,0
62,features.17,411,pruned_before,nan,0.000000e+00,0.000000e+00,0.0000,0.0000,0
62,features.17,412,pruned_before,nan,0.000000e+00,0.000000e+00,0.0000,0.0000,0
62,features.17,413,pruned_before,nan,0.000000e+00,0.000000e+00,0.0000,0.0000,0
62,features.17,414,pruned_before,nan,0.000000e+00,0.000000e+00,0.0000,0.0000,0
62,features.17,415,active,0.051414,1.395555e-07,1.569637e-07,0.1722,0.2751,489
62,features.17,416,pruned_before,nan,0.000000e+00,0.000000e+00,0.0000,0.0000,0
62,features.17,417,pruned_before,nan,0.000000e+00,0.000000e+00,0.0000,0.0000,0
62,features.17,418,pruned_before,nan,0.000000e+00,0.000000e+00,0.0000,0.0000,0
62,features.17,419,active,0.065553,8.857015e-07,1.472397e-06,0.7506,0.8817,489
62,features.17,420,active,-0.038560,1.484457e-06,9.280583e-07,0.8689,0.7918,489
62,features.17,421,pruned_before,nan,0.000000e+00,0.000000e+00,0.0000,0.0000,0
62,features.17,422,active,-0.030848,5.449720e-07,4.059128e-07,0.6144,0.5527,489
62,features.17,423,pruned_before,nan,0.000000e+00,0.000000e+00,0.0000,0.0000,0
62,features.17,424,pruned_before,nan,0.000000e+00,0.000000e+00,0.0000,0.0000,0
62,features.17,425,pruned_before,nan,0.000000e+00,0.000000e+00,0.0000,0.0000,0
62,features.17,426,pruned_before,nan,0.000000e+00,0.000000e+00,0.0000,0.0000,0
62,features.17,427,active,-0.034704,2.913972e-06,1.683908e-06,0.9743,0.9049,489
62,features.17,428,pruned_before,nan,0.000000e+00,0.000000e+00,0.0000,0.0000,0
62,features.17,429,pruned_before,nan,0.000000e+00,0.000000e+00,0.0000,0.0000,0
62,features.17,430,active,0.237789,1.809363e-07,6.403933e-07,0.2211,0.6967,489
62,features.17,431,active,-0.021851,2.311654e-07,1.571565e-07,0.3213,0.2776,489
62,features.17,432,pruned_before,nan,0.000000e+00,0.000000e+00,0.0000,0.0000,0
62,features.17,433,active,0.050129,9.961167e-07,1.501581e-06,0.7866,0.8869,489
62,features.17,434,active,-0.084833,3.128007e-07,1.240097e-07,0.4010,0.2314,489
62,features.17,435,active,-0.065553,1.352522e-07,2.219928e-08,0.1645,0.0334,489
62,features.17,436,pruned_before,nan,0.000000e+00,0.000000e+00,0.0000,0.0000,0
62,features.17,437,pruned_before,nan,0.000000e+00,0.000000e+00,0.0000,0.0000,0
62,features.17,438,pruned_before,nan,0.000000e+00,0.000000e+00,0.0000,0.0000,0
62,features.17,439,active,-0.050129,6.388229e-07,4.228654e-07,0.6658,0.5656,489
62,features.17,440,pruned_before,nan,0.000000e+00,0.000000e+00,0.0000,0.0000,0
62,features.17,441,active,0.160668,1.603153e-07,3.684315e-07,0.1979,0.5193,489
62,features.17,442,pruned_before,nan,0.000000e+00,0.000000e+00,0.0000,0.0000,0
62,features.17,443,pruned_before,nan,0.000000e+00,0.000000e+00,0.0000,0.0000,0
62,features.17,444,pruned_before,nan,0.000000e+00,0.000000e+00,0.0000,0.0000,0
62,features.17,445,pruned_before,nan,0.000000e+00,0.000000e+00,0.0000,0.0000,0
62,features.17,446,active,0.086118,4.440753e-07,6.647131e-07,0.5424,0.7147,489
62,features.17,447,pruned_before,nan,0.000000e+00,0.000000e+00,0.0000,0.0000,0
62,features.17,448,pruned_before,nan,0.000000e+00,0.000000e+00,0.0000,0.0000,0
62,features.17,449,pruned_before,nan,0.000000e+00,0.000000e+00,0.0000,0.0000,0
62,features.17,450,pruned_before,nan,0.000000e+00,0.000000e+00,0.0000,0.0000,0
62,features.17,451,pruned_before,nan,0.000000e+00,0.000000e+00,0.0000,0.0000,0
62,features.17,452,pruned_before,nan,0.000000e+00,0.000000e+00,0.0000,0.0000,0
62,features.17,453,pruned_before,nan,0.000000e+00,0.000000e+00,0.0000,0.0000,0
62,features.17,454,active,-0.066838,2.368329e-06,1.037465e-06,0.9512,0.8175,489
62,features.17,455,pruned_before,nan,0.000000e+00,0.000000e+00,0.0000,0.0000,0
62,features.17,456,pruned_before,nan,0.000000e+00,0.000000e+00,0.0000,0.0000,0
62,features.17,457,pruned_before,nan,0.000000e+00,0.000000e+00,0.0000,0.0000,0
62,features.17,458,pruned_before,nan,0.000000e+00,0.000000e+00,0.0000,0.0000,0
62,features.17,459,pruned_before,nan,0.000000e+00,0.000000e+00,0.0000,0.0000,0
62,features.17,460,pruned_before,nan,0.000000e+00,0.000000e+00,0.0000,0.0000,0
62,features.17,461,pruned_before,nan,0.000000e+00,0.000000e+00,0.0000,0.0000,0
62,features.17,462,pruned_before,nan,0.000000e+00,0.000000e+00,0.0000,0.0000,0
62,features.17,463,active,0.019280,1.747343e-06,2.465907e-06,0.9126,0.9512,489
62,features.17,464,active,-0.123393,8.803206e-07,3.527289e-07,0.7481,0.5013,489
62,features.17,465,active,-0.001285,2.355995e-08,1.636101e-08,0.0180,0.0154,489
62,features.17,466,pruned_before,nan,0.000000e+00,0.000000e+00,0.0000,0.0000,0
62,features.17,467,active,-0.012853,3.447748e-07,2.473630e-07,0.4319,0.4062,489
62,features.17,468,pruned_before,nan,0.000000e+00,0.000000e+00,0.0000,0.0000,0
62,features.17,469,pruned_before,nan,0.000000e+00,0.000000e+00,0.0000,0.0000,0
62,features.17,470,active,-0.064267,1.489049e-06,7.475091e-07,0.8715,0.7429,489
62,features.17,471,active,0.028278,1.314433e-07,1.063337e-07,0.1542,0.2108,489
62,features.17,472,active,0.150386,1.585254e-07,3.364765e-07,0.1954,0.4961,489
62,features.17,473,active,0.074550,6.954257e-07,1.140532e-06,0.6838,0.8329,489
62,features.17,474,active,-0.088689,1.921832e-07,3.510999e-08,0.2416,0.0643,489
62,features.17,475,active,-0.001285,4.241448e-07,3.598811e-07,0.5167,0.5141,489
62,features.17,476,pruned_before,nan,0.000000e+00,0.000000e+00,0.0000,0.0000,0
62,features.17,477,pruned_before,nan,0.000000e+00,0.000000e+00,0.0000,0.0000,0
62,features.17,478,pruned_before,nan,0.000000e+00,0.000000e+00,0.0000,0.0000,0
62,features.17,479,pruned_before,nan,0.000000e+00,0.000000e+00,0.0000,0.0000,0
62,features.17,480,pruned_before,nan,0.000000e+00,0.000000e+00,0.0000,0.0000,0
62,features.17,481,active,-0.002571,3.273747e-06,3.195599e-06,0.9794,0.9743,489
62,features.17,482,pruned_before,nan,0.000000e+00,0.000000e+00,0.0000,0.0000,0
62,features.17,483,pruned_before,nan,0.000000e+00,0.000000e+00,0.0000,0.0000,0
62,features.17,484,pruned_before,nan,0.000000e+00,0.000000e+00,0.0000,0.0000,0
62,features.17,485,pruned_before,nan,0.000000e+00,0.000000e+00,0.0000,0.0000,0
62,features.17,486,active,-0.075835,1.928987e-07,4.320650e-08,0.2468,0.0951,489
62,features.17,487,pruned_before,nan,0.000000e+00,0.000000e+00,0.0000,0.0000,0
62,features.17,488,active,0.105398,1.819819e-07,2.791719e-07,0.2262,0.4370,489
62,features.17,489,pruned_before,nan,0.000000e+00,0.000000e+00,0.0000,0.0000,0
62,features.17,490,pruned_before,nan,0.000000e+00,0.000000e+00,0.0000,0.0000,0
62,features.17,491,active,-0.082262,6.074304e-06,1.161708e-06,1.0000,0.8355,489
62,features.17,492,active,-0.136247,3.159828e-07,6.496095e-08,0.4062,0.1337,489
62,features.17,493,active,0.061697,5.130286e-07,6.823361e-07,0.5964,0.7198,489
62,features.17,494,active,-0.104113,3.221082e-07,1.029505e-07,0.4113,0.2031,489
62,features.17,495,pruned_before,nan,0.000000e+00,0.000000e+00,0.0000,0.0000,0
62,features.17,496,active,0.021851,5.465959e-07,5.790172e-07,0.6170,0.6607,489
62,features.17,497,active,-0.053985,4.306326e-07,2.589840e-07,0.5219,0.4139,489
62,features.17,498,active,0.064267,1.161606e-07,1.475579e-07,0.1337,0.2622,489
62,features.17,499,pruned_before,nan,0.000000e+00,0.000000e+00,0.0000,0.0000,0
62,features.17,500,active,0.379177,1.374389e-07,1.974614e-06,0.1697,0.9280,489
62,features.17,501,active,-0.134961,2.399757e-07,3.322740e-08,0.3290,0.0591,489
62,features.17,502,pruned_before,nan,0.000000e+00,0.000000e+00,0.0000,0.0000,0
62,features.17,503,active,-0.060411,1.566186e-06,8.562437e-07,0.8843,0.7635,489
62,features.17,504,pruned_before,nan,0.000000e+00,0.000000e+00,0.0000,0.0000,0
62,features.17,505,active,0.062982,1.097124e-06,2.350672e-06,0.8149,0.9409,489
62,features.17,506,pruned_before,nan,0.000000e+00,0.000000e+00,0.0000,0.0000,0
62,features.17,507,active,-0.057841,2.277794e-07,9.537862e-08,0.3059,0.1902,489
62,features.17,508,pruned_before,nan,0.000000e+00,0.000000e+00,0.0000,0.0000,0
62,features.17,509,pruned_before,nan,0.000000e+00,0.000000e+00,0.0000,0.0000,0
62,features.17,510,pruned_before,nan,0.000000e+00,0.000000e+00,0.0000,0.0000,0
62,features.17,511,active,-0.043702,1.220002e-07,3.169171e-08,0.1414,0.0540,489
62,features.17,512,pruned_before,nan,0.000000e+00,0.000000e+00,0.0000,0.0000,0
62,features.17,513,active,0.019280,5.378862e-08,4.070076e-08,0.0463,0.0848,489
62,features.17,514,protected,0.006427,4.228681e-06,4.099665e-06,0.9846,0.9974,489
62,features.17,515,pruned_before,nan,0.000000e+00,0.000000e+00,0.0000,0.0000,0
62,features.17,516,pruned_before,nan,0.000000e+00,0.000000e+00,0.0000,0.0000,0
62,features.17,517,pruned_before,nan,0.000000e+00,0.000000e+00,0.0000,0.0000,0
62,features.17,518,pruned_before,nan,0.000000e+00,0.000000e+00,0.0000,0.0000,0
62,features.17,519,pruned_now,-0.215938,2.775480e-06,3.934598e-07,0.9692,0.5373,489
62,features.17,520,active,0.019280,3.798716e-07,3.589550e-07,0.4730,0.5116,489
62,features.17,521,active,-0.078406,1.842256e-07,3.765992e-08,0.2365,0.0797,489
62,features.17,522,active,0.236504,4.176522e-07,3.361827e-06,0.5090,0.9820,489
62,features.17,523,active,0.055270,3.302262e-07,3.795796e-07,0.4190,0.5296,489
62,features.17,524,pruned_before,nan,0.000000e+00,0.000000e+00,0.0000,0.0000,0
62,features.17,525,pruned_before,nan,0.000000e+00,0.000000e+00,0.0000,0.0000,0
62,features.17,526,pruned_before,nan,0.000000e+00,0.000000e+00,0.0000,0.0000,0
62,features.17,527,pruned_now,-0.199229,1.845732e-06,3.722201e-07,0.9203,0.5219,489
62,features.17,528,pruned_before,nan,0.000000e+00,0.000000e+00,0.0000,0.0000,0
62,features.17,529,active,0.047558,2.128668e-07,2.299989e-07,0.2802,0.3753,489
62,features.17,530,active,-0.017995,2.001317e-07,1.225031e-07,0.2596,0.2237,489
62,features.17,531,pruned_before,nan,0.000000e+00,0.000000e+00,0.0000,0.0000,0
62,features.17,532,pruned_before,nan,0.000000e+00,0.000000e+00,0.0000,0.0000,0
62,features.17,533,active,-0.178663,3.795363e-07,5.279874e-08,0.4704,0.1131,489
62,features.17,534,pruned_before,nan,0.000000e+00,0.000000e+00,0.0000,0.0000,0
62,features.17,535,active,-0.083548,3.988430e-07,1.820098e-07,0.4936,0.3265,489
62,features.17,536,active,-0.092545,4.956859e-07,2.464903e-07,0.5887,0.4036,489
62,features.17,537,pruned_before,nan,0.000000e+00,0.000000e+00,0.0000,0.0000,0
62,features.17,538,pruned_before,nan,0.000000e+00,0.000000e+00,0.0000,0.0000,0
62,features.17,539,pruned_before,nan,0.000000e+00,0.000000e+00,0.0000,0.0000,0
62,features.17,540,active,-0.026992,1.067520e-07,3.512858e-08,0.1208,0.0668,489
62,features.17,541,active,-0.003856,1.540968e-06,1.372145e-06,0.8792,0.8715,489
62,features.17,542,active,0.023136,5.127668e-08,4.149890e-08,0.0437,0.0900,489
62,features.17,543,active,0.158098,6.448875e-08,2.229172e-07,0.0540,0.3702,489
62,features.17,544,pruned_before,nan,0.000000e+00,0.000000e+00,0.0000,0.0000,0
62,features.17,545,pruned_before,nan,0.000000e+00,0.000000e+00,0.0000,0.0000,0
62,features.17,546,active,-0.080977,3.415365e-07,1.530963e-07,0.4293,0.2674,489
62,features.17,547,pruned_before,nan,0.000000e+00,0.000000e+00,0.0000,0.0000,0
62,features.17,548,pruned_before,nan,0.000000e+00,0.000000e+00,0.0000,0.0000,0
62,features.17,549,active,0.017995,3.545597e-07,3.187467e-07,0.4499,0.4859,489
62,features.17,550,pruned_before,nan,0.000000e+00,0.000000e+00,0.0000,0.0000,0
62,features.17,551,active,-0.001285,3.282963e-06,3.335732e-06,0.9820,0.9794,489
62,features.17,552,pruned_before,nan,0.000000e+00,0.000000e+00,0.0000,0.0000,0
62,features.17,553,pruned_before,nan,0.000000e+00,0.000000e+00,0.0000,0.0000,0
62,features.17,554,pruned_before,nan,0.000000e+00,0.000000e+00,0.0000,0.0000,0
62,features.17,555,pruned_before,nan,0.000000e+00,0.000000e+00,0.0000,0.0000,0
62,features.17,556,pruned_before,nan,0.000000e+00,0.000000e+00,0.0000,0.0000,0
62,features.17,557,pruned_before,nan,0.000000e+00,0.000000e+00,0.0000,0.0000,0
62,features.17,558,active,-0.083548,4.564488e-07,2.335076e-07,0.5501,0.3830,489
62,features.17,559,active,0.006427,1.680667e-07,1.118444e-07,0.2057,0.2185,489
62,features.17,560,active,0.113111,2.713088e-07,4.627176e-07,0.3650,0.5913,489
62,features.17,561,active,-0.055270,2.029330e-06,1.101114e-06,0.9383,0.8278,489
62,features.17,562,active,0.060411,3.914744e-08,7.538363e-08,0.0334,0.1542,489
62,features.17,563,active,-0.118252,2.045549e-07,2.131768e-08,0.2648,0.0283,489
62,features.17,564,pruned_before,nan,0.000000e+00,0.000000e+00,0.0000,0.0000,0
62,features.17,565,pruned_before,nan,0.000000e+00,0.000000e+00,0.0000,0.0000,0
62,features.17,566,pruned_before,nan,0.000000e+00,0.000000e+00,0.0000,0.0000,0
62,features.17,567,pruned_before,nan,0.000000e+00,0.000000e+00,0.0000,0.0000,0
62,features.17,568,pruned_before,nan,0.000000e+00,0.000000e+00,0.0000,0.0000,0
62,features.17,569,active,-0.128535,1.262798e-06,4.585583e-07,0.8406,0.5835,489
62,features.17,570,pruned_before,nan,0.000000e+00,0.000000e+00,0.0000,0.0000,0
62,features.17,571,active,0.001285,1.789641e-07,1.210862e-07,0.2185,0.2211,489
62,features.17,572,pruned_before,nan,0.000000e+00,0.000000e+00,0.0000,0.0000,0
62,features.17,573,pruned_before,nan,0.000000e+00,0.000000e+00,0.0000,0.0000,0
62,features.17,574,active,0.158098,4.824644e-07,1.556886e-06,0.5733,0.8895,489
62,features.17,575,active,-0.186375,5.880332e-07,1.526128e-07,0.6375,0.2648,489
62,features.17,576,active,0.044987,1.288892e-06,2.310744e-06,0.8483,0.9383,489
62,features.17,577,active,-0.050129,2.042950e-06,1.181545e-06,0.9409,0.8406,489
62,features.17,578,active,0.209512,2.177995e-07,6.625258e-07,0.2905,0.7095,489
62,features.17,579,active,0.057841,6.423960e-08,8.326514e-08,0.0514,0.1671,489
62,features.17,580,active,-0.042416,2.293185e-07,1.227308e-07,0.3111,0.2262,489
62,features.17,581,pruned_before,nan,0.000000e+00,0.000000e+00,0.0000,0.0000,0
62,features.17,582,active,-0.056555,1.648616e-07,4.146709e-08,0.2005,0.0874,489
62,features.17,583,pruned_before,nan,0.000000e+00,0.000000e+00,0.0000,0.0000,0
62,features.17,584,pruned_before,nan,0.000000e+00,0.000000e+00,0.0000,0.0000,0
62,features.17,585,pruned_before,nan,0.000000e+00,0.000000e+00,0.0000,0.0000,0
62,features.17,586,active,-0.122108,6.210108e-07,2.587637e-07,0.6555,0.4113,489
62,features.17,587,active,-0.115681,1.866528e-06,6.400030e-07,0.9254,0.6941,489
62,features.17,588,pruned_before,nan,0.000000e+00,0.000000e+00,0.0000,0.0000,0
62,features.17,589,active,0.173522,4.005865e-07,1.228382e-06,0.4987,0.8458,489
62,features.17,590,pruned_before,nan,0.000000e+00,0.000000e+00,0.0000,0.0000,0
62,features.17,591,active,0.122108,4.155568e-07,7.496266e-07,0.5039,0.7481,489
62,features.17,592,pruned_before,nan,0.000000e+00,0.000000e+00,0.0000,0.0000,0
62,features.17,593,active,0.011568,4.327398e-07,4.021651e-07,0.5270,0.5501,489
62,features.17,594,pruned_before,nan,0.000000e+00,0.000000e+00,0.0000,0.0000,0
62,features.17,595,active,-0.066838,1.675633e-06,8.674153e-07,0.9049,0.7712,489
62,features.17,596,pruned_before,nan,0.000000e+00,0.000000e+00,0.0000,0.0000,0
62,features.17,597,active,-0.073265,2.075159e-07,5.788064e-08,0.2699,0.1234,489
62,features.17,598,pruned_before,nan,0.000000e+00,0.000000e+00,0.0000,0.0000,0
62,features.17,599,pruned_before,nan,0.000000e+00,0.000000e+00,0.0000,0.0000,0
62,features.17,600,pruned_before,nan,0.000000e+00,0.000000e+00,0.0000,0.0000,0
62,features.17,601,pruned_before,nan,0.000000e+00,0.000000e+00,0.0000,0.0000,0
62,features.17,602,active,0.314910,1.526408e-07,1.029887e-06,0.1851,0.8149,489
62,features.17,603,pruned_before,nan,0.000000e+00,0.000000e+00,0.0000,0.0000,0
62,features.17,604,pruned_before,nan,0.000000e+00,0.000000e+00,0.0000,0.0000,0
62,features.17,605,active,0.005141,4.344684e-07,3.962776e-07,0.5321,0.5424,489
62,features.17,606,active,-0.064267,7.967240e-07,4.586051e-07,0.7147,0.5861,489
62,features.17,607,active,-0.066838,5.695505e-07,3.247104e-07,0.6247,0.4910,489
62,features.17,608,pruned_before,nan,0.000000e+00,0.000000e+00,0.0000,0.0000,0
62,features.17,609,active,0.015424,6.871979e-08,4.247376e-08,0.0617,0.0925,489
62,features.17,610,pruned_before,nan,0.000000e+00,0.000000e+00,0.0000,0.0000,0
62,features.17,611,pruned_before,nan,0.000000e+00,0.000000e+00,0.0000,0.0000,0
62,features.17,612,pruned_before,nan,0.000000e+00,0.000000e+00,0.0000,0.0000,0
62,features.17,613,pruned_before,nan,0.000000e+00,0.000000e+00,0.0000,0.0000,0
62,features.17,614,pruned_before,nan,0.000000e+00,0.000000e+00,0.0000,0.0000,0
62,features.17,615,active,0.020566,9.817894e-08,6.934514e-08,0.1054,0.1465,489
62,features.17,616,active,-0.066838,3.633302e-07,1.778004e-07,0.4550,0.3213,489
62,features.17,617,pruned_before,nan,0.000000e+00,0.000000e+00,0.0000,0.0000,0
62,features.17,618,pruned_before,nan,0.000000e+00,0.000000e+00,0.0000,0.0000,0
62,features.17,619,active,0.017995,1.555178e-06,1.853689e-06,0.8817,0.9177,489
62,features.17,620,pruned_before,nan,0.000000e+00,0.000000e+00,0.0000,0.0000,0
62,features.17,621,active,-0.060411,3.256427e-07,1.681243e-07,0.4165,0.2956,489
62,features.17,622,pruned_before,nan,0.000000e+00,0.000000e+00,0.0000,0.0000,0
62,features.17,623,active,0.010283,2.367487e-08,2.922901e-08,0.0206,0.0411,489
62,features.17,624,pruned_before,nan,0.000000e+00,0.000000e+00,0.0000,0.0000,0
62,features.17,625,active,0.109255,8.082461e-07,2.356072e-06,0.7249,0.9434,489
62,features.17,626,active,0.033419,1.148444e-06,1.559591e-06,0.8252,0.8920,489
62,features.17,627,active,-0.105398,3.731865e-07,1.402288e-07,0.4627,0.2519,489
62,features.17,628,pruned_before,nan,0.000000e+00,0.000000e+00,0.0000,0.0000,0
62,features.17,629,active,0.161954,9.689860e-08,2.656925e-07,0.1028,0.4267,489
62,features.17,630,pruned_before,nan,0.000000e+00,0.000000e+00,0.0000,0.0000,0
62,features.17,631,pruned_before,nan,0.000000e+00,0.000000e+00,0.0000,0.0000,0
62,features.17,632,pruned_before,nan,0.000000e+00,0.000000e+00,0.0000,0.0000,0
62,features.17,633,pruned_before,nan,0.000000e+00,0.000000e+00,0.0000,0.0000,0
62,features.17,634,pruned_before,nan,0.000000e+00,0.000000e+00,0.0000,0.0000,0
62,features.17,635,pruned_now,-0.203085,4.746576e-07,7.583009e-08,0.5630,0.1568,489
62,features.17,636,active,0.050129,5.247518e-07,6.614989e-07,0.6067,0.7069,489
62,features.17,637,pruned_before,nan,0.000000e+00,0.000000e+00,0.0000,0.0000,0
62,features.17,638,pruned_before,nan,0.000000e+00,0.000000e+00,0.0000,0.0000,0
62,features.17,639,pruned_before,nan,0.000000e+00,0.000000e+00,0.0000,0.0000,0
62,features.17,640,pruned_before,nan,0.000000e+00,0.000000e+00,0.0000,0.0000,0
62,features.17,641,pruned_before,nan,0.000000e+00,0.000000e+00,0.0000,0.0000,0
62,features.17,642,active,-0.050129,1.134933e-07,2.063051e-08,0.1260,0.0257,489
62,features.17,643,active,-0.056555,7.752519e-07,4.695911e-07,0.7095,0.5964,489
62,features.17,644,pruned_before,nan,0.000000e+00,0.000000e+00,0.0000,0.0000,0
62,features.17,645,pruned_before,nan,0.000000e+00,0.000000e+00,0.0000,0.0000,0
62,features.17,646,pruned_before,nan,0.000000e+00,0.000000e+00,0.0000,0.0000,0
62,features.17,647,pruned_before,nan,0.000000e+00,0.000000e+00,0.0000,0.0000,0
62,features.17,648,pruned_before,nan,0.000000e+00,0.000000e+00,0.0000,0.0000,0
62,features.17,649,active,0.107969,4.287151e-07,7.370820e-07,0.5193,0.7352,489
62,features.17,650,active,0.231362,2.956434e-07,1.258213e-06,0.3882,0.8509,489
62,features.17,651,pruned_before,nan,0.000000e+00,0.000000e+00,0.0000,0.0000,0
62,features.17,652,pruned_before,nan,0.000000e+00,0.000000e+00,0.0000,0.0000,0
62,features.17,653,pruned_before,nan,0.000000e+00,0.000000e+00,0.0000,0.0000,0
62,features.17,654,pruned_before,nan,0.000000e+00,0.000000e+00,0.0000,0.0000,0
62,features.17,655,active,-0.050129,2.095640e-07,8.859262e-08,0.2751,0.1748,489
62,features.17,656,active,0.024422,3.253330e-07,3.003305e-07,0.4139,0.4627,489
62,features.17,657,pruned_before,nan,0.000000e+00,0.000000e+00,0.0000,0.0000,0
62,features.17,658,active,0.089974,3.371423e-07,4.727047e-07,0.4242,0.6041,489
62,features.17,659,active,-0.033419,6.979261e-07,5.032047e-07,0.6889,0.6221,489
62,features.17,660,active,-0.028278,1.972416e-07,1.015799e-07,0.2545,0.1979,489
62,features.17,661,pruned_before,nan,0.000000e+00,0.000000e+00,0.0000,0.0000,0
62,features.17,662,pruned_before,nan,0.000000e+00,0.000000e+00,0.0000,0.0000,0
62,features.17,663,pruned_before,nan,0.000000e+00,0.000000e+00,0.0000,0.0000,0
62,features.17,664,pruned_before,nan,0.000000e+00,0.000000e+00,0.0000,0.0000,0
62,features.17,665,pruned_before,nan,0.000000e+00,0.000000e+00,0.0000,0.0000,0
62,features.17,666,pruned_before,nan,0.000000e+00,0.000000e+00,0.0000,0.0000,0
62,features.17,667,pruned_before,nan,0.000000e+00,0.000000e+00,0.0000,0.0000,0
62,features.17,668,pruned_before,nan,0.000000e+00,0.000000e+00,0.0000,0.0000,0
62,features.17,669,pruned_before,nan,0.000000e+00,0.000000e+00,0.0000,0.0000,0
62,features.17,670,active,0.061697,4.570170e-07,6.021201e-07,0.5527,0.6761,489
62,features.17,671,pruned_before,nan,0.000000e+00,0.000000e+00,0.0000,0.0000,0
62,features.17,672,pruned_before,nan,0.000000e+00,0.000000e+00,0.0000,0.0000,0
62,features.17,673,pruned_before,nan,0.000000e+00,0.000000e+00,0.0000,0.0000,0
62,features.17,674,pruned_before,nan,0.000000e+00,0.000000e+00,0.0000,0.0000,0
62,features.17,675,pruned_before,nan,0.000000e+00,0.000000e+00,0.0000,0.0000,0
62,features.17,676,active,0.133676,8.499511e-08,2.008409e-07,0.0823,0.3496,489
62,features.17,677,pruned_before,nan,0.000000e+00,0.000000e+00,0.0000,0.0000,0
62,features.17,678,pruned_before,nan,0.000000e+00,0.000000e+00,0.0000,0.0000,0
62,features.17,679,pruned_before,nan,0.000000e+00,0.000000e+00,0.0000,0.0000,0
62,features.17,680,active,-0.084833,2.146554e-07,5.314175e-08,0.2853,0.1157,489
62,features.17,681,active,0.026992,2.249858e-07,2.145912e-07,0.3008,0.3548,489
62,features.17,682,pruned_before,nan,0.000000e+00,0.000000e+00,0.0000,0.0000,0
62,features.17,683,active,-0.140103,2.707401e-06,6.249228e-07,0.9640,0.6838,489
62,features.17,684,pruned_before,nan,0.000000e+00,0.000000e+00,0.0000,0.0000,0
62,features.17,685,active,-0.007712,3.375514e-08,1.542177e-08,0.0257,0.0103,489
62,features.17,686,active,-0.182519,9.120590e-07,2.412984e-07,0.7609,0.3959,489
62,features.17,687,pruned_before,nan,0.000000e+00,0.000000e+00,0.0000,0.0000,0
62,features.17,688,pruned_before,nan,0.000000e+00,0.000000e+00,0.0000,0.0000,0
62,features.17,689,active,0.050129,4.318647e-07,5.047316e-07,0.5244,0.6247,489
62,features.17,690,pruned_before,nan,0.000000e+00,0.000000e+00,0.0000,0.0000,0
62,features.17,691,pruned_before,nan,0.000000e+00,0.000000e+00,0.0000,0.0000,0
62,features.17,692,pruned_before,nan,0.000000e+00,0.000000e+00,0.0000,0.0000,0
62,features.17,693,pruned_before,nan,0.000000e+00,0.000000e+00,0.0000,0.0000,0
62,features.17,694,pruned_before,nan,0.000000e+00,0.000000e+00,0.0000,0.0000,0
62,features.17,695,active,0.260925,2.012629e-07,8.803231e-07,0.2622,0.7841,489
62,features.17,696,active,-0.133676,2.310681e-07,3.108412e-08,0.3188,0.0514,489
62,features.17,697,pruned_before,nan,0.000000e+00,0.000000e+00,0.0000,0.0000,0
62,features.17,698,active,0.060411,1.041200e-07,1.239375e-07,0.1080,0.2288,489
62,features.17,699,pruned_before,nan,0.000000e+00,0.000000e+00,0.0000,0.0000,0
62,features.17,700,active,-0.039846,1.348575e-07,4.054951e-08,0.1620,0.0823,489
62,features.17,701,pruned_before,nan,0.000000e+00,0.000000e+00,0.0000,0.0000,0
62,features.17,702,pruned_before,nan,0.000000e+00,0.000000e+00,0.0000,0.0000,0
62,features.17,703,pruned_before,nan,0.000000e+00,0.000000e+00,0.0000,0.0000,0
62,features.17,704,active,0.146530,2.151793e-07,4.574489e-07,0.2879,0.5810,489
62,features.17,705,active,0.010283,1.989474e-06,2.534084e-06,0.9357,0.9563,489
62,features.17,706,active,0.156812,6.897853e-07,4.012756e-06,0.6812,0.9949,489
62,features.17,707,active,0.365039,9.223598e-08,1.098897e-06,0.0951,0.8252,489
62,features.17,708,active,0.050129,3.698468e-08,6.295080e-08,0.0283,0.1285,489
62,features.17,709,pruned_before,nan,0.000000e+00,0.000000e+00,0.0000,0.0000,0
62,features.17,710,pruned_before,nan,0.000000e+00,0.000000e+00,0.0000,0.0000,0
62,features.17,711,pruned_before,nan,0.000000e+00,0.000000e+00,0.0000,0.0000,0
62,features.17,712,active,0.083548,2.137997e-08,9.065636e-08,0.0154,0.1825,489
62,features.17,713,active,-0.055270,4.177940e-07,2.459351e-07,0.5116,0.4010,489
62,features.17,714,active,-0.079692,3.193657e-07,1.382678e-07,0.4087,0.2494,489
62,features.17,715,active,-0.007712,4.383095e-07,3.748644e-07,0.5398,0.5244,489
62,features.17,716,pruned_before,nan,0.000000e+00,0.000000e+00,0.0000,0.0000,0
62,features.17,717,pruned_before,nan,0.000000e+00,0.000000e+00,0.0000,0.0000,0
62,features.17,718,pruned_before,nan,0.000000e+00,0.000000e+00,0.0000,0.0000,0
62,features.17,719,pruned_before,nan,0.000000e+00,0.000000e+00,0.0000,0.0000,0
62,features.17,720,pruned_before,nan,0.000000e+00,0.000000e+00,0.0000,0.0000,0
62,features.17,721,pruned_before,nan,0.000000e+00,0.000000e+00,0.0000,0.0000,0
62,features.17,722,pruned_before,nan,0.000000e+00,0.000000e+00,0.0000,0.0000,0
62,features.17,723,pruned_before,nan,0.000000e+00,0.000000e+00,0.0000,0.0000,0
62,features.17,724,pruned_now,-0.266067,1.268886e-06,1.750589e-07,0.8432,0.3111,489
62,features.17,725,pruned_before,nan,0.000000e+00,0.000000e+00,0.0000,0.0000,0
62,features.17,726,pruned_before,nan,0.000000e+00,0.000000e+00,0.0000,0.0000,0
62,features.17,727,pruned_before,nan,0.000000e+00,0.000000e+00,0.0000,0.0000,0
62,features.17,728,active,0.086118,8.568445e-07,1.820671e-06,0.7429,0.9152,489
62,features.17,729,pruned_before,nan,0.000000e+00,0.000000e+00,0.0000,0.0000,0
62,features.17,730,pruned_before,nan,0.000000e+00,0.000000e+00,0.0000,0.0000,0
62,features.17,731,pruned_before,nan,0.000000e+00,0.000000e+00,0.0000,0.0000,0
62,features.17,732,pruned_before,nan,0.000000e+00,0.000000e+00,0.0000,0.0000,0
62,features.17,733,active,0.096401,1.284500e-07,1.931759e-07,0.1465,0.3393,489
62,features.17,734,pruned_before,nan,0.000000e+00,0.000000e+00,0.0000,0.0000,0
62,features.17,735,active,-0.128535,4.919039e-06,7.341213e-07,0.9897,0.7326,489
62,features.17,736,pruned_before,nan,0.000000e+00,0.000000e+00,0.0000,0.0000,0
62,features.17,737,active,-0.115681,7.128328e-07,3.008323e-07,0.6967,0.4653,489
62,features.17,738,pruned_before,nan,0.000000e+00,0.000000e+00,0.0000,0.0000,0
62,features.17,739,pruned_before,nan,0.000000e+00,0.000000e+00,0.0000,0.0000,0
62,features.17,740,active,-0.052699,1.613435e-06,9.219857e-07,0.8946,0.7892,489
62,features.17,741,pruned_before,nan,0.000000e+00,0.000000e+00,0.0000,0.0000,0
62,features.17,742,pruned_before,nan,0.000000e+00,0.000000e+00,0.0000,0.0000,0
62,features.17,743,active,-0.147815,9.035579e-07,2.997913e-07,0.7558,0.4602,489
62,features.17,744,pruned_before,nan,0.000000e+00,0.000000e+00,0.0000,0.0000,0
62,features.17,745,active,0.079692,1.053786e-07,1.558830e-07,0.1131,0.2725,489
62,features.17,746,pruned_before,nan,0.000000e+00,0.000000e+00,0.0000,0.0000,0
62,features.17,747,active,-0.100257,9.305614e-07,4.287046e-07,0.7712,0.5707,489
62,features.17,748,pruned_before,nan,0.000000e+00,0.000000e+00,0.0000,0.0000,0
62,features.17,749,active,-0.123393,4.492626e-07,1.682663e-07,0.5450,0.2982,489
62,features.17,750,pruned_before,nan,0.000000e+00,0.000000e+00,0.0000,0.0000,0
62,features.17,751,pruned_before,nan,0.000000e+00,0.000000e+00,0.0000,0.0000,0
62,features.17,752,active,0.038560,1.942020e-07,1.828020e-07,0.2519,0.3290,489
62,features.17,753,pruned_before,nan,0.000000e+00,0.000000e+00,0.0000,0.0000,0
62,features.17,754,pruned_before,nan,0.000000e+00,0.000000e+00,0.0000,0.0000,0
62,features.17,755,active,-0.106684,1.834028e-07,1.875705e-08,0.2339,0.0206,489
62,features.17,756,pruned_before,nan,0.000000e+00,0.000000e+00,0.0000,0.0000,0
62,features.17,757,active,-0.020566,8.081303e-07,6.228368e-07,0.7224,0.6812,489
62,features.17,758,pruned_before,nan,0.000000e+00,0.000000e+00,0.0000,0.0000,0
62,features.17,759,active,0.043702,2.881874e-07,3.035732e-07,0.3805,0.4679,489
62,features.17,760,pruned_before,nan,0.000000e+00,0.000000e+00,0.0000,0.0000,0
62,features.17,761,pruned_before,nan,0.000000e+00,0.000000e+00,0.0000,0.0000,0
62,features.17,762,pruned_before,nan,0.000000e+00,0.000000e+00,0.0000,0.0000,0
62,features.17,763,pruned_before,nan,0.000000e+00,0.000000e+00,0.0000,0.0000,0
62,features.17,764,pruned_before,nan,0.000000e+00,0.000000e+00,0.0000,0.0000,0
62,features.17,765,pruned_before,nan,0.000000e+00,0.000000e+00,0.0000,0.0000,0
62,features.17,766,pruned_before,nan,0.000000e+00,0.000000e+00,0.0000,0.0000,0
62,features.17,767,pruned_before,nan,0.000000e+00,0.000000e+00,0.0000,0.0000,0
62,features.17,768,pruned_before,nan,0.000000e+00,0.000000e+00,0.0000,0.0000,0
62,features.17,769,pruned_before,nan,0.000000e+00,0.000000e+00,0.0000,0.0000,0
62,features.17,770,active,0.161954,3.310205e-07,7.487411e-07,0.4216,0.7455,489
62,features.17,771,pruned_before,nan,0.000000e+00,0.000000e+00,0.0000,0.0000,0
62,features.17,772,active,0.079692,1.141922e-07,1.651531e-07,0.1311,0.2905,489
62,features.17,773,pruned_before,nan,0.000000e+00,0.000000e+00,0.0000,0.0000,0
62,features.17,774,pruned_before,nan,0.000000e+00,0.000000e+00,0.0000,0.0000,0
62,features.17,775,pruned_before,nan,0.000000e+00,0.000000e+00,0.0000,0.0000,0
62,features.17,776,pruned_before,nan,0.000000e+00,0.000000e+00,0.0000,0.0000,0
62,features.17,777,pruned_before,nan,0.000000e+00,0.000000e+00,0.0000,0.0000,0
62,features.17,778,active,-0.034704,1.680760e-07,6.748442e-08,0.2082,0.1388,489
62,features.17,779,pruned_before,nan,0.000000e+00,0.000000e+00,0.0000,0.0000,0
62,features.17,780,pruned_before,nan,0.000000e+00,0.000000e+00,0.0000,0.0000,0
62,features.17,781,pruned_before,nan,0.000000e+00,0.000000e+00,0.0000,0.0000,0
62,features.17,782,active,-0.125964,1.089435e-06,4.103804e-07,0.8098,0.5578,489
62,features.17,783,pruned_before,nan,0.000000e+00,0.000000e+00,0.0000,0.0000,0
62,features.17,784,pruned_before,nan,0.000000e+00,0.000000e+00,0.0000,0.0000,0
62,features.17,785,active,0.011568,5.833988e-08,3.551196e-08,0.0488,0.0720,489
62,features.17,786,active,0.037275,4.595784e-07,5.186930e-07,0.5553,0.6298,489
62,features.17,787,pruned_now,-0.212082,5.223230e-07,9.036893e-08,0.6041,0.1799,489
62,features.17,788,pruned_before,nan,0.000000e+00,0.000000e+00,0.0000,0.0000,0
62,features.17,789,pruned_before,nan,0.000000e+00,0.000000e+00,0.0000,0.0000,0
62,features.17,790,active,-0.084833,6.814003e-07,3.562935e-07,0.6761,0.5064,489
62,features.17,791,pruned_before,nan,0.000000e+00,0.000000e+00,0.0000,0.0000,0
62,features.17,792,active,0.089974,1.900842e-07,2.613255e-07,0.2391,0.4190,489
62,features.17,793,active,-0.020566,6.108596e-07,4.757515e-07,0.6504,0.6093,489
62,features.17,794,active,-0.109255,2.045126e-06,7.240138e-07,0.9434,0.7249,489
62,features.17,795,pruned_before,nan,0.000000e+00,0.000000e+00,0.0000,0.0000,0
62,features.17,796,active,0.105398,1.355418e-07,2.300754e-07,0.1671,0.3779,489
62,features.17,797,pruned_before,nan,0.000000e+00,0.000000e+00,0.0000,0.0000,0
62,features.17,798,pruned_before,nan,0.000000e+00,0.000000e+00,0.0000,0.0000,0
62,features.17,799,pruned_before,nan,0.000000e+00,0.000000e+00,0.0000,0.0000,0
62,features.17,800,pruned_before,nan,0.000000e+00,0.000000e+00,0.0000,0.0000,0
62,features.17,801,pruned_before,nan,0.000000e+00,0.000000e+00,0.0000,0.0000,0
62,features.17,802,pruned_before,nan,0.000000e+00,0.000000e+00,0.0000,0.0000,0
62,features.17,803,pruned_before,nan,0.000000e+00,0.000000e+00,0.0000,0.0000,0
62,features.17,804,active,-0.066838,1.757943e-06,8.778659e-07,0.9152,0.7815,489
62,features.17,805,pruned_before,nan,0.000000e+00,0.000000e+00,0.0000,0.0000,0
62,features.17,806,pruned_before,nan,0.000000e+00,0.000000e+00,0.0000,0.0000,0
62,features.17,807,pruned_before,nan,0.000000e+00,0.000000e+00,0.0000,0.0000,0
62,features.17,808,active,-0.181234,1.008199e-06,2.683756e-07,0.7943,0.4319,489
62,features.17,809,pruned_before,nan,0.000000e+00,0.000000e+00,0.0000,0.0000,0
62,features.17,810,active,-0.003856,1.110152e-06,1.016428e-06,0.8201,0.8123,489
62,features.17,811,active,0.059126,6.008760e-07,8.300623e-07,0.6427,0.7609,489
62,features.17,812,pruned_before,nan,0.000000e+00,0.000000e+00,0.0000,0.0000,0
62,features.17,813,pruned_before,nan,0.000000e+00,0.000000e+00,0.0000,0.0000,0
62,features.17,814,pruned_before,nan,0.000000e+00,0.000000e+00,0.0000,0.0000,0
62,features.17,815,pruned_before,nan,0.000000e+00,0.000000e+00,0.0000,0.0000,0
62,features.17,816,pruned_before,nan,0.000000e+00,0.000000e+00,0.0000,0.0000,0
62,features.17,817,pruned_before,nan,0.000000e+00,0.000000e+00,0.0000,0.0000,0
62,features.17,818,pruned_before,nan,0.000000e+00,0.000000e+00,0.0000,0.0000,0
62,features.17,819,pruned_before,nan,0.000000e+00,0.000000e+00,0.0000,0.0000,0
62,features.17,820,pruned_before,nan,0.000000e+00,0.000000e+00,0.0000,0.0000,0
62,features.17,821,pruned_before,nan,0.000000e+00,0.000000e+00,0.0000,0.0000,0
62,features.17,822,pruned_before,nan,0.000000e+00,0.000000e+00,0.0000,0.0000,0
62,features.17,823,active,0.233933,1.675794e-07,5.886781e-07,0.2031,0.6710,489
62,features.17,824,active,0.086118,7.296401e-09,8.942340e-08,0.0051,0.1774,489
62,features.17,825,active,0.061697,9.609641e-07,1.634377e-06,0.7738,0.8972,489
62,features.17,826,pruned_before,nan,0.000000e+00,0.000000e+00,0.0000,0.0000,0
62,features.17,827,active,-0.163239,6.884387e-07,2.135218e-07,0.6787,0.3522,489
62,features.17,828,pruned_before,nan,0.000000e+00,0.000000e+00,0.0000,0.0000,0
62,features.17,829,pruned_before,nan,0.000000e+00,0.000000e+00,0.0000,0.0000,0
62,features.17,830,pruned_before,nan,0.000000e+00,0.000000e+00,0.0000,0.0000,0
62,features.17,831,active,-0.179949,6.141926e-07,1.655637e-07,0.6530,0.2931,489
62,features.17,832,pruned_before,nan,0.000000e+00,0.000000e+00,0.0000,0.0000,0
62,features.17,833,pruned_before,nan,0.000000e+00,0.000000e+00,0.0000,0.0000,0
62,features.17,834,active,-0.020566,7.114409e-07,5.582740e-07,0.6941,0.6530,489
62,features.17,835,pruned_before,nan,0.000000e+00,0.000000e+00,0.0000,0.0000,0
62,features.17,836,pruned_before,nan,0.000000e+00,0.000000e+00,0.0000,0.0000,0
62,features.17,837,active,0.291774,1.215678e-07,6.963401e-07,0.1388,0.7224,489
62,features.17,838,pruned_before,nan,0.000000e+00,0.000000e+00,0.0000,0.0000,0
62,features.17,839,active,0.137532,4.339711e-07,9.598194e-07,0.5296,0.8046,489
62,features.17,840,pruned_before,nan,0.000000e+00,0.000000e+00,0.0000,0.0000,0
62,features.17,841,pruned_before,nan,0.000000e+00,0.000000e+00,0.0000,0.0000,0
62,features.17,842,pruned_before,nan,0.000000e+00,0.000000e+00,0.0000,0.0000,0
62,features.17,843,pruned_before,nan,0.000000e+00,0.000000e+00,0.0000,0.0000,0
62,features.17,844,pruned_before,nan,0.000000e+00,0.000000e+00,0.0000,0.0000,0
62,features.17,845,pruned_before,nan,0.000000e+00,0.000000e+00,0.0000,0.0000,0
62,features.17,846,active,-0.021851,3.461904e-07,2.395650e-07,0.4344,0.3907,489
62,features.17,847,pruned_before,nan,0.000000e+00,0.000000e+00,0.0000,0.0000,0
62,features.17,848,active,0.152956,3.714194e-07,8.651205e-07,0.4602,0.7661,489
62,features.17,849,pruned_before,nan,0.000000e+00,0.000000e+00,0.0000,0.0000,0
62,features.17,850,active,0.070694,5.722926e-09,6.849586e-08,0.0026,0.1440,489
62,features.17,851,pruned_before,nan,0.000000e+00,0.000000e+00,0.0000,0.0000,0
62,features.17,852,pruned_before,nan,0.000000e+00,0.000000e+00,0.0000,0.0000,0
62,features.17,853,pruned_before,nan,0.000000e+00,0.000000e+00,0.0000,0.0000,0
62,features.17,854,active,0.116967,4.955546e-07,1.055980e-06,0.5861,0.8201,489
62,features.17,855,pruned_before,nan,0.000000e+00,0.000000e+00,0.0000,0.0000,0
62,features.17,856,pruned_before,nan,0.000000e+00,0.000000e+00,0.0000,0.0000,0
62,features.17,857,active,0.025707,1.636222e-06,2.457463e-06,0.8972,0.9486,489
62,features.17,858,active,-0.073265,4.757717e-07,2.618765e-07,0.5681,0.4216,489
62,features.17,859,active,0.133676,8.970902e-08,2.157129e-07,0.0925,0.3599,489
62,features.17,860,pruned_before,nan,0.000000e+00,0.000000e+00,0.0000,0.0000,0
62,features.17,861,pruned_before,nan,0.000000e+00,0.000000e+00,0.0000,0.0000,0
62,features.17,862,active,0.143959,7.406558e-07,3.544623e-06,0.6992,0.9871,489
62,features.17,863,active,-0.107969,2.192453e-07,3.751904e-08,0.2931,0.0771,489
62,features.17,864,pruned_before,nan,0.000000e+00,0.000000e+00,0.0000,0.0000,0
62,features.17,865,pruned_before,nan,0.000000e+00,0.000000e+00,0.0000,0.0000,0
62,features.17,866,pruned_before,nan,0.000000e+00,0.000000e+00,0.0000,0.0000,0
62,features.17,867,pruned_before,nan,0.000000e+00,0.000000e+00,0.0000,0.0000,0
62,features.17,868,pruned_before,nan,0.000000e+00,0.000000e+00,0.0000,0.0000,0
62,features.17,869,active,-0.083548,4.875692e-07,2.534741e-07,0.5758,0.4087,489
62,features.17,870,active,0.014139,3.779371e-07,3.303387e-07,0.4653,0.4936,489
62,features.17,871,pruned_before,nan,0.000000e+00,0.000000e+00,0.0000,0.0000,0
62,features.17,872,active,-0.074550,1.665800e-06,7.737378e-07,0.8997,0.7506,489
62,features.17,873,pruned_before,nan,0.000000e+00,0.000000e+00,0.0000,0.0000,0
62,features.17,874,active,-0.057841,1.278225e-06,7.274652e-07,0.8458,0.7301,489
62,features.17,875,pruned_before,nan,0.000000e+00,0.000000e+00,0.0000,0.0000,0
62,features.17,876,pruned_before,nan,0.000000e+00,0.000000e+00,0.0000,0.0000,0
62,features.17,877,active,-0.024422,1.089425e-07,3.637219e-08,0.1234,0.0746,489
62,features.17,878,active,-0.062982,9.054823e-07,5.238739e-07,0.7584,0.6324,489
62,features.17,879,active,0.066838,8.221903e-07,1.360088e-06,0.7301,0.8638,489
62,features.17,880,active,0.249357,3.783628e-07,3.035011e-06,0.4679,0.9666,489
62,features.17,881,pruned_before,nan,0.000000e+00,0.000000e+00,0.0000,0.0000,0
62,features.17,882,active,-0.143959,1.943442e-06,5.422768e-07,0.9306,0.6427,489
62,features.17,883,active,-0.101542,1.934550e-07,3.025992e-08,0.2494,0.0463,489
62,features.17,884,active,0.170951,9.322615e-08,2.818271e-07,0.1003,0.4422,489
62,features.17,885,pruned_before,nan,0.000000e+00,0.000000e+00,0.0000,0.0000,0
62,features.17,886,active,-0.083548,3.954810e-07,1.790575e-07,0.4910,0.3239,489
62,features.17,887,active,0.055270,1.137609e-07,1.292096e-07,0.1285,0.2391,489
62,features.17,888,active,-0.032134,5.726663e-07,4.144553e-07,0.6272,0.5630,489
62,features.17,889,active,0.069409,9.120936e-07,1.652804e-06,0.7635,0.9023,489
62,features.17,890,active,0.073265,2.425745e-07,3.180139e-07,0.3316,0.4781,489
62,features.17,891,pruned_before,nan,0.000000e+00,0.000000e+00,0.0000,0.0000,0
62,features.17,892,pruned_before,nan,0.000000e+00,0.000000e+00,0.0000,0.0000,0
62,features.17,893,pruned_before,nan,0.000000e+00,0.000000e+00,0.0000,0.0000,0
62,features.17,894,pruned_before,nan,0.000000e+00,0.000000e+00,0.0000,0.0000,0
62,features.17,895,pruned_before,nan,0.000000e+00,0.000000e+00,0.0000,0.0000,0
62,features.17,896,pruned_before,nan,0.000000e+00,0.000000e+00,0.0000,0.0000,0
62,features.17,897,active,-0.038560,1.716201e-06,1.109771e-06,0.9075,0.8303,489
62,features.17,898,active,0.056555,9.843453e-07,1.572294e-06,0.7815,0.8946,489
62,features.17,899,pruned_before,nan,0.000000e+00,0.000000e+00,0.0000,0.0000,0
62,features.17,900,pruned_before,nan,0.000000e+00,0.000000e+00,0.0000,0.0000,0
62,features.17,901,pruned_before,nan,0.000000e+00,0.000000e+00,0.0000,0.0000,0
62,features.17,902,pruned_before,nan,0.000000e+00,0.000000e+00,0.0000,0.0000,0
62,features.17,903,pruned_before,nan,0.000000e+00,0.000000e+00,0.0000,0.0000,0
62,features.17,904,pruned_before,nan,0.000000e+00,0.000000e+00,0.0000,0.0000,0
62,features.17,905,pruned_before,nan,0.000000e+00,0.000000e+00,0.0000,0.0000,0
62,features.17,906,active,0.017995,1.096850e-06,1.256232e-06,0.8123,0.8483,489
62,features.17,907,pruned_before,nan,0.000000e+00,0.000000e+00,0.0000,0.0000,0
62,features.17,908,active,0.082262,2.900260e-07,3.986601e-07,0.3830,0.5476,489
62,features.17,909,pruned_before,nan,0.000000e+00,0.000000e+00,0.0000,0.0000,0
62,features.17,910,active,-0.101542,1.000809e-06,4.590604e-07,0.7918,0.5887,489
62,features.17,911,pruned_before,nan,0.000000e+00,0.000000e+00,0.0000,0.0000,0
62,features.17,912,active,0.056555,1.068465e-06,1.855866e-06,0.8072,0.9203,489
62,features.17,913,pruned_before,nan,0.000000e+00,0.000000e+00,0.0000,0.0000,0
62,features.17,914,active,-0.092545,4.115579e-07,1.763661e-07,0.5013,0.3162,489
62,features.17,915,pruned_before,nan,0.000000e+00,0.000000e+00,0.0000,0.0000,0
62,features.17,916,pruned_before,nan,0.000000e+00,0.000000e+00,0.0000,0.0000,0
62,features.17,917,active,0.068123,3.479578e-07,4.413246e-07,0.4370,0.5733,489
62,features.17,918,pruned_before,nan,0.000000e+00,0.000000e+00,0.0000,0.0000,0
62,features.17,919,active,-0.106684,6.743416e-07,2.984872e-07,0.6710,0.4576,489
62,features.17,920,active,-0.158098,1.406190e-06,3.970385e-07,0.8612,0.5450,489
62,features.17,921,active,-0.080977,2.336070e-07,8.028813e-08,0.3265,0.1645,489
62,features.17,922,active,-0.057841,3.655612e-07,1.953460e-07,0.4576,0.3419,489
62,features.17,923,pruned_before,nan,0.000000e+00,0.000000e+00,0.0000,0.0000,0
62,features.17,924,active,0.100257,9.964828e-07,3.660297e-06,0.7892,0.9897,489
62,features.17,925,pruned_before,nan,0.000000e+00,0.000000e+00,0.0000,0.0000,0
62,features.17,926,pruned_before,nan,0.000000e+00,0.000000e+00,0.0000,0.0000,0
62,features.17,927,active,0.178663,1.059199e-07,3.153429e-07,0.1157,0.4730,489
62,features.17,928,pruned_before,nan,0.000000e+00,0.000000e+00,0.0000,0.0000,0
62,features.17,929,pruned_before,nan,0.000000e+00,0.000000e+00,0.0000,0.0000,0
62,features.17,930,pruned_before,nan,0.000000e+00,0.000000e+00,0.0000,0.0000,0
62,features.17,931,active,-0.021851,6.722417e-08,1.591565e-08,0.0566,0.0129,489
62,features.17,932,active,0.033419,2.514386e-07,2.598568e-07,0.3496,0.4165,489
62,features.17,933,active,0.029563,1.499123e-06,2.113905e-06,0.8740,0.9332,489
62,features.17,934,pruned_before,nan,0.000000e+00,0.000000e+00,0.0000,0.0000,0
62,features.17,935,pruned_before,nan,0.000000e+00,0.000000e+00,0.0000,0.0000,0
62,features.17,936,active,-0.088689,2.271976e-07,5.969310e-08,0.3033,0.1260,489
62,features.17,937,pruned_before,nan,0.000000e+00,0.000000e+00,0.0000,0.0000,0
62,features.17,938,pruned_before,nan,0.000000e+00,0.000000e+00,0.0000,0.0000,0
62,features.17,939,active,-0.035990,3.130120e-07,1.836362e-07,0.4036,0.3316,489
62,features.17,940,active,0.039846,4.798876e-07,5.548903e-07,0.5707,0.6504,489
62,features.17,941,pruned_before,nan,0.000000e+00,0.000000e+00,0.0000,0.0000,0
62,features.17,942,pruned_before,nan,0.000000e+00,0.000000e+00,0.0000,0.0000,0
62,features.17,943,active,0.052699,1.292507e-07,1.412325e-07,0.1491,0.2545,489
62,features.17,944,active,-0.007712,4.976981e-07,4.478868e-07,0.5938,0.5784,489
62,features.17,945,active,0.111825,6.319972e-07,1.475415e-06,0.6607,0.8843,489
62,features.17,946,pruned_before,nan,0.000000e+00,0.000000e+00,0.0000,0.0000,0
62,features.17,947,pruned_before,nan,0.000000e+00,0.000000e+00,0.0000,0.0000,0
62,features.17,948,pruned_before,nan,0.000000e+00,0.000000e+00,0.0000,0.0000,0
62,features.17,949,pruned_before,nan,0.000000e+00,0.000000e+00,0.0000,0.0000,0
62,features.17,950,pruned_before,nan,0.000000e+00,0.000000e+00,0.0000,0.0000,0
62,features.17,951,pruned_before,nan,0.000000e+00,0.000000e+00,0.0000,0.0000,0
62,features.17,952,pruned_now,-0.255784,6.019969e-07,6.744216e-08,0.6478,0.1362,489
62,features.17,953,pruned_before,nan,0.000000e+00,0.000000e+00,0.0000,0.0000,0
62,features.17,954,pruned_before,nan,0.000000e+00,0.000000e+00,0.0000,0.0000,0
62,features.17,955,pruned_before,nan,0.000000e+00,0.000000e+00,0.0000,0.0000,0
62,features.17,956,pruned_before,nan,0.000000e+00,0.000000e+00,0.0000,0.0000,0
62,features.17,957,pruned_before,nan,0.000000e+00,0.000000e+00,0.0000,0.0000,0
62,features.17,958,pruned_before,nan,0.000000e+00,0.000000e+00,0.0000,0.0000,0
62,features.17,959,active,0.314910,2.139975e-07,1.815967e-06,0.2828,0.9126,489
