iter,block,ch,status,score,phi_raw,perf_raw,phi_n,perf_n,weights
50,features.1,0,pruned_before,nan,0.000000e+00,0.000000e+00,0.0000,0.0000,0
50,features.1,1,pruned_before,nan,0.000000e+00,0.000000e+00,0.0000,0.0000,0
50,features.1,2,pruned_before,nan,0.000000e+00,0.000000e+00,0.0000,0.0000,0
50,features.1,3,pruned_before,nan,0.000000e+00,0.000000e+00,0.0000,0.0000,0
50,features.1,4,active,0.282630,5.678919e-06,1.466928e-01,1.0000,0.4251,25
50,features.1,5,active,0.010446,2.020723e-06,1.764653e-02,0.3558,0.0511,25
50,features.1,6,pruned_before,nan,0.000000e+00,0.000000e+00,0.0000,0.0000,0
50,features.1,7,active,0.042497,1.648389e-06,2.742070e-02,0.2903,0.0795,25
50,features.1,8,pruned_before,nan,0.000000e+00,0.000000e+00,0.0000,0.0000,0
50,features.1,9,pruned_before,nan,0.000000e+00,0.000000e+00,0.0000,0.0000,0
50,features.1,10,pruned_before,nan,0.000000e+00,0.000000e+00,0.0000,0.0000,0
50,features.1,11,protected,0.886952,7.409717e-07,3.450426e-01,0.1305,1.0000,25
50,features.1,12,pruned_before,nan,0.000000e+00,0.000000e+00,0.0000,0.0000,0
50,features.1,13,pruned_before,nan,0.000000e+00,0.000000e+00,0.0000,0.0000,0
50,features.1,14,pruned_before,nan,0.000000e+00,0.000000e+00,0.0000,0.0000,0
50,features.1,15,pruned_before,nan,0.000000e+00,0.000000e+00,0.0000,0.0000,0
50,features.1,16,pruned_before,nan,0.000000e+00,0.000000e+00,0.0000,0.0000,0
50,features.1,17,pruned_before,nan,0.000000e+00,0.000000e+00,0.0000,0.0000,0
50,features.1,18,pruned_before,nan,0.000000e+00,0.000000e+00,0.0000,0.0000,0
50,features.1,19,pruned_before,nan,0.000000e+00,0.000000e+00,0.0000,0.0000,0
50,features.1,20,pruned_before,nan,0.000000e+00,0.000000e+00,0.0000,0.0000,0
50,features.1,21,pruned_before,nan,0.000000e+00,0.000000e+00,0.0000,0.0000,0
50,features.1,22,pruned_before,nan,0.000000e+00,0.000000e+00,0.0000,0.0000,0
50,features.1,23,pruned_before,nan,0.000000e+00,0.000000e+00,0.0000,0.0000,0
50,features.1,24,pruned_before,nan,0.000000e+00,0.000000e+00,0.0000,0.0000,0
50,features.1,25,pruned_before,nan,0.000000e+00,0.000000e+00,0.0000,0.0000,0
50,features.1,26,pruned_before,nan,0.000000e+00,0.000000e+00,0.0000,0.0000,0
50,features.1,27,pruned_before,nan,0.000000e+00,0.000000e+00,0.0000,0.0000,0
50,features.1,28,pruned_before,nan,0.000000e+00,0.000000e+00,0.0000,0.0000,0
50,features.1,29,pruned_before,nan,0.000000e+00,0.000000e+00,0.0000,0.0000,0
50,features.1,30,pruned_before,nan,0.000000e+00,0.000000e+00,0.0000,0.0000,0
50,features.1,31,pruned_before,nan,0.000000e+00,0.000000e+00,0.0000,0.0000,0
50,features.2,0,pruned_before,nan,0.000000e+00,0.000000e+00,0.0000,0.0000,0
50,features.2,1,pruned_before,nan,0.000000e+00,0.000000e+00,0.0000,0.0000,0
50,features.2,2,pruned_before,nan,0.000000e+00,0.000000e+00,0.0000,0.0000,0
50,features.2,3,pruned_before,nan,0.000000e+00,0.000000e+00,0.0000,0.0000,0
50,features.2,4,pruned_before,nan,0.000000e+00,0.000000e+00,0.0000,0.0000,0
50,features.2,5,pruned_before,nan,0.000000e+00,0.000000e+00,0.0000,0.0000,0
50,features.2,6,pruned_before,nan,0.000000e+00,0.000000e+00,0.0000,0.0000,0
50,features.2,7,pruned_before,nan,0.000000e+00,0.000000e+00,0.0000,0.0000,0
50,features.2,8,pruned_before,nan,0.000000e+00,0.000000e+00,0.0000,0.0000,0
50,features.2,9,pruned_before,nan,0.000000e+00,0.000000e+00,0.0000,0.0000,0
50,features.2,10,pruned_before,nan,0.000000e+00,0.000000e+00,0.0000,0.0000,0
50,features.2,11,pruned_before,nan,0.000000e+00,0.000000e+00,0.0000,0.0000,0
50,features.2,12,pruned_before,nan,0.000000e+00,0.000000e+00,0.0000,0.0000,0
50,features.2,13,pruned_before,nan,0.000000e+00,0.000000e+00,0.0000,0.0000,0
50,features.2,14,pruned_before,nan,0.000000e+00,0.000000e+00,0.0000,0.0000,0
50,features.2,15,pruned_before,nan,0.000000e+00,0.000000e+00,0.0000,0.0000,0
50,features.2,16,pruned_before,nan,0.000000e+00,0.000000e+00,0.0000,0.0000,0
50,features.2,17,pruned_before,nan,0.000000e+00,0.000000e+00,0.0000,0.0000,0
50,features.2,18,pruned_before,nan,0.000000e+00,0.000000e+00,0.0000,0.0000,0
50,features.2,19,pruned_before,nan,0.000000e+00,0.000000e+00,0.0000,0.0000,0
50,features.2,20,pruned_before,nan,0.000000e+00,0.000000e+00,0.0000,0.0000,0
50,features.2,21,pruned_before,nan,0.000000e+00,0.000000e+00,0.0000,0.0000,0
50,features.2,22,pruned_before,nan,0.000000e+00,0.000000e+00,0.0000,0.0000,0
50,features.2,23,active,0.046570,8.142778e-07,2.173120e-01,0.7260,0.1324,49
50,features.2,24,pruned_before,nan,0.000000e+00,0.000000e+00,0.0000,0.0000,0
50,features.2,25,pruned_before,nan,0.000000e+00,0.000000e+00,0.0000,0.0000,0
50,features.2,26,pruned_before,nan,0.000000e+00,0.000000e+00,0.0000,0.0000,0
50,features.2,27,pruned_before,nan,0.000000e+00,0.000000e+00,0.0000,0.0000,0
50,features.2,28,pruned_before,nan,0.000000e+00,0.000000e+00,0.0000,0.0000,0
50,features.2,29,pruned_before,nan,0.000000e+00,0.000000e+00,0.0000,0.0000,0
50,features.2,30,pruned_before,nan,0.000000e+00,0.000000e+00,0.0000,0.0000,0
50,features.2,31,pruned_before,nan,0.000000e+00,0.000000e+00,0.0000,0.0000,0
50,features.2,32,pruned_before,nan,0.000000e+00,0.000000e+00,0.0000,0.0000,0
50,features.2,33,pruned_before,nan,0.000000e+00,0.000000e+00,0.0000,0.0000,0
50,features.2,34,pruned_before,nan,0.000000e+00,0.000000e+00,0.0000,0.0000,0
50,features.2,35,pruned_before,nan,0.000000e+00,0.000000e+00,0.0000,0.0000,0
50,features.2,36,pruned_before,nan,0.000000e+00,0.000000e+00,0.0000,0.0000,0
50,features.2,37,pruned_before,nan,0.000000e+00,0.000000e+00,0.0000,0.0000,0
50,features.2,38,pruned_before,nan,0.000000e+00,0.000000e+00,0.0000,0.0000,0
50,features.2,39,pruned_before,nan,0.000000e+00,0.000000e+00,0.0000,0.0000,0
50,features.2,40,pruned_before,nan,0.000000e+00,0.000000e+00,0.0000,0.0000,0
50,features.2,41,pruned_before,nan,0.000000e+00,0.000000e+00,0.0000,0.0000,0
50,features.2,42,pruned_before,nan,0.000000e+00,0.000000e+00,0.0000,0.0000,0
50,features.2,43,pruned_before,nan,0.000000e+00,0.000000e+00,0.0000,0.0000,0
50,features.2,44,pruned_before,nan,0.000000e+00,0.000000e+00,0.0000,0.0000,0
50,features.2,45,pruned_before,nan,0.000000e+00,0.000000e+00,0.0000,0.0000,0
50,features.2,46,pruned_before,nan,0.000000e+00,0.000000e+00,0.0000,0.0000,0
50,features.2,47,pruned_before,nan,0.000000e+00,0.000000e+00,0.0000,0.0000,0
50,features.2,48,pruned_before,nan,0.000000e+00,0.000000e+00,0.0000,0.0000,0
50,features.2,49,pruned_before,nan,0.000000e+00,0.000000e+00,0.0000,0.0000,0
50,features.2,50,pruned_before,nan,0.000000e+00,0.000000e+00,0.0000,0.0000,0
50,features.2,51,pruned_before,nan,0.000000e+00,0.000000e+00,0.0000,0.0000,0
50,features.2,52,pruned_before,nan,0.000000e+00,0.000000e+00,0.0000,0.0000,0
50,features.2,53,pruned_before,nan,0.000000e+00,0.000000e+00,0.0000,0.0000,0
50,features.2,54,pruned_before,nan,0.000000e+00,0.000000e+00,0.0000,0.0000,0
50,features.2,55,pruned_before,nan,0.000000e+00,0.000000e+00,0.0000,0.0000,0
50,features.2,56,pruned_before,nan,0.000000e+00,0.000000e+00,0.0000,0.0000,0
50,features.2,57,pruned_before,nan,0.000000e+00,0.000000e+00,0.0000,0.0000,0
50,features.2,58,pruned_before,nan,0.000000e+00,0.000000e+00,0.0000,0.0000,0
50,features.2,59,pruned_before,nan,0.000000e+00,0.000000e+00,0.0000,0.0000,0
50,features.2,60,pruned_before,nan,0.000000e+00,0.000000e+00,0.0000,0.0000,0
50,features.2,61,pruned_before,nan,0.000000e+00,0.000000e+00,0.0000,0.0000,0
50,features.2,62,active,0.013017,7.484204e-07,1.454214e-01,0.6673,0.0886,49
50,features.2,63,pruned_before,nan,0.000000e+00,0.000000e+00,0.0000,0.0000,0
50,features.2,64,pruned_before,nan,0.000000e+00,0.000000e+00,0.0000,0.0000,0
50,features.2,65,pruned_before,nan,0.000000e+00,0.000000e+00,0.0000,0.0000,0
50,features.2,66,pruned_before,nan,0.000000e+00,0.000000e+00,0.0000,0.0000,0
50,features.2,67,pruned_before,nan,0.000000e+00,0.000000e+00,0.0000,0.0000,0
50,features.2,68,pruned_before,nan,0.000000e+00,0.000000e+00,0.0000,0.0000,0
50,features.2,69,pruned_before,nan,0.000000e+00,0.000000e+00,0.0000,0.0000,0
50,features.2,70,pruned_before,nan,0.000000e+00,0.000000e+00,0.0000,0.0000,0
50,features.2,71,pruned_before,nan,0.000000e+00,0.000000e+00,0.0000,0.0000,0
50,features.2,72,active,0.039557,1.121534e-06,2.544794e-01,1.0000,0.1551,49
50,features.2,73,pruned_before,nan,0.000000e+00,0.000000e+00,0.0000,0.0000,0
50,features.2,74,pruned_before,nan,0.000000e+00,0.000000e+00,0.0000,0.0000,0
50,features.2,75,pruned_before,nan,0.000000e+00,0.000000e+00,0.0000,0.0000,0
50,features.2,76,pruned_before,nan,0.000000e+00,0.000000e+00,0.0000,0.0000,0
50,features.2,77,pruned_before,nan,0.000000e+00,0.000000e+00,0.0000,0.0000,0
50,features.2,78,pruned_before,nan,0.000000e+00,0.000000e+00,0.0000,0.0000,0
50,features.2,79,pruned_before,nan,0.000000e+00,0.000000e+00,0.0000,0.0000,0
50,features.2,80,pruned_before,nan,0.000000e+00,0.000000e+00,0.0000,0.0000,0
50,features.2,81,pruned_before,nan,0.000000e+00,0.000000e+00,0.0000,0.0000,0
50,features.2,82,pruned_before,nan,0.000000e+00,0.000000e+00,0.0000,0.0000,0
50,features.2,83,pruned_before,nan,0.000000e+00,0.000000e+00,0.0000,0.0000,0
50,features.2,84,pruned_before,nan,0.000000e+00,0.000000e+00,0.0000,0.0000,0
50,features.2,85,pruned_before,nan,0.000000e+00,0.000000e+00,0.0000,0.0000,0
50,features.2,86,pruned_before,nan,0.000000e+00,0.000000e+00,0.0000,0.0000,0
50,features.2,87,pruned_before,nan,0.000000e+00,0.000000e+00,0.0000,0.0000,0
50,features.2,88,pruned_before,nan,0.000000e+00,0.000000e+00,0.0000,0.0000,0
50,features.2,89,pruned_before,nan,0.000000e+00,0.000000e+00,0.0000,0.0000,0
50,features.2,90,protected,0.831008,7.737679e-07,1.641139e+00,0.6899,1.0000,49
50,features.2,91,pruned_before,nan,0.000000e+00,0.000000e+00,0.0000,0.0000,0
50,features.2,92,pruned_before,nan,0.000000e+00,0.000000e+00,0.0000,0.0000,0
50,features.2,93,pruned_before,nan,0.000000e+00,0.000000e+00,0.0000,0.0000,0
50,features.2,94,pruned_before,nan,0.000000e+00,0.000000e+00,0.0000,0.0000,0
50,features.2,95,pruned_before,nan,0.000000e+00,0.000000e+00,0.0000,0.0000,0
50,features.3,0,pruned_before,nan,0.000000e+00,0.000000e+00,0.0000,0.0000,0
50,features.3,1,pruned_before,nan,0.000000e+00,0.000000e+00,0.0000,0.0000,0
50,features.3,2,pruned_before,nan,0.000000e+00,0.000000e+00,0.0000,0.0000,0
50,features.3,3,pruned_before,nan,0.000000e+00,0.000000e+00,0.0000,0.0000,0
50,features.3,4,pruned_before,nan,0.000000e+00,0.000000e+00,0.0000,0.0000,0
50,features.3,5,pruned_before,nan,0.000000e+00,0.000000e+00,0.0000,0.0000,0
50,features.3,6,pruned_before,nan,0.000000e+00,0.000000e+00,0.0000,0.0000,0
50,features.3,7,pruned_before,nan,0.000000e+00,0.000000e+00,0.0000,0.0000,0
50,features.3,8,active,0.006984,2.016796e-08,7.351104e-05,0.0587,0.0143,57
50,features.3,9,pruned_before,nan,0.000000e+00,0.000000e+00,0.0000,0.0000,0
50,features.3,10,active,0.175439,3.437234e-07,1.575487e-03,1.0000,0.3060,57
50,features.3,11,pruned_before,nan,0.000000e+00,0.000000e+00,0.0000,0.0000,0
50,features.3,12,pruned_before,nan,0.000000e+00,0.000000e+00,0.0000,0.0000,0
50,features.3,13,pruned_before,nan,0.000000e+00,0.000000e+00,0.0000,0.0000,0
50,features.3,14,pruned_before,nan,0.000000e+00,0.000000e+00,0.0000,0.0000,0
50,features.3,15,pruned_before,nan,0.000000e+00,0.000000e+00,0.0000,0.0000,0
50,features.3,16,pruned_before,nan,0.000000e+00,0.000000e+00,0.0000,0.0000,0
50,features.3,17,pruned_before,nan,0.000000e+00,0.000000e+00,0.0000,0.0000,0
50,features.3,18,pruned_before,nan,0.000000e+00,0.000000e+00,0.0000,0.0000,0
50,features.3,19,pruned_before,nan,0.000000e+00,0.000000e+00,0.0000,0.0000,0
50,features.3,20,pruned_before,nan,0.000000e+00,0.000000e+00,0.0000,0.0000,0
50,features.3,21,pruned_before,nan,0.000000e+00,0.000000e+00,0.0000,0.0000,0
50,features.3,22,pruned_before,nan,0.000000e+00,0.000000e+00,0.0000,0.0000,0
50,features.3,23,pruned_before,nan,0.000000e+00,0.000000e+00,0.0000,0.0000,0
50,features.3,24,pruned_before,nan,0.000000e+00,0.000000e+00,0.0000,0.0000,0
50,features.3,25,active,0.569107,1.608437e-08,3.282017e-03,0.0468,0.6375,57
50,features.3,26,pruned_before,nan,0.000000e+00,0.000000e+00,0.0000,0.0000,0
50,features.3,27,pruned_before,nan,0.000000e+00,0.000000e+00,0.0000,0.0000,0
50,features.3,28,pruned_before,nan,0.000000e+00,0.000000e+00,0.0000,0.0000,0
50,features.3,29,active,0.033907,7.695143e-09,2.067522e-04,0.0224,0.0402,57
50,features.3,30,pruned_before,nan,0.000000e+00,0.000000e+00,0.0000,0.0000,0
50,features.3,31,pruned_before,nan,0.000000e+00,0.000000e+00,0.0000,0.0000,0
50,features.3,32,pruned_before,nan,0.000000e+00,0.000000e+00,0.0000,0.0000,0
50,features.3,33,pruned_before,nan,0.000000e+00,0.000000e+00,0.0000,0.0000,0
50,features.3,34,pruned_before,nan,0.000000e+00,0.000000e+00,0.0000,0.0000,0
50,features.3,35,pruned_before,nan,0.000000e+00,0.000000e+00,0.0000,0.0000,0
50,features.3,36,pruned_before,nan,0.000000e+00,0.000000e+00,0.0000,0.0000,0
50,features.3,37,pruned_before,nan,0.000000e+00,0.000000e+00,0.0000,0.0000,0
50,features.3,38,pruned_before,nan,0.000000e+00,0.000000e+00,0.0000,0.0000,0
50,features.3,39,pruned_before,nan,0.000000e+00,0.000000e+00,0.0000,0.0000,0
50,features.3,40,active,0.150301,1.362666e-07,1.086474e-03,0.3964,0.2111,57
50,features.3,41,active,0.011120,3.187630e-08,1.166532e-04,0.0927,0.0227,57
50,features.3,42,active,0.012741,3.626863e-09,7.891358e-05,0.0106,0.0153,57
50,features.3,43,pruned_before,nan,0.000000e+00,0.000000e+00,0.0000,0.0000,0
50,features.3,44,active,0.312248,7.693514e-08,1.914061e-03,0.2238,0.3718,57
50,features.3,45,pruned_before,nan,0.000000e+00,0.000000e+00,0.0000,0.0000,0
50,features.3,46,pruned_before,nan,0.000000e+00,0.000000e+00,0.0000,0.0000,0
50,features.3,47,pruned_before,nan,0.000000e+00,0.000000e+00,0.0000,0.0000,0
50,features.3,48,active,0.239902,6.140321e-08,1.474401e-03,0.1786,0.2864,57
50,features.3,49,pruned_before,nan,0.000000e+00,0.000000e+00,0.0000,0.0000,0
50,features.3,50,pruned_before,nan,0.000000e+00,0.000000e+00,0.0000,0.0000,0
50,features.3,51,pruned_before,nan,0.000000e+00,0.000000e+00,0.0000,0.0000,0
50,features.3,52,pruned_before,nan,0.000000e+00,0.000000e+00,0.0000,0.0000,0
50,features.3,53,active,0.025822,3.491921e-09,1.535097e-04,0.0102,0.0298,57
50,features.3,54,active,0.004353,2.714495e-09,2.941383e-05,0.0079,0.0057,57
50,features.3,55,pruned_before,nan,0.000000e+00,0.000000e+00,0.0000,0.0000,0
50,features.3,56,pruned_before,nan,0.000000e+00,0.000000e+00,0.0000,0.0000,0
50,features.3,57,active,0.132912,2.266573e-07,1.137428e-03,0.6594,0.2209,57
50,features.3,58,pruned_before,nan,0.000000e+00,0.000000e+00,0.0000,0.0000,0
50,features.3,59,pruned_before,nan,0.000000e+00,0.000000e+00,0.0000,0.0000,0
50,features.3,60,pruned_before,nan,0.000000e+00,0.000000e+00,0.0000,0.0000,0
50,features.3,61,pruned_before,nan,0.000000e+00,0.000000e+00,0.0000,0.0000,0
50,features.3,62,pruned_before,nan,0.000000e+00,0.000000e+00,0.0000,0.0000,0
50,features.3,63,pruned_before,nan,0.000000e+00,0.000000e+00,0.0000,0.0000,0
50,features.3,64,active,0.026394,1.044956e-08,1.683616e-04,0.0304,0.0327,57
50,features.3,65,pruned_before,nan,0.000000e+00,0.000000e+00,0.0000,0.0000,0
50,features.3,66,pruned_before,nan,0.000000e+00,0.000000e+00,0.0000,0.0000,0
50,features.3,67,pruned_before,nan,0.000000e+00,0.000000e+00,0.0000,0.0000,0
50,features.3,68,pruned_before,nan,0.000000e+00,0.000000e+00,0.0000,0.0000,0
50,features.3,69,active,0.023328,1.439570e-08,1.573912e-04,0.0419,0.0306,57
50,features.3,70,active,0.028553,7.795891e-09,1.762925e-04,0.0227,0.0342,57
50,features.3,71,pruned_before,nan,0.000000e+00,0.000000e+00,0.0000,0.0000,0
50,features.3,72,pruned_before,nan,0.000000e+00,0.000000e+00,0.0000,0.0000,0
50,features.3,73,pruned_before,nan,0.000000e+00,0.000000e+00,0.0000,0.0000,0
50,features.3,74,pruned_before,nan,0.000000e+00,0.000000e+00,0.0000,0.0000,0
50,features.3,75,pruned_before,nan,0.000000e+00,0.000000e+00,0.0000,0.0000,0
50,features.3,76,active,0.004230,1.647291e-08,5.160730e-05,0.0479,0.0100,57
50,features.3,77,pruned_before,nan,0.000000e+00,0.000000e+00,0.0000,0.0000,0
50,features.3,78,pruned_before,nan,0.000000e+00,0.000000e+00,0.0000,0.0000,0
50,features.3,79,pruned_before,nan,0.000000e+00,0.000000e+00,0.0000,0.0000,0
50,features.3,80,pruned_before,nan,0.000000e+00,0.000000e+00,0.0000,0.0000,0
50,features.3,81,active,0.083126,2.546270e-08,5.178453e-04,0.0741,0.1006,57
50,features.3,82,pruned_before,nan,0.000000e+00,0.000000e+00,0.0000,0.0000,0
50,features.3,83,pruned_before,nan,0.000000e+00,0.000000e+00,0.0000,0.0000,0
50,features.3,84,pruned_before,nan,0.000000e+00,0.000000e+00,0.0000,0.0000,0
50,features.3,85,active,0.120180,1.869133e-08,7.185257e-04,0.0544,0.1396,57
50,features.3,86,pruned_before,nan,0.000000e+00,0.000000e+00,0.0000,0.0000,0
50,features.3,87,active,0.366872,1.750321e-08,2.127610e-03,0.0509,0.4133,57
50,features.3,88,active,0.013530,5.755054e-08,1.731581e-04,0.1674,0.0336,57
50,features.3,89,pruned_before,nan,0.000000e+00,0.000000e+00,0.0000,0.0000,0
50,features.3,90,pruned_before,nan,0.000000e+00,0.000000e+00,0.0000,0.0000,0
50,features.3,91,pruned_before,nan,0.000000e+00,0.000000e+00,0.0000,0.0000,0
50,features.3,92,pruned_before,nan,0.000000e+00,0.000000e+00,0.0000,0.0000,0
50,features.3,93,pruned_before,nan,0.000000e+00,0.000000e+00,0.0000,0.0000,0
50,features.3,94,pruned_before,nan,0.000000e+00,0.000000e+00,0.0000,0.0000,0
50,features.3,95,pruned_before,nan,0.000000e+00,0.000000e+00,0.0000,0.0000,0
50,features.3,96,active,0.011087,3.997622e-08,1.299426e-04,0.1163,0.0252,57
50,features.3,97,pruned_before,nan,0.000000e+00,0.000000e+00,0.0000,0.0000,0
50,features.3,98,pruned_before,nan,0.000000e+00,0.000000e+00,0.0000,0.0000,0
50,features.3,99,pruned_before,nan,0.000000e+00,0.000000e+00,0.0000,0.0000,0
50,features.3,100,pruned_before,nan,0.000000e+00,0.000000e+00,0.0000,0.0000,0
50,features.3,101,pruned_before,nan,0.000000e+00,0.000000e+00,0.0000,0.0000,0
50,features.3,102,pruned_before,nan,0.000000e+00,0.000000e+00,0.0000,0.0000,0
50,features.3,103,pruned_before,nan,0.000000e+00,0.000000e+00,0.0000,0.0000,0
50,features.3,104,pruned_before,nan,0.000000e+00,0.000000e+00,0.0000,0.0000,0
50,features.3,105,pruned_before,nan,0.000000e+00,0.000000e+00,0.0000,0.0000,0
50,features.3,106,active,0.779254,1.016454e-07,4.626422e-03,0.2957,0.8987,57
50,features.3,107,pruned_before,nan,0.000000e+00,0.000000e+00,0.0000,0.0000,0
50,features.3,108,pruned_before,nan,0.000000e+00,0.000000e+00,0.0000,0.0000,0
50,features.3,109,active,0.009550,2.909298e-08,1.030365e-04,0.0846,0.0200,57
50,features.3,110,protected,0.865095,1.199769e-07,5.147932e-03,0.3490,1.0000,57
50,features.3,111,pruned_before,nan,0.000000e+00,0.000000e+00,0.0000,0.0000,0
50,features.3,112,pruned_before,nan,0.000000e+00,0.000000e+00,0.0000,0.0000,0
50,features.3,113,pruned_before,nan,0.000000e+00,0.000000e+00,0.0000,0.0000,0
50,features.3,114,pruned_before,nan,0.000000e+00,0.000000e+00,0.0000,0.0000,0
50,features.3,115,active,0.008264,3.550915e-08,1.063576e-04,0.1033,0.0207,57
50,features.3,116,pruned_before,nan,0.000000e+00,0.000000e+00,0.0000,0.0000,0
50,features.3,117,pruned_before,nan,0.000000e+00,0.000000e+00,0.0000,0.0000,0
50,features.3,118,active,0.048657,1.846600e-08,3.090415e-04,0.0537,0.0600,57
50,features.3,119,pruned_before,nan,0.000000e+00,0.000000e+00,0.0000,0.0000,0
50,features.3,120,active,0.109020,2.477983e-08,6.648214e-04,0.0721,0.1291,57
50,features.3,121,active,0.037809,6.608261e-09,2.272636e-04,0.0192,0.0441,57
50,features.3,122,active,0.360537,2.349517e-07,2.453230e-03,0.6835,0.4765,57
50,features.3,123,pruned_before,nan,0.000000e+00,0.000000e+00,0.0000,0.0000,0
50,features.3,124,active,0.000108,7.631427e-08,1.276139e-04,0.2220,0.0248,57
50,features.3,125,pruned_before,nan,0.000000e+00,0.000000e+00,0.0000,0.0000,0
50,features.3,126,pruned_before,nan,0.000000e+00,0.000000e+00,0.0000,0.0000,0
50,features.3,127,pruned_before,nan,0.000000e+00,0.000000e+00,0.0000,0.0000,0
50,features.3,128,active,0.014829,4.620206e-09,9.250930e-05,0.0134,0.0180,57
50,features.3,129,pruned_before,nan,0.000000e+00,0.000000e+00,0.0000,0.0000,0
50,features.3,130,active,0.015534,1.881817e-08,1.201685e-04,0.0547,0.0233,57
50,features.3,131,pruned_before,nan,0.000000e+00,0.000000e+00,0.0000,0.0000,0
50,features.3,132,pruned_before,nan,0.000000e+00,0.000000e+00,0.0000,0.0000,0
50,features.3,133,pruned_before,nan,0.000000e+00,0.000000e+00,0.0000,0.0000,0
50,features.3,134,pruned_before,nan,0.000000e+00,0.000000e+00,0.0000,0.0000,0
50,features.3,135,pruned_before,nan,0.000000e+00,0.000000e+00,0.0000,0.0000,0
50,features.3,136,active,0.035818,4.558991e-09,2.124624e-04,0.0133,0.0413,57
50,features.3,137,pruned_before,nan,0.000000e+00,0.000000e+00,0.0000,0.0000,0
50,features.3,138,active,0.033338,9.819217e-09,2.070319e-04,0.0286,0.0402,57
50,features.3,139,pruned_before,nan,0.000000e+00,0.000000e+00,0.0000,0.0000,0
50,features.3,140,active,0.151053,2.547152e-07,1.287886e-03,0.7410,0.2502,57
50,features.3,141,pruned_before,nan,0.000000e+00,0.000000e+00,0.0000,0.0000,0
50,features.3,142,pruned_before,nan,0.000000e+00,0.000000e+00,0.0000,0.0000,0
50,features.3,143,pruned_before,nan,0.000000e+00,0.000000e+00,0.0000,0.0000,0
50,features.4,0,active,0.028369,2.193113e-06,3.682546e-05,0.6275,0.1012,65
50,features.4,1,active,0.061173,1.448119e-08,2.489127e-05,0.0041,0.0684,65
50,features.4,2,pruned_before,nan,0.000000e+00,0.000000e+00,0.0000,0.0000,0
50,features.4,3,active,0.070060,1.004205e-06,3.992762e-05,0.2873,0.1098,65
50,features.4,4,pruned_before,nan,0.000000e+00,0.000000e+00,0.0000,0.0000,0
50,features.4,5,active,0.006829,7.275046e-09,2.844070e-06,0.0021,0.0078,65
50,features.4,6,active,0.024463,1.033111e-06,2.183337e-05,0.2956,0.0600,65
50,features.4,7,pruned_before,nan,0.000000e+00,0.000000e+00,0.0000,0.0000,0
50,features.4,8,active,0.061204,8.268935e-07,3.429814e-05,0.2366,0.0943,65
50,features.4,9,pruned_before,nan,0.000000e+00,0.000000e+00,0.0000,0.0000,0
50,features.4,10,active,0.000035,2.349805e-07,2.731378e-06,0.0672,0.0075,65
50,features.4,11,active,0.008825,9.561086e-07,1.462268e-05,0.2735,0.0402,65
50,features.4,12,pruned_before,nan,0.000000e+00,0.000000e+00,0.0000,0.0000,0
50,features.4,13,active,0.007409,1.344450e-07,4.549016e-06,0.0385,0.0125,65
50,features.4,14,pruned_before,nan,0.000000e+00,0.000000e+00,0.0000,0.0000,0
50,features.4,15,pruned_before,nan,0.000000e+00,0.000000e+00,0.0000,0.0000,0
50,features.4,16,pruned_before,nan,0.000000e+00,0.000000e+00,0.0000,0.0000,0
50,features.4,17,active,0.036678,2.538402e-06,4.417633e-05,0.7263,0.1214,65
50,features.4,18,pruned_before,nan,0.000000e+00,0.000000e+00,0.0000,0.0000,0
50,features.4,19,pruned_before,nan,0.000000e+00,0.000000e+00,0.0000,0.0000,0
50,features.4,20,pruned_before,nan,0.000000e+00,0.000000e+00,0.0000,0.0000,0
50,features.4,21,pruned_before,nan,0.000000e+00,0.000000e+00,0.0000,0.0000,0
50,features.4,22,active,0.115987,1.342238e-06,6.239839e-05,0.3840,0.1715,65
50,features.4,23,pruned_before,nan,0.000000e+00,0.000000e+00,0.0000,0.0000,0
50,features.4,24,pruned_before,nan,0.000000e+00,0.000000e+00,0.0000,0.0000,0
50,features.4,25,active,0.006272,5.128722e-08,3.128004e-06,0.0147,0.0086,65
50,features.4,26,active,0.095302,8.416096e-09,3.861465e-05,0.0024,0.1062,65
50,features.4,27,pruned_before,nan,0.000000e+00,0.000000e+00,0.0000,0.0000,0
50,features.4,28,pruned_before,nan,0.000000e+00,0.000000e+00,0.0000,0.0000,0
50,features.4,29,pruned_before,nan,0.000000e+00,0.000000e+00,0.0000,0.0000,0
50,features.4,30,pruned_before,nan,0.000000e+00,0.000000e+00,0.0000,0.0000,0
50,features.4,31,pruned_before,nan,0.000000e+00,0.000000e+00,0.0000,0.0000,0
50,features.4,32,active,0.022403,6.999684e-08,9.863921e-06,0.0200,0.0271,65
50,features.4,33,pruned_before,nan,0.000000e+00,0.000000e+00,0.0000,0.0000,0
50,features.4,34,active,0.003949,1.694016e-06,2.118455e-05,0.4847,0.0582,65
50,features.4,35,active,0.024528,1.425303e-07,1.156129e-05,0.0408,0.0318,65
50,features.4,36,active,0.052851,8.346857e-07,3.101211e-05,0.2388,0.0853,65
50,features.4,37,active,0.057427,1.189751e-06,3.696725e-05,0.3404,0.1016,65
50,features.4,38,active,0.052455,1.915215e-06,4.334665e-05,0.5480,0.1192,65
50,features.4,39,pruned_before,nan,0.000000e+00,0.000000e+00,0.0000,0.0000,0
50,features.4,40,pruned_before,nan,0.000000e+00,0.000000e+00,0.0000,0.0000,0
50,features.4,41,pruned_before,nan,0.000000e+00,0.000000e+00,0.0000,0.0000,0
50,features.4,42,active,-0.000518,2.756573e-07,2.978181e-06,0.0789,0.0082,65
50,features.4,43,active,0.071330,1.241738e-06,4.318741e-05,0.3553,0.1187,65
50,features.4,44,active,0.056041,4.239461e-07,2.755178e-05,0.1213,0.0757,65
50,features.4,45,active,0.067945,1.432531e-07,2.911708e-05,0.0410,0.0800,65
50,features.4,46,protected,0.831776,2.384561e-06,3.637456e-04,0.6822,1.0000,65
50,features.4,47,active,0.057545,5.639334e-07,2.977838e-05,0.1613,0.0819,65
50,features.4,48,active,0.004326,1.799680e-08,1.956573e-06,0.0051,0.0054,65
50,features.4,49,active,0.047030,1.436638e-06,3.562011e-05,0.4110,0.0979,65
50,features.4,50,pruned_before,nan,0.000000e+00,0.000000e+00,0.0000,0.0000,0
50,features.4,51,pruned_before,nan,0.000000e+00,0.000000e+00,0.0000,0.0000,0
50,features.4,52,pruned_before,nan,0.000000e+00,0.000000e+00,0.0000,0.0000,0
50,features.4,53,pruned_before,nan,0.000000e+00,0.000000e+00,0.0000,0.0000,0
50,features.4,54,active,0.042025,2.451649e-06,4.533397e-05,0.7014,0.1246,65
50,features.4,55,active,0.006536,1.866337e-08,2.857580e-06,0.0053,0.0079,65
50,features.4,56,active,0.010387,1.041422e-06,1.624036e-05,0.2980,0.0446,65
50,features.4,57,active,0.266661,4.853933e-08,1.083354e-04,0.0139,0.2978,65
50,features.4,58,active,0.078149,8.229674e-07,4.110122e-05,0.2355,0.1130,65
50,features.4,59,active,0.031076,3.992975e-09,1.260592e-05,0.0011,0.0347,65
50,features.4,60,pruned_before,nan,0.000000e+00,0.000000e+00,0.0000,0.0000,0
50,features.4,61,pruned_before,nan,0.000000e+00,0.000000e+00,0.0000,0.0000,0
50,features.4,62,active,0.120153,5.630946e-08,4.921237e-05,0.0161,0.1353,65
50,features.4,63,active,0.124964,1.778535e-08,5.071139e-05,0.0051,0.1394,65
50,features.4,64,pruned_before,nan,0.000000e+00,0.000000e+00,0.0000,0.0000,0
50,features.4,65,pruned_before,nan,0.000000e+00,0.000000e+00,0.0000,0.0000,0
50,features.4,66,pruned_before,nan,0.000000e+00,0.000000e+00,0.0000,0.0000,0
50,features.4,67,pruned_before,nan,0.000000e+00,0.000000e+00,0.0000,0.0000,0
50,features.4,68,active,0.018123,4.730949e-07,1.279507e-05,0.1354,0.0352,65
50,features.4,69,pruned_before,nan,0.000000e+00,0.000000e+00,0.0000,0.0000,0
50,features.4,70,pruned_before,nan,0.000000e+00,0.000000e+00,0.0000,0.0000,0
50,features.4,71,pruned_before,nan,0.000000e+00,0.000000e+00,0.0000,0.0000,0
50,features.4,72,active,0.043249,4.239876e-07,2.238213e-05,0.1213,0.0615,65
50,features.4,73,active,0.017128,1.047052e-06,1.902976e-05,0.2996,0.0523,65
50,features.4,74,pruned_before,nan,0.000000e+00,0.000000e+00,0.0000,0.0000,0
50,features.4,75,active,0.102880,6.708458e-07,4.933724e-05,0.1919,0.1356,65
50,features.4,76,active,0.020828,3.125835e-07,1.203251e-05,0.0894,0.0331,65
50,features.4,77,pruned_before,nan,0.000000e+00,0.000000e+00,0.0000,0.0000,0
50,features.4,78,pruned_before,nan,0.000000e+00,0.000000e+00,0.0000,0.0000,0
50,features.4,79,active,0.035639,9.264786e-07,2.511715e-05,0.2651,0.0691,65
50,features.4,80,active,0.019112,1.284047e-06,2.257236e-05,0.3674,0.0621,65
50,features.4,81,active,0.039127,6.533509e-08,1.656901e-05,0.0187,0.0456,65
50,features.4,82,active,0.029690,1.189236e-08,1.213720e-05,0.0034,0.0334,65
50,features.4,83,active,0.005969,5.795022e-07,9.113404e-06,0.1658,0.0251,65
50,features.4,84,active,0.021805,6.268981e-07,1.606162e-05,0.1794,0.0442,65
50,features.4,85,pruned_before,nan,0.000000e+00,0.000000e+00,0.0000,0.0000,0
50,features.4,86,pruned_before,nan,0.000000e+00,0.000000e+00,0.0000,0.0000,0
50,features.4,87,pruned_before,nan,0.000000e+00,0.000000e+00,0.0000,0.0000,0
50,features.4,88,active,0.050352,2.023882e-07,2.269059e-05,0.0579,0.0624,65
50,features.4,89,pruned_before,nan,0.000000e+00,0.000000e+00,0.0000,0.0000,0
50,features.4,90,pruned_before,nan,0.000000e+00,0.000000e+00,0.0000,0.0000,0
50,features.4,91,active,0.017547,6.921055e-07,1.509493e-05,0.1980,0.0415,65
50,features.4,92,pruned_before,nan,0.000000e+00,0.000000e+00,0.0000,0.0000,0
50,features.4,93,pruned_before,nan,0.000000e+00,0.000000e+00,0.0000,0.0000,0
50,features.4,94,pruned_before,nan,0.000000e+00,0.000000e+00,0.0000,0.0000,0
50,features.4,95,active,0.026665,5.401738e-08,1.140146e-05,0.0155,0.0313,65
50,features.4,96,pruned_before,nan,0.000000e+00,0.000000e+00,0.0000,0.0000,0
50,features.4,97,active,0.001177,1.357922e-08,6.327857e-07,0.0039,0.0017,65
50,features.4,98,active,0.013687,5.343723e-08,6.149715e-06,0.0153,0.0169,65
50,features.4,99,active,0.062177,6.094724e-07,3.217699e-05,0.1744,0.0885,65
50,features.4,100,pruned_before,nan,0.000000e+00,0.000000e+00,0.0000,0.0000,0
50,features.4,101,active,0.087110,8.516773e-08,3.619139e-05,0.0244,0.0995,65
50,features.4,102,pruned_before,nan,0.000000e+00,0.000000e+00,0.0000,0.0000,0
50,features.4,103,pruned_before,nan,0.000000e+00,0.000000e+00,0.0000,0.0000,0
50,features.4,104,active,0.010447,5.406494e-07,1.047414e-05,0.1547,0.0288,65
50,features.4,105,pruned_before,nan,0.000000e+00,0.000000e+00,0.0000,0.0000,0
50,features.4,106,active,0.015994,1.537955e-08,6.642013e-06,0.0044,0.0183,65
50,features.4,107,active,0.010897,3.778869e-08,4.840942e-06,0.0108,0.0133,65
50,features.4,108,pruned_before,nan,0.000000e+00,0.000000e+00,0.0000,0.0000,0
50,features.4,109,active,0.087889,6.849816e-07,4.344193e-05,0.1960,0.1194,65
50,features.4,110,active,0.049445,1.820144e-08,2.019429e-05,0.0052,0.0555,65
50,features.4,111,pruned_before,nan,0.000000e+00,0.000000e+00,0.0000,0.0000,0
50,features.4,112,pruned_before,nan,0.000000e+00,0.000000e+00,0.0000,0.0000,0
50,features.4,113,pruned_before,nan,0.000000e+00,0.000000e+00,0.0000,0.0000,0
50,features.4,114,active,0.009521,3.515195e-08,4.254604e-06,0.0101,0.0117,65
50,features.4,115,active,0.056649,4.257880e-09,2.294475e-05,0.0012,0.0631,65
50,features.4,116,active,0.272613,6.507838e-07,1.177048e-04,0.1862,0.3236,65
50,features.4,117,active,0.055528,2.029451e-07,2.478901e-05,0.0581,0.0681,65
50,features.4,118,active,0.037661,2.352338e-08,1.549329e-05,0.0067,0.0426,65
50,features.4,119,active,0.023663,1.475687e-06,2.662767e-05,0.4222,0.0732,65
50,features.4,120,active,0.024484,1.140518e-08,1.002756e-05,0.0033,0.0276,65
50,features.4,121,pruned_before,nan,0.000000e+00,0.000000e+00,0.0000,0.0000,0
50,features.4,122,active,0.013071,8.162471e-09,5.377029e-06,0.0023,0.0148,65
50,features.4,123,pruned_before,nan,0.000000e+00,0.000000e+00,0.0000,0.0000,0
50,features.4,124,active,0.025486,1.244600e-06,2.469223e-05,0.3561,0.0679,65
50,features.4,125,active,0.054128,1.907364e-07,2.408214e-05,0.0546,0.0662,65
50,features.4,126,pruned_before,nan,0.000000e+00,0.000000e+00,0.0000,0.0000,0
50,features.4,127,active,0.073165,5.179678e-09,2.963056e-05,0.0015,0.0815,65
50,features.4,128,pruned_before,nan,0.000000e+00,0.000000e+00,0.0000,0.0000,0
50,features.4,129,pruned_before,nan,0.000000e+00,0.000000e+00,0.0000,0.0000,0
50,features.4,130,active,0.143207,3.495204e-06,9.829506e-05,1.0000,0.2702,65
50,features.4,131,active,0.034045,3.713042e-08,1.418914e-05,0.0106,0.0390,65
50,features.4,132,active,0.093838,1.460209e-06,5.481047e-05,0.4178,0.1507,65
50,features.4,133,active,0.002501,2.688965e-08,1.321603e-06,0.0077,0.0036,65
50,features.4,134,pruned_before,nan,0.000000e+00,0.000000e+00,0.0000,0.0000,0
50,features.4,135,active,0.093535,3.249082e-09,3.784076e-05,0.0009,0.1040,65
50,features.4,136,active,0.037139,1.808971e-07,1.710192e-05,0.0518,0.0470,65
50,features.4,137,active,0.026618,2.924786e-07,1.413983e-05,0.0837,0.0389,65
50,features.4,138,active,0.044132,3.873283e-07,2.231536e-05,0.1108,0.0613,65
50,features.4,139,pruned_before,nan,0.000000e+00,0.000000e+00,0.0000,0.0000,0
50,features.4,140,active,0.003318,6.421809e-08,2.083396e-06,0.0184,0.0057,65
50,features.4,141,active,0.025150,6.458666e-07,1.763319e-05,0.1848,0.0485,65
50,features.4,142,active,0.018942,1.472751e-06,2.468564e-05,0.4214,0.0679,65
50,features.4,143,active,0.063805,1.056190e-07,2.700877e-05,0.0302,0.0743,65
50,features.5,0,pruned_before,nan,0.000000e+00,0.000000e+00,0.0000,0.0000,0
50,features.5,1,pruned_before,nan,0.000000e+00,0.000000e+00,0.0000,0.0000,0
50,features.5,2,active,0.010904,4.905860e-08,5.767703e-06,0.0475,0.0174,73
50,features.5,3,pruned_before,nan,0.000000e+00,0.000000e+00,0.0000,0.0000,0
50,features.5,4,pruned_before,nan,0.000000e+00,0.000000e+00,0.0000,0.0000,0
50,features.5,5,active,0.078165,6.284180e-08,3.103649e-05,0.0609,0.0936,73
50,features.5,6,pruned_before,nan,0.000000e+00,0.000000e+00,0.0000,0.0000,0
50,features.5,7,active,0.017517,5.713962e-08,8.492325e-06,0.0554,0.0256,73
50,features.5,8,pruned_before,nan,0.000000e+00,0.000000e+00,0.0000,0.0000,0
50,features.5,9,pruned_before,nan,0.000000e+00,0.000000e+00,0.0000,0.0000,0
50,features.5,10,active,0.065121,2.395585e-08,2.484355e-05,0.0232,0.0749,73
50,features.5,11,pruned_before,nan,0.000000e+00,0.000000e+00,0.0000,0.0000,0
50,features.5,12,active,0.004914,1.147001e-08,2.219676e-06,0.0111,0.0067,73
50,features.5,13,active,0.009861,5.001798e-08,5.417906e-06,0.0485,0.0163,73
50,features.5,14,pruned_before,nan,0.000000e+00,0.000000e+00,0.0000,0.0000,0
50,features.5,15,pruned_before,nan,0.000000e+00,0.000000e+00,0.0000,0.0000,0
50,features.5,16,active,0.011589,2.254574e-08,5.073761e-06,0.0218,0.0153,73
50,features.5,17,active,0.069548,3.377374e-09,2.573996e-05,0.0033,0.0776,73
50,features.5,18,pruned_before,nan,0.000000e+00,0.000000e+00,0.0000,0.0000,0
50,features.5,19,active,0.015812,1.658989e-08,6.416970e-06,0.0161,0.0194,73
50,features.5,20,active,0.223095,1.893366e-08,8.285719e-05,0.0183,0.2499,73
50,features.5,21,pruned_before,nan,0.000000e+00,0.000000e+00,0.0000,0.0000,0
50,features.5,22,active,0.145926,2.186954e-08,5.453529e-05,0.0212,0.1645,73
50,features.5,23,pruned_before,nan,0.000000e+00,0.000000e+00,0.0000,0.0000,0
50,features.5,24,active,0.035525,2.023128e-08,1.380842e-05,0.0196,0.0417,73
50,features.5,25,active,0.157750,4.671102e-07,7.478301e-05,0.4526,0.2256,73
50,features.5,26,pruned_before,nan,0.000000e+00,0.000000e+00,0.0000,0.0000,0
50,features.5,27,active,0.010257,2.199963e-08,4.563713e-06,0.0213,0.0138,73
50,features.5,28,active,0.277759,8.889272e-09,1.026356e-04,0.0086,0.3096,73
50,features.5,29,pruned_before,nan,0.000000e+00,0.000000e+00,0.0000,0.0000,0
50,features.5,30,pruned_before,nan,0.000000e+00,0.000000e+00,0.0000,0.0000,0
50,features.5,31,active,0.004827,2.583272e-09,1.870414e-06,0.0025,0.0056,73
50,features.5,32,pruned_before,nan,0.000000e+00,0.000000e+00,0.0000,0.0000,0
50,features.5,33,pruned_before,nan,0.000000e+00,0.000000e+00,0.0000,0.0000,0
50,features.5,34,pruned_before,nan,0.000000e+00,0.000000e+00,0.0000,0.0000,0
50,features.5,35,active,0.066085,1.056041e-07,2.811289e-05,0.1023,0.0848,73
50,features.5,36,active,0.032285,9.315606e-09,1.222530e-05,0.0090,0.0369,73
50,features.5,37,active,0.015724,4.261554e-08,7.313346e-06,0.0413,0.0221,73
50,features.5,38,active,0.020012,5.415074e-09,7.564961e-06,0.0052,0.0228,73
50,features.5,39,active,0.077555,4.450885e-09,2.872785e-05,0.0043,0.0867,73
50,features.5,40,pruned_before,nan,0.000000e+00,0.000000e+00,0.0000,0.0000,0
50,features.5,41,pruned_before,nan,0.000000e+00,0.000000e+00,0.0000,0.0000,0
50,features.5,42,active,0.091061,1.352534e-08,3.402700e-05,0.0131,0.1026,73
50,features.5,43,active,0.005630,3.193974e-09,2.188079e-06,0.0031,0.0066,73
50,features.5,44,pruned_before,nan,0.000000e+00,0.000000e+00,0.0000,0.0000,0
50,features.5,45,active,0.064939,1.426983e-08,2.443078e-05,0.0138,0.0737,73
50,features.5,46,pruned_before,nan,0.000000e+00,0.000000e+00,0.0000,0.0000,0
50,features.5,47,active,0.020748,9.053713e-09,7.966153e-06,0.0088,0.0240,73
50,features.5,48,active,0.025309,1.907880e-08,1.000418e-05,0.0185,0.0302,73
50,features.5,49,active,0.007431,1.646483e-08,3.325121e-06,0.0160,0.0100,73
50,features.5,50,active,0.039782,7.278214e-09,1.491442e-05,0.0071,0.0450,73
50,features.5,51,pruned_before,nan,0.000000e+00,0.000000e+00,0.0000,0.0000,0
50,features.5,52,active,0.076640,1.493060e-08,2.876475e-05,0.0145,0.0868,73
50,features.5,53,pruned_before,nan,0.000000e+00,0.000000e+00,0.0000,0.0000,0
50,features.5,54,active,0.841298,2.307779e-07,3.181462e-04,0.2236,0.9596,73
50,features.5,55,active,0.240457,2.073004e-08,8.931720e-05,0.0201,0.2694,73
50,features.5,56,pruned_before,nan,0.000000e+00,0.000000e+00,0.0000,0.0000,0
50,features.5,57,pruned_before,nan,0.000000e+00,0.000000e+00,0.0000,0.0000,0
50,features.5,58,active,0.422844,4.252715e-07,1.709423e-04,0.4121,0.5156,73
50,features.5,59,pruned_before,nan,0.000000e+00,0.000000e+00,0.0000,0.0000,0
50,features.5,60,active,0.073265,1.056711e-07,3.076037e-05,0.1024,0.0928,73
50,features.5,61,active,0.013764,1.580129e-08,5.634132e-06,0.0153,0.0170,73
50,features.5,62,active,0.010946,7.641286e-09,4.304859e-06,0.0074,0.0130,73
50,features.5,63,active,0.234814,1.477097e-08,8.702573e-05,0.0143,0.2625,73
50,features.5,64,pruned_before,nan,0.000000e+00,0.000000e+00,0.0000,0.0000,0
50,features.5,65,pruned_before,nan,0.000000e+00,0.000000e+00,0.0000,0.0000,0
50,features.5,66,active,0.016282,2.403906e-08,6.856000e-06,0.0233,0.0207,73
50,features.5,67,active,0.330455,8.961980e-08,1.249285e-04,0.0868,0.3768,73
50,features.5,68,active,0.041023,2.287332e-08,1.592811e-05,0.0222,0.0480,73
50,features.5,69,active,0.086833,1.122021e-08,3.238714e-05,0.0109,0.0977,73
50,features.5,70,active,0.027365,3.948569e-08,1.148992e-05,0.0383,0.0347,73
50,features.5,71,active,0.002557,5.753973e-09,1.147249e-06,0.0056,0.0035,73
50,features.5,72,pruned_before,nan,0.000000e+00,0.000000e+00,0.0000,0.0000,0
50,features.5,73,pruned_before,nan,0.000000e+00,0.000000e+00,0.0000,0.0000,0
50,features.5,74,pruned_before,nan,0.000000e+00,0.000000e+00,0.0000,0.0000,0
50,features.5,75,active,0.034379,2.418674e-08,1.352763e-05,0.0234,0.0408,73
50,features.5,76,active,0.064328,3.109140e-08,2.480641e-05,0.0301,0.0748,73
50,features.5,77,active,0.065352,2.059987e-08,2.480913e-05,0.0200,0.0748,73
50,features.5,78,pruned_before,nan,0.000000e+00,0.000000e+00,0.0000,0.0000,0
50,features.5,79,pruned_before,nan,0.000000e+00,0.000000e+00,0.0000,0.0000,0
50,features.5,80,active,0.008293,2.747956e-08,4.035587e-06,0.0266,0.0122,73
50,features.5,81,pruned_before,nan,0.000000e+00,0.000000e+00,0.0000,0.0000,0
50,features.5,82,pruned_before,nan,0.000000e+00,0.000000e+00,0.0000,0.0000,0
50,features.5,83,pruned_before,nan,0.000000e+00,0.000000e+00,0.0000,0.0000,0
50,features.5,84,pruned_before,nan,0.000000e+00,0.000000e+00,0.0000,0.0000,0
50,features.5,85,pruned_before,nan,0.000000e+00,0.000000e+00,0.0000,0.0000,0
50,features.5,86,pruned_before,nan,0.000000e+00,0.000000e+00,0.0000,0.0000,0
50,features.5,87,pruned_before,nan,0.000000e+00,0.000000e+00,0.0000,0.0000,0
50,features.5,88,pruned_before,nan,0.000000e+00,0.000000e+00,0.0000,0.0000,0
50,features.5,89,active,0.057798,3.294833e-08,2.246707e-05,0.0319,0.0678,73
50,features.5,90,pruned_before,nan,0.000000e+00,0.000000e+00,0.0000,0.0000,0
50,features.5,91,pruned_before,nan,0.000000e+00,0.000000e+00,0.0000,0.0000,0
50,features.5,92,active,0.005412,1.282113e-08,2.451221e-06,0.0124,0.0074,73
50,features.5,93,pruned_before,nan,0.000000e+00,0.000000e+00,0.0000,0.0000,0
50,features.5,94,pruned_before,nan,0.000000e+00,0.000000e+00,0.0000,0.0000,0
50,features.5,95,pruned_before,nan,0.000000e+00,0.000000e+00,0.0000,0.0000,0
50,features.5,96,pruned_before,nan,0.000000e+00,0.000000e+00,0.0000,0.0000,0
50,features.5,97,active,0.045399,6.887444e-08,1.918203e-05,0.0667,0.0579,73
50,features.5,98,active,0.039151,4.768600e-08,1.612424e-05,0.0462,0.0486,73
50,features.5,99,active,0.042932,3.737436e-08,1.714901e-05,0.0362,0.0517,73
50,features.5,100,pruned_before,nan,0.000000e+00,0.000000e+00,0.0000,0.0000,0
50,features.5,101,pruned_before,nan,0.000000e+00,0.000000e+00,0.0000,0.0000,0
50,features.5,102,pruned_before,nan,0.000000e+00,0.000000e+00,0.0000,0.0000,0
50,features.5,103,active,0.038461,2.957833e-08,1.522373e-05,0.0287,0.0459,73
50,features.5,104,pruned_before,nan,0.000000e+00,0.000000e+00,0.0000,0.0000,0
50,features.5,105,pruned_before,nan,0.000000e+00,0.000000e+00,0.0000,0.0000,0
50,features.5,106,pruned_before,nan,0.000000e+00,0.000000e+00,0.0000,0.0000,0
50,features.5,107,active,0.063833,1.176463e-07,2.771323e-05,0.1140,0.0836,73
50,features.5,108,pruned_before,nan,0.000000e+00,0.000000e+00,0.0000,0.0000,0
50,features.5,109,active,0.044599,9.383484e-08,1.977813e-05,0.0909,0.0597,73
50,features.5,110,pruned_before,nan,0.000000e+00,0.000000e+00,0.0000,0.0000,0
50,features.5,111,active,0.054653,4.778414e-09,2.030296e-05,0.0046,0.0612,73
50,features.5,112,active,0.010790,1.439040e-08,4.488344e-06,0.0139,0.0135,73
50,features.5,113,pruned_before,nan,0.000000e+00,0.000000e+00,0.0000,0.0000,0
50,features.5,114,pruned_before,nan,0.000000e+00,0.000000e+00,0.0000,0.0000,0
50,features.5,115,active,0.037651,3.650214e-08,1.517224e-05,0.0354,0.0458,73
50,features.5,116,active,0.028818,4.996961e-08,1.239907e-05,0.0484,0.0374,73
50,features.5,117,active,0.065770,1.415889e-08,2.473322e-05,0.0137,0.0746,73
50,features.5,118,active,0.030350,4.699657e-09,1.134792e-05,0.0046,0.0342,73
50,features.5,119,active,0.026589,1.843835e-08,1.045284e-05,0.0179,0.0315,73
50,features.5,120,active,0.009368,2.258988e-09,3.531597e-06,0.0022,0.0107,73
50,features.5,121,active,0.033388,1.560954e-08,1.285634e-05,0.0151,0.0388,73
50,features.5,122,pruned_before,nan,0.000000e+00,0.000000e+00,0.0000,0.0000,0
50,features.5,123,pruned_before,nan,0.000000e+00,0.000000e+00,0.0000,0.0000,0
50,features.5,124,pruned_before,nan,0.000000e+00,0.000000e+00,0.0000,0.0000,0
50,features.5,125,active,0.102190,3.756040e-08,3.898431e-05,0.0364,0.1176,73
50,features.5,126,pruned_before,nan,0.000000e+00,0.000000e+00,0.0000,0.0000,0
50,features.5,127,active,0.021300,4.330734e-08,9.392129e-06,0.0420,0.0283,73
50,features.5,128,active,0.006936,6.947121e-08,5.034478e-06,0.0673,0.0152,73
50,features.5,129,pruned_before,nan,0.000000e+00,0.000000e+00,0.0000,0.0000,0
50,features.5,130,active,0.052595,1.112898e-08,1.977157e-05,0.0108,0.0596,73
50,features.5,131,active,0.011207,4.439020e-09,4.286609e-06,0.0043,0.0129,73
50,features.5,132,active,0.015091,1.674121e-08,6.156649e-06,0.0162,0.0186,73
50,features.5,133,active,0.257015,5.608253e-08,9.667846e-05,0.0543,0.2916,73
50,features.5,134,active,0.192089,1.032056e-06,1.075967e-04,1.0000,0.3245,73
50,features.5,135,pruned_before,nan,0.000000e+00,0.000000e+00,0.0000,0.0000,0
50,features.5,136,pruned_before,nan,0.000000e+00,0.000000e+00,0.0000,0.0000,0
50,features.5,137,pruned_before,nan,0.000000e+00,0.000000e+00,0.0000,0.0000,0
50,features.5,138,active,0.008382,7.471017e-09,3.354272e-06,0.0072,0.0101,73
50,features.5,139,pruned_before,nan,0.000000e+00,0.000000e+00,0.0000,0.0000,0
50,features.5,140,pruned_before,nan,0.000000e+00,0.000000e+00,0.0000,0.0000,0
50,features.5,141,pruned_before,nan,0.000000e+00,0.000000e+00,0.0000,0.0000,0
50,features.5,142,pruned_before,nan,0.000000e+00,0.000000e+00,0.0000,0.0000,0
50,features.5,143,pruned_before,nan,0.000000e+00,0.000000e+00,0.0000,0.0000,0
50,features.5,144,active,0.047255,2.650842e-09,1.750192e-05,0.0026,0.0528,73
50,features.5,145,pruned_before,nan,0.000000e+00,0.000000e+00,0.0000,0.0000,0
50,features.5,146,pruned_before,nan,0.000000e+00,0.000000e+00,0.0000,0.0000,0
50,features.5,147,active,0.021753,1.032978e-08,8.381954e-06,0.0100,0.0253,73
50,features.5,148,active,0.055812,1.107352e-07,2.451186e-05,0.1073,0.0739,73
50,features.5,149,active,0.022251,2.940855e-08,9.246323e-06,0.0285,0.0279,73
50,features.5,150,active,0.026468,2.158723e-08,1.052041e-05,0.0209,0.0317,73
50,features.5,151,protected,0.877931,2.277616e-07,3.315333e-04,0.2207,1.0000,73
50,features.5,152,pruned_before,nan,0.000000e+00,0.000000e+00,0.0000,0.0000,0
50,features.5,153,pruned_before,nan,0.000000e+00,0.000000e+00,0.0000,0.0000,0
50,features.5,154,pruned_before,nan,0.000000e+00,0.000000e+00,0.0000,0.0000,0
50,features.5,155,pruned_before,nan,0.000000e+00,0.000000e+00,0.0000,0.0000,0
50,features.5,156,pruned_before,nan,0.000000e+00,0.000000e+00,0.0000,0.0000,0
50,features.5,157,pruned_before,nan,0.000000e+00,0.000000e+00,0.0000,0.0000,0
50,features.5,158,active,0.202856,4.142931e-08,7.620484e-05,0.0401,0.2299,73
50,features.5,159,active,0.024970,7.695364e-08,1.194496e-05,0.0746,0.0360,73
50,features.5,160,pruned_before,nan,0.000000e+00,0.000000e+00,0.0000,0.0000,0
50,features.5,161,active,0.095438,6.412274e-08,3.744531e-05,0.0621,0.1129,73
50,features.5,162,pruned_before,nan,0.000000e+00,0.000000e+00,0.0000,0.0000,0
50,features.5,163,active,0.011775,3.264284e-10,4.349161e-06,0.0003,0.0131,73
50,features.5,164,active,0.034096,1.381710e-08,1.305305e-05,0.0134,0.0394,73
50,features.5,165,pruned_before,nan,0.000000e+00,0.000000e+00,0.0000,0.0000,0
50,features.5,166,pruned_before,nan,0.000000e+00,0.000000e+00,0.0000,0.0000,0
50,features.5,167,pruned_before,nan,0.000000e+00,0.000000e+00,0.0000,0.0000,0
50,features.5,168,pruned_before,nan,0.000000e+00,0.000000e+00,0.0000,0.0000,0
50,features.5,169,active,0.017332,1.771777e-09,6.447735e-06,0.0017,0.0194,73
50,features.5,170,pruned_before,nan,0.000000e+00,0.000000e+00,0.0000,0.0000,0
50,features.5,171,active,0.003711,6.403924e-09,1.595566e-06,0.0062,0.0048,73
50,features.5,172,active,0.013846,2.142264e-08,5.865272e-06,0.0208,0.0177,73
50,features.5,173,active,0.037392,3.808630e-08,1.513350e-05,0.0369,0.0456,73
50,features.5,174,pruned_before,nan,0.000000e+00,0.000000e+00,0.0000,0.0000,0
50,features.5,175,active,0.018865,2.243304e-08,7.749936e-06,0.0217,0.0234,73
50,features.5,176,active,0.601018,7.931104e-07,2.497057e-04,0.7685,0.7532,73
50,features.5,177,pruned_before,nan,0.000000e+00,0.000000e+00,0.0000,0.0000,0
50,features.5,178,pruned_before,nan,0.000000e+00,0.000000e+00,0.0000,0.0000,0
50,features.5,179,pruned_before,nan,0.000000e+00,0.000000e+00,0.0000,0.0000,0
50,features.5,180,pruned_before,nan,0.000000e+00,0.000000e+00,0.0000,0.0000,0
50,features.5,181,active,0.002877,4.438997e-09,1.218367e-06,0.0043,0.0037,73
50,features.5,182,active,0.008352,2.269389e-08,3.886629e-06,0.0220,0.0117,73
50,features.5,183,active,0.145837,3.028496e-09,5.383001e-05,0.0029,0.1624,73
50,features.5,184,active,0.035100,6.197033e-09,1.315105e-05,0.0060,0.0397,73
50,features.5,185,active,0.017321,4.651569e-08,8.040953e-06,0.0451,0.0243,73
50,features.5,186,pruned_before,nan,0.000000e+00,0.000000e+00,0.0000,0.0000,0
50,features.5,187,active,0.038740,3.043126e-08,1.535680e-05,0.0295,0.0463,73
50,features.5,188,active,0.052230,2.160196e-08,2.001090e-05,0.0209,0.0604,73
50,features.5,189,pruned_before,nan,0.000000e+00,0.000000e+00,0.0000,0.0000,0
50,features.5,190,pruned_before,nan,0.000000e+00,0.000000e+00,0.0000,0.0000,0
50,features.5,191,active,0.004111,2.172635e-08,2.290021e-06,0.0211,0.0069,73
50,features.6,0,pruned_before,nan,0.000000e+00,0.000000e+00,0.0000,0.0000,0
50,features.6,1,pruned_before,nan,0.000000e+00,0.000000e+00,0.0000,0.0000,0
50,features.6,2,pruned_before,nan,0.000000e+00,0.000000e+00,0.0000,0.0000,0
50,features.6,3,protected,0.800000,3.664664e-07,1.208484e-02,1.0000,1.0000,73
50,features.6,4,pruned_before,nan,0.000000e+00,0.000000e+00,0.0000,0.0000,0
50,features.6,5,pruned_before,nan,0.000000e+00,0.000000e+00,0.0000,0.0000,0
50,features.6,6,active,-0.000000,1.086002e-14,2.974597e-14,0.0000,0.0000,73
50,features.6,7,pruned_before,nan,0.000000e+00,0.000000e+00,0.0000,0.0000,0
50,features.6,8,pruned_before,nan,0.000000e+00,0.000000e+00,0.0000,0.0000,0
50,features.6,9,pruned_before,nan,0.000000e+00,0.000000e+00,0.0000,0.0000,0
50,features.6,10,pruned_before,nan,0.000000e+00,0.000000e+00,0.0000,0.0000,0
50,features.6,11,pruned_before,nan,0.000000e+00,0.000000e+00,0.0000,0.0000,0
50,features.6,12,pruned_before,nan,0.000000e+00,0.000000e+00,0.0000,0.0000,0
50,features.6,13,pruned_before,nan,0.000000e+00,0.000000e+00,0.0000,0.0000,0
50,features.6,14,pruned_before,nan,0.000000e+00,0.000000e+00,0.0000,0.0000,0
50,features.6,15,pruned_before,nan,0.000000e+00,0.000000e+00,0.0000,0.0000,0
50,features.6,16,pruned_before,nan,0.000000e+00,0.000000e+00,0.0000,0.0000,0
50,features.6,17,pruned_before,nan,0.000000e+00,0.000000e+00,0.0000,0.0000,0
50,features.6,18,pruned_before,nan,0.000000e+00,0.000000e+00,0.0000,0.0000,0
50,features.6,19,pruned_before,nan,0.000000e+00,0.000000e+00,0.0000,0.0000,0
50,features.6,20,pruned_before,nan,0.000000e+00,0.000000e+00,0.0000,0.0000,0
50,features.6,21,pruned_before,nan,0.000000e+00,0.000000e+00,0.0000,0.0000,0
50,features.6,22,pruned_before,nan,0.000000e+00,0.000000e+00,0.0000,0.0000,0
50,features.6,23,pruned_before,nan,0.000000e+00,0.000000e+00,0.0000,0.0000,0
50,features.6,24,pruned_before,nan,0.000000e+00,0.000000e+00,0.0000,0.0000,0
50,features.6,25,pruned_before,nan,0.000000e+00,0.000000e+00,0.0000,0.0000,0
50,features.6,26,pruned_before,nan,0.000000e+00,0.000000e+00,0.0000,0.0000,0
50,features.6,27,pruned_before,nan,0.000000e+00,0.000000e+00,0.0000,0.0000,0
50,features.6,28,pruned_before,nan,0.000000e+00,0.000000e+00,0.0000,0.0000,0
50,features.6,29,pruned_before,nan,0.000000e+00,0.000000e+00,0.0000,0.0000,0
50,features.6,30,pruned_before,nan,0.000000e+00,0.000000e+00,0.0000,0.0000,0
50,features.6,31,pruned_before,nan,0.000000e+00,0.000000e+00,0.0000,0.0000,0
50,features.6,32,pruned_before,nan,0.000000e+00,0.000000e+00,0.0000,0.0000,0
50,features.6,33,pruned_before,nan,0.000000e+00,0.000000e+00,0.0000,0.0000,0
50,features.6,34,pruned_before,nan,0.000000e+00,0.000000e+00,0.0000,0.0000,0
50,features.6,35,pruned_before,nan,0.000000e+00,0.000000e+00,0.0000,0.0000,0
50,features.6,36,pruned_before,nan,0.000000e+00,0.000000e+00,0.0000,0.0000,0
50,features.6,37,pruned_before,nan,0.000000e+00,0.000000e+00,0.0000,0.0000,0
50,features.6,38,pruned_before,nan,0.000000e+00,0.000000e+00,0.0000,0.0000,0
50,features.6,39,pruned_before,nan,0.000000e+00,0.000000e+00,0.0000,0.0000,0
50,features.6,40,pruned_before,nan,0.000000e+00,0.000000e+00,0.0000,0.0000,0
50,features.6,41,pruned_before,nan,0.000000e+00,0.000000e+00,0.0000,0.0000,0
50,features.6,42,pruned_before,nan,0.000000e+00,0.000000e+00,0.0000,0.0000,0
50,features.6,43,active,0.090477,4.896098e-08,1.394283e-03,0.1336,0.1154,73
50,features.6,44,pruned_before,nan,0.000000e+00,0.000000e+00,0.0000,0.0000,0
50,features.6,45,pruned_before,nan,0.000000e+00,0.000000e+00,0.0000,0.0000,0
50,features.6,46,pruned_before,nan,0.000000e+00,0.000000e+00,0.0000,0.0000,0
50,features.6,47,pruned_before,nan,0.000000e+00,0.000000e+00,0.0000,0.0000,0
50,features.6,48,pruned_before,nan,0.000000e+00,0.000000e+00,0.0000,0.0000,0
50,features.6,49,pruned_before,nan,0.000000e+00,0.000000e+00,0.0000,0.0000,0
50,features.6,50,pruned_before,nan,0.000000e+00,0.000000e+00,0.0000,0.0000,0
50,features.6,51,pruned_before,nan,0.000000e+00,0.000000e+00,0.0000,0.0000,0
50,features.6,52,pruned_before,nan,0.000000e+00,0.000000e+00,0.0000,0.0000,0
50,features.6,53,pruned_before,nan,0.000000e+00,0.000000e+00,0.0000,0.0000,0
50,features.6,54,pruned_before,nan,0.000000e+00,0.000000e+00,0.0000,0.0000,0
50,features.6,55,pruned_before,nan,0.000000e+00,0.000000e+00,0.0000,0.0000,0
50,features.6,56,pruned_before,nan,0.000000e+00,0.000000e+00,0.0000,0.0000,0
50,features.6,57,pruned_before,nan,0.000000e+00,0.000000e+00,0.0000,0.0000,0
50,features.6,58,pruned_before,nan,0.000000e+00,0.000000e+00,0.0000,0.0000,0
50,features.6,59,pruned_before,nan,0.000000e+00,0.000000e+00,0.0000,0.0000,0
50,features.6,60,pruned_before,nan,0.000000e+00,0.000000e+00,0.0000,0.0000,0
50,features.6,61,pruned_before,nan,0.000000e+00,0.000000e+00,0.0000,0.0000,0
50,features.6,62,pruned_before,nan,0.000000e+00,0.000000e+00,0.0000,0.0000,0
50,features.6,63,pruned_before,nan,0.000000e+00,0.000000e+00,0.0000,0.0000,0
50,features.6,64,pruned_before,nan,0.000000e+00,0.000000e+00,0.0000,0.0000,0
50,features.6,65,pruned_before,nan,0.000000e+00,0.000000e+00,0.0000,0.0000,0
50,features.6,66,pruned_before,nan,0.000000e+00,0.000000e+00,0.0000,0.0000,0
50,features.6,67,pruned_before,nan,0.000000e+00,0.000000e+00,0.0000,0.0000,0
50,features.6,68,pruned_before,nan,0.000000e+00,0.000000e+00,0.0000,0.0000,0
50,features.6,69,pruned_before,nan,0.000000e+00,0.000000e+00,0.0000,0.0000,0
50,features.6,70,pruned_before,nan,0.000000e+00,0.000000e+00,0.0000,0.0000,0
50,features.6,71,pruned_before,nan,0.000000e+00,0.000000e+00,0.0000,0.0000,0
50,features.6,72,pruned_before,nan,0.000000e+00,0.000000e+00,0.0000,0.0000,0
50,features.6,73,pruned_before,nan,0.000000e+00,0.000000e+00,0.0000,0.0000,0
50,features.6,74,pruned_before,nan,0.000000e+00,0.000000e+00,0.0000,0.0000,0
50,features.6,75,pruned_before,nan,0.000000e+00,0.000000e+00,0.0000,0.0000,0
50,features.6,76,pruned_before,nan,0.000000e+00,0.000000e+00,0.0000,0.0000,0
50,features.6,77,pruned_before,nan,0.000000e+00,0.000000e+00,0.0000,0.0000,0
50,features.6,78,pruned_before,nan,0.000000e+00,0.000000e+00,0.0000,0.0000,0
50,features.6,79,pruned_before,nan,0.000000e+00,0.000000e+00,0.0000,0.0000,0
50,features.6,80,pruned_before,nan,0.000000e+00,0.000000e+00,0.0000,0.0000,0
50,features.6,81,pruned_before,nan,0.000000e+00,0.000000e+00,0.0000,0.0000,0
50,features.6,82,pruned_before,nan,0.000000e+00,0.000000e+00,0.0000,0.0000,0
50,features.6,83,pruned_before,nan,0.000000e+00,0.000000e+00,0.0000,0.0000,0
50,features.6,84,pruned_before,nan,0.000000e+00,0.000000e+00,0.0000,0.0000,0
50,features.6,85,pruned_before,nan,0.000000e+00,0.000000e+00,0.0000,0.0000,0
50,features.6,86,pruned_before,nan,0.000000e+00,0.000000e+00,0.0000,0.0000,0
50,features.6,87,pruned_before,nan,0.000000e+00,0.000000e+00,0.0000,0.0000,0
50,features.6,88,pruned_before,nan,0.000000e+00,0.000000e+00,0.0000,0.0000,0
50,features.6,89,pruned_before,nan,0.000000e+00,0.000000e+00,0.0000,0.0000,0
50,features.6,90,pruned_before,nan,0.000000e+00,0.000000e+00,0.0000,0.0000,0
50,features.6,91,pruned_before,nan,0.000000e+00,0.000000e+00,0.0000,0.0000,0
50,features.6,92,pruned_before,nan,0.000000e+00,0.000000e+00,0.0000,0.0000,0
50,features.6,93,pruned_before,nan,0.000000e+00,0.000000e+00,0.0000,0.0000,0
50,features.6,94,pruned_before,nan,0.000000e+00,0.000000e+00,0.0000,0.0000,0
50,features.6,95,pruned_before,nan,0.000000e+00,0.000000e+00,0.0000,0.0000,0
50,features.6,96,pruned_before,nan,0.000000e+00,0.000000e+00,0.0000,0.0000,0
50,features.6,97,pruned_before,nan,0.000000e+00,0.000000e+00,0.0000,0.0000,0
50,features.6,98,pruned_before,nan,0.000000e+00,0.000000e+00,0.0000,0.0000,0
50,features.6,99,active,-0.015698,3.582505e-07,1.101865e-03,0.9776,0.0912,73
50,features.6,100,pruned_before,nan,0.000000e+00,0.000000e+00,0.0000,0.0000,0
50,features.6,101,pruned_before,nan,0.000000e+00,0.000000e+00,0.0000,0.0000,0
50,features.6,102,pruned_before,nan,0.000000e+00,0.000000e+00,0.0000,0.0000,0
50,features.6,103,pruned_before,nan,0.000000e+00,0.000000e+00,0.0000,0.0000,0
50,features.6,104,pruned_before,nan,0.000000e+00,0.000000e+00,0.0000,0.0000,0
50,features.6,105,pruned_before,nan,0.000000e+00,0.000000e+00,0.0000,0.0000,0
50,features.6,106,pruned_before,nan,0.000000e+00,0.000000e+00,0.0000,0.0000,0
50,features.6,107,pruned_before,nan,0.000000e+00,0.000000e+00,0.0000,0.0000,0
50,features.6,108,pruned_before,nan,0.000000e+00,0.000000e+00,0.0000,0.0000,0
50,features.6,109,pruned_before,nan,0.000000e+00,0.000000e+00,0.0000,0.0000,0
50,features.6,110,pruned_before,nan,0.000000e+00,0.000000e+00,0.0000,0.0000,0
50,features.6,111,pruned_before,nan,0.000000e+00,0.000000e+00,0.0000,0.0000,0
50,features.6,112,pruned_before,nan,0.000000e+00,0.000000e+00,0.0000,0.0000,0
50,features.6,113,pruned_before,nan,0.000000e+00,0.000000e+00,0.0000,0.0000,0
50,features.6,114,pruned_before,nan,0.000000e+00,0.000000e+00,0.0000,0.0000,0
50,features.6,115,pruned_before,nan,0.000000e+00,0.000000e+00,0.0000,0.0000,0
50,features.6,116,pruned_before,nan,0.000000e+00,0.000000e+00,0.0000,0.0000,0
50,features.6,117,pruned_before,nan,0.000000e+00,0.000000e+00,0.0000,0.0000,0
50,features.6,118,pruned_before,nan,0.000000e+00,0.000000e+00,0.0000,0.0000,0
50,features.6,119,pruned_before,nan,0.000000e+00,0.000000e+00,0.0000,0.0000,0
50,features.6,120,pruned_before,nan,0.000000e+00,0.000000e+00,0.0000,0.0000,0
50,features.6,121,pruned_before,nan,0.000000e+00,0.000000e+00,0.0000,0.0000,0
50,features.6,122,pruned_before,nan,0.000000e+00,0.000000e+00,0.0000,0.0000,0
50,features.6,123,pruned_before,nan,0.000000e+00,0.000000e+00,0.0000,0.0000,0
50,features.6,124,pruned_before,nan,0.000000e+00,0.000000e+00,0.0000,0.0000,0
50,features.6,125,active,0.007483,9.981787e-09,1.370476e-04,0.0272,0.0113,73
50,features.6,126,pruned_before,nan,0.000000e+00,0.000000e+00,0.0000,0.0000,0
50,features.6,127,pruned_before,nan,0.000000e+00,0.000000e+00,0.0000,0.0000,0
50,features.6,128,pruned_before,nan,0.000000e+00,0.000000e+00,0.0000,0.0000,0
50,features.6,129,pruned_before,nan,0.000000e+00,0.000000e+00,0.0000,0.0000,0
50,features.6,130,pruned_before,nan,0.000000e+00,0.000000e+00,0.0000,0.0000,0
50,features.6,131,pruned_before,nan,0.000000e+00,0.000000e+00,0.0000,0.0000,0
50,features.6,132,pruned_before,nan,0.000000e+00,0.000000e+00,0.0000,0.0000,0
50,features.6,133,pruned_before,nan,0.000000e+00,0.000000e+00,0.0000,0.0000,0
50,features.6,134,pruned_before,nan,0.000000e+00,0.000000e+00,0.0000,0.0000,0
50,features.6,135,pruned_before,nan,0.000000e+00,0.000000e+00,0.0000,0.0000,0
50,features.6,136,pruned_before,nan,0.000000e+00,0.000000e+00,0.0000,0.0000,0
50,features.6,137,pruned_before,nan,0.000000e+00,0.000000e+00,0.0000,0.0000,0
50,features.6,138,active,0.008088,1.331544e-08,1.573897e-04,0.0363,0.0130,73
50,features.6,139,pruned_before,nan,0.000000e+00,0.000000e+00,0.0000,0.0000,0
50,features.6,140,pruned_before,nan,0.000000e+00,0.000000e+00,0.0000,0.0000,0
50,features.6,141,pruned_before,nan,0.000000e+00,0.000000e+00,0.0000,0.0000,0
50,features.6,142,pruned_before,nan,0.000000e+00,0.000000e+00,0.0000,0.0000,0
50,features.6,143,pruned_before,nan,0.000000e+00,0.000000e+00,0.0000,0.0000,0
50,features.6,144,pruned_before,nan,0.000000e+00,0.000000e+00,0.0000,0.0000,0
50,features.6,145,pruned_before,nan,0.000000e+00,0.000000e+00,0.0000,0.0000,0
50,features.6,146,pruned_before,nan,0.000000e+00,0.000000e+00,0.0000,0.0000,0
50,features.6,147,pruned_before,nan,0.000000e+00,0.000000e+00,0.0000,0.0000,0
50,features.6,148,pruned_before,nan,0.000000e+00,0.000000e+00,0.0000,0.0000,0
50,features.6,149,pruned_before,nan,0.000000e+00,0.000000e+00,0.0000,0.0000,0
50,features.6,150,pruned_before,nan,0.000000e+00,0.000000e+00,0.0000,0.0000,0
50,features.6,151,pruned_before,nan,0.000000e+00,0.000000e+00,0.0000,0.0000,0
50,features.6,152,pruned_before,nan,0.000000e+00,0.000000e+00,0.0000,0.0000,0
50,features.6,153,pruned_before,nan,0.000000e+00,0.000000e+00,0.0000,0.0000,0
50,features.6,154,pruned_before,nan,0.000000e+00,0.000000e+00,0.0000,0.0000,0
50,features.6,155,pruned_before,nan,0.000000e+00,0.000000e+00,0.0000,0.0000,0
50,features.6,156,pruned_before,nan,0.000000e+00,0.000000e+00,0.0000,0.0000,0
50,features.6,157,pruned_before,nan,0.000000e+00,0.000000e+00,0.0000,0.0000,0
50,features.6,158,pruned_before,nan,0.000000e+00,0.000000e+00,0.0000,0.0000,0
50,features.6,159,pruned_before,nan,0.000000e+00,0.000000e+00,0.0000,0.0000,0
50,features.6,160,pruned_before,nan,0.000000e+00,0.000000e+00,0.0000,0.0000,0
50,features.6,161,pruned_before,nan,0.000000e+00,0.000000e+00,0.0000,0.0000,0
50,features.6,162,pruned_before,nan,0.000000e+00,0.000000e+00,0.0000,0.0000,0
50,features.6,163,pruned_before,nan,0.000000e+00,0.000000e+00,0.0000,0.0000,0
50,features.6,164,pruned_before,nan,0.000000e+00,0.000000e+00,0.0000,0.0000,0
50,features.6,165,pruned_before,nan,0.000000e+00,0.000000e+00,0.0000,0.0000,0
50,features.6,166,pruned_before,nan,0.000000e+00,0.000000e+00,0.0000,0.0000,0
50,features.6,167,pruned_before,nan,0.000000e+00,0.000000e+00,0.0000,0.0000,0
50,features.6,168,pruned_before,nan,0.000000e+00,0.000000e+00,0.0000,0.0000,0
50,features.6,169,pruned_before,nan,0.000000e+00,0.000000e+00,0.0000,0.0000,0
50,features.6,170,pruned_before,nan,0.000000e+00,0.000000e+00,0.0000,0.0000,0
50,features.6,171,pruned_before,nan,0.000000e+00,0.000000e+00,0.0000,0.0000,0
50,features.6,172,pruned_before,nan,0.000000e+00,0.000000e+00,0.0000,0.0000,0
50,features.6,173,pruned_before,nan,0.000000e+00,0.000000e+00,0.0000,0.0000,0
50,features.6,174,pruned_before,nan,0.000000e+00,0.000000e+00,0.0000,0.0000,0
50,features.6,175,pruned_before,nan,0.000000e+00,0.000000e+00,0.0000,0.0000,0
50,features.6,176,pruned_before,nan,0.000000e+00,0.000000e+00,0.0000,0.0000,0
50,features.6,177,pruned_before,nan,0.000000e+00,0.000000e+00,0.0000,0.0000,0
50,features.6,178,pruned_before,nan,0.000000e+00,0.000000e+00,0.0000,0.0000,0
50,features.6,179,pruned_before,nan,0.000000e+00,0.000000e+00,0.0000,0.0000,0
50,features.6,180,pruned_before,nan,0.000000e+00,0.000000e+00,0.0000,0.0000,0
50,features.6,181,pruned_before,nan,0.000000e+00,0.000000e+00,0.0000,0.0000,0
50,features.6,182,pruned_before,nan,0.000000e+00,0.000000e+00,0.0000,0.0000,0
50,features.6,183,pruned_before,nan,0.000000e+00,0.000000e+00,0.0000,0.0000,0
50,features.6,184,pruned_before,nan,0.000000e+00,0.000000e+00,0.0000,0.0000,0
50,features.6,185,pruned_before,nan,0.000000e+00,0.000000e+00,0.0000,0.0000,0
50,features.6,186,pruned_before,nan,0.000000e+00,0.000000e+00,0.0000,0.0000,0
50,features.6,187,pruned_before,nan,0.000000e+00,0.000000e+00,0.0000,0.0000,0
50,features.6,188,pruned_before,nan,0.000000e+00,0.000000e+00,0.0000,0.0000,0
50,features.6,189,pruned_before,nan,0.000000e+00,0.000000e+00,0.0000,0.0000,0
50,features.6,190,pruned_before,nan,0.000000e+00,0.000000e+00,0.0000,0.0000,0
50,features.6,191,pruned_before,nan,0.000000e+00,0.000000e+00,0.0000,0.0000,0
50,features.7,0,active,0.042810,9.868163e-07,1.561842e-06,0.1378,0.0629,105
50,features.7,1,active,0.117756,7.859520e-07,3.552810e-06,0.1098,0.1430,105
50,features.7,2,active,0.277326,4.443716e-07,7.825029e-06,0.0621,0.3150,105
50,features.7,3,active,0.019691,6.218777e-07,7.831530e-07,0.0869,0.0315,105
50,features.7,4,active,0.490123,1.572325e-06,1.413265e-05,0.2196,0.5690,105
50,features.7,5,active,0.042762,9.941716e-07,1.563356e-06,0.1388,0.0629,105
50,features.7,6,active,0.079075,8.528697e-07,2.511070e-06,0.1191,0.1011,105
50,features.7,7,pruned_before,nan,0.000000e+00,0.000000e+00,0.0000,0.0000,0
50,features.7,8,active,0.074519,1.064986e-06,2.467090e-06,0.1487,0.0993,105
50,features.7,9,active,0.024062,1.310018e-06,1.169009e-06,0.1830,0.0471,105
50,features.7,10,active,0.021749,1.485220e-06,1.172703e-06,0.2074,0.0472,105
50,features.7,11,active,0.037119,1.404464e-06,1.565769e-06,0.1962,0.0630,105
50,features.7,12,active,0.082952,3.498796e-06,3.637955e-06,0.4887,0.1465,105
50,features.7,13,active,0.029561,2.694042e-07,9.196863e-07,0.0376,0.0370,105
50,features.7,14,active,0.130145,5.470620e-07,3.802649e-06,0.0764,0.1531,105
50,features.7,15,active,0.025225,2.863910e-07,8.065593e-07,0.0400,0.0325,105
50,features.7,16,pruned_before,nan,0.000000e+00,0.000000e+00,0.0000,0.0000,0
50,features.7,17,active,0.071900,8.142036e-07,2.298164e-06,0.1137,0.0925,105
50,features.7,18,active,0.053609,1.530318e-06,2.069391e-06,0.2137,0.0833,105
50,features.7,19,active,0.089592,3.301061e-06,3.744988e-06,0.4610,0.1508,105
50,features.7,20,active,0.107616,4.518932e-07,3.144197e-06,0.0631,0.1266,105
50,features.7,21,active,0.007025,5.027543e-07,3.876714e-07,0.0702,0.0156,105
50,features.7,22,active,0.633000,1.593838e-07,1.753122e-05,0.0223,0.7058,105
50,features.7,23,active,0.090086,4.826545e-07,2.672261e-06,0.0674,0.1076,105
50,features.7,24,pruned_before,nan,0.000000e+00,0.000000e+00,0.0000,0.0000,0
50,features.7,25,active,0.066040,5.614641e-08,1.844230e-06,0.0078,0.0742,105
50,features.7,26,active,0.241746,1.380219e-06,7.203798e-06,0.1928,0.2900,105
50,features.7,27,active,0.074893,1.812377e-06,2.765494e-06,0.2531,0.1113,105
50,features.7,28,active,0.111282,2.203060e-06,3.920368e-06,0.3077,0.1578,105
50,features.7,29,active,0.027687,9.816748e-07,1.142514e-06,0.1371,0.0460,105
50,features.7,30,pruned_before,nan,0.000000e+00,0.000000e+00,0.0000,0.0000,0
50,features.7,31,active,0.121938,1.921113e-06,4.105785e-06,0.2683,0.1653,105
50,features.7,32,active,0.025999,3.063981e-07,8.356290e-07,0.0428,0.0336,105
50,features.7,33,active,0.035603,1.258782e-06,1.467778e-06,0.1758,0.0591,105
50,features.7,34,active,0.030351,6.126513e-07,1.073776e-06,0.0856,0.0432,105
50,features.7,35,active,0.357599,1.083811e-07,9.910917e-06,0.0151,0.3990,105
50,features.7,36,active,0.096690,1.555068e-06,3.267884e-06,0.2172,0.1316,105
50,features.7,37,pruned_before,nan,0.000000e+00,0.000000e+00,0.0000,0.0000,0
50,features.7,38,active,0.069233,1.077119e-06,2.325879e-06,0.1504,0.0936,105
50,features.7,39,active,0.527792,2.714012e-06,1.561232e-05,0.3790,0.6286,105
50,features.7,40,active,0.034603,6.658125e-07,1.211634e-06,0.0930,0.0488,105
50,features.7,41,active,0.115897,3.364027e-07,3.328237e-06,0.0470,0.1340,105
50,features.7,42,active,0.016769,6.876899e-07,7.278726e-07,0.0960,0.0293,105
50,features.7,43,pruned_before,nan,0.000000e+00,0.000000e+00,0.0000,0.0000,0
50,features.7,44,active,0.057116,2.215984e-07,1.661733e-06,0.0309,0.0669,105
50,features.7,45,active,0.039340,4.860054e-08,1.104447e-06,0.0068,0.0445,105
50,features.7,46,active,0.021973,1.358207e-06,1.129929e-06,0.1897,0.0455,105
50,features.7,47,active,0.207457,1.704179e-06,6.382338e-06,0.2380,0.2570,105
50,features.7,48,active,0.086606,5.602579e-07,2.606144e-06,0.0782,0.1049,105
50,features.7,49,active,0.121175,2.117735e-06,4.160513e-06,0.2958,0.1675,105
50,features.7,50,active,0.037729,1.548052e-06,1.637949e-06,0.2162,0.0659,105
50,features.7,51,active,0.043894,1.676122e-06,1.857455e-06,0.2341,0.0748,105
50,features.7,52,active,0.071802,1.569096e-07,2.042088e-06,0.0219,0.0822,105
50,features.7,53,active,0.128049,8.151882e-08,3.565371e-06,0.0114,0.1435,105
50,features.7,54,pruned_before,nan,0.000000e+00,0.000000e+00,0.0000,0.0000,0
50,features.7,55,pruned_before,nan,0.000000e+00,0.000000e+00,0.0000,0.0000,0
50,features.7,56,pruned_before,nan,0.000000e+00,0.000000e+00,0.0000,0.0000,0
50,features.7,57,active,0.076909,1.803061e-07,2.192050e-06,0.0252,0.0883,105
50,features.7,58,active,0.169907,1.247294e-06,5.169938e-06,0.1742,0.2081,105
50,features.7,59,pruned_before,nan,0.000000e+00,0.000000e+00,0.0000,0.0000,0
50,features.7,60,active,0.075227,8.236874e-07,2.393640e-06,0.1150,0.0964,105
50,features.7,61,active,0.367432,4.457936e-07,1.031237e-05,0.0623,0.4152,105
50,features.7,62,pruned_before,nan,0.000000e+00,0.000000e+00,0.0000,0.0000,0
50,features.7,63,active,0.070181,2.095765e-07,2.017652e-06,0.0293,0.0812,105
50,features.7,64,active,0.109298,2.700563e-06,4.057377e-06,0.3772,0.1634,105
50,features.7,65,active,0.024540,3.075938e-07,7.958141e-07,0.0430,0.0320,105
50,features.7,66,active,0.034470,3.518549e-07,1.086951e-06,0.0491,0.0438,105
50,features.7,67,pruned_before,nan,0.000000e+00,0.000000e+00,0.0000,0.0000,0
50,features.7,68,active,0.164748,1.516013e-06,5.131122e-06,0.2117,0.2066,105
50,features.7,69,active,0.027239,1.741119e-07,8.188666e-07,0.0243,0.0330,105
50,features.7,70,active,0.181287,5.146728e-07,5.201602e-06,0.0719,0.2094,105
50,features.7,71,active,0.085309,1.125695e-06,2.788279e-06,0.1572,0.1123,105
50,features.7,72,active,0.065909,1.748783e-06,2.493043e-06,0.2442,0.1004,105
50,features.7,73,active,0.134063,1.113040e-06,4.128934e-06,0.1555,0.1662,105
50,features.7,74,pruned_before,nan,0.000000e+00,0.000000e+00,0.0000,0.0000,0
50,features.7,75,active,0.092556,5.446554e-07,2.764341e-06,0.0761,0.1113,105
50,features.7,76,active,0.092371,8.875517e-08,2.583500e-06,0.0124,0.1040,105
50,features.7,77,active,0.097726,4.705828e-08,2.715224e-06,0.0066,0.1093,105
50,features.7,78,active,0.780875,5.043597e-08,2.157032e-05,0.0070,0.8684,105
50,features.7,79,active,0.082263,1.336077e-06,2.785312e-06,0.1866,0.1121,105
50,features.7,80,active,0.071040,1.066357e-06,2.371613e-06,0.1489,0.0955,105
50,features.7,81,active,0.054578,2.698019e-06,2.546213e-06,0.3768,0.1025,105
50,features.7,82,active,0.079689,6.417699e-07,2.446651e-06,0.0896,0.0985,105
50,features.7,83,active,0.199510,3.485778e-07,5.640523e-06,0.0487,0.2271,105
50,features.7,84,active,0.144053,1.491112e-06,4.550376e-06,0.2083,0.1832,105
50,features.7,85,active,0.073748,1.238464e-07,2.083067e-06,0.0173,0.0839,105
50,features.7,86,pruned_before,nan,0.000000e+00,0.000000e+00,0.0000,0.0000,0
50,features.7,87,active,0.062692,9.119266e-07,2.081710e-06,0.1274,0.0838,105
50,features.7,88,active,0.088012,3.381395e-07,2.559331e-06,0.0472,0.1030,105
50,features.7,89,active,0.068738,3.179501e-07,2.019619e-06,0.0444,0.0813,105
50,features.7,90,active,0.030926,7.363035e-07,1.137320e-06,0.1028,0.0458,105
50,features.7,91,active,0.018020,1.972480e-06,1.257619e-06,0.2755,0.0506,105
50,features.7,92,active,0.117991,1.007458e-06,3.644685e-06,0.1407,0.1467,105
50,features.7,93,active,0.054462,2.031180e-06,2.285964e-06,0.2837,0.0920,105
50,features.7,94,active,0.225755,4.949360e-07,6.421249e-06,0.0691,0.2585,105
50,features.7,95,active,0.088119,4.676536e-09,2.433756e-06,0.0007,0.0980,105
50,features.7,96,active,0.015120,9.034607e-07,7.655348e-07,0.1262,0.0308,105
50,features.7,97,active,0.100478,4.742814e-07,2.955833e-06,0.0662,0.1190,105
50,features.7,98,active,0.061665,1.533322e-06,2.292878e-06,0.2141,0.0923,105
50,features.7,99,active,0.037572,1.349843e-06,1.557210e-06,0.1885,0.0627,105
50,features.7,100,active,0.226416,7.160089e-06,9.008560e-06,1.0000,0.3627,105
50,features.7,101,active,0.350225,4.103742e-07,9.823813e-06,0.0573,0.3955,105
50,features.7,102,active,0.026443,2.105233e-07,8.109339e-07,0.0294,0.0326,105
50,features.7,103,active,0.071079,3.547168e-07,2.098393e-06,0.0495,0.0845,105
50,features.7,104,pruned_before,nan,0.000000e+00,0.000000e+00,0.0000,0.0000,0
50,features.7,105,active,0.051620,6.804053e-07,1.686877e-06,0.0950,0.0679,105
50,features.7,106,pruned_before,nan,0.000000e+00,0.000000e+00,0.0000,0.0000,0
50,features.7,107,active,0.295658,1.502417e-06,8.738783e-06,0.2098,0.3518,105
50,features.7,108,active,0.021309,1.085095e-06,1.006346e-06,0.1515,0.0405,105
50,features.7,109,active,0.028065,1.420746e-06,1.322161e-06,0.1984,0.0532,105
50,features.7,110,active,0.131601,3.553461e-07,3.768956e-06,0.0496,0.1517,105
50,features.7,111,active,0.151393,2.213284e-06,5.031317e-06,0.3091,0.2026,105
50,features.7,112,active,0.201878,4.887833e-07,5.759912e-06,0.0683,0.2319,105
50,features.7,113,active,0.211074,5.191779e-07,6.025411e-06,0.0725,0.2426,105
50,features.7,114,active,0.052081,2.882835e-06,2.548534e-06,0.4026,0.1026,105
50,features.7,115,pruned_before,nan,0.000000e+00,0.000000e+00,0.0000,0.0000,0
50,features.7,116,active,0.028322,6.725872e-07,1.040879e-06,0.0939,0.0419,105
50,features.7,117,active,0.030292,4.463164e-07,1.008054e-06,0.0623,0.0406,105
50,features.7,118,active,0.143246,1.096203e-06,4.375896e-06,0.1531,0.1762,105
50,features.7,119,pruned_before,nan,0.000000e+00,0.000000e+00,0.0000,0.0000,0
50,features.7,120,active,0.039693,7.833945e-07,1.397420e-06,0.1094,0.0563,105
50,features.7,121,active,0.047310,5.516033e-07,1.518284e-06,0.0770,0.0611,105
50,features.7,122,active,0.075437,7.164305e-07,2.358084e-06,0.1001,0.0949,105
50,features.7,123,active,0.017155,8.497801e-07,8.010092e-07,0.1187,0.0322,105
50,features.7,124,pruned_before,nan,0.000000e+00,0.000000e+00,0.0000,0.0000,0
50,features.7,125,active,0.105046,2.472033e-06,3.851949e-06,0.3453,0.1551,105
50,features.7,126,active,0.097741,1.000688e-06,3.083215e-06,0.1398,0.1241,105
50,features.7,127,active,0.083123,8.849790e-07,2.635182e-06,0.1236,0.1061,105
50,features.7,128,active,0.170872,2.351327e-06,5.622116e-06,0.3284,0.2263,105
50,features.7,129,pruned_before,nan,0.000000e+00,0.000000e+00,0.0000,0.0000,0
50,features.7,130,active,0.065722,1.148681e-06,2.256572e-06,0.1604,0.0908,105
50,features.7,131,active,0.004659,2.972679e-07,2.431708e-07,0.0415,0.0098,105
50,features.7,132,active,0.069612,1.516536e-06,2.505731e-06,0.2118,0.1009,105
50,features.7,133,active,0.024341,3.754045e-07,8.164765e-07,0.0524,0.0329,105
50,features.7,134,active,0.044558,4.235942e-07,1.393000e-06,0.0592,0.0561,105
50,features.7,135,active,0.068204,5.046167e-07,2.076831e-06,0.0705,0.0836,105
50,features.7,136,active,0.121688,1.066614e-06,3.769525e-06,0.1490,0.1518,105
50,features.7,137,active,0.020975,2.722692e-07,6.838201e-07,0.0380,0.0275,105
50,features.7,138,active,0.120140,5.102142e-06,5.282275e-06,0.7126,0.2127,105
50,features.7,139,active,0.025826,1.625091e-08,7.190325e-07,0.0023,0.0289,105
50,features.7,140,active,0.136934,5.674879e-07,3.997881e-06,0.0793,0.1610,105
50,features.7,141,active,0.019133,2.534303e-08,5.378162e-07,0.0035,0.0217,105
50,features.7,142,active,0.009773,1.553903e-08,2.757033e-07,0.0022,0.0111,105
50,features.7,143,active,-0.000303,1.060698e-06,4.004761e-07,0.1481,0.0161,105
50,features.7,144,pruned_before,nan,0.000000e+00,0.000000e+00,0.0000,0.0000,0
50,features.7,145,active,0.135772,2.654347e-06,4.770210e-06,0.3707,0.1920,105
50,features.7,146,active,0.089620,3.338329e-06,3.760124e-06,0.4662,0.1514,105
50,features.7,147,active,0.122840,1.637805e-06,4.021475e-06,0.2287,0.1619,105
50,features.7,148,active,0.046989,1.787031e-07,1.365692e-06,0.0250,0.0550,105
50,features.7,149,active,0.178510,3.058212e-07,5.044473e-06,0.0427,0.2031,105
50,features.7,150,active,0.342363,4.750656e-07,9.631791e-06,0.0663,0.3878,105
50,features.7,151,pruned_before,nan,0.000000e+00,0.000000e+00,0.0000,0.0000,0
50,features.7,152,active,0.013516,8.250726e-07,6.910499e-07,0.1152,0.0278,105
50,features.7,153,active,0.024334,7.752612e-07,9.704033e-07,0.1083,0.0391,105
50,features.7,154,active,0.037695,3.854750e-07,1.188897e-06,0.0538,0.0479,105
50,features.7,155,active,0.021441,6.323209e-07,8.354546e-07,0.0883,0.0336,105
50,features.7,156,protected,0.892794,5.159866e-07,2.483854e-05,0.0721,1.0000,105
50,features.7,157,active,0.073928,6.673088e-07,2.297519e-06,0.0932,0.0925,105
50,features.7,158,active,0.089873,9.664931e-07,2.852875e-06,0.1350,0.1149,105
50,features.7,159,active,0.166318,8.574818e-07,4.920628e-06,0.1198,0.1981,105
50,features.7,160,active,0.058506,6.478012e-07,1.864358e-06,0.0905,0.0751,105
50,features.7,161,active,0.029549,1.129788e-06,1.250992e-06,0.1578,0.0504,105
50,features.7,162,pruned_before,nan,0.000000e+00,0.000000e+00,0.0000,0.0000,0
50,features.7,163,active,0.039885,1.093193e-06,1.522138e-06,0.1527,0.0613,105
50,features.7,164,active,0.195046,1.153116e-06,5.827420e-06,0.1610,0.2346,105
50,features.7,165,active,0.087097,1.364739e-06,2.929781e-06,0.1906,0.1180,105
50,features.7,166,active,0.075380,9.826073e-07,2.459104e-06,0.1372,0.0990,105
50,features.7,167,active,0.085128,1.334897e-06,2.863918e-06,0.1864,0.1153,105
50,features.7,168,active,0.034424,1.071724e-06,1.363145e-06,0.1497,0.0549,105
50,features.7,169,pruned_before,nan,0.000000e+00,0.000000e+00,0.0000,0.0000,0
50,features.7,170,active,0.069840,2.283006e-06,2.807458e-06,0.3189,0.1130,105
50,features.7,171,active,0.180901,9.609992e-07,5.363001e-06,0.1342,0.2159,105
50,features.7,172,pruned_before,nan,0.000000e+00,0.000000e+00,0.0000,0.0000,0
50,features.7,173,active,0.038371,4.747013e-07,1.241942e-06,0.0663,0.0500,105
50,features.7,174,pruned_before,nan,0.000000e+00,0.000000e+00,0.0000,0.0000,0
50,features.7,175,active,0.041950,4.163767e-07,1.318252e-06,0.0582,0.0531,105
50,features.7,176,active,0.021025,7.516154e-07,8.699548e-07,0.1050,0.0350,105
50,features.7,177,active,0.177059,3.669792e-07,5.028004e-06,0.0513,0.2024,105
50,features.7,178,active,0.061125,2.748369e-06,2.746304e-06,0.3838,0.1106,105
50,features.7,179,active,0.269199,1.551511e-06,8.027484e-06,0.2167,0.3232,105
50,features.7,180,active,0.025871,3.214165e-07,8.378893e-07,0.0449,0.0337,105
50,features.7,181,pruned_before,nan,0.000000e+00,0.000000e+00,0.0000,0.0000,0
50,features.7,182,pruned_before,nan,0.000000e+00,0.000000e+00,0.0000,0.0000,0
50,features.7,183,active,0.018127,9.008282e-07,8.475090e-07,0.1258,0.0341,105
50,features.7,184,active,0.050887,1.252311e-06,1.887105e-06,0.1749,0.0760,105
50,features.7,185,active,0.061519,7.337001e-07,1.980638e-06,0.1025,0.0797,105
50,features.7,186,active,0.052797,1.172219e-06,1.908936e-06,0.1637,0.0769,105
50,features.7,187,active,0.041765,2.090241e-08,1.160705e-06,0.0029,0.0467,105
50,features.7,188,active,0.027543,1.756286e-07,8.278346e-07,0.0245,0.0333,105
50,features.7,189,active,0.057226,4.423816e-07,1.749853e-06,0.0618,0.0704,105
50,features.7,190,active,0.274570,1.791026e-06,8.268029e-06,0.2501,0.3329,105
50,features.7,191,pruned_before,nan,0.000000e+00,0.000000e+00,0.0000,0.0000,0
50,features.8,0,active,0.013519,3.532258e-09,1.147283e-06,0.0041,0.0155,137
50,features.8,1,pruned_before,nan,0.000000e+00,0.000000e+00,0.0000,0.0000,0
50,features.8,2,active,0.020467,4.480989e-08,2.114322e-06,0.0520,0.0285,137
50,features.8,3,active,0.080371,3.488837e-07,9.956632e-06,0.4051,0.1343,137
50,features.8,4,active,0.061593,3.973454e-08,5.453147e-06,0.0461,0.0736,137
50,features.8,5,pruned_before,nan,0.000000e+00,0.000000e+00,0.0000,0.0000,0
50,features.8,6,active,0.061705,1.548884e-07,6.563790e-06,0.1799,0.0885,137
50,features.8,7,pruned_before,nan,0.000000e+00,0.000000e+00,0.0000,0.0000,0
50,features.8,8,pruned_before,nan,0.000000e+00,0.000000e+00,0.0000,0.0000,0
50,features.8,9,pruned_before,nan,0.000000e+00,0.000000e+00,0.0000,0.0000,0
50,features.8,10,active,0.023670,1.938462e-08,2.134953e-06,0.0225,0.0288,137
50,features.8,11,active,0.165055,1.922385e-08,1.377866e-05,0.0223,0.1859,137
50,features.8,12,active,0.047960,6.792042e-08,4.599853e-06,0.0789,0.0621,137
50,features.8,13,pruned_before,nan,0.000000e+00,0.000000e+00,0.0000,0.0000,0
50,features.8,14,pruned_before,nan,0.000000e+00,0.000000e+00,0.0000,0.0000,0
50,features.8,15,pruned_before,nan,0.000000e+00,0.000000e+00,0.0000,0.0000,0
50,features.8,16,active,0.013242,1.001634e-08,1.186478e-06,0.0116,0.0160,137
50,features.8,17,pruned_before,nan,0.000000e+00,0.000000e+00,0.0000,0.0000,0
50,features.8,18,active,0.030333,4.445820e-08,2.923608e-06,0.0516,0.0394,137
50,features.8,19,pruned_before,nan,0.000000e+00,0.000000e+00,0.0000,0.0000,0
50,features.8,20,pruned_before,nan,0.000000e+00,0.000000e+00,0.0000,0.0000,0
50,features.8,21,pruned_before,nan,0.000000e+00,0.000000e+00,0.0000,0.0000,0
50,features.8,22,active,0.038245,4.399775e-08,3.570911e-06,0.0511,0.0482,137
50,features.8,23,pruned_before,nan,0.000000e+00,0.000000e+00,0.0000,0.0000,0
50,features.8,24,pruned_before,nan,0.000000e+00,0.000000e+00,0.0000,0.0000,0
50,features.8,25,pruned_before,nan,0.000000e+00,0.000000e+00,0.0000,0.0000,0
50,features.8,26,pruned_before,nan,0.000000e+00,0.000000e+00,0.0000,0.0000,0
50,features.8,27,pruned_before,nan,0.000000e+00,0.000000e+00,0.0000,0.0000,0
50,features.8,28,active,0.021767,7.009680e-08,2.463248e-06,0.0814,0.0332,137
50,features.8,29,pruned_before,nan,0.000000e+00,0.000000e+00,0.0000,0.0000,0
50,features.8,30,active,0.478833,1.179354e-07,4.056719e-05,0.1369,0.5473,137
50,features.8,31,active,0.090155,1.313711e-07,8.682108e-06,0.1526,0.1171,137
50,features.8,32,pruned_before,nan,0.000000e+00,0.000000e+00,0.0000,0.0000,0
50,features.8,33,pruned_before,nan,0.000000e+00,0.000000e+00,0.0000,0.0000,0
50,features.8,34,active,0.021883,9.917213e-08,2.750887e-06,0.1152,0.0371,137
50,features.8,35,pruned_before,nan,0.000000e+00,0.000000e+00,0.0000,0.0000,0
50,features.8,36,pruned_before,nan,0.000000e+00,0.000000e+00,0.0000,0.0000,0
50,features.8,37,pruned_before,nan,0.000000e+00,0.000000e+00,0.0000,0.0000,0
50,features.8,38,active,0.044681,4.303477e-08,4.091746e-06,0.0500,0.0552,137
50,features.8,39,pruned_before,nan,0.000000e+00,0.000000e+00,0.0000,0.0000,0
50,features.8,40,pruned_before,nan,0.000000e+00,0.000000e+00,0.0000,0.0000,0
50,features.8,41,active,0.039832,6.004556e-09,3.338203e-06,0.0070,0.0450,137
50,features.8,42,active,0.067411,4.010382e-08,5.935924e-06,0.0466,0.0801,137
50,features.8,43,active,0.722018,4.447881e-08,5.989461e-05,0.0516,0.8080,137
50,features.8,44,pruned_before,nan,0.000000e+00,0.000000e+00,0.0000,0.0000,0
50,features.8,45,active,0.017363,7.529074e-08,2.150238e-06,0.0874,0.0290,137
50,features.8,46,pruned_before,nan,0.000000e+00,0.000000e+00,0.0000,0.0000,0
50,features.8,47,active,0.035049,9.590091e-09,2.978551e-06,0.0111,0.0402,137
50,features.8,48,pruned_before,nan,0.000000e+00,0.000000e+00,0.0000,0.0000,0
50,features.8,49,pruned_before,nan,0.000000e+00,0.000000e+00,0.0000,0.0000,0
50,features.8,50,active,0.029676,9.691390e-08,3.371220e-06,0.1125,0.0455,137
50,features.8,51,active,0.074124,3.502846e-08,6.440303e-06,0.0407,0.0869,137
50,features.8,52,pruned_before,nan,0.000000e+00,0.000000e+00,0.0000,0.0000,0
50,features.8,53,pruned_before,nan,0.000000e+00,0.000000e+00,0.0000,0.0000,0
50,features.8,54,active,0.043380,7.964547e-08,4.334760e-06,0.0925,0.0585,137
50,features.8,55,active,0.027305,3.780779e-08,2.610556e-06,0.0439,0.0352,137
50,features.8,56,pruned_before,nan,0.000000e+00,0.000000e+00,0.0000,0.0000,0
50,features.8,57,active,0.486608,3.134566e-08,4.037941e-05,0.0364,0.5447,137
50,features.8,58,active,0.006899,4.712160e-08,1.018898e-06,0.0547,0.0137,137
50,features.8,59,active,0.013586,3.800994e-08,1.482555e-06,0.0441,0.0200,137
50,features.8,60,pruned_before,nan,0.000000e+00,0.000000e+00,0.0000,0.0000,0
50,features.8,61,active,0.250694,1.003566e-08,2.074448e-05,0.0117,0.2798,137
50,features.8,62,pruned_before,nan,0.000000e+00,0.000000e+00,0.0000,0.0000,0
50,features.8,63,active,0.115957,5.452311e-07,1.476570e-05,0.6331,0.1992,137
50,features.8,64,active,0.078181,6.795824e-08,7.089384e-06,0.0789,0.0956,137
50,features.8,65,pruned_before,nan,0.000000e+00,0.000000e+00,0.0000,0.0000,0
50,features.8,66,active,0.063219,1.286734e-08,5.330143e-06,0.0149,0.0719,137
50,features.8,67,pruned_before,nan,0.000000e+00,0.000000e+00,0.0000,0.0000,0
50,features.8,68,pruned_before,nan,0.000000e+00,0.000000e+00,0.0000,0.0000,0
50,features.8,69,pruned_before,nan,0.000000e+00,0.000000e+00,0.0000,0.0000,0
50,features.8,70,active,0.113950,4.126380e-08,9.780169e-06,0.0479,0.1319,137
50,features.8,71,active,0.020544,2.958213e-09,1.720407e-06,0.0034,0.0232,137
50,features.8,72,pruned_before,nan,0.000000e+00,0.000000e+00,0.0000,0.0000,0
50,features.8,73,active,0.027636,1.676197e-08,2.436544e-06,0.0195,0.0329,137
50,features.8,74,pruned_before,nan,0.000000e+00,0.000000e+00,0.0000,0.0000,0
50,features.8,75,active,0.158217,7.015095e-08,1.370253e-05,0.0815,0.1848,137
50,features.8,76,pruned_before,nan,0.000000e+00,0.000000e+00,0.0000,0.0000,0
50,features.8,77,active,0.022235,1.906384e-07,3.654716e-06,0.2214,0.0493,137
50,features.8,78,pruned_before,nan,0.000000e+00,0.000000e+00,0.0000,0.0000,0
50,features.8,79,pruned_before,nan,0.000000e+00,0.000000e+00,0.0000,0.0000,0
50,features.8,80,pruned_before,nan,0.000000e+00,0.000000e+00,0.0000,0.0000,0
50,features.8,81,pruned_before,nan,0.000000e+00,0.000000e+00,0.0000,0.0000,0
50,features.8,82,pruned_before,nan,0.000000e+00,0.000000e+00,0.0000,0.0000,0
50,features.8,83,active,0.063591,1.137612e-08,5.346490e-06,0.0132,0.0721,137
50,features.8,84,active,0.037088,4.554616e-08,3.490399e-06,0.0529,0.0471,137
50,features.8,85,pruned_before,nan,0.000000e+00,0.000000e+00,0.0000,0.0000,0
50,features.8,86,pruned_before,nan,0.000000e+00,0.000000e+00,0.0000,0.0000,0
50,features.8,87,pruned_before,nan,0.000000e+00,0.000000e+00,0.0000,0.0000,0
50,features.8,88,pruned_before,nan,0.000000e+00,0.000000e+00,0.0000,0.0000,0
50,features.8,89,active,0.068191,9.275404e-08,6.503672e-06,0.1077,0.0877,137
50,features.8,90,pruned_before,nan,0.000000e+00,0.000000e+00,0.0000,0.0000,0
50,features.8,91,pruned_before,nan,0.000000e+00,0.000000e+00,0.0000,0.0000,0
50,features.8,92,pruned_before,nan,0.000000e+00,0.000000e+00,0.0000,0.0000,0
50,features.8,93,pruned_before,nan,0.000000e+00,0.000000e+00,0.0000,0.0000,0
50,features.8,94,pruned_before,nan,0.000000e+00,0.000000e+00,0.0000,0.0000,0
50,features.8,95,pruned_before,nan,0.000000e+00,0.000000e+00,0.0000,0.0000,0
50,features.8,96,active,0.065376,4.332294e-08,5.799059e-06,0.0503,0.0782,137
50,features.8,97,pruned_before,nan,0.000000e+00,0.000000e+00,0.0000,0.0000,0
50,features.8,98,pruned_before,nan,0.000000e+00,0.000000e+00,0.0000,0.0000,0
50,features.8,99,pruned_before,nan,0.000000e+00,0.000000e+00,0.0000,0.0000,0
50,features.8,100,active,0.010367,9.332869e-09,9.431432e-07,0.0108,0.0127,137
50,features.8,101,pruned_before,nan,0.000000e+00,0.000000e+00,0.0000,0.0000,0
50,features.8,102,pruned_before,nan,0.000000e+00,0.000000e+00,0.0000,0.0000,0
50,features.8,103,pruned_before,nan,0.000000e+00,0.000000e+00,0.0000,0.0000,0
50,features.8,104,active,0.184051,1.591538e-08,1.531167e-05,0.0185,0.2066,137
50,features.8,105,active,0.043280,3.674669e-08,3.916256e-06,0.0427,0.0528,137
50,features.8,106,pruned_before,nan,0.000000e+00,0.000000e+00,0.0000,0.0000,0
50,features.8,107,pruned_before,nan,0.000000e+00,0.000000e+00,0.0000,0.0000,0
50,features.8,108,pruned_before,nan,0.000000e+00,0.000000e+00,0.0000,0.0000,0
50,features.8,109,pruned_before,nan,0.000000e+00,0.000000e+00,0.0000,0.0000,0
50,features.8,110,pruned_before,nan,0.000000e+00,0.000000e+00,0.0000,0.0000,0
50,features.8,111,pruned_before,nan,0.000000e+00,0.000000e+00,0.0000,0.0000,0
50,features.8,112,pruned_before,nan,0.000000e+00,0.000000e+00,0.0000,0.0000,0
50,features.8,113,pruned_before,nan,0.000000e+00,0.000000e+00,0.0000,0.0000,0
50,features.8,114,pruned_before,nan,0.000000e+00,0.000000e+00,0.0000,0.0000,0
50,features.8,115,active,0.061814,4.397259e-09,5.133369e-06,0.0051,0.0692,137
50,features.8,116,active,0.082001,2.607690e-08,7.003423e-06,0.0303,0.0945,137
50,features.8,117,active,0.009232,1.944314e-08,9.463986e-07,0.0226,0.0128,137
50,features.8,118,active,0.089320,9.493141e-08,8.264799e-06,0.1102,0.1115,137
50,features.8,119,pruned_before,nan,0.000000e+00,0.000000e+00,0.0000,0.0000,0
50,features.8,120,pruned_before,nan,0.000000e+00,0.000000e+00,0.0000,0.0000,0
50,features.8,121,active,0.289187,1.402188e-07,2.516009e-05,0.1628,0.3394,137
50,features.8,122,pruned_before,nan,0.000000e+00,0.000000e+00,0.0000,0.0000,0
50,features.8,123,pruned_before,nan,0.000000e+00,0.000000e+00,0.0000,0.0000,0
50,features.8,124,pruned_before,nan,0.000000e+00,0.000000e+00,0.0000,0.0000,0
50,features.8,125,pruned_before,nan,0.000000e+00,0.000000e+00,0.0000,0.0000,0
50,features.8,126,pruned_before,nan,0.000000e+00,0.000000e+00,0.0000,0.0000,0
50,features.8,127,pruned_before,nan,0.000000e+00,0.000000e+00,0.0000,0.0000,0
50,features.8,128,pruned_before,nan,0.000000e+00,0.000000e+00,0.0000,0.0000,0
50,features.8,129,pruned_before,nan,0.000000e+00,0.000000e+00,0.0000,0.0000,0
50,features.8,130,pruned_before,nan,0.000000e+00,0.000000e+00,0.0000,0.0000,0
50,features.8,131,pruned_before,nan,0.000000e+00,0.000000e+00,0.0000,0.0000,0
50,features.8,132,pruned_before,nan,0.000000e+00,0.000000e+00,0.0000,0.0000,0
50,features.8,133,active,0.026252,6.493709e-08,2.783322e-06,0.0754,0.0375,137
50,features.8,134,pruned_before,nan,0.000000e+00,0.000000e+00,0.0000,0.0000,0
50,features.8,135,active,0.007318,2.818023e-08,8.722429e-07,0.0327,0.0118,137
50,features.8,136,active,0.069322,4.086244e-08,6.100525e-06,0.0475,0.0823,137
50,features.8,137,pruned_before,nan,0.000000e+00,0.000000e+00,0.0000,0.0000,0
50,features.8,138,pruned_before,nan,0.000000e+00,0.000000e+00,0.0000,0.0000,0
50,features.8,139,pruned_before,nan,0.000000e+00,0.000000e+00,0.0000,0.0000,0
50,features.8,140,active,0.034092,1.466894e-08,2.948268e-06,0.0170,0.0398,137
50,features.8,141,pruned_before,nan,0.000000e+00,0.000000e+00,0.0000,0.0000,0
50,features.8,142,active,0.020233,5.407595e-08,2.183718e-06,0.0628,0.0295,137
50,features.8,143,pruned_before,nan,0.000000e+00,0.000000e+00,0.0000,0.0000,0
50,features.8,144,pruned_before,nan,0.000000e+00,0.000000e+00,0.0000,0.0000,0
50,features.8,145,pruned_before,nan,0.000000e+00,0.000000e+00,0.0000,0.0000,0
50,features.8,146,active,0.019684,4.350881e-08,2.037405e-06,0.0505,0.0275,137
50,features.8,147,pruned_before,nan,0.000000e+00,0.000000e+00,0.0000,0.0000,0
50,features.8,148,pruned_before,nan,0.000000e+00,0.000000e+00,0.0000,0.0000,0
50,features.8,149,pruned_before,nan,0.000000e+00,0.000000e+00,0.0000,0.0000,0
50,features.8,150,pruned_before,nan,0.000000e+00,0.000000e+00,0.0000,0.0000,0
50,features.8,151,pruned_before,nan,0.000000e+00,0.000000e+00,0.0000,0.0000,0
50,features.8,152,active,0.012583,2.301410e-08,1.256480e-06,0.0267,0.0169,137
50,features.8,153,pruned_before,nan,0.000000e+00,0.000000e+00,0.0000,0.0000,0
50,features.8,154,active,0.017314,4.123020e-09,1.465544e-06,0.0048,0.0198,137
50,features.8,155,pruned_before,nan,0.000000e+00,0.000000e+00,0.0000,0.0000,0
50,features.8,156,pruned_before,nan,0.000000e+00,0.000000e+00,0.0000,0.0000,0
50,features.8,157,pruned_before,nan,0.000000e+00,0.000000e+00,0.0000,0.0000,0
50,features.8,158,pruned_before,nan,0.000000e+00,0.000000e+00,0.0000,0.0000,0
50,features.8,159,pruned_before,nan,0.000000e+00,0.000000e+00,0.0000,0.0000,0
50,features.8,160,pruned_before,nan,0.000000e+00,0.000000e+00,0.0000,0.0000,0
50,features.8,161,pruned_before,nan,0.000000e+00,0.000000e+00,0.0000,0.0000,0
50,features.8,162,pruned_before,nan,0.000000e+00,0.000000e+00,0.0000,0.0000,0
50,features.8,163,pruned_before,nan,0.000000e+00,0.000000e+00,0.0000,0.0000,0
50,features.8,164,active,0.019139,6.728040e-08,2.219868e-06,0.0781,0.0299,137
50,features.8,165,active,0.033249,1.002130e-07,3.697029e-06,0.1164,0.0499,137
50,features.8,166,pruned_before,nan,0.000000e+00,0.000000e+00,0.0000,0.0000,0
50,features.8,167,active,0.286029,3.931037e-07,2.731864e-05,0.4565,0.3685,137
50,features.8,168,pruned_before,nan,0.000000e+00,0.000000e+00,0.0000,0.0000,0
50,features.8,169,active,0.044075,2.722691e-08,3.890656e-06,0.0316,0.0525,137
50,features.8,170,pruned_before,nan,0.000000e+00,0.000000e+00,0.0000,0.0000,0
50,features.8,171,pruned_before,nan,0.000000e+00,0.000000e+00,0.0000,0.0000,0
50,features.8,172,active,0.075854,1.017813e-07,7.221189e-06,0.1182,0.0974,137
50,features.8,173,active,0.038915,5.871964e-08,3.766826e-06,0.0682,0.0508,137
50,features.8,174,active,0.027658,1.613183e-07,3.820961e-06,0.1873,0.0515,137
50,features.8,175,pruned_before,nan,0.000000e+00,0.000000e+00,0.0000,0.0000,0
50,features.8,176,active,0.185557,1.092169e-07,1.632808e-05,0.1268,0.2203,137
50,features.8,177,active,0.009412,1.032168e-07,1.762451e-06,0.1199,0.0238,137
50,features.8,178,pruned_before,nan,0.000000e+00,0.000000e+00,0.0000,0.0000,0
50,features.8,179,pruned_before,nan,0.000000e+00,0.000000e+00,0.0000,0.0000,0
50,features.8,180,active,0.002029,5.152640e-08,6.599784e-07,0.0598,0.0089,137
50,features.8,181,pruned_before,nan,0.000000e+00,0.000000e+00,0.0000,0.0000,0
50,features.8,182,pruned_before,nan,0.000000e+00,0.000000e+00,0.0000,0.0000,0
50,features.8,183,pruned_before,nan,0.000000e+00,0.000000e+00,0.0000,0.0000,0
50,features.8,184,active,0.068265,3.814461e-08,5.987472e-06,0.0443,0.0808,137
50,features.8,185,pruned_before,nan,0.000000e+00,0.000000e+00,0.0000,0.0000,0
50,features.8,186,pruned_before,nan,0.000000e+00,0.000000e+00,0.0000,0.0000,0
50,features.8,187,active,0.062604,7.832217e-08,5.905526e-06,0.0909,0.0797,137
50,features.8,188,pruned_before,nan,0.000000e+00,0.000000e+00,0.0000,0.0000,0
50,features.8,189,protected,0.800000,8.611606e-07,7.412875e-05,1.0000,1.0000,137
50,features.8,190,pruned_before,nan,0.000000e+00,0.000000e+00,0.0000,0.0000,0
50,features.8,191,pruned_before,nan,0.000000e+00,0.000000e+00,0.0000,0.0000,0
50,features.8,192,active,0.151064,6.960205e-08,1.310816e-05,0.0808,0.1768,137
50,features.8,193,pruned_before,nan,0.000000e+00,0.000000e+00,0.0000,0.0000,0
50,features.8,194,pruned_before,nan,0.000000e+00,0.000000e+00,0.0000,0.0000,0
50,features.8,195,pruned_before,nan,0.000000e+00,0.000000e+00,0.0000,0.0000,0
50,features.8,196,pruned_before,nan,0.000000e+00,0.000000e+00,0.0000,0.0000,0
50,features.8,197,pruned_before,nan,0.000000e+00,0.000000e+00,0.0000,0.0000,0
50,features.8,198,pruned_before,nan,0.000000e+00,0.000000e+00,0.0000,0.0000,0
50,features.8,199,pruned_before,nan,0.000000e+00,0.000000e+00,0.0000,0.0000,0
50,features.8,200,active,0.101442,4.787456e-08,8.813225e-06,0.0556,0.1189,137
50,features.8,201,pruned_before,nan,0.000000e+00,0.000000e+00,0.0000,0.0000,0
50,features.8,202,pruned_before,nan,0.000000e+00,0.000000e+00,0.0000,0.0000,0
50,features.8,203,active,0.023860,1.868278e-08,2.143931e-06,0.0217,0.0289,137
50,features.8,204,pruned_before,nan,0.000000e+00,0.000000e+00,0.0000,0.0000,0
50,features.8,205,pruned_before,nan,0.000000e+00,0.000000e+00,0.0000,0.0000,0
50,features.8,206,active,0.035760,1.000383e-07,3.902217e-06,0.1162,0.0526,137
50,features.8,207,pruned_before,nan,0.000000e+00,0.000000e+00,0.0000,0.0000,0
50,features.8,208,active,0.019832,5.508664e-08,2.160339e-06,0.0640,0.0291,137
50,features.8,209,pruned_before,nan,0.000000e+00,0.000000e+00,0.0000,0.0000,0
50,features.8,210,active,0.014006,1.954846e-08,1.340555e-06,0.0227,0.0181,137
50,features.8,211,pruned_before,nan,0.000000e+00,0.000000e+00,0.0000,0.0000,0
50,features.8,212,pruned_before,nan,0.000000e+00,0.000000e+00,0.0000,0.0000,0
50,features.8,213,pruned_before,nan,0.000000e+00,0.000000e+00,0.0000,0.0000,0
50,features.8,214,pruned_before,nan,0.000000e+00,0.000000e+00,0.0000,0.0000,0
50,features.8,215,active,0.042193,4.222522e-08,3.879099e-06,0.0490,0.0523,137
50,features.8,216,pruned_before,nan,0.000000e+00,0.000000e+00,0.0000,0.0000,0
50,features.8,217,pruned_before,nan,0.000000e+00,0.000000e+00,0.0000,0.0000,0
50,features.8,218,pruned_before,nan,0.000000e+00,0.000000e+00,0.0000,0.0000,0
50,features.8,219,active,0.111441,6.301750e-08,9.781603e-06,0.0732,0.1320,137
50,features.8,220,pruned_before,nan,0.000000e+00,0.000000e+00,0.0000,0.0000,0
50,features.8,221,pruned_before,nan,0.000000e+00,0.000000e+00,0.0000,0.0000,0
50,features.8,222,active,0.138465,7.693948e-08,1.214057e-05,0.0893,0.1638,137
50,features.8,223,active,0.008312,2.984885e-08,9.701038e-07,0.0347,0.0131,137
50,features.8,224,pruned_before,nan,0.000000e+00,0.000000e+00,0.0000,0.0000,0
50,features.8,225,pruned_before,nan,0.000000e+00,0.000000e+00,0.0000,0.0000,0
50,features.8,226,pruned_before,nan,0.000000e+00,0.000000e+00,0.0000,0.0000,0
50,features.8,227,pruned_before,nan,0.000000e+00,0.000000e+00,0.0000,0.0000,0
50,features.8,228,pruned_before,nan,0.000000e+00,0.000000e+00,0.0000,0.0000,0
50,features.8,229,pruned_before,nan,0.000000e+00,0.000000e+00,0.0000,0.0000,0
50,features.8,230,pruned_before,nan,0.000000e+00,0.000000e+00,0.0000,0.0000,0
50,features.8,231,pruned_before,nan,0.000000e+00,0.000000e+00,0.0000,0.0000,0
50,features.8,232,pruned_before,nan,0.000000e+00,0.000000e+00,0.0000,0.0000,0
50,features.8,233,active,0.028532,4.411301e-08,2.771975e-06,0.0512,0.0374,137
50,features.8,234,pruned_before,nan,0.000000e+00,0.000000e+00,0.0000,0.0000,0
50,features.8,235,active,0.025432,3.897325e-08,2.467456e-06,0.0453,0.0333,137
50,features.8,236,pruned_before,nan,0.000000e+00,0.000000e+00,0.0000,0.0000,0
50,features.8,237,active,0.067657,9.784156e-08,6.508395e-06,0.1136,0.0878,137
50,features.8,238,pruned_before,nan,0.000000e+00,0.000000e+00,0.0000,0.0000,0
50,features.8,239,pruned_before,nan,0.000000e+00,0.000000e+00,0.0000,0.0000,0
50,features.8,240,pruned_before,nan,0.000000e+00,0.000000e+00,0.0000,0.0000,0
50,features.8,241,pruned_before,nan,0.000000e+00,0.000000e+00,0.0000,0.0000,0
50,features.8,242,pruned_before,nan,0.000000e+00,0.000000e+00,0.0000,0.0000,0
50,features.8,243,pruned_before,nan,0.000000e+00,0.000000e+00,0.0000,0.0000,0
50,features.8,244,active,0.074531,5.930284e-08,6.705985e-06,0.0689,0.0905,137
50,features.8,245,pruned_before,nan,0.000000e+00,0.000000e+00,0.0000,0.0000,0
50,features.8,246,active,0.009642,2.082066e-08,9.932731e-07,0.0242,0.0134,137
50,features.8,247,pruned_before,nan,0.000000e+00,0.000000e+00,0.0000,0.0000,0
50,features.8,248,active,0.033167,1.349795e-07,4.022850e-06,0.1567,0.0543,137
50,features.8,249,pruned_before,nan,0.000000e+00,0.000000e+00,0.0000,0.0000,0
50,features.8,250,pruned_before,nan,0.000000e+00,0.000000e+00,0.0000,0.0000,0
50,features.8,251,pruned_before,nan,0.000000e+00,0.000000e+00,0.0000,0.0000,0
50,features.8,252,pruned_before,nan,0.000000e+00,0.000000e+00,0.0000,0.0000,0
50,features.8,253,pruned_before,nan,0.000000e+00,0.000000e+00,0.0000,0.0000,0
50,features.8,254,pruned_before,nan,0.000000e+00,0.000000e+00,0.0000,0.0000,0
50,features.8,255,pruned_before,nan,0.000000e+00,0.000000e+00,0.0000,0.0000,0
50,features.8,256,pruned_before,nan,0.000000e+00,0.000000e+00,0.0000,0.0000,0
50,features.8,257,pruned_before,nan,0.000000e+00,0.000000e+00,0.0000,0.0000,0
50,features.8,258,pruned_before,nan,0.000000e+00,0.000000e+00,0.0000,0.0000,0
50,features.8,259,pruned_before,nan,0.000000e+00,0.000000e+00,0.0000,0.0000,0
50,features.8,260,pruned_before,nan,0.000000e+00,0.000000e+00,0.0000,0.0000,0
50,features.8,261,active,0.024458,7.311143e-09,2.084444e-06,0.0085,0.0281,137
50,features.8,262,active,0.046644,3.486493e-08,4.175273e-06,0.0405,0.0563,137
50,features.8,263,pruned_before,nan,0.000000e+00,0.000000e+00,0.0000,0.0000,0
50,features.8,264,pruned_before,nan,0.000000e+00,0.000000e+00,0.0000,0.0000,0
50,features.8,265,active,0.043670,3.160053e-08,3.899118e-06,0.0367,0.0526,137
50,features.8,266,active,0.013538,2.525428e-08,1.356583e-06,0.0293,0.0183,137
50,features.8,267,active,0.013212,8.576848e-09,1.170232e-06,0.0100,0.0158,137
50,features.8,268,active,0.020061,8.887963e-08,2.502387e-06,0.1032,0.0338,137
50,features.8,269,active,0.053628,1.761813e-08,4.585585e-06,0.0205,0.0619,137
50,features.8,270,pruned_before,nan,0.000000e+00,0.000000e+00,0.0000,0.0000,0
50,features.8,271,pruned_before,nan,0.000000e+00,0.000000e+00,0.0000,0.0000,0
50,features.8,272,pruned_before,nan,0.000000e+00,0.000000e+00,0.0000,0.0000,0
50,features.8,273,pruned_before,nan,0.000000e+00,0.000000e+00,0.0000,0.0000,0
50,features.8,274,active,0.057267,1.465185e-07,6.118207e-06,0.1701,0.0825,137
50,features.8,275,pruned_before,nan,0.000000e+00,0.000000e+00,0.0000,0.0000,0
50,features.8,276,active,0.051432,9.918180e-08,5.184829e-06,0.1152,0.0699,137
50,features.8,277,active,0.082991,5.236837e-08,7.336412e-06,0.0608,0.0990,137
50,features.8,278,pruned_before,nan,0.000000e+00,0.000000e+00,0.0000,0.0000,0
50,features.8,279,active,0.025136,1.631574e-08,2.226412e-06,0.0189,0.0300,137
50,features.8,280,pruned_before,nan,0.000000e+00,0.000000e+00,0.0000,0.0000,0
50,features.8,281,pruned_before,nan,0.000000e+00,0.000000e+00,0.0000,0.0000,0
50,features.8,282,active,0.108240,9.637201e-08,9.836994e-06,0.1119,0.1327,137
50,features.8,283,pruned_before,nan,0.000000e+00,0.000000e+00,0.0000,0.0000,0
50,features.8,284,pruned_before,nan,0.000000e+00,0.000000e+00,0.0000,0.0000,0
50,features.8,285,pruned_before,nan,0.000000e+00,0.000000e+00,0.0000,0.0000,0
50,features.8,286,pruned_before,nan,0.000000e+00,0.000000e+00,0.0000,0.0000,0
50,features.8,287,active,0.069687,5.101350e-08,6.227668e-06,0.0592,0.0840,137
50,features.8,288,pruned_before,nan,0.000000e+00,0.000000e+00,0.0000,0.0000,0
50,features.8,289,active,0.028575,1.084287e-07,3.390619e-06,0.1259,0.0457,137
50,features.8,290,pruned_before,nan,0.000000e+00,0.000000e+00,0.0000,0.0000,0
50,features.8,291,pruned_before,nan,0.000000e+00,0.000000e+00,0.0000,0.0000,0
50,features.8,292,pruned_before,nan,0.000000e+00,0.000000e+00,0.0000,0.0000,0
50,features.8,293,pruned_before,nan,0.000000e+00,0.000000e+00,0.0000,0.0000,0
50,features.8,294,pruned_before,nan,0.000000e+00,0.000000e+00,0.0000,0.0000,0
50,features.8,295,pruned_before,nan,0.000000e+00,0.000000e+00,0.0000,0.0000,0
50,features.8,296,active,0.052126,2.093289e-07,6.295473e-06,0.2431,0.0849,137
50,features.8,297,pruned_before,nan,0.000000e+00,0.000000e+00,0.0000,0.0000,0
50,features.8,298,pruned_before,nan,0.000000e+00,0.000000e+00,0.0000,0.0000,0
50,features.8,299,pruned_before,nan,0.000000e+00,0.000000e+00,0.0000,0.0000,0
50,features.8,300,pruned_before,nan,0.000000e+00,0.000000e+00,0.0000,0.0000,0
50,features.8,301,pruned_before,nan,0.000000e+00,0.000000e+00,0.0000,0.0000,0
50,features.8,302,pruned_before,nan,0.000000e+00,0.000000e+00,0.0000,0.0000,0
50,features.8,303,active,0.145204,3.195388e-07,1.501598e-05,0.3711,0.2026,137
50,features.8,304,pruned_before,nan,0.000000e+00,0.000000e+00,0.0000,0.0000,0
50,features.8,305,active,0.083819,6.365338e-08,7.512599e-06,0.0739,0.1013,137
50,features.8,306,pruned_before,nan,0.000000e+00,0.000000e+00,0.0000,0.0000,0
50,features.8,307,active,0.055258,9.034317e-08,5.415456e-06,0.1049,0.0731,137
50,features.8,308,active,0.039382,1.030133e-07,4.229003e-06,0.1196,0.0570,137
50,features.8,309,pruned_before,nan,0.000000e+00,0.000000e+00,0.0000,0.0000,0
50,features.8,310,pruned_before,nan,0.000000e+00,0.000000e+00,0.0000,0.0000,0
50,features.8,311,pruned_before,nan,0.000000e+00,0.000000e+00,0.0000,0.0000,0
50,features.8,312,pruned_before,nan,0.000000e+00,0.000000e+00,0.0000,0.0000,0
50,features.8,313,active,0.052153,2.511821e-08,4.535863e-06,0.0292,0.0612,137
50,features.8,314,pruned_before,nan,0.000000e+00,0.000000e+00,0.0000,0.0000,0
50,features.8,315,pruned_before,nan,0.000000e+00,0.000000e+00,0.0000,0.0000,0
50,features.8,316,pruned_before,nan,0.000000e+00,0.000000e+00,0.0000,0.0000,0
50,features.8,317,pruned_before,nan,0.000000e+00,0.000000e+00,0.0000,0.0000,0
50,features.8,318,pruned_before,nan,0.000000e+00,0.000000e+00,0.0000,0.0000,0
50,features.8,319,active,0.024108,2.982875e-08,2.270924e-06,0.0346,0.0306,137
50,features.8,320,active,0.044330,8.979666e-08,4.510121e-06,0.1043,0.0608,137
50,features.8,321,pruned_before,nan,0.000000e+00,0.000000e+00,0.0000,0.0000,0
50,features.8,322,pruned_before,nan,0.000000e+00,0.000000e+00,0.0000,0.0000,0
50,features.8,323,pruned_before,nan,0.000000e+00,0.000000e+00,0.0000,0.0000,0
50,features.8,324,pruned_before,nan,0.000000e+00,0.000000e+00,0.0000,0.0000,0
50,features.8,325,pruned_before,nan,0.000000e+00,0.000000e+00,0.0000,0.0000,0
50,features.8,326,pruned_before,nan,0.000000e+00,0.000000e+00,0.0000,0.0000,0
50,features.8,327,active,0.143121,2.698739e-07,1.436938e-05,0.3134,0.1938,137
50,features.8,328,active,0.025441,7.121891e-08,2.776657e-06,0.0827,0.0375,137
50,features.8,329,pruned_before,nan,0.000000e+00,0.000000e+00,0.0000,0.0000,0
50,features.8,330,active,0.006765,9.396738e-08,1.455953e-06,0.1091,0.0196,137
50,features.8,331,active,0.096799,2.907872e-08,8.250986e-06,0.0338,0.1113,137
50,features.8,332,pruned_before,nan,0.000000e+00,0.000000e+00,0.0000,0.0000,0
50,features.8,333,pruned_before,nan,0.000000e+00,0.000000e+00,0.0000,0.0000,0
50,features.8,334,pruned_before,nan,0.000000e+00,0.000000e+00,0.0000,0.0000,0
50,features.8,335,active,0.158779,3.185980e-08,1.338262e-05,0.0370,0.1805,137
50,features.8,336,pruned_before,nan,0.000000e+00,0.000000e+00,0.0000,0.0000,0
50,features.8,337,active,0.076310,4.642146e-08,6.729256e-06,0.0539,0.0908,137
50,features.8,338,active,0.069568,2.076750e-07,7.716290e-06,0.2412,0.1041,137
50,features.8,339,pruned_before,nan,0.000000e+00,0.000000e+00,0.0000,0.0000,0
50,features.8,340,pruned_before,nan,0.000000e+00,0.000000e+00,0.0000,0.0000,0
50,features.8,341,pruned_before,nan,0.000000e+00,0.000000e+00,0.0000,0.0000,0
50,features.8,342,active,0.030039,2.984596e-08,2.759650e-06,0.0347,0.0372,137
50,features.8,343,pruned_before,nan,0.000000e+00,0.000000e+00,0.0000,0.0000,0
50,features.8,344,pruned_before,nan,0.000000e+00,0.000000e+00,0.0000,0.0000,0
50,features.8,345,pruned_before,nan,0.000000e+00,0.000000e+00,0.0000,0.0000,0
50,features.8,346,pruned_before,nan,0.000000e+00,0.000000e+00,0.0000,0.0000,0
50,features.8,347,pruned_before,nan,0.000000e+00,0.000000e+00,0.0000,0.0000,0
50,features.8,348,pruned_before,nan,0.000000e+00,0.000000e+00,0.0000,0.0000,0
50,features.8,349,pruned_before,nan,0.000000e+00,0.000000e+00,0.0000,0.0000,0
50,features.8,350,pruned_before,nan,0.000000e+00,0.000000e+00,0.0000,0.0000,0
50,features.8,351,pruned_before,nan,0.000000e+00,0.000000e+00,0.0000,0.0000,0
50,features.8,352,active,0.034524,1.023315e-07,3.822321e-06,0.1188,0.0516,137
50,features.8,353,pruned_before,nan,0.000000e+00,0.000000e+00,0.0000,0.0000,0
50,features.8,354,active,0.067999,2.807851e-07,8.286284e-06,0.3261,0.1118,137
50,features.8,355,active,0.023237,1.632447e-08,2.070096e-06,0.0190,0.0279,137
50,features.8,356,pruned_before,nan,0.000000e+00,0.000000e+00,0.0000,0.0000,0
50,features.8,357,pruned_before,nan,0.000000e+00,0.000000e+00,0.0000,0.0000,0
50,features.8,358,pruned_before,nan,0.000000e+00,0.000000e+00,0.0000,0.0000,0
50,features.8,359,pruned_before,nan,0.000000e+00,0.000000e+00,0.0000,0.0000,0
50,features.8,360,pruned_before,nan,0.000000e+00,0.000000e+00,0.0000,0.0000,0
50,features.8,361,active,0.018475,1.080713e-07,2.555322e-06,0.1255,0.0345,137
50,features.8,362,pruned_before,nan,0.000000e+00,0.000000e+00,0.0000,0.0000,0
50,features.8,363,pruned_before,nan,0.000000e+00,0.000000e+00,0.0000,0.0000,0
50,features.8,364,pruned_before,nan,0.000000e+00,0.000000e+00,0.0000,0.0000,0
50,features.8,365,active,0.028993,7.046738e-08,3.061987e-06,0.0818,0.0413,137
50,features.8,366,pruned_before,nan,0.000000e+00,0.000000e+00,0.0000,0.0000,0
50,features.8,367,pruned_before,nan,0.000000e+00,0.000000e+00,0.0000,0.0000,0
50,features.8,368,active,0.008397,1.248496e-08,8.110293e-07,0.0145,0.0109,137
50,features.8,369,active,0.073621,1.335577e-07,7.341192e-06,0.1551,0.0990,137
50,features.8,370,pruned_before,nan,0.000000e+00,0.000000e+00,0.0000,0.0000,0
50,features.8,371,pruned_before,nan,0.000000e+00,0.000000e+00,0.0000,0.0000,0
50,features.8,372,active,0.015320,1.653012e-08,1.419952e-06,0.0192,0.0192,137
50,features.8,373,pruned_before,nan,0.000000e+00,0.000000e+00,0.0000,0.0000,0
50,features.8,374,pruned_before,nan,0.000000e+00,0.000000e+00,0.0000,0.0000,0
50,features.8,375,active,0.292692,1.135861e-07,2.519405e-05,0.1319,0.3399,137
50,features.8,376,pruned_before,nan,0.000000e+00,0.000000e+00,0.0000,0.0000,0
50,features.8,377,pruned_before,nan,0.000000e+00,0.000000e+00,0.0000,0.0000,0
50,features.8,378,pruned_before,nan,0.000000e+00,0.000000e+00,0.0000,0.0000,0
50,features.8,379,active,0.025274,5.967514e-08,2.652429e-06,0.0693,0.0358,137
50,features.8,380,pruned_before,nan,0.000000e+00,0.000000e+00,0.0000,0.0000,0
50,features.8,381,active,0.006770,1.943337e-08,7.434953e-07,0.0226,0.0100,137
50,features.8,382,pruned_before,nan,0.000000e+00,0.000000e+00,0.0000,0.0000,0
50,features.8,383,pruned_before,nan,0.000000e+00,0.000000e+00,0.0000,0.0000,0
50,features.9,0,pruned_before,nan,0.000000e+00,0.000000e+00,0.0000,0.0000,0
50,features.9,1,active,0.032126,1.454354e-08,2.698604e-06,0.0144,0.0373,137
50,features.9,2,active,0.025469,3.889355e-08,2.357926e-06,0.0386,0.0326,137
50,features.9,3,pruned_before,nan,0.000000e+00,0.000000e+00,0.0000,0.0000,0
50,features.9,4,pruned_before,nan,0.000000e+00,0.000000e+00,0.0000,0.0000,0
50,features.9,5,pruned_before,nan,0.000000e+00,0.000000e+00,0.0000,0.0000,0
50,features.9,6,pruned_before,nan,0.000000e+00,0.000000e+00,0.0000,0.0000,0
50,features.9,7,active,0.000829,2.392168e-08,2.576085e-07,0.0238,0.0036,137
50,features.9,8,pruned_before,nan,0.000000e+00,0.000000e+00,0.0000,0.0000,0
50,features.9,9,pruned_before,nan,0.000000e+00,0.000000e+00,0.0000,0.0000,0
50,features.9,10,active,0.086099,2.986915e-08,7.159681e-06,0.0297,0.0990,137
50,features.9,11,active,0.060137,1.380989e-08,4.944428e-06,0.0137,0.0683,137
50,features.9,12,pruned_before,nan,0.000000e+00,0.000000e+00,0.0000,0.0000,0
50,features.9,13,pruned_before,nan,0.000000e+00,0.000000e+00,0.0000,0.0000,0
50,features.9,14,active,0.079884,5.642249e-08,6.872086e-06,0.0560,0.0950,137
50,features.9,15,pruned_before,nan,0.000000e+00,0.000000e+00,0.0000,0.0000,0
50,features.9,16,active,0.008220,4.330329e-08,1.006492e-06,0.0430,0.0139,137
50,features.9,17,pruned_before,nan,0.000000e+00,0.000000e+00,0.0000,0.0000,0
50,features.9,18,active,0.073719,4.458101e-08,6.281920e-06,0.0443,0.0868,137
50,features.9,19,pruned_before,nan,0.000000e+00,0.000000e+00,0.0000,0.0000,0
50,features.9,20,pruned_before,nan,0.000000e+00,0.000000e+00,0.0000,0.0000,0
50,features.9,21,pruned_before,nan,0.000000e+00,0.000000e+00,0.0000,0.0000,0
50,features.9,22,pruned_before,nan,0.000000e+00,0.000000e+00,0.0000,0.0000,0
50,features.9,23,pruned_before,nan,0.000000e+00,0.000000e+00,0.0000,0.0000,0
50,features.9,24,pruned_before,nan,0.000000e+00,0.000000e+00,0.0000,0.0000,0
50,features.9,25,pruned_before,nan,0.000000e+00,0.000000e+00,0.0000,0.0000,0
50,features.9,26,active,0.117498,2.153107e-07,1.116431e-05,0.2139,0.1543,137
50,features.9,27,pruned_before,nan,0.000000e+00,0.000000e+00,0.0000,0.0000,0
50,features.9,28,active,0.003054,1.386674e-07,1.352670e-06,0.1377,0.0187,137
50,features.9,29,pruned_before,nan,0.000000e+00,0.000000e+00,0.0000,0.0000,0
50,features.9,30,pruned_before,nan,0.000000e+00,0.000000e+00,0.0000,0.0000,0
50,features.9,31,pruned_before,nan,0.000000e+00,0.000000e+00,0.0000,0.0000,0
50,features.9,32,active,0.053236,1.412700e-07,5.407417e-06,0.1403,0.0747,137
50,features.9,33,pruned_before,nan,0.000000e+00,0.000000e+00,0.0000,0.0000,0
50,features.9,34,pruned_before,nan,0.000000e+00,0.000000e+00,0.0000,0.0000,0
50,features.9,35,active,0.017546,3.978763e-08,1.728105e-06,0.0395,0.0239,137
50,features.9,36,pruned_before,nan,0.000000e+00,0.000000e+00,0.0000,0.0000,0
50,features.9,37,pruned_before,nan,0.000000e+00,0.000000e+00,0.0000,0.0000,0
50,features.9,38,pruned_before,nan,0.000000e+00,0.000000e+00,0.0000,0.0000,0
50,features.9,39,active,0.031520,5.157013e-08,2.945537e-06,0.0512,0.0407,137
50,features.9,40,pruned_before,nan,0.000000e+00,0.000000e+00,0.0000,0.0000,0
50,features.9,41,pruned_before,nan,0.000000e+00,0.000000e+00,0.0000,0.0000,0
50,features.9,42,active,0.022601,2.346672e-08,2.004193e-06,0.0233,0.0277,137
50,features.9,43,pruned_before,nan,0.000000e+00,0.000000e+00,0.0000,0.0000,0
50,features.9,44,pruned_before,nan,0.000000e+00,0.000000e+00,0.0000,0.0000,0
50,features.9,45,pruned_before,nan,0.000000e+00,0.000000e+00,0.0000,0.0000,0
50,features.9,46,pruned_before,nan,0.000000e+00,0.000000e+00,0.0000,0.0000,0
50,features.9,47,active,0.043781,4.352572e-08,3.866950e-06,0.0432,0.0534,137
50,features.9,48,active,0.035602,6.737828e-08,3.399848e-06,0.0669,0.0470,137
50,features.9,49,pruned_before,nan,0.000000e+00,0.000000e+00,0.0000,0.0000,0
50,features.9,50,pruned_before,nan,0.000000e+00,0.000000e+00,0.0000,0.0000,0
50,features.9,51,pruned_before,nan,0.000000e+00,0.000000e+00,0.0000,0.0000,0
50,features.9,52,pruned_before,nan,0.000000e+00,0.000000e+00,0.0000,0.0000,0
50,features.9,53,pruned_before,nan,0.000000e+00,0.000000e+00,0.0000,0.0000,0
50,features.9,54,pruned_before,nan,0.000000e+00,0.000000e+00,0.0000,0.0000,0
50,features.9,55,pruned_before,nan,0.000000e+00,0.000000e+00,0.0000,0.0000,0
50,features.9,56,active,0.125851,2.432751e-08,1.031098e-05,0.0242,0.1425,137
50,features.9,57,pruned_before,nan,0.000000e+00,0.000000e+00,0.0000,0.0000,0
50,features.9,58,active,0.014811,3.864270e-09,1.221497e-06,0.0038,0.0169,137
50,features.9,59,pruned_before,nan,0.000000e+00,0.000000e+00,0.0000,0.0000,0
50,features.9,60,active,0.071796,1.070018e-07,6.625781e-06,0.1063,0.0916,137
50,features.9,61,pruned_before,nan,0.000000e+00,0.000000e+00,0.0000,0.0000,0
50,features.9,62,pruned_before,nan,0.000000e+00,0.000000e+00,0.0000,0.0000,0
50,features.9,63,pruned_before,nan,0.000000e+00,0.000000e+00,0.0000,0.0000,0
50,features.9,64,pruned_before,nan,0.000000e+00,0.000000e+00,0.0000,0.0000,0
50,features.9,65,active,0.003735,5.816199e-08,7.646354e-07,0.0578,0.0106,137
50,features.9,66,pruned_before,nan,0.000000e+00,0.000000e+00,0.0000,0.0000,0
50,features.9,67,pruned_before,nan,0.000000e+00,0.000000e+00,0.0000,0.0000,0
50,features.9,68,pruned_before,nan,0.000000e+00,0.000000e+00,0.0000,0.0000,0
50,features.9,69,pruned_before,nan,0.000000e+00,0.000000e+00,0.0000,0.0000,0
50,features.9,70,pruned_before,nan,0.000000e+00,0.000000e+00,0.0000,0.0000,0
50,features.9,71,pruned_before,nan,0.000000e+00,0.000000e+00,0.0000,0.0000,0
50,features.9,72,active,0.020590,1.051856e-07,2.495017e-06,0.1045,0.0345,137
50,features.9,73,pruned_before,nan,0.000000e+00,0.000000e+00,0.0000,0.0000,0
50,features.9,74,pruned_before,nan,0.000000e+00,0.000000e+00,0.0000,0.0000,0
50,features.9,75,pruned_before,nan,0.000000e+00,0.000000e+00,0.0000,0.0000,0
50,features.9,76,active,0.026233,1.454005e-08,2.224882e-06,0.0144,0.0308,137
50,features.9,77,active,0.006747,2.400886e-08,7.340934e-07,0.0238,0.0101,137
50,features.9,78,pruned_before,nan,0.000000e+00,0.000000e+00,0.0000,0.0000,0
50,features.9,79,active,0.017185,5.111129e-08,1.789557e-06,0.0508,0.0247,137
50,features.9,80,active,0.125486,2.675701e-07,1.222372e-05,0.2658,0.1690,137
50,features.9,81,pruned_before,nan,0.000000e+00,0.000000e+00,0.0000,0.0000,0
50,features.9,82,active,0.011180,2.075451e-08,1.064418e-06,0.0206,0.0147,137
50,features.9,83,active,0.011727,3.794101e-08,1.245598e-06,0.0377,0.0172,137
50,features.9,84,active,0.019306,2.472442e-08,1.749380e-06,0.0246,0.0242,137
50,features.9,85,pruned_before,nan,0.000000e+00,0.000000e+00,0.0000,0.0000,0
50,features.9,86,pruned_before,nan,0.000000e+00,0.000000e+00,0.0000,0.0000,0
50,features.9,87,pruned_before,nan,0.000000e+00,0.000000e+00,0.0000,0.0000,0
50,features.9,88,pruned_before,nan,0.000000e+00,0.000000e+00,0.0000,0.0000,0
50,features.9,89,pruned_before,nan,0.000000e+00,0.000000e+00,0.0000,0.0000,0
50,features.9,90,pruned_before,nan,0.000000e+00,0.000000e+00,0.0000,0.0000,0
50,features.9,91,pruned_before,nan,0.000000e+00,0.000000e+00,0.0000,0.0000,0
50,features.9,92,pruned_before,nan,0.000000e+00,0.000000e+00,0.0000,0.0000,0
50,features.9,93,active,0.075628,2.711801e-07,8.244621e-06,0.2693,0.1140,137
50,features.9,94,pruned_before,nan,0.000000e+00,0.000000e+00,0.0000,0.0000,0
50,features.9,95,active,0.025135,2.858840e-08,2.248795e-06,0.0284,0.0311,137
50,features.9,96,pruned_before,nan,0.000000e+00,0.000000e+00,0.0000,0.0000,0
50,features.9,97,pruned_before,nan,0.000000e+00,0.000000e+00,0.0000,0.0000,0
50,features.9,98,pruned_before,nan,0.000000e+00,0.000000e+00,0.0000,0.0000,0
50,features.9,99,pruned_before,nan,0.000000e+00,0.000000e+00,0.0000,0.0000,0
50,features.9,100,pruned_before,nan,0.000000e+00,0.000000e+00,0.0000,0.0000,0
50,features.9,101,active,0.200398,2.792360e-07,1.833877e-05,0.2773,0.2535,137
50,features.9,102,active,0.010763,9.008780e-09,9.371118e-07,0.0089,0.0130,137
50,features.9,103,pruned_before,nan,0.000000e+00,0.000000e+00,0.0000,0.0000,0
50,features.9,104,pruned_before,nan,0.000000e+00,0.000000e+00,0.0000,0.0000,0
50,features.9,105,pruned_before,nan,0.000000e+00,0.000000e+00,0.0000,0.0000,0
50,features.9,106,pruned_before,nan,0.000000e+00,0.000000e+00,0.0000,0.0000,0
50,features.9,107,pruned_before,nan,0.000000e+00,0.000000e+00,0.0000,0.0000,0
50,features.9,108,pruned_before,nan,0.000000e+00,0.000000e+00,0.0000,0.0000,0
50,features.9,109,pruned_before,nan,0.000000e+00,0.000000e+00,0.0000,0.0000,0
50,features.9,110,pruned_before,nan,0.000000e+00,0.000000e+00,0.0000,0.0000,0
50,features.9,111,active,0.154884,5.287067e-07,1.667189e-05,0.5251,0.2304,137
50,features.9,112,pruned_before,nan,0.000000e+00,0.000000e+00,0.0000,0.0000,0
50,features.9,113,pruned_before,nan,0.000000e+00,0.000000e+00,0.0000,0.0000,0
50,features.9,114,protected,0.890867,9.195708e-08,7.234786e-05,0.0913,1.0000,137
50,features.9,115,pruned_before,nan,0.000000e+00,0.000000e+00,0.0000,0.0000,0
50,features.9,116,pruned_before,nan,0.000000e+00,0.000000e+00,0.0000,0.0000,0
50,features.9,117,pruned_before,nan,0.000000e+00,0.000000e+00,0.0000,0.0000,0
50,features.9,118,active,0.134261,4.987276e-08,1.119096e-05,0.0495,0.1547,137
50,features.9,119,active,0.055034,1.074917e-07,5.282265e-06,0.1068,0.0730,137
50,features.9,120,pruned_before,nan,0.000000e+00,0.000000e+00,0.0000,0.0000,0
50,features.9,121,pruned_before,nan,0.000000e+00,0.000000e+00,0.0000,0.0000,0
50,features.9,122,active,0.047393,9.833052e-08,4.594875e-06,0.0977,0.0635,137
50,features.9,123,pruned_before,nan,0.000000e+00,0.000000e+00,0.0000,0.0000,0
50,features.9,124,pruned_before,nan,0.000000e+00,0.000000e+00,0.0000,0.0000,0
50,features.9,125,pruned_before,nan,0.000000e+00,0.000000e+00,0.0000,0.0000,0
50,features.9,126,active,0.013267,3.362741e-08,1.334946e-06,0.0334,0.0185,137
50,features.9,127,pruned_before,nan,0.000000e+00,0.000000e+00,0.0000,0.0000,0
50,features.9,128,pruned_before,nan,0.000000e+00,0.000000e+00,0.0000,0.0000,0
50,features.9,129,active,0.009988,5.851016e-08,1.270046e-06,0.0581,0.0176,137
50,features.9,130,active,0.021797,2.021513e-07,3.366203e-06,0.2008,0.0465,137
50,features.9,131,pruned_before,nan,0.000000e+00,0.000000e+00,0.0000,0.0000,0
50,features.9,132,pruned_before,nan,0.000000e+00,0.000000e+00,0.0000,0.0000,0
50,features.9,133,pruned_before,nan,0.000000e+00,0.000000e+00,0.0000,0.0000,0
50,features.9,134,pruned_before,nan,0.000000e+00,0.000000e+00,0.0000,0.0000,0
50,features.9,135,pruned_before,nan,0.000000e+00,0.000000e+00,0.0000,0.0000,0
50,features.9,136,pruned_before,nan,0.000000e+00,0.000000e+00,0.0000,0.0000,0
50,features.9,137,pruned_before,nan,0.000000e+00,0.000000e+00,0.0000,0.0000,0
50,features.9,138,pruned_before,nan,0.000000e+00,0.000000e+00,0.0000,0.0000,0
50,features.9,139,pruned_before,nan,0.000000e+00,0.000000e+00,0.0000,0.0000,0
50,features.9,140,pruned_before,nan,0.000000e+00,0.000000e+00,0.0000,0.0000,0
50,features.9,141,pruned_before,nan,0.000000e+00,0.000000e+00,0.0000,0.0000,0
50,features.9,142,pruned_before,nan,0.000000e+00,0.000000e+00,0.0000,0.0000,0
50,features.9,143,pruned_before,nan,0.000000e+00,0.000000e+00,0.0000,0.0000,0
50,features.9,144,pruned_before,nan,0.000000e+00,0.000000e+00,0.0000,0.0000,0
50,features.9,145,pruned_before,nan,0.000000e+00,0.000000e+00,0.0000,0.0000,0
50,features.9,146,pruned_before,nan,0.000000e+00,0.000000e+00,0.0000,0.0000,0
50,features.9,147,pruned_before,nan,0.000000e+00,0.000000e+00,0.0000,0.0000,0
50,features.9,148,active,0.155520,1.410982e-07,1.362830e-05,0.1401,0.1884,137
50,features.9,149,pruned_before,nan,0.000000e+00,0.000000e+00,0.0000,0.0000,0
50,features.9,150,pruned_before,nan,0.000000e+00,0.000000e+00,0.0000,0.0000,0
50,features.9,151,pruned_before,nan,0.000000e+00,0.000000e+00,0.0000,0.0000,0
50,features.9,152,pruned_before,nan,0.000000e+00,0.000000e+00,0.0000,0.0000,0
50,features.9,153,pruned_before,nan,0.000000e+00,0.000000e+00,0.0000,0.0000,0
50,features.9,154,pruned_before,nan,0.000000e+00,0.000000e+00,0.0000,0.0000,0
50,features.9,155,pruned_before,nan,0.000000e+00,0.000000e+00,0.0000,0.0000,0
50,features.9,156,pruned_before,nan,0.000000e+00,0.000000e+00,0.0000,0.0000,0
50,features.9,157,pruned_before,nan,0.000000e+00,0.000000e+00,0.0000,0.0000,0
50,features.9,158,active,0.010369,8.121071e-08,1.481971e-06,0.0807,0.0205,137
50,features.9,159,pruned_before,nan,0.000000e+00,0.000000e+00,0.0000,0.0000,0
50,features.9,160,active,0.065001,3.734977e-08,5.523432e-06,0.0371,0.0763,137
50,features.9,161,pruned_before,nan,0.000000e+00,0.000000e+00,0.0000,0.0000,0
50,features.9,162,pruned_before,nan,0.000000e+00,0.000000e+00,0.0000,0.0000,0
50,features.9,163,pruned_before,nan,0.000000e+00,0.000000e+00,0.0000,0.0000,0
50,features.9,164,pruned_before,nan,0.000000e+00,0.000000e+00,0.0000,0.0000,0
50,features.9,165,active,0.006276,5.831903e-08,9.701462e-07,0.0579,0.0134,137
50,features.9,166,pruned_before,nan,0.000000e+00,0.000000e+00,0.0000,0.0000,0
50,features.9,167,pruned_before,nan,0.000000e+00,0.000000e+00,0.0000,0.0000,0
50,features.9,168,pruned_before,nan,0.000000e+00,0.000000e+00,0.0000,0.0000,0
50,features.9,169,active,0.053197,4.597731e-08,4.643422e-06,0.0457,0.0642,137
50,features.9,170,pruned_before,nan,0.000000e+00,0.000000e+00,0.0000,0.0000,0
50,features.9,171,pruned_before,nan,0.000000e+00,0.000000e+00,0.0000,0.0000,0
50,features.9,172,pruned_before,nan,0.000000e+00,0.000000e+00,0.0000,0.0000,0
50,features.9,173,pruned_before,nan,0.000000e+00,0.000000e+00,0.0000,0.0000,0
50,features.9,174,pruned_before,nan,0.000000e+00,0.000000e+00,0.0000,0.0000,0
50,features.9,175,pruned_before,nan,0.000000e+00,0.000000e+00,0.0000,0.0000,0
50,features.9,176,pruned_before,nan,0.000000e+00,0.000000e+00,0.0000,0.0000,0
50,features.9,177,pruned_before,nan,0.000000e+00,0.000000e+00,0.0000,0.0000,0
50,features.9,178,pruned_before,nan,0.000000e+00,0.000000e+00,0.0000,0.0000,0
50,features.9,179,active,0.033007,4.827717e-08,3.038747e-06,0.0480,0.0420,137
50,features.9,180,active,0.076058,1.416354e-08,6.227122e-06,0.0141,0.0861,137
50,features.9,181,pruned_before,nan,0.000000e+00,0.000000e+00,0.0000,0.0000,0
50,features.9,182,pruned_before,nan,0.000000e+00,0.000000e+00,0.0000,0.0000,0
50,features.9,183,pruned_before,nan,0.000000e+00,0.000000e+00,0.0000,0.0000,0
50,features.9,184,pruned_before,nan,0.000000e+00,0.000000e+00,0.0000,0.0000,0
50,features.9,185,pruned_before,nan,0.000000e+00,0.000000e+00,0.0000,0.0000,0
50,features.9,186,pruned_before,nan,0.000000e+00,0.000000e+00,0.0000,0.0000,0
50,features.9,187,pruned_before,nan,0.000000e+00,0.000000e+00,0.0000,0.0000,0
50,features.9,188,pruned_before,nan,0.000000e+00,0.000000e+00,0.0000,0.0000,0
50,features.9,189,pruned_before,nan,0.000000e+00,0.000000e+00,0.0000,0.0000,0
50,features.9,190,active,0.006337,5.740473e-08,9.677669e-07,0.0570,0.0134,137
50,features.9,191,pruned_before,nan,0.000000e+00,0.000000e+00,0.0000,0.0000,0
50,features.9,192,pruned_before,nan,0.000000e+00,0.000000e+00,0.0000,0.0000,0
50,features.9,193,pruned_before,nan,0.000000e+00,0.000000e+00,0.0000,0.0000,0
50,features.9,194,pruned_before,nan,0.000000e+00,0.000000e+00,0.0000,0.0000,0
50,features.9,195,pruned_before,nan,0.000000e+00,0.000000e+00,0.0000,0.0000,0
50,features.9,196,pruned_before,nan,0.000000e+00,0.000000e+00,0.0000,0.0000,0
50,features.9,197,active,0.026277,7.048132e-08,2.675069e-06,0.0700,0.0370,137
50,features.9,198,pruned_before,nan,0.000000e+00,0.000000e+00,0.0000,0.0000,0
50,features.9,199,pruned_before,nan,0.000000e+00,0.000000e+00,0.0000,0.0000,0
50,features.9,200,pruned_before,nan,0.000000e+00,0.000000e+00,0.0000,0.0000,0
50,features.9,201,active,0.295395,2.033622e-08,2.390810e-05,0.0202,0.3305,137
50,features.9,202,active,0.022802,4.443765e-07,5.381021e-06,0.4414,0.0744,137
50,features.9,203,pruned_before,nan,0.000000e+00,0.000000e+00,0.0000,0.0000,0
50,features.9,204,pruned_before,nan,0.000000e+00,0.000000e+00,0.0000,0.0000,0
50,features.9,205,active,0.134169,1.255935e-07,1.178813e-05,0.1247,0.1629,137
50,features.9,206,pruned_before,nan,0.000000e+00,0.000000e+00,0.0000,0.0000,0
50,features.9,207,active,0.026194,3.228002e-08,2.363403e-06,0.0321,0.0327,137
50,features.9,208,pruned_before,nan,0.000000e+00,0.000000e+00,0.0000,0.0000,0
50,features.9,209,pruned_before,nan,0.000000e+00,0.000000e+00,0.0000,0.0000,0
50,features.9,210,active,0.053543,5.813418e-08,4.768315e-06,0.0577,0.0659,137
50,features.9,211,pruned_before,nan,0.000000e+00,0.000000e+00,0.0000,0.0000,0
50,features.9,212,pruned_before,nan,0.000000e+00,0.000000e+00,0.0000,0.0000,0
50,features.9,213,pruned_before,nan,0.000000e+00,0.000000e+00,0.0000,0.0000,0
50,features.9,214,pruned_before,nan,0.000000e+00,0.000000e+00,0.0000,0.0000,0
50,features.9,215,pruned_before,nan,0.000000e+00,0.000000e+00,0.0000,0.0000,0
50,features.9,216,active,0.291698,7.867849e-08,2.407675e-05,0.0781,0.3328,137
50,features.9,217,pruned_before,nan,0.000000e+00,0.000000e+00,0.0000,0.0000,0
50,features.9,218,active,0.702085,8.196005e-08,5.709256e-05,0.0814,0.7891,137
50,features.9,219,active,0.032203,2.514432e-07,4.596236e-06,0.2497,0.0635,137
50,features.9,220,active,0.009786,2.846816e-08,1.013961e-06,0.0283,0.0140,137
50,features.9,221,pruned_before,nan,0.000000e+00,0.000000e+00,0.0000,0.0000,0
50,features.9,222,pruned_before,nan,0.000000e+00,0.000000e+00,0.0000,0.0000,0
50,features.9,223,pruned_before,nan,0.000000e+00,0.000000e+00,0.0000,0.0000,0
50,features.9,224,pruned_before,nan,0.000000e+00,0.000000e+00,0.0000,0.0000,0
50,features.9,225,pruned_before,nan,0.000000e+00,0.000000e+00,0.0000,0.0000,0
50,features.9,226,pruned_before,nan,0.000000e+00,0.000000e+00,0.0000,0.0000,0
50,features.9,227,pruned_before,nan,0.000000e+00,0.000000e+00,0.0000,0.0000,0
50,features.9,228,pruned_before,nan,0.000000e+00,0.000000e+00,0.0000,0.0000,0
50,features.9,229,pruned_before,nan,0.000000e+00,0.000000e+00,0.0000,0.0000,0
50,features.9,230,pruned_before,nan,0.000000e+00,0.000000e+00,0.0000,0.0000,0
50,features.9,231,active,0.054938,2.407810e-07,6.338710e-06,0.2392,0.0876,137
50,features.9,232,pruned_before,nan,0.000000e+00,0.000000e+00,0.0000,0.0000,0
50,features.9,233,pruned_before,nan,0.000000e+00,0.000000e+00,0.0000,0.0000,0
50,features.9,234,pruned_before,nan,0.000000e+00,0.000000e+00,0.0000,0.0000,0
50,features.9,235,pruned_before,nan,0.000000e+00,0.000000e+00,0.0000,0.0000,0
50,features.9,236,pruned_before,nan,0.000000e+00,0.000000e+00,0.0000,0.0000,0
50,features.9,237,active,0.021095,2.330055e-08,1.881831e-06,0.0231,0.0260,137
50,features.9,238,active,0.003058,6.557835e-08,7.694142e-07,0.0651,0.0106,137
50,features.9,239,pruned_before,nan,0.000000e+00,0.000000e+00,0.0000,0.0000,0
50,features.9,240,pruned_before,nan,0.000000e+00,0.000000e+00,0.0000,0.0000,0
50,features.9,241,pruned_before,nan,0.000000e+00,0.000000e+00,0.0000,0.0000,0
50,features.9,242,pruned_before,nan,0.000000e+00,0.000000e+00,0.0000,0.0000,0
50,features.9,243,active,0.052104,2.237716e-07,5.975120e-06,0.2223,0.0826,137
50,features.9,244,active,0.026098,1.524061e-08,2.219588e-06,0.0151,0.0307,137
50,features.9,245,pruned_before,nan,0.000000e+00,0.000000e+00,0.0000,0.0000,0
50,features.9,246,active,0.059281,2.912633e-08,4.997943e-06,0.0289,0.0691,137
50,features.9,247,pruned_before,nan,0.000000e+00,0.000000e+00,0.0000,0.0000,0
50,features.9,248,pruned_before,nan,0.000000e+00,0.000000e+00,0.0000,0.0000,0
50,features.9,249,active,0.009872,1.898703e-08,9.451353e-07,0.0189,0.0131,137
50,features.9,250,pruned_before,nan,0.000000e+00,0.000000e+00,0.0000,0.0000,0
50,features.9,251,pruned_before,nan,0.000000e+00,0.000000e+00,0.0000,0.0000,0
50,features.9,252,active,0.028088,1.956389e-07,3.819892e-06,0.1943,0.0528,137
50,features.9,253,pruned_before,nan,0.000000e+00,0.000000e+00,0.0000,0.0000,0
50,features.9,254,pruned_before,nan,0.000000e+00,0.000000e+00,0.0000,0.0000,0
50,features.9,255,pruned_before,nan,0.000000e+00,0.000000e+00,0.0000,0.0000,0
50,features.9,256,pruned_before,nan,0.000000e+00,0.000000e+00,0.0000,0.0000,0
50,features.9,257,pruned_before,nan,0.000000e+00,0.000000e+00,0.0000,0.0000,0
50,features.9,258,active,0.004904,1.304629e-07,1.435853e-06,0.1296,0.0198,137
50,features.9,259,pruned_before,nan,0.000000e+00,0.000000e+00,0.0000,0.0000,0
50,features.9,260,pruned_before,nan,0.000000e+00,0.000000e+00,0.0000,0.0000,0
50,features.9,261,active,0.019565,1.104054e-07,2.454256e-06,0.1097,0.0339,137
50,features.9,262,pruned_before,nan,0.000000e+00,0.000000e+00,0.0000,0.0000,0
50,features.9,263,pruned_before,nan,0.000000e+00,0.000000e+00,0.0000,0.0000,0
50,features.9,264,active,0.020886,3.635870e-08,1.969284e-06,0.0361,0.0272,137
50,features.9,265,pruned_before,nan,0.000000e+00,0.000000e+00,0.0000,0.0000,0
50,features.9,266,pruned_before,nan,0.000000e+00,0.000000e+00,0.0000,0.0000,0
50,features.9,267,pruned_before,nan,0.000000e+00,0.000000e+00,0.0000,0.0000,0
50,features.9,268,pruned_before,nan,0.000000e+00,0.000000e+00,0.0000,0.0000,0
50,features.9,269,pruned_before,nan,0.000000e+00,0.000000e+00,0.0000,0.0000,0
50,features.9,270,pruned_before,nan,0.000000e+00,0.000000e+00,0.0000,0.0000,0
50,features.9,271,pruned_before,nan,0.000000e+00,0.000000e+00,0.0000,0.0000,0
50,features.9,272,pruned_before,nan,0.000000e+00,0.000000e+00,0.0000,0.0000,0
50,features.9,273,active,0.721015,1.006812e-06,6.599849e-05,1.0000,0.9122,137
50,features.9,274,pruned_before,nan,0.000000e+00,0.000000e+00,0.0000,0.0000,0
50,features.9,275,pruned_before,nan,0.000000e+00,0.000000e+00,0.0000,0.0000,0
50,features.9,276,pruned_before,nan,0.000000e+00,0.000000e+00,0.0000,0.0000,0
50,features.9,277,active,0.028950,1.636129e-07,3.633489e-06,0.1625,0.0502,137
50,features.9,278,pruned_before,nan,0.000000e+00,0.000000e+00,0.0000,0.0000,0
50,features.9,279,pruned_before,nan,0.000000e+00,0.000000e+00,0.0000,0.0000,0
50,features.9,280,pruned_before,nan,0.000000e+00,0.000000e+00,0.0000,0.0000,0
50,features.9,281,active,0.021589,1.291794e-08,1.838614e-06,0.0128,0.0254,137
50,features.9,282,pruned_before,nan,0.000000e+00,0.000000e+00,0.0000,0.0000,0
50,features.9,283,pruned_before,nan,0.000000e+00,0.000000e+00,0.0000,0.0000,0
50,features.9,284,pruned_before,nan,0.000000e+00,0.000000e+00,0.0000,0.0000,0
50,features.9,285,pruned_before,nan,0.000000e+00,0.000000e+00,0.0000,0.0000,0
50,features.9,286,active,0.055177,6.147027e-08,4.926285e-06,0.0611,0.0681,137
50,features.9,287,pruned_before,nan,0.000000e+00,0.000000e+00,0.0000,0.0000,0
50,features.9,288,active,0.288185,1.503848e-07,2.436688e-05,0.1494,0.3368,137
50,features.9,289,active,0.088766,1.749683e-07,8.532613e-06,0.1738,0.1179,137
50,features.9,290,active,0.022922,1.793753e-07,3.274766e-06,0.1782,0.0453,137
50,features.9,291,pruned_before,nan,0.000000e+00,0.000000e+00,0.0000,0.0000,0
50,features.9,292,pruned_before,nan,0.000000e+00,0.000000e+00,0.0000,0.0000,0
50,features.9,293,pruned_before,nan,0.000000e+00,0.000000e+00,0.0000,0.0000,0
50,features.9,294,pruned_before,nan,0.000000e+00,0.000000e+00,0.0000,0.0000,0
50,features.9,295,active,0.017536,2.533269e-07,3.432277e-06,0.2516,0.0474,137
50,features.9,296,active,0.054800,1.253361e-07,5.405871e-06,0.1245,0.0747,137
50,features.9,297,pruned_before,nan,0.000000e+00,0.000000e+00,0.0000,0.0000,0
50,features.9,298,pruned_before,nan,0.000000e+00,0.000000e+00,0.0000,0.0000,0
50,features.9,299,pruned_before,nan,0.000000e+00,0.000000e+00,0.0000,0.0000,0
50,features.9,300,pruned_before,nan,0.000000e+00,0.000000e+00,0.0000,0.0000,0
50,features.9,301,pruned_before,nan,0.000000e+00,0.000000e+00,0.0000,0.0000,0
50,features.9,302,pruned_before,nan,0.000000e+00,0.000000e+00,0.0000,0.0000,0
50,features.9,303,pruned_before,nan,0.000000e+00,0.000000e+00,0.0000,0.0000,0
50,features.9,304,pruned_before,nan,0.000000e+00,0.000000e+00,0.0000,0.0000,0
50,features.9,305,pruned_before,nan,0.000000e+00,0.000000e+00,0.0000,0.0000,0
50,features.9,306,pruned_before,nan,0.000000e+00,0.000000e+00,0.0000,0.0000,0
50,features.9,307,pruned_before,nan,0.000000e+00,0.000000e+00,0.0000,0.0000,0
50,features.9,308,active,0.023402,1.084408e-07,2.747032e-06,0.1077,0.0380,137
50,features.9,309,pruned_before,nan,0.000000e+00,0.000000e+00,0.0000,0.0000,0
50,features.9,310,pruned_before,nan,0.000000e+00,0.000000e+00,0.0000,0.0000,0
50,features.9,311,active,0.025715,8.523343e-08,2.747626e-06,0.0847,0.0380,137
50,features.9,312,active,0.022972,1.900249e-07,3.363868e-06,0.1887,0.0465,137
50,features.9,313,pruned_before,nan,0.000000e+00,0.000000e+00,0.0000,0.0000,0
50,features.9,314,active,0.006463,4.849176e-09,5.582277e-07,0.0048,0.0077,137
50,features.9,315,active,0.433324,1.287457e-08,3.493617e-05,0.0128,0.4829,137
50,features.9,316,pruned_before,nan,0.000000e+00,0.000000e+00,0.0000,0.0000,0
50,features.9,317,pruned_before,nan,0.000000e+00,0.000000e+00,0.0000,0.0000,0
50,features.9,318,pruned_before,nan,0.000000e+00,0.000000e+00,0.0000,0.0000,0
50,features.9,319,pruned_before,nan,0.000000e+00,0.000000e+00,0.0000,0.0000,0
50,features.9,320,active,0.027407,1.428818e-08,2.317197e-06,0.0142,0.0320,137
50,features.9,321,pruned_before,nan,0.000000e+00,0.000000e+00,0.0000,0.0000,0
50,features.9,322,active,0.026124,7.518851e-08,2.700332e-06,0.0747,0.0373,137
50,features.9,323,pruned_before,nan,0.000000e+00,0.000000e+00,0.0000,0.0000,0
50,features.9,324,pruned_before,nan,0.000000e+00,0.000000e+00,0.0000,0.0000,0
50,features.9,325,pruned_before,nan,0.000000e+00,0.000000e+00,0.0000,0.0000,0
50,features.9,326,pruned_before,nan,0.000000e+00,0.000000e+00,0.0000,0.0000,0
50,features.9,327,active,0.091707,2.284832e-08,7.554408e-06,0.0227,0.1044,137
50,features.9,328,pruned_before,nan,0.000000e+00,0.000000e+00,0.0000,0.0000,0
50,features.9,329,pruned_before,nan,0.000000e+00,0.000000e+00,0.0000,0.0000,0
50,features.9,330,pruned_before,nan,0.000000e+00,0.000000e+00,0.0000,0.0000,0
50,features.9,331,pruned_before,nan,0.000000e+00,0.000000e+00,0.0000,0.0000,0
50,features.9,332,pruned_before,nan,0.000000e+00,0.000000e+00,0.0000,0.0000,0
50,features.9,333,pruned_before,nan,0.000000e+00,0.000000e+00,0.0000,0.0000,0
50,features.9,334,active,0.014946,3.823031e-08,1.506661e-06,0.0380,0.0208,137
50,features.9,335,pruned_before,nan,0.000000e+00,0.000000e+00,0.0000,0.0000,0
50,features.9,336,pruned_before,nan,0.000000e+00,0.000000e+00,0.0000,0.0000,0
50,features.9,337,pruned_before,nan,0.000000e+00,0.000000e+00,0.0000,0.0000,0
50,features.9,338,pruned_before,nan,0.000000e+00,0.000000e+00,0.0000,0.0000,0
50,features.9,339,pruned_before,nan,0.000000e+00,0.000000e+00,0.0000,0.0000,0
50,features.9,340,pruned_before,nan,0.000000e+00,0.000000e+00,0.0000,0.0000,0
50,features.9,341,pruned_before,nan,0.000000e+00,0.000000e+00,0.0000,0.0000,0
50,features.9,342,active,0.016105,1.941270e-08,1.449586e-06,0.0193,0.0200,137
50,features.9,343,pruned_before,nan,0.000000e+00,0.000000e+00,0.0000,0.0000,0
50,features.9,344,active,0.121967,3.378316e-07,1.250185e-05,0.3355,0.1728,137
50,features.9,345,pruned_before,nan,0.000000e+00,0.000000e+00,0.0000,0.0000,0
50,features.9,346,pruned_before,nan,0.000000e+00,0.000000e+00,0.0000,0.0000,0
50,features.9,347,pruned_before,nan,0.000000e+00,0.000000e+00,0.0000,0.0000,0
50,features.9,348,active,0.003389,5.614671e-08,7.207407e-07,0.0558,0.0100,137
50,features.9,349,pruned_before,nan,0.000000e+00,0.000000e+00,0.0000,0.0000,0
50,features.9,350,pruned_before,nan,0.000000e+00,0.000000e+00,0.0000,0.0000,0
50,features.9,351,pruned_before,nan,0.000000e+00,0.000000e+00,0.0000,0.0000,0
50,features.9,352,pruned_before,nan,0.000000e+00,0.000000e+00,0.0000,0.0000,0
50,features.9,353,active,0.105724,3.230042e-08,8.756650e-06,0.0321,0.1210,137
50,features.9,354,pruned_before,nan,0.000000e+00,0.000000e+00,0.0000,0.0000,0
50,features.9,355,pruned_before,nan,0.000000e+00,0.000000e+00,0.0000,0.0000,0
50,features.9,356,pruned_before,nan,0.000000e+00,0.000000e+00,0.0000,0.0000,0
50,features.9,357,pruned_before,nan,0.000000e+00,0.000000e+00,0.0000,0.0000,0
50,features.9,358,pruned_before,nan,0.000000e+00,0.000000e+00,0.0000,0.0000,0
50,features.9,359,pruned_before,nan,0.000000e+00,0.000000e+00,0.0000,0.0000,0
50,features.9,360,pruned_before,nan,0.000000e+00,0.000000e+00,0.0000,0.0000,0
50,features.9,361,pruned_before,nan,0.000000e+00,0.000000e+00,0.0000,0.0000,0
50,features.9,362,pruned_before,nan,0.000000e+00,0.000000e+00,0.0000,0.0000,0
50,features.9,363,pruned_before,nan,0.000000e+00,0.000000e+00,0.0000,0.0000,0
50,features.9,364,pruned_before,nan,0.000000e+00,0.000000e+00,0.0000,0.0000,0
50,features.9,365,pruned_before,nan,0.000000e+00,0.000000e+00,0.0000,0.0000,0
50,features.9,366,pruned_before,nan,0.000000e+00,0.000000e+00,0.0000,0.0000,0
50,features.9,367,pruned_before,nan,0.000000e+00,0.000000e+00,0.0000,0.0000,0
50,features.9,368,pruned_before,nan,0.000000e+00,0.000000e+00,0.0000,0.0000,0
50,features.9,369,active,0.059254,2.527654e-08,4.965049e-06,0.0251,0.0686,137
50,features.9,370,active,0.006247,5.840561e-09,5.487681e-07,0.0058,0.0076,137
50,features.9,371,pruned_before,nan,0.000000e+00,0.000000e+00,0.0000,0.0000,0
50,features.9,372,pruned_before,nan,0.000000e+00,0.000000e+00,0.0000,0.0000,0
50,features.9,373,pruned_before,nan,0.000000e+00,0.000000e+00,0.0000,0.0000,0
50,features.9,374,pruned_before,nan,0.000000e+00,0.000000e+00,0.0000,0.0000,0
50,features.9,375,pruned_before,nan,0.000000e+00,0.000000e+00,0.0000,0.0000,0
50,features.9,376,pruned_before,nan,0.000000e+00,0.000000e+00,0.0000,0.0000,0
50,features.9,377,active,0.011038,8.610417e-08,1.574754e-06,0.0855,0.0218,137
50,features.9,378,active,0.135336,2.514727e-08,1.107995e-05,0.0250,0.1531,137
50,features.9,379,pruned_before,nan,0.000000e+00,0.000000e+00,0.0000,0.0000,0
50,features.9,380,pruned_before,nan,0.000000e+00,0.000000e+00,0.0000,0.0000,0
50,features.9,381,pruned_before,nan,0.000000e+00,0.000000e+00,0.0000,0.0000,0
50,features.9,382,pruned_before,nan,0.000000e+00,0.000000e+00,0.0000,0.0000,0
50,features.9,383,pruned_before,nan,0.000000e+00,0.000000e+00,0.0000,0.0000,0
50,features.10,0,pruned_before,nan,0.000000e+00,0.000000e+00,0.0000,0.0000,0
50,features.10,1,pruned_before,nan,0.000000e+00,0.000000e+00,0.0000,0.0000,0
50,features.10,2,pruned_before,nan,0.000000e+00,0.000000e+00,0.0000,0.0000,0
50,features.10,3,pruned_before,nan,0.000000e+00,0.000000e+00,0.0000,0.0000,0
50,features.10,4,active,0.034122,2.618884e-08,1.705658e-06,0.0437,0.0428,137
50,features.10,5,pruned_before,nan,0.000000e+00,0.000000e+00,0.0000,0.0000,0
50,features.10,6,pruned_before,nan,0.000000e+00,0.000000e+00,0.0000,0.0000,0
50,features.10,7,pruned_before,nan,0.000000e+00,0.000000e+00,0.0000,0.0000,0
50,features.10,8,active,0.062657,4.010698e-08,3.073022e-06,0.0669,0.0771,137
50,features.10,9,pruned_before,nan,0.000000e+00,0.000000e+00,0.0000,0.0000,0
50,features.10,10,pruned_before,nan,0.000000e+00,0.000000e+00,0.0000,0.0000,0
50,features.10,11,active,0.015723,7.229189e-08,1.231161e-06,0.1206,0.0309,137
50,features.10,12,pruned_before,nan,0.000000e+00,0.000000e+00,0.0000,0.0000,0
50,features.10,13,pruned_before,nan,0.000000e+00,0.000000e+00,0.0000,0.0000,0
50,features.10,14,pruned_before,nan,0.000000e+00,0.000000e+00,0.0000,0.0000,0
50,features.10,15,pruned_before,nan,0.000000e+00,0.000000e+00,0.0000,0.0000,0
50,features.10,16,pruned_before,nan,0.000000e+00,0.000000e+00,0.0000,0.0000,0
50,features.10,17,pruned_before,nan,0.000000e+00,0.000000e+00,0.0000,0.0000,0
50,features.10,18,active,0.009693,7.053853e-09,4.816629e-07,0.0118,0.0121,137
50,features.10,19,active,0.029876,6.132115e-08,1.777246e-06,0.1023,0.0446,137
50,features.10,20,pruned_before,nan,0.000000e+00,0.000000e+00,0.0000,0.0000,0
50,features.10,21,pruned_before,nan,0.000000e+00,0.000000e+00,0.0000,0.0000,0
50,features.10,22,pruned_before,nan,0.000000e+00,0.000000e+00,0.0000,0.0000,0
50,features.10,23,pruned_before,nan,0.000000e+00,0.000000e+00,0.0000,0.0000,0
50,features.10,24,active,0.093598,7.355408e-08,4.691412e-06,0.1227,0.1176,137
50,features.10,25,pruned_before,nan,0.000000e+00,0.000000e+00,0.0000,0.0000,0
50,features.10,26,pruned_before,nan,0.000000e+00,0.000000e+00,0.0000,0.0000,0
50,features.10,27,pruned_before,nan,0.000000e+00,0.000000e+00,0.0000,0.0000,0
50,features.10,28,pruned_before,nan,0.000000e+00,0.000000e+00,0.0000,0.0000,0
50,features.10,29,pruned_before,nan,0.000000e+00,0.000000e+00,0.0000,0.0000,0
50,features.10,30,pruned_before,nan,0.000000e+00,0.000000e+00,0.0000,0.0000,0
50,features.10,31,pruned_before,nan,0.000000e+00,0.000000e+00,0.0000,0.0000,0
50,features.10,32,pruned_before,nan,0.000000e+00,0.000000e+00,0.0000,0.0000,0
50,features.10,33,pruned_before,nan,0.000000e+00,0.000000e+00,0.0000,0.0000,0
50,features.10,34,pruned_before,nan,0.000000e+00,0.000000e+00,0.0000,0.0000,0
50,features.10,35,pruned_before,nan,0.000000e+00,0.000000e+00,0.0000,0.0000,0
50,features.10,36,pruned_before,nan,0.000000e+00,0.000000e+00,0.0000,0.0000,0
50,features.10,37,pruned_before,nan,0.000000e+00,0.000000e+00,0.0000,0.0000,0
50,features.10,38,active,0.012886,1.271191e-07,1.510771e-06,0.2121,0.0379,137
50,features.10,39,pruned_before,nan,0.000000e+00,0.000000e+00,0.0000,0.0000,0
50,features.10,40,pruned_before,nan,0.000000e+00,0.000000e+00,0.0000,0.0000,0
50,features.10,41,pruned_before,nan,0.000000e+00,0.000000e+00,0.0000,0.0000,0
50,features.10,42,pruned_before,nan,0.000000e+00,0.000000e+00,0.0000,0.0000,0
50,features.10,43,pruned_before,nan,0.000000e+00,0.000000e+00,0.0000,0.0000,0
50,features.10,44,pruned_before,nan,0.000000e+00,0.000000e+00,0.0000,0.0000,0
50,features.10,45,pruned_before,nan,0.000000e+00,0.000000e+00,0.0000,0.0000,0
50,features.10,46,active,0.029749,3.844197e-08,1.602452e-06,0.0641,0.0402,137
50,features.10,47,pruned_before,nan,0.000000e+00,0.000000e+00,0.0000,0.0000,0
50,features.10,48,pruned_before,nan,0.000000e+00,0.000000e+00,0.0000,0.0000,0
50,features.10,49,pruned_before,nan,0.000000e+00,0.000000e+00,0.0000,0.0000,0
50,features.10,50,pruned_before,nan,0.000000e+00,0.000000e+00,0.0000,0.0000,0
50,features.10,51,pruned_before,nan,0.000000e+00,0.000000e+00,0.0000,0.0000,0
50,features.10,52,pruned_before,nan,0.000000e+00,0.000000e+00,0.0000,0.0000,0
50,features.10,53,pruned_before,nan,0.000000e+00,0.000000e+00,0.0000,0.0000,0
50,features.10,54,pruned_before,nan,0.000000e+00,0.000000e+00,0.0000,0.0000,0
50,features.10,55,pruned_before,nan,0.000000e+00,0.000000e+00,0.0000,0.0000,0
50,features.10,56,pruned_before,nan,0.000000e+00,0.000000e+00,0.0000,0.0000,0
50,features.10,57,pruned_before,nan,0.000000e+00,0.000000e+00,0.0000,0.0000,0
50,features.10,58,pruned_before,nan,0.000000e+00,0.000000e+00,0.0000,0.0000,0
50,features.10,59,pruned_before,nan,0.000000e+00,0.000000e+00,0.0000,0.0000,0
50,features.10,60,active,0.016131,2.341154e-08,8.878706e-07,0.0391,0.0223,137
50,features.10,61,pruned_before,nan,0.000000e+00,0.000000e+00,0.0000,0.0000,0
50,features.10,62,active,0.158412,6.669753e-08,7.512823e-06,0.1113,0.1884,137
50,features.10,63,pruned_before,nan,0.000000e+00,0.000000e+00,0.0000,0.0000,0
50,features.10,64,pruned_before,nan,0.000000e+00,0.000000e+00,0.0000,0.0000,0
50,features.10,65,active,0.034715,1.497284e-09,1.549407e-06,0.0025,0.0388,137
50,features.10,66,active,0.083798,2.884947e-08,3.926638e-06,0.0481,0.0985,137
50,features.10,67,pruned_before,nan,0.000000e+00,0.000000e+00,0.0000,0.0000,0
50,features.10,68,pruned_before,nan,0.000000e+00,0.000000e+00,0.0000,0.0000,0
50,features.10,69,pruned_before,nan,0.000000e+00,0.000000e+00,0.0000,0.0000,0
50,features.10,70,pruned_before,nan,0.000000e+00,0.000000e+00,0.0000,0.0000,0
50,features.10,71,pruned_before,nan,0.000000e+00,0.000000e+00,0.0000,0.0000,0
50,features.10,72,pruned_before,nan,0.000000e+00,0.000000e+00,0.0000,0.0000,0
50,features.10,73,pruned_before,nan,0.000000e+00,0.000000e+00,0.0000,0.0000,0
50,features.10,74,pruned_before,nan,0.000000e+00,0.000000e+00,0.0000,0.0000,0
50,features.10,75,pruned_before,nan,0.000000e+00,0.000000e+00,0.0000,0.0000,0
50,features.10,76,pruned_before,nan,0.000000e+00,0.000000e+00,0.0000,0.0000,0
50,features.10,77,pruned_before,nan,0.000000e+00,0.000000e+00,0.0000,0.0000,0
50,features.10,78,pruned_before,nan,0.000000e+00,0.000000e+00,0.0000,0.0000,0
50,features.10,79,pruned_before,nan,0.000000e+00,0.000000e+00,0.0000,0.0000,0
50,features.10,80,pruned_before,nan,0.000000e+00,0.000000e+00,0.0000,0.0000,0
50,features.10,81,pruned_before,nan,0.000000e+00,0.000000e+00,0.0000,0.0000,0
50,features.10,82,pruned_before,nan,0.000000e+00,0.000000e+00,0.0000,0.0000,0
50,features.10,83,pruned_before,nan,0.000000e+00,0.000000e+00,0.0000,0.0000,0
50,features.10,84,pruned_before,nan,0.000000e+00,0.000000e+00,0.0000,0.0000,0
50,features.10,85,pruned_before,nan,0.000000e+00,0.000000e+00,0.0000,0.0000,0
50,features.10,86,pruned_before,nan,0.000000e+00,0.000000e+00,0.0000,0.0000,0
50,features.10,87,active,0.365433,6.235636e-08,1.665449e-05,0.1040,0.4176,137
50,features.10,88,pruned_before,nan,0.000000e+00,0.000000e+00,0.0000,0.0000,0
50,features.10,89,pruned_before,nan,0.000000e+00,0.000000e+00,0.0000,0.0000,0
50,features.10,90,pruned_before,nan,0.000000e+00,0.000000e+00,0.0000,0.0000,0
50,features.10,91,active,0.077673,3.809263e-09,3.470112e-06,0.0064,0.0870,137
50,features.10,92,pruned_before,nan,0.000000e+00,0.000000e+00,0.0000,0.0000,0
50,features.10,93,active,0.263625,9.106328e-08,1.235530e-05,0.1519,0.3098,137
50,features.10,94,pruned_before,nan,0.000000e+00,0.000000e+00,0.0000,0.0000,0
50,features.10,95,pruned_before,nan,0.000000e+00,0.000000e+00,0.0000,0.0000,0
50,features.10,96,pruned_before,nan,0.000000e+00,0.000000e+00,0.0000,0.0000,0
50,features.10,97,pruned_before,nan,0.000000e+00,0.000000e+00,0.0000,0.0000,0
50,features.10,98,active,0.032287,9.000842e-08,2.096164e-06,0.1502,0.0526,137
50,features.10,99,pruned_before,nan,0.000000e+00,0.000000e+00,0.0000,0.0000,0
50,features.10,100,pruned_before,nan,0.000000e+00,0.000000e+00,0.0000,0.0000,0
50,features.10,101,active,0.091139,6.236831e-08,4.499718e-06,0.1040,0.1128,137
50,features.10,102,pruned_before,nan,0.000000e+00,0.000000e+00,0.0000,0.0000,0
50,features.10,103,pruned_before,nan,0.000000e+00,0.000000e+00,0.0000,0.0000,0
50,features.10,104,pruned_before,nan,0.000000e+00,0.000000e+00,0.0000,0.0000,0
50,features.10,105,pruned_before,nan,0.000000e+00,0.000000e+00,0.0000,0.0000,0
50,features.10,106,pruned_before,nan,0.000000e+00,0.000000e+00,0.0000,0.0000,0
50,features.10,107,active,0.004067,1.734075e-08,3.084136e-07,0.0289,0.0077,137
50,features.10,108,pruned_before,nan,0.000000e+00,0.000000e+00,0.0000,0.0000,0
50,features.10,109,active,0.015296,1.884239e-08,8.171147e-07,0.0314,0.0205,137
50,features.10,110,active,0.131488,1.063677e-07,6.613019e-06,0.1775,0.1658,137
50,features.10,111,pruned_before,nan,0.000000e+00,0.000000e+00,0.0000,0.0000,0
50,features.10,112,pruned_before,nan,0.000000e+00,0.000000e+00,0.0000,0.0000,0
50,features.10,113,active,0.075057,2.083877e-08,3.480071e-06,0.0348,0.0873,137
50,features.10,114,pruned_before,nan,0.000000e+00,0.000000e+00,0.0000,0.0000,0
50,features.10,115,pruned_before,nan,0.000000e+00,0.000000e+00,0.0000,0.0000,0
50,features.10,116,active,0.004346,9.705909e-08,9.101361e-07,0.1619,0.0228,137
50,features.10,117,pruned_before,nan,0.000000e+00,0.000000e+00,0.0000,0.0000,0
50,features.10,118,pruned_before,nan,0.000000e+00,0.000000e+00,0.0000,0.0000,0
50,features.10,119,pruned_before,nan,0.000000e+00,0.000000e+00,0.0000,0.0000,0
50,features.10,120,pruned_before,nan,0.000000e+00,0.000000e+00,0.0000,0.0000,0
50,features.10,121,pruned_before,nan,0.000000e+00,0.000000e+00,0.0000,0.0000,0
50,features.10,122,pruned_before,nan,0.000000e+00,0.000000e+00,0.0000,0.0000,0
50,features.10,123,active,0.127031,2.328150e-07,7.350280e-06,0.3884,0.1843,137
50,features.10,124,pruned_before,nan,0.000000e+00,0.000000e+00,0.0000,0.0000,0
50,features.10,125,pruned_before,nan,0.000000e+00,0.000000e+00,0.0000,0.0000,0
50,features.10,126,pruned_before,nan,0.000000e+00,0.000000e+00,0.0000,0.0000,0
50,features.10,127,pruned_before,nan,0.000000e+00,0.000000e+00,0.0000,0.0000,0
50,features.10,128,pruned_before,nan,0.000000e+00,0.000000e+00,0.0000,0.0000,0
50,features.10,129,pruned_before,nan,0.000000e+00,0.000000e+00,0.0000,0.0000,0
50,features.10,130,active,0.019700,9.270795e-09,9.415158e-07,0.0155,0.0236,137
50,features.10,131,pruned_before,nan,0.000000e+00,0.000000e+00,0.0000,0.0000,0
50,features.10,132,pruned_before,nan,0.000000e+00,0.000000e+00,0.0000,0.0000,0
50,features.10,133,pruned_before,nan,0.000000e+00,0.000000e+00,0.0000,0.0000,0
50,features.10,134,pruned_before,nan,0.000000e+00,0.000000e+00,0.0000,0.0000,0
50,features.10,135,pruned_before,nan,0.000000e+00,0.000000e+00,0.0000,0.0000,0
50,features.10,136,pruned_before,nan,0.000000e+00,0.000000e+00,0.0000,0.0000,0
50,features.10,137,active,0.014247,1.131946e-08,7.150259e-07,0.0189,0.0179,137
50,features.10,138,pruned_before,nan,0.000000e+00,0.000000e+00,0.0000,0.0000,0
50,features.10,139,active,0.122727,1.645925e-08,5.560129e-06,0.0275,0.1394,137
50,features.10,140,pruned_before,nan,0.000000e+00,0.000000e+00,0.0000,0.0000,0
50,features.10,141,pruned_before,nan,0.000000e+00,0.000000e+00,0.0000,0.0000,0
50,features.10,142,active,0.016659,2.476671e-08,9.213288e-07,0.0413,0.0231,137
50,features.10,143,pruned_before,nan,0.000000e+00,0.000000e+00,0.0000,0.0000,0
50,features.10,144,pruned_before,nan,0.000000e+00,0.000000e+00,0.0000,0.0000,0
50,features.10,145,pruned_before,nan,0.000000e+00,0.000000e+00,0.0000,0.0000,0
50,features.10,146,pruned_before,nan,0.000000e+00,0.000000e+00,0.0000,0.0000,0
50,features.10,147,pruned_before,nan,0.000000e+00,0.000000e+00,0.0000,0.0000,0
50,features.10,148,pruned_before,nan,0.000000e+00,0.000000e+00,0.0000,0.0000,0
50,features.10,149,pruned_before,nan,0.000000e+00,0.000000e+00,0.0000,0.0000,0
50,features.10,150,active,0.022671,1.254329e-08,1.097360e-06,0.0209,0.0275,137
50,features.10,151,pruned_before,nan,0.000000e+00,0.000000e+00,0.0000,0.0000,0
50,features.10,152,pruned_before,nan,0.000000e+00,0.000000e+00,0.0000,0.0000,0
50,features.10,153,pruned_before,nan,0.000000e+00,0.000000e+00,0.0000,0.0000,0
50,features.10,154,active,0.047091,2.287837e-08,2.255883e-06,0.0382,0.0566,137
50,features.10,155,pruned_before,nan,0.000000e+00,0.000000e+00,0.0000,0.0000,0
50,features.10,156,pruned_before,nan,0.000000e+00,0.000000e+00,0.0000,0.0000,0
50,features.10,157,pruned_before,nan,0.000000e+00,0.000000e+00,0.0000,0.0000,0
50,features.10,158,pruned_before,nan,0.000000e+00,0.000000e+00,0.0000,0.0000,0
50,features.10,159,pruned_before,nan,0.000000e+00,0.000000e+00,0.0000,0.0000,0
50,features.10,160,pruned_before,nan,0.000000e+00,0.000000e+00,0.0000,0.0000,0
50,features.10,161,pruned_before,nan,0.000000e+00,0.000000e+00,0.0000,0.0000,0
50,features.10,162,pruned_before,nan,0.000000e+00,0.000000e+00,0.0000,0.0000,0
50,features.10,163,pruned_before,nan,0.000000e+00,0.000000e+00,0.0000,0.0000,0
50,features.10,164,pruned_before,nan,0.000000e+00,0.000000e+00,0.0000,0.0000,0
50,features.10,165,pruned_before,nan,0.000000e+00,0.000000e+00,0.0000,0.0000,0
50,features.10,166,active,0.015889,6.040394e-09,7.487685e-07,0.0101,0.0188,137
50,features.10,167,pruned_before,nan,0.000000e+00,0.000000e+00,0.0000,0.0000,0
50,features.10,168,pruned_before,nan,0.000000e+00,0.000000e+00,0.0000,0.0000,0
50,features.10,169,pruned_before,nan,0.000000e+00,0.000000e+00,0.0000,0.0000,0
50,features.10,170,pruned_before,nan,0.000000e+00,0.000000e+00,0.0000,0.0000,0
50,features.10,171,pruned_before,nan,0.000000e+00,0.000000e+00,0.0000,0.0000,0
50,features.10,172,pruned_before,nan,0.000000e+00,0.000000e+00,0.0000,0.0000,0
50,features.10,173,pruned_before,nan,0.000000e+00,0.000000e+00,0.0000,0.0000,0
50,features.10,174,pruned_before,nan,0.000000e+00,0.000000e+00,0.0000,0.0000,0
50,features.10,175,active,0.024747,1.374055e-07,2.112405e-06,0.2292,0.0530,137
50,features.10,176,active,0.032585,4.850228e-08,1.802509e-06,0.0809,0.0452,137
50,features.10,177,active,0.289781,6.443978e-08,1.331752e-05,0.1075,0.3339,137
50,features.10,178,pruned_before,nan,0.000000e+00,0.000000e+00,0.0000,0.0000,0
50,features.10,179,pruned_before,nan,0.000000e+00,0.000000e+00,0.0000,0.0000,0
50,features.10,180,pruned_before,nan,0.000000e+00,0.000000e+00,0.0000,0.0000,0
50,features.10,181,pruned_before,nan,0.000000e+00,0.000000e+00,0.0000,0.0000,0
50,features.10,182,pruned_before,nan,0.000000e+00,0.000000e+00,0.0000,0.0000,0
50,features.10,183,pruned_before,nan,0.000000e+00,0.000000e+00,0.0000,0.0000,0
50,features.10,184,pruned_before,nan,0.000000e+00,0.000000e+00,0.0000,0.0000,0
50,features.10,185,pruned_before,nan,0.000000e+00,0.000000e+00,0.0000,0.0000,0
50,features.10,186,pruned_before,nan,0.000000e+00,0.000000e+00,0.0000,0.0000,0
50,features.10,187,pruned_before,nan,0.000000e+00,0.000000e+00,0.0000,0.0000,0
50,features.10,188,pruned_before,nan,0.000000e+00,0.000000e+00,0.0000,0.0000,0
50,features.10,189,pruned_before,nan,0.000000e+00,0.000000e+00,0.0000,0.0000,0
50,features.10,190,pruned_before,nan,0.000000e+00,0.000000e+00,0.0000,0.0000,0
50,features.10,191,pruned_before,nan,0.000000e+00,0.000000e+00,0.0000,0.0000,0
50,features.10,192,pruned_before,nan,0.000000e+00,0.000000e+00,0.0000,0.0000,0
50,features.10,193,pruned_before,nan,0.000000e+00,0.000000e+00,0.0000,0.0000,0
50,features.10,194,pruned_before,nan,0.000000e+00,0.000000e+00,0.0000,0.0000,0
50,features.10,195,pruned_before,nan,0.000000e+00,0.000000e+00,0.0000,0.0000,0
50,features.10,196,pruned_before,nan,0.000000e+00,0.000000e+00,0.0000,0.0000,0
50,features.10,197,pruned_before,nan,0.000000e+00,0.000000e+00,0.0000,0.0000,0
50,features.10,198,pruned_before,nan,0.000000e+00,0.000000e+00,0.0000,0.0000,0
50,features.10,199,pruned_before,nan,0.000000e+00,0.000000e+00,0.0000,0.0000,0
50,features.10,200,active,0.024772,2.456352e-08,1.279332e-06,0.0410,0.0321,137
50,features.10,201,active,0.026513,4.407361e-09,1.207466e-06,0.0074,0.0303,137
50,features.10,202,pruned_before,nan,0.000000e+00,0.000000e+00,0.0000,0.0000,0
50,features.10,203,pruned_before,nan,0.000000e+00,0.000000e+00,0.0000,0.0000,0
50,features.10,204,pruned_before,nan,0.000000e+00,0.000000e+00,0.0000,0.0000,0
50,features.10,205,pruned_before,nan,0.000000e+00,0.000000e+00,0.0000,0.0000,0
50,features.10,206,pruned_before,nan,0.000000e+00,0.000000e+00,0.0000,0.0000,0
50,features.10,207,pruned_before,nan,0.000000e+00,0.000000e+00,0.0000,0.0000,0
50,features.10,208,pruned_before,nan,0.000000e+00,0.000000e+00,0.0000,0.0000,0
50,features.10,209,pruned_before,nan,0.000000e+00,0.000000e+00,0.0000,0.0000,0
50,features.10,210,pruned_before,nan,0.000000e+00,0.000000e+00,0.0000,0.0000,0
50,features.10,211,pruned_before,nan,0.000000e+00,0.000000e+00,0.0000,0.0000,0
50,features.10,212,pruned_before,nan,0.000000e+00,0.000000e+00,0.0000,0.0000,0
50,features.10,213,pruned_before,nan,0.000000e+00,0.000000e+00,0.0000,0.0000,0
50,features.10,214,pruned_before,nan,0.000000e+00,0.000000e+00,0.0000,0.0000,0
50,features.10,215,pruned_before,nan,0.000000e+00,0.000000e+00,0.0000,0.0000,0
50,features.10,216,pruned_before,nan,0.000000e+00,0.000000e+00,0.0000,0.0000,0
50,features.10,217,pruned_before,nan,0.000000e+00,0.000000e+00,0.0000,0.0000,0
50,features.10,218,active,0.007011,6.393243e-08,7.833091e-07,0.1067,0.0196,137
50,features.10,219,pruned_before,nan,0.000000e+00,0.000000e+00,0.0000,0.0000,0
50,features.10,220,pruned_before,nan,0.000000e+00,0.000000e+00,0.0000,0.0000,0
50,features.10,221,pruned_before,nan,0.000000e+00,0.000000e+00,0.0000,0.0000,0
50,features.10,222,pruned_before,nan,0.000000e+00,0.000000e+00,0.0000,0.0000,0
50,features.10,223,pruned_before,nan,0.000000e+00,0.000000e+00,0.0000,0.0000,0
50,features.10,224,pruned_before,nan,0.000000e+00,0.000000e+00,0.0000,0.0000,0
50,features.10,225,pruned_before,nan,0.000000e+00,0.000000e+00,0.0000,0.0000,0
50,features.10,226,pruned_before,nan,0.000000e+00,0.000000e+00,0.0000,0.0000,0
50,features.10,227,pruned_before,nan,0.000000e+00,0.000000e+00,0.0000,0.0000,0
50,features.10,228,pruned_before,nan,0.000000e+00,0.000000e+00,0.0000,0.0000,0
50,features.10,229,pruned_before,nan,0.000000e+00,0.000000e+00,0.0000,0.0000,0
50,features.10,230,pruned_before,nan,0.000000e+00,0.000000e+00,0.0000,0.0000,0
50,features.10,231,pruned_before,nan,0.000000e+00,0.000000e+00,0.0000,0.0000,0
50,features.10,232,pruned_before,nan,0.000000e+00,0.000000e+00,0.0000,0.0000,0
50,features.10,233,active,0.062627,8.289915e-08,3.388056e-06,0.1383,0.0850,137
50,features.10,234,pruned_before,nan,0.000000e+00,0.000000e+00,0.0000,0.0000,0
50,features.10,235,active,0.143328,2.177333e-07,7.960959e-06,0.3632,0.1996,137
50,features.10,236,pruned_before,nan,0.000000e+00,0.000000e+00,0.0000,0.0000,0
50,features.10,237,active,0.108027,5.222213e-08,5.173088e-06,0.0871,0.1297,137
50,features.10,238,pruned_before,nan,0.000000e+00,0.000000e+00,0.0000,0.0000,0
50,features.10,239,pruned_before,nan,0.000000e+00,0.000000e+00,0.0000,0.0000,0
50,features.10,240,pruned_before,nan,0.000000e+00,0.000000e+00,0.0000,0.0000,0
50,features.10,241,pruned_before,nan,0.000000e+00,0.000000e+00,0.0000,0.0000,0
50,features.10,242,pruned_before,nan,0.000000e+00,0.000000e+00,0.0000,0.0000,0
50,features.10,243,active,0.056033,3.159437e-08,2.716576e-06,0.0527,0.0681,137
50,features.10,244,active,0.069399,7.312465e-08,3.615868e-06,0.1220,0.0907,137
50,features.10,245,pruned_before,nan,0.000000e+00,0.000000e+00,0.0000,0.0000,0
50,features.10,246,pruned_before,nan,0.000000e+00,0.000000e+00,0.0000,0.0000,0
50,features.10,247,protected,0.886200,8.271967e-08,3.988190e-05,0.1380,1.0000,137
50,features.10,248,pruned_before,nan,0.000000e+00,0.000000e+00,0.0000,0.0000,0
50,features.10,249,active,0.052980,3.179898e-07,4.698512e-06,0.5305,0.1178,137
50,features.10,250,pruned_before,nan,0.000000e+00,0.000000e+00,0.0000,0.0000,0
50,features.10,251,pruned_before,nan,0.000000e+00,0.000000e+00,0.0000,0.0000,0
50,features.10,252,pruned_before,nan,0.000000e+00,0.000000e+00,0.0000,0.0000,0
50,features.10,253,pruned_before,nan,0.000000e+00,0.000000e+00,0.0000,0.0000,0
50,features.10,254,pruned_before,nan,0.000000e+00,0.000000e+00,0.0000,0.0000,0
50,features.10,255,pruned_before,nan,0.000000e+00,0.000000e+00,0.0000,0.0000,0
50,features.10,256,active,0.041770,7.478081e-08,2.403810e-06,0.1248,0.0603,137
50,features.10,257,pruned_before,nan,0.000000e+00,0.000000e+00,0.0000,0.0000,0
50,features.10,258,pruned_before,nan,0.000000e+00,0.000000e+00,0.0000,0.0000,0
50,features.10,259,pruned_before,nan,0.000000e+00,0.000000e+00,0.0000,0.0000,0
50,features.10,260,pruned_before,nan,0.000000e+00,0.000000e+00,0.0000,0.0000,0
50,features.10,261,active,0.037852,8.642411e-08,2.316253e-06,0.1442,0.0581,137
50,features.10,262,pruned_before,nan,0.000000e+00,0.000000e+00,0.0000,0.0000,0
50,features.10,263,pruned_before,nan,0.000000e+00,0.000000e+00,0.0000,0.0000,0
50,features.10,264,pruned_now,-0.001110,1.197347e-07,8.359646e-07,0.1998,0.0210,137
50,features.10,265,pruned_before,nan,0.000000e+00,0.000000e+00,0.0000,0.0000,0
50,features.10,266,pruned_before,nan,0.000000e+00,0.000000e+00,0.0000,0.0000,0
50,features.10,267,active,0.136397,5.450071e-08,6.447106e-06,0.0909,0.1617,137
50,features.10,268,active,0.103015,6.818983e-08,5.069046e-06,0.1138,0.1271,137
50,features.10,269,pruned_before,nan,0.000000e+00,0.000000e+00,0.0000,0.0000,0
50,features.10,270,pruned_before,nan,0.000000e+00,0.000000e+00,0.0000,0.0000,0
50,features.10,271,pruned_before,nan,0.000000e+00,0.000000e+00,0.0000,0.0000,0
50,features.10,272,pruned_before,nan,0.000000e+00,0.000000e+00,0.0000,0.0000,0
50,features.10,273,active,0.004883,5.800277e-07,4.504352e-06,0.9677,0.1129,137
50,features.10,274,pruned_before,nan,0.000000e+00,0.000000e+00,0.0000,0.0000,0
50,features.10,275,pruned_before,nan,0.000000e+00,0.000000e+00,0.0000,0.0000,0
50,features.10,276,pruned_before,nan,0.000000e+00,0.000000e+00,0.0000,0.0000,0
50,features.10,277,pruned_before,nan,0.000000e+00,0.000000e+00,0.0000,0.0000,0
50,features.10,278,pruned_before,nan,0.000000e+00,0.000000e+00,0.0000,0.0000,0
50,features.10,279,pruned_before,nan,0.000000e+00,0.000000e+00,0.0000,0.0000,0
50,features.10,280,pruned_before,nan,0.000000e+00,0.000000e+00,0.0000,0.0000,0
50,features.10,281,pruned_before,nan,0.000000e+00,0.000000e+00,0.0000,0.0000,0
50,features.10,282,pruned_before,nan,0.000000e+00,0.000000e+00,0.0000,0.0000,0
50,features.10,283,pruned_before,nan,0.000000e+00,0.000000e+00,0.0000,0.0000,0
50,features.10,284,pruned_before,nan,0.000000e+00,0.000000e+00,0.0000,0.0000,0
50,features.10,285,pruned_before,nan,0.000000e+00,0.000000e+00,0.0000,0.0000,0
50,features.10,286,pruned_before,nan,0.000000e+00,0.000000e+00,0.0000,0.0000,0
50,features.10,287,pruned_before,nan,0.000000e+00,0.000000e+00,0.0000,0.0000,0
50,features.10,288,pruned_before,nan,0.000000e+00,0.000000e+00,0.0000,0.0000,0
50,features.10,289,active,0.058308,7.854423e-08,3.164476e-06,0.1310,0.0793,137
50,features.10,290,pruned_before,nan,0.000000e+00,0.000000e+00,0.0000,0.0000,0
50,features.10,291,active,0.076889,1.474740e-07,4.497452e-06,0.2460,0.1128,137
50,features.10,292,active,0.027364,7.727770e-08,1.783871e-06,0.1289,0.0447,137
50,features.10,293,active,0.025341,6.345017e-09,1.169851e-06,0.0106,0.0293,137
50,features.10,294,active,0.012712,1.324192e-07,1.542269e-06,0.2209,0.0387,137
50,features.10,295,active,0.021918,8.304323e-08,1.585183e-06,0.1385,0.0397,137
50,features.10,296,pruned_before,nan,0.000000e+00,0.000000e+00,0.0000,0.0000,0
50,features.10,297,pruned_before,nan,0.000000e+00,0.000000e+00,0.0000,0.0000,0
50,features.10,298,pruned_before,nan,0.000000e+00,0.000000e+00,0.0000,0.0000,0
50,features.10,299,pruned_before,nan,0.000000e+00,0.000000e+00,0.0000,0.0000,0
50,features.10,300,pruned_before,nan,0.000000e+00,0.000000e+00,0.0000,0.0000,0
50,features.10,301,active,0.043697,4.814322e-08,2.292260e-06,0.0803,0.0575,137
50,features.10,302,pruned_now,-0.004287,5.994156e-07,4.241364e-06,1.0000,0.1063,137
50,features.10,303,pruned_before,nan,0.000000e+00,0.000000e+00,0.0000,0.0000,0
50,features.10,304,pruned_before,nan,0.000000e+00,0.000000e+00,0.0000,0.0000,0
50,features.10,305,pruned_before,nan,0.000000e+00,0.000000e+00,0.0000,0.0000,0
50,features.10,306,pruned_before,nan,0.000000e+00,0.000000e+00,0.0000,0.0000,0
50,features.10,307,pruned_before,nan,0.000000e+00,0.000000e+00,0.0000,0.0000,0
50,features.10,308,pruned_before,nan,0.000000e+00,0.000000e+00,0.0000,0.0000,0
50,features.10,309,pruned_before,nan,0.000000e+00,0.000000e+00,0.0000,0.0000,0
50,features.10,310,pruned_before,nan,0.000000e+00,0.000000e+00,0.0000,0.0000,0
50,features.10,311,active,0.006444,1.265039e-08,3.790768e-07,0.0211,0.0095,137
50,features.10,312,pruned_before,nan,0.000000e+00,0.000000e+00,0.0000,0.0000,0
50,features.10,313,pruned_before,nan,0.000000e+00,0.000000e+00,0.0000,0.0000,0
50,features.10,314,pruned_before,nan,0.000000e+00,0.000000e+00,0.0000,0.0000,0
50,features.10,315,pruned_before,nan,0.000000e+00,0.000000e+00,0.0000,0.0000,0
50,features.10,316,pruned_before,nan,0.000000e+00,0.000000e+00,0.0000,0.0000,0
50,features.10,317,pruned_before,nan,0.000000e+00,0.000000e+00,0.0000,0.0000,0
50,features.10,318,pruned_before,nan,0.000000e+00,0.000000e+00,0.0000,0.0000,0
50,features.10,319,active,0.039081,4.350607e-08,2.053456e-06,0.0726,0.0515,137
50,features.10,320,pruned_before,nan,0.000000e+00,0.000000e+00,0.0000,0.0000,0
50,features.10,321,pruned_before,nan,0.000000e+00,0.000000e+00,0.0000,0.0000,0
50,features.10,322,pruned_before,nan,0.000000e+00,0.000000e+00,0.0000,0.0000,0
50,features.10,323,pruned_before,nan,0.000000e+00,0.000000e+00,0.0000,0.0000,0
50,features.10,324,pruned_before,nan,0.000000e+00,0.000000e+00,0.0000,0.0000,0
50,features.10,325,pruned_before,nan,0.000000e+00,0.000000e+00,0.0000,0.0000,0
50,features.10,326,pruned_before,nan,0.000000e+00,0.000000e+00,0.0000,0.0000,0
50,features.10,327,pruned_before,nan,0.000000e+00,0.000000e+00,0.0000,0.0000,0
50,features.10,328,pruned_before,nan,0.000000e+00,0.000000e+00,0.0000,0.0000,0
50,features.10,329,pruned_before,nan,0.000000e+00,0.000000e+00,0.0000,0.0000,0
50,features.10,330,pruned_before,nan,0.000000e+00,0.000000e+00,0.0000,0.0000,0
50,features.10,331,pruned_before,nan,0.000000e+00,0.000000e+00,0.0000,0.0000,0
50,features.10,332,pruned_now,-0.007784,1.649035e-07,8.741567e-07,0.2751,0.0219,137
50,features.10,333,pruned_before,nan,0.000000e+00,0.000000e+00,0.0000,0.0000,0
50,features.10,334,pruned_before,nan,0.000000e+00,0.000000e+00,0.0000,0.0000,0
50,features.10,335,pruned_before,nan,0.000000e+00,0.000000e+00,0.0000,0.0000,0
50,features.10,336,pruned_before,nan,0.000000e+00,0.000000e+00,0.0000,0.0000,0
50,features.10,337,pruned_before,nan,0.000000e+00,0.000000e+00,0.0000,0.0000,0
50,features.10,338,active,0.017624,1.176822e-07,1.650981e-06,0.1963,0.0414,137
50,features.10,339,pruned_before,nan,0.000000e+00,0.000000e+00,0.0000,0.0000,0
50,features.10,340,pruned_before,nan,0.000000e+00,0.000000e+00,0.0000,0.0000,0
50,features.10,341,pruned_before,nan,0.000000e+00,0.000000e+00,0.0000,0.0000,0
50,features.10,342,pruned_before,nan,0.000000e+00,0.000000e+00,0.0000,0.0000,0
50,features.10,343,pruned_before,nan,0.000000e+00,0.000000e+00,0.0000,0.0000,0
50,features.10,344,active,0.491030,2.771880e-07,2.380829e-05,0.4624,0.5970,137
50,features.10,345,pruned_before,nan,0.000000e+00,0.000000e+00,0.0000,0.0000,0
50,features.10,346,pruned_before,nan,0.000000e+00,0.000000e+00,0.0000,0.0000,0
50,features.10,347,pruned_before,nan,0.000000e+00,0.000000e+00,0.0000,0.0000,0
50,features.10,348,active,0.042449,2.309565e-08,2.051803e-06,0.0385,0.0514,137
50,features.10,349,pruned_before,nan,0.000000e+00,0.000000e+00,0.0000,0.0000,0
50,features.10,350,active,0.014626,1.213602e-08,7.378628e-07,0.0202,0.0185,137
50,features.10,351,pruned_before,nan,0.000000e+00,0.000000e+00,0.0000,0.0000,0
50,features.10,352,active,0.138291,3.728309e-08,6.403750e-06,0.0622,0.1606,137
50,features.10,353,active,0.015823,3.534505e-08,9.624786e-07,0.0590,0.0241,137
50,features.10,354,pruned_before,nan,0.000000e+00,0.000000e+00,0.0000,0.0000,0
50,features.10,355,pruned_before,nan,0.000000e+00,0.000000e+00,0.0000,0.0000,0
50,features.10,356,pruned_before,nan,0.000000e+00,0.000000e+00,0.0000,0.0000,0
50,features.10,357,pruned_before,nan,0.000000e+00,0.000000e+00,0.0000,0.0000,0
50,features.10,358,pruned_before,nan,0.000000e+00,0.000000e+00,0.0000,0.0000,0
50,features.10,359,pruned_before,nan,0.000000e+00,0.000000e+00,0.0000,0.0000,0
50,features.10,360,pruned_before,nan,0.000000e+00,0.000000e+00,0.0000,0.0000,0
50,features.10,361,active,0.158364,1.476571e-07,8.109187e-06,0.2463,0.2033,137
50,features.10,362,pruned_before,nan,0.000000e+00,0.000000e+00,0.0000,0.0000,0
50,features.10,363,pruned_before,nan,0.000000e+00,0.000000e+00,0.0000,0.0000,0
50,features.10,364,pruned_before,nan,0.000000e+00,0.000000e+00,0.0000,0.0000,0
50,features.10,365,pruned_before,nan,0.000000e+00,0.000000e+00,0.0000,0.0000,0
50,features.10,366,pruned_before,nan,0.000000e+00,0.000000e+00,0.0000,0.0000,0
50,features.10,367,active,0.164167,2.907732e-07,9.424381e-06,0.4851,0.2363,137
50,features.10,368,active,0.018728,8.732778e-08,1.475480e-06,0.1457,0.0370,137
50,features.10,369,pruned_before,nan,0.000000e+00,0.000000e+00,0.0000,0.0000,0
50,features.10,370,active,0.026347,9.651245e-09,1.238880e-06,0.0161,0.0311,137
50,features.10,371,active,0.459658,8.754906e-08,2.101615e-05,0.1461,0.5270,137
50,features.10,372,pruned_before,nan,0.000000e+00,0.000000e+00,0.0000,0.0000,0
50,features.10,373,pruned_before,nan,0.000000e+00,0.000000e+00,0.0000,0.0000,0
50,features.10,374,pruned_before,nan,0.000000e+00,0.000000e+00,0.0000,0.0000,0
50,features.10,375,pruned_before,nan,0.000000e+00,0.000000e+00,0.0000,0.0000,0
50,features.10,376,active,0.013352,1.304032e-07,1.555692e-06,0.2176,0.0390,137
50,features.10,377,pruned_before,nan,0.000000e+00,0.000000e+00,0.0000,0.0000,0
50,features.10,378,pruned_before,nan,0.000000e+00,0.000000e+00,0.0000,0.0000,0
50,features.10,379,pruned_before,nan,0.000000e+00,0.000000e+00,0.0000,0.0000,0
50,features.10,380,pruned_before,nan,0.000000e+00,0.000000e+00,0.0000,0.0000,0
50,features.10,381,active,0.066171,7.890638e-08,3.515589e-06,0.1316,0.0881,137
50,features.10,382,pruned_before,nan,0.000000e+00,0.000000e+00,0.0000,0.0000,0
50,features.10,383,pruned_before,nan,0.000000e+00,0.000000e+00,0.0000,0.0000,0
50,features.11,0,active,0.150860,4.441677e-07,2.722386e-05,0.1927,0.1890,169
50,features.11,1,active,0.043679,1.415450e-07,7.971982e-06,0.0614,0.0554,169
50,features.11,2,pruned_before,nan,0.000000e+00,0.000000e+00,0.0000,0.0000,0
50,features.11,3,pruned_before,nan,0.000000e+00,0.000000e+00,0.0000,0.0000,0
50,features.11,4,pruned_before,nan,0.000000e+00,0.000000e+00,0.0000,0.0000,0
50,features.11,5,pruned_before,nan,0.000000e+00,0.000000e+00,0.0000,0.0000,0
50,features.11,6,active,0.040799,7.428953e-07,1.168534e-05,0.3222,0.0811,169
50,features.11,7,pruned_before,nan,0.000000e+00,0.000000e+00,0.0000,0.0000,0
50,features.11,8,pruned_before,nan,0.000000e+00,0.000000e+00,0.0000,0.0000,0
50,features.11,9,active,0.155017,2.103732e-07,2.626630e-05,0.0913,0.1824,169
50,features.11,10,active,0.452678,1.311347e-06,8.154025e-05,0.5688,0.5662,169
50,features.11,11,pruned_before,nan,0.000000e+00,0.000000e+00,0.0000,0.0000,0
50,features.11,12,pruned_before,nan,0.000000e+00,0.000000e+00,0.0000,0.0000,0
50,features.11,13,pruned_before,nan,0.000000e+00,0.000000e+00,0.0000,0.0000,0
50,features.11,14,pruned_before,nan,0.000000e+00,0.000000e+00,0.0000,0.0000,0
50,features.11,15,active,0.081476,1.809407e-07,1.429385e-05,0.0785,0.0992,169
50,features.11,16,pruned_before,nan,0.000000e+00,0.000000e+00,0.0000,0.0000,0
50,features.11,17,pruned_before,nan,0.000000e+00,0.000000e+00,0.0000,0.0000,0
50,features.11,18,active,0.033702,3.195369e-07,7.611030e-06,0.1386,0.0528,169
50,features.11,19,pruned_before,nan,0.000000e+00,0.000000e+00,0.0000,0.0000,0
50,features.11,20,pruned_before,nan,0.000000e+00,0.000000e+00,0.0000,0.0000,0
50,features.11,21,active,0.007687,1.597428e-07,2.338850e-06,0.0693,0.0162,169
50,features.11,22,active,0.019453,2.490592e-07,4.841676e-06,0.1080,0.0336,169
50,features.11,23,pruned_before,nan,0.000000e+00,0.000000e+00,0.0000,0.0000,0
50,features.11,24,pruned_before,nan,0.000000e+00,0.000000e+00,0.0000,0.0000,0
50,features.11,25,active,0.228791,7.547334e-07,4.185019e-05,0.3274,0.2906,169
50,features.11,26,pruned_before,nan,0.000000e+00,0.000000e+00,0.0000,0.0000,0
50,features.11,27,pruned_before,nan,0.000000e+00,0.000000e+00,0.0000,0.0000,0
50,features.11,28,pruned_before,nan,0.000000e+00,0.000000e+00,0.0000,0.0000,0
50,features.11,29,active,0.012172,2.189057e-07,3.467298e-06,0.0950,0.0241,169
50,features.11,30,pruned_before,nan,0.000000e+00,0.000000e+00,0.0000,0.0000,0
50,features.11,31,active,0.090331,5.153699e-08,1.481265e-05,0.0224,0.1029,169
50,features.11,32,pruned_before,nan,0.000000e+00,0.000000e+00,0.0000,0.0000,0
50,features.11,33,active,0.293629,8.017550e-08,4.754333e-05,0.0348,0.3301,169
50,features.11,34,pruned_before,nan,0.000000e+00,0.000000e+00,0.0000,0.0000,0
50,features.11,35,pruned_before,nan,0.000000e+00,0.000000e+00,0.0000,0.0000,0
50,features.11,36,pruned_before,nan,0.000000e+00,0.000000e+00,0.0000,0.0000,0
50,features.11,37,active,0.089102,2.473020e-07,1.597470e-05,0.1073,0.1109,169
50,features.11,38,pruned_before,nan,0.000000e+00,0.000000e+00,0.0000,0.0000,0
50,features.11,39,pruned_before,nan,0.000000e+00,0.000000e+00,0.0000,0.0000,0
50,features.11,40,pruned_before,nan,0.000000e+00,0.000000e+00,0.0000,0.0000,0
50,features.11,41,pruned_before,nan,0.000000e+00,0.000000e+00,0.0000,0.0000,0
50,features.11,42,active,0.082540,8.023630e-08,1.376511e-05,0.0348,0.0956,169
50,features.11,43,pruned_before,nan,0.000000e+00,0.000000e+00,0.0000,0.0000,0
50,features.11,44,active,0.078227,7.914811e-07,1.801178e-05,0.3433,0.1251,169
50,features.11,45,active,0.082238,2.411132e-07,1.483340e-05,0.1046,0.1030,169
50,features.11,46,active,0.030267,3.089249e-07,6.987749e-06,0.1340,0.0485,169
50,features.11,47,pruned_before,nan,0.000000e+00,0.000000e+00,0.0000,0.0000,0
50,features.11,48,pruned_before,nan,0.000000e+00,0.000000e+00,0.0000,0.0000,0
50,features.11,49,pruned_before,nan,0.000000e+00,0.000000e+00,0.0000,0.0000,0
50,features.11,50,active,0.176603,2.081306e-07,2.970491e-05,0.0903,0.2063,169
50,features.11,51,active,0.025309,5.585593e-07,7.927015e-06,0.2423,0.0550,169
50,features.11,52,pruned_before,nan,0.000000e+00,0.000000e+00,0.0000,0.0000,0
50,features.11,53,active,0.005251,5.579045e-07,4.712838e-06,0.2420,0.0327,169
50,features.11,54,pruned_before,nan,0.000000e+00,0.000000e+00,0.0000,0.0000,0
50,features.11,55,pruned_before,nan,0.000000e+00,0.000000e+00,0.0000,0.0000,0
50,features.11,56,active,0.063885,3.213701e-08,1.044604e-05,0.0139,0.0725,169
50,features.11,57,pruned_before,nan,0.000000e+00,0.000000e+00,0.0000,0.0000,0
50,features.11,58,pruned_before,nan,0.000000e+00,0.000000e+00,0.0000,0.0000,0
50,features.11,59,pruned_before,nan,0.000000e+00,0.000000e+00,0.0000,0.0000,0
50,features.11,60,pruned_before,nan,0.000000e+00,0.000000e+00,0.0000,0.0000,0
50,features.11,61,pruned_before,nan,0.000000e+00,0.000000e+00,0.0000,0.0000,0
50,features.11,62,pruned_before,nan,0.000000e+00,0.000000e+00,0.0000,0.0000,0
50,features.11,63,active,0.032383,6.314443e-08,5.620262e-06,0.0274,0.0390,169
50,features.11,64,active,0.072973,4.600007e-07,1.487020e-05,0.1995,0.1033,169
50,features.11,65,active,0.177049,2.776480e-08,2.852421e-05,0.0120,0.1981,169
50,features.11,66,pruned_before,nan,0.000000e+00,0.000000e+00,0.0000,0.0000,0
50,features.11,67,pruned_before,nan,0.000000e+00,0.000000e+00,0.0000,0.0000,0
50,features.11,68,pruned_before,nan,0.000000e+00,0.000000e+00,0.0000,0.0000,0
50,features.11,69,pruned_before,nan,0.000000e+00,0.000000e+00,0.0000,0.0000,0
50,features.11,70,pruned_before,nan,0.000000e+00,0.000000e+00,0.0000,0.0000,0
50,features.11,71,pruned_before,nan,0.000000e+00,0.000000e+00,0.0000,0.0000,0
50,features.11,72,active,0.445995,1.634035e-06,8.271075e-05,0.7088,0.5743,169
50,features.11,73,pruned_before,nan,0.000000e+00,0.000000e+00,0.0000,0.0000,0
50,features.11,74,pruned_before,nan,0.000000e+00,0.000000e+00,0.0000,0.0000,0
50,features.11,75,active,0.037802,1.202482e-06,1.439573e-05,0.5216,0.1000,169
50,features.11,76,pruned_before,nan,0.000000e+00,0.000000e+00,0.0000,0.0000,0
50,features.11,77,pruned_before,nan,0.000000e+00,0.000000e+00,0.0000,0.0000,0
50,features.11,78,pruned_before,nan,0.000000e+00,0.000000e+00,0.0000,0.0000,0
50,features.11,79,active,0.007147,1.197784e-07,1.975077e-06,0.0520,0.0137,169
50,features.11,80,pruned_before,nan,0.000000e+00,0.000000e+00,0.0000,0.0000,0
50,features.11,81,active,0.042366,4.999142e-07,1.024951e-05,0.2168,0.0712,169
50,features.11,82,active,0.006017,1.100411e-07,1.726723e-06,0.0477,0.0120,169
50,features.11,83,pruned_before,nan,0.000000e+00,0.000000e+00,0.0000,0.0000,0
50,features.11,84,pruned_before,nan,0.000000e+00,0.000000e+00,0.0000,0.0000,0
50,features.11,85,pruned_before,nan,0.000000e+00,0.000000e+00,0.0000,0.0000,0
50,features.11,86,pruned_before,nan,0.000000e+00,0.000000e+00,0.0000,0.0000,0
50,features.11,87,pruned_before,nan,0.000000e+00,0.000000e+00,0.0000,0.0000,0
50,features.11,88,pruned_before,nan,0.000000e+00,0.000000e+00,0.0000,0.0000,0
50,features.11,89,pruned_before,nan,0.000000e+00,0.000000e+00,0.0000,0.0000,0
50,features.11,90,pruned_before,nan,0.000000e+00,0.000000e+00,0.0000,0.0000,0
50,features.11,91,pruned_before,nan,0.000000e+00,0.000000e+00,0.0000,0.0000,0
50,features.11,92,active,0.078689,2.833906e-07,1.455891e-05,0.1229,0.1011,169
50,features.11,93,pruned_before,nan,0.000000e+00,0.000000e+00,0.0000,0.0000,0
50,features.11,94,pruned_before,nan,0.000000e+00,0.000000e+00,0.0000,0.0000,0
50,features.11,95,pruned_before,nan,0.000000e+00,0.000000e+00,0.0000,0.0000,0
50,features.11,96,active,0.009802,2.329804e-07,3.185715e-06,0.1011,0.0221,169
50,features.11,97,pruned_before,nan,0.000000e+00,0.000000e+00,0.0000,0.0000,0
50,features.11,98,pruned_before,nan,0.000000e+00,0.000000e+00,0.0000,0.0000,0
50,features.11,99,pruned_before,nan,0.000000e+00,0.000000e+00,0.0000,0.0000,0
50,features.11,100,pruned_before,nan,0.000000e+00,0.000000e+00,0.0000,0.0000,0
50,features.11,101,active,0.006843,7.641802e-08,1.625445e-06,0.0331,0.0113,169
50,features.11,102,pruned_before,nan,0.000000e+00,0.000000e+00,0.0000,0.0000,0
50,features.11,103,pruned_before,nan,0.000000e+00,0.000000e+00,0.0000,0.0000,0
50,features.11,104,pruned_before,nan,0.000000e+00,0.000000e+00,0.0000,0.0000,0
50,features.11,105,pruned_before,nan,0.000000e+00,0.000000e+00,0.0000,0.0000,0
50,features.11,106,pruned_before,nan,0.000000e+00,0.000000e+00,0.0000,0.0000,0
50,features.11,107,active,0.127169,9.800641e-07,2.715255e-05,0.4251,0.1885,169
50,features.11,108,pruned_before,nan,0.000000e+00,0.000000e+00,0.0000,0.0000,0
50,features.11,109,pruned_before,nan,0.000000e+00,0.000000e+00,0.0000,0.0000,0
50,features.11,110,pruned_before,nan,0.000000e+00,0.000000e+00,0.0000,0.0000,0
50,features.11,111,pruned_before,nan,0.000000e+00,0.000000e+00,0.0000,0.0000,0
50,features.11,112,active,0.104692,2.922356e-07,1.878144e-05,0.1268,0.1304,169
50,features.11,113,active,0.013961,3.890745e-07,4.934773e-06,0.1688,0.0343,169
50,features.11,114,active,0.107810,2.001654e-06,3.114579e-05,0.8683,0.2163,169
50,features.11,115,active,0.028243,2.899833e-07,6.532325e-06,0.1258,0.0454,169
50,features.11,116,pruned_before,nan,0.000000e+00,0.000000e+00,0.0000,0.0000,0
50,features.11,117,pruned_before,nan,0.000000e+00,0.000000e+00,0.0000,0.0000,0
50,features.11,118,active,0.067390,5.601477e-07,1.467194e-05,0.2430,0.1019,169
50,features.11,119,active,0.016611,5.817466e-08,3.061847e-06,0.0252,0.0213,169
50,features.11,120,active,0.021162,1.641231e-07,4.525636e-06,0.0712,0.0314,169
50,features.11,121,pruned_before,nan,0.000000e+00,0.000000e+00,0.0000,0.0000,0
50,features.11,122,pruned_before,nan,0.000000e+00,0.000000e+00,0.0000,0.0000,0
50,features.11,123,pruned_before,nan,0.000000e+00,0.000000e+00,0.0000,0.0000,0
50,features.11,124,active,0.187056,1.938309e-07,3.127832e-05,0.0841,0.2172,169
50,features.11,125,active,0.027835,4.037851e-08,4.734476e-06,0.0175,0.0329,169
50,features.11,126,pruned_before,nan,0.000000e+00,0.000000e+00,0.0000,0.0000,0
50,features.11,127,active,0.013078,8.582167e-08,2.688514e-06,0.0372,0.0187,169
50,features.11,128,pruned_before,nan,0.000000e+00,0.000000e+00,0.0000,0.0000,0
50,features.11,129,pruned_before,nan,0.000000e+00,0.000000e+00,0.0000,0.0000,0
50,features.11,130,pruned_before,nan,0.000000e+00,0.000000e+00,0.0000,0.0000,0
50,features.11,131,pruned_before,nan,0.000000e+00,0.000000e+00,0.0000,0.0000,0
50,features.11,132,active,0.007313,1.474342e-08,1.272569e-06,0.0064,0.0088,169
50,features.11,133,active,0.048124,2.634216e-08,7.883643e-06,0.0114,0.0547,169
50,features.11,134,pruned_before,nan,0.000000e+00,0.000000e+00,0.0000,0.0000,0
50,features.11,135,active,0.106813,1.550107e-07,1.816835e-05,0.0672,0.1262,169
50,features.11,136,pruned_before,nan,0.000000e+00,0.000000e+00,0.0000,0.0000,0
50,features.11,137,pruned_before,nan,0.000000e+00,0.000000e+00,0.0000,0.0000,0
50,features.11,138,active,0.088196,3.656409e-07,1.665126e-05,0.1586,0.1156,169
50,features.11,139,active,0.067590,4.114259e-07,1.367169e-05,0.1785,0.0949,169
50,features.11,140,pruned_before,nan,0.000000e+00,0.000000e+00,0.0000,0.0000,0
50,features.11,141,pruned_before,nan,0.000000e+00,0.000000e+00,0.0000,0.0000,0
50,features.11,142,pruned_before,nan,0.000000e+00,0.000000e+00,0.0000,0.0000,0
50,features.11,143,pruned_before,nan,0.000000e+00,0.000000e+00,0.0000,0.0000,0
50,features.11,144,pruned_before,nan,0.000000e+00,0.000000e+00,0.0000,0.0000,0
50,features.11,145,active,0.016644,1.913612e-07,3.991714e-06,0.0830,0.0277,169
50,features.11,146,pruned_before,nan,0.000000e+00,0.000000e+00,0.0000,0.0000,0
50,features.11,147,pruned_before,nan,0.000000e+00,0.000000e+00,0.0000,0.0000,0
50,features.11,148,pruned_before,nan,0.000000e+00,0.000000e+00,0.0000,0.0000,0
50,features.11,149,active,0.185934,2.305372e-06,4.575541e-05,1.0000,0.3177,169
50,features.11,150,pruned_before,nan,0.000000e+00,0.000000e+00,0.0000,0.0000,0
50,features.11,151,pruned_before,nan,0.000000e+00,0.000000e+00,0.0000,0.0000,0
50,features.11,152,pruned_before,nan,0.000000e+00,0.000000e+00,0.0000,0.0000,0
50,features.11,153,pruned_before,nan,0.000000e+00,0.000000e+00,0.0000,0.0000,0
50,features.11,154,pruned_before,nan,0.000000e+00,0.000000e+00,0.0000,0.0000,0
50,features.11,155,active,0.028013,3.910726e-07,7.197235e-06,0.1696,0.0500,169
50,features.11,156,active,0.281968,2.952570e-07,4.717022e-05,0.1281,0.3275,169
50,features.11,157,pruned_before,nan,0.000000e+00,0.000000e+00,0.0000,0.0000,0
50,features.11,158,pruned_before,nan,0.000000e+00,0.000000e+00,0.0000,0.0000,0
50,features.11,159,pruned_before,nan,0.000000e+00,0.000000e+00,0.0000,0.0000,0
50,features.11,160,active,0.058040,2.486992e-07,1.101389e-05,0.1079,0.0765,169
50,features.11,161,pruned_before,nan,0.000000e+00,0.000000e+00,0.0000,0.0000,0
50,features.11,162,pruned_before,nan,0.000000e+00,0.000000e+00,0.0000,0.0000,0
50,features.11,163,active,0.082336,9.982333e-07,2.010451e-05,0.4330,0.1396,169
50,features.11,164,pruned_before,nan,0.000000e+00,0.000000e+00,0.0000,0.0000,0
50,features.11,165,active,0.062972,1.213572e-07,1.091921e-05,0.0526,0.0758,169
50,features.11,166,pruned_before,nan,0.000000e+00,0.000000e+00,0.0000,0.0000,0
50,features.11,167,active,0.159024,1.574208e-07,2.653986e-05,0.0683,0.1843,169
50,features.11,168,pruned_before,nan,0.000000e+00,0.000000e+00,0.0000,0.0000,0
50,features.11,169,pruned_before,nan,0.000000e+00,0.000000e+00,0.0000,0.0000,0
50,features.11,170,pruned_before,nan,0.000000e+00,0.000000e+00,0.0000,0.0000,0
50,features.11,171,pruned_before,nan,0.000000e+00,0.000000e+00,0.0000,0.0000,0
50,features.11,172,active,0.032448,2.422404e-07,6.873857e-06,0.1051,0.0477,169
50,features.11,173,pruned_before,nan,0.000000e+00,0.000000e+00,0.0000,0.0000,0
50,features.11,174,pruned_before,nan,0.000000e+00,0.000000e+00,0.0000,0.0000,0
50,features.11,175,pruned_before,nan,0.000000e+00,0.000000e+00,0.0000,0.0000,0
50,features.11,176,active,0.448571,1.157029e-06,7.981199e-05,0.5019,0.5542,169
50,features.11,177,pruned_before,nan,0.000000e+00,0.000000e+00,0.0000,0.0000,0
50,features.11,178,pruned_before,nan,0.000000e+00,0.000000e+00,0.0000,0.0000,0
50,features.11,179,pruned_before,nan,0.000000e+00,0.000000e+00,0.0000,0.0000,0
50,features.11,180,pruned_before,nan,0.000000e+00,0.000000e+00,0.0000,0.0000,0
50,features.11,181,active,0.056876,7.559511e-08,9.625996e-06,0.0328,0.0668,169
50,features.11,182,pruned_before,nan,0.000000e+00,0.000000e+00,0.0000,0.0000,0
50,features.11,183,active,0.044348,2.997828e-07,9.177395e-06,0.1300,0.0637,169
50,features.11,184,active,0.060632,5.278299e-07,1.336618e-05,0.2290,0.0928,169
50,features.11,185,active,0.199950,1.274814e-06,4.084504e-05,0.5530,0.2836,169
50,features.11,186,pruned_before,nan,0.000000e+00,0.000000e+00,0.0000,0.0000,0
50,features.11,187,pruned_before,nan,0.000000e+00,0.000000e+00,0.0000,0.0000,0
50,features.11,188,pruned_before,nan,0.000000e+00,0.000000e+00,0.0000,0.0000,0
50,features.11,189,pruned_before,nan,0.000000e+00,0.000000e+00,0.0000,0.0000,0
50,features.11,190,active,0.023826,5.817961e-07,7.851060e-06,0.2524,0.0545,169
50,features.11,191,pruned_before,nan,0.000000e+00,0.000000e+00,0.0000,0.0000,0
50,features.11,192,pruned_before,nan,0.000000e+00,0.000000e+00,0.0000,0.0000,0
50,features.11,193,active,0.007554,2.401576e-07,2.875753e-06,0.1042,0.0200,169
50,features.11,194,pruned_before,nan,0.000000e+00,0.000000e+00,0.0000,0.0000,0
50,features.11,195,pruned_before,nan,0.000000e+00,0.000000e+00,0.0000,0.0000,0
50,features.11,196,pruned_before,nan,0.000000e+00,0.000000e+00,0.0000,0.0000,0
50,features.11,197,pruned_before,nan,0.000000e+00,0.000000e+00,0.0000,0.0000,0
50,features.11,198,pruned_before,nan,0.000000e+00,0.000000e+00,0.0000,0.0000,0
50,features.11,199,pruned_before,nan,0.000000e+00,0.000000e+00,0.0000,0.0000,0
50,features.11,200,pruned_before,nan,0.000000e+00,0.000000e+00,0.0000,0.0000,0
50,features.11,201,pruned_before,nan,0.000000e+00,0.000000e+00,0.0000,0.0000,0
50,features.11,202,pruned_before,nan,0.000000e+00,0.000000e+00,0.0000,0.0000,0
50,features.11,203,active,0.011917,5.533439e-08,2.291009e-06,0.0240,0.0159,169
50,features.11,204,pruned_before,nan,0.000000e+00,0.000000e+00,0.0000,0.0000,0
50,features.11,205,pruned_before,nan,0.000000e+00,0.000000e+00,0.0000,0.0000,0
50,features.11,206,active,0.027433,4.456368e-08,4.699205e-06,0.0193,0.0326,169
50,features.11,207,active,0.168260,2.529687e-07,2.868111e-05,0.1097,0.1991,169
50,features.11,208,active,0.373120,6.160377e-07,6.398314e-05,0.2672,0.4443,169
50,features.11,209,pruned_before,nan,0.000000e+00,0.000000e+00,0.0000,0.0000,0
50,features.11,210,active,0.032849,2.881913e-07,7.256904e-06,0.1250,0.0504,169
50,features.11,211,pruned_before,nan,0.000000e+00,0.000000e+00,0.0000,0.0000,0
50,features.11,212,pruned_before,nan,0.000000e+00,0.000000e+00,0.0000,0.0000,0
50,features.11,213,pruned_before,nan,0.000000e+00,0.000000e+00,0.0000,0.0000,0
50,features.11,214,pruned_before,nan,0.000000e+00,0.000000e+00,0.0000,0.0000,0
50,features.11,215,pruned_before,nan,0.000000e+00,0.000000e+00,0.0000,0.0000,0
50,features.11,216,active,0.115420,5.324861e-08,1.883924e-05,0.0231,0.1308,169
50,features.11,217,pruned_before,nan,0.000000e+00,0.000000e+00,0.0000,0.0000,0
50,features.11,218,active,0.239401,2.155616e-07,3.980552e-05,0.0935,0.2764,169
50,features.11,219,pruned_before,nan,0.000000e+00,0.000000e+00,0.0000,0.0000,0
50,features.11,220,active,0.477571,8.020503e-07,8.198851e-05,0.3479,0.5693,169
50,features.11,221,pruned_before,nan,0.000000e+00,0.000000e+00,0.0000,0.0000,0
50,features.11,222,pruned_before,nan,0.000000e+00,0.000000e+00,0.0000,0.0000,0
50,features.11,223,pruned_before,nan,0.000000e+00,0.000000e+00,0.0000,0.0000,0
50,features.11,224,active,0.180424,1.429393e-07,2.986386e-05,0.0620,0.2074,169
50,features.11,225,pruned_before,nan,0.000000e+00,0.000000e+00,0.0000,0.0000,0
50,features.11,226,pruned_before,nan,0.000000e+00,0.000000e+00,0.0000,0.0000,0
50,features.11,227,pruned_before,nan,0.000000e+00,0.000000e+00,0.0000,0.0000,0
50,features.11,228,pruned_before,nan,0.000000e+00,0.000000e+00,0.0000,0.0000,0
50,features.11,229,pruned_now,-0.002649,1.674991e-07,7.388065e-07,0.0727,0.0051,169
50,features.11,230,pruned_before,nan,0.000000e+00,0.000000e+00,0.0000,0.0000,0
50,features.11,231,active,0.038290,2.831136e-07,8.092375e-06,0.1228,0.0562,169
50,features.11,232,active,0.010438,9.356996e-07,8.165238e-06,0.4059,0.0567,169
50,features.11,233,pruned_before,nan,0.000000e+00,0.000000e+00,0.0000,0.0000,0
50,features.11,234,pruned_before,nan,0.000000e+00,0.000000e+00,0.0000,0.0000,0
50,features.11,235,active,0.347858,7.689930e-08,5.619830e-05,0.0334,0.3902,169
50,features.11,236,pruned_before,nan,0.000000e+00,0.000000e+00,0.0000,0.0000,0
50,features.11,237,active,0.036919,7.741088e-07,1.128106e-05,0.3358,0.0783,169
50,features.11,238,active,0.137433,1.428911e-06,3.191062e-05,0.6198,0.2216,169
50,features.11,239,pruned_before,nan,0.000000e+00,0.000000e+00,0.0000,0.0000,0
50,features.11,240,pruned_before,nan,0.000000e+00,0.000000e+00,0.0000,0.0000,0
50,features.11,241,active,0.040056,2.824798e-07,8.370511e-06,0.1225,0.0581,169
50,features.11,242,pruned_before,nan,0.000000e+00,0.000000e+00,0.0000,0.0000,0
50,features.11,243,active,0.017090,7.099557e-08,3.227541e-06,0.0308,0.0224,169
50,features.11,244,pruned_before,nan,0.000000e+00,0.000000e+00,0.0000,0.0000,0
50,features.11,245,active,0.081734,6.555770e-07,1.762973e-05,0.2844,0.1224,169
50,features.11,246,pruned_before,nan,0.000000e+00,0.000000e+00,0.0000,0.0000,0
50,features.11,247,active,0.162174,8.152556e-07,3.161006e-05,0.3536,0.2195,169
50,features.11,248,pruned_before,nan,0.000000e+00,0.000000e+00,0.0000,0.0000,0
50,features.11,249,pruned_before,nan,0.000000e+00,0.000000e+00,0.0000,0.0000,0
50,features.11,250,active,0.062648,3.251484e-07,1.228192e-05,0.1410,0.0853,169
50,features.11,251,pruned_before,nan,0.000000e+00,0.000000e+00,0.0000,0.0000,0
50,features.11,252,active,0.232738,1.949643e-07,3.859631e-05,0.0846,0.2680,169
50,features.11,253,pruned_before,nan,0.000000e+00,0.000000e+00,0.0000,0.0000,0
50,features.11,254,pruned_before,nan,0.000000e+00,0.000000e+00,0.0000,0.0000,0
50,features.11,255,active,0.061204,1.026477e-06,1.691894e-05,0.4453,0.1175,169
50,features.11,256,pruned_before,nan,0.000000e+00,0.000000e+00,0.0000,0.0000,0
50,features.11,257,pruned_before,nan,0.000000e+00,0.000000e+00,0.0000,0.0000,0
50,features.11,258,active,0.022506,8.673710e-08,4.203481e-06,0.0376,0.0292,169
50,features.11,259,active,0.032019,1.316694e-07,6.037736e-06,0.0571,0.0419,169
50,features.11,260,pruned_before,nan,0.000000e+00,0.000000e+00,0.0000,0.0000,0
50,features.11,261,active,0.098159,1.819794e-07,1.697066e-05,0.0789,0.1178,169
50,features.11,262,active,0.217031,3.052495e-07,3.684838e-05,0.1324,0.2559,169
50,features.11,263,active,0.294226,6.103123e-07,5.131859e-05,0.2647,0.3563,169
50,features.11,264,active,0.015076,1.638780e-07,3.549969e-06,0.0711,0.0246,169
50,features.11,265,pruned_before,nan,0.000000e+00,0.000000e+00,0.0000,0.0000,0
50,features.11,266,pruned_before,nan,0.000000e+00,0.000000e+00,0.0000,0.0000,0
50,features.11,267,active,0.031546,1.728096e-07,6.247467e-06,0.0750,0.0434,169
50,features.11,268,active,0.226498,7.975516e-07,4.178043e-05,0.3460,0.2901,169
50,features.11,269,pruned_before,nan,0.000000e+00,0.000000e+00,0.0000,0.0000,0
50,features.11,270,pruned_before,nan,0.000000e+00,0.000000e+00,0.0000,0.0000,0
50,features.11,271,pruned_before,nan,0.000000e+00,0.000000e+00,0.0000,0.0000,0
50,features.11,272,pruned_before,nan,0.000000e+00,0.000000e+00,0.0000,0.0000,0
50,features.11,273,active,0.125856,3.653919e-07,2.267595e-05,0.1585,0.1575,169
50,features.11,274,pruned_before,nan,0.000000e+00,0.000000e+00,0.0000,0.0000,0
50,features.11,275,active,0.195875,1.608984e-07,3.246099e-05,0.0698,0.2254,169
50,features.11,276,pruned_before,nan,0.000000e+00,0.000000e+00,0.0000,0.0000,0
50,features.11,277,active,0.100685,3.152956e-07,1.830022e-05,0.1368,0.1271,169
50,features.11,278,pruned_before,nan,0.000000e+00,0.000000e+00,0.0000,0.0000,0
50,features.11,279,pruned_before,nan,0.000000e+00,0.000000e+00,0.0000,0.0000,0
50,features.11,280,pruned_before,nan,0.000000e+00,0.000000e+00,0.0000,0.0000,0
50,features.11,281,pruned_before,nan,0.000000e+00,0.000000e+00,0.0000,0.0000,0
50,features.11,282,active,0.092622,4.412245e-07,1.788416e-05,0.1914,0.1242,169
50,features.11,283,active,0.127142,1.443105e-06,3.036227e-05,0.6260,0.2108,169
50,features.11,284,active,0.035470,2.580419e-08,5.854979e-06,0.0112,0.0407,169
50,features.11,285,pruned_before,nan,0.000000e+00,0.000000e+00,0.0000,0.0000,0
50,features.11,286,pruned_before,nan,0.000000e+00,0.000000e+00,0.0000,0.0000,0
50,features.11,287,pruned_before,nan,0.000000e+00,0.000000e+00,0.0000,0.0000,0
50,features.11,288,pruned_before,nan,0.000000e+00,0.000000e+00,0.0000,0.0000,0
50,features.11,289,pruned_before,nan,0.000000e+00,0.000000e+00,0.0000,0.0000,0
50,features.11,290,pruned_before,nan,0.000000e+00,0.000000e+00,0.0000,0.0000,0
50,features.11,291,pruned_before,nan,0.000000e+00,0.000000e+00,0.0000,0.0000,0
50,features.11,292,pruned_before,nan,0.000000e+00,0.000000e+00,0.0000,0.0000,0
50,features.11,293,active,0.014895,2.956660e-08,2.588674e-06,0.0128,0.0180,169
50,features.11,294,pruned_before,nan,0.000000e+00,0.000000e+00,0.0000,0.0000,0
50,features.11,295,active,0.009355,3.153566e-08,1.715921e-06,0.0137,0.0119,169
50,features.11,296,active,0.104612,2.049443e-07,1.816262e-05,0.0889,0.1261,169
50,features.11,297,active,0.022627,1.563161e-07,4.705826e-06,0.0678,0.0327,169
50,features.11,298,pruned_before,nan,0.000000e+00,0.000000e+00,0.0000,0.0000,0
50,features.11,299,pruned_before,nan,0.000000e+00,0.000000e+00,0.0000,0.0000,0
50,features.11,300,pruned_before,nan,0.000000e+00,0.000000e+00,0.0000,0.0000,0
50,features.11,301,active,0.021607,2.358069e-07,5.094339e-06,0.1023,0.0354,169
50,features.11,302,pruned_before,nan,0.000000e+00,0.000000e+00,0.0000,0.0000,0
50,features.11,303,pruned_before,nan,0.000000e+00,0.000000e+00,0.0000,0.0000,0
50,features.11,304,pruned_before,nan,0.000000e+00,0.000000e+00,0.0000,0.0000,0
50,features.11,305,active,0.027820,4.674825e-08,4.776285e-06,0.0203,0.0332,169
50,features.11,306,pruned_before,nan,0.000000e+00,0.000000e+00,0.0000,0.0000,0
50,features.11,307,pruned_before,nan,0.000000e+00,0.000000e+00,0.0000,0.0000,0
50,features.11,308,pruned_before,nan,0.000000e+00,0.000000e+00,0.0000,0.0000,0
50,features.11,309,pruned_before,nan,0.000000e+00,0.000000e+00,0.0000,0.0000,0
50,features.11,310,pruned_before,nan,0.000000e+00,0.000000e+00,0.0000,0.0000,0
50,features.11,311,active,0.023002,4.309448e-08,3.979917e-06,0.0187,0.0276,169
50,features.11,312,active,0.021882,4.635571e-08,3.823389e-06,0.0201,0.0265,169
50,features.11,313,active,0.715595,7.923960e-07,1.200104e-04,0.3437,0.8333,169
50,features.11,314,active,0.058430,8.577096e-07,1.530362e-05,0.3720,0.1063,169
50,features.11,315,active,0.206233,5.917154e-07,3.710885e-05,0.2567,0.2577,169
50,features.11,316,pruned_before,nan,0.000000e+00,0.000000e+00,0.0000,0.0000,0
50,features.11,317,active,0.096710,5.052625e-08,1.582630e-05,0.0219,0.1099,169
50,features.11,318,pruned_before,nan,0.000000e+00,0.000000e+00,0.0000,0.0000,0
50,features.11,319,pruned_before,nan,0.000000e+00,0.000000e+00,0.0000,0.0000,0
50,features.11,320,pruned_before,nan,0.000000e+00,0.000000e+00,0.0000,0.0000,0
50,features.11,321,pruned_before,nan,0.000000e+00,0.000000e+00,0.0000,0.0000,0
50,features.11,322,pruned_before,nan,0.000000e+00,0.000000e+00,0.0000,0.0000,0
50,features.11,323,active,0.039110,3.688587e-07,8.818819e-06,0.1600,0.0612,169
50,features.11,324,pruned_before,nan,0.000000e+00,0.000000e+00,0.0000,0.0000,0
50,features.11,325,pruned_before,nan,0.000000e+00,0.000000e+00,0.0000,0.0000,0
50,features.11,326,pruned_before,nan,0.000000e+00,0.000000e+00,0.0000,0.0000,0
50,features.11,327,active,0.042956,8.426136e-07,1.272256e-05,0.3655,0.0883,169
50,features.11,328,pruned_before,nan,0.000000e+00,0.000000e+00,0.0000,0.0000,0
50,features.11,329,pruned_before,nan,0.000000e+00,0.000000e+00,0.0000,0.0000,0
50,features.11,330,pruned_before,nan,0.000000e+00,0.000000e+00,0.0000,0.0000,0
50,features.11,331,active,0.021345,6.526286e-08,3.868579e-06,0.0283,0.0269,169
50,features.11,332,pruned_before,nan,0.000000e+00,0.000000e+00,0.0000,0.0000,0
50,features.11,333,pruned_before,nan,0.000000e+00,0.000000e+00,0.0000,0.0000,0
50,features.11,334,pruned_before,nan,0.000000e+00,0.000000e+00,0.0000,0.0000,0
50,features.11,335,pruned_before,nan,0.000000e+00,0.000000e+00,0.0000,0.0000,0
50,features.11,336,active,0.136118,1.122554e-07,2.256097e-05,0.0487,0.1567,169
50,features.11,337,active,0.105592,6.472607e-07,2.138977e-05,0.2808,0.1485,169
50,features.11,338,active,0.105872,6.750542e-07,2.162740e-05,0.2928,0.1502,169
50,features.11,339,pruned_before,nan,0.000000e+00,0.000000e+00,0.0000,0.0000,0
50,features.11,340,pruned_before,nan,0.000000e+00,0.000000e+00,0.0000,0.0000,0
50,features.11,341,pruned_before,nan,0.000000e+00,0.000000e+00,0.0000,0.0000,0
50,features.11,342,active,0.596190,1.008431e-07,9.610291e-05,0.0437,0.6673,169
50,features.11,343,active,0.381964,1.322413e-07,6.204013e-05,0.0574,0.4308,169
50,features.11,344,pruned_before,nan,0.000000e+00,0.000000e+00,0.0000,0.0000,0
50,features.11,345,pruned_before,nan,0.000000e+00,0.000000e+00,0.0000,0.0000,0
50,features.11,346,pruned_before,nan,0.000000e+00,0.000000e+00,0.0000,0.0000,0
50,features.11,347,active,0.033897,5.881542e-08,5.832409e-06,0.0255,0.0405,169
50,features.11,348,pruned_before,nan,0.000000e+00,0.000000e+00,0.0000,0.0000,0
50,features.11,349,pruned_before,nan,0.000000e+00,0.000000e+00,0.0000,0.0000,0
50,features.11,350,active,0.068318,1.743909e-07,1.214287e-05,0.0756,0.0843,169
50,features.11,351,pruned_before,nan,0.000000e+00,0.000000e+00,0.0000,0.0000,0
50,features.11,352,pruned_before,nan,0.000000e+00,0.000000e+00,0.0000,0.0000,0
50,features.11,353,active,0.517868,1.786179e-07,8.410950e-05,0.0775,0.5840,169
50,features.11,354,pruned_before,nan,0.000000e+00,0.000000e+00,0.0000,0.0000,0
50,features.11,355,pruned_before,nan,0.000000e+00,0.000000e+00,0.0000,0.0000,0
50,features.11,356,pruned_before,nan,0.000000e+00,0.000000e+00,0.0000,0.0000,0
50,features.11,357,pruned_before,nan,0.000000e+00,0.000000e+00,0.0000,0.0000,0
50,features.11,358,pruned_before,nan,0.000000e+00,0.000000e+00,0.0000,0.0000,0
50,features.11,359,pruned_before,nan,0.000000e+00,0.000000e+00,0.0000,0.0000,0
50,features.11,360,pruned_before,nan,0.000000e+00,0.000000e+00,0.0000,0.0000,0
50,features.11,361,pruned_before,nan,0.000000e+00,0.000000e+00,0.0000,0.0000,0
50,features.11,362,active,0.077256,5.834938e-08,1.276753e-05,0.0253,0.0887,169
50,features.11,363,pruned_before,nan,0.000000e+00,0.000000e+00,0.0000,0.0000,0
50,features.11,364,active,0.319783,2.250991e-07,5.273438e-05,0.0976,0.3662,169
50,features.11,365,pruned_before,nan,0.000000e+00,0.000000e+00,0.0000,0.0000,0
50,features.11,366,pruned_before,nan,0.000000e+00,0.000000e+00,0.0000,0.0000,0
50,features.11,367,pruned_before,nan,0.000000e+00,0.000000e+00,0.0000,0.0000,0
50,features.11,368,protected,0.879685,4.683306e-07,1.440189e-04,0.2031,1.0000,169
50,features.11,369,pruned_before,nan,0.000000e+00,0.000000e+00,0.0000,0.0000,0
50,features.11,370,pruned_before,nan,0.000000e+00,0.000000e+00,0.0000,0.0000,0
50,features.11,371,pruned_before,nan,0.000000e+00,0.000000e+00,0.0000,0.0000,0
50,features.11,372,active,0.020124,6.777848e-07,7.924962e-06,0.2940,0.0550,169
50,features.11,373,pruned_before,nan,0.000000e+00,0.000000e+00,0.0000,0.0000,0
50,features.11,374,active,0.100119,4.061398e-07,1.884026e-05,0.1762,0.1308,169
50,features.11,375,active,0.064890,1.552246e-07,1.146120e-05,0.0673,0.0796,169
50,features.11,376,active,0.103045,2.417257e-07,1.816724e-05,0.1049,0.1261,169
50,features.11,377,pruned_before,nan,0.000000e+00,0.000000e+00,0.0000,0.0000,0
50,features.11,378,pruned_before,nan,0.000000e+00,0.000000e+00,0.0000,0.0000,0
50,features.11,379,active,0.012714,1.432281e-07,3.028631e-06,0.0621,0.0210,169
50,features.11,380,active,0.014683,2.125518e-07,3.824938e-06,0.0922,0.0266,169
50,features.11,381,pruned_before,nan,0.000000e+00,0.000000e+00,0.0000,0.0000,0
50,features.11,382,pruned_before,nan,0.000000e+00,0.000000e+00,0.0000,0.0000,0
50,features.11,383,active,0.010216,2.910728e-07,3.655186e-06,0.1263,0.0254,169
50,features.12,0,pruned_before,nan,0.000000e+00,0.000000e+00,0.0000,0.0000,0
50,features.12,1,pruned_before,nan,0.000000e+00,0.000000e+00,0.0000,0.0000,0
50,features.12,2,pruned_before,nan,0.000000e+00,0.000000e+00,0.0000,0.0000,0
50,features.12,3,pruned_before,nan,0.000000e+00,0.000000e+00,0.0000,0.0000,0
50,features.12,4,pruned_before,nan,0.000000e+00,0.000000e+00,0.0000,0.0000,0
50,features.12,5,pruned_before,nan,0.000000e+00,0.000000e+00,0.0000,0.0000,0
50,features.12,6,pruned_before,nan,0.000000e+00,0.000000e+00,0.0000,0.0000,0
50,features.12,7,active,0.066540,1.186625e-08,4.585181e-06,0.0312,0.0774,201
50,features.12,8,pruned_before,nan,0.000000e+00,0.000000e+00,0.0000,0.0000,0
50,features.12,9,pruned_before,nan,0.000000e+00,0.000000e+00,0.0000,0.0000,0
50,features.12,10,pruned_before,nan,0.000000e+00,0.000000e+00,0.0000,0.0000,0
50,features.12,11,active,0.008101,6.966432e-08,1.737387e-06,0.1829,0.0293,201
50,features.12,12,active,0.193333,2.759318e-07,1.749564e-05,0.7245,0.2953,201
50,features.12,13,pruned_before,nan,0.000000e+00,0.000000e+00,0.0000,0.0000,0
50,features.12,14,pruned_before,nan,0.000000e+00,0.000000e+00,0.0000,0.0000,0
50,features.12,15,active,0.013950,1.706474e-08,1.213192e-06,0.0448,0.0205,201
50,features.12,16,pruned_before,nan,0.000000e+00,0.000000e+00,0.0000,0.0000,0
50,features.12,17,pruned_before,nan,0.000000e+00,0.000000e+00,0.0000,0.0000,0
50,features.12,18,pruned_before,nan,0.000000e+00,0.000000e+00,0.0000,0.0000,0
50,features.12,19,pruned_before,nan,0.000000e+00,0.000000e+00,0.0000,0.0000,0
50,features.12,20,pruned_before,nan,0.000000e+00,0.000000e+00,0.0000,0.0000,0
50,features.12,21,pruned_before,nan,0.000000e+00,0.000000e+00,0.0000,0.0000,0
50,features.12,22,active,0.000497,9.919721e-08,1.747308e-06,0.2605,0.0295,201
50,features.12,23,pruned_before,nan,0.000000e+00,0.000000e+00,0.0000,0.0000,0
50,features.12,24,pruned_before,nan,0.000000e+00,0.000000e+00,0.0000,0.0000,0
50,features.12,25,pruned_before,nan,0.000000e+00,0.000000e+00,0.0000,0.0000,0
50,features.12,26,pruned_before,nan,0.000000e+00,0.000000e+00,0.0000,0.0000,0
50,features.12,27,active,0.011736,2.936298e-08,1.280034e-06,0.0771,0.0216,201
50,features.12,28,pruned_before,nan,0.000000e+00,0.000000e+00,0.0000,0.0000,0
50,features.12,29,pruned_before,nan,0.000000e+00,0.000000e+00,0.0000,0.0000,0
50,features.12,30,pruned_before,nan,0.000000e+00,0.000000e+00,0.0000,0.0000,0
50,features.12,31,pruned_before,nan,0.000000e+00,0.000000e+00,0.0000,0.0000,0
50,features.12,32,pruned_before,nan,0.000000e+00,0.000000e+00,0.0000,0.0000,0
50,features.12,33,pruned_before,nan,0.000000e+00,0.000000e+00,0.0000,0.0000,0
50,features.12,34,active,0.461322,2.510357e-08,3.080086e-05,0.0659,0.5199,201
50,features.12,35,pruned_before,nan,0.000000e+00,0.000000e+00,0.0000,0.0000,0
50,features.12,36,active,0.145146,6.924024e-08,1.075113e-05,0.1818,0.1815,201
50,features.12,37,pruned_before,nan,0.000000e+00,0.000000e+00,0.0000,0.0000,0
50,features.12,38,pruned_before,nan,0.000000e+00,0.000000e+00,0.0000,0.0000,0
50,features.12,39,pruned_before,nan,0.000000e+00,0.000000e+00,0.0000,0.0000,0
50,features.12,40,pruned_before,nan,0.000000e+00,0.000000e+00,0.0000,0.0000,0
50,features.12,41,pruned_before,nan,0.000000e+00,0.000000e+00,0.0000,0.0000,0
50,features.12,42,pruned_before,nan,0.000000e+00,0.000000e+00,0.0000,0.0000,0
50,features.12,43,pruned_before,nan,0.000000e+00,0.000000e+00,0.0000,0.0000,0
50,features.12,44,pruned_before,nan,0.000000e+00,0.000000e+00,0.0000,0.0000,0
50,features.12,45,pruned_before,nan,0.000000e+00,0.000000e+00,0.0000,0.0000,0
50,features.12,46,pruned_before,nan,0.000000e+00,0.000000e+00,0.0000,0.0000,0
50,features.12,47,pruned_before,nan,0.000000e+00,0.000000e+00,0.0000,0.0000,0
50,features.12,48,active,0.000976,2.352601e-09,1.048845e-07,0.0062,0.0018,201
50,features.12,49,active,0.028009,6.102959e-08,2.898572e-06,0.1602,0.0489,201
50,features.12,50,pruned_before,nan,0.000000e+00,0.000000e+00,0.0000,0.0000,0
50,features.12,51,pruned_before,nan,0.000000e+00,0.000000e+00,0.0000,0.0000,0
50,features.12,52,pruned_before,nan,0.000000e+00,0.000000e+00,0.0000,0.0000,0
50,features.12,53,pruned_before,nan,0.000000e+00,0.000000e+00,0.0000,0.0000,0
50,features.12,54,pruned_before,nan,0.000000e+00,0.000000e+00,0.0000,0.0000,0
50,features.12,55,pruned_before,nan,0.000000e+00,0.000000e+00,0.0000,0.0000,0
50,features.12,56,pruned_before,nan,0.000000e+00,0.000000e+00,0.0000,0.0000,0
50,features.12,57,pruned_before,nan,0.000000e+00,0.000000e+00,0.0000,0.0000,0
50,features.12,58,active,0.171241,1.344859e-07,1.359660e-05,0.3531,0.2295,201
50,features.12,59,pruned_before,nan,0.000000e+00,0.000000e+00,0.0000,0.0000,0
50,features.12,60,active,0.018368,2.449270e-08,1.632424e-06,0.0643,0.0276,201
50,features.12,61,pruned_before,nan,0.000000e+00,0.000000e+00,0.0000,0.0000,0
50,features.12,62,pruned_before,nan,0.000000e+00,0.000000e+00,0.0000,0.0000,0
50,features.12,63,active,0.025279,2.662479e-08,2.124206e-06,0.0699,0.0359,201
50,features.12,64,pruned_before,nan,0.000000e+00,0.000000e+00,0.0000,0.0000,0
50,features.12,65,active,0.110354,1.352871e-07,9.602540e-06,0.3552,0.1621,201
50,features.12,66,pruned_before,nan,0.000000e+00,0.000000e+00,0.0000,0.0000,0
50,features.12,67,active,0.057886,9.286014e-08,5.415448e-06,0.2438,0.0914,201
50,features.12,68,pruned_before,nan,0.000000e+00,0.000000e+00,0.0000,0.0000,0
50,features.12,69,pruned_before,nan,0.000000e+00,0.000000e+00,0.0000,0.0000,0
50,features.12,70,pruned_before,nan,0.000000e+00,0.000000e+00,0.0000,0.0000,0
50,features.12,71,pruned_before,nan,0.000000e+00,0.000000e+00,0.0000,0.0000,0
50,features.12,72,active,0.846398,2.006708e-07,5.918338e-05,0.5269,0.9990,201
50,features.12,73,active,0.435130,9.627541e-08,3.030691e-05,0.2528,0.5116,201
50,features.12,74,pruned_before,nan,0.000000e+00,0.000000e+00,0.0000,0.0000,0
50,features.12,75,active,0.027579,2.135816e-08,2.184591e-06,0.0561,0.0369,201
50,features.12,76,active,0.020224,9.253007e-09,1.491199e-06,0.0243,0.0252,201
50,features.12,77,pruned_before,nan,0.000000e+00,0.000000e+00,0.0000,0.0000,0
50,features.12,78,active,0.208774,9.035183e-09,1.389888e-05,0.0237,0.2346,201
50,features.12,79,pruned_before,nan,0.000000e+00,0.000000e+00,0.0000,0.0000,0
50,features.12,80,active,0.081739,3.774801e-08,6.032987e-06,0.0991,0.1018,201
50,features.12,81,active,0.009797,1.077696e-07,2.507633e-06,0.2830,0.0423,201
50,features.12,82,pruned_before,nan,0.000000e+00,0.000000e+00,0.0000,0.0000,0
50,features.12,83,pruned_before,nan,0.000000e+00,0.000000e+00,0.0000,0.0000,0
50,features.12,84,pruned_before,nan,0.000000e+00,0.000000e+00,0.0000,0.0000,0
50,features.12,85,pruned_before,nan,0.000000e+00,0.000000e+00,0.0000,0.0000,0
50,features.12,86,active,0.013443,7.349958e-09,1.011939e-06,0.0193,0.0171,201
50,features.12,87,pruned_before,nan,0.000000e+00,0.000000e+00,0.0000,0.0000,0
50,features.12,88,pruned_before,nan,0.000000e+00,0.000000e+00,0.0000,0.0000,0
50,features.12,89,pruned_before,nan,0.000000e+00,0.000000e+00,0.0000,0.0000,0
50,features.12,90,pruned_before,nan,0.000000e+00,0.000000e+00,0.0000,0.0000,0
50,features.12,91,pruned_before,nan,0.000000e+00,0.000000e+00,0.0000,0.0000,0
50,features.12,92,pruned_before,nan,0.000000e+00,0.000000e+00,0.0000,0.0000,0
50,features.12,93,active,0.060909,2.787589e-08,4.491208e-06,0.0732,0.0758,201
50,features.12,94,pruned_before,nan,0.000000e+00,0.000000e+00,0.0000,0.0000,0
50,features.12,95,active,0.059403,1.608388e-08,4.188231e-06,0.0422,0.0707,201
50,features.12,96,pruned_before,nan,0.000000e+00,0.000000e+00,0.0000,0.0000,0
50,features.12,97,active,0.042169,2.605735e-08,3.226168e-06,0.0684,0.0545,201
50,features.12,98,active,0.008101,3.337948e-08,1.110211e-06,0.0876,0.0187,201
50,features.12,99,pruned_before,nan,0.000000e+00,0.000000e+00,0.0000,0.0000,0
50,features.12,100,pruned_before,nan,0.000000e+00,0.000000e+00,0.0000,0.0000,0
50,features.12,101,pruned_before,nan,0.000000e+00,0.000000e+00,0.0000,0.0000,0
50,features.12,102,active,0.014713,8.594818e-09,1.117065e-06,0.0226,0.0189,201
50,features.12,103,pruned_before,nan,0.000000e+00,0.000000e+00,0.0000,0.0000,0
50,features.12,104,active,0.059071,1.292331e-09,3.910754e-06,0.0034,0.0660,201
50,features.12,105,pruned_before,nan,0.000000e+00,0.000000e+00,0.0000,0.0000,0
50,features.12,106,pruned_before,nan,0.000000e+00,0.000000e+00,0.0000,0.0000,0
50,features.12,107,pruned_before,nan,0.000000e+00,0.000000e+00,0.0000,0.0000,0
50,features.12,108,active,0.188729,3.456894e-08,1.302077e-05,0.0908,0.2198,201
50,features.12,109,pruned_before,nan,0.000000e+00,0.000000e+00,0.0000,0.0000,0
50,features.12,110,pruned_before,nan,0.000000e+00,0.000000e+00,0.0000,0.0000,0
50,features.12,111,pruned_before,nan,0.000000e+00,0.000000e+00,0.0000,0.0000,0
50,features.12,112,pruned_before,nan,0.000000e+00,0.000000e+00,0.0000,0.0000,0
50,features.12,113,active,0.032436,6.667612e-08,3.287562e-06,0.1751,0.0555,201
50,features.12,114,active,0.195236,2.718405e-08,1.332147e-05,0.0714,0.2249,201
50,features.12,115,pruned_before,nan,0.000000e+00,0.000000e+00,0.0000,0.0000,0
50,features.12,116,pruned_before,nan,0.000000e+00,0.000000e+00,0.0000,0.0000,0
50,features.12,117,pruned_before,nan,0.000000e+00,0.000000e+00,0.0000,0.0000,0
50,features.12,118,pruned_before,nan,0.000000e+00,0.000000e+00,0.0000,0.0000,0
50,features.12,119,pruned_before,nan,0.000000e+00,0.000000e+00,0.0000,0.0000,0
50,features.12,120,pruned_before,nan,0.000000e+00,0.000000e+00,0.0000,0.0000,0
50,features.12,121,pruned_before,nan,0.000000e+00,0.000000e+00,0.0000,0.0000,0
50,features.12,122,pruned_before,nan,0.000000e+00,0.000000e+00,0.0000,0.0000,0
50,features.12,123,pruned_before,nan,0.000000e+00,0.000000e+00,0.0000,0.0000,0
50,features.12,124,active,0.001256,3.558403e-08,6.977189e-07,0.0934,0.0118,201
50,features.12,125,pruned_before,nan,0.000000e+00,0.000000e+00,0.0000,0.0000,0
50,features.12,126,active,0.264977,1.503735e-07,2.004149e-05,0.3948,0.3383,201
50,features.12,127,active,0.051284,9.211769e-08,4.968020e-06,0.2419,0.0839,201
50,features.12,128,pruned_before,nan,0.000000e+00,0.000000e+00,0.0000,0.0000,0
50,features.12,129,pruned_before,nan,0.000000e+00,0.000000e+00,0.0000,0.0000,0
50,features.12,130,active,0.123428,1.011690e-07,9.873434e-06,0.2656,0.1667,201
50,features.12,131,active,0.037772,1.182416e-10,2.488414e-06,0.0003,0.0420,201
50,features.12,132,pruned_before,nan,0.000000e+00,0.000000e+00,0.0000,0.0000,0
50,features.12,133,active,0.016514,1.130133e-09,1.106574e-06,0.0030,0.0187,201
50,features.12,134,pruned_before,nan,0.000000e+00,0.000000e+00,0.0000,0.0000,0
50,features.12,135,pruned_before,nan,0.000000e+00,0.000000e+00,0.0000,0.0000,0
50,features.12,136,pruned_before,nan,0.000000e+00,0.000000e+00,0.0000,0.0000,0
50,features.12,137,active,0.016352,1.921431e-08,1.408464e-06,0.0505,0.0238,201
50,features.12,138,active,0.002056,1.089499e-08,3.236710e-07,0.0286,0.0055,201
50,features.12,139,active,0.008446,9.425936e-09,7.189040e-07,0.0248,0.0121,201
50,features.12,140,pruned_before,nan,0.000000e+00,0.000000e+00,0.0000,0.0000,0
50,features.12,141,pruned_before,nan,0.000000e+00,0.000000e+00,0.0000,0.0000,0
50,features.12,142,pruned_before,nan,0.000000e+00,0.000000e+00,0.0000,0.0000,0
50,features.12,143,pruned_before,nan,0.000000e+00,0.000000e+00,0.0000,0.0000,0
50,features.12,144,pruned_before,nan,0.000000e+00,0.000000e+00,0.0000,0.0000,0
50,features.12,145,pruned_before,nan,0.000000e+00,0.000000e+00,0.0000,0.0000,0
50,features.12,146,active,0.004748,4.157907e-08,1.031201e-06,0.1092,0.0174,201
50,features.12,147,pruned_before,nan,0.000000e+00,0.000000e+00,0.0000,0.0000,0
50,features.12,148,pruned_before,nan,0.000000e+00,0.000000e+00,0.0000,0.0000,0
50,features.12,149,pruned_before,nan,0.000000e+00,0.000000e+00,0.0000,0.0000,0
50,features.12,150,pruned_before,nan,0.000000e+00,0.000000e+00,0.0000,0.0000,0
50,features.12,151,pruned_before,nan,0.000000e+00,0.000000e+00,0.0000,0.0000,0
50,features.12,152,pruned_before,nan,0.000000e+00,0.000000e+00,0.0000,0.0000,0
50,features.12,153,pruned_before,nan,0.000000e+00,0.000000e+00,0.0000,0.0000,0
50,features.12,154,pruned_before,nan,0.000000e+00,0.000000e+00,0.0000,0.0000,0
50,features.12,155,pruned_before,nan,0.000000e+00,0.000000e+00,0.0000,0.0000,0
50,features.12,156,pruned_before,nan,0.000000e+00,0.000000e+00,0.0000,0.0000,0
50,features.12,157,pruned_before,nan,0.000000e+00,0.000000e+00,0.0000,0.0000,0
50,features.12,158,pruned_before,nan,0.000000e+00,0.000000e+00,0.0000,0.0000,0
50,features.12,159,pruned_before,nan,0.000000e+00,0.000000e+00,0.0000,0.0000,0
50,features.12,160,pruned_before,nan,0.000000e+00,0.000000e+00,0.0000,0.0000,0
50,features.12,161,pruned_before,nan,0.000000e+00,0.000000e+00,0.0000,0.0000,0
50,features.12,162,pruned_before,nan,0.000000e+00,0.000000e+00,0.0000,0.0000,0
50,features.12,163,pruned_before,nan,0.000000e+00,0.000000e+00,0.0000,0.0000,0
50,features.12,164,pruned_before,nan,0.000000e+00,0.000000e+00,0.0000,0.0000,0
50,features.12,165,pruned_before,nan,0.000000e+00,0.000000e+00,0.0000,0.0000,0
50,features.12,166,pruned_before,nan,0.000000e+00,0.000000e+00,0.0000,0.0000,0
50,features.12,167,pruned_before,nan,0.000000e+00,0.000000e+00,0.0000,0.0000,0
50,features.12,168,pruned_before,nan,0.000000e+00,0.000000e+00,0.0000,0.0000,0
50,features.12,169,active,0.009308,3.550586e-08,1.226410e-06,0.0932,0.0207,201
50,features.12,170,pruned_before,nan,0.000000e+00,0.000000e+00,0.0000,0.0000,0
50,features.12,171,active,0.159230,5.768253e-08,1.147846e-05,0.1515,0.1938,201
50,features.12,172,pruned_before,nan,0.000000e+00,0.000000e+00,0.0000,0.0000,0
50,features.12,173,active,0.066321,1.185439e-08,4.570532e-06,0.0311,0.0771,201
50,features.12,174,pruned_before,nan,0.000000e+00,0.000000e+00,0.0000,0.0000,0
50,features.12,175,pruned_before,nan,0.000000e+00,0.000000e+00,0.0000,0.0000,0
50,features.12,176,pruned_before,nan,0.000000e+00,0.000000e+00,0.0000,0.0000,0
50,features.12,177,active,0.036010,3.594809e-08,2.991757e-06,0.0944,0.0505,201
50,features.12,178,pruned_before,nan,0.000000e+00,0.000000e+00,0.0000,0.0000,0
50,features.12,179,pruned_before,nan,0.000000e+00,0.000000e+00,0.0000,0.0000,0
50,features.12,180,pruned_before,nan,0.000000e+00,0.000000e+00,0.0000,0.0000,0
50,features.12,181,pruned_before,nan,0.000000e+00,0.000000e+00,0.0000,0.0000,0
50,features.12,182,pruned_before,nan,0.000000e+00,0.000000e+00,0.0000,0.0000,0
50,features.12,183,active,0.085200,3.808395e-07,1.219094e-05,1.0000,0.2058,201
50,features.12,184,pruned_before,nan,0.000000e+00,0.000000e+00,0.0000,0.0000,0
50,features.12,185,pruned_before,nan,0.000000e+00,0.000000e+00,0.0000,0.0000,0
50,features.12,186,pruned_before,nan,0.000000e+00,0.000000e+00,0.0000,0.0000,0
50,features.12,187,active,0.017069,2.904267e-08,1.625593e-06,0.0763,0.0274,201
50,features.12,188,pruned_before,nan,0.000000e+00,0.000000e+00,0.0000,0.0000,0
50,features.12,189,pruned_before,nan,0.000000e+00,0.000000e+00,0.0000,0.0000,0
50,features.12,190,pruned_before,nan,0.000000e+00,0.000000e+00,0.0000,0.0000,0
50,features.12,191,pruned_before,nan,0.000000e+00,0.000000e+00,0.0000,0.0000,0
50,features.12,192,pruned_before,nan,0.000000e+00,0.000000e+00,0.0000,0.0000,0
50,features.12,193,active,0.014759,2.480994e-08,1.400327e-06,0.0651,0.0236,201
50,features.12,194,active,0.016642,3.927103e-08,1.774234e-06,0.1031,0.0299,201
50,features.12,195,pruned_before,nan,0.000000e+00,0.000000e+00,0.0000,0.0000,0
50,features.12,196,pruned_before,nan,0.000000e+00,0.000000e+00,0.0000,0.0000,0
50,features.12,197,protected,0.816855,3.166502e-07,5.924334e-05,0.8315,1.0000,201
50,features.12,198,active,0.031210,9.558141e-08,3.706507e-06,0.2510,0.0626,201
50,features.12,199,active,0.040570,7.827979e-09,2.805866e-06,0.0206,0.0474,201
50,features.12,200,active,0.004843,2.583605e-08,7.653373e-07,0.0678,0.0129,201
50,features.12,201,active,0.030715,4.485537e-08,2.797123e-06,0.1178,0.0472,201
50,features.12,202,pruned_before,nan,0.000000e+00,0.000000e+00,0.0000,0.0000,0
50,features.12,203,pruned_before,nan,0.000000e+00,0.000000e+00,0.0000,0.0000,0
50,features.12,204,pruned_before,nan,0.000000e+00,0.000000e+00,0.0000,0.0000,0
50,features.12,205,pruned_before,nan,0.000000e+00,0.000000e+00,0.0000,0.0000,0
50,features.12,206,active,0.004718,3.985199e-08,9.993626e-07,0.1046,0.0169,201
50,features.12,207,pruned_before,nan,0.000000e+00,0.000000e+00,0.0000,0.0000,0
50,features.12,208,pruned_before,nan,0.000000e+00,0.000000e+00,0.0000,0.0000,0
50,features.12,209,pruned_before,nan,0.000000e+00,0.000000e+00,0.0000,0.0000,0
50,features.12,210,active,0.020009,1.642297e-08,1.600992e-06,0.0431,0.0270,201
50,features.12,211,pruned_before,nan,0.000000e+00,0.000000e+00,0.0000,0.0000,0
50,features.12,212,pruned_before,nan,0.000000e+00,0.000000e+00,0.0000,0.0000,0
50,features.12,213,pruned_before,nan,0.000000e+00,0.000000e+00,0.0000,0.0000,0
50,features.12,214,pruned_before,nan,0.000000e+00,0.000000e+00,0.0000,0.0000,0
50,features.12,215,pruned_before,nan,0.000000e+00,0.000000e+00,0.0000,0.0000,0
50,features.12,216,pruned_before,nan,0.000000e+00,0.000000e+00,0.0000,0.0000,0
50,features.12,217,pruned_before,nan,0.000000e+00,0.000000e+00,0.0000,0.0000,0
50,features.12,218,pruned_before,nan,0.000000e+00,0.000000e+00,0.0000,0.0000,0
50,features.12,219,pruned_before,nan,0.000000e+00,0.000000e+00,0.0000,0.0000,0
50,features.12,220,pruned_before,nan,0.000000e+00,0.000000e+00,0.0000,0.0000,0
50,features.12,221,pruned_before,nan,0.000000e+00,0.000000e+00,0.0000,0.0000,0
50,features.12,222,pruned_before,nan,0.000000e+00,0.000000e+00,0.0000,0.0000,0
50,features.12,223,pruned_before,nan,0.000000e+00,0.000000e+00,0.0000,0.0000,0
50,features.12,224,pruned_before,nan,0.000000e+00,0.000000e+00,0.0000,0.0000,0
50,features.12,225,active,0.021743,2.570560e-08,1.875531e-06,0.0675,0.0317,201
50,features.12,226,pruned_before,nan,0.000000e+00,0.000000e+00,0.0000,0.0000,0
50,features.12,227,pruned_before,nan,0.000000e+00,0.000000e+00,0.0000,0.0000,0
50,features.12,228,pruned_before,nan,0.000000e+00,0.000000e+00,0.0000,0.0000,0
50,features.12,229,pruned_before,nan,0.000000e+00,0.000000e+00,0.0000,0.0000,0
50,features.12,230,active,0.023007,2.368873e-08,1.923922e-06,0.0622,0.0325,201
50,features.12,231,pruned_before,nan,0.000000e+00,0.000000e+00,0.0000,0.0000,0
50,features.12,232,pruned_before,nan,0.000000e+00,0.000000e+00,0.0000,0.0000,0
50,features.12,233,active,0.567774,1.029279e-08,3.755214e-05,0.0270,0.6339,201
50,features.12,234,pruned_before,nan,0.000000e+00,0.000000e+00,0.0000,0.0000,0
50,features.12,235,pruned_before,nan,0.000000e+00,0.000000e+00,0.0000,0.0000,0
50,features.12,236,pruned_before,nan,0.000000e+00,0.000000e+00,0.0000,0.0000,0
50,features.12,237,pruned_before,nan,0.000000e+00,0.000000e+00,0.0000,0.0000,0
50,features.12,238,pruned_before,nan,0.000000e+00,0.000000e+00,0.0000,0.0000,0
50,features.12,239,pruned_before,nan,0.000000e+00,0.000000e+00,0.0000,0.0000,0
50,features.12,240,pruned_before,nan,0.000000e+00,0.000000e+00,0.0000,0.0000,0
50,features.12,241,pruned_before,nan,0.000000e+00,0.000000e+00,0.0000,0.0000,0
50,features.12,242,pruned_before,nan,0.000000e+00,0.000000e+00,0.0000,0.0000,0
50,features.12,243,pruned_before,nan,0.000000e+00,0.000000e+00,0.0000,0.0000,0
50,features.12,244,active,0.014218,1.133353e-08,1.131784e-06,0.0298,0.0191,201
50,features.12,245,pruned_before,nan,0.000000e+00,0.000000e+00,0.0000,0.0000,0
50,features.12,246,pruned_before,nan,0.000000e+00,0.000000e+00,0.0000,0.0000,0
50,features.12,247,pruned_before,nan,0.000000e+00,0.000000e+00,0.0000,0.0000,0
50,features.12,248,pruned_before,nan,0.000000e+00,0.000000e+00,0.0000,0.0000,0
50,features.12,249,pruned_before,nan,0.000000e+00,0.000000e+00,0.0000,0.0000,0
50,features.12,250,pruned_before,nan,0.000000e+00,0.000000e+00,0.0000,0.0000,0
50,features.12,251,pruned_before,nan,0.000000e+00,0.000000e+00,0.0000,0.0000,0
50,features.12,252,pruned_before,nan,0.000000e+00,0.000000e+00,0.0000,0.0000,0
50,features.12,253,pruned_before,nan,0.000000e+00,0.000000e+00,0.0000,0.0000,0
50,features.12,254,active,0.068065,6.649614e-09,4.595362e-06,0.0175,0.0776,201
50,features.12,255,pruned_before,nan,0.000000e+00,0.000000e+00,0.0000,0.0000,0
50,features.12,256,active,0.018838,8.972805e-08,2.790938e-06,0.2356,0.0471,201
50,features.12,257,pruned_before,nan,0.000000e+00,0.000000e+00,0.0000,0.0000,0
50,features.12,258,pruned_before,nan,0.000000e+00,0.000000e+00,0.0000,0.0000,0
50,features.12,259,pruned_before,nan,0.000000e+00,0.000000e+00,0.0000,0.0000,0
50,features.12,260,pruned_before,nan,0.000000e+00,0.000000e+00,0.0000,0.0000,0
50,features.12,261,active,0.168443,9.188519e-09,1.124676e-05,0.0241,0.1898,201
50,features.12,262,pruned_before,nan,0.000000e+00,0.000000e+00,0.0000,0.0000,0
50,features.12,263,pruned_before,nan,0.000000e+00,0.000000e+00,0.0000,0.0000,0
50,features.12,264,active,0.107713,1.079331e-07,8.955897e-06,0.2834,0.1512,201
50,features.12,265,pruned_before,nan,0.000000e+00,0.000000e+00,0.0000,0.0000,0
50,features.12,266,active,0.116119,1.020143e-08,7.819948e-06,0.0268,0.1320,201
50,features.12,267,pruned_before,nan,0.000000e+00,0.000000e+00,0.0000,0.0000,0
50,features.12,268,active,0.002828,8.381797e-08,1.634918e-06,0.2201,0.0276,201
50,features.12,269,pruned_before,nan,0.000000e+00,0.000000e+00,0.0000,0.0000,0
50,features.12,270,pruned_before,nan,0.000000e+00,0.000000e+00,0.0000,0.0000,0
50,features.12,271,pruned_before,nan,0.000000e+00,0.000000e+00,0.0000,0.0000,0
50,features.12,272,pruned_before,nan,0.000000e+00,0.000000e+00,0.0000,0.0000,0
50,features.12,273,pruned_before,nan,0.000000e+00,0.000000e+00,0.0000,0.0000,0
50,features.12,274,pruned_before,nan,0.000000e+00,0.000000e+00,0.0000,0.0000,0
50,features.12,275,pruned_before,nan,0.000000e+00,0.000000e+00,0.0000,0.0000,0
50,features.12,276,pruned_before,nan,0.000000e+00,0.000000e+00,0.0000,0.0000,0
50,features.12,277,pruned_before,nan,0.000000e+00,0.000000e+00,0.0000,0.0000,0
50,features.12,278,pruned_before,nan,0.000000e+00,0.000000e+00,0.0000,0.0000,0
50,features.12,279,pruned_before,nan,0.000000e+00,0.000000e+00,0.0000,0.0000,0
50,features.12,280,active,0.049616,4.489229e-08,4.041962e-06,0.1179,0.0682,201
50,features.12,281,pruned_before,nan,0.000000e+00,0.000000e+00,0.0000,0.0000,0
50,features.12,282,active,0.012976,6.585165e-08,1.992351e-06,0.1729,0.0336,201
50,features.12,283,pruned_before,nan,0.000000e+00,0.000000e+00,0.0000,0.0000,0
50,features.12,284,pruned_before,nan,0.000000e+00,0.000000e+00,0.0000,0.0000,0
50,features.12,285,pruned_before,nan,0.000000e+00,0.000000e+00,0.0000,0.0000,0
50,features.12,286,pruned_before,nan,0.000000e+00,0.000000e+00,0.0000,0.0000,0
50,features.12,287,active,0.157698,1.074342e-08,1.056632e-05,0.0282,0.1784,201
50,features.12,288,active,0.022904,1.077748e-08,1.693975e-06,0.0283,0.0286,201
50,features.12,289,pruned_before,nan,0.000000e+00,0.000000e+00,0.0000,0.0000,0
50,features.12,290,pruned_before,nan,0.000000e+00,0.000000e+00,0.0000,0.0000,0
50,features.12,291,pruned_before,nan,0.000000e+00,0.000000e+00,0.0000,0.0000,0
50,features.12,292,pruned_before,nan,0.000000e+00,0.000000e+00,0.0000,0.0000,0
50,features.12,293,pruned_before,nan,0.000000e+00,0.000000e+00,0.0000,0.0000,0
50,features.12,294,active,0.039012,1.935595e-08,2.902579e-06,0.0508,0.0490,201
50,features.12,295,pruned_before,nan,0.000000e+00,0.000000e+00,0.0000,0.0000,0
50,features.12,296,active,0.149417,7.213339e-08,1.108228e-05,0.1894,0.1871,201
50,features.12,297,pruned_before,nan,0.000000e+00,0.000000e+00,0.0000,0.0000,0
50,features.12,298,pruned_before,nan,0.000000e+00,0.000000e+00,0.0000,0.0000,0
50,features.12,299,pruned_before,nan,0.000000e+00,0.000000e+00,0.0000,0.0000,0
50,features.12,300,pruned_before,nan,0.000000e+00,0.000000e+00,0.0000,0.0000,0
50,features.12,301,pruned_before,nan,0.000000e+00,0.000000e+00,0.0000,0.0000,0
50,features.12,302,pruned_before,nan,0.000000e+00,0.000000e+00,0.0000,0.0000,0
50,features.12,303,pruned_before,nan,0.000000e+00,0.000000e+00,0.0000,0.0000,0
50,features.12,304,pruned_before,nan,0.000000e+00,0.000000e+00,0.0000,0.0000,0
50,features.12,305,active,0.012995,7.438324e-09,9.839523e-07,0.0195,0.0166,201
50,features.12,306,pruned_before,nan,0.000000e+00,0.000000e+00,0.0000,0.0000,0
50,features.12,307,pruned_before,nan,0.000000e+00,0.000000e+00,0.0000,0.0000,0
50,features.12,308,active,0.028936,2.884929e-08,2.403392e-06,0.0758,0.0406,201
50,features.12,309,pruned_before,nan,0.000000e+00,0.000000e+00,0.0000,0.0000,0
50,features.12,310,pruned_before,nan,0.000000e+00,0.000000e+00,0.0000,0.0000,0
50,features.12,311,pruned_before,nan,0.000000e+00,0.000000e+00,0.0000,0.0000,0
50,features.12,312,active,0.083611,1.386540e-08,5.743415e-06,0.0364,0.0969,201
50,features.12,313,pruned_before,nan,0.000000e+00,0.000000e+00,0.0000,0.0000,0
50,features.12,314,active,0.000794,2.323270e-08,4.538573e-07,0.0610,0.0077,201
50,features.12,315,pruned_before,nan,0.000000e+00,0.000000e+00,0.0000,0.0000,0
50,features.12,316,pruned_before,nan,0.000000e+00,0.000000e+00,0.0000,0.0000,0
50,features.12,317,pruned_before,nan,0.000000e+00,0.000000e+00,0.0000,0.0000,0
50,features.12,318,pruned_before,nan,0.000000e+00,0.000000e+00,0.0000,0.0000,0
50,features.12,319,pruned_before,nan,0.000000e+00,0.000000e+00,0.0000,0.0000,0
50,features.12,320,active,0.022796,9.598306e-09,1.666447e-06,0.0252,0.0281,201
50,features.12,321,pruned_before,nan,0.000000e+00,0.000000e+00,0.0000,0.0000,0
50,features.12,322,active,0.054770,2.162053e-08,3.978956e-06,0.0568,0.0672,201
50,features.12,323,active,0.230527,1.972701e-07,1.858437e-05,0.5180,0.3137,201
50,features.12,324,pruned_before,nan,0.000000e+00,0.000000e+00,0.0000,0.0000,0
50,features.12,325,pruned_before,nan,0.000000e+00,0.000000e+00,0.0000,0.0000,0
50,features.12,326,pruned_before,nan,0.000000e+00,0.000000e+00,0.0000,0.0000,0
50,features.12,327,pruned_before,nan,0.000000e+00,0.000000e+00,0.0000,0.0000,0
50,features.12,328,pruned_before,nan,0.000000e+00,0.000000e+00,0.0000,0.0000,0
50,features.12,329,pruned_before,nan,0.000000e+00,0.000000e+00,0.0000,0.0000,0
50,features.12,330,pruned_before,nan,0.000000e+00,0.000000e+00,0.0000,0.0000,0
50,features.12,331,pruned_before,nan,0.000000e+00,0.000000e+00,0.0000,0.0000,0
50,features.12,332,pruned_before,nan,0.000000e+00,0.000000e+00,0.0000,0.0000,0
50,features.12,333,pruned_before,nan,0.000000e+00,0.000000e+00,0.0000,0.0000,0
50,features.12,334,active,0.006108,4.323679e-08,1.149363e-06,0.1135,0.0194,201
50,features.12,335,pruned_before,nan,0.000000e+00,0.000000e+00,0.0000,0.0000,0
50,features.12,336,pruned_before,nan,0.000000e+00,0.000000e+00,0.0000,0.0000,0
50,features.12,337,active,0.051315,2.553850e-08,3.819243e-06,0.0671,0.0645,201
50,features.12,338,active,0.104666,4.652257e-08,7.693823e-06,0.1222,0.1299,201
50,features.12,339,pruned_before,nan,0.000000e+00,0.000000e+00,0.0000,0.0000,0
50,features.12,340,active,0.031627,6.386411e-08,3.185749e-06,0.1677,0.0538,201
50,features.12,341,pruned_before,nan,0.000000e+00,0.000000e+00,0.0000,0.0000,0
50,features.12,342,active,0.014115,2.245877e-08,1.317290e-06,0.0590,0.0222,201
50,features.12,343,pruned_before,nan,0.000000e+00,0.000000e+00,0.0000,0.0000,0
50,features.12,344,pruned_before,nan,0.000000e+00,0.000000e+00,0.0000,0.0000,0
50,features.12,345,active,0.025288,6.334555e-09,1.774118e-06,0.0166,0.0299,201
50,features.12,346,pruned_before,nan,0.000000e+00,0.000000e+00,0.0000,0.0000,0
50,features.12,347,active,0.368751,3.248137e-08,2.483479e-05,0.0853,0.4192,201
50,features.12,348,pruned_before,nan,0.000000e+00,0.000000e+00,0.0000,0.0000,0
50,features.12,349,active,0.028463,2.463219e-08,2.299332e-06,0.0647,0.0388,201
50,features.12,350,pruned_before,nan,0.000000e+00,0.000000e+00,0.0000,0.0000,0
50,features.12,351,pruned_before,nan,0.000000e+00,0.000000e+00,0.0000,0.0000,0
50,features.12,352,pruned_before,nan,0.000000e+00,0.000000e+00,0.0000,0.0000,0
50,features.12,353,active,0.004770,9.412069e-08,1.940799e-06,0.2471,0.0328,201
50,features.12,354,pruned_before,nan,0.000000e+00,0.000000e+00,0.0000,0.0000,0
50,features.12,355,pruned_before,nan,0.000000e+00,0.000000e+00,0.0000,0.0000,0
50,features.12,356,active,0.006956,1.065570e-07,2.299650e-06,0.2798,0.0388,201
50,features.12,357,active,0.006029,5.747099e-08,1.390211e-06,0.1509,0.0235,201
50,features.12,358,pruned_before,nan,0.000000e+00,0.000000e+00,0.0000,0.0000,0
50,features.12,359,pruned_before,nan,0.000000e+00,0.000000e+00,0.0000,0.0000,0
50,features.12,360,pruned_before,nan,0.000000e+00,0.000000e+00,0.0000,0.0000,0
50,features.12,361,pruned_before,nan,0.000000e+00,0.000000e+00,0.0000,0.0000,0
50,features.12,362,pruned_before,nan,0.000000e+00,0.000000e+00,0.0000,0.0000,0
50,features.12,363,active,0.084283,2.817455e-08,6.034990e-06,0.0740,0.1019,201
50,features.12,364,pruned_before,nan,0.000000e+00,0.000000e+00,0.0000,0.0000,0
50,features.12,365,pruned_before,nan,0.000000e+00,0.000000e+00,0.0000,0.0000,0
50,features.12,366,active,0.033976,4.762511e-08,3.059665e-06,0.1251,0.0516,201
50,features.12,367,pruned_before,nan,0.000000e+00,0.000000e+00,0.0000,0.0000,0
50,features.12,368,pruned_before,nan,0.000000e+00,0.000000e+00,0.0000,0.0000,0
50,features.12,369,pruned_before,nan,0.000000e+00,0.000000e+00,0.0000,0.0000,0
50,features.12,370,active,0.039406,2.071819e-08,2.952005e-06,0.0544,0.0498,201
50,features.12,371,active,0.011585,3.199476e-08,1.315629e-06,0.0840,0.0222,201
50,features.12,372,pruned_before,nan,0.000000e+00,0.000000e+00,0.0000,0.0000,0
50,features.12,373,active,0.012903,1.324139e-08,1.078196e-06,0.0348,0.0182,201
50,features.12,374,pruned_before,nan,0.000000e+00,0.000000e+00,0.0000,0.0000,0
50,features.12,375,pruned_before,nan,0.000000e+00,0.000000e+00,0.0000,0.0000,0
50,features.12,376,pruned_before,nan,0.000000e+00,0.000000e+00,0.0000,0.0000,0
50,features.12,377,active,0.111130,5.369395e-08,8.243303e-06,0.1410,0.1391,201
50,features.12,378,pruned_before,nan,0.000000e+00,0.000000e+00,0.0000,0.0000,0
50,features.12,379,active,0.272962,1.470184e-08,1.822209e-05,0.0386,0.3076,201
50,features.12,380,pruned_before,nan,0.000000e+00,0.000000e+00,0.0000,0.0000,0
50,features.12,381,pruned_before,nan,0.000000e+00,0.000000e+00,0.0000,0.0000,0
50,features.12,382,pruned_before,nan,0.000000e+00,0.000000e+00,0.0000,0.0000,0
50,features.12,383,active,0.018738,4.789634e-09,1.316241e-06,0.0126,0.0222,201
50,features.12,384,pruned_before,nan,0.000000e+00,0.000000e+00,0.0000,0.0000,0
50,features.12,385,active,0.061608,1.843840e-08,4.374102e-06,0.0484,0.0738,201
50,features.12,386,pruned_before,nan,0.000000e+00,0.000000e+00,0.0000,0.0000,0
50,features.12,387,pruned_before,nan,0.000000e+00,0.000000e+00,0.0000,0.0000,0
50,features.12,388,pruned_before,nan,0.000000e+00,0.000000e+00,0.0000,0.0000,0
50,features.12,389,pruned_before,nan,0.000000e+00,0.000000e+00,0.0000,0.0000,0
50,features.12,390,pruned_before,nan,0.000000e+00,0.000000e+00,0.0000,0.0000,0
50,features.12,391,active,0.017176,5.545994e-08,2.089206e-06,0.1456,0.0353,201
50,features.12,392,active,0.078957,1.348666e-08,5.430559e-06,0.0354,0.0917,201
50,features.12,393,pruned_before,nan,0.000000e+00,0.000000e+00,0.0000,0.0000,0
50,features.12,394,pruned_before,nan,0.000000e+00,0.000000e+00,0.0000,0.0000,0
50,features.12,395,pruned_before,nan,0.000000e+00,0.000000e+00,0.0000,0.0000,0
50,features.12,396,active,0.002207,9.023632e-08,1.704931e-06,0.2369,0.0288,201
50,features.12,397,pruned_before,nan,0.000000e+00,0.000000e+00,0.0000,0.0000,0
50,features.12,398,pruned_before,nan,0.000000e+00,0.000000e+00,0.0000,0.0000,0
50,features.12,399,pruned_before,nan,0.000000e+00,0.000000e+00,0.0000,0.0000,0
50,features.12,400,active,0.076757,4.775670e-09,5.135120e-06,0.0125,0.0867,201
50,features.12,401,pruned_before,nan,0.000000e+00,0.000000e+00,0.0000,0.0000,0
50,features.12,402,pruned_before,nan,0.000000e+00,0.000000e+00,0.0000,0.0000,0
50,features.12,403,active,0.000393,3.489061e-08,6.289511e-07,0.0916,0.0106,201
50,features.12,404,pruned_before,nan,0.000000e+00,0.000000e+00,0.0000,0.0000,0
50,features.12,405,pruned_before,nan,0.000000e+00,0.000000e+00,0.0000,0.0000,0
50,features.12,406,pruned_before,nan,0.000000e+00,0.000000e+00,0.0000,0.0000,0
50,features.12,407,active,0.020369,2.211608e-08,1.723102e-06,0.0581,0.0291,201
50,features.12,408,active,0.079641,1.516538e-08,5.504551e-06,0.0398,0.0929,201
50,features.12,409,pruned_before,nan,0.000000e+00,0.000000e+00,0.0000,0.0000,0
50,features.12,410,active,0.039638,5.052649e-08,3.482557e-06,0.1327,0.0588,201
50,features.12,411,active,0.151653,1.898778e-07,1.326465e-05,0.4986,0.2239,201
50,features.12,412,pruned_before,nan,0.000000e+00,0.000000e+00,0.0000,0.0000,0
50,features.12,413,active,0.147981,5.680096e-08,1.072273e-05,0.1491,0.1810,201
50,features.12,414,active,0.024571,3.433902e-08,2.210943e-06,0.0902,0.0373,201
50,features.12,415,pruned_before,nan,0.000000e+00,0.000000e+00,0.0000,0.0000,0
50,features.12,416,active,0.132413,1.003328e-07,1.045039e-05,0.2635,0.1764,201
50,features.12,417,pruned_before,nan,0.000000e+00,0.000000e+00,0.0000,0.0000,0
50,features.12,418,pruned_before,nan,0.000000e+00,0.000000e+00,0.0000,0.0000,0
50,features.12,419,pruned_before,nan,0.000000e+00,0.000000e+00,0.0000,0.0000,0
50,features.12,420,pruned_before,nan,0.000000e+00,0.000000e+00,0.0000,0.0000,0
50,features.12,421,pruned_before,nan,0.000000e+00,0.000000e+00,0.0000,0.0000,0
50,features.12,422,pruned_before,nan,0.000000e+00,0.000000e+00,0.0000,0.0000,0
50,features.12,423,pruned_before,nan,0.000000e+00,0.000000e+00,0.0000,0.0000,0
50,features.12,424,pruned_before,nan,0.000000e+00,0.000000e+00,0.0000,0.0000,0
50,features.12,425,pruned_before,nan,0.000000e+00,0.000000e+00,0.0000,0.0000,0
50,features.12,426,pruned_before,nan,0.000000e+00,0.000000e+00,0.0000,0.0000,0
50,features.12,427,pruned_before,nan,0.000000e+00,0.000000e+00,0.0000,0.0000,0
50,features.12,428,pruned_before,nan,0.000000e+00,0.000000e+00,0.0000,0.0000,0
50,features.12,429,active,0.014386,7.286419e-09,1.072912e-06,0.0191,0.0181,201
50,features.12,430,pruned_before,nan,0.000000e+00,0.000000e+00,0.0000,0.0000,0
50,features.12,431,pruned_before,nan,0.000000e+00,0.000000e+00,0.0000,0.0000,0
50,features.12,432,active,0.015037,5.699476e-08,1.974943e-06,0.1497,0.0333,201
50,features.12,433,pruned_before,nan,0.000000e+00,0.000000e+00,0.0000,0.0000,0
50,features.12,434,pruned_before,nan,0.000000e+00,0.000000e+00,0.0000,0.0000,0
50,features.12,435,pruned_before,nan,0.000000e+00,0.000000e+00,0.0000,0.0000,0
50,features.12,436,pruned_before,nan,0.000000e+00,0.000000e+00,0.0000,0.0000,0
50,features.12,437,pruned_before,nan,0.000000e+00,0.000000e+00,0.0000,0.0000,0
50,features.12,438,active,0.106813,1.441248e-07,9.522162e-06,0.3784,0.1607,201
50,features.12,439,active,0.002001,1.878606e-08,4.564094e-07,0.0493,0.0077,201
50,features.12,440,pruned_before,nan,0.000000e+00,0.000000e+00,0.0000,0.0000,0
50,features.12,441,pruned_before,nan,0.000000e+00,0.000000e+00,0.0000,0.0000,0
50,features.12,442,active,0.026225,2.033517e-08,2.077760e-06,0.0534,0.0351,201
50,features.12,443,pruned_before,nan,0.000000e+00,0.000000e+00,0.0000,0.0000,0
50,features.12,444,pruned_before,nan,0.000000e+00,0.000000e+00,0.0000,0.0000,0
50,features.12,445,pruned_before,nan,0.000000e+00,0.000000e+00,0.0000,0.0000,0
50,features.12,446,pruned_before,nan,0.000000e+00,0.000000e+00,0.0000,0.0000,0
50,features.12,447,pruned_before,nan,0.000000e+00,0.000000e+00,0.0000,0.0000,0
50,features.12,448,active,0.223991,3.010044e-08,1.526471e-05,0.0790,0.2577,201
50,features.12,449,pruned_before,nan,0.000000e+00,0.000000e+00,0.0000,0.0000,0
50,features.12,450,active,0.049209,1.335243e-08,3.469997e-06,0.0351,0.0586,201
50,features.12,451,active,0.036208,1.834969e-08,2.700569e-06,0.0482,0.0456,201
50,features.12,452,active,0.005218,6.747551e-08,1.509743e-06,0.1772,0.0255,201
50,features.12,453,pruned_before,nan,0.000000e+00,0.000000e+00,0.0000,0.0000,0
50,features.12,454,pruned_before,nan,0.000000e+00,0.000000e+00,0.0000,0.0000,0
50,features.12,455,pruned_before,nan,0.000000e+00,0.000000e+00,0.0000,0.0000,0
50,features.12,456,pruned_before,nan,0.000000e+00,0.000000e+00,0.0000,0.0000,0
50,features.12,457,pruned_before,nan,0.000000e+00,0.000000e+00,0.0000,0.0000,0
50,features.12,458,pruned_before,nan,0.000000e+00,0.000000e+00,0.0000,0.0000,0
50,features.12,459,pruned_before,nan,0.000000e+00,0.000000e+00,0.0000,0.0000,0
50,features.12,460,pruned_before,nan,0.000000e+00,0.000000e+00,0.0000,0.0000,0
50,features.12,461,pruned_before,nan,0.000000e+00,0.000000e+00,0.0000,0.0000,0
50,features.12,462,pruned_before,nan,0.000000e+00,0.000000e+00,0.0000,0.0000,0
50,features.12,463,pruned_before,nan,0.000000e+00,0.000000e+00,0.0000,0.0000,0
50,features.12,464,pruned_before,nan,0.000000e+00,0.000000e+00,0.0000,0.0000,0
50,features.12,465,pruned_before,nan,0.000000e+00,0.000000e+00,0.0000,0.0000,0
50,features.12,466,pruned_before,nan,0.000000e+00,0.000000e+00,0.0000,0.0000,0
50,features.12,467,pruned_before,nan,0.000000e+00,0.000000e+00,0.0000,0.0000,0
50,features.12,468,active,0.711643,8.704997e-08,4.834914e-05,0.2286,0.8161,201
50,features.12,469,active,0.010354,2.687482e-08,1.146065e-06,0.0706,0.0193,201
50,features.12,470,pruned_before,nan,0.000000e+00,0.000000e+00,0.0000,0.0000,0
50,features.12,471,active,0.015957,2.216329e-08,1.433453e-06,0.0582,0.0242,201
50,features.12,472,pruned_before,nan,0.000000e+00,0.000000e+00,0.0000,0.0000,0
50,features.12,473,active,0.039183,2.360795e-08,2.987298e-06,0.0620,0.0504,201
50,features.12,474,pruned_before,nan,0.000000e+00,0.000000e+00,0.0000,0.0000,0
50,features.12,475,pruned_before,nan,0.000000e+00,0.000000e+00,0.0000,0.0000,0
50,features.12,476,pruned_before,nan,0.000000e+00,0.000000e+00,0.0000,0.0000,0
50,features.12,477,pruned_before,nan,0.000000e+00,0.000000e+00,0.0000,0.0000,0
50,features.12,478,pruned_before,nan,0.000000e+00,0.000000e+00,0.0000,0.0000,0
50,features.12,479,pruned_before,nan,0.000000e+00,0.000000e+00,0.0000,0.0000,0
50,features.12,480,pruned_before,nan,0.000000e+00,0.000000e+00,0.0000,0.0000,0
50,features.12,481,active,0.086461,9.460354e-10,5.707700e-06,0.0025,0.0963,201
50,features.12,482,pruned_before,nan,0.000000e+00,0.000000e+00,0.0000,0.0000,0
50,features.12,483,pruned_before,nan,0.000000e+00,0.000000e+00,0.0000,0.0000,0
50,features.12,484,pruned_before,nan,0.000000e+00,0.000000e+00,0.0000,0.0000,0
50,features.12,485,pruned_before,nan,0.000000e+00,0.000000e+00,0.0000,0.0000,0
50,features.12,486,pruned_before,nan,0.000000e+00,0.000000e+00,0.0000,0.0000,0
50,features.12,487,pruned_before,nan,0.000000e+00,0.000000e+00,0.0000,0.0000,0
50,features.12,488,pruned_before,nan,0.000000e+00,0.000000e+00,0.0000,0.0000,0
50,features.12,489,pruned_before,nan,0.000000e+00,0.000000e+00,0.0000,0.0000,0
50,features.12,490,active,0.191134,3.141587e-08,1.312458e-05,0.0825,0.2215,201
50,features.12,491,pruned_before,nan,0.000000e+00,0.000000e+00,0.0000,0.0000,0
50,features.12,492,pruned_before,nan,0.000000e+00,0.000000e+00,0.0000,0.0000,0
50,features.12,493,pruned_before,nan,0.000000e+00,0.000000e+00,0.0000,0.0000,0
50,features.12,494,pruned_before,nan,0.000000e+00,0.000000e+00,0.0000,0.0000,0
50,features.12,495,pruned_before,nan,0.000000e+00,0.000000e+00,0.0000,0.0000,0
50,features.12,496,pruned_before,nan,0.000000e+00,0.000000e+00,0.0000,0.0000,0
50,features.12,497,pruned_before,nan,0.000000e+00,0.000000e+00,0.0000,0.0000,0
50,features.12,498,pruned_before,nan,0.000000e+00,0.000000e+00,0.0000,0.0000,0
50,features.12,499,pruned_before,nan,0.000000e+00,0.000000e+00,0.0000,0.0000,0
50,features.12,500,pruned_before,nan,0.000000e+00,0.000000e+00,0.0000,0.0000,0
50,features.12,501,pruned_before,nan,0.000000e+00,0.000000e+00,0.0000,0.0000,0
50,features.12,502,active,0.074479,8.258952e-08,6.330179e-06,0.2169,0.1069,201
50,features.12,503,active,0.010151,1.142870e-08,8.657279e-07,0.0300,0.0146,201
50,features.12,504,pruned_before,nan,0.000000e+00,0.000000e+00,0.0000,0.0000,0
50,features.12,505,pruned_before,nan,0.000000e+00,0.000000e+00,0.0000,0.0000,0
50,features.12,506,active,0.265942,8.638024e-09,1.765516e-05,0.0227,0.2980,201
50,features.12,507,pruned_before,nan,0.000000e+00,0.000000e+00,0.0000,0.0000,0
50,features.12,508,pruned_before,nan,0.000000e+00,0.000000e+00,0.0000,0.0000,0
50,features.12,509,active,0.016828,6.748371e-08,2.274114e-06,0.1772,0.0384,201
50,features.12,510,pruned_before,nan,0.000000e+00,0.000000e+00,0.0000,0.0000,0
50,features.12,511,pruned_before,nan,0.000000e+00,0.000000e+00,0.0000,0.0000,0
50,features.12,512,active,0.007048,5.093339e-09,5.519762e-07,0.0134,0.0093,201
50,features.12,513,pruned_before,nan,0.000000e+00,0.000000e+00,0.0000,0.0000,0
50,features.12,514,active,0.022169,1.712722e-08,1.755341e-06,0.0450,0.0296,201
50,features.12,515,pruned_before,nan,0.000000e+00,0.000000e+00,0.0000,0.0000,0
50,features.12,516,pruned_before,nan,0.000000e+00,0.000000e+00,0.0000,0.0000,0
50,features.12,517,pruned_before,nan,0.000000e+00,0.000000e+00,0.0000,0.0000,0
50,features.12,518,pruned_before,nan,0.000000e+00,0.000000e+00,0.0000,0.0000,0
50,features.12,519,pruned_before,nan,0.000000e+00,0.000000e+00,0.0000,0.0000,0
50,features.12,520,pruned_before,nan,0.000000e+00,0.000000e+00,0.0000,0.0000,0
50,features.12,521,pruned_before,nan,0.000000e+00,0.000000e+00,0.0000,0.0000,0
50,features.12,522,pruned_before,nan,0.000000e+00,0.000000e+00,0.0000,0.0000,0
50,features.12,523,pruned_before,nan,0.000000e+00,0.000000e+00,0.0000,0.0000,0
50,features.12,524,active,0.036720,5.736506e-08,3.408617e-06,0.1506,0.0575,201
50,features.12,525,pruned_before,nan,0.000000e+00,0.000000e+00,0.0000,0.0000,0
50,features.12,526,active,0.023446,7.638963e-09,1.675379e-06,0.0201,0.0283,201
50,features.12,527,pruned_before,nan,0.000000e+00,0.000000e+00,0.0000,0.0000,0
50,features.12,528,pruned_before,nan,0.000000e+00,0.000000e+00,0.0000,0.0000,0
50,features.12,529,active,0.041919,1.674418e-08,3.048764e-06,0.0440,0.0515,201
50,features.12,530,pruned_before,nan,0.000000e+00,0.000000e+00,0.0000,0.0000,0
50,features.12,531,pruned_before,nan,0.000000e+00,0.000000e+00,0.0000,0.0000,0
50,features.12,532,pruned_before,nan,0.000000e+00,0.000000e+00,0.0000,0.0000,0
50,features.12,533,pruned_before,nan,0.000000e+00,0.000000e+00,0.0000,0.0000,0
50,features.12,534,pruned_before,nan,0.000000e+00,0.000000e+00,0.0000,0.0000,0
50,features.12,535,pruned_before,nan,0.000000e+00,0.000000e+00,0.0000,0.0000,0
50,features.12,536,pruned_before,nan,0.000000e+00,0.000000e+00,0.0000,0.0000,0
50,features.12,537,active,0.041999,5.617380e-08,3.735540e-06,0.1475,0.0631,201
50,features.12,538,pruned_before,nan,0.000000e+00,0.000000e+00,0.0000,0.0000,0
50,features.12,539,pruned_before,nan,0.000000e+00,0.000000e+00,0.0000,0.0000,0
50,features.12,540,pruned_before,nan,0.000000e+00,0.000000e+00,0.0000,0.0000,0
50,features.12,541,pruned_before,nan,0.000000e+00,0.000000e+00,0.0000,0.0000,0
50,features.12,542,pruned_before,nan,0.000000e+00,0.000000e+00,0.0000,0.0000,0
50,features.12,543,pruned_before,nan,0.000000e+00,0.000000e+00,0.0000,0.0000,0
50,features.12,544,pruned_before,nan,0.000000e+00,0.000000e+00,0.0000,0.0000,0
50,features.12,545,pruned_before,nan,0.000000e+00,0.000000e+00,0.0000,0.0000,0
50,features.12,546,pruned_before,nan,0.000000e+00,0.000000e+00,0.0000,0.0000,0
50,features.12,547,pruned_before,nan,0.000000e+00,0.000000e+00,0.0000,0.0000,0
50,features.12,548,pruned_before,nan,0.000000e+00,0.000000e+00,0.0000,0.0000,0
50,features.12,549,pruned_before,nan,0.000000e+00,0.000000e+00,0.0000,0.0000,0
50,features.12,550,active,0.167476,5.707513e-08,1.201078e-05,0.1499,0.2027,201
50,features.12,551,pruned_before,nan,0.000000e+00,0.000000e+00,0.0000,0.0000,0
50,features.12,552,pruned_before,nan,0.000000e+00,0.000000e+00,0.0000,0.0000,0
50,features.12,553,pruned_before,nan,0.000000e+00,0.000000e+00,0.0000,0.0000,0
50,features.12,554,active,0.090357,8.359880e-08,7.392759e-06,0.2195,0.1248,201
50,features.12,555,pruned_before,nan,0.000000e+00,0.000000e+00,0.0000,0.0000,0
50,features.12,556,pruned_before,nan,0.000000e+00,0.000000e+00,0.0000,0.0000,0
50,features.12,557,pruned_before,nan,0.000000e+00,0.000000e+00,0.0000,0.0000,0
50,features.12,558,pruned_before,nan,0.000000e+00,0.000000e+00,0.0000,0.0000,0
50,features.12,559,active,0.035165,3.080977e-08,2.847310e-06,0.0809,0.0481,201
50,features.12,560,pruned_before,nan,0.000000e+00,0.000000e+00,0.0000,0.0000,0
50,features.12,561,active,0.014753,6.569500e-08,2.106635e-06,0.1725,0.0356,201
50,features.12,562,pruned_before,nan,0.000000e+00,0.000000e+00,0.0000,0.0000,0
50,features.12,563,pruned_before,nan,0.000000e+00,0.000000e+00,0.0000,0.0000,0
50,features.12,564,active,0.186292,6.413996e-08,1.337145e-05,0.1684,0.2257,201
50,features.12,565,pruned_before,nan,0.000000e+00,0.000000e+00,0.0000,0.0000,0
50,features.12,566,active,0.005104,9.639664e-09,5.025960e-07,0.0253,0.0085,201
50,features.12,567,pruned_before,nan,0.000000e+00,0.000000e+00,0.0000,0.0000,0
50,features.12,568,pruned_before,nan,0.000000e+00,0.000000e+00,0.0000,0.0000,0
50,features.12,569,pruned_before,nan,0.000000e+00,0.000000e+00,0.0000,0.0000,0
50,features.12,570,pruned_before,nan,0.000000e+00,0.000000e+00,0.0000,0.0000,0
50,features.12,571,pruned_before,nan,0.000000e+00,0.000000e+00,0.0000,0.0000,0
50,features.12,572,pruned_before,nan,0.000000e+00,0.000000e+00,0.0000,0.0000,0
50,features.12,573,pruned_before,nan,0.000000e+00,0.000000e+00,0.0000,0.0000,0
50,features.12,574,pruned_before,nan,0.000000e+00,0.000000e+00,0.0000,0.0000,0
50,features.12,575,pruned_before,nan,0.000000e+00,0.000000e+00,0.0000,0.0000,0
50,features.13,0,pruned_before,nan,0.000000e+00,0.000000e+00,0.0000,0.0000,0
50,features.13,1,pruned_before,nan,0.000000e+00,0.000000e+00,0.0000,0.0000,0
50,features.13,2,pruned_before,nan,0.000000e+00,0.000000e+00,0.0000,0.0000,0
50,features.13,3,pruned_before,nan,0.000000e+00,0.000000e+00,0.0000,0.0000,0
50,features.13,4,pruned_before,nan,0.000000e+00,0.000000e+00,0.0000,0.0000,0
50,features.13,5,pruned_before,nan,0.000000e+00,0.000000e+00,0.0000,0.0000,0
50,features.13,6,pruned_before,nan,0.000000e+00,0.000000e+00,0.0000,0.0000,0
50,features.13,7,pruned_before,nan,0.000000e+00,0.000000e+00,0.0000,0.0000,0
50,features.13,8,pruned_before,nan,0.000000e+00,0.000000e+00,0.0000,0.0000,0
50,features.13,9,pruned_before,nan,0.000000e+00,0.000000e+00,0.0000,0.0000,0
50,features.13,10,pruned_before,nan,0.000000e+00,0.000000e+00,0.0000,0.0000,0
50,features.13,11,pruned_before,nan,0.000000e+00,0.000000e+00,0.0000,0.0000,0
50,features.13,12,pruned_before,nan,0.000000e+00,0.000000e+00,0.0000,0.0000,0
50,features.13,13,pruned_before,nan,0.000000e+00,0.000000e+00,0.0000,0.0000,0
50,features.13,14,pruned_before,nan,0.000000e+00,0.000000e+00,0.0000,0.0000,0
50,features.13,15,pruned_before,nan,0.000000e+00,0.000000e+00,0.0000,0.0000,0
50,features.13,16,pruned_before,nan,0.000000e+00,0.000000e+00,0.0000,0.0000,0
50,features.13,17,active,0.212921,2.943986e-08,1.556527e-04,0.0453,0.2416,201
50,features.13,18,pruned_before,nan,0.000000e+00,0.000000e+00,0.0000,0.0000,0
50,features.13,19,pruned_before,nan,0.000000e+00,0.000000e+00,0.0000,0.0000,0
50,features.13,20,pruned_before,nan,0.000000e+00,0.000000e+00,0.0000,0.0000,0
50,features.13,21,active,0.014159,4.734464e-08,1.535324e-05,0.0729,0.0238,201
50,features.13,22,pruned_before,nan,0.000000e+00,0.000000e+00,0.0000,0.0000,0
50,features.13,23,pruned_before,nan,0.000000e+00,0.000000e+00,0.0000,0.0000,0
50,features.13,24,pruned_before,nan,0.000000e+00,0.000000e+00,0.0000,0.0000,0
50,features.13,25,pruned_before,nan,0.000000e+00,0.000000e+00,0.0000,0.0000,0
50,features.13,26,pruned_before,nan,0.000000e+00,0.000000e+00,0.0000,0.0000,0
50,features.13,27,pruned_before,nan,0.000000e+00,0.000000e+00,0.0000,0.0000,0
50,features.13,28,pruned_before,nan,0.000000e+00,0.000000e+00,0.0000,0.0000,0
50,features.13,29,pruned_before,nan,0.000000e+00,0.000000e+00,0.0000,0.0000,0
50,features.13,30,pruned_before,nan,0.000000e+00,0.000000e+00,0.0000,0.0000,0
50,features.13,31,pruned_before,nan,0.000000e+00,0.000000e+00,0.0000,0.0000,0
50,features.13,32,pruned_before,nan,0.000000e+00,0.000000e+00,0.0000,0.0000,0
50,features.13,33,pruned_before,nan,0.000000e+00,0.000000e+00,0.0000,0.0000,0
50,features.13,34,pruned_before,nan,0.000000e+00,0.000000e+00,0.0000,0.0000,0
50,features.13,35,pruned_before,nan,0.000000e+00,0.000000e+00,0.0000,0.0000,0
50,features.13,36,pruned_before,nan,0.000000e+00,0.000000e+00,0.0000,0.0000,0
50,features.13,37,pruned_before,nan,0.000000e+00,0.000000e+00,0.0000,0.0000,0
50,features.13,38,pruned_before,nan,0.000000e+00,0.000000e+00,0.0000,0.0000,0
50,features.13,39,pruned_before,nan,0.000000e+00,0.000000e+00,0.0000,0.0000,0
50,features.13,40,pruned_before,nan,0.000000e+00,0.000000e+00,0.0000,0.0000,0
50,features.13,41,pruned_before,nan,0.000000e+00,0.000000e+00,0.0000,0.0000,0
50,features.13,42,pruned_before,nan,0.000000e+00,0.000000e+00,0.0000,0.0000,0
50,features.13,43,pruned_before,nan,0.000000e+00,0.000000e+00,0.0000,0.0000,0
50,features.13,44,pruned_before,nan,0.000000e+00,0.000000e+00,0.0000,0.0000,0
50,features.13,45,pruned_before,nan,0.000000e+00,0.000000e+00,0.0000,0.0000,0
50,features.13,46,pruned_before,nan,0.000000e+00,0.000000e+00,0.0000,0.0000,0
50,features.13,47,pruned_before,nan,0.000000e+00,0.000000e+00,0.0000,0.0000,0
50,features.13,48,pruned_before,nan,0.000000e+00,0.000000e+00,0.0000,0.0000,0
50,features.13,49,pruned_before,nan,0.000000e+00,0.000000e+00,0.0000,0.0000,0
50,features.13,50,pruned_before,nan,0.000000e+00,0.000000e+00,0.0000,0.0000,0
50,features.13,51,pruned_before,nan,0.000000e+00,0.000000e+00,0.0000,0.0000,0
50,features.13,52,pruned_before,nan,0.000000e+00,0.000000e+00,0.0000,0.0000,0
50,features.13,53,pruned_before,nan,0.000000e+00,0.000000e+00,0.0000,0.0000,0
50,features.13,54,pruned_before,nan,0.000000e+00,0.000000e+00,0.0000,0.0000,0
50,features.13,55,pruned_before,nan,0.000000e+00,0.000000e+00,0.0000,0.0000,0
50,features.13,56,pruned_before,nan,0.000000e+00,0.000000e+00,0.0000,0.0000,0
50,features.13,57,pruned_before,nan,0.000000e+00,0.000000e+00,0.0000,0.0000,0
50,features.13,58,pruned_before,nan,0.000000e+00,0.000000e+00,0.0000,0.0000,0
50,features.13,59,pruned_before,nan,0.000000e+00,0.000000e+00,0.0000,0.0000,0
50,features.13,60,pruned_before,nan,0.000000e+00,0.000000e+00,0.0000,0.0000,0
50,features.13,61,pruned_before,nan,0.000000e+00,0.000000e+00,0.0000,0.0000,0
50,features.13,62,pruned_before,nan,0.000000e+00,0.000000e+00,0.0000,0.0000,0
50,features.13,63,pruned_before,nan,0.000000e+00,0.000000e+00,0.0000,0.0000,0
50,features.13,64,pruned_before,nan,0.000000e+00,0.000000e+00,0.0000,0.0000,0
50,features.13,65,pruned_before,nan,0.000000e+00,0.000000e+00,0.0000,0.0000,0
50,features.13,66,pruned_before,nan,0.000000e+00,0.000000e+00,0.0000,0.0000,0
50,features.13,67,pruned_before,nan,0.000000e+00,0.000000e+00,0.0000,0.0000,0
50,features.13,68,pruned_before,nan,0.000000e+00,0.000000e+00,0.0000,0.0000,0
50,features.13,69,pruned_before,nan,0.000000e+00,0.000000e+00,0.0000,0.0000,0
50,features.13,70,pruned_before,nan,0.000000e+00,0.000000e+00,0.0000,0.0000,0
50,features.13,71,pruned_before,nan,0.000000e+00,0.000000e+00,0.0000,0.0000,0
50,features.13,72,pruned_before,nan,0.000000e+00,0.000000e+00,0.0000,0.0000,0
50,features.13,73,pruned_before,nan,0.000000e+00,0.000000e+00,0.0000,0.0000,0
50,features.13,74,pruned_before,nan,0.000000e+00,0.000000e+00,0.0000,0.0000,0
50,features.13,75,pruned_before,nan,0.000000e+00,0.000000e+00,0.0000,0.0000,0
50,features.13,76,pruned_before,nan,0.000000e+00,0.000000e+00,0.0000,0.0000,0
50,features.13,77,pruned_before,nan,0.000000e+00,0.000000e+00,0.0000,0.0000,0
50,features.13,78,pruned_before,nan,0.000000e+00,0.000000e+00,0.0000,0.0000,0
50,features.13,79,pruned_before,nan,0.000000e+00,0.000000e+00,0.0000,0.0000,0
50,features.13,80,pruned_before,nan,0.000000e+00,0.000000e+00,0.0000,0.0000,0
50,features.13,81,pruned_before,nan,0.000000e+00,0.000000e+00,0.0000,0.0000,0
50,features.13,82,pruned_before,nan,0.000000e+00,0.000000e+00,0.0000,0.0000,0
50,features.13,83,protected,0.866040,2.205503e-07,6.442167e-04,0.3396,1.0000,201
50,features.13,84,pruned_before,nan,0.000000e+00,0.000000e+00,0.0000,0.0000,0
50,features.13,85,pruned_before,nan,0.000000e+00,0.000000e+00,0.0000,0.0000,0
50,features.13,86,pruned_before,nan,0.000000e+00,0.000000e+00,0.0000,0.0000,0
50,features.13,87,pruned_before,nan,0.000000e+00,0.000000e+00,0.0000,0.0000,0
50,features.13,88,pruned_before,nan,0.000000e+00,0.000000e+00,0.0000,0.0000,0
50,features.13,89,pruned_before,nan,0.000000e+00,0.000000e+00,0.0000,0.0000,0
50,features.13,90,pruned_before,nan,0.000000e+00,0.000000e+00,0.0000,0.0000,0
50,features.13,91,pruned_before,nan,0.000000e+00,0.000000e+00,0.0000,0.0000,0
50,features.13,92,pruned_before,nan,0.000000e+00,0.000000e+00,0.0000,0.0000,0
50,features.13,93,pruned_before,nan,0.000000e+00,0.000000e+00,0.0000,0.0000,0
50,features.13,94,pruned_before,nan,0.000000e+00,0.000000e+00,0.0000,0.0000,0
50,features.13,95,pruned_before,nan,0.000000e+00,0.000000e+00,0.0000,0.0000,0
50,features.13,96,pruned_before,nan,0.000000e+00,0.000000e+00,0.0000,0.0000,0
50,features.13,97,pruned_before,nan,0.000000e+00,0.000000e+00,0.0000,0.0000,0
50,features.13,98,pruned_before,nan,0.000000e+00,0.000000e+00,0.0000,0.0000,0
50,features.13,99,pruned_before,nan,0.000000e+00,0.000000e+00,0.0000,0.0000,0
50,features.13,100,pruned_before,nan,0.000000e+00,0.000000e+00,0.0000,0.0000,0
50,features.13,101,pruned_before,nan,0.000000e+00,0.000000e+00,0.0000,0.0000,0
50,features.13,102,pruned_before,nan,0.000000e+00,0.000000e+00,0.0000,0.0000,0
50,features.13,103,pruned_before,nan,0.000000e+00,0.000000e+00,0.0000,0.0000,0
50,features.13,104,pruned_before,nan,0.000000e+00,0.000000e+00,0.0000,0.0000,0
50,features.13,105,pruned_before,nan,0.000000e+00,0.000000e+00,0.0000,0.0000,0
50,features.13,106,pruned_before,nan,0.000000e+00,0.000000e+00,0.0000,0.0000,0
50,features.13,107,pruned_before,nan,0.000000e+00,0.000000e+00,0.0000,0.0000,0
50,features.13,108,pruned_before,nan,0.000000e+00,0.000000e+00,0.0000,0.0000,0
50,features.13,109,pruned_before,nan,0.000000e+00,0.000000e+00,0.0000,0.0000,0
50,features.13,110,pruned_before,nan,0.000000e+00,0.000000e+00,0.0000,0.0000,0
50,features.13,111,pruned_before,nan,0.000000e+00,0.000000e+00,0.0000,0.0000,0
50,features.13,112,pruned_before,nan,0.000000e+00,0.000000e+00,0.0000,0.0000,0
50,features.13,113,pruned_before,nan,0.000000e+00,0.000000e+00,0.0000,0.0000,0
50,features.13,114,pruned_before,nan,0.000000e+00,0.000000e+00,0.0000,0.0000,0
50,features.13,115,pruned_before,nan,0.000000e+00,0.000000e+00,0.0000,0.0000,0
50,features.13,116,pruned_before,nan,0.000000e+00,0.000000e+00,0.0000,0.0000,0
50,features.13,117,pruned_before,nan,0.000000e+00,0.000000e+00,0.0000,0.0000,0
50,features.13,118,pruned_before,nan,0.000000e+00,0.000000e+00,0.0000,0.0000,0
50,features.13,119,pruned_before,nan,0.000000e+00,0.000000e+00,0.0000,0.0000,0
50,features.13,120,pruned_before,nan,0.000000e+00,0.000000e+00,0.0000,0.0000,0
50,features.13,121,pruned_before,nan,0.000000e+00,0.000000e+00,0.0000,0.0000,0
50,features.13,122,pruned_before,nan,0.000000e+00,0.000000e+00,0.0000,0.0000,0
50,features.13,123,pruned_before,nan,0.000000e+00,0.000000e+00,0.0000,0.0000,0
50,features.13,124,pruned_before,nan,0.000000e+00,0.000000e+00,0.0000,0.0000,0
50,features.13,125,pruned_before,nan,0.000000e+00,0.000000e+00,0.0000,0.0000,0
50,features.13,126,pruned_before,nan,0.000000e+00,0.000000e+00,0.0000,0.0000,0
50,features.13,127,pruned_before,nan,0.000000e+00,0.000000e+00,0.0000,0.0000,0
50,features.13,128,pruned_before,nan,0.000000e+00,0.000000e+00,0.0000,0.0000,0
50,features.13,129,pruned_before,nan,0.000000e+00,0.000000e+00,0.0000,0.0000,0
50,features.13,130,pruned_before,nan,0.000000e+00,0.000000e+00,0.0000,0.0000,0
50,features.13,131,pruned_before,nan,0.000000e+00,0.000000e+00,0.0000,0.0000,0
50,features.13,132,pruned_before,nan,0.000000e+00,0.000000e+00,0.0000,0.0000,0
50,features.13,133,active,0.186996,2.609369e-07,1.626111e-04,0.4018,0.2524,201
50,features.13,134,pruned_before,nan,0.000000e+00,0.000000e+00,0.0000,0.0000,0
50,features.13,135,pruned_before,nan,0.000000e+00,0.000000e+00,0.0000,0.0000,0
50,features.13,136,pruned_before,nan,0.000000e+00,0.000000e+00,0.0000,0.0000,0
50,features.13,137,pruned_before,nan,0.000000e+00,0.000000e+00,0.0000,0.0000,0
50,features.13,138,pruned_before,nan,0.000000e+00,0.000000e+00,0.0000,0.0000,0
50,features.13,139,pruned_before,nan,0.000000e+00,0.000000e+00,0.0000,0.0000,0
50,features.13,140,pruned_before,nan,0.000000e+00,0.000000e+00,0.0000,0.0000,0
50,features.13,141,pruned_before,nan,0.000000e+00,0.000000e+00,0.0000,0.0000,0
50,features.13,142,pruned_before,nan,0.000000e+00,0.000000e+00,0.0000,0.0000,0
50,features.13,143,pruned_before,nan,0.000000e+00,0.000000e+00,0.0000,0.0000,0
50,features.13,144,pruned_before,nan,0.000000e+00,0.000000e+00,0.0000,0.0000,0
50,features.13,145,pruned_before,nan,0.000000e+00,0.000000e+00,0.0000,0.0000,0
50,features.13,146,pruned_before,nan,0.000000e+00,0.000000e+00,0.0000,0.0000,0
50,features.13,147,pruned_before,nan,0.000000e+00,0.000000e+00,0.0000,0.0000,0
50,features.13,148,pruned_before,nan,0.000000e+00,0.000000e+00,0.0000,0.0000,0
50,features.13,149,pruned_before,nan,0.000000e+00,0.000000e+00,0.0000,0.0000,0
50,features.13,150,pruned_before,nan,0.000000e+00,0.000000e+00,0.0000,0.0000,0
50,features.13,151,pruned_before,nan,0.000000e+00,0.000000e+00,0.0000,0.0000,0
50,features.13,152,pruned_before,nan,0.000000e+00,0.000000e+00,0.0000,0.0000,0
50,features.13,153,pruned_before,nan,0.000000e+00,0.000000e+00,0.0000,0.0000,0
50,features.13,154,pruned_before,nan,0.000000e+00,0.000000e+00,0.0000,0.0000,0
50,features.13,155,pruned_before,nan,0.000000e+00,0.000000e+00,0.0000,0.0000,0
50,features.13,156,pruned_before,nan,0.000000e+00,0.000000e+00,0.0000,0.0000,0
50,features.13,157,pruned_before,nan,0.000000e+00,0.000000e+00,0.0000,0.0000,0
50,features.13,158,pruned_before,nan,0.000000e+00,0.000000e+00,0.0000,0.0000,0
50,features.13,159,pruned_before,nan,0.000000e+00,0.000000e+00,0.0000,0.0000,0
50,features.13,160,pruned_before,nan,0.000000e+00,0.000000e+00,0.0000,0.0000,0
50,features.13,161,pruned_before,nan,0.000000e+00,0.000000e+00,0.0000,0.0000,0
50,features.13,162,pruned_before,nan,0.000000e+00,0.000000e+00,0.0000,0.0000,0
50,features.13,163,pruned_before,nan,0.000000e+00,0.000000e+00,0.0000,0.0000,0
50,features.13,164,pruned_before,nan,0.000000e+00,0.000000e+00,0.0000,0.0000,0
50,features.13,165,pruned_before,nan,0.000000e+00,0.000000e+00,0.0000,0.0000,0
50,features.13,166,pruned_before,nan,0.000000e+00,0.000000e+00,0.0000,0.0000,0
50,features.13,167,pruned_before,nan,0.000000e+00,0.000000e+00,0.0000,0.0000,0
50,features.13,168,pruned_before,nan,0.000000e+00,0.000000e+00,0.0000,0.0000,0
50,features.13,169,pruned_before,nan,0.000000e+00,0.000000e+00,0.0000,0.0000,0
50,features.13,170,pruned_before,nan,0.000000e+00,0.000000e+00,0.0000,0.0000,0
50,features.13,171,pruned_before,nan,0.000000e+00,0.000000e+00,0.0000,0.0000,0
50,features.13,172,pruned_before,nan,0.000000e+00,0.000000e+00,0.0000,0.0000,0
50,features.13,173,pruned_before,nan,0.000000e+00,0.000000e+00,0.0000,0.0000,0
50,features.13,174,pruned_before,nan,0.000000e+00,0.000000e+00,0.0000,0.0000,0
50,features.13,175,pruned_before,nan,0.000000e+00,0.000000e+00,0.0000,0.0000,0
50,features.13,176,pruned_before,nan,0.000000e+00,0.000000e+00,0.0000,0.0000,0
50,features.13,177,pruned_before,nan,0.000000e+00,0.000000e+00,0.0000,0.0000,0
50,features.13,178,pruned_before,nan,0.000000e+00,0.000000e+00,0.0000,0.0000,0
50,features.13,179,pruned_before,nan,0.000000e+00,0.000000e+00,0.0000,0.0000,0
50,features.13,180,pruned_before,nan,0.000000e+00,0.000000e+00,0.0000,0.0000,0
50,features.13,181,pruned_before,nan,0.000000e+00,0.000000e+00,0.0000,0.0000,0
50,features.13,182,pruned_before,nan,0.000000e+00,0.000000e+00,0.0000,0.0000,0
50,features.13,183,pruned_before,nan,0.000000e+00,0.000000e+00,0.0000,0.0000,0
50,features.13,184,pruned_before,nan,0.000000e+00,0.000000e+00,0.0000,0.0000,0
50,features.13,185,pruned_before,nan,0.000000e+00,0.000000e+00,0.0000,0.0000,0
50,features.13,186,pruned_before,nan,0.000000e+00,0.000000e+00,0.0000,0.0000,0
50,features.13,187,pruned_before,nan,0.000000e+00,0.000000e+00,0.0000,0.0000,0
50,features.13,188,active,0.473104,1.538520e-07,3.556032e-04,0.2369,0.5520,201
50,features.13,189,pruned_before,nan,0.000000e+00,0.000000e+00,0.0000,0.0000,0
50,features.13,190,pruned_before,nan,0.000000e+00,0.000000e+00,0.0000,0.0000,0
50,features.13,191,pruned_before,nan,0.000000e+00,0.000000e+00,0.0000,0.0000,0
50,features.13,192,pruned_before,nan,0.000000e+00,0.000000e+00,0.0000,0.0000,0
50,features.13,193,pruned_before,nan,0.000000e+00,0.000000e+00,0.0000,0.0000,0
50,features.13,194,pruned_before,nan,0.000000e+00,0.000000e+00,0.0000,0.0000,0
50,features.13,195,pruned_before,nan,0.000000e+00,0.000000e+00,0.0000,0.0000,0
50,features.13,196,pruned_before,nan,0.000000e+00,0.000000e+00,0.0000,0.0000,0
50,features.13,197,pruned_before,nan,0.000000e+00,0.000000e+00,0.0000,0.0000,0
50,features.13,198,pruned_before,nan,0.000000e+00,0.000000e+00,0.0000,0.0000,0
50,features.13,199,pruned_before,nan,0.000000e+00,0.000000e+00,0.0000,0.0000,0
50,features.13,200,pruned_before,nan,0.000000e+00,0.000000e+00,0.0000,0.0000,0
50,features.13,201,pruned_before,nan,0.000000e+00,0.000000e+00,0.0000,0.0000,0
50,features.13,202,pruned_before,nan,0.000000e+00,0.000000e+00,0.0000,0.0000,0
50,features.13,203,pruned_before,nan,0.000000e+00,0.000000e+00,0.0000,0.0000,0
50,features.13,204,pruned_before,nan,0.000000e+00,0.000000e+00,0.0000,0.0000,0
50,features.13,205,pruned_before,nan,0.000000e+00,0.000000e+00,0.0000,0.0000,0
50,features.13,206,pruned_before,nan,0.000000e+00,0.000000e+00,0.0000,0.0000,0
50,features.13,207,pruned_before,nan,0.000000e+00,0.000000e+00,0.0000,0.0000,0
50,features.13,208,pruned_before,nan,0.000000e+00,0.000000e+00,0.0000,0.0000,0
50,features.13,209,pruned_before,nan,0.000000e+00,0.000000e+00,0.0000,0.0000,0
50,features.13,210,pruned_before,nan,0.000000e+00,0.000000e+00,0.0000,0.0000,0
50,features.13,211,pruned_before,nan,0.000000e+00,0.000000e+00,0.0000,0.0000,0
50,features.13,212,pruned_before,nan,0.000000e+00,0.000000e+00,0.0000,0.0000,0
50,features.13,213,pruned_before,nan,0.000000e+00,0.000000e+00,0.0000,0.0000,0
50,features.13,214,pruned_before,nan,0.000000e+00,0.000000e+00,0.0000,0.0000,0
50,features.13,215,pruned_before,nan,0.000000e+00,0.000000e+00,0.0000,0.0000,0
50,features.13,216,pruned_before,nan,0.000000e+00,0.000000e+00,0.0000,0.0000,0
50,features.13,217,pruned_before,nan,0.000000e+00,0.000000e+00,0.0000,0.0000,0
50,features.13,218,pruned_before,nan,0.000000e+00,0.000000e+00,0.0000,0.0000,0
50,features.13,219,pruned_before,nan,0.000000e+00,0.000000e+00,0.0000,0.0000,0
50,features.13,220,pruned_before,nan,0.000000e+00,0.000000e+00,0.0000,0.0000,0
50,features.13,221,pruned_before,nan,0.000000e+00,0.000000e+00,0.0000,0.0000,0
50,features.13,222,pruned_before,nan,0.000000e+00,0.000000e+00,0.0000,0.0000,0
50,features.13,223,pruned_before,nan,0.000000e+00,0.000000e+00,0.0000,0.0000,0
50,features.13,224,pruned_before,nan,0.000000e+00,0.000000e+00,0.0000,0.0000,0
50,features.13,225,active,0.000500,2.956149e-10,3.901875e-07,0.0005,0.0006,201
50,features.13,226,pruned_before,nan,0.000000e+00,0.000000e+00,0.0000,0.0000,0
50,features.13,227,pruned_before,nan,0.000000e+00,0.000000e+00,0.0000,0.0000,0
50,features.13,228,pruned_before,nan,0.000000e+00,0.000000e+00,0.0000,0.0000,0
50,features.13,229,pruned_before,nan,0.000000e+00,0.000000e+00,0.0000,0.0000,0
50,features.13,230,pruned_before,nan,0.000000e+00,0.000000e+00,0.0000,0.0000,0
50,features.13,231,pruned_before,nan,0.000000e+00,0.000000e+00,0.0000,0.0000,0
50,features.13,232,pruned_before,nan,0.000000e+00,0.000000e+00,0.0000,0.0000,0
50,features.13,233,pruned_before,nan,0.000000e+00,0.000000e+00,0.0000,0.0000,0
50,features.13,234,pruned_before,nan,0.000000e+00,0.000000e+00,0.0000,0.0000,0
50,features.13,235,pruned_before,nan,0.000000e+00,0.000000e+00,0.0000,0.0000,0
50,features.13,236,pruned_before,nan,0.000000e+00,0.000000e+00,0.0000,0.0000,0
50,features.13,237,pruned_before,nan,0.000000e+00,0.000000e+00,0.0000,0.0000,0
50,features.13,238,pruned_before,nan,0.000000e+00,0.000000e+00,0.0000,0.0000,0
50,features.13,239,active,0.145334,2.079367e-07,1.269480e-04,0.3202,0.1971,201
50,features.13,240,pruned_before,nan,0.000000e+00,0.000000e+00,0.0000,0.0000,0
50,features.13,241,pruned_before,nan,0.000000e+00,0.000000e+00,0.0000,0.0000,0
50,features.13,242,pruned_before,nan,0.000000e+00,0.000000e+00,0.0000,0.0000,0
50,features.13,243,pruned_before,nan,0.000000e+00,0.000000e+00,0.0000,0.0000,0
50,features.13,244,pruned_before,nan,0.000000e+00,0.000000e+00,0.0000,0.0000,0
50,features.13,245,pruned_before,nan,0.000000e+00,0.000000e+00,0.0000,0.0000,0
50,features.13,246,pruned_before,nan,0.000000e+00,0.000000e+00,0.0000,0.0000,0
50,features.13,247,pruned_before,nan,0.000000e+00,0.000000e+00,0.0000,0.0000,0
50,features.13,248,pruned_before,nan,0.000000e+00,0.000000e+00,0.0000,0.0000,0
50,features.13,249,pruned_before,nan,0.000000e+00,0.000000e+00,0.0000,0.0000,0
50,features.13,250,pruned_before,nan,0.000000e+00,0.000000e+00,0.0000,0.0000,0
50,features.13,251,pruned_before,nan,0.000000e+00,0.000000e+00,0.0000,0.0000,0
50,features.13,252,pruned_before,nan,0.000000e+00,0.000000e+00,0.0000,0.0000,0
50,features.13,253,pruned_before,nan,0.000000e+00,0.000000e+00,0.0000,0.0000,0
50,features.13,254,pruned_before,nan,0.000000e+00,0.000000e+00,0.0000,0.0000,0
50,features.13,255,pruned_before,nan,0.000000e+00,0.000000e+00,0.0000,0.0000,0
50,features.13,256,pruned_before,nan,0.000000e+00,0.000000e+00,0.0000,0.0000,0
50,features.13,257,pruned_before,nan,0.000000e+00,0.000000e+00,0.0000,0.0000,0
50,features.13,258,pruned_before,nan,0.000000e+00,0.000000e+00,0.0000,0.0000,0
50,features.13,259,pruned_before,nan,0.000000e+00,0.000000e+00,0.0000,0.0000,0
50,features.13,260,pruned_before,nan,0.000000e+00,0.000000e+00,0.0000,0.0000,0
50,features.13,261,pruned_before,nan,0.000000e+00,0.000000e+00,0.0000,0.0000,0
50,features.13,262,pruned_before,nan,0.000000e+00,0.000000e+00,0.0000,0.0000,0
50,features.13,263,pruned_before,nan,0.000000e+00,0.000000e+00,0.0000,0.0000,0
50,features.13,264,pruned_before,nan,0.000000e+00,0.000000e+00,0.0000,0.0000,0
50,features.13,265,pruned_before,nan,0.000000e+00,0.000000e+00,0.0000,0.0000,0
50,features.13,266,pruned_before,nan,0.000000e+00,0.000000e+00,0.0000,0.0000,0
50,features.13,267,pruned_before,nan,0.000000e+00,0.000000e+00,0.0000,0.0000,0
50,features.13,268,pruned_before,nan,0.000000e+00,0.000000e+00,0.0000,0.0000,0
50,features.13,269,pruned_before,nan,0.000000e+00,0.000000e+00,0.0000,0.0000,0
50,features.13,270,pruned_before,nan,0.000000e+00,0.000000e+00,0.0000,0.0000,0
50,features.13,271,pruned_before,nan,0.000000e+00,0.000000e+00,0.0000,0.0000,0
50,features.13,272,pruned_before,nan,0.000000e+00,0.000000e+00,0.0000,0.0000,0
50,features.13,273,pruned_before,nan,0.000000e+00,0.000000e+00,0.0000,0.0000,0
50,features.13,274,pruned_before,nan,0.000000e+00,0.000000e+00,0.0000,0.0000,0
50,features.13,275,pruned_before,nan,0.000000e+00,0.000000e+00,0.0000,0.0000,0
50,features.13,276,pruned_before,nan,0.000000e+00,0.000000e+00,0.0000,0.0000,0
50,features.13,277,pruned_before,nan,0.000000e+00,0.000000e+00,0.0000,0.0000,0
50,features.13,278,pruned_before,nan,0.000000e+00,0.000000e+00,0.0000,0.0000,0
50,features.13,279,active,0.087999,2.409546e-08,6.564510e-05,0.0371,0.1019,201
50,features.13,280,pruned_before,nan,0.000000e+00,0.000000e+00,0.0000,0.0000,0
50,features.13,281,pruned_before,nan,0.000000e+00,0.000000e+00,0.0000,0.0000,0
50,features.13,282,pruned_before,nan,0.000000e+00,0.000000e+00,0.0000,0.0000,0
50,features.13,283,pruned_before,nan,0.000000e+00,0.000000e+00,0.0000,0.0000,0
50,features.13,284,pruned_before,nan,0.000000e+00,0.000000e+00,0.0000,0.0000,0
50,features.13,285,pruned_before,nan,0.000000e+00,0.000000e+00,0.0000,0.0000,0
50,features.13,286,pruned_before,nan,0.000000e+00,0.000000e+00,0.0000,0.0000,0
50,features.13,287,pruned_before,nan,0.000000e+00,0.000000e+00,0.0000,0.0000,0
50,features.13,288,pruned_before,nan,0.000000e+00,0.000000e+00,0.0000,0.0000,0
50,features.13,289,pruned_before,nan,0.000000e+00,0.000000e+00,0.0000,0.0000,0
50,features.13,290,pruned_before,nan,0.000000e+00,0.000000e+00,0.0000,0.0000,0
50,features.13,291,pruned_before,nan,0.000000e+00,0.000000e+00,0.0000,0.0000,0
50,features.13,292,pruned_before,nan,0.000000e+00,0.000000e+00,0.0000,0.0000,0
50,features.13,293,pruned_before,nan,0.000000e+00,0.000000e+00,0.0000,0.0000,0
50,features.13,294,pruned_before,nan,0.000000e+00,0.000000e+00,0.0000,0.0000,0
50,features.13,295,pruned_before,nan,0.000000e+00,0.000000e+00,0.0000,0.0000,0
50,features.13,296,pruned_before,nan,0.000000e+00,0.000000e+00,0.0000,0.0000,0
50,features.13,297,pruned_before,nan,0.000000e+00,0.000000e+00,0.0000,0.0000,0
50,features.13,298,pruned_before,nan,0.000000e+00,0.000000e+00,0.0000,0.0000,0
50,features.13,299,pruned_before,nan,0.000000e+00,0.000000e+00,0.0000,0.0000,0
50,features.13,300,pruned_before,nan,0.000000e+00,0.000000e+00,0.0000,0.0000,0
50,features.13,301,pruned_before,nan,0.000000e+00,0.000000e+00,0.0000,0.0000,0
50,features.13,302,pruned_before,nan,0.000000e+00,0.000000e+00,0.0000,0.0000,0
50,features.13,303,pruned_before,nan,0.000000e+00,0.000000e+00,0.0000,0.0000,0
50,features.13,304,pruned_before,nan,0.000000e+00,0.000000e+00,0.0000,0.0000,0
50,features.13,305,pruned_before,nan,0.000000e+00,0.000000e+00,0.0000,0.0000,0
50,features.13,306,pruned_before,nan,0.000000e+00,0.000000e+00,0.0000,0.0000,0
50,features.13,307,pruned_before,nan,0.000000e+00,0.000000e+00,0.0000,0.0000,0
50,features.13,308,pruned_before,nan,0.000000e+00,0.000000e+00,0.0000,0.0000,0
50,features.13,309,pruned_before,nan,0.000000e+00,0.000000e+00,0.0000,0.0000,0
50,features.13,310,pruned_before,nan,0.000000e+00,0.000000e+00,0.0000,0.0000,0
50,features.13,311,pruned_before,nan,0.000000e+00,0.000000e+00,0.0000,0.0000,0
50,features.13,312,pruned_before,nan,0.000000e+00,0.000000e+00,0.0000,0.0000,0
50,features.13,313,pruned_before,nan,0.000000e+00,0.000000e+00,0.0000,0.0000,0
50,features.13,314,pruned_before,nan,0.000000e+00,0.000000e+00,0.0000,0.0000,0
50,features.13,315,pruned_before,nan,0.000000e+00,0.000000e+00,0.0000,0.0000,0
50,features.13,316,pruned_before,nan,0.000000e+00,0.000000e+00,0.0000,0.0000,0
50,features.13,317,pruned_before,nan,0.000000e+00,0.000000e+00,0.0000,0.0000,0
50,features.13,318,pruned_before,nan,0.000000e+00,0.000000e+00,0.0000,0.0000,0
50,features.13,319,pruned_before,nan,0.000000e+00,0.000000e+00,0.0000,0.0000,0
50,features.13,320,pruned_before,nan,0.000000e+00,0.000000e+00,0.0000,0.0000,0
50,features.13,321,pruned_before,nan,0.000000e+00,0.000000e+00,0.0000,0.0000,0
50,features.13,322,pruned_before,nan,0.000000e+00,0.000000e+00,0.0000,0.0000,0
50,features.13,323,pruned_before,nan,0.000000e+00,0.000000e+00,0.0000,0.0000,0
50,features.13,324,pruned_before,nan,0.000000e+00,0.000000e+00,0.0000,0.0000,0
50,features.13,325,pruned_before,nan,0.000000e+00,0.000000e+00,0.0000,0.0000,0
50,features.13,326,pruned_before,nan,0.000000e+00,0.000000e+00,0.0000,0.0000,0
50,features.13,327,pruned_before,nan,0.000000e+00,0.000000e+00,0.0000,0.0000,0
50,features.13,328,pruned_before,nan,0.000000e+00,0.000000e+00,0.0000,0.0000,0
50,features.13,329,pruned_before,nan,0.000000e+00,0.000000e+00,0.0000,0.0000,0
50,features.13,330,pruned_before,nan,0.000000e+00,0.000000e+00,0.0000,0.0000,0
50,features.13,331,pruned_before,nan,0.000000e+00,0.000000e+00,0.0000,0.0000,0
50,features.13,332,pruned_before,nan,0.000000e+00,0.000000e+00,0.0000,0.0000,0
50,features.13,333,pruned_before,nan,0.000000e+00,0.000000e+00,0.0000,0.0000,0
50,features.13,334,pruned_before,nan,0.000000e+00,0.000000e+00,0.0000,0.0000,0
50,features.13,335,pruned_before,nan,0.000000e+00,0.000000e+00,0.0000,0.0000,0
50,features.13,336,pruned_before,nan,0.000000e+00,0.000000e+00,0.0000,0.0000,0
50,features.13,337,pruned_before,nan,0.000000e+00,0.000000e+00,0.0000,0.0000,0
50,features.13,338,pruned_before,nan,0.000000e+00,0.000000e+00,0.0000,0.0000,0
50,features.13,339,pruned_before,nan,0.000000e+00,0.000000e+00,0.0000,0.0000,0
50,features.13,340,pruned_before,nan,0.000000e+00,0.000000e+00,0.0000,0.0000,0
50,features.13,341,active,0.257233,6.494334e-07,2.557061e-04,1.0000,0.3969,201
50,features.13,342,pruned_before,nan,0.000000e+00,0.000000e+00,0.0000,0.0000,0
50,features.13,343,pruned_before,nan,0.000000e+00,0.000000e+00,0.0000,0.0000,0
50,features.13,344,pruned_before,nan,0.000000e+00,0.000000e+00,0.0000,0.0000,0
50,features.13,345,pruned_before,nan,0.000000e+00,0.000000e+00,0.0000,0.0000,0
50,features.13,346,pruned_before,nan,0.000000e+00,0.000000e+00,0.0000,0.0000,0
50,features.13,347,pruned_before,nan,0.000000e+00,0.000000e+00,0.0000,0.0000,0
50,features.13,348,pruned_before,nan,0.000000e+00,0.000000e+00,0.0000,0.0000,0
50,features.13,349,pruned_before,nan,0.000000e+00,0.000000e+00,0.0000,0.0000,0
50,features.13,350,pruned_before,nan,0.000000e+00,0.000000e+00,0.0000,0.0000,0
50,features.13,351,pruned_before,nan,0.000000e+00,0.000000e+00,0.0000,0.0000,0
50,features.13,352,pruned_before,nan,0.000000e+00,0.000000e+00,0.0000,0.0000,0
50,features.13,353,pruned_before,nan,0.000000e+00,0.000000e+00,0.0000,0.0000,0
50,features.13,354,pruned_before,nan,0.000000e+00,0.000000e+00,0.0000,0.0000,0
50,features.13,355,pruned_before,nan,0.000000e+00,0.000000e+00,0.0000,0.0000,0
50,features.13,356,pruned_before,nan,0.000000e+00,0.000000e+00,0.0000,0.0000,0
50,features.13,357,active,0.746226,8.216602e-08,5.432019e-04,0.1265,0.8432,201
50,features.13,358,pruned_before,nan,0.000000e+00,0.000000e+00,0.0000,0.0000,0
50,features.13,359,pruned_before,nan,0.000000e+00,0.000000e+00,0.0000,0.0000,0
50,features.13,360,pruned_before,nan,0.000000e+00,0.000000e+00,0.0000,0.0000,0
50,features.13,361,pruned_before,nan,0.000000e+00,0.000000e+00,0.0000,0.0000,0
50,features.13,362,pruned_before,nan,0.000000e+00,0.000000e+00,0.0000,0.0000,0
50,features.13,363,pruned_before,nan,0.000000e+00,0.000000e+00,0.0000,0.0000,0
50,features.13,364,pruned_before,nan,0.000000e+00,0.000000e+00,0.0000,0.0000,0
50,features.13,365,pruned_before,nan,0.000000e+00,0.000000e+00,0.0000,0.0000,0
50,features.13,366,pruned_before,nan,0.000000e+00,0.000000e+00,0.0000,0.0000,0
50,features.13,367,pruned_before,nan,0.000000e+00,0.000000e+00,0.0000,0.0000,0
50,features.13,368,pruned_before,nan,0.000000e+00,0.000000e+00,0.0000,0.0000,0
50,features.13,369,pruned_before,nan,0.000000e+00,0.000000e+00,0.0000,0.0000,0
50,features.13,370,pruned_before,nan,0.000000e+00,0.000000e+00,0.0000,0.0000,0
50,features.13,371,pruned_before,nan,0.000000e+00,0.000000e+00,0.0000,0.0000,0
50,features.13,372,active,0.421353,1.138940e-07,3.141564e-04,0.1754,0.4877,201
50,features.13,373,pruned_before,nan,0.000000e+00,0.000000e+00,0.0000,0.0000,0
50,features.13,374,pruned_before,nan,0.000000e+00,0.000000e+00,0.0000,0.0000,0
50,features.13,375,pruned_before,nan,0.000000e+00,0.000000e+00,0.0000,0.0000,0
50,features.13,376,pruned_before,nan,0.000000e+00,0.000000e+00,0.0000,0.0000,0
50,features.13,377,pruned_before,nan,0.000000e+00,0.000000e+00,0.0000,0.0000,0
50,features.13,378,pruned_before,nan,0.000000e+00,0.000000e+00,0.0000,0.0000,0
50,features.13,379,pruned_before,nan,0.000000e+00,0.000000e+00,0.0000,0.0000,0
50,features.13,380,pruned_before,nan,0.000000e+00,0.000000e+00,0.0000,0.0000,0
50,features.13,381,pruned_before,nan,0.000000e+00,0.000000e+00,0.0000,0.0000,0
50,features.13,382,pruned_before,nan,0.000000e+00,0.000000e+00,0.0000,0.0000,0
50,features.13,383,pruned_before,nan,0.000000e+00,0.000000e+00,0.0000,0.0000,0
50,features.13,384,pruned_before,nan,0.000000e+00,0.000000e+00,0.0000,0.0000,0
50,features.13,385,pruned_before,nan,0.000000e+00,0.000000e+00,0.0000,0.0000,0
50,features.13,386,pruned_before,nan,0.000000e+00,0.000000e+00,0.0000,0.0000,0
50,features.13,387,pruned_before,nan,0.000000e+00,0.000000e+00,0.0000,0.0000,0
50,features.13,388,pruned_before,nan,0.000000e+00,0.000000e+00,0.0000,0.0000,0
50,features.13,389,pruned_before,nan,0.000000e+00,0.000000e+00,0.0000,0.0000,0
50,features.13,390,pruned_before,nan,0.000000e+00,0.000000e+00,0.0000,0.0000,0
50,features.13,391,pruned_before,nan,0.000000e+00,0.000000e+00,0.0000,0.0000,0
50,features.13,392,pruned_before,nan,0.000000e+00,0.000000e+00,0.0000,0.0000,0
50,features.13,393,pruned_before,nan,0.000000e+00,0.000000e+00,0.0000,0.0000,0
50,features.13,394,pruned_before,nan,0.000000e+00,0.000000e+00,0.0000,0.0000,0
50,features.13,395,pruned_before,nan,0.000000e+00,0.000000e+00,0.0000,0.0000,0
50,features.13,396,pruned_before,nan,0.000000e+00,0.000000e+00,0.0000,0.0000,0
50,features.13,397,pruned_before,nan,0.000000e+00,0.000000e+00,0.0000,0.0000,0
50,features.13,398,pruned_before,nan,0.000000e+00,0.000000e+00,0.0000,0.0000,0
50,features.13,399,pruned_before,nan,0.000000e+00,0.000000e+00,0.0000,0.0000,0
50,features.13,400,pruned_before,nan,0.000000e+00,0.000000e+00,0.0000,0.0000,0
50,features.13,401,pruned_before,nan,0.000000e+00,0.000000e+00,0.0000,0.0000,0
50,features.13,402,pruned_before,nan,0.000000e+00,0.000000e+00,0.0000,0.0000,0
50,features.13,403,pruned_before,nan,0.000000e+00,0.000000e+00,0.0000,0.0000,0
50,features.13,404,pruned_before,nan,0.000000e+00,0.000000e+00,0.0000,0.0000,0
50,features.13,405,pruned_before,nan,0.000000e+00,0.000000e+00,0.0000,0.0000,0
50,features.13,406,pruned_before,nan,0.000000e+00,0.000000e+00,0.0000,0.0000,0
50,features.13,407,pruned_before,nan,0.000000e+00,0.000000e+00,0.0000,0.0000,0
50,features.13,408,pruned_before,nan,0.000000e+00,0.000000e+00,0.0000,0.0000,0
50,features.13,409,pruned_before,nan,0.000000e+00,0.000000e+00,0.0000,0.0000,0
50,features.13,410,pruned_before,nan,0.000000e+00,0.000000e+00,0.0000,0.0000,0
50,features.13,411,pruned_before,nan,0.000000e+00,0.000000e+00,0.0000,0.0000,0
50,features.13,412,pruned_before,nan,0.000000e+00,0.000000e+00,0.0000,0.0000,0
50,features.13,413,pruned_before,nan,0.000000e+00,0.000000e+00,0.0000,0.0000,0
50,features.13,414,pruned_before,nan,0.000000e+00,0.000000e+00,0.0000,0.0000,0
50,features.13,415,pruned_before,nan,0.000000e+00,0.000000e+00,0.0000,0.0000,0
50,features.13,416,pruned_before,nan,0.000000e+00,0.000000e+00,0.0000,0.0000,0
50,features.13,417,pruned_before,nan,0.000000e+00,0.000000e+00,0.0000,0.0000,0
50,features.13,418,pruned_before,nan,0.000000e+00,0.000000e+00,0.0000,0.0000,0
50,features.13,419,pruned_before,nan,0.000000e+00,0.000000e+00,0.0000,0.0000,0
50,features.13,420,active,0.116395,9.104772e-08,9.335035e-05,0.1402,0.1449,201
50,features.13,421,pruned_before,nan,0.000000e+00,0.000000e+00,0.0000,0.0000,0
50,features.13,422,pruned_before,nan,0.000000e+00,0.000000e+00,0.0000,0.0000,0
50,features.13,423,pruned_before,nan,0.000000e+00,0.000000e+00,0.0000,0.0000,0
50,features.13,424,pruned_before,nan,0.000000e+00,0.000000e+00,0.0000,0.0000,0
50,features.13,425,pruned_before,nan,0.000000e+00,0.000000e+00,0.0000,0.0000,0
50,features.13,426,pruned_before,nan,0.000000e+00,0.000000e+00,0.0000,0.0000,0
50,features.13,427,pruned_before,nan,0.000000e+00,0.000000e+00,0.0000,0.0000,0
50,features.13,428,pruned_before,nan,0.000000e+00,0.000000e+00,0.0000,0.0000,0
50,features.13,429,pruned_before,nan,0.000000e+00,0.000000e+00,0.0000,0.0000,0
50,features.13,430,pruned_before,nan,0.000000e+00,0.000000e+00,0.0000,0.0000,0
50,features.13,431,pruned_before,nan,0.000000e+00,0.000000e+00,0.0000,0.0000,0
50,features.13,432,pruned_before,nan,0.000000e+00,0.000000e+00,0.0000,0.0000,0
50,features.13,433,pruned_before,nan,0.000000e+00,0.000000e+00,0.0000,0.0000,0
50,features.13,434,pruned_before,nan,0.000000e+00,0.000000e+00,0.0000,0.0000,0
50,features.13,435,pruned_before,nan,0.000000e+00,0.000000e+00,0.0000,0.0000,0
50,features.13,436,pruned_before,nan,0.000000e+00,0.000000e+00,0.0000,0.0000,0
50,features.13,437,pruned_before,nan,0.000000e+00,0.000000e+00,0.0000,0.0000,0
50,features.13,438,pruned_before,nan,0.000000e+00,0.000000e+00,0.0000,0.0000,0
50,features.13,439,pruned_before,nan,0.000000e+00,0.000000e+00,0.0000,0.0000,0
50,features.13,440,pruned_before,nan,0.000000e+00,0.000000e+00,0.0000,0.0000,0
50,features.13,441,pruned_before,nan,0.000000e+00,0.000000e+00,0.0000,0.0000,0
50,features.13,442,pruned_before,nan,0.000000e+00,0.000000e+00,0.0000,0.0000,0
50,features.13,443,active,0.102686,6.169000e-08,8.030180e-05,0.0950,0.1247,201
50,features.13,444,pruned_before,nan,0.000000e+00,0.000000e+00,0.0000,0.0000,0
50,features.13,445,pruned_before,nan,0.000000e+00,0.000000e+00,0.0000,0.0000,0
50,features.13,446,pruned_before,nan,0.000000e+00,0.000000e+00,0.0000,0.0000,0
50,features.13,447,pruned_before,nan,0.000000e+00,0.000000e+00,0.0000,0.0000,0
50,features.13,448,pruned_before,nan,0.000000e+00,0.000000e+00,0.0000,0.0000,0
50,features.13,449,pruned_before,nan,0.000000e+00,0.000000e+00,0.0000,0.0000,0
50,features.13,450,pruned_before,nan,0.000000e+00,0.000000e+00,0.0000,0.0000,0
50,features.13,451,active,0.262624,5.607072e-08,1.941653e-04,0.0863,0.3014,201
50,features.13,452,pruned_before,nan,0.000000e+00,0.000000e+00,0.0000,0.0000,0
50,features.13,453,pruned_before,nan,0.000000e+00,0.000000e+00,0.0000,0.0000,0
50,features.13,454,pruned_before,nan,0.000000e+00,0.000000e+00,0.0000,0.0000,0
50,features.13,455,pruned_before,nan,0.000000e+00,0.000000e+00,0.0000,0.0000,0
50,features.13,456,pruned_before,nan,0.000000e+00,0.000000e+00,0.0000,0.0000,0
50,features.13,457,pruned_before,nan,0.000000e+00,0.000000e+00,0.0000,0.0000,0
50,features.13,458,pruned_before,nan,0.000000e+00,0.000000e+00,0.0000,0.0000,0
50,features.13,459,pruned_before,nan,0.000000e+00,0.000000e+00,0.0000,0.0000,0
50,features.13,460,pruned_before,nan,0.000000e+00,0.000000e+00,0.0000,0.0000,0
50,features.13,461,pruned_before,nan,0.000000e+00,0.000000e+00,0.0000,0.0000,0
50,features.13,462,pruned_before,nan,0.000000e+00,0.000000e+00,0.0000,0.0000,0
50,features.13,463,pruned_before,nan,0.000000e+00,0.000000e+00,0.0000,0.0000,0
50,features.13,464,pruned_before,nan,0.000000e+00,0.000000e+00,0.0000,0.0000,0
50,features.13,465,pruned_before,nan,0.000000e+00,0.000000e+00,0.0000,0.0000,0
50,features.13,466,active,0.016714,3.198607e-08,1.548919e-05,0.0493,0.0240,201
50,features.13,467,pruned_before,nan,0.000000e+00,0.000000e+00,0.0000,0.0000,0
50,features.13,468,pruned_before,nan,0.000000e+00,0.000000e+00,0.0000,0.0000,0
50,features.13,469,pruned_before,nan,0.000000e+00,0.000000e+00,0.0000,0.0000,0
50,features.13,470,pruned_before,nan,0.000000e+00,0.000000e+00,0.0000,0.0000,0
50,features.13,471,pruned_before,nan,0.000000e+00,0.000000e+00,0.0000,0.0000,0
50,features.13,472,pruned_before,nan,0.000000e+00,0.000000e+00,0.0000,0.0000,0
50,features.13,473,pruned_before,nan,0.000000e+00,0.000000e+00,0.0000,0.0000,0
50,features.13,474,pruned_before,nan,0.000000e+00,0.000000e+00,0.0000,0.0000,0
50,features.13,475,pruned_before,nan,0.000000e+00,0.000000e+00,0.0000,0.0000,0
50,features.13,476,pruned_before,nan,0.000000e+00,0.000000e+00,0.0000,0.0000,0
50,features.13,477,pruned_before,nan,0.000000e+00,0.000000e+00,0.0000,0.0000,0
50,features.13,478,pruned_before,nan,0.000000e+00,0.000000e+00,0.0000,0.0000,0
50,features.13,479,pruned_before,nan,0.000000e+00,0.000000e+00,0.0000,0.0000,0
50,features.13,480,pruned_before,nan,0.000000e+00,0.000000e+00,0.0000,0.0000,0
50,features.13,481,pruned_before,nan,0.000000e+00,0.000000e+00,0.0000,0.0000,0
50,features.13,482,pruned_before,nan,0.000000e+00,0.000000e+00,0.0000,0.0000,0
50,features.13,483,pruned_before,nan,0.000000e+00,0.000000e+00,0.0000,0.0000,0
50,features.13,484,pruned_before,nan,0.000000e+00,0.000000e+00,0.0000,0.0000,0
50,features.13,485,pruned_before,nan,0.000000e+00,0.000000e+00,0.0000,0.0000,0
50,features.13,486,pruned_before,nan,0.000000e+00,0.000000e+00,0.0000,0.0000,0
50,features.13,487,pruned_before,nan,0.000000e+00,0.000000e+00,0.0000,0.0000,0
50,features.13,488,pruned_before,nan,0.000000e+00,0.000000e+00,0.0000,0.0000,0
50,features.13,489,pruned_before,nan,0.000000e+00,0.000000e+00,0.0000,0.0000,0
50,features.13,490,active,0.004793,1.571127e-08,5.162823e-06,0.0242,0.0080,201
50,features.13,491,pruned_before,nan,0.000000e+00,0.000000e+00,0.0000,0.0000,0
50,features.13,492,pruned_before,nan,0.000000e+00,0.000000e+00,0.0000,0.0000,0
50,features.13,493,pruned_before,nan,0.000000e+00,0.000000e+00,0.0000,0.0000,0
50,features.13,494,active,0.192037,5.889323e-08,1.439508e-04,0.0907,0.2235,201
50,features.13,495,pruned_before,nan,0.000000e+00,0.000000e+00,0.0000,0.0000,0
50,features.13,496,pruned_before,nan,0.000000e+00,0.000000e+00,0.0000,0.0000,0
50,features.13,497,pruned_before,nan,0.000000e+00,0.000000e+00,0.0000,0.0000,0
50,features.13,498,pruned_before,nan,0.000000e+00,0.000000e+00,0.0000,0.0000,0
50,features.13,499,pruned_before,nan,0.000000e+00,0.000000e+00,0.0000,0.0000,0
50,features.13,500,pruned_before,nan,0.000000e+00,0.000000e+00,0.0000,0.0000,0
50,features.13,501,pruned_before,nan,0.000000e+00,0.000000e+00,0.0000,0.0000,0
50,features.13,502,pruned_before,nan,0.000000e+00,0.000000e+00,0.0000,0.0000,0
50,features.13,503,pruned_before,nan,0.000000e+00,0.000000e+00,0.0000,0.0000,0
50,features.13,504,pruned_before,nan,0.000000e+00,0.000000e+00,0.0000,0.0000,0
50,features.13,505,pruned_before,nan,0.000000e+00,0.000000e+00,0.0000,0.0000,0
50,features.13,506,pruned_before,nan,0.000000e+00,0.000000e+00,0.0000,0.0000,0
50,features.13,507,pruned_before,nan,0.000000e+00,0.000000e+00,0.0000,0.0000,0
50,features.13,508,pruned_before,nan,0.000000e+00,0.000000e+00,0.0000,0.0000,0
50,features.13,509,pruned_before,nan,0.000000e+00,0.000000e+00,0.0000,0.0000,0
50,features.13,510,pruned_before,nan,0.000000e+00,0.000000e+00,0.0000,0.0000,0
50,features.13,511,pruned_before,nan,0.000000e+00,0.000000e+00,0.0000,0.0000,0
50,features.13,512,pruned_before,nan,0.000000e+00,0.000000e+00,0.0000,0.0000,0
50,features.13,513,pruned_before,nan,0.000000e+00,0.000000e+00,0.0000,0.0000,0
50,features.13,514,pruned_before,nan,0.000000e+00,0.000000e+00,0.0000,0.0000,0
50,features.13,515,pruned_before,nan,0.000000e+00,0.000000e+00,0.0000,0.0000,0
50,features.13,516,pruned_before,nan,0.000000e+00,0.000000e+00,0.0000,0.0000,0
50,features.13,517,pruned_before,nan,0.000000e+00,0.000000e+00,0.0000,0.0000,0
50,features.13,518,pruned_before,nan,0.000000e+00,0.000000e+00,0.0000,0.0000,0
50,features.13,519,pruned_before,nan,0.000000e+00,0.000000e+00,0.0000,0.0000,0
50,features.13,520,pruned_before,nan,0.000000e+00,0.000000e+00,0.0000,0.0000,0
50,features.13,521,pruned_before,nan,0.000000e+00,0.000000e+00,0.0000,0.0000,0
50,features.13,522,active,0.133746,4.624971e-07,1.467105e-04,0.7122,0.2277,201
50,features.13,523,pruned_before,nan,0.000000e+00,0.000000e+00,0.0000,0.0000,0
50,features.13,524,pruned_before,nan,0.000000e+00,0.000000e+00,0.0000,0.0000,0
50,features.13,525,pruned_before,nan,0.000000e+00,0.000000e+00,0.0000,0.0000,0
50,features.13,526,pruned_before,nan,0.000000e+00,0.000000e+00,0.0000,0.0000,0
50,features.13,527,pruned_before,nan,0.000000e+00,0.000000e+00,0.0000,0.0000,0
50,features.13,528,pruned_before,nan,0.000000e+00,0.000000e+00,0.0000,0.0000,0
50,features.13,529,pruned_before,nan,0.000000e+00,0.000000e+00,0.0000,0.0000,0
50,features.13,530,pruned_before,nan,0.000000e+00,0.000000e+00,0.0000,0.0000,0
50,features.13,531,pruned_before,nan,0.000000e+00,0.000000e+00,0.0000,0.0000,0
50,features.13,532,pruned_before,nan,0.000000e+00,0.000000e+00,0.0000,0.0000,0
50,features.13,533,pruned_before,nan,0.000000e+00,0.000000e+00,0.0000,0.0000,0
50,features.13,534,pruned_before,nan,0.000000e+00,0.000000e+00,0.0000,0.0000,0
50,features.13,535,pruned_before,nan,0.000000e+00,0.000000e+00,0.0000,0.0000,0
50,features.13,536,pruned_before,nan,0.000000e+00,0.000000e+00,0.0000,0.0000,0
50,features.13,537,pruned_before,nan,0.000000e+00,0.000000e+00,0.0000,0.0000,0
50,features.13,538,pruned_before,nan,0.000000e+00,0.000000e+00,0.0000,0.0000,0
50,features.13,539,pruned_before,nan,0.000000e+00,0.000000e+00,0.0000,0.0000,0
50,features.13,540,pruned_before,nan,0.000000e+00,0.000000e+00,0.0000,0.0000,0
50,features.13,541,pruned_before,nan,0.000000e+00,0.000000e+00,0.0000,0.0000,0
50,features.13,542,pruned_before,nan,0.000000e+00,0.000000e+00,0.0000,0.0000,0
50,features.13,543,pruned_before,nan,0.000000e+00,0.000000e+00,0.0000,0.0000,0
50,features.13,544,pruned_before,nan,0.000000e+00,0.000000e+00,0.0000,0.0000,0
50,features.13,545,pruned_before,nan,0.000000e+00,0.000000e+00,0.0000,0.0000,0
50,features.13,546,pruned_before,nan,0.000000e+00,0.000000e+00,0.0000,0.0000,0
50,features.13,547,pruned_before,nan,0.000000e+00,0.000000e+00,0.0000,0.0000,0
50,features.13,548,pruned_before,nan,0.000000e+00,0.000000e+00,0.0000,0.0000,0
50,features.13,549,pruned_before,nan,0.000000e+00,0.000000e+00,0.0000,0.0000,0
50,features.13,550,pruned_before,nan,0.000000e+00,0.000000e+00,0.0000,0.0000,0
50,features.13,551,pruned_before,nan,0.000000e+00,0.000000e+00,0.0000,0.0000,0
50,features.13,552,pruned_before,nan,0.000000e+00,0.000000e+00,0.0000,0.0000,0
50,features.13,553,pruned_before,nan,0.000000e+00,0.000000e+00,0.0000,0.0000,0
50,features.13,554,pruned_before,nan,0.000000e+00,0.000000e+00,0.0000,0.0000,0
50,features.13,555,pruned_before,nan,0.000000e+00,0.000000e+00,0.0000,0.0000,0
50,features.13,556,pruned_before,nan,0.000000e+00,0.000000e+00,0.0000,0.0000,0
50,features.13,557,pruned_before,nan,0.000000e+00,0.000000e+00,0.0000,0.0000,0
50,features.13,558,pruned_before,nan,0.000000e+00,0.000000e+00,0.0000,0.0000,0
50,features.13,559,pruned_before,nan,0.000000e+00,0.000000e+00,0.0000,0.0000,0
50,features.13,560,pruned_before,nan,0.000000e+00,0.000000e+00,0.0000,0.0000,0
50,features.13,561,pruned_before,nan,0.000000e+00,0.000000e+00,0.0000,0.0000,0
50,features.13,562,pruned_before,nan,0.000000e+00,0.000000e+00,0.0000,0.0000,0
50,features.13,563,pruned_before,nan,0.000000e+00,0.000000e+00,0.0000,0.0000,0
50,features.13,564,pruned_before,nan,0.000000e+00,0.000000e+00,0.0000,0.0000,0
50,features.13,565,pruned_before,nan,0.000000e+00,0.000000e+00,0.0000,0.0000,0
50,features.13,566,pruned_before,nan,0.000000e+00,0.000000e+00,0.0000,0.0000,0
50,features.13,567,pruned_before,nan,0.000000e+00,0.000000e+00,0.0000,0.0000,0
50,features.13,568,pruned_before,nan,0.000000e+00,0.000000e+00,0.0000,0.0000,0
50,features.13,569,pruned_before,nan,0.000000e+00,0.000000e+00,0.0000,0.0000,0
50,features.13,570,pruned_before,nan,0.000000e+00,0.000000e+00,0.0000,0.0000,0
50,features.13,571,pruned_before,nan,0.000000e+00,0.000000e+00,0.0000,0.0000,0
50,features.13,572,pruned_before,nan,0.000000e+00,0.000000e+00,0.0000,0.0000,0
50,features.13,573,pruned_before,nan,0.000000e+00,0.000000e+00,0.0000,0.0000,0
50,features.13,574,pruned_before,nan,0.000000e+00,0.000000e+00,0.0000,0.0000,0
50,features.13,575,pruned_before,nan,0.000000e+00,0.000000e+00,0.0000,0.0000,0
50,features.14,0,pruned_before,nan,0.000000e+00,0.000000e+00,0.0000,0.0000,0
50,features.14,1,pruned_before,nan,0.000000e+00,0.000000e+00,0.0000,0.0000,0
50,features.14,2,pruned_before,nan,0.000000e+00,0.000000e+00,0.0000,0.0000,0
50,features.14,3,pruned_before,nan,0.000000e+00,0.000000e+00,0.0000,0.0000,0
50,features.14,4,active,0.102395,1.221897e-06,1.300407e-06,0.1881,0.1347,265
50,features.14,5,pruned_before,nan,0.000000e+00,0.000000e+00,0.0000,0.0000,0
50,features.14,6,active,0.103540,2.919763e-07,1.159086e-06,0.0450,0.1200,265
50,features.14,7,active,0.496171,1.999020e-06,5.653505e-06,0.3078,0.5855,265
50,features.14,8,active,0.144399,3.954241e-08,1.555757e-06,0.0061,0.1611,265
50,features.14,9,pruned_before,nan,0.000000e+00,0.000000e+00,0.0000,0.0000,0
50,features.14,10,active,0.348630,2.451198e-07,3.780861e-06,0.0377,0.3916,265
50,features.14,11,pruned_before,nan,0.000000e+00,0.000000e+00,0.0000,0.0000,0
50,features.14,12,active,0.061565,6.788564e-07,7.726474e-07,0.1045,0.0800,265
50,features.14,13,pruned_before,nan,0.000000e+00,0.000000e+00,0.0000,0.0000,0
50,features.14,14,pruned_before,nan,0.000000e+00,0.000000e+00,0.0000,0.0000,0
50,features.14,15,active,0.044964,3.454113e-07,5.394679e-07,0.0532,0.0559,265
50,features.14,16,active,0.139828,6.275795e-08,1.510555e-06,0.0097,0.1564,265
50,features.14,17,active,0.094860,3.671643e-07,1.078379e-06,0.0565,0.1117,265
50,features.14,18,active,0.056977,6.376856e-07,7.166307e-07,0.0982,0.0742,265
50,features.14,19,pruned_before,nan,0.000000e+00,0.000000e+00,0.0000,0.0000,0
50,features.14,20,active,0.135018,4.970823e-07,1.530688e-06,0.0765,0.1585,265
50,features.14,21,pruned_before,nan,0.000000e+00,0.000000e+00,0.0000,0.0000,0
50,features.14,22,pruned_before,nan,0.000000e+00,0.000000e+00,0.0000,0.0000,0
50,features.14,23,pruned_before,nan,0.000000e+00,0.000000e+00,0.0000,0.0000,0
50,features.14,24,active,0.063160,1.211719e-06,8.777851e-07,0.1866,0.0909,265
50,features.14,25,active,0.083348,4.054892e-07,9.611990e-07,0.0624,0.0995,265
50,features.14,26,pruned_before,nan,0.000000e+00,0.000000e+00,0.0000,0.0000,0
50,features.14,27,active,0.046373,1.344507e-07,5.197313e-07,0.0207,0.0538,265
50,features.14,28,pruned_before,nan,0.000000e+00,0.000000e+00,0.0000,0.0000,0
50,features.14,29,pruned_before,nan,0.000000e+00,0.000000e+00,0.0000,0.0000,0
50,features.14,30,active,0.102687,4.440506e-07,1.175050e-06,0.0684,0.1217,265
50,features.14,31,active,0.039757,3.306848e-07,4.811670e-07,0.0509,0.0498,265
50,features.14,32,active,0.031924,2.266964e-06,7.169630e-07,0.3490,0.0743,265
50,features.14,33,pruned_before,nan,0.000000e+00,0.000000e+00,0.0000,0.0000,0
50,features.14,34,pruned_before,nan,0.000000e+00,0.000000e+00,0.0000,0.0000,0
50,features.14,35,active,0.091380,2.872907e-06,1.454935e-06,0.4423,0.1507,265
50,features.14,36,pruned_before,nan,0.000000e+00,0.000000e+00,0.0000,0.0000,0
50,features.14,37,pruned_before,nan,0.000000e+00,0.000000e+00,0.0000,0.0000,0
50,features.14,38,active,0.061574,1.918713e-06,9.775441e-07,0.2954,0.1012,265
50,features.14,39,pruned_before,nan,0.000000e+00,0.000000e+00,0.0000,0.0000,0
50,features.14,40,active,0.250352,4.756627e-07,2.764541e-06,0.0732,0.2863,265
50,features.14,41,active,0.071267,6.060093e-07,8.647084e-07,0.0933,0.0896,265
50,features.14,42,pruned_before,nan,0.000000e+00,0.000000e+00,0.0000,0.0000,0
50,features.14,43,pruned_before,nan,0.000000e+00,0.000000e+00,0.0000,0.0000,0
50,features.14,44,pruned_before,nan,0.000000e+00,0.000000e+00,0.0000,0.0000,0
50,features.14,45,pruned_before,nan,0.000000e+00,0.000000e+00,0.0000,0.0000,0
50,features.14,46,active,0.048160,4.008772e-07,5.829113e-07,0.0617,0.0604,265
50,features.14,47,pruned_before,nan,0.000000e+00,0.000000e+00,0.0000,0.0000,0
50,features.14,48,pruned_before,nan,0.000000e+00,0.000000e+00,0.0000,0.0000,0
50,features.14,49,pruned_before,nan,0.000000e+00,0.000000e+00,0.0000,0.0000,0
50,features.14,50,active,0.039829,2.670528e-07,4.714282e-07,0.0411,0.0488,265
50,features.14,51,active,0.039528,6.144342e-07,5.255771e-07,0.0946,0.0544,265
50,features.14,52,active,0.091253,2.329612e-07,1.017514e-06,0.0359,0.1054,265
50,features.14,53,pruned_before,nan,0.000000e+00,0.000000e+00,0.0000,0.0000,0
50,features.14,54,active,0.038947,5.294630e-07,5.053050e-07,0.0815,0.0523,265
50,features.14,55,active,0.156049,2.734519e-06,2.125903e-06,0.4210,0.2202,265
50,features.14,56,pruned_before,nan,0.000000e+00,0.000000e+00,0.0000,0.0000,0
50,features.14,57,active,0.138462,1.448867e-06,1.724850e-06,0.2231,0.1786,265
50,features.14,58,pruned_before,nan,0.000000e+00,0.000000e+00,0.0000,0.0000,0
50,features.14,59,pruned_before,nan,0.000000e+00,0.000000e+00,0.0000,0.0000,0
50,features.14,60,active,0.171018,1.454492e-06,2.075064e-06,0.2239,0.2149,265
50,features.14,61,pruned_before,nan,0.000000e+00,0.000000e+00,0.0000,0.0000,0
50,features.14,62,pruned_before,nan,0.000000e+00,0.000000e+00,0.0000,0.0000,0
50,features.14,63,active,0.057645,1.271600e-06,8.285044e-07,0.1958,0.0858,265
50,features.14,64,pruned_before,nan,0.000000e+00,0.000000e+00,0.0000,0.0000,0
50,features.14,65,active,0.043056,9.490306e-07,6.187028e-07,0.1461,0.0641,265
50,features.14,66,pruned_before,nan,0.000000e+00,0.000000e+00,0.0000,0.0000,0
50,features.14,67,pruned_before,nan,0.000000e+00,0.000000e+00,0.0000,0.0000,0
50,features.14,68,active,0.021842,1.582850e-07,2.604871e-07,0.0244,0.0270,265
50,features.14,69,active,0.108576,1.797716e-06,1.461838e-06,0.2768,0.1514,265
50,features.14,70,active,0.103628,2.449962e-06,1.516480e-06,0.3772,0.1571,265
50,features.14,71,pruned_before,nan,0.000000e+00,0.000000e+00,0.0000,0.0000,0
50,features.14,72,pruned_before,nan,0.000000e+00,0.000000e+00,0.0000,0.0000,0
50,features.14,73,active,0.043615,8.677575e-07,6.112713e-07,0.1336,0.0633,265
50,features.14,74,pruned_before,nan,0.000000e+00,0.000000e+00,0.0000,0.0000,0
50,features.14,75,active,0.047114,1.035748e-06,6.765561e-07,0.1595,0.0701,265
50,features.14,76,active,0.131142,6.387937e-07,1.512514e-06,0.0983,0.1566,265
50,features.14,77,pruned_before,nan,0.000000e+00,0.000000e+00,0.0000,0.0000,0
50,features.14,78,active,0.237536,2.171447e-07,2.584344e-06,0.0334,0.2676,265
50,features.14,79,pruned_before,nan,0.000000e+00,0.000000e+00,0.0000,0.0000,0
50,features.14,80,pruned_before,nan,0.000000e+00,0.000000e+00,0.0000,0.0000,0
50,features.14,81,pruned_before,nan,0.000000e+00,0.000000e+00,0.0000,0.0000,0
50,features.14,82,pruned_before,nan,0.000000e+00,0.000000e+00,0.0000,0.0000,0
50,features.14,83,active,0.023905,1.179800e-07,2.759551e-07,0.0182,0.0286,265
50,features.14,84,active,0.026558,8.315117e-07,4.222864e-07,0.1280,0.0437,265
50,features.14,85,pruned_before,nan,0.000000e+00,0.000000e+00,0.0000,0.0000,0
50,features.14,86,pruned_before,nan,0.000000e+00,0.000000e+00,0.0000,0.0000,0
50,features.14,87,active,0.096660,1.049188e-06,1.210350e-06,0.1615,0.1253,265
50,features.14,88,active,0.151728,1.047199e-06,1.800829e-06,0.1612,0.1865,265
50,features.14,89,pruned_before,nan,0.000000e+00,0.000000e+00,0.0000,0.0000,0
50,features.14,90,pruned_before,nan,0.000000e+00,0.000000e+00,0.0000,0.0000,0
50,features.14,91,pruned_before,nan,0.000000e+00,0.000000e+00,0.0000,0.0000,0
50,features.14,92,pruned_before,nan,0.000000e+00,0.000000e+00,0.0000,0.0000,0
50,features.14,93,pruned_before,nan,0.000000e+00,0.000000e+00,0.0000,0.0000,0
50,features.14,94,pruned_before,nan,0.000000e+00,0.000000e+00,0.0000,0.0000,0
50,features.14,95,active,0.105173,3.215935e-07,1.181498e-06,0.0495,0.1224,265
50,features.14,96,pruned_before,nan,0.000000e+00,0.000000e+00,0.0000,0.0000,0
50,features.14,97,active,0.067581,1.244007e-06,9.305441e-07,0.1915,0.0964,265
50,features.14,98,pruned_before,nan,0.000000e+00,0.000000e+00,0.0000,0.0000,0
50,features.14,99,active,0.055394,4.606169e-07,6.703912e-07,0.0709,0.0694,265
50,features.14,100,pruned_before,nan,0.000000e+00,0.000000e+00,0.0000,0.0000,0
50,features.14,101,pruned_before,nan,0.000000e+00,0.000000e+00,0.0000,0.0000,0
50,features.14,102,pruned_before,nan,0.000000e+00,0.000000e+00,0.0000,0.0000,0
50,features.14,103,active,0.133154,2.008304e-07,1.461749e-06,0.0309,0.1514,265
50,features.14,104,pruned_before,nan,0.000000e+00,0.000000e+00,0.0000,0.0000,0
50,features.14,105,pruned_before,nan,0.000000e+00,0.000000e+00,0.0000,0.0000,0
50,features.14,106,active,0.244152,4.680165e-07,2.696765e-06,0.0721,0.2793,265
50,features.14,107,pruned_before,nan,0.000000e+00,0.000000e+00,0.0000,0.0000,0
50,features.14,108,pruned_before,nan,0.000000e+00,0.000000e+00,0.0000,0.0000,0
50,features.14,109,active,0.016252,4.642374e-08,1.820309e-07,0.0071,0.0189,265
50,features.14,110,pruned_before,nan,0.000000e+00,0.000000e+00,0.0000,0.0000,0
50,features.14,111,active,0.057756,3.686538e-08,6.257395e-07,0.0057,0.0648,265
50,features.14,112,active,0.043662,8.901721e-07,6.154774e-07,0.1370,0.0637,265
50,features.14,113,pruned_before,nan,0.000000e+00,0.000000e+00,0.0000,0.0000,0
50,features.14,114,active,0.115714,4.355246e-07,1.313413e-06,0.0671,0.1360,265
50,features.14,115,active,0.080449,4.010315e-07,9.293597e-07,0.0617,0.0962,265
50,features.14,116,active,0.234276,1.931386e-07,2.545401e-06,0.0297,0.2636,265
50,features.14,117,active,0.100664,5.615661e-07,1.172762e-06,0.0865,0.1215,265
50,features.14,118,pruned_before,nan,0.000000e+00,0.000000e+00,0.0000,0.0000,0
50,features.14,119,pruned_before,nan,0.000000e+00,0.000000e+00,0.0000,0.0000,0
50,features.14,120,pruned_before,nan,0.000000e+00,0.000000e+00,0.0000,0.0000,0
50,features.14,121,active,0.459672,4.709601e-07,5.009517e-06,0.0725,0.5188,265
50,features.14,122,active,0.026412,9.206246e-08,2.985754e-07,0.0142,0.0309,265
50,features.14,123,active,0.023487,1.806192e-07,2.818175e-07,0.0278,0.0292,265
50,features.14,124,pruned_before,nan,0.000000e+00,0.000000e+00,0.0000,0.0000,0
50,features.14,125,pruned_before,nan,0.000000e+00,0.000000e+00,0.0000,0.0000,0
50,features.14,126,pruned_before,nan,0.000000e+00,0.000000e+00,0.0000,0.0000,0
50,features.14,127,active,0.037735,1.710353e-06,6.873641e-07,0.2633,0.0712,265
50,features.14,128,pruned_before,nan,0.000000e+00,0.000000e+00,0.0000,0.0000,0
50,features.14,129,active,0.013436,1.482376e-06,3.890099e-07,0.2282,0.0403,265
50,features.14,130,pruned_before,nan,0.000000e+00,0.000000e+00,0.0000,0.0000,0
50,features.14,131,pruned_before,nan,0.000000e+00,0.000000e+00,0.0000,0.0000,0
50,features.14,132,active,0.353082,2.112814e-06,4.137130e-06,0.3253,0.4285,265
50,features.14,133,pruned_before,nan,0.000000e+00,0.000000e+00,0.0000,0.0000,0
50,features.14,134,pruned_before,nan,0.000000e+00,0.000000e+00,0.0000,0.0000,0
50,features.14,135,active,0.052660,1.087597e-07,5.829404e-07,0.0167,0.0604,265
50,features.14,136,pruned_before,nan,0.000000e+00,0.000000e+00,0.0000,0.0000,0
50,features.14,137,active,0.346288,3.135679e-07,3.767042e-06,0.0483,0.3901,265
50,features.14,138,pruned_before,nan,0.000000e+00,0.000000e+00,0.0000,0.0000,0
50,features.14,139,pruned_before,nan,0.000000e+00,0.000000e+00,0.0000,0.0000,0
50,features.14,140,pruned_before,nan,0.000000e+00,0.000000e+00,0.0000,0.0000,0
50,features.14,141,pruned_before,nan,0.000000e+00,0.000000e+00,0.0000,0.0000,0
50,features.14,142,active,0.015147,1.722088e-08,1.653505e-07,0.0027,0.0171,265
50,features.14,143,pruned_before,nan,0.000000e+00,0.000000e+00,0.0000,0.0000,0
50,features.14,144,active,0.106920,3.239342e-07,1.200634e-06,0.0499,0.1243,265
50,features.14,145,pruned_before,nan,0.000000e+00,0.000000e+00,0.0000,0.0000,0
50,features.14,146,active,0.080889,4.717444e-07,9.457610e-07,0.0726,0.0979,265
50,features.14,147,active,0.074685,4.233767e-07,8.712074e-07,0.0652,0.0902,265
50,features.14,148,active,0.147001,1.495423e-06,1.824153e-06,0.2302,0.1889,265
50,features.14,149,pruned_before,nan,0.000000e+00,0.000000e+00,0.0000,0.0000,0
50,features.14,150,active,0.075673,2.921328e-07,8.601309e-07,0.0450,0.0891,265
50,features.14,151,pruned_before,nan,0.000000e+00,0.000000e+00,0.0000,0.0000,0
50,features.14,152,pruned_before,nan,0.000000e+00,0.000000e+00,0.0000,0.0000,0
50,features.14,153,active,0.212208,6.647844e-07,2.386547e-06,0.1023,0.2472,265
50,features.14,154,active,0.202759,5.478668e-07,2.265849e-06,0.0843,0.2347,265
50,features.14,155,pruned_before,nan,0.000000e+00,0.000000e+00,0.0000,0.0000,0
50,features.14,156,active,0.108979,3.509265e-07,1.227175e-06,0.0540,0.1271,265
50,features.14,157,pruned_before,nan,0.000000e+00,0.000000e+00,0.0000,0.0000,0
50,features.14,158,pruned_before,nan,0.000000e+00,0.000000e+00,0.0000,0.0000,0
50,features.14,159,pruned_before,nan,0.000000e+00,0.000000e+00,0.0000,0.0000,0
50,features.14,160,active,0.210946,1.211712e-06,2.463347e-06,0.1866,0.2551,265
50,features.14,161,active,0.141762,3.581964e-06,2.112603e-06,0.5515,0.2188,265
50,features.14,162,pruned_before,nan,0.000000e+00,0.000000e+00,0.0000,0.0000,0
50,features.14,163,pruned_before,nan,0.000000e+00,0.000000e+00,0.0000,0.0000,0
50,features.14,164,pruned_before,nan,0.000000e+00,0.000000e+00,0.0000,0.0000,0
50,features.14,165,pruned_before,nan,0.000000e+00,0.000000e+00,0.0000,0.0000,0
50,features.14,166,active,0.064011,3.078576e-07,7.376111e-07,0.0474,0.0764,265
50,features.14,167,active,0.093358,5.538095e-07,1.093095e-06,0.0853,0.1132,265
50,features.14,168,active,0.058556,4.633190e-06,1.393538e-06,0.7133,0.1443,265
50,features.14,169,pruned_before,nan,0.000000e+00,0.000000e+00,0.0000,0.0000,0
50,features.14,170,pruned_before,nan,0.000000e+00,0.000000e+00,0.0000,0.0000,0
50,features.14,171,active,0.021942,7.088234e-08,2.471149e-07,0.0109,0.0256,265
50,features.14,172,active,0.038063,3.386846e-07,4.643165e-07,0.0521,0.0481,265
50,features.14,173,pruned_before,nan,0.000000e+00,0.000000e+00,0.0000,0.0000,0
50,features.14,174,pruned_before,nan,0.000000e+00,0.000000e+00,0.0000,0.0000,0
50,features.14,175,active,0.099723,3.456036e-07,1.126988e-06,0.0532,0.1167,265
50,features.14,176,pruned_before,nan,0.000000e+00,0.000000e+00,0.0000,0.0000,0
50,features.14,177,pruned_before,nan,0.000000e+00,0.000000e+00,0.0000,0.0000,0
50,features.14,178,active,0.103386,2.591283e-06,1.537232e-06,0.3990,0.1592,265
50,features.14,179,pruned_before,nan,0.000000e+00,0.000000e+00,0.0000,0.0000,0
50,features.14,180,active,0.100748,1.195782e-07,1.100659e-06,0.0184,0.1140,265
50,features.14,181,pruned_before,nan,0.000000e+00,0.000000e+00,0.0000,0.0000,0
50,features.14,182,active,0.090189,3.739391e-07,1.029383e-06,0.0576,0.1066,265
50,features.14,183,active,0.035529,1.225362e-06,5.835827e-07,0.1887,0.0604,265
50,features.14,184,pruned_before,nan,0.000000e+00,0.000000e+00,0.0000,0.0000,0
50,features.14,185,pruned_before,nan,0.000000e+00,0.000000e+00,0.0000,0.0000,0
50,features.14,186,active,0.055226,6.957318e-07,7.074276e-07,0.1071,0.0733,265
50,features.14,187,pruned_before,nan,0.000000e+00,0.000000e+00,0.0000,0.0000,0
50,features.14,188,pruned_before,nan,0.000000e+00,0.000000e+00,0.0000,0.0000,0
50,features.14,189,active,0.181645,1.191255e-06,2.145597e-06,0.1834,0.2222,265
50,features.14,190,pruned_before,nan,0.000000e+00,0.000000e+00,0.0000,0.0000,0
50,features.14,191,pruned_before,nan,0.000000e+00,0.000000e+00,0.0000,0.0000,0
50,features.14,192,pruned_before,nan,0.000000e+00,0.000000e+00,0.0000,0.0000,0
50,features.14,193,pruned_before,nan,0.000000e+00,0.000000e+00,0.0000,0.0000,0
50,features.14,194,pruned_before,nan,0.000000e+00,0.000000e+00,0.0000,0.0000,0
50,features.14,195,pruned_before,nan,0.000000e+00,0.000000e+00,0.0000,0.0000,0
50,features.14,196,active,0.090956,1.996217e-06,1.305576e-06,0.3073,0.1352,265
50,features.14,197,active,0.010442,1.201570e-06,3.105023e-07,0.1850,0.0322,265
50,features.14,198,active,0.081490,7.506834e-07,9.982879e-07,0.1156,0.1034,265
50,features.14,199,pruned_before,nan,0.000000e+00,0.000000e+00,0.0000,0.0000,0
50,features.14,200,active,0.258287,9.597860e-07,2.929637e-06,0.1478,0.3034,265
50,features.14,201,pruned_before,nan,0.000000e+00,0.000000e+00,0.0000,0.0000,0
50,features.14,202,active,0.074100,8.992433e-07,9.435342e-07,0.1384,0.0977,265
50,features.14,203,pruned_before,nan,0.000000e+00,0.000000e+00,0.0000,0.0000,0
50,features.14,204,pruned_before,nan,0.000000e+00,0.000000e+00,0.0000,0.0000,0
50,features.14,205,pruned_before,nan,0.000000e+00,0.000000e+00,0.0000,0.0000,0
50,features.14,206,pruned_before,nan,0.000000e+00,0.000000e+00,0.0000,0.0000,0
50,features.14,207,active,0.114662,2.183888e-07,1.266252e-06,0.0336,0.1311,265
50,features.14,208,pruned_before,nan,0.000000e+00,0.000000e+00,0.0000,0.0000,0
50,features.14,209,active,0.039915,1.415808e-06,6.621038e-07,0.2180,0.0686,265
50,features.14,210,pruned_before,nan,0.000000e+00,0.000000e+00,0.0000,0.0000,0
50,features.14,211,active,0.147061,1.949799e-07,1.609993e-06,0.0300,0.1667,265
50,features.14,212,pruned_before,nan,0.000000e+00,0.000000e+00,0.0000,0.0000,0
50,features.14,213,active,0.093464,9.822727e-07,1.165011e-06,0.1512,0.1207,265
50,features.14,214,pruned_before,nan,0.000000e+00,0.000000e+00,0.0000,0.0000,0
50,features.14,215,active,0.193391,6.776438e-07,2.186785e-06,0.1043,0.2265,265
50,features.14,216,pruned_before,nan,0.000000e+00,0.000000e+00,0.0000,0.0000,0
50,features.14,217,pruned_before,nan,0.000000e+00,0.000000e+00,0.0000,0.0000,0
50,features.14,218,active,0.137931,1.635883e-07,1.506849e-06,0.0252,0.1561,265
50,features.14,219,active,0.044717,1.287549e-07,5.010285e-07,0.0198,0.0519,265
50,features.14,220,active,0.037012,7.783914e-07,5.256662e-07,0.1198,0.0544,265
50,features.14,221,active,0.031160,6.645104e-07,4.440692e-07,0.1023,0.0460,265
50,features.14,222,active,0.117771,9.064854e-07,1.413271e-06,0.1396,0.1464,265
50,features.14,223,pruned_before,nan,0.000000e+00,0.000000e+00,0.0000,0.0000,0
50,features.14,224,pruned_before,nan,0.000000e+00,0.000000e+00,0.0000,0.0000,0
50,features.14,225,active,0.026251,6.692681e-07,3.921893e-07,0.1030,0.0406,265
50,features.14,226,pruned_before,nan,0.000000e+00,0.000000e+00,0.0000,0.0000,0
50,features.14,227,active,0.112879,7.587515e-07,1.336388e-06,0.1168,0.1384,265
50,features.14,228,pruned_before,nan,0.000000e+00,0.000000e+00,0.0000,0.0000,0
50,features.14,229,pruned_before,nan,0.000000e+00,0.000000e+00,0.0000,0.0000,0
50,features.14,230,pruned_before,nan,0.000000e+00,0.000000e+00,0.0000,0.0000,0
50,features.14,231,pruned_before,nan,0.000000e+00,0.000000e+00,0.0000,0.0000,0
50,features.14,232,active,0.418109,6.495256e-06,5.558678e-06,1.0000,0.5757,265
50,features.14,233,pruned_before,nan,0.000000e+00,0.000000e+00,0.0000,0.0000,0
50,features.14,234,pruned_before,nan,0.000000e+00,0.000000e+00,0.0000,0.0000,0
50,features.14,235,active,0.096503,9.431603e-07,1.191145e-06,0.1452,0.1234,265
50,features.14,236,active,0.017160,1.895464e-07,2.154134e-07,0.0292,0.0223,265
50,features.14,237,pruned_before,nan,0.000000e+00,0.000000e+00,0.0000,0.0000,0
50,features.14,238,active,0.295136,2.027280e-07,3.199941e-06,0.0312,0.3314,265
50,features.14,239,pruned_before,nan,0.000000e+00,0.000000e+00,0.0000,0.0000,0
50,features.14,240,pruned_before,nan,0.000000e+00,0.000000e+00,0.0000,0.0000,0
50,features.14,241,active,0.096625,6.829464e-07,1.149476e-06,0.1051,0.1190,265
50,features.14,242,active,0.145761,1.624522e-07,1.590668e-06,0.0250,0.1647,265
50,features.14,243,active,0.043465,1.340209e-07,4.884656e-07,0.0206,0.0506,265
50,features.14,244,pruned_before,nan,0.000000e+00,0.000000e+00,0.0000,0.0000,0
50,features.14,245,active,0.099964,9.142984e-07,1.223516e-06,0.1408,0.1267,265
50,features.14,246,pruned_before,nan,0.000000e+00,0.000000e+00,0.0000,0.0000,0
50,features.14,247,active,0.089921,4.453929e-07,1.038311e-06,0.0686,0.1075,265
50,features.14,248,active,0.059433,1.652598e-06,9.106229e-07,0.2544,0.0943,265
50,features.14,249,active,0.030253,1.041643e-06,4.966328e-07,0.1604,0.0514,265
50,features.14,250,pruned_before,nan,0.000000e+00,0.000000e+00,0.0000,0.0000,0
50,features.14,251,active,0.023222,3.201806e-07,3.020270e-07,0.0493,0.0313,265
50,features.14,252,pruned_before,nan,0.000000e+00,0.000000e+00,0.0000,0.0000,0
50,features.14,253,active,0.179630,6.183323e-07,2.029349e-06,0.0952,0.2102,265
50,features.14,254,active,0.042891,2.651883e-07,5.039688e-07,0.0408,0.0522,265
50,features.14,255,active,0.043863,4.442638e-07,5.439804e-07,0.0684,0.0563,265
50,features.14,256,active,0.088216,1.111407e-06,1.130027e-06,0.1711,0.1170,265
50,features.14,257,pruned_before,nan,0.000000e+00,0.000000e+00,0.0000,0.0000,0
50,features.14,258,pruned_before,nan,0.000000e+00,0.000000e+00,0.0000,0.0000,0
50,features.14,259,active,0.073429,1.263127e-08,7.898890e-07,0.0019,0.0818,265
50,features.14,260,active,0.040282,1.004687e-07,4.487751e-07,0.0155,0.0465,265
50,features.14,261,active,0.025360,1.210991e-06,4.721142e-07,0.1864,0.0489,265
50,features.14,262,active,0.185023,4.287588e-07,2.055892e-06,0.0660,0.2129,265
50,features.14,263,pruned_before,nan,0.000000e+00,0.000000e+00,0.0000,0.0000,0
50,features.14,264,active,0.297794,3.807031e-07,3.257849e-06,0.0586,0.3374,265
50,features.14,265,pruned_before,nan,0.000000e+00,0.000000e+00,0.0000,0.0000,0
50,features.14,266,pruned_before,nan,0.000000e+00,0.000000e+00,0.0000,0.0000,0
50,features.14,267,active,0.481581,1.638309e-07,5.193842e-06,0.0252,0.5379,265
50,features.14,268,active,0.021010,7.062141e-07,3.420637e-07,0.1087,0.0354,265
50,features.14,269,active,0.144104,3.400827e-07,1.602239e-06,0.0524,0.1659,265
50,features.14,270,pruned_before,nan,0.000000e+00,0.000000e+00,0.0000,0.0000,0
50,features.14,271,pruned_before,nan,0.000000e+00,0.000000e+00,0.0000,0.0000,0
50,features.14,272,pruned_before,nan,0.000000e+00,0.000000e+00,0.0000,0.0000,0
50,features.14,273,pruned_before,nan,0.000000e+00,0.000000e+00,0.0000,0.0000,0
50,features.14,274,pruned_before,nan,0.000000e+00,0.000000e+00,0.0000,0.0000,0
50,features.14,275,pruned_before,nan,0.000000e+00,0.000000e+00,0.0000,0.0000,0
50,features.14,276,active,0.013415,1.277055e-06,3.548719e-07,0.1966,0.0368,265
50,features.14,277,active,0.089693,5.197635e-07,1.048152e-06,0.0800,0.1086,265
50,features.14,278,pruned_before,nan,0.000000e+00,0.000000e+00,0.0000,0.0000,0
50,features.14,279,pruned_before,nan,0.000000e+00,0.000000e+00,0.0000,0.0000,0
50,features.14,280,active,0.041101,7.729442e-07,5.686334e-07,0.1190,0.0589,265
50,features.14,281,pruned_before,nan,0.000000e+00,0.000000e+00,0.0000,0.0000,0
50,features.14,282,pruned_before,nan,0.000000e+00,0.000000e+00,0.0000,0.0000,0
50,features.14,283,pruned_before,nan,0.000000e+00,0.000000e+00,0.0000,0.0000,0
50,features.14,284,pruned_before,nan,0.000000e+00,0.000000e+00,0.0000,0.0000,0
50,features.14,285,active,0.042173,2.414866e-06,8.513510e-07,0.3718,0.0882,265
50,features.14,286,pruned_before,nan,0.000000e+00,0.000000e+00,0.0000,0.0000,0
50,features.14,287,active,0.011738,1.435150e-07,1.496384e-07,0.0221,0.0155,265
50,features.14,288,pruned_before,nan,0.000000e+00,0.000000e+00,0.0000,0.0000,0
50,features.14,289,pruned_before,nan,0.000000e+00,0.000000e+00,0.0000,0.0000,0
50,features.14,290,active,0.056366,5.160107e-07,6.899760e-07,0.0794,0.0715,265
50,features.14,291,pruned_before,nan,0.000000e+00,0.000000e+00,0.0000,0.0000,0
50,features.14,292,active,0.240530,3.014583e-07,2.630389e-06,0.0464,0.2724,265
50,features.14,293,active,0.098897,1.471905e-06,1.304173e-06,0.2266,0.1351,265
50,features.14,294,active,0.023920,4.304691e-07,3.277321e-07,0.0663,0.0339,265
50,features.14,295,pruned_before,nan,0.000000e+00,0.000000e+00,0.0000,0.0000,0
50,features.14,296,pruned_before,nan,0.000000e+00,0.000000e+00,0.0000,0.0000,0
50,features.14,297,active,0.022678,7.749642e-08,2.561081e-07,0.0119,0.0265,265
50,features.14,298,pruned_before,nan,0.000000e+00,0.000000e+00,0.0000,0.0000,0
50,features.14,299,active,0.029500,7.685829e-07,4.434566e-07,0.1183,0.0459,265
50,features.14,300,pruned_before,nan,0.000000e+00,0.000000e+00,0.0000,0.0000,0
50,features.14,301,active,0.036290,3.970862e-07,4.549384e-07,0.0611,0.0471,265
50,features.14,302,pruned_before,nan,0.000000e+00,0.000000e+00,0.0000,0.0000,0
50,features.14,303,active,0.070896,1.392657e-06,9.906693e-07,0.2144,0.1026,265
50,features.14,304,pruned_before,nan,0.000000e+00,0.000000e+00,0.0000,0.0000,0
50,features.14,305,active,0.158396,5.595360e-07,1.791817e-06,0.0861,0.1856,265
50,features.14,306,pruned_before,nan,0.000000e+00,0.000000e+00,0.0000,0.0000,0
50,features.14,307,active,0.148541,5.489904e-07,1.684349e-06,0.0845,0.1744,265
50,features.14,308,active,0.060353,6.407574e-07,7.533541e-07,0.0987,0.0780,265
50,features.14,309,active,0.075883,2.132490e-07,8.493605e-07,0.0328,0.0880,265
50,features.14,310,active,0.204796,6.506518e-07,2.304682e-06,0.1002,0.2387,265
50,features.14,311,active,0.094160,7.831905e-07,1.139591e-06,0.1206,0.1180,265
50,features.14,312,active,0.040787,5.876249e-07,5.346545e-07,0.0905,0.0554,265
50,features.14,313,pruned_before,nan,0.000000e+00,0.000000e+00,0.0000,0.0000,0
50,features.14,314,pruned_before,nan,0.000000e+00,0.000000e+00,0.0000,0.0000,0
50,features.14,315,pruned_before,nan,0.000000e+00,0.000000e+00,0.0000,0.0000,0
50,features.14,316,active,0.147284,4.718864e-08,1.587967e-06,0.0073,0.1645,265
50,features.14,317,pruned_before,nan,0.000000e+00,0.000000e+00,0.0000,0.0000,0
50,features.14,318,pruned_before,nan,0.000000e+00,0.000000e+00,0.0000,0.0000,0
50,features.14,319,pruned_before,nan,0.000000e+00,0.000000e+00,0.0000,0.0000,0
50,features.14,320,pruned_before,nan,0.000000e+00,0.000000e+00,0.0000,0.0000,0
50,features.14,321,pruned_before,nan,0.000000e+00,0.000000e+00,0.0000,0.0000,0
50,features.14,322,active,0.053199,1.025622e-06,7.401708e-07,0.1579,0.0767,265
50,features.14,323,pruned_before,nan,0.000000e+00,0.000000e+00,0.0000,0.0000,0
50,features.14,324,active,0.058186,2.173722e-07,6.601654e-07,0.0335,0.0684,265
50,features.14,325,pruned_before,nan,0.000000e+00,0.000000e+00,0.0000,0.0000,0
50,features.14,326,active,0.065367,1.778723e-06,9.951198e-07,0.2738,0.1031,265
50,features.14,327,pruned_before,nan,0.000000e+00,0.000000e+00,0.0000,0.0000,0
50,features.14,328,active,0.230921,1.665575e-06,2.752623e-06,0.2564,0.2851,265
50,features.14,329,pruned_before,nan,0.000000e+00,0.000000e+00,0.0000,0.0000,0
50,features.14,330,pruned_before,nan,0.000000e+00,0.000000e+00,0.0000,0.0000,0
50,features.14,331,pruned_before,nan,0.000000e+00,0.000000e+00,0.0000,0.0000,0
50,features.14,332,pruned_before,nan,0.000000e+00,0.000000e+00,0.0000,0.0000,0
50,features.14,333,protected,0.588113,2.457707e-07,6.350337e-06,0.0378,0.6577,265
50,features.14,334,active,0.083953,7.159762e-08,9.125380e-07,0.0110,0.0945,265
50,features.14,335,pruned_before,nan,0.000000e+00,0.000000e+00,0.0000,0.0000,0
50,features.14,336,active,0.004178,2.998844e-07,9.436250e-08,0.0462,0.0098,265
50,features.14,337,pruned_before,nan,0.000000e+00,0.000000e+00,0.0000,0.0000,0
50,features.14,338,active,0.012208,5.848148e-08,1.406316e-07,0.0090,0.0146,265
50,features.14,339,pruned_before,nan,0.000000e+00,0.000000e+00,0.0000,0.0000,0
50,features.14,340,pruned_before,nan,0.000000e+00,0.000000e+00,0.0000,0.0000,0
50,features.14,341,pruned_before,nan,0.000000e+00,0.000000e+00,0.0000,0.0000,0
50,features.14,342,pruned_before,nan,0.000000e+00,0.000000e+00,0.0000,0.0000,0
50,features.14,343,active,0.066218,3.935457e-07,7.754485e-07,0.0606,0.0803,265
50,features.14,344,pruned_before,nan,0.000000e+00,0.000000e+00,0.0000,0.0000,0
50,features.14,345,pruned_before,nan,0.000000e+00,0.000000e+00,0.0000,0.0000,0
50,features.14,346,active,0.111785,1.043469e-06,1.371679e-06,0.1607,0.1421,265
50,features.14,347,active,0.157183,7.570454e-07,1.811432e-06,0.1166,0.1876,265
50,features.14,348,pruned_before,nan,0.000000e+00,0.000000e+00,0.0000,0.0000,0
50,features.14,349,active,0.072187,4.034052e-07,8.411105e-07,0.0621,0.0871,265
50,features.14,350,pruned_before,nan,0.000000e+00,0.000000e+00,0.0000,0.0000,0
50,features.14,351,pruned_before,nan,0.000000e+00,0.000000e+00,0.0000,0.0000,0
50,features.14,352,active,0.095363,2.741669e-06,1.475990e-06,0.4221,0.1529,265
50,features.14,353,active,0.067488,7.762110e-07,8.522733e-07,0.1195,0.0883,265
50,features.14,354,active,0.108293,1.196694e-06,1.359518e-06,0.1842,0.1408,265
50,features.14,355,pruned_before,nan,0.000000e+00,0.000000e+00,0.0000,0.0000,0
50,features.14,356,active,0.141652,5.992304e-07,1.618735e-06,0.0923,0.1676,265
50,features.14,357,active,0.219802,1.685000e-06,2.636529e-06,0.2594,0.2730,265
50,features.14,358,pruned_before,nan,0.000000e+00,0.000000e+00,0.0000,0.0000,0
50,features.14,359,pruned_before,nan,0.000000e+00,0.000000e+00,0.0000,0.0000,0
50,features.14,360,pruned_before,nan,0.000000e+00,0.000000e+00,0.0000,0.0000,0
50,features.14,361,pruned_before,nan,0.000000e+00,0.000000e+00,0.0000,0.0000,0
50,features.14,362,pruned_before,nan,0.000000e+00,0.000000e+00,0.0000,0.0000,0
50,features.14,363,pruned_before,nan,0.000000e+00,0.000000e+00,0.0000,0.0000,0
50,features.14,364,pruned_before,nan,0.000000e+00,0.000000e+00,0.0000,0.0000,0
50,features.14,365,pruned_before,nan,0.000000e+00,0.000000e+00,0.0000,0.0000,0
50,features.14,366,pruned_before,nan,0.000000e+00,0.000000e+00,0.0000,0.0000,0
50,features.14,367,active,0.064399,3.039156e-07,7.411235e-07,0.0468,0.0768,265
50,features.14,368,active,0.180135,3.756093e-07,1.994669e-06,0.0578,0.2066,265
50,features.14,369,pruned_before,nan,0.000000e+00,0.000000e+00,0.0000,0.0000,0
50,features.14,370,active,0.234376,6.070820e-07,2.614844e-06,0.0935,0.2708,265
50,features.14,371,pruned_before,nan,0.000000e+00,0.000000e+00,0.0000,0.0000,0
50,features.14,372,pruned_before,nan,0.000000e+00,0.000000e+00,0.0000,0.0000,0
50,features.14,373,pruned_before,nan,0.000000e+00,0.000000e+00,0.0000,0.0000,0
50,features.14,374,pruned_before,nan,0.000000e+00,0.000000e+00,0.0000,0.0000,0
50,features.14,375,pruned_before,nan,0.000000e+00,0.000000e+00,0.0000,0.0000,0
50,features.14,376,active,0.062639,1.040840e-06,8.439690e-07,0.1602,0.0874,265
50,features.14,377,pruned_before,nan,0.000000e+00,0.000000e+00,0.0000,0.0000,0
50,features.14,378,active,0.038074,1.552110e-07,4.341204e-07,0.0239,0.0450,265
50,features.14,379,active,0.085121,3.206584e-07,9.662147e-07,0.0494,0.1001,265
50,features.14,380,pruned_before,nan,0.000000e+00,0.000000e+00,0.0000,0.0000,0
50,features.14,381,pruned_before,nan,0.000000e+00,0.000000e+00,0.0000,0.0000,0
50,features.14,382,pruned_before,nan,0.000000e+00,0.000000e+00,0.0000,0.0000,0
50,features.14,383,pruned_before,nan,0.000000e+00,0.000000e+00,0.0000,0.0000,0
50,features.14,384,pruned_before,nan,0.000000e+00,0.000000e+00,0.0000,0.0000,0
50,features.14,385,active,0.040500,1.344113e-06,6.565373e-07,0.2069,0.0680,265
50,features.14,386,pruned_before,nan,0.000000e+00,0.000000e+00,0.0000,0.0000,0
50,features.14,387,pruned_before,nan,0.000000e+00,0.000000e+00,0.0000,0.0000,0
50,features.14,388,pruned_before,nan,0.000000e+00,0.000000e+00,0.0000,0.0000,0
50,features.14,389,pruned_before,nan,0.000000e+00,0.000000e+00,0.0000,0.0000,0
50,features.14,390,active,0.196916,4.937541e-07,2.194224e-06,0.0760,0.2272,265
50,features.14,391,pruned_before,nan,0.000000e+00,0.000000e+00,0.0000,0.0000,0
50,features.14,392,pruned_before,nan,0.000000e+00,0.000000e+00,0.0000,0.0000,0
50,features.14,393,pruned_before,nan,0.000000e+00,0.000000e+00,0.0000,0.0000,0
50,features.14,394,active,0.035837,2.622522e-07,4.278086e-07,0.0404,0.0443,265
50,features.14,395,active,0.034017,1.722739e-06,6.495233e-07,0.2652,0.0673,265
50,features.14,396,pruned_before,nan,0.000000e+00,0.000000e+00,0.0000,0.0000,0
50,features.14,397,active,0.107613,1.397778e-06,1.385438e-06,0.2152,0.1435,265
50,features.14,398,pruned_before,nan,0.000000e+00,0.000000e+00,0.0000,0.0000,0
50,features.14,399,active,0.098467,1.463491e-06,1.298164e-06,0.2253,0.1344,265
50,features.14,400,pruned_before,nan,0.000000e+00,0.000000e+00,0.0000,0.0000,0
50,features.14,401,pruned_before,nan,0.000000e+00,0.000000e+00,0.0000,0.0000,0
50,features.14,402,active,0.030327,3.185104e-08,3.306363e-07,0.0049,0.0342,265
50,features.14,403,pruned_before,nan,0.000000e+00,0.000000e+00,0.0000,0.0000,0
50,features.14,404,pruned_before,nan,0.000000e+00,0.000000e+00,0.0000,0.0000,0
50,features.14,405,pruned_before,nan,0.000000e+00,0.000000e+00,0.0000,0.0000,0
50,features.14,406,active,0.063422,4.920865e-07,7.617235e-07,0.0758,0.0789,265
50,features.14,407,active,0.063091,5.138506e-07,7.617654e-07,0.0791,0.0789,265
50,features.14,408,pruned_before,nan,0.000000e+00,0.000000e+00,0.0000,0.0000,0
50,features.14,409,pruned_before,nan,0.000000e+00,0.000000e+00,0.0000,0.0000,0
50,features.14,410,active,0.092145,3.827667e-07,1.051828e-06,0.0589,0.1089,265
50,features.14,411,active,0.053651,4.993268e-08,5.838588e-07,0.0077,0.0605,265
50,features.14,412,active,0.021042,3.708714e-07,2.870204e-07,0.0571,0.0297,265
50,features.14,413,pruned_before,nan,0.000000e+00,0.000000e+00,0.0000,0.0000,0
50,features.14,414,active,0.022656,3.835139e-07,3.064213e-07,0.0590,0.0317,265
50,features.14,415,active,0.023049,1.147469e-07,2.662446e-07,0.0177,0.0276,265
50,features.14,416,pruned_before,nan,0.000000e+00,0.000000e+00,0.0000,0.0000,0
50,features.14,417,pruned_before,nan,0.000000e+00,0.000000e+00,0.0000,0.0000,0
50,features.14,418,pruned_before,nan,0.000000e+00,0.000000e+00,0.0000,0.0000,0
50,features.14,419,pruned_before,nan,0.000000e+00,0.000000e+00,0.0000,0.0000,0
50,features.14,420,pruned_before,nan,0.000000e+00,0.000000e+00,0.0000,0.0000,0
50,features.14,421,pruned_before,nan,0.000000e+00,0.000000e+00,0.0000,0.0000,0
50,features.14,422,pruned_before,nan,0.000000e+00,0.000000e+00,0.0000,0.0000,0
50,features.14,423,active,0.255110,3.566993e-08,2.742915e-06,0.0055,0.2841,265
50,features.14,424,pruned_before,nan,0.000000e+00,0.000000e+00,0.0000,0.0000,0
50,features.14,425,active,0.021725,1.285010e-07,2.543134e-07,0.0198,0.0263,265
50,features.14,426,pruned_before,nan,0.000000e+00,0.000000e+00,0.0000,0.0000,0
50,features.14,427,pruned_before,nan,0.000000e+00,0.000000e+00,0.0000,0.0000,0
50,features.14,428,active,0.047363,5.402737e-07,5.973927e-07,0.0832,0.0619,265
50,features.14,429,active,0.023918,5.485225e-07,3.472200e-07,0.0844,0.0360,265
50,features.14,430,pruned_before,nan,0.000000e+00,0.000000e+00,0.0000,0.0000,0
50,features.14,431,active,0.038790,1.284160e-06,6.282822e-07,0.1977,0.0651,265
50,features.14,432,active,0.020472,1.791875e-08,2.225979e-07,0.0028,0.0231,265
50,features.14,433,pruned_before,nan,0.000000e+00,0.000000e+00,0.0000,0.0000,0
50,features.14,434,active,0.091577,3.782378e-07,1.044990e-06,0.0582,0.1082,265
50,features.14,435,pruned_before,nan,0.000000e+00,0.000000e+00,0.0000,0.0000,0
50,features.14,436,active,0.049197,2.163519e-06,8.851948e-07,0.3331,0.0917,265
50,features.14,437,pruned_before,nan,0.000000e+00,0.000000e+00,0.0000,0.0000,0
50,features.14,438,pruned_before,nan,0.000000e+00,0.000000e+00,0.0000,0.0000,0
50,features.14,439,active,0.054789,7.926178e-07,7.187447e-07,0.1220,0.0744,265
50,features.14,440,active,0.115531,4.578181e-07,1.315133e-06,0.0705,0.1362,265
50,features.14,441,active,0.033879,8.242603e-07,4.996316e-07,0.1269,0.0517,265
50,features.14,442,pruned_before,nan,0.000000e+00,0.000000e+00,0.0000,0.0000,0
50,features.14,443,pruned_before,nan,0.000000e+00,0.000000e+00,0.0000,0.0000,0
50,features.14,444,pruned_before,nan,0.000000e+00,0.000000e+00,0.0000,0.0000,0
50,features.14,445,active,0.035472,7.000195e-08,3.921381e-07,0.0108,0.0406,265
50,features.14,446,active,0.270726,6.174685e-07,3.006557e-06,0.0951,0.3114,265
50,features.14,447,active,0.177958,1.684459e-06,2.187515e-06,0.2593,0.2265,265
50,features.14,448,pruned_before,nan,0.000000e+00,0.000000e+00,0.0000,0.0000,0
50,features.14,449,pruned_before,nan,0.000000e+00,0.000000e+00,0.0000,0.0000,0
50,features.14,450,pruned_before,nan,0.000000e+00,0.000000e+00,0.0000,0.0000,0
50,features.14,451,pruned_before,nan,0.000000e+00,0.000000e+00,0.0000,0.0000,0
50,features.14,452,pruned_before,nan,0.000000e+00,0.000000e+00,0.0000,0.0000,0
50,features.14,453,active,0.018520,3.004969e-07,2.483375e-07,0.0463,0.0257,265
50,features.14,454,pruned_before,nan,0.000000e+00,0.000000e+00,0.0000,0.0000,0
50,features.14,455,active,0.133442,1.180450e-06,1.626656e-06,0.1817,0.1685,265
50,features.14,456,active,0.006727,9.828408e-07,2.345164e-07,0.1513,0.0243,265
50,features.14,457,pruned_before,nan,0.000000e+00,0.000000e+00,0.0000,0.0000,0
50,features.14,458,active,0.042941,2.804271e-07,5.070229e-07,0.0432,0.0525,265
50,features.14,459,pruned_before,nan,0.000000e+00,0.000000e+00,0.0000,0.0000,0
50,features.14,460,active,0.038131,7.929166e-07,5.400675e-07,0.1221,0.0559,265
50,features.14,461,pruned_before,nan,0.000000e+00,0.000000e+00,0.0000,0.0000,0
50,features.14,462,active,0.097002,7.636991e-07,1.166861e-06,0.1176,0.1208,265
50,features.14,463,pruned_before,nan,0.000000e+00,0.000000e+00,0.0000,0.0000,0
50,features.14,464,active,0.069368,1.966091e-06,1.068989e-06,0.3027,0.1107,265
50,features.14,465,pruned_before,nan,0.000000e+00,0.000000e+00,0.0000,0.0000,0
50,features.14,466,pruned_before,nan,0.000000e+00,0.000000e+00,0.0000,0.0000,0
50,features.14,467,active,0.011670,2.938901e-07,1.737528e-07,0.0452,0.0180,265
50,features.14,468,pruned_before,nan,0.000000e+00,0.000000e+00,0.0000,0.0000,0
50,features.14,469,pruned_before,nan,0.000000e+00,0.000000e+00,0.0000,0.0000,0
50,features.14,470,pruned_before,nan,0.000000e+00,0.000000e+00,0.0000,0.0000,0
50,features.14,471,active,0.196203,1.108562e-06,2.288131e-06,0.1707,0.2370,265
50,features.14,472,pruned_before,nan,0.000000e+00,0.000000e+00,0.0000,0.0000,0
50,features.14,473,pruned_before,nan,0.000000e+00,0.000000e+00,0.0000,0.0000,0
50,features.14,474,active,0.120352,7.444022e-08,1.303522e-06,0.0115,0.1350,265
50,features.14,475,active,0.026265,2.689394e-06,7.260271e-07,0.4141,0.0752,265
50,features.14,476,active,0.037416,2.336690e-07,4.400209e-07,0.0360,0.0456,265
50,features.14,477,active,0.010296,1.569505e-06,3.697114e-07,0.2416,0.0383,265
50,features.14,478,pruned_before,nan,0.000000e+00,0.000000e+00,0.0000,0.0000,0
50,features.14,479,active,0.034386,5.780863e-07,4.644024e-07,0.0890,0.0481,265
50,features.14,480,pruned_before,nan,0.000000e+00,0.000000e+00,0.0000,0.0000,0
50,features.14,481,pruned_before,nan,0.000000e+00,0.000000e+00,0.0000,0.0000,0
50,features.14,482,active,0.088079,1.832546e-07,9.752499e-07,0.0282,0.1010,265
50,features.14,483,active,0.052351,2.210830e-06,9.268499e-07,0.3404,0.0960,265
50,features.14,484,active,0.130805,2.045446e-07,1.437166e-06,0.0315,0.1488,265
50,features.14,485,pruned_before,nan,0.000000e+00,0.000000e+00,0.0000,0.0000,0
50,features.14,486,active,0.075231,1.688054e-06,1.085966e-06,0.2599,0.1125,265
50,features.14,487,pruned_before,nan,0.000000e+00,0.000000e+00,0.0000,0.0000,0
50,features.14,488,active,0.056192,2.666154e-06,1.043268e-06,0.4105,0.1080,265
50,features.14,489,pruned_before,nan,0.000000e+00,0.000000e+00,0.0000,0.0000,0
50,features.14,490,pruned_before,nan,0.000000e+00,0.000000e+00,0.0000,0.0000,0
50,features.14,491,active,0.132512,7.530503e-07,1.546085e-06,0.1159,0.1601,265
50,features.14,492,pruned_before,nan,0.000000e+00,0.000000e+00,0.0000,0.0000,0
50,features.14,493,pruned_before,nan,0.000000e+00,0.000000e+00,0.0000,0.0000,0
50,features.14,494,active,0.081667,1.369137e-06,1.102339e-06,0.2108,0.1142,265
50,features.14,495,active,0.113656,8.818465e-07,1.365053e-06,0.1358,0.1414,265
50,features.14,496,active,0.056774,1.421685e-06,8.439484e-07,0.2189,0.0874,265
50,features.14,497,pruned_before,nan,0.000000e+00,0.000000e+00,0.0000,0.0000,0
50,features.14,498,pruned_before,nan,0.000000e+00,0.000000e+00,0.0000,0.0000,0
50,features.14,499,pruned_before,nan,0.000000e+00,0.000000e+00,0.0000,0.0000,0
50,features.14,500,pruned_before,nan,0.000000e+00,0.000000e+00,0.0000,0.0000,0
50,features.14,501,pruned_before,nan,0.000000e+00,0.000000e+00,0.0000,0.0000,0
50,features.14,502,active,0.114209,1.519966e-06,1.476391e-06,0.2340,0.1529,265
50,features.14,503,pruned_before,nan,0.000000e+00,0.000000e+00,0.0000,0.0000,0
50,features.14,504,active,0.036221,4.794736e-07,4.678013e-07,0.0738,0.0484,265
50,features.14,505,active,0.142286,1.343109e-06,1.748411e-06,0.2068,0.1811,265
50,features.14,506,active,0.153193,3.596975e-07,1.702987e-06,0.0554,0.1764,265
50,features.14,507,active,0.410797,3.373437e-07,4.463078e-06,0.0519,0.4622,265
50,features.14,508,active,0.142503,3.987065e-08,1.535468e-06,0.0061,0.1590,265
50,features.14,509,active,0.059659,1.401885e-06,8.716318e-07,0.2158,0.0903,265
50,features.14,510,active,0.120514,2.348490e-06,1.680888e-06,0.3616,0.1741,265
50,features.14,511,active,0.063029,2.075084e-07,7.104962e-07,0.0319,0.0736,265
50,features.14,512,protected,0.832834,4.362601e-06,9.655904e-06,0.6717,1.0000,265
50,features.14,513,active,0.027318,3.860162e-07,3.568499e-07,0.0594,0.0370,265
50,features.14,514,pruned_before,nan,0.000000e+00,0.000000e+00,0.0000,0.0000,0
50,features.14,515,pruned_before,nan,0.000000e+00,0.000000e+00,0.0000,0.0000,0
50,features.14,516,active,0.021492,8.980709e-08,2.454168e-07,0.0138,0.0254,265
50,features.14,517,pruned_before,nan,0.000000e+00,0.000000e+00,0.0000,0.0000,0
50,features.14,518,pruned_before,nan,0.000000e+00,0.000000e+00,0.0000,0.0000,0
50,features.14,519,active,0.130093,3.565042e-07,1.454624e-06,0.0549,0.1506,265
50,features.14,520,active,0.217411,1.303437e-06,2.547859e-06,0.2007,0.2639,265
50,features.14,521,pruned_before,nan,0.000000e+00,0.000000e+00,0.0000,0.0000,0
50,features.14,522,pruned_before,nan,0.000000e+00,0.000000e+00,0.0000,0.0000,0
50,features.14,523,active,0.063242,8.195695e-08,6.920468e-07,0.0126,0.0717,265
50,features.14,524,pruned_before,nan,0.000000e+00,0.000000e+00,0.0000,0.0000,0
50,features.14,525,pruned_before,nan,0.000000e+00,0.000000e+00,0.0000,0.0000,0
50,features.14,526,active,0.070945,1.172707e-06,9.548644e-07,0.1805,0.0989,265
50,features.14,527,active,0.098406,6.295575e-07,1.159761e-06,0.0969,0.1201,265
50,features.14,528,active,0.055184,7.506089e-07,7.160471e-07,0.1156,0.0742,265
50,features.14,529,active,0.036470,1.514000e-06,6.413646e-07,0.2331,0.0664,265
50,features.14,530,pruned_before,nan,0.000000e+00,0.000000e+00,0.0000,0.0000,0
50,features.14,531,pruned_before,nan,0.000000e+00,0.000000e+00,0.0000,0.0000,0
50,features.14,532,pruned_before,nan,0.000000e+00,0.000000e+00,0.0000,0.0000,0
50,features.14,533,pruned_before,nan,0.000000e+00,0.000000e+00,0.0000,0.0000,0
50,features.14,534,pruned_before,nan,0.000000e+00,0.000000e+00,0.0000,0.0000,0
50,features.14,535,active,0.014550,2.165086e-07,1.918683e-07,0.0333,0.0199,265
50,features.14,536,active,0.461294,8.288830e-07,5.086040e-06,0.1276,0.5267,265
50,features.14,537,pruned_before,nan,0.000000e+00,0.000000e+00,0.0000,0.0000,0
50,features.14,538,active,0.402704,2.638240e-07,4.364098e-06,0.0406,0.4520,265
50,features.14,539,pruned_before,nan,0.000000e+00,0.000000e+00,0.0000,0.0000,0
50,features.14,540,active,0.116432,5.318502e-07,1.337027e-06,0.0819,0.1385,265
50,features.14,541,pruned_before,nan,0.000000e+00,0.000000e+00,0.0000,0.0000,0
50,features.14,542,pruned_before,nan,0.000000e+00,0.000000e+00,0.0000,0.0000,0
50,features.14,543,pruned_before,nan,0.000000e+00,0.000000e+00,0.0000,0.0000,0
50,features.14,544,active,0.092444,1.710727e-06,1.274387e-06,0.2634,0.1320,265
50,features.14,545,active,0.039729,6.974092e-07,5.414410e-07,0.1074,0.0561,265
50,features.14,546,active,0.020153,2.693319e-06,6.610918e-07,0.4147,0.0685,265
50,features.14,547,pruned_before,nan,0.000000e+00,0.000000e+00,0.0000,0.0000,0
50,features.14,548,pruned_before,nan,0.000000e+00,0.000000e+00,0.0000,0.0000,0
50,features.14,549,active,0.060318,1.446347e-07,6.710290e-07,0.0223,0.0695,265
50,features.14,550,pruned_before,nan,0.000000e+00,0.000000e+00,0.0000,0.0000,0
50,features.14,551,pruned_before,nan,0.000000e+00,0.000000e+00,0.0000,0.0000,0
50,features.14,552,pruned_before,nan,0.000000e+00,0.000000e+00,0.0000,0.0000,0
50,features.14,553,active,0.087082,7.453328e-07,1.057395e-06,0.1148,0.1095,265
50,features.14,554,active,0.124360,6.062087e-07,1.434366e-06,0.0933,0.1485,265
50,features.14,555,pruned_before,nan,0.000000e+00,0.000000e+00,0.0000,0.0000,0
50,features.14,556,active,0.109490,4.870170e-07,1.255141e-06,0.0750,0.1300,265
50,features.14,557,pruned_before,nan,0.000000e+00,0.000000e+00,0.0000,0.0000,0
50,features.14,558,pruned_before,nan,0.000000e+00,0.000000e+00,0.0000,0.0000,0
50,features.14,559,active,0.107387,7.236177e-07,1.271657e-06,0.1114,0.1317,265
50,features.14,560,pruned_before,nan,0.000000e+00,0.000000e+00,0.0000,0.0000,0
50,features.14,561,active,0.033752,5.586575e-08,3.713490e-07,0.0086,0.0385,265
50,features.14,562,pruned_before,nan,0.000000e+00,0.000000e+00,0.0000,0.0000,0
50,features.14,563,pruned_before,nan,0.000000e+00,0.000000e+00,0.0000,0.0000,0
50,features.14,564,pruned_before,nan,0.000000e+00,0.000000e+00,0.0000,0.0000,0
50,features.14,565,active,0.058039,1.247092e-06,8.286851e-07,0.1920,0.0858,265
50,features.14,566,pruned_before,nan,0.000000e+00,0.000000e+00,0.0000,0.0000,0
50,features.14,567,active,0.041950,4.795613e-07,5.292843e-07,0.0738,0.0548,265
50,features.14,568,pruned_before,nan,0.000000e+00,0.000000e+00,0.0000,0.0000,0
50,features.14,569,pruned_before,nan,0.000000e+00,0.000000e+00,0.0000,0.0000,0
50,features.14,570,active,0.118031,1.181898e-06,1.461557e-06,0.1820,0.1514,265
50,features.14,571,pruned_before,nan,0.000000e+00,0.000000e+00,0.0000,0.0000,0
50,features.14,572,active,0.041028,4.477859e-07,5.141420e-07,0.0689,0.0532,265
50,features.14,573,active,0.027313,2.935767e-07,3.415327e-07,0.0452,0.0354,265
50,features.14,574,pruned_before,nan,0.000000e+00,0.000000e+00,0.0000,0.0000,0
50,features.14,575,pruned_before,nan,0.000000e+00,0.000000e+00,0.0000,0.0000,0
50,features.15,0,pruned_before,nan,0.000000e+00,0.000000e+00,0.0000,0.0000,0
50,features.15,1,pruned_before,nan,0.000000e+00,0.000000e+00,0.0000,0.0000,0
50,features.15,2,active,0.296070,5.543798e-07,4.938455e-05,0.5207,0.3868,329
50,features.15,3,pruned_before,nan,0.000000e+00,0.000000e+00,0.0000,0.0000,0
50,features.15,4,pruned_before,nan,0.000000e+00,0.000000e+00,0.0000,0.0000,0
50,features.15,5,pruned_before,nan,0.000000e+00,0.000000e+00,0.0000,0.0000,0
50,features.15,6,pruned_before,nan,0.000000e+00,0.000000e+00,0.0000,0.0000,0
50,features.15,7,active,0.635219,1.326371e-07,9.187363e-05,0.1246,0.7196,329
50,features.15,8,pruned_before,nan,0.000000e+00,0.000000e+00,0.0000,0.0000,0
50,features.15,9,pruned_before,nan,0.000000e+00,0.000000e+00,0.0000,0.0000,0
50,features.15,10,pruned_before,nan,0.000000e+00,0.000000e+00,0.0000,0.0000,0
50,features.15,11,pruned_before,nan,0.000000e+00,0.000000e+00,0.0000,0.0000,0
50,features.15,12,pruned_before,nan,0.000000e+00,0.000000e+00,0.0000,0.0000,0
50,features.15,13,pruned_before,nan,0.000000e+00,0.000000e+00,0.0000,0.0000,0
50,features.15,14,pruned_before,nan,0.000000e+00,0.000000e+00,0.0000,0.0000,0
50,features.15,15,pruned_before,nan,0.000000e+00,0.000000e+00,0.0000,0.0000,0
50,features.15,16,pruned_before,nan,0.000000e+00,0.000000e+00,0.0000,0.0000,0
50,features.15,17,pruned_before,nan,0.000000e+00,0.000000e+00,0.0000,0.0000,0
50,features.15,18,pruned_before,nan,0.000000e+00,0.000000e+00,0.0000,0.0000,0
50,features.15,19,pruned_before,nan,0.000000e+00,0.000000e+00,0.0000,0.0000,0
50,features.15,20,active,0.054579,1.129611e-07,9.247196e-06,0.1061,0.0724,329
50,features.15,21,pruned_before,nan,0.000000e+00,0.000000e+00,0.0000,0.0000,0
50,features.15,22,pruned_before,nan,0.000000e+00,0.000000e+00,0.0000,0.0000,0
50,features.15,23,pruned_before,nan,0.000000e+00,0.000000e+00,0.0000,0.0000,0
50,features.15,24,pruned_before,nan,0.000000e+00,0.000000e+00,0.0000,0.0000,0
50,features.15,25,pruned_before,nan,0.000000e+00,0.000000e+00,0.0000,0.0000,0
50,features.15,26,pruned_before,nan,0.000000e+00,0.000000e+00,0.0000,0.0000,0
50,features.15,27,pruned_before,nan,0.000000e+00,0.000000e+00,0.0000,0.0000,0
50,features.15,28,pruned_before,nan,0.000000e+00,0.000000e+00,0.0000,0.0000,0
50,features.15,29,pruned_before,nan,0.000000e+00,0.000000e+00,0.0000,0.0000,0
50,features.15,30,pruned_before,nan,0.000000e+00,0.000000e+00,0.0000,0.0000,0
50,features.15,31,pruned_before,nan,0.000000e+00,0.000000e+00,0.0000,0.0000,0
50,features.15,32,pruned_before,nan,0.000000e+00,0.000000e+00,0.0000,0.0000,0
50,features.15,33,pruned_before,nan,0.000000e+00,0.000000e+00,0.0000,0.0000,0
50,features.15,34,pruned_before,nan,0.000000e+00,0.000000e+00,0.0000,0.0000,0
50,features.15,35,pruned_before,nan,0.000000e+00,0.000000e+00,0.0000,0.0000,0
50,features.15,36,pruned_before,nan,0.000000e+00,0.000000e+00,0.0000,0.0000,0
50,features.15,37,pruned_before,nan,0.000000e+00,0.000000e+00,0.0000,0.0000,0
50,features.15,38,pruned_before,nan,0.000000e+00,0.000000e+00,0.0000,0.0000,0
50,features.15,39,pruned_before,nan,0.000000e+00,0.000000e+00,0.0000,0.0000,0
50,features.15,40,pruned_before,nan,0.000000e+00,0.000000e+00,0.0000,0.0000,0
50,features.15,41,pruned_before,nan,0.000000e+00,0.000000e+00,0.0000,0.0000,0
50,features.15,42,pruned_before,nan,0.000000e+00,0.000000e+00,0.0000,0.0000,0
50,features.15,43,pruned_before,nan,0.000000e+00,0.000000e+00,0.0000,0.0000,0
50,features.15,44,pruned_before,nan,0.000000e+00,0.000000e+00,0.0000,0.0000,0
50,features.15,45,pruned_before,nan,0.000000e+00,0.000000e+00,0.0000,0.0000,0
50,features.15,46,pruned_before,nan,0.000000e+00,0.000000e+00,0.0000,0.0000,0
50,features.15,47,pruned_before,nan,0.000000e+00,0.000000e+00,0.0000,0.0000,0
50,features.15,48,pruned_before,nan,0.000000e+00,0.000000e+00,0.0000,0.0000,0
50,features.15,49,pruned_before,nan,0.000000e+00,0.000000e+00,0.0000,0.0000,0
50,features.15,50,pruned_before,nan,0.000000e+00,0.000000e+00,0.0000,0.0000,0
50,features.15,51,pruned_before,nan,0.000000e+00,0.000000e+00,0.0000,0.0000,0
50,features.15,52,pruned_before,nan,0.000000e+00,0.000000e+00,0.0000,0.0000,0
50,features.15,53,pruned_before,nan,0.000000e+00,0.000000e+00,0.0000,0.0000,0
50,features.15,54,active,0.049862,7.520026e-08,8.075031e-06,0.0706,0.0633,329
50,features.15,55,pruned_before,nan,0.000000e+00,0.000000e+00,0.0000,0.0000,0
50,features.15,56,pruned_before,nan,0.000000e+00,0.000000e+00,0.0000,0.0000,0
50,features.15,57,pruned_before,nan,0.000000e+00,0.000000e+00,0.0000,0.0000,0
50,features.15,58,pruned_before,nan,0.000000e+00,0.000000e+00,0.0000,0.0000,0
50,features.15,59,pruned_before,nan,0.000000e+00,0.000000e+00,0.0000,0.0000,0
50,features.15,60,pruned_before,nan,0.000000e+00,0.000000e+00,0.0000,0.0000,0
50,features.15,61,pruned_before,nan,0.000000e+00,0.000000e+00,0.0000,0.0000,0
50,features.15,62,active,0.077541,1.991505e-07,1.365283e-05,0.1871,0.1069,329
50,features.15,63,pruned_before,nan,0.000000e+00,0.000000e+00,0.0000,0.0000,0
50,features.15,64,pruned_before,nan,0.000000e+00,0.000000e+00,0.0000,0.0000,0
50,features.15,65,pruned_before,nan,0.000000e+00,0.000000e+00,0.0000,0.0000,0
50,features.15,66,pruned_before,nan,0.000000e+00,0.000000e+00,0.0000,0.0000,0
50,features.15,67,pruned_before,nan,0.000000e+00,0.000000e+00,0.0000,0.0000,0
50,features.15,68,pruned_before,nan,0.000000e+00,0.000000e+00,0.0000,0.0000,0
50,features.15,69,pruned_before,nan,0.000000e+00,0.000000e+00,0.0000,0.0000,0
50,features.15,70,pruned_before,nan,0.000000e+00,0.000000e+00,0.0000,0.0000,0
50,features.15,71,pruned_before,nan,0.000000e+00,0.000000e+00,0.0000,0.0000,0
50,features.15,72,pruned_before,nan,0.000000e+00,0.000000e+00,0.0000,0.0000,0
50,features.15,73,pruned_before,nan,0.000000e+00,0.000000e+00,0.0000,0.0000,0
50,features.15,74,pruned_before,nan,0.000000e+00,0.000000e+00,0.0000,0.0000,0
50,features.15,75,pruned_before,nan,0.000000e+00,0.000000e+00,0.0000,0.0000,0
50,features.15,76,pruned_before,nan,0.000000e+00,0.000000e+00,0.0000,0.0000,0
50,features.15,77,pruned_before,nan,0.000000e+00,0.000000e+00,0.0000,0.0000,0
50,features.15,78,pruned_before,nan,0.000000e+00,0.000000e+00,0.0000,0.0000,0
50,features.15,79,pruned_before,nan,0.000000e+00,0.000000e+00,0.0000,0.0000,0
50,features.15,80,pruned_before,nan,0.000000e+00,0.000000e+00,0.0000,0.0000,0
50,features.15,81,pruned_before,nan,0.000000e+00,0.000000e+00,0.0000,0.0000,0
50,features.15,82,pruned_before,nan,0.000000e+00,0.000000e+00,0.0000,0.0000,0
50,features.15,83,pruned_before,nan,0.000000e+00,0.000000e+00,0.0000,0.0000,0
50,features.15,84,pruned_before,nan,0.000000e+00,0.000000e+00,0.0000,0.0000,0
50,features.15,85,pruned_before,nan,0.000000e+00,0.000000e+00,0.0000,0.0000,0
50,features.15,86,pruned_before,nan,0.000000e+00,0.000000e+00,0.0000,0.0000,0
50,features.15,87,pruned_before,nan,0.000000e+00,0.000000e+00,0.0000,0.0000,0
50,features.15,88,pruned_before,nan,0.000000e+00,0.000000e+00,0.0000,0.0000,0
50,features.15,89,active,0.024002,3.311850e-07,7.817598e-06,0.3111,0.0612,329
50,features.15,90,pruned_before,nan,0.000000e+00,0.000000e+00,0.0000,0.0000,0
50,features.15,91,pruned_before,nan,0.000000e+00,0.000000e+00,0.0000,0.0000,0
50,features.15,92,pruned_before,nan,0.000000e+00,0.000000e+00,0.0000,0.0000,0
50,features.15,93,pruned_before,nan,0.000000e+00,0.000000e+00,0.0000,0.0000,0
50,features.15,94,pruned_before,nan,0.000000e+00,0.000000e+00,0.0000,0.0000,0
50,features.15,95,pruned_before,nan,0.000000e+00,0.000000e+00,0.0000,0.0000,0
50,features.15,96,pruned_before,nan,0.000000e+00,0.000000e+00,0.0000,0.0000,0
50,features.15,97,pruned_before,nan,0.000000e+00,0.000000e+00,0.0000,0.0000,0
50,features.15,98,pruned_before,nan,0.000000e+00,0.000000e+00,0.0000,0.0000,0
50,features.15,99,pruned_before,nan,0.000000e+00,0.000000e+00,0.0000,0.0000,0
50,features.15,100,pruned_before,nan,0.000000e+00,0.000000e+00,0.0000,0.0000,0
50,features.15,101,pruned_before,nan,0.000000e+00,0.000000e+00,0.0000,0.0000,0
50,features.15,102,pruned_before,nan,0.000000e+00,0.000000e+00,0.0000,0.0000,0
50,features.15,103,pruned_before,nan,0.000000e+00,0.000000e+00,0.0000,0.0000,0
50,features.15,104,pruned_before,nan,0.000000e+00,0.000000e+00,0.0000,0.0000,0
50,features.15,105,pruned_before,nan,0.000000e+00,0.000000e+00,0.0000,0.0000,0
50,features.15,106,pruned_before,nan,0.000000e+00,0.000000e+00,0.0000,0.0000,0
50,features.15,107,pruned_before,nan,0.000000e+00,0.000000e+00,0.0000,0.0000,0
50,features.15,108,active,0.008954,2.122067e-07,4.097724e-06,0.1993,0.0321,329
50,features.15,109,active,0.039014,1.809169e-07,7.944721e-06,0.1699,0.0622,329
50,features.15,110,pruned_before,nan,0.000000e+00,0.000000e+00,0.0000,0.0000,0
50,features.15,111,pruned_before,nan,0.000000e+00,0.000000e+00,0.0000,0.0000,0
50,features.15,112,pruned_before,nan,0.000000e+00,0.000000e+00,0.0000,0.0000,0
50,features.15,113,active,0.008285,1.593764e-07,3.298902e-06,0.1497,0.0258,329
50,features.15,114,pruned_before,nan,0.000000e+00,0.000000e+00,0.0000,0.0000,0
50,features.15,115,pruned_before,nan,0.000000e+00,0.000000e+00,0.0000,0.0000,0
50,features.15,116,active,0.025812,1.346955e-07,5.456240e-06,0.1265,0.0427,329
50,features.15,117,pruned_before,nan,0.000000e+00,0.000000e+00,0.0000,0.0000,0
50,features.15,118,pruned_before,nan,0.000000e+00,0.000000e+00,0.0000,0.0000,0
50,features.15,119,pruned_before,nan,0.000000e+00,0.000000e+00,0.0000,0.0000,0
50,features.15,120,pruned_before,nan,0.000000e+00,0.000000e+00,0.0000,0.0000,0
50,features.15,121,active,0.016298,1.653510e-07,4.515107e-06,0.1553,0.0354,329
50,features.15,122,pruned_before,nan,0.000000e+00,0.000000e+00,0.0000,0.0000,0
50,features.15,123,pruned_before,nan,0.000000e+00,0.000000e+00,0.0000,0.0000,0
50,features.15,124,pruned_before,nan,0.000000e+00,0.000000e+00,0.0000,0.0000,0
50,features.15,125,pruned_before,nan,0.000000e+00,0.000000e+00,0.0000,0.0000,0
50,features.15,126,pruned_before,nan,0.000000e+00,0.000000e+00,0.0000,0.0000,0
50,features.15,127,pruned_before,nan,0.000000e+00,0.000000e+00,0.0000,0.0000,0
50,features.15,128,pruned_before,nan,0.000000e+00,0.000000e+00,0.0000,0.0000,0
50,features.15,129,pruned_before,nan,0.000000e+00,0.000000e+00,0.0000,0.0000,0
50,features.15,130,pruned_before,nan,0.000000e+00,0.000000e+00,0.0000,0.0000,0
50,features.15,131,pruned_before,nan,0.000000e+00,0.000000e+00,0.0000,0.0000,0
50,features.15,132,pruned_before,nan,0.000000e+00,0.000000e+00,0.0000,0.0000,0
50,features.15,133,pruned_before,nan,0.000000e+00,0.000000e+00,0.0000,0.0000,0
50,features.15,134,active,0.046018,5.286777e-08,7.232160e-06,0.0497,0.0566,329
50,features.15,135,pruned_before,nan,0.000000e+00,0.000000e+00,0.0000,0.0000,0
50,features.15,136,pruned_before,nan,0.000000e+00,0.000000e+00,0.0000,0.0000,0
50,features.15,137,pruned_before,nan,0.000000e+00,0.000000e+00,0.0000,0.0000,0
50,features.15,138,pruned_before,nan,0.000000e+00,0.000000e+00,0.0000,0.0000,0
50,features.15,139,pruned_before,nan,0.000000e+00,0.000000e+00,0.0000,0.0000,0
50,features.15,140,pruned_before,nan,0.000000e+00,0.000000e+00,0.0000,0.0000,0
50,features.15,141,pruned_before,nan,0.000000e+00,0.000000e+00,0.0000,0.0000,0
50,features.15,142,pruned_before,nan,0.000000e+00,0.000000e+00,0.0000,0.0000,0
50,features.15,143,pruned_before,nan,0.000000e+00,0.000000e+00,0.0000,0.0000,0
50,features.15,144,pruned_before,nan,0.000000e+00,0.000000e+00,0.0000,0.0000,0
50,features.15,145,pruned_before,nan,0.000000e+00,0.000000e+00,0.0000,0.0000,0
50,features.15,146,active,0.022114,1.611264e-07,5.283762e-06,0.1514,0.0414,329
50,features.15,147,pruned_before,nan,0.000000e+00,0.000000e+00,0.0000,0.0000,0
50,features.15,148,pruned_before,nan,0.000000e+00,0.000000e+00,0.0000,0.0000,0
50,features.15,149,pruned_before,nan,0.000000e+00,0.000000e+00,0.0000,0.0000,0
50,features.15,150,active,0.015340,8.285340e-08,3.280007e-06,0.0778,0.0257,329
50,features.15,151,pruned_before,nan,0.000000e+00,0.000000e+00,0.0000,0.0000,0
50,features.15,152,pruned_before,nan,0.000000e+00,0.000000e+00,0.0000,0.0000,0
50,features.15,153,pruned_before,nan,0.000000e+00,0.000000e+00,0.0000,0.0000,0
50,features.15,154,pruned_before,nan,0.000000e+00,0.000000e+00,0.0000,0.0000,0
50,features.15,155,pruned_before,nan,0.000000e+00,0.000000e+00,0.0000,0.0000,0
50,features.15,156,pruned_before,nan,0.000000e+00,0.000000e+00,0.0000,0.0000,0
50,features.15,157,pruned_before,nan,0.000000e+00,0.000000e+00,0.0000,0.0000,0
50,features.15,158,pruned_before,nan,0.000000e+00,0.000000e+00,0.0000,0.0000,0
50,features.15,159,active,0.060396,3.516842e-08,9.035823e-06,0.0330,0.0708,329
50,features.15,160,pruned_before,nan,0.000000e+00,0.000000e+00,0.0000,0.0000,0
50,features.15,161,pruned_before,nan,0.000000e+00,0.000000e+00,0.0000,0.0000,0
50,features.15,162,active,0.268436,2.388852e-07,4.126080e-05,0.2244,0.3232,329
50,features.15,163,pruned_before,nan,0.000000e+00,0.000000e+00,0.0000,0.0000,0
50,features.15,164,pruned_before,nan,0.000000e+00,0.000000e+00,0.0000,0.0000,0
50,features.15,165,pruned_before,nan,0.000000e+00,0.000000e+00,0.0000,0.0000,0
50,features.15,166,pruned_before,nan,0.000000e+00,0.000000e+00,0.0000,0.0000,0
50,features.15,167,pruned_before,nan,0.000000e+00,0.000000e+00,0.0000,0.0000,0
50,features.15,168,pruned_before,nan,0.000000e+00,0.000000e+00,0.0000,0.0000,0
50,features.15,169,pruned_before,nan,0.000000e+00,0.000000e+00,0.0000,0.0000,0
50,features.15,170,pruned_before,nan,0.000000e+00,0.000000e+00,0.0000,0.0000,0
50,features.15,171,pruned_before,nan,0.000000e+00,0.000000e+00,0.0000,0.0000,0
50,features.15,172,pruned_before,nan,0.000000e+00,0.000000e+00,0.0000,0.0000,0
50,features.15,173,pruned_before,nan,0.000000e+00,0.000000e+00,0.0000,0.0000,0
50,features.15,174,pruned_before,nan,0.000000e+00,0.000000e+00,0.0000,0.0000,0
50,features.15,175,pruned_before,nan,0.000000e+00,0.000000e+00,0.0000,0.0000,0
50,features.15,176,pruned_before,nan,0.000000e+00,0.000000e+00,0.0000,0.0000,0
50,features.15,177,pruned_before,nan,0.000000e+00,0.000000e+00,0.0000,0.0000,0
50,features.15,178,pruned_before,nan,0.000000e+00,0.000000e+00,0.0000,0.0000,0
50,features.15,179,pruned_before,nan,0.000000e+00,0.000000e+00,0.0000,0.0000,0
50,features.15,180,pruned_before,nan,0.000000e+00,0.000000e+00,0.0000,0.0000,0
50,features.15,181,pruned_before,nan,0.000000e+00,0.000000e+00,0.0000,0.0000,0
50,features.15,182,pruned_before,nan,0.000000e+00,0.000000e+00,0.0000,0.0000,0
50,features.15,183,pruned_before,nan,0.000000e+00,0.000000e+00,0.0000,0.0000,0
50,features.15,184,pruned_before,nan,0.000000e+00,0.000000e+00,0.0000,0.0000,0
50,features.15,185,pruned_before,nan,0.000000e+00,0.000000e+00,0.0000,0.0000,0
50,features.15,186,pruned_before,nan,0.000000e+00,0.000000e+00,0.0000,0.0000,0
50,features.15,187,active,0.209170,1.064586e-06,4.385593e-05,1.0000,0.3435,329
50,features.15,188,active,0.251405,7.218323e-08,3.662381e-05,0.0678,0.2869,329
50,features.15,189,pruned_before,nan,0.000000e+00,0.000000e+00,0.0000,0.0000,0
50,features.15,190,pruned_before,nan,0.000000e+00,0.000000e+00,0.0000,0.0000,0
50,features.15,191,pruned_before,nan,0.000000e+00,0.000000e+00,0.0000,0.0000,0
50,features.15,192,pruned_before,nan,0.000000e+00,0.000000e+00,0.0000,0.0000,0
50,features.15,193,pruned_before,nan,0.000000e+00,0.000000e+00,0.0000,0.0000,0
50,features.15,194,pruned_before,nan,0.000000e+00,0.000000e+00,0.0000,0.0000,0
50,features.15,195,pruned_before,nan,0.000000e+00,0.000000e+00,0.0000,0.0000,0
50,features.15,196,pruned_before,nan,0.000000e+00,0.000000e+00,0.0000,0.0000,0
50,features.15,197,pruned_before,nan,0.000000e+00,0.000000e+00,0.0000,0.0000,0
50,features.15,198,pruned_before,nan,0.000000e+00,0.000000e+00,0.0000,0.0000,0
50,features.15,199,pruned_before,nan,0.000000e+00,0.000000e+00,0.0000,0.0000,0
50,features.15,200,pruned_before,nan,0.000000e+00,0.000000e+00,0.0000,0.0000,0
50,features.15,201,pruned_before,nan,0.000000e+00,0.000000e+00,0.0000,0.0000,0
50,features.15,202,pruned_before,nan,0.000000e+00,0.000000e+00,0.0000,0.0000,0
50,features.15,203,pruned_before,nan,0.000000e+00,0.000000e+00,0.0000,0.0000,0
50,features.15,204,pruned_before,nan,0.000000e+00,0.000000e+00,0.0000,0.0000,0
50,features.15,205,active,0.047859,3.164926e-08,7.210510e-06,0.0297,0.0565,329
50,features.15,206,pruned_before,nan,0.000000e+00,0.000000e+00,0.0000,0.0000,0
50,features.15,207,pruned_before,nan,0.000000e+00,0.000000e+00,0.0000,0.0000,0
50,features.15,208,pruned_before,nan,0.000000e+00,0.000000e+00,0.0000,0.0000,0
50,features.15,209,pruned_before,nan,0.000000e+00,0.000000e+00,0.0000,0.0000,0
50,features.15,210,pruned_before,nan,0.000000e+00,0.000000e+00,0.0000,0.0000,0
50,features.15,211,pruned_before,nan,0.000000e+00,0.000000e+00,0.0000,0.0000,0
50,features.15,212,pruned_before,nan,0.000000e+00,0.000000e+00,0.0000,0.0000,0
50,features.15,213,active,0.130428,4.378502e-07,2.433540e-05,0.4113,0.1906,329
50,features.15,214,pruned_before,nan,0.000000e+00,0.000000e+00,0.0000,0.0000,0
50,features.15,215,pruned_before,nan,0.000000e+00,0.000000e+00,0.0000,0.0000,0
50,features.15,216,pruned_before,nan,0.000000e+00,0.000000e+00,0.0000,0.0000,0
50,features.15,217,pruned_before,nan,0.000000e+00,0.000000e+00,0.0000,0.0000,0
50,features.15,218,pruned_before,nan,0.000000e+00,0.000000e+00,0.0000,0.0000,0
50,features.15,219,pruned_before,nan,0.000000e+00,0.000000e+00,0.0000,0.0000,0
50,features.15,220,pruned_before,nan,0.000000e+00,0.000000e+00,0.0000,0.0000,0
50,features.15,221,pruned_before,nan,0.000000e+00,0.000000e+00,0.0000,0.0000,0
50,features.15,222,pruned_before,nan,0.000000e+00,0.000000e+00,0.0000,0.0000,0
50,features.15,223,pruned_before,nan,0.000000e+00,0.000000e+00,0.0000,0.0000,0
50,features.15,224,pruned_before,nan,0.000000e+00,0.000000e+00,0.0000,0.0000,0
50,features.15,225,pruned_before,nan,0.000000e+00,0.000000e+00,0.0000,0.0000,0
50,features.15,226,pruned_before,nan,0.000000e+00,0.000000e+00,0.0000,0.0000,0
50,features.15,227,pruned_before,nan,0.000000e+00,0.000000e+00,0.0000,0.0000,0
50,features.15,228,pruned_before,nan,0.000000e+00,0.000000e+00,0.0000,0.0000,0
50,features.15,229,pruned_before,nan,0.000000e+00,0.000000e+00,0.0000,0.0000,0
50,features.15,230,pruned_before,nan,0.000000e+00,0.000000e+00,0.0000,0.0000,0
50,features.15,231,pruned_before,nan,0.000000e+00,0.000000e+00,0.0000,0.0000,0
50,features.15,232,active,0.051383,1.038469e-07,8.672366e-06,0.0975,0.0679,329
50,features.15,233,pruned_before,nan,0.000000e+00,0.000000e+00,0.0000,0.0000,0
50,features.15,234,pruned_before,nan,0.000000e+00,0.000000e+00,0.0000,0.0000,0
50,features.15,235,pruned_before,nan,0.000000e+00,0.000000e+00,0.0000,0.0000,0
50,features.15,236,pruned_before,nan,0.000000e+00,0.000000e+00,0.0000,0.0000,0
50,features.15,237,pruned_before,nan,0.000000e+00,0.000000e+00,0.0000,0.0000,0
50,features.15,238,pruned_before,nan,0.000000e+00,0.000000e+00,0.0000,0.0000,0
50,features.15,239,pruned_before,nan,0.000000e+00,0.000000e+00,0.0000,0.0000,0
50,features.15,240,pruned_before,nan,0.000000e+00,0.000000e+00,0.0000,0.0000,0
50,features.15,241,pruned_before,nan,0.000000e+00,0.000000e+00,0.0000,0.0000,0
50,features.15,242,pruned_before,nan,0.000000e+00,0.000000e+00,0.0000,0.0000,0
50,features.15,243,pruned_before,nan,0.000000e+00,0.000000e+00,0.0000,0.0000,0
50,features.15,244,pruned_before,nan,0.000000e+00,0.000000e+00,0.0000,0.0000,0
50,features.15,245,active,0.149682,5.534206e-07,2.860652e-05,0.5198,0.2241,329
50,features.15,246,active,0.227333,2.530408e-07,3.561893e-05,0.2377,0.2790,329
50,features.15,247,pruned_before,nan,0.000000e+00,0.000000e+00,0.0000,0.0000,0
50,features.15,248,pruned_before,nan,0.000000e+00,0.000000e+00,0.0000,0.0000,0
50,features.15,249,pruned_before,nan,0.000000e+00,0.000000e+00,0.0000,0.0000,0
50,features.15,250,pruned_before,nan,0.000000e+00,0.000000e+00,0.0000,0.0000,0
50,features.15,251,pruned_before,nan,0.000000e+00,0.000000e+00,0.0000,0.0000,0
50,features.15,252,pruned_before,nan,0.000000e+00,0.000000e+00,0.0000,0.0000,0
50,features.15,253,pruned_before,nan,0.000000e+00,0.000000e+00,0.0000,0.0000,0
50,features.15,254,pruned_before,nan,0.000000e+00,0.000000e+00,0.0000,0.0000,0
50,features.15,255,active,0.243636,2.605591e-07,3.803174e-05,0.2448,0.2979,329
50,features.15,256,pruned_before,nan,0.000000e+00,0.000000e+00,0.0000,0.0000,0
50,features.15,257,pruned_before,nan,0.000000e+00,0.000000e+00,0.0000,0.0000,0
50,features.15,258,active,0.003555,2.944883e-07,4.428234e-06,0.2766,0.0347,329
50,features.15,259,pruned_before,nan,0.000000e+00,0.000000e+00,0.0000,0.0000,0
50,features.15,260,pruned_before,nan,0.000000e+00,0.000000e+00,0.0000,0.0000,0
50,features.15,261,pruned_before,nan,0.000000e+00,0.000000e+00,0.0000,0.0000,0
50,features.15,262,pruned_before,nan,0.000000e+00,0.000000e+00,0.0000,0.0000,0
50,features.15,263,pruned_before,nan,0.000000e+00,0.000000e+00,0.0000,0.0000,0
50,features.15,264,pruned_before,nan,0.000000e+00,0.000000e+00,0.0000,0.0000,0
50,features.15,265,pruned_before,nan,0.000000e+00,0.000000e+00,0.0000,0.0000,0
50,features.15,266,pruned_before,nan,0.000000e+00,0.000000e+00,0.0000,0.0000,0
50,features.15,267,pruned_before,nan,0.000000e+00,0.000000e+00,0.0000,0.0000,0
50,features.15,268,pruned_before,nan,0.000000e+00,0.000000e+00,0.0000,0.0000,0
50,features.15,269,pruned_before,nan,0.000000e+00,0.000000e+00,0.0000,0.0000,0
50,features.15,270,pruned_before,nan,0.000000e+00,0.000000e+00,0.0000,0.0000,0
50,features.15,271,pruned_before,nan,0.000000e+00,0.000000e+00,0.0000,0.0000,0
50,features.15,272,active,0.090704,5.255561e-08,1.356668e-05,0.0494,0.1063,329
50,features.15,273,active,0.054697,8.964723e-08,8.953255e-06,0.0842,0.0701,329
50,features.15,274,pruned_before,nan,0.000000e+00,0.000000e+00,0.0000,0.0000,0
50,features.15,275,active,0.082293,2.243587e-07,1.466283e-05,0.2107,0.1149,329
50,features.15,276,pruned_before,nan,0.000000e+00,0.000000e+00,0.0000,0.0000,0
50,features.15,277,pruned_before,nan,0.000000e+00,0.000000e+00,0.0000,0.0000,0
50,features.15,278,pruned_before,nan,0.000000e+00,0.000000e+00,0.0000,0.0000,0
50,features.15,279,pruned_before,nan,0.000000e+00,0.000000e+00,0.0000,0.0000,0
50,features.15,280,pruned_before,nan,0.000000e+00,0.000000e+00,0.0000,0.0000,0
50,features.15,281,pruned_before,nan,0.000000e+00,0.000000e+00,0.0000,0.0000,0
50,features.15,282,pruned_before,nan,0.000000e+00,0.000000e+00,0.0000,0.0000,0
50,features.15,283,pruned_before,nan,0.000000e+00,0.000000e+00,0.0000,0.0000,0
50,features.15,284,active,0.264851,1.037489e-06,5.139325e-05,0.9745,0.4026,329
50,features.15,285,pruned_before,nan,0.000000e+00,0.000000e+00,0.0000,0.0000,0
50,features.15,286,pruned_before,nan,0.000000e+00,0.000000e+00,0.0000,0.0000,0
50,features.15,287,pruned_before,nan,0.000000e+00,0.000000e+00,0.0000,0.0000,0
50,features.15,288,pruned_before,nan,0.000000e+00,0.000000e+00,0.0000,0.0000,0
50,features.15,289,pruned_before,nan,0.000000e+00,0.000000e+00,0.0000,0.0000,0
50,features.15,290,pruned_before,nan,0.000000e+00,0.000000e+00,0.0000,0.0000,0
50,features.15,291,active,0.616142,6.952970e-07,9.666463e-05,0.6531,0.7572,329
50,features.15,292,pruned_before,nan,0.000000e+00,0.000000e+00,0.0000,0.0000,0
50,features.15,293,pruned_before,nan,0.000000e+00,0.000000e+00,0.0000,0.0000,0
50,features.15,294,pruned_before,nan,0.000000e+00,0.000000e+00,0.0000,0.0000,0
50,features.15,295,pruned_before,nan,0.000000e+00,0.000000e+00,0.0000,0.0000,0
50,features.15,296,pruned_before,nan,0.000000e+00,0.000000e+00,0.0000,0.0000,0
50,features.15,297,pruned_before,nan,0.000000e+00,0.000000e+00,0.0000,0.0000,0
50,features.15,298,pruned_before,nan,0.000000e+00,0.000000e+00,0.0000,0.0000,0
50,features.15,299,pruned_before,nan,0.000000e+00,0.000000e+00,0.0000,0.0000,0
50,features.15,300,pruned_before,nan,0.000000e+00,0.000000e+00,0.0000,0.0000,0
50,features.15,301,pruned_before,nan,0.000000e+00,0.000000e+00,0.0000,0.0000,0
50,features.15,302,pruned_before,nan,0.000000e+00,0.000000e+00,0.0000,0.0000,0
50,features.15,303,pruned_before,nan,0.000000e+00,0.000000e+00,0.0000,0.0000,0
50,features.15,304,pruned_before,nan,0.000000e+00,0.000000e+00,0.0000,0.0000,0
50,features.15,305,active,0.031609,7.857553e-08,5.530805e-06,0.0738,0.0433,329
50,features.15,306,pruned_before,nan,0.000000e+00,0.000000e+00,0.0000,0.0000,0
50,features.15,307,active,0.007001,2.063912e-07,3.743206e-06,0.1939,0.0293,329
50,features.15,308,pruned_before,nan,0.000000e+00,0.000000e+00,0.0000,0.0000,0
50,features.15,309,pruned_before,nan,0.000000e+00,0.000000e+00,0.0000,0.0000,0
50,features.15,310,pruned_before,nan,0.000000e+00,0.000000e+00,0.0000,0.0000,0
50,features.15,311,pruned_before,nan,0.000000e+00,0.000000e+00,0.0000,0.0000,0
50,features.15,312,pruned_before,nan,0.000000e+00,0.000000e+00,0.0000,0.0000,0
50,features.15,313,pruned_before,nan,0.000000e+00,0.000000e+00,0.0000,0.0000,0
50,features.15,314,pruned_before,nan,0.000000e+00,0.000000e+00,0.0000,0.0000,0
50,features.15,315,pruned_before,nan,0.000000e+00,0.000000e+00,0.0000,0.0000,0
50,features.15,316,pruned_before,nan,0.000000e+00,0.000000e+00,0.0000,0.0000,0
50,features.15,317,active,0.148245,1.466498e-07,2.298268e-05,0.1378,0.1800,329
50,features.15,318,pruned_before,nan,0.000000e+00,0.000000e+00,0.0000,0.0000,0
50,features.15,319,pruned_before,nan,0.000000e+00,0.000000e+00,0.0000,0.0000,0
50,features.15,320,pruned_before,nan,0.000000e+00,0.000000e+00,0.0000,0.0000,0
50,features.15,321,pruned_before,nan,0.000000e+00,0.000000e+00,0.0000,0.0000,0
50,features.15,322,pruned_before,nan,0.000000e+00,0.000000e+00,0.0000,0.0000,0
50,features.15,323,pruned_before,nan,0.000000e+00,0.000000e+00,0.0000,0.0000,0
50,features.15,324,pruned_before,nan,0.000000e+00,0.000000e+00,0.0000,0.0000,0
50,features.15,325,pruned_before,nan,0.000000e+00,0.000000e+00,0.0000,0.0000,0
50,features.15,326,pruned_before,nan,0.000000e+00,0.000000e+00,0.0000,0.0000,0
50,features.15,327,pruned_before,nan,0.000000e+00,0.000000e+00,0.0000,0.0000,0
50,features.15,328,pruned_before,nan,0.000000e+00,0.000000e+00,0.0000,0.0000,0
50,features.15,329,pruned_before,nan,0.000000e+00,0.000000e+00,0.0000,0.0000,0
50,features.15,330,pruned_before,nan,0.000000e+00,0.000000e+00,0.0000,0.0000,0
50,features.15,331,pruned_before,nan,0.000000e+00,0.000000e+00,0.0000,0.0000,0
50,features.15,332,pruned_before,nan,0.000000e+00,0.000000e+00,0.0000,0.0000,0
50,features.15,333,pruned_before,nan,0.000000e+00,0.000000e+00,0.0000,0.0000,0
50,features.15,334,pruned_before,nan,0.000000e+00,0.000000e+00,0.0000,0.0000,0
50,features.15,335,pruned_before,nan,0.000000e+00,0.000000e+00,0.0000,0.0000,0
50,features.15,336,pruned_before,nan,0.000000e+00,0.000000e+00,0.0000,0.0000,0
50,features.15,337,pruned_before,nan,0.000000e+00,0.000000e+00,0.0000,0.0000,0
50,features.15,338,pruned_before,nan,0.000000e+00,0.000000e+00,0.0000,0.0000,0
50,features.15,339,pruned_before,nan,0.000000e+00,0.000000e+00,0.0000,0.0000,0
50,features.15,340,active,0.072176,1.482095e-07,1.221307e-05,0.1392,0.0957,329
50,features.15,341,pruned_before,nan,0.000000e+00,0.000000e+00,0.0000,0.0000,0
50,features.15,342,pruned_before,nan,0.000000e+00,0.000000e+00,0.0000,0.0000,0
50,features.15,343,pruned_before,nan,0.000000e+00,0.000000e+00,0.0000,0.0000,0
50,features.15,344,pruned_before,nan,0.000000e+00,0.000000e+00,0.0000,0.0000,0
50,features.15,345,pruned_before,nan,0.000000e+00,0.000000e+00,0.0000,0.0000,0
50,features.15,346,pruned_before,nan,0.000000e+00,0.000000e+00,0.0000,0.0000,0
50,features.15,347,pruned_before,nan,0.000000e+00,0.000000e+00,0.0000,0.0000,0
50,features.15,348,pruned_before,nan,0.000000e+00,0.000000e+00,0.0000,0.0000,0
50,features.15,349,active,0.033425,7.282669e-08,5.711744e-06,0.0684,0.0447,329
50,features.15,350,pruned_before,nan,0.000000e+00,0.000000e+00,0.0000,0.0000,0
50,features.15,351,pruned_before,nan,0.000000e+00,0.000000e+00,0.0000,0.0000,0
50,features.15,352,pruned_before,nan,0.000000e+00,0.000000e+00,0.0000,0.0000,0
50,features.15,353,pruned_before,nan,0.000000e+00,0.000000e+00,0.0000,0.0000,0
50,features.15,354,pruned_before,nan,0.000000e+00,0.000000e+00,0.0000,0.0000,0
50,features.15,355,pruned_before,nan,0.000000e+00,0.000000e+00,0.0000,0.0000,0
50,features.15,356,pruned_before,nan,0.000000e+00,0.000000e+00,0.0000,0.0000,0
50,features.15,357,pruned_before,nan,0.000000e+00,0.000000e+00,0.0000,0.0000,0
50,features.15,358,pruned_before,nan,0.000000e+00,0.000000e+00,0.0000,0.0000,0
50,features.15,359,active,0.171418,2.216168e-07,2.726864e-05,0.2082,0.2136,329
50,features.15,360,pruned_before,nan,0.000000e+00,0.000000e+00,0.0000,0.0000,0
50,features.15,361,pruned_before,nan,0.000000e+00,0.000000e+00,0.0000,0.0000,0
50,features.15,362,pruned_before,nan,0.000000e+00,0.000000e+00,0.0000,0.0000,0
50,features.15,363,pruned_before,nan,0.000000e+00,0.000000e+00,0.0000,0.0000,0
50,features.15,364,pruned_before,nan,0.000000e+00,0.000000e+00,0.0000,0.0000,0
50,features.15,365,pruned_before,nan,0.000000e+00,0.000000e+00,0.0000,0.0000,0
50,features.15,366,pruned_before,nan,0.000000e+00,0.000000e+00,0.0000,0.0000,0
50,features.15,367,pruned_before,nan,0.000000e+00,0.000000e+00,0.0000,0.0000,0
50,features.15,368,active,0.320467,5.996043e-07,5.344784e-05,0.5632,0.4187,329
50,features.15,369,pruned_before,nan,0.000000e+00,0.000000e+00,0.0000,0.0000,0
50,features.15,370,pruned_before,nan,0.000000e+00,0.000000e+00,0.0000,0.0000,0
50,features.15,371,pruned_before,nan,0.000000e+00,0.000000e+00,0.0000,0.0000,0
50,features.15,372,active,0.060510,8.560948e-08,9.724091e-06,0.0804,0.0762,329
50,features.15,373,pruned_before,nan,0.000000e+00,0.000000e+00,0.0000,0.0000,0
50,features.15,374,pruned_before,nan,0.000000e+00,0.000000e+00,0.0000,0.0000,0
50,features.15,375,pruned_before,nan,0.000000e+00,0.000000e+00,0.0000,0.0000,0
50,features.15,376,pruned_before,nan,0.000000e+00,0.000000e+00,0.0000,0.0000,0
50,features.15,377,pruned_before,nan,0.000000e+00,0.000000e+00,0.0000,0.0000,0
50,features.15,378,pruned_before,nan,0.000000e+00,0.000000e+00,0.0000,0.0000,0
50,features.15,379,pruned_before,nan,0.000000e+00,0.000000e+00,0.0000,0.0000,0
50,features.15,380,pruned_before,nan,0.000000e+00,0.000000e+00,0.0000,0.0000,0
50,features.15,381,pruned_before,nan,0.000000e+00,0.000000e+00,0.0000,0.0000,0
50,features.15,382,pruned_before,nan,0.000000e+00,0.000000e+00,0.0000,0.0000,0
50,features.15,383,pruned_before,nan,0.000000e+00,0.000000e+00,0.0000,0.0000,0
50,features.15,384,pruned_before,nan,0.000000e+00,0.000000e+00,0.0000,0.0000,0
50,features.15,385,pruned_before,nan,0.000000e+00,0.000000e+00,0.0000,0.0000,0
50,features.15,386,pruned_before,nan,0.000000e+00,0.000000e+00,0.0000,0.0000,0
50,features.15,387,pruned_before,nan,0.000000e+00,0.000000e+00,0.0000,0.0000,0
50,features.15,388,pruned_before,nan,0.000000e+00,0.000000e+00,0.0000,0.0000,0
50,features.15,389,pruned_before,nan,0.000000e+00,0.000000e+00,0.0000,0.0000,0
50,features.15,390,pruned_before,nan,0.000000e+00,0.000000e+00,0.0000,0.0000,0
50,features.15,391,pruned_before,nan,0.000000e+00,0.000000e+00,0.0000,0.0000,0
50,features.15,392,pruned_before,nan,0.000000e+00,0.000000e+00,0.0000,0.0000,0
50,features.15,393,pruned_before,nan,0.000000e+00,0.000000e+00,0.0000,0.0000,0
50,features.15,394,pruned_before,nan,0.000000e+00,0.000000e+00,0.0000,0.0000,0
50,features.15,395,pruned_before,nan,0.000000e+00,0.000000e+00,0.0000,0.0000,0
50,features.15,396,active,0.035227,6.770619e-08,5.899165e-06,0.0636,0.0462,329
50,features.15,397,pruned_before,nan,0.000000e+00,0.000000e+00,0.0000,0.0000,0
50,features.15,398,pruned_before,nan,0.000000e+00,0.000000e+00,0.0000,0.0000,0
50,features.15,399,pruned_before,nan,0.000000e+00,0.000000e+00,0.0000,0.0000,0
50,features.15,400,pruned_before,nan,0.000000e+00,0.000000e+00,0.0000,0.0000,0
50,features.15,401,pruned_before,nan,0.000000e+00,0.000000e+00,0.0000,0.0000,0
50,features.15,402,pruned_before,nan,0.000000e+00,0.000000e+00,0.0000,0.0000,0
50,features.15,403,pruned_before,nan,0.000000e+00,0.000000e+00,0.0000,0.0000,0
50,features.15,404,pruned_before,nan,0.000000e+00,0.000000e+00,0.0000,0.0000,0
50,features.15,405,pruned_before,nan,0.000000e+00,0.000000e+00,0.0000,0.0000,0
50,features.15,406,pruned_before,nan,0.000000e+00,0.000000e+00,0.0000,0.0000,0
50,features.15,407,pruned_before,nan,0.000000e+00,0.000000e+00,0.0000,0.0000,0
50,features.15,408,pruned_before,nan,0.000000e+00,0.000000e+00,0.0000,0.0000,0
50,features.15,409,pruned_before,nan,0.000000e+00,0.000000e+00,0.0000,0.0000,0
50,features.15,410,pruned_before,nan,0.000000e+00,0.000000e+00,0.0000,0.0000,0
50,features.15,411,pruned_before,nan,0.000000e+00,0.000000e+00,0.0000,0.0000,0
50,features.15,412,pruned_before,nan,0.000000e+00,0.000000e+00,0.0000,0.0000,0
50,features.15,413,pruned_before,nan,0.000000e+00,0.000000e+00,0.0000,0.0000,0
50,features.15,414,pruned_before,nan,0.000000e+00,0.000000e+00,0.0000,0.0000,0
50,features.15,415,pruned_before,nan,0.000000e+00,0.000000e+00,0.0000,0.0000,0
50,features.15,416,pruned_before,nan,0.000000e+00,0.000000e+00,0.0000,0.0000,0
50,features.15,417,pruned_before,nan,0.000000e+00,0.000000e+00,0.0000,0.0000,0
50,features.15,418,pruned_before,nan,0.000000e+00,0.000000e+00,0.0000,0.0000,0
50,features.15,419,pruned_before,nan,0.000000e+00,0.000000e+00,0.0000,0.0000,0
50,features.15,420,pruned_before,nan,0.000000e+00,0.000000e+00,0.0000,0.0000,0
50,features.15,421,pruned_before,nan,0.000000e+00,0.000000e+00,0.0000,0.0000,0
50,features.15,422,pruned_before,nan,0.000000e+00,0.000000e+00,0.0000,0.0000,0
50,features.15,423,pruned_before,nan,0.000000e+00,0.000000e+00,0.0000,0.0000,0
50,features.15,424,pruned_before,nan,0.000000e+00,0.000000e+00,0.0000,0.0000,0
50,features.15,425,pruned_before,nan,0.000000e+00,0.000000e+00,0.0000,0.0000,0
50,features.15,426,pruned_before,nan,0.000000e+00,0.000000e+00,0.0000,0.0000,0
50,features.15,427,pruned_before,nan,0.000000e+00,0.000000e+00,0.0000,0.0000,0
50,features.15,428,pruned_before,nan,0.000000e+00,0.000000e+00,0.0000,0.0000,0
50,features.15,429,pruned_before,nan,0.000000e+00,0.000000e+00,0.0000,0.0000,0
50,features.15,430,pruned_before,nan,0.000000e+00,0.000000e+00,0.0000,0.0000,0
50,features.15,431,pruned_before,nan,0.000000e+00,0.000000e+00,0.0000,0.0000,0
50,features.15,432,pruned_before,nan,0.000000e+00,0.000000e+00,0.0000,0.0000,0
50,features.15,433,active,0.100358,1.009243e-07,1.558068e-05,0.0948,0.1220,329
50,features.15,434,pruned_before,nan,0.000000e+00,0.000000e+00,0.0000,0.0000,0
50,features.15,435,pruned_before,nan,0.000000e+00,0.000000e+00,0.0000,0.0000,0
50,features.15,436,pruned_before,nan,0.000000e+00,0.000000e+00,0.0000,0.0000,0
50,features.15,437,pruned_before,nan,0.000000e+00,0.000000e+00,0.0000,0.0000,0
50,features.15,438,pruned_before,nan,0.000000e+00,0.000000e+00,0.0000,0.0000,0
50,features.15,439,pruned_before,nan,0.000000e+00,0.000000e+00,0.0000,0.0000,0
50,features.15,440,pruned_before,nan,0.000000e+00,0.000000e+00,0.0000,0.0000,0
50,features.15,441,pruned_before,nan,0.000000e+00,0.000000e+00,0.0000,0.0000,0
50,features.15,442,pruned_before,nan,0.000000e+00,0.000000e+00,0.0000,0.0000,0
50,features.15,443,pruned_before,nan,0.000000e+00,0.000000e+00,0.0000,0.0000,0
50,features.15,444,pruned_before,nan,0.000000e+00,0.000000e+00,0.0000,0.0000,0
50,features.15,445,pruned_before,nan,0.000000e+00,0.000000e+00,0.0000,0.0000,0
50,features.15,446,pruned_before,nan,0.000000e+00,0.000000e+00,0.0000,0.0000,0
50,features.15,447,pruned_before,nan,0.000000e+00,0.000000e+00,0.0000,0.0000,0
50,features.15,448,pruned_before,nan,0.000000e+00,0.000000e+00,0.0000,0.0000,0
50,features.15,449,active,0.023461,3.016340e-08,3.729879e-06,0.0283,0.0292,329
50,features.15,450,pruned_before,nan,0.000000e+00,0.000000e+00,0.0000,0.0000,0
50,features.15,451,pruned_before,nan,0.000000e+00,0.000000e+00,0.0000,0.0000,0
50,features.15,452,pruned_before,nan,0.000000e+00,0.000000e+00,0.0000,0.0000,0
50,features.15,453,pruned_before,nan,0.000000e+00,0.000000e+00,0.0000,0.0000,0
50,features.15,454,pruned_before,nan,0.000000e+00,0.000000e+00,0.0000,0.0000,0
50,features.15,455,pruned_before,nan,0.000000e+00,0.000000e+00,0.0000,0.0000,0
50,features.15,456,pruned_before,nan,0.000000e+00,0.000000e+00,0.0000,0.0000,0
50,features.15,457,pruned_before,nan,0.000000e+00,0.000000e+00,0.0000,0.0000,0
50,features.15,458,pruned_before,nan,0.000000e+00,0.000000e+00,0.0000,0.0000,0
50,features.15,459,pruned_before,nan,0.000000e+00,0.000000e+00,0.0000,0.0000,0
50,features.15,460,pruned_before,nan,0.000000e+00,0.000000e+00,0.0000,0.0000,0
50,features.15,461,active,0.140736,1.464112e-07,2.191432e-05,0.1375,0.1717,329
50,features.15,462,pruned_before,nan,0.000000e+00,0.000000e+00,0.0000,0.0000,0
50,features.15,463,pruned_before,nan,0.000000e+00,0.000000e+00,0.0000,0.0000,0
50,features.15,464,pruned_before,nan,0.000000e+00,0.000000e+00,0.0000,0.0000,0
50,features.15,465,pruned_before,nan,0.000000e+00,0.000000e+00,0.0000,0.0000,0
50,features.15,466,pruned_before,nan,0.000000e+00,0.000000e+00,0.0000,0.0000,0
50,features.15,467,pruned_before,nan,0.000000e+00,0.000000e+00,0.0000,0.0000,0
50,features.15,468,pruned_before,nan,0.000000e+00,0.000000e+00,0.0000,0.0000,0
50,features.15,469,active,0.036964,4.494913e-08,5.842291e-06,0.0422,0.0458,329
50,features.15,470,pruned_before,nan,0.000000e+00,0.000000e+00,0.0000,0.0000,0
50,features.15,471,pruned_before,nan,0.000000e+00,0.000000e+00,0.0000,0.0000,0
50,features.15,472,pruned_before,nan,0.000000e+00,0.000000e+00,0.0000,0.0000,0
50,features.15,473,pruned_before,nan,0.000000e+00,0.000000e+00,0.0000,0.0000,0
50,features.15,474,pruned_before,nan,0.000000e+00,0.000000e+00,0.0000,0.0000,0
50,features.15,475,active,0.085313,3.609509e-07,1.691116e-05,0.3391,0.1325,329
50,features.15,476,pruned_before,nan,0.000000e+00,0.000000e+00,0.0000,0.0000,0
50,features.15,477,pruned_before,nan,0.000000e+00,0.000000e+00,0.0000,0.0000,0
50,features.15,478,active,0.058727,1.198522e-07,9.927459e-06,0.1126,0.0778,329
50,features.15,479,pruned_before,nan,0.000000e+00,0.000000e+00,0.0000,0.0000,0
50,features.15,480,pruned_before,nan,0.000000e+00,0.000000e+00,0.0000,0.0000,0
50,features.15,481,pruned_before,nan,0.000000e+00,0.000000e+00,0.0000,0.0000,0
50,features.15,482,pruned_before,nan,0.000000e+00,0.000000e+00,0.0000,0.0000,0
50,features.15,483,pruned_before,nan,0.000000e+00,0.000000e+00,0.0000,0.0000,0
50,features.15,484,pruned_before,nan,0.000000e+00,0.000000e+00,0.0000,0.0000,0
50,features.15,485,pruned_before,nan,0.000000e+00,0.000000e+00,0.0000,0.0000,0
50,features.15,486,pruned_before,nan,0.000000e+00,0.000000e+00,0.0000,0.0000,0
50,features.15,487,pruned_before,nan,0.000000e+00,0.000000e+00,0.0000,0.0000,0
50,features.15,488,pruned_before,nan,0.000000e+00,0.000000e+00,0.0000,0.0000,0
50,features.15,489,pruned_before,nan,0.000000e+00,0.000000e+00,0.0000,0.0000,0
50,features.15,490,pruned_before,nan,0.000000e+00,0.000000e+00,0.0000,0.0000,0
50,features.15,491,pruned_before,nan,0.000000e+00,0.000000e+00,0.0000,0.0000,0
50,features.15,492,pruned_before,nan,0.000000e+00,0.000000e+00,0.0000,0.0000,0
50,features.15,493,pruned_before,nan,0.000000e+00,0.000000e+00,0.0000,0.0000,0
50,features.15,494,pruned_before,nan,0.000000e+00,0.000000e+00,0.0000,0.0000,0
50,features.15,495,pruned_before,nan,0.000000e+00,0.000000e+00,0.0000,0.0000,0
50,features.15,496,pruned_before,nan,0.000000e+00,0.000000e+00,0.0000,0.0000,0
50,features.15,497,pruned_before,nan,0.000000e+00,0.000000e+00,0.0000,0.0000,0
50,features.15,498,pruned_before,nan,0.000000e+00,0.000000e+00,0.0000,0.0000,0
50,features.15,499,pruned_before,nan,0.000000e+00,0.000000e+00,0.0000,0.0000,0
50,features.15,500,pruned_before,nan,0.000000e+00,0.000000e+00,0.0000,0.0000,0
50,features.15,501,pruned_before,nan,0.000000e+00,0.000000e+00,0.0000,0.0000,0
50,features.15,502,pruned_before,nan,0.000000e+00,0.000000e+00,0.0000,0.0000,0
50,features.15,503,pruned_before,nan,0.000000e+00,0.000000e+00,0.0000,0.0000,0
50,features.15,504,pruned_before,nan,0.000000e+00,0.000000e+00,0.0000,0.0000,0
50,features.15,505,active,0.105510,4.770280e-08,1.560233e-05,0.0448,0.1222,329
50,features.15,506,pruned_before,nan,0.000000e+00,0.000000e+00,0.0000,0.0000,0
50,features.15,507,pruned_before,nan,0.000000e+00,0.000000e+00,0.0000,0.0000,0
50,features.15,508,pruned_before,nan,0.000000e+00,0.000000e+00,0.0000,0.0000,0
50,features.15,509,pruned_before,nan,0.000000e+00,0.000000e+00,0.0000,0.0000,0
50,features.15,510,pruned_before,nan,0.000000e+00,0.000000e+00,0.0000,0.0000,0
50,features.15,511,pruned_before,nan,0.000000e+00,0.000000e+00,0.0000,0.0000,0
50,features.15,512,pruned_before,nan,0.000000e+00,0.000000e+00,0.0000,0.0000,0
50,features.15,513,pruned_before,nan,0.000000e+00,0.000000e+00,0.0000,0.0000,0
50,features.15,514,pruned_before,nan,0.000000e+00,0.000000e+00,0.0000,0.0000,0
50,features.15,515,pruned_before,nan,0.000000e+00,0.000000e+00,0.0000,0.0000,0
50,features.15,516,pruned_before,nan,0.000000e+00,0.000000e+00,0.0000,0.0000,0
50,features.15,517,pruned_before,nan,0.000000e+00,0.000000e+00,0.0000,0.0000,0
50,features.15,518,pruned_before,nan,0.000000e+00,0.000000e+00,0.0000,0.0000,0
50,features.15,519,pruned_before,nan,0.000000e+00,0.000000e+00,0.0000,0.0000,0
50,features.15,520,active,0.054479,1.512049e-07,9.742677e-06,0.1420,0.0763,329
50,features.15,521,pruned_before,nan,0.000000e+00,0.000000e+00,0.0000,0.0000,0
50,features.15,522,pruned_before,nan,0.000000e+00,0.000000e+00,0.0000,0.0000,0
50,features.15,523,pruned_before,nan,0.000000e+00,0.000000e+00,0.0000,0.0000,0
50,features.15,524,pruned_before,nan,0.000000e+00,0.000000e+00,0.0000,0.0000,0
50,features.15,525,pruned_before,nan,0.000000e+00,0.000000e+00,0.0000,0.0000,0
50,features.15,526,pruned_before,nan,0.000000e+00,0.000000e+00,0.0000,0.0000,0
50,features.15,527,pruned_before,nan,0.000000e+00,0.000000e+00,0.0000,0.0000,0
50,features.15,528,pruned_before,nan,0.000000e+00,0.000000e+00,0.0000,0.0000,0
50,features.15,529,pruned_before,nan,0.000000e+00,0.000000e+00,0.0000,0.0000,0
50,features.15,530,pruned_before,nan,0.000000e+00,0.000000e+00,0.0000,0.0000,0
50,features.15,531,pruned_before,nan,0.000000e+00,0.000000e+00,0.0000,0.0000,0
50,features.15,532,pruned_before,nan,0.000000e+00,0.000000e+00,0.0000,0.0000,0
50,features.15,533,pruned_before,nan,0.000000e+00,0.000000e+00,0.0000,0.0000,0
50,features.15,534,pruned_before,nan,0.000000e+00,0.000000e+00,0.0000,0.0000,0
50,features.15,535,pruned_before,nan,0.000000e+00,0.000000e+00,0.0000,0.0000,0
50,features.15,536,pruned_before,nan,0.000000e+00,0.000000e+00,0.0000,0.0000,0
50,features.15,537,pruned_before,nan,0.000000e+00,0.000000e+00,0.0000,0.0000,0
50,features.15,538,pruned_before,nan,0.000000e+00,0.000000e+00,0.0000,0.0000,0
50,features.15,539,active,0.187321,5.492163e-07,3.388971e-05,0.5159,0.2655,329
50,features.15,540,pruned_before,nan,0.000000e+00,0.000000e+00,0.0000,0.0000,0
50,features.15,541,pruned_before,nan,0.000000e+00,0.000000e+00,0.0000,0.0000,0
50,features.15,542,pruned_before,nan,0.000000e+00,0.000000e+00,0.0000,0.0000,0
50,features.15,543,pruned_before,nan,0.000000e+00,0.000000e+00,0.0000,0.0000,0
50,features.15,544,pruned_before,nan,0.000000e+00,0.000000e+00,0.0000,0.0000,0
50,features.15,545,pruned_before,nan,0.000000e+00,0.000000e+00,0.0000,0.0000,0
50,features.15,546,pruned_before,nan,0.000000e+00,0.000000e+00,0.0000,0.0000,0
50,features.15,547,pruned_before,nan,0.000000e+00,0.000000e+00,0.0000,0.0000,0
50,features.15,548,active,0.011391,2.035605e-08,1.887013e-06,0.0191,0.0148,329
50,features.15,549,pruned_before,nan,0.000000e+00,0.000000e+00,0.0000,0.0000,0
50,features.15,550,pruned_before,nan,0.000000e+00,0.000000e+00,0.0000,0.0000,0
50,features.15,551,pruned_before,nan,0.000000e+00,0.000000e+00,0.0000,0.0000,0
50,features.15,552,pruned_before,nan,0.000000e+00,0.000000e+00,0.0000,0.0000,0
50,features.15,553,pruned_before,nan,0.000000e+00,0.000000e+00,0.0000,0.0000,0
50,features.15,554,pruned_before,nan,0.000000e+00,0.000000e+00,0.0000,0.0000,0
50,features.15,555,pruned_before,nan,0.000000e+00,0.000000e+00,0.0000,0.0000,0
50,features.15,556,pruned_before,nan,0.000000e+00,0.000000e+00,0.0000,0.0000,0
50,features.15,557,pruned_before,nan,0.000000e+00,0.000000e+00,0.0000,0.0000,0
50,features.15,558,pruned_before,nan,0.000000e+00,0.000000e+00,0.0000,0.0000,0
50,features.15,559,pruned_before,nan,0.000000e+00,0.000000e+00,0.0000,0.0000,0
50,features.15,560,pruned_before,nan,0.000000e+00,0.000000e+00,0.0000,0.0000,0
50,features.15,561,pruned_before,nan,0.000000e+00,0.000000e+00,0.0000,0.0000,0
50,features.15,562,pruned_before,nan,0.000000e+00,0.000000e+00,0.0000,0.0000,0
50,features.15,563,pruned_before,nan,0.000000e+00,0.000000e+00,0.0000,0.0000,0
50,features.15,564,pruned_before,nan,0.000000e+00,0.000000e+00,0.0000,0.0000,0
50,features.15,565,pruned_before,nan,0.000000e+00,0.000000e+00,0.0000,0.0000,0
50,features.15,566,pruned_before,nan,0.000000e+00,0.000000e+00,0.0000,0.0000,0
50,features.15,567,pruned_before,nan,0.000000e+00,0.000000e+00,0.0000,0.0000,0
50,features.15,568,pruned_before,nan,0.000000e+00,0.000000e+00,0.0000,0.0000,0
50,features.15,569,pruned_before,nan,0.000000e+00,0.000000e+00,0.0000,0.0000,0
50,features.15,570,pruned_before,nan,0.000000e+00,0.000000e+00,0.0000,0.0000,0
50,features.15,571,pruned_before,nan,0.000000e+00,0.000000e+00,0.0000,0.0000,0
50,features.15,572,pruned_before,nan,0.000000e+00,0.000000e+00,0.0000,0.0000,0
50,features.15,573,pruned_before,nan,0.000000e+00,0.000000e+00,0.0000,0.0000,0
50,features.15,574,pruned_before,nan,0.000000e+00,0.000000e+00,0.0000,0.0000,0
50,features.15,575,pruned_before,nan,0.000000e+00,0.000000e+00,0.0000,0.0000,0
50,features.15,576,pruned_before,nan,0.000000e+00,0.000000e+00,0.0000,0.0000,0
50,features.15,577,pruned_before,nan,0.000000e+00,0.000000e+00,0.0000,0.0000,0
50,features.15,578,pruned_before,nan,0.000000e+00,0.000000e+00,0.0000,0.0000,0
50,features.15,579,pruned_before,nan,0.000000e+00,0.000000e+00,0.0000,0.0000,0
50,features.15,580,pruned_before,nan,0.000000e+00,0.000000e+00,0.0000,0.0000,0
50,features.15,581,pruned_before,nan,0.000000e+00,0.000000e+00,0.0000,0.0000,0
50,features.15,582,pruned_before,nan,0.000000e+00,0.000000e+00,0.0000,0.0000,0
50,features.15,583,pruned_before,nan,0.000000e+00,0.000000e+00,0.0000,0.0000,0
50,features.15,584,pruned_before,nan,0.000000e+00,0.000000e+00,0.0000,0.0000,0
50,features.15,585,pruned_before,nan,0.000000e+00,0.000000e+00,0.0000,0.0000,0
50,features.15,586,pruned_before,nan,0.000000e+00,0.000000e+00,0.0000,0.0000,0
50,features.15,587,pruned_before,nan,0.000000e+00,0.000000e+00,0.0000,0.0000,0
50,features.15,588,pruned_before,nan,0.000000e+00,0.000000e+00,0.0000,0.0000,0
50,features.15,589,pruned_before,nan,0.000000e+00,0.000000e+00,0.0000,0.0000,0
50,features.15,590,pruned_before,nan,0.000000e+00,0.000000e+00,0.0000,0.0000,0
50,features.15,591,pruned_before,nan,0.000000e+00,0.000000e+00,0.0000,0.0000,0
50,features.15,592,pruned_before,nan,0.000000e+00,0.000000e+00,0.0000,0.0000,0
50,features.15,593,pruned_before,nan,0.000000e+00,0.000000e+00,0.0000,0.0000,0
50,features.15,594,pruned_before,nan,0.000000e+00,0.000000e+00,0.0000,0.0000,0
50,features.15,595,pruned_before,nan,0.000000e+00,0.000000e+00,0.0000,0.0000,0
50,features.15,596,pruned_before,nan,0.000000e+00,0.000000e+00,0.0000,0.0000,0
50,features.15,597,pruned_before,nan,0.000000e+00,0.000000e+00,0.0000,0.0000,0
50,features.15,598,pruned_before,nan,0.000000e+00,0.000000e+00,0.0000,0.0000,0
50,features.15,599,active,0.029199,6.656561e-08,5.028921e-06,0.0625,0.0394,329
50,features.15,600,pruned_before,nan,0.000000e+00,0.000000e+00,0.0000,0.0000,0
50,features.15,601,pruned_before,nan,0.000000e+00,0.000000e+00,0.0000,0.0000,0
50,features.15,602,pruned_before,nan,0.000000e+00,0.000000e+00,0.0000,0.0000,0
50,features.15,603,pruned_before,nan,0.000000e+00,0.000000e+00,0.0000,0.0000,0
50,features.15,604,active,0.055776,3.593031e-07,1.269933e-05,0.3375,0.0995,329
50,features.15,605,pruned_before,nan,0.000000e+00,0.000000e+00,0.0000,0.0000,0
50,features.15,606,pruned_before,nan,0.000000e+00,0.000000e+00,0.0000,0.0000,0
50,features.15,607,pruned_before,nan,0.000000e+00,0.000000e+00,0.0000,0.0000,0
50,features.15,608,active,0.031578,1.080150e-07,5.918644e-06,0.1015,0.0464,329
50,features.15,609,pruned_before,nan,0.000000e+00,0.000000e+00,0.0000,0.0000,0
50,features.15,610,pruned_before,nan,0.000000e+00,0.000000e+00,0.0000,0.0000,0
50,features.15,611,pruned_before,nan,0.000000e+00,0.000000e+00,0.0000,0.0000,0
50,features.15,612,pruned_before,nan,0.000000e+00,0.000000e+00,0.0000,0.0000,0
50,features.15,613,pruned_before,nan,0.000000e+00,0.000000e+00,0.0000,0.0000,0
50,features.15,614,pruned_before,nan,0.000000e+00,0.000000e+00,0.0000,0.0000,0
50,features.15,615,pruned_before,nan,0.000000e+00,0.000000e+00,0.0000,0.0000,0
50,features.15,616,pruned_before,nan,0.000000e+00,0.000000e+00,0.0000,0.0000,0
50,features.15,617,pruned_before,nan,0.000000e+00,0.000000e+00,0.0000,0.0000,0
50,features.15,618,pruned_before,nan,0.000000e+00,0.000000e+00,0.0000,0.0000,0
50,features.15,619,pruned_before,nan,0.000000e+00,0.000000e+00,0.0000,0.0000,0
50,features.15,620,pruned_before,nan,0.000000e+00,0.000000e+00,0.0000,0.0000,0
50,features.15,621,pruned_before,nan,0.000000e+00,0.000000e+00,0.0000,0.0000,0
50,features.15,622,pruned_before,nan,0.000000e+00,0.000000e+00,0.0000,0.0000,0
50,features.15,623,pruned_before,nan,0.000000e+00,0.000000e+00,0.0000,0.0000,0
50,features.15,624,pruned_before,nan,0.000000e+00,0.000000e+00,0.0000,0.0000,0
50,features.15,625,pruned_before,nan,0.000000e+00,0.000000e+00,0.0000,0.0000,0
50,features.15,626,pruned_before,nan,0.000000e+00,0.000000e+00,0.0000,0.0000,0
50,features.15,627,pruned_before,nan,0.000000e+00,0.000000e+00,0.0000,0.0000,0
50,features.15,628,pruned_before,nan,0.000000e+00,0.000000e+00,0.0000,0.0000,0
50,features.15,629,pruned_before,nan,0.000000e+00,0.000000e+00,0.0000,0.0000,0
50,features.15,630,pruned_before,nan,0.000000e+00,0.000000e+00,0.0000,0.0000,0
50,features.15,631,pruned_before,nan,0.000000e+00,0.000000e+00,0.0000,0.0000,0
50,features.15,632,pruned_before,nan,0.000000e+00,0.000000e+00,0.0000,0.0000,0
50,features.15,633,pruned_before,nan,0.000000e+00,0.000000e+00,0.0000,0.0000,0
50,features.15,634,pruned_before,nan,0.000000e+00,0.000000e+00,0.0000,0.0000,0
50,features.15,635,active,0.061047,2.551595e-07,1.205944e-05,0.2397,0.0945,329
50,features.15,636,pruned_before,nan,0.000000e+00,0.000000e+00,0.0000,0.0000,0
50,features.15,637,pruned_before,nan,0.000000e+00,0.000000e+00,0.0000,0.0000,0
50,features.15,638,pruned_before,nan,0.000000e+00,0.000000e+00,0.0000,0.0000,0
50,features.15,639,pruned_before,nan,0.000000e+00,0.000000e+00,0.0000,0.0000,0
50,features.15,640,pruned_before,nan,0.000000e+00,0.000000e+00,0.0000,0.0000,0
50,features.15,641,pruned_before,nan,0.000000e+00,0.000000e+00,0.0000,0.0000,0
50,features.15,642,pruned_before,nan,0.000000e+00,0.000000e+00,0.0000,0.0000,0
50,features.15,643,pruned_before,nan,0.000000e+00,0.000000e+00,0.0000,0.0000,0
50,features.15,644,pruned_before,nan,0.000000e+00,0.000000e+00,0.0000,0.0000,0
50,features.15,645,pruned_before,nan,0.000000e+00,0.000000e+00,0.0000,0.0000,0
50,features.15,646,pruned_before,nan,0.000000e+00,0.000000e+00,0.0000,0.0000,0
50,features.15,647,pruned_before,nan,0.000000e+00,0.000000e+00,0.0000,0.0000,0
50,features.15,648,pruned_before,nan,0.000000e+00,0.000000e+00,0.0000,0.0000,0
50,features.15,649,pruned_before,nan,0.000000e+00,0.000000e+00,0.0000,0.0000,0
50,features.15,650,pruned_before,nan,0.000000e+00,0.000000e+00,0.0000,0.0000,0
50,features.15,651,pruned_before,nan,0.000000e+00,0.000000e+00,0.0000,0.0000,0
50,features.15,652,pruned_before,nan,0.000000e+00,0.000000e+00,0.0000,0.0000,0
50,features.15,653,pruned_before,nan,0.000000e+00,0.000000e+00,0.0000,0.0000,0
50,features.15,654,pruned_before,nan,0.000000e+00,0.000000e+00,0.0000,0.0000,0
50,features.15,655,pruned_before,nan,0.000000e+00,0.000000e+00,0.0000,0.0000,0
50,features.15,656,pruned_before,nan,0.000000e+00,0.000000e+00,0.0000,0.0000,0
50,features.15,657,pruned_before,nan,0.000000e+00,0.000000e+00,0.0000,0.0000,0
50,features.15,658,pruned_before,nan,0.000000e+00,0.000000e+00,0.0000,0.0000,0
50,features.15,659,pruned_before,nan,0.000000e+00,0.000000e+00,0.0000,0.0000,0
50,features.15,660,pruned_before,nan,0.000000e+00,0.000000e+00,0.0000,0.0000,0
50,features.15,661,pruned_before,nan,0.000000e+00,0.000000e+00,0.0000,0.0000,0
50,features.15,662,pruned_before,nan,0.000000e+00,0.000000e+00,0.0000,0.0000,0
50,features.15,663,pruned_before,nan,0.000000e+00,0.000000e+00,0.0000,0.0000,0
50,features.15,664,pruned_before,nan,0.000000e+00,0.000000e+00,0.0000,0.0000,0
50,features.15,665,pruned_before,nan,0.000000e+00,0.000000e+00,0.0000,0.0000,0
50,features.15,666,pruned_before,nan,0.000000e+00,0.000000e+00,0.0000,0.0000,0
50,features.15,667,pruned_before,nan,0.000000e+00,0.000000e+00,0.0000,0.0000,0
50,features.15,668,pruned_before,nan,0.000000e+00,0.000000e+00,0.0000,0.0000,0
50,features.15,669,pruned_before,nan,0.000000e+00,0.000000e+00,0.0000,0.0000,0
50,features.15,670,pruned_before,nan,0.000000e+00,0.000000e+00,0.0000,0.0000,0
50,features.15,671,active,0.043968,2.392240e-07,9.424459e-06,0.2247,0.0738,329
50,features.15,672,pruned_before,nan,0.000000e+00,0.000000e+00,0.0000,0.0000,0
50,features.15,673,pruned_before,nan,0.000000e+00,0.000000e+00,0.0000,0.0000,0
50,features.15,674,pruned_before,nan,0.000000e+00,0.000000e+00,0.0000,0.0000,0
50,features.15,675,pruned_before,nan,0.000000e+00,0.000000e+00,0.0000,0.0000,0
50,features.15,676,pruned_before,nan,0.000000e+00,0.000000e+00,0.0000,0.0000,0
50,features.15,677,pruned_before,nan,0.000000e+00,0.000000e+00,0.0000,0.0000,0
50,features.15,678,pruned_before,nan,0.000000e+00,0.000000e+00,0.0000,0.0000,0
50,features.15,679,pruned_before,nan,0.000000e+00,0.000000e+00,0.0000,0.0000,0
50,features.15,680,pruned_before,nan,0.000000e+00,0.000000e+00,0.0000,0.0000,0
50,features.15,681,active,0.115221,2.917195e-07,2.023116e-05,0.2740,0.1585,329
50,features.15,682,pruned_before,nan,0.000000e+00,0.000000e+00,0.0000,0.0000,0
50,features.15,683,active,0.043273,7.906893e-08,7.191906e-06,0.0743,0.0563,329
50,features.15,684,pruned_before,nan,0.000000e+00,0.000000e+00,0.0000,0.0000,0
50,features.15,685,pruned_before,nan,0.000000e+00,0.000000e+00,0.0000,0.0000,0
50,features.15,686,pruned_before,nan,0.000000e+00,0.000000e+00,0.0000,0.0000,0
50,features.15,687,pruned_before,nan,0.000000e+00,0.000000e+00,0.0000,0.0000,0
50,features.15,688,pruned_before,nan,0.000000e+00,0.000000e+00,0.0000,0.0000,0
50,features.15,689,pruned_before,nan,0.000000e+00,0.000000e+00,0.0000,0.0000,0
50,features.15,690,pruned_before,nan,0.000000e+00,0.000000e+00,0.0000,0.0000,0
50,features.15,691,pruned_before,nan,0.000000e+00,0.000000e+00,0.0000,0.0000,0
50,features.15,692,pruned_before,nan,0.000000e+00,0.000000e+00,0.0000,0.0000,0
50,features.15,693,pruned_before,nan,0.000000e+00,0.000000e+00,0.0000,0.0000,0
50,features.15,694,pruned_before,nan,0.000000e+00,0.000000e+00,0.0000,0.0000,0
50,features.15,695,pruned_before,nan,0.000000e+00,0.000000e+00,0.0000,0.0000,0
50,features.15,696,active,0.095340,2.091422e-07,1.631078e-05,0.1965,0.1278,329
50,features.15,697,pruned_before,nan,0.000000e+00,0.000000e+00,0.0000,0.0000,0
50,features.15,698,pruned_before,nan,0.000000e+00,0.000000e+00,0.0000,0.0000,0
50,features.15,699,pruned_before,nan,0.000000e+00,0.000000e+00,0.0000,0.0000,0
50,features.15,700,active,0.211333,1.704990e-07,3.224949e-05,0.1602,0.2526,329
50,features.15,701,pruned_before,nan,0.000000e+00,0.000000e+00,0.0000,0.0000,0
50,features.15,702,pruned_before,nan,0.000000e+00,0.000000e+00,0.0000,0.0000,0
50,features.15,703,pruned_before,nan,0.000000e+00,0.000000e+00,0.0000,0.0000,0
50,features.15,704,pruned_before,nan,0.000000e+00,0.000000e+00,0.0000,0.0000,0
50,features.15,705,pruned_before,nan,0.000000e+00,0.000000e+00,0.0000,0.0000,0
50,features.15,706,pruned_before,nan,0.000000e+00,0.000000e+00,0.0000,0.0000,0
50,features.15,707,pruned_before,nan,0.000000e+00,0.000000e+00,0.0000,0.0000,0
50,features.15,708,pruned_before,nan,0.000000e+00,0.000000e+00,0.0000,0.0000,0
50,features.15,709,pruned_before,nan,0.000000e+00,0.000000e+00,0.0000,0.0000,0
50,features.15,710,pruned_before,nan,0.000000e+00,0.000000e+00,0.0000,0.0000,0
50,features.15,711,pruned_before,nan,0.000000e+00,0.000000e+00,0.0000,0.0000,0
50,features.15,712,active,0.019368,8.028540e-08,3.817124e-06,0.0754,0.0299,329
50,features.15,713,pruned_before,nan,0.000000e+00,0.000000e+00,0.0000,0.0000,0
50,features.15,714,pruned_before,nan,0.000000e+00,0.000000e+00,0.0000,0.0000,0
50,features.15,715,pruned_before,nan,0.000000e+00,0.000000e+00,0.0000,0.0000,0
50,features.15,716,pruned_before,nan,0.000000e+00,0.000000e+00,0.0000,0.0000,0
50,features.15,717,pruned_before,nan,0.000000e+00,0.000000e+00,0.0000,0.0000,0
50,features.15,718,active,0.178247,1.077690e-07,2.672047e-05,0.1012,0.2093,329
50,features.15,719,pruned_before,nan,0.000000e+00,0.000000e+00,0.0000,0.0000,0
50,features.15,720,pruned_before,nan,0.000000e+00,0.000000e+00,0.0000,0.0000,0
50,features.15,721,pruned_before,nan,0.000000e+00,0.000000e+00,0.0000,0.0000,0
50,features.15,722,pruned_before,nan,0.000000e+00,0.000000e+00,0.0000,0.0000,0
50,features.15,723,pruned_before,nan,0.000000e+00,0.000000e+00,0.0000,0.0000,0
50,features.15,724,pruned_before,nan,0.000000e+00,0.000000e+00,0.0000,0.0000,0
50,features.15,725,pruned_before,nan,0.000000e+00,0.000000e+00,0.0000,0.0000,0
50,features.15,726,pruned_before,nan,0.000000e+00,0.000000e+00,0.0000,0.0000,0
50,features.15,727,pruned_before,nan,0.000000e+00,0.000000e+00,0.0000,0.0000,0
50,features.15,728,pruned_before,nan,0.000000e+00,0.000000e+00,0.0000,0.0000,0
50,features.15,729,pruned_before,nan,0.000000e+00,0.000000e+00,0.0000,0.0000,0
50,features.15,730,pruned_before,nan,0.000000e+00,0.000000e+00,0.0000,0.0000,0
50,features.15,731,pruned_before,nan,0.000000e+00,0.000000e+00,0.0000,0.0000,0
50,features.15,732,pruned_before,nan,0.000000e+00,0.000000e+00,0.0000,0.0000,0
50,features.15,733,pruned_before,nan,0.000000e+00,0.000000e+00,0.0000,0.0000,0
50,features.15,734,pruned_before,nan,0.000000e+00,0.000000e+00,0.0000,0.0000,0
50,features.15,735,pruned_before,nan,0.000000e+00,0.000000e+00,0.0000,0.0000,0
50,features.15,736,pruned_before,nan,0.000000e+00,0.000000e+00,0.0000,0.0000,0
50,features.15,737,pruned_before,nan,0.000000e+00,0.000000e+00,0.0000,0.0000,0
50,features.15,738,active,0.021037,5.188918e-08,3.675452e-06,0.0487,0.0288,329
50,features.15,739,active,0.748669,9.058397e-08,1.074062e-04,0.0851,0.8413,329
50,features.15,740,active,0.052228,6.706099e-08,8.302111e-06,0.0630,0.0650,329
50,features.15,741,pruned_before,nan,0.000000e+00,0.000000e+00,0.0000,0.0000,0
50,features.15,742,pruned_before,nan,0.000000e+00,0.000000e+00,0.0000,0.0000,0
50,features.15,743,pruned_before,nan,0.000000e+00,0.000000e+00,0.0000,0.0000,0
50,features.15,744,active,0.129085,1.078307e-07,1.974764e-05,0.1013,0.1547,329
50,features.15,745,pruned_before,nan,0.000000e+00,0.000000e+00,0.0000,0.0000,0
50,features.15,746,pruned_before,nan,0.000000e+00,0.000000e+00,0.0000,0.0000,0
50,features.15,747,pruned_before,nan,0.000000e+00,0.000000e+00,0.0000,0.0000,0
50,features.15,748,pruned_before,nan,0.000000e+00,0.000000e+00,0.0000,0.0000,0
50,features.15,749,pruned_before,nan,0.000000e+00,0.000000e+00,0.0000,0.0000,0
50,features.15,750,pruned_before,nan,0.000000e+00,0.000000e+00,0.0000,0.0000,0
50,features.15,751,pruned_before,nan,0.000000e+00,0.000000e+00,0.0000,0.0000,0
50,features.15,752,pruned_before,nan,0.000000e+00,0.000000e+00,0.0000,0.0000,0
50,features.15,753,pruned_before,nan,0.000000e+00,0.000000e+00,0.0000,0.0000,0
50,features.15,754,pruned_before,nan,0.000000e+00,0.000000e+00,0.0000,0.0000,0
50,features.15,755,pruned_before,nan,0.000000e+00,0.000000e+00,0.0000,0.0000,0
50,features.15,756,pruned_before,nan,0.000000e+00,0.000000e+00,0.0000,0.0000,0
50,features.15,757,protected,0.860080,4.249861e-07,1.276657e-04,0.3992,1.0000,329
50,features.15,758,pruned_before,nan,0.000000e+00,0.000000e+00,0.0000,0.0000,0
50,features.15,759,pruned_before,nan,0.000000e+00,0.000000e+00,0.0000,0.0000,0
50,features.15,760,pruned_before,nan,0.000000e+00,0.000000e+00,0.0000,0.0000,0
50,features.15,761,pruned_before,nan,0.000000e+00,0.000000e+00,0.0000,0.0000,0
50,features.15,762,active,0.043473,1.101356e-07,7.634231e-06,0.1035,0.0598,329
50,features.15,763,active,0.013241,1.542354e-07,3.933375e-06,0.1449,0.0308,329
50,features.15,764,pruned_before,nan,0.000000e+00,0.000000e+00,0.0000,0.0000,0
50,features.15,765,pruned_before,nan,0.000000e+00,0.000000e+00,0.0000,0.0000,0
50,features.15,766,pruned_before,nan,0.000000e+00,0.000000e+00,0.0000,0.0000,0
50,features.15,767,pruned_before,nan,0.000000e+00,0.000000e+00,0.0000,0.0000,0
50,features.15,768,pruned_before,nan,0.000000e+00,0.000000e+00,0.0000,0.0000,0
50,features.15,769,pruned_before,nan,0.000000e+00,0.000000e+00,0.0000,0.0000,0
50,features.15,770,pruned_before,nan,0.000000e+00,0.000000e+00,0.0000,0.0000,0
50,features.15,771,active,0.160439,6.079367e-08,2.356845e-05,0.0571,0.1846,329
50,features.15,772,pruned_before,nan,0.000000e+00,0.000000e+00,0.0000,0.0000,0
50,features.15,773,pruned_before,nan,0.000000e+00,0.000000e+00,0.0000,0.0000,0
50,features.15,774,pruned_before,nan,0.000000e+00,0.000000e+00,0.0000,0.0000,0
50,features.15,775,pruned_before,nan,0.000000e+00,0.000000e+00,0.0000,0.0000,0
50,features.15,776,pruned_before,nan,0.000000e+00,0.000000e+00,0.0000,0.0000,0
50,features.15,777,pruned_before,nan,0.000000e+00,0.000000e+00,0.0000,0.0000,0
50,features.15,778,pruned_before,nan,0.000000e+00,0.000000e+00,0.0000,0.0000,0
50,features.15,779,pruned_before,nan,0.000000e+00,0.000000e+00,0.0000,0.0000,0
50,features.15,780,active,0.101440,7.310741e-08,1.536347e-05,0.0687,0.1203,329
50,features.15,781,pruned_before,nan,0.000000e+00,0.000000e+00,0.0000,0.0000,0
50,features.15,782,pruned_before,nan,0.000000e+00,0.000000e+00,0.0000,0.0000,0
50,features.15,783,pruned_before,nan,0.000000e+00,0.000000e+00,0.0000,0.0000,0
50,features.15,784,pruned_before,nan,0.000000e+00,0.000000e+00,0.0000,0.0000,0
50,features.15,785,pruned_before,nan,0.000000e+00,0.000000e+00,0.0000,0.0000,0
50,features.15,786,pruned_before,nan,0.000000e+00,0.000000e+00,0.0000,0.0000,0
50,features.15,787,pruned_before,nan,0.000000e+00,0.000000e+00,0.0000,0.0000,0
50,features.15,788,pruned_before,nan,0.000000e+00,0.000000e+00,0.0000,0.0000,0
50,features.15,789,pruned_before,nan,0.000000e+00,0.000000e+00,0.0000,0.0000,0
50,features.15,790,pruned_before,nan,0.000000e+00,0.000000e+00,0.0000,0.0000,0
50,features.15,791,pruned_before,nan,0.000000e+00,0.000000e+00,0.0000,0.0000,0
50,features.15,792,pruned_before,nan,0.000000e+00,0.000000e+00,0.0000,0.0000,0
50,features.15,793,pruned_before,nan,0.000000e+00,0.000000e+00,0.0000,0.0000,0
50,features.15,794,pruned_before,nan,0.000000e+00,0.000000e+00,0.0000,0.0000,0
50,features.15,795,pruned_before,nan,0.000000e+00,0.000000e+00,0.0000,0.0000,0
50,features.15,796,pruned_before,nan,0.000000e+00,0.000000e+00,0.0000,0.0000,0
50,features.15,797,pruned_before,nan,0.000000e+00,0.000000e+00,0.0000,0.0000,0
50,features.15,798,pruned_before,nan,0.000000e+00,0.000000e+00,0.0000,0.0000,0
50,features.15,799,pruned_before,nan,0.000000e+00,0.000000e+00,0.0000,0.0000,0
50,features.15,800,pruned_before,nan,0.000000e+00,0.000000e+00,0.0000,0.0000,0
50,features.15,801,pruned_before,nan,0.000000e+00,0.000000e+00,0.0000,0.0000,0
50,features.15,802,pruned_before,nan,0.000000e+00,0.000000e+00,0.0000,0.0000,0
50,features.15,803,pruned_before,nan,0.000000e+00,0.000000e+00,0.0000,0.0000,0
50,features.15,804,active,0.071480,1.437640e-07,1.205509e-05,0.1350,0.0944,329
50,features.15,805,pruned_before,nan,0.000000e+00,0.000000e+00,0.0000,0.0000,0
50,features.15,806,active,0.049141,9.305410e-08,8.210542e-06,0.0874,0.0643,329
50,features.15,807,pruned_before,nan,0.000000e+00,0.000000e+00,0.0000,0.0000,0
50,features.15,808,pruned_before,nan,0.000000e+00,0.000000e+00,0.0000,0.0000,0
50,features.15,809,pruned_before,nan,0.000000e+00,0.000000e+00,0.0000,0.0000,0
50,features.15,810,pruned_before,nan,0.000000e+00,0.000000e+00,0.0000,0.0000,0
50,features.15,811,pruned_before,nan,0.000000e+00,0.000000e+00,0.0000,0.0000,0
50,features.15,812,pruned_before,nan,0.000000e+00,0.000000e+00,0.0000,0.0000,0
50,features.15,813,pruned_before,nan,0.000000e+00,0.000000e+00,0.0000,0.0000,0
50,features.15,814,pruned_before,nan,0.000000e+00,0.000000e+00,0.0000,0.0000,0
50,features.15,815,pruned_before,nan,0.000000e+00,0.000000e+00,0.0000,0.0000,0
50,features.15,816,active,0.025011,1.534347e-07,5.592206e-06,0.1441,0.0438,329
50,features.15,817,pruned_before,nan,0.000000e+00,0.000000e+00,0.0000,0.0000,0
50,features.15,818,pruned_before,nan,0.000000e+00,0.000000e+00,0.0000,0.0000,0
50,features.15,819,pruned_before,nan,0.000000e+00,0.000000e+00,0.0000,0.0000,0
50,features.15,820,pruned_before,nan,0.000000e+00,0.000000e+00,0.0000,0.0000,0
50,features.15,821,pruned_before,nan,0.000000e+00,0.000000e+00,0.0000,0.0000,0
50,features.15,822,pruned_before,nan,0.000000e+00,0.000000e+00,0.0000,0.0000,0
50,features.15,823,pruned_before,nan,0.000000e+00,0.000000e+00,0.0000,0.0000,0
50,features.15,824,pruned_before,nan,0.000000e+00,0.000000e+00,0.0000,0.0000,0
50,features.15,825,pruned_before,nan,0.000000e+00,0.000000e+00,0.0000,0.0000,0
50,features.15,826,pruned_before,nan,0.000000e+00,0.000000e+00,0.0000,0.0000,0
50,features.15,827,pruned_before,nan,0.000000e+00,0.000000e+00,0.0000,0.0000,0
50,features.15,828,active,0.081916,1.683200e-07,1.386261e-05,0.1581,0.1086,329
50,features.15,829,pruned_before,nan,0.000000e+00,0.000000e+00,0.0000,0.0000,0
50,features.15,830,pruned_before,nan,0.000000e+00,0.000000e+00,0.0000,0.0000,0
50,features.15,831,pruned_before,nan,0.000000e+00,0.000000e+00,0.0000,0.0000,0
50,features.15,832,pruned_before,nan,0.000000e+00,0.000000e+00,0.0000,0.0000,0
50,features.15,833,pruned_before,nan,0.000000e+00,0.000000e+00,0.0000,0.0000,0
50,features.15,834,pruned_before,nan,0.000000e+00,0.000000e+00,0.0000,0.0000,0
50,features.15,835,pruned_before,nan,0.000000e+00,0.000000e+00,0.0000,0.0000,0
50,features.15,836,pruned_before,nan,0.000000e+00,0.000000e+00,0.0000,0.0000,0
50,features.15,837,pruned_before,nan,0.000000e+00,0.000000e+00,0.0000,0.0000,0
50,features.15,838,pruned_before,nan,0.000000e+00,0.000000e+00,0.0000,0.0000,0
50,features.15,839,pruned_before,nan,0.000000e+00,0.000000e+00,0.0000,0.0000,0
50,features.15,840,pruned_before,nan,0.000000e+00,0.000000e+00,0.0000,0.0000,0
50,features.15,841,pruned_before,nan,0.000000e+00,0.000000e+00,0.0000,0.0000,0
50,features.15,842,active,0.057286,2.116561e-07,1.094622e-05,0.1988,0.0857,329
50,features.15,843,pruned_before,nan,0.000000e+00,0.000000e+00,0.0000,0.0000,0
50,features.15,844,pruned_before,nan,0.000000e+00,0.000000e+00,0.0000,0.0000,0
50,features.15,845,pruned_before,nan,0.000000e+00,0.000000e+00,0.0000,0.0000,0
50,features.15,846,pruned_before,nan,0.000000e+00,0.000000e+00,0.0000,0.0000,0
50,features.15,847,pruned_before,nan,0.000000e+00,0.000000e+00,0.0000,0.0000,0
50,features.15,848,pruned_before,nan,0.000000e+00,0.000000e+00,0.0000,0.0000,0
50,features.15,849,pruned_before,nan,0.000000e+00,0.000000e+00,0.0000,0.0000,0
50,features.15,850,pruned_before,nan,0.000000e+00,0.000000e+00,0.0000,0.0000,0
50,features.15,851,pruned_before,nan,0.000000e+00,0.000000e+00,0.0000,0.0000,0
50,features.15,852,pruned_before,nan,0.000000e+00,0.000000e+00,0.0000,0.0000,0
50,features.15,853,pruned_before,nan,0.000000e+00,0.000000e+00,0.0000,0.0000,0
50,features.15,854,pruned_before,nan,0.000000e+00,0.000000e+00,0.0000,0.0000,0
50,features.15,855,pruned_before,nan,0.000000e+00,0.000000e+00,0.0000,0.0000,0
50,features.15,856,pruned_before,nan,0.000000e+00,0.000000e+00,0.0000,0.0000,0
50,features.15,857,pruned_before,nan,0.000000e+00,0.000000e+00,0.0000,0.0000,0
50,features.15,858,active,0.054082,4.356392e-07,1.347624e-05,0.4092,0.1056,329
50,features.15,859,pruned_before,nan,0.000000e+00,0.000000e+00,0.0000,0.0000,0
50,features.15,860,pruned_before,nan,0.000000e+00,0.000000e+00,0.0000,0.0000,0
50,features.15,861,pruned_before,nan,0.000000e+00,0.000000e+00,0.0000,0.0000,0
50,features.15,862,pruned_before,nan,0.000000e+00,0.000000e+00,0.0000,0.0000,0
50,features.15,863,pruned_before,nan,0.000000e+00,0.000000e+00,0.0000,0.0000,0
50,features.15,864,pruned_before,nan,0.000000e+00,0.000000e+00,0.0000,0.0000,0
50,features.15,865,pruned_before,nan,0.000000e+00,0.000000e+00,0.0000,0.0000,0
50,features.15,866,pruned_before,nan,0.000000e+00,0.000000e+00,0.0000,0.0000,0
50,features.15,867,pruned_before,nan,0.000000e+00,0.000000e+00,0.0000,0.0000,0
50,features.15,868,pruned_before,nan,0.000000e+00,0.000000e+00,0.0000,0.0000,0
50,features.15,869,pruned_before,nan,0.000000e+00,0.000000e+00,0.0000,0.0000,0
50,features.15,870,pruned_before,nan,0.000000e+00,0.000000e+00,0.0000,0.0000,0
50,features.15,871,pruned_before,nan,0.000000e+00,0.000000e+00,0.0000,0.0000,0
50,features.15,872,pruned_before,nan,0.000000e+00,0.000000e+00,0.0000,0.0000,0
50,features.15,873,pruned_before,nan,0.000000e+00,0.000000e+00,0.0000,0.0000,0
50,features.15,874,pruned_before,nan,0.000000e+00,0.000000e+00,0.0000,0.0000,0
50,features.15,875,pruned_before,nan,0.000000e+00,0.000000e+00,0.0000,0.0000,0
50,features.15,876,pruned_before,nan,0.000000e+00,0.000000e+00,0.0000,0.0000,0
50,features.15,877,active,0.044645,1.601368e-07,8.466631e-06,0.1504,0.0663,329
50,features.15,878,pruned_before,nan,0.000000e+00,0.000000e+00,0.0000,0.0000,0
50,features.15,879,pruned_before,nan,0.000000e+00,0.000000e+00,0.0000,0.0000,0
50,features.15,880,pruned_before,nan,0.000000e+00,0.000000e+00,0.0000,0.0000,0
50,features.15,881,pruned_before,nan,0.000000e+00,0.000000e+00,0.0000,0.0000,0
50,features.15,882,pruned_before,nan,0.000000e+00,0.000000e+00,0.0000,0.0000,0
50,features.15,883,pruned_before,nan,0.000000e+00,0.000000e+00,0.0000,0.0000,0
50,features.15,884,pruned_before,nan,0.000000e+00,0.000000e+00,0.0000,0.0000,0
50,features.15,885,pruned_before,nan,0.000000e+00,0.000000e+00,0.0000,0.0000,0
50,features.15,886,pruned_before,nan,0.000000e+00,0.000000e+00,0.0000,0.0000,0
50,features.15,887,pruned_before,nan,0.000000e+00,0.000000e+00,0.0000,0.0000,0
50,features.15,888,pruned_before,nan,0.000000e+00,0.000000e+00,0.0000,0.0000,0
50,features.15,889,active,0.207840,1.135225e-07,3.099484e-05,0.1066,0.2428,329
50,features.15,890,pruned_before,nan,0.000000e+00,0.000000e+00,0.0000,0.0000,0
50,features.15,891,pruned_before,nan,0.000000e+00,0.000000e+00,0.0000,0.0000,0
50,features.15,892,pruned_before,nan,0.000000e+00,0.000000e+00,0.0000,0.0000,0
50,features.15,893,pruned_before,nan,0.000000e+00,0.000000e+00,0.0000,0.0000,0
50,features.15,894,pruned_before,nan,0.000000e+00,0.000000e+00,0.0000,0.0000,0
50,features.15,895,pruned_before,nan,0.000000e+00,0.000000e+00,0.0000,0.0000,0
50,features.15,896,pruned_before,nan,0.000000e+00,0.000000e+00,0.0000,0.0000,0
50,features.15,897,pruned_before,nan,0.000000e+00,0.000000e+00,0.0000,0.0000,0
50,features.15,898,pruned_before,nan,0.000000e+00,0.000000e+00,0.0000,0.0000,0
50,features.15,899,pruned_before,nan,0.000000e+00,0.000000e+00,0.0000,0.0000,0
50,features.15,900,active,0.025191,1.585855e-07,5.686369e-06,0.1490,0.0445,329
50,features.15,901,active,0.093186,1.041889e-07,1.460682e-05,0.0979,0.1144,329
50,features.15,902,pruned_before,nan,0.000000e+00,0.000000e+00,0.0000,0.0000,0
50,features.15,903,pruned_before,nan,0.000000e+00,0.000000e+00,0.0000,0.0000,0
50,features.15,904,pruned_before,nan,0.000000e+00,0.000000e+00,0.0000,0.0000,0
50,features.15,905,pruned_before,nan,0.000000e+00,0.000000e+00,0.0000,0.0000,0
50,features.15,906,pruned_before,nan,0.000000e+00,0.000000e+00,0.0000,0.0000,0
50,features.15,907,pruned_before,nan,0.000000e+00,0.000000e+00,0.0000,0.0000,0
50,features.15,908,pruned_before,nan,0.000000e+00,0.000000e+00,0.0000,0.0000,0
50,features.15,909,pruned_before,nan,0.000000e+00,0.000000e+00,0.0000,0.0000,0
50,features.15,910,pruned_before,nan,0.000000e+00,0.000000e+00,0.0000,0.0000,0
50,features.15,911,pruned_before,nan,0.000000e+00,0.000000e+00,0.0000,0.0000,0
50,features.15,912,pruned_before,nan,0.000000e+00,0.000000e+00,0.0000,0.0000,0
50,features.15,913,pruned_before,nan,0.000000e+00,0.000000e+00,0.0000,0.0000,0
50,features.15,914,pruned_before,nan,0.000000e+00,0.000000e+00,0.0000,0.0000,0
50,features.15,915,pruned_before,nan,0.000000e+00,0.000000e+00,0.0000,0.0000,0
50,features.15,916,pruned_before,nan,0.000000e+00,0.000000e+00,0.0000,0.0000,0
50,features.15,917,pruned_before,nan,0.000000e+00,0.000000e+00,0.0000,0.0000,0
50,features.15,918,pruned_before,nan,0.000000e+00,0.000000e+00,0.0000,0.0000,0
50,features.15,919,pruned_before,nan,0.000000e+00,0.000000e+00,0.0000,0.0000,0
50,features.15,920,pruned_before,nan,0.000000e+00,0.000000e+00,0.0000,0.0000,0
50,features.15,921,pruned_before,nan,0.000000e+00,0.000000e+00,0.0000,0.0000,0
50,features.15,922,pruned_before,nan,0.000000e+00,0.000000e+00,0.0000,0.0000,0
50,features.15,923,pruned_before,nan,0.000000e+00,0.000000e+00,0.0000,0.0000,0
50,features.15,924,pruned_before,nan,0.000000e+00,0.000000e+00,0.0000,0.0000,0
50,features.15,925,pruned_before,nan,0.000000e+00,0.000000e+00,0.0000,0.0000,0
50,features.15,926,pruned_before,nan,0.000000e+00,0.000000e+00,0.0000,0.0000,0
50,features.15,927,pruned_before,nan,0.000000e+00,0.000000e+00,0.0000,0.0000,0
50,features.15,928,pruned_before,nan,0.000000e+00,0.000000e+00,0.0000,0.0000,0
50,features.15,929,pruned_before,nan,0.000000e+00,0.000000e+00,0.0000,0.0000,0
50,features.15,930,pruned_before,nan,0.000000e+00,0.000000e+00,0.0000,0.0000,0
50,features.15,931,pruned_before,nan,0.000000e+00,0.000000e+00,0.0000,0.0000,0
50,features.15,932,active,0.183673,2.329553e-07,2.915815e-05,0.2188,0.2284,329
50,features.15,933,pruned_before,nan,0.000000e+00,0.000000e+00,0.0000,0.0000,0
50,features.15,934,pruned_before,nan,0.000000e+00,0.000000e+00,0.0000,0.0000,0
50,features.15,935,pruned_before,nan,0.000000e+00,0.000000e+00,0.0000,0.0000,0
50,features.15,936,pruned_before,nan,0.000000e+00,0.000000e+00,0.0000,0.0000,0
50,features.15,937,pruned_before,nan,0.000000e+00,0.000000e+00,0.0000,0.0000,0
50,features.15,938,pruned_before,nan,0.000000e+00,0.000000e+00,0.0000,0.0000,0
50,features.15,939,active,0.311798,9.308916e-08,4.546910e-05,0.0874,0.3562,329
50,features.15,940,pruned_before,nan,0.000000e+00,0.000000e+00,0.0000,0.0000,0
50,features.15,941,pruned_before,nan,0.000000e+00,0.000000e+00,0.0000,0.0000,0
50,features.15,942,pruned_before,nan,0.000000e+00,0.000000e+00,0.0000,0.0000,0
50,features.15,943,pruned_before,nan,0.000000e+00,0.000000e+00,0.0000,0.0000,0
50,features.15,944,pruned_before,nan,0.000000e+00,0.000000e+00,0.0000,0.0000,0
50,features.15,945,pruned_before,nan,0.000000e+00,0.000000e+00,0.0000,0.0000,0
50,features.15,946,pruned_before,nan,0.000000e+00,0.000000e+00,0.0000,0.0000,0
50,features.15,947,active,0.007793,1.621759e-07,3.266314e-06,0.1523,0.0256,329
50,features.15,948,pruned_before,nan,0.000000e+00,0.000000e+00,0.0000,0.0000,0
50,features.15,949,pruned_before,nan,0.000000e+00,0.000000e+00,0.0000,0.0000,0
50,features.15,950,pruned_before,nan,0.000000e+00,0.000000e+00,0.0000,0.0000,0
50,features.15,951,pruned_before,nan,0.000000e+00,0.000000e+00,0.0000,0.0000,0
50,features.15,952,pruned_before,nan,0.000000e+00,0.000000e+00,0.0000,0.0000,0
50,features.15,953,pruned_before,nan,0.000000e+00,0.000000e+00,0.0000,0.0000,0
50,features.15,954,pruned_before,nan,0.000000e+00,0.000000e+00,0.0000,0.0000,0
50,features.15,955,pruned_before,nan,0.000000e+00,0.000000e+00,0.0000,0.0000,0
50,features.15,956,pruned_before,nan,0.000000e+00,0.000000e+00,0.0000,0.0000,0
50,features.15,957,pruned_before,nan,0.000000e+00,0.000000e+00,0.0000,0.0000,0
50,features.15,958,pruned_before,nan,0.000000e+00,0.000000e+00,0.0000,0.0000,0
50,features.15,959,pruned_before,nan,0.000000e+00,0.000000e+00,0.0000,0.0000,0
50,features.16,0,pruned_before,nan,0.000000e+00,0.000000e+00,0.0000,0.0000,0
50,features.16,1,pruned_before,nan,0.000000e+00,0.000000e+00,0.0000,0.0000,0
50,features.16,2,pruned_now,-0.003073,1.951533e-07,2.499795e-06,0.0757,0.0050,329
50,features.16,3,pruned_before,nan,0.000000e+00,0.000000e+00,0.0000,0.0000,0
50,features.16,4,pruned_before,nan,0.000000e+00,0.000000e+00,0.0000,0.0000,0
50,features.16,5,pruned_before,nan,0.000000e+00,0.000000e+00,0.0000,0.0000,0
50,features.16,6,active,0.001580,1.777007e-08,1.260230e-06,0.0069,0.0025,329
50,features.16,7,pruned_before,nan,0.000000e+00,0.000000e+00,0.0000,0.0000,0
50,features.16,8,pruned_before,nan,0.000000e+00,0.000000e+00,0.0000,0.0000,0
50,features.16,9,pruned_before,nan,0.000000e+00,0.000000e+00,0.0000,0.0000,0
50,features.16,10,pruned_before,nan,0.000000e+00,0.000000e+00,0.0000,0.0000,0
50,features.16,11,pruned_before,nan,0.000000e+00,0.000000e+00,0.0000,0.0000,0
50,features.16,12,pruned_before,nan,0.000000e+00,0.000000e+00,0.0000,0.0000,0
50,features.16,13,pruned_before,nan,0.000000e+00,0.000000e+00,0.0000,0.0000,0
50,features.16,14,pruned_before,nan,0.000000e+00,0.000000e+00,0.0000,0.0000,0
50,features.16,15,pruned_before,nan,0.000000e+00,0.000000e+00,0.0000,0.0000,0
50,features.16,16,pruned_before,nan,0.000000e+00,0.000000e+00,0.0000,0.0000,0
50,features.16,17,pruned_before,nan,0.000000e+00,0.000000e+00,0.0000,0.0000,0
50,features.16,18,active,0.001865,5.838712e-08,2.294186e-06,0.0227,0.0046,329
50,features.16,19,pruned_before,nan,0.000000e+00,0.000000e+00,0.0000,0.0000,0
50,features.16,20,pruned_before,nan,0.000000e+00,0.000000e+00,0.0000,0.0000,0
50,features.16,21,active,-0.000553,2.410582e-07,4.889044e-06,0.0936,0.0098,329
50,features.16,22,pruned_before,nan,0.000000e+00,0.000000e+00,0.0000,0.0000,0
50,features.16,23,active,0.000568,1.104279e-07,2.695762e-06,0.0429,0.0054,329
50,features.16,24,pruned_before,nan,0.000000e+00,0.000000e+00,0.0000,0.0000,0
50,features.16,25,active,0.002875,6.600098e-08,3.019437e-06,0.0256,0.0060,329
50,features.16,26,pruned_before,nan,0.000000e+00,0.000000e+00,0.0000,0.0000,0
50,features.16,27,pruned_before,nan,0.000000e+00,0.000000e+00,0.0000,0.0000,0
50,features.16,28,pruned_before,nan,0.000000e+00,0.000000e+00,0.0000,0.0000,0
50,features.16,29,pruned_before,nan,0.000000e+00,0.000000e+00,0.0000,0.0000,0
50,features.16,30,pruned_before,nan,0.000000e+00,0.000000e+00,0.0000,0.0000,0
50,features.16,31,pruned_before,nan,0.000000e+00,0.000000e+00,0.0000,0.0000,0
50,features.16,32,active,0.007050,3.414779e-07,1.127621e-05,0.1325,0.0226,329
50,features.16,33,pruned_before,nan,0.000000e+00,0.000000e+00,0.0000,0.0000,0
50,features.16,34,active,0.012920,1.587129e-07,1.059624e-05,0.0616,0.0212,329
50,features.16,35,active,0.006011,2.909160e-07,9.608857e-06,0.1129,0.0192,329
50,features.16,36,pruned_before,nan,0.000000e+00,0.000000e+00,0.0000,0.0000,0
50,features.16,37,pruned_before,nan,0.000000e+00,0.000000e+00,0.0000,0.0000,0
50,features.16,38,active,0.006173,9.121482e-08,5.394220e-06,0.0354,0.0108,329
50,features.16,39,pruned_before,nan,0.000000e+00,0.000000e+00,0.0000,0.0000,0
50,features.16,40,pruned_before,nan,0.000000e+00,0.000000e+00,0.0000,0.0000,0
50,features.16,41,pruned_before,nan,0.000000e+00,0.000000e+00,0.0000,0.0000,0
50,features.16,42,pruned_before,nan,0.000000e+00,0.000000e+00,0.0000,0.0000,0
50,features.16,43,pruned_before,nan,0.000000e+00,0.000000e+00,0.0000,0.0000,0
50,features.16,44,pruned_before,nan,0.000000e+00,0.000000e+00,0.0000,0.0000,0
50,features.16,45,pruned_before,nan,0.000000e+00,0.000000e+00,0.0000,0.0000,0
50,features.16,46,pruned_before,nan,0.000000e+00,0.000000e+00,0.0000,0.0000,0
50,features.16,47,pruned_before,nan,0.000000e+00,0.000000e+00,0.0000,0.0000,0
50,features.16,48,pruned_before,nan,0.000000e+00,0.000000e+00,0.0000,0.0000,0
50,features.16,49,pruned_before,nan,0.000000e+00,0.000000e+00,0.0000,0.0000,0
50,features.16,50,pruned_before,nan,0.000000e+00,0.000000e+00,0.0000,0.0000,0
50,features.16,51,pruned_before,nan,0.000000e+00,0.000000e+00,0.0000,0.0000,0
50,features.16,52,pruned_before,nan,0.000000e+00,0.000000e+00,0.0000,0.0000,0
50,features.16,53,pruned_before,nan,0.000000e+00,0.000000e+00,0.0000,0.0000,0
50,features.16,54,pruned_before,nan,0.000000e+00,0.000000e+00,0.0000,0.0000,0
50,features.16,55,active,0.002041,6.346901e-08,2.501385e-06,0.0246,0.0050,329
50,features.16,56,active,0.013673,6.337075e-08,8.959224e-06,0.0246,0.0179,329
50,features.16,57,pruned_before,nan,0.000000e+00,0.000000e+00,0.0000,0.0000,0
50,features.16,58,pruned_before,nan,0.000000e+00,0.000000e+00,0.0000,0.0000,0
50,features.16,59,pruned_before,nan,0.000000e+00,0.000000e+00,0.0000,0.0000,0
50,features.16,60,pruned_before,nan,0.000000e+00,0.000000e+00,0.0000,0.0000,0
50,features.16,61,pruned_before,nan,0.000000e+00,0.000000e+00,0.0000,0.0000,0
50,features.16,62,pruned_before,nan,0.000000e+00,0.000000e+00,0.0000,0.0000,0
50,features.16,63,pruned_before,nan,0.000000e+00,0.000000e+00,0.0000,0.0000,0
50,features.16,64,pruned_before,nan,0.000000e+00,0.000000e+00,0.0000,0.0000,0
50,features.16,65,active,0.001459,1.608473e-07,4.277644e-06,0.0624,0.0086,329
50,features.16,66,pruned_before,nan,0.000000e+00,0.000000e+00,0.0000,0.0000,0
50,features.16,67,pruned_before,nan,0.000000e+00,0.000000e+00,0.0000,0.0000,0
50,features.16,68,pruned_before,nan,0.000000e+00,0.000000e+00,0.0000,0.0000,0
50,features.16,69,pruned_before,nan,0.000000e+00,0.000000e+00,0.0000,0.0000,0
50,features.16,70,pruned_before,nan,0.000000e+00,0.000000e+00,0.0000,0.0000,0
50,features.16,71,active,0.021810,1.325473e-07,1.496923e-05,0.0514,0.0299,329
50,features.16,72,pruned_before,nan,0.000000e+00,0.000000e+00,0.0000,0.0000,0
50,features.16,73,pruned_before,nan,0.000000e+00,0.000000e+00,0.0000,0.0000,0
50,features.16,74,pruned_before,nan,0.000000e+00,0.000000e+00,0.0000,0.0000,0
50,features.16,75,pruned_before,nan,0.000000e+00,0.000000e+00,0.0000,0.0000,0
50,features.16,76,pruned_before,nan,0.000000e+00,0.000000e+00,0.0000,0.0000,0
50,features.16,77,pruned_before,nan,0.000000e+00,0.000000e+00,0.0000,0.0000,0
50,features.16,78,pruned_before,nan,0.000000e+00,0.000000e+00,0.0000,0.0000,0
50,features.16,79,pruned_before,nan,0.000000e+00,0.000000e+00,0.0000,0.0000,0
50,features.16,80,pruned_before,nan,0.000000e+00,0.000000e+00,0.0000,0.0000,0
50,features.16,81,pruned_before,nan,0.000000e+00,0.000000e+00,0.0000,0.0000,0
50,features.16,82,pruned_before,nan,0.000000e+00,0.000000e+00,0.0000,0.0000,0
50,features.16,83,pruned_before,nan,0.000000e+00,0.000000e+00,0.0000,0.0000,0
50,features.16,84,pruned_before,nan,0.000000e+00,0.000000e+00,0.0000,0.0000,0
50,features.16,85,pruned_now,-0.004501,5.825477e-07,1.005762e-05,0.2261,0.0201,329
50,features.16,86,pruned_before,nan,0.000000e+00,0.000000e+00,0.0000,0.0000,0
50,features.16,87,pruned_before,nan,0.000000e+00,0.000000e+00,0.0000,0.0000,0
50,features.16,88,pruned_before,nan,0.000000e+00,0.000000e+00,0.0000,0.0000,0
50,features.16,89,pruned_before,nan,0.000000e+00,0.000000e+00,0.0000,0.0000,0
50,features.16,90,pruned_before,nan,0.000000e+00,0.000000e+00,0.0000,0.0000,0
50,features.16,91,pruned_before,nan,0.000000e+00,0.000000e+00,0.0000,0.0000,0
50,features.16,92,pruned_before,nan,0.000000e+00,0.000000e+00,0.0000,0.0000,0
50,features.16,93,pruned_before,nan,0.000000e+00,0.000000e+00,0.0000,0.0000,0
50,features.16,94,pruned_before,nan,0.000000e+00,0.000000e+00,0.0000,0.0000,0
50,features.16,95,pruned_before,nan,0.000000e+00,0.000000e+00,0.0000,0.0000,0
50,features.16,96,pruned_before,nan,0.000000e+00,0.000000e+00,0.0000,0.0000,0
50,features.16,97,pruned_before,nan,0.000000e+00,0.000000e+00,0.0000,0.0000,0
50,features.16,98,pruned_before,nan,0.000000e+00,0.000000e+00,0.0000,0.0000,0
50,features.16,99,pruned_before,nan,0.000000e+00,0.000000e+00,0.0000,0.0000,0
50,features.16,100,pruned_before,nan,0.000000e+00,0.000000e+00,0.0000,0.0000,0
50,features.16,101,pruned_before,nan,0.000000e+00,0.000000e+00,0.0000,0.0000,0
50,features.16,102,pruned_before,nan,0.000000e+00,0.000000e+00,0.0000,0.0000,0
50,features.16,103,pruned_before,nan,0.000000e+00,0.000000e+00,0.0000,0.0000,0
50,features.16,104,pruned_before,nan,0.000000e+00,0.000000e+00,0.0000,0.0000,0
50,features.16,105,pruned_before,nan,0.000000e+00,0.000000e+00,0.0000,0.0000,0
50,features.16,106,pruned_before,nan,0.000000e+00,0.000000e+00,0.0000,0.0000,0
50,features.16,107,pruned_before,nan,0.000000e+00,0.000000e+00,0.0000,0.0000,0
50,features.16,108,pruned_before,nan,0.000000e+00,0.000000e+00,0.0000,0.0000,0
50,features.16,109,pruned_before,nan,0.000000e+00,0.000000e+00,0.0000,0.0000,0
50,features.16,110,pruned_before,nan,0.000000e+00,0.000000e+00,0.0000,0.0000,0
50,features.16,111,pruned_before,nan,0.000000e+00,0.000000e+00,0.0000,0.0000,0
50,features.16,112,pruned_before,nan,0.000000e+00,0.000000e+00,0.0000,0.0000,0
50,features.16,113,pruned_before,nan,0.000000e+00,0.000000e+00,0.0000,0.0000,0
50,features.16,114,pruned_before,nan,0.000000e+00,0.000000e+00,0.0000,0.0000,0
50,features.16,115,active,0.042848,4.129234e-07,3.269643e-05,0.1603,0.0654,329
50,features.16,116,active,0.000672,2.385409e-07,5.515190e-06,0.0926,0.0110,329
50,features.16,117,active,0.007174,1.099872e-07,6.355011e-06,0.0427,0.0127,329
50,features.16,118,pruned_before,nan,0.000000e+00,0.000000e+00,0.0000,0.0000,0
50,features.16,119,pruned_before,nan,0.000000e+00,0.000000e+00,0.0000,0.0000,0
50,features.16,120,pruned_before,nan,0.000000e+00,0.000000e+00,0.0000,0.0000,0
50,features.16,121,pruned_before,nan,0.000000e+00,0.000000e+00,0.0000,0.0000,0
50,features.16,122,pruned_before,nan,0.000000e+00,0.000000e+00,0.0000,0.0000,0
50,features.16,123,pruned_before,nan,0.000000e+00,0.000000e+00,0.0000,0.0000,0
50,features.16,124,pruned_before,nan,0.000000e+00,0.000000e+00,0.0000,0.0000,0
50,features.16,125,pruned_before,nan,0.000000e+00,0.000000e+00,0.0000,0.0000,0
50,features.16,126,pruned_before,nan,0.000000e+00,0.000000e+00,0.0000,0.0000,0
50,features.16,127,active,0.002411,1.302866e-07,4.147115e-06,0.0506,0.0083,329
50,features.16,128,pruned_before,nan,0.000000e+00,0.000000e+00,0.0000,0.0000,0
50,features.16,129,pruned_before,nan,0.000000e+00,0.000000e+00,0.0000,0.0000,0
50,features.16,130,pruned_before,nan,0.000000e+00,0.000000e+00,0.0000,0.0000,0
50,features.16,131,pruned_before,nan,0.000000e+00,0.000000e+00,0.0000,0.0000,0
50,features.16,132,pruned_before,nan,0.000000e+00,0.000000e+00,0.0000,0.0000,0
50,features.16,133,pruned_before,nan,0.000000e+00,0.000000e+00,0.0000,0.0000,0
50,features.16,134,active,0.008405,3.345076e-07,1.187826e-05,0.1298,0.0238,329
50,features.16,135,pruned_before,nan,0.000000e+00,0.000000e+00,0.0000,0.0000,0
50,features.16,136,pruned_before,nan,0.000000e+00,0.000000e+00,0.0000,0.0000,0
50,features.16,137,pruned_before,nan,0.000000e+00,0.000000e+00,0.0000,0.0000,0
50,features.16,138,pruned_before,nan,0.000000e+00,0.000000e+00,0.0000,0.0000,0
50,features.16,139,pruned_before,nan,0.000000e+00,0.000000e+00,0.0000,0.0000,0
50,features.16,140,pruned_before,nan,0.000000e+00,0.000000e+00,0.0000,0.0000,0
50,features.16,141,pruned_before,nan,0.000000e+00,0.000000e+00,0.0000,0.0000,0
50,features.16,142,pruned_before,nan,0.000000e+00,0.000000e+00,0.0000,0.0000,0
50,features.16,143,pruned_before,nan,0.000000e+00,0.000000e+00,0.0000,0.0000,0
50,features.16,144,pruned_before,nan,0.000000e+00,0.000000e+00,0.0000,0.0000,0
50,features.16,145,pruned_before,nan,0.000000e+00,0.000000e+00,0.0000,0.0000,0
50,features.16,146,pruned_before,nan,0.000000e+00,0.000000e+00,0.0000,0.0000,0
50,features.16,147,pruned_before,nan,0.000000e+00,0.000000e+00,0.0000,0.0000,0
50,features.16,148,pruned_before,nan,0.000000e+00,0.000000e+00,0.0000,0.0000,0
50,features.16,149,pruned_now,-0.002924,3.766303e-07,6.494522e-06,0.1462,0.0130,329
50,features.16,150,pruned_before,nan,0.000000e+00,0.000000e+00,0.0000,0.0000,0
50,features.16,151,pruned_before,nan,0.000000e+00,0.000000e+00,0.0000,0.0000,0
50,features.16,152,pruned_before,nan,0.000000e+00,0.000000e+00,0.0000,0.0000,0
50,features.16,153,pruned_before,nan,0.000000e+00,0.000000e+00,0.0000,0.0000,0
50,features.16,154,pruned_before,nan,0.000000e+00,0.000000e+00,0.0000,0.0000,0
50,features.16,155,pruned_before,nan,0.000000e+00,0.000000e+00,0.0000,0.0000,0
50,features.16,156,pruned_before,nan,0.000000e+00,0.000000e+00,0.0000,0.0000,0
50,features.16,157,pruned_before,nan,0.000000e+00,0.000000e+00,0.0000,0.0000,0
50,features.16,158,pruned_before,nan,0.000000e+00,0.000000e+00,0.0000,0.0000,0
50,features.16,159,pruned_before,nan,0.000000e+00,0.000000e+00,0.0000,0.0000,0
50,features.16,160,pruned_before,nan,0.000000e+00,0.000000e+00,0.0000,0.0000,0
50,features.16,161,pruned_before,nan,0.000000e+00,0.000000e+00,0.0000,0.0000,0
50,features.16,162,pruned_before,nan,0.000000e+00,0.000000e+00,0.0000,0.0000,0
50,features.16,163,pruned_before,nan,0.000000e+00,0.000000e+00,0.0000,0.0000,0
50,features.16,164,pruned_before,nan,0.000000e+00,0.000000e+00,0.0000,0.0000,0
50,features.16,165,pruned_before,nan,0.000000e+00,0.000000e+00,0.0000,0.0000,0
50,features.16,166,pruned_before,nan,0.000000e+00,0.000000e+00,0.0000,0.0000,0
50,features.16,167,active,0.016757,8.866255e-07,2.841783e-05,0.3441,0.0569,329
50,features.16,168,pruned_before,nan,0.000000e+00,0.000000e+00,0.0000,0.0000,0
50,features.16,169,pruned_before,nan,0.000000e+00,0.000000e+00,0.0000,0.0000,0
50,features.16,170,pruned_before,nan,0.000000e+00,0.000000e+00,0.0000,0.0000,0
50,features.16,171,pruned_before,nan,0.000000e+00,0.000000e+00,0.0000,0.0000,0
50,features.16,172,pruned_before,nan,0.000000e+00,0.000000e+00,0.0000,0.0000,0
50,features.16,173,pruned_before,nan,0.000000e+00,0.000000e+00,0.0000,0.0000,0
50,features.16,174,pruned_before,nan,0.000000e+00,0.000000e+00,0.0000,0.0000,0
50,features.16,175,pruned_before,nan,0.000000e+00,0.000000e+00,0.0000,0.0000,0
50,features.16,176,pruned_before,nan,0.000000e+00,0.000000e+00,0.0000,0.0000,0
50,features.16,177,pruned_before,nan,0.000000e+00,0.000000e+00,0.0000,0.0000,0
50,features.16,178,pruned_before,nan,0.000000e+00,0.000000e+00,0.0000,0.0000,0
50,features.16,179,active,0.005502,5.596416e-08,4.261882e-06,0.0217,0.0085,329
50,features.16,180,pruned_before,nan,0.000000e+00,0.000000e+00,0.0000,0.0000,0
50,features.16,181,pruned_now,-0.005907,6.417166e-07,1.055217e-05,0.2491,0.0211,329
50,features.16,182,active,0.026470,1.858243e-07,1.870562e-05,0.0721,0.0374,329
50,features.16,183,pruned_before,nan,0.000000e+00,0.000000e+00,0.0000,0.0000,0
50,features.16,184,pruned_before,nan,0.000000e+00,0.000000e+00,0.0000,0.0000,0
50,features.16,185,pruned_before,nan,0.000000e+00,0.000000e+00,0.0000,0.0000,0
50,features.16,186,pruned_before,nan,0.000000e+00,0.000000e+00,0.0000,0.0000,0
50,features.16,187,pruned_before,nan,0.000000e+00,0.000000e+00,0.0000,0.0000,0
50,features.16,188,pruned_before,nan,0.000000e+00,0.000000e+00,0.0000,0.0000,0
50,features.16,189,pruned_before,nan,0.000000e+00,0.000000e+00,0.0000,0.0000,0
50,features.16,190,pruned_now,-0.006216,2.340709e-07,1.593579e-06,0.0909,0.0032,329
50,features.16,191,pruned_before,nan,0.000000e+00,0.000000e+00,0.0000,0.0000,0
50,features.16,192,pruned_before,nan,0.000000e+00,0.000000e+00,0.0000,0.0000,0
50,features.16,193,pruned_before,nan,0.000000e+00,0.000000e+00,0.0000,0.0000,0
50,features.16,194,pruned_before,nan,0.000000e+00,0.000000e+00,0.0000,0.0000,0
50,features.16,195,pruned_before,nan,0.000000e+00,0.000000e+00,0.0000,0.0000,0
50,features.16,196,pruned_before,nan,0.000000e+00,0.000000e+00,0.0000,0.0000,0
50,features.16,197,pruned_now,-0.003522,2.626595e-07,3.705615e-06,0.1019,0.0074,329
50,features.16,198,pruned_now,-0.000710,2.957610e-07,5.980708e-06,0.1148,0.0120,329
50,features.16,199,pruned_before,nan,0.000000e+00,0.000000e+00,0.0000,0.0000,0
50,features.16,200,pruned_before,nan,0.000000e+00,0.000000e+00,0.0000,0.0000,0
50,features.16,201,pruned_before,nan,0.000000e+00,0.000000e+00,0.0000,0.0000,0
50,features.16,202,pruned_before,nan,0.000000e+00,0.000000e+00,0.0000,0.0000,0
50,features.16,203,pruned_before,nan,0.000000e+00,0.000000e+00,0.0000,0.0000,0
50,features.16,204,pruned_now,-0.000800,1.597695e-07,2.999866e-06,0.0620,0.0060,329
50,features.16,205,pruned_before,nan,0.000000e+00,0.000000e+00,0.0000,0.0000,0
50,features.16,206,pruned_before,nan,0.000000e+00,0.000000e+00,0.0000,0.0000,0
50,features.16,207,active,0.005249,3.978394e-08,3.772635e-06,0.0154,0.0075,329
50,features.16,208,pruned_before,nan,0.000000e+00,0.000000e+00,0.0000,0.0000,0
50,features.16,209,pruned_before,nan,0.000000e+00,0.000000e+00,0.0000,0.0000,0
50,features.16,210,pruned_before,nan,0.000000e+00,0.000000e+00,0.0000,0.0000,0
50,features.16,211,pruned_before,nan,0.000000e+00,0.000000e+00,0.0000,0.0000,0
50,features.16,212,pruned_before,nan,0.000000e+00,0.000000e+00,0.0000,0.0000,0
50,features.16,213,pruned_before,nan,0.000000e+00,0.000000e+00,0.0000,0.0000,0
50,features.16,214,pruned_before,nan,0.000000e+00,0.000000e+00,0.0000,0.0000,0
50,features.16,215,pruned_before,nan,0.000000e+00,0.000000e+00,0.0000,0.0000,0
50,features.16,216,pruned_before,nan,0.000000e+00,0.000000e+00,0.0000,0.0000,0
50,features.16,217,pruned_before,nan,0.000000e+00,0.000000e+00,0.0000,0.0000,0
50,features.16,218,pruned_before,nan,0.000000e+00,0.000000e+00,0.0000,0.0000,0
50,features.16,219,pruned_before,nan,0.000000e+00,0.000000e+00,0.0000,0.0000,0
50,features.16,220,pruned_before,nan,0.000000e+00,0.000000e+00,0.0000,0.0000,0
50,features.16,221,active,0.001590,2.794001e-08,1.485353e-06,0.0108,0.0030,329
50,features.16,222,pruned_before,nan,0.000000e+00,0.000000e+00,0.0000,0.0000,0
50,features.16,223,pruned_before,nan,0.000000e+00,0.000000e+00,0.0000,0.0000,0
50,features.16,224,pruned_before,nan,0.000000e+00,0.000000e+00,0.0000,0.0000,0
50,features.16,225,pruned_before,nan,0.000000e+00,0.000000e+00,0.0000,0.0000,0
50,features.16,226,pruned_before,nan,0.000000e+00,0.000000e+00,0.0000,0.0000,0
50,features.16,227,pruned_before,nan,0.000000e+00,0.000000e+00,0.0000,0.0000,0
50,features.16,228,pruned_before,nan,0.000000e+00,0.000000e+00,0.0000,0.0000,0
50,features.16,229,pruned_before,nan,0.000000e+00,0.000000e+00,0.0000,0.0000,0
50,features.16,230,pruned_before,nan,0.000000e+00,0.000000e+00,0.0000,0.0000,0
50,features.16,231,pruned_before,nan,0.000000e+00,0.000000e+00,0.0000,0.0000,0
50,features.16,232,active,0.001426,1.277705e-07,3.545978e-06,0.0496,0.0071,329
50,features.16,233,pruned_before,nan,0.000000e+00,0.000000e+00,0.0000,0.0000,0
50,features.16,234,pruned_before,nan,0.000000e+00,0.000000e+00,0.0000,0.0000,0
50,features.16,235,pruned_before,nan,0.000000e+00,0.000000e+00,0.0000,0.0000,0
50,features.16,236,pruned_before,nan,0.000000e+00,0.000000e+00,0.0000,0.0000,0
50,features.16,237,pruned_before,nan,0.000000e+00,0.000000e+00,0.0000,0.0000,0
50,features.16,238,pruned_before,nan,0.000000e+00,0.000000e+00,0.0000,0.0000,0
50,features.16,239,pruned_before,nan,0.000000e+00,0.000000e+00,0.0000,0.0000,0
50,features.16,240,pruned_before,nan,0.000000e+00,0.000000e+00,0.0000,0.0000,0
50,features.16,241,pruned_before,nan,0.000000e+00,0.000000e+00,0.0000,0.0000,0
50,features.16,242,pruned_before,nan,0.000000e+00,0.000000e+00,0.0000,0.0000,0
50,features.16,243,pruned_before,nan,0.000000e+00,0.000000e+00,0.0000,0.0000,0
50,features.16,244,pruned_before,nan,0.000000e+00,0.000000e+00,0.0000,0.0000,0
50,features.16,245,pruned_before,nan,0.000000e+00,0.000000e+00,0.0000,0.0000,0
50,features.16,246,pruned_before,nan,0.000000e+00,0.000000e+00,0.0000,0.0000,0
50,features.16,247,pruned_before,nan,0.000000e+00,0.000000e+00,0.0000,0.0000,0
50,features.16,248,pruned_before,nan,0.000000e+00,0.000000e+00,0.0000,0.0000,0
50,features.16,249,pruned_before,nan,0.000000e+00,0.000000e+00,0.0000,0.0000,0
50,features.16,250,pruned_now,-0.010617,8.470074e-07,1.236148e-05,0.3288,0.0247,329
50,features.16,251,pruned_before,nan,0.000000e+00,0.000000e+00,0.0000,0.0000,0
50,features.16,252,pruned_before,nan,0.000000e+00,0.000000e+00,0.0000,0.0000,0
50,features.16,253,pruned_before,nan,0.000000e+00,0.000000e+00,0.0000,0.0000,0
50,features.16,254,pruned_before,nan,0.000000e+00,0.000000e+00,0.0000,0.0000,0
50,features.16,255,pruned_before,nan,0.000000e+00,0.000000e+00,0.0000,0.0000,0
50,features.16,256,pruned_before,nan,0.000000e+00,0.000000e+00,0.0000,0.0000,0
50,features.16,257,pruned_before,nan,0.000000e+00,0.000000e+00,0.0000,0.0000,0
50,features.16,258,pruned_before,nan,0.000000e+00,0.000000e+00,0.0000,0.0000,0
50,features.16,259,pruned_before,nan,0.000000e+00,0.000000e+00,0.0000,0.0000,0
50,features.16,260,active,0.008789,1.480101e-07,8.071472e-06,0.0574,0.0161,329
50,features.16,261,pruned_before,nan,0.000000e+00,0.000000e+00,0.0000,0.0000,0
50,features.16,262,pruned_before,nan,0.000000e+00,0.000000e+00,0.0000,0.0000,0
50,features.16,263,pruned_before,nan,0.000000e+00,0.000000e+00,0.0000,0.0000,0
50,features.16,264,pruned_before,nan,0.000000e+00,0.000000e+00,0.0000,0.0000,0
50,features.16,265,pruned_before,nan,0.000000e+00,0.000000e+00,0.0000,0.0000,0
50,features.16,266,pruned_before,nan,0.000000e+00,0.000000e+00,0.0000,0.0000,0
50,features.16,267,pruned_before,nan,0.000000e+00,0.000000e+00,0.0000,0.0000,0
50,features.16,268,pruned_before,nan,0.000000e+00,0.000000e+00,0.0000,0.0000,0
50,features.16,269,pruned_before,nan,0.000000e+00,0.000000e+00,0.0000,0.0000,0
50,features.16,270,pruned_before,nan,0.000000e+00,0.000000e+00,0.0000,0.0000,0
50,features.16,271,pruned_before,nan,0.000000e+00,0.000000e+00,0.0000,0.0000,0
50,features.16,272,pruned_before,nan,0.000000e+00,0.000000e+00,0.0000,0.0000,0
50,features.16,273,pruned_before,nan,0.000000e+00,0.000000e+00,0.0000,0.0000,0
50,features.16,274,pruned_before,nan,0.000000e+00,0.000000e+00,0.0000,0.0000,0
50,features.16,275,pruned_before,nan,0.000000e+00,0.000000e+00,0.0000,0.0000,0
50,features.16,276,pruned_before,nan,0.000000e+00,0.000000e+00,0.0000,0.0000,0
50,features.16,277,pruned_before,nan,0.000000e+00,0.000000e+00,0.0000,0.0000,0
50,features.16,278,pruned_before,nan,0.000000e+00,0.000000e+00,0.0000,0.0000,0
50,features.16,279,pruned_before,nan,0.000000e+00,0.000000e+00,0.0000,0.0000,0
50,features.16,280,pruned_before,nan,0.000000e+00,0.000000e+00,0.0000,0.0000,0
50,features.16,281,active,0.005892,4.275140e-07,1.248732e-05,0.1659,0.0250,329
50,features.16,282,pruned_before,nan,0.000000e+00,0.000000e+00,0.0000,0.0000,0
50,features.16,283,pruned_before,nan,0.000000e+00,0.000000e+00,0.0000,0.0000,0
50,features.16,284,pruned_before,nan,0.000000e+00,0.000000e+00,0.0000,0.0000,0
50,features.16,285,active,0.001583,6.220890e-08,2.220309e-06,0.0241,0.0044,329
50,features.16,286,active,0.060628,1.731828e-07,3.740267e-05,0.0672,0.0748,329
50,features.16,287,pruned_before,nan,0.000000e+00,0.000000e+00,0.0000,0.0000,0
50,features.16,288,pruned_before,nan,0.000000e+00,0.000000e+00,0.0000,0.0000,0
50,features.16,289,pruned_before,nan,0.000000e+00,0.000000e+00,0.0000,0.0000,0
50,features.16,290,pruned_before,nan,0.000000e+00,0.000000e+00,0.0000,0.0000,0
50,features.16,291,pruned_before,nan,0.000000e+00,0.000000e+00,0.0000,0.0000,0
50,features.16,292,pruned_before,nan,0.000000e+00,0.000000e+00,0.0000,0.0000,0
50,features.16,293,pruned_before,nan,0.000000e+00,0.000000e+00,0.0000,0.0000,0
50,features.16,294,pruned_before,nan,0.000000e+00,0.000000e+00,0.0000,0.0000,0
50,features.16,295,pruned_before,nan,0.000000e+00,0.000000e+00,0.0000,0.0000,0
50,features.16,296,pruned_before,nan,0.000000e+00,0.000000e+00,0.0000,0.0000,0
50,features.16,297,active,0.002723,3.831389e-08,2.338281e-06,0.0149,0.0047,329
50,features.16,298,pruned_before,nan,0.000000e+00,0.000000e+00,0.0000,0.0000,0
50,features.16,299,pruned_before,nan,0.000000e+00,0.000000e+00,0.0000,0.0000,0
50,features.16,300,pruned_before,nan,0.000000e+00,0.000000e+00,0.0000,0.0000,0
50,features.16,301,pruned_before,nan,0.000000e+00,0.000000e+00,0.0000,0.0000,0
50,features.16,302,active,0.000946,1.270553e-07,3.263975e-06,0.0493,0.0065,329
50,features.16,303,pruned_before,nan,0.000000e+00,0.000000e+00,0.0000,0.0000,0
50,features.16,304,pruned_before,nan,0.000000e+00,0.000000e+00,0.0000,0.0000,0
50,features.16,305,pruned_before,nan,0.000000e+00,0.000000e+00,0.0000,0.0000,0
50,features.16,306,active,0.000994,2.197914e-08,1.025856e-06,0.0085,0.0021,329
50,features.16,307,pruned_before,nan,0.000000e+00,0.000000e+00,0.0000,0.0000,0
50,features.16,308,active,0.006137,4.167718e-08,4.306809e-06,0.0162,0.0086,329
50,features.16,309,pruned_before,nan,0.000000e+00,0.000000e+00,0.0000,0.0000,0
50,features.16,310,pruned_before,nan,0.000000e+00,0.000000e+00,0.0000,0.0000,0
50,features.16,311,pruned_before,nan,0.000000e+00,0.000000e+00,0.0000,0.0000,0
50,features.16,312,pruned_before,nan,0.000000e+00,0.000000e+00,0.0000,0.0000,0
50,features.16,313,pruned_before,nan,0.000000e+00,0.000000e+00,0.0000,0.0000,0
50,features.16,314,active,0.002650,7.153069e-08,3.013641e-06,0.0278,0.0060,329
50,features.16,315,pruned_before,nan,0.000000e+00,0.000000e+00,0.0000,0.0000,0
50,features.16,316,pruned_before,nan,0.000000e+00,0.000000e+00,0.0000,0.0000,0
50,features.16,317,pruned_before,nan,0.000000e+00,0.000000e+00,0.0000,0.0000,0
50,features.16,318,pruned_before,nan,0.000000e+00,0.000000e+00,0.0000,0.0000,0
50,features.16,319,pruned_before,nan,0.000000e+00,0.000000e+00,0.0000,0.0000,0
50,features.16,320,pruned_before,nan,0.000000e+00,0.000000e+00,0.0000,0.0000,0
50,features.16,321,pruned_before,nan,0.000000e+00,0.000000e+00,0.0000,0.0000,0
50,features.16,322,active,0.009328,6.100170e-07,1.832928e-05,0.2368,0.0367,329
50,features.16,323,pruned_before,nan,0.000000e+00,0.000000e+00,0.0000,0.0000,0
50,features.16,324,pruned_before,nan,0.000000e+00,0.000000e+00,0.0000,0.0000,0
50,features.16,325,pruned_before,nan,0.000000e+00,0.000000e+00,0.0000,0.0000,0
50,features.16,326,pruned_before,nan,0.000000e+00,0.000000e+00,0.0000,0.0000,0
50,features.16,327,pruned_before,nan,0.000000e+00,0.000000e+00,0.0000,0.0000,0
50,features.16,328,pruned_before,nan,0.000000e+00,0.000000e+00,0.0000,0.0000,0
50,features.16,329,pruned_before,nan,0.000000e+00,0.000000e+00,0.0000,0.0000,0
50,features.16,330,pruned_before,nan,0.000000e+00,0.000000e+00,0.0000,0.0000,0
50,features.16,331,pruned_before,nan,0.000000e+00,0.000000e+00,0.0000,0.0000,0
50,features.16,332,pruned_before,nan,0.000000e+00,0.000000e+00,0.0000,0.0000,0
50,features.16,333,pruned_before,nan,0.000000e+00,0.000000e+00,0.0000,0.0000,0
50,features.16,334,pruned_before,nan,0.000000e+00,0.000000e+00,0.0000,0.0000,0
50,features.16,335,pruned_before,nan,0.000000e+00,0.000000e+00,0.0000,0.0000,0
50,features.16,336,pruned_before,nan,0.000000e+00,0.000000e+00,0.0000,0.0000,0
50,features.16,337,pruned_before,nan,0.000000e+00,0.000000e+00,0.0000,0.0000,0
50,features.16,338,pruned_before,nan,0.000000e+00,0.000000e+00,0.0000,0.0000,0
50,features.16,339,pruned_before,nan,0.000000e+00,0.000000e+00,0.0000,0.0000,0
50,features.16,340,pruned_before,nan,0.000000e+00,0.000000e+00,0.0000,0.0000,0
50,features.16,341,pruned_before,nan,0.000000e+00,0.000000e+00,0.0000,0.0000,0
50,features.16,342,pruned_before,nan,0.000000e+00,0.000000e+00,0.0000,0.0000,0
50,features.16,343,pruned_before,nan,0.000000e+00,0.000000e+00,0.0000,0.0000,0
50,features.16,344,pruned_now,-0.011203,3.631679e-07,1.606498e-06,0.1410,0.0032,329
50,features.16,345,pruned_before,nan,0.000000e+00,0.000000e+00,0.0000,0.0000,0
50,features.16,346,active,0.029322,4.623809e-07,2.625114e-05,0.1795,0.0525,329
50,features.16,347,pruned_before,nan,0.000000e+00,0.000000e+00,0.0000,0.0000,0
50,features.16,348,pruned_before,nan,0.000000e+00,0.000000e+00,0.0000,0.0000,0
50,features.16,349,active,0.012968,5.580881e-08,8.405058e-06,0.0217,0.0168,329
50,features.16,350,pruned_before,nan,0.000000e+00,0.000000e+00,0.0000,0.0000,0
50,features.16,351,pruned_before,nan,0.000000e+00,0.000000e+00,0.0000,0.0000,0
50,features.16,352,pruned_before,nan,0.000000e+00,0.000000e+00,0.0000,0.0000,0
50,features.16,353,pruned_before,nan,0.000000e+00,0.000000e+00,0.0000,0.0000,0
50,features.16,354,active,0.000542,5.043544e-08,1.388254e-06,0.0196,0.0028,329
50,features.16,355,pruned_before,nan,0.000000e+00,0.000000e+00,0.0000,0.0000,0
50,features.16,356,active,0.027599,1.955892e-08,1.574890e-05,0.0076,0.0315,329
50,features.16,357,pruned_before,nan,0.000000e+00,0.000000e+00,0.0000,0.0000,0
50,features.16,358,pruned_before,nan,0.000000e+00,0.000000e+00,0.0000,0.0000,0
50,features.16,359,pruned_before,nan,0.000000e+00,0.000000e+00,0.0000,0.0000,0
50,features.16,360,pruned_before,nan,0.000000e+00,0.000000e+00,0.0000,0.0000,0
50,features.16,361,pruned_before,nan,0.000000e+00,0.000000e+00,0.0000,0.0000,0
50,features.16,362,pruned_before,nan,0.000000e+00,0.000000e+00,0.0000,0.0000,0
50,features.16,363,pruned_before,nan,0.000000e+00,0.000000e+00,0.0000,0.0000,0
50,features.16,364,pruned_before,nan,0.000000e+00,0.000000e+00,0.0000,0.0000,0
50,features.16,365,pruned_before,nan,0.000000e+00,0.000000e+00,0.0000,0.0000,0
50,features.16,366,pruned_before,nan,0.000000e+00,0.000000e+00,0.0000,0.0000,0
50,features.16,367,pruned_before,nan,0.000000e+00,0.000000e+00,0.0000,0.0000,0
50,features.16,368,pruned_before,nan,0.000000e+00,0.000000e+00,0.0000,0.0000,0
50,features.16,369,pruned_before,nan,0.000000e+00,0.000000e+00,0.0000,0.0000,0
50,features.16,370,active,0.007552,3.723743e-07,1.222049e-05,0.1445,0.0244,329
50,features.16,371,pruned_before,nan,0.000000e+00,0.000000e+00,0.0000,0.0000,0
50,features.16,372,pruned_before,nan,0.000000e+00,0.000000e+00,0.0000,0.0000,0
50,features.16,373,pruned_before,nan,0.000000e+00,0.000000e+00,0.0000,0.0000,0
50,features.16,374,pruned_before,nan,0.000000e+00,0.000000e+00,0.0000,0.0000,0
50,features.16,375,pruned_before,nan,0.000000e+00,0.000000e+00,0.0000,0.0000,0
50,features.16,376,pruned_before,nan,0.000000e+00,0.000000e+00,0.0000,0.0000,0
50,features.16,377,pruned_before,nan,0.000000e+00,0.000000e+00,0.0000,0.0000,0
50,features.16,378,pruned_before,nan,0.000000e+00,0.000000e+00,0.0000,0.0000,0
50,features.16,379,pruned_before,nan,0.000000e+00,0.000000e+00,0.0000,0.0000,0
50,features.16,380,pruned_before,nan,0.000000e+00,0.000000e+00,0.0000,0.0000,0
50,features.16,381,pruned_before,nan,0.000000e+00,0.000000e+00,0.0000,0.0000,0
50,features.16,382,pruned_before,nan,0.000000e+00,0.000000e+00,0.0000,0.0000,0
50,features.16,383,pruned_before,nan,0.000000e+00,0.000000e+00,0.0000,0.0000,0
50,features.16,384,active,0.009884,7.527347e-07,2.171494e-05,0.2922,0.0434,329
50,features.16,385,pruned_before,nan,0.000000e+00,0.000000e+00,0.0000,0.0000,0
50,features.16,386,active,0.061334,1.780907e-07,3.790086e-05,0.0691,0.0758,329
50,features.16,387,pruned_before,nan,0.000000e+00,0.000000e+00,0.0000,0.0000,0
50,features.16,388,pruned_before,nan,0.000000e+00,0.000000e+00,0.0000,0.0000,0
50,features.16,389,pruned_before,nan,0.000000e+00,0.000000e+00,0.0000,0.0000,0
50,features.16,390,pruned_before,nan,0.000000e+00,0.000000e+00,0.0000,0.0000,0
50,features.16,391,pruned_before,nan,0.000000e+00,0.000000e+00,0.0000,0.0000,0
50,features.16,392,pruned_before,nan,0.000000e+00,0.000000e+00,0.0000,0.0000,0
50,features.16,393,pruned_before,nan,0.000000e+00,0.000000e+00,0.0000,0.0000,0
50,features.16,394,pruned_before,nan,0.000000e+00,0.000000e+00,0.0000,0.0000,0
50,features.16,395,pruned_before,nan,0.000000e+00,0.000000e+00,0.0000,0.0000,0
50,features.16,396,active,0.002656,8.015104e-08,3.202962e-06,0.0311,0.0064,329
50,features.16,397,active,0.011874,1.799182e-07,1.047220e-05,0.0698,0.0210,329
50,features.16,398,pruned_before,nan,0.000000e+00,0.000000e+00,0.0000,0.0000,0
50,features.16,399,pruned_before,nan,0.000000e+00,0.000000e+00,0.0000,0.0000,0
50,features.16,400,pruned_before,nan,0.000000e+00,0.000000e+00,0.0000,0.0000,0
50,features.16,401,pruned_before,nan,0.000000e+00,0.000000e+00,0.0000,0.0000,0
50,features.16,402,pruned_before,nan,0.000000e+00,0.000000e+00,0.0000,0.0000,0
50,features.16,403,pruned_before,nan,0.000000e+00,0.000000e+00,0.0000,0.0000,0
50,features.16,404,pruned_before,nan,0.000000e+00,0.000000e+00,0.0000,0.0000,0
50,features.16,405,pruned_before,nan,0.000000e+00,0.000000e+00,0.0000,0.0000,0
50,features.16,406,protected,0.800000,2.576377e-06,4.998164e-04,1.0000,1.0000,329
50,features.16,407,pruned_before,nan,0.000000e+00,0.000000e+00,0.0000,0.0000,0
50,features.16,408,pruned_before,nan,0.000000e+00,0.000000e+00,0.0000,0.0000,0
50,features.16,409,pruned_before,nan,0.000000e+00,0.000000e+00,0.0000,0.0000,0
50,features.16,410,pruned_before,nan,0.000000e+00,0.000000e+00,0.0000,0.0000,0
50,features.16,411,pruned_before,nan,0.000000e+00,0.000000e+00,0.0000,0.0000,0
50,features.16,412,pruned_before,nan,0.000000e+00,0.000000e+00,0.0000,0.0000,0
50,features.16,413,pruned_now,-0.003835,2.828199e-07,3.966803e-06,0.1098,0.0079,329
50,features.16,414,pruned_before,nan,0.000000e+00,0.000000e+00,0.0000,0.0000,0
50,features.16,415,pruned_before,nan,0.000000e+00,0.000000e+00,0.0000,0.0000,0
50,features.16,416,pruned_before,nan,0.000000e+00,0.000000e+00,0.0000,0.0000,0
50,features.16,417,pruned_before,nan,0.000000e+00,0.000000e+00,0.0000,0.0000,0
50,features.16,418,pruned_before,nan,0.000000e+00,0.000000e+00,0.0000,0.0000,0
50,features.16,419,active,0.000043,5.121654e-08,1.127944e-06,0.0199,0.0023,329
50,features.16,420,pruned_before,nan,0.000000e+00,0.000000e+00,0.0000,0.0000,0
50,features.16,421,pruned_before,nan,0.000000e+00,0.000000e+00,0.0000,0.0000,0
50,features.16,422,pruned_before,nan,0.000000e+00,0.000000e+00,0.0000,0.0000,0
50,features.16,423,pruned_before,nan,0.000000e+00,0.000000e+00,0.0000,0.0000,0
50,features.16,424,pruned_before,nan,0.000000e+00,0.000000e+00,0.0000,0.0000,0
50,features.16,425,pruned_before,nan,0.000000e+00,0.000000e+00,0.0000,0.0000,0
50,features.16,426,pruned_before,nan,0.000000e+00,0.000000e+00,0.0000,0.0000,0
50,features.16,427,pruned_before,nan,0.000000e+00,0.000000e+00,0.0000,0.0000,0
50,features.16,428,pruned_now,-0.014022,7.672668e-07,8.751789e-06,0.2978,0.0175,329
50,features.16,429,pruned_before,nan,0.000000e+00,0.000000e+00,0.0000,0.0000,0
50,features.16,430,pruned_before,nan,0.000000e+00,0.000000e+00,0.0000,0.0000,0
50,features.16,431,pruned_before,nan,0.000000e+00,0.000000e+00,0.0000,0.0000,0
50,features.16,432,pruned_before,nan,0.000000e+00,0.000000e+00,0.0000,0.0000,0
50,features.16,433,active,0.003307,2.036508e-07,6.226493e-06,0.0790,0.0125,329
50,features.16,434,pruned_before,nan,0.000000e+00,0.000000e+00,0.0000,0.0000,0
50,features.16,435,pruned_before,nan,0.000000e+00,0.000000e+00,0.0000,0.0000,0
50,features.16,436,pruned_before,nan,0.000000e+00,0.000000e+00,0.0000,0.0000,0
50,features.16,437,pruned_before,nan,0.000000e+00,0.000000e+00,0.0000,0.0000,0
50,features.16,438,pruned_before,nan,0.000000e+00,0.000000e+00,0.0000,0.0000,0
50,features.16,439,pruned_before,nan,0.000000e+00,0.000000e+00,0.0000,0.0000,0
50,features.16,440,pruned_before,nan,0.000000e+00,0.000000e+00,0.0000,0.0000,0
50,features.16,441,pruned_before,nan,0.000000e+00,0.000000e+00,0.0000,0.0000,0
50,features.16,442,pruned_before,nan,0.000000e+00,0.000000e+00,0.0000,0.0000,0
50,features.16,443,active,0.005813,8.170755e-08,4.989623e-06,0.0317,0.0100,329
50,features.16,444,pruned_before,nan,0.000000e+00,0.000000e+00,0.0000,0.0000,0
50,features.16,445,pruned_before,nan,0.000000e+00,0.000000e+00,0.0000,0.0000,0
50,features.16,446,pruned_now,-0.003259,2.010453e-07,2.523518e-06,0.0780,0.0050,329
50,features.16,447,pruned_before,nan,0.000000e+00,0.000000e+00,0.0000,0.0000,0
50,features.16,448,pruned_before,nan,0.000000e+00,0.000000e+00,0.0000,0.0000,0
50,features.16,449,pruned_before,nan,0.000000e+00,0.000000e+00,0.0000,0.0000,0
50,features.16,450,pruned_before,nan,0.000000e+00,0.000000e+00,0.0000,0.0000,0
50,features.16,451,active,-0.000505,4.678038e-08,7.280078e-07,0.0182,0.0015,329
50,features.16,452,pruned_before,nan,0.000000e+00,0.000000e+00,0.0000,0.0000,0
50,features.16,453,active,0.010885,6.481548e-08,7.442310e-06,0.0252,0.0149,329
50,features.16,454,pruned_before,nan,0.000000e+00,0.000000e+00,0.0000,0.0000,0
50,features.16,455,active,0.004191,4.572532e-08,3.312952e-06,0.0177,0.0066,329
50,features.16,456,pruned_before,nan,0.000000e+00,0.000000e+00,0.0000,0.0000,0
50,features.16,457,pruned_before,nan,0.000000e+00,0.000000e+00,0.0000,0.0000,0
50,features.16,458,pruned_before,nan,0.000000e+00,0.000000e+00,0.0000,0.0000,0
50,features.16,459,pruned_before,nan,0.000000e+00,0.000000e+00,0.0000,0.0000,0
50,features.16,460,pruned_before,nan,0.000000e+00,0.000000e+00,0.0000,0.0000,0
50,features.16,461,pruned_before,nan,0.000000e+00,0.000000e+00,0.0000,0.0000,0
50,features.16,462,pruned_before,nan,0.000000e+00,0.000000e+00,0.0000,0.0000,0
50,features.16,463,pruned_before,nan,0.000000e+00,0.000000e+00,0.0000,0.0000,0
50,features.16,464,pruned_before,nan,0.000000e+00,0.000000e+00,0.0000,0.0000,0
50,features.16,465,pruned_before,nan,0.000000e+00,0.000000e+00,0.0000,0.0000,0
50,features.16,466,pruned_before,nan,0.000000e+00,0.000000e+00,0.0000,0.0000,0
50,features.16,467,pruned_now,-0.000758,8.151398e-08,1.335878e-06,0.0316,0.0027,329
50,features.16,468,pruned_before,nan,0.000000e+00,0.000000e+00,0.0000,0.0000,0
50,features.16,469,pruned_before,nan,0.000000e+00,0.000000e+00,0.0000,0.0000,0
50,features.16,470,pruned_before,nan,0.000000e+00,0.000000e+00,0.0000,0.0000,0
50,features.16,471,pruned_before,nan,0.000000e+00,0.000000e+00,0.0000,0.0000,0
50,features.16,472,active,0.006512,4.386968e-07,1.307258e-05,0.1703,0.0262,329
50,features.16,473,pruned_now,-0.005987,3.166885e-07,3.501227e-06,0.1229,0.0070,329
50,features.16,474,pruned_before,nan,0.000000e+00,0.000000e+00,0.0000,0.0000,0
50,features.16,475,pruned_before,nan,0.000000e+00,0.000000e+00,0.0000,0.0000,0
50,features.16,476,pruned_before,nan,0.000000e+00,0.000000e+00,0.0000,0.0000,0
50,features.16,477,pruned_before,nan,0.000000e+00,0.000000e+00,0.0000,0.0000,0
50,features.16,478,pruned_before,nan,0.000000e+00,0.000000e+00,0.0000,0.0000,0
50,features.16,479,active,0.002645,6.574849e-08,2.886026e-06,0.0255,0.0058,329
50,features.16,480,pruned_before,nan,0.000000e+00,0.000000e+00,0.0000,0.0000,0
50,features.16,481,pruned_before,nan,0.000000e+00,0.000000e+00,0.0000,0.0000,0
50,features.16,482,pruned_before,nan,0.000000e+00,0.000000e+00,0.0000,0.0000,0
50,features.16,483,pruned_before,nan,0.000000e+00,0.000000e+00,0.0000,0.0000,0
50,features.16,484,pruned_before,nan,0.000000e+00,0.000000e+00,0.0000,0.0000,0
50,features.16,485,pruned_before,nan,0.000000e+00,0.000000e+00,0.0000,0.0000,0
50,features.16,486,pruned_before,nan,0.000000e+00,0.000000e+00,0.0000,0.0000,0
50,features.16,487,pruned_before,nan,0.000000e+00,0.000000e+00,0.0000,0.0000,0
50,features.16,488,pruned_before,nan,0.000000e+00,0.000000e+00,0.0000,0.0000,0
50,features.16,489,pruned_before,nan,0.000000e+00,0.000000e+00,0.0000,0.0000,0
50,features.16,490,pruned_before,nan,0.000000e+00,0.000000e+00,0.0000,0.0000,0
50,features.16,491,pruned_before,nan,0.000000e+00,0.000000e+00,0.0000,0.0000,0
50,features.16,492,pruned_before,nan,0.000000e+00,0.000000e+00,0.0000,0.0000,0
50,features.16,493,pruned_before,nan,0.000000e+00,0.000000e+00,0.0000,0.0000,0
50,features.16,494,pruned_before,nan,0.000000e+00,0.000000e+00,0.0000,0.0000,0
50,features.16,495,pruned_before,nan,0.000000e+00,0.000000e+00,0.0000,0.0000,0
50,features.16,496,pruned_before,nan,0.000000e+00,0.000000e+00,0.0000,0.0000,0
50,features.16,497,pruned_before,nan,0.000000e+00,0.000000e+00,0.0000,0.0000,0
50,features.16,498,pruned_before,nan,0.000000e+00,0.000000e+00,0.0000,0.0000,0
50,features.16,499,pruned_before,nan,0.000000e+00,0.000000e+00,0.0000,0.0000,0
50,features.16,500,pruned_before,nan,0.000000e+00,0.000000e+00,0.0000,0.0000,0
50,features.16,501,pruned_before,nan,0.000000e+00,0.000000e+00,0.0000,0.0000,0
50,features.16,502,pruned_before,nan,0.000000e+00,0.000000e+00,0.0000,0.0000,0
50,features.16,503,pruned_before,nan,0.000000e+00,0.000000e+00,0.0000,0.0000,0
50,features.16,504,pruned_before,nan,0.000000e+00,0.000000e+00,0.0000,0.0000,0
50,features.16,505,pruned_before,nan,0.000000e+00,0.000000e+00,0.0000,0.0000,0
50,features.16,506,pruned_before,nan,0.000000e+00,0.000000e+00,0.0000,0.0000,0
50,features.16,507,pruned_before,nan,0.000000e+00,0.000000e+00,0.0000,0.0000,0
50,features.16,508,pruned_before,nan,0.000000e+00,0.000000e+00,0.0000,0.0000,0
50,features.16,509,pruned_now,-0.001159,8.765506e-08,1.245523e-06,0.0340,0.0025,329
50,features.16,510,pruned_before,nan,0.000000e+00,0.000000e+00,0.0000,0.0000,0
50,features.16,511,pruned_before,nan,0.000000e+00,0.000000e+00,0.0000,0.0000,0
50,features.16,512,pruned_before,nan,0.000000e+00,0.000000e+00,0.0000,0.0000,0
50,features.16,513,active,0.002888,1.017912e-07,3.798039e-06,0.0395,0.0076,329
50,features.16,514,pruned_before,nan,0.000000e+00,0.000000e+00,0.0000,0.0000,0
50,features.16,515,pruned_before,nan,0.000000e+00,0.000000e+00,0.0000,0.0000,0
50,features.16,516,pruned_before,nan,0.000000e+00,0.000000e+00,0.0000,0.0000,0
50,features.16,517,pruned_before,nan,0.000000e+00,0.000000e+00,0.0000,0.0000,0
50,features.16,518,pruned_before,nan,0.000000e+00,0.000000e+00,0.0000,0.0000,0
50,features.16,519,pruned_before,nan,0.000000e+00,0.000000e+00,0.0000,0.0000,0
50,features.16,520,pruned_before,nan,0.000000e+00,0.000000e+00,0.0000,0.0000,0
50,features.16,521,pruned_before,nan,0.000000e+00,0.000000e+00,0.0000,0.0000,0
50,features.16,522,pruned_before,nan,0.000000e+00,0.000000e+00,0.0000,0.0000,0
50,features.16,523,pruned_before,nan,0.000000e+00,0.000000e+00,0.0000,0.0000,0
50,features.16,524,pruned_before,nan,0.000000e+00,0.000000e+00,0.0000,0.0000,0
50,features.16,525,pruned_before,nan,0.000000e+00,0.000000e+00,0.0000,0.0000,0
50,features.16,526,pruned_before,nan,0.000000e+00,0.000000e+00,0.0000,0.0000,0
50,features.16,527,pruned_before,nan,0.000000e+00,0.000000e+00,0.0000,0.0000,0
50,features.16,528,pruned_before,nan,0.000000e+00,0.000000e+00,0.0000,0.0000,0
50,features.16,529,pruned_before,nan,0.000000e+00,0.000000e+00,0.0000,0.0000,0
50,features.16,530,pruned_before,nan,0.000000e+00,0.000000e+00,0.0000,0.0000,0
50,features.16,531,pruned_before,nan,0.000000e+00,0.000000e+00,0.0000,0.0000,0
50,features.16,532,pruned_before,nan,0.000000e+00,0.000000e+00,0.0000,0.0000,0
50,features.16,533,pruned_before,nan,0.000000e+00,0.000000e+00,0.0000,0.0000,0
50,features.16,534,pruned_before,nan,0.000000e+00,0.000000e+00,0.0000,0.0000,0
50,features.16,535,pruned_before,nan,0.000000e+00,0.000000e+00,0.0000,0.0000,0
50,features.16,536,pruned_before,nan,0.000000e+00,0.000000e+00,0.0000,0.0000,0
50,features.16,537,pruned_before,nan,0.000000e+00,0.000000e+00,0.0000,0.0000,0
50,features.16,538,pruned_before,nan,0.000000e+00,0.000000e+00,0.0000,0.0000,0
50,features.16,539,pruned_before,nan,0.000000e+00,0.000000e+00,0.0000,0.0000,0
50,features.16,540,pruned_before,nan,0.000000e+00,0.000000e+00,0.0000,0.0000,0
50,features.16,541,pruned_before,nan,0.000000e+00,0.000000e+00,0.0000,0.0000,0
50,features.16,542,active,0.001260,3.024510e-07,7.218998e-06,0.1174,0.0144,329
50,features.16,543,pruned_before,nan,0.000000e+00,0.000000e+00,0.0000,0.0000,0
50,features.16,544,pruned_before,nan,0.000000e+00,0.000000e+00,0.0000,0.0000,0
50,features.16,545,active,0.008300,4.169851e-08,5.508098e-06,0.0162,0.0110,329
50,features.16,546,pruned_before,nan,0.000000e+00,0.000000e+00,0.0000,0.0000,0
50,features.16,547,pruned_before,nan,0.000000e+00,0.000000e+00,0.0000,0.0000,0
50,features.16,548,pruned_before,nan,0.000000e+00,0.000000e+00,0.0000,0.0000,0
50,features.16,549,pruned_before,nan,0.000000e+00,0.000000e+00,0.0000,0.0000,0
50,features.16,550,pruned_before,nan,0.000000e+00,0.000000e+00,0.0000,0.0000,0
50,features.16,551,pruned_before,nan,0.000000e+00,0.000000e+00,0.0000,0.0000,0
50,features.16,552,pruned_before,nan,0.000000e+00,0.000000e+00,0.0000,0.0000,0
50,features.16,553,pruned_before,nan,0.000000e+00,0.000000e+00,0.0000,0.0000,0
50,features.16,554,pruned_before,nan,0.000000e+00,0.000000e+00,0.0000,0.0000,0
50,features.16,555,pruned_before,nan,0.000000e+00,0.000000e+00,0.0000,0.0000,0
50,features.16,556,pruned_before,nan,0.000000e+00,0.000000e+00,0.0000,0.0000,0
50,features.16,557,pruned_before,nan,0.000000e+00,0.000000e+00,0.0000,0.0000,0
50,features.16,558,pruned_before,nan,0.000000e+00,0.000000e+00,0.0000,0.0000,0
50,features.16,559,active,0.012785,1.609943e-07,1.057070e-05,0.0625,0.0211,329
50,features.16,560,pruned_before,nan,0.000000e+00,0.000000e+00,0.0000,0.0000,0
50,features.16,561,pruned_before,nan,0.000000e+00,0.000000e+00,0.0000,0.0000,0
50,features.16,562,pruned_before,nan,0.000000e+00,0.000000e+00,0.0000,0.0000,0
50,features.16,563,pruned_before,nan,0.000000e+00,0.000000e+00,0.0000,0.0000,0
50,features.16,564,active,0.001607,6.963374e-08,2.393498e-06,0.0270,0.0048,329
50,features.16,565,pruned_before,nan,0.000000e+00,0.000000e+00,0.0000,0.0000,0
50,features.16,566,pruned_before,nan,0.000000e+00,0.000000e+00,0.0000,0.0000,0
50,features.16,567,active,0.012363,1.717955e-07,1.056872e-05,0.0667,0.0211,329
50,features.16,568,pruned_before,nan,0.000000e+00,0.000000e+00,0.0000,0.0000,0
50,features.16,569,pruned_before,nan,0.000000e+00,0.000000e+00,0.0000,0.0000,0
50,features.16,570,pruned_now,-0.002044,1.159693e-07,1.364610e-06,0.0450,0.0027,329
50,features.16,571,pruned_before,nan,0.000000e+00,0.000000e+00,0.0000,0.0000,0
50,features.16,572,pruned_before,nan,0.000000e+00,0.000000e+00,0.0000,0.0000,0
50,features.16,573,active,0.005234,2.104820e-08,3.360272e-06,0.0082,0.0067,329
50,features.16,574,pruned_before,nan,0.000000e+00,0.000000e+00,0.0000,0.0000,0
50,features.16,575,pruned_before,nan,0.000000e+00,0.000000e+00,0.0000,0.0000,0
50,features.16,576,pruned_before,nan,0.000000e+00,0.000000e+00,0.0000,0.0000,0
50,features.16,577,pruned_before,nan,0.000000e+00,0.000000e+00,0.0000,0.0000,0
50,features.16,578,pruned_before,nan,0.000000e+00,0.000000e+00,0.0000,0.0000,0
50,features.16,579,pruned_before,nan,0.000000e+00,0.000000e+00,0.0000,0.0000,0
50,features.16,580,pruned_before,nan,0.000000e+00,0.000000e+00,0.0000,0.0000,0
50,features.16,581,pruned_before,nan,0.000000e+00,0.000000e+00,0.0000,0.0000,0
50,features.16,582,pruned_before,nan,0.000000e+00,0.000000e+00,0.0000,0.0000,0
50,features.16,583,pruned_before,nan,0.000000e+00,0.000000e+00,0.0000,0.0000,0
50,features.16,584,pruned_before,nan,0.000000e+00,0.000000e+00,0.0000,0.0000,0
50,features.16,585,pruned_before,nan,0.000000e+00,0.000000e+00,0.0000,0.0000,0
50,features.16,586,pruned_before,nan,0.000000e+00,0.000000e+00,0.0000,0.0000,0
50,features.16,587,pruned_before,nan,0.000000e+00,0.000000e+00,0.0000,0.0000,0
50,features.16,588,pruned_before,nan,0.000000e+00,0.000000e+00,0.0000,0.0000,0
50,features.16,589,active,0.007122,7.660356e-08,5.606488e-06,0.0297,0.0112,329
50,features.16,590,pruned_before,nan,0.000000e+00,0.000000e+00,0.0000,0.0000,0
50,features.16,591,pruned_before,nan,0.000000e+00,0.000000e+00,0.0000,0.0000,0
50,features.16,592,pruned_before,nan,0.000000e+00,0.000000e+00,0.0000,0.0000,0
50,features.16,593,pruned_before,nan,0.000000e+00,0.000000e+00,0.0000,0.0000,0
50,features.16,594,pruned_before,nan,0.000000e+00,0.000000e+00,0.0000,0.0000,0
50,features.16,595,pruned_before,nan,0.000000e+00,0.000000e+00,0.0000,0.0000,0
50,features.16,596,active,0.000952,7.443682e-08,2.133292e-06,0.0289,0.0043,329
50,features.16,597,pruned_now,-0.000931,1.575659e-07,2.879306e-06,0.0612,0.0058,329
50,features.16,598,pruned_before,nan,0.000000e+00,0.000000e+00,0.0000,0.0000,0
50,features.16,599,pruned_before,nan,0.000000e+00,0.000000e+00,0.0000,0.0000,0
50,features.16,600,pruned_before,nan,0.000000e+00,0.000000e+00,0.0000,0.0000,0
50,features.16,601,pruned_before,nan,0.000000e+00,0.000000e+00,0.0000,0.0000,0
50,features.16,602,pruned_before,nan,0.000000e+00,0.000000e+00,0.0000,0.0000,0
50,features.16,603,pruned_before,nan,0.000000e+00,0.000000e+00,0.0000,0.0000,0
50,features.16,604,pruned_before,nan,0.000000e+00,0.000000e+00,0.0000,0.0000,0
50,features.16,605,pruned_before,nan,0.000000e+00,0.000000e+00,0.0000,0.0000,0
50,features.16,606,pruned_before,nan,0.000000e+00,0.000000e+00,0.0000,0.0000,0
50,features.16,607,active,0.027068,2.937000e-07,2.136324e-05,0.1140,0.0427,329
50,features.16,608,pruned_now,-0.007666,1.872749e-06,3.611071e-05,0.7269,0.0722,329
50,features.16,609,pruned_before,nan,0.000000e+00,0.000000e+00,0.0000,0.0000,0
50,features.16,610,pruned_before,nan,0.000000e+00,0.000000e+00,0.0000,0.0000,0
50,features.16,611,pruned_before,nan,0.000000e+00,0.000000e+00,0.0000,0.0000,0
50,features.16,612,active,0.004195,1.823380e-08,2.722713e-06,0.0071,0.0054,329
50,features.16,613,pruned_before,nan,0.000000e+00,0.000000e+00,0.0000,0.0000,0
50,features.16,614,pruned_before,nan,0.000000e+00,0.000000e+00,0.0000,0.0000,0
50,features.16,615,pruned_before,nan,0.000000e+00,0.000000e+00,0.0000,0.0000,0
50,features.16,616,pruned_before,nan,0.000000e+00,0.000000e+00,0.0000,0.0000,0
50,features.16,617,pruned_before,nan,0.000000e+00,0.000000e+00,0.0000,0.0000,0
50,features.16,618,pruned_before,nan,0.000000e+00,0.000000e+00,0.0000,0.0000,0
50,features.16,619,pruned_before,nan,0.000000e+00,0.000000e+00,0.0000,0.0000,0
50,features.16,620,pruned_now,-0.000888,1.280637e-07,2.267308e-06,0.0497,0.0045,329
50,features.16,621,pruned_before,nan,0.000000e+00,0.000000e+00,0.0000,0.0000,0
50,features.16,622,pruned_before,nan,0.000000e+00,0.000000e+00,0.0000,0.0000,0
50,features.16,623,pruned_before,nan,0.000000e+00,0.000000e+00,0.0000,0.0000,0
50,features.16,624,pruned_now,-0.005442,2.726381e-07,2.854407e-06,0.1058,0.0057,329
50,features.16,625,pruned_before,nan,0.000000e+00,0.000000e+00,0.0000,0.0000,0
50,features.16,626,active,0.004453,1.900485e-08,2.882781e-06,0.0074,0.0058,329
50,features.16,627,pruned_before,nan,0.000000e+00,0.000000e+00,0.0000,0.0000,0
50,features.16,628,active,0.007769,2.777765e-08,4.913247e-06,0.0108,0.0098,329
50,features.16,629,pruned_before,nan,0.000000e+00,0.000000e+00,0.0000,0.0000,0
50,features.16,630,pruned_before,nan,0.000000e+00,0.000000e+00,0.0000,0.0000,0
50,features.16,631,pruned_before,nan,0.000000e+00,0.000000e+00,0.0000,0.0000,0
50,features.16,632,pruned_before,nan,0.000000e+00,0.000000e+00,0.0000,0.0000,0
50,features.16,633,pruned_before,nan,0.000000e+00,0.000000e+00,0.0000,0.0000,0
50,features.16,634,active,0.030111,3.239125e-07,2.370446e-05,0.1257,0.0474,329
50,features.16,635,pruned_before,nan,0.000000e+00,0.000000e+00,0.0000,0.0000,0
50,features.16,636,active,-0.000216,1.698019e-07,3.540233e-06,0.0659,0.0071,329
50,features.16,637,pruned_before,nan,0.000000e+00,0.000000e+00,0.0000,0.0000,0
50,features.16,638,pruned_before,nan,0.000000e+00,0.000000e+00,0.0000,0.0000,0
50,features.16,639,pruned_before,nan,0.000000e+00,0.000000e+00,0.0000,0.0000,0
50,features.16,640,pruned_before,nan,0.000000e+00,0.000000e+00,0.0000,0.0000,0
50,features.16,641,pruned_before,nan,0.000000e+00,0.000000e+00,0.0000,0.0000,0
50,features.16,642,pruned_before,nan,0.000000e+00,0.000000e+00,0.0000,0.0000,0
50,features.16,643,active,0.000036,1.170899e-07,2.544166e-06,0.0454,0.0051,329
50,features.16,644,pruned_now,-0.001268,2.945635e-07,5.645053e-06,0.1143,0.0113,329
50,features.16,645,pruned_before,nan,0.000000e+00,0.000000e+00,0.0000,0.0000,0
50,features.16,646,active,0.005310,4.553807e-08,3.930612e-06,0.0177,0.0079,329
50,features.16,647,pruned_before,nan,0.000000e+00,0.000000e+00,0.0000,0.0000,0
50,features.16,648,pruned_before,nan,0.000000e+00,0.000000e+00,0.0000,0.0000,0
50,features.16,649,pruned_before,nan,0.000000e+00,0.000000e+00,0.0000,0.0000,0
50,features.16,650,pruned_before,nan,0.000000e+00,0.000000e+00,0.0000,0.0000,0
50,features.16,651,pruned_before,nan,0.000000e+00,0.000000e+00,0.0000,0.0000,0
50,features.16,652,pruned_now,-0.000622,8.368950e-08,1.458596e-06,0.0325,0.0029,329
50,features.16,653,pruned_before,nan,0.000000e+00,0.000000e+00,0.0000,0.0000,0
50,features.16,654,active,0.006767,6.002484e-08,5.051950e-06,0.0233,0.0101,329
50,features.16,655,pruned_before,nan,0.000000e+00,0.000000e+00,0.0000,0.0000,0
50,features.16,656,pruned_before,nan,0.000000e+00,0.000000e+00,0.0000,0.0000,0
50,features.16,657,pruned_before,nan,0.000000e+00,0.000000e+00,0.0000,0.0000,0
50,features.16,658,pruned_before,nan,0.000000e+00,0.000000e+00,0.0000,0.0000,0
50,features.16,659,pruned_before,nan,0.000000e+00,0.000000e+00,0.0000,0.0000,0
50,features.16,660,pruned_now,-0.003597,1.375189e-07,9.665264e-07,0.0534,0.0019,329
50,features.16,661,pruned_before,nan,0.000000e+00,0.000000e+00,0.0000,0.0000,0
50,features.16,662,pruned_before,nan,0.000000e+00,0.000000e+00,0.0000,0.0000,0
50,features.16,663,pruned_before,nan,0.000000e+00,0.000000e+00,0.0000,0.0000,0
50,features.16,664,pruned_before,nan,0.000000e+00,0.000000e+00,0.0000,0.0000,0
50,features.16,665,pruned_before,nan,0.000000e+00,0.000000e+00,0.0000,0.0000,0
50,features.16,666,pruned_before,nan,0.000000e+00,0.000000e+00,0.0000,0.0000,0
50,features.16,667,pruned_before,nan,0.000000e+00,0.000000e+00,0.0000,0.0000,0
50,features.16,668,pruned_before,nan,0.000000e+00,0.000000e+00,0.0000,0.0000,0
50,features.16,669,pruned_now,-0.005522,3.251482e-07,3.942328e-06,0.1262,0.0079,329
50,features.16,670,pruned_before,nan,0.000000e+00,0.000000e+00,0.0000,0.0000,0
50,features.16,671,pruned_now,-0.004924,1.834385e-07,1.219648e-06,0.0712,0.0024,329
50,features.16,672,pruned_before,nan,0.000000e+00,0.000000e+00,0.0000,0.0000,0
50,features.16,673,pruned_before,nan,0.000000e+00,0.000000e+00,0.0000,0.0000,0
50,features.16,674,pruned_before,nan,0.000000e+00,0.000000e+00,0.0000,0.0000,0
50,features.16,675,pruned_before,nan,0.000000e+00,0.000000e+00,0.0000,0.0000,0
50,features.16,676,pruned_before,nan,0.000000e+00,0.000000e+00,0.0000,0.0000,0
50,features.16,677,pruned_before,nan,0.000000e+00,0.000000e+00,0.0000,0.0000,0
50,features.16,678,pruned_before,nan,0.000000e+00,0.000000e+00,0.0000,0.0000,0
50,features.16,679,pruned_before,nan,0.000000e+00,0.000000e+00,0.0000,0.0000,0
50,features.16,680,pruned_before,nan,0.000000e+00,0.000000e+00,0.0000,0.0000,0
50,features.16,681,pruned_before,nan,0.000000e+00,0.000000e+00,0.0000,0.0000,0
50,features.16,682,pruned_before,nan,0.000000e+00,0.000000e+00,0.0000,0.0000,0
50,features.16,683,pruned_before,nan,0.000000e+00,0.000000e+00,0.0000,0.0000,0
50,features.16,684,pruned_before,nan,0.000000e+00,0.000000e+00,0.0000,0.0000,0
50,features.16,685,pruned_before,nan,0.000000e+00,0.000000e+00,0.0000,0.0000,0
50,features.16,686,active,0.002567,1.139291e-08,1.670935e-06,0.0044,0.0033,329
50,features.16,687,pruned_before,nan,0.000000e+00,0.000000e+00,0.0000,0.0000,0
50,features.16,688,pruned_before,nan,0.000000e+00,0.000000e+00,0.0000,0.0000,0
50,features.16,689,pruned_before,nan,0.000000e+00,0.000000e+00,0.0000,0.0000,0
50,features.16,690,pruned_before,nan,0.000000e+00,0.000000e+00,0.0000,0.0000,0
50,features.16,691,pruned_before,nan,0.000000e+00,0.000000e+00,0.0000,0.0000,0
50,features.16,692,pruned_before,nan,0.000000e+00,0.000000e+00,0.0000,0.0000,0
50,features.16,693,pruned_before,nan,0.000000e+00,0.000000e+00,0.0000,0.0000,0
50,features.16,694,pruned_before,nan,0.000000e+00,0.000000e+00,0.0000,0.0000,0
50,features.16,695,pruned_before,nan,0.000000e+00,0.000000e+00,0.0000,0.0000,0
50,features.16,696,pruned_before,nan,0.000000e+00,0.000000e+00,0.0000,0.0000,0
50,features.16,697,pruned_before,nan,0.000000e+00,0.000000e+00,0.0000,0.0000,0
50,features.16,698,pruned_before,nan,0.000000e+00,0.000000e+00,0.0000,0.0000,0
50,features.16,699,pruned_before,nan,0.000000e+00,0.000000e+00,0.0000,0.0000,0
50,features.16,700,pruned_before,nan,0.000000e+00,0.000000e+00,0.0000,0.0000,0
50,features.16,701,pruned_before,nan,0.000000e+00,0.000000e+00,0.0000,0.0000,0
50,features.16,702,active,0.000057,8.006878e-08,1.757472e-06,0.0311,0.0035,329
50,features.16,703,pruned_before,nan,0.000000e+00,0.000000e+00,0.0000,0.0000,0
50,features.16,704,pruned_before,nan,0.000000e+00,0.000000e+00,0.0000,0.0000,0
50,features.16,705,active,0.009853,1.258346e-07,8.184501e-06,0.0488,0.0164,329
50,features.16,706,pruned_before,nan,0.000000e+00,0.000000e+00,0.0000,0.0000,0
50,features.16,707,pruned_before,nan,0.000000e+00,0.000000e+00,0.0000,0.0000,0
50,features.16,708,active,0.026654,2.102345e-07,1.933381e-05,0.0816,0.0387,329
50,features.16,709,pruned_before,nan,0.000000e+00,0.000000e+00,0.0000,0.0000,0
50,features.16,710,pruned_before,nan,0.000000e+00,0.000000e+00,0.0000,0.0000,0
50,features.16,711,pruned_before,nan,0.000000e+00,0.000000e+00,0.0000,0.0000,0
50,features.16,712,pruned_before,nan,0.000000e+00,0.000000e+00,0.0000,0.0000,0
50,features.16,713,pruned_before,nan,0.000000e+00,0.000000e+00,0.0000,0.0000,0
50,features.16,714,pruned_before,nan,0.000000e+00,0.000000e+00,0.0000,0.0000,0
50,features.16,715,pruned_before,nan,0.000000e+00,0.000000e+00,0.0000,0.0000,0
50,features.16,716,pruned_before,nan,0.000000e+00,0.000000e+00,0.0000,0.0000,0
50,features.16,717,active,0.001220,6.969555e-08,2.179979e-06,0.0271,0.0044,329
50,features.16,718,pruned_before,nan,0.000000e+00,0.000000e+00,0.0000,0.0000,0
50,features.16,719,pruned_now,-0.001923,7.100662e-07,1.423797e-05,0.2756,0.0285,329
50,features.16,720,active,0.003450,4.258091e-08,2.834037e-06,0.0165,0.0057,329
50,features.16,721,pruned_before,nan,0.000000e+00,0.000000e+00,0.0000,0.0000,0
50,features.16,722,pruned_before,nan,0.000000e+00,0.000000e+00,0.0000,0.0000,0
50,features.16,723,active,0.127495,7.146312e-07,8.620873e-05,0.2774,0.1725,329
50,features.16,724,pruned_before,nan,0.000000e+00,0.000000e+00,0.0000,0.0000,0
50,features.16,725,active,0.010975,1.480318e-07,9.285779e-06,0.0575,0.0186,329
50,features.16,726,pruned_before,nan,0.000000e+00,0.000000e+00,0.0000,0.0000,0
50,features.16,727,pruned_before,nan,0.000000e+00,0.000000e+00,0.0000,0.0000,0
50,features.16,728,pruned_before,nan,0.000000e+00,0.000000e+00,0.0000,0.0000,0
50,features.16,729,pruned_before,nan,0.000000e+00,0.000000e+00,0.0000,0.0000,0
50,features.16,730,pruned_before,nan,0.000000e+00,0.000000e+00,0.0000,0.0000,0
50,features.16,731,pruned_before,nan,0.000000e+00,0.000000e+00,0.0000,0.0000,0
50,features.16,732,pruned_before,nan,0.000000e+00,0.000000e+00,0.0000,0.0000,0
50,features.16,733,pruned_before,nan,0.000000e+00,0.000000e+00,0.0000,0.0000,0
50,features.16,734,pruned_before,nan,0.000000e+00,0.000000e+00,0.0000,0.0000,0
50,features.16,735,active,0.011457,6.889320e-08,7.847520e-06,0.0267,0.0157,329
50,features.16,736,pruned_before,nan,0.000000e+00,0.000000e+00,0.0000,0.0000,0
50,features.16,737,pruned_before,nan,0.000000e+00,0.000000e+00,0.0000,0.0000,0
50,features.16,738,pruned_before,nan,0.000000e+00,0.000000e+00,0.0000,0.0000,0
50,features.16,739,pruned_before,nan,0.000000e+00,0.000000e+00,0.0000,0.0000,0
50,features.16,740,pruned_before,nan,0.000000e+00,0.000000e+00,0.0000,0.0000,0
50,features.16,741,pruned_before,nan,0.000000e+00,0.000000e+00,0.0000,0.0000,0
50,features.16,742,pruned_before,nan,0.000000e+00,0.000000e+00,0.0000,0.0000,0
50,features.16,743,pruned_before,nan,0.000000e+00,0.000000e+00,0.0000,0.0000,0
50,features.16,744,pruned_now,-0.001956,3.196368e-07,5.803626e-06,0.1241,0.0116,329
50,features.16,745,active,0.009482,1.569414e-08,5.604407e-06,0.0061,0.0112,329
50,features.16,746,pruned_before,nan,0.000000e+00,0.000000e+00,0.0000,0.0000,0
50,features.16,747,pruned_before,nan,0.000000e+00,0.000000e+00,0.0000,0.0000,0
50,features.16,748,active,0.017925,6.325114e-07,2.358861e-05,0.2455,0.0472,329
50,features.16,749,pruned_before,nan,0.000000e+00,0.000000e+00,0.0000,0.0000,0
50,features.16,750,pruned_before,nan,0.000000e+00,0.000000e+00,0.0000,0.0000,0
50,features.16,751,pruned_before,nan,0.000000e+00,0.000000e+00,0.0000,0.0000,0
50,features.16,752,pruned_before,nan,0.000000e+00,0.000000e+00,0.0000,0.0000,0
50,features.16,753,pruned_before,nan,0.000000e+00,0.000000e+00,0.0000,0.0000,0
50,features.16,754,pruned_before,nan,0.000000e+00,0.000000e+00,0.0000,0.0000,0
50,features.16,755,pruned_before,nan,0.000000e+00,0.000000e+00,0.0000,0.0000,0
50,features.16,756,pruned_before,nan,0.000000e+00,0.000000e+00,0.0000,0.0000,0
50,features.16,757,active,0.003620,1.067452e-08,2.240243e-06,0.0041,0.0045,329
50,features.16,758,pruned_before,nan,0.000000e+00,0.000000e+00,0.0000,0.0000,0
50,features.16,759,pruned_before,nan,0.000000e+00,0.000000e+00,0.0000,0.0000,0
50,features.16,760,pruned_before,nan,0.000000e+00,0.000000e+00,0.0000,0.0000,0
50,features.16,761,pruned_before,nan,0.000000e+00,0.000000e+00,0.0000,0.0000,0
50,features.16,762,pruned_before,nan,0.000000e+00,0.000000e+00,0.0000,0.0000,0
50,features.16,763,pruned_before,nan,0.000000e+00,0.000000e+00,0.0000,0.0000,0
50,features.16,764,pruned_before,nan,0.000000e+00,0.000000e+00,0.0000,0.0000,0
50,features.16,765,pruned_before,nan,0.000000e+00,0.000000e+00,0.0000,0.0000,0
50,features.16,766,active,0.007645,9.261321e-08,6.242079e-06,0.0359,0.0125,329
50,features.16,767,pruned_before,nan,0.000000e+00,0.000000e+00,0.0000,0.0000,0
50,features.16,768,pruned_before,nan,0.000000e+00,0.000000e+00,0.0000,0.0000,0
50,features.16,769,pruned_before,nan,0.000000e+00,0.000000e+00,0.0000,0.0000,0
50,features.16,770,pruned_before,nan,0.000000e+00,0.000000e+00,0.0000,0.0000,0
50,features.16,771,pruned_before,nan,0.000000e+00,0.000000e+00,0.0000,0.0000,0
50,features.16,772,pruned_before,nan,0.000000e+00,0.000000e+00,0.0000,0.0000,0
50,features.16,773,pruned_before,nan,0.000000e+00,0.000000e+00,0.0000,0.0000,0
50,features.16,774,pruned_before,nan,0.000000e+00,0.000000e+00,0.0000,0.0000,0
50,features.16,775,pruned_before,nan,0.000000e+00,0.000000e+00,0.0000,0.0000,0
50,features.16,776,pruned_before,nan,0.000000e+00,0.000000e+00,0.0000,0.0000,0
50,features.16,777,pruned_before,nan,0.000000e+00,0.000000e+00,0.0000,0.0000,0
50,features.16,778,pruned_before,nan,0.000000e+00,0.000000e+00,0.0000,0.0000,0
50,features.16,779,pruned_before,nan,0.000000e+00,0.000000e+00,0.0000,0.0000,0
50,features.16,780,pruned_before,nan,0.000000e+00,0.000000e+00,0.0000,0.0000,0
50,features.16,781,pruned_before,nan,0.000000e+00,0.000000e+00,0.0000,0.0000,0
50,features.16,782,active,0.001614,1.504458e-07,4.139342e-06,0.0584,0.0083,329
50,features.16,783,pruned_before,nan,0.000000e+00,0.000000e+00,0.0000,0.0000,0
50,features.16,784,active,0.001564,3.796221e-08,1.686760e-06,0.0147,0.0034,329
50,features.16,785,pruned_before,nan,0.000000e+00,0.000000e+00,0.0000,0.0000,0
50,features.16,786,pruned_before,nan,0.000000e+00,0.000000e+00,0.0000,0.0000,0
50,features.16,787,active,0.051076,9.974597e-07,4.986564e-05,0.3872,0.0998,329
50,features.16,788,pruned_before,nan,0.000000e+00,0.000000e+00,0.0000,0.0000,0
50,features.16,789,pruned_before,nan,0.000000e+00,0.000000e+00,0.0000,0.0000,0
50,features.16,790,pruned_before,nan,0.000000e+00,0.000000e+00,0.0000,0.0000,0
50,features.16,791,pruned_before,nan,0.000000e+00,0.000000e+00,0.0000,0.0000,0
50,features.16,792,active,0.002231,1.316717e-07,4.077433e-06,0.0511,0.0082,329
50,features.16,793,pruned_before,nan,0.000000e+00,0.000000e+00,0.0000,0.0000,0
50,features.16,794,active,0.002316,8.801971e-08,3.183628e-06,0.0342,0.0064,329
50,features.16,795,pruned_before,nan,0.000000e+00,0.000000e+00,0.0000,0.0000,0
50,features.16,796,pruned_before,nan,0.000000e+00,0.000000e+00,0.0000,0.0000,0
50,features.16,797,pruned_before,nan,0.000000e+00,0.000000e+00,0.0000,0.0000,0
50,features.16,798,pruned_before,nan,0.000000e+00,0.000000e+00,0.0000,0.0000,0
50,features.16,799,active,0.017511,1.753586e-07,1.350471e-05,0.0681,0.0270,329
50,features.16,800,pruned_before,nan,0.000000e+00,0.000000e+00,0.0000,0.0000,0
50,features.16,801,pruned_before,nan,0.000000e+00,0.000000e+00,0.0000,0.0000,0
50,features.16,802,pruned_before,nan,0.000000e+00,0.000000e+00,0.0000,0.0000,0
50,features.16,803,pruned_before,nan,0.000000e+00,0.000000e+00,0.0000,0.0000,0
50,features.16,804,pruned_before,nan,0.000000e+00,0.000000e+00,0.0000,0.0000,0
50,features.16,805,pruned_before,nan,0.000000e+00,0.000000e+00,0.0000,0.0000,0
50,features.16,806,pruned_before,nan,0.000000e+00,0.000000e+00,0.0000,0.0000,0
50,features.16,807,pruned_before,nan,0.000000e+00,0.000000e+00,0.0000,0.0000,0
50,features.16,808,pruned_before,nan,0.000000e+00,0.000000e+00,0.0000,0.0000,0
50,features.16,809,active,0.003110,5.526376e-08,2.918417e-06,0.0215,0.0058,329
50,features.16,810,pruned_before,nan,0.000000e+00,0.000000e+00,0.0000,0.0000,0
50,features.16,811,pruned_before,nan,0.000000e+00,0.000000e+00,0.0000,0.0000,0
50,features.16,812,pruned_before,nan,0.000000e+00,0.000000e+00,0.0000,0.0000,0
50,features.16,813,pruned_before,nan,0.000000e+00,0.000000e+00,0.0000,0.0000,0
50,features.16,814,pruned_before,nan,0.000000e+00,0.000000e+00,0.0000,0.0000,0
50,features.16,815,pruned_before,nan,0.000000e+00,0.000000e+00,0.0000,0.0000,0
50,features.16,816,pruned_before,nan,0.000000e+00,0.000000e+00,0.0000,0.0000,0
50,features.16,817,pruned_before,nan,0.000000e+00,0.000000e+00,0.0000,0.0000,0
50,features.16,818,pruned_before,nan,0.000000e+00,0.000000e+00,0.0000,0.0000,0
50,features.16,819,pruned_before,nan,0.000000e+00,0.000000e+00,0.0000,0.0000,0
50,features.16,820,pruned_before,nan,0.000000e+00,0.000000e+00,0.0000,0.0000,0
50,features.16,821,active,0.001588,1.916222e-08,1.295023e-06,0.0074,0.0026,329
50,features.16,822,pruned_before,nan,0.000000e+00,0.000000e+00,0.0000,0.0000,0
50,features.16,823,pruned_before,nan,0.000000e+00,0.000000e+00,0.0000,0.0000,0
50,features.16,824,pruned_before,nan,0.000000e+00,0.000000e+00,0.0000,0.0000,0
50,features.16,825,pruned_before,nan,0.000000e+00,0.000000e+00,0.0000,0.0000,0
50,features.16,826,active,0.000631,7.355113e-08,1.935695e-06,0.0285,0.0039,329
50,features.16,827,pruned_before,nan,0.000000e+00,0.000000e+00,0.0000,0.0000,0
50,features.16,828,pruned_before,nan,0.000000e+00,0.000000e+00,0.0000,0.0000,0
50,features.16,829,pruned_before,nan,0.000000e+00,0.000000e+00,0.0000,0.0000,0
50,features.16,830,pruned_before,nan,0.000000e+00,0.000000e+00,0.0000,0.0000,0
50,features.16,831,pruned_before,nan,0.000000e+00,0.000000e+00,0.0000,0.0000,0
50,features.16,832,pruned_before,nan,0.000000e+00,0.000000e+00,0.0000,0.0000,0
50,features.16,833,pruned_before,nan,0.000000e+00,0.000000e+00,0.0000,0.0000,0
50,features.16,834,active,0.018194,3.226974e-07,1.706010e-05,0.1253,0.0341,329
50,features.16,835,pruned_before,nan,0.000000e+00,0.000000e+00,0.0000,0.0000,0
50,features.16,836,pruned_before,nan,0.000000e+00,0.000000e+00,0.0000,0.0000,0
50,features.16,837,pruned_before,nan,0.000000e+00,0.000000e+00,0.0000,0.0000,0
50,features.16,838,pruned_before,nan,0.000000e+00,0.000000e+00,0.0000,0.0000,0
50,features.16,839,pruned_before,nan,0.000000e+00,0.000000e+00,0.0000,0.0000,0
50,features.16,840,pruned_before,nan,0.000000e+00,0.000000e+00,0.0000,0.0000,0
50,features.16,841,pruned_now,-0.002438,2.802346e-07,4.686411e-06,0.1088,0.0094,329
50,features.16,842,pruned_before,nan,0.000000e+00,0.000000e+00,0.0000,0.0000,0
50,features.16,843,active,0.005641,1.188370e-07,5.694458e-06,0.0461,0.0114,329
50,features.16,844,pruned_now,-0.008581,3.858615e-07,3.551841e-06,0.1498,0.0071,329
50,features.16,845,pruned_before,nan,0.000000e+00,0.000000e+00,0.0000,0.0000,0
50,features.16,846,pruned_before,nan,0.000000e+00,0.000000e+00,0.0000,0.0000,0
50,features.16,847,pruned_before,nan,0.000000e+00,0.000000e+00,0.0000,0.0000,0
50,features.16,848,pruned_before,nan,0.000000e+00,0.000000e+00,0.0000,0.0000,0
50,features.16,849,pruned_before,nan,0.000000e+00,0.000000e+00,0.0000,0.0000,0
50,features.16,850,pruned_before,nan,0.000000e+00,0.000000e+00,0.0000,0.0000,0
50,features.16,851,pruned_before,nan,0.000000e+00,0.000000e+00,0.0000,0.0000,0
50,features.16,852,pruned_before,nan,0.000000e+00,0.000000e+00,0.0000,0.0000,0
50,features.16,853,pruned_before,nan,0.000000e+00,0.000000e+00,0.0000,0.0000,0
50,features.16,854,pruned_before,nan,0.000000e+00,0.000000e+00,0.0000,0.0000,0
50,features.16,855,pruned_before,nan,0.000000e+00,0.000000e+00,0.0000,0.0000,0
50,features.16,856,pruned_before,nan,0.000000e+00,0.000000e+00,0.0000,0.0000,0
50,features.16,857,pruned_before,nan,0.000000e+00,0.000000e+00,0.0000,0.0000,0
50,features.16,858,pruned_before,nan,0.000000e+00,0.000000e+00,0.0000,0.0000,0
50,features.16,859,pruned_before,nan,0.000000e+00,0.000000e+00,0.0000,0.0000,0
50,features.16,860,pruned_before,nan,0.000000e+00,0.000000e+00,0.0000,0.0000,0
50,features.16,861,pruned_before,nan,0.000000e+00,0.000000e+00,0.0000,0.0000,0
50,features.16,862,pruned_before,nan,0.000000e+00,0.000000e+00,0.0000,0.0000,0
50,features.16,863,pruned_before,nan,0.000000e+00,0.000000e+00,0.0000,0.0000,0
50,features.16,864,active,-0.000278,1.182398e-07,2.394291e-06,0.0459,0.0048,329
50,features.16,865,pruned_before,nan,0.000000e+00,0.000000e+00,0.0000,0.0000,0
50,features.16,866,pruned_before,nan,0.000000e+00,0.000000e+00,0.0000,0.0000,0
50,features.16,867,pruned_before,nan,0.000000e+00,0.000000e+00,0.0000,0.0000,0
50,features.16,868,pruned_before,nan,0.000000e+00,0.000000e+00,0.0000,0.0000,0
50,features.16,869,pruned_before,nan,0.000000e+00,0.000000e+00,0.0000,0.0000,0
50,features.16,870,pruned_before,nan,0.000000e+00,0.000000e+00,0.0000,0.0000,0
50,features.16,871,pruned_before,nan,0.000000e+00,0.000000e+00,0.0000,0.0000,0
50,features.16,872,pruned_before,nan,0.000000e+00,0.000000e+00,0.0000,0.0000,0
50,features.16,873,pruned_before,nan,0.000000e+00,0.000000e+00,0.0000,0.0000,0
50,features.16,874,pruned_before,nan,0.000000e+00,0.000000e+00,0.0000,0.0000,0
50,features.16,875,pruned_before,nan,0.000000e+00,0.000000e+00,0.0000,0.0000,0
50,features.16,876,pruned_before,nan,0.000000e+00,0.000000e+00,0.0000,0.0000,0
50,features.16,877,pruned_before,nan,0.000000e+00,0.000000e+00,0.0000,0.0000,0
50,features.16,878,pruned_before,nan,0.000000e+00,0.000000e+00,0.0000,0.0000,0
50,features.16,879,active,0.000647,6.896907e-08,1.845759e-06,0.0268,0.0037,329
50,features.16,880,pruned_before,nan,0.000000e+00,0.000000e+00,0.0000,0.0000,0
50,features.16,881,pruned_before,nan,0.000000e+00,0.000000e+00,0.0000,0.0000,0
50,features.16,882,pruned_before,nan,0.000000e+00,0.000000e+00,0.0000,0.0000,0
50,features.16,883,pruned_before,nan,0.000000e+00,0.000000e+00,0.0000,0.0000,0
50,features.16,884,pruned_before,nan,0.000000e+00,0.000000e+00,0.0000,0.0000,0
50,features.16,885,pruned_before,nan,0.000000e+00,0.000000e+00,0.0000,0.0000,0
50,features.16,886,pruned_before,nan,0.000000e+00,0.000000e+00,0.0000,0.0000,0
50,features.16,887,active,0.019781,3.745047e-08,1.179258e-05,0.0145,0.0236,329
50,features.16,888,pruned_now,-0.005246,2.142978e-07,1.705769e-06,0.0832,0.0034,329
50,features.16,889,pruned_before,nan,0.000000e+00,0.000000e+00,0.0000,0.0000,0
50,features.16,890,pruned_before,nan,0.000000e+00,0.000000e+00,0.0000,0.0000,0
50,features.16,891,pruned_before,nan,0.000000e+00,0.000000e+00,0.0000,0.0000,0
50,features.16,892,pruned_before,nan,0.000000e+00,0.000000e+00,0.0000,0.0000,0
50,features.16,893,pruned_before,nan,0.000000e+00,0.000000e+00,0.0000,0.0000,0
50,features.16,894,active,0.008807,7.039029e-08,6.408072e-06,0.0273,0.0128,329
50,features.16,895,pruned_before,nan,0.000000e+00,0.000000e+00,0.0000,0.0000,0
50,features.16,896,pruned_before,nan,0.000000e+00,0.000000e+00,0.0000,0.0000,0
50,features.16,897,pruned_before,nan,0.000000e+00,0.000000e+00,0.0000,0.0000,0
50,features.16,898,pruned_before,nan,0.000000e+00,0.000000e+00,0.0000,0.0000,0
50,features.16,899,pruned_before,nan,0.000000e+00,0.000000e+00,0.0000,0.0000,0
50,features.16,900,active,0.006001,1.849077e-08,3.731461e-06,0.0072,0.0075,329
50,features.16,901,pruned_before,nan,0.000000e+00,0.000000e+00,0.0000,0.0000,0
50,features.16,902,pruned_before,nan,0.000000e+00,0.000000e+00,0.0000,0.0000,0
50,features.16,903,active,0.009050,1.912827e-08,5.438381e-06,0.0074,0.0109,329
50,features.16,904,active,0.005739,1.558311e-07,6.546419e-06,0.0605,0.0131,329
50,features.16,905,pruned_before,nan,0.000000e+00,0.000000e+00,0.0000,0.0000,0
50,features.16,906,pruned_before,nan,0.000000e+00,0.000000e+00,0.0000,0.0000,0
50,features.16,907,pruned_before,nan,0.000000e+00,0.000000e+00,0.0000,0.0000,0
50,features.16,908,pruned_before,nan,0.000000e+00,0.000000e+00,0.0000,0.0000,0
50,features.16,909,pruned_before,nan,0.000000e+00,0.000000e+00,0.0000,0.0000,0
50,features.16,910,pruned_before,nan,0.000000e+00,0.000000e+00,0.0000,0.0000,0
50,features.16,911,pruned_before,nan,0.000000e+00,0.000000e+00,0.0000,0.0000,0
50,features.16,912,pruned_now,-0.005183,2.900269e-07,3.373239e-06,0.1126,0.0067,329
50,features.16,913,pruned_before,nan,0.000000e+00,0.000000e+00,0.0000,0.0000,0
50,features.16,914,pruned_now,-0.001951,1.088951e-07,1.263918e-06,0.0423,0.0025,329
50,features.16,915,pruned_before,nan,0.000000e+00,0.000000e+00,0.0000,0.0000,0
50,features.16,916,pruned_before,nan,0.000000e+00,0.000000e+00,0.0000,0.0000,0
50,features.16,917,pruned_before,nan,0.000000e+00,0.000000e+00,0.0000,0.0000,0
50,features.16,918,pruned_before,nan,0.000000e+00,0.000000e+00,0.0000,0.0000,0
50,features.16,919,pruned_before,nan,0.000000e+00,0.000000e+00,0.0000,0.0000,0
50,features.16,920,pruned_before,nan,0.000000e+00,0.000000e+00,0.0000,0.0000,0
50,features.16,921,pruned_before,nan,0.000000e+00,0.000000e+00,0.0000,0.0000,0
50,features.16,922,pruned_before,nan,0.000000e+00,0.000000e+00,0.0000,0.0000,0
50,features.16,923,pruned_before,nan,0.000000e+00,0.000000e+00,0.0000,0.0000,0
50,features.16,924,pruned_before,nan,0.000000e+00,0.000000e+00,0.0000,0.0000,0
50,features.16,925,pruned_before,nan,0.000000e+00,0.000000e+00,0.0000,0.0000,0
50,features.16,926,pruned_now,-0.001666,1.417256e-07,2.129895e-06,0.0550,0.0043,329
50,features.16,927,pruned_before,nan,0.000000e+00,0.000000e+00,0.0000,0.0000,0
50,features.16,928,pruned_before,nan,0.000000e+00,0.000000e+00,0.0000,0.0000,0
50,features.16,929,pruned_before,nan,0.000000e+00,0.000000e+00,0.0000,0.0000,0
50,features.16,930,pruned_before,nan,0.000000e+00,0.000000e+00,0.0000,0.0000,0
50,features.16,931,pruned_before,nan,0.000000e+00,0.000000e+00,0.0000,0.0000,0
50,features.16,932,active,0.048292,4.317808e-08,2.775002e-05,0.0168,0.0555,329
50,features.16,933,pruned_before,nan,0.000000e+00,0.000000e+00,0.0000,0.0000,0
50,features.16,934,pruned_before,nan,0.000000e+00,0.000000e+00,0.0000,0.0000,0
50,features.16,935,pruned_before,nan,0.000000e+00,0.000000e+00,0.0000,0.0000,0
50,features.16,936,pruned_before,nan,0.000000e+00,0.000000e+00,0.0000,0.0000,0
50,features.16,937,pruned_before,nan,0.000000e+00,0.000000e+00,0.0000,0.0000,0
50,features.16,938,pruned_before,nan,0.000000e+00,0.000000e+00,0.0000,0.0000,0
50,features.16,939,pruned_before,nan,0.000000e+00,0.000000e+00,0.0000,0.0000,0
50,features.16,940,pruned_before,nan,0.000000e+00,0.000000e+00,0.0000,0.0000,0
50,features.16,941,pruned_before,nan,0.000000e+00,0.000000e+00,0.0000,0.0000,0
50,features.16,942,pruned_before,nan,0.000000e+00,0.000000e+00,0.0000,0.0000,0
50,features.16,943,pruned_before,nan,0.000000e+00,0.000000e+00,0.0000,0.0000,0
50,features.16,944,pruned_before,nan,0.000000e+00,0.000000e+00,0.0000,0.0000,0
50,features.16,945,active,0.002312,1.286707e-07,4.057310e-06,0.0499,0.0081,329
50,features.16,946,pruned_before,nan,0.000000e+00,0.000000e+00,0.0000,0.0000,0
50,features.16,947,pruned_before,nan,0.000000e+00,0.000000e+00,0.0000,0.0000,0
50,features.16,948,pruned_before,nan,0.000000e+00,0.000000e+00,0.0000,0.0000,0
50,features.16,949,pruned_before,nan,0.000000e+00,0.000000e+00,0.0000,0.0000,0
50,features.16,950,pruned_before,nan,0.000000e+00,0.000000e+00,0.0000,0.0000,0
50,features.16,951,pruned_before,nan,0.000000e+00,0.000000e+00,0.0000,0.0000,0
50,features.16,952,pruned_before,nan,0.000000e+00,0.000000e+00,0.0000,0.0000,0
50,features.16,953,pruned_before,nan,0.000000e+00,0.000000e+00,0.0000,0.0000,0
50,features.16,954,pruned_before,nan,0.000000e+00,0.000000e+00,0.0000,0.0000,0
50,features.16,955,pruned_before,nan,0.000000e+00,0.000000e+00,0.0000,0.0000,0
50,features.16,956,pruned_before,nan,0.000000e+00,0.000000e+00,0.0000,0.0000,0
50,features.16,957,active,0.005120,3.316675e-07,9.992857e-06,0.1287,0.0200,329
50,features.16,958,active,0.028263,2.936746e-07,2.202601e-05,0.1140,0.0441,329
50,features.16,959,pruned_before,nan,0.000000e+00,0.000000e+00,0.0000,0.0000,0
50,features.17,0,active,0.042563,2.057770e-08,1.056013e-07,0.0076,0.0481,489
50,features.17,1,pruned_before,nan,0.000000e+00,0.000000e+00,0.0000,0.0000,0
50,features.17,2,pruned_before,nan,0.000000e+00,0.000000e+00,0.0000,0.0000,0
50,features.17,3,active,0.133056,4.204682e-07,3.620472e-07,0.1546,0.1650,489
50,features.17,4,active,0.218043,2.183637e-07,5.511022e-07,0.0803,0.2512,489
50,features.17,5,pruned_before,nan,0.000000e+00,0.000000e+00,0.0000,0.0000,0
50,features.17,6,active,0.067517,4.742499e-07,2.071045e-07,0.1744,0.0944,489
50,features.17,7,pruned_before,nan,0.000000e+00,0.000000e+00,0.0000,0.0000,0
50,features.17,8,active,0.027835,9.219868e-08,7.612037e-08,0.0339,0.0347,489
50,features.17,9,pruned_before,nan,0.000000e+00,0.000000e+00,0.0000,0.0000,0
50,features.17,10,pruned_before,nan,0.000000e+00,0.000000e+00,0.0000,0.0000,0
50,features.17,11,pruned_before,nan,0.000000e+00,0.000000e+00,0.0000,0.0000,0
50,features.17,12,active,0.079660,8.897161e-07,2.739534e-07,0.3272,0.1249,489
50,features.17,13,active,0.196048,4.906195e-07,5.218928e-07,0.1804,0.2379,489
50,features.17,14,active,0.018388,4.741148e-08,4.907447e-08,0.0174,0.0224,489
50,features.17,15,pruned_before,nan,0.000000e+00,0.000000e+00,0.0000,0.0000,0
50,features.17,16,active,0.084277,2.013553e-07,2.234944e-07,0.0741,0.1019,489
50,features.17,17,active,0.003551,7.804902e-08,1.565431e-08,0.0287,0.0071,489
50,features.17,18,active,0.004715,8.435741e-08,1.905704e-08,0.0310,0.0087,489
50,features.17,19,active,0.003924,5.956544e-08,1.490502e-08,0.0219,0.0068,489
50,features.17,20,pruned_before,nan,0.000000e+00,0.000000e+00,0.0000,0.0000,0
50,features.17,21,active,0.030342,8.491384e-08,8.157838e-08,0.0312,0.0372,489
50,features.17,22,pruned_before,nan,0.000000e+00,0.000000e+00,0.0000,0.0000,0
50,features.17,23,pruned_before,nan,0.000000e+00,0.000000e+00,0.0000,0.0000,0
50,features.17,24,pruned_before,nan,0.000000e+00,0.000000e+00,0.0000,0.0000,0
50,features.17,25,pruned_before,nan,0.000000e+00,0.000000e+00,0.0000,0.0000,0
50,features.17,26,pruned_before,nan,0.000000e+00,0.000000e+00,0.0000,0.0000,0
50,features.17,27,active,0.005518,1.391425e-07,2.592630e-08,0.0512,0.0118,489
50,features.17,28,active,0.053427,3.393015e-07,1.606600e-07,0.1248,0.0732,489
50,features.17,29,pruned_before,nan,0.000000e+00,0.000000e+00,0.0000,0.0000,0
50,features.17,30,active,0.067925,3.310601e-07,1.952618e-07,0.1218,0.0890,489
50,features.17,31,active,0.024101,9.612062e-08,6.736985e-08,0.0354,0.0307,489
50,features.17,32,active,0.018377,1.873764e-07,6.159789e-08,0.0689,0.0281,489
50,features.17,33,pruned_before,nan,0.000000e+00,0.000000e+00,0.0000,0.0000,0
50,features.17,34,pruned_before,nan,0.000000e+00,0.000000e+00,0.0000,0.0000,0
50,features.17,35,active,0.007124,2.240180e-07,3.744915e-08,0.0824,0.0171,489
50,features.17,36,pruned_before,nan,0.000000e+00,0.000000e+00,0.0000,0.0000,0
50,features.17,37,active,0.022948,4.389403e-07,9.529409e-08,0.1614,0.0434,489
50,features.17,38,pruned_before,nan,0.000000e+00,0.000000e+00,0.0000,0.0000,0
50,features.17,39,pruned_before,nan,0.000000e+00,0.000000e+00,0.0000,0.0000,0
50,features.17,40,active,0.019409,2.471895e-07,6.947531e-08,0.0909,0.0317,489
50,features.17,41,pruned_before,nan,0.000000e+00,0.000000e+00,0.0000,0.0000,0
50,features.17,42,active,0.016922,1.825110e-07,5.761351e-08,0.0671,0.0263,489
50,features.17,43,active,0.122125,7.335170e-07,3.634665e-07,0.2698,0.1657,489
50,features.17,44,pruned_before,nan,0.000000e+00,0.000000e+00,0.0000,0.0000,0
50,features.17,45,pruned_before,nan,0.000000e+00,0.000000e+00,0.0000,0.0000,0
50,features.17,46,active,0.011381,1.359295e-07,3.993124e-08,0.0500,0.0182,489
50,features.17,47,pruned_before,nan,0.000000e+00,0.000000e+00,0.0000,0.0000,0
50,features.17,48,pruned_before,nan,0.000000e+00,0.000000e+00,0.0000,0.0000,0
50,features.17,49,active,0.022961,1.356888e-07,6.813600e-08,0.0499,0.0311,489
50,features.17,50,pruned_before,nan,0.000000e+00,0.000000e+00,0.0000,0.0000,0
50,features.17,51,active,0.019369,4.045626e-08,5.084211e-08,0.0149,0.0232,489
50,features.17,52,active,0.053156,3.131437e-07,1.576523e-07,0.1152,0.0719,489
50,features.17,53,active,0.241300,3.996690e-07,6.240505e-07,0.1470,0.2844,489
50,features.17,54,pruned_before,nan,0.000000e+00,0.000000e+00,0.0000,0.0000,0
50,features.17,55,active,0.310351,5.746232e-08,7.616964e-07,0.0211,0.3472,489
50,features.17,56,pruned_before,nan,0.000000e+00,0.000000e+00,0.0000,0.0000,0
50,features.17,57,pruned_before,nan,0.000000e+00,0.000000e+00,0.0000,0.0000,0
50,features.17,58,pruned_before,nan,0.000000e+00,0.000000e+00,0.0000,0.0000,0
50,features.17,59,active,0.099183,1.077837e-06,3.384120e-07,0.3964,0.1542,489
50,features.17,60,pruned_before,nan,0.000000e+00,0.000000e+00,0.0000,0.0000,0
50,features.17,61,active,0.161207,2.432444e-07,4.147838e-07,0.0895,0.1891,489
50,features.17,62,pruned_before,nan,0.000000e+00,0.000000e+00,0.0000,0.0000,0
50,features.17,63,pruned_before,nan,0.000000e+00,0.000000e+00,0.0000,0.0000,0
50,features.17,64,active,0.030327,2.847278e-07,9.945579e-08,0.1047,0.0453,489
50,features.17,65,active,0.025736,1.692592e-07,7.791048e-08,0.0623,0.0355,489
50,features.17,66,pruned_before,nan,0.000000e+00,0.000000e+00,0.0000,0.0000,0
50,features.17,67,pruned_before,nan,0.000000e+00,0.000000e+00,0.0000,0.0000,0
50,features.17,68,active,0.008173,1.236591e-07,3.100935e-08,0.0455,0.0141,489
50,features.17,69,active,0.125906,1.114266e-07,3.169127e-07,0.0410,0.1444,489
50,features.17,70,active,0.008526,5.942195e-08,2.611031e-08,0.0219,0.0119,489
50,features.17,71,active,0.279689,8.323854e-07,7.564263e-07,0.3061,0.3448,489
50,features.17,72,active,0.027048,1.201175e-07,7.670425e-08,0.0442,0.0350,489
50,features.17,73,active,0.189512,3.088530e-07,4.896648e-07,0.1136,0.2232,489
50,features.17,74,pruned_before,nan,0.000000e+00,0.000000e+00,0.0000,0.0000,0
50,features.17,75,active,0.104448,4.890689e-07,2.984606e-07,0.1799,0.1360,489
50,features.17,76,active,0.014900,1.676735e-07,5.135320e-08,0.0617,0.0234,489
50,features.17,77,active,0.021466,2.816324e-08,5.485201e-08,0.0104,0.0250,489
50,features.17,78,active,0.137300,2.565711e-07,3.577007e-07,0.0944,0.1630,489
50,features.17,79,pruned_before,nan,0.000000e+00,0.000000e+00,0.0000,0.0000,0
50,features.17,80,active,0.012408,6.195737e-08,3.580146e-08,0.0228,0.0163,489
50,features.17,81,active,0.139398,1.956981e-06,5.152623e-07,0.7197,0.2349,489
50,features.17,82,active,0.027320,2.958862e-08,6.925205e-08,0.0109,0.0316,489
50,features.17,83,active,0.005661,6.908800e-08,1.999410e-08,0.0254,0.0091,489
50,features.17,84,active,0.011024,1.484928e-07,4.018624e-08,0.0546,0.0183,489
50,features.17,85,active,0.185987,1.189370e-06,5.600124e-07,0.4374,0.2553,489
50,features.17,86,active,0.070609,2.751108e-07,1.967886e-07,0.1012,0.0897,489
50,features.17,87,pruned_before,nan,0.000000e+00,0.000000e+00,0.0000,0.0000,0
50,features.17,88,pruned_before,nan,0.000000e+00,0.000000e+00,0.0000,0.0000,0
50,features.17,89,pruned_before,nan,0.000000e+00,0.000000e+00,0.0000,0.0000,0
50,features.17,90,pruned_before,nan,0.000000e+00,0.000000e+00,0.0000,0.0000,0
50,features.17,91,pruned_now,-0.005472,5.394937e-07,3.502823e-08,0.1984,0.0160,489
50,features.17,92,active,0.076465,4.086216e-07,2.230326e-07,0.1503,0.1017,489
50,features.17,93,active,0.032426,1.418791e-08,8.031665e-08,0.0052,0.0366,489
50,features.17,94,pruned_before,nan,0.000000e+00,0.000000e+00,0.0000,0.0000,0
50,features.17,95,active,0.018488,1.716293e-07,6.045622e-08,0.0631,0.0276,489
50,features.17,96,active,0.072344,1.586777e-07,1.905786e-07,0.0584,0.0869,489
50,features.17,97,pruned_before,nan,0.000000e+00,0.000000e+00,0.0000,0.0000,0
50,features.17,98,pruned_before,nan,0.000000e+00,0.000000e+00,0.0000,0.0000,0
50,features.17,99,pruned_before,nan,0.000000e+00,0.000000e+00,0.0000,0.0000,0
50,features.17,100,active,0.122625,2.669684e-07,3.228581e-07,0.0982,0.1472,489
50,features.17,101,pruned_now,-0.001519,2.588658e-07,1.950526e-08,0.0952,0.0089,489
50,features.17,102,active,0.038135,1.921977e-07,1.101943e-07,0.0707,0.0502,489
50,features.17,103,active,0.027676,2.143037e-07,8.668002e-08,0.0788,0.0395,489
50,features.17,104,active,0.030666,4.137261e-07,1.118475e-07,0.1522,0.0510,489
50,features.17,105,active,0.086135,1.373113e-06,3.330767e-07,0.5050,0.1518,489
50,features.17,106,pruned_before,nan,0.000000e+00,0.000000e+00,0.0000,0.0000,0
50,features.17,107,pruned_before,nan,0.000000e+00,0.000000e+00,0.0000,0.0000,0
50,features.17,108,active,0.017641,6.896057e-08,4.918567e-08,0.0254,0.0224,489
50,features.17,109,pruned_before,nan,0.000000e+00,0.000000e+00,0.0000,0.0000,0
50,features.17,110,active,0.022535,3.710931e-07,8.820305e-08,0.1365,0.0402,489
50,features.17,111,pruned_before,nan,0.000000e+00,0.000000e+00,0.0000,0.0000,0
50,features.17,112,active,0.009078,9.855554e-08,3.096437e-08,0.0362,0.0141,489
50,features.17,113,active,0.030272,1.134769e-07,8.396828e-08,0.0417,0.0383,489
50,features.17,114,active,0.008986,7.510457e-08,2.863744e-08,0.0276,0.0131,489
50,features.17,115,active,0.252893,1.289401e-06,7.320787e-07,0.4742,0.3337,489
50,features.17,116,active,0.010448,5.600356e-08,3.049060e-08,0.0206,0.0139,489
50,features.17,117,active,0.006649,1.461857e-07,2.931536e-08,0.0538,0.0134,489
50,features.17,118,active,0.057977,2.316326e-07,1.620975e-07,0.0852,0.0739,489
50,features.17,119,pruned_before,nan,0.000000e+00,0.000000e+00,0.0000,0.0000,0
50,features.17,120,pruned_before,nan,0.000000e+00,0.000000e+00,0.0000,0.0000,0
50,features.17,121,pruned_before,nan,0.000000e+00,0.000000e+00,0.0000,0.0000,0
50,features.17,122,pruned_before,nan,0.000000e+00,0.000000e+00,0.0000,0.0000,0
50,features.17,123,active,0.009598,1.714873e-07,3.877166e-08,0.0631,0.0177,489
50,features.17,124,active,0.196017,1.553751e-06,6.171314e-07,0.5714,0.2813,489
50,features.17,125,pruned_before,nan,0.000000e+00,0.000000e+00,0.0000,0.0000,0
50,features.17,126,active,0.426447,5.479287e-07,1.088675e-06,0.2015,0.4962,489
50,features.17,127,active,0.041234,5.642622e-07,1.511050e-07,0.2075,0.0689,489
50,features.17,128,active,0.094890,8.705351e-07,3.093598e-07,0.3202,0.1410,489
50,features.17,129,active,0.007799,7.458443e-08,2.569936e-08,0.0274,0.0117,489
50,features.17,130,active,0.014337,1.151783e-07,4.527637e-08,0.0424,0.0206,489
50,features.17,131,pruned_before,nan,0.000000e+00,0.000000e+00,0.0000,0.0000,0
50,features.17,132,active,0.029726,2.999251e-07,9.935240e-08,0.1103,0.0453,489
50,features.17,133,active,0.041057,2.576053e-07,1.231805e-07,0.0947,0.0561,489
50,features.17,134,active,0.005086,5.991486e-08,1.776876e-08,0.0220,0.0081,489
50,features.17,135,active,0.042614,4.027133e-07,1.399852e-07,0.1481,0.0638,489
50,features.17,136,active,0.125773,5.479718e-07,3.557260e-07,0.2015,0.1621,489
50,features.17,137,pruned_before,nan,0.000000e+00,0.000000e+00,0.0000,0.0000,0
50,features.17,138,active,0.048247,1.041180e-07,1.269476e-07,0.0383,0.0579,489
50,features.17,139,pruned_before,nan,0.000000e+00,0.000000e+00,0.0000,0.0000,0
50,features.17,140,pruned_before,nan,0.000000e+00,0.000000e+00,0.0000,0.0000,0
50,features.17,141,pruned_before,nan,0.000000e+00,0.000000e+00,0.0000,0.0000,0
50,features.17,142,pruned_before,nan,0.000000e+00,0.000000e+00,0.0000,0.0000,0
50,features.17,143,active,0.069620,3.060065e-07,1.971482e-07,0.1125,0.0899,489
50,features.17,144,active,0.020076,2.117296e-07,6.792128e-08,0.0779,0.0310,489
50,features.17,145,pruned_before,nan,0.000000e+00,0.000000e+00,0.0000,0.0000,0
50,features.17,146,pruned_before,nan,0.000000e+00,0.000000e+00,0.0000,0.0000,0
50,features.17,147,pruned_before,nan,0.000000e+00,0.000000e+00,0.0000,0.0000,0
50,features.17,148,active,0.007799,5.668187e-08,2.409334e-08,0.0208,0.0110,489
50,features.17,149,active,0.029464,9.594386e-08,8.042535e-08,0.0353,0.0367,489
50,features.17,150,active,0.171840,1.153356e-06,5.222989e-07,0.4242,0.2381,489
50,features.17,151,active,0.032208,2.407855e-07,1.001006e-07,0.0886,0.0456,489
50,features.17,152,pruned_before,nan,0.000000e+00,0.000000e+00,0.0000,0.0000,0
50,features.17,153,active,0.025779,4.287168e-08,6.668447e-08,0.0158,0.0304,489
50,features.17,154,active,0.440398,2.201963e-07,1.093302e-06,0.0810,0.4983,489
50,features.17,155,pruned_before,nan,0.000000e+00,0.000000e+00,0.0000,0.0000,0
50,features.17,156,pruned_before,nan,0.000000e+00,0.000000e+00,0.0000,0.0000,0
50,features.17,157,active,0.239695,1.509892e-06,7.196721e-07,0.5553,0.3280,489
50,features.17,158,active,0.063846,3.246452e-07,1.847440e-07,0.1194,0.0842,489
50,features.17,159,active,0.460229,1.264100e-06,1.235235e-06,0.4649,0.5630,489
50,features.17,160,active,0.072175,4.525753e-07,2.165172e-07,0.1664,0.0987,489
50,features.17,161,pruned_before,nan,0.000000e+00,0.000000e+00,0.0000,0.0000,0
50,features.17,162,pruned_before,nan,0.000000e+00,0.000000e+00,0.0000,0.0000,0
50,features.17,163,active,0.021335,4.477000e-07,9.214713e-08,0.1647,0.0420,489
50,features.17,164,active,0.071417,5.470836e-07,2.231415e-07,0.2012,0.1017,489
50,features.17,165,pruned_before,nan,0.000000e+00,0.000000e+00,0.0000,0.0000,0
50,features.17,166,pruned_before,nan,0.000000e+00,0.000000e+00,0.0000,0.0000,0
50,features.17,167,pruned_before,nan,0.000000e+00,0.000000e+00,0.0000,0.0000,0
50,features.17,168,active,0.031644,2.963736e-07,1.037107e-07,0.1090,0.0473,489
50,features.17,169,active,0.004614,8.839914e-08,1.917170e-08,0.0325,0.0087,489
50,features.17,170,pruned_before,nan,0.000000e+00,0.000000e+00,0.0000,0.0000,0
50,features.17,171,active,0.053414,1.542476e-06,2.684961e-07,0.5673,0.1224,489
50,features.17,172,pruned_before,nan,0.000000e+00,0.000000e+00,0.0000,0.0000,0
50,features.17,173,pruned_before,nan,0.000000e+00,0.000000e+00,0.0000,0.0000,0
50,features.17,174,pruned_before,nan,0.000000e+00,0.000000e+00,0.0000,0.0000,0
50,features.17,175,active,0.032573,2.215851e-07,9.926931e-08,0.0815,0.0452,489
50,features.17,176,pruned_before,nan,0.000000e+00,0.000000e+00,0.0000,0.0000,0
50,features.17,177,pruned_before,nan,0.000000e+00,0.000000e+00,0.0000,0.0000,0
50,features.17,178,pruned_before,nan,0.000000e+00,0.000000e+00,0.0000,0.0000,0
50,features.17,179,pruned_before,nan,0.000000e+00,0.000000e+00,0.0000,0.0000,0
50,features.17,180,pruned_before,nan,0.000000e+00,0.000000e+00,0.0000,0.0000,0
50,features.17,181,active,0.179607,4.539492e-07,4.785279e-07,0.1670,0.2181,489
50,features.17,182,active,0.114705,6.273761e-07,3.358633e-07,0.2307,0.1531,489
50,features.17,183,pruned_before,nan,0.000000e+00,0.000000e+00,0.0000,0.0000,0
50,features.17,184,pruned_before,nan,0.000000e+00,0.000000e+00,0.0000,0.0000,0
50,features.17,185,pruned_before,nan,0.000000e+00,0.000000e+00,0.0000,0.0000,0
50,features.17,186,pruned_before,nan,0.000000e+00,0.000000e+00,0.0000,0.0000,0
50,features.17,187,active,0.021733,5.273675e-07,1.002586e-07,0.1940,0.0457,489
50,features.17,188,active,0.066484,9.826216e-08,1.708772e-07,0.0361,0.0779,489
50,features.17,189,pruned_before,nan,0.000000e+00,0.000000e+00,0.0000,0.0000,0
50,features.17,190,active,0.031007,3.234126e-07,1.045821e-07,0.1189,0.0477,489
50,features.17,191,active,0.022410,2.408620e-07,7.622231e-08,0.0886,0.0347,489
50,features.17,192,active,0.027344,1.172360e-07,7.716670e-08,0.0431,0.0352,489
50,features.17,193,active,0.016427,9.985070e-09,4.094015e-08,0.0037,0.0187,489
50,features.17,194,active,0.126810,9.155146e-08,3.173321e-07,0.0337,0.1446,489
50,features.17,195,active,0.111460,1.369198e-07,2.839814e-07,0.0504,0.1294,489
50,features.17,196,active,0.026365,1.469032e-07,7.744023e-08,0.0540,0.0353,489
50,features.17,197,active,0.005289,1.830498e-07,2.930496e-08,0.0673,0.0134,489
50,features.17,198,pruned_before,nan,0.000000e+00,0.000000e+00,0.0000,0.0000,0
50,features.17,199,active,0.011229,1.960852e-07,4.495353e-08,0.0721,0.0205,489
50,features.17,200,pruned_before,nan,0.000000e+00,0.000000e+00,0.0000,0.0000,0
50,features.17,201,active,0.078062,8.067998e-07,2.626252e-07,0.2967,0.1197,489
50,features.17,202,active,0.025133,4.965836e-08,6.571878e-08,0.0183,0.0300,489
50,features.17,203,pruned_before,nan,0.000000e+00,0.000000e+00,0.0000,0.0000,0
50,features.17,204,pruned_before,nan,0.000000e+00,0.000000e+00,0.0000,0.0000,0
50,features.17,205,active,0.278497,9.065400e-07,7.601685e-07,0.3334,0.3465,489
50,features.17,206,active,0.310723,3.659993e-07,7.902635e-07,0.1346,0.3602,489
50,features.17,207,pruned_before,nan,0.000000e+00,0.000000e+00,0.0000,0.0000,0
50,features.17,208,active,0.130000,4.486838e-07,3.571290e-07,0.1650,0.1628,489
50,features.17,209,active,0.023542,2.070094e-07,7.594752e-08,0.0761,0.0346,489
50,features.17,210,active,0.145963,4.146246e-07,3.929881e-07,0.1525,0.1791,489
50,features.17,211,active,0.273128,3.572829e-07,6.978380e-07,0.1314,0.3181,489
50,features.17,212,pruned_before,nan,0.000000e+00,0.000000e+00,0.0000,0.0000,0
50,features.17,213,active,0.020597,1.289444e-07,6.176877e-08,0.0474,0.0282,489
50,features.17,214,pruned_before,nan,0.000000e+00,0.000000e+00,0.0000,0.0000,0
50,features.17,215,active,0.058389,2.887363e-07,1.682208e-07,0.1062,0.0767,489
50,features.17,216,pruned_before,nan,0.000000e+00,0.000000e+00,0.0000,0.0000,0
50,features.17,217,active,0.007835,7.598720e-08,2.591251e-08,0.0279,0.0118,489
50,features.17,218,active,0.018644,3.147736e-07,7.366933e-08,0.1158,0.0336,489
50,features.17,219,pruned_before,nan,0.000000e+00,0.000000e+00,0.0000,0.0000,0
50,features.17,220,active,0.021902,3.665813e-07,8.625663e-08,0.1348,0.0393,489
50,features.17,221,active,0.032921,4.282418e-07,1.186444e-07,0.1575,0.0541,489
50,features.17,222,pruned_before,nan,0.000000e+00,0.000000e+00,0.0000,0.0000,0
50,features.17,223,pruned_before,nan,0.000000e+00,0.000000e+00,0.0000,0.0000,0
50,features.17,224,pruned_before,nan,0.000000e+00,0.000000e+00,0.0000,0.0000,0
50,features.17,225,pruned_before,nan,0.000000e+00,0.000000e+00,0.0000,0.0000,0
50,features.17,226,pruned_before,nan,0.000000e+00,0.000000e+00,0.0000,0.0000,0
50,features.17,227,pruned_before,nan,0.000000e+00,0.000000e+00,0.0000,0.0000,0
50,features.17,228,active,0.027457,1.567249e-07,8.098411e-08,0.0576,0.0369,489
50,features.17,229,pruned_before,nan,0.000000e+00,0.000000e+00,0.0000,0.0000,0
50,features.17,230,active,0.092710,6.446515e-07,2.837954e-07,0.2371,0.1294,489
50,features.17,231,pruned_before,nan,0.000000e+00,0.000000e+00,0.0000,0.0000,0
50,features.17,232,pruned_before,nan,0.000000e+00,0.000000e+00,0.0000,0.0000,0
50,features.17,233,pruned_before,nan,0.000000e+00,0.000000e+00,0.0000,0.0000,0
50,features.17,234,active,0.028175,3.324776e-07,9.848996e-08,0.1223,0.0449,489
50,features.17,235,active,0.220342,2.850843e-07,5.626865e-07,0.1048,0.2565,489
50,features.17,236,pruned_before,nan,0.000000e+00,0.000000e+00,0.0000,0.0000,0
50,features.17,237,active,0.033327,1.031092e-07,9.048530e-08,0.0379,0.0412,489
50,features.17,238,pruned_before,nan,0.000000e+00,0.000000e+00,0.0000,0.0000,0
50,features.17,239,active,0.076225,8.819303e-07,2.648829e-07,0.3244,0.1207,489
50,features.17,240,active,0.154788,4.835531e-07,4.206797e-07,0.1778,0.1917,489
50,features.17,241,pruned_before,nan,0.000000e+00,0.000000e+00,0.0000,0.0000,0
50,features.17,242,pruned_before,nan,0.000000e+00,0.000000e+00,0.0000,0.0000,0
50,features.17,243,pruned_before,nan,0.000000e+00,0.000000e+00,0.0000,0.0000,0
50,features.17,244,pruned_before,nan,0.000000e+00,0.000000e+00,0.0000,0.0000,0
50,features.17,245,active,0.104648,3.850627e-07,2.896232e-07,0.1416,0.1320,489
50,features.17,246,active,0.171632,1.683725e-07,4.334832e-07,0.0619,0.1976,489
50,features.17,247,pruned_before,nan,0.000000e+00,0.000000e+00,0.0000,0.0000,0
50,features.17,248,active,0.039586,4.632720e-07,1.380321e-07,0.1704,0.0629,489
50,features.17,249,pruned_before,nan,0.000000e+00,0.000000e+00,0.0000,0.0000,0
50,features.17,250,pruned_before,nan,0.000000e+00,0.000000e+00,0.0000,0.0000,0
50,features.17,251,active,0.243715,4.915845e-07,6.381766e-07,0.1808,0.2909,489
50,features.17,252,pruned_before,nan,0.000000e+00,0.000000e+00,0.0000,0.0000,0
50,features.17,253,pruned_before,nan,0.000000e+00,0.000000e+00,0.0000,0.0000,0
50,features.17,254,pruned_before,nan,0.000000e+00,0.000000e+00,0.0000,0.0000,0
50,features.17,255,active,0.063876,2.192159e-07,1.753656e-07,0.0806,0.0799,489
50,features.17,256,active,0.061148,4.430956e-07,1.887870e-07,0.1630,0.0860,489
50,features.17,257,active,0.035039,1.801926e-07,1.015692e-07,0.0663,0.0463,489
50,features.17,258,pruned_before,nan,0.000000e+00,0.000000e+00,0.0000,0.0000,0
50,features.17,259,pruned_before,nan,0.000000e+00,0.000000e+00,0.0000,0.0000,0
50,features.17,260,pruned_before,nan,0.000000e+00,0.000000e+00,0.0000,0.0000,0
50,features.17,261,pruned_before,nan,0.000000e+00,0.000000e+00,0.0000,0.0000,0
50,features.17,262,active,0.045420,3.930039e-07,1.459548e-07,0.1445,0.0665,489
50,features.17,263,pruned_before,nan,0.000000e+00,0.000000e+00,0.0000,0.0000,0
50,features.17,264,pruned_before,nan,0.000000e+00,0.000000e+00,0.0000,0.0000,0
50,features.17,265,pruned_before,nan,0.000000e+00,0.000000e+00,0.0000,0.0000,0
50,features.17,266,pruned_before,nan,0.000000e+00,0.000000e+00,0.0000,0.0000,0
50,features.17,267,active,0.176167,3.595855e-07,4.616809e-07,0.1322,0.2104,489
50,features.17,268,active,0.030571,3.761966e-07,1.082514e-07,0.1384,0.0493,489
50,features.17,269,pruned_before,nan,0.000000e+00,0.000000e+00,0.0000,0.0000,0
50,features.17,270,active,0.009624,3.512936e-07,5.495616e-08,0.1292,0.0250,489
50,features.17,271,pruned_before,nan,0.000000e+00,0.000000e+00,0.0000,0.0000,0
50,features.17,272,pruned_before,nan,0.000000e+00,0.000000e+00,0.0000,0.0000,0
50,features.17,273,active,0.336603,1.178001e-06,9.261499e-07,0.4332,0.4221,489
50,features.17,274,pruned_before,nan,0.000000e+00,0.000000e+00,0.0000,0.0000,0
50,features.17,275,active,0.017861,2.974615e-07,7.020943e-08,0.1094,0.0320,489
50,features.17,276,active,0.011567,3.158202e-07,5.651191e-08,0.1162,0.0258,489
50,features.17,277,pruned_before,nan,0.000000e+00,0.000000e+00,0.0000,0.0000,0
50,features.17,278,pruned_before,nan,0.000000e+00,0.000000e+00,0.0000,0.0000,0
50,features.17,279,pruned_before,nan,0.000000e+00,0.000000e+00,0.0000,0.0000,0
50,features.17,280,pruned_before,nan,0.000000e+00,0.000000e+00,0.0000,0.0000,0
50,features.17,281,active,0.053597,3.227097e-07,1.595848e-07,0.1187,0.0727,489
50,features.17,282,active,0.194048,1.814680e-07,4.893006e-07,0.0667,0.2230,489
50,features.17,283,active,0.230038,9.366439e-08,5.691627e-07,0.0344,0.2594,489
50,features.17,284,pruned_before,nan,0.000000e+00,0.000000e+00,0.0000,0.0000,0
50,features.17,285,pruned_before,nan,0.000000e+00,0.000000e+00,0.0000,0.0000,0
50,features.17,286,pruned_before,nan,0.000000e+00,0.000000e+00,0.0000,0.0000,0
50,features.17,287,active,0.049568,1.864138e-08,1.225040e-07,0.0069,0.0558,489
50,features.17,288,active,0.053668,3.645362e-07,1.635091e-07,0.1341,0.0745,489
50,features.17,289,pruned_before,nan,0.000000e+00,0.000000e+00,0.0000,0.0000,0
50,features.17,290,pruned_before,nan,0.000000e+00,0.000000e+00,0.0000,0.0000,0
50,features.17,291,pruned_before,nan,0.000000e+00,0.000000e+00,0.0000,0.0000,0
50,features.17,292,pruned_before,nan,0.000000e+00,0.000000e+00,0.0000,0.0000,0
50,features.17,293,active,0.059190,3.164632e-07,1.726602e-07,0.1164,0.0787,489
50,features.17,294,pruned_before,nan,0.000000e+00,0.000000e+00,0.0000,0.0000,0
50,features.17,295,active,0.018329,2.024183e-07,6.282839e-08,0.0744,0.0286,489
50,features.17,296,pruned_before,nan,0.000000e+00,0.000000e+00,0.0000,0.0000,0
50,features.17,297,active,0.047290,2.948211e-07,1.417103e-07,0.1084,0.0646,489
50,features.17,298,pruned_before,nan,0.000000e+00,0.000000e+00,0.0000,0.0000,0
50,features.17,299,pruned_before,nan,0.000000e+00,0.000000e+00,0.0000,0.0000,0
50,features.17,300,pruned_before,nan,0.000000e+00,0.000000e+00,0.0000,0.0000,0
50,features.17,301,pruned_before,nan,0.000000e+00,0.000000e+00,0.0000,0.0000,0
50,features.17,302,active,0.007992,2.367799e-07,4.071075e-08,0.0871,0.0186,489
50,features.17,303,pruned_before,nan,0.000000e+00,0.000000e+00,0.0000,0.0000,0
50,features.17,304,pruned_before,nan,0.000000e+00,0.000000e+00,0.0000,0.0000,0
50,features.17,305,active,0.016715,7.832418e-08,4.776836e-08,0.0288,0.0218,489
50,features.17,306,pruned_before,nan,0.000000e+00,0.000000e+00,0.0000,0.0000,0
50,features.17,307,active,0.297364,4.100454e-07,7.616486e-07,0.1508,0.3472,489
50,features.17,308,active,0.458273,1.830647e-06,1.281259e-06,0.6733,0.5840,489
50,features.17,309,active,0.108333,4.603478e-07,3.053553e-07,0.1693,0.1392,489
50,features.17,310,active,0.146650,1.205324e-06,4.655503e-07,0.4433,0.2122,489
50,features.17,311,pruned_before,nan,0.000000e+00,0.000000e+00,0.0000,0.0000,0
50,features.17,312,pruned_before,nan,0.000000e+00,0.000000e+00,0.0000,0.0000,0
50,features.17,313,active,0.013621,2.527079e-08,3.546986e-08,0.0093,0.0162,489
50,features.17,314,pruned_before,nan,0.000000e+00,0.000000e+00,0.0000,0.0000,0
50,features.17,315,pruned_before,nan,0.000000e+00,0.000000e+00,0.0000,0.0000,0
50,features.17,316,pruned_before,nan,0.000000e+00,0.000000e+00,0.0000,0.0000,0
50,features.17,317,active,0.051625,1.749309e-07,1.415301e-07,0.0643,0.0645,489
50,features.17,318,active,0.008644,3.131644e-08,2.387904e-08,0.0115,0.0109,489
50,features.17,319,active,0.009008,3.785182e-08,2.535133e-08,0.0139,0.0116,489
50,features.17,320,active,0.179487,7.052250e-07,5.007634e-07,0.2594,0.2282,489
50,features.17,321,pruned_before,nan,0.000000e+00,0.000000e+00,0.0000,0.0000,0
50,features.17,322,active,0.126751,5.837610e-07,3.613184e-07,0.2147,0.1647,489
50,features.17,323,pruned_before,nan,0.000000e+00,0.000000e+00,0.0000,0.0000,0
50,features.17,324,active,0.029821,3.599024e-07,1.049603e-07,0.1324,0.0478,489
50,features.17,325,pruned_before,nan,0.000000e+00,0.000000e+00,0.0000,0.0000,0
50,features.17,326,active,0.163113,5.721555e-07,4.489177e-07,0.2104,0.2046,489
50,features.17,327,pruned_before,nan,0.000000e+00,0.000000e+00,0.0000,0.0000,0
50,features.17,328,active,0.022839,2.209159e-08,5.765581e-08,0.0081,0.0263,489
50,features.17,329,pruned_before,nan,0.000000e+00,0.000000e+00,0.0000,0.0000,0
50,features.17,330,pruned_before,nan,0.000000e+00,0.000000e+00,0.0000,0.0000,0
50,features.17,331,pruned_before,nan,0.000000e+00,0.000000e+00,0.0000,0.0000,0
50,features.17,332,pruned_before,nan,0.000000e+00,0.000000e+00,0.0000,0.0000,0
50,features.17,333,pruned_before,nan,0.000000e+00,0.000000e+00,0.0000,0.0000,0
50,features.17,334,pruned_before,nan,0.000000e+00,0.000000e+00,0.0000,0.0000,0
50,features.17,335,pruned_before,nan,0.000000e+00,0.000000e+00,0.0000,0.0000,0
50,features.17,336,active,0.036760,7.847422e-08,9.664577e-08,0.0289,0.0441,489
50,features.17,337,active,0.031752,3.921706e-07,1.125606e-07,0.1442,0.0513,489
50,features.17,338,active,0.063651,5.077696e-07,2.006853e-07,0.1867,0.0915,489
50,features.17,339,pruned_before,nan,0.000000e+00,0.000000e+00,0.0000,0.0000,0
50,features.17,340,pruned_before,nan,0.000000e+00,0.000000e+00,0.0000,0.0000,0
50,features.17,341,pruned_before,nan,0.000000e+00,0.000000e+00,0.0000,0.0000,0
50,features.17,342,pruned_before,nan,0.000000e+00,0.000000e+00,0.0000,0.0000,0
50,features.17,343,pruned_before,nan,0.000000e+00,0.000000e+00,0.0000,0.0000,0
50,features.17,344,active,0.024622,1.713589e-07,7.538367e-08,0.0630,0.0344,489
50,features.17,345,pruned_before,nan,0.000000e+00,0.000000e+00,0.0000,0.0000,0
50,features.17,346,active,0.017420,1.152326e-07,5.279685e-08,0.0424,0.0241,489
50,features.17,347,pruned_before,nan,0.000000e+00,0.000000e+00,0.0000,0.0000,0
50,features.17,348,active,0.015178,2.382170e-07,5.835642e-08,0.0876,0.0266,489
50,features.17,349,active,0.116565,2.638390e-07,3.078061e-07,0.0970,0.1403,489
50,features.17,350,pruned_before,nan,0.000000e+00,0.000000e+00,0.0000,0.0000,0
50,features.17,351,pruned_before,nan,0.000000e+00,0.000000e+00,0.0000,0.0000,0
50,features.17,352,pruned_before,nan,0.000000e+00,0.000000e+00,0.0000,0.0000,0
50,features.17,353,active,0.062514,5.579386e-07,2.024116e-07,0.2052,0.0923,489
50,features.17,354,pruned_before,nan,0.000000e+00,0.000000e+00,0.0000,0.0000,0
50,features.17,355,active,0.612922,2.163483e-06,1.688088e-06,0.7957,0.7694,489
50,features.17,356,active,0.119874,6.399337e-07,3.495909e-07,0.2354,0.1593,489
50,features.17,357,active,0.007950,3.881497e-07,5.418000e-08,0.1428,0.0247,489
50,features.17,358,active,0.026089,2.901702e-07,8.961278e-08,0.1067,0.0408,489
50,features.17,359,active,0.031262,3.607801e-07,1.085519e-07,0.1327,0.0495,489
50,features.17,360,active,0.018541,1.341917e-07,5.722855e-08,0.0494,0.0261,489
50,features.17,361,active,0.037119,9.292604e-08,9.881655e-08,0.0342,0.0450,489
50,features.17,362,active,0.041672,3.326419e-07,1.314067e-07,0.1223,0.0599,489
50,features.17,363,active,0.051627,5.278998e-07,1.731800e-07,0.1942,0.0789,489
50,features.17,364,pruned_before,nan,0.000000e+00,0.000000e+00,0.0000,0.0000,0
50,features.17,365,pruned_before,nan,0.000000e+00,0.000000e+00,0.0000,0.0000,0
50,features.17,366,active,0.065910,9.978733e-07,2.501320e-07,0.3670,0.1140,489
50,features.17,367,active,0.020330,9.194886e-08,5.780124e-08,0.0338,0.0263,489
50,features.17,368,pruned_before,nan,0.000000e+00,0.000000e+00,0.0000,0.0000,0
50,features.17,369,pruned_before,nan,0.000000e+00,0.000000e+00,0.0000,0.0000,0
50,features.17,370,active,0.522120,6.850770e-08,1.278917e-06,0.0252,0.5829,489
50,features.17,371,pruned_before,nan,0.000000e+00,0.000000e+00,0.0000,0.0000,0
50,features.17,372,pruned_before,nan,0.000000e+00,0.000000e+00,0.0000,0.0000,0
50,features.17,373,active,0.181649,7.794991e-07,5.126920e-07,0.2867,0.2337,489
50,features.17,374,active,0.248834,4.897323e-07,6.504903e-07,0.1801,0.2965,489
50,features.17,375,active,0.136917,6.896441e-07,3.955912e-07,0.2536,0.1803,489
50,features.17,376,active,0.105004,1.015511e-08,2.568803e-07,0.0037,0.1171,489
50,features.17,377,pruned_before,nan,0.000000e+00,0.000000e+00,0.0000,0.0000,0
50,features.17,378,pruned_before,nan,0.000000e+00,0.000000e+00,0.0000,0.0000,0
50,features.17,379,pruned_before,nan,0.000000e+00,0.000000e+00,0.0000,0.0000,0
50,features.17,380,active,0.060797,1.960495e-07,1.657828e-07,0.0721,0.0756,489
50,features.17,381,pruned_before,nan,0.000000e+00,0.000000e+00,0.0000,0.0000,0
50,features.17,382,active,0.074881,2.081967e-07,2.012040e-07,0.0766,0.0917,489
50,features.17,383,pruned_before,nan,0.000000e+00,0.000000e+00,0.0000,0.0000,0
50,features.17,384,pruned_before,nan,0.000000e+00,0.000000e+00,0.0000,0.0000,0
50,features.17,385,active,0.055758,2.998214e-07,1.628023e-07,0.1103,0.0742,489
50,features.17,386,active,0.351631,1.865047e-07,8.738944e-07,0.0686,0.3983,489
50,features.17,387,pruned_before,nan,0.000000e+00,0.000000e+00,0.0000,0.0000,0
50,features.17,388,active,0.031809,5.541108e-07,1.272201e-07,0.2038,0.0580,489
50,features.17,389,pruned_before,nan,0.000000e+00,0.000000e+00,0.0000,0.0000,0
50,features.17,390,active,0.010893,1.661809e-07,4.145170e-08,0.0611,0.0189,489
50,features.17,391,pruned_before,nan,0.000000e+00,0.000000e+00,0.0000,0.0000,0
50,features.17,392,active,0.030575,9.439744e-08,8.299594e-08,0.0347,0.0378,489
50,features.17,393,pruned_before,nan,0.000000e+00,0.000000e+00,0.0000,0.0000,0
50,features.17,394,active,0.012283,2.240608e-07,5.003069e-08,0.0824,0.0228,489
50,features.17,395,active,0.024739,3.543378e-07,9.207423e-08,0.1303,0.0420,489
50,features.17,396,pruned_before,nan,0.000000e+00,0.000000e+00,0.0000,0.0000,0
50,features.17,397,active,0.028347,1.545738e-08,7.048673e-08,0.0057,0.0321,489
50,features.17,398,pruned_before,nan,0.000000e+00,0.000000e+00,0.0000,0.0000,0
50,features.17,399,active,0.089576,7.002382e-07,2.811388e-07,0.2575,0.1281,489
50,features.17,400,pruned_before,nan,0.000000e+00,0.000000e+00,0.0000,0.0000,0
50,features.17,401,pruned_before,nan,0.000000e+00,0.000000e+00,0.0000,0.0000,0
50,features.17,402,active,0.150113,4.121742e-08,3.696254e-07,0.0152,0.1685,489
50,features.17,403,active,0.042305,3.018412e-07,1.301878e-07,0.1110,0.0593,489
50,features.17,404,pruned_before,nan,0.000000e+00,0.000000e+00,0.0000,0.0000,0
50,features.17,405,pruned_before,nan,0.000000e+00,0.000000e+00,0.0000,0.0000,0
50,features.17,406,pruned_before,nan,0.000000e+00,0.000000e+00,0.0000,0.0000,0
50,features.17,407,pruned_before,nan,0.000000e+00,0.000000e+00,0.0000,0.0000,0
50,features.17,408,pruned_before,nan,0.000000e+00,0.000000e+00,0.0000,0.0000,0
50,features.17,409,active,0.013522,2.441216e-07,5.484795e-08,0.0898,0.0250,489
50,features.17,410,pruned_before,nan,0.000000e+00,0.000000e+00,0.0000,0.0000,0
50,features.17,411,pruned_before,nan,0.000000e+00,0.000000e+00,0.0000,0.0000,0
50,features.17,412,active,0.100308,1.502121e-07,2.579873e-07,0.0552,0.1176,489
50,features.17,413,active,0.055158,2.222505e-07,1.543841e-07,0.0817,0.0704,489
50,features.17,414,active,0.006899,8.619782e-08,2.454489e-08,0.0317,0.0112,489
50,features.17,415,pruned_before,nan,0.000000e+00,0.000000e+00,0.0000,0.0000,0
50,features.17,416,pruned_before,nan,0.000000e+00,0.000000e+00,0.0000,0.0000,0
50,features.17,417,pruned_before,nan,0.000000e+00,0.000000e+00,0.0000,0.0000,0
50,features.17,418,active,0.006515,4.948347e-08,2.031820e-08,0.0182,0.0093,489
50,features.17,419,pruned_before,nan,0.000000e+00,0.000000e+00,0.0000,0.0000,0
50,features.17,420,active,0.141719,6.420516e-07,4.030310e-07,0.2361,0.1837,489
50,features.17,421,pruned_before,nan,0.000000e+00,0.000000e+00,0.0000,0.0000,0
50,features.17,422,pruned_before,nan,0.000000e+00,0.000000e+00,0.0000,0.0000,0
50,features.17,423,active,0.567972,1.051275e-06,1.478800e-06,0.3866,0.6740,489
50,features.17,424,pruned_before,nan,0.000000e+00,0.000000e+00,0.0000,0.0000,0
50,features.17,425,pruned_before,nan,0.000000e+00,0.000000e+00,0.0000,0.0000,0
50,features.17,426,active,0.005639,1.836381e-07,3.021001e-08,0.0675,0.0138,489
50,features.17,427,active,0.165453,4.694701e-07,4.454156e-07,0.1727,0.2030,489
50,features.17,428,active,0.093338,1.704878e-07,2.428161e-07,0.0627,0.1107,489
50,features.17,429,pruned_before,nan,0.000000e+00,0.000000e+00,0.0000,0.0000,0
50,features.17,430,active,0.030185,1.352657e-07,8.570927e-08,0.0497,0.0391,489
50,features.17,431,pruned_before,nan,0.000000e+00,0.000000e+00,0.0000,0.0000,0
50,features.17,432,pruned_before,nan,0.000000e+00,0.000000e+00,0.0000,0.0000,0
50,features.17,433,active,0.071098,5.373928e-07,2.214948e-07,0.1976,0.1010,489
50,features.17,434,active,0.011896,1.482849e-07,4.229322e-08,0.0545,0.0193,489
50,features.17,435,active,0.001397,1.237640e-07,1.450170e-08,0.0455,0.0066,489
50,features.17,436,pruned_before,nan,0.000000e+00,0.000000e+00,0.0000,0.0000,0
50,features.17,437,pruned_before,nan,0.000000e+00,0.000000e+00,0.0000,0.0000,0
50,features.17,438,pruned_before,nan,0.000000e+00,0.000000e+00,0.0000,0.0000,0
50,features.17,439,pruned_before,nan,0.000000e+00,0.000000e+00,0.0000,0.0000,0
50,features.17,440,pruned_before,nan,0.000000e+00,0.000000e+00,0.0000,0.0000,0
50,features.17,441,active,0.093265,3.585685e-07,2.595003e-07,0.1319,0.1183,489
50,features.17,442,pruned_before,nan,0.000000e+00,0.000000e+00,0.0000,0.0000,0
50,features.17,443,active,0.110315,1.504048e-07,2.823999e-07,0.0553,0.1287,489
50,features.17,444,pruned_before,nan,0.000000e+00,0.000000e+00,0.0000,0.0000,0
50,features.17,445,pruned_before,nan,0.000000e+00,0.000000e+00,0.0000,0.0000,0
50,features.17,446,pruned_before,nan,0.000000e+00,0.000000e+00,0.0000,0.0000,0
50,features.17,447,active,0.053277,1.348728e-07,1.419664e-07,0.0496,0.0647,489
50,features.17,448,active,0.090417,2.643041e-07,2.441049e-07,0.0972,0.1113,489
50,features.17,449,pruned_before,nan,0.000000e+00,0.000000e+00,0.0000,0.0000,0
50,features.17,450,active,0.084780,1.243732e-07,2.178197e-07,0.0457,0.0993,489
50,features.17,451,active,0.004102,3.772141e-07,4.381789e-08,0.1387,0.0200,489
50,features.17,452,pruned_before,nan,0.000000e+00,0.000000e+00,0.0000,0.0000,0
50,features.17,453,active,0.003630,6.060294e-08,1.428135e-08,0.0223,0.0065,489
50,features.17,454,active,0.035584,1.627259e-07,1.013330e-07,0.0598,0.0462,489
50,features.17,455,pruned_before,nan,0.000000e+00,0.000000e+00,0.0000,0.0000,0
50,features.17,456,pruned_before,nan,0.000000e+00,0.000000e+00,0.0000,0.0000,0
50,features.17,457,pruned_before,nan,0.000000e+00,0.000000e+00,0.0000,0.0000,0
50,features.17,458,pruned_before,nan,0.000000e+00,0.000000e+00,0.0000,0.0000,0
50,features.17,459,active,0.246916,2.095510e-07,6.206948e-07,0.0771,0.2829,489
50,features.17,460,active,0.202804,1.983147e-07,5.121570e-07,0.0729,0.2334,489
50,features.17,461,pruned_before,nan,0.000000e+00,0.000000e+00,0.0000,0.0000,0
50,features.17,462,pruned_before,nan,0.000000e+00,0.000000e+00,0.0000,0.0000,0
50,features.17,463,active,0.219945,3.769115e-07,5.699537e-07,0.1386,0.2598,489
50,features.17,464,pruned_before,nan,0.000000e+00,0.000000e+00,0.0000,0.0000,0
50,features.17,465,pruned_before,nan,0.000000e+00,0.000000e+00,0.0000,0.0000,0
50,features.17,466,active,0.072583,1.837166e-07,1.934061e-07,0.0676,0.0882,489
50,features.17,467,active,0.068233,1.341905e-07,1.783625e-07,0.0494,0.0813,489
50,features.17,468,active,0.017393,3.613484e-07,7.479566e-08,0.1329,0.0341,489
50,features.17,469,pruned_before,nan,0.000000e+00,0.000000e+00,0.0000,0.0000,0
50,features.17,470,active,0.014950,1.128275e-07,4.655902e-08,0.0415,0.0212,489
50,features.17,471,active,0.023557,3.557917e-08,6.061579e-08,0.0131,0.0276,489
50,features.17,472,active,0.008797,1.343734e-07,3.349111e-08,0.0494,0.0153,489
50,features.17,473,active,0.025450,1.511576e-07,7.559244e-08,0.0556,0.0345,489
50,features.17,474,active,0.119054,5.706081e-07,3.413766e-07,0.2099,0.1556,489
50,features.17,475,active,0.058008,2.842605e-07,1.668925e-07,0.1045,0.0761,489
50,features.17,476,pruned_before,nan,0.000000e+00,0.000000e+00,0.0000,0.0000,0
50,features.17,477,pruned_before,nan,0.000000e+00,0.000000e+00,0.0000,0.0000,0
50,features.17,478,active,0.067531,1.017863e-06,2.558769e-07,0.3743,0.1166,489
50,features.17,479,active,0.080495,6.145491e-07,2.513189e-07,0.2260,0.1146,489
50,features.17,480,active,0.032172,3.402816e-07,1.089333e-07,0.1251,0.0497,489
50,features.17,481,active,0.377572,8.143786e-07,9.934221e-07,0.2995,0.4528,489
50,features.17,482,pruned_before,nan,0.000000e+00,0.000000e+00,0.0000,0.0000,0
50,features.17,483,active,0.058241,7.123070e-07,2.058364e-07,0.2620,0.0938,489
50,features.17,484,pruned_before,nan,0.000000e+00,0.000000e+00,0.0000,0.0000,0
50,features.17,485,active,0.064787,2.634075e-07,1.815469e-07,0.0969,0.0827,489
50,features.17,486,pruned_before,nan,0.000000e+00,0.000000e+00,0.0000,0.0000,0
50,features.17,487,pruned_before,nan,0.000000e+00,0.000000e+00,0.0000,0.0000,0
50,features.17,488,active,0.160687,4.333323e-07,4.305581e-07,0.1594,0.1962,489
50,features.17,489,pruned_before,nan,0.000000e+00,0.000000e+00,0.0000,0.0000,0
50,features.17,490,pruned_before,nan,0.000000e+00,0.000000e+00,0.0000,0.0000,0
50,features.17,491,pruned_before,nan,0.000000e+00,0.000000e+00,0.0000,0.0000,0
50,features.17,492,active,0.012282,3.552246e-07,6.178814e-08,0.1306,0.0282,489
50,features.17,493,pruned_before,nan,0.000000e+00,0.000000e+00,0.0000,0.0000,0
50,features.17,494,active,0.007798,1.242532e-07,3.014931e-08,0.0457,0.0137,489
50,features.17,495,pruned_before,nan,0.000000e+00,0.000000e+00,0.0000,0.0000,0
50,features.17,496,pruned_before,nan,0.000000e+00,0.000000e+00,0.0000,0.0000,0
50,features.17,497,pruned_before,nan,0.000000e+00,0.000000e+00,0.0000,0.0000,0
50,features.17,498,active,0.014545,8.357745e-08,4.295060e-08,0.0307,0.0196,489
50,features.17,499,pruned_before,nan,0.000000e+00,0.000000e+00,0.0000,0.0000,0
50,features.17,500,pruned_before,nan,0.000000e+00,0.000000e+00,0.0000,0.0000,0
50,features.17,501,pruned_before,nan,0.000000e+00,0.000000e+00,0.0000,0.0000,0
50,features.17,502,active,0.014240,5.931068e-08,4.002920e-08,0.0218,0.0182,489
50,features.17,503,pruned_before,nan,0.000000e+00,0.000000e+00,0.0000,0.0000,0
50,features.17,504,pruned_before,nan,0.000000e+00,0.000000e+00,0.0000,0.0000,0
50,features.17,505,pruned_before,nan,0.000000e+00,0.000000e+00,0.0000,0.0000,0
50,features.17,506,active,0.074034,6.835927e-07,2.417599e-07,0.2514,0.1102,489
50,features.17,507,pruned_before,nan,0.000000e+00,0.000000e+00,0.0000,0.0000,0
50,features.17,508,pruned_before,nan,0.000000e+00,0.000000e+00,0.0000,0.0000,0
50,features.17,509,pruned_before,nan,0.000000e+00,0.000000e+00,0.0000,0.0000,0
50,features.17,510,pruned_before,nan,0.000000e+00,0.000000e+00,0.0000,0.0000,0
50,features.17,511,pruned_before,nan,0.000000e+00,0.000000e+00,0.0000,0.0000,0
50,features.17,512,active,0.013472,6.776587e-08,3.891707e-08,0.0249,0.0177,489
50,features.17,513,active,0.021231,2.030924e-07,6.996196e-08,0.0747,0.0319,489
50,features.17,514,active,0.283276,5.439171e-07,7.393069e-07,0.2000,0.3370,489
50,features.17,515,pruned_before,nan,0.000000e+00,0.000000e+00,0.0000,0.0000,0
50,features.17,516,active,0.140901,1.402968e-07,3.560538e-07,0.0516,0.1623,489
50,features.17,517,pruned_before,nan,0.000000e+00,0.000000e+00,0.0000,0.0000,0
50,features.17,518,pruned_before,nan,0.000000e+00,0.000000e+00,0.0000,0.0000,0
50,features.17,519,active,0.048480,2.719021e-06,3.619508e-07,1.0000,0.1650,489
50,features.17,520,pruned_before,nan,0.000000e+00,0.000000e+00,0.0000,0.0000,0
50,features.17,521,active,0.295637,1.160781e-06,8.247453e-07,0.4269,0.3759,489
50,features.17,522,active,0.013951,1.227973e-07,4.501762e-08,0.0452,0.0205,489
50,features.17,523,active,0.020838,7.922252e-08,5.790027e-08,0.0291,0.0264,489
50,features.17,524,pruned_before,nan,0.000000e+00,0.000000e+00,0.0000,0.0000,0
50,features.17,525,active,0.048750,3.213935e-07,1.476519e-07,0.1182,0.0673,489
50,features.17,526,active,0.050347,2.927667e-07,1.489781e-07,0.1077,0.0679,489
50,features.17,527,pruned_before,nan,0.000000e+00,0.000000e+00,0.0000,0.0000,0
50,features.17,528,pruned_before,nan,0.000000e+00,0.000000e+00,0.0000,0.0000,0
50,features.17,529,pruned_before,nan,0.000000e+00,0.000000e+00,0.0000,0.0000,0
50,features.17,530,pruned_before,nan,0.000000e+00,0.000000e+00,0.0000,0.0000,0
50,features.17,531,pruned_before,nan,0.000000e+00,0.000000e+00,0.0000,0.0000,0
50,features.17,532,pruned_before,nan,0.000000e+00,0.000000e+00,0.0000,0.0000,0
50,features.17,533,pruned_before,nan,0.000000e+00,0.000000e+00,0.0000,0.0000,0
50,features.17,534,pruned_before,nan,0.000000e+00,0.000000e+00,0.0000,0.0000,0
50,features.17,535,active,0.091983,7.943990e-07,2.954486e-07,0.2922,0.1347,489
50,features.17,536,active,0.039498,3.951747e-07,1.317134e-07,0.1453,0.0600,489
50,features.17,537,active,0.150715,3.554631e-07,3.992672e-07,0.1307,0.1820,489
50,features.17,538,active,0.164397,5.439155e-07,4.495165e-07,0.2000,0.2049,489
50,features.17,539,pruned_before,nan,0.000000e+00,0.000000e+00,0.0000,0.0000,0
50,features.17,540,pruned_before,nan,0.000000e+00,0.000000e+00,0.0000,0.0000,0
50,features.17,541,active,0.037100,5.611865e-07,1.407515e-07,0.2064,0.0642,489
50,features.17,542,active,0.101424,3.040078e-07,2.744976e-07,0.1118,0.1251,489
50,features.17,543,pruned_before,nan,0.000000e+00,0.000000e+00,0.0000,0.0000,0
50,features.17,544,active,0.258207,7.563420e-07,6.972425e-07,0.2782,0.3178,489
50,features.17,545,pruned_before,nan,0.000000e+00,0.000000e+00,0.0000,0.0000,0
50,features.17,546,active,0.021123,1.549793e-07,6.538720e-08,0.0570,0.0298,489
50,features.17,547,active,0.006903,5.220842e-08,2.150903e-08,0.0192,0.0098,489
50,features.17,548,pruned_before,nan,0.000000e+00,0.000000e+00,0.0000,0.0000,0
50,features.17,549,pruned_before,nan,0.000000e+00,0.000000e+00,0.0000,0.0000,0
50,features.17,550,pruned_before,nan,0.000000e+00,0.000000e+00,0.0000,0.0000,0
50,features.17,551,active,0.722542,5.175003e-07,1.807740e-06,0.1903,0.8240,489
50,features.17,552,pruned_before,nan,0.000000e+00,0.000000e+00,0.0000,0.0000,0
50,features.17,553,active,0.031517,2.673264e-07,1.007953e-07,0.0983,0.0459,489
50,features.17,554,active,0.050489,3.463011e-07,1.541256e-07,0.1274,0.0703,489
50,features.17,555,pruned_before,nan,0.000000e+00,0.000000e+00,0.0000,0.0000,0
50,features.17,556,active,0.027823,3.198834e-07,9.650288e-08,0.1176,0.0440,489
50,features.17,557,active,0.033688,1.322423e-07,9.397799e-08,0.0486,0.0428,489
50,features.17,558,pruned_before,nan,0.000000e+00,0.000000e+00,0.0000,0.0000,0
50,features.17,559,pruned_before,nan,0.000000e+00,0.000000e+00,0.0000,0.0000,0
50,features.17,560,pruned_before,nan,0.000000e+00,0.000000e+00,0.0000,0.0000,0
50,features.17,561,active,0.022090,1.545913e-07,6.770925e-08,0.0569,0.0309,489
50,features.17,562,pruned_before,nan,0.000000e+00,0.000000e+00,0.0000,0.0000,0
50,features.17,563,active,0.024421,2.972491e-07,8.617985e-08,0.1093,0.0393,489
50,features.17,564,active,0.036423,2.982625e-07,1.155293e-07,0.1097,0.0527,489
50,features.17,565,active,0.021548,6.479580e-07,1.106193e-07,0.2383,0.0504,489
50,features.17,566,active,0.057594,3.882245e-07,1.752036e-07,0.1428,0.0799,489
50,features.17,567,active,0.064616,1.003453e-07,1.665121e-07,0.0369,0.0759,489
50,features.17,568,pruned_before,nan,0.000000e+00,0.000000e+00,0.0000,0.0000,0
50,features.17,569,active,0.216301,5.810122e-08,5.324878e-07,0.0214,0.2427,489
50,features.17,570,active,0.071941,3.431369e-07,2.061348e-07,0.1262,0.0940,489
50,features.17,571,active,0.009356,7.082931e-08,2.915652e-08,0.0260,0.0133,489
50,features.17,572,active,0.021829,2.634281e-07,7.682880e-08,0.0969,0.0350,489
50,features.17,573,pruned_before,nan,0.000000e+00,0.000000e+00,0.0000,0.0000,0
50,features.17,574,active,0.004293,1.517205e-07,2.406715e-08,0.0558,0.0110,489
50,features.17,575,active,0.035238,3.141214e-07,1.140624e-07,0.1155,0.0520,489
50,features.17,576,active,0.022285,1.072074e-07,6.393536e-08,0.0394,0.0291,489
50,features.17,577,pruned_before,nan,0.000000e+00,0.000000e+00,0.0000,0.0000,0
50,features.17,578,active,0.009300,1.348317e-07,3.475905e-08,0.0496,0.0158,489
50,features.17,579,active,0.186757,6.000939e-07,5.090589e-07,0.2207,0.2320,489
50,features.17,580,active,0.024770,1.923480e-07,7.762786e-08,0.0707,0.0354,489
50,features.17,581,pruned_before,nan,0.000000e+00,0.000000e+00,0.0000,0.0000,0
50,features.17,582,active,0.042245,1.413973e-07,1.156571e-07,0.0520,0.0527,489
50,features.17,583,active,0.013863,7.697876e-08,4.069470e-08,0.0283,0.0185,489
50,features.17,584,pruned_before,nan,0.000000e+00,0.000000e+00,0.0000,0.0000,0
50,features.17,585,active,0.003674,9.838372e-08,1.777704e-08,0.0362,0.0081,489
50,features.17,586,active,0.025253,1.011285e-07,7.062599e-08,0.0372,0.0322,489
50,features.17,587,active,0.091823,1.979964e-08,2.256128e-07,0.0073,0.1028,489
50,features.17,588,active,0.009965,1.406179e-07,3.689811e-08,0.0517,0.0168,489
50,features.17,589,active,0.214047,3.297575e-07,5.513485e-07,0.1213,0.2513,489
50,features.17,590,active,0.016639,1.640992e-07,5.527298e-08,0.0604,0.0252,489
50,features.17,591,active,0.056127,5.123640e-07,1.827567e-07,0.1884,0.0833,489
50,features.17,592,pruned_before,nan,0.000000e+00,0.000000e+00,0.0000,0.0000,0
50,features.17,593,active,0.003829,2.474205e-07,3.151629e-08,0.0910,0.0144,489
50,features.17,594,pruned_before,nan,0.000000e+00,0.000000e+00,0.0000,0.0000,0
50,features.17,595,pruned_before,nan,0.000000e+00,0.000000e+00,0.0000,0.0000,0
50,features.17,596,pruned_before,nan,0.000000e+00,0.000000e+00,0.0000,0.0000,0
50,features.17,597,active,0.121099,4.980417e-07,3.398558e-07,0.1832,0.1549,489
50,features.17,598,pruned_before,nan,0.000000e+00,0.000000e+00,0.0000,0.0000,0
50,features.17,599,pruned_before,nan,0.000000e+00,0.000000e+00,0.0000,0.0000,0
50,features.17,600,active,0.224905,9.775241e-07,6.358895e-07,0.3595,0.2898,489
50,features.17,601,pruned_before,nan,0.000000e+00,0.000000e+00,0.0000,0.0000,0
50,features.17,602,pruned_before,nan,0.000000e+00,0.000000e+00,0.0000,0.0000,0
50,features.17,603,active,0.063795,6.927681e-07,2.176225e-07,0.2548,0.0992,489
50,features.17,604,active,0.002938,9.440257e-08,1.562569e-08,0.0347,0.0071,489
50,features.17,605,active,0.018590,2.519490e-07,6.790431e-08,0.0927,0.0310,489
50,features.17,606,active,0.032393,7.212311e-08,8.543158e-08,0.0265,0.0389,489
50,features.17,607,active,0.446999,6.659376e-07,1.149354e-06,0.2449,0.5239,489
50,features.17,608,pruned_before,nan,0.000000e+00,0.000000e+00,0.0000,0.0000,0
50,features.17,609,active,0.185176,5.868902e-07,5.040209e-07,0.2158,0.2297,489
50,features.17,610,pruned_before,nan,0.000000e+00,0.000000e+00,0.0000,0.0000,0
50,features.17,611,active,0.156070,3.263079e-07,4.097083e-07,0.1200,0.1867,489
50,features.17,612,pruned_before,nan,0.000000e+00,0.000000e+00,0.0000,0.0000,0
50,features.17,613,active,0.060730,2.295307e-07,1.686194e-07,0.0844,0.0769,489
50,features.17,614,pruned_before,nan,0.000000e+00,0.000000e+00,0.0000,0.0000,0
50,features.17,615,active,0.022160,3.607774e-07,8.636384e-08,0.1327,0.0394,489
50,features.17,616,active,0.030592,1.398478e-07,8.711118e-08,0.0514,0.0397,489
50,features.17,617,pruned_before,nan,0.000000e+00,0.000000e+00,0.0000,0.0000,0
50,features.17,618,pruned_before,nan,0.000000e+00,0.000000e+00,0.0000,0.0000,0
50,features.17,619,active,0.038455,9.444400e-08,1.022082e-07,0.0347,0.0466,489
50,features.17,620,active,0.019256,2.912249e-07,7.304924e-08,0.1071,0.0333,489
50,features.17,621,pruned_before,nan,0.000000e+00,0.000000e+00,0.0000,0.0000,0
50,features.17,622,pruned_before,nan,0.000000e+00,0.000000e+00,0.0000,0.0000,0
50,features.17,623,pruned_before,nan,0.000000e+00,0.000000e+00,0.0000,0.0000,0
50,features.17,624,pruned_before,nan,0.000000e+00,0.000000e+00,0.0000,0.0000,0
50,features.17,625,active,0.047479,6.404289e-07,1.731559e-07,0.2355,0.0789,489
50,features.17,626,active,0.182161,3.796065e-07,4.780877e-07,0.1396,0.2179,489
50,features.17,627,active,0.017326,3.957459e-07,7.771612e-08,0.1455,0.0354,489
50,features.17,628,active,0.028572,3.890309e-07,1.045276e-07,0.1431,0.0476,489
50,features.17,629,pruned_before,nan,0.000000e+00,0.000000e+00,0.0000,0.0000,0
50,features.17,630,active,0.117110,4.475137e-07,3.256018e-07,0.1646,0.1484,489
50,features.17,631,pruned_before,nan,0.000000e+00,0.000000e+00,0.0000,0.0000,0
50,features.17,632,active,0.111371,8.767846e-07,3.500956e-07,0.3225,0.1596,489
50,features.17,633,active,0.018263,5.085748e-07,9.011646e-08,0.1870,0.0411,489
50,features.17,634,pruned_before,nan,0.000000e+00,0.000000e+00,0.0000,0.0000,0
50,features.17,635,pruned_before,nan,0.000000e+00,0.000000e+00,0.0000,0.0000,0
50,features.17,636,active,0.052437,3.134507e-07,1.559279e-07,0.1153,0.0711,489
50,features.17,637,pruned_before,nan,0.000000e+00,0.000000e+00,0.0000,0.0000,0
50,features.17,638,pruned_before,nan,0.000000e+00,0.000000e+00,0.0000,0.0000,0
50,features.17,639,active,0.004318,9.650616e-08,1.917904e-08,0.0355,0.0087,489
50,features.17,640,pruned_before,nan,0.000000e+00,0.000000e+00,0.0000,0.0000,0
50,features.17,641,pruned_before,nan,0.000000e+00,0.000000e+00,0.0000,0.0000,0
50,features.17,642,pruned_before,nan,0.000000e+00,0.000000e+00,0.0000,0.0000,0
50,features.17,643,active,0.693899,1.592626e-06,1.834307e-06,0.5857,0.8361,489
50,features.17,644,pruned_before,nan,0.000000e+00,0.000000e+00,0.0000,0.0000,0
50,features.17,645,pruned_before,nan,0.000000e+00,0.000000e+00,0.0000,0.0000,0
50,features.17,646,active,0.107455,1.910719e-07,2.790733e-07,0.0703,0.1272,489
50,features.17,647,active,0.188113,1.058648e-06,5.534748e-07,0.3893,0.2523,489
50,features.17,648,active,0.012200,2.140144e-08,3.165931e-08,0.0079,0.0144,489
50,features.17,649,active,0.023106,9.194428e-08,6.456785e-08,0.0338,0.0294,489
50,features.17,650,pruned_before,nan,0.000000e+00,0.000000e+00,0.0000,0.0000,0
50,features.17,651,pruned_before,nan,0.000000e+00,0.000000e+00,0.0000,0.0000,0
50,features.17,652,pruned_before,nan,0.000000e+00,0.000000e+00,0.0000,0.0000,0
50,features.17,653,pruned_before,nan,0.000000e+00,0.000000e+00,0.0000,0.0000,0
50,features.17,654,pruned_before,nan,0.000000e+00,0.000000e+00,0.0000,0.0000,0
50,features.17,655,active,0.017774,9.888631e-07,1.319837e-07,0.3637,0.0602,489
50,features.17,656,active,0.033087,4.008193e-07,1.165919e-07,0.1474,0.0531,489
50,features.17,657,pruned_before,nan,0.000000e+00,0.000000e+00,0.0000,0.0000,0
50,features.17,658,active,0.014293,1.225046e-07,4.582512e-08,0.0451,0.0209,489
50,features.17,659,active,0.016139,5.095324e-08,4.391132e-08,0.0187,0.0200,489
50,features.17,660,pruned_before,nan,0.000000e+00,0.000000e+00,0.0000,0.0000,0
50,features.17,661,active,0.109591,2.200705e-06,4.644519e-07,0.8094,0.2117,489
50,features.17,662,active,0.109730,4.578410e-07,3.085371e-07,0.1684,0.1406,489
50,features.17,663,pruned_before,nan,0.000000e+00,0.000000e+00,0.0000,0.0000,0
50,features.17,664,pruned_before,nan,0.000000e+00,0.000000e+00,0.0000,0.0000,0
50,features.17,665,pruned_before,nan,0.000000e+00,0.000000e+00,0.0000,0.0000,0
50,features.17,666,active,0.019356,5.159158e-08,5.181024e-08,0.0190,0.0236,489
50,features.17,667,active,0.137575,4.449091e-08,3.393556e-07,0.0164,0.1547,489
50,features.17,668,pruned_before,nan,0.000000e+00,0.000000e+00,0.0000,0.0000,0
50,features.17,669,pruned_before,nan,0.000000e+00,0.000000e+00,0.0000,0.0000,0
50,features.17,670,pruned_before,nan,0.000000e+00,0.000000e+00,0.0000,0.0000,0
50,features.17,671,active,0.032450,5.051163e-08,8.363223e-08,0.0186,0.0381,489
50,features.17,672,pruned_before,nan,0.000000e+00,0.000000e+00,0.0000,0.0000,0
50,features.17,673,pruned_before,nan,0.000000e+00,0.000000e+00,0.0000,0.0000,0
50,features.17,674,pruned_before,nan,0.000000e+00,0.000000e+00,0.0000,0.0000,0
50,features.17,675,active,0.059630,8.360684e-07,2.203169e-07,0.3075,0.1004,489
50,features.17,676,pruned_before,nan,0.000000e+00,0.000000e+00,0.0000,0.0000,0
50,features.17,677,pruned_before,nan,0.000000e+00,0.000000e+00,0.0000,0.0000,0
50,features.17,678,active,0.341012,3.037202e-07,8.585164e-07,0.1117,0.3913,489
50,features.17,679,pruned_before,nan,0.000000e+00,0.000000e+00,0.0000,0.0000,0
50,features.17,680,active,0.041060,1.015792e-08,1.010030e-07,0.0037,0.0460,489
50,features.17,681,active,0.148844,8.463080e-07,4.387133e-07,0.3113,0.2000,489
50,features.17,682,active,0.002339,1.314991e-07,1.749117e-08,0.0484,0.0080,489
50,features.17,683,pruned_before,nan,0.000000e+00,0.000000e+00,0.0000,0.0000,0
50,features.17,684,active,0.011009,1.702040e-07,4.209578e-08,0.0626,0.0192,489
50,features.17,685,pruned_before,nan,0.000000e+00,0.000000e+00,0.0000,0.0000,0
50,features.17,686,active,0.005306,1.108660e-07,2.287522e-08,0.0408,0.0104,489
50,features.17,687,pruned_before,nan,0.000000e+00,0.000000e+00,0.0000,0.0000,0
50,features.17,688,pruned_before,nan,0.000000e+00,0.000000e+00,0.0000,0.0000,0
50,features.17,689,active,0.021114,8.771135e-08,5.933268e-08,0.0323,0.0270,489
50,features.17,690,pruned_before,nan,0.000000e+00,0.000000e+00,0.0000,0.0000,0
50,features.17,691,active,-0.000418,1.898175e-07,1.599929e-08,0.0698,0.0073,489
50,features.17,692,pruned_before,nan,0.000000e+00,0.000000e+00,0.0000,0.0000,0
50,features.17,693,active,0.294428,4.927662e-07,7.619070e-07,0.1812,0.3473,489
50,features.17,694,active,0.029454,1.234057e-07,8.286392e-08,0.0454,0.0378,489
50,features.17,695,active,0.220568,4.282327e-07,5.760735e-07,0.1575,0.2626,489
50,features.17,696,active,0.006782,1.645552e-07,3.128534e-08,0.0605,0.0143,489
50,features.17,697,pruned_before,nan,0.000000e+00,0.000000e+00,0.0000,0.0000,0
50,features.17,698,active,0.012704,5.077739e-08,3.552187e-08,0.0187,0.0162,489
50,features.17,699,active,0.005660,1.729114e-07,2.929901e-08,0.0636,0.0134,489
50,features.17,700,active,0.051596,2.128096e-07,1.448558e-07,0.0783,0.0660,489
50,features.17,701,active,0.102392,1.121663e-06,3.501631e-07,0.4125,0.1596,489
50,features.17,702,active,0.024758,3.441324e-07,9.120552e-08,0.1266,0.0416,489
50,features.17,703,pruned_before,nan,0.000000e+00,0.000000e+00,0.0000,0.0000,0
50,features.17,704,pruned_before,nan,0.000000e+00,0.000000e+00,0.0000,0.0000,0
50,features.17,705,active,0.132215,2.737039e-07,3.468389e-07,0.1007,0.1581,489
50,features.17,706,active,0.093703,9.672353e-07,3.151363e-07,0.3557,0.1436,489
50,features.17,707,active,0.012671,1.382103e-07,4.328038e-08,0.0508,0.0197,489
50,features.17,708,pruned_before,nan,0.000000e+00,0.000000e+00,0.0000,0.0000,0
50,features.17,709,active,0.092691,1.408361e-07,2.385798e-07,0.0518,0.1087,489
50,features.17,710,active,0.114545,5.134593e-07,3.252601e-07,0.1888,0.1483,489
50,features.17,711,active,0.085762,2.528756e-07,2.317338e-07,0.0930,0.1056,489
50,features.17,712,active,0.000359,4.966281e-07,4.540044e-08,0.1826,0.0207,489
50,features.17,713,pruned_before,nan,0.000000e+00,0.000000e+00,0.0000,0.0000,0
50,features.17,714,protected,0.747561,1.963334e-06,1.998354e-06,0.7221,0.9109,489
50,features.17,715,active,0.044006,8.667889e-08,1.150448e-07,0.0319,0.0524,489
50,features.17,716,protected,0.791093,1.293594e-06,2.044427e-06,0.4758,0.9319,489
50,features.17,717,active,0.054714,3.605269e-07,1.656987e-07,0.1326,0.0755,489
50,features.17,718,active,0.160877,6.596669e-07,4.513115e-07,0.2426,0.2057,489
50,features.17,719,active,0.044171,4.696334e-07,1.497792e-07,0.1727,0.0683,489
50,features.17,720,pruned_before,nan,0.000000e+00,0.000000e+00,0.0000,0.0000,0
50,features.17,721,pruned_before,nan,0.000000e+00,0.000000e+00,0.0000,0.0000,0
50,features.17,722,pruned_before,nan,0.000000e+00,0.000000e+00,0.0000,0.0000,0
50,features.17,723,active,0.057017,3.483191e-07,1.702195e-07,0.1281,0.0776,489
50,features.17,724,active,0.019374,1.415559e-07,5.991890e-08,0.0521,0.0273,489
50,features.17,725,active,0.065797,4.681420e-07,2.023655e-07,0.1722,0.0922,489
50,features.17,726,active,0.129112,3.172147e-07,3.431763e-07,0.1167,0.1564,489
50,features.17,727,pruned_before,nan,0.000000e+00,0.000000e+00,0.0000,0.0000,0
50,features.17,728,active,0.631948,7.068277e-07,1.603873e-06,0.2600,0.7310,489
50,features.17,729,pruned_before,nan,0.000000e+00,0.000000e+00,0.0000,0.0000,0
50,features.17,730,active,0.011980,1.236151e-07,4.028508e-08,0.0455,0.0184,489
50,features.17,731,pruned_before,nan,0.000000e+00,0.000000e+00,0.0000,0.0000,0
50,features.17,732,pruned_before,nan,0.000000e+00,0.000000e+00,0.0000,0.0000,0
50,features.17,733,active,0.019617,2.207599e-07,6.761206e-08,0.0812,0.0308,489
50,features.17,734,active,0.129640,3.617472e-07,3.484550e-07,0.1330,0.1588,489
50,features.17,735,pruned_before,nan,0.000000e+00,0.000000e+00,0.0000,0.0000,0
50,features.17,736,active,0.216043,3.504015e-07,5.580632e-07,0.1289,0.2544,489
50,features.17,737,active,0.059589,5.027331e-07,1.903329e-07,0.1849,0.0868,489
50,features.17,738,pruned_before,nan,0.000000e+00,0.000000e+00,0.0000,0.0000,0
50,features.17,739,active,0.024556,6.364836e-08,6.556699e-08,0.0234,0.0299,489
50,features.17,740,active,0.258017,6.158347e-07,6.841817e-07,0.2265,0.3119,489
50,features.17,741,pruned_before,nan,0.000000e+00,0.000000e+00,0.0000,0.0000,0
50,features.17,742,pruned_before,nan,0.000000e+00,0.000000e+00,0.0000,0.0000,0
50,features.17,743,active,0.127061,5.870194e-07,3.623648e-07,0.2159,0.1652,489
50,features.17,744,pruned_before,nan,0.000000e+00,0.000000e+00,0.0000,0.0000,0
50,features.17,745,active,0.007610,6.286319e-08,2.418587e-08,0.0231,0.0110,489
50,features.17,746,pruned_before,nan,0.000000e+00,0.000000e+00,0.0000,0.0000,0
50,features.17,747,active,0.251464,1.943709e-07,6.304219e-07,0.0715,0.2873,489
50,features.17,748,pruned_before,nan,0.000000e+00,0.000000e+00,0.0000,0.0000,0
50,features.17,749,active,0.087984,6.208471e-07,2.701409e-07,0.2283,0.1231,489
50,features.17,750,active,0.071897,5.926281e-07,2.283938e-07,0.2180,0.1041,489
50,features.17,751,active,0.011286,1.390799e-07,3.998070e-08,0.0512,0.0182,489
50,features.17,752,active,0.069503,3.787171e-07,2.033805e-07,0.1393,0.0927,489
50,features.17,753,active,0.304699,1.241895e-06,8.541062e-07,0.4567,0.3893,489
50,features.17,754,pruned_before,nan,0.000000e+00,0.000000e+00,0.0000,0.0000,0
50,features.17,755,active,0.019476,5.704515e-08,5.259137e-08,0.0210,0.0240,489
50,features.17,756,pruned_before,nan,0.000000e+00,0.000000e+00,0.0000,0.0000,0
50,features.17,757,active,0.020280,8.814406e-08,5.733807e-08,0.0324,0.0261,489
50,features.17,758,pruned_before,nan,0.000000e+00,0.000000e+00,0.0000,0.0000,0
50,features.17,759,pruned_before,nan,0.000000e+00,0.000000e+00,0.0000,0.0000,0
50,features.17,760,pruned_before,nan,0.000000e+00,0.000000e+00,0.0000,0.0000,0
50,features.17,761,pruned_before,nan,0.000000e+00,0.000000e+00,0.0000,0.0000,0
50,features.17,762,active,0.042108,5.849703e-07,1.550922e-07,0.2151,0.0707,489
50,features.17,763,pruned_before,nan,0.000000e+00,0.000000e+00,0.0000,0.0000,0
50,features.17,764,active,0.057012,3.325034e-07,1.687892e-07,0.1223,0.0769,489
50,features.17,765,active,0.009905,8.591138e-08,3.184807e-08,0.0316,0.0145,489
50,features.17,766,active,0.106800,1.529432e-07,2.740586e-07,0.0562,0.1249,489
50,features.17,767,active,0.028807,4.312586e-07,1.088874e-07,0.1586,0.0496,489
50,features.17,768,active,0.121215,2.836005e-07,3.209125e-07,0.1043,0.1463,489
50,features.17,769,pruned_before,nan,0.000000e+00,0.000000e+00,0.0000,0.0000,0
50,features.17,770,active,0.053058,1.772397e-07,1.452310e-07,0.0652,0.0662,489
50,features.17,771,active,0.025498,2.134111e-07,8.129064e-08,0.0785,0.0371,489
50,features.17,772,active,0.026468,3.085682e-07,9.218516e-08,0.1135,0.0420,489
50,features.17,773,pruned_before,nan,0.000000e+00,0.000000e+00,0.0000,0.0000,0
50,features.17,774,pruned_before,nan,0.000000e+00,0.000000e+00,0.0000,0.0000,0
50,features.17,775,active,0.004606,2.543563e-07,3.403156e-08,0.0935,0.0155,489
50,features.17,776,active,0.062121,2.223652e-07,1.713677e-07,0.0818,0.0781,489
50,features.17,777,active,0.006731,1.397707e-07,2.893951e-08,0.0514,0.0132,489
50,features.17,778,active,0.154333,3.687353e-07,4.092765e-07,0.1356,0.1865,489
50,features.17,779,active,0.069973,6.524179e-07,2.290642e-07,0.2399,0.1044,489
50,features.17,780,pruned_before,nan,0.000000e+00,0.000000e+00,0.0000,0.0000,0
50,features.17,781,pruned_before,nan,0.000000e+00,0.000000e+00,0.0000,0.0000,0
50,features.17,782,active,0.087379,9.804337e-07,3.009050e-07,0.3606,0.1372,489
50,features.17,783,pruned_before,nan,0.000000e+00,0.000000e+00,0.0000,0.0000,0
50,features.17,784,active,0.003836,4.652972e-08,1.352173e-08,0.0171,0.0062,489
50,features.17,785,active,0.053050,5.852180e-08,1.345668e-07,0.0215,0.0613,489
50,features.17,786,pruned_before,nan,0.000000e+00,0.000000e+00,0.0000,0.0000,0
50,features.17,787,active,0.058201,7.584530e-08,1.486755e-07,0.0279,0.0678,489
50,features.17,788,pruned_before,nan,0.000000e+00,0.000000e+00,0.0000,0.0000,0
50,features.17,789,active,0.024470,1.300493e-07,7.131039e-08,0.0478,0.0325,489
50,features.17,790,active,0.066796,2.492426e-07,1.851740e-07,0.0917,0.0844,489
50,features.17,791,active,0.093275,9.839448e-08,2.361976e-07,0.0362,0.1077,489
50,features.17,792,active,0.038389,5.378143e-07,1.417975e-07,0.1978,0.0646,489
50,features.17,793,active,0.042351,1.560675e-08,1.046382e-07,0.0057,0.0477,489
50,features.17,794,active,0.142503,7.053428e-07,4.106173e-07,0.2594,0.1872,489
50,features.17,795,pruned_before,nan,0.000000e+00,0.000000e+00,0.0000,0.0000,0
50,features.17,796,pruned_before,nan,0.000000e+00,0.000000e+00,0.0000,0.0000,0
50,features.17,797,pruned_before,nan,0.000000e+00,0.000000e+00,0.0000,0.0000,0
50,features.17,798,pruned_before,nan,0.000000e+00,0.000000e+00,0.0000,0.0000,0
50,features.17,799,pruned_before,nan,0.000000e+00,0.000000e+00,0.0000,0.0000,0
50,features.17,800,pruned_before,nan,0.000000e+00,0.000000e+00,0.0000,0.0000,0
50,features.17,801,pruned_before,nan,0.000000e+00,0.000000e+00,0.0000,0.0000,0
50,features.17,802,pruned_before,nan,0.000000e+00,0.000000e+00,0.0000,0.0000,0
50,features.17,803,pruned_before,nan,0.000000e+00,0.000000e+00,0.0000,0.0000,0
50,features.17,804,active,0.004292,1.476930e-07,2.370264e-08,0.0543,0.0108,489
50,features.17,805,active,0.004301,1.485471e-07,2.380167e-08,0.0546,0.0108,489
50,features.17,806,pruned_before,nan,0.000000e+00,0.000000e+00,0.0000,0.0000,0
50,features.17,807,pruned_before,nan,0.000000e+00,0.000000e+00,0.0000,0.0000,0
50,features.17,808,active,0.022116,7.987733e-07,1.255262e-07,0.2938,0.0572,489
50,features.17,809,pruned_before,nan,0.000000e+00,0.000000e+00,0.0000,0.0000,0
50,features.17,810,pruned_before,nan,0.000000e+00,0.000000e+00,0.0000,0.0000,0
50,features.17,811,pruned_before,nan,0.000000e+00,0.000000e+00,0.0000,0.0000,0
50,features.17,812,pruned_before,nan,0.000000e+00,0.000000e+00,0.0000,0.0000,0
50,features.17,813,pruned_before,nan,0.000000e+00,0.000000e+00,0.0000,0.0000,0
50,features.17,814,pruned_before,nan,0.000000e+00,0.000000e+00,0.0000,0.0000,0
50,features.17,815,pruned_before,nan,0.000000e+00,0.000000e+00,0.0000,0.0000,0
50,features.17,816,pruned_before,nan,0.000000e+00,0.000000e+00,0.0000,0.0000,0
50,features.17,817,active,0.003032,3.105555e-07,3.523289e-08,0.1142,0.0161,489
50,features.17,818,active,0.034919,4.829242e-07,1.284191e-07,0.1776,0.0585,489
50,features.17,819,active,0.102652,1.335654e-07,2.622089e-07,0.0491,0.1195,489
50,features.17,820,pruned_before,nan,0.000000e+00,0.000000e+00,0.0000,0.0000,0
50,features.17,821,pruned_before,nan,0.000000e+00,0.000000e+00,0.0000,0.0000,0
50,features.17,822,pruned_before,nan,0.000000e+00,0.000000e+00,0.0000,0.0000,0
50,features.17,823,pruned_before,nan,0.000000e+00,0.000000e+00,0.0000,0.0000,0
50,features.17,824,pruned_before,nan,0.000000e+00,0.000000e+00,0.0000,0.0000,0
50,features.17,825,active,0.041021,2.824110e-07,1.253166e-07,0.1039,0.0571,489
50,features.17,826,pruned_before,nan,0.000000e+00,0.000000e+00,0.0000,0.0000,0
50,features.17,827,active,0.313795,2.090386e-07,7.836813e-07,0.0769,0.3572,489
50,features.17,828,pruned_before,nan,0.000000e+00,0.000000e+00,0.0000,0.0000,0
50,features.17,829,active,0.014941,3.248325e-07,6.554472e-08,0.1195,0.0299,489
50,features.17,830,active,0.082918,4.151202e-07,2.393467e-07,0.1527,0.1091,489
50,features.17,831,pruned_before,nan,0.000000e+00,0.000000e+00,0.0000,0.0000,0
50,features.17,832,active,0.024207,2.226882e-07,7.897317e-08,0.0819,0.0360,489
50,features.17,833,pruned_before,nan,0.000000e+00,0.000000e+00,0.0000,0.0000,0
50,features.17,834,pruned_before,nan,0.000000e+00,0.000000e+00,0.0000,0.0000,0
50,features.17,835,active,0.011104,9.873660e-08,3.591951e-08,0.0363,0.0164,489
50,features.17,836,active,0.036358,1.639068e-07,1.033244e-07,0.0603,0.0471,489
50,features.17,837,active,0.086642,2.367850e-07,2.324357e-07,0.0871,0.1059,489
50,features.17,838,pruned_before,nan,0.000000e+00,0.000000e+00,0.0000,0.0000,0
50,features.17,839,active,0.076498,5.821239e-07,2.386700e-07,0.2141,0.1088,489
50,features.17,840,pruned_before,nan,0.000000e+00,0.000000e+00,0.0000,0.0000,0
50,features.17,841,pruned_before,nan,0.000000e+00,0.000000e+00,0.0000,0.0000,0
50,features.17,842,pruned_before,nan,0.000000e+00,0.000000e+00,0.0000,0.0000,0
50,features.17,843,active,0.220640,1.480570e-07,5.511289e-07,0.0545,0.2512,489
50,features.17,844,active,0.002240,2.604840e-07,2.881269e-08,0.0958,0.0131,489
50,features.17,845,pruned_before,nan,0.000000e+00,0.000000e+00,0.0000,0.0000,0
50,features.17,846,active,0.020175,3.513489e-07,8.068123e-08,0.1292,0.0368,489
50,features.17,847,protected,0.857709,1.149896e-06,2.193934e-06,0.4229,1.0000,489
50,features.17,848,pruned_before,nan,0.000000e+00,0.000000e+00,0.0000,0.0000,0
50,features.17,849,pruned_before,nan,0.000000e+00,0.000000e+00,0.0000,0.0000,0
50,features.17,850,pruned_before,nan,0.000000e+00,0.000000e+00,0.0000,0.0000,0
50,features.17,851,active,0.135793,3.582747e-08,3.342348e-07,0.0132,0.1523,489
50,features.17,852,active,0.036846,1.265794e-07,1.011679e-07,0.0466,0.0461,489
50,features.17,853,pruned_before,nan,0.000000e+00,0.000000e+00,0.0000,0.0000,0
50,features.17,854,active,0.046716,5.362932e-07,1.619614e-07,0.1972,0.0738,489
50,features.17,855,active,0.019785,6.764195e-07,1.088732e-07,0.2488,0.0496,489
50,features.17,856,active,0.067279,1.072131e-07,1.736196e-07,0.0394,0.0791,489
50,features.17,857,pruned_before,nan,0.000000e+00,0.000000e+00,0.0000,0.0000,0
50,features.17,858,active,0.074199,3.627438e-07,2.133964e-07,0.1334,0.0973,489
50,features.17,859,pruned_before,nan,0.000000e+00,0.000000e+00,0.0000,0.0000,0
50,features.17,860,pruned_before,nan,0.000000e+00,0.000000e+00,0.0000,0.0000,0
50,features.17,861,pruned_before,nan,0.000000e+00,0.000000e+00,0.0000,0.0000,0
50,features.17,862,active,0.097139,6.952994e-07,2.991322e-07,0.2557,0.1363,489
50,features.17,863,active,0.024293,1.695210e-07,7.441781e-08,0.0623,0.0339,489
50,features.17,864,active,0.112937,3.915751e-07,3.104131e-07,0.1440,0.1415,489
50,features.17,865,pruned_before,nan,0.000000e+00,0.000000e+00,0.0000,0.0000,0
50,features.17,866,active,0.012507,9.233219e-08,3.876629e-08,0.0340,0.0177,489
50,features.17,867,pruned_before,nan,0.000000e+00,0.000000e+00,0.0000,0.0000,0
50,features.17,868,active,0.190714,7.161111e-07,5.291072e-07,0.2634,0.2412,489
50,features.17,869,active,0.028340,3.255177e-07,9.826860e-08,0.1197,0.0448,489
50,features.17,870,active,0.027031,7.168640e-07,1.301624e-07,0.2636,0.0593,489
50,features.17,871,active,0.662874,9.723354e-07,1.703065e-06,0.3576,0.7763,489
50,features.17,872,active,0.200952,2.170011e-06,6.844115e-07,0.7981,0.3120,489
50,features.17,873,pruned_before,nan,0.000000e+00,0.000000e+00,0.0000,0.0000,0
50,features.17,874,active,0.015370,4.422130e-08,4.143135e-08,0.0163,0.0189,489
50,features.17,875,active,0.006833,1.943266e-07,3.407777e-08,0.0715,0.0155,489
50,features.17,876,active,0.162426,2.979644e-07,4.226606e-07,0.1096,0.1926,489
50,features.17,877,pruned_before,nan,0.000000e+00,0.000000e+00,0.0000,0.0000,0
50,features.17,878,active,0.001469,3.304319e-07,3.320647e-08,0.1215,0.0151,489
50,features.17,879,active,0.040504,3.300664e-07,1.283282e-07,0.1214,0.0585,489
50,features.17,880,active,0.039423,1.113021e-07,1.060798e-07,0.0409,0.0484,489
50,features.17,881,pruned_before,nan,0.000000e+00,0.000000e+00,0.0000,0.0000,0
50,features.17,882,pruned_before,nan,0.000000e+00,0.000000e+00,0.0000,0.0000,0
50,features.17,883,pruned_before,nan,0.000000e+00,0.000000e+00,0.0000,0.0000,0
50,features.17,884,pruned_before,nan,0.000000e+00,0.000000e+00,0.0000,0.0000,0
50,features.17,885,active,0.054116,8.086580e-08,1.391684e-07,0.0297,0.0634,489
50,features.17,886,pruned_before,nan,0.000000e+00,0.000000e+00,0.0000,0.0000,0
50,features.17,887,pruned_before,nan,0.000000e+00,0.000000e+00,0.0000,0.0000,0
50,features.17,888,active,0.020243,1.932237e-07,6.667079e-08,0.0711,0.0304,489
50,features.17,889,active,0.040872,1.801757e-07,1.157882e-07,0.0663,0.0528,489
50,features.17,890,pruned_before,nan,0.000000e+00,0.000000e+00,0.0000,0.0000,0
50,features.17,891,active,0.379507,5.268257e-07,9.723578e-07,0.1938,0.4432,489
50,features.17,892,pruned_before,nan,0.000000e+00,0.000000e+00,0.0000,0.0000,0
50,features.17,893,active,0.026317,1.530979e-07,7.787914e-08,0.0563,0.0355,489
50,features.17,894,active,0.026774,2.845480e-08,6.781885e-08,0.0105,0.0309,489
50,features.17,895,pruned_before,nan,0.000000e+00,0.000000e+00,0.0000,0.0000,0
50,features.17,896,pruned_before,nan,0.000000e+00,0.000000e+00,0.0000,0.0000,0
50,features.17,897,pruned_before,nan,0.000000e+00,0.000000e+00,0.0000,0.0000,0
50,features.17,898,active,0.214208,1.112053e-06,6.218750e-07,0.4090,0.2835,489
50,features.17,899,active,0.058202,1.848408e-07,1.584521e-07,0.0680,0.0722,489
50,features.17,900,active,0.118736,3.413132e-07,3.200431e-07,0.1255,0.1459,489
50,features.17,901,pruned_before,nan,0.000000e+00,0.000000e+00,0.0000,0.0000,0
50,features.17,902,active,0.020185,9.761770e-08,5.795680e-08,0.0359,0.0264,489
50,features.17,903,active,0.119535,5.263460e-07,3.385812e-07,0.1936,0.1543,489
50,features.17,904,pruned_before,nan,0.000000e+00,0.000000e+00,0.0000,0.0000,0
50,features.17,905,active,0.023658,1.417360e-07,7.037917e-08,0.0521,0.0321,489
50,features.17,906,pruned_before,nan,0.000000e+00,0.000000e+00,0.0000,0.0000,0
50,features.17,907,active,0.023454,6.426981e-08,6.293636e-08,0.0236,0.0287,489
50,features.17,908,pruned_before,nan,0.000000e+00,0.000000e+00,0.0000,0.0000,0
50,features.17,909,active,0.028889,4.202175e-08,7.419072e-08,0.0155,0.0338,489
50,features.17,910,pruned_before,nan,0.000000e+00,0.000000e+00,0.0000,0.0000,0
50,features.17,911,pruned_before,nan,0.000000e+00,0.000000e+00,0.0000,0.0000,0
50,features.17,912,active,0.062567,1.398276e-07,1.650559e-07,0.0514,0.0752,489
50,features.17,913,pruned_before,nan,0.000000e+00,0.000000e+00,0.0000,0.0000,0
50,features.17,914,active,0.279451,8.199713e-07,7.547323e-07,0.3016,0.3440,489
50,features.17,915,pruned_before,nan,0.000000e+00,0.000000e+00,0.0000,0.0000,0
50,features.17,916,pruned_before,nan,0.000000e+00,0.000000e+00,0.0000,0.0000,0
50,features.17,917,pruned_before,nan,0.000000e+00,0.000000e+00,0.0000,0.0000,0
50,features.17,918,pruned_before,nan,0.000000e+00,0.000000e+00,0.0000,0.0000,0
50,features.17,919,active,0.017120,3.427449e-07,7.246142e-08,0.1261,0.0330,489
50,features.17,920,pruned_before,nan,0.000000e+00,0.000000e+00,0.0000,0.0000,0
50,features.17,921,pruned_before,nan,0.000000e+00,0.000000e+00,0.0000,0.0000,0
50,features.17,922,pruned_before,nan,0.000000e+00,0.000000e+00,0.0000,0.0000,0
50,features.17,923,pruned_before,nan,0.000000e+00,0.000000e+00,0.0000,0.0000,0
50,features.17,924,pruned_before,nan,0.000000e+00,0.000000e+00,0.0000,0.0000,0
50,features.17,925,active,0.127775,7.226628e-07,3.762664e-07,0.2658,0.1715,489
50,features.17,926,pruned_before,nan,0.000000e+00,0.000000e+00,0.0000,0.0000,0
50,features.17,927,active,0.043308,1.020206e-07,1.147179e-07,0.0375,0.0523,489
50,features.17,928,pruned_before,nan,0.000000e+00,0.000000e+00,0.0000,0.0000,0
50,features.17,929,active,0.053859,1.634361e-07,1.459459e-07,0.0601,0.0665,489
50,features.17,930,pruned_before,nan,0.000000e+00,0.000000e+00,0.0000,0.0000,0
50,features.17,931,pruned_before,nan,0.000000e+00,0.000000e+00,0.0000,0.0000,0
50,features.17,932,active,0.028381,7.127508e-08,7.557454e-08,0.0262,0.0344,489
50,features.17,933,pruned_before,nan,0.000000e+00,0.000000e+00,0.0000,0.0000,0
50,features.17,934,pruned_before,nan,0.000000e+00,0.000000e+00,0.0000,0.0000,0
50,features.17,935,active,0.301316,2.780340e-07,7.594452e-07,0.1023,0.3462,489
50,features.17,936,pruned_before,nan,0.000000e+00,0.000000e+00,0.0000,0.0000,0
50,features.17,937,pruned_before,nan,0.000000e+00,0.000000e+00,0.0000,0.0000,0
50,features.17,938,pruned_before,nan,0.000000e+00,0.000000e+00,0.0000,0.0000,0
50,features.17,939,active,0.011080,4.975804e-08,3.146985e-08,0.0183,0.0143,489
50,features.17,940,active,0.021238,5.543031e-07,1.014668e-07,0.2039,0.0462,489
50,features.17,941,pruned_before,nan,0.000000e+00,0.000000e+00,0.0000,0.0000,0
50,features.17,942,active,0.488897,1.172405e-06,1.296896e-06,0.4312,0.5911,489
50,features.17,943,pruned_before,nan,0.000000e+00,0.000000e+00,0.0000,0.0000,0
50,features.17,944,active,0.013742,6.339993e-07,9.033973e-08,0.2332,0.0412,489
50,features.17,945,active,0.005556,3.462358e-08,1.664770e-08,0.0127,0.0076,489
50,features.17,946,active,0.116641,3.222675e-07,3.132292e-07,0.1185,0.1428,489
50,features.17,947,pruned_before,nan,0.000000e+00,0.000000e+00,0.0000,0.0000,0
50,features.17,948,active,0.034698,7.377067e-08,9.119753e-08,0.0271,0.0416,489
50,features.17,949,active,0.092245,4.709316e-07,2.670869e-07,0.1732,0.1217,489
50,features.17,950,pruned_before,nan,0.000000e+00,0.000000e+00,0.0000,0.0000,0
50,features.17,951,active,0.013517,2.738666e-07,5.750311e-08,0.1007,0.0262,489
50,features.17,952,pruned_before,nan,0.000000e+00,0.000000e+00,0.0000,0.0000,0
50,features.17,953,active,0.443460,6.517683e-07,1.139458e-06,0.2397,0.5194,489
50,features.17,954,pruned_before,nan,0.000000e+00,0.000000e+00,0.0000,0.0000,0
50,features.17,955,pruned_before,nan,0.000000e+00,0.000000e+00,0.0000,0.0000,0
50,features.17,956,pruned_before,nan,0.000000e+00,0.000000e+00,0.0000,0.0000,0
50,features.17,957,pruned_before,nan,0.000000e+00,0.000000e+00,0.0000,0.0000,0
50,features.17,958,active,0.014550,2.025185e-07,5.362445e-08,0.0745,0.0244,489
50,features.17,959,active,0.122894,3.193406e-07,3.282104e-07,0.1174,0.1496,489
