iter,block,ch,status,score,phi_raw,perf_raw,phi_n,perf_n,weights
21,features.1,0,active,0.000000,0.000000e+00,0.000000e+00,0.0000,0.0000,25
21,features.1,1,pruned_before,nan,0.000000e+00,0.000000e+00,0.0000,0.0000,0
21,features.1,2,pruned_before,nan,0.000000e+00,0.000000e+00,0.0000,0.0000,0
21,features.1,3,pruned_before,nan,0.000000e+00,0.000000e+00,0.0000,0.0000,0
21,features.1,4,protected,0.512584,1.353290e-07,7.647216e-01,0.6247,1.0000,25
21,features.1,5,pruned_before,nan,0.000000e+00,0.000000e+00,0.0000,0.0000,0
21,features.1,6,active,0.040354,6.874763e-08,1.480961e-01,0.3174,0.1937,25
21,features.1,7,pruned_before,nan,0.000000e+00,0.000000e+00,0.0000,0.0000,0
21,features.1,8,pruned_before,nan,0.000000e+00,0.000000e+00,0.0000,0.0000,0
21,features.1,9,active,0.000000,0.000000e+00,0.000000e+00,0.0000,0.0000,25
21,features.1,10,pruned_before,nan,0.000000e+00,0.000000e+00,0.0000,0.0000,0
21,features.1,11,active,0.145396,2.166227e-07,4.865760e-01,1.0000,0.6363,25
21,features.1,12,pruned_before,nan,0.000000e+00,0.000000e+00,0.0000,0.0000,0
21,features.1,13,active,-0.134905,9.809596e-08,1.034492e-03,0.4528,0.0014,25
21,features.1,14,active,0.000000,0.000000e+00,0.000000e+00,0.0000,0.0000,25
21,features.1,15,active,0.000000,0.000000e+00,0.000000e+00,0.0000,0.0000,25
21,features.1,16,active,0.000000,0.000000e+00,4.089360e-09,0.0000,0.0000,25
21,features.1,17,active,0.000000,0.000000e+00,1.233175e-09,0.0000,0.0000,25
21,features.1,18,pruned_before,nan,0.000000e+00,0.000000e+00,0.0000,0.0000,0
21,features.1,19,pruned_before,nan,0.000000e+00,0.000000e+00,0.0000,0.0000,0
21,features.1,20,pruned_before,nan,0.000000e+00,0.000000e+00,0.0000,0.0000,0
21,features.1,21,pruned_before,nan,0.000000e+00,0.000000e+00,0.0000,0.0000,0
21,features.1,22,pruned_before,nan,0.000000e+00,0.000000e+00,0.0000,0.0000,0
21,features.1,23,active,0.000000,0.000000e+00,1.032096e-11,0.0000,0.0000,25
21,features.1,24,pruned_before,nan,0.000000e+00,0.000000e+00,0.0000,0.0000,0
21,features.1,25,pruned_before,nan,0.000000e+00,0.000000e+00,0.0000,0.0000,0
21,features.1,26,pruned_before,nan,0.000000e+00,0.000000e+00,0.0000,0.0000,0
21,features.1,27,pruned_before,nan,0.000000e+00,0.000000e+00,0.0000,0.0000,0
21,features.1,28,pruned_before,nan,0.000000e+00,0.000000e+00,0.0000,0.0000,0
21,features.1,29,pruned_before,nan,0.000000e+00,0.000000e+00,0.0000,0.0000,0
21,features.1,30,pruned_before,nan,0.000000e+00,0.000000e+00,0.0000,0.0000,0
21,features.1,31,pruned_before,nan,0.000000e+00,0.000000e+00,0.0000,0.0000,0
21,features.2,0,pruned_before,nan,0.000000e+00,0.000000e+00,0.0000,0.0000,0
21,features.2,1,pruned_before,nan,0.000000e+00,0.000000e+00,0.0000,0.0000,0
21,features.2,2,active,0.021916,3.338478e-08,1.510486e-04,0.0231,0.0412,49
21,features.2,3,pruned_before,nan,0.000000e+00,0.000000e+00,0.0000,0.0000,0
21,features.2,4,active,0.030230,8.432771e-09,1.674677e-04,0.0058,0.0457,49
21,features.2,5,active,0.012600,2.431185e-09,6.862242e-05,0.0017,0.0187,49
21,features.2,6,pruned_before,nan,0.000000e+00,0.000000e+00,0.0000,0.0000,0
21,features.2,7,active,-0.000357,2.659865e-09,1.019148e-06,0.0018,0.0003,49
21,features.2,8,pruned_before,nan,0.000000e+00,0.000000e+00,0.0000,0.0000,0
21,features.2,9,active,0.000567,2.278277e-08,2.772748e-05,0.0158,0.0076,49
21,features.2,10,active,0.000612,3.256505e-08,3.859813e-05,0.0225,0.0105,49
21,features.2,11,pruned_before,nan,0.000000e+00,0.000000e+00,0.0000,0.0000,0
21,features.2,12,active,0.044866,1.140004e-08,2.473328e-04,0.0079,0.0675,49
21,features.2,13,active,0.001312,2.015877e-08,2.878127e-05,0.0139,0.0079,49
21,features.2,14,active,0.009996,8.306893e-09,6.137169e-05,0.0057,0.0167,49
21,features.2,15,pruned_before,nan,0.000000e+00,0.000000e+00,0.0000,0.0000,0
21,features.2,16,active,-0.016277,8.767402e-08,1.005006e-05,0.0607,0.0027,49
21,features.2,17,pruned_before,nan,0.000000e+00,0.000000e+00,0.0000,0.0000,0
21,features.2,18,pruned_before,nan,0.000000e+00,0.000000e+00,0.0000,0.0000,0
21,features.2,19,active,-0.039856,3.217951e-07,1.410291e-04,0.2226,0.0385,49
21,features.2,20,pruned_before,nan,0.000000e+00,0.000000e+00,0.0000,0.0000,0
21,features.2,21,active,0.022433,4.677263e-08,1.683027e-04,0.0324,0.0459,49
21,features.2,22,active,0.014194,1.174345e-08,8.708803e-05,0.0081,0.0238,49
21,features.2,23,active,0.077347,1.798456e-08,4.245758e-04,0.0124,0.1158,49
21,features.2,24,active,-0.001632,1.489849e-08,7.644381e-06,0.0103,0.0021,49
21,features.2,25,pruned_before,nan,0.000000e+00,0.000000e+00,0.0000,0.0000,0
21,features.2,26,active,-0.056141,3.381708e-07,7.354967e-05,0.2340,0.0201,49
21,features.2,27,active,-0.035443,1.716092e-07,9.079351e-07,0.1187,0.0002,49
21,features.2,28,active,0.015113,4.186730e-08,1.246422e-04,0.0290,0.0340,49
21,features.2,29,active,0.147571,1.637088e-09,7.745422e-04,0.0011,0.2113,49
21,features.2,30,pruned_before,nan,0.000000e+00,0.000000e+00,0.0000,0.0000,0
21,features.2,31,active,0.007465,2.497435e-08,6.623112e-05,0.0173,0.0181,49
21,features.2,32,active,-0.005540,1.414128e-07,1.246831e-04,0.0978,0.0340,49
21,features.2,33,pruned_before,nan,0.000000e+00,0.000000e+00,0.0000,0.0000,0
21,features.2,34,active,-0.129603,1.445460e-06,8.922919e-04,1.0000,0.2434,49
21,features.2,35,active,0.021572,8.028836e-08,2.002240e-04,0.0555,0.0546,49
21,features.2,36,pruned_before,nan,0.000000e+00,0.000000e+00,0.0000,0.0000,0
21,features.2,37,pruned_before,nan,0.000000e+00,0.000000e+00,0.0000,0.0000,0
21,features.2,38,active,0.027548,1.783510e-08,1.636398e-04,0.0123,0.0446,49
21,features.2,39,pruned_before,nan,0.000000e+00,0.000000e+00,0.0000,0.0000,0
21,features.2,40,pruned_before,nan,0.000000e+00,0.000000e+00,0.0000,0.0000,0
21,features.2,41,active,-0.039767,3.125006e-07,1.313924e-04,0.2162,0.0358,49
21,features.2,42,active,0.025700,2.077555e-08,1.571574e-04,0.0144,0.0429,49
21,features.2,43,active,0.011625,1.638971e-07,2.390023e-04,0.1134,0.0652,49
21,features.2,44,active,0.015972,3.556873e-08,1.222924e-04,0.0246,0.0334,49
21,features.2,45,pruned_before,nan,0.000000e+00,0.000000e+00,0.0000,0.0000,0
21,features.2,46,active,-0.039422,2.960725e-07,1.153428e-04,0.2048,0.0315,49
21,features.2,47,active,0.013010,4.855395e-09,7.340573e-05,0.0034,0.0200,49
21,features.2,48,active,0.008051,1.006206e-08,5.309545e-05,0.0070,0.0145,49
21,features.2,49,active,0.024912,8.038428e-09,1.391865e-04,0.0056,0.0380,49
21,features.2,50,active,-0.030878,1.744475e-07,2.790247e-05,0.1207,0.0076,49
21,features.2,51,pruned_before,nan,0.000000e+00,0.000000e+00,0.0000,0.0000,0
21,features.2,52,pruned_before,nan,0.000000e+00,0.000000e+00,0.0000,0.0000,0
21,features.2,53,active,0.028233,2.515786e-07,4.212650e-04,0.1740,0.1149,49
21,features.2,54,pruned_before,nan,0.000000e+00,0.000000e+00,0.0000,0.0000,0
21,features.2,55,active,0.016888,3.343118e-08,1.247680e-04,0.0231,0.0340,49
21,features.2,56,pruned_before,nan,0.000000e+00,0.000000e+00,0.0000,0.0000,0
21,features.2,57,pruned_before,nan,0.000000e+00,0.000000e+00,0.0000,0.0000,0
21,features.2,58,active,0.036266,2.612934e-08,2.183090e-04,0.0181,0.0596,49
21,features.2,59,active,-0.017348,1.061711e-07,2.454474e-05,0.0735,0.0067,49
21,features.2,60,pruned_before,nan,0.000000e+00,0.000000e+00,0.0000,0.0000,0
21,features.2,61,pruned_before,nan,0.000000e+00,0.000000e+00,0.0000,0.0000,0
21,features.2,62,active,0.313960,2.099482e-08,1.666883e-03,0.0145,0.4547,49
21,features.2,63,active,-0.006206,7.768496e-08,5.193405e-05,0.0537,0.0142,49
21,features.2,64,pruned_before,nan,0.000000e+00,0.000000e+00,0.0000,0.0000,0
21,features.2,65,active,0.007121,1.446149e-08,5.300588e-05,0.0100,0.0145,49
21,features.2,66,active,0.020895,3.177693e-08,1.439529e-04,0.0220,0.0393,49
21,features.2,67,pruned_before,nan,0.000000e+00,0.000000e+00,0.0000,0.0000,0
21,features.2,68,active,-0.013184,7.229850e-08,9.537367e-06,0.0500,0.0026,49
21,features.2,69,active,0.011478,2.525572e-08,8.755372e-05,0.0175,0.0239,49
21,features.2,70,active,-0.072718,4.326215e-07,8.939464e-05,0.2993,0.0244,49
21,features.2,71,pruned_before,nan,0.000000e+00,0.000000e+00,0.0000,0.0000,0
21,features.2,72,protected,0.698748,6.032498e-09,3.665579e-03,0.0042,1.0000,49
21,features.2,73,active,-0.024516,1.797640e-07,6.699135e-05,0.1244,0.0183,49
21,features.2,74,active,0.029402,9.835655e-09,1.646569e-04,0.0068,0.0449,49
21,features.2,75,active,-0.061604,4.321131e-07,1.470371e-04,0.2989,0.0401,49
21,features.2,76,active,-0.021845,1.152450e-07,1.085987e-05,0.0797,0.0030,49
21,features.2,77,pruned_before,nan,0.000000e+00,0.000000e+00,0.0000,0.0000,0
21,features.2,78,active,0.153729,2.068026e-08,8.274823e-04,0.0143,0.2257,49
21,features.2,79,active,0.041358,5.484222e-08,2.761789e-04,0.0379,0.0753,49
21,features.2,80,pruned_before,nan,0.000000e+00,0.000000e+00,0.0000,0.0000,0
21,features.2,81,pruned_before,nan,0.000000e+00,0.000000e+00,0.0000,0.0000,0
21,features.2,82,active,-0.060234,3.476429e-07,6.240886e-05,0.2405,0.0170,49
21,features.2,83,pruned_before,nan,0.000000e+00,0.000000e+00,0.0000,0.0000,0
21,features.2,84,pruned_before,nan,0.000000e+00,0.000000e+00,0.0000,0.0000,0
21,features.2,85,pruned_before,nan,0.000000e+00,0.000000e+00,0.0000,0.0000,0
21,features.2,86,active,0.009304,1.711498e-08,6.732154e-05,0.0118,0.0184,49
21,features.2,87,pruned_before,nan,0.000000e+00,0.000000e+00,0.0000,0.0000,0
21,features.2,88,pruned_before,nan,0.000000e+00,0.000000e+00,0.0000,0.0000,0
21,features.2,89,active,0.018397,4.576924e-08,1.460772e-04,0.0317,0.0399,49
21,features.2,90,active,0.145448,1.289296e-08,7.756546e-04,0.0089,0.2116,49
21,features.2,91,pruned_before,nan,0.000000e+00,0.000000e+00,0.0000,0.0000,0
21,features.2,92,active,0.152319,8.599829e-07,1.732277e-03,0.5950,0.4726,49
21,features.2,93,pruned_before,nan,0.000000e+00,0.000000e+00,0.0000,0.0000,0
21,features.2,94,active,0.013456,7.061163e-08,1.472030e-04,0.0489,0.0402,49
21,features.2,95,active,0.001295,1.944640e-08,2.791633e-05,0.0135,0.0076,49
21,features.3,0,pruned_before,nan,0.000000e+00,0.000000e+00,0.0000,0.0000,0
21,features.3,1,active,-0.001330,1.851987e-08,4.100530e-05,0.0580,0.0230,57
21,features.3,2,active,-0.023914,3.382673e-08,2.010303e-05,0.1060,0.0113,57
21,features.3,3,active,-0.010788,2.194589e-08,2.509785e-05,0.0688,0.0141,57
21,features.3,4,active,-0.007925,9.300647e-09,2.085390e-06,0.0291,0.0012,57
21,features.3,5,active,-0.002122,5.111911e-09,6.841546e-06,0.0160,0.0038,57
21,features.3,6,pruned_before,nan,0.000000e+00,0.000000e+00,0.0000,0.0000,0
21,features.3,7,active,-0.002334,1.426539e-08,2.824511e-05,0.0447,0.0158,57
21,features.3,8,active,0.011360,4.980919e-09,4.091195e-05,0.0156,0.0229,57
21,features.3,9,active,0.003672,5.027276e-09,2.141481e-05,0.0158,0.0120,57
21,features.3,10,pruned_before,nan,0.000000e+00,0.000000e+00,0.0000,0.0000,0
21,features.3,11,active,-0.015566,2.807150e-08,2.759519e-05,0.0880,0.0155,57
21,features.3,12,active,-0.008528,2.503839e-08,3.827316e-05,0.0785,0.0214,57
21,features.3,13,active,-0.032173,4.656627e-08,2.958015e-05,0.1459,0.0166,57
21,features.3,14,pruned_before,nan,0.000000e+00,0.000000e+00,0.0000,0.0000,0
21,features.3,15,pruned_before,nan,0.000000e+00,0.000000e+00,0.0000,0.0000,0
21,features.3,16,active,-0.003330,5.181105e-09,3.927076e-06,0.0162,0.0022,57
21,features.3,17,active,0.000160,1.833819e-09,4.802876e-06,0.0057,0.0027,57
21,features.3,18,active,-0.006413,3.061641e-08,5.703961e-05,0.0959,0.0320,57
21,features.3,19,active,-0.002611,4.631912e-09,4.444214e-06,0.0145,0.0025,57
21,features.3,20,pruned_before,nan,0.000000e+00,0.000000e+00,0.0000,0.0000,0
21,features.3,21,active,0.009183,7.351166e-10,2.518144e-05,0.0023,0.0141,57
21,features.3,22,active,-0.000724,1.478764e-08,3.360342e-05,0.0463,0.0188,57
21,features.3,23,pruned_before,nan,0.000000e+00,0.000000e+00,0.0000,0.0000,0
21,features.3,24,active,-0.023873,3.161233e-08,1.489889e-05,0.0991,0.0083,57
21,features.3,25,protected,0.674688,2.692824e-08,1.785173e-03,0.0844,1.0000,57
21,features.3,26,active,-0.002817,1.257772e-08,2.296676e-05,0.0394,0.0129,57
21,features.3,27,active,-0.013628,2.601123e-08,2.759902e-05,0.0815,0.0155,57
21,features.3,28,active,-0.007139,1.165576e-08,9.735484e-06,0.0365,0.0055,57
21,features.3,29,active,-0.019050,2.422001e-08,9.477589e-06,0.0759,0.0053,57
21,features.3,30,active,-0.024432,3.443323e-08,2.023610e-05,0.1079,0.0113,57
21,features.3,31,pruned_before,nan,0.000000e+00,0.000000e+00,0.0000,0.0000,0
21,features.3,32,active,-0.009735,1.326534e-08,6.973637e-06,0.0416,0.0039,57
21,features.3,33,active,-0.017562,2.146601e-08,6.670072e-06,0.0673,0.0037,57
21,features.3,34,active,-0.004216,6.664270e-09,5.222959e-06,0.0209,0.0029,57
21,features.3,35,active,0.002092,1.999378e-09,1.012828e-05,0.0063,0.0057,57
21,features.3,36,active,-0.004415,6.150480e-09,3.485800e-06,0.0193,0.0020,57
21,features.3,37,active,0.002082,1.288680e-08,3.620229e-05,0.0404,0.0203,57
21,features.3,38,active,-0.007633,9.196130e-09,2.580183e-06,0.0288,0.0014,57
21,features.3,39,active,-0.007668,9.541724e-09,3.317812e-06,0.0299,0.0019,57
21,features.3,40,active,0.003368,6.646574e-08,1.679209e-04,0.2083,0.0941,57
21,features.3,41,active,-0.000848,8.152384e-09,1.738061e-05,0.0255,0.0097,57
21,features.3,42,active,0.009307,9.761899e-09,4.713640e-05,0.0306,0.0264,57
21,features.3,43,pruned_before,nan,0.000000e+00,0.000000e+00,0.0000,0.0000,0
21,features.3,44,active,0.032631,5.598726e-09,9.663856e-05,0.0175,0.0541,57
21,features.3,45,active,0.007479,1.833867e-09,2.346978e-05,0.0057,0.0131,57
21,features.3,46,active,-0.001262,1.300764e-08,2.796455e-05,0.0408,0.0157,57
21,features.3,47,pruned_before,nan,0.000000e+00,0.000000e+00,0.0000,0.0000,0
21,features.3,48,active,0.074176,3.621439e-08,2.759818e-04,0.1135,0.1546,57
21,features.3,49,active,-0.095685,1.026604e-07,2.078643e-06,0.3217,0.0012,57
21,features.3,50,active,-0.019060,3.159133e-08,2.712404e-05,0.0990,0.0152,57
21,features.3,51,pruned_before,nan,0.000000e+00,0.000000e+00,0.0000,0.0000,0
21,features.3,52,active,-0.006540,9.659845e-09,6.478211e-06,0.0303,0.0036,57
21,features.3,53,active,0.000569,1.197272e-08,3.015275e-05,0.0375,0.0169,57
21,features.3,54,active,0.000934,2.774694e-09,9.032640e-06,0.0087,0.0051,57
21,features.3,55,pruned_before,nan,0.000000e+00,0.000000e+00,0.0000,0.0000,0
21,features.3,56,active,-0.002749,1.512701e-08,2.925291e-05,0.0474,0.0164,57
21,features.3,57,pruned_before,nan,0.000000e+00,0.000000e+00,0.0000,0.0000,0
21,features.3,58,pruned_before,nan,0.000000e+00,0.000000e+00,0.0000,0.0000,0
21,features.3,59,active,0.010600,2.459350e-08,8.598738e-05,0.0771,0.0482,57
21,features.3,60,active,-0.014656,1.892367e-08,7.988029e-06,0.0593,0.0045,57
21,features.3,61,active,-0.050378,6.307842e-08,2.273607e-05,0.1976,0.0127,57
21,features.3,62,pruned_before,nan,0.000000e+00,0.000000e+00,0.0000,0.0000,0
21,features.3,63,active,-0.000880,3.292084e-09,5.647633e-06,0.0103,0.0032,57
21,features.3,64,active,0.015675,3.415607e-09,4.816279e-05,0.0107,0.0270,57
21,features.3,65,active,-0.011197,1.339371e-08,3.553295e-06,0.0420,0.0020,57
21,features.3,66,pruned_before,nan,0.000000e+00,0.000000e+00,0.0000,0.0000,0
21,features.3,67,active,0.034404,1.164494e-08,1.156547e-04,0.0365,0.0648,57
21,features.3,68,active,-0.001710,2.982766e-09,2.790590e-06,0.0093,0.0016,57
21,features.3,69,active,0.033309,6.013912e-09,9.936187e-05,0.0188,0.0557,57
21,features.3,70,active,0.013081,4.931490e-09,4.518254e-05,0.0155,0.0253,57
21,features.3,71,active,-0.023638,2.712089e-08,4.731315e-06,0.0850,0.0027,57
21,features.3,72,active,-0.036405,4.704642e-08,1.993908e-05,0.1474,0.0112,57
21,features.3,73,active,-0.016022,2.340635e-08,1.525090e-05,0.0733,0.0085,57
21,features.3,74,active,-0.034907,4.232303e-08,1.243658e-05,0.1326,0.0070,57
21,features.3,75,active,-0.034873,3.890289e-08,4.324214e-06,0.1219,0.0024,57
21,features.3,76,active,0.000698,5.174239e-10,3.021037e-06,0.0016,0.0017,57
21,features.3,77,active,-0.017140,2.084536e-08,6.259569e-06,0.0653,0.0035,57
21,features.3,78,active,-0.012367,1.447499e-08,3.161456e-06,0.0454,0.0018,57
21,features.3,79,active,0.032968,7.048717e-08,2.530488e-04,0.2209,0.1418,57
21,features.3,80,active,-0.013952,1.625833e-08,3.392917e-06,0.0509,0.0019,57
21,features.3,81,active,0.021422,3.594145e-08,1.407899e-04,0.1126,0.0789,57
21,features.3,82,active,-0.046309,5.256435e-08,7.908100e-06,0.1647,0.0044,57
21,features.3,83,active,-0.005622,7.342404e-09,3.263850e-06,0.0230,0.0018,57
21,features.3,84,active,0.011210,3.328457e-09,3.656815e-05,0.0104,0.0205,57
21,features.3,85,pruned_before,nan,0.000000e+00,0.000000e+00,0.0000,0.0000,0
21,features.3,86,pruned_before,nan,0.000000e+00,0.000000e+00,0.0000,0.0000,0
21,features.3,87,active,0.514648,4.645647e-08,1.423847e-03,0.1456,0.7976,57
21,features.3,88,active,-0.001034,7.430557e-09,1.517513e-05,0.0233,0.0085,57
21,features.3,89,pruned_before,nan,0.000000e+00,0.000000e+00,0.0000,0.0000,0
21,features.3,90,active,-0.020301,2.780499e-08,1.488212e-05,0.0871,0.0083,57
21,features.3,91,active,-0.000926,4.284652e-09,7.909483e-06,0.0134,0.0044,57
21,features.3,92,active,0.002412,4.893633e-09,1.788157e-05,0.0153,0.0100,57
21,features.3,93,active,-0.008080,1.203454e-08,8.244334e-06,0.0377,0.0046,57
21,features.3,94,pruned_before,nan,0.000000e+00,0.000000e+00,0.0000,0.0000,0
21,features.3,95,active,-0.006171,1.145507e-08,1.172143e-05,0.0359,0.0066,57
21,features.3,96,active,-0.018682,2.798191e-08,1.943601e-05,0.0877,0.0109,57
21,features.3,97,active,0.066064,5.781008e-08,3.070641e-04,0.1811,0.1720,57
21,features.3,98,active,-0.002314,4.958131e-09,5.984125e-06,0.0155,0.0034,57
21,features.3,99,active,-0.000479,7.051467e-09,1.568252e-05,0.0221,0.0088,57
21,features.3,100,active,0.037225,8.990662e-09,1.164859e-04,0.0282,0.0653,57
21,features.3,101,pruned_before,nan,0.000000e+00,0.000000e+00,0.0000,0.0000,0
21,features.3,102,active,-0.000337,5.276372e-09,1.178898e-05,0.0165,0.0066,57
21,features.3,103,active,0.000414,5.678682e-09,1.466793e-05,0.0178,0.0082,57
21,features.3,104,active,-0.058784,6.460261e-08,4.952456e-06,0.2024,0.0028,57
21,features.3,105,active,-0.002716,1.031919e-08,1.781183e-05,0.0323,0.0100,57
21,features.3,106,active,0.196630,2.228937e-09,5.067979e-04,0.0070,0.2839,57
21,features.3,107,active,-0.048508,5.777877e-08,1.480170e-05,0.1810,0.0083,57
21,features.3,108,pruned_before,nan,0.000000e+00,0.000000e+00,0.0000,0.0000,0
21,features.3,109,pruned_before,nan,0.000000e+00,0.000000e+00,0.0000,0.0000,0
21,features.3,110,active,0.148599,3.191501e-07,1.144035e-03,1.0000,0.6409,57
21,features.3,111,active,0.006196,9.919269e-09,3.958007e-05,0.0311,0.0222,57
21,features.3,112,active,-0.025176,2.974461e-08,7.099435e-06,0.0932,0.0040,57
21,features.3,113,active,-0.000988,3.543653e-09,5.976364e-06,0.0111,0.0033,57
21,features.3,114,pruned_before,nan,0.000000e+00,0.000000e+00,0.0000,0.0000,0
21,features.3,115,active,0.005228,1.951402e-08,6.011280e-05,0.0611,0.0337,57
21,features.3,116,active,-0.031082,3.886526e-08,1.390292e-05,0.1218,0.0078,57
21,features.3,117,active,0.027486,7.915576e-09,8.907253e-05,0.0248,0.0499,57
21,features.3,118,active,0.024605,1.180975e-08,9.106032e-05,0.0370,0.0510,57
21,features.3,119,active,-0.021959,4.580405e-08,5.380057e-05,0.1435,0.0301,57
21,features.3,120,active,0.220238,8.818114e-09,5.828012e-04,0.0276,0.3265,57
21,features.3,121,active,-0.006663,2.211220e-08,3.601643e-05,0.0693,0.0202,57
21,features.3,122,active,0.010023,3.451170e-08,1.082935e-04,0.1081,0.0607,57
21,features.3,123,active,0.003393,3.908143e-08,1.023393e-04,0.1225,0.0573,57
21,features.3,124,active,0.008167,8.824567e-09,4.198288e-05,0.0277,0.0235,57
21,features.3,125,pruned_before,nan,0.000000e+00,0.000000e+00,0.0000,0.0000,0
21,features.3,126,pruned_before,nan,0.000000e+00,0.000000e+00,0.0000,0.0000,0
21,features.3,127,active,-0.008601,1.097012e-08,4.363294e-06,0.0344,0.0024,57
21,features.3,128,active,0.005278,9.204495e-09,3.552646e-05,0.0288,0.0199,57
21,features.3,129,pruned_before,nan,0.000000e+00,0.000000e+00,0.0000,0.0000,0
21,features.3,130,active,0.053249,2.363526e-09,1.414642e-04,0.0074,0.0792,57
21,features.3,131,active,-0.021206,2.354701e-08,2.366296e-06,0.0738,0.0013,57
21,features.3,132,active,-0.000318,9.235704e-10,1.404224e-06,0.0029,0.0008,57
21,features.3,133,active,-0.012651,2.442902e-08,2.629725e-05,0.0765,0.0147,57
21,features.3,134,active,-0.027869,3.889337e-08,2.216289e-05,0.1219,0.0124,57
21,features.3,135,active,-0.014598,1.849155e-08,7.100004e-06,0.0579,0.0040,57
21,features.3,136,active,0.012066,1.405280e-08,6.445943e-05,0.0440,0.0361,57
21,features.3,137,pruned_before,nan,0.000000e+00,0.000000e+00,0.0000,0.0000,0
21,features.3,138,active,0.086929,2.234886e-09,2.270474e-04,0.0070,0.1272,57
21,features.3,139,pruned_before,nan,0.000000e+00,0.000000e+00,0.0000,0.0000,0
21,features.3,140,active,-0.047988,7.061018e-08,4.688710e-05,0.2212,0.0263,57
21,features.3,141,active,-0.020202,3.998411e-08,4.432951e-05,0.1253,0.0248,57
21,features.3,142,active,-0.004991,1.278903e-08,1.792982e-05,0.0401,0.0100,57
21,features.3,143,active,0.025357,1.506224e-08,1.007753e-04,0.0472,0.0565,57
21,features.4,0,pruned_before,nan,0.000000e+00,0.000000e+00,0.0000,0.0000,0
21,features.4,1,active,0.038208,2.546488e-08,1.894469e-05,0.0145,0.0608,65
21,features.4,2,pruned_before,nan,0.000000e+00,0.000000e+00,0.0000,0.0000,0
21,features.4,3,pruned_before,nan,0.000000e+00,0.000000e+00,0.0000,0.0000,0
21,features.4,4,pruned_before,nan,0.000000e+00,0.000000e+00,0.0000,0.0000,0
21,features.4,5,active,0.002525,1.595030e-08,2.339680e-06,0.0091,0.0075,65
21,features.4,6,active,-0.020446,3.722238e-07,1.928313e-05,0.2126,0.0619,65
21,features.4,7,active,-0.050030,6.041659e-07,2.380382e-05,0.3451,0.0764,65
21,features.4,8,pruned_before,nan,0.000000e+00,0.000000e+00,0.0000,0.0000,0
21,features.4,9,active,-0.048504,2.979868e-07,1.136765e-06,0.1702,0.0036,65
21,features.4,10,active,-0.142106,9.168671e-07,6.672376e-06,0.5237,0.0214,65
21,features.4,11,pruned_before,nan,0.000000e+00,0.000000e+00,0.0000,0.0000,0
21,features.4,12,pruned_before,nan,0.000000e+00,0.000000e+00,0.0000,0.0000,0
21,features.4,13,active,-0.020289,1.803703e-07,4.724425e-06,0.1030,0.0152,65
21,features.4,14,pruned_before,nan,0.000000e+00,0.000000e+00,0.0000,0.0000,0
21,features.4,15,pruned_before,nan,0.000000e+00,0.000000e+00,0.0000,0.0000,0
21,features.4,16,pruned_before,nan,0.000000e+00,0.000000e+00,0.0000,0.0000,0
21,features.4,17,active,-0.071872,9.595861e-07,4.118426e-05,0.5481,0.1322,65
21,features.4,18,pruned_now,-0.153853,9.503085e-07,3.994583e-06,0.5428,0.0128,65
21,features.4,19,active,-0.012052,2.162792e-07,1.112814e-05,0.1235,0.0357,65
21,features.4,20,active,-0.005619,1.493546e-07,8.887560e-06,0.0853,0.0285,65
21,features.4,21,active,-0.039362,2.631103e-07,2.545567e-06,0.1503,0.0082,65
21,features.4,22,active,0.018793,1.266039e-06,1.048983e-04,0.7231,0.3367,65
21,features.4,23,active,0.055716,9.195670e-08,3.180583e-05,0.0525,0.1021,65
21,features.4,24,active,-0.045905,6.101044e-07,2.609229e-05,0.3485,0.0838,65
21,features.4,25,active,0.006631,1.631279e-08,4.194876e-06,0.0093,0.0135,65
21,features.4,26,active,0.044000,1.231963e-08,2.051987e-05,0.0070,0.0659,65
21,features.4,27,active,-0.082297,6.579972e-07,1.354903e-05,0.3758,0.0435,65
21,features.4,28,active,0.020266,6.662637e-08,1.409897e-05,0.0381,0.0453,65
21,features.4,29,active,-0.008310,2.946190e-07,1.876670e-05,0.1683,0.0602,65
21,features.4,30,pruned_before,nan,0.000000e+00,0.000000e+00,0.0000,0.0000,0
21,features.4,31,pruned_before,nan,0.000000e+00,0.000000e+00,0.0000,0.0000,0
21,features.4,32,active,0.000865,1.068907e-07,8.535500e-06,0.0611,0.0274,65
21,features.4,33,active,-0.108150,6.661359e-07,2.664653e-06,0.3805,0.0086,65
21,features.4,34,active,-0.100454,8.481753e-07,1.996991e-05,0.4844,0.0641,65
21,features.4,35,active,-0.085943,7.497105e-07,1.891986e-05,0.4282,0.0607,65
21,features.4,36,active,-0.087567,1.053608e-06,4.136909e-05,0.6018,0.1328,65
21,features.4,37,pruned_before,nan,0.000000e+00,0.000000e+00,0.0000,0.0000,0
21,features.4,38,pruned_before,nan,0.000000e+00,0.000000e+00,0.0000,0.0000,0
21,features.4,39,active,0.000274,1.767305e-07,1.359778e-05,0.1009,0.0437,65
21,features.4,40,active,-0.118336,7.196631e-07,2.213400e-06,0.4110,0.0071,65
21,features.4,41,pruned_before,nan,0.000000e+00,0.000000e+00,0.0000,0.0000,0
21,features.4,42,pruned_before,nan,0.000000e+00,0.000000e+00,0.0000,0.0000,0
21,features.4,43,active,0.012184,5.057944e-07,4.398866e-05,0.2889,0.1412,65
21,features.4,44,active,0.008911,2.397840e-07,2.224885e-05,0.1370,0.0714,65
21,features.4,45,active,0.040775,4.607586e-08,2.165868e-05,0.0263,0.0695,65
21,features.4,46,active,0.002075,1.088805e-06,8.394456e-05,0.6219,0.2695,65
21,features.4,47,active,-0.025804,2.641929e-07,8.661716e-06,0.1509,0.0278,65
21,features.4,48,active,0.004560,1.349490e-08,3.058031e-06,0.0077,0.0098,65
21,features.4,49,active,-0.016565,6.155626e-07,3.956496e-05,0.3516,0.1270,65
21,features.4,50,pruned_before,nan,0.000000e+00,0.000000e+00,0.0000,0.0000,0
21,features.4,51,pruned_before,nan,0.000000e+00,0.000000e+00,0.0000,0.0000,0
21,features.4,52,active,-0.016011,1.202003e-07,2.040296e-06,0.0687,0.0065,65
21,features.4,53,active,-0.017691,2.046046e-07,7.728375e-06,0.1169,0.0248,65
21,features.4,54,pruned_before,nan,0.000000e+00,0.000000e+00,0.0000,0.0000,0
21,features.4,55,active,0.000190,3.466942e-08,2.728136e-06,0.0198,0.0088,65
21,features.4,56,pruned_before,nan,0.000000e+00,0.000000e+00,0.0000,0.0000,0
21,features.4,57,pruned_now,-0.184502,1.750867e-06,5.139778e-05,1.0000,0.1650,65
21,features.4,58,active,-0.035632,9.355821e-07,5.548119e-05,0.5344,0.1781,65
21,features.4,59,active,0.015241,6.406050e-09,7.270991e-06,0.0037,0.0233,65
21,features.4,60,active,-0.012969,2.081589e-07,1.010060e-05,0.1189,0.0324,65
21,features.4,61,pruned_before,nan,0.000000e+00,0.000000e+00,0.0000,0.0000,0
21,features.4,62,protected,0.665210,2.030404e-07,3.115081e-04,0.1160,1.0000,65
21,features.4,63,active,0.177953,4.743660e-08,8.280816e-05,0.0271,0.2658,65
21,features.4,64,active,-0.117683,8.606689e-07,1.325566e-05,0.4916,0.0426,65
21,features.4,65,active,-0.114004,8.046889e-07,1.062422e-05,0.4596,0.0341,65
21,features.4,66,pruned_before,nan,0.000000e+00,0.000000e+00,0.0000,0.0000,0
21,features.4,67,active,-0.096259,7.610051e-07,1.519005e-05,0.4346,0.0488,65
21,features.4,68,active,-0.008912,2.322232e-07,1.374112e-05,0.1326,0.0441,65
21,features.4,69,active,-0.099604,8.379260e-07,1.956698e-05,0.4786,0.0628,65
21,features.4,70,pruned_before,nan,0.000000e+00,0.000000e+00,0.0000,0.0000,0
21,features.4,71,pruned_before,nan,0.000000e+00,0.000000e+00,0.0000,0.0000,0
21,features.4,72,active,0.027589,1.981557e-07,2.738679e-05,0.1132,0.0879,65
21,features.4,73,active,0.013338,2.292654e-07,2.341682e-05,0.1309,0.0752,65
21,features.4,74,active,-0.015914,1.473559e-07,4.153737e-06,0.0842,0.0133,65
21,features.4,75,pruned_before,nan,0.000000e+00,0.000000e+00,0.0000,0.0000,0
21,features.4,76,active,-0.074495,5.111035e-07,5.820349e-06,0.2919,0.0187,65
21,features.4,77,pruned_before,nan,0.000000e+00,0.000000e+00,0.0000,0.0000,0
21,features.4,78,active,-0.010529,8.022726e-08,1.431867e-06,0.0458,0.0046,65
21,features.4,79,pruned_now,-0.169133,1.149051e-06,1.234862e-05,0.6563,0.0396,65
21,features.4,80,active,-0.004168,1.162986e-07,7.013146e-06,0.0664,0.0225,65
21,features.4,81,active,0.031464,5.861093e-08,1.847108e-05,0.0335,0.0593,65
21,features.4,82,active,0.029529,1.129710e-08,1.400234e-05,0.0065,0.0450,65
21,features.4,83,active,-0.006821,1.157826e-07,5.793163e-06,0.0661,0.0186,65
21,features.4,84,pruned_before,nan,0.000000e+00,0.000000e+00,0.0000,0.0000,0
21,features.4,85,active,-0.033750,2.289247e-07,2.436403e-06,0.1307,0.0078,65
21,features.4,86,pruned_before,nan,0.000000e+00,0.000000e+00,0.0000,0.0000,0
21,features.4,87,pruned_before,nan,0.000000e+00,0.000000e+00,0.0000,0.0000,0
21,features.4,88,pruned_before,nan,0.000000e+00,0.000000e+00,0.0000,0.0000,0
21,features.4,89,active,-0.057465,3.848184e-07,3.769828e-06,0.2198,0.0121,65
21,features.4,90,active,-0.085792,6.222452e-07,9.267719e-06,0.3554,0.0298,65
21,features.4,91,active,-0.001161,1.045965e-07,7.458616e-06,0.0597,0.0239,65
21,features.4,92,pruned_before,nan,0.000000e+00,0.000000e+00,0.0000,0.0000,0
21,features.4,93,active,-0.109314,1.032377e-06,3.007262e-05,0.5896,0.0965,65
21,features.4,94,active,-0.042030,5.286756e-07,2.160743e-05,0.3020,0.0694,65
21,features.4,95,active,0.029633,1.520080e-08,1.434591e-05,0.0087,0.0461,65
21,features.4,96,active,-0.035167,2.249599e-07,1.503368e-06,0.1285,0.0048,65
21,features.4,97,active,0.002534,7.406145e-09,1.692494e-06,0.0042,0.0054,65
21,features.4,98,active,0.014398,1.559784e-08,7.596461e-06,0.0089,0.0244,65
21,features.4,99,active,-0.062734,4.945358e-07,9.790761e-06,0.2825,0.0314,65
21,features.4,100,active,-0.004022,4.068783e-08,1.312507e-06,0.0232,0.0042,65
21,features.4,101,active,0.050298,1.091623e-07,3.070682e-05,0.0623,0.0986,65
21,features.4,102,active,-0.056881,3.817401e-07,3.794738e-06,0.2180,0.0122,65
21,features.4,103,active,-0.063959,5.001145e-07,9.671134e-06,0.2856,0.0310,65
21,features.4,104,active,-0.023910,2.621008e-07,9.344795e-06,0.1497,0.0300,65
21,features.4,105,active,-0.051163,3.727507e-07,5.653957e-06,0.2129,0.0182,65
21,features.4,106,active,0.013182,6.685088e-09,6.376072e-06,0.0038,0.0205,65
21,features.4,107,active,-0.002624,1.004024e-07,6.488139e-06,0.0573,0.0208,65
21,features.4,108,active,0.002489,5.653438e-09,1.538595e-06,0.0032,0.0049,65
21,features.4,109,pruned_before,nan,0.000000e+00,0.000000e+00,0.0000,0.0000,0
21,features.4,110,active,0.067881,2.022188e-08,3.174959e-05,0.0115,0.1019,65
21,features.4,111,active,-0.045728,3.491048e-07,6.269886e-06,0.1994,0.0201,65
21,features.4,112,active,-0.009987,1.102557e-07,3.962568e-06,0.0630,0.0127,65
21,features.4,113,active,-0.138985,9.764591e-07,1.260513e-05,0.5577,0.0405,65
21,features.4,114,active,-0.007720,1.745457e-07,9.873435e-06,0.0997,0.0317,65
21,features.4,115,active,0.086581,1.474660e-08,3.965399e-05,0.0084,0.1273,65
21,features.4,116,active,0.007579,1.154381e-06,9.139410e-05,0.6593,0.2934,65
21,features.4,117,pruned_before,nan,0.000000e+00,0.000000e+00,0.0000,0.0000,0
21,features.4,118,active,0.005728,6.283028e-08,7.339804e-06,0.0359,0.0236,65
21,features.4,119,pruned_before,nan,0.000000e+00,0.000000e+00,0.0000,0.0000,0
21,features.4,120,active,-0.005928,8.011080e-08,3.470374e-06,0.0458,0.0111,65
21,features.4,121,pruned_before,nan,0.000000e+00,0.000000e+00,0.0000,0.0000,0
21,features.4,122,active,0.014385,1.384445e-08,7.456970e-06,0.0079,0.0239,65
21,features.4,123,active,0.066925,2.774878e-07,5.094059e-05,0.1585,0.1635,65
21,features.4,124,pruned_before,nan,0.000000e+00,0.000000e+00,0.0000,0.0000,0
21,features.4,125,active,0.020198,1.034598e-07,1.687719e-05,0.0591,0.0542,65
21,features.4,126,active,-0.069923,4.380418e-07,2.283885e-06,0.2502,0.0073,65
21,features.4,127,active,0.057675,5.972803e-08,3.022012e-05,0.0341,0.0970,65
21,features.4,128,active,-0.099289,6.412988e-07,4.714173e-06,0.3663,0.0151,65
21,features.4,129,pruned_before,nan,0.000000e+00,0.000000e+00,0.0000,0.0000,0
21,features.4,130,pruned_before,nan,0.000000e+00,0.000000e+00,0.0000,0.0000,0
21,features.4,131,active,0.020249,3.862793e-08,1.195654e-05,0.0221,0.0384,65
21,features.4,132,pruned_before,nan,0.000000e+00,0.000000e+00,0.0000,0.0000,0
21,features.4,133,active,0.001139,1.207290e-08,1.427338e-06,0.0069,0.0046,65
21,features.4,134,pruned_before,nan,0.000000e+00,0.000000e+00,0.0000,0.0000,0
21,features.4,135,active,0.050560,1.126539e-08,2.335863e-05,0.0064,0.0750,65
21,features.4,136,active,0.004728,9.027482e-08,8.987359e-06,0.0516,0.0289,65
21,features.4,137,active,-0.015665,2.975208e-07,1.571484e-05,0.1699,0.0504,65
21,features.4,138,active,0.041330,3.813787e-07,4.747234e-05,0.2178,0.1524,65
21,features.4,139,pruned_before,nan,0.000000e+00,0.000000e+00,0.0000,0.0000,0
21,features.4,140,active,0.001436,7.852112e-09,1.237961e-06,0.0045,0.0040,65
21,features.4,141,active,-0.056526,5.920115e-07,1.998603e-05,0.3381,0.0642,65
21,features.4,142,pruned_before,nan,0.000000e+00,0.000000e+00,0.0000,0.0000,0
21,features.4,143,active,-0.013351,7.576960e-07,5.183291e-05,0.4328,0.1664,65
21,features.5,0,active,-0.004064,1.772255e-08,1.737639e-06,0.0270,0.0058,73
21,features.5,1,active,0.001691,6.454630e-09,1.998671e-06,0.0098,0.0066,73
21,features.5,2,active,0.005891,2.766104e-08,7.981287e-06,0.0421,0.0265,73
21,features.5,3,pruned_before,nan,0.000000e+00,0.000000e+00,0.0000,0.0000,0
21,features.5,4,active,-0.016468,3.798096e-08,3.826546e-07,0.0579,0.0013,73
21,features.5,5,pruned_before,nan,0.000000e+00,0.000000e+00,0.0000,0.0000,0
21,features.5,6,active,-0.005642,2.657552e-08,2.800562e-06,0.0405,0.0093,73
21,features.5,7,active,0.005916,6.347263e-09,3.796995e-06,0.0097,0.0126,73
21,features.5,8,pruned_before,nan,0.000000e+00,0.000000e+00,0.0000,0.0000,0
21,features.5,9,active,-0.104041,2.521242e-07,4.811129e-06,0.3840,0.0160,73
21,features.5,10,active,0.042619,2.270218e-08,2.282370e-05,0.0346,0.0757,73
21,features.5,11,active,-0.034552,1.078222e-07,6.339376e-06,0.1642,0.0210,73
21,features.5,12,active,0.001332,5.519743e-09,1.660011e-06,0.0084,0.0055,73
21,features.5,13,active,-0.003568,2.588402e-08,3.557506e-06,0.0394,0.0118,73
21,features.5,14,active,-0.001316,1.911765e-08,3.195749e-06,0.0291,0.0106,73
21,features.5,15,active,-0.010541,3.977221e-08,3.287690e-06,0.0606,0.0109,73
21,features.5,16,active,0.020547,5.259825e-09,9.884438e-06,0.0080,0.0328,73
21,features.5,17,active,0.030718,1.292439e-08,1.577377e-05,0.0197,0.0523,73
21,features.5,18,active,-0.000635,4.235435e-09,5.601504e-07,0.0065,0.0019,73
21,features.5,19,active,0.005894,7.043046e-09,3.924648e-06,0.0107,0.0130,73
21,features.5,20,active,0.108789,2.585634e-08,5.194349e-05,0.0394,0.1723,73
21,features.5,21,active,-0.080459,2.105973e-07,6.794885e-06,0.3208,0.0225,73
21,features.5,22,active,0.132589,1.637796e-07,8.933868e-05,0.2495,0.2963,73
21,features.5,23,active,-0.034185,1.316553e-07,1.118806e-05,0.2005,0.0371,73
21,features.5,24,active,0.002476,8.473616e-09,2.733882e-06,0.0129,0.0091,73
21,features.5,25,active,0.003669,2.310849e-07,4.706047e-05,0.3520,0.1561,73
21,features.5,26,active,-0.000343,5.894474e-09,1.012563e-06,0.0090,0.0034,73
21,features.5,27,active,-0.012564,3.314530e-08,1.112042e-06,0.0505,0.0037,73
21,features.5,28,active,0.043212,2.321148e-08,2.317921e-05,0.0354,0.0769,73
21,features.5,29,active,-0.013858,8.217545e-08,1.020454e-05,0.1252,0.0338,73
21,features.5,30,pruned_before,nan,0.000000e+00,0.000000e+00,0.0000,0.0000,0
21,features.5,31,active,-0.006253,2.492832e-08,2.213150e-06,0.0380,0.0073,73
21,features.5,32,active,0.011413,1.840858e-08,8.538518e-06,0.0280,0.0283,73
21,features.5,33,active,-0.003107,8.499576e-09,3.346167e-07,0.0129,0.0011,73
21,features.5,34,active,-0.004423,1.553665e-08,1.152948e-06,0.0237,0.0038,73
21,features.5,35,active,0.023953,1.277698e-07,3.546290e-05,0.1946,0.1176,73
21,features.5,36,active,0.020093,6.479896e-09,9.929242e-06,0.0099,0.0329,73
21,features.5,37,active,0.000880,1.737874e-08,3.799238e-06,0.0265,0.0126,73
21,features.5,38,active,0.012326,1.406588e-08,8.077017e-06,0.0214,0.0268,73
21,features.5,39,active,0.000509,7.265346e-08,1.451832e-05,0.1107,0.0482,73
21,features.5,40,pruned_before,nan,0.000000e+00,0.000000e+00,0.0000,0.0000,0
21,features.5,41,active,0.041005,1.503637e-08,2.061987e-05,0.0229,0.0684,73
21,features.5,42,active,0.108564,4.625356e-08,5.586091e-05,0.0705,0.1853,73
21,features.5,43,active,0.009697,3.156603e-09,4.797505e-06,0.0048,0.0159,73
21,features.5,44,active,-0.036070,1.036656e-07,4.867682e-06,0.1579,0.0161,73
21,features.5,45,active,0.002830,1.557774e-08,4.284658e-06,0.0237,0.0142,73
21,features.5,46,active,-0.007566,2.355392e-08,1.377192e-06,0.0359,0.0046,73
21,features.5,47,active,0.005982,7.042767e-09,3.962417e-06,0.0107,0.0131,73
21,features.5,48,active,-0.007229,5.686864e-08,8.078870e-06,0.0866,0.0268,73
21,features.5,49,active,-0.022670,5.435098e-08,9.330083e-07,0.0828,0.0031,73
21,features.5,50,active,0.009116,7.811532e-09,5.463456e-06,0.0119,0.0181,73
21,features.5,51,active,-0.009633,3.995067e-08,3.713900e-06,0.0609,0.0123,73
21,features.5,52,active,0.041353,1.054809e-08,1.988659e-05,0.0161,0.0660,73
21,features.5,53,active,0.001869,1.124408e-08,3.017739e-06,0.0171,0.0100,73
21,features.5,54,active,0.149463,9.681557e-08,8.342670e-05,0.1475,0.2767,73
21,features.5,55,active,0.090502,1.658669e-08,4.224286e-05,0.0253,0.1401,73
21,features.5,56,active,-0.014616,1.192219e-07,1.716914e-05,0.1816,0.0569,73
21,features.5,57,active,-0.000509,3.401301e-08,6.475096e-06,0.0518,0.0215,73
21,features.5,58,active,0.067003,3.243588e-07,9.269523e-05,0.4941,0.3075,73
21,features.5,59,active,-0.001702,6.248669e-09,4.965847e-07,0.0095,0.0016,73
21,features.5,60,active,0.017646,2.343861e-08,1.221312e-05,0.0357,0.0405,73
21,features.5,61,active,-0.001906,5.149571e-08,9.313818e-06,0.0784,0.0309,73
21,features.5,62,active,-0.002348,1.939388e-08,2.805498e-06,0.0295,0.0093,73
21,features.5,63,active,-0.011290,6.880595e-08,8.679261e-06,0.1048,0.0288,73
21,features.5,64,active,-0.096678,2.123792e-07,1.601448e-07,0.3235,0.0005,73
21,features.5,65,pruned_before,nan,0.000000e+00,0.000000e+00,0.0000,0.0000,0
21,features.5,66,active,0.001916,2.044983e-08,4.849778e-06,0.0311,0.0161,73
21,features.5,67,active,0.074863,4.570957e-09,3.314265e-05,0.0070,0.1099,73
21,features.5,68,active,-0.011421,6.307580e-08,7.495007e-06,0.0961,0.0249,73
21,features.5,69,active,0.049088,1.075432e-08,2.325816e-05,0.0164,0.0771,73
21,features.5,70,active,0.057842,4.115996e-09,2.572227e-05,0.0063,0.0853,73
21,features.5,71,active,-0.008097,2.484882e-08,1.403057e-06,0.0379,0.0047,73
21,features.5,72,pruned_before,nan,0.000000e+00,0.000000e+00,0.0000,0.0000,0
21,features.5,73,pruned_before,nan,0.000000e+00,0.000000e+00,0.0000,0.0000,0
21,features.5,74,pruned_before,nan,0.000000e+00,0.000000e+00,0.0000,0.0000,0
21,features.5,75,active,0.046072,1.353505e-08,2.250659e-05,0.0206,0.0747,73
21,features.5,76,active,0.040161,3.116302e-08,2.343015e-05,0.0475,0.0777,73
21,features.5,77,active,0.038974,6.631796e-09,1.809097e-05,0.0101,0.0600,73
21,features.5,78,pruned_before,nan,0.000000e+00,0.000000e+00,0.0000,0.0000,0
21,features.5,79,active,0.001538,3.899193e-09,1.429722e-06,0.0059,0.0047,73
21,features.5,80,active,0.000380,3.324832e-09,8.180282e-07,0.0051,0.0027,73
21,features.5,81,pruned_before,nan,0.000000e+00,0.000000e+00,0.0000,0.0000,0
21,features.5,82,active,-0.013269,3.971541e-08,2.101540e-06,0.0605,0.0070,73
21,features.5,83,active,-0.038674,1.003674e-07,3.096942e-06,0.1529,0.0103,73
21,features.5,84,active,-0.005729,4.335040e-08,6.064539e-06,0.0660,0.0201,73
21,features.5,85,pruned_before,nan,0.000000e+00,0.000000e+00,0.0000,0.0000,0
21,features.5,86,active,0.010730,2.693329e-08,9.922217e-06,0.0410,0.0329,73
21,features.5,87,active,-0.002037,1.354468e-08,1.788224e-06,0.0206,0.0059,73
21,features.5,88,active,-0.009045,4.157268e-08,4.286351e-06,0.0633,0.0142,73
21,features.5,89,active,0.045418,1.792249e-08,2.308859e-05,0.0273,0.0766,73
21,features.5,90,active,-0.017474,4.904356e-08,2.126258e-06,0.0747,0.0071,73
21,features.5,91,active,-0.000563,5.313037e-09,8.031523e-07,0.0081,0.0027,73
21,features.5,92,active,-0.006097,2.361013e-08,2.021019e-06,0.0360,0.0067,73
21,features.5,93,active,-0.026748,6.576629e-08,1.423410e-06,0.1002,0.0047,73
21,features.5,94,pruned_before,nan,0.000000e+00,0.000000e+00,0.0000,0.0000,0
21,features.5,95,active,0.000386,3.365301e-08,6.789462e-06,0.0513,0.0225,73
21,features.5,96,active,-0.009321,2.527795e-08,9.604667e-07,0.0385,0.0032,73
21,features.5,97,active,0.017195,1.433529e-08,1.022710e-05,0.0218,0.0339,73
21,features.5,98,active,0.009062,1.966045e-08,7.772189e-06,0.0299,0.0258,73
21,features.5,99,active,-0.006153,5.211606e-08,7.606850e-06,0.0794,0.0252,73
21,features.5,100,active,0.001660,5.746291e-09,1.845897e-06,0.0088,0.0061,73
21,features.5,101,active,-0.017129,7.656588e-08,7.691476e-06,0.1166,0.0255,73
21,features.5,102,active,-0.029957,7.568886e-08,1.994175e-06,0.1153,0.0066,73
21,features.5,103,active,-0.004435,2.715760e-08,3.434774e-06,0.0414,0.0114,73
21,features.5,104,active,-0.024165,6.015622e-08,1.431560e-06,0.0916,0.0047,73
21,features.5,105,active,0.001710,2.373682e-08,5.408283e-06,0.0362,0.0179,73
21,features.5,106,pruned_before,nan,0.000000e+00,0.000000e+00,0.0000,0.0000,0
21,features.5,107,active,0.016931,1.765289e-08,1.076654e-05,0.0269,0.0357,73
21,features.5,108,active,-0.014608,3.469463e-08,5.369246e-07,0.0528,0.0018,73
21,features.5,109,active,-0.004286,2.752720e-08,3.571738e-06,0.0419,0.0118,73
21,features.5,110,pruned_before,nan,0.000000e+00,0.000000e+00,0.0000,0.0000,0
21,features.5,111,active,0.012616,3.032782e-09,6.030470e-06,0.0046,0.0200,73
21,features.5,112,active,0.010469,2.589498e-09,5.018352e-06,0.0039,0.0166,73
21,features.5,113,pruned_before,nan,0.000000e+00,0.000000e+00,0.0000,0.0000,0
21,features.5,114,active,-0.074034,2.304923e-07,1.347762e-05,0.3511,0.0447,73
21,features.5,115,active,0.072659,9.130200e-09,3.309045e-05,0.0139,0.1098,73
21,features.5,116,active,0.003376,3.125732e-08,7.605825e-06,0.0476,0.0252,73
21,features.5,117,active,0.034463,1.152030e-08,1.711044e-05,0.0175,0.0568,73
21,features.5,118,active,0.038299,6.471214e-09,1.776867e-05,0.0099,0.0589,73
21,features.5,119,active,0.002129,1.062689e-08,3.008572e-06,0.0162,0.0100,73
21,features.5,120,active,0.007534,2.406512e-09,3.718641e-06,0.0037,0.0123,73
21,features.5,121,active,0.028457,1.446344e-08,1.510261e-05,0.0220,0.0501,73
21,features.5,122,active,-0.019260,4.611833e-08,7.815653e-07,0.0702,0.0026,73
21,features.5,123,active,-0.020268,5.177927e-08,1.461484e-06,0.0789,0.0048,73
21,features.5,124,active,0.000946,2.376571e-09,8.751063e-07,0.0036,0.0029,73
21,features.5,125,active,0.038269,2.816535e-09,1.703655e-05,0.0043,0.0565,73
21,features.5,126,active,-0.015503,3.845508e-08,8.913181e-07,0.0586,0.0030,73
21,features.5,127,active,0.004113,4.738763e-09,2.703930e-06,0.0072,0.0090,73
21,features.5,128,active,0.008382,8.177107e-09,5.219336e-06,0.0125,0.0173,73
21,features.5,129,active,-0.021697,5.645741e-08,1.766702e-06,0.0860,0.0059,73
21,features.5,130,active,0.057241,1.597124e-08,2.779664e-05,0.0243,0.0922,73
21,features.5,131,active,0.002592,3.720943e-09,1.848616e-06,0.0057,0.0061,73
21,features.5,132,active,0.006978,3.695448e-09,3.732777e-06,0.0056,0.0124,73
21,features.5,133,active,0.031700,5.053208e-08,2.359821e-05,0.0770,0.0783,73
21,features.5,134,active,0.172636,2.452081e-07,1.226126e-04,0.3735,0.4067,73
21,features.5,135,active,0.000258,9.342030e-10,2.949799e-07,0.0014,0.0010,73
21,features.5,136,pruned_before,nan,0.000000e+00,0.000000e+00,0.0000,0.0000,0
21,features.5,137,active,-0.071215,1.718128e-07,3.142860e-06,0.2617,0.0104,73
21,features.5,138,active,-0.006026,1.798799e-08,9.450924e-07,0.0274,0.0031,73
21,features.5,139,active,-0.000243,8.437889e-09,1.555877e-06,0.0129,0.0052,73
21,features.5,140,active,0.007713,1.094200e-08,5.475361e-06,0.0167,0.0182,73
21,features.5,141,active,-0.001999,1.433442e-08,1.960199e-06,0.0218,0.0065,73
21,features.5,142,active,0.010271,2.950034e-08,1.022978e-05,0.0449,0.0339,73
21,features.5,143,active,-0.040513,9.294916e-08,8.447846e-07,0.1416,0.0028,73
21,features.5,144,active,0.000538,1.478404e-08,3.141302e-06,0.0225,0.0104,73
21,features.5,145,active,0.002263,1.207664e-08,3.351553e-06,0.0184,0.0111,73
21,features.5,146,active,-0.024548,6.643650e-08,2.502979e-06,0.1012,0.0083,73
21,features.5,147,active,0.003956,1.340432e-08,4.342057e-06,0.0204,0.0144,73
21,features.5,148,active,0.001752,3.998245e-08,8.623665e-06,0.0609,0.0286,73
21,features.5,149,active,0.010789,2.635356e-08,9.833283e-06,0.0401,0.0326,73
21,features.5,150,active,0.011462,1.018808e-08,6.941515e-06,0.0155,0.0230,73
21,features.5,151,protected,0.613112,1.901409e-07,3.014842e-04,0.2896,1.0000,73
21,features.5,152,active,-0.003173,1.613861e-08,1.809670e-06,0.0246,0.0060,73
21,features.5,153,active,-0.002474,1.357125e-08,1.605597e-06,0.0207,0.0053,73
21,features.5,154,active,-0.008313,2.716424e-08,1.765888e-06,0.0414,0.0059,73
21,features.5,155,pruned_before,nan,0.000000e+00,0.000000e+00,0.0000,0.0000,0
21,features.5,156,active,0.008846,5.231038e-09,4.839517e-06,0.0080,0.0161,73
21,features.5,157,active,0.006153,2.059140e-08,6.702835e-06,0.0314,0.0222,73
21,features.5,158,active,0.067079,5.661462e-08,4.003271e-05,0.0862,0.1328,73
21,features.5,159,active,0.050714,1.501313e-08,2.479705e-05,0.0229,0.0822,73
21,features.5,160,active,0.012815,6.585075e-08,1.847961e-05,0.1003,0.0613,73
21,features.5,161,active,-0.008275,7.512166e-08,1.122080e-05,0.1144,0.0372,73
21,features.5,162,active,0.000895,1.379067e-08,3.099410e-06,0.0210,0.0103,73
21,features.5,163,active,0.007385,4.323363e-09,4.031683e-06,0.0066,0.0134,73
21,features.5,164,active,0.010034,7.960336e-09,5.888394e-06,0.0121,0.0195,73
21,features.5,165,pruned_before,nan,0.000000e+00,0.000000e+00,0.0000,0.0000,0
21,features.5,166,active,-0.000729,6.860231e-09,1.036055e-06,0.0104,0.0034,73
21,features.5,167,pruned_before,nan,0.000000e+00,0.000000e+00,0.0000,0.0000,0
21,features.5,168,active,-0.001511,1.467778e-08,2.237855e-06,0.0224,0.0074,73
21,features.5,169,active,0.004825,1.540106e-08,5.109123e-06,0.0235,0.0169,73
21,features.5,170,active,-0.000633,4.365054e-08,8.318424e-06,0.0665,0.0276,73
21,features.5,171,active,0.005859,2.867079e-09,3.087840e-06,0.0044,0.0102,73
21,features.5,172,active,0.006417,7.683156e-09,4.275744e-06,0.0117,0.0142,73
21,features.5,173,active,0.016452,4.846773e-09,8.039677e-06,0.0074,0.0267,73
21,features.5,174,pruned_before,nan,0.000000e+00,0.000000e+00,0.0000,0.0000,0
21,features.5,175,active,-0.003660,2.424279e-08,3.194771e-06,0.0369,0.0106,73
21,features.5,176,active,-0.042371,6.565045e-07,1.109586e-04,1.0000,0.3680,73
21,features.5,177,pruned_before,nan,0.000000e+00,0.000000e+00,0.0000,0.0000,0
21,features.5,178,active,-0.012186,3.454057e-08,1.549703e-06,0.0526,0.0051,73
21,features.5,179,active,-0.002004,9.404356e-09,9.879142e-07,0.0143,0.0033,73
21,features.5,180,active,-0.000738,2.993002e-09,2.713270e-07,0.0046,0.0009,73
21,features.5,181,active,-0.000801,7.072359e-09,1.046865e-06,0.0108,0.0035,73
21,features.5,182,active,0.021097,5.689638e-09,1.020627e-05,0.0087,0.0339,73
21,features.5,183,active,0.095731,1.287869e-08,4.376511e-05,0.0196,0.1452,73
21,features.5,184,active,0.014437,6.120404e-09,7.422377e-06,0.0093,0.0246,73
21,features.5,185,active,0.004434,2.336643e-08,6.508469e-06,0.0356,0.0216,73
21,features.5,186,active,-0.070993,2.130603e-07,1.135654e-05,0.3245,0.0377,73
21,features.5,187,active,0.055208,1.051680e-08,2.584726e-05,0.0160,0.0857,73
21,features.5,188,active,0.034707,4.432434e-09,1.582051e-05,0.0068,0.0525,73
21,features.5,189,pruned_before,nan,0.000000e+00,0.000000e+00,0.0000,0.0000,0
21,features.5,190,active,-0.033238,9.093883e-08,3.582421e-06,0.1385,0.0119,73
21,features.5,191,active,0.004867,6.819563e-10,2.230329e-06,0.0010,0.0074,73
21,features.6,0,active,-0.028816,7.335055e-09,2.401263e-06,0.0978,0.0007,73
21,features.6,1,active,-0.026342,7.313490e-09,1.336469e-05,0.0975,0.0042,73
21,features.6,2,pruned_before,nan,0.000000e+00,0.000000e+00,0.0000,0.0000,0
21,features.6,3,protected,0.400004,7.500122e-08,3.213272e-03,1.0000,1.0000,73
21,features.6,4,pruned_before,nan,0.000000e+00,0.000000e+00,0.0000,0.0000,0
21,features.6,5,pruned_before,nan,0.000000e+00,0.000000e+00,0.0000,0.0000,0
21,features.6,6,active,0.000000,0.000000e+00,0.000000e+00,0.0000,0.0000,73
21,features.6,7,pruned_before,nan,0.000000e+00,0.000000e+00,0.0000,0.0000,0
21,features.6,8,pruned_before,nan,0.000000e+00,0.000000e+00,0.0000,0.0000,0
21,features.6,9,active,-0.014171,3.733051e-09,3.492709e-06,0.0498,0.0011,73
21,features.6,10,pruned_before,nan,0.000000e+00,0.000000e+00,0.0000,0.0000,0
21,features.6,11,pruned_before,nan,0.000000e+00,0.000000e+00,0.0000,0.0000,0
21,features.6,12,pruned_before,nan,0.000000e+00,0.000000e+00,0.0000,0.0000,0
21,features.6,13,active,-0.026405,6.793360e-09,3.522471e-06,0.0906,0.0011,73
21,features.6,14,pruned_before,nan,0.000000e+00,0.000000e+00,0.0000,0.0000,0
21,features.6,15,active,-0.019585,5.288066e-09,7.193340e-06,0.0705,0.0022,73
21,features.6,16,pruned_before,nan,0.000000e+00,0.000000e+00,0.0000,0.0000,0
21,features.6,17,active,-0.010909,2.898664e-09,3.146528e-06,0.0386,0.0010,73
21,features.6,18,pruned_before,nan,0.000000e+00,0.000000e+00,0.0000,0.0000,0
21,features.6,19,pruned_before,nan,0.000000e+00,0.000000e+00,0.0000,0.0000,0
21,features.6,20,pruned_before,nan,0.000000e+00,0.000000e+00,0.0000,0.0000,0
21,features.6,21,active,-0.107516,2.754986e-08,1.230170e-05,0.3673,0.0038,73
21,features.6,22,active,-0.052753,1.338563e-08,3.615862e-06,0.1785,0.0011,73
21,features.6,23,active,-0.063379,1.618652e-08,6.264745e-06,0.2158,0.0019,73
21,features.6,24,active,-0.093678,2.356709e-08,2.696140e-06,0.3142,0.0008,73
21,features.6,25,pruned_before,nan,0.000000e+00,0.000000e+00,0.0000,0.0000,0
21,features.6,26,pruned_before,nan,0.000000e+00,0.000000e+00,0.0000,0.0000,0
21,features.6,27,active,-0.111264,2.807421e-08,4.727358e-06,0.3743,0.0015,73
21,features.6,28,pruned_before,nan,0.000000e+00,0.000000e+00,0.0000,0.0000,0
21,features.6,29,pruned_before,nan,0.000000e+00,0.000000e+00,0.0000,0.0000,0
21,features.6,30,pruned_before,nan,0.000000e+00,0.000000e+00,0.0000,0.0000,0
21,features.6,31,active,-0.047436,1.225381e-08,7.244653e-06,0.1634,0.0023,73
21,features.6,32,pruned_before,nan,0.000000e+00,0.000000e+00,0.0000,0.0000,0
21,features.6,33,pruned_before,nan,0.000000e+00,0.000000e+00,0.0000,0.0000,0
21,features.6,34,active,-0.080748,2.086702e-08,1.247497e-05,0.2782,0.0039,73
21,features.6,35,pruned_before,nan,0.000000e+00,0.000000e+00,0.0000,0.0000,0
21,features.6,36,pruned_before,nan,0.000000e+00,0.000000e+00,0.0000,0.0000,0
21,features.6,37,active,-0.139698,3.507516e-08,2.745120e-06,0.4677,0.0009,73
21,features.6,38,pruned_before,nan,0.000000e+00,0.000000e+00,0.0000,0.0000,0
21,features.6,39,active,-0.062092,1.846912e-08,5.408647e-05,0.2462,0.0168,73
21,features.6,40,active,-0.082525,2.072713e-08,1.747356e-06,0.2764,0.0005,73
21,features.6,41,active,-0.013793,3.552838e-09,1.917039e-06,0.0474,0.0006,73
21,features.6,42,pruned_before,nan,0.000000e+00,0.000000e+00,0.0000,0.0000,0
21,features.6,43,active,-0.054899,1.691247e-08,5.852124e-05,0.2255,0.0182,73
21,features.6,44,pruned_before,nan,0.000000e+00,0.000000e+00,0.0000,0.0000,0
21,features.6,45,pruned_before,nan,0.000000e+00,0.000000e+00,0.0000,0.0000,0
21,features.6,46,active,-0.020284,5.414193e-09,6.297170e-06,0.0722,0.0020,73
21,features.6,47,pruned_now,-0.156401,4.005649e-08,1.753620e-05,0.5341,0.0055,73
21,features.6,48,pruned_before,nan,0.000000e+00,0.000000e+00,0.0000,0.0000,0
21,features.6,49,active,-0.015167,4.942213e-09,2.112143e-05,0.0659,0.0066,73
21,features.6,50,pruned_before,nan,0.000000e+00,0.000000e+00,0.0000,0.0000,0
21,features.6,51,active,-0.029956,7.517087e-09,5.129764e-07,0.1002,0.0002,73
21,features.6,52,pruned_before,nan,0.000000e+00,0.000000e+00,0.0000,0.0000,0
21,features.6,53,active,-0.039836,1.009115e-08,2.421381e-06,0.1345,0.0008,73
21,features.6,54,pruned_before,nan,0.000000e+00,0.000000e+00,0.0000,0.0000,0
21,features.6,55,pruned_before,nan,0.000000e+00,0.000000e+00,0.0000,0.0000,0
21,features.6,56,pruned_before,nan,0.000000e+00,0.000000e+00,0.0000,0.0000,0
21,features.6,57,pruned_before,nan,0.000000e+00,0.000000e+00,0.0000,0.0000,0
21,features.6,58,pruned_before,nan,0.000000e+00,0.000000e+00,0.0000,0.0000,0
21,features.6,59,pruned_before,nan,0.000000e+00,0.000000e+00,0.0000,0.0000,0
21,features.6,60,active,-0.013283,5.020205e-09,3.120236e-05,0.0669,0.0097,73
21,features.6,61,pruned_before,nan,0.000000e+00,0.000000e+00,0.0000,0.0000,0
21,features.6,62,pruned_before,nan,0.000000e+00,0.000000e+00,0.0000,0.0000,0
21,features.6,63,active,-0.143282,3.634581e-08,9.625332e-06,0.4846,0.0030,73
21,features.6,64,pruned_before,nan,0.000000e+00,0.000000e+00,0.0000,0.0000,0
21,features.6,65,active,-0.087927,2.250785e-08,9.646781e-06,0.3001,0.0030,73
21,features.6,66,active,-0.085648,2.181115e-08,7.316952e-06,0.2908,0.0023,73
21,features.6,67,pruned_before,nan,0.000000e+00,0.000000e+00,0.0000,0.0000,0
21,features.6,68,pruned_before,nan,0.000000e+00,0.000000e+00,0.0000,0.0000,0
21,features.6,69,pruned_now,-0.152418,3.875293e-08,1.188349e-05,0.5167,0.0037,73
21,features.6,70,pruned_before,nan,0.000000e+00,0.000000e+00,0.0000,0.0000,0
21,features.6,71,active,-0.031781,8.126181e-09,3.315764e-06,0.1083,0.0010,73
21,features.6,72,pruned_before,nan,0.000000e+00,0.000000e+00,0.0000,0.0000,0
21,features.6,73,active,-0.015264,4.097116e-09,5.160058e-06,0.0546,0.0016,73
21,features.6,74,active,-0.070849,1.785313e-08,2.576239e-06,0.2380,0.0008,73
21,features.6,75,pruned_before,nan,0.000000e+00,0.000000e+00,0.0000,0.0000,0
21,features.6,76,pruned_before,nan,0.000000e+00,0.000000e+00,0.0000,0.0000,0
21,features.6,77,pruned_before,nan,0.000000e+00,0.000000e+00,0.0000,0.0000,0
21,features.6,78,active,-0.108669,2.752527e-08,6.560658e-06,0.3670,0.0020,73
21,features.6,79,pruned_before,nan,0.000000e+00,0.000000e+00,0.0000,0.0000,0
21,features.6,80,active,-0.018705,5.007024e-09,6.070734e-06,0.0668,0.0019,73
21,features.6,81,pruned_before,nan,0.000000e+00,0.000000e+00,0.0000,0.0000,0
21,features.6,82,active,-0.027020,7.187660e-09,7.941368e-06,0.0958,0.0025,73
21,features.6,83,pruned_before,nan,0.000000e+00,0.000000e+00,0.0000,0.0000,0
21,features.6,84,active,-0.051240,1.297461e-08,3.017175e-06,0.1730,0.0009,73
21,features.6,85,pruned_before,nan,0.000000e+00,0.000000e+00,0.0000,0.0000,0
21,features.6,86,pruned_before,nan,0.000000e+00,0.000000e+00,0.0000,0.0000,0
21,features.6,87,active,-0.051490,1.349613e-08,1.144501e-05,0.1799,0.0036,73
21,features.6,88,pruned_before,nan,0.000000e+00,0.000000e+00,0.0000,0.0000,0
21,features.6,89,pruned_before,nan,0.000000e+00,0.000000e+00,0.0000,0.0000,0
21,features.6,90,pruned_before,nan,0.000000e+00,0.000000e+00,0.0000,0.0000,0
21,features.6,91,active,-0.045100,1.421013e-08,5.388471e-05,0.1895,0.0168,73
21,features.6,92,pruned_before,nan,0.000000e+00,0.000000e+00,0.0000,0.0000,0
21,features.6,93,pruned_before,nan,0.000000e+00,0.000000e+00,0.0000,0.0000,0
21,features.6,94,active,-0.041065,1.188894e-08,2.978957e-05,0.1585,0.0093,73
21,features.6,95,active,-0.003085,8.204780e-10,9.013605e-07,0.0109,0.0003,73
21,features.6,96,pruned_before,nan,0.000000e+00,0.000000e+00,0.0000,0.0000,0
21,features.6,97,pruned_before,nan,0.000000e+00,0.000000e+00,0.0000,0.0000,0
21,features.6,98,pruned_before,nan,0.000000e+00,0.000000e+00,0.0000,0.0000,0
21,features.6,99,pruned_before,nan,0.000000e+00,0.000000e+00,0.0000,0.0000,0
21,features.6,100,pruned_before,nan,0.000000e+00,0.000000e+00,0.0000,0.0000,0
21,features.6,101,active,-0.014652,4.751461e-09,1.998292e-05,0.0634,0.0062,73
21,features.6,102,pruned_before,nan,0.000000e+00,0.000000e+00,0.0000,0.0000,0
21,features.6,103,active,-0.104478,2.623707e-08,2.146000e-06,0.3498,0.0007,73
21,features.6,104,active,-0.077092,2.013126e-08,1.574609e-05,0.2684,0.0049,73
21,features.6,105,pruned_before,nan,0.000000e+00,0.000000e+00,0.0000,0.0000,0
21,features.6,106,pruned_before,nan,0.000000e+00,0.000000e+00,0.0000,0.0000,0
21,features.6,107,pruned_before,nan,0.000000e+00,0.000000e+00,0.0000,0.0000,0
21,features.6,108,active,-0.055611,1.432430e-08,7.731637e-06,0.1910,0.0024,73
21,features.6,109,active,-0.040887,1.138579e-08,2.136943e-05,0.1518,0.0067,73
21,features.6,110,active,-0.038622,9.750031e-09,1.732095e-06,0.1300,0.0005,73
21,features.6,111,pruned_before,nan,0.000000e+00,0.000000e+00,0.0000,0.0000,0
21,features.6,112,active,-0.052571,1.321559e-08,1.329478e-06,0.1762,0.0004,73
21,features.6,113,active,-0.065802,1.726031e-08,1.485826e-05,0.2301,0.0046,73
21,features.6,114,pruned_before,nan,0.000000e+00,0.000000e+00,0.0000,0.0000,0
21,features.6,115,pruned_before,nan,0.000000e+00,0.000000e+00,0.0000,0.0000,0
21,features.6,116,active,-0.068011,1.871389e-08,3.140980e-05,0.2495,0.0098,73
21,features.6,117,pruned_before,nan,0.000000e+00,0.000000e+00,0.0000,0.0000,0
21,features.6,118,pruned_before,nan,0.000000e+00,0.000000e+00,0.0000,0.0000,0
21,features.6,119,pruned_before,nan,0.000000e+00,0.000000e+00,0.0000,0.0000,0
21,features.6,120,pruned_before,nan,0.000000e+00,0.000000e+00,0.0000,0.0000,0
21,features.6,121,active,-0.022703,5.784251e-09,1.988034e-06,0.0771,0.0006,73
21,features.6,122,pruned_before,nan,0.000000e+00,0.000000e+00,0.0000,0.0000,0
21,features.6,123,pruned_before,nan,0.000000e+00,0.000000e+00,0.0000,0.0000,0
21,features.6,124,pruned_before,nan,0.000000e+00,0.000000e+00,0.0000,0.0000,0
21,features.6,125,active,-0.003395,1.369805e-09,9.566138e-06,0.0183,0.0030,73
21,features.6,126,pruned_before,nan,0.000000e+00,0.000000e+00,0.0000,0.0000,0
21,features.6,127,pruned_before,nan,0.000000e+00,0.000000e+00,0.0000,0.0000,0
21,features.6,128,pruned_before,nan,0.000000e+00,0.000000e+00,0.0000,0.0000,0
21,features.6,129,pruned_before,nan,0.000000e+00,0.000000e+00,0.0000,0.0000,0
21,features.6,130,active,-0.051346,1.513282e-08,4.215766e-05,0.2018,0.0131,73
21,features.6,131,active,-0.025997,6.661166e-09,2.968006e-06,0.0888,0.0009,73
21,features.6,132,pruned_before,nan,0.000000e+00,0.000000e+00,0.0000,0.0000,0
21,features.6,133,active,-0.132940,3.355710e-08,5.895438e-06,0.4474,0.0018,73
21,features.6,134,pruned_before,nan,0.000000e+00,0.000000e+00,0.0000,0.0000,0
21,features.6,135,active,-0.014460,6.825481e-09,5.894436e-05,0.0910,0.0183,73
21,features.6,136,pruned_now,-0.151199,3.803934e-08,4.378730e-06,0.5072,0.0014,73
21,features.6,137,pruned_before,nan,0.000000e+00,0.000000e+00,0.0000,0.0000,0
21,features.6,138,active,-0.012015,3.472784e-09,8.612164e-06,0.0463,0.0027,73
21,features.6,139,pruned_before,nan,0.000000e+00,0.000000e+00,0.0000,0.0000,0
21,features.6,140,active,-0.131437,3.387086e-08,1.855812e-05,0.4516,0.0058,73
21,features.6,141,pruned_before,nan,0.000000e+00,0.000000e+00,0.0000,0.0000,0
21,features.6,142,active,-0.016401,4.615706e-09,9.461989e-06,0.0615,0.0029,73
21,features.6,143,pruned_before,nan,0.000000e+00,0.000000e+00,0.0000,0.0000,0
21,features.6,144,pruned_before,nan,0.000000e+00,0.000000e+00,0.0000,0.0000,0
21,features.6,145,active,-0.013871,3.550658e-09,1.520174e-06,0.0473,0.0005,73
21,features.6,146,pruned_before,nan,0.000000e+00,0.000000e+00,0.0000,0.0000,0
21,features.6,147,pruned_before,nan,0.000000e+00,0.000000e+00,0.0000,0.0000,0
21,features.6,148,active,-0.029299,8.902223e-09,2.895850e-05,0.1187,0.0090,73
21,features.6,149,pruned_before,nan,0.000000e+00,0.000000e+00,0.0000,0.0000,0
21,features.6,150,active,-0.025675,6.978585e-09,1.027698e-05,0.0930,0.0032,73
21,features.6,151,pruned_before,nan,0.000000e+00,0.000000e+00,0.0000,0.0000,0
21,features.6,152,pruned_before,nan,0.000000e+00,0.000000e+00,0.0000,0.0000,0
21,features.6,153,active,-0.021791,5.500617e-09,9.664565e-07,0.0733,0.0003,73
21,features.6,154,pruned_before,nan,0.000000e+00,0.000000e+00,0.0000,0.0000,0
21,features.6,155,pruned_before,nan,0.000000e+00,0.000000e+00,0.0000,0.0000,0
21,features.6,156,pruned_before,nan,0.000000e+00,0.000000e+00,0.0000,0.0000,0
21,features.6,157,active,-0.024461,6.280632e-09,3.034984e-06,0.0837,0.0009,73
21,features.6,158,active,-0.010510,2.826828e-09,3.660055e-06,0.0377,0.0011,73
21,features.6,159,pruned_before,nan,0.000000e+00,0.000000e+00,0.0000,0.0000,0
21,features.6,160,pruned_before,nan,0.000000e+00,0.000000e+00,0.0000,0.0000,0
21,features.6,161,active,-0.069688,1.759247e-08,3.121312e-06,0.2346,0.0010,73
21,features.6,162,active,-0.001717,1.023232e-09,1.090452e-05,0.0136,0.0034,73
21,features.6,163,active,-0.007458,1.909043e-09,8.158586e-07,0.0255,0.0003,73
21,features.6,164,pruned_before,nan,0.000000e+00,0.000000e+00,0.0000,0.0000,0
21,features.6,165,active,-0.065543,1.715442e-08,1.410640e-05,0.2287,0.0044,73
21,features.6,166,active,-0.098618,2.555865e-08,1.658988e-05,0.3408,0.0052,73
21,features.6,167,pruned_before,nan,0.000000e+00,0.000000e+00,0.0000,0.0000,0
21,features.6,168,pruned_before,nan,0.000000e+00,0.000000e+00,0.0000,0.0000,0
21,features.6,169,active,-0.119006,3.407410e-08,7.935302e-05,0.4543,0.0247,73
21,features.6,170,active,-0.039969,1.002311e-08,5.625994e-07,0.1336,0.0002,73
21,features.6,171,pruned_now,-0.189461,4.818804e-08,1.508236e-05,0.6425,0.0047,73
21,features.6,172,pruned_before,nan,0.000000e+00,0.000000e+00,0.0000,0.0000,0
21,features.6,173,pruned_before,nan,0.000000e+00,0.000000e+00,0.0000,0.0000,0
21,features.6,174,pruned_before,nan,0.000000e+00,0.000000e+00,0.0000,0.0000,0
21,features.6,175,pruned_before,nan,0.000000e+00,0.000000e+00,0.0000,0.0000,0
21,features.6,176,pruned_before,nan,0.000000e+00,0.000000e+00,0.0000,0.0000,0
21,features.6,177,active,-0.027381,7.124139e-09,5.117956e-06,0.0950,0.0016,73
21,features.6,178,pruned_before,nan,0.000000e+00,0.000000e+00,0.0000,0.0000,0
21,features.6,179,pruned_before,nan,0.000000e+00,0.000000e+00,0.0000,0.0000,0
21,features.6,180,pruned_before,nan,0.000000e+00,0.000000e+00,0.0000,0.0000,0
21,features.6,181,pruned_before,nan,0.000000e+00,0.000000e+00,0.0000,0.0000,0
21,features.6,182,active,-0.029116,7.408456e-09,2.372466e-06,0.0988,0.0007,73
21,features.6,183,pruned_before,nan,0.000000e+00,0.000000e+00,0.0000,0.0000,0
21,features.6,184,pruned_before,nan,0.000000e+00,0.000000e+00,0.0000,0.0000,0
21,features.6,185,pruned_before,nan,0.000000e+00,0.000000e+00,0.0000,0.0000,0
21,features.6,186,pruned_before,nan,0.000000e+00,0.000000e+00,0.0000,0.0000,0
21,features.6,187,active,-0.119182,3.019999e-08,7.408460e-06,0.4027,0.0023,73
21,features.6,188,active,-0.025195,6.360740e-09,1.132942e-06,0.0848,0.0004,73
21,features.6,189,pruned_before,nan,0.000000e+00,0.000000e+00,0.0000,0.0000,0
21,features.6,190,pruned_before,nan,0.000000e+00,0.000000e+00,0.0000,0.0000,0
21,features.6,191,active,-0.014506,4.127835e-09,9.203757e-06,0.0550,0.0029,73
21,features.7,0,active,0.038516,2.696595e-07,2.209045e-06,0.0952,0.0958,105
21,features.7,1,active,0.014545,1.218520e-06,4.729159e-06,0.4302,0.2051,105
21,features.7,2,active,0.141576,2.257261e-07,5.450005e-06,0.0797,0.2364,105
21,features.7,3,active,0.029026,5.563933e-07,2.896608e-06,0.1964,0.1256,105
21,features.7,4,protected,0.514305,1.753384e-06,2.305386e-05,0.6190,1.0000,105
21,features.7,5,active,-0.011504,4.599827e-07,1.225512e-06,0.1624,0.0532,105
21,features.7,6,active,-0.013750,7.615596e-07,2.203441e-06,0.2688,0.0956,105
21,features.7,7,active,-0.018261,8.609368e-07,2.401480e-06,0.3039,0.1042,105
21,features.7,8,active,-0.112420,2.193393e-06,3.947968e-06,0.7743,0.1712,105
21,features.7,9,active,-0.130723,1.816101e-06,2.029194e-06,0.6411,0.0880,105
21,features.7,10,active,-0.015356,4.755639e-07,1.153001e-06,0.1679,0.0500,105
21,features.7,11,active,-0.116224,1.824685e-06,2.536648e-06,0.6442,0.1100,105
21,features.7,12,active,0.118533,1.385778e-06,8.737272e-06,0.4892,0.3790,105
21,features.7,13,active,0.012785,2.384704e-07,1.252818e-06,0.0842,0.0543,105
21,features.7,14,active,0.120597,2.196373e-07,4.737824e-06,0.0775,0.2055,105
21,features.7,15,active,-0.025495,4.607002e-07,7.672440e-07,0.1626,0.0333,105
21,features.7,16,active,-0.006275,1.587042e-07,3.468936e-07,0.0560,0.0150,105
21,features.7,17,active,-0.054713,9.632391e-07,1.557793e-06,0.3400,0.0676,105
21,features.7,18,active,0.042836,1.386153e-07,1.894236e-06,0.0489,0.0822,105
21,features.7,19,active,-0.034653,2.113321e-06,6.229871e-06,0.7460,0.2702,105
21,features.7,20,active,0.035564,1.843518e-07,1.814278e-06,0.0651,0.0787,105
21,features.7,21,active,-0.021853,3.821448e-07,6.132045e-07,0.1349,0.0266,105
21,features.7,22,active,0.663973,1.536169e-07,2.240316e-05,0.0542,0.9718,105
21,features.7,23,active,-0.035542,1.454739e-06,3.903503e-06,0.5136,0.1693,105
21,features.7,24,active,-0.021259,3.428956e-07,4.958399e-07,0.1210,0.0215,105
21,features.7,25,active,0.035892,4.595302e-08,1.342340e-06,0.0162,0.0582,105
21,features.7,26,active,-0.050669,1.529188e-06,3.664973e-06,0.5398,0.1590,105
21,features.7,27,active,-0.097507,1.911921e-06,3.457374e-06,0.6750,0.1500,105
21,features.7,28,active,0.024412,6.493249e-07,3.068802e-06,0.2292,0.1331,105
21,features.7,29,active,-0.024986,9.929248e-07,2.640366e-06,0.3505,0.1145,105
21,features.7,30,active,-0.014104,3.485802e-07,7.513189e-07,0.1231,0.0326,105
21,features.7,31,active,0.088760,1.047950e-06,6.578415e-06,0.3699,0.2853,105
21,features.7,32,active,-0.016024,5.215888e-07,1.291550e-06,0.1841,0.0560,105
21,features.7,33,active,-0.041484,9.086319e-07,1.803001e-06,0.3208,0.0782,105
21,features.7,34,pruned_before,nan,0.000000e+00,0.000000e+00,0.0000,0.0000,0
21,features.7,35,active,0.313924,2.646881e-07,1.126200e-05,0.0934,0.4885,105
21,features.7,36,active,0.029567,4.369921e-07,2.497954e-06,0.1543,0.1084,105
21,features.7,37,active,-0.006773,5.702540e-07,1.765943e-06,0.2013,0.0766,105
21,features.7,38,active,0.011605,4.827738e-07,2.066100e-06,0.1704,0.0896,105
21,features.7,39,active,-0.013189,2.462093e-06,8.153254e-06,0.8692,0.3537,105
21,features.7,40,active,-0.055255,9.368430e-07,1.447884e-06,0.3307,0.0628,105
21,features.7,41,active,0.031136,1.138924e-07,1.422690e-06,0.0402,0.0617,105
21,features.7,42,active,0.019203,8.874198e-08,9.419728e-07,0.0313,0.0409,105
21,features.7,43,active,-0.001763,7.762104e-07,2.649306e-06,0.2740,0.1149,105
21,features.7,44,active,0.026956,5.723223e-07,2.883998e-06,0.2020,0.1251,105
21,features.7,45,active,0.012765,7.818933e-08,6.931200e-07,0.0276,0.0301,105
21,features.7,46,active,0.015666,3.347868e-07,1.683662e-06,0.1182,0.0730,105
21,features.7,47,active,0.086001,2.111702e-07,3.568915e-06,0.0745,0.1548,105
21,features.7,48,active,0.079510,1.700252e-07,3.211621e-06,0.0600,0.1393,105
21,features.7,49,active,0.154876,1.084371e-06,8.882924e-06,0.3828,0.3853,105
21,features.7,50,pruned_now,-0.204445,2.345001e-06,1.446023e-06,0.8278,0.0627,105
21,features.7,51,active,-0.059292,1.401470e-06,2.935509e-06,0.4948,0.1273,105
21,features.7,52,active,-0.002443,6.739079e-07,2.270091e-06,0.2379,0.0985,105
21,features.7,53,active,0.084602,3.936101e-08,2.923591e-06,0.0139,0.1268,105
21,features.7,54,active,-0.026566,4.231674e-07,6.010605e-07,0.1494,0.0261,105
21,features.7,55,active,-0.028920,3.419599e-07,2.402880e-07,0.1207,0.0104,105
21,features.7,56,active,-0.094058,1.179144e-06,1.015055e-06,0.4163,0.0440,105
21,features.7,57,active,0.040031,4.247832e-07,2.800004e-06,0.1500,0.1215,105
21,features.7,58,active,0.076225,6.299989e-07,4.707797e-06,0.2224,0.2042,105
21,features.7,59,active,-0.112412,1.293647e-06,8.099679e-07,0.4567,0.0351,105
21,features.7,60,active,0.105568,6.590046e-07,5.775346e-06,0.2326,0.2505,105
21,features.7,61,active,0.198589,1.107806e-07,6.926754e-06,0.0391,0.3005,105
21,features.7,62,active,-0.009493,3.542471e-07,9.229351e-07,0.1251,0.0400,105
21,features.7,63,active,0.007291,3.738136e-07,1.543953e-06,0.1320,0.0670,105
21,features.7,64,active,0.012844,6.246420e-07,2.601716e-06,0.2205,0.1129,105
21,features.7,65,active,-0.009949,4.784823e-07,1.341270e-06,0.1689,0.0582,105
21,features.7,66,active,-0.049134,7.754672e-07,1.086609e-06,0.2738,0.0471,105
21,features.7,67,active,0.004133,3.042410e-07,1.197301e-06,0.1074,0.0519,105
21,features.7,68,active,-0.038965,1.166683e-06,2.786058e-06,0.4119,0.1208,105
21,features.7,69,active,-0.057985,6.915255e-07,5.023213e-07,0.2441,0.0218,105
21,features.7,70,active,0.051695,1.907375e-07,2.367805e-06,0.0673,0.1027,105
21,features.7,71,active,-0.045658,9.745136e-07,1.895342e-06,0.3440,0.0822,105
21,features.7,72,active,-0.044648,9.647362e-07,1.894496e-06,0.3406,0.0822,105
21,features.7,73,active,0.062294,5.759395e-07,4.060428e-06,0.2033,0.1761,105
21,features.7,74,active,-0.083261,1.064664e-06,9.713667e-07,0.3758,0.0421,105
21,features.7,75,active,0.010618,4.608435e-07,1.957086e-06,0.1627,0.0849,105
21,features.7,76,active,0.138345,6.510864e-08,4.783353e-06,0.0230,0.2075,105
21,features.7,77,active,0.092835,1.143891e-07,3.456404e-06,0.0404,0.1499,105
21,features.7,78,active,0.336286,2.013474e-07,1.177757e-05,0.0711,0.5109,105
21,features.7,79,active,-0.070841,1.113579e-06,1.551023e-06,0.3931,0.0673,105
21,features.7,80,active,-0.040733,1.101464e-06,2.500328e-06,0.3888,0.1085,105
21,features.7,81,active,-0.042238,1.234958e-06,2.916373e-06,0.4360,0.1265,105
21,features.7,82,active,-0.097852,1.521174e-06,2.083103e-06,0.5370,0.0904,105
21,features.7,83,active,0.046673,3.866021e-08,1.671974e-06,0.0136,0.0725,105
21,features.7,84,active,-0.076052,1.402778e-06,2.388086e-06,0.4952,0.1036,105
21,features.7,85,active,0.036415,1.199339e-07,1.617604e-06,0.0423,0.0702,105
21,features.7,86,active,-0.112343,1.248390e-06,6.543931e-07,0.4407,0.0284,105
21,features.7,87,active,0.041950,3.546037e-07,2.618435e-06,0.1252,0.1136,105
21,features.7,88,active,-0.093635,1.518478e-06,2.212572e-06,0.5361,0.0960,105
21,features.7,89,active,-0.022588,9.358601e-07,2.520295e-06,0.3304,0.1093,105
21,features.7,90,active,-0.083610,1.082341e-06,1.021532e-06,0.3821,0.0443,105
21,features.7,91,active,0.006299,4.684230e-07,1.841295e-06,0.1654,0.0799,105
21,features.7,92,active,-0.027387,1.027355e-06,2.681389e-06,0.3627,0.1163,105
21,features.7,93,active,0.008996,3.685350e-07,1.581693e-06,0.1301,0.0686,105
21,features.7,94,active,0.104433,7.742227e-08,3.709445e-06,0.0273,0.1609,105
21,features.7,95,active,0.079851,1.788619e-08,2.692216e-06,0.0063,0.1168,105
21,features.7,96,active,0.041793,4.057058e-08,1.517911e-06,0.0143,0.0658,105
21,features.7,97,active,-0.130990,2.832682e-06,5.566182e-06,1.0000,0.2414,105
21,features.7,98,active,0.007146,4.849985e-07,1.927008e-06,0.1712,0.0836,105
21,features.7,99,active,-0.004910,8.794477e-07,2.905739e-06,0.3105,0.1260,105
21,features.7,100,pruned_before,nan,0.000000e+00,0.000000e+00,0.0000,0.0000,0
21,features.7,101,active,0.141661,7.578966e-07,7.308975e-06,0.2676,0.3170,105
21,features.7,102,active,0.019478,1.763298e-07,1.256524e-06,0.0622,0.0545,105
21,features.7,103,active,-0.018417,5.209831e-07,1.210619e-06,0.1839,0.0525,105
21,features.7,104,active,-0.103625,1.160207e-06,6.339325e-07,0.4096,0.0275,105
21,features.7,105,active,0.006242,3.987874e-07,1.596532e-06,0.1408,0.0693,105
21,features.7,106,active,-0.017564,3.183373e-07,5.318822e-07,0.1124,0.0231,105
21,features.7,107,active,0.063909,1.545890e-06,7.496743e-06,0.5457,0.3252,105
21,features.7,108,active,-0.011932,3.893575e-07,9.651005e-07,0.1375,0.0419,105
21,features.7,109,active,-0.047021,7.748878e-07,1.154173e-06,0.2736,0.0501,105
21,features.7,110,pruned_now,-0.184964,2.418978e-06,2.345628e-06,0.8540,0.1017,105
21,features.7,111,active,0.006741,2.357523e-06,8.444895e-06,0.8323,0.3663,105
21,features.7,112,active,0.022810,1.395995e-06,5.620354e-06,0.4928,0.2438,105
21,features.7,113,active,0.116651,1.541102e-06,9.217063e-06,0.5440,0.3998,105
21,features.7,114,active,0.012122,3.609357e-07,1.658165e-06,0.1274,0.0719,105
21,features.7,115,pruned_before,nan,0.000000e+00,0.000000e+00,0.0000,0.0000,0
21,features.7,116,active,-0.135818,1.583842e-06,1.051289e-06,0.5591,0.0456,105
21,features.7,117,active,-0.009036,2.115005e-07,4.401030e-07,0.0747,0.0191,105
21,features.7,118,active,0.062760,5.936164e-07,4.137443e-06,0.2096,0.1795,105
21,features.7,119,active,-0.023248,4.196387e-07,6.980219e-07,0.1481,0.0303,105
21,features.7,120,active,-0.094197,1.103068e-06,7.451333e-07,0.3894,0.0323,105
21,features.7,121,active,-0.061789,9.639489e-07,1.327223e-06,0.3403,0.0576,105
21,features.7,122,active,-0.031673,6.485172e-07,1.218864e-06,0.2289,0.0529,105
21,features.7,123,pruned_before,nan,0.000000e+00,0.000000e+00,0.0000,0.0000,0
21,features.7,124,pruned_now,-0.166317,1.697645e-06,4.437813e-07,0.5993,0.0192,105
21,features.7,125,active,-0.048215,2.124688e-06,5.822872e-06,0.7501,0.2526,105
21,features.7,126,active,0.354262,7.690380e-07,1.434964e-05,0.2715,0.6224,105
21,features.7,127,active,-0.073663,1.145604e-06,1.569787e-06,0.4044,0.0681,105
21,features.7,128,active,0.005760,5.037758e-07,1.946847e-06,0.1778,0.0844,105
21,features.7,129,active,0.013872,4.169001e-07,1.910996e-06,0.1472,0.0829,105
21,features.7,130,active,-0.006626,5.538205e-07,1.713463e-06,0.1955,0.0743,105
21,features.7,131,active,0.007758,1.140825e-08,2.952786e-07,0.0040,0.0128,105
21,features.7,132,active,-0.058602,1.275283e-06,2.518107e-06,0.4502,0.1092,105
21,features.7,133,active,-0.014356,4.222919e-07,1.000136e-06,0.1491,0.0434,105
21,features.7,134,active,-0.119215,1.391574e-06,9.275018e-07,0.4913,0.0402,105
21,features.7,135,active,0.035396,2.000194e-07,1.863398e-06,0.0706,0.0808,105
21,features.7,136,active,-0.131671,2.160873e-06,3.200535e-06,0.7628,0.1388,105
21,features.7,137,active,-0.081619,9.568141e-07,6.492546e-07,0.3378,0.0282,105
21,features.7,138,pruned_before,nan,0.000000e+00,0.000000e+00,0.0000,0.0000,0
21,features.7,139,active,0.067555,2.174153e-08,2.300693e-06,0.0077,0.0998,105
21,features.7,140,active,-0.000176,1.654703e-07,5.713392e-07,0.0584,0.0248,105
21,features.7,141,active,0.015780,1.853229e-08,5.843552e-07,0.0065,0.0253,105
21,features.7,142,active,0.010314,1.565887e-08,3.943135e-07,0.0055,0.0171,105
21,features.7,143,active,-0.000550,2.731115e-07,9.344694e-07,0.0964,0.0405,105
21,features.7,144,active,0.011625,2.860812e-07,1.380703e-06,0.1010,0.0599,105
21,features.7,145,active,-0.133037,2.214407e-06,3.342270e-06,0.7817,0.1450,105
21,features.7,146,active,0.255752,1.000498e-06,1.191262e-05,0.3532,0.5167,105
21,features.7,147,active,0.094247,6.421669e-07,5.343788e-06,0.2267,0.2318,105
21,features.7,148,active,-0.051140,8.563546e-07,1.302675e-06,0.3023,0.0565,105
21,features.7,149,active,0.117275,4.767137e-07,5.525083e-06,0.1683,0.2397,105
21,features.7,150,active,0.052561,1.314238e-06,6.315022e-06,0.4640,0.2739,105
21,features.7,151,active,0.001245,2.407687e-07,8.807839e-07,0.0850,0.0382,105
21,features.7,152,active,-0.074911,9.964094e-07,1.008276e-06,0.3518,0.0437,105
21,features.7,153,active,-0.038893,8.476214e-07,1.675546e-06,0.2992,0.0727,105
21,features.7,154,active,-0.081727,1.252040e-06,1.675437e-06,0.4420,0.0727,105
21,features.7,155,active,0.031310,1.065798e-07,1.402898e-06,0.0376,0.0609,105
21,features.7,156,active,0.261077,1.651124e-07,9.174249e-06,0.0583,0.3979,105
21,features.7,157,active,0.003792,1.045412e-06,3.771211e-06,0.3691,0.1636,105
21,features.7,158,active,0.106678,1.458610e-06,8.600880e-06,0.5149,0.3731,105
21,features.7,159,active,0.033293,1.188050e-06,5.240332e-06,0.4194,0.2273,105
21,features.7,160,active,-0.005788,5.241255e-07,1.637495e-06,0.1850,0.0710,105
21,features.7,161,active,0.032727,4.660595e-07,2.703417e-06,0.1645,0.1173,105
21,features.7,162,active,-0.053301,6.895091e-07,6.495547e-07,0.2434,0.0282,105
21,features.7,163,active,0.018809,4.611406e-07,2.227904e-06,0.1628,0.0966,105
21,features.7,164,active,0.004587,1.371883e-06,4.936118e-06,0.4843,0.2141,105
21,features.7,165,active,0.086064,5.350353e-07,4.700606e-06,0.1889,0.2039,105
21,features.7,166,active,0.088482,4.836312e-08,3.082774e-06,0.0171,0.1337,105
21,features.7,167,active,0.070131,1.538727e-07,2.846384e-06,0.0543,0.1235,105
21,features.7,168,active,-0.051761,1.106190e-06,2.153622e-06,0.3905,0.0934,105
21,features.7,169,active,0.001751,2.235328e-07,8.373337e-07,0.0789,0.0363,105
21,features.7,170,active,0.018274,6.070184e-07,2.719096e-06,0.2143,0.1179,105
21,features.7,171,active,0.013839,6.609753e-07,2.761216e-06,0.2333,0.1198,105
21,features.7,172,active,-0.009051,2.006016e-07,4.015989e-07,0.0708,0.0174,105
21,features.7,173,active,-0.043237,7.698775e-07,1.261315e-06,0.2718,0.0547,105
21,features.7,174,active,-0.008760,8.771478e-07,2.770927e-06,0.3097,0.1202,105
21,features.7,175,active,-0.100991,1.758102e-06,2.806115e-06,0.6206,0.1217,105
21,features.7,176,active,-0.067244,9.106528e-07,9.616704e-07,0.3215,0.0417,105
21,features.7,177,active,0.005207,1.034282e-06,3.779008e-06,0.3651,0.1639,105
21,features.7,178,active,0.011801,5.076343e-07,2.159240e-06,0.1792,0.0937,105
21,features.7,179,active,0.118757,1.567188e-06,9.377400e-06,0.5533,0.4068,105
21,features.7,180,active,-0.046122,5.895369e-07,5.372760e-07,0.2081,0.0233,105
21,features.7,181,active,0.018512,3.842367e-07,1.949878e-06,0.1356,0.0846,105
21,features.7,182,active,-0.027615,3.726089e-07,3.901718e-07,0.1315,0.0169,105
21,features.7,183,active,-0.037258,4.980765e-07,5.102149e-07,0.1758,0.0221,105
21,features.7,184,active,-0.035702,6.253503e-07,1.005367e-06,0.2208,0.0436,105
21,features.7,185,active,-0.069759,1.260009e-06,2.097399e-06,0.4448,0.0910,105
21,features.7,186,active,0.054994,4.177567e-07,3.268301e-06,0.1475,0.1418,105
21,features.7,187,active,0.017028,2.681359e-08,6.543107e-07,0.0095,0.0284,105
21,features.7,188,active,-0.124389,1.481005e-06,1.069022e-06,0.5228,0.0464,105
21,features.7,189,active,-0.071159,1.492716e-06,2.862937e-06,0.5270,0.1242,105
21,features.7,190,active,-0.047610,1.840089e-06,4.850141e-06,0.6496,0.2104,105
21,features.7,191,active,0.000453,1.118758e-07,4.051442e-07,0.0395,0.0176,105
21,features.8,0,active,0.000142,4.646881e-09,1.087801e-06,0.0108,0.0049,137
21,features.8,1,active,-0.011547,1.756275e-08,2.399571e-07,0.0410,0.0011,137
21,features.8,2,active,-0.003481,9.044406e-09,9.136398e-07,0.0211,0.0041,137
21,features.8,3,active,-0.057518,9.932596e-08,3.851382e-06,0.2318,0.0172,137
21,features.8,4,active,-0.064002,1.028778e-07,2.570643e-06,0.2401,0.0115,137
21,features.8,5,pruned_before,nan,0.000000e+00,0.000000e+00,0.0000,0.0000,0
21,features.8,6,active,-0.042197,8.542287e-08,5.641662e-06,0.1993,0.0252,137
21,features.8,7,pruned_before,nan,0.000000e+00,0.000000e+00,0.0000,0.0000,0
21,features.8,8,active,-0.008179,1.445794e-08,6.224749e-07,0.0337,0.0028,137
21,features.8,9,active,-0.035946,5.205406e-08,1.594075e-07,0.1215,0.0007,137
21,features.8,10,active,-0.038393,6.130373e-08,1.450151e-06,0.1431,0.0065,137
21,features.8,11,pruned_before,nan,0.000000e+00,0.000000e+00,0.0000,0.0000,0
21,features.8,12,active,-0.008590,2.563993e-08,2.999324e-06,0.0598,0.0134,137
21,features.8,13,active,-0.055840,8.105008e-08,2.893601e-07,0.1891,0.0013,137
21,features.8,14,pruned_before,nan,0.000000e+00,0.000000e+00,0.0000,0.0000,0
21,features.8,15,pruned_before,nan,0.000000e+00,0.000000e+00,0.0000,0.0000,0
21,features.8,16,active,-0.009037,1.566423e-08,6.182702e-07,0.0366,0.0028,137
21,features.8,17,active,-0.101424,1.454402e-07,1.277976e-07,0.3394,0.0006,137
21,features.8,18,active,-0.042695,6.721714e-08,1.398119e-06,0.1569,0.0062,137
21,features.8,19,active,-0.014376,2.209239e-08,3.496381e-07,0.0516,0.0016,137
21,features.8,20,pruned_before,nan,0.000000e+00,0.000000e+00,0.0000,0.0000,0
21,features.8,21,pruned_before,nan,0.000000e+00,0.000000e+00,0.0000,0.0000,0
21,features.8,22,active,-0.055162,9.167787e-08,2.890890e-06,0.2139,0.0129,137
21,features.8,23,pruned_before,nan,0.000000e+00,0.000000e+00,0.0000,0.0000,0
21,features.8,24,pruned_before,nan,0.000000e+00,0.000000e+00,0.0000,0.0000,0
21,features.8,25,active,-0.084571,1.226019e-07,4.047998e-07,0.2861,0.0018,137
21,features.8,26,active,-0.013879,2.108561e-08,2.829849e-07,0.0492,0.0013,137
21,features.8,27,active,-0.054667,8.486650e-08,1.521390e-06,0.1981,0.0068,137
21,features.8,28,active,-0.030691,5.049324e-08,1.492933e-06,0.1178,0.0067,137
21,features.8,29,active,-0.015328,2.314815e-08,2.815157e-07,0.0540,0.0013,137
21,features.8,30,active,0.018455,3.118092e-08,1.290764e-05,0.0728,0.0576,137
21,features.8,31,active,0.011352,2.418084e-08,9.061616e-06,0.0564,0.0404,137
21,features.8,32,active,-0.087311,1.297432e-07,1.128753e-06,0.3028,0.0050,137
21,features.8,33,pruned_before,nan,0.000000e+00,0.000000e+00,0.0000,0.0000,0
21,features.8,34,active,-0.017461,2.911155e-08,9.355611e-07,0.0679,0.0042,137
21,features.8,35,pruned_before,nan,0.000000e+00,0.000000e+00,0.0000,0.0000,0
21,features.8,36,pruned_before,nan,0.000000e+00,0.000000e+00,0.0000,0.0000,0
21,features.8,37,active,-0.002036,1.052170e-08,1.707849e-06,0.0246,0.0076,137
21,features.8,38,active,-0.020396,4.126215e-08,2.720914e-06,0.0963,0.0121,137
21,features.8,39,active,-0.066364,9.591977e-08,2.530984e-07,0.2238,0.0011,137
21,features.8,40,active,-0.036042,5.423511e-08,6.176986e-07,0.1266,0.0028,137
21,features.8,41,active,-0.002285,1.059601e-08,1.644754e-06,0.0247,0.0073,137
21,features.8,42,active,0.003724,1.666890e-09,1.567140e-06,0.0039,0.0070,137
21,features.8,43,protected,-0.058533,2.480576e-07,3.688963e-05,0.5789,0.1645,137
21,features.8,44,active,-0.026491,4.052306e-08,6.020798e-07,0.0946,0.0027,137
21,features.8,45,active,-0.012435,2.259554e-08,1.084454e-06,0.0527,0.0048,137
21,features.8,46,pruned_now,-0.189575,2.942497e-07,5.264564e-06,0.6867,0.0235,137
21,features.8,47,active,-0.006021,1.671354e-08,1.820098e-06,0.0390,0.0081,137
21,features.8,48,active,-0.057960,8.463375e-08,4.140869e-07,0.1975,0.0018,137
21,features.8,49,active,-0.011859,2.137707e-08,9.954808e-07,0.0499,0.0044,137
21,features.8,50,active,-0.047828,7.811859e-08,2.198976e-06,0.1823,0.0098,137
21,features.8,51,active,-0.001401,1.887298e-08,3.784764e-06,0.0440,0.0169,137
21,features.8,52,pruned_before,nan,0.000000e+00,0.000000e+00,0.0000,0.0000,0
21,features.8,53,active,-0.020132,3.000240e-08,2.796245e-07,0.0700,0.0012,137
21,features.8,54,active,-0.061336,1.026440e-07,3.372385e-06,0.2395,0.0150,137
21,features.8,55,active,-0.018403,3.315230e-08,1.540258e-06,0.0774,0.0069,137
21,features.8,56,pruned_before,nan,0.000000e+00,0.000000e+00,0.0000,0.0000,0
21,features.8,57,active,-0.003808,2.630791e-08,4.681126e-06,0.0614,0.0209,137
21,features.8,58,active,-0.012155,1.944357e-08,4.669618e-07,0.0454,0.0021,137
21,features.8,59,active,-0.040009,6.604791e-08,1.996702e-06,0.1541,0.0089,137
21,features.8,60,pruned_before,nan,0.000000e+00,0.000000e+00,0.0000,0.0000,0
21,features.8,61,active,0.011647,6.486625e-09,5.186909e-06,0.0151,0.0231,137
21,features.8,62,active,-0.020707,3.179566e-08,4.976334e-07,0.0742,0.0022,137
21,features.8,63,active,0.028182,7.991266e-08,2.695552e-05,0.1865,0.1202,137
21,features.8,64,active,-0.013803,3.485555e-08,3.396226e-06,0.0813,0.0151,137
21,features.8,65,pruned_before,nan,0.000000e+00,0.000000e+00,0.0000,0.0000,0
21,features.8,66,active,-0.036895,6.105287e-08,1.873801e-06,0.1425,0.0084,137
21,features.8,67,pruned_before,nan,0.000000e+00,0.000000e+00,0.0000,0.0000,0
21,features.8,68,active,-0.045496,6.584850e-08,1.937537e-07,0.1537,0.0009,137
21,features.8,69,active,-0.022423,4.528120e-08,2.972846e-06,0.1057,0.0133,137
21,features.8,70,active,-0.003569,2.926274e-08,5.420639e-06,0.0683,0.0242,137
21,features.8,71,active,-0.027328,4.136764e-08,5.233532e-07,0.0965,0.0023,137
21,features.8,72,pruned_before,nan,0.000000e+00,0.000000e+00,0.0000,0.0000,0
21,features.8,73,active,-0.001059,8.422625e-09,1.549963e-06,0.0197,0.0069,137
21,features.8,74,pruned_before,nan,0.000000e+00,0.000000e+00,0.0000,0.0000,0
21,features.8,75,active,-0.010151,5.543044e-08,9.181746e-06,0.1294,0.0409,137
21,features.8,76,active,-0.041155,6.061357e-08,4.102688e-07,0.1415,0.0018,137
21,features.8,77,active,-0.027240,4.971682e-08,2.424635e-06,0.1160,0.0108,137
21,features.8,78,active,-0.012648,2.146480e-08,7.623052e-07,0.0501,0.0034,137
21,features.8,79,active,-0.007279,1.147979e-08,2.427605e-07,0.0268,0.0011,137
21,features.8,80,active,-0.006302,9.405457e-09,9.059640e-08,0.0219,0.0004,137
21,features.8,81,active,-0.019345,3.914771e-08,2.583125e-06,0.0914,0.0115,137
21,features.8,82,active,-0.034941,5.335119e-08,7.724458e-07,0.1245,0.0034,137
21,features.8,83,active,-0.014995,3.171624e-08,2.310159e-06,0.0740,0.0103,137
21,features.8,84,active,0.007940,6.506578e-09,4.003701e-06,0.0152,0.0179,137
21,features.8,85,pruned_before,nan,0.000000e+00,0.000000e+00,0.0000,0.0000,0
21,features.8,86,pruned_before,nan,0.000000e+00,0.000000e+00,0.0000,0.0000,0
21,features.8,87,pruned_before,nan,0.000000e+00,0.000000e+00,0.0000,0.0000,0
21,features.8,88,pruned_before,nan,0.000000e+00,0.000000e+00,0.0000,0.0000,0
21,features.8,89,active,-0.014795,2.948529e-08,1.873581e-06,0.0688,0.0084,137
21,features.8,90,active,-0.026967,4.784920e-08,2.093005e-06,0.1117,0.0093,137
21,features.8,91,active,-0.079492,1.247312e-07,2.509630e-06,0.2911,0.0112,137
21,features.8,92,pruned_before,nan,0.000000e+00,0.000000e+00,0.0000,0.0000,0
21,features.8,93,pruned_before,nan,0.000000e+00,0.000000e+00,0.0000,0.0000,0
21,features.8,94,pruned_before,nan,0.000000e+00,0.000000e+00,0.0000,0.0000,0
21,features.8,95,pruned_before,nan,0.000000e+00,0.000000e+00,0.0000,0.0000,0
21,features.8,96,active,-0.014804,2.887180e-08,1.733192e-06,0.0674,0.0077,137
21,features.8,97,pruned_before,nan,0.000000e+00,0.000000e+00,0.0000,0.0000,0
21,features.8,98,pruned_before,nan,0.000000e+00,0.000000e+00,0.0000,0.0000,0
21,features.8,99,active,-0.001642,3.173854e-09,1.859586e-07,0.0074,0.0008,137
21,features.8,100,active,-0.003698,7.172477e-09,4.240186e-07,0.0167,0.0019,137
21,features.8,101,pruned_before,nan,0.000000e+00,0.000000e+00,0.0000,0.0000,0
21,features.8,102,active,-0.000391,1.966746e-08,4.286477e-06,0.0459,0.0191,137
21,features.8,103,active,-0.091375,1.347502e-07,9.497509e-07,0.3145,0.0042,137
21,features.8,104,active,0.044660,1.089399e-08,1.675318e-05,0.0254,0.0747,137
21,features.8,105,active,-0.005268,3.869636e-08,6.992519e-06,0.0903,0.0312,137
21,features.8,106,pruned_before,nan,0.000000e+00,0.000000e+00,0.0000,0.0000,0
21,features.8,107,active,-0.019459,3.047325e-08,6.008936e-07,0.0711,0.0027,137
21,features.8,108,active,-0.040912,5.994227e-08,3.378228e-07,0.1399,0.0015,137
21,features.8,109,active,-0.025638,3.896194e-08,5.251587e-07,0.0909,0.0023,137
21,features.8,110,pruned_now,-0.155092,2.489410e-07,6.149429e-06,0.5809,0.0274,137
21,features.8,111,active,-0.096479,1.458198e-07,1.797525e-06,0.3403,0.0080,137
21,features.8,112,pruned_before,nan,0.000000e+00,0.000000e+00,0.0000,0.0000,0
21,features.8,113,active,-0.076920,1.178355e-07,1.787013e-06,0.2750,0.0080,137
21,features.8,114,pruned_before,nan,0.000000e+00,0.000000e+00,0.0000,0.0000,0
21,features.8,115,active,-0.006493,1.921915e-08,2.230807e-06,0.0449,0.0099,137
21,features.8,116,active,-0.030905,7.542777e-08,7.017674e-06,0.1760,0.0313,137
21,features.8,117,active,-0.014980,2.352251e-08,4.768902e-07,0.0549,0.0021,137
21,features.8,118,active,-0.040026,7.009827e-08,2.899710e-06,0.1636,0.0129,137
21,features.8,119,active,-0.006581,1.077814e-08,3.090436e-07,0.0252,0.0014,137
21,features.8,120,active,-0.012513,1.862513e-08,1.688188e-07,0.0435,0.0008,137
21,features.8,121,active,-0.016010,1.051296e-07,1.845267e-05,0.2453,0.0823,137
21,features.8,122,pruned_before,nan,0.000000e+00,0.000000e+00,0.0000,0.0000,0
21,features.8,123,active,-0.016904,2.491970e-08,1.739163e-07,0.0582,0.0008,137
21,features.8,124,active,-0.016268,2.580097e-08,5.752877e-07,0.0602,0.0026,137
21,features.8,125,pruned_before,nan,0.000000e+00,0.000000e+00,0.0000,0.0000,0
21,features.8,126,active,-0.023082,4.019583e-08,1.621141e-06,0.0938,0.0072,137
21,features.8,127,pruned_before,nan,0.000000e+00,0.000000e+00,0.0000,0.0000,0
21,features.8,128,active,-0.018378,3.043500e-08,9.387065e-07,0.0710,0.0042,137
21,features.8,129,pruned_before,nan,0.000000e+00,0.000000e+00,0.0000,0.0000,0
21,features.8,130,active,-0.032181,4.930033e-08,7.481129e-07,0.1151,0.0033,137
21,features.8,131,active,-0.040722,5.864376e-08,1.071103e-07,0.1369,0.0005,137
21,features.8,132,pruned_before,nan,0.000000e+00,0.000000e+00,0.0000,0.0000,0
21,features.8,133,active,-0.042166,6.400502e-08,8.470956e-07,0.1494,0.0038,137
21,features.8,134,active,-0.008596,2.130554e-08,2.024979e-06,0.0497,0.0090,137
21,features.8,135,active,-0.005122,9.877714e-09,5.746498e-07,0.0231,0.0026,137
21,features.8,136,active,-0.007063,2.019525e-08,2.267252e-06,0.0471,0.0101,137
21,features.8,137,pruned_before,nan,0.000000e+00,0.000000e+00,0.0000,0.0000,0
21,features.8,138,active,-0.044730,6.988326e-08,1.344248e-06,0.1631,0.0060,137
21,features.8,139,pruned_before,nan,0.000000e+00,0.000000e+00,0.0000,0.0000,0
21,features.8,140,active,-0.020787,3.593735e-08,1.401029e-06,0.0839,0.0062,137
21,features.8,141,active,-0.032864,4.847351e-08,3.435123e-07,0.1131,0.0015,137
21,features.8,142,active,-0.031685,4.961067e-08,9.764093e-07,0.1158,0.0044,137
21,features.8,143,active,-0.066180,9.754426e-08,6.762986e-07,0.2276,0.0030,137
21,features.8,144,active,-0.051455,7.422177e-08,1.628000e-07,0.1732,0.0007,137
21,features.8,145,active,-0.009261,1.497414e-08,3.915431e-07,0.0349,0.0017,137
21,features.8,146,active,0.004743,2.853584e-09,2.159924e-06,0.0067,0.0096,137
21,features.8,147,active,-0.114118,1.643132e-07,2.941566e-07,0.3835,0.0013,137
21,features.8,148,active,-0.007817,1.255635e-08,3.120639e-07,0.0293,0.0014,137
21,features.8,149,active,-0.012190,2.224146e-08,1.083313e-06,0.0519,0.0048,137
21,features.8,150,pruned_before,nan,0.000000e+00,0.000000e+00,0.0000,0.0000,0
21,features.8,151,active,-0.022069,3.288362e-08,3.052846e-07,0.0767,0.0014,137
21,features.8,152,active,-0.040676,6.207820e-08,8.924652e-07,0.1449,0.0040,137
21,features.8,153,pruned_before,nan,0.000000e+00,0.000000e+00,0.0000,0.0000,0
21,features.8,154,active,-0.026554,4.409010e-08,1.382080e-06,0.1029,0.0062,137
21,features.8,155,active,-0.081579,1.219742e-07,1.222572e-06,0.2846,0.0055,137
21,features.8,156,active,-0.051439,7.738563e-08,8.777322e-07,0.1806,0.0039,137
21,features.8,157,pruned_before,nan,0.000000e+00,0.000000e+00,0.0000,0.0000,0
21,features.8,158,pruned_before,nan,0.000000e+00,0.000000e+00,0.0000,0.0000,0
21,features.8,159,pruned_before,nan,0.000000e+00,0.000000e+00,0.0000,0.0000,0
21,features.8,160,pruned_before,nan,0.000000e+00,0.000000e+00,0.0000,0.0000,0
21,features.8,161,active,-0.003332,1.054574e-08,1.298003e-06,0.0246,0.0058,137
21,features.8,162,active,-0.052851,8.017313e-08,1.050601e-06,0.1871,0.0047,137
21,features.8,163,active,-0.022860,3.523632e-08,5.797788e-07,0.0822,0.0026,137
21,features.8,164,active,-0.036186,5.584270e-08,9.322200e-07,0.1303,0.0042,137
21,features.8,165,active,-0.007217,2.558826e-08,3.427673e-06,0.0597,0.0153,137
21,features.8,166,active,-0.003227,6.711844e-08,1.402196e-05,0.1566,0.0625,137
21,features.8,167,active,-0.042635,8.294347e-08,4.945230e-06,0.1936,0.0220,137
21,features.8,168,active,-0.042806,7.059668e-08,2.120727e-06,0.1648,0.0095,137
21,features.8,169,active,0.000609,1.178902e-08,2.839490e-06,0.0275,0.0127,137
21,features.8,170,pruned_before,nan,0.000000e+00,0.000000e+00,0.0000,0.0000,0
21,features.8,171,active,-0.132403,1.930556e-07,8.830671e-07,0.4505,0.0039,137
21,features.8,172,active,-0.025832,5.691981e-08,4.491336e-06,0.1328,0.0200,137
21,features.8,173,active,0.000925,4.099395e-09,1.216083e-06,0.0096,0.0054,137
21,features.8,174,active,-0.006228,1.786942e-08,2.012835e-06,0.0417,0.0090,137
21,features.8,175,pruned_before,nan,0.000000e+00,0.000000e+00,0.0000,0.0000,0
21,features.8,176,active,0.004588,3.242814e-08,8.744223e-06,0.0757,0.0390,137
21,features.8,177,active,-0.027280,4.700486e-08,1.803491e-06,0.1097,0.0080,137
21,features.8,178,pruned_before,nan,0.000000e+00,0.000000e+00,0.0000,0.0000,0
21,features.8,179,active,-0.006398,9.993652e-09,1.917692e-07,0.0233,0.0009,137
21,features.8,180,active,-0.018947,2.953808e-08,5.551127e-07,0.0689,0.0025,137
21,features.8,181,pruned_before,nan,0.000000e+00,0.000000e+00,0.0000,0.0000,0
21,features.8,182,active,-0.030612,4.868379e-08,1.112364e-06,0.1136,0.0050,137
21,features.8,183,pruned_before,nan,0.000000e+00,0.000000e+00,0.0000,0.0000,0
21,features.8,184,active,-0.051731,9.469933e-08,4.667872e-06,0.2210,0.0208,137
21,features.8,185,active,-0.016884,2.481469e-08,1.566850e-07,0.0579,0.0007,137
21,features.8,186,active,-0.009886,1.668782e-08,5.757429e-07,0.0389,0.0026,137
21,features.8,187,active,-0.111124,1.816390e-07,5.140057e-06,0.4239,0.0229,137
21,features.8,188,active,-0.020059,3.157727e-08,6.564046e-07,0.0737,0.0029,137
21,features.8,189,protected,0.400001,4.285065e-07,2.242854e-04,1.0000,1.0000,137
21,features.8,190,active,-0.040500,5.958587e-08,3.897379e-07,0.1391,0.0017,137
21,features.8,191,pruned_before,nan,0.000000e+00,0.000000e+00,0.0000,0.0000,0
21,features.8,192,active,0.003093,1.150839e-07,2.680652e-05,0.2686,0.1195,137
21,features.8,193,pruned_before,nan,0.000000e+00,0.000000e+00,0.0000,0.0000,0
21,features.8,194,active,-0.050066,7.642318e-08,1.101573e-06,0.1783,0.0049,137
21,features.8,195,active,-0.024371,4.312071e-08,1.863998e-06,0.1006,0.0083,137
21,features.8,196,active,-0.004676,1.710808e-08,2.339563e-06,0.0399,0.0104,137
21,features.8,197,active,-0.060653,9.486165e-08,1.845424e-06,0.2214,0.0082,137
21,features.8,198,pruned_before,nan,0.000000e+00,0.000000e+00,0.0000,0.0000,0
21,features.8,199,pruned_before,nan,0.000000e+00,0.000000e+00,0.0000,0.0000,0
21,features.8,200,active,0.021088,1.203153e-08,9.455798e-06,0.0281,0.0422,137
21,features.8,201,active,-0.036521,5.485945e-08,6.045458e-07,0.1280,0.0027,137
21,features.8,202,active,-0.006877,1.397971e-08,9.325964e-07,0.0326,0.0042,137
21,features.8,203,active,-0.017793,2.757317e-08,4.842655e-07,0.0643,0.0022,137
21,features.8,204,active,-0.041790,6.301796e-08,7.462431e-07,0.1471,0.0033,137
21,features.8,205,active,-0.050182,7.569184e-08,9.004015e-07,0.1766,0.0040,137
21,features.8,206,active,-0.009331,2.433691e-08,2.469660e-06,0.0568,0.0110,137
21,features.8,207,active,-0.019490,3.274541e-08,1.100598e-06,0.0764,0.0049,137
21,features.8,208,active,-0.016936,2.705764e-08,6.432184e-07,0.0631,0.0029,137
21,features.8,209,active,-0.135245,2.055888e-07,2.783782e-06,0.4798,0.0124,137
21,features.8,210,active,-0.027889,4.259340e-08,6.188107e-07,0.0994,0.0028,137
21,features.8,211,active,-0.004497,7.599328e-09,2.638667e-07,0.0177,0.0012,137
21,features.8,212,active,-0.079149,1.135357e-07,1.083168e-07,0.2650,0.0005,137
21,features.8,213,pruned_before,nan,0.000000e+00,0.000000e+00,0.0000,0.0000,0
21,features.8,214,active,-0.035430,5.315239e-08,5.709532e-07,0.1240,0.0025,137
21,features.8,215,active,-0.078943,1.279693e-07,3.412087e-06,0.2986,0.0152,137
21,features.8,216,active,-0.031735,5.349959e-08,1.832911e-06,0.1249,0.0082,137
21,features.8,217,pruned_before,nan,0.000000e+00,0.000000e+00,0.0000,0.0000,0
21,features.8,218,active,-0.060904,9.240115e-08,1.213229e-06,0.2156,0.0054,137
21,features.8,219,active,0.009295,2.633996e-08,8.886599e-06,0.0615,0.0396,137
21,features.8,220,active,-0.051788,7.727580e-08,7.410319e-07,0.1803,0.0033,137
21,features.8,221,active,-0.073899,1.100822e-07,1.015754e-06,0.2569,0.0045,137
21,features.8,222,active,-0.007215,2.697690e-08,3.739578e-06,0.0630,0.0167,137
21,features.8,223,active,-0.046679,6.901161e-08,5.241692e-07,0.1611,0.0023,137
21,features.8,224,active,-0.001141,2.783769e-09,2.588930e-07,0.0065,0.0012,137
21,features.8,225,active,-0.062630,9.448004e-08,1.126371e-06,0.2205,0.0050,137
21,features.8,226,pruned_before,nan,0.000000e+00,0.000000e+00,0.0000,0.0000,0
21,features.8,227,pruned_before,nan,0.000000e+00,0.000000e+00,0.0000,0.0000,0
21,features.8,228,pruned_now,-0.167945,2.410802e-07,2.679463e-07,0.5626,0.0012,137
21,features.8,229,active,-0.048802,7.284914e-08,7.048998e-07,0.1700,0.0031,137
21,features.8,230,active,-0.133052,1.918365e-07,4.016184e-07,0.4477,0.0018,137
21,features.8,231,pruned_before,nan,0.000000e+00,0.000000e+00,0.0000,0.0000,0
21,features.8,232,active,-0.084852,1.253903e-07,9.402220e-07,0.2926,0.0042,137
21,features.8,233,active,-0.011899,2.396455e-08,1.563012e-06,0.0559,0.0070,137
21,features.8,234,active,-0.045529,7.089665e-08,1.315625e-06,0.1655,0.0059,137
21,features.8,235,active,-0.015404,2.510427e-08,6.958904e-07,0.0586,0.0031,137
21,features.8,236,active,-0.081033,1.173156e-07,3.526665e-07,0.2738,0.0016,137
21,features.8,237,active,-0.007723,2.523649e-08,3.186457e-06,0.0589,0.0142,137
21,features.8,238,active,-0.089167,1.353135e-07,1.783435e-06,0.3158,0.0080,137
21,features.8,239,active,-0.071104,1.027584e-07,2.684652e-07,0.2398,0.0012,137
21,features.8,240,pruned_before,nan,0.000000e+00,0.000000e+00,0.0000,0.0000,0
21,features.8,241,active,-0.003528,5.990696e-09,2.134352e-07,0.0140,0.0010,137
21,features.8,242,active,-0.018759,3.302270e-08,1.397168e-06,0.0771,0.0062,137
21,features.8,243,pruned_before,nan,0.000000e+00,0.000000e+00,0.0000,0.0000,0
21,features.8,244,active,-0.039086,6.674321e-08,2.448175e-06,0.1558,0.0109,137
21,features.8,245,active,-0.113131,1.665948e-07,1.122369e-06,0.3888,0.0050,137
21,features.8,246,active,-0.000234,4.570402e-09,9.501534e-07,0.0107,0.0042,137
21,features.8,247,active,-0.005638,1.016641e-08,4.739100e-07,0.0237,0.0021,137
21,features.8,248,active,-0.049341,8.820389e-08,3.976642e-06,0.2058,0.0177,137
21,features.8,249,active,-0.024783,4.603140e-08,2.384992e-06,0.1074,0.0106,137
21,features.8,250,active,-0.037963,5.813945e-08,8.782052e-07,0.1357,0.0039,137
21,features.8,251,pruned_before,nan,0.000000e+00,0.000000e+00,0.0000,0.0000,0
21,features.8,252,active,-0.044070,6.575374e-08,6.295475e-07,0.1534,0.0028,137
21,features.8,253,pruned_before,nan,0.000000e+00,0.000000e+00,0.0000,0.0000,0
21,features.8,254,active,-0.004152,7.701918e-09,3.974556e-07,0.0180,0.0018,137
21,features.8,255,pruned_before,nan,0.000000e+00,0.000000e+00,0.0000,0.0000,0
21,features.8,256,active,-0.063309,9.241246e-08,4.451112e-07,0.2157,0.0020,137
21,features.8,257,pruned_before,nan,0.000000e+00,0.000000e+00,0.0000,0.0000,0
21,features.8,258,active,-0.007913,1.344671e-08,4.808367e-07,0.0314,0.0021,137
21,features.8,259,pruned_before,nan,0.000000e+00,0.000000e+00,0.0000,0.0000,0
21,features.8,260,pruned_before,nan,0.000000e+00,0.000000e+00,0.0000,0.0000,0
21,features.8,261,active,-0.029935,4.900704e-08,1.401759e-06,0.1144,0.0062,137
21,features.8,262,active,-0.005690,2.351420e-08,3.451670e-06,0.0549,0.0154,137
21,features.8,263,pruned_before,nan,0.000000e+00,0.000000e+00,0.0000,0.0000,0
21,features.8,264,active,-0.003740,6.439441e-09,2.461475e-07,0.0150,0.0011,137
21,features.8,265,active,-0.054644,9.313489e-08,3.383601e-06,0.2173,0.0151,137
21,features.8,266,active,-0.001928,7.207736e-09,9.990652e-07,0.0168,0.0045,137
21,features.8,267,active,-0.027430,4.234958e-08,7.111295e-07,0.0988,0.0032,137
21,features.8,268,active,-0.040021,6.414210e-08,1.565315e-06,0.1497,0.0070,137
21,features.8,269,active,-0.015154,3.521373e-08,3.043662e-06,0.0822,0.0136,137
21,features.8,270,active,-0.072037,1.070131e-07,9.238172e-07,0.2497,0.0041,137
21,features.8,271,active,-0.047480,7.707276e-08,2.075926e-06,0.1799,0.0093,137
21,features.8,272,active,-0.025178,3.774043e-08,3.986804e-07,0.0881,0.0018,137
21,features.8,273,pruned_before,nan,0.000000e+00,0.000000e+00,0.0000,0.0000,0
21,features.8,274,active,-0.055885,1.039355e-07,5.408695e-06,0.2426,0.0241,137
21,features.8,275,active,-0.055189,8.158785e-08,6.188515e-07,0.1904,0.0028,137
21,features.8,276,active,-0.058620,9.031653e-08,1.477362e-06,0.2108,0.0066,137
21,features.8,277,active,-0.015158,3.328828e-08,2.610389e-06,0.0777,0.0116,137
21,features.8,278,active,-0.064620,1.105618e-07,4.096457e-06,0.2580,0.0183,137
21,features.8,279,active,0.003773,1.639374e-09,1.576616e-06,0.0038,0.0070,137
21,features.8,280,active,-0.037310,5.349237e-08,4.501439e-08,0.1248,0.0002,137
21,features.8,281,active,-0.047979,7.355909e-08,1.127976e-06,0.1717,0.0050,137
21,features.8,282,active,-0.010645,4.206366e-08,6.024912e-06,0.0982,0.0269,137
21,features.8,283,pruned_before,nan,0.000000e+00,0.000000e+00,0.0000,0.0000,0
21,features.8,284,active,-0.029710,4.383594e-08,3.138985e-07,0.1023,0.0014,137
21,features.8,285,pruned_before,nan,0.000000e+00,0.000000e+00,0.0000,0.0000,0
21,features.8,286,active,-0.021458,3.407638e-08,7.686090e-07,0.0795,0.0034,137
21,features.8,287,active,-0.013530,4.263376e-08,5.228591e-06,0.0995,0.0233,137
21,features.8,288,pruned_before,nan,0.000000e+00,0.000000e+00,0.0000,0.0000,0
21,features.8,289,active,-0.017782,3.631252e-08,2.448058e-06,0.0847,0.0109,137
21,features.8,290,pruned_before,nan,0.000000e+00,0.000000e+00,0.0000,0.0000,0
21,features.8,291,active,-0.015225,2.555608e-08,8.545172e-07,0.0596,0.0038,137
21,features.8,292,active,-0.046458,6.743520e-08,2.415015e-07,0.1574,0.0011,137
21,features.8,293,active,-0.082058,1.227228e-07,1.237020e-06,0.2864,0.0055,137
21,features.8,294,active,-0.012255,1.967877e-08,4.875851e-07,0.0459,0.0022,137
21,features.8,295,active,-0.032666,5.077838e-08,9.239708e-07,0.1185,0.0041,137
21,features.8,296,pruned_before,nan,0.000000e+00,0.000000e+00,0.0000,0.0000,0
21,features.8,297,active,-0.059697,1.310357e-07,1.026648e-05,0.3058,0.0458,137
21,features.8,298,pruned_before,nan,0.000000e+00,0.000000e+00,0.0000,0.0000,0
21,features.8,299,active,-0.011692,2.218471e-08,1.230125e-06,0.0518,0.0055,137
21,features.8,300,active,-0.042531,6.280484e-08,4.611323e-07,0.1466,0.0021,137
21,features.8,301,pruned_before,nan,0.000000e+00,0.000000e+00,0.0000,0.0000,0
21,features.8,302,pruned_before,nan,0.000000e+00,0.000000e+00,0.0000,0.0000,0
21,features.8,303,active,-0.023005,9.489663e-08,1.391615e-05,0.2215,0.0620,137
21,features.8,304,pruned_before,nan,0.000000e+00,0.000000e+00,0.0000,0.0000,0
21,features.8,305,active,-0.007934,3.306530e-08,4.875183e-06,0.0772,0.0217,137
21,features.8,306,pruned_before,nan,0.000000e+00,0.000000e+00,0.0000,0.0000,0
21,features.8,307,active,-0.025752,5.907816e-08,5.001237e-06,0.1379,0.0223,137
21,features.8,308,active,-0.004512,1.663121e-08,2.285056e-06,0.0388,0.0102,137
21,features.8,309,active,-0.018642,3.030060e-08,8.240860e-07,0.0707,0.0037,137
21,features.8,310,active,-0.047664,7.115057e-08,6.884706e-07,0.1660,0.0031,137
21,features.8,311,pruned_before,nan,0.000000e+00,0.000000e+00,0.0000,0.0000,0
21,features.8,312,active,-0.009838,1.547764e-08,3.196319e-07,0.0361,0.0014,137
21,features.8,313,active,-0.032157,5.420818e-08,1.856664e-06,0.1265,0.0083,137
21,features.8,314,pruned_before,nan,0.000000e+00,0.000000e+00,0.0000,0.0000,0
21,features.8,315,pruned_before,nan,0.000000e+00,0.000000e+00,0.0000,0.0000,0
21,features.8,316,pruned_before,nan,0.000000e+00,0.000000e+00,0.0000,0.0000,0
21,features.8,317,pruned_before,nan,0.000000e+00,0.000000e+00,0.0000,0.0000,0
21,features.8,318,active,-0.004448,1.477065e-08,1.888065e-06,0.0345,0.0084,137
21,features.8,319,active,-0.015482,2.681384e-08,1.054172e-06,0.0626,0.0047,137
21,features.8,320,active,-0.048058,7.424473e-08,1.256349e-06,0.1733,0.0056,137
21,features.8,321,pruned_before,nan,0.000000e+00,0.000000e+00,0.0000,0.0000,0
21,features.8,322,pruned_before,nan,0.000000e+00,0.000000e+00,0.0000,0.0000,0
21,features.8,323,active,-0.010100,1.645756e-08,4.555972e-07,0.0384,0.0020,137
21,features.8,324,active,-0.006459,1.004688e-08,1.842985e-07,0.0234,0.0008,137
21,features.8,325,pruned_before,nan,0.000000e+00,0.000000e+00,0.0000,0.0000,0
21,features.8,326,active,-0.076789,1.105970e-07,2.050639e-07,0.2581,0.0009,137
21,features.8,327,active,-0.008070,6.796689e-08,1.266061e-05,0.1586,0.0564,137
21,features.8,328,active,0.000018,1.110981e-08,2.497833e-06,0.0259,0.0111,137
21,features.8,329,active,-0.029492,4.348238e-08,3.045543e-07,0.1015,0.0014,137
21,features.8,330,active,-0.003574,1.091738e-08,1.303753e-06,0.0255,0.0058,137
21,features.8,331,active,-0.002892,1.248480e-08,1.874082e-06,0.0291,0.0084,137
21,features.8,332,active,-0.005811,1.016837e-08,4.189557e-07,0.0237,0.0019,137
21,features.8,333,active,-0.013354,2.025325e-08,2.645519e-07,0.0473,0.0012,137
21,features.8,334,active,-0.109585,1.578102e-07,2.880636e-07,0.3683,0.0013,137
21,features.8,335,active,-0.028294,7.647065e-08,8.088208e-06,0.1785,0.0361,137
21,features.8,336,active,-0.005564,1.084683e-08,6.503816e-07,0.0253,0.0029,137
21,features.8,337,active,-0.007967,5.290655e-08,9.315396e-06,0.1235,0.0415,137
21,features.8,338,active,-0.049751,7.918710e-08,1.822665e-06,0.1848,0.0081,137
21,features.8,339,active,-0.076421,1.155986e-07,1.445183e-06,0.2698,0.0064,137
21,features.8,340,active,-0.009204,1.805501e-08,1.101022e-06,0.0421,0.0049,137
21,features.8,341,active,-0.073757,1.057096e-07,8.022005e-08,0.2467,0.0004,137
21,features.8,342,active,-0.004328,1.561939e-08,2.116992e-06,0.0365,0.0094,137
21,features.8,343,pruned_before,nan,0.000000e+00,0.000000e+00,0.0000,0.0000,0
21,features.8,344,active,-0.021265,3.126188e-08,1.992589e-07,0.0730,0.0009,137
21,features.8,345,active,-0.028960,4.320701e-08,4.132022e-07,0.1008,0.0018,137
21,features.8,346,active,-0.014388,2.232896e-08,3.988246e-07,0.0521,0.0018,137
21,features.8,347,active,-0.022077,3.282515e-08,2.897765e-07,0.0766,0.0013,137
21,features.8,348,active,-0.020495,2.989620e-08,1.396576e-07,0.0698,0.0006,137
21,features.8,349,active,-0.012778,3.151803e-08,2.976078e-06,0.0736,0.0133,137
21,features.8,350,active,-0.070125,1.020162e-07,4.157264e-07,0.2381,0.0019,137
21,features.8,351,active,-0.041548,6.493197e-08,1.253030e-06,0.1515,0.0056,137
21,features.8,352,active,-0.027771,5.233738e-08,2.842249e-06,0.1221,0.0127,137
21,features.8,353,active,-0.012792,2.074372e-08,5.546988e-07,0.0484,0.0025,137
21,features.8,354,active,-0.022020,4.854648e-08,3.834547e-06,0.1133,0.0171,137
21,features.8,355,active,-0.016647,2.972103e-08,1.333227e-06,0.0694,0.0059,137
21,features.8,356,active,-0.032763,4.795842e-08,2.605542e-07,0.1119,0.0012,137
21,features.8,357,pruned_before,nan,0.000000e+00,0.000000e+00,0.0000,0.0000,0
21,features.8,358,active,-0.015305,2.268703e-08,1.852786e-07,0.0529,0.0008,137
21,features.8,359,active,-0.029626,5.176215e-08,2.118901e-06,0.1208,0.0094,137
21,features.8,360,pruned_before,nan,0.000000e+00,0.000000e+00,0.0000,0.0000,0
21,features.8,361,active,-0.060365,1.068916e-07,4.636300e-06,0.2495,0.0207,137
21,features.8,362,pruned_before,nan,0.000000e+00,0.000000e+00,0.0000,0.0000,0
21,features.8,363,pruned_before,nan,0.000000e+00,0.000000e+00,0.0000,0.0000,0
21,features.8,364,active,-0.059102,8.847548e-08,9.099404e-07,0.2065,0.0041,137
21,features.8,365,active,-0.006714,2.401863e-08,3.236709e-06,0.0561,0.0144,137
21,features.8,366,active,-0.032905,6.638798e-08,4.348999e-06,0.1549,0.0194,137
21,features.8,367,pruned_before,nan,0.000000e+00,0.000000e+00,0.0000,0.0000,0
21,features.8,368,active,-0.029142,4.385248e-08,4.997368e-07,0.1023,0.0022,137
21,features.8,369,active,-0.010553,4.872576e-08,7.548796e-06,0.1137,0.0337,137
21,features.8,370,active,-0.021640,3.354132e-08,5.902940e-07,0.0783,0.0026,137
21,features.8,371,pruned_before,nan,0.000000e+00,0.000000e+00,0.0000,0.0000,0
21,features.8,372,active,-0.003229,1.074249e-08,1.375220e-06,0.0251,0.0061,137
21,features.8,373,pruned_before,nan,0.000000e+00,0.000000e+00,0.0000,0.0000,0
21,features.8,374,active,-0.005880,8.877206e-09,1.074743e-07,0.0207,0.0005,137
21,features.8,375,active,-0.086806,1.644420e-07,9.074213e-06,0.3838,0.0405,137
21,features.8,376,active,-0.015376,2.256220e-08,1.344429e-07,0.0527,0.0006,137
21,features.8,377,pruned_before,nan,0.000000e+00,0.000000e+00,0.0000,0.0000,0
21,features.8,378,pruned_before,nan,0.000000e+00,0.000000e+00,0.0000,0.0000,0
21,features.8,379,active,-0.003950,1.474103e-08,2.041092e-06,0.0344,0.0091,137
21,features.8,380,active,-0.089966,1.336547e-07,1.155384e-06,0.3119,0.0052,137
21,features.8,381,active,-0.059665,8.628766e-08,2.389535e-07,0.2014,0.0011,137
21,features.8,382,active,-0.057527,8.544425e-08,7.348041e-07,0.1994,0.0033,137
21,features.8,383,pruned_before,nan,0.000000e+00,0.000000e+00,0.0000,0.0000,0
21,features.9,0,pruned_before,nan,0.000000e+00,0.000000e+00,0.0000,0.0000,0
21,features.9,1,active,0.030908,3.389900e-08,1.984174e-06,0.0932,0.0841,137
21,features.9,2,active,0.020692,1.019141e-08,9.807073e-07,0.0280,0.0416,137
21,features.9,3,pruned_before,nan,0.000000e+00,0.000000e+00,0.0000,0.0000,0
21,features.9,4,active,0.008023,2.618512e-09,3.431875e-07,0.0072,0.0145,137
21,features.9,5,active,-0.017636,9.551255e-08,2.061331e-06,0.2627,0.0874,137
21,features.9,6,pruned_before,nan,0.000000e+00,0.000000e+00,0.0000,0.0000,0
21,features.9,7,active,-0.003455,1.255931e-08,2.327666e-07,0.0345,0.0099,137
21,features.9,8,pruned_before,nan,0.000000e+00,0.000000e+00,0.0000,0.0000,0
21,features.9,9,active,-0.060969,9.334071e-08,5.405878e-07,0.2567,0.0229,137
21,features.9,10,active,0.278125,1.164712e-07,1.261154e-05,0.3203,0.5346,137
21,features.9,11,active,0.096290,6.235933e-09,3.418466e-06,0.0171,0.1449,137
21,features.9,12,active,-0.002701,3.520719e-08,8.878841e-07,0.0968,0.0376,137
21,features.9,13,active,-0.042110,6.188564e-08,3.015426e-07,0.1702,0.0128,137
21,features.9,14,active,0.176248,3.371124e-08,6.877086e-06,0.0927,0.2915,137
21,features.9,15,active,-0.001740,4.073953e-08,1.074096e-06,0.1120,0.0455,137
21,features.9,16,active,0.006473,2.232878e-08,8.390051e-07,0.0614,0.0356,137
21,features.9,17,pruned_before,nan,0.000000e+00,0.000000e+00,0.0000,0.0000,0
21,features.9,18,active,0.157857,3.169143e-08,6.201110e-06,0.0872,0.2629,137
21,features.9,19,active,-0.077107,1.289545e-07,9.869154e-07,0.3546,0.0418,137
21,features.9,20,active,-0.004002,1.052496e-08,1.577632e-07,0.0289,0.0067,137
21,features.9,21,active,-0.086050,1.309511e-07,7.410640e-07,0.3601,0.0314,137
21,features.9,22,active,-0.041170,6.956037e-08,5.466144e-07,0.1913,0.0232,137
21,features.9,23,active,0.010451,3.775591e-08,1.401998e-06,0.1038,0.0594,137
21,features.9,24,pruned_before,nan,0.000000e+00,0.000000e+00,0.0000,0.0000,0
21,features.9,25,active,-0.027027,5.569687e-08,6.377940e-07,0.1532,0.0270,137
21,features.9,26,active,0.053845,8.491061e-08,4.175542e-06,0.2335,0.1770,137
21,features.9,27,pruned_before,nan,0.000000e+00,0.000000e+00,0.0000,0.0000,0
21,features.9,28,active,-0.022465,1.382608e-07,3.087184e-06,0.3802,0.1309,137
21,features.9,29,pruned_before,nan,0.000000e+00,0.000000e+00,0.0000,0.0000,0
21,features.9,30,active,-0.054036,9.938631e-08,9.423106e-07,0.2733,0.0399,137
21,features.9,31,pruned_before,nan,0.000000e+00,0.000000e+00,0.0000,0.0000,0
21,features.9,32,active,-0.071296,1.508531e-07,1.791645e-06,0.4149,0.0759,137
21,features.9,33,active,-0.011564,2.964271e-08,4.344754e-07,0.0815,0.0184,137
21,features.9,34,active,-0.024820,5.312364e-08,6.405999e-07,0.1461,0.0272,137
21,features.9,35,active,0.040857,7.082626e-09,1.573845e-06,0.0195,0.0667,137
21,features.9,36,active,-0.095291,1.402523e-07,6.882487e-07,0.3857,0.0292,137
21,features.9,37,pruned_before,nan,0.000000e+00,0.000000e+00,0.0000,0.0000,0
21,features.9,38,active,-0.037326,4.915694e-08,1.088614e-07,0.1352,0.0046,137
21,features.9,39,active,0.013467,2.555898e-08,1.164511e-06,0.0703,0.0494,137
21,features.9,40,active,-0.003168,9.754702e-08,2.605490e-06,0.2683,0.1104,137
21,features.9,41,pruned_before,nan,0.000000e+00,0.000000e+00,0.0000,0.0000,0
21,features.9,42,active,0.008812,1.930681e-08,8.337767e-07,0.0531,0.0353,137
21,features.9,43,active,0.011580,1.965378e-08,9.367351e-07,0.0541,0.0397,137
21,features.9,44,active,-0.031413,6.710510e-08,8.071823e-07,0.1845,0.0342,137
21,features.9,45,pruned_now,-0.201727,2.629243e-07,5.120671e-07,0.7231,0.0217,137
21,features.9,46,pruned_before,nan,0.000000e+00,0.000000e+00,0.0000,0.0000,0
21,features.9,47,active,0.038485,4.640019e-09,1.425987e-06,0.0128,0.0604,137
21,features.9,48,active,-0.012753,5.754314e-08,1.170181e-06,0.1582,0.0496,137
21,features.9,49,pruned_before,nan,0.000000e+00,0.000000e+00,0.0000,0.0000,0
21,features.9,50,active,-0.013917,5.036340e-08,9.313163e-07,0.1385,0.0395,137
21,features.9,51,pruned_before,nan,0.000000e+00,0.000000e+00,0.0000,0.0000,0
21,features.9,52,pruned_before,nan,0.000000e+00,0.000000e+00,0.0000,0.0000,0
21,features.9,53,active,-0.031874,4.590415e-08,2.021425e-07,0.1262,0.0086,137
21,features.9,54,pruned_before,nan,0.000000e+00,0.000000e+00,0.0000,0.0000,0
21,features.9,55,pruned_before,nan,0.000000e+00,0.000000e+00,0.0000,0.0000,0
21,features.9,56,active,0.110834,1.036660e-08,4.023465e-06,0.0285,0.1706,137
21,features.9,57,active,-0.007377,2.495668e-08,4.452795e-07,0.0686,0.0189,137
21,features.9,58,active,0.010628,1.564009e-08,7.930553e-07,0.0430,0.0336,137
21,features.9,59,active,-0.068867,9.821122e-08,4.098087e-07,0.2701,0.0174,137
21,features.9,60,active,0.027703,2.626756e-08,1.663965e-06,0.0722,0.0705,137
21,features.9,61,active,0.014971,5.108552e-08,1.924953e-06,0.1405,0.0816,137
21,features.9,62,active,0.017775,1.487918e-08,1.012759e-06,0.0409,0.0429,137
21,features.9,63,active,0.004598,1.432012e-08,5.531324e-07,0.0394,0.0234,137
21,features.9,64,pruned_before,nan,0.000000e+00,0.000000e+00,0.0000,0.0000,0
21,features.9,65,active,-0.026115,4.584244e-08,3.945183e-07,0.1261,0.0167,137
21,features.9,66,pruned_before,nan,0.000000e+00,0.000000e+00,0.0000,0.0000,0
21,features.9,67,active,-0.088415,1.226278e-07,4.299167e-07,0.3372,0.0182,137
21,features.9,68,active,-0.103263,1.347055e-07,2.653590e-07,0.3705,0.0112,137
21,features.9,69,pruned_before,nan,0.000000e+00,0.000000e+00,0.0000,0.0000,0
21,features.9,70,active,-0.044466,8.014634e-08,7.298852e-07,0.2204,0.0309,137
21,features.9,71,pruned_before,nan,0.000000e+00,0.000000e+00,0.0000,0.0000,0
21,features.9,72,active,0.003269,2.639209e-08,8.439956e-07,0.0726,0.0358,137
21,features.9,73,pruned_before,nan,0.000000e+00,0.000000e+00,0.0000,0.0000,0
21,features.9,74,pruned_before,nan,0.000000e+00,0.000000e+00,0.0000,0.0000,0
21,features.9,75,active,-0.030760,4.714197e-08,2.741230e-07,0.1296,0.0116,137
21,features.9,76,active,0.029405,1.632523e-08,1.444901e-06,0.0449,0.0612,137
21,features.9,77,active,-0.076678,1.153399e-07,6.228368e-07,0.3172,0.0264,137
21,features.9,78,active,0.015242,1.770452e-08,1.005947e-06,0.0487,0.0426,137
21,features.9,79,active,-0.023782,1.001081e-07,1.981967e-06,0.2753,0.0840,137
21,features.9,80,pruned_before,nan,0.000000e+00,0.000000e+00,0.0000,0.0000,0
21,features.9,81,pruned_before,nan,0.000000e+00,0.000000e+00,0.0000,0.0000,0
21,features.9,82,active,-0.004046,1.666832e-08,3.270918e-07,0.0458,0.0139,137
21,features.9,83,pruned_before,nan,0.000000e+00,0.000000e+00,0.0000,0.0000,0
21,features.9,84,active,0.029440,1.284279e-08,1.349237e-06,0.0353,0.0572,137
21,features.9,85,active,-0.031164,4.825571e-08,2.914544e-07,0.1327,0.0124,137
21,features.9,86,pruned_before,nan,0.000000e+00,0.000000e+00,0.0000,0.0000,0
21,features.9,87,active,0.083644,1.497289e-08,3.235227e-06,0.0412,0.1371,137
21,features.9,88,active,-0.001012,4.928839e-08,1.336335e-06,0.1355,0.0566,137
21,features.9,89,pruned_before,nan,0.000000e+00,0.000000e+00,0.0000,0.0000,0
21,features.9,90,pruned_before,nan,0.000000e+00,0.000000e+00,0.0000,0.0000,0
21,features.9,91,pruned_before,nan,0.000000e+00,0.000000e+00,0.0000,0.0000,0
21,features.9,92,active,0.000000,0.000000e+00,0.000000e+00,0.0000,0.0000,137
21,features.9,93,active,0.226922,1.487534e-07,1.178355e-05,0.4091,0.4995,137
21,features.9,94,pruned_before,nan,0.000000e+00,0.000000e+00,0.0000,0.0000,0
21,features.9,95,active,0.000703,2.795955e-08,8.010865e-07,0.0769,0.0340,137
21,features.9,96,pruned_before,nan,0.000000e+00,0.000000e+00,0.0000,0.0000,0
21,features.9,97,active,0.028770,3.022682e-08,1.810032e-06,0.0831,0.0767,137
21,features.9,98,pruned_before,nan,0.000000e+00,0.000000e+00,0.0000,0.0000,0
21,features.9,99,active,0.024460,2.463144e-08,1.509196e-06,0.0677,0.0640,137
21,features.9,100,pruned_before,nan,0.000000e+00,0.000000e+00,0.0000,0.0000,0
21,features.9,101,active,0.144314,1.047137e-07,7.775051e-06,0.2880,0.3296,137
21,features.9,102,active,0.004772,1.573592e-08,5.983351e-07,0.0433,0.0254,137
21,features.9,103,pruned_before,nan,0.000000e+00,0.000000e+00,0.0000,0.0000,0
21,features.9,104,pruned_now,-0.187220,2.416805e-07,4.102814e-07,0.6646,0.0174,137
21,features.9,105,active,-0.065901,1.010116e-07,5.876528e-07,0.2778,0.0249,137
21,features.9,106,pruned_before,nan,0.000000e+00,0.000000e+00,0.0000,0.0000,0
21,features.9,107,active,-0.049809,6.516682e-08,1.333229e-07,0.1792,0.0057,137
21,features.9,108,pruned_before,nan,0.000000e+00,0.000000e+00,0.0000,0.0000,0
21,features.9,109,pruned_before,nan,0.000000e+00,0.000000e+00,0.0000,0.0000,0
21,features.9,110,pruned_before,nan,0.000000e+00,0.000000e+00,0.0000,0.0000,0
21,features.9,111,active,0.285553,1.806456e-07,1.464624e-05,0.4968,0.6208,137
21,features.9,112,active,0.052209,5.630956e-08,3.325174e-06,0.1549,0.1410,137
21,features.9,113,active,-0.048806,6.926421e-08,2.810467e-07,0.1905,0.0119,137
21,features.9,114,protected,0.647579,6.922364e-09,2.201662e-05,0.0190,0.9333,137
21,features.9,115,pruned_before,nan,0.000000e+00,0.000000e+00,0.0000,0.0000,0
21,features.9,116,pruned_before,nan,0.000000e+00,0.000000e+00,0.0000,0.0000,0
21,features.9,117,active,-0.029477,4.662300e-08,3.029355e-07,0.1282,0.0128,137
21,features.9,118,active,0.312853,2.306039e-08,1.118467e-05,0.0634,0.4741,137
21,features.9,119,active,0.186984,2.031277e-08,6.866348e-06,0.0559,0.2911,137
21,features.9,120,pruned_before,nan,0.000000e+00,0.000000e+00,0.0000,0.0000,0
21,features.9,121,active,-0.028497,3.970992e-08,1.437450e-07,0.1092,0.0061,137
21,features.9,122,active,0.040222,2.785386e-08,2.129997e-06,0.0766,0.0903,137
21,features.9,123,pruned_before,nan,0.000000e+00,0.000000e+00,0.0000,0.0000,0
21,features.9,124,pruned_before,nan,0.000000e+00,0.000000e+00,0.0000,0.0000,0
21,features.9,125,pruned_before,nan,0.000000e+00,0.000000e+00,0.0000,0.0000,0
21,features.9,126,active,-0.009486,3.573898e-08,6.740187e-07,0.0983,0.0286,137
21,features.9,127,pruned_before,nan,0.000000e+00,0.000000e+00,0.0000,0.0000,0
21,features.9,128,pruned_before,nan,0.000000e+00,0.000000e+00,0.0000,0.0000,0
21,features.9,129,active,0.003696,2.242565e-08,7.480799e-07,0.0617,0.0317,137
21,features.9,130,active,-0.014511,1.061893e-07,2.463496e-06,0.2920,0.1044,137
21,features.9,131,active,0.032172,1.188871e-08,1.414801e-06,0.0327,0.0600,137
21,features.9,132,pruned_before,nan,0.000000e+00,0.000000e+00,0.0000,0.0000,0
21,features.9,133,pruned_before,nan,0.000000e+00,0.000000e+00,0.0000,0.0000,0
21,features.9,134,pruned_before,nan,0.000000e+00,0.000000e+00,0.0000,0.0000,0
21,features.9,135,pruned_before,nan,0.000000e+00,0.000000e+00,0.0000,0.0000,0
21,features.9,136,pruned_before,nan,0.000000e+00,0.000000e+00,0.0000,0.0000,0
21,features.9,137,pruned_before,nan,0.000000e+00,0.000000e+00,0.0000,0.0000,0
21,features.9,138,active,-0.070349,1.011121e-07,4.405340e-07,0.2781,0.0187,137
21,features.9,139,pruned_before,nan,0.000000e+00,0.000000e+00,0.0000,0.0000,0
21,features.9,140,pruned_before,nan,0.000000e+00,0.000000e+00,0.0000,0.0000,0
21,features.9,141,pruned_before,nan,0.000000e+00,0.000000e+00,0.0000,0.0000,0
21,features.9,142,pruned_before,nan,0.000000e+00,0.000000e+00,0.0000,0.0000,0
21,features.9,143,pruned_before,nan,0.000000e+00,0.000000e+00,0.0000,0.0000,0
21,features.9,144,active,-0.012594,3.543645e-08,5.608758e-07,0.0975,0.0238,137
21,features.9,145,pruned_before,nan,0.000000e+00,0.000000e+00,0.0000,0.0000,0
21,features.9,146,pruned_before,nan,0.000000e+00,0.000000e+00,0.0000,0.0000,0
21,features.9,147,pruned_before,nan,0.000000e+00,0.000000e+00,0.0000,0.0000,0
21,features.9,148,active,0.370642,1.189326e-07,1.579793e-05,0.3271,0.6697,137
21,features.9,149,pruned_before,nan,0.000000e+00,0.000000e+00,0.0000,0.0000,0
21,features.9,150,pruned_before,nan,0.000000e+00,0.000000e+00,0.0000,0.0000,0
21,features.9,151,active,0.010634,1.055413e-08,6.518270e-07,0.0290,0.0276,137
21,features.9,152,active,0.001923,3.082509e-08,9.218730e-07,0.0848,0.0391,137
21,features.9,153,pruned_before,nan,0.000000e+00,0.000000e+00,0.0000,0.0000,0
21,features.9,154,pruned_before,nan,0.000000e+00,0.000000e+00,0.0000,0.0000,0
21,features.9,155,pruned_before,nan,0.000000e+00,0.000000e+00,0.0000,0.0000,0
21,features.9,156,pruned_before,nan,0.000000e+00,0.000000e+00,0.0000,0.0000,0
21,features.9,157,pruned_before,nan,0.000000e+00,0.000000e+00,0.0000,0.0000,0
21,features.9,158,active,0.074821,1.962144e-08,3.067114e-06,0.0540,0.1300,137
21,features.9,159,active,-0.007218,3.103241e-08,6.195864e-07,0.0853,0.0263,137
21,features.9,160,active,0.013658,2.956703e-08,1.282393e-06,0.0813,0.0544,137
21,features.9,161,pruned_before,nan,0.000000e+00,0.000000e+00,0.0000,0.0000,0
21,features.9,162,pruned_before,nan,0.000000e+00,0.000000e+00,0.0000,0.0000,0
21,features.9,163,pruned_before,nan,0.000000e+00,0.000000e+00,0.0000,0.0000,0
21,features.9,164,active,0.008809,4.978886e-08,1.681244e-06,0.1369,0.0713,137
21,features.9,165,active,-0.031577,6.319295e-08,6.928748e-07,0.1738,0.0294,137
21,features.9,166,pruned_before,nan,0.000000e+00,0.000000e+00,0.0000,0.0000,0
21,features.9,167,pruned_before,nan,0.000000e+00,0.000000e+00,0.0000,0.0000,0
21,features.9,168,pruned_now,-0.224512,2.849756e-07,3.573217e-07,0.7837,0.0151,137
21,features.9,169,active,0.206866,2.230496e-08,7.591812e-06,0.0613,0.3218,137
21,features.9,170,pruned_before,nan,0.000000e+00,0.000000e+00,0.0000,0.0000,0
21,features.9,171,pruned_before,nan,0.000000e+00,0.000000e+00,0.0000,0.0000,0
21,features.9,172,pruned_before,nan,0.000000e+00,0.000000e+00,0.0000,0.0000,0
21,features.9,173,pruned_before,nan,0.000000e+00,0.000000e+00,0.0000,0.0000,0
21,features.9,174,pruned_before,nan,0.000000e+00,0.000000e+00,0.0000,0.0000,0
21,features.9,175,pruned_before,nan,0.000000e+00,0.000000e+00,0.0000,0.0000,0
21,features.9,176,pruned_before,nan,0.000000e+00,0.000000e+00,0.0000,0.0000,0
21,features.9,177,pruned_before,nan,0.000000e+00,0.000000e+00,0.0000,0.0000,0
21,features.9,178,active,-0.031686,4.294448e-08,1.262129e-07,0.1181,0.0054,137
21,features.9,179,active,0.027048,1.198242e-08,1.244710e-06,0.0330,0.0528,137
21,features.9,180,active,0.143472,9.086566e-09,5.087805e-06,0.0250,0.2157,137
21,features.9,181,pruned_before,nan,0.000000e+00,0.000000e+00,0.0000,0.0000,0
21,features.9,182,active,-0.110213,1.521247e-07,5.154519e-07,0.4184,0.0218,137
21,features.9,183,pruned_before,nan,0.000000e+00,0.000000e+00,0.0000,0.0000,0
21,features.9,184,active,-0.006721,2.114312e-08,3.613783e-07,0.0581,0.0153,137
21,features.9,185,pruned_before,nan,0.000000e+00,0.000000e+00,0.0000,0.0000,0
21,features.9,186,pruned_before,nan,0.000000e+00,0.000000e+00,0.0000,0.0000,0
21,features.9,187,pruned_before,nan,0.000000e+00,0.000000e+00,0.0000,0.0000,0
21,features.9,188,active,-0.011286,2.405366e-08,2.884454e-07,0.0662,0.0122,137
21,features.9,189,active,0.006419,1.685157e-08,6.848812e-07,0.0463,0.0290,137
21,features.9,190,active,-0.023104,5.491107e-08,7.481467e-07,0.1510,0.0317,137
21,features.9,191,pruned_before,nan,0.000000e+00,0.000000e+00,0.0000,0.0000,0
21,features.9,192,pruned_before,nan,0.000000e+00,0.000000e+00,0.0000,0.0000,0
21,features.9,193,pruned_before,nan,0.000000e+00,0.000000e+00,0.0000,0.0000,0
21,features.9,194,pruned_before,nan,0.000000e+00,0.000000e+00,0.0000,0.0000,0
21,features.9,195,active,-0.023886,5.337400e-08,6.790523e-07,0.1468,0.0288,137
21,features.9,196,active,0.000157,5.561699e-08,1.551694e-06,0.1530,0.0658,137
21,features.9,197,active,0.049190,1.783924e-09,1.707349e-06,0.0049,0.0724,137
21,features.9,198,active,-0.014266,2.720862e-08,2.757559e-07,0.0748,0.0117,137
21,features.9,199,pruned_before,nan,0.000000e+00,0.000000e+00,0.0000,0.0000,0
21,features.9,200,active,-0.026139,3.574277e-08,1.129138e-07,0.0983,0.0048,137
21,features.9,201,active,0.129408,9.199966e-08,6.919216e-06,0.2530,0.2933,137
21,features.9,202,active,0.036118,1.440265e-07,5.221816e-06,0.3961,0.2213,137
21,features.9,203,pruned_before,nan,0.000000e+00,0.000000e+00,0.0000,0.0000,0
21,features.9,204,pruned_before,nan,0.000000e+00,0.000000e+00,0.0000,0.0000,0
21,features.9,205,active,-0.019366,9.672654e-08,2.036797e-06,0.2660,0.0863,137
21,features.9,206,pruned_before,nan,0.000000e+00,0.000000e+00,0.0000,0.0000,0
21,features.9,207,active,0.037900,9.916165e-09,1.552972e-06,0.0273,0.0658,137
21,features.9,208,pruned_before,nan,0.000000e+00,0.000000e+00,0.0000,0.0000,0
21,features.9,209,active,-0.040317,6.981207e-08,5.823626e-07,0.1920,0.0247,137
21,features.9,210,active,-0.077023,2.062278e-07,3.138310e-06,0.5671,0.1330,137
21,features.9,211,pruned_before,nan,0.000000e+00,0.000000e+00,0.0000,0.0000,0
21,features.9,212,pruned_before,nan,0.000000e+00,0.000000e+00,0.0000,0.0000,0
21,features.9,213,pruned_before,nan,0.000000e+00,0.000000e+00,0.0000,0.0000,0
21,features.9,214,active,0.001321,5.826377e-09,2.065353e-07,0.0160,0.0088,137
21,features.9,215,pruned_before,nan,0.000000e+00,0.000000e+00,0.0000,0.0000,0
21,features.9,216,active,0.091376,4.030794e-08,4.200232e-06,0.1109,0.1780,137
21,features.9,217,pruned_before,nan,0.000000e+00,0.000000e+00,0.0000,0.0000,0
21,features.9,218,protected,0.665685,4.159258e-08,2.359078e-05,0.1144,1.0000,137
21,features.9,219,active,-0.027173,1.164164e-07,2.321143e-06,0.3202,0.0984,137
21,features.9,220,active,-0.014744,4.621256e-08,7.880404e-07,0.1271,0.0334,137
21,features.9,221,pruned_before,nan,0.000000e+00,0.000000e+00,0.0000,0.0000,0
21,features.9,222,pruned_before,nan,0.000000e+00,0.000000e+00,0.0000,0.0000,0
21,features.9,223,active,-0.017461,2.729558e-08,1.704925e-07,0.0751,0.0072,137
21,features.9,224,pruned_before,nan,0.000000e+00,0.000000e+00,0.0000,0.0000,0
21,features.9,225,active,0.003497,8.108508e-08,2.372400e-06,0.2230,0.1006,137
21,features.9,226,active,-0.005224,2.494918e-08,5.176367e-07,0.0686,0.0219,137
21,features.9,227,pruned_before,nan,0.000000e+00,0.000000e+00,0.0000,0.0000,0
21,features.9,228,pruned_before,nan,0.000000e+00,0.000000e+00,0.0000,0.0000,0
21,features.9,229,active,-0.005234,1.671262e-08,2.882875e-07,0.0460,0.0122,137
21,features.9,230,active,-0.012650,1.964582e-08,1.199163e-07,0.0540,0.0051,137
21,features.9,231,pruned_before,nan,0.000000e+00,0.000000e+00,0.0000,0.0000,0
21,features.9,232,pruned_before,nan,0.000000e+00,0.000000e+00,0.0000,0.0000,0
21,features.9,233,active,-0.070315,1.095182e-07,6.753972e-07,0.3012,0.0286,137
21,features.9,234,pruned_before,nan,0.000000e+00,0.000000e+00,0.0000,0.0000,0
21,features.9,235,pruned_before,nan,0.000000e+00,0.000000e+00,0.0000,0.0000,0
21,features.9,236,active,-0.035432,6.455499e-08,6.008191e-07,0.1775,0.0255,137
21,features.9,237,active,-0.001227,3.536070e-08,9.418501e-07,0.0972,0.0399,137
21,features.9,238,active,0.008101,1.639043e-08,7.287290e-07,0.0451,0.0309,137
21,features.9,239,pruned_before,nan,0.000000e+00,0.000000e+00,0.0000,0.0000,0
21,features.9,240,pruned_before,nan,0.000000e+00,0.000000e+00,0.0000,0.0000,0
21,features.9,241,active,-0.045741,7.958452e-08,6.712947e-07,0.2189,0.0285,137
21,features.9,242,pruned_before,nan,0.000000e+00,0.000000e+00,0.0000,0.0000,0
21,features.9,243,active,0.053295,1.508103e-07,5.989315e-06,0.4147,0.2539,137
21,features.9,244,active,-0.000729,4.420556e-08,1.204563e-06,0.1216,0.0511,137
21,features.9,245,pruned_before,nan,0.000000e+00,0.000000e+00,0.0000,0.0000,0
21,features.9,246,active,0.046643,3.250894e-08,2.475834e-06,0.0894,0.1049,137
21,features.9,247,active,-0.089383,1.271661e-07,5.234896e-07,0.3497,0.0222,137
21,features.9,248,active,-0.004523,2.907445e-08,6.559782e-07,0.0800,0.0278,137
21,features.9,249,active,-0.062525,1.054275e-07,8.242055e-07,0.2899,0.0349,137
21,features.9,250,pruned_before,nan,0.000000e+00,0.000000e+00,0.0000,0.0000,0
21,features.9,251,pruned_now,-0.208155,2.662993e-07,3.892884e-07,0.7324,0.0165,137
21,features.9,252,active,0.026827,6.751853e-08,2.781432e-06,0.1857,0.1179,137
21,features.9,253,pruned_before,nan,0.000000e+00,0.000000e+00,0.0000,0.0000,0
21,features.9,254,pruned_before,nan,0.000000e+00,0.000000e+00,0.0000,0.0000,0
21,features.9,255,active,-0.041774,7.597490e-08,7.046122e-07,0.2089,0.0299,137
21,features.9,256,pruned_before,nan,0.000000e+00,0.000000e+00,0.0000,0.0000,0
21,features.9,257,pruned_before,nan,0.000000e+00,0.000000e+00,0.0000,0.0000,0
21,features.9,258,active,-0.016760,6.496373e-08,1.241462e-06,0.1787,0.0526,137
21,features.9,259,pruned_before,nan,0.000000e+00,0.000000e+00,0.0000,0.0000,0
21,features.9,260,active,-0.012315,3.611936e-08,5.892391e-07,0.0993,0.0250,137
21,features.9,261,active,0.044598,1.844862e-08,2.015974e-06,0.0507,0.0855,137
21,features.9,262,active,-0.007071,4.871725e-08,1.116272e-06,0.1340,0.0473,137
21,features.9,263,pruned_before,nan,0.000000e+00,0.000000e+00,0.0000,0.0000,0
21,features.9,264,active,0.017193,2.824406e-08,1.364740e-06,0.0777,0.0579,137
21,features.9,265,pruned_before,nan,0.000000e+00,0.000000e+00,0.0000,0.0000,0
21,features.9,266,active,0.000000,0.000000e+00,0.000000e+00,0.0000,0.0000,137
21,features.9,267,pruned_before,nan,0.000000e+00,0.000000e+00,0.0000,0.0000,0
21,features.9,268,pruned_before,nan,0.000000e+00,0.000000e+00,0.0000,0.0000,0
21,features.9,269,active,-0.005855,3.514489e-08,7.798626e-07,0.0967,0.0331,137
21,features.9,270,pruned_before,nan,0.000000e+00,0.000000e+00,0.0000,0.0000,0
21,features.9,271,pruned_before,nan,0.000000e+00,0.000000e+00,0.0000,0.0000,0
21,features.9,272,pruned_before,nan,0.000000e+00,0.000000e+00,0.0000,0.0000,0
21,features.9,273,active,0.233472,3.500246e-07,1.760053e-05,0.9626,0.7461,137
21,features.9,274,pruned_before,nan,0.000000e+00,0.000000e+00,0.0000,0.0000,0
21,features.9,275,pruned_before,nan,0.000000e+00,0.000000e+00,0.0000,0.0000,0
21,features.9,276,pruned_before,nan,0.000000e+00,0.000000e+00,0.0000,0.0000,0
21,features.9,277,active,-0.018157,5.492200e-08,9.151759e-07,0.1510,0.0388,137
21,features.9,278,pruned_before,nan,0.000000e+00,0.000000e+00,0.0000,0.0000,0
21,features.9,279,active,-0.005712,4.508828e-08,1.061165e-06,0.1240,0.0450,137
21,features.9,280,active,-0.028908,4.575114e-08,2.978719e-07,0.1258,0.0126,137
21,features.9,281,active,0.017463,3.845115e-08,1.657632e-06,0.1057,0.0703,137
21,features.9,282,active,-0.018576,4.754639e-08,6.959881e-07,0.1308,0.0295,137
21,features.9,283,active,0.009695,6.573963e-09,5.095179e-07,0.0181,0.0216,137
21,features.9,284,active,-0.013162,2.662130e-08,2.966151e-07,0.0732,0.0126,137
21,features.9,285,pruned_before,nan,0.000000e+00,0.000000e+00,0.0000,0.0000,0
21,features.9,286,active,0.079574,1.176634e-08,3.008905e-06,0.0324,0.1275,137
21,features.9,287,pruned_before,nan,0.000000e+00,0.000000e+00,0.0000,0.0000,0
21,features.9,288,active,0.244013,8.619777e-08,1.062019e-05,0.2371,0.4502,137
21,features.9,289,pruned_before,nan,0.000000e+00,0.000000e+00,0.0000,0.0000,0
21,features.9,290,active,0.010786,3.892236e-08,1.445720e-06,0.1070,0.0613,137
21,features.9,291,pruned_before,nan,0.000000e+00,0.000000e+00,0.0000,0.0000,0
21,features.9,292,pruned_before,nan,0.000000e+00,0.000000e+00,0.0000,0.0000,0
21,features.9,293,active,-0.072284,9.302924e-08,1.505899e-07,0.2558,0.0064,137
21,features.9,294,pruned_before,nan,0.000000e+00,0.000000e+00,0.0000,0.0000,0
21,features.9,295,active,0.029064,6.506853e-08,2.788678e-06,0.1789,0.1182,137
21,features.9,296,active,0.163647,6.386323e-09,5.692670e-06,0.0176,0.2413,137
21,features.9,297,pruned_before,nan,0.000000e+00,0.000000e+00,0.0000,0.0000,0
21,features.9,298,active,0.000372,5.412246e-09,1.630188e-07,0.0149,0.0069,137
21,features.9,299,active,-0.012767,2.422122e-08,2.431914e-07,0.0666,0.0103,137
21,features.9,300,pruned_before,nan,0.000000e+00,0.000000e+00,0.0000,0.0000,0
21,features.9,301,pruned_before,nan,0.000000e+00,0.000000e+00,0.0000,0.0000,0
21,features.9,302,active,0.000482,1.024694e-08,3.011500e-07,0.0282,0.0128,137
21,features.9,303,active,0.029462,5.451079e-08,2.508566e-06,0.1499,0.1063,137
21,features.9,304,active,-0.056021,7.385220e-08,1.654705e-07,0.2031,0.0070,137
21,features.9,305,pruned_before,nan,0.000000e+00,0.000000e+00,0.0000,0.0000,0
21,features.9,306,pruned_before,nan,0.000000e+00,0.000000e+00,0.0000,0.0000,0
21,features.9,307,pruned_before,nan,0.000000e+00,0.000000e+00,0.0000,0.0000,0
21,features.9,308,active,0.032406,1.307918e-08,1.455773e-06,0.0360,0.0617,137
21,features.9,309,active,-0.046923,9.022040e-08,9.271713e-07,0.2481,0.0393,137
21,features.9,310,pruned_before,nan,0.000000e+00,0.000000e+00,0.0000,0.0000,0
21,features.9,311,active,0.033836,5.094900e-08,2.556916e-06,0.1401,0.1084,137
21,features.9,312,active,0.013960,4.598124e-08,1.748943e-06,0.1265,0.0741,137
21,features.9,313,pruned_before,nan,0.000000e+00,0.000000e+00,0.0000,0.0000,0
21,features.9,314,active,0.007002,2.936088e-09,3.176171e-07,0.0081,0.0135,137
21,features.9,315,active,0.097305,7.062135e-08,5.242875e-06,0.1942,0.2222,137
21,features.9,316,active,0.000000,0.000000e+00,0.000000e+00,0.0000,0.0000,137
21,features.9,317,active,-0.030979,9.174316e-08,1.506848e-06,0.2523,0.0639,137
21,features.9,318,active,-0.013737,2.210735e-08,1.517301e-07,0.0608,0.0064,137
21,features.9,319,active,-0.095828,1.355340e-07,5.389348e-07,0.3727,0.0228,137
21,features.9,320,active,0.008478,1.427153e-08,6.825296e-07,0.0392,0.0289,137
21,features.9,321,pruned_before,nan,0.000000e+00,0.000000e+00,0.0000,0.0000,0
21,features.9,322,active,-0.016627,4.210181e-08,6.102704e-07,0.1158,0.0259,137
21,features.9,323,active,-0.036338,5.728142e-08,3.680684e-07,0.1575,0.0156,137
21,features.9,324,active,-0.068330,9.696699e-08,3.933089e-07,0.2667,0.0167,137
21,features.9,325,pruned_before,nan,0.000000e+00,0.000000e+00,0.0000,0.0000,0
21,features.9,326,pruned_before,nan,0.000000e+00,0.000000e+00,0.0000,0.0000,0
21,features.9,327,active,0.153978,5.909025e-08,6.832202e-06,0.1625,0.2896,137
21,features.9,328,pruned_before,nan,0.000000e+00,0.000000e+00,0.0000,0.0000,0
21,features.9,329,active,-0.100436,1.335145e-07,3.275048e-07,0.3672,0.0139,137
21,features.9,330,pruned_before,nan,0.000000e+00,0.000000e+00,0.0000,0.0000,0
21,features.9,331,active,0.003761,1.643240e-08,5.836616e-07,0.0452,0.0247,137
21,features.9,332,pruned_before,nan,0.000000e+00,0.000000e+00,0.0000,0.0000,0
21,features.9,333,active,-0.024915,4.881349e-08,5.175584e-07,0.1342,0.0219,137
21,features.9,334,pruned_before,nan,0.000000e+00,0.000000e+00,0.0000,0.0000,0
21,features.9,335,pruned_before,nan,0.000000e+00,0.000000e+00,0.0000,0.0000,0
21,features.9,336,active,0.054900,1.424415e-07,5.810715e-06,0.3917,0.2463,137
21,features.9,337,pruned_before,nan,0.000000e+00,0.000000e+00,0.0000,0.0000,0
21,features.9,338,active,-0.077818,3.636208e-07,7.487772e-06,1.0000,0.3174,137
21,features.9,339,pruned_before,nan,0.000000e+00,0.000000e+00,0.0000,0.0000,0
21,features.9,340,pruned_before,nan,0.000000e+00,0.000000e+00,0.0000,0.0000,0
21,features.9,341,active,-0.059877,8.119010e-08,2.395198e-07,0.2233,0.0102,137
21,features.9,342,active,0.001254,2.357616e-08,6.977752e-07,0.0648,0.0296,137
21,features.9,343,active,0.001818,2.236115e-08,6.830003e-07,0.0615,0.0290,137
21,features.9,344,active,0.350887,3.415637e-08,1.277500e-05,0.0939,0.5415,137
21,features.9,345,pruned_before,nan,0.000000e+00,0.000000e+00,0.0000,0.0000,0
21,features.9,346,pruned_before,nan,0.000000e+00,0.000000e+00,0.0000,0.0000,0
21,features.9,347,active,-0.011452,2.640455e-08,3.482304e-07,0.0726,0.0148,137
21,features.9,348,active,-0.002631,2.149792e-08,5.090624e-07,0.0591,0.0216,137
21,features.9,349,pruned_before,nan,0.000000e+00,0.000000e+00,0.0000,0.0000,0
21,features.9,350,pruned_before,nan,0.000000e+00,0.000000e+00,0.0000,0.0000,0
21,features.9,351,active,-0.006736,1.916084e-08,3.057464e-07,0.0527,0.0130,137
21,features.9,352,active,0.003744,3.066257e-09,2.114297e-07,0.0084,0.0090,137
21,features.9,353,active,0.165540,5.804345e-08,7.192740e-06,0.1596,0.3049,137
21,features.9,354,pruned_before,nan,0.000000e+00,0.000000e+00,0.0000,0.0000,0
21,features.9,355,pruned_before,nan,0.000000e+00,0.000000e+00,0.0000,0.0000,0
21,features.9,356,active,0.013505,1.109398e-08,7.635821e-07,0.0305,0.0324,137
21,features.9,357,pruned_before,nan,0.000000e+00,0.000000e+00,0.0000,0.0000,0
21,features.9,358,pruned_before,nan,0.000000e+00,0.000000e+00,0.0000,0.0000,0
21,features.9,359,active,-0.105620,1.445360e-07,4.592513e-07,0.3975,0.0195,137
21,features.9,360,pruned_before,nan,0.000000e+00,0.000000e+00,0.0000,0.0000,0
21,features.9,361,pruned_before,nan,0.000000e+00,0.000000e+00,0.0000,0.0000,0
21,features.9,362,pruned_before,nan,0.000000e+00,0.000000e+00,0.0000,0.0000,0
21,features.9,363,active,-0.036319,6.260162e-08,5.166121e-07,0.1722,0.0219,137
21,features.9,364,pruned_before,nan,0.000000e+00,0.000000e+00,0.0000,0.0000,0
21,features.9,365,active,0.070874,8.780861e-08,4.829998e-06,0.2415,0.2047,137
21,features.9,366,pruned_before,nan,0.000000e+00,0.000000e+00,0.0000,0.0000,0
21,features.9,367,pruned_before,nan,0.000000e+00,0.000000e+00,0.0000,0.0000,0
21,features.9,368,active,-0.099501,1.332478e-07,3.516009e-07,0.3664,0.0149,137
21,features.9,369,active,0.145966,5.442689e-08,6.432520e-06,0.1497,0.2727,137
21,features.9,370,active,0.012440,1.022049e-08,7.034068e-07,0.0281,0.0298,137
21,features.9,371,pruned_before,nan,0.000000e+00,0.000000e+00,0.0000,0.0000,0
21,features.9,372,pruned_before,nan,0.000000e+00,0.000000e+00,0.0000,0.0000,0
21,features.9,373,pruned_before,nan,0.000000e+00,0.000000e+00,0.0000,0.0000,0
21,features.9,374,pruned_before,nan,0.000000e+00,0.000000e+00,0.0000,0.0000,0
21,features.9,375,active,-0.030176,4.968943e-08,3.646424e-07,0.1367,0.0155,137
21,features.9,376,active,0.021080,1.925095e-08,1.245694e-06,0.0529,0.0528,137
21,features.9,377,active,0.010500,1.944783e-08,8.945937e-07,0.0535,0.0379,137
21,features.9,378,active,0.135665,3.240807e-08,5.473151e-06,0.0891,0.2320,137
21,features.9,379,pruned_before,nan,0.000000e+00,0.000000e+00,0.0000,0.0000,0
21,features.9,380,active,-0.086971,1.120861e-07,1.854781e-07,0.3082,0.0079,137
21,features.9,381,pruned_before,nan,0.000000e+00,0.000000e+00,0.0000,0.0000,0
21,features.9,382,pruned_before,nan,0.000000e+00,0.000000e+00,0.0000,0.0000,0
21,features.9,383,pruned_before,nan,0.000000e+00,0.000000e+00,0.0000,0.0000,0
21,features.10,0,active,0.000000,0.000000e+00,0.000000e+00,0.0000,0.0000,137
21,features.10,1,active,-0.060540,1.008519e-07,3.706662e-07,0.2590,0.0245,137
21,features.10,2,active,-0.011019,2.849358e-08,2.361622e-07,0.0732,0.0156,137
21,features.10,3,pruned_before,nan,0.000000e+00,0.000000e+00,0.0000,0.0000,0
21,features.10,4,active,0.045908,1.090704e-08,1.173181e-06,0.0280,0.0776,137
21,features.10,5,active,0.035622,1.656984e-08,1.045223e-06,0.0426,0.0691,137
21,features.10,6,active,-0.029030,4.617850e-08,1.414329e-07,0.1186,0.0094,137
21,features.10,7,pruned_before,nan,0.000000e+00,0.000000e+00,0.0000,0.0000,0
21,features.10,8,active,0.040280,9.135574e-09,1.022117e-06,0.0235,0.0676,137
21,features.10,9,active,-0.024332,5.533004e-08,3.952205e-07,0.1421,0.0261,137
21,features.10,10,pruned_before,nan,0.000000e+00,0.000000e+00,0.0000,0.0000,0
21,features.10,11,active,0.006661,3.100908e-08,6.599438e-07,0.0796,0.0436,137
21,features.10,12,active,-0.014617,4.108244e-08,3.679633e-07,0.1055,0.0243,137
21,features.10,13,pruned_before,nan,0.000000e+00,0.000000e+00,0.0000,0.0000,0
21,features.10,14,pruned_before,nan,0.000000e+00,0.000000e+00,0.0000,0.0000,0
21,features.10,15,active,-0.062421,2.183338e-07,2.285176e-06,0.5607,0.1511,137
21,features.10,16,active,-0.034630,5.578785e-08,1.803752e-07,0.1433,0.0119,137
21,features.10,17,active,-0.071460,1.469811e-07,9.024570e-07,0.3775,0.0597,137
21,features.10,18,active,0.004481,2.992170e-09,1.465805e-07,0.0077,0.0097,137
21,features.10,19,active,0.002267,1.922731e-08,3.689554e-07,0.0494,0.0244,137
21,features.10,20,active,-0.029808,9.966098e-08,1.014672e-06,0.2559,0.0671,137
21,features.10,21,active,-0.091513,1.319833e-07,2.196964e-07,0.3389,0.0145,137
21,features.10,22,active,-0.008040,1.611032e-08,9.444421e-08,0.0414,0.0062,137
21,features.10,23,active,0.003494,3.157093e-08,6.008708e-07,0.0811,0.0397,137
21,features.10,24,active,0.035692,1.975084e-08,1.099670e-06,0.0507,0.0727,137
21,features.10,25,pruned_before,nan,0.000000e+00,0.000000e+00,0.0000,0.0000,0
21,features.10,26,active,-0.035660,6.293261e-08,2.770394e-07,0.1616,0.0183,137
21,features.10,27,active,-0.102076,1.582223e-07,4.282004e-07,0.4063,0.0283,137
21,features.10,28,active,-0.027912,6.297597e-08,4.451203e-07,0.1617,0.0294,137
21,features.10,29,pruned_before,nan,0.000000e+00,0.000000e+00,0.0000,0.0000,0
21,features.10,30,pruned_before,nan,0.000000e+00,0.000000e+00,0.0000,0.0000,0
21,features.10,31,active,-0.006867,4.761867e-08,6.441411e-07,0.1223,0.0426,137
21,features.10,32,active,-0.057373,8.065290e-08,1.029252e-07,0.2071,0.0068,137
21,features.10,33,pruned_before,nan,0.000000e+00,0.000000e+00,0.0000,0.0000,0
21,features.10,34,active,-0.025397,5.455212e-08,3.592538e-07,0.1401,0.0238,137
21,features.10,35,pruned_before,nan,0.000000e+00,0.000000e+00,0.0000,0.0000,0
21,features.10,36,pruned_before,nan,0.000000e+00,0.000000e+00,0.0000,0.0000,0
21,features.10,37,pruned_before,nan,0.000000e+00,0.000000e+00,0.0000,0.0000,0
21,features.10,38,active,0.010049,4.387439e-08,9.472199e-07,0.1127,0.0626,137
21,features.10,39,pruned_before,nan,0.000000e+00,0.000000e+00,0.0000,0.0000,0
21,features.10,40,pruned_before,nan,0.000000e+00,0.000000e+00,0.0000,0.0000,0
21,features.10,41,active,0.031265,8.404269e-09,8.152130e-07,0.0216,0.0539,137
21,features.10,42,active,0.007340,2.267079e-08,5.358443e-07,0.0582,0.0354,137
21,features.10,43,active,-0.026825,8.922975e-08,9.055280e-07,0.2292,0.0599,137
21,features.10,44,pruned_before,nan,0.000000e+00,0.000000e+00,0.0000,0.0000,0
21,features.10,45,pruned_before,nan,0.000000e+00,0.000000e+00,0.0000,0.0000,0
21,features.10,46,active,-0.078967,1.776766e-07,1.251134e-06,0.4563,0.0827,137
21,features.10,47,active,-0.062558,1.178481e-07,6.099100e-07,0.3026,0.0403,137
21,features.10,48,active,-0.015538,4.312799e-08,3.821084e-07,0.1108,0.0253,137
21,features.10,49,active,0.010395,5.866169e-09,3.221575e-07,0.0151,0.0213,137
21,features.10,50,active,-0.021862,4.314294e-08,2.457382e-07,0.1108,0.0163,137
21,features.10,51,pruned_before,nan,0.000000e+00,0.000000e+00,0.0000,0.0000,0
21,features.10,52,pruned_before,nan,0.000000e+00,0.000000e+00,0.0000,0.0000,0
21,features.10,53,pruned_before,nan,0.000000e+00,0.000000e+00,0.0000,0.0000,0
21,features.10,54,pruned_before,nan,0.000000e+00,0.000000e+00,0.0000,0.0000,0
21,features.10,55,pruned_before,nan,0.000000e+00,0.000000e+00,0.0000,0.0000,0
21,features.10,56,active,-0.037597,7.523866e-08,4.399924e-07,0.1932,0.0291,137
21,features.10,57,pruned_before,nan,0.000000e+00,0.000000e+00,0.0000,0.0000,0
21,features.10,58,active,-0.027286,4.068088e-08,8.761134e-08,0.1045,0.0058,137
21,features.10,59,pruned_before,nan,0.000000e+00,0.000000e+00,0.0000,0.0000,0
21,features.10,60,active,0.023578,5.979995e-08,1.504501e-06,0.1536,0.0995,137
21,features.10,61,pruned_before,nan,0.000000e+00,0.000000e+00,0.0000,0.0000,0
21,features.10,62,active,0.258520,1.131779e-07,7.467827e-06,0.2907,0.4939,137
21,features.10,63,active,0.023755,8.320460e-08,1.897822e-06,0.2137,0.1255,137
21,features.10,64,active,-0.076891,1.159914e-07,2.694118e-07,0.2979,0.0178,137
21,features.10,65,active,0.009408,2.281439e-08,5.829087e-07,0.0586,0.0386,137
21,features.10,66,active,0.024157,1.400672e-08,7.549233e-07,0.0360,0.0499,137
21,features.10,67,pruned_before,nan,0.000000e+00,0.000000e+00,0.0000,0.0000,0
21,features.10,68,active,-0.063746,1.083905e-07,4.268680e-07,0.2784,0.0282,137
21,features.10,69,pruned_before,nan,0.000000e+00,0.000000e+00,0.0000,0.0000,0
21,features.10,70,pruned_before,nan,0.000000e+00,0.000000e+00,0.0000,0.0000,0
21,features.10,71,active,-0.060466,9.152885e-08,2.171038e-07,0.2351,0.0144,137
21,features.10,72,pruned_before,nan,0.000000e+00,0.000000e+00,0.0000,0.0000,0
21,features.10,73,pruned_before,nan,0.000000e+00,0.000000e+00,0.0000,0.0000,0
21,features.10,74,active,-0.044169,8.193748e-08,4.095136e-07,0.2104,0.0271,137
21,features.10,75,active,-0.016240,3.782382e-08,2.786686e-07,0.0971,0.0184,137
21,features.10,76,active,-0.036511,7.013826e-08,3.785723e-07,0.1801,0.0250,137
21,features.10,77,active,-0.006304,3.014606e-08,3.655293e-07,0.0774,0.0242,137
21,features.10,78,active,-0.066415,9.786414e-08,1.940396e-07,0.2513,0.0128,137
21,features.10,79,active,-0.015741,3.156634e-08,1.853159e-07,0.0811,0.0123,137
21,features.10,80,pruned_before,nan,0.000000e+00,0.000000e+00,0.0000,0.0000,0
21,features.10,81,active,-0.007878,2.639981e-08,2.691792e-07,0.0678,0.0178,137
21,features.10,82,active,-0.047806,6.761863e-08,9.264748e-08,0.1737,0.0061,137
21,features.10,83,active,-0.000663,7.035545e-08,1.156547e-06,0.1807,0.0765,137
21,features.10,84,pruned_before,nan,0.000000e+00,0.000000e+00,0.0000,0.0000,0
21,features.10,85,active,-0.040909,6.833289e-08,2.535182e-07,0.1755,0.0168,137
21,features.10,86,active,-0.028704,6.117979e-08,3.981170e-07,0.1571,0.0263,137
21,features.10,87,active,0.422403,9.913688e-08,1.077419e-05,0.2546,0.7125,137
21,features.10,88,active,-0.022212,4.795404e-08,3.182610e-07,0.1232,0.0210,137
21,features.10,89,pruned_before,nan,0.000000e+00,0.000000e+00,0.0000,0.0000,0
21,features.10,90,active,0.009414,3.020229e-09,2.536160e-07,0.0078,0.0168,137
21,features.10,91,active,0.075742,3.175894e-09,1.688962e-06,0.0082,0.1117,137
21,features.10,92,active,0.004226,1.077565e-08,2.706178e-07,0.0277,0.0179,137
21,features.10,93,active,0.144517,2.940860e-07,8.015932e-06,0.7552,0.5301,137
21,features.10,94,pruned_before,nan,0.000000e+00,0.000000e+00,0.0000,0.0000,0
21,features.10,95,active,0.003660,2.025682e-08,4.161788e-07,0.0520,0.0275,137
21,features.10,96,pruned_before,nan,0.000000e+00,0.000000e+00,0.0000,0.0000,0
21,features.10,97,active,-0.026963,4.656092e-08,1.924513e-07,0.1196,0.0127,137
21,features.10,98,active,-0.002997,3.369190e-08,4.959672e-07,0.0865,0.0328,137
21,features.10,99,pruned_before,nan,0.000000e+00,0.000000e+00,0.0000,0.0000,0
21,features.10,100,active,0.016122,2.245679e-08,7.219892e-07,0.0577,0.0477,137
21,features.10,101,active,0.092351,1.102225e-08,2.178314e-06,0.0283,0.1441,137
21,features.10,102,active,-0.017423,3.914903e-08,2.751656e-07,0.1005,0.0182,137
21,features.10,103,pruned_before,nan,0.000000e+00,0.000000e+00,0.0000,0.0000,0
21,features.10,104,pruned_before,nan,0.000000e+00,0.000000e+00,0.0000,0.0000,0
21,features.10,105,active,-0.042173,6.415282e-08,1.566558e-07,0.1648,0.0104,137
21,features.10,106,pruned_before,nan,0.000000e+00,0.000000e+00,0.0000,0.0000,0
21,features.10,107,active,0.001046,1.457990e-08,2.652262e-07,0.0374,0.0175,137
21,features.10,108,active,0.001541,2.138465e-08,3.891653e-07,0.0549,0.0257,137
21,features.10,109,active,0.026655,1.282961e-09,5.971307e-07,0.0033,0.0395,137
21,features.10,110,active,0.003307,5.078829e-08,9.166564e-07,0.1304,0.0606,137
21,features.10,111,active,-0.013750,3.611906e-08,3.040880e-07,0.0928,0.0201,137
21,features.10,112,active,-0.030227,8.498295e-08,7.613494e-07,0.2182,0.0504,137
21,features.10,113,active,0.077404,7.191583e-08,2.868836e-06,0.1847,0.1897,137
21,features.10,114,active,-0.108275,1.556325e-07,2.511885e-07,0.3997,0.0166,137
21,features.10,115,active,0.003608,2.176637e-08,4.401851e-07,0.0559,0.0291,137
21,features.10,116,active,-0.015916,5.644069e-08,5.954956e-07,0.1449,0.0394,137
21,features.10,117,active,-0.025077,6.394118e-08,5.224277e-07,0.1642,0.0346,137
21,features.10,118,pruned_before,nan,0.000000e+00,0.000000e+00,0.0000,0.0000,0
21,features.10,119,active,-0.040632,1.021952e-07,8.230542e-07,0.2624,0.0544,137
21,features.10,120,active,-0.027571,3.919709e-08,5.676793e-08,0.1007,0.0038,137
21,features.10,121,pruned_before,nan,0.000000e+00,0.000000e+00,0.0000,0.0000,0
21,features.10,122,pruned_before,nan,0.000000e+00,0.000000e+00,0.0000,0.0000,0
21,features.10,123,active,-0.001589,3.734099e-08,5.871156e-07,0.0959,0.0388,137
21,features.10,124,pruned_before,nan,0.000000e+00,0.000000e+00,0.0000,0.0000,0
21,features.10,125,active,0.174268,5.902259e-08,4.746634e-06,0.1516,0.3139,137
21,features.10,126,pruned_before,nan,0.000000e+00,0.000000e+00,0.0000,0.0000,0
21,features.10,127,active,0.009909,1.438785e-08,4.534791e-07,0.0369,0.0300,137
21,features.10,128,active,-0.055381,9.543650e-08,3.919779e-07,0.2451,0.0259,137
21,features.10,129,active,-0.036516,9.016720e-08,7.117890e-07,0.2316,0.0471,137
21,features.10,130,active,0.011519,1.958960e-08,5.748262e-07,0.0503,0.0380,137
21,features.10,131,pruned_before,nan,0.000000e+00,0.000000e+00,0.0000,0.0000,0
21,features.10,132,active,-0.041505,5.767487e-08,6.328872e-08,0.1481,0.0042,137
21,features.10,133,pruned_before,nan,0.000000e+00,0.000000e+00,0.0000,0.0000,0
21,features.10,134,pruned_before,nan,0.000000e+00,0.000000e+00,0.0000,0.0000,0
21,features.10,135,pruned_before,nan,0.000000e+00,0.000000e+00,0.0000,0.0000,0
21,features.10,136,active,-0.112786,1.495703e-07,5.286596e-08,0.3841,0.0035,137
21,features.10,137,active,0.018657,1.776894e-08,6.987335e-07,0.0456,0.0462,137
21,features.10,138,active,0.014866,1.218769e-08,5.239522e-07,0.0313,0.0347,137
21,features.10,139,active,0.063677,2.564821e-08,1.802328e-06,0.0659,0.1192,137
21,features.10,140,pruned_before,nan,0.000000e+00,0.000000e+00,0.0000,0.0000,0
21,features.10,141,active,-0.019922,4.158613e-08,2.617458e-07,0.1068,0.0173,137
21,features.10,142,active,-0.017093,4.045760e-08,3.040809e-07,0.1039,0.0201,137
21,features.10,143,pruned_before,nan,0.000000e+00,0.000000e+00,0.0000,0.0000,0
21,features.10,144,pruned_before,nan,0.000000e+00,0.000000e+00,0.0000,0.0000,0
21,features.10,145,pruned_before,nan,0.000000e+00,0.000000e+00,0.0000,0.0000,0
21,features.10,146,pruned_before,nan,0.000000e+00,0.000000e+00,0.0000,0.0000,0
21,features.10,147,pruned_before,nan,0.000000e+00,0.000000e+00,0.0000,0.0000,0
21,features.10,148,active,0.028950,7.934394e-08,1.945809e-06,0.2038,0.1287,137
21,features.10,149,active,0.000000,0.000000e+00,4.632295e-14,0.0000,0.0000,137
21,features.10,150,active,-0.013297,4.044271e-08,3.858239e-07,0.1039,0.0255,137
21,features.10,151,active,0.084109,2.137243e-08,2.172515e-06,0.0549,0.1437,137
21,features.10,152,active,-0.018111,3.078402e-08,1.211011e-07,0.0791,0.0080,137
21,features.10,153,pruned_before,nan,0.000000e+00,0.000000e+00,0.0000,0.0000,0
21,features.10,154,active,0.082359,4.283811e-08,2.491949e-06,0.1100,0.1648,137
21,features.10,155,pruned_before,nan,0.000000e+00,0.000000e+00,0.0000,0.0000,0
21,features.10,156,active,0.000000,0.000000e+00,0.000000e+00,0.0000,0.0000,137
21,features.10,157,active,-0.044872,9.647230e-08,6.362143e-07,0.2478,0.0421,137
21,features.10,158,active,0.000088,2.070253e-08,3.464287e-07,0.0532,0.0229,137
21,features.10,159,pruned_before,nan,0.000000e+00,0.000000e+00,0.0000,0.0000,0
21,features.10,160,active,-0.063227,1.181673e-07,6.007822e-07,0.3035,0.0397,137
21,features.10,161,active,0.000905,1.448924e-08,2.606898e-07,0.0372,0.0172,137
21,features.10,162,active,0.014617,1.215515e-08,5.180244e-07,0.0312,0.0343,137
21,features.10,163,pruned_before,nan,0.000000e+00,0.000000e+00,0.0000,0.0000,0
21,features.10,164,active,-0.044589,7.704871e-08,3.190773e-07,0.1979,0.0211,137
21,features.10,165,active,-0.003138,1.060072e-08,1.086422e-07,0.0272,0.0072,137
21,features.10,166,active,0.004208,1.146214e-08,2.816550e-07,0.0294,0.0186,137
21,features.10,167,pruned_before,nan,0.000000e+00,0.000000e+00,0.0000,0.0000,0
21,features.10,168,active,-0.027009,5.501417e-08,3.321200e-07,0.1413,0.0220,137
21,features.10,169,active,-0.030813,1.000897e-07,1.000102e-06,0.2570,0.0661,137
21,features.10,170,active,0.005751,1.021239e-08,2.941923e-07,0.0262,0.0195,137
21,features.10,171,pruned_before,nan,0.000000e+00,0.000000e+00,0.0000,0.0000,0
21,features.10,172,pruned_before,nan,0.000000e+00,0.000000e+00,0.0000,0.0000,0
21,features.10,173,active,-0.035708,5.724313e-08,1.813154e-07,0.1470,0.0120,137
21,features.10,174,pruned_before,nan,0.000000e+00,0.000000e+00,0.0000,0.0000,0
21,features.10,175,active,-0.012080,5.869801e-08,7.159267e-07,0.1507,0.0473,137
21,features.10,176,active,0.009671,2.412140e-09,2.490473e-07,0.0062,0.0165,137
21,features.10,177,protected,0.636171,8.284810e-08,1.512073e-05,0.2128,1.0000,137
21,features.10,178,active,-0.003238,1.914809e-08,2.487151e-07,0.0492,0.0164,137
21,features.10,179,active,0.003294,1.552709e-08,3.295521e-07,0.0399,0.0218,137
21,features.10,180,active,-0.020535,5.020702e-08,3.919651e-07,0.1289,0.0259,137
21,features.10,181,active,-0.003312,8.732518e-09,7.378740e-08,0.0224,0.0049,137
21,features.10,182,active,0.000000,0.000000e+00,0.000000e+00,0.0000,0.0000,137
21,features.10,183,pruned_before,nan,0.000000e+00,0.000000e+00,0.0000,0.0000,0
21,features.10,184,active,0.026793,1.777525e-08,8.745636e-07,0.0456,0.0578,137
21,features.10,185,pruned_before,nan,0.000000e+00,0.000000e+00,0.0000,0.0000,0
21,features.10,186,pruned_before,nan,0.000000e+00,0.000000e+00,0.0000,0.0000,0
21,features.10,187,pruned_before,nan,0.000000e+00,0.000000e+00,0.0000,0.0000,0
21,features.10,188,pruned_now,-0.228194,3.125611e-07,2.724500e-07,0.8027,0.0180,137
21,features.10,189,pruned_before,nan,0.000000e+00,0.000000e+00,0.0000,0.0000,0
21,features.10,190,pruned_before,nan,0.000000e+00,0.000000e+00,0.0000,0.0000,0
21,features.10,191,pruned_before,nan,0.000000e+00,0.000000e+00,0.0000,0.0000,0
21,features.10,192,pruned_before,nan,0.000000e+00,0.000000e+00,0.0000,0.0000,0
21,features.10,193,pruned_before,nan,0.000000e+00,0.000000e+00,0.0000,0.0000,0
21,features.10,194,pruned_before,nan,0.000000e+00,0.000000e+00,0.0000,0.0000,0
21,features.10,195,pruned_before,nan,0.000000e+00,0.000000e+00,0.0000,0.0000,0
21,features.10,196,active,-0.005332,1.279007e-08,9.768227e-08,0.0328,0.0065,137
21,features.10,197,active,-0.056037,8.449123e-08,1.956434e-07,0.2170,0.0129,137
21,features.10,198,active,0.020270,7.804746e-09,5.677383e-07,0.0200,0.0375,137
21,features.10,199,pruned_before,nan,0.000000e+00,0.000000e+00,0.0000,0.0000,0
21,features.10,200,active,0.033156,1.478542e-08,9.622535e-07,0.0380,0.0636,137
21,features.10,201,active,-0.007328,3.916006e-08,4.934112e-07,0.1006,0.0326,137
21,features.10,202,active,0.001254,4.912339e-08,8.445987e-07,0.1262,0.0559,137
21,features.10,203,pruned_before,nan,0.000000e+00,0.000000e+00,0.0000,0.0000,0
21,features.10,204,pruned_before,nan,0.000000e+00,0.000000e+00,0.0000,0.0000,0
21,features.10,205,active,0.003240,3.036909e-09,1.205194e-07,0.0078,0.0080,137
21,features.10,206,active,-0.002641,5.055575e-08,7.843139e-07,0.1298,0.0519,137
21,features.10,207,pruned_before,nan,0.000000e+00,0.000000e+00,0.0000,0.0000,0
21,features.10,208,active,-0.094128,1.327302e-07,1.756356e-07,0.3409,0.0116,137
21,features.10,209,active,-0.035011,6.172255e-08,2.709080e-07,0.1585,0.0179,137
21,features.10,210,active,-0.041738,7.467543e-08,3.411685e-07,0.1918,0.0226,137
21,features.10,211,active,-0.001877,1.308394e-08,1.771971e-07,0.0336,0.0117,137
21,features.10,212,pruned_before,nan,0.000000e+00,0.000000e+00,0.0000,0.0000,0
21,features.10,213,active,-0.076229,1.065188e-07,1.260685e-07,0.2736,0.0083,137
21,features.10,214,pruned_now,-0.151455,2.122624e-07,2.609073e-07,0.5451,0.0173,137
21,features.10,215,pruned_before,nan,0.000000e+00,0.000000e+00,0.0000,0.0000,0
21,features.10,216,active,0.076095,2.789617e-08,2.107991e-06,0.0716,0.1394,137
21,features.10,217,active,-0.017385,7.563212e-08,8.831329e-07,0.1942,0.0584,137
21,features.10,218,active,0.021396,1.315985e-08,6.811898e-07,0.0338,0.0451,137
21,features.10,219,pruned_before,nan,0.000000e+00,0.000000e+00,0.0000,0.0000,0
21,features.10,220,pruned_before,nan,0.000000e+00,0.000000e+00,0.0000,0.0000,0
21,features.10,221,pruned_before,nan,0.000000e+00,0.000000e+00,0.0000,0.0000,0
21,features.10,222,active,-0.003178,9.912573e-09,9.632087e-08,0.0255,0.0064,137
21,features.10,223,active,0.003022,7.709682e-09,1.935914e-07,0.0198,0.0128,137
21,features.10,224,active,-0.026400,8.212027e-08,7.963877e-07,0.2109,0.0527,137
21,features.10,225,pruned_before,nan,0.000000e+00,0.000000e+00,0.0000,0.0000,0
21,features.10,226,pruned_before,nan,0.000000e+00,0.000000e+00,0.0000,0.0000,0
21,features.10,227,pruned_before,nan,0.000000e+00,0.000000e+00,0.0000,0.0000,0
21,features.10,228,pruned_before,nan,0.000000e+00,0.000000e+00,0.0000,0.0000,0
21,features.10,229,pruned_before,nan,0.000000e+00,0.000000e+00,0.0000,0.0000,0
21,features.10,230,active,-0.023532,5.483978e-08,4.043427e-07,0.1408,0.0267,137
21,features.10,231,active,-0.017030,3.210378e-08,1.664180e-07,0.0824,0.0110,137
21,features.10,232,active,0.189758,6.037948e-08,5.103805e-06,0.1551,0.3375,137
21,features.10,233,active,0.019543,2.553286e-08,8.470761e-07,0.0656,0.0560,137
21,features.10,234,active,-0.057216,1.373455e-07,1.049799e-06,0.3527,0.0694,137
21,features.10,235,active,0.563546,2.958207e-08,1.266549e-05,0.0760,0.8376,137
21,features.10,236,active,-0.018315,3.163096e-08,1.307760e-07,0.0812,0.0086,137
21,features.10,237,active,0.100743,7.433900e-09,2.299874e-06,0.0191,0.1521,137
21,features.10,238,active,-0.065983,1.046609e-07,3.164706e-07,0.2688,0.0209,137
21,features.10,239,active,-0.029772,4.767796e-08,1.503519e-07,0.1224,0.0099,137
21,features.10,240,pruned_before,nan,0.000000e+00,0.000000e+00,0.0000,0.0000,0
21,features.10,241,active,-0.031020,5.064125e-08,1.727029e-07,0.1301,0.0114,137
21,features.10,242,active,-0.042573,7.340008e-08,3.018993e-07,0.1885,0.0200,137
21,features.10,243,active,0.088740,2.143812e-08,2.273645e-06,0.0551,0.1504,137
21,features.10,244,active,0.007253,6.424602e-08,1.225870e-06,0.1650,0.0811,137
21,features.10,245,active,-0.022833,4.455140e-08,2.482221e-07,0.1144,0.0164,137
21,features.10,246,active,-0.022913,4.313134e-08,2.228503e-07,0.1108,0.0147,137
21,features.10,247,active,-0.073519,3.893921e-07,4.892211e-06,1.0000,0.3235,137
21,features.10,248,active,-0.005200,2.873318e-08,3.658486e-07,0.0738,0.0242,137
21,features.10,249,active,-0.075062,1.838033e-07,1.437444e-06,0.4720,0.0951,137
21,features.10,250,pruned_before,nan,0.000000e+00,0.000000e+00,0.0000,0.0000,0
21,features.10,251,active,-0.037784,6.166397e-08,2.100421e-07,0.1584,0.0139,137
21,features.10,252,active,-0.008457,1.099667e-07,1.647389e-06,0.2824,0.1089,137
21,features.10,253,pruned_before,nan,0.000000e+00,0.000000e+00,0.0000,0.0000,0
21,features.10,254,active,-0.078405,1.117350e-07,1.658815e-07,0.2869,0.0110,137
21,features.10,255,active,-0.015719,8.842874e-08,1.132086e-06,0.2271,0.0749,137
21,features.10,256,active,0.068438,2.550373e-08,1.902770e-06,0.0655,0.1258,137
21,features.10,257,active,-0.002487,1.059898e-08,1.226681e-07,0.0272,0.0081,137
21,features.10,258,pruned_before,nan,0.000000e+00,0.000000e+00,0.0000,0.0000,0
21,features.10,259,pruned_before,nan,0.000000e+00,0.000000e+00,0.0000,0.0000,0
21,features.10,260,pruned_before,nan,0.000000e+00,0.000000e+00,0.0000,0.0000,0
21,features.10,261,active,0.013703,3.028970e-08,8.000883e-07,0.0778,0.0529,137
21,features.10,262,active,-0.012605,6.678410e-08,8.391347e-07,0.1715,0.0555,137
21,features.10,263,pruned_before,nan,0.000000e+00,0.000000e+00,0.0000,0.0000,0
21,features.10,264,active,-0.122817,1.813914e-07,3.657603e-07,0.4658,0.0242,137
21,features.10,265,pruned_before,nan,0.000000e+00,0.000000e+00,0.0000,0.0000,0
21,features.10,266,active,-0.058015,1.266066e-07,8.538088e-07,0.3251,0.0565,137
21,features.10,267,active,0.077342,1.141681e-08,1.860667e-06,0.0293,0.1231,137
21,features.10,268,active,0.038835,4.228853e-08,1.542643e-06,0.1086,0.1020,137
21,features.10,269,pruned_before,nan,0.000000e+00,0.000000e+00,0.0000,0.0000,0
21,features.10,270,active,-0.047708,9.045539e-08,4.748286e-07,0.2323,0.0314,137
21,features.10,271,active,0.000000,0.000000e+00,0.000000e+00,0.0000,0.0000,137
21,features.10,272,pruned_before,nan,0.000000e+00,0.000000e+00,0.0000,0.0000,0
21,features.10,273,active,0.096293,3.174187e-08,2.608287e-06,0.0815,0.1725,137
21,features.10,274,pruned_before,nan,0.000000e+00,0.000000e+00,0.0000,0.0000,0
21,features.10,275,active,0.070393,1.556459e-08,1.779599e-06,0.0400,0.1177,137
21,features.10,276,active,-0.102038,1.554767e-07,3.833313e-07,0.3993,0.0254,137
21,features.10,277,active,-0.022316,4.255181e-08,2.260958e-07,0.1093,0.0150,137
21,features.10,278,pruned_before,nan,0.000000e+00,0.000000e+00,0.0000,0.0000,0
21,features.10,279,active,-0.097317,1.389655e-07,2.105174e-07,0.3569,0.0139,137
21,features.10,280,pruned_before,nan,0.000000e+00,0.000000e+00,0.0000,0.0000,0
21,features.10,281,active,-0.040032,7.727897e-08,4.213439e-07,0.1985,0.0279,137
21,features.10,282,active,-0.035473,5.285260e-08,1.133212e-07,0.1357,0.0075,137
21,features.10,283,active,0.024475,1.159231e-08,7.216076e-07,0.0298,0.0477,137
21,features.10,284,pruned_before,nan,0.000000e+00,0.000000e+00,0.0000,0.0000,0
21,features.10,285,active,-0.011890,2.672709e-08,1.879646e-07,0.0686,0.0124,137
21,features.10,286,active,-0.023497,3.522107e-08,7.858535e-08,0.0905,0.0052,137
21,features.10,287,active,0.012907,1.235470e-08,4.844136e-07,0.0317,0.0320,137
21,features.10,288,pruned_before,nan,0.000000e+00,0.000000e+00,0.0000,0.0000,0
21,features.10,289,active,-0.069883,1.666132e-07,1.263241e-06,0.4279,0.0835,137
21,features.10,290,active,-0.026324,5.121474e-08,2.836966e-07,0.1315,0.0188,137
21,features.10,291,active,0.029642,5.557786e-08,1.565235e-06,0.1427,0.1035,137
21,features.10,292,active,0.033032,3.339295e-08,1.269244e-06,0.0858,0.0839,137
21,features.10,293,active,0.034701,1.033332e-08,9.215387e-07,0.0265,0.0609,137
21,features.10,294,active,0.006275,1.134027e-08,3.242790e-07,0.0291,0.0214,137
21,features.10,295,active,0.029445,3.136240e-08,1.157984e-06,0.0805,0.0766,137
21,features.10,296,active,-0.092431,1.322048e-07,2.035607e-07,0.3395,0.0135,137
21,features.10,297,active,-0.005553,1.921769e-08,1.998798e-07,0.0494,0.0132,137
21,features.10,298,active,0.007733,1.431674e-08,4.053038e-07,0.0368,0.0268,137
21,features.10,299,active,0.003843,1.596353e-08,3.486898e-07,0.0410,0.0231,137
21,features.10,300,active,0.021039,9.218820e-08,1.988678e-06,0.2367,0.1315,137
21,features.10,301,active,-0.014419,3.668999e-08,2.991296e-07,0.0942,0.0198,137
21,features.10,302,active,0.045589,3.248968e-08,1.525456e-06,0.0834,0.1009,137
21,features.10,303,active,0.009273,1.251008e-08,4.085004e-07,0.0321,0.0270,137
21,features.10,304,active,0.005490,7.605711e-08,1.384333e-06,0.1953,0.0916,137
21,features.10,305,active,-0.061044,9.824799e-08,3.164324e-07,0.2523,0.0209,137
21,features.10,306,pruned_before,nan,0.000000e+00,0.000000e+00,0.0000,0.0000,0
21,features.10,307,active,-0.092339,1.497956e-07,4.982887e-07,0.3847,0.0330,137
21,features.10,308,active,-0.049275,7.788109e-08,2.317025e-07,0.2000,0.0153,137
21,features.10,309,active,-0.061561,1.236576e-07,7.281389e-07,0.3176,0.0482,137
21,features.10,310,pruned_before,nan,0.000000e+00,0.000000e+00,0.0000,0.0000,0
21,features.10,311,active,-0.012727,2.665530e-08,1.686871e-07,0.0685,0.0112,137
21,features.10,312,active,-0.064486,1.059828e-07,3.708011e-07,0.2722,0.0245,137
21,features.10,313,active,-0.007863,1.543389e-08,8.700449e-08,0.0396,0.0058,137
21,features.10,314,active,-0.019921,4.258614e-08,2.784180e-07,0.1094,0.0184,137
21,features.10,315,active,-0.005142,4.399615e-08,6.211100e-07,0.1130,0.0411,137
21,features.10,316,pruned_before,nan,0.000000e+00,0.000000e+00,0.0000,0.0000,0
21,features.10,317,active,-0.005701,2.184693e-08,2.404325e-07,0.0561,0.0159,137
21,features.10,318,active,-0.053825,8.862651e-08,3.122473e-07,0.2276,0.0207,137
21,features.10,319,active,0.025869,2.693089e-08,1.006993e-06,0.0692,0.0666,137
21,features.10,320,active,-0.003506,2.674816e-08,3.694203e-07,0.0687,0.0244,137
21,features.10,321,pruned_before,nan,0.000000e+00,0.000000e+00,0.0000,0.0000,0
21,features.10,322,pruned_before,nan,0.000000e+00,0.000000e+00,0.0000,0.0000,0
21,features.10,323,active,-0.023500,4.276335e-08,2.040534e-07,0.1098,0.0135,137
21,features.10,324,active,-0.003812,3.000019e-08,4.169125e-07,0.0770,0.0276,137
21,features.10,325,pruned_before,nan,0.000000e+00,0.000000e+00,0.0000,0.0000,0
21,features.10,326,active,0.003698,1.023143e-08,2.501525e-07,0.0263,0.0165,137
21,features.10,327,active,-0.011747,3.954780e-08,4.044055e-07,0.1016,0.0267,137
21,features.10,328,active,-0.047350,9.809623e-08,6.097098e-07,0.2519,0.0403,137
21,features.10,329,active,0.034217,7.769564e-09,8.684187e-07,0.0200,0.0574,137
21,features.10,330,active,-0.016873,5.592613e-08,5.662523e-07,0.1436,0.0374,137
21,features.10,331,pruned_before,nan,0.000000e+00,0.000000e+00,0.0000,0.0000,0
21,features.10,332,active,-0.058423,1.098112e-07,5.654919e-07,0.2820,0.0374,137
21,features.10,333,pruned_before,nan,0.000000e+00,0.000000e+00,0.0000,0.0000,0
21,features.10,334,pruned_before,nan,0.000000e+00,0.000000e+00,0.0000,0.0000,0
21,features.10,335,pruned_before,nan,0.000000e+00,0.000000e+00,0.0000,0.0000,0
21,features.10,336,active,0.002801,6.091109e-09,1.618633e-07,0.0156,0.0107,137
21,features.10,337,pruned_before,nan,0.000000e+00,0.000000e+00,0.0000,0.0000,0
21,features.10,338,active,0.003369,1.310689e-07,2.254038e-06,0.3366,0.1491,137
21,features.10,339,active,-0.046996,8.965735e-08,4.769247e-07,0.2302,0.0315,137
21,features.10,340,active,-0.015447,2.483565e-08,7.963658e-08,0.0638,0.0053,137
21,features.10,341,pruned_before,nan,0.000000e+00,0.000000e+00,0.0000,0.0000,0
21,features.10,342,active,-0.000303,2.290410e-09,3.156448e-08,0.0059,0.0021,137
21,features.10,343,active,-0.010666,7.435022e-08,1.006945e-06,0.1909,0.0666,137
21,features.10,344,active,0.463968,7.494114e-08,1.126937e-05,0.1925,0.7453,137
21,features.10,345,pruned_before,nan,0.000000e+00,0.000000e+00,0.0000,0.0000,0
21,features.10,346,pruned_before,nan,0.000000e+00,0.000000e+00,0.0000,0.0000,0
21,features.10,347,active,-0.008683,3.803417e-08,4.454149e-07,0.0977,0.0295,137
21,features.10,348,active,0.050826,1.129621e-08,1.285895e-06,0.0290,0.0850,137
21,features.10,349,pruned_before,nan,0.000000e+00,0.000000e+00,0.0000,0.0000,0
21,features.10,350,active,0.017927,1.657693e-08,6.631149e-07,0.0426,0.0439,137
21,features.10,351,pruned_before,nan,0.000000e+00,0.000000e+00,0.0000,0.0000,0
21,features.10,352,active,0.470449,1.040423e-08,1.033533e-05,0.0267,0.6835,137
21,features.10,353,active,0.027807,1.431727e-08,8.389241e-07,0.0368,0.0555,137
21,features.10,354,pruned_before,nan,0.000000e+00,0.000000e+00,0.0000,0.0000,0
21,features.10,355,active,-0.059427,9.324641e-08,2.681327e-07,0.2395,0.0177,137
21,features.10,356,active,-0.035871,6.637394e-08,3.297398e-07,0.1705,0.0218,137
21,features.10,357,pruned_before,nan,0.000000e+00,0.000000e+00,0.0000,0.0000,0
21,features.10,358,pruned_before,nan,0.000000e+00,0.000000e+00,0.0000,0.0000,0
21,features.10,359,active,0.022058,2.061788e-08,8.195966e-07,0.0529,0.0542,137
21,features.10,360,active,-0.057960,1.314102e-07,9.349327e-07,0.3375,0.0618,137
21,features.10,361,active,0.143530,9.519486e-08,4.684631e-06,0.2445,0.3098,137
21,features.10,362,pruned_before,nan,0.000000e+00,0.000000e+00,0.0000,0.0000,0
21,features.10,363,active,-0.063001,1.008119e-07,3.168437e-07,0.2589,0.0210,137
21,features.10,364,pruned_before,nan,0.000000e+00,0.000000e+00,0.0000,0.0000,0
21,features.10,365,active,-0.001391,2.029415e-08,3.076916e-07,0.0521,0.0203,137
21,features.10,366,pruned_before,nan,0.000000e+00,0.000000e+00,0.0000,0.0000,0
21,features.10,367,active,0.302362,6.418878e-08,7.599559e-06,0.1648,0.5026,137
21,features.10,368,active,-0.037180,7.286300e-08,4.094671e-07,0.1871,0.0271,137
21,features.10,369,pruned_before,nan,0.000000e+00,0.000000e+00,0.0000,0.0000,0
21,features.10,370,active,0.008662,1.043178e-08,3.607245e-07,0.0268,0.0239,137
21,features.10,371,protected,0.623028,9.170955e-08,1.498430e-05,0.2355,0.9910,137
21,features.10,372,pruned_before,nan,0.000000e+00,0.000000e+00,0.0000,0.0000,0
21,features.10,373,active,-0.082379,1.332105e-07,4.374357e-07,0.3421,0.0289,137
21,features.10,374,active,-0.024465,8.979345e-08,9.658903e-07,0.2306,0.0639,137
21,features.10,375,active,-0.005751,1.644417e-08,1.494420e-07,0.0422,0.0099,137
21,features.10,376,active,0.043673,2.239924e-08,1.316153e-06,0.0575,0.0870,137
21,features.10,377,active,-0.024659,5.017602e-08,3.023628e-07,0.1289,0.0200,137
21,features.10,378,active,-0.001072,1.669805e-08,2.547393e-07,0.0429,0.0168,137
21,features.10,379,pruned_before,nan,0.000000e+00,0.000000e+00,0.0000,0.0000,0
21,features.10,380,active,-0.050596,1.082534e-07,7.086320e-07,0.2780,0.0469,137
21,features.10,381,active,0.055150,3.368233e-08,1.751849e-06,0.0865,0.1159,137
21,features.10,382,active,-0.022239,5.434824e-08,4.240758e-07,0.1396,0.0280,137
21,features.10,383,pruned_before,nan,0.000000e+00,0.000000e+00,0.0000,0.0000,0
21,features.11,0,active,0.000825,1.561859e-07,1.752099e-05,0.2055,0.0892,169
21,features.11,1,active,0.012149,6.436444e-08,1.053226e-05,0.0847,0.0536,169
21,features.11,2,active,-0.075123,2.068837e-07,1.833453e-06,0.2722,0.0093,169
21,features.11,3,pruned_before,nan,0.000000e+00,0.000000e+00,0.0000,0.0000,0
21,features.11,4,active,-0.086765,2.344164e-07,1.616220e-06,0.3084,0.0082,169
21,features.11,5,pruned_before,nan,0.000000e+00,0.000000e+00,0.0000,0.0000,0
21,features.11,6,active,-0.032416,1.475325e-07,7.240673e-06,0.1941,0.0369,169
21,features.11,7,pruned_before,nan,0.000000e+00,0.000000e+00,0.0000,0.0000,0
21,features.11,8,pruned_before,nan,0.000000e+00,0.000000e+00,0.0000,0.0000,0
21,features.11,9,active,0.106712,3.209213e-07,6.545264e-05,0.4222,0.3334,169
21,features.11,10,active,-0.024032,4.819050e-07,4.660635e-05,0.6341,0.2374,169
21,features.11,11,pruned_before,nan,0.000000e+00,0.000000e+00,0.0000,0.0000,0
21,features.11,12,pruned_before,nan,0.000000e+00,0.000000e+00,0.0000,0.0000,0
21,features.11,13,pruned_before,nan,0.000000e+00,0.000000e+00,0.0000,0.0000,0
21,features.11,14,pruned_before,nan,0.000000e+00,0.000000e+00,0.0000,0.0000,0
21,features.11,15,active,0.007069,1.339010e-07,1.680511e-05,0.1762,0.0856,169
21,features.11,16,active,-0.130696,3.577038e-07,2.943515e-06,0.4706,0.0150,169
21,features.11,17,pruned_before,nan,0.000000e+00,0.000000e+00,0.0000,0.0000,0
21,features.11,18,active,-0.030351,1.590762e-07,9.097415e-06,0.2093,0.0463,169
21,features.11,19,active,-0.026075,7.380833e-08,8.577482e-07,0.0971,0.0044,169
21,features.11,20,active,-0.089029,2.343518e-07,9.743093e-07,0.3083,0.0050,169
21,features.11,21,pruned_before,nan,0.000000e+00,0.000000e+00,0.0000,0.0000,0
21,features.11,22,active,-0.068356,1.984746e-07,2.800417e-06,0.2611,0.0143,169
21,features.11,23,pruned_before,nan,0.000000e+00,0.000000e+00,0.0000,0.0000,0
21,features.11,24,pruned_before,nan,0.000000e+00,0.000000e+00,0.0000,0.0000,0
21,features.11,25,pruned_before,nan,0.000000e+00,0.000000e+00,0.0000,0.0000,0
21,features.11,26,active,0.000868,2.671197e-08,3.200388e-06,0.0351,0.0163,169
21,features.11,27,pruned_now,-0.149524,4.173089e-07,4.261397e-06,0.5491,0.0217,169
21,features.11,28,pruned_before,nan,0.000000e+00,0.000000e+00,0.0000,0.0000,0
21,features.11,29,active,-0.021482,1.949432e-07,1.555515e-05,0.2565,0.0792,169
21,features.11,30,active,-0.013560,4.884706e-08,1.604487e-06,0.0643,0.0082,169
21,features.11,31,active,0.090429,2.323070e-08,2.793227e-05,0.0306,0.1423,169
21,features.11,32,active,-0.081791,2.301914e-07,2.543518e-06,0.3029,0.0130,169
21,features.11,33,active,0.085241,5.683513e-08,3.019733e-05,0.0748,0.1538,169
21,features.11,34,active,-0.115104,3.049677e-07,1.478661e-06,0.4013,0.0075,169
21,features.11,35,pruned_before,nan,0.000000e+00,0.000000e+00,0.0000,0.0000,0
21,features.11,36,active,-0.115942,3.172223e-07,2.600156e-06,0.4174,0.0132,169
21,features.11,37,active,0.035955,2.001060e-07,3.223497e-05,0.2633,0.1642,169
21,features.11,38,pruned_before,nan,0.000000e+00,0.000000e+00,0.0000,0.0000,0
21,features.11,39,pruned_before,nan,0.000000e+00,0.000000e+00,0.0000,0.0000,0
21,features.11,40,active,-0.104896,2.790985e-07,1.477731e-06,0.3672,0.0075,169
21,features.11,41,active,-0.056443,1.775846e-07,3.828838e-06,0.2337,0.0195,169
21,features.11,42,active,0.300097,2.954058e-08,8.743205e-05,0.0389,0.4454,169
21,features.11,43,pruned_before,nan,0.000000e+00,0.000000e+00,0.0000,0.0000,0
21,features.11,44,active,-0.072147,2.590805e-07,8.446149e-06,0.3409,0.0430,169
21,features.11,45,active,-0.005255,1.441200e-07,1.448014e-05,0.1896,0.0738,169
21,features.11,46,active,-0.007429,4.583339e-08,2.990343e-06,0.0603,0.0152,169
21,features.11,47,pruned_before,nan,0.000000e+00,0.000000e+00,0.0000,0.0000,0
21,features.11,48,pruned_before,nan,0.000000e+00,0.000000e+00,0.0000,0.0000,0
21,features.11,49,pruned_before,nan,0.000000e+00,0.000000e+00,0.0000,0.0000,0
21,features.11,50,active,0.001173,2.620440e-07,2.933671e-05,0.3448,0.1494,169
21,features.11,51,active,-0.002212,1.261105e-07,1.333987e-05,0.1659,0.0680,169
21,features.11,52,active,-0.036338,9.938370e-08,8.107417e-07,0.1308,0.0041,169
21,features.11,53,active,-0.106337,3.167571e-07,5.242386e-06,0.4168,0.0267,169
21,features.11,54,active,-0.109943,3.049060e-07,2.919231e-06,0.4012,0.0149,169
21,features.11,55,pruned_before,nan,0.000000e+00,0.000000e+00,0.0000,0.0000,0
21,features.11,56,active,0.017359,4.017257e-08,9.315460e-06,0.0529,0.0475,169
21,features.11,57,active,-0.139229,4.328265e-07,8.866531e-06,0.5695,0.0452,169
21,features.11,58,active,-0.005930,1.798633e-07,1.824749e-05,0.2367,0.0930,169
21,features.11,59,active,0.030052,2.281644e-07,3.368541e-05,0.3002,0.1716,169
21,features.11,60,pruned_before,nan,0.000000e+00,0.000000e+00,0.0000,0.0000,0
21,features.11,61,pruned_before,nan,0.000000e+00,0.000000e+00,0.0000,0.0000,0
21,features.11,62,pruned_before,nan,0.000000e+00,0.000000e+00,0.0000,0.0000,0
21,features.11,63,active,0.009021,9.976569e-09,3.634453e-06,0.0131,0.0185,169
21,features.11,64,pruned_before,nan,0.000000e+00,0.000000e+00,0.0000,0.0000,0
21,features.11,65,active,0.075130,1.987319e-08,2.327018e-05,0.0261,0.1185,169
21,features.11,66,pruned_before,nan,0.000000e+00,0.000000e+00,0.0000,0.0000,0
21,features.11,67,active,-0.023070,2.969672e-07,2.640379e-05,0.3907,0.1345,169
21,features.11,68,active,-0.031375,8.685556e-08,8.155594e-07,0.1143,0.0042,169
21,features.11,69,pruned_before,nan,0.000000e+00,0.000000e+00,0.0000,0.0000,0
21,features.11,70,active,-0.092889,2.488468e-07,1.496344e-06,0.3274,0.0076,169
21,features.11,71,pruned_before,nan,0.000000e+00,0.000000e+00,0.0000,0.0000,0
21,features.11,72,active,-0.130961,7.480509e-07,4.608011e-05,0.9842,0.2347,169
21,features.11,73,pruned_before,nan,0.000000e+00,0.000000e+00,0.0000,0.0000,0
21,features.11,74,pruned_before,nan,0.000000e+00,0.000000e+00,0.0000,0.0000,0
21,features.11,75,active,0.074261,3.149702e-07,5.569291e-05,0.4144,0.2837,169
21,features.11,76,active,-0.037866,1.046391e-07,9.639958e-07,0.1377,0.0049,169
21,features.11,77,active,-0.112089,3.039314e-07,2.209292e-06,0.3999,0.0113,169
21,features.11,78,pruned_before,nan,0.000000e+00,0.000000e+00,0.0000,0.0000,0
21,features.11,79,active,-0.030643,1.058130e-07,3.119569e-06,0.1392,0.0159,169
21,features.11,80,pruned_before,nan,0.000000e+00,0.000000e+00,0.0000,0.0000,0
21,features.11,81,pruned_before,nan,0.000000e+00,0.000000e+00,0.0000,0.0000,0
21,features.11,82,active,-0.033768,1.051375e-07,2.168280e-06,0.1383,0.0110,169
21,features.11,83,pruned_before,nan,0.000000e+00,0.000000e+00,0.0000,0.0000,0
21,features.11,84,pruned_before,nan,0.000000e+00,0.000000e+00,0.0000,0.0000,0
21,features.11,85,active,-0.095932,2.539690e-07,1.209810e-06,0.3342,0.0062,169
21,features.11,86,pruned_before,nan,0.000000e+00,0.000000e+00,0.0000,0.0000,0
21,features.11,87,pruned_before,nan,0.000000e+00,0.000000e+00,0.0000,0.0000,0
21,features.11,88,pruned_before,nan,0.000000e+00,0.000000e+00,0.0000,0.0000,0
21,features.11,89,active,-0.001479,5.195270e-08,5.336164e-06,0.0684,0.0272,169
21,features.11,90,active,-0.038317,1.042287e-07,7.920680e-07,0.1371,0.0040,169
21,features.11,91,pruned_before,nan,0.000000e+00,0.000000e+00,0.0000,0.0000,0
21,features.11,92,active,-0.127007,3.496039e-07,3.081432e-06,0.4600,0.0157,169
21,features.11,93,active,-0.080536,2.395342e-07,3.929621e-06,0.3152,0.0200,169
21,features.11,94,pruned_before,nan,0.000000e+00,0.000000e+00,0.0000,0.0000,0
21,features.11,95,pruned_before,nan,0.000000e+00,0.000000e+00,0.0000,0.0000,0
21,features.11,96,active,0.004526,2.718613e-08,4.278763e-06,0.0358,0.0218,169
21,features.11,97,pruned_before,nan,0.000000e+00,0.000000e+00,0.0000,0.0000,0
21,features.11,98,pruned_before,nan,0.000000e+00,0.000000e+00,0.0000,0.0000,0
21,features.11,99,active,-0.101548,2.916410e-07,3.805113e-06,0.3837,0.0194,169
21,features.11,100,active,-0.048984,2.794071e-07,1.719245e-05,0.3676,0.0876,169
21,features.11,101,active,0.010267,1.601138e-08,4.651793e-06,0.0211,0.0237,169
21,features.11,102,pruned_before,nan,0.000000e+00,0.000000e+00,0.0000,0.0000,0
21,features.11,103,pruned_before,nan,0.000000e+00,0.000000e+00,0.0000,0.0000,0
21,features.11,104,pruned_before,nan,0.000000e+00,0.000000e+00,0.0000,0.0000,0
21,features.11,105,pruned_before,nan,0.000000e+00,0.000000e+00,0.0000,0.0000,0
21,features.11,106,pruned_before,nan,0.000000e+00,0.000000e+00,0.0000,0.0000,0
21,features.11,107,pruned_before,nan,0.000000e+00,0.000000e+00,0.0000,0.0000,0
21,features.11,108,pruned_before,nan,0.000000e+00,0.000000e+00,0.0000,0.0000,0
21,features.11,109,pruned_before,nan,0.000000e+00,0.000000e+00,0.0000,0.0000,0
21,features.11,110,pruned_before,nan,0.000000e+00,0.000000e+00,0.0000,0.0000,0
21,features.11,111,pruned_before,nan,0.000000e+00,0.000000e+00,0.0000,0.0000,0
21,features.11,112,pruned_before,nan,0.000000e+00,0.000000e+00,0.0000,0.0000,0
21,features.11,113,active,-0.140035,3.876456e-07,3.639025e-06,0.5100,0.0185,169
21,features.11,114,pruned_before,nan,0.000000e+00,0.000000e+00,0.0000,0.0000,0
21,features.11,115,active,0.022161,3.682812e-08,1.029170e-05,0.0485,0.0524,169
21,features.11,116,pruned_now,-0.237382,7.600361e-07,1.756103e-05,1.0000,0.0895,169
21,features.11,117,pruned_before,nan,0.000000e+00,0.000000e+00,0.0000,0.0000,0
21,features.11,118,active,-0.023849,1.776663e-07,1.297887e-05,0.2338,0.0661,169
21,features.11,119,active,0.006093,1.967466e-08,3.886844e-06,0.0259,0.0198,169
21,features.11,120,active,-0.088539,2.628201e-07,4.262896e-06,0.3458,0.0217,169
21,features.11,121,pruned_before,nan,0.000000e+00,0.000000e+00,0.0000,0.0000,0
21,features.11,122,pruned_before,nan,0.000000e+00,0.000000e+00,0.0000,0.0000,0
21,features.11,123,pruned_before,nan,0.000000e+00,0.000000e+00,0.0000,0.0000,0
21,features.11,124,active,-0.003805,2.339022e-07,2.482551e-05,0.3078,0.1265,169
21,features.11,125,active,0.014133,1.156995e-08,5.244251e-06,0.0152,0.0267,169
21,features.11,126,active,-0.037748,1.329938e-07,4.135838e-06,0.1750,0.0211,169
21,features.11,127,pruned_before,nan,0.000000e+00,0.000000e+00,0.0000,0.0000,0
21,features.11,128,active,-0.003908,1.486663e-08,5.498083e-07,0.0196,0.0028,169
21,features.11,129,pruned_before,nan,0.000000e+00,0.000000e+00,0.0000,0.0000,0
21,features.11,130,pruned_before,nan,0.000000e+00,0.000000e+00,0.0000,0.0000,0
21,features.11,131,pruned_before,nan,0.000000e+00,0.000000e+00,0.0000,0.0000,0
21,features.11,132,active,-0.008179,2.526530e-08,5.030848e-07,0.0332,0.0026,169
21,features.11,133,active,0.010258,1.865950e-08,4.942423e-06,0.0246,0.0252,169
21,features.11,134,pruned_before,nan,0.000000e+00,0.000000e+00,0.0000,0.0000,0
21,features.11,135,active,0.038076,1.109395e-07,2.295910e-05,0.1460,0.1170,169
21,features.11,136,active,-0.032853,9.696254e-08,1.519936e-06,0.1276,0.0077,169
21,features.11,137,pruned_before,nan,0.000000e+00,0.000000e+00,0.0000,0.0000,0
21,features.11,138,active,-0.117930,3.929221e-07,1.042235e-05,0.5170,0.0531,169
21,features.11,139,active,-0.007144,5.744255e-08,4.355210e-06,0.0756,0.0222,169
21,features.11,140,pruned_before,nan,0.000000e+00,0.000000e+00,0.0000,0.0000,0
21,features.11,141,pruned_before,nan,0.000000e+00,0.000000e+00,0.0000,0.0000,0
21,features.11,142,active,-0.116868,3.128943e-07,1.861241e-06,0.4117,0.0095,169
21,features.11,143,active,-0.016651,5.383866e-08,1.290166e-06,0.0708,0.0066,169
21,features.11,144,pruned_before,nan,0.000000e+00,0.000000e+00,0.0000,0.0000,0
21,features.11,145,active,0.010267,1.272456e-08,4.288014e-06,0.0167,0.0218,169
21,features.11,146,pruned_before,nan,0.000000e+00,0.000000e+00,0.0000,0.0000,0
21,features.11,147,pruned_before,nan,0.000000e+00,0.000000e+00,0.0000,0.0000,0
21,features.11,148,pruned_before,nan,0.000000e+00,0.000000e+00,0.0000,0.0000,0
21,features.11,149,active,0.007247,2.204451e-07,2.643531e-05,0.2900,0.1347,169
21,features.11,150,pruned_before,nan,0.000000e+00,0.000000e+00,0.0000,0.0000,0
21,features.11,151,active,-0.061867,1.724763e-07,1.742306e-06,0.2269,0.0089,169
21,features.11,152,pruned_before,nan,0.000000e+00,0.000000e+00,0.0000,0.0000,0
21,features.11,153,active,-0.085927,2.312766e-07,1.503788e-06,0.3043,0.0077,169
21,features.11,154,active,-0.057266,1.741634e-07,3.219283e-06,0.2292,0.0164,169
21,features.11,155,active,-0.106100,3.271012e-07,6.453916e-06,0.4304,0.0329,169
21,features.11,156,active,-0.056761,2.523651e-07,1.201790e-05,0.3320,0.0612,169
21,features.11,157,active,-0.135464,3.895148e-07,5.127797e-06,0.5125,0.0261,169
21,features.11,158,pruned_now,-0.191370,4.956747e-07,1.200853e-06,0.6522,0.0061,169
21,features.11,159,pruned_before,nan,0.000000e+00,0.000000e+00,0.0000,0.0000,0
21,features.11,160,active,-0.045786,1.569369e-07,4.532063e-06,0.2065,0.0231,169
21,features.11,161,pruned_before,nan,0.000000e+00,0.000000e+00,0.0000,0.0000,0
21,features.11,162,pruned_now,-0.166175,4.567611e-07,3.959020e-06,0.6010,0.0202,169
21,features.11,163,pruned_before,nan,0.000000e+00,0.000000e+00,0.0000,0.0000,0
21,features.11,164,active,-0.058727,1.742203e-07,2.815978e-06,0.2292,0.0143,169
21,features.11,165,active,0.040163,6.808970e-08,1.880109e-05,0.0896,0.0958,169
21,features.11,166,active,-0.026478,1.090144e-07,4.641892e-06,0.1434,0.0236,169
21,features.11,167,active,0.020557,8.162688e-08,1.480121e-05,0.1074,0.0754,169
21,features.11,168,active,-0.063219,2.344067e-07,8.218780e-06,0.3084,0.0419,169
21,features.11,169,pruned_before,nan,0.000000e+00,0.000000e+00,0.0000,0.0000,0
21,features.11,170,active,0.026198,1.762049e-08,9.297690e-06,0.0232,0.0474,169
21,features.11,171,pruned_before,nan,0.000000e+00,0.000000e+00,0.0000,0.0000,0
21,features.11,172,pruned_before,nan,0.000000e+00,0.000000e+00,0.0000,0.0000,0
21,features.11,173,pruned_before,nan,0.000000e+00,0.000000e+00,0.0000,0.0000,0
21,features.11,174,pruned_before,nan,0.000000e+00,0.000000e+00,0.0000,0.0000,0
21,features.11,175,active,-0.034776,1.145466e-07,2.927100e-06,0.1507,0.0149,169
21,features.11,176,active,0.066667,1.541655e-07,3.576258e-05,0.2028,0.1822,169
21,features.11,177,pruned_before,nan,0.000000e+00,0.000000e+00,0.0000,0.0000,0
21,features.11,178,active,-0.031261,1.192327e-07,4.431602e-06,0.1569,0.0226,169
21,features.11,179,active,-0.058531,1.609944e-07,1.406866e-06,0.2118,0.0072,169
21,features.11,180,active,-0.082611,2.256930e-07,1.815612e-06,0.2969,0.0092,169
21,features.11,181,active,0.097467,4.924846e-08,3.278622e-05,0.0648,0.1670,169
21,features.11,182,pruned_before,nan,0.000000e+00,0.000000e+00,0.0000,0.0000,0
21,features.11,183,pruned_before,nan,0.000000e+00,0.000000e+00,0.0000,0.0000,0
21,features.11,184,active,-0.079753,2.856006e-07,9.248802e-06,0.3758,0.0471,169
21,features.11,185,active,0.135135,2.705692e-07,6.784992e-05,0.3560,0.3456,169
21,features.11,186,active,-0.129708,3.509907e-07,2.477452e-06,0.4618,0.0126,169
21,features.11,187,active,-0.053419,1.754603e-07,4.441813e-06,0.2309,0.0226,169
21,features.11,188,pruned_before,nan,0.000000e+00,0.000000e+00,0.0000,0.0000,0
21,features.11,189,active,-0.050881,1.408788e-07,1.325437e-06,0.1854,0.0068,169
21,features.11,190,active,-0.054913,1.889073e-07,5.511502e-06,0.2486,0.0281,169
21,features.11,191,pruned_before,nan,0.000000e+00,0.000000e+00,0.0000,0.0000,0
21,features.11,192,active,-0.116493,2.982120e-07,3.410494e-07,0.3924,0.0017,169
21,features.11,193,active,-0.061621,2.023308e-07,5.116025e-06,0.2662,0.0261,169
21,features.11,194,pruned_before,nan,0.000000e+00,0.000000e+00,0.0000,0.0000,0
21,features.11,195,pruned_before,nan,0.000000e+00,0.000000e+00,0.0000,0.0000,0
21,features.11,196,pruned_before,nan,0.000000e+00,0.000000e+00,0.0000,0.0000,0
21,features.11,197,pruned_before,nan,0.000000e+00,0.000000e+00,0.0000,0.0000,0
21,features.11,198,active,-0.093007,2.616427e-07,2.879772e-06,0.3442,0.0147,169
21,features.11,199,pruned_before,nan,0.000000e+00,0.000000e+00,0.0000,0.0000,0
21,features.11,200,pruned_before,nan,0.000000e+00,0.000000e+00,0.0000,0.0000,0
21,features.11,201,active,-0.071827,2.004953e-07,2.050623e-06,0.2638,0.0104,169
21,features.11,202,pruned_before,nan,0.000000e+00,0.000000e+00,0.0000,0.0000,0
21,features.11,203,active,0.003472,1.955340e-08,3.138299e-06,0.0257,0.0160,169
21,features.11,204,pruned_before,nan,0.000000e+00,0.000000e+00,0.0000,0.0000,0
21,features.11,205,pruned_before,nan,0.000000e+00,0.000000e+00,0.0000,0.0000,0
21,features.11,206,active,0.013440,1.800933e-08,5.762800e-06,0.0237,0.0294,169
21,features.11,207,active,0.048472,1.205380e-07,2.693716e-05,0.1586,0.1372,169
21,features.11,208,active,-0.084863,3.672360e-07,1.685250e-05,0.4832,0.0858,169
21,features.11,209,active,-0.074783,1.981685e-07,9.639344e-07,0.2607,0.0049,169
21,features.11,210,active,-0.032135,1.103276e-07,3.200822e-06,0.1452,0.0163,169
21,features.11,211,pruned_before,nan,0.000000e+00,0.000000e+00,0.0000,0.0000,0
21,features.11,212,active,-0.123697,3.287064e-07,1.696524e-06,0.4325,0.0086,169
21,features.11,213,active,-0.079128,2.366084e-07,4.000859e-06,0.3113,0.0204,169
21,features.11,214,pruned_before,nan,0.000000e+00,0.000000e+00,0.0000,0.0000,0
21,features.11,215,pruned_before,nan,0.000000e+00,0.000000e+00,0.0000,0.0000,0
21,features.11,216,active,0.031833,6.142217e-08,1.572675e-05,0.0808,0.0801,169
21,features.11,217,active,-0.037859,1.089596e-07,1.444018e-06,0.1434,0.0074,169
21,features.11,218,active,0.023205,4.865437e-08,1.189369e-05,0.0640,0.0606,169
21,features.11,219,pruned_before,nan,0.000000e+00,0.000000e+00,0.0000,0.0000,0
21,features.11,220,active,0.021207,1.990844e-07,2.798590e-05,0.2619,0.1426,169
21,features.11,221,active,-0.033672,3.162129e-07,2.556084e-05,0.4160,0.1302,169
21,features.11,222,pruned_before,nan,0.000000e+00,0.000000e+00,0.0000,0.0000,0
21,features.11,223,active,-0.006385,2.932972e-08,1.456111e-06,0.0386,0.0074,169
21,features.11,224,active,0.072562,6.481087e-08,2.752441e-05,0.0853,0.1402,169
21,features.11,225,pruned_before,nan,0.000000e+00,0.000000e+00,0.0000,0.0000,0
21,features.11,226,pruned_before,nan,0.000000e+00,0.000000e+00,0.0000,0.0000,0
21,features.11,227,pruned_before,nan,0.000000e+00,0.000000e+00,0.0000,0.0000,0
21,features.11,228,active,-0.053085,1.380815e-07,3.976891e-07,0.1817,0.0020,169
21,features.11,229,active,-0.010267,3.231497e-08,6.977560e-07,0.0425,0.0036,169
21,features.11,230,pruned_before,nan,0.000000e+00,0.000000e+00,0.0000,0.0000,0
21,features.11,231,active,-0.037236,1.222270e-07,3.087374e-06,0.1608,0.0157,169
21,features.11,232,pruned_before,nan,0.000000e+00,0.000000e+00,0.0000,0.0000,0
21,features.11,233,active,-0.094120,2.479107e-07,1.047465e-06,0.3262,0.0053,169
21,features.11,234,pruned_before,nan,0.000000e+00,0.000000e+00,0.0000,0.0000,0
21,features.11,235,active,0.055476,1.829387e-07,3.580923e-05,0.2407,0.1824,169
21,features.11,236,active,-0.065801,1.816852e-07,1.658431e-06,0.2390,0.0084,169
21,features.11,237,active,0.009159,2.702131e-07,3.248070e-05,0.3555,0.1655,169
21,features.11,238,pruned_before,nan,0.000000e+00,0.000000e+00,0.0000,0.0000,0
21,features.11,239,active,-0.012183,3.753120e-08,7.378862e-07,0.0494,0.0038,169
21,features.11,240,pruned_before,nan,0.000000e+00,0.000000e+00,0.0000,0.0000,0
21,features.11,241,pruned_before,nan,0.000000e+00,0.000000e+00,0.0000,0.0000,0
21,features.11,242,active,-0.063153,2.269148e-07,7.407790e-06,0.2986,0.0377,169
21,features.11,243,active,0.003994,1.570988e-08,2.859259e-06,0.0207,0.0146,169
21,features.11,244,pruned_before,nan,0.000000e+00,0.000000e+00,0.0000,0.0000,0
21,features.11,245,active,0.002317,4.018525e-08,5.098258e-06,0.0529,0.0260,169
21,features.11,246,pruned_before,nan,0.000000e+00,0.000000e+00,0.0000,0.0000,0
21,features.11,247,pruned_before,nan,0.000000e+00,0.000000e+00,0.0000,0.0000,0
21,features.11,248,pruned_before,nan,0.000000e+00,0.000000e+00,0.0000,0.0000,0
21,features.11,249,pruned_before,nan,0.000000e+00,0.000000e+00,0.0000,0.0000,0
21,features.11,250,active,0.033240,9.642923e-08,1.999653e-05,0.1269,0.1019,169
21,features.11,251,pruned_before,nan,0.000000e+00,0.000000e+00,0.0000,0.0000,0
21,features.11,252,pruned_before,nan,0.000000e+00,0.000000e+00,0.0000,0.0000,0
21,features.11,253,pruned_before,nan,0.000000e+00,0.000000e+00,0.0000,0.0000,0
21,features.11,254,pruned_before,nan,0.000000e+00,0.000000e+00,0.0000,0.0000,0
21,features.11,255,active,-0.018307,2.093743e-07,1.804305e-05,0.2755,0.0919,169
21,features.11,256,pruned_before,nan,0.000000e+00,0.000000e+00,0.0000,0.0000,0
21,features.11,257,active,-0.045816,1.226993e-07,7.335823e-07,0.1614,0.0037,169
21,features.11,258,active,-0.003400,3.381357e-08,2.789450e-06,0.0445,0.0142,169
21,features.11,259,active,-0.030622,1.567324e-07,8.762168e-06,0.2062,0.0446,169
21,features.11,260,active,-0.021340,6.604989e-08,1.326785e-06,0.0869,0.0068,169
21,features.11,261,pruned_before,nan,0.000000e+00,0.000000e+00,0.0000,0.0000,0
21,features.11,262,active,0.114739,1.454533e-07,4.827989e-05,0.1914,0.2459,169
21,features.11,263,active,0.008140,1.604350e-07,2.004258e-05,0.2111,0.1021,169
21,features.11,264,active,-0.019905,7.187383e-08,2.374045e-06,0.0946,0.0121,169
21,features.11,265,pruned_before,nan,0.000000e+00,0.000000e+00,0.0000,0.0000,0
21,features.11,266,pruned_before,nan,0.000000e+00,0.000000e+00,0.0000,0.0000,0
21,features.11,267,active,-0.091089,3.047026e-07,8.184298e-06,0.4009,0.0417,169
21,features.11,268,pruned_before,nan,0.000000e+00,0.000000e+00,0.0000,0.0000,0
21,features.11,269,pruned_before,nan,0.000000e+00,0.000000e+00,0.0000,0.0000,0
21,features.11,270,pruned_before,nan,0.000000e+00,0.000000e+00,0.0000,0.0000,0
21,features.11,271,pruned_before,nan,0.000000e+00,0.000000e+00,0.0000,0.0000,0
21,features.11,272,active,-0.019157,5.555374e-08,7.772461e-07,0.0731,0.0040,169
21,features.11,273,active,0.181225,3.401024e-07,8.847318e-05,0.4475,0.4507,169
21,features.11,274,pruned_before,nan,0.000000e+00,0.000000e+00,0.0000,0.0000,0
21,features.11,275,pruned_before,nan,0.000000e+00,0.000000e+00,0.0000,0.0000,0
21,features.11,276,pruned_before,nan,0.000000e+00,0.000000e+00,0.0000,0.0000,0
21,features.11,277,active,0.012271,1.145709e-07,1.612408e-05,0.1507,0.0821,169
21,features.11,278,pruned_before,nan,0.000000e+00,0.000000e+00,0.0000,0.0000,0
21,features.11,279,pruned_before,nan,0.000000e+00,0.000000e+00,0.0000,0.0000,0
21,features.11,280,pruned_before,nan,0.000000e+00,0.000000e+00,0.0000,0.0000,0
21,features.11,281,active,-0.108325,3.181889e-07,4.843372e-06,0.4186,0.0247,169
21,features.11,282,pruned_before,nan,0.000000e+00,0.000000e+00,0.0000,0.0000,0
21,features.11,283,pruned_before,nan,0.000000e+00,0.000000e+00,0.0000,0.0000,0
21,features.11,284,pruned_before,nan,0.000000e+00,0.000000e+00,0.0000,0.0000,0
21,features.11,285,active,-0.116559,3.122699e-07,1.878727e-06,0.4109,0.0096,169
21,features.11,286,active,-0.070722,1.862012e-07,7.781226e-07,0.2450,0.0040,169
21,features.11,287,pruned_before,nan,0.000000e+00,0.000000e+00,0.0000,0.0000,0
21,features.11,288,active,-0.137859,3.650906e-07,1.752349e-06,0.4804,0.0089,169
21,features.11,289,pruned_before,nan,0.000000e+00,0.000000e+00,0.0000,0.0000,0
21,features.11,290,pruned_before,nan,0.000000e+00,0.000000e+00,0.0000,0.0000,0
21,features.11,291,pruned_before,nan,0.000000e+00,0.000000e+00,0.0000,0.0000,0
21,features.11,292,active,-0.006933,6.577761e-08,5.337143e-06,0.0865,0.0272,169
21,features.11,293,active,-0.010768,4.996580e-08,2.511353e-06,0.0657,0.0128,169
21,features.11,294,active,-0.033854,1.305925e-07,4.962025e-06,0.1718,0.0253,169
21,features.11,295,active,-0.008465,3.920466e-08,1.965828e-06,0.0516,0.0100,169
21,features.11,296,pruned_now,-0.149622,4.965100e-07,1.300137e-05,0.6533,0.0662,169
21,features.11,297,active,-0.001662,5.873281e-08,6.035635e-06,0.0773,0.0307,169
21,features.11,298,pruned_before,nan,0.000000e+00,0.000000e+00,0.0000,0.0000,0
21,features.11,299,pruned_before,nan,0.000000e+00,0.000000e+00,0.0000,0.0000,0
21,features.11,300,pruned_before,nan,0.000000e+00,0.000000e+00,0.0000,0.0000,0
21,features.11,301,active,0.001782,2.365906e-08,3.118679e-06,0.0311,0.0159,169
21,features.11,302,pruned_before,nan,0.000000e+00,0.000000e+00,0.0000,0.0000,0
21,features.11,303,pruned_before,nan,0.000000e+00,0.000000e+00,0.0000,0.0000,0
21,features.11,304,pruned_before,nan,0.000000e+00,0.000000e+00,0.0000,0.0000,0
21,features.11,305,active,0.005063,2.444298e-08,4.125704e-06,0.0322,0.0210,169
21,features.11,306,pruned_before,nan,0.000000e+00,0.000000e+00,0.0000,0.0000,0
21,features.11,307,active,-0.016724,5.275183e-08,1.149398e-06,0.0694,0.0059,169
21,features.11,308,active,-0.029124,8.837348e-08,1.614981e-06,0.1163,0.0082,169
21,features.11,309,active,-0.050000,2.158266e-07,9.869077e-06,0.2840,0.0503,169
21,features.11,310,active,-0.034904,1.070568e-07,2.062148e-06,0.1409,0.0105,169
21,features.11,311,active,-0.004243,7.278431e-08,6.867184e-06,0.0958,0.0350,169
21,features.11,312,active,0.006943,4.435154e-08,6.856922e-06,0.0584,0.0349,169
21,features.11,313,active,0.019164,3.326471e-07,4.219800e-05,0.4377,0.2150,169
21,features.11,314,pruned_before,nan,0.000000e+00,0.000000e+00,0.0000,0.0000,0
21,features.11,315,pruned_before,nan,0.000000e+00,0.000000e+00,0.0000,0.0000,0
21,features.11,316,active,-0.040532,1.138603e-07,1.236906e-06,0.1498,0.0063,169
21,features.11,317,active,-0.033497,2.672171e-07,2.018630e-05,0.3516,0.1028,169
21,features.11,318,pruned_before,nan,0.000000e+00,0.000000e+00,0.0000,0.0000,0
21,features.11,319,active,-0.014454,6.141003e-08,2.744478e-06,0.0808,0.0140,169
21,features.11,320,active,-0.102720,2.946179e-07,3.806029e-06,0.3876,0.0194,169
21,features.11,321,pruned_before,nan,0.000000e+00,0.000000e+00,0.0000,0.0000,0
21,features.11,322,pruned_before,nan,0.000000e+00,0.000000e+00,0.0000,0.0000,0
21,features.11,323,active,-0.042645,1.659020e-07,6.405231e-06,0.2183,0.0326,169
21,features.11,324,pruned_before,nan,0.000000e+00,0.000000e+00,0.0000,0.0000,0
21,features.11,325,active,-0.018951,5.645309e-08,9.343639e-07,0.0743,0.0048,169
21,features.11,326,active,0.032108,2.927167e-07,4.140778e-05,0.3851,0.2109,169
21,features.11,327,active,0.026319,1.526008e-07,2.427368e-05,0.2008,0.1236,169
21,features.11,328,pruned_before,nan,0.000000e+00,0.000000e+00,0.0000,0.0000,0
21,features.11,329,active,-0.055398,1.969195e-07,6.262360e-06,0.2591,0.0319,169
21,features.11,330,pruned_before,nan,0.000000e+00,0.000000e+00,0.0000,0.0000,0
21,features.11,331,active,-0.049359,1.516062e-07,2.939844e-06,0.1995,0.0150,169
21,features.11,332,pruned_before,nan,0.000000e+00,0.000000e+00,0.0000,0.0000,0
21,features.11,333,pruned_before,nan,0.000000e+00,0.000000e+00,0.0000,0.0000,0
21,features.11,334,pruned_before,nan,0.000000e+00,0.000000e+00,0.0000,0.0000,0
21,features.11,335,pruned_before,nan,0.000000e+00,0.000000e+00,0.0000,0.0000,0
21,features.11,336,active,-0.050749,2.165128e-07,9.734993e-06,0.2849,0.0496,169
21,features.11,337,pruned_before,nan,0.000000e+00,0.000000e+00,0.0000,0.0000,0
21,features.11,338,protected,0.147132,4.592611e-07,9.210251e-05,0.6043,0.4692,169
21,features.11,339,active,-0.069233,1.986609e-07,2.575036e-06,0.2614,0.0131,169
21,features.11,340,pruned_before,nan,0.000000e+00,0.000000e+00,0.0000,0.0000,0
21,features.11,341,pruned_before,nan,0.000000e+00,0.000000e+00,0.0000,0.0000,0
21,features.11,342,active,0.083491,1.083817e-07,3.541249e-05,0.1426,0.1804,169
21,features.11,343,active,0.087997,5.790032e-08,3.108813e-05,0.0762,0.1584,169
21,features.11,344,active,-0.066719,1.776551e-07,9.548771e-07,0.2337,0.0049,169
21,features.11,345,active,-0.058859,1.549994e-07,6.511588e-07,0.2039,0.0033,169
21,features.11,346,pruned_before,nan,0.000000e+00,0.000000e+00,0.0000,0.0000,0
21,features.11,347,active,0.015363,3.195076e-08,7.845381e-06,0.0420,0.0400,169
21,features.11,348,pruned_before,nan,0.000000e+00,0.000000e+00,0.0000,0.0000,0
21,features.11,349,active,-0.108364,3.708747e-07,1.066468e-05,0.4880,0.0543,169
21,features.11,350,active,0.060203,3.344931e-08,2.058679e-05,0.0440,0.1049,169
21,features.11,351,pruned_before,nan,0.000000e+00,0.000000e+00,0.0000,0.0000,0
21,features.11,352,pruned_before,nan,0.000000e+00,0.000000e+00,0.0000,0.0000,0
21,features.11,353,active,0.122694,2.635778e-07,6.358705e-05,0.3468,0.3239,169
21,features.11,354,pruned_before,nan,0.000000e+00,0.000000e+00,0.0000,0.0000,0
21,features.11,355,pruned_before,nan,0.000000e+00,0.000000e+00,0.0000,0.0000,0
21,features.11,356,pruned_before,nan,0.000000e+00,0.000000e+00,0.0000,0.0000,0
21,features.11,357,pruned_before,nan,0.000000e+00,0.000000e+00,0.0000,0.0000,0
21,features.11,358,active,-0.062105,2.777696e-07,1.333124e-05,0.3655,0.0679,169
21,features.11,359,pruned_before,nan,0.000000e+00,0.000000e+00,0.0000,0.0000,0
21,features.11,360,pruned_before,nan,0.000000e+00,0.000000e+00,0.0000,0.0000,0
21,features.11,361,active,-0.027424,8.132660e-08,1.311602e-06,0.1070,0.0067,169
21,features.11,362,active,0.041138,2.622444e-08,1.444001e-05,0.0345,0.0736,169
21,features.11,363,pruned_before,nan,0.000000e+00,0.000000e+00,0.0000,0.0000,0
21,features.11,364,active,0.032936,2.272567e-07,3.439382e-05,0.2990,0.1752,169
21,features.11,365,active,-0.008940,2.984389e-08,7.965222e-07,0.0393,0.0041,169
21,features.11,366,active,-0.142110,3.760832e-07,1.777041e-06,0.4948,0.0091,169
21,features.11,367,active,-0.005869,1.911772e-08,4.703275e-07,0.0252,0.0024,169
21,features.11,368,protected,0.655822,1.119238e-07,1.963144e-04,0.1473,1.0000,169
21,features.11,369,active,-0.021272,9.411696e-08,4.452927e-06,0.1238,0.0227,169
21,features.11,370,pruned_before,nan,0.000000e+00,0.000000e+00,0.0000,0.0000,0
21,features.11,371,pruned_before,nan,0.000000e+00,0.000000e+00,0.0000,0.0000,0
21,features.11,372,pruned_before,nan,0.000000e+00,0.000000e+00,0.0000,0.0000,0
21,features.11,373,active,-0.051014,2.064451e-07,8.546278e-06,0.2716,0.0435,169
21,features.11,374,pruned_now,-0.146549,5.417895e-07,1.887553e-05,0.7128,0.0961,169
21,features.11,375,active,0.003679,2.162282e-07,2.496784e-05,0.2845,0.1272,169
21,features.11,376,active,0.036487,1.243753e-07,2.400079e-05,0.1636,0.1223,169
21,features.11,377,pruned_before,nan,0.000000e+00,0.000000e+00,0.0000,0.0000,0
21,features.11,378,pruned_before,nan,0.000000e+00,0.000000e+00,0.0000,0.0000,0
21,features.11,379,active,-0.009102,3.666374e-08,1.505929e-06,0.0482,0.0077,169
21,features.11,380,active,-0.015577,5.801406e-08,2.053454e-06,0.0763,0.0105,169
21,features.11,381,pruned_before,nan,0.000000e+00,0.000000e+00,0.0000,0.0000,0
21,features.11,382,pruned_before,nan,0.000000e+00,0.000000e+00,0.0000,0.0000,0
21,features.11,383,active,-0.036470,1.305758e-07,4.226596e-06,0.1718,0.0215,169
21,features.12,0,pruned_before,nan,0.000000e+00,0.000000e+00,0.0000,0.0000,0
21,features.12,1,pruned_before,nan,0.000000e+00,0.000000e+00,0.0000,0.0000,0
21,features.12,2,active,-0.085361,5.949865e-08,9.396082e-07,0.3114,0.0115,201
21,features.12,3,pruned_before,nan,0.000000e+00,0.000000e+00,0.0000,0.0000,0
21,features.12,4,pruned_before,nan,0.000000e+00,0.000000e+00,0.0000,0.0000,0
21,features.12,5,active,-0.013146,9.149024e-09,1.421165e-07,0.0479,0.0017,201
21,features.12,6,pruned_before,nan,0.000000e+00,0.000000e+00,0.0000,0.0000,0
21,features.12,7,active,-0.010040,1.834047e-08,2.187089e-06,0.0960,0.0268,201
21,features.12,8,active,0.022168,6.110351e-09,3.703579e-06,0.0320,0.0454,201
21,features.12,9,active,-0.039050,2.800566e-08,5.739045e-07,0.1466,0.0070,201
21,features.12,10,active,-0.006313,7.819561e-09,6.954309e-07,0.0409,0.0085,201
21,features.12,11,active,0.006597,1.347523e-08,3.236303e-06,0.0705,0.0396,201
21,features.12,12,pruned_before,nan,0.000000e+00,0.000000e+00,0.0000,0.0000,0
21,features.12,13,active,-0.068852,5.555981e-08,2.143472e-06,0.2908,0.0263,201
21,features.12,14,pruned_before,nan,0.000000e+00,0.000000e+00,0.0000,0.0000,0
21,features.12,15,active,-0.034113,2.382075e-08,3.833900e-07,0.1247,0.0047,201
21,features.12,16,pruned_before,nan,0.000000e+00,0.000000e+00,0.0000,0.0000,0
21,features.12,17,pruned_before,nan,0.000000e+00,0.000000e+00,0.0000,0.0000,0
21,features.12,18,pruned_before,nan,0.000000e+00,0.000000e+00,0.0000,0.0000,0
21,features.12,19,active,-0.038755,2.883337e-08,7.598686e-07,0.1509,0.0093,201
21,features.12,20,pruned_before,nan,0.000000e+00,0.000000e+00,0.0000,0.0000,0
21,features.12,21,active,-0.079775,5.926087e-08,1.547342e-06,0.3102,0.0190,201
21,features.12,22,active,-0.053025,4.686274e-08,2.396635e-06,0.2453,0.0294,201
21,features.12,23,active,-0.049638,3.457246e-08,5.414961e-07,0.1809,0.0066,201
21,features.12,24,pruned_before,nan,0.000000e+00,0.000000e+00,0.0000,0.0000,0
21,features.12,25,active,-0.002317,1.878617e-09,7.375801e-08,0.0098,0.0009,201
21,features.12,26,pruned_before,nan,0.000000e+00,0.000000e+00,0.0000,0.0000,0
21,features.12,27,active,-0.023386,2.214651e-08,1.327635e-06,0.1159,0.0163,201
21,features.12,28,pruned_before,nan,0.000000e+00,0.000000e+00,0.0000,0.0000,0
21,features.12,29,active,-0.042005,2.816400e-08,2.583011e-07,0.1474,0.0032,201
21,features.12,30,pruned_before,nan,0.000000e+00,0.000000e+00,0.0000,0.0000,0
21,features.12,31,pruned_before,nan,0.000000e+00,0.000000e+00,0.0000,0.0000,0
21,features.12,32,active,-0.054620,3.849432e-08,6.785933e-07,0.2015,0.0083,201
21,features.12,33,pruned_before,nan,0.000000e+00,0.000000e+00,0.0000,0.0000,0
21,features.12,34,active,0.061709,5.189228e-08,1.669585e-05,0.2716,0.2045,201
21,features.12,35,pruned_before,nan,0.000000e+00,0.000000e+00,0.0000,0.0000,0
21,features.12,36,active,0.014538,2.909598e-08,7.022041e-06,0.1523,0.0860,201
21,features.12,37,active,-0.028610,2.098701e-08,5.062112e-07,0.1098,0.0062,201
21,features.12,38,pruned_before,nan,0.000000e+00,0.000000e+00,0.0000,0.0000,0
21,features.12,39,active,-0.037677,3.122133e-08,1.322684e-06,0.1634,0.0162,201
21,features.12,40,active,-0.024922,2.067536e-08,8.792555e-07,0.1082,0.0108,201
21,features.12,41,pruned_before,nan,0.000000e+00,0.000000e+00,0.0000,0.0000,0
21,features.12,42,pruned_before,nan,0.000000e+00,0.000000e+00,0.0000,0.0000,0
21,features.12,43,active,-0.042050,3.034491e-08,6.522870e-07,0.1588,0.0080,201
21,features.12,44,pruned_before,nan,0.000000e+00,0.000000e+00,0.0000,0.0000,0
21,features.12,45,pruned_before,nan,0.000000e+00,0.000000e+00,0.0000,0.0000,0
21,features.12,46,active,-0.002239,2.060117e-09,1.161064e-07,0.0108,0.0014,201
21,features.12,47,active,-0.015298,1.256331e-08,5.162598e-07,0.0658,0.0063,201
21,features.12,48,active,-0.002269,1.565237e-09,2.195179e-08,0.0082,0.0003,201
21,features.12,49,active,0.029202,3.494151e-08,9.802105e-06,0.1829,0.1201,201
21,features.12,50,pruned_before,nan,0.000000e+00,0.000000e+00,0.0000,0.0000,0
21,features.12,51,pruned_before,nan,0.000000e+00,0.000000e+00,0.0000,0.0000,0
21,features.12,52,pruned_before,nan,0.000000e+00,0.000000e+00,0.0000,0.0000,0
21,features.12,53,pruned_before,nan,0.000000e+00,0.000000e+00,0.0000,0.0000,0
21,features.12,54,pruned_before,nan,0.000000e+00,0.000000e+00,0.0000,0.0000,0
21,features.12,55,pruned_before,nan,0.000000e+00,0.000000e+00,0.0000,0.0000,0
21,features.12,56,active,-0.135852,9.703071e-08,1.923518e-06,0.5078,0.0236,201
21,features.12,57,pruned_before,nan,0.000000e+00,0.000000e+00,0.0000,0.0000,0
21,features.12,58,active,0.062742,1.162412e-08,9.444086e-06,0.0608,0.1157,201
21,features.12,59,active,-0.116945,7.850655e-08,7.367628e-07,0.4109,0.0090,201
21,features.12,60,active,-0.002166,4.363960e-09,5.463762e-07,0.0228,0.0067,201
21,features.12,61,active,-0.023367,1.872127e-08,7.027879e-07,0.0980,0.0086,201
21,features.12,62,active,-0.019332,1.409408e-08,3.261479e-07,0.0738,0.0040,201
21,features.12,63,active,-0.038698,3.015869e-08,1.009136e-06,0.1578,0.0124,201
21,features.12,64,active,-0.006838,7.574771e-09,5.894202e-07,0.0396,0.0072,201
21,features.12,65,active,-0.068511,5.638801e-08,2.334806e-06,0.2951,0.0286,201
21,features.12,66,pruned_before,nan,0.000000e+00,0.000000e+00,0.0000,0.0000,0
21,features.12,67,active,-0.015919,2.156611e-08,2.092032e-06,0.1129,0.0256,201
21,features.12,68,pruned_before,nan,0.000000e+00,0.000000e+00,0.0000,0.0000,0
21,features.12,69,active,-0.066730,4.476299e-08,4.142348e-07,0.2343,0.0051,201
21,features.12,70,active,-0.060372,4.230008e-08,7.046926e-07,0.2214,0.0086,201
21,features.12,71,pruned_before,nan,0.000000e+00,0.000000e+00,0.0000,0.0000,0
21,features.12,72,protected,0.339886,5.447663e-08,4.960534e-05,0.2851,0.6077,201
21,features.12,73,active,-0.021085,3.295551e-08,3.574907e-06,0.1725,0.0438,201
21,features.12,74,pruned_before,nan,0.000000e+00,0.000000e+00,0.0000,0.0000,0
21,features.12,75,active,0.014689,1.906615e-08,5.203384e-06,0.0998,0.0637,201
21,features.12,76,active,-0.022409,1.619591e-08,3.521068e-07,0.0848,0.0043,201
21,features.12,77,active,-0.017083,1.634490e-08,1.000426e-06,0.0855,0.0123,201
21,features.12,78,active,-0.007576,2.065336e-08,2.897805e-06,0.1081,0.0355,201
21,features.12,79,active,-0.049078,3.434673e-08,5.655445e-07,0.1798,0.0069,201
21,features.12,80,active,-0.009289,1.645956e-08,1.930252e-06,0.0861,0.0236,201
21,features.12,81,active,-0.000452,7.792402e-09,1.373971e-06,0.0408,0.0168,201
21,features.12,82,pruned_before,nan,0.000000e+00,0.000000e+00,0.0000,0.0000,0
21,features.12,83,pruned_before,nan,0.000000e+00,0.000000e+00,0.0000,0.0000,0
21,features.12,84,pruned_before,nan,0.000000e+00,0.000000e+00,0.0000,0.0000,0
21,features.12,85,active,-0.052088,3.508974e-08,3.505882e-07,0.1836,0.0043,201
21,features.12,86,active,-0.002542,4.590012e-09,5.439346e-07,0.0240,0.0067,201
21,features.12,87,active,-0.071295,4.800249e-08,4.750150e-07,0.2512,0.0058,201
21,features.12,88,pruned_before,nan,0.000000e+00,0.000000e+00,0.0000,0.0000,0
21,features.12,89,active,0.000000,0.000000e+00,0.000000e+00,0.0000,0.0000,201
21,features.12,90,active,0.000000,0.000000e+00,0.000000e+00,0.0000,0.0000,201
21,features.12,91,pruned_before,nan,0.000000e+00,0.000000e+00,0.0000,0.0000,0
21,features.12,92,pruned_before,nan,0.000000e+00,0.000000e+00,0.0000,0.0000,0
21,features.12,93,active,-0.000028,3.588579e-08,6.566690e-06,0.1878,0.0805,201
21,features.12,94,active,-0.080668,7.181126e-08,3.740948e-06,0.3758,0.0458,201
21,features.12,95,active,0.005631,8.331186e-09,2.181899e-06,0.0436,0.0267,201
21,features.12,96,pruned_before,nan,0.000000e+00,0.000000e+00,0.0000,0.0000,0
21,features.12,97,active,-0.030979,2.585813e-08,1.121814e-06,0.1353,0.0137,201
21,features.12,98,active,-0.012833,1.357655e-08,9.892179e-07,0.0711,0.0121,201
21,features.12,99,active,-0.036753,2.770660e-08,7.869379e-07,0.1450,0.0096,201
21,features.12,100,pruned_before,nan,0.000000e+00,0.000000e+00,0.0000,0.0000,0
21,features.12,101,pruned_before,nan,0.000000e+00,0.000000e+00,0.0000,0.0000,0
21,features.12,102,active,-0.018406,1.587846e-08,7.607798e-07,0.0831,0.0093,201
21,features.12,103,pruned_before,nan,0.000000e+00,0.000000e+00,0.0000,0.0000,0
21,features.12,104,active,-0.060933,4.268859e-08,7.104118e-07,0.2234,0.0087,201
21,features.12,105,active,-0.097449,6.872985e-08,1.220157e-06,0.3597,0.0149,201
21,features.12,106,active,-0.087573,7.684834e-08,3.858005e-06,0.4022,0.0473,201
21,features.12,107,active,-0.074755,4.883239e-08,2.234358e-07,0.2556,0.0027,201
21,features.12,108,active,-0.009559,3.008015e-08,4.392386e-06,0.1574,0.0538,201
21,features.12,109,pruned_before,nan,0.000000e+00,0.000000e+00,0.0000,0.0000,0
21,features.12,110,active,-0.062076,4.022946e-08,1.268564e-07,0.2105,0.0016,201
21,features.12,111,active,-0.098380,7.264583e-08,1.828430e-06,0.3802,0.0224,201
21,features.12,112,pruned_before,nan,0.000000e+00,0.000000e+00,0.0000,0.0000,0
21,features.12,113,active,-0.046175,3.652771e-08,1.303304e-06,0.1912,0.0160,201
21,features.12,114,active,0.038194,1.129760e-08,6.521955e-06,0.0591,0.0799,201
21,features.12,115,pruned_before,nan,0.000000e+00,0.000000e+00,0.0000,0.0000,0
21,features.12,116,active,-0.019027,1.301185e-08,1.636350e-07,0.0681,0.0020,201
21,features.12,117,active,0.000000,0.000000e+00,0.000000e+00,0.0000,0.0000,201
21,features.12,118,active,-0.069750,4.565809e-08,2.259001e-07,0.2390,0.0028,201
21,features.12,119,pruned_before,nan,0.000000e+00,0.000000e+00,0.0000,0.0000,0
21,features.12,120,active,-0.103414,6.810425e-08,4.099788e-07,0.3564,0.0050,201
21,features.12,121,pruned_before,nan,0.000000e+00,0.000000e+00,0.0000,0.0000,0
21,features.12,122,active,-0.123648,8.897519e-08,1.871652e-06,0.4657,0.0229,201
21,features.12,123,active,-0.035670,2.889634e-08,1.131050e-06,0.1512,0.0139,201
21,features.12,124,active,-0.003459,1.267606e-08,1.917399e-06,0.0663,0.0235,201
21,features.12,125,pruned_before,nan,0.000000e+00,0.000000e+00,0.0000,0.0000,0
21,features.12,126,active,0.212924,3.166920e-08,3.062566e-05,0.1657,0.3752,201
21,features.12,127,active,0.019125,8.046696e-09,3.703266e-06,0.0421,0.0454,201
21,features.12,128,active,0.030704,1.280020e-08,5.923688e-06,0.0670,0.0726,201
21,features.12,129,active,-0.059488,4.050285e-08,4.787080e-07,0.2120,0.0059,201
21,features.12,130,active,0.090132,4.065050e-08,1.795189e-05,0.2128,0.2199,201
21,features.12,131,active,0.011323,9.513722e-11,1.337768e-06,0.0005,0.0164,201
21,features.12,132,pruned_before,nan,0.000000e+00,0.000000e+00,0.0000,0.0000,0
21,features.12,133,active,-0.002888,3.954587e-09,3.872239e-07,0.0207,0.0047,201
21,features.12,134,active,-0.053193,3.460347e-08,1.326599e-07,0.1811,0.0016,201
21,features.12,135,pruned_before,nan,0.000000e+00,0.000000e+00,0.0000,0.0000,0
21,features.12,136,active,-0.003625,4.988218e-09,4.905427e-07,0.0261,0.0060,201
21,features.12,137,active,-0.012090,1.189142e-08,7.673835e-07,0.0622,0.0094,201
21,features.12,138,active,-0.012278,8.662838e-09,1.543057e-07,0.0453,0.0019,201
21,features.12,139,active,-0.005460,1.081026e-08,1.342441e-06,0.0566,0.0164,201
21,features.12,140,pruned_before,nan,0.000000e+00,0.000000e+00,0.0000,0.0000,0
21,features.12,141,pruned_before,nan,0.000000e+00,0.000000e+00,0.0000,0.0000,0
21,features.12,142,active,-0.119957,9.185546e-08,2.829388e-06,0.4807,0.0347,201
21,features.12,143,active,-0.031636,2.378862e-08,6.663006e-07,0.1245,0.0082,201
21,features.12,144,pruned_before,nan,0.000000e+00,0.000000e+00,0.0000,0.0000,0
21,features.12,145,pruned_before,nan,0.000000e+00,0.000000e+00,0.0000,0.0000,0
21,features.12,146,active,0.006832,3.540489e-09,1.444783e-06,0.0185,0.0177,201
21,features.12,147,pruned_before,nan,0.000000e+00,0.000000e+00,0.0000,0.0000,0
21,features.12,148,active,-0.011786,3.499803e-08,5.033066e-06,0.1832,0.0617,201
21,features.12,149,active,-0.083055,5.371131e-08,1.488652e-07,0.2811,0.0018,201
21,features.12,150,pruned_before,nan,0.000000e+00,0.000000e+00,0.0000,0.0000,0
21,features.12,151,pruned_before,nan,0.000000e+00,0.000000e+00,0.0000,0.0000,0
21,features.12,152,active,-0.050298,3.474663e-08,4.964601e-07,0.1819,0.0061,201
21,features.12,153,pruned_before,nan,0.000000e+00,0.000000e+00,0.0000,0.0000,0
21,features.12,154,active,-0.034631,2.235098e-08,5.393922e-08,0.1170,0.0007,201
21,features.12,155,active,-0.035612,2.719016e-08,8.254325e-07,0.1423,0.0101,201
21,features.12,156,active,0.005480,1.188788e-09,8.566161e-07,0.0062,0.0105,201
21,features.12,157,pruned_before,nan,0.000000e+00,0.000000e+00,0.0000,0.0000,0
21,features.12,158,pruned_now,-0.174367,1.126044e-07,2.837452e-07,0.5893,0.0035,201
21,features.12,159,pruned_before,nan,0.000000e+00,0.000000e+00,0.0000,0.0000,0
21,features.12,160,active,-0.020266,1.871352e-08,1.062964e-06,0.0979,0.0130,201
21,features.12,161,pruned_before,nan,0.000000e+00,0.000000e+00,0.0000,0.0000,0
21,features.12,162,pruned_before,nan,0.000000e+00,0.000000e+00,0.0000,0.0000,0
21,features.12,163,active,0.000000,0.000000e+00,0.000000e+00,0.0000,0.0000,201
21,features.12,164,pruned_before,nan,0.000000e+00,0.000000e+00,0.0000,0.0000,0
21,features.12,165,active,-0.041301,2.970322e-08,6.222261e-07,0.1555,0.0076,201
21,features.12,166,active,-0.075956,5.256289e-08,7.664838e-07,0.2751,0.0094,201
21,features.12,167,active,-0.069799,4.924807e-08,8.774325e-07,0.2577,0.0107,201
21,features.12,168,active,-0.001342,4.439658e-09,6.563583e-07,0.0232,0.0080,201
21,features.12,169,active,-0.018868,1.568549e-08,6.716285e-07,0.0821,0.0082,201
21,features.12,170,pruned_before,nan,0.000000e+00,0.000000e+00,0.0000,0.0000,0
21,features.12,171,active,0.078200,6.604699e-08,2.121022e-05,0.3457,0.2599,201
21,features.12,172,pruned_before,nan,0.000000e+00,0.000000e+00,0.0000,0.0000,0
21,features.12,173,active,-0.008554,3.056372e-08,4.598094e-06,0.1600,0.0563,201
21,features.12,174,pruned_before,nan,0.000000e+00,0.000000e+00,0.0000,0.0000,0
21,features.12,175,pruned_before,nan,0.000000e+00,0.000000e+00,0.0000,0.0000,0
21,features.12,176,active,-0.048177,3.508298e-08,8.053482e-07,0.1836,0.0099,201
21,features.12,177,active,0.012094,1.015553e-08,3.269496e-06,0.0532,0.0401,201
21,features.12,178,pruned_before,nan,0.000000e+00,0.000000e+00,0.0000,0.0000,0
21,features.12,179,active,-0.011446,1.265193e-08,9.817047e-07,0.0662,0.0120,201
21,features.12,180,active,-0.016634,1.719197e-08,1.207874e-06,0.0900,0.0148,201
21,features.12,181,pruned_before,nan,0.000000e+00,0.000000e+00,0.0000,0.0000,0
21,features.12,182,pruned_before,nan,0.000000e+00,0.000000e+00,0.0000,0.0000,0
21,features.12,183,pruned_before,nan,0.000000e+00,0.000000e+00,0.0000,0.0000,0
21,features.12,184,pruned_before,nan,0.000000e+00,0.000000e+00,0.0000,0.0000,0
21,features.12,185,pruned_before,nan,0.000000e+00,0.000000e+00,0.0000,0.0000,0
21,features.12,186,pruned_before,nan,0.000000e+00,0.000000e+00,0.0000,0.0000,0
21,features.12,187,active,-0.015490,1.546277e-08,1.024753e-06,0.0809,0.0126,201
21,features.12,188,pruned_before,nan,0.000000e+00,0.000000e+00,0.0000,0.0000,0
21,features.12,189,pruned_before,nan,0.000000e+00,0.000000e+00,0.0000,0.0000,0
21,features.12,190,active,-0.110920,7.521220e-08,8.361550e-07,0.3936,0.0102,201
21,features.12,191,active,-0.034712,2.344034e-08,2.439139e-07,0.1227,0.0030,201
21,features.12,192,active,-0.089748,6.077440e-08,6.615367e-07,0.3181,0.0081,201
21,features.12,193,active,-0.004947,9.603970e-09,1.181457e-06,0.0503,0.0145,201
21,features.12,194,active,-0.021157,1.644561e-08,5.438988e-07,0.0861,0.0067,201
21,features.12,195,pruned_now,-0.151495,1.033078e-07,1.248692e-06,0.5407,0.0153,201
21,features.12,196,active,-0.027528,2.076971e-08,5.926448e-07,0.1087,0.0073,201
21,features.12,197,protected,0.578517,7.737265e-08,8.162234e-05,0.4049,1.0000,201
21,features.12,198,pruned_before,nan,0.000000e+00,0.000000e+00,0.0000,0.0000,0
21,features.12,199,active,0.003423,8.593378e-09,1.972372e-06,0.0450,0.0242,201
21,features.12,200,active,-0.008852,1.240069e-08,1.238140e-06,0.0649,0.0152,201
21,features.12,201,active,-0.025036,2.020807e-08,7.804232e-07,0.1058,0.0096,201
21,features.12,202,active,-0.014238,9.387382e-09,5.837983e-08,0.0491,0.0007,201
21,features.12,203,pruned_before,nan,0.000000e+00,0.000000e+00,0.0000,0.0000,0
21,features.12,204,pruned_before,nan,0.000000e+00,0.000000e+00,0.0000,0.0000,0
21,features.12,205,pruned_before,nan,0.000000e+00,0.000000e+00,0.0000,0.0000,0
21,features.12,206,active,-0.011027,1.219819e-08,9.474508e-07,0.0638,0.0116,201
21,features.12,207,pruned_before,nan,0.000000e+00,0.000000e+00,0.0000,0.0000,0
21,features.12,208,active,-0.025633,1.911001e-08,5.097857e-07,0.1000,0.0062,201
21,features.12,209,pruned_before,nan,0.000000e+00,0.000000e+00,0.0000,0.0000,0
21,features.12,210,active,-0.006478,6.946007e-09,5.162581e-07,0.0364,0.0063,201
21,features.12,211,active,-0.077744,5.098025e-08,2.682440e-07,0.2668,0.0033,201
21,features.12,212,pruned_before,nan,0.000000e+00,0.000000e+00,0.0000,0.0000,0
21,features.12,213,pruned_before,nan,0.000000e+00,0.000000e+00,0.0000,0.0000,0
21,features.12,214,pruned_before,nan,0.000000e+00,0.000000e+00,0.0000,0.0000,0
21,features.12,215,active,-0.001521,7.601396e-09,1.214335e-06,0.0398,0.0149,201
21,features.12,216,pruned_before,nan,0.000000e+00,0.000000e+00,0.0000,0.0000,0
21,features.12,217,active,-0.041316,2.678811e-08,8.679699e-08,0.1402,0.0011,201
21,features.12,218,pruned_before,nan,0.000000e+00,0.000000e+00,0.0000,0.0000,0
21,features.12,219,pruned_before,nan,0.000000e+00,0.000000e+00,0.0000,0.0000,0
21,features.12,220,active,-0.021598,1.638488e-08,4.813731e-07,0.0858,0.0059,201
21,features.12,221,pruned_before,nan,0.000000e+00,0.000000e+00,0.0000,0.0000,0
21,features.12,222,pruned_before,nan,0.000000e+00,0.000000e+00,0.0000,0.0000,0
21,features.12,223,pruned_before,nan,0.000000e+00,0.000000e+00,0.0000,0.0000,0
21,features.12,224,pruned_before,nan,0.000000e+00,0.000000e+00,0.0000,0.0000,0
21,features.12,225,active,-0.000971,5.844437e-09,9.567743e-07,0.0306,0.0117,201
21,features.12,226,active,-0.067755,6.416386e-08,3.846595e-06,0.3358,0.0471,201
21,features.12,227,pruned_now,-0.239899,1.578670e-07,9.290540e-07,0.8262,0.0114,201
21,features.12,228,active,-0.032040,2.081453e-08,7.475207e-08,0.1089,0.0009,201
21,features.12,229,active,-0.117538,8.038609e-08,1.011698e-06,0.4207,0.0124,201
21,features.12,230,active,-0.135068,8.957236e-08,6.494114e-07,0.4688,0.0080,201
21,features.12,231,active,-0.034031,2.636000e-08,8.578234e-07,0.1380,0.0105,201
21,features.12,232,active,0.000000,0.000000e+00,0.000000e+00,0.0000,0.0000,201
21,features.12,233,active,0.035711,1.558661e-08,7.017551e-06,0.0816,0.0860,201
21,features.12,234,pruned_before,nan,0.000000e+00,0.000000e+00,0.0000,0.0000,0
21,features.12,235,active,0.000000,0.000000e+00,0.000000e+00,0.0000,0.0000,201
21,features.12,236,pruned_before,nan,0.000000e+00,0.000000e+00,0.0000,0.0000,0
21,features.12,237,active,-0.129548,8.390705e-08,2.558503e-07,0.4391,0.0031,201
21,features.12,238,active,-0.016190,1.206221e-08,3.204945e-07,0.0631,0.0039,201
21,features.12,239,active,-0.031023,2.278649e-08,5.543124e-07,0.1193,0.0068,201
21,features.12,240,active,-0.010031,1.144856e-08,9.263881e-07,0.0599,0.0113,201
21,features.12,241,pruned_before,nan,0.000000e+00,0.000000e+00,0.0000,0.0000,0
21,features.12,242,pruned_before,nan,0.000000e+00,0.000000e+00,0.0000,0.0000,0
21,features.12,243,active,-0.042079,2.771733e-08,1.678526e-07,0.1451,0.0021,201
21,features.12,244,active,-0.024222,2.353960e-08,1.485179e-06,0.1232,0.0182,201
21,features.12,245,pruned_before,nan,0.000000e+00,0.000000e+00,0.0000,0.0000,0
21,features.12,246,pruned_before,nan,0.000000e+00,0.000000e+00,0.0000,0.0000,0
21,features.12,247,active,-0.081853,5.543428e-08,6.044588e-07,0.2901,0.0074,201
21,features.12,248,active,-0.085040,6.760551e-08,2.461143e-06,0.3538,0.0302,201
21,features.12,249,active,-0.006071,6.114159e-09,4.115125e-07,0.0320,0.0050,201
21,features.12,250,pruned_before,nan,0.000000e+00,0.000000e+00,0.0000,0.0000,0
21,features.12,251,pruned_before,nan,0.000000e+00,0.000000e+00,0.0000,0.0000,0
21,features.12,252,active,-0.083951,5.797706e-08,8.253759e-07,0.3034,0.0101,201
21,features.12,253,pruned_before,nan,0.000000e+00,0.000000e+00,0.0000,0.0000,0
21,features.12,254,active,-0.005696,2.678601e-08,4.239791e-06,0.1402,0.0519,201
21,features.12,255,pruned_before,nan,0.000000e+00,0.000000e+00,0.0000,0.0000,0
21,features.12,256,active,0.007294,1.100369e-08,2.865101e-06,0.0576,0.0351,201
21,features.12,257,active,-0.032458,2.160878e-08,1.713445e-07,0.1131,0.0021,201
21,features.12,258,active,-0.018725,1.425756e-08,4.268744e-07,0.0746,0.0052,201
21,features.12,259,pruned_before,nan,0.000000e+00,0.000000e+00,0.0000,0.0000,0
21,features.12,260,pruned_before,nan,0.000000e+00,0.000000e+00,0.0000,0.0000,0
21,features.12,261,active,-0.051110,6.145698e-08,5.291911e-06,0.3216,0.0648,201
21,features.12,262,active,-0.009019,1.151130e-08,1.055873e-06,0.0602,0.0129,201
21,features.12,263,pruned_before,nan,0.000000e+00,0.000000e+00,0.0000,0.0000,0
21,features.12,264,active,0.006154,1.578188e-08,3.606882e-06,0.0826,0.0442,201
21,features.12,265,pruned_before,nan,0.000000e+00,0.000000e+00,0.0000,0.0000,0
21,features.12,266,active,0.040312,2.080998e-08,8.510401e-06,0.1089,0.1043,201
21,features.12,267,pruned_before,nan,0.000000e+00,0.000000e+00,0.0000,0.0000,0
21,features.12,268,active,-0.067668,4.949274e-08,1.170764e-06,0.2590,0.0143,201
21,features.12,269,pruned_before,nan,0.000000e+00,0.000000e+00,0.0000,0.0000,0
21,features.12,270,pruned_before,nan,0.000000e+00,0.000000e+00,0.0000,0.0000,0
21,features.12,271,active,-0.082240,5.808365e-08,1.044435e-06,0.3040,0.0128,201
21,features.12,272,pruned_before,nan,0.000000e+00,0.000000e+00,0.0000,0.0000,0
21,features.12,273,active,-0.035087,2.358356e-08,2.264054e-07,0.1234,0.0028,201
21,features.12,274,active,-0.075790,5.483369e-08,1.201499e-06,0.2870,0.0147,201
21,features.12,275,pruned_before,nan,0.000000e+00,0.000000e+00,0.0000,0.0000,0
21,features.12,276,pruned_before,nan,0.000000e+00,0.000000e+00,0.0000,0.0000,0
21,features.12,277,pruned_now,-0.175986,1.139100e-07,3.339781e-07,0.5962,0.0041,201
21,features.12,278,pruned_before,nan,0.000000e+00,0.000000e+00,0.0000,0.0000,0
21,features.12,279,active,-0.044252,3.227220e-08,7.484203e-07,0.1689,0.0092,201
21,features.12,280,active,0.011009,1.116408e-08,3.327594e-06,0.0584,0.0408,201
21,features.12,281,pruned_before,nan,0.000000e+00,0.000000e+00,0.0000,0.0000,0
21,features.12,282,active,0.041954,6.380938e-09,6.060217e-06,0.0334,0.0742,201
21,features.12,283,active,-0.011934,9.457454e-09,3.399730e-07,0.0495,0.0042,201
21,features.12,284,pruned_before,nan,0.000000e+00,0.000000e+00,0.0000,0.0000,0
21,features.12,285,pruned_before,nan,0.000000e+00,0.000000e+00,0.0000,0.0000,0
21,features.12,286,active,-0.012805,1.319326e-08,9.223158e-07,0.0690,0.0113,201
21,features.12,287,pruned_before,nan,0.000000e+00,0.000000e+00,0.0000,0.0000,0
21,features.12,288,active,0.000012,9.459810e-09,1.733275e-06,0.0495,0.0212,201
21,features.12,289,pruned_before,nan,0.000000e+00,0.000000e+00,0.0000,0.0000,0
21,features.12,290,pruned_before,nan,0.000000e+00,0.000000e+00,0.0000,0.0000,0
21,features.12,291,active,-0.077259,5.750857e-08,1.519925e-06,0.3010,0.0186,201
21,features.12,292,pruned_before,nan,0.000000e+00,0.000000e+00,0.0000,0.0000,0
21,features.12,293,active,-0.047306,3.559638e-08,1.000904e-06,0.1863,0.0123,201
21,features.12,294,active,0.010347,3.055785e-09,1.765969e-06,0.0160,0.0216,201
21,features.12,295,active,-0.017385,1.270061e-08,2.980427e-07,0.0665,0.0037,201
21,features.12,296,active,-0.015902,2.204748e-08,2.182251e-06,0.1154,0.0267,201
21,features.12,297,pruned_before,nan,0.000000e+00,0.000000e+00,0.0000,0.0000,0
21,features.12,298,active,-0.009119,6.342842e-09,9.795599e-08,0.0332,0.0012,201
21,features.12,299,pruned_before,nan,0.000000e+00,0.000000e+00,0.0000,0.0000,0
21,features.12,300,pruned_before,nan,0.000000e+00,0.000000e+00,0.0000,0.0000,0
21,features.12,301,pruned_before,nan,0.000000e+00,0.000000e+00,0.0000,0.0000,0
21,features.12,302,active,-0.012622,1.101513e-08,5.448770e-07,0.0576,0.0067,201
21,features.12,303,active,-0.013163,9.403847e-09,1.867598e-07,0.0492,0.0023,201
21,features.12,304,pruned_before,nan,0.000000e+00,0.000000e+00,0.0000,0.0000,0
21,features.12,305,active,-0.053206,3.839534e-08,8.253830e-07,0.2009,0.0101,201
21,features.12,306,pruned_before,nan,0.000000e+00,0.000000e+00,0.0000,0.0000,0
21,features.12,307,pruned_before,nan,0.000000e+00,0.000000e+00,0.0000,0.0000,0
21,features.12,308,active,-0.029025,3.033569e-08,2.169365e-06,0.1588,0.0266,201
21,features.12,309,active,-0.048562,4.958119e-08,3.414764e-06,0.2595,0.0418,201
21,features.12,310,active,-0.091091,6.230089e-08,7.845083e-07,0.3261,0.0096,201
21,features.12,311,active,-0.134854,8.670514e-08,1.493871e-07,0.4538,0.0018,201
21,features.12,312,active,0.027837,5.046520e-09,4.169797e-06,0.0264,0.0511,201
21,features.12,313,pruned_before,nan,0.000000e+00,0.000000e+00,0.0000,0.0000,0
21,features.12,314,active,-0.010007,7.833847e-09,2.673479e-07,0.0410,0.0033,201
21,features.12,315,pruned_before,nan,0.000000e+00,0.000000e+00,0.0000,0.0000,0
21,features.12,316,active,-0.086855,6.016572e-08,8.874413e-07,0.3149,0.0109,201
21,features.12,317,active,-0.107505,7.191039e-08,6.298541e-07,0.3764,0.0077,201
21,features.12,318,pruned_before,nan,0.000000e+00,0.000000e+00,0.0000,0.0000,0
21,features.12,319,active,-0.132441,8.710983e-08,5.049024e-07,0.4559,0.0062,201
21,features.12,320,active,-0.008928,6.935901e-09,2.287987e-07,0.0363,0.0028,201
21,features.12,321,active,-0.039810,2.715440e-08,3.293629e-07,0.1421,0.0040,201
21,features.12,322,active,-0.000029,1.657907e-08,3.031930e-06,0.0868,0.0371,201
21,features.12,323,pruned_before,nan,0.000000e+00,0.000000e+00,0.0000,0.0000,0
21,features.12,324,active,-0.061420,4.101392e-08,3.469623e-07,0.2147,0.0043,201
21,features.12,325,pruned_before,nan,0.000000e+00,0.000000e+00,0.0000,0.0000,0
21,features.12,326,pruned_before,nan,0.000000e+00,0.000000e+00,0.0000,0.0000,0
21,features.12,327,pruned_before,nan,0.000000e+00,0.000000e+00,0.0000,0.0000,0
21,features.12,328,active,-0.055418,3.762283e-08,4.260604e-07,0.1969,0.0052,201
21,features.12,329,pruned_before,nan,0.000000e+00,0.000000e+00,0.0000,0.0000,0
21,features.12,330,active,-0.043334,2.990785e-08,4.226060e-07,0.1565,0.0052,201
21,features.12,331,active,-0.048420,3.792674e-08,1.297656e-06,0.1985,0.0159,201
21,features.12,332,pruned_before,nan,0.000000e+00,0.000000e+00,0.0000,0.0000,0
21,features.12,333,pruned_before,nan,0.000000e+00,0.000000e+00,0.0000,0.0000,0
21,features.12,334,active,-0.001494,9.290948e-09,1.526788e-06,0.0486,0.0187,201
21,features.12,335,pruned_before,nan,0.000000e+00,0.000000e+00,0.0000,0.0000,0
21,features.12,336,active,-0.057015,4.168024e-08,9.826500e-07,0.2181,0.0120,201
21,features.12,337,active,0.000499,2.728499e-08,5.053518e-06,0.1428,0.0619,201
21,features.12,338,active,0.039747,1.138130e-08,6.718363e-06,0.0596,0.0823,201
21,features.12,339,pruned_before,nan,0.000000e+00,0.000000e+00,0.0000,0.0000,0
21,features.12,340,active,0.025344,8.445269e-09,4.501363e-06,0.0442,0.0551,201
21,features.12,341,active,-0.033716,2.802959e-08,1.200202e-06,0.1467,0.0147,201
21,features.12,342,pruned_before,nan,0.000000e+00,0.000000e+00,0.0000,0.0000,0
21,features.12,343,active,-0.048420,3.167824e-08,1.536254e-07,0.1658,0.0019,201
21,features.12,344,pruned_before,nan,0.000000e+00,0.000000e+00,0.0000,0.0000,0
21,features.12,345,active,-0.008259,1.129711e-08,1.105234e-06,0.0591,0.0135,201
21,features.12,346,pruned_before,nan,0.000000e+00,0.000000e+00,0.0000,0.0000,0
21,features.12,347,active,-0.072294,6.587040e-08,3.629734e-06,0.3447,0.0445,201
21,features.12,348,active,-0.042690,4.075326e-08,2.483250e-06,0.2133,0.0304,201
21,features.12,349,active,0.000805,1.128852e-08,2.160535e-06,0.0591,0.0265,201
21,features.12,350,pruned_before,nan,0.000000e+00,0.000000e+00,0.0000,0.0000,0
21,features.12,351,active,-0.065015,4.252276e-08,2.040151e-07,0.2225,0.0025,201
21,features.12,352,active,-0.143448,9.405146e-08,4.922737e-07,0.4922,0.0060,201
21,features.12,353,active,-0.001865,1.159530e-08,1.905378e-06,0.0607,0.0233,201
21,features.12,354,pruned_before,nan,0.000000e+00,0.000000e+00,0.0000,0.0000,0
21,features.12,355,pruned_before,nan,0.000000e+00,0.000000e+00,0.0000,0.0000,0
21,features.12,356,active,-0.098442,7.171475e-08,1.650796e-06,0.3753,0.0202,201
21,features.12,357,active,-0.050737,3.817696e-08,1.073234e-06,0.1998,0.0131,201
21,features.12,358,pruned_before,nan,0.000000e+00,0.000000e+00,0.0000,0.0000,0
21,features.12,359,pruned_now,-0.203175,1.361548e-07,1.236119e-06,0.7126,0.0151,201
21,features.12,360,pruned_before,nan,0.000000e+00,0.000000e+00,0.0000,0.0000,0
21,features.12,361,active,-0.002376,3.456385e-09,3.557551e-07,0.0181,0.0044,201
21,features.12,362,pruned_before,nan,0.000000e+00,0.000000e+00,0.0000,0.0000,0
21,features.12,363,pruned_before,nan,0.000000e+00,0.000000e+00,0.0000,0.0000,0
21,features.12,364,pruned_before,nan,0.000000e+00,0.000000e+00,0.0000,0.0000,0
21,features.12,365,active,0.082182,1.122064e-08,1.163691e-05,0.0587,0.1426,201
21,features.12,366,active,-0.020685,2.070034e-08,1.377803e-06,0.1083,0.0169,201
21,features.12,367,pruned_before,nan,0.000000e+00,0.000000e+00,0.0000,0.0000,0
21,features.12,368,pruned_before,nan,0.000000e+00,0.000000e+00,0.0000,0.0000,0
21,features.12,369,active,0.000000,0.000000e+00,0.000000e+00,0.0000,0.0000,201
21,features.12,370,active,-0.004115,1.401363e-08,2.085834e-06,0.0733,0.0256,201
21,features.12,371,active,-0.018028,1.744785e-08,1.092230e-06,0.0913,0.0134,201
21,features.12,372,pruned_before,nan,0.000000e+00,0.000000e+00,0.0000,0.0000,0
21,features.12,373,active,-0.004441,6.670177e-09,7.033071e-07,0.0349,0.0086,201
21,features.12,374,pruned_before,nan,0.000000e+00,0.000000e+00,0.0000,0.0000,0
21,features.12,375,active,-0.021936,1.929800e-08,9.752687e-07,0.1010,0.0119,201
21,features.12,376,pruned_before,nan,0.000000e+00,0.000000e+00,0.0000,0.0000,0
21,features.12,377,active,0.182939,5.442751e-08,3.129579e-05,0.2849,0.3834,201
21,features.12,378,pruned_before,nan,0.000000e+00,0.000000e+00,0.0000,0.0000,0
21,features.12,379,active,0.052070,7.412420e-09,7.428575e-06,0.0388,0.0910,201
21,features.12,380,pruned_before,nan,0.000000e+00,0.000000e+00,0.0000,0.0000,0
21,features.12,381,active,-0.046066,3.068584e-08,2.465077e-07,0.1606,0.0030,201
21,features.12,382,pruned_before,nan,0.000000e+00,0.000000e+00,0.0000,0.0000,0
21,features.12,383,active,-0.015910,1.747834e-08,1.344752e-06,0.0915,0.0165,201
21,features.12,384,active,-0.063486,4.271536e-08,4.175899e-07,0.2236,0.0051,201
21,features.12,385,active,-0.091404,7.304191e-08,2.714442e-06,0.3823,0.0333,201
21,features.12,386,pruned_before,nan,0.000000e+00,0.000000e+00,0.0000,0.0000,0
21,features.12,387,pruned_before,nan,0.000000e+00,0.000000e+00,0.0000,0.0000,0
21,features.12,388,pruned_before,nan,0.000000e+00,0.000000e+00,0.0000,0.0000,0
21,features.12,389,pruned_before,nan,0.000000e+00,0.000000e+00,0.0000,0.0000,0
21,features.12,390,pruned_before,nan,0.000000e+00,0.000000e+00,0.0000,0.0000,0
21,features.12,391,active,-0.026694,2.470855e-08,1.410985e-06,0.1293,0.0173,201
21,features.12,392,active,-0.018824,3.907133e-08,4.958226e-06,0.2045,0.0607,201
21,features.12,393,active,-0.001358,6.203782e-09,9.774534e-07,0.0325,0.0120,201
21,features.12,394,active,-0.027132,1.828593e-08,1.840710e-07,0.0957,0.0023,201
21,features.12,395,pruned_before,nan,0.000000e+00,0.000000e+00,0.0000,0.0000,0
21,features.12,396,active,-0.046898,4.110600e-08,2.057153e-06,0.2151,0.0252,201
21,features.12,397,active,-0.056520,3.711687e-08,2.049060e-07,0.1943,0.0025,201
21,features.12,398,active,-0.048518,3.136069e-08,8.409310e-08,0.1641,0.0010,201
21,features.12,399,pruned_before,nan,0.000000e+00,0.000000e+00,0.0000,0.0000,0
21,features.12,400,active,-0.008733,1.446606e-08,1.630164e-06,0.0757,0.0200,201
21,features.12,401,pruned_before,nan,0.000000e+00,0.000000e+00,0.0000,0.0000,0
21,features.12,402,pruned_before,nan,0.000000e+00,0.000000e+00,0.0000,0.0000,0
21,features.12,403,active,-0.003164,3.934587e-09,3.514451e-07,0.0206,0.0043,201
21,features.12,404,active,-0.044322,2.869750e-08,8.584404e-08,0.1502,0.0011,201
21,features.12,405,active,-0.061219,3.981426e-08,1.507799e-07,0.2084,0.0018,201
21,features.12,406,active,-0.018306,1.349762e-08,3.365660e-07,0.0706,0.0041,201
21,features.12,407,active,0.045028,6.501114e-09,6.440656e-06,0.0340,0.0789,201
21,features.12,408,active,-0.002608,2.424972e-08,4.135470e-06,0.1269,0.0507,201
21,features.12,409,active,-0.057065,5.487897e-08,3.393162e-06,0.2872,0.0416,201
21,features.12,410,active,-0.010740,1.526857e-08,1.543087e-06,0.0799,0.0189,201
21,features.12,411,active,-0.069247,7.779322e-08,6.167902e-06,0.4071,0.0756,201
21,features.12,412,pruned_before,nan,0.000000e+00,0.000000e+00,0.0000,0.0000,0
21,features.12,413,active,0.046601,2.123924e-09,5.822646e-06,0.0111,0.0713,201
21,features.12,414,active,0.011615,6.820281e-09,2.603024e-06,0.0357,0.0319,201
21,features.12,415,pruned_before,nan,0.000000e+00,0.000000e+00,0.0000,0.0000,0
21,features.12,416,active,0.037934,6.581251e-08,1.647213e-05,0.3444,0.2018,201
21,features.12,417,pruned_now,-0.165562,1.145607e-07,1.668504e-06,0.5996,0.0204,201
21,features.12,418,pruned_before,nan,0.000000e+00,0.000000e+00,0.0000,0.0000,0
21,features.12,419,pruned_before,nan,0.000000e+00,0.000000e+00,0.0000,0.0000,0
21,features.12,420,active,-0.002462,2.716920e-09,2.102823e-07,0.0142,0.0026,201
21,features.12,421,active,-0.007218,1.197651e-08,1.350990e-06,0.0627,0.0166,201
21,features.12,422,pruned_before,nan,0.000000e+00,0.000000e+00,0.0000,0.0000,0
21,features.12,423,active,-0.019700,1.443552e-08,3.457829e-07,0.0756,0.0042,201
21,features.12,424,pruned_before,nan,0.000000e+00,0.000000e+00,0.0000,0.0000,0
21,features.12,425,pruned_before,nan,0.000000e+00,0.000000e+00,0.0000,0.0000,0
21,features.12,426,pruned_before,nan,0.000000e+00,0.000000e+00,0.0000,0.0000,0
21,features.12,427,active,-0.047683,3.294765e-08,4.719706e-07,0.1724,0.0058,201
21,features.12,428,pruned_before,nan,0.000000e+00,0.000000e+00,0.0000,0.0000,0
21,features.12,429,active,-0.030607,2.283415e-08,6.115169e-07,0.1195,0.0075,201
21,features.12,430,pruned_before,nan,0.000000e+00,0.000000e+00,0.0000,0.0000,0
21,features.12,431,pruned_before,nan,0.000000e+00,0.000000e+00,0.0000,0.0000,0
21,features.12,432,pruned_now,-0.143663,1.003913e-07,1.627986e-06,0.5254,0.0199,201
21,features.12,433,pruned_before,nan,0.000000e+00,0.000000e+00,0.0000,0.0000,0
21,features.12,434,pruned_before,nan,0.000000e+00,0.000000e+00,0.0000,0.0000,0
21,features.12,435,active,-0.054071,3.919051e-08,8.701352e-07,0.2051,0.0107,201
21,features.12,436,pruned_before,nan,0.000000e+00,0.000000e+00,0.0000,0.0000,0
21,features.12,437,active,-0.009045,6.303440e-09,9.929404e-08,0.0330,0.0012,201
21,features.12,438,pruned_before,nan,0.000000e+00,0.000000e+00,0.0000,0.0000,0
21,features.12,439,active,-0.026335,1.904603e-08,4.161201e-07,0.0997,0.0051,201
21,features.12,440,active,-0.024274,2.185209e-08,1.170199e-06,0.1144,0.0143,201
21,features.12,441,pruned_before,nan,0.000000e+00,0.000000e+00,0.0000,0.0000,0
21,features.12,442,active,-0.015088,1.718216e-08,1.386380e-06,0.0899,0.0170,201
21,features.12,443,active,-0.073604,4.798985e-08,2.034279e-07,0.2512,0.0025,201
21,features.12,444,pruned_before,nan,0.000000e+00,0.000000e+00,0.0000,0.0000,0
21,features.12,445,pruned_before,nan,0.000000e+00,0.000000e+00,0.0000,0.0000,0
21,features.12,446,pruned_before,nan,0.000000e+00,0.000000e+00,0.0000,0.0000,0
21,features.12,447,pruned_before,nan,0.000000e+00,0.000000e+00,0.0000,0.0000,0
21,features.12,448,active,-0.014001,6.184588e-08,9.690149e-06,0.3237,0.1187,201
21,features.12,449,pruned_before,nan,0.000000e+00,0.000000e+00,0.0000,0.0000,0
21,features.12,450,active,0.019987,3.647099e-09,2.998298e-06,0.0191,0.0367,201
21,features.12,451,active,-0.013336,3.019233e-08,3.972566e-06,0.1580,0.0487,201
21,features.12,452,active,-0.022814,1.768771e-08,5.780582e-07,0.0926,0.0071,201
21,features.12,453,pruned_before,nan,0.000000e+00,0.000000e+00,0.0000,0.0000,0
21,features.12,454,pruned_before,nan,0.000000e+00,0.000000e+00,0.0000,0.0000,0
21,features.12,455,pruned_before,nan,0.000000e+00,0.000000e+00,0.0000,0.0000,0
21,features.12,456,pruned_before,nan,0.000000e+00,0.000000e+00,0.0000,0.0000,0
21,features.12,457,active,-0.102487,6.799534e-08,4.981273e-07,0.3559,0.0061,201
21,features.12,458,pruned_before,nan,0.000000e+00,0.000000e+00,0.0000,0.0000,0
21,features.12,459,pruned_before,nan,0.000000e+00,0.000000e+00,0.0000,0.0000,0
21,features.12,460,pruned_before,nan,0.000000e+00,0.000000e+00,0.0000,0.0000,0
21,features.12,461,active,-0.011768,8.249215e-09,1.380554e-07,0.0432,0.0017,201
21,features.12,462,active,-0.030177,2.539746e-08,1.130949e-06,0.1329,0.0139,201
21,features.12,463,active,-0.100873,7.026401e-08,1.101755e-06,0.3677,0.0135,201
21,features.12,464,pruned_before,nan,0.000000e+00,0.000000e+00,0.0000,0.0000,0
21,features.12,465,pruned_before,nan,0.000000e+00,0.000000e+00,0.0000,0.0000,0
21,features.12,466,active,-0.025274,1.792059e-08,3.338295e-07,0.0938,0.0041,201
21,features.12,467,pruned_before,nan,0.000000e+00,0.000000e+00,0.0000,0.0000,0
21,features.12,468,active,-0.128518,1.230475e-07,7.541797e-06,0.6440,0.0924,201
21,features.12,469,active,-0.009883,4.190562e-08,6.519619e-06,0.2193,0.0799,201
21,features.12,470,pruned_before,nan,0.000000e+00,0.000000e+00,0.0000,0.0000,0
21,features.12,471,active,-0.003394,8.640773e-09,1.186235e-06,0.0452,0.0145,201
21,features.12,472,pruned_before,nan,0.000000e+00,0.000000e+00,0.0000,0.0000,0
21,features.12,473,active,0.001049,1.038204e-08,2.023033e-06,0.0543,0.0248,201
21,features.12,474,active,-0.045364,4.077906e-08,2.176188e-06,0.2134,0.0267,201
21,features.12,475,pruned_before,nan,0.000000e+00,0.000000e+00,0.0000,0.0000,0
21,features.12,476,pruned_before,nan,0.000000e+00,0.000000e+00,0.0000,0.0000,0
21,features.12,477,pruned_before,nan,0.000000e+00,0.000000e+00,0.0000,0.0000,0
21,features.12,478,pruned_before,nan,0.000000e+00,0.000000e+00,0.0000,0.0000,0
21,features.12,479,pruned_before,nan,0.000000e+00,0.000000e+00,0.0000,0.0000,0
21,features.12,480,active,-0.036504,2.370635e-08,8.366200e-08,0.1241,0.0010,201
21,features.12,481,active,0.044937,1.822648e-09,5.573445e-06,0.0095,0.0683,201
21,features.12,482,active,-0.055861,4.223936e-08,1.219542e-06,0.2211,0.0149,201
21,features.12,483,pruned_before,nan,0.000000e+00,0.000000e+00,0.0000,0.0000,0
21,features.12,484,pruned_before,nan,0.000000e+00,0.000000e+00,0.0000,0.0000,0
21,features.12,485,active,-0.111933,7.382448e-08,4.639408e-07,0.3864,0.0057,201
21,features.12,486,pruned_before,nan,0.000000e+00,0.000000e+00,0.0000,0.0000,0
21,features.12,487,pruned_before,nan,0.000000e+00,0.000000e+00,0.0000,0.0000,0
21,features.12,488,active,-0.116575,9.699246e-08,4.164234e-06,0.5076,0.0510,201
21,features.12,489,pruned_before,nan,0.000000e+00,0.000000e+00,0.0000,0.0000,0
21,features.12,490,active,0.020496,2.226212e-09,2.797485e-06,0.0117,0.0343,201
21,features.12,491,active,-0.082094,8.028534e-08,5.126145e-06,0.4202,0.0628,201
21,features.12,492,pruned_before,nan,0.000000e+00,0.000000e+00,0.0000,0.0000,0
21,features.12,493,active,-0.025440,1.813151e-08,3.531290e-07,0.0949,0.0043,201
21,features.12,494,pruned_before,nan,0.000000e+00,0.000000e+00,0.0000,0.0000,0
21,features.12,495,pruned_before,nan,0.000000e+00,0.000000e+00,0.0000,0.0000,0
21,features.12,496,pruned_now,-0.160477,1.045954e-07,4.369950e-07,0.5474,0.0054,201
21,features.12,497,pruned_before,nan,0.000000e+00,0.000000e+00,0.0000,0.0000,0
21,features.12,498,active,-0.019474,1.560573e-08,5.863806e-07,0.0817,0.0072,201
21,features.12,499,pruned_before,nan,0.000000e+00,0.000000e+00,0.0000,0.0000,0
21,features.12,500,pruned_before,nan,0.000000e+00,0.000000e+00,0.0000,0.0000,0
21,features.12,501,pruned_before,nan,0.000000e+00,0.000000e+00,0.0000,0.0000,0
21,features.12,502,active,0.030194,5.520366e-09,4.531408e-06,0.0289,0.0555,201
21,features.12,503,active,-0.009812,9.336448e-09,5.651986e-07,0.0489,0.0069,201
21,features.12,504,pruned_before,nan,0.000000e+00,0.000000e+00,0.0000,0.0000,0
21,features.12,505,active,-0.054818,6.107846e-08,4.790226e-06,0.3197,0.0587,201
21,features.12,506,active,0.008732,9.824145e-09,2.816762e-06,0.0514,0.0345,201
21,features.12,507,pruned_before,nan,0.000000e+00,0.000000e+00,0.0000,0.0000,0
21,features.12,508,pruned_before,nan,0.000000e+00,0.000000e+00,0.0000,0.0000,0
21,features.12,509,active,-0.053596,4.497746e-08,1.984931e-06,0.2354,0.0243,201
21,features.12,510,pruned_before,nan,0.000000e+00,0.000000e+00,0.0000,0.0000,0
21,features.12,511,pruned_before,nan,0.000000e+00,0.000000e+00,0.0000,0.0000,0
21,features.12,512,active,-0.009334,7.146067e-09,2.198891e-07,0.0374,0.0027,201
21,features.12,513,pruned_before,nan,0.000000e+00,0.000000e+00,0.0000,0.0000,0
21,features.12,514,active,-0.001056,8.071011e-09,1.354542e-06,0.0422,0.0166,201
21,features.12,515,pruned_before,nan,0.000000e+00,0.000000e+00,0.0000,0.0000,0
21,features.12,516,pruned_before,nan,0.000000e+00,0.000000e+00,0.0000,0.0000,0
21,features.12,517,active,-0.067605,4.569185e-08,4.822560e-07,0.2391,0.0059,201
21,features.12,518,active,-0.102451,7.509467e-08,1.802105e-06,0.3930,0.0221,201
21,features.12,519,pruned_before,nan,0.000000e+00,0.000000e+00,0.0000,0.0000,0
21,features.12,520,pruned_before,nan,0.000000e+00,0.000000e+00,0.0000,0.0000,0
21,features.12,521,active,-0.008251,1.639256e-08,2.038990e-06,0.0858,0.0250,201
21,features.12,522,active,-0.063596,4.891757e-08,1.540267e-06,0.2560,0.0189,201
21,features.12,523,active,-0.063773,4.327561e-08,4.867056e-07,0.2265,0.0060,201
21,features.12,524,active,-0.068404,6.545546e-08,4.007417e-06,0.3426,0.0491,201
21,features.12,525,pruned_before,nan,0.000000e+00,0.000000e+00,0.0000,0.0000,0
21,features.12,526,active,-0.027251,2.148643e-08,7.561563e-07,0.1125,0.0093,201
21,features.12,527,active,0.000852,7.080544e-09,1.395655e-06,0.0371,0.0171,201
21,features.12,528,pruned_before,nan,0.000000e+00,0.000000e+00,0.0000,0.0000,0
21,features.12,529,active,0.005861,3.600214e-09,1.342593e-06,0.0188,0.0164,201
21,features.12,530,active,-0.041926,3.012347e-08,6.262376e-07,0.1577,0.0077,201
21,features.12,531,pruned_before,nan,0.000000e+00,0.000000e+00,0.0000,0.0000,0
21,features.12,532,active,-0.003105,3.691500e-09,3.137750e-07,0.0193,0.0038,201
21,features.12,533,pruned_before,nan,0.000000e+00,0.000000e+00,0.0000,0.0000,0
21,features.12,534,active,-0.064777,4.467073e-08,6.250247e-07,0.2338,0.0077,201
21,features.12,535,active,-0.037682,2.460668e-08,1.110931e-07,0.1288,0.0014,201
21,features.12,536,active,-0.033323,2.438576e-08,5.789755e-07,0.1276,0.0071,201
21,features.12,537,active,-0.008855,2.743006e-08,3.989292e-06,0.1436,0.0489,201
21,features.12,538,active,-0.101124,6.601421e-08,2.943948e-07,0.3455,0.0036,201
21,features.12,539,active,-0.032136,3.531187e-08,2.717657e-06,0.1848,0.0333,201
21,features.12,540,pruned_now,-0.285876,1.910697e-07,1.646711e-06,1.0000,0.0202,201
21,features.12,541,pruned_before,nan,0.000000e+00,0.000000e+00,0.0000,0.0000,0
21,features.12,542,pruned_before,nan,0.000000e+00,0.000000e+00,0.0000,0.0000,0
21,features.12,543,pruned_before,nan,0.000000e+00,0.000000e+00,0.0000,0.0000,0
21,features.12,544,pruned_before,nan,0.000000e+00,0.000000e+00,0.0000,0.0000,0
21,features.12,545,pruned_now,-0.165824,1.352747e-07,5.430327e-06,0.7080,0.0665,201
21,features.12,546,pruned_before,nan,0.000000e+00,0.000000e+00,0.0000,0.0000,0
21,features.12,547,pruned_before,nan,0.000000e+00,0.000000e+00,0.0000,0.0000,0
21,features.12,548,active,-0.020057,1.609280e-08,6.075298e-07,0.0842,0.0074,201
21,features.12,549,active,-0.002954,4.593167e-09,4.964103e-07,0.0240,0.0061,201
21,features.12,550,active,0.075568,1.003696e-08,1.064898e-05,0.0525,0.1305,201
21,features.12,551,active,-0.012997,9.362055e-09,1.984823e-07,0.0490,0.0024,201
21,features.12,552,pruned_before,nan,0.000000e+00,0.000000e+00,0.0000,0.0000,0
21,features.12,553,pruned_now,-0.156047,1.029835e-07,6.585549e-07,0.5390,0.0081,201
21,features.12,554,active,0.001660,2.097402e-08,4.033416e-06,0.1098,0.0494,201
21,features.12,555,active,-0.074083,5.049105e-08,6.054939e-07,0.2643,0.0074,201
21,features.12,556,pruned_before,nan,0.000000e+00,0.000000e+00,0.0000,0.0000,0
21,features.12,557,pruned_before,nan,0.000000e+00,0.000000e+00,0.0000,0.0000,0
21,features.12,558,pruned_now,-0.184632,1.206872e-07,5.665240e-07,0.6316,0.0069,201
21,features.12,559,active,-0.024526,2.359218e-08,1.459361e-06,0.1235,0.0179,201
21,features.12,560,pruned_now,-0.278760,1.808992e-07,6.144542e-07,0.9468,0.0075,201
21,features.12,561,pruned_before,nan,0.000000e+00,0.000000e+00,0.0000,0.0000,0
21,features.12,562,pruned_before,nan,0.000000e+00,0.000000e+00,0.0000,0.0000,0
21,features.12,563,active,-0.018942,1.500026e-08,5.374766e-07,0.0785,0.0066,201
21,features.12,564,active,-0.139025,1.147714e-07,4.801410e-06,0.6007,0.0588,201
21,features.12,565,active,-0.040728,4.108898e-08,2.773517e-06,0.2150,0.0340,201
21,features.12,566,active,-0.010070,1.019549e-08,6.923337e-07,0.0534,0.0085,201
21,features.12,567,pruned_before,nan,0.000000e+00,0.000000e+00,0.0000,0.0000,0
21,features.12,568,pruned_before,nan,0.000000e+00,0.000000e+00,0.0000,0.0000,0
21,features.12,569,pruned_before,nan,0.000000e+00,0.000000e+00,0.0000,0.0000,0
21,features.12,570,active,-0.006590,8.856683e-09,8.530682e-07,0.0464,0.0105,201
21,features.12,571,active,-0.034962,2.389394e-08,2.978057e-07,0.1251,0.0036,201
21,features.12,572,pruned_before,nan,0.000000e+00,0.000000e+00,0.0000,0.0000,0
21,features.12,573,active,-0.092484,6.014520e-08,2.273123e-07,0.3148,0.0028,201
21,features.12,574,active,-0.062020,4.189393e-08,4.381938e-07,0.2193,0.0054,201
21,features.12,575,pruned_before,nan,0.000000e+00,0.000000e+00,0.0000,0.0000,0
21,features.13,0,pruned_before,nan,0.000000e+00,0.000000e+00,0.0000,0.0000,0
21,features.13,1,active,0.002765,1.109476e-08,5.151233e-06,0.0637,0.0313,201
21,features.13,2,active,-0.115858,7.752943e-08,4.181690e-06,0.4454,0.0254,201
21,features.13,3,pruned_before,nan,0.000000e+00,0.000000e+00,0.0000,0.0000,0
21,features.13,4,pruned_before,nan,0.000000e+00,0.000000e+00,0.0000,0.0000,0
21,features.13,5,pruned_before,nan,0.000000e+00,0.000000e+00,0.0000,0.0000,0
21,features.13,6,active,-0.016346,1.998860e-08,4.261103e-06,0.1148,0.0259,201
21,features.13,7,pruned_before,nan,0.000000e+00,0.000000e+00,0.0000,0.0000,0
21,features.13,8,pruned_before,nan,0.000000e+00,0.000000e+00,0.0000,0.0000,0
21,features.13,9,active,-0.019073,1.441884e-08,1.360036e-06,0.0828,0.0083,201
21,features.13,10,pruned_before,nan,0.000000e+00,0.000000e+00,0.0000,0.0000,0
21,features.13,11,pruned_before,nan,0.000000e+00,0.000000e+00,0.0000,0.0000,0
21,features.13,12,active,-0.111182,6.698552e-08,1.005085e-06,0.3848,0.0061,201
21,features.13,13,active,-0.008843,5.352067e-09,8.981563e-08,0.0307,0.0005,201
21,features.13,14,pruned_before,nan,0.000000e+00,0.000000e+00,0.0000,0.0000,0
21,features.13,15,active,-0.019669,1.605920e-08,1.885179e-06,0.0923,0.0114,201
21,features.13,16,pruned_before,nan,0.000000e+00,0.000000e+00,0.0000,0.0000,0
21,features.13,17,active,0.006066,3.647991e-09,2.907546e-06,0.0210,0.0176,201
21,features.13,18,pruned_before,nan,0.000000e+00,0.000000e+00,0.0000,0.0000,0
21,features.13,19,pruned_before,nan,0.000000e+00,0.000000e+00,0.0000,0.0000,0
21,features.13,20,pruned_before,nan,0.000000e+00,0.000000e+00,0.0000,0.0000,0
21,features.13,21,active,-0.000954,1.747707e-09,4.844841e-07,0.0100,0.0029,201
21,features.13,22,active,-0.108603,6.429732e-08,5.215412e-07,0.3694,0.0032,201
21,features.13,23,pruned_before,nan,0.000000e+00,0.000000e+00,0.0000,0.0000,0
21,features.13,24,pruned_before,nan,0.000000e+00,0.000000e+00,0.0000,0.0000,0
21,features.13,25,active,0.000000,0.000000e+00,0.000000e+00,0.0000,0.0000,201
21,features.13,26,pruned_before,nan,0.000000e+00,0.000000e+00,0.0000,0.0000,0
21,features.13,27,active,-0.053560,3.698720e-08,2.398076e-06,0.2125,0.0146,201
21,features.13,28,active,-0.063918,3.828514e-08,4.867452e-07,0.2200,0.0030,201
21,features.13,29,active,-0.049460,3.546933e-08,2.747256e-06,0.2038,0.0167,201
21,features.13,30,pruned_before,nan,0.000000e+00,0.000000e+00,0.0000,0.0000,0
21,features.13,31,active,-0.016069,1.122240e-08,7.703916e-07,0.0645,0.0047,201
21,features.13,32,pruned_before,nan,0.000000e+00,0.000000e+00,0.0000,0.0000,0
21,features.13,33,active,-0.007812,6.781175e-09,9.122641e-07,0.0390,0.0055,201
21,features.13,34,pruned_before,nan,0.000000e+00,0.000000e+00,0.0000,0.0000,0
21,features.13,35,active,-0.028163,1.872762e-08,9.684724e-07,0.1076,0.0059,201
21,features.13,36,active,-0.058379,3.586081e-08,8.069661e-07,0.2060,0.0049,201
21,features.13,37,active,-0.003264,1.424140e-08,5.008732e-06,0.0818,0.0304,201
21,features.13,38,pruned_before,nan,0.000000e+00,0.000000e+00,0.0000,0.0000,0
21,features.13,39,active,-0.025787,1.870479e-08,1.518481e-06,0.1075,0.0092,201
21,features.13,40,active,-0.004230,1.104956e-08,3.486528e-06,0.0635,0.0212,201
21,features.13,41,pruned_before,nan,0.000000e+00,0.000000e+00,0.0000,0.0000,0
21,features.13,42,active,-0.005265,4.795474e-09,7.060366e-07,0.0276,0.0043,201
21,features.13,43,active,-0.027933,1.734090e-08,4.601819e-07,0.0996,0.0028,201
21,features.13,44,active,-0.004677,5.771112e-09,1.240147e-06,0.0332,0.0075,201
21,features.13,45,active,-0.051449,3.088658e-08,4.202676e-07,0.1774,0.0026,201
21,features.13,46,pruned_before,nan,0.000000e+00,0.000000e+00,0.0000,0.0000,0
21,features.13,47,pruned_before,nan,0.000000e+00,0.000000e+00,0.0000,0.0000,0
21,features.13,48,active,-0.059869,3.492248e-08,7.563142e-08,0.2006,0.0005,201
21,features.13,49,active,-0.014218,1.411913e-08,2.380941e-06,0.0811,0.0145,201
21,features.13,50,pruned_before,nan,0.000000e+00,0.000000e+00,0.0000,0.0000,0
21,features.13,51,active,-0.061906,3.992415e-08,1.625031e-06,0.2294,0.0099,201
21,features.13,52,active,-0.029108,2.135821e-08,1.813165e-06,0.1227,0.0110,201
21,features.13,53,pruned_before,nan,0.000000e+00,0.000000e+00,0.0000,0.0000,0
21,features.13,54,active,-0.121565,7.167174e-08,4.623071e-07,0.4118,0.0028,201
21,features.13,55,active,-0.065024,6.464057e-08,1.091738e-05,0.3714,0.0663,201
21,features.13,56,pruned_before,nan,0.000000e+00,0.000000e+00,0.0000,0.0000,0
21,features.13,57,pruned_before,nan,0.000000e+00,0.000000e+00,0.0000,0.0000,0
21,features.13,58,pruned_before,nan,0.000000e+00,0.000000e+00,0.0000,0.0000,0
21,features.13,59,pruned_before,nan,0.000000e+00,0.000000e+00,0.0000,0.0000,0
21,features.13,60,pruned_before,nan,0.000000e+00,0.000000e+00,0.0000,0.0000,0
21,features.13,61,pruned_before,nan,0.000000e+00,0.000000e+00,0.0000,0.0000,0
21,features.13,62,active,-0.075619,4.454341e-08,2.714180e-07,0.2559,0.0016,201
21,features.13,63,active,-0.082681,4.963747e-08,6.757073e-07,0.2852,0.0041,201
21,features.13,64,active,-0.015658,9.361988e-09,1.125411e-07,0.0538,0.0007,201
21,features.13,65,active,-0.050613,3.046352e-08,4.453499e-07,0.1750,0.0027,201
21,features.13,66,active,-0.061448,3.691322e-08,5.115160e-07,0.2121,0.0031,201
21,features.13,67,active,-0.112286,7.036690e-08,2.116806e-06,0.4043,0.0128,201
21,features.13,68,pruned_before,nan,0.000000e+00,0.000000e+00,0.0000,0.0000,0
21,features.13,69,active,-0.068301,4.002820e-08,1.622651e-07,0.2300,0.0010,201
21,features.13,70,active,-0.055455,3.355437e-08,5.595362e-07,0.1928,0.0034,201
21,features.13,71,pruned_before,nan,0.000000e+00,0.000000e+00,0.0000,0.0000,0
21,features.13,72,pruned_before,nan,0.000000e+00,0.000000e+00,0.0000,0.0000,0
21,features.13,73,active,-0.066888,4.096625e-08,8.753699e-07,0.2354,0.0053,201
21,features.13,74,pruned_before,nan,0.000000e+00,0.000000e+00,0.0000,0.0000,0
21,features.13,75,active,-0.008143,9.107345e-09,1.777939e-06,0.0523,0.0108,201
21,features.13,76,pruned_before,nan,0.000000e+00,0.000000e+00,0.0000,0.0000,0
21,features.13,77,active,-0.053720,4.183442e-08,4.326561e-06,0.2403,0.0263,201
21,features.13,78,active,-0.037466,2.268339e-08,3.835238e-07,0.1303,0.0023,201
21,features.13,79,active,-0.020931,1.286604e-08,2.927663e-07,0.0739,0.0018,201
21,features.13,80,active,-0.007661,4.690307e-09,9.963345e-08,0.0269,0.0006,201
21,features.13,81,pruned_before,nan,0.000000e+00,0.000000e+00,0.0000,0.0000,0
21,features.13,82,active,-0.040542,2.706166e-08,1.435646e-06,0.1555,0.0087,201
21,features.13,83,protected,0.494009,1.195160e-07,1.647480e-04,0.6866,1.0000,201
21,features.13,84,active,-0.074257,4.374875e-08,2.697719e-07,0.2513,0.0016,201
21,features.13,85,pruned_before,nan,0.000000e+00,0.000000e+00,0.0000,0.0000,0
21,features.13,86,pruned_before,nan,0.000000e+00,0.000000e+00,0.0000,0.0000,0
21,features.13,87,pruned_before,nan,0.000000e+00,0.000000e+00,0.0000,0.0000,0
21,features.13,88,pruned_before,nan,0.000000e+00,0.000000e+00,0.0000,0.0000,0
21,features.13,89,pruned_before,nan,0.000000e+00,0.000000e+00,0.0000,0.0000,0
21,features.13,90,pruned_before,nan,0.000000e+00,0.000000e+00,0.0000,0.0000,0
21,features.13,91,pruned_before,nan,0.000000e+00,0.000000e+00,0.0000,0.0000,0
21,features.13,92,pruned_before,nan,0.000000e+00,0.000000e+00,0.0000,0.0000,0
21,features.13,93,pruned_before,nan,0.000000e+00,0.000000e+00,0.0000,0.0000,0
21,features.13,94,active,-0.019748,1.174905e-08,1.181486e-07,0.0675,0.0007,201
21,features.13,95,active,-0.009651,8.076908e-09,1.005001e-06,0.0464,0.0061,201
21,features.13,96,pruned_before,nan,0.000000e+00,0.000000e+00,0.0000,0.0000,0
21,features.13,97,active,-0.096781,6.289461e-08,2.734851e-06,0.3613,0.0166,201
21,features.13,98,pruned_before,nan,0.000000e+00,0.000000e+00,0.0000,0.0000,0
21,features.13,99,pruned_before,nan,0.000000e+00,0.000000e+00,0.0000,0.0000,0
21,features.13,100,active,-0.095935,5.799394e-08,9.461728e-07,0.3332,0.0057,201
21,features.13,101,pruned_before,nan,0.000000e+00,0.000000e+00,0.0000,0.0000,0
21,features.13,102,pruned_before,nan,0.000000e+00,0.000000e+00,0.0000,0.0000,0
21,features.13,103,pruned_before,nan,0.000000e+00,0.000000e+00,0.0000,0.0000,0
21,features.13,104,active,-0.016080,1.656021e-08,2.932965e-06,0.0951,0.0178,201
21,features.13,105,pruned_before,nan,0.000000e+00,0.000000e+00,0.0000,0.0000,0
21,features.13,106,pruned_before,nan,0.000000e+00,0.000000e+00,0.0000,0.0000,0
21,features.13,107,pruned_before,nan,0.000000e+00,0.000000e+00,0.0000,0.0000,0
21,features.13,108,active,-0.040588,2.723944e-08,1.496980e-06,0.1565,0.0091,201
21,features.13,109,pruned_before,nan,0.000000e+00,0.000000e+00,0.0000,0.0000,0
21,features.13,110,active,-0.049765,3.038518e-08,6.130314e-07,0.1746,0.0037,201
21,features.13,111,pruned_before,nan,0.000000e+00,0.000000e+00,0.0000,0.0000,0
21,features.13,112,pruned_before,nan,0.000000e+00,0.000000e+00,0.0000,0.0000,0
21,features.13,113,pruned_before,nan,0.000000e+00,0.000000e+00,0.0000,0.0000,0
21,features.13,114,active,-0.008309,6.307526e-09,6.029274e-07,0.0362,0.0037,201
21,features.13,115,pruned_before,nan,0.000000e+00,0.000000e+00,0.0000,0.0000,0
21,features.13,116,pruned_before,nan,0.000000e+00,0.000000e+00,0.0000,0.0000,0
21,features.13,117,pruned_before,nan,0.000000e+00,0.000000e+00,0.0000,0.0000,0
21,features.13,118,active,-0.049445,2.951648e-08,3.361386e-07,0.1696,0.0020,201
21,features.13,119,pruned_before,nan,0.000000e+00,0.000000e+00,0.0000,0.0000,0
21,features.13,120,active,-0.058457,4.699346e-08,5.304508e-06,0.2700,0.0322,201
21,features.13,121,active,-0.042808,2.681089e-08,8.005732e-07,0.1540,0.0049,201
21,features.13,122,active,0.000000,0.000000e+00,0.000000e+00,0.0000,0.0000,201
21,features.13,123,pruned_before,nan,0.000000e+00,0.000000e+00,0.0000,0.0000,0
21,features.13,124,pruned_before,nan,0.000000e+00,0.000000e+00,0.0000,0.0000,0
21,features.13,125,pruned_before,nan,0.000000e+00,0.000000e+00,0.0000,0.0000,0
21,features.13,126,active,-0.083232,4.976867e-08,5.994093e-07,0.2859,0.0036,201
21,features.13,127,pruned_before,nan,0.000000e+00,0.000000e+00,0.0000,0.0000,0
21,features.13,128,active,-0.010212,1.086220e-08,2.002805e-06,0.0624,0.0122,201
21,features.13,129,pruned_before,nan,0.000000e+00,0.000000e+00,0.0000,0.0000,0
21,features.13,130,active,-0.101928,5.972210e-08,2.366324e-07,0.3431,0.0014,201
21,features.13,131,pruned_before,nan,0.000000e+00,0.000000e+00,0.0000,0.0000,0
21,features.13,132,active,0.000000,0.000000e+00,0.000000e+00,0.0000,0.0000,201
21,features.13,133,active,0.183908,3.006043e-08,5.547725e-05,0.1727,0.3367,201
21,features.13,134,active,-0.036642,2.250412e-08,5.048022e-07,0.1293,0.0031,201
21,features.13,135,active,-0.012664,9.055165e-09,6.926405e-07,0.0520,0.0042,201
21,features.13,136,pruned_before,nan,0.000000e+00,0.000000e+00,0.0000,0.0000,0
21,features.13,137,pruned_before,nan,0.000000e+00,0.000000e+00,0.0000,0.0000,0
21,features.13,138,pruned_before,nan,0.000000e+00,0.000000e+00,0.0000,0.0000,0
21,features.13,139,active,0.003188,2.478924e-08,1.080595e-05,0.1424,0.0656,201
21,features.13,140,active,-0.022797,2.845121e-08,6.175677e-06,0.1635,0.0375,201
21,features.13,141,active,-0.069614,4.176332e-08,5.570682e-07,0.2399,0.0034,201
21,features.13,142,active,-0.015810,9.450505e-09,1.125188e-07,0.0543,0.0007,201
21,features.13,143,active,-0.063146,3.950583e-08,1.163583e-06,0.2270,0.0071,201
21,features.13,144,pruned_before,nan,0.000000e+00,0.000000e+00,0.0000,0.0000,0
21,features.13,145,active,-0.012711,7.620391e-09,9.961671e-08,0.0438,0.0006,201
21,features.13,146,pruned_before,nan,0.000000e+00,0.000000e+00,0.0000,0.0000,0
21,features.13,147,active,-0.019634,1.222713e-08,3.389226e-07,0.0702,0.0021,201
21,features.13,148,active,-0.010687,7.797710e-09,6.478753e-07,0.0448,0.0039,201
21,features.13,149,pruned_now,-0.153814,8.995712e-08,2.895978e-07,0.5168,0.0018,201
21,features.13,150,pruned_before,nan,0.000000e+00,0.000000e+00,0.0000,0.0000,0
21,features.13,151,active,0.008245,6.465768e-09,4.563209e-06,0.0371,0.0277,201
21,features.13,152,active,-0.005487,4.171083e-09,4.006564e-07,0.0240,0.0024,201
21,features.13,153,pruned_before,nan,0.000000e+00,0.000000e+00,0.0000,0.0000,0
21,features.13,154,pruned_before,nan,0.000000e+00,0.000000e+00,0.0000,0.0000,0
21,features.13,155,pruned_before,nan,0.000000e+00,0.000000e+00,0.0000,0.0000,0
21,features.13,156,pruned_before,nan,0.000000e+00,0.000000e+00,0.0000,0.0000,0
21,features.13,157,pruned_before,nan,0.000000e+00,0.000000e+00,0.0000,0.0000,0
21,features.13,158,active,-0.033879,2.350932e-08,1.562799e-06,0.1351,0.0095,201
21,features.13,159,pruned_before,nan,0.000000e+00,0.000000e+00,0.0000,0.0000,0
21,features.13,160,pruned_before,nan,0.000000e+00,0.000000e+00,0.0000,0.0000,0
21,features.13,161,pruned_before,nan,0.000000e+00,0.000000e+00,0.0000,0.0000,0
21,features.13,162,pruned_before,nan,0.000000e+00,0.000000e+00,0.0000,0.0000,0
21,features.13,163,pruned_before,nan,0.000000e+00,0.000000e+00,0.0000,0.0000,0
21,features.13,164,pruned_before,nan,0.000000e+00,0.000000e+00,0.0000,0.0000,0
21,features.13,165,pruned_before,nan,0.000000e+00,0.000000e+00,0.0000,0.0000,0
21,features.13,166,pruned_before,nan,0.000000e+00,0.000000e+00,0.0000,0.0000,0
21,features.13,167,pruned_before,nan,0.000000e+00,0.000000e+00,0.0000,0.0000,0
21,features.13,168,active,-0.003964,2.116026e-08,7.650545e-06,0.1216,0.0464,201
21,features.13,169,active,-0.026994,2.438347e-08,3.537797e-06,0.1401,0.0215,201
21,features.13,170,pruned_before,nan,0.000000e+00,0.000000e+00,0.0000,0.0000,0
21,features.13,171,pruned_before,nan,0.000000e+00,0.000000e+00,0.0000,0.0000,0
21,features.13,172,pruned_before,nan,0.000000e+00,0.000000e+00,0.0000,0.0000,0
21,features.13,173,active,-0.039273,2.452856e-08,7.067242e-07,0.1409,0.0043,201
21,features.13,174,pruned_before,nan,0.000000e+00,0.000000e+00,0.0000,0.0000,0
21,features.13,175,active,-0.046072,2.710028e-08,1.497606e-07,0.1557,0.0009,201
21,features.13,176,pruned_before,nan,0.000000e+00,0.000000e+00,0.0000,0.0000,0
21,features.13,177,pruned_before,nan,0.000000e+00,0.000000e+00,0.0000,0.0000,0
21,features.13,178,pruned_before,nan,0.000000e+00,0.000000e+00,0.0000,0.0000,0
21,features.13,179,pruned_before,nan,0.000000e+00,0.000000e+00,0.0000,0.0000,0
21,features.13,180,active,-0.019175,3.411333e-08,9.325014e-06,0.1960,0.0566,201
21,features.13,181,active,-0.064497,3.926483e-08,7.477776e-07,0.2256,0.0045,201
21,features.13,182,pruned_now,-0.183042,1.093306e-07,1.269482e-06,0.6281,0.0077,201
21,features.13,183,pruned_before,nan,0.000000e+00,0.000000e+00,0.0000,0.0000,0
21,features.13,184,pruned_before,nan,0.000000e+00,0.000000e+00,0.0000,0.0000,0
21,features.13,185,pruned_before,nan,0.000000e+00,0.000000e+00,0.0000,0.0000,0
21,features.13,186,active,-0.032300,1.998557e-08,5.051501e-07,0.1148,0.0031,201
21,features.13,187,active,-0.007677,8.006698e-09,1.441149e-06,0.0460,0.0087,201
21,features.13,188,protected,0.467773,3.392693e-08,1.238546e-04,0.1949,0.7518,201
21,features.13,189,active,-0.014618,1.768284e-08,3.732428e-06,0.1016,0.0227,201
21,features.13,190,pruned_before,nan,0.000000e+00,0.000000e+00,0.0000,0.0000,0
21,features.13,191,active,-0.058180,3.692549e-08,1.285717e-06,0.2121,0.0078,201
21,features.13,192,active,-0.006527,4.002889e-09,8.758258e-08,0.0230,0.0005,201
21,features.13,193,active,-0.126081,7.623932e-08,1.252154e-06,0.4380,0.0076,201
21,features.13,194,pruned_before,nan,0.000000e+00,0.000000e+00,0.0000,0.0000,0
21,features.13,195,active,-0.088940,5.359900e-08,8.097484e-07,0.3079,0.0049,201
21,features.13,196,pruned_before,nan,0.000000e+00,0.000000e+00,0.0000,0.0000,0
21,features.13,197,active,-0.056555,3.342233e-08,2.471793e-07,0.1920,0.0015,201
21,features.13,198,pruned_now,-0.153149,9.051779e-08,6.735242e-07,0.5200,0.0041,201
21,features.13,199,active,0.003525,6.141428e-08,2.574181e-05,0.3528,0.1562,201
21,features.13,200,pruned_before,nan,0.000000e+00,0.000000e+00,0.0000,0.0000,0
21,features.13,201,active,-0.003696,2.825043e-09,2.761679e-07,0.0162,0.0017,201
21,features.13,202,pruned_before,nan,0.000000e+00,0.000000e+00,0.0000,0.0000,0
21,features.13,203,active,-0.060729,3.973053e-08,1.823674e-06,0.2283,0.0111,201
21,features.13,204,active,-0.010853,6.456666e-09,6.487823e-08,0.0371,0.0004,201
21,features.13,205,active,-0.076591,5.272180e-08,3.360135e-06,0.3029,0.0204,201
21,features.13,206,pruned_before,nan,0.000000e+00,0.000000e+00,0.0000,0.0000,0
21,features.13,207,pruned_before,nan,0.000000e+00,0.000000e+00,0.0000,0.0000,0
21,features.13,208,pruned_before,nan,0.000000e+00,0.000000e+00,0.0000,0.0000,0
21,features.13,209,active,-0.027032,1.761491e-08,7.832594e-07,0.1012,0.0048,201
21,features.13,210,active,-0.003195,2.427186e-09,2.325808e-07,0.0139,0.0014,201
21,features.13,211,pruned_before,nan,0.000000e+00,0.000000e+00,0.0000,0.0000,0
21,features.13,212,pruned_before,nan,0.000000e+00,0.000000e+00,0.0000,0.0000,0
21,features.13,213,pruned_before,nan,0.000000e+00,0.000000e+00,0.0000,0.0000,0
21,features.13,214,pruned_before,nan,0.000000e+00,0.000000e+00,0.0000,0.0000,0
21,features.13,215,pruned_before,nan,0.000000e+00,0.000000e+00,0.0000,0.0000,0
21,features.13,216,pruned_before,nan,0.000000e+00,0.000000e+00,0.0000,0.0000,0
21,features.13,217,active,-0.127012,7.452240e-08,3.365889e-07,0.4281,0.0020,201
21,features.13,218,active,-0.010117,8.709337e-09,1.151689e-06,0.0500,0.0070,201
21,features.13,219,pruned_before,nan,0.000000e+00,0.000000e+00,0.0000,0.0000,0
21,features.13,220,pruned_before,nan,0.000000e+00,0.000000e+00,0.0000,0.0000,0
21,features.13,221,pruned_before,nan,0.000000e+00,0.000000e+00,0.0000,0.0000,0
21,features.13,222,pruned_before,nan,0.000000e+00,0.000000e+00,0.0000,0.0000,0
21,features.13,223,active,-0.038458,2.370167e-08,5.631809e-07,0.1362,0.0034,201
21,features.13,224,pruned_before,nan,0.000000e+00,0.000000e+00,0.0000,0.0000,0
21,features.13,225,active,-0.000075,5.872114e-11,6.066263e-09,0.0003,0.0000,201
21,features.13,226,pruned_before,nan,0.000000e+00,0.000000e+00,0.0000,0.0000,0
21,features.13,227,pruned_before,nan,0.000000e+00,0.000000e+00,0.0000,0.0000,0
21,features.13,228,active,-0.020770,1.315554e-08,4.481747e-07,0.0756,0.0027,201
21,features.13,229,pruned_before,nan,0.000000e+00,0.000000e+00,0.0000,0.0000,0
21,features.13,230,pruned_before,nan,0.000000e+00,0.000000e+00,0.0000,0.0000,0
21,features.13,231,pruned_before,nan,0.000000e+00,0.000000e+00,0.0000,0.0000,0
21,features.13,232,pruned_now,-0.152057,8.882620e-08,2.444974e-07,0.5103,0.0015,201
21,features.13,233,pruned_before,nan,0.000000e+00,0.000000e+00,0.0000,0.0000,0
21,features.13,234,pruned_before,nan,0.000000e+00,0.000000e+00,0.0000,0.0000,0
21,features.13,235,pruned_before,nan,0.000000e+00,0.000000e+00,0.0000,0.0000,0
21,features.13,236,active,-0.039291,2.345866e-08,2.685943e-07,0.1348,0.0016,201
21,features.13,237,active,-0.057114,3.680537e-08,1.487719e-06,0.2115,0.0090,201
21,features.13,238,pruned_before,nan,0.000000e+00,0.000000e+00,0.0000,0.0000,0
21,features.13,239,active,0.406300,5.191042e-08,1.166816e-04,0.2982,0.7082,201
21,features.13,240,pruned_before,nan,0.000000e+00,0.000000e+00,0.0000,0.0000,0
21,features.13,241,active,-0.012055,1.012277e-08,1.268975e-06,0.0582,0.0077,201
21,features.13,242,active,-0.050211,3.119948e-08,8.385031e-07,0.1792,0.0051,201
21,features.13,243,pruned_before,nan,0.000000e+00,0.000000e+00,0.0000,0.0000,0
21,features.13,244,pruned_before,nan,0.000000e+00,0.000000e+00,0.0000,0.0000,0
21,features.13,245,active,-0.020630,1.245611e-08,1.974062e-07,0.0716,0.0012,201
21,features.13,246,pruned_before,nan,0.000000e+00,0.000000e+00,0.0000,0.0000,0
21,features.13,247,pruned_before,nan,0.000000e+00,0.000000e+00,0.0000,0.0000,0
21,features.13,248,active,-0.102006,6.693393e-08,3.143786e-06,0.3845,0.0191,201
21,features.13,249,pruned_before,nan,0.000000e+00,0.000000e+00,0.0000,0.0000,0
21,features.13,250,active,-0.094250,5.563498e-08,3.857180e-07,0.3196,0.0023,201
21,features.13,251,active,-0.050895,3.045606e-08,3.760351e-07,0.1750,0.0023,201
21,features.13,252,pruned_before,nan,0.000000e+00,0.000000e+00,0.0000,0.0000,0
21,features.13,253,active,-0.070803,4.345137e-08,9.619207e-07,0.2496,0.0058,201
21,features.13,254,pruned_before,nan,0.000000e+00,0.000000e+00,0.0000,0.0000,0
21,features.13,255,pruned_before,nan,0.000000e+00,0.000000e+00,0.0000,0.0000,0
21,features.13,256,active,-0.073756,4.328211e-08,1.982669e-07,0.2487,0.0012,201
21,features.13,257,active,-0.036344,2.229506e-08,4.901062e-07,0.1281,0.0030,201
21,features.13,258,pruned_before,nan,0.000000e+00,0.000000e+00,0.0000,0.0000,0
21,features.13,259,active,-0.011285,7.136560e-09,2.388497e-07,0.0410,0.0014,201
21,features.13,260,pruned_before,nan,0.000000e+00,0.000000e+00,0.0000,0.0000,0
21,features.13,261,active,-0.024667,1.486059e-08,2.226924e-07,0.0854,0.0014,201
21,features.13,262,active,-0.005617,4.615590e-09,5.502945e-07,0.0265,0.0033,201
21,features.13,263,pruned_before,nan,0.000000e+00,0.000000e+00,0.0000,0.0000,0
21,features.13,264,active,0.000919,4.051186e-09,1.859710e-06,0.0233,0.0113,201
21,features.13,265,pruned_before,nan,0.000000e+00,0.000000e+00,0.0000,0.0000,0
21,features.13,266,pruned_before,nan,0.000000e+00,0.000000e+00,0.0000,0.0000,0
21,features.13,267,pruned_before,nan,0.000000e+00,0.000000e+00,0.0000,0.0000,0
21,features.13,268,pruned_before,nan,0.000000e+00,0.000000e+00,0.0000,0.0000,0
21,features.13,269,pruned_before,nan,0.000000e+00,0.000000e+00,0.0000,0.0000,0
21,features.13,270,pruned_before,nan,0.000000e+00,0.000000e+00,0.0000,0.0000,0
21,features.13,271,active,-0.065253,3.875821e-08,3.644405e-07,0.2227,0.0022,201
21,features.13,272,active,0.022647,2.470517e-08,1.535156e-05,0.1419,0.0932,201
21,features.13,273,active,-0.055612,4.252559e-08,4.161569e-06,0.2443,0.0253,201
21,features.13,274,pruned_before,nan,0.000000e+00,0.000000e+00,0.0000,0.0000,0
21,features.13,275,pruned_before,nan,0.000000e+00,0.000000e+00,0.0000,0.0000,0
21,features.13,276,active,-0.034626,2.406276e-08,1.611398e-06,0.1382,0.0098,201
21,features.13,277,pruned_before,nan,0.000000e+00,0.000000e+00,0.0000,0.0000,0
21,features.13,278,active,-0.058580,3.793389e-08,1.600476e-06,0.2179,0.0097,201
21,features.13,279,active,0.004506,5.171912e-08,2.203998e-05,0.2971,0.1338,201
21,features.13,280,active,0.000000,0.000000e+00,0.000000e+00,0.0000,0.0000,201
21,features.13,281,active,0.000000,0.000000e+00,0.000000e+00,0.0000,0.0000,201
21,features.13,282,pruned_before,nan,0.000000e+00,0.000000e+00,0.0000,0.0000,0
21,features.13,283,pruned_before,nan,0.000000e+00,0.000000e+00,0.0000,0.0000,0
21,features.13,284,pruned_before,nan,0.000000e+00,0.000000e+00,0.0000,0.0000,0
21,features.13,285,active,-0.011804,8.674459e-09,7.406118e-07,0.0498,0.0045,201
21,features.13,286,pruned_before,nan,0.000000e+00,0.000000e+00,0.0000,0.0000,0
21,features.13,287,pruned_before,nan,0.000000e+00,0.000000e+00,0.0000,0.0000,0
21,features.13,288,active,-0.008951,1.194941e-08,2.740589e-06,0.0687,0.0166,201
21,features.13,289,pruned_before,nan,0.000000e+00,0.000000e+00,0.0000,0.0000,0
21,features.13,290,pruned_before,nan,0.000000e+00,0.000000e+00,0.0000,0.0000,0
21,features.13,291,pruned_before,nan,0.000000e+00,0.000000e+00,0.0000,0.0000,0
21,features.13,292,active,-0.094909,5.566771e-08,2.440440e-07,0.3198,0.0015,201
21,features.13,293,pruned_before,nan,0.000000e+00,0.000000e+00,0.0000,0.0000,0
21,features.13,294,active,-0.004388,7.739700e-09,2.106910e-06,0.0445,0.0128,201
21,features.13,295,active,-0.028167,1.705224e-08,2.877933e-07,0.0980,0.0017,201
21,features.13,296,active,-0.011039,2.272063e-08,6.618413e-06,0.1305,0.0402,201
21,features.13,297,active,-0.049596,4.154309e-08,5.179033e-06,0.2387,0.0314,201
21,features.13,298,pruned_before,nan,0.000000e+00,0.000000e+00,0.0000,0.0000,0
21,features.13,299,active,-0.017868,1.166839e-08,5.277992e-07,0.0670,0.0032,201
21,features.13,300,pruned_before,nan,0.000000e+00,0.000000e+00,0.0000,0.0000,0
21,features.13,301,pruned_before,nan,0.000000e+00,0.000000e+00,0.0000,0.0000,0
21,features.13,302,pruned_before,nan,0.000000e+00,0.000000e+00,0.0000,0.0000,0
21,features.13,303,active,0.056264,1.133276e-08,1.783911e-05,0.0651,0.1083,201
21,features.13,304,active,-0.022735,1.363137e-08,1.787699e-07,0.0783,0.0011,201
21,features.13,305,pruned_before,nan,0.000000e+00,0.000000e+00,0.0000,0.0000,0
21,features.13,306,pruned_before,nan,0.000000e+00,0.000000e+00,0.0000,0.0000,0
21,features.13,307,pruned_before,nan,0.000000e+00,0.000000e+00,0.0000,0.0000,0
21,features.13,308,active,-0.006039,7.913619e-09,1.788741e-06,0.0455,0.0109,201
21,features.13,309,pruned_before,nan,0.000000e+00,0.000000e+00,0.0000,0.0000,0
21,features.13,310,pruned_before,nan,0.000000e+00,0.000000e+00,0.0000,0.0000,0
21,features.13,311,active,-0.050958,3.027619e-08,2.882057e-07,0.1739,0.0017,201
21,features.13,312,pruned_before,nan,0.000000e+00,0.000000e+00,0.0000,0.0000,0
21,features.13,313,pruned_before,nan,0.000000e+00,0.000000e+00,0.0000,0.0000,0
21,features.13,314,pruned_before,nan,0.000000e+00,0.000000e+00,0.0000,0.0000,0
21,features.13,315,active,-0.074726,4.738659e-08,1.634944e-06,0.2722,0.0099,201
21,features.13,316,pruned_before,nan,0.000000e+00,0.000000e+00,0.0000,0.0000,0
21,features.13,317,pruned_before,nan,0.000000e+00,0.000000e+00,0.0000,0.0000,0
21,features.13,318,active,-0.045471,2.718837e-08,3.269366e-07,0.1562,0.0020,201
21,features.13,319,pruned_now,-0.196591,1.156885e-07,6.597917e-07,0.6646,0.0040,201
21,features.13,320,active,-0.000002,8.121466e-09,3.294023e-06,0.0467,0.0200,201
21,features.13,321,pruned_before,nan,0.000000e+00,0.000000e+00,0.0000,0.0000,0
21,features.13,322,pruned_before,nan,0.000000e+00,0.000000e+00,0.0000,0.0000,0
21,features.13,323,active,-0.028402,1.738955e-08,3.693333e-07,0.0999,0.0022,201
21,features.13,324,pruned_before,nan,0.000000e+00,0.000000e+00,0.0000,0.0000,0
21,features.13,325,active,-0.011871,8.216847e-09,5.391286e-07,0.0472,0.0033,201
21,features.13,326,pruned_before,nan,0.000000e+00,0.000000e+00,0.0000,0.0000,0
21,features.13,327,pruned_before,nan,0.000000e+00,0.000000e+00,0.0000,0.0000,0
21,features.13,328,pruned_before,nan,0.000000e+00,0.000000e+00,0.0000,0.0000,0
21,features.13,329,pruned_before,nan,0.000000e+00,0.000000e+00,0.0000,0.0000,0
21,features.13,330,pruned_before,nan,0.000000e+00,0.000000e+00,0.0000,0.0000,0
21,features.13,331,pruned_before,nan,0.000000e+00,0.000000e+00,0.0000,0.0000,0
21,features.13,332,active,-0.000327,1.139792e-09,3.854304e-07,0.0065,0.0023,201
21,features.13,333,active,-0.099695,7.493038e-08,6.931358e-06,0.4305,0.0421,201
21,features.13,334,pruned_before,nan,0.000000e+00,0.000000e+00,0.0000,0.0000,0
21,features.13,335,pruned_before,nan,0.000000e+00,0.000000e+00,0.0000,0.0000,0
21,features.13,336,active,-0.116988,6.890161e-08,4.159032e-07,0.3958,0.0025,201
21,features.13,337,pruned_before,nan,0.000000e+00,0.000000e+00,0.0000,0.0000,0
21,features.13,338,active,-0.018886,1.819173e-08,2.934377e-06,0.1045,0.0178,201
21,features.13,339,active,-0.023708,2.191183e-08,3.308597e-06,0.1259,0.0201,201
21,features.13,340,active,0.006847,1.875875e-08,9.220869e-06,0.1078,0.0560,201
21,features.13,341,active,-0.053869,8.433858e-08,2.153297e-05,0.4845,0.1307,201
21,features.13,342,active,-0.101116,5.999646e-08,5.390164e-07,0.3447,0.0033,201
21,features.13,343,pruned_before,nan,0.000000e+00,0.000000e+00,0.0000,0.0000,0
21,features.13,344,pruned_before,nan,0.000000e+00,0.000000e+00,0.0000,0.0000,0
21,features.13,345,active,-0.120922,8.001674e-08,3.998758e-06,0.4597,0.0243,201
21,features.13,346,active,-0.007960,7.119207e-09,1.014339e-06,0.0409,0.0062,201
21,features.13,347,pruned_before,nan,0.000000e+00,0.000000e+00,0.0000,0.0000,0
21,features.13,348,pruned_before,nan,0.000000e+00,0.000000e+00,0.0000,0.0000,0
21,features.13,349,pruned_before,nan,0.000000e+00,0.000000e+00,0.0000,0.0000,0
21,features.13,350,pruned_before,nan,0.000000e+00,0.000000e+00,0.0000,0.0000,0
21,features.13,351,active,-0.028150,2.202028e-08,2.307040e-06,0.1265,0.0140,201
21,features.13,352,active,-0.018781,1.342839e-08,1.026882e-06,0.0771,0.0062,201
21,features.13,353,active,-0.015003,8.833505e-09,5.222275e-08,0.0507,0.0003,201
21,features.13,354,active,-0.031421,2.439472e-08,2.500417e-06,0.1402,0.0152,201
21,features.13,355,pruned_before,nan,0.000000e+00,0.000000e+00,0.0000,0.0000,0
21,features.13,356,active,-0.101845,6.119832e-08,8.549835e-07,0.3516,0.0052,201
21,features.13,357,active,0.050952,7.005125e-08,4.040749e-05,0.4025,0.2453,201
21,features.13,358,pruned_before,nan,0.000000e+00,0.000000e+00,0.0000,0.0000,0
21,features.13,359,pruned_before,nan,0.000000e+00,0.000000e+00,0.0000,0.0000,0
21,features.13,360,active,-0.011650,8.082735e-09,5.367360e-07,0.0464,0.0033,201
21,features.13,361,active,-0.118049,7.244729e-08,1.604388e-06,0.4162,0.0097,201
21,features.13,362,active,-0.064731,3.917972e-08,6.582686e-07,0.2251,0.0040,201
21,features.13,363,pruned_before,nan,0.000000e+00,0.000000e+00,0.0000,0.0000,0
21,features.13,364,pruned_before,nan,0.000000e+00,0.000000e+00,0.0000,0.0000,0
21,features.13,365,pruned_before,nan,0.000000e+00,0.000000e+00,0.0000,0.0000,0
21,features.13,366,pruned_before,nan,0.000000e+00,0.000000e+00,0.0000,0.0000,0
21,features.13,367,pruned_before,nan,0.000000e+00,0.000000e+00,0.0000,0.0000,0
21,features.13,368,active,-0.039940,2.690954e-08,1.515620e-06,0.1546,0.0092,201
21,features.13,369,pruned_before,nan,0.000000e+00,0.000000e+00,0.0000,0.0000,0
21,features.13,370,active,-0.044172,5.032343e-08,1.001720e-05,0.2891,0.0608,201
21,features.13,371,active,-0.037248,2.278274e-08,4.751055e-07,0.1309,0.0029,201
21,features.13,372,active,0.233531,1.588002e-08,6.140408e-05,0.0912,0.3727,201
21,features.13,373,active,-0.058127,3.665946e-08,1.190175e-06,0.2106,0.0072,201
21,features.13,374,active,-0.004760,8.956246e-09,2.512792e-06,0.0515,0.0153,201
21,features.13,375,pruned_before,nan,0.000000e+00,0.000000e+00,0.0000,0.0000,0
21,features.13,376,active,-0.075164,4.482048e-08,4.908936e-07,0.2575,0.0030,201
21,features.13,377,active,-0.036835,2.298447e-08,6.541553e-07,0.1320,0.0040,201
21,features.13,378,pruned_before,nan,0.000000e+00,0.000000e+00,0.0000,0.0000,0
21,features.13,379,pruned_before,nan,0.000000e+00,0.000000e+00,0.0000,0.0000,0
21,features.13,380,active,-0.022797,1.433481e-08,4.493296e-07,0.0824,0.0027,201
21,features.13,381,pruned_before,nan,0.000000e+00,0.000000e+00,0.0000,0.0000,0
21,features.13,382,active,-0.029398,2.349216e-08,2.610488e-06,0.1350,0.0158,201
21,features.13,383,active,-0.096365,5.748490e-08,6.383808e-07,0.3303,0.0039,201
21,features.13,384,pruned_before,nan,0.000000e+00,0.000000e+00,0.0000,0.0000,0
21,features.13,385,pruned_before,nan,0.000000e+00,0.000000e+00,0.0000,0.0000,0
21,features.13,386,pruned_before,nan,0.000000e+00,0.000000e+00,0.0000,0.0000,0
21,features.13,387,active,-0.012485,7.442646e-09,8.059640e-08,0.0428,0.0005,201
21,features.13,388,pruned_before,nan,0.000000e+00,0.000000e+00,0.0000,0.0000,0
21,features.13,389,active,-0.033720,2.804236e-08,3.439070e-06,0.1611,0.0209,201
21,features.13,390,active,-0.018988,1.371486e-08,1.094494e-06,0.0788,0.0066,201
21,features.13,391,pruned_before,nan,0.000000e+00,0.000000e+00,0.0000,0.0000,0
21,features.13,392,active,-0.009472,3.284665e-08,1.109462e-05,0.1887,0.0673,201
21,features.13,393,pruned_before,nan,0.000000e+00,0.000000e+00,0.0000,0.0000,0
21,features.13,394,pruned_before,nan,0.000000e+00,0.000000e+00,0.0000,0.0000,0
21,features.13,395,pruned_before,nan,0.000000e+00,0.000000e+00,0.0000,0.0000,0
21,features.13,396,pruned_before,nan,0.000000e+00,0.000000e+00,0.0000,0.0000,0
21,features.13,397,active,-0.037054,2.690562e-08,2.193259e-06,0.1546,0.0133,201
21,features.13,398,active,-0.062934,4.430097e-08,3.158698e-06,0.2545,0.0192,201
21,features.13,399,pruned_before,nan,0.000000e+00,0.000000e+00,0.0000,0.0000,0
21,features.13,400,pruned_before,nan,0.000000e+00,0.000000e+00,0.0000,0.0000,0
21,features.13,401,active,-0.037147,3.544961e-08,5.637091e-06,0.2037,0.0342,201
21,features.13,402,pruned_before,nan,0.000000e+00,0.000000e+00,0.0000,0.0000,0
21,features.13,403,active,-0.094132,5.504241e-08,1.731638e-07,0.3162,0.0011,201
21,features.13,404,active,-0.027522,1.878194e-08,1.141254e-06,0.1079,0.0069,201
21,features.13,405,active,-0.023125,2.071171e-08,2.959002e-06,0.1190,0.0180,201
21,features.13,406,active,-0.103700,6.294392e-08,1.126479e-06,0.3616,0.0068,201
21,features.13,407,active,-0.028717,2.620605e-08,3.871743e-06,0.1506,0.0235,201
21,features.13,408,active,-0.072467,4.620465e-08,1.687074e-06,0.2655,0.0102,201
21,features.13,409,active,-0.022401,4.068433e-08,1.123115e-05,0.2337,0.0682,201
21,features.13,410,pruned_before,nan,0.000000e+00,0.000000e+00,0.0000,0.0000,0
21,features.13,411,pruned_before,nan,0.000000e+00,0.000000e+00,0.0000,0.0000,0
21,features.13,412,active,-0.005030,9.540077e-09,2.686135e-06,0.0548,0.0163,201
21,features.13,413,active,-0.060932,3.739429e-08,8.282124e-07,0.2148,0.0050,201
21,features.13,414,pruned_before,nan,0.000000e+00,0.000000e+00,0.0000,0.0000,0
21,features.13,415,active,-0.014910,8.818363e-09,6.789185e-08,0.0507,0.0004,201
21,features.13,416,pruned_before,nan,0.000000e+00,0.000000e+00,0.0000,0.0000,0
21,features.13,417,pruned_before,nan,0.000000e+00,0.000000e+00,0.0000,0.0000,0
21,features.13,418,pruned_before,nan,0.000000e+00,0.000000e+00,0.0000,0.0000,0
21,features.13,419,pruned_before,nan,0.000000e+00,0.000000e+00,0.0000,0.0000,0
21,features.13,420,active,0.036552,1.963465e-08,1.656733e-05,0.1128,0.1006,201
21,features.13,421,active,-0.096361,5.646257e-08,2.247529e-07,0.3244,0.0014,201
21,features.13,422,active,-0.089266,6.020684e-08,3.413447e-06,0.3459,0.0207,201
21,features.13,423,pruned_before,nan,0.000000e+00,0.000000e+00,0.0000,0.0000,0
21,features.13,424,pruned_before,nan,0.000000e+00,0.000000e+00,0.0000,0.0000,0
21,features.13,425,pruned_before,nan,0.000000e+00,0.000000e+00,0.0000,0.0000,0
21,features.13,426,pruned_before,nan,0.000000e+00,0.000000e+00,0.0000,0.0000,0
21,features.13,427,active,-0.007764,2.407011e-08,7.936605e-06,0.1383,0.0482,201
21,features.13,428,pruned_before,nan,0.000000e+00,0.000000e+00,0.0000,0.0000,0
21,features.13,429,pruned_before,nan,0.000000e+00,0.000000e+00,0.0000,0.0000,0
21,features.13,430,pruned_before,nan,0.000000e+00,0.000000e+00,0.0000,0.0000,0
21,features.13,431,pruned_now,-0.147529,9.066876e-08,2.057612e-06,0.5209,0.0125,201
21,features.13,432,pruned_before,nan,0.000000e+00,0.000000e+00,0.0000,0.0000,0
21,features.13,433,pruned_before,nan,0.000000e+00,0.000000e+00,0.0000,0.0000,0
21,features.13,434,pruned_before,nan,0.000000e+00,0.000000e+00,0.0000,0.0000,0
21,features.13,435,pruned_before,nan,0.000000e+00,0.000000e+00,0.0000,0.0000,0
21,features.13,436,pruned_before,nan,0.000000e+00,0.000000e+00,0.0000,0.0000,0
21,features.13,437,active,0.000037,2.251396e-08,9.141228e-06,0.1293,0.0555,201
21,features.13,438,pruned_before,nan,0.000000e+00,0.000000e+00,0.0000,0.0000,0
21,features.13,439,pruned_before,nan,0.000000e+00,0.000000e+00,0.0000,0.0000,0
21,features.13,440,pruned_before,nan,0.000000e+00,0.000000e+00,0.0000,0.0000,0
21,features.13,441,active,-0.051527,3.510417e-08,2.112628e-06,0.2017,0.0128,201
21,features.13,442,active,-0.069941,4.327514e-08,1.093376e-06,0.2486,0.0066,201
21,features.13,443,active,0.002358,1.046092e-08,4.798380e-06,0.0601,0.0291,201
21,features.13,444,pruned_before,nan,0.000000e+00,0.000000e+00,0.0000,0.0000,0
21,features.13,445,active,-0.004911,4.041143e-09,4.834250e-07,0.0232,0.0029,201
21,features.13,446,pruned_before,nan,0.000000e+00,0.000000e+00,0.0000,0.0000,0
21,features.13,447,active,-0.095650,6.688448e-08,4.619579e-06,0.3843,0.0280,201
21,features.13,448,active,-0.007159,4.249644e-09,3.891065e-08,0.0244,0.0002,201
21,features.13,449,pruned_before,nan,0.000000e+00,0.000000e+00,0.0000,0.0000,0
21,features.13,450,active,-0.042258,2.534865e-08,3.368575e-07,0.1456,0.0020,201
21,features.13,451,active,0.181877,6.559931e-09,4.546650e-05,0.0377,0.2760,201
21,features.13,452,pruned_now,-0.297117,1.740592e-07,6.781343e-07,1.0000,0.0041,201
21,features.13,453,pruned_before,nan,0.000000e+00,0.000000e+00,0.0000,0.0000,0
21,features.13,454,active,-0.030986,1.822690e-08,1.010247e-07,0.1047,0.0006,201
21,features.13,455,pruned_before,nan,0.000000e+00,0.000000e+00,0.0000,0.0000,0
21,features.13,456,pruned_before,nan,0.000000e+00,0.000000e+00,0.0000,0.0000,0
21,features.13,457,pruned_before,nan,0.000000e+00,0.000000e+00,0.0000,0.0000,0
21,features.13,458,active,-0.023836,2.358255e-08,3.956109e-06,0.1355,0.0240,201
21,features.13,459,active,-0.019066,3.819206e-08,1.100519e-05,0.2194,0.0668,201
21,features.13,460,active,-0.019851,1.392092e-08,9.748395e-07,0.0800,0.0059,201
21,features.13,461,active,-0.021658,1.318673e-08,2.517272e-07,0.0758,0.0015,201
21,features.13,462,active,-0.005062,7.457964e-09,1.833936e-06,0.0428,0.0111,201
21,features.13,463,active,-0.026714,1.625478e-08,3.064471e-07,0.0934,0.0019,201
21,features.13,464,pruned_before,nan,0.000000e+00,0.000000e+00,0.0000,0.0000,0
21,features.13,465,pruned_before,nan,0.000000e+00,0.000000e+00,0.0000,0.0000,0
21,features.13,466,active,-0.007845,7.932170e-09,1.371181e-06,0.0456,0.0083,201
21,features.13,467,active,-0.061759,3.648402e-08,2.643345e-07,0.2096,0.0016,201
21,features.13,468,pruned_before,nan,0.000000e+00,0.000000e+00,0.0000,0.0000,0
21,features.13,469,pruned_before,nan,0.000000e+00,0.000000e+00,0.0000,0.0000,0
21,features.13,470,active,-0.080610,4.853753e-08,7.169083e-07,0.2789,0.0044,201
21,features.13,471,pruned_before,nan,0.000000e+00,0.000000e+00,0.0000,0.0000,0
21,features.13,472,pruned_before,nan,0.000000e+00,0.000000e+00,0.0000,0.0000,0
21,features.13,473,active,-0.027153,1.643175e-08,2.748864e-07,0.0944,0.0017,201
21,features.13,474,pruned_before,nan,0.000000e+00,0.000000e+00,0.0000,0.0000,0
21,features.13,475,active,-0.023535,1.626655e-08,1.059388e-06,0.0935,0.0064,201
21,features.13,476,active,-0.012958,1.839364e-08,4.411579e-06,0.1057,0.0268,201
21,features.13,477,pruned_before,nan,0.000000e+00,0.000000e+00,0.0000,0.0000,0
21,features.13,478,active,-0.014757,9.967373e-09,5.701078e-07,0.0573,0.0035,201
21,features.13,479,active,-0.028467,1.684523e-08,1.332950e-07,0.0968,0.0008,201
21,features.13,480,active,-0.055508,3.550502e-08,1.338432e-06,0.2040,0.0081,201
21,features.13,481,pruned_before,nan,0.000000e+00,0.000000e+00,0.0000,0.0000,0
21,features.13,482,pruned_before,nan,0.000000e+00,0.000000e+00,0.0000,0.0000,0
21,features.13,483,pruned_before,nan,0.000000e+00,0.000000e+00,0.0000,0.0000,0
21,features.13,484,pruned_before,nan,0.000000e+00,0.000000e+00,0.0000,0.0000,0
21,features.13,485,active,-0.003003,7.876937e-09,2.488451e-06,0.0453,0.0151,201
21,features.13,486,active,0.004767,2.039881e-08,9.396675e-06,0.1172,0.0570,201
21,features.13,487,active,-0.027053,1.909532e-08,1.378752e-06,0.1097,0.0084,201
21,features.13,488,active,-0.005532,7.626749e-09,1.791819e-06,0.0438,0.0109,201
21,features.13,489,pruned_before,nan,0.000000e+00,0.000000e+00,0.0000,0.0000,0
21,features.13,490,active,-0.012650,9.733114e-09,9.708203e-07,0.0559,0.0059,201
21,features.13,491,pruned_before,nan,0.000000e+00,0.000000e+00,0.0000,0.0000,0
21,features.13,492,pruned_before,nan,0.000000e+00,0.000000e+00,0.0000,0.0000,0
21,features.13,493,active,0.000162,3.417037e-10,1.767116e-07,0.0020,0.0011,201
21,features.13,494,active,0.207717,1.629268e-08,5.549618e-05,0.0936,0.3369,201
21,features.13,495,active,-0.021888,1.546148e-08,1.120421e-06,0.0888,0.0068,201
21,features.13,496,active,-0.039877,2.729034e-08,1.684803e-06,0.1568,0.0102,201
21,features.13,497,pruned_before,nan,0.000000e+00,0.000000e+00,0.0000,0.0000,0
21,features.13,498,pruned_before,nan,0.000000e+00,0.000000e+00,0.0000,0.0000,0
21,features.13,499,active,-0.047640,3.067669e-08,1.231608e-06,0.1762,0.0075,201
21,features.13,500,active,-0.004951,2.160863e-08,7.600065e-06,0.1241,0.0461,201
21,features.13,501,pruned_before,nan,0.000000e+00,0.000000e+00,0.0000,0.0000,0
21,features.13,502,pruned_before,nan,0.000000e+00,0.000000e+00,0.0000,0.0000,0
21,features.13,503,pruned_before,nan,0.000000e+00,0.000000e+00,0.0000,0.0000,0
21,features.13,504,active,-0.005746,6.098513e-09,1.121539e-06,0.0350,0.0068,201
21,features.13,505,pruned_before,nan,0.000000e+00,0.000000e+00,0.0000,0.0000,0
21,features.13,506,active,-0.028267,2.527914e-08,3.601574e-06,0.1452,0.0219,201
21,features.13,507,pruned_before,nan,0.000000e+00,0.000000e+00,0.0000,0.0000,0
21,features.13,508,active,-0.028035,2.632985e-08,4.082248e-06,0.1513,0.0248,201
21,features.13,509,pruned_before,nan,0.000000e+00,0.000000e+00,0.0000,0.0000,0
21,features.13,510,active,-0.094830,5.611178e-08,4.426129e-07,0.3224,0.0027,201
21,features.13,511,active,-0.028840,2.124303e-08,1.829529e-06,0.1220,0.0111,201
21,features.13,512,pruned_before,nan,0.000000e+00,0.000000e+00,0.0000,0.0000,0
21,features.13,513,active,-0.135938,8.050205e-08,6.613989e-07,0.4625,0.0040,201
21,features.13,514,pruned_before,nan,0.000000e+00,0.000000e+00,0.0000,0.0000,0
21,features.13,515,pruned_before,nan,0.000000e+00,0.000000e+00,0.0000,0.0000,0
21,features.13,516,pruned_before,nan,0.000000e+00,0.000000e+00,0.0000,0.0000,0
21,features.13,517,pruned_before,nan,0.000000e+00,0.000000e+00,0.0000,0.0000,0
21,features.13,518,pruned_before,nan,0.000000e+00,0.000000e+00,0.0000,0.0000,0
21,features.13,519,active,-0.011253,8.309940e-09,7.225116e-07,0.0477,0.0044,201
21,features.13,520,pruned_before,nan,0.000000e+00,0.000000e+00,0.0000,0.0000,0
21,features.13,521,active,-0.046218,2.927079e-08,9.959300e-07,0.1682,0.0060,201
21,features.13,522,active,-0.013850,3.911725e-08,1.260798e-05,0.2247,0.0765,201
21,features.13,523,pruned_before,nan,0.000000e+00,0.000000e+00,0.0000,0.0000,0
21,features.13,524,active,-0.038647,2.410334e-08,6.815537e-07,0.1385,0.0041,201
21,features.13,525,pruned_before,nan,0.000000e+00,0.000000e+00,0.0000,0.0000,0
21,features.13,526,pruned_before,nan,0.000000e+00,0.000000e+00,0.0000,0.0000,0
21,features.13,527,pruned_before,nan,0.000000e+00,0.000000e+00,0.0000,0.0000,0
21,features.13,528,active,-0.035968,2.101094e-08,5.780242e-08,0.1207,0.0004,201
21,features.13,529,pruned_before,nan,0.000000e+00,0.000000e+00,0.0000,0.0000,0
21,features.13,530,active,-0.042595,2.540270e-08,2.795364e-07,0.1459,0.0017,201
21,features.13,531,active,-0.070017,5.400677e-08,5.428665e-06,0.3103,0.0330,201
21,features.13,532,pruned_before,nan,0.000000e+00,0.000000e+00,0.0000,0.0000,0
21,features.13,533,pruned_before,nan,0.000000e+00,0.000000e+00,0.0000,0.0000,0
21,features.13,534,active,0.000000,0.000000e+00,0.000000e+00,0.0000,0.0000,201
21,features.13,535,active,-0.069975,4.613875e-08,2.247034e-06,0.2651,0.0136,201
21,features.13,536,pruned_before,nan,0.000000e+00,0.000000e+00,0.0000,0.0000,0
21,features.13,537,active,-0.129011,7.683036e-08,8.024257e-07,0.4414,0.0049,201
21,features.13,538,pruned_before,nan,0.000000e+00,0.000000e+00,0.0000,0.0000,0
21,features.13,539,pruned_before,nan,0.000000e+00,0.000000e+00,0.0000,0.0000,0
21,features.13,540,active,-0.037323,2.324049e-08,6.431228e-07,0.1335,0.0039,201
21,features.13,541,pruned_before,nan,0.000000e+00,0.000000e+00,0.0000,0.0000,0
21,features.13,542,pruned_before,nan,0.000000e+00,0.000000e+00,0.0000,0.0000,0
21,features.13,543,pruned_before,nan,0.000000e+00,0.000000e+00,0.0000,0.0000,0
21,features.13,544,active,0.000000,0.000000e+00,0.000000e+00,0.0000,0.0000,201
21,features.13,545,active,-0.037763,2.597149e-08,1.647434e-06,0.1492,0.0100,201
21,features.13,546,pruned_before,nan,0.000000e+00,0.000000e+00,0.0000,0.0000,0
21,features.13,547,pruned_before,nan,0.000000e+00,0.000000e+00,0.0000,0.0000,0
21,features.13,548,pruned_before,nan,0.000000e+00,0.000000e+00,0.0000,0.0000,0
21,features.13,549,active,-0.017468,2.068037e-08,4.277718e-06,0.1188,0.0260,201
21,features.13,550,active,-0.052125,3.700475e-08,2.742968e-06,0.2126,0.0166,201
21,features.13,551,pruned_before,nan,0.000000e+00,0.000000e+00,0.0000,0.0000,0
21,features.13,552,pruned_before,nan,0.000000e+00,0.000000e+00,0.0000,0.0000,0
21,features.13,553,pruned_before,nan,0.000000e+00,0.000000e+00,0.0000,0.0000,0
21,features.13,554,active,-0.056144,4.454489e-08,4.855505e-06,0.2559,0.0295,201
21,features.13,555,active,-0.074416,4.656028e-08,1.372777e-06,0.2675,0.0083,201
21,features.13,556,pruned_before,nan,0.000000e+00,0.000000e+00,0.0000,0.0000,0
21,features.13,557,pruned_before,nan,0.000000e+00,0.000000e+00,0.0000,0.0000,0
21,features.13,558,pruned_before,nan,0.000000e+00,0.000000e+00,0.0000,0.0000,0
21,features.13,559,pruned_before,nan,0.000000e+00,0.000000e+00,0.0000,0.0000,0
21,features.13,560,pruned_before,nan,0.000000e+00,0.000000e+00,0.0000,0.0000,0
21,features.13,561,pruned_before,nan,0.000000e+00,0.000000e+00,0.0000,0.0000,0
21,features.13,562,active,-0.049290,3.643348e-08,3.178289e-06,0.2093,0.0193,201
21,features.13,563,pruned_before,nan,0.000000e+00,0.000000e+00,0.0000,0.0000,0
21,features.13,564,active,-0.009686,1.497751e-08,3.795897e-06,0.0860,0.0230,201
21,features.13,565,active,-0.032055,1.919788e-08,2.431646e-07,0.1103,0.0015,201
21,features.13,566,pruned_before,nan,0.000000e+00,0.000000e+00,0.0000,0.0000,0
21,features.13,567,active,-0.023116,2.411334e-08,4.340947e-06,0.1385,0.0263,201
21,features.13,568,active,-0.018313,1.108256e-08,1.855269e-07,0.0637,0.0011,201
21,features.13,569,pruned_before,nan,0.000000e+00,0.000000e+00,0.0000,0.0000,0
21,features.13,570,active,-0.046598,2.987717e-08,1.152395e-06,0.1716,0.0070,201
21,features.13,571,pruned_before,nan,0.000000e+00,0.000000e+00,0.0000,0.0000,0
21,features.13,572,pruned_before,nan,0.000000e+00,0.000000e+00,0.0000,0.0000,0
21,features.13,573,pruned_before,nan,0.000000e+00,0.000000e+00,0.0000,0.0000,0
21,features.13,574,active,-0.088120,5.181436e-08,2.786343e-07,0.2977,0.0017,201
21,features.13,575,pruned_before,nan,0.000000e+00,0.000000e+00,0.0000,0.0000,0
21,features.14,0,active,-0.023920,5.045968e-07,4.037256e-07,0.1336,0.0231,265
21,features.14,1,pruned_before,nan,0.000000e+00,0.000000e+00,0.0000,0.0000,0
21,features.14,2,active,-0.013475,3.766200e-07,4.107120e-07,0.0997,0.0235,265
21,features.14,3,pruned_before,nan,0.000000e+00,0.000000e+00,0.0000,0.0000,0
21,features.14,4,active,-0.039668,1.069479e-06,1.131197e-06,0.2832,0.0647,265
21,features.14,5,pruned_before,nan,0.000000e+00,0.000000e+00,0.0000,0.0000,0
21,features.14,6,active,-0.051631,1.103207e-06,8.992681e-07,0.2921,0.0514,265
21,features.14,7,active,-0.004265,2.604085e-07,4.101811e-07,0.0689,0.0235,265
21,features.14,8,active,-0.000606,3.146814e-07,6.092789e-07,0.0833,0.0348,265
21,features.14,9,pruned_before,nan,0.000000e+00,0.000000e+00,0.0000,0.0000,0
21,features.14,10,active,0.081349,2.555555e-07,2.539305e-06,0.0677,0.1452,265
21,features.14,11,active,-0.143411,2.112808e-06,6.098431e-07,0.5594,0.0349,265
21,features.14,12,active,-0.011479,1.774445e-07,6.533604e-08,0.0470,0.0037,265
21,features.14,13,active,-0.001198,6.350320e-07,1.230160e-06,0.1681,0.0703,265
21,features.14,14,pruned_before,nan,0.000000e+00,0.000000e+00,0.0000,0.0000,0
21,features.14,15,active,-0.127192,1.746702e-06,2.885447e-07,0.4625,0.0165,265
21,features.14,16,pruned_before,nan,0.000000e+00,0.000000e+00,0.0000,0.0000,0
21,features.14,17,active,0.058170,2.704824e-07,1.989891e-06,0.0716,0.1138,265
21,features.14,18,active,0.051265,1.975149e-07,1.672596e-06,0.0523,0.0956,265
21,features.14,19,pruned_before,nan,0.000000e+00,0.000000e+00,0.0000,0.0000,0
21,features.14,20,active,0.047684,1.038854e-06,3.252612e-06,0.2751,0.1860,265
21,features.14,21,active,-0.140057,2.317874e-06,1.100538e-06,0.6137,0.0629,265
21,features.14,22,pruned_before,nan,0.000000e+00,0.000000e+00,0.0000,0.0000,0
21,features.14,23,pruned_before,nan,0.000000e+00,0.000000e+00,0.0000,0.0000,0
21,features.14,24,active,0.039347,5.366622e-07,2.047841e-06,0.1421,0.1171,265
21,features.14,25,active,0.008398,3.660607e-07,9.361731e-07,0.0969,0.0535,265
21,features.14,26,active,0.002520,1.916022e-07,4.431508e-07,0.0507,0.0253,265
21,features.14,27,active,-0.096972,1.580627e-06,7.139443e-07,0.4185,0.0408,265
21,features.14,28,pruned_before,nan,0.000000e+00,0.000000e+00,0.0000,0.0000,0
21,features.14,29,pruned_before,nan,0.000000e+00,0.000000e+00,0.0000,0.0000,0
21,features.14,30,active,-0.036965,1.221629e-06,1.500629e-06,0.3235,0.0858,265
21,features.14,31,active,0.000917,3.414184e-07,7.003830e-07,0.0904,0.0401,265
21,features.14,32,active,-0.011955,6.306884e-07,9.528313e-07,0.1670,0.0545,265
21,features.14,33,active,-0.010279,3.915616e-07,5.201907e-07,0.1037,0.0297,265
21,features.14,34,pruned_before,nan,0.000000e+00,0.000000e+00,0.0000,0.0000,0
21,features.14,35,active,-0.021923,1.190219e-06,1.814075e-06,0.3151,0.1037,265
21,features.14,36,pruned_before,nan,0.000000e+00,0.000000e+00,0.0000,0.0000,0
21,features.14,37,pruned_before,nan,0.000000e+00,0.000000e+00,0.0000,0.0000,0
21,features.14,38,active,-0.052633,1.685020e-06,2.028746e-06,0.4461,0.1160,265
21,features.14,39,pruned_before,nan,0.000000e+00,0.000000e+00,0.0000,0.0000,0
21,features.14,40,active,0.161365,3.602665e-07,4.745989e-06,0.0954,0.2714,265
21,features.14,41,active,-0.005883,7.843937e-07,1.409501e-06,0.2077,0.0806,265
21,features.14,42,active,-0.064610,1.035301e-06,4.402928e-07,0.2741,0.0252,265
21,features.14,43,pruned_before,nan,0.000000e+00,0.000000e+00,0.0000,0.0000,0
21,features.14,44,pruned_before,nan,0.000000e+00,0.000000e+00,0.0000,0.0000,0
21,features.14,45,active,0.039828,1.022016e-06,3.022924e-06,0.2706,0.1729,265
21,features.14,46,active,0.001252,1.099334e-07,2.494286e-07,0.0291,0.0143,265
21,features.14,47,pruned_before,nan,0.000000e+00,0.000000e+00,0.0000,0.0000,0
21,features.14,48,pruned_before,nan,0.000000e+00,0.000000e+00,0.0000,0.0000,0
21,features.14,49,pruned_before,nan,0.000000e+00,0.000000e+00,0.0000,0.0000,0
21,features.14,50,active,0.041091,8.408340e-07,2.694966e-06,0.2226,0.1541,265
21,features.14,51,active,0.012770,4.096713e-07,1.131931e-06,0.1085,0.0647,265
21,features.14,52,pruned_before,nan,0.000000e+00,0.000000e+00,0.0000,0.0000,0
21,features.14,53,active,-0.008135,3.988078e-07,5.881249e-07,0.1056,0.0336,265
21,features.14,54,active,-0.013569,4.156968e-07,4.859029e-07,0.1101,0.0278,265
21,features.14,55,pruned_before,nan,0.000000e+00,0.000000e+00,0.0000,0.0000,0
21,features.14,56,active,-0.058782,7.786547e-07,7.661867e-08,0.2062,0.0044,265
21,features.14,57,active,0.037799,2.004512e-06,4.921802e-06,0.5307,0.2815,265
21,features.14,58,pruned_before,nan,0.000000e+00,0.000000e+00,0.0000,0.0000,0
21,features.14,59,pruned_before,nan,0.000000e+00,0.000000e+00,0.0000,0.0000,0
21,features.14,60,pruned_before,nan,0.000000e+00,0.000000e+00,0.0000,0.0000,0
21,features.14,61,pruned_before,nan,0.000000e+00,0.000000e+00,0.0000,0.0000,0
21,features.14,62,active,-0.049743,7.614469e-07,2.682970e-07,0.2016,0.0153,265
21,features.14,63,pruned_before,nan,0.000000e+00,0.000000e+00,0.0000,0.0000,0
21,features.14,64,active,-0.009705,3.279132e-07,4.082370e-07,0.0868,0.0233,265
21,features.14,65,active,-0.009463,5.363800e-07,8.279490e-07,0.1420,0.0473,265
21,features.14,66,active,-0.064861,1.649388e-06,1.652551e-06,0.4367,0.0945,265
21,features.14,67,active,-0.058941,1.087682e-06,6.858593e-07,0.2880,0.0392,265
21,features.14,68,active,-0.037555,5.960123e-07,2.444948e-07,0.1578,0.0140,265
21,features.14,69,active,0.023513,4.538186e-07,1.487902e-06,0.1202,0.0851,265
21,features.14,70,active,0.020412,7.024812e-07,1.903855e-06,0.1860,0.1089,265
21,features.14,71,pruned_before,nan,0.000000e+00,0.000000e+00,0.0000,0.0000,0
21,features.14,72,active,-0.031888,5.005135e-07,1.965520e-07,0.1325,0.0112,265
21,features.14,73,active,-0.088967,1.469308e-06,6.930271e-07,0.3890,0.0396,265
21,features.14,74,pruned_before,nan,0.000000e+00,0.000000e+00,0.0000,0.0000,0
21,features.14,75,active,-0.053323,7.878588e-07,2.312704e-07,0.2086,0.0132,265
21,features.14,76,active,-0.056952,9.859344e-07,5.336452e-07,0.2610,0.0305,265
21,features.14,77,active,0.036470,1.613638e-07,1.231257e-06,0.0427,0.0704,265
21,features.14,78,active,0.194960,3.152907e-07,5.495996e-06,0.0835,0.3143,265
21,features.14,79,pruned_before,nan,0.000000e+00,0.000000e+00,0.0000,0.0000,0
21,features.14,80,active,-0.033360,6.156149e-07,3.881769e-07,0.1630,0.0222,265
21,features.14,81,active,0.001240,5.894191e-07,1.200565e-06,0.1561,0.0687,265
21,features.14,82,pruned_before,nan,0.000000e+00,0.000000e+00,0.0000,0.0000,0
21,features.14,83,active,-0.008903,1.693293e-07,1.135955e-07,0.0448,0.0065,265
21,features.14,84,active,-0.040032,9.781669e-07,9.409113e-07,0.2590,0.0538,265
21,features.14,85,pruned_before,nan,0.000000e+00,0.000000e+00,0.0000,0.0000,0
21,features.14,86,pruned_before,nan,0.000000e+00,0.000000e+00,0.0000,0.0000,0
21,features.14,87,active,-0.031321,7.789521e-07,7.632262e-07,0.2062,0.0436,265
21,features.14,88,active,-0.015238,4.921792e-07,5.959627e-07,0.1303,0.0341,265
21,features.14,89,active,0.036051,3.221298e-07,1.539790e-06,0.0853,0.0881,265
21,features.14,90,active,-0.016382,3.077650e-07,2.014474e-07,0.0815,0.0115,265
21,features.14,91,active,-0.023026,3.534857e-07,1.262081e-07,0.0936,0.0072,265
21,features.14,92,pruned_before,nan,0.000000e+00,0.000000e+00,0.0000,0.0000,0
21,features.14,93,pruned_before,nan,0.000000e+00,0.000000e+00,0.0000,0.0000,0
21,features.14,94,pruned_before,nan,0.000000e+00,0.000000e+00,0.0000,0.0000,0
21,features.14,95,pruned_before,nan,0.000000e+00,0.000000e+00,0.0000,0.0000,0
21,features.14,96,pruned_before,nan,0.000000e+00,0.000000e+00,0.0000,0.0000,0
21,features.14,97,active,-0.001482,2.418987e-07,4.429681e-07,0.0640,0.0253,265
21,features.14,98,active,-0.017693,6.780114e-07,9.033789e-07,0.1795,0.0517,265
21,features.14,99,active,0.001309,1.745677e-07,3.790832e-07,0.0462,0.0217,265
21,features.14,100,pruned_before,nan,0.000000e+00,0.000000e+00,0.0000,0.0000,0
21,features.14,101,pruned_before,nan,0.000000e+00,0.000000e+00,0.0000,0.0000,0
21,features.14,102,pruned_before,nan,0.000000e+00,0.000000e+00,0.0000,0.0000,0
21,features.14,103,active,0.025430,2.632063e-07,1.157549e-06,0.0697,0.0662,265
21,features.14,104,pruned_before,nan,0.000000e+00,0.000000e+00,0.0000,0.0000,0
21,features.14,105,active,-0.049075,1.051017e-06,8.595595e-07,0.2783,0.0492,265
21,features.14,106,active,0.073479,4.497995e-07,2.728133e-06,0.1191,0.1560,265
21,features.14,107,pruned_before,nan,0.000000e+00,0.000000e+00,0.0000,0.0000,0
21,features.14,108,pruned_before,nan,0.000000e+00,0.000000e+00,0.0000,0.0000,0
21,features.14,109,active,-0.001779,4.619870e-08,4.722983e-08,0.0122,0.0027,265
21,features.14,110,active,-0.132312,1.824977e-06,3.159686e-07,0.4832,0.0181,265
21,features.14,111,active,-0.009447,3.181424e-07,3.952821e-07,0.0842,0.0226,265
21,features.14,112,pruned_before,nan,0.000000e+00,0.000000e+00,0.0000,0.0000,0
21,features.14,113,active,-0.029584,5.280762e-07,3.088012e-07,0.1398,0.0177,265
21,features.14,114,active,0.029228,3.529703e-07,1.430546e-06,0.0935,0.0818,265
21,features.14,115,active,-0.011902,3.727172e-07,4.422510e-07,0.0987,0.0253,265
21,features.14,116,pruned_before,nan,0.000000e+00,0.000000e+00,0.0000,0.0000,0
21,features.14,117,active,-0.008911,1.317273e-06,2.391242e-06,0.3488,0.1367,265
21,features.14,118,pruned_before,nan,0.000000e+00,0.000000e+00,0.0000,0.0000,0
21,features.14,119,pruned_before,nan,0.000000e+00,0.000000e+00,0.0000,0.0000,0
21,features.14,120,pruned_before,nan,0.000000e+00,0.000000e+00,0.0000,0.0000,0
21,features.14,121,protected,0.671569,3.579371e-07,1.748691e-05,0.0948,1.0000,265
21,features.14,122,active,-0.001236,1.548060e-07,2.763041e-07,0.0410,0.0158,265
21,features.14,123,active,0.005852,1.944814e-07,5.321025e-07,0.0515,0.0304,265
21,features.14,124,pruned_before,nan,0.000000e+00,0.000000e+00,0.0000,0.0000,0
21,features.14,125,active,-0.000877,5.708586e-07,1.110835e-06,0.1511,0.0635,265
21,features.14,126,pruned_before,nan,0.000000e+00,0.000000e+00,0.0000,0.0000,0
21,features.14,127,pruned_before,nan,0.000000e+00,0.000000e+00,0.0000,0.0000,0
21,features.14,128,pruned_before,nan,0.000000e+00,0.000000e+00,0.0000,0.0000,0
21,features.14,129,active,0.003180,3.108212e-07,6.962131e-07,0.0823,0.0398,265
21,features.14,130,active,-0.007961,1.360082e-07,7.101025e-08,0.0360,0.0041,265
21,features.14,131,pruned_before,nan,0.000000e+00,0.000000e+00,0.0000,0.0000,0
21,features.14,132,active,-0.008895,7.581555e-07,1.282202e-06,0.2007,0.0733,265
21,features.14,133,active,-0.080655,1.094427e-06,1.567874e-07,0.2898,0.0090,265
21,features.14,134,active,-0.008784,3.572128e-07,4.893852e-07,0.0946,0.0280,265
21,features.14,135,active,0.021626,1.698416e-07,8.772732e-07,0.0450,0.0502,265
21,features.14,136,pruned_before,nan,0.000000e+00,0.000000e+00,0.0000,0.0000,0
21,features.14,137,active,0.123267,5.076722e-07,4.086739e-06,0.1344,0.2337,265
21,features.14,138,pruned_before,nan,0.000000e+00,0.000000e+00,0.0000,0.0000,0
21,features.14,139,pruned_before,nan,0.000000e+00,0.000000e+00,0.0000,0.0000,0
21,features.14,140,pruned_before,nan,0.000000e+00,0.000000e+00,0.0000,0.0000,0
21,features.14,141,active,-0.040878,6.058982e-07,1.810834e-07,0.1604,0.0104,265
21,features.14,142,active,0.004365,2.472133e-08,1.580968e-07,0.0065,0.0090,265
21,features.14,143,pruned_before,nan,0.000000e+00,0.000000e+00,0.0000,0.0000,0
21,features.14,144,active,0.011147,2.861511e-07,8.462694e-07,0.0758,0.0484,265
21,features.14,145,active,-0.088796,1.168407e-06,1.002188e-07,0.3094,0.0057,265
21,features.14,146,active,-0.000636,1.804850e-07,3.422526e-07,0.0478,0.0196,265
21,features.14,147,active,-0.034548,7.976976e-07,7.198183e-07,0.2112,0.0412,265
21,features.14,148,active,-0.057284,9.117848e-07,3.782212e-07,0.2414,0.0216,265
21,features.14,149,pruned_before,nan,0.000000e+00,0.000000e+00,0.0000,0.0000,0
21,features.14,150,active,0.017227,1.365480e-07,7.013089e-07,0.0362,0.0401,265
21,features.14,151,pruned_before,nan,0.000000e+00,0.000000e+00,0.0000,0.0000,0
21,features.14,152,pruned_before,nan,0.000000e+00,0.000000e+00,0.0000,0.0000,0
21,features.14,153,pruned_before,nan,0.000000e+00,0.000000e+00,0.0000,0.0000,0
21,features.14,154,pruned_before,nan,0.000000e+00,0.000000e+00,0.0000,0.0000,0
21,features.14,155,pruned_before,nan,0.000000e+00,0.000000e+00,0.0000,0.0000,0
21,features.14,156,active,-0.104566,1.495620e-06,3.555683e-07,0.3960,0.0203,265
21,features.14,157,pruned_before,nan,0.000000e+00,0.000000e+00,0.0000,0.0000,0
21,features.14,158,active,0.000763,1.429754e-07,3.027689e-07,0.0379,0.0173,265
21,features.14,159,active,-0.022479,9.242216e-07,1.272376e-06,0.2447,0.0728,265
21,features.14,160,active,0.041277,3.915146e-07,1.808031e-06,0.1037,0.1034,265
21,features.14,161,active,0.010969,3.035177e-07,8.762996e-07,0.0804,0.0501,265
21,features.14,162,pruned_before,nan,0.000000e+00,0.000000e+00,0.0000,0.0000,0
21,features.14,163,pruned_before,nan,0.000000e+00,0.000000e+00,0.0000,0.0000,0
21,features.14,164,pruned_before,nan,0.000000e+00,0.000000e+00,0.0000,0.0000,0
21,features.14,165,active,-0.002444,2.359866e-07,4.072197e-07,0.0625,0.0233,265
21,features.14,166,active,0.005891,5.459155e-07,1.230429e-06,0.1445,0.0704,265
21,features.14,167,active,-0.025416,5.188056e-07,3.945476e-07,0.1374,0.0226,265
21,features.14,168,active,0.074771,3.177801e-07,2.498458e-06,0.0841,0.1429,265
21,features.14,169,active,-0.007293,4.283619e-07,6.678089e-07,0.1134,0.0382,265
21,features.14,170,pruned_before,nan,0.000000e+00,0.000000e+00,0.0000,0.0000,0
21,features.14,171,active,-0.007649,1.804850e-07,1.670628e-07,0.0478,0.0096,265
21,features.14,172,active,-0.042196,9.175196e-07,7.665204e-07,0.2429,0.0438,265
21,features.14,173,pruned_before,nan,0.000000e+00,0.000000e+00,0.0000,0.0000,0
21,features.14,174,active,0.095903,4.065689e-07,3.202533e-06,0.1076,0.1831,265
21,features.14,175,active,-0.036348,8.356943e-07,7.502360e-07,0.2213,0.0429,265
21,features.14,176,pruned_before,nan,0.000000e+00,0.000000e+00,0.0000,0.0000,0
21,features.14,177,pruned_before,nan,0.000000e+00,0.000000e+00,0.0000,0.0000,0
21,features.14,178,active,0.039113,7.225435e-07,2.410842e-06,0.1913,0.1379,265
21,features.14,179,active,0.014842,1.956587e-07,7.590164e-07,0.0518,0.0434,265
21,features.14,180,active,0.026991,1.636155e-07,9.989334e-07,0.0433,0.0571,265
21,features.14,181,active,-0.028106,5.612229e-07,4.115030e-07,0.1486,0.0235,265
21,features.14,182,active,0.024394,4.164690e-07,1.435780e-06,0.1103,0.0821,265
21,features.14,183,pruned_before,nan,0.000000e+00,0.000000e+00,0.0000,0.0000,0
21,features.14,184,active,-0.021189,4.216756e-07,3.074069e-07,0.1116,0.0176,265
21,features.14,185,pruned_before,nan,0.000000e+00,0.000000e+00,0.0000,0.0000,0
21,features.14,186,active,0.068085,3.265816e-07,2.348888e-06,0.0865,0.1343,265
21,features.14,187,active,-0.011389,2.438640e-07,1.993964e-07,0.0646,0.0114,265
21,features.14,188,pruned_before,nan,0.000000e+00,0.000000e+00,0.0000,0.0000,0
21,features.14,189,pruned_before,nan,0.000000e+00,0.000000e+00,0.0000,0.0000,0
21,features.14,190,active,-0.025131,5.675142e-07,4.982999e-07,0.1503,0.0285,265
21,features.14,191,active,-0.030281,4.442194e-07,1.250132e-07,0.1176,0.0071,265
21,features.14,192,pruned_before,nan,0.000000e+00,0.000000e+00,0.0000,0.0000,0
21,features.14,193,active,-0.097973,1.366134e-06,2.633073e-07,0.3617,0.0151,265
21,features.14,194,pruned_before,nan,0.000000e+00,0.000000e+00,0.0000,0.0000,0
21,features.14,195,active,-0.027693,4.063047e-07,1.144217e-07,0.1076,0.0065,265
21,features.14,196,pruned_before,nan,0.000000e+00,0.000000e+00,0.0000,0.0000,0
21,features.14,197,active,-0.043015,9.444653e-07,7.995355e-07,0.2501,0.0457,265
21,features.14,198,active,0.012869,3.739486e-07,1.063520e-06,0.0990,0.0608,265
21,features.14,199,pruned_before,nan,0.000000e+00,0.000000e+00,0.0000,0.0000,0
21,features.14,200,pruned_before,nan,0.000000e+00,0.000000e+00,0.0000,0.0000,0
21,features.14,201,pruned_before,nan,0.000000e+00,0.000000e+00,0.0000,0.0000,0
21,features.14,202,active,-0.015285,4.150043e-07,4.416581e-07,0.1099,0.0253,265
21,features.14,203,pruned_before,nan,0.000000e+00,0.000000e+00,0.0000,0.0000,0
21,features.14,204,active,-0.010645,1.654020e-07,6.228177e-08,0.0438,0.0036,265
21,features.14,205,active,0.003571,2.858429e-07,6.563996e-07,0.0757,0.0375,265
21,features.14,206,pruned_before,nan,0.000000e+00,0.000000e+00,0.0000,0.0000,0
21,features.14,207,active,-0.008584,1.650544e-06,3.060722e-06,0.4370,0.1750,265
21,features.14,208,pruned_before,nan,0.000000e+00,0.000000e+00,0.0000,0.0000,0
21,features.14,209,active,-0.038526,8.039173e-07,6.327693e-07,0.2129,0.0362,265
21,features.14,210,active,-0.023335,4.707866e-07,3.512483e-07,0.1247,0.0201,265
21,features.14,211,active,-0.074119,1.377573e-06,8.819246e-07,0.3647,0.0504,265
21,features.14,212,pruned_before,nan,0.000000e+00,0.000000e+00,0.0000,0.0000,0
21,features.14,213,protected,0.465938,3.634155e-07,1.236085e-05,0.0962,0.7069,265
21,features.14,214,pruned_before,nan,0.000000e+00,0.000000e+00,0.0000,0.0000,0
21,features.14,215,active,0.078996,7.962212e-07,3.553369e-06,0.2108,0.2032,265
21,features.14,216,pruned_before,nan,0.000000e+00,0.000000e+00,0.0000,0.0000,0
21,features.14,217,active,-0.008567,1.544635e-07,9.249536e-08,0.0409,0.0053,265
21,features.14,218,active,0.056181,7.731080e-07,2.937542e-06,0.2047,0.1680,265
21,features.14,219,active,-0.000215,2.035172e-08,3.500868e-08,0.0054,0.0020,265
21,features.14,220,active,0.080406,7.493393e-07,3.495552e-06,0.1984,0.1999,265
21,features.14,221,pruned_before,nan,0.000000e+00,0.000000e+00,0.0000,0.0000,0
21,features.14,222,active,-0.029848,4.333291e-07,1.142014e-07,0.1147,0.0065,265
21,features.14,223,pruned_before,nan,0.000000e+00,0.000000e+00,0.0000,0.0000,0
21,features.14,224,pruned_before,nan,0.000000e+00,0.000000e+00,0.0000,0.0000,0
21,features.14,225,active,-0.027205,4.819445e-07,2.767025e-07,0.1276,0.0158,265
21,features.14,226,pruned_before,nan,0.000000e+00,0.000000e+00,0.0000,0.0000,0
21,features.14,227,pruned_before,nan,0.000000e+00,0.000000e+00,0.0000,0.0000,0
21,features.14,228,pruned_before,nan,0.000000e+00,0.000000e+00,0.0000,0.0000,0
21,features.14,229,active,-0.052824,7.886219e-07,2.452547e-07,0.2088,0.0140,265
21,features.14,230,pruned_before,nan,0.000000e+00,0.000000e+00,0.0000,0.0000,0
21,features.14,231,pruned_before,nan,0.000000e+00,0.000000e+00,0.0000,0.0000,0
21,features.14,232,active,-0.030561,3.776852e-06,6.730943e-06,1.0000,0.3849,265
21,features.14,233,pruned_before,nan,0.000000e+00,0.000000e+00,0.0000,0.0000,0
21,features.14,234,pruned_before,nan,0.000000e+00,0.000000e+00,0.0000,0.0000,0
21,features.14,235,pruned_before,nan,0.000000e+00,0.000000e+00,0.0000,0.0000,0
21,features.14,236,active,-0.008362,1.546414e-07,9.796860e-08,0.0409,0.0056,265
21,features.14,237,pruned_before,nan,0.000000e+00,0.000000e+00,0.0000,0.0000,0
21,features.14,238,active,0.073679,1.068177e-06,3.960183e-06,0.2828,0.2265,265
21,features.14,239,active,0.002937,3.040508e-07,6.767010e-07,0.0805,0.0387,265
21,features.14,240,active,-0.052909,9.658015e-07,5.947015e-07,0.2557,0.0340,265
21,features.14,241,active,0.003621,1.883644e-07,4.642313e-07,0.0499,0.0265,265
21,features.14,242,pruned_before,nan,0.000000e+00,0.000000e+00,0.0000,0.0000,0
21,features.14,243,active,-0.037320,6.878731e-07,4.326471e-07,0.1821,0.0247,265
21,features.14,244,active,-0.121062,1.851743e-06,6.501229e-07,0.4903,0.0372,265
21,features.14,245,active,-0.050885,1.338299e-06,1.384413e-06,0.3543,0.0792,265
21,features.14,246,active,-0.007042,1.972500e-07,2.154765e-07,0.0522,0.0123,265
21,features.14,247,active,-0.042731,1.434968e-06,1.779925e-06,0.3799,0.1018,265
21,features.14,248,active,-0.011699,6.997498e-07,1.096251e-06,0.1853,0.0627,265
21,features.14,249,active,0.011301,3.872502e-07,1.050729e-06,0.1025,0.0601,265
21,features.14,250,active,-0.028661,5.869147e-07,4.486348e-07,0.1554,0.0257,265
21,features.14,251,active,-0.005847,4.604664e-07,7.676473e-07,0.1219,0.0439,265
21,features.14,252,pruned_before,nan,0.000000e+00,0.000000e+00,0.0000,0.0000,0
21,features.14,253,active,0.001826,6.878801e-07,1.410566e-06,0.1821,0.0807,265
21,features.14,254,active,-0.038593,6.958734e-07,4.167027e-07,0.1842,0.0238,265
21,features.14,255,active,-0.040603,8.843166e-07,7.404223e-07,0.2341,0.0423,265
21,features.14,256,active,-0.017068,5.258024e-07,6.169697e-07,0.1392,0.0353,265
21,features.14,257,active,-0.019219,4.248407e-07,3.628930e-07,0.1125,0.0208,265
21,features.14,258,pruned_before,nan,0.000000e+00,0.000000e+00,0.0000,0.0000,0
21,features.14,259,active,0.074687,1.612968e-08,1.897785e-06,0.0043,0.1085,265
21,features.14,260,active,-0.063083,1.046987e-06,5.016292e-07,0.2772,0.0287,265
21,features.14,261,pruned_before,nan,0.000000e+00,0.000000e+00,0.0000,0.0000,0
21,features.14,262,active,0.074276,1.888002e-07,2.230155e-06,0.0500,0.1275,265
21,features.14,263,pruned_before,nan,0.000000e+00,0.000000e+00,0.0000,0.0000,0
21,features.14,264,active,0.364763,5.553063e-07,1.021415e-05,0.1470,0.5841,265
21,features.14,265,active,-0.020079,4.573068e-07,4.058414e-07,0.1211,0.0232,265
21,features.14,266,pruned_before,nan,0.000000e+00,0.000000e+00,0.0000,0.0000,0
21,features.14,267,active,0.054863,7.805425e-07,2.919379e-06,0.2067,0.1669,265
21,features.14,268,active,-0.001894,4.726597e-07,8.905822e-07,0.1251,0.0509,265
21,features.14,269,active,-0.003589,3.517373e-07,6.083021e-07,0.0931,0.0348,265
21,features.14,270,active,-0.023364,6.120237e-07,6.307639e-07,0.1620,0.0361,265
21,features.14,271,active,-0.102729,1.367873e-06,1.479522e-07,0.3622,0.0085,265
21,features.14,272,pruned_before,nan,0.000000e+00,0.000000e+00,0.0000,0.0000,0
21,features.14,273,active,-0.123902,1.758049e-06,3.932582e-07,0.4655,0.0225,265
21,features.14,274,pruned_before,nan,0.000000e+00,0.000000e+00,0.0000,0.0000,0
21,features.14,275,pruned_before,nan,0.000000e+00,0.000000e+00,0.0000,0.0000,0
21,features.14,276,active,-0.009053,5.017010e-07,7.693598e-07,0.1328,0.0440,265
21,features.14,277,pruned_before,nan,0.000000e+00,0.000000e+00,0.0000,0.0000,0
21,features.14,278,active,-0.009899,6.466121e-07,1.035771e-06,0.1712,0.0592,265
21,features.14,279,pruned_before,nan,0.000000e+00,0.000000e+00,0.0000,0.0000,0
21,features.14,280,active,-0.030617,7.746924e-07,7.723628e-07,0.2051,0.0442,265
21,features.14,281,pruned_before,nan,0.000000e+00,0.000000e+00,0.0000,0.0000,0
21,features.14,282,pruned_before,nan,0.000000e+00,0.000000e+00,0.0000,0.0000,0
21,features.14,283,pruned_before,nan,0.000000e+00,0.000000e+00,0.0000,0.0000,0
21,features.14,284,pruned_before,nan,0.000000e+00,0.000000e+00,0.0000,0.0000,0
21,features.14,285,active,0.045439,3.901291e-07,1.909253e-06,0.1033,0.1092,265
21,features.14,286,pruned_before,nan,0.000000e+00,0.000000e+00,0.0000,0.0000,0
21,features.14,287,active,-0.015487,2.463686e-07,1.019863e-07,0.0652,0.0058,265
21,features.14,288,pruned_before,nan,0.000000e+00,0.000000e+00,0.0000,0.0000,0
21,features.14,289,pruned_before,nan,0.000000e+00,0.000000e+00,0.0000,0.0000,0
21,features.14,290,active,0.001492,9.416179e-07,1.905712e-06,0.2493,0.1090,265
21,features.14,291,pruned_before,nan,0.000000e+00,0.000000e+00,0.0000,0.0000,0
21,features.14,292,active,0.001721,2.274315e-07,4.942946e-07,0.0602,0.0283,265
21,features.14,293,pruned_before,nan,0.000000e+00,0.000000e+00,0.0000,0.0000,0
21,features.14,294,active,-0.005901,4.035828e-07,6.534230e-07,0.1069,0.0374,265
21,features.14,295,active,-0.021278,5.250648e-07,5.103336e-07,0.1390,0.0292,265
21,features.14,296,active,-0.006095,1.990015e-07,2.426088e-07,0.0527,0.0139,265
21,features.14,297,active,-0.035471,6.425799e-07,3.889569e-07,0.1701,0.0222,265
21,features.14,298,pruned_before,nan,0.000000e+00,0.000000e+00,0.0000,0.0000,0
21,features.14,299,active,-0.049111,7.711703e-07,3.033722e-07,0.2042,0.0173,265
21,features.14,300,active,0.002200,4.767231e-08,1.495431e-07,0.0126,0.0086,265
21,features.14,301,active,-0.005830,2.738255e-07,3.977041e-07,0.0725,0.0227,265
21,features.14,302,pruned_before,nan,0.000000e+00,0.000000e+00,0.0000,0.0000,0
21,features.14,303,active,0.016408,5.360473e-07,1.473570e-06,0.1419,0.0843,265
21,features.14,304,active,0.000000,0.000000e+00,3.661591e-12,0.0000,0.0000,265
21,features.14,305,active,0.009854,8.199091e-08,4.088551e-07,0.0217,0.0234,265
21,features.14,306,pruned_before,nan,0.000000e+00,0.000000e+00,0.0000,0.0000,0
21,features.14,307,pruned_before,nan,0.000000e+00,0.000000e+00,0.0000,0.0000,0
21,features.14,308,active,-0.000817,5.403828e-07,1.051860e-06,0.1431,0.0602,265
21,features.14,309,active,0.006738,7.143026e-08,3.100532e-07,0.0189,0.0177,265
21,features.14,310,active,-0.009619,1.044260e-06,1.831816e-06,0.2765,0.1048,265
21,features.14,311,active,0.067187,1.378952e-07,1.952055e-06,0.0365,0.1116,265
21,features.14,312,active,0.004404,4.381145e-07,9.793762e-07,0.1160,0.0560,265
21,features.14,313,active,0.010439,4.098871e-07,1.074105e-06,0.1085,0.0614,265
21,features.14,314,pruned_before,nan,0.000000e+00,0.000000e+00,0.0000,0.0000,0
21,features.14,315,pruned_before,nan,0.000000e+00,0.000000e+00,0.0000,0.0000,0
21,features.14,316,active,0.003634,2.156154e-07,5.186187e-07,0.0571,0.0297,265
21,features.14,317,active,-0.078549,1.062584e-06,1.462122e-07,0.2813,0.0084,265
21,features.14,318,active,-0.015134,4.993019e-07,6.126995e-07,0.1322,0.0350,265
21,features.14,319,pruned_before,nan,0.000000e+00,0.000000e+00,0.0000,0.0000,0
21,features.14,320,pruned_before,nan,0.000000e+00,0.000000e+00,0.0000,0.0000,0
21,features.14,321,pruned_before,nan,0.000000e+00,0.000000e+00,0.0000,0.0000,0
21,features.14,322,active,-0.030620,5.892686e-07,4.043440e-07,0.1560,0.0231,265
21,features.14,323,pruned_before,nan,0.000000e+00,0.000000e+00,0.0000,0.0000,0
21,features.14,324,active,0.013328,2.101791e-07,7.499971e-07,0.0556,0.0429,265
21,features.14,325,pruned_before,nan,0.000000e+00,0.000000e+00,0.0000,0.0000,0
21,features.14,326,active,-0.123265,2.619478e-06,2.118496e-06,0.6936,0.1211,265
21,features.14,327,pruned_before,nan,0.000000e+00,0.000000e+00,0.0000,0.0000,0
21,features.14,328,pruned_before,nan,0.000000e+00,0.000000e+00,0.0000,0.0000,0
21,features.14,329,pruned_before,nan,0.000000e+00,0.000000e+00,0.0000,0.0000,0
21,features.14,330,active,-0.039409,6.432890e-07,2.919979e-07,0.1703,0.0167,265
21,features.14,331,active,-0.008393,1.741880e-07,1.359792e-07,0.0461,0.0078,265
21,features.14,332,pruned_before,nan,0.000000e+00,0.000000e+00,0.0000,0.0000,0
21,features.14,333,active,0.181861,1.503375e-07,4.841433e-06,0.0398,0.2769,265
21,features.14,334,active,0.054908,7.378551e-08,1.518097e-06,0.0195,0.0868,265
21,features.14,335,pruned_before,nan,0.000000e+00,0.000000e+00,0.0000,0.0000,0
21,features.14,336,active,0.009074,4.155397e-07,1.051225e-06,0.1100,0.0601,265
21,features.14,337,pruned_before,nan,0.000000e+00,0.000000e+00,0.0000,0.0000,0
21,features.14,338,active,-0.039440,5.811462e-07,1.679009e-07,0.1539,0.0096,265
21,features.14,339,pruned_before,nan,0.000000e+00,0.000000e+00,0.0000,0.0000,0
21,features.14,340,pruned_before,nan,0.000000e+00,0.000000e+00,0.0000,0.0000,0
21,features.14,341,pruned_before,nan,0.000000e+00,0.000000e+00,0.0000,0.0000,0
21,features.14,342,pruned_before,nan,0.000000e+00,0.000000e+00,0.0000,0.0000,0
21,features.14,343,pruned_before,nan,0.000000e+00,0.000000e+00,0.0000,0.0000,0
21,features.14,344,active,-0.045799,7.722847e-07,3.883140e-07,0.2045,0.0222,265
21,features.14,345,active,-0.018205,4.607421e-07,4.594655e-07,0.1220,0.0263,265
21,features.14,346,pruned_before,nan,0.000000e+00,0.000000e+00,0.0000,0.0000,0
21,features.14,347,active,0.044921,3.414285e-07,1.799670e-06,0.0904,0.1029,265
21,features.14,348,active,0.067791,8.040915e-07,3.289073e-06,0.2129,0.1881,265
21,features.14,349,active,-0.017137,1.038875e-06,1.633333e-06,0.2751,0.0934,265
21,features.14,350,active,-0.014015,4.294953e-07,5.021301e-07,0.1137,0.0287,265
21,features.14,351,pruned_before,nan,0.000000e+00,0.000000e+00,0.0000,0.0000,0
21,features.14,352,active,0.001839,3.114289e-07,6.639058e-07,0.0825,0.0380,265
21,features.14,353,active,-0.009012,1.953589e-07,1.625124e-07,0.0517,0.0093,265
21,features.14,354,pruned_before,nan,0.000000e+00,0.000000e+00,0.0000,0.0000,0
21,features.14,355,active,-0.019883,3.342039e-07,1.664683e-07,0.0885,0.0095,265
21,features.14,356,active,-0.006514,2.251724e-07,2.840794e-07,0.0596,0.0162,265
21,features.14,357,active,0.103162,2.885493e-07,3.149682e-06,0.0764,0.1801,265
21,features.14,358,pruned_before,nan,0.000000e+00,0.000000e+00,0.0000,0.0000,0
21,features.14,359,active,-0.002840,3.022094e-07,5.287269e-07,0.0800,0.0302,265
21,features.14,360,active,-0.016500,3.966950e-07,3.749739e-07,0.1050,0.0214,265
21,features.14,361,active,-0.074947,1.107441e-06,3.252029e-07,0.2932,0.0186,265
21,features.14,362,pruned_before,nan,0.000000e+00,0.000000e+00,0.0000,0.0000,0
21,features.14,363,pruned_before,nan,0.000000e+00,0.000000e+00,0.0000,0.0000,0
21,features.14,364,pruned_before,nan,0.000000e+00,0.000000e+00,0.0000,0.0000,0
21,features.14,365,pruned_before,nan,0.000000e+00,0.000000e+00,0.0000,0.0000,0
21,features.14,366,active,-0.024184,3.874337e-07,1.646301e-07,0.1026,0.0094,265
21,features.14,367,active,-0.017354,9.159233e-07,1.383943e-06,0.2425,0.0791,265
21,features.14,368,active,-0.137771,2.172594e-06,8.693707e-07,0.5752,0.0497,265
21,features.14,369,active,-0.028308,4.621497e-07,2.098744e-07,0.1224,0.0120,265
21,features.14,370,active,0.056843,6.375749e-07,2.685161e-06,0.1688,0.1536,265
21,features.14,371,pruned_before,nan,0.000000e+00,0.000000e+00,0.0000,0.0000,0
21,features.14,372,pruned_before,nan,0.000000e+00,0.000000e+00,0.0000,0.0000,0
21,features.14,373,pruned_before,nan,0.000000e+00,0.000000e+00,0.0000,0.0000,0
21,features.14,374,active,-0.117976,1.796766e-06,6.181310e-07,0.4757,0.0353,265
21,features.14,375,active,-0.020167,6.617391e-07,8.092973e-07,0.1752,0.0463,265
21,features.14,376,pruned_before,nan,0.000000e+00,0.000000e+00,0.0000,0.0000,0
21,features.14,377,active,-0.102100,1.342454e-06,1.132413e-07,0.3554,0.0065,265
21,features.14,378,active,-0.025737,4.185936e-07,1.876610e-07,0.1108,0.0107,265
21,features.14,379,active,-0.010500,2.493118e-07,2.323927e-07,0.0660,0.0133,265
21,features.14,380,pruned_before,nan,0.000000e+00,0.000000e+00,0.0000,0.0000,0
21,features.14,381,pruned_before,nan,0.000000e+00,0.000000e+00,0.0000,0.0000,0
21,features.14,382,active,-0.013175,3.641730e-07,3.934941e-07,0.0964,0.0225,265
21,features.14,383,pruned_before,nan,0.000000e+00,0.000000e+00,0.0000,0.0000,0
21,features.14,384,pruned_before,nan,0.000000e+00,0.000000e+00,0.0000,0.0000,0
21,features.14,385,active,-0.010410,4.647331e-07,6.621174e-07,0.1230,0.0379,265
21,features.14,386,pruned_before,nan,0.000000e+00,0.000000e+00,0.0000,0.0000,0
21,features.14,387,pruned_before,nan,0.000000e+00,0.000000e+00,0.0000,0.0000,0
21,features.14,388,pruned_before,nan,0.000000e+00,0.000000e+00,0.0000,0.0000,0
21,features.14,389,active,0.000160,1.736375e-07,3.485557e-07,0.0460,0.0199,265
21,features.14,390,active,0.068424,9.320004e-08,1.894264e-06,0.0247,0.1083,265
21,features.14,391,pruned_before,nan,0.000000e+00,0.000000e+00,0.0000,0.0000,0
21,features.14,392,active,-0.003840,2.397319e-07,3.797728e-07,0.0635,0.0217,265
21,features.14,393,active,0.008793,8.569162e-07,1.920026e-06,0.2269,0.1098,265
21,features.14,394,active,-0.006263,3.562759e-07,5.504995e-07,0.0943,0.0315,265
21,features.14,395,active,-0.111545,2.061188e-06,1.303460e-06,0.5457,0.0745,265
21,features.14,396,pruned_before,nan,0.000000e+00,0.000000e+00,0.0000,0.0000,0
21,features.14,397,pruned_before,nan,0.000000e+00,0.000000e+00,0.0000,0.0000,0
21,features.14,398,pruned_now,-0.151599,2.531162e-06,1.235422e-06,0.6702,0.0706,265
21,features.14,399,pruned_before,nan,0.000000e+00,0.000000e+00,0.0000,0.0000,0
21,features.14,400,active,-0.027395,4.504718e-07,2.095123e-07,0.1193,0.0120,265
21,features.14,401,active,0.007925,9.600241e-08,3.884778e-07,0.0254,0.0222,265
21,features.14,402,active,0.009376,8.078203e-09,2.502540e-07,0.0021,0.0143,265
21,features.14,403,pruned_before,nan,0.000000e+00,0.000000e+00,0.0000,0.0000,0
21,features.14,404,pruned_before,nan,0.000000e+00,0.000000e+00,0.0000,0.0000,0
21,features.14,405,active,-0.062443,9.456213e-07,3.164821e-07,0.2504,0.0181,265
21,features.14,406,pruned_before,nan,0.000000e+00,0.000000e+00,0.0000,0.0000,0
21,features.14,407,active,0.001586,3.090168e-07,6.528002e-07,0.0818,0.0373,265
21,features.14,408,active,0.035004,4.744285e-07,1.815861e-06,0.1256,0.1038,265
21,features.14,409,pruned_before,nan,0.000000e+00,0.000000e+00,0.0000,0.0000,0
21,features.14,410,active,-0.018619,7.426771e-07,1.008561e-06,0.1966,0.0577,265
21,features.14,411,active,-0.000985,9.264644e-08,1.592386e-07,0.0245,0.0091,265
21,features.14,412,active,-0.008030,1.479408e-07,9.296067e-08,0.0392,0.0053,265
21,features.14,413,pruned_before,nan,0.000000e+00,0.000000e+00,0.0000,0.0000,0
21,features.14,414,active,-0.003513,2.769899e-07,4.618712e-07,0.0733,0.0264,265
21,features.14,415,active,-0.027779,4.381560e-07,1.754780e-07,0.1160,0.0100,265
21,features.14,416,active,0.032406,2.633307e-07,1.332058e-06,0.0697,0.0762,265
21,features.14,417,active,-0.017460,2.730362e-07,1.056033e-07,0.0723,0.0060,265
21,features.14,418,pruned_before,nan,0.000000e+00,0.000000e+00,0.0000,0.0000,0
21,features.14,419,active,-0.021425,3.241362e-07,1.079557e-07,0.0858,0.0062,265
21,features.14,420,pruned_before,nan,0.000000e+00,0.000000e+00,0.0000,0.0000,0
21,features.14,421,active,-0.005483,6.646208e-07,1.181843e-06,0.1760,0.0676,265
21,features.14,422,pruned_before,nan,0.000000e+00,0.000000e+00,0.0000,0.0000,0
21,features.14,423,active,0.074379,2.907273e-08,1.915777e-06,0.0077,0.1096,265
21,features.14,424,active,-0.012907,3.876885e-07,4.468666e-07,0.1026,0.0256,265
21,features.14,425,active,-0.009492,2.012532e-07,1.622130e-07,0.0533,0.0093,265
21,features.14,426,pruned_before,nan,0.000000e+00,0.000000e+00,0.0000,0.0000,0
21,features.14,427,pruned_before,nan,0.000000e+00,0.000000e+00,0.0000,0.0000,0
21,features.14,428,active,-0.025707,5.073099e-07,3.644523e-07,0.1343,0.0208,265
21,features.14,429,active,-0.012524,2.815780e-07,2.458684e-07,0.0746,0.0141,265
21,features.14,430,pruned_before,nan,0.000000e+00,0.000000e+00,0.0000,0.0000,0
21,features.14,431,active,0.009799,4.267015e-07,1.091494e-06,0.1130,0.0624,265
21,features.14,432,active,0.020431,6.058802e-08,6.306136e-07,0.0160,0.0361,265
21,features.14,433,active,-0.040128,7.203053e-07,4.268443e-07,0.1907,0.0244,265
21,features.14,434,active,-0.002745,5.026356e-07,9.288038e-07,0.1331,0.0531,265
21,features.14,435,active,-0.077972,1.143209e-06,3.206173e-07,0.3027,0.0183,265
21,features.14,436,active,-0.051755,7.339985e-07,1.635727e-07,0.1943,0.0094,265
21,features.14,437,pruned_before,nan,0.000000e+00,0.000000e+00,0.0000,0.0000,0
21,features.14,438,active,-0.060349,1.033789e-06,5.437505e-07,0.2737,0.0311,265
21,features.14,439,pruned_before,nan,0.000000e+00,0.000000e+00,0.0000,0.0000,0
21,features.14,440,active,0.008635,3.264450e-07,8.634842e-07,0.0864,0.0494,265
21,features.14,441,active,-0.009821,2.777655e-07,3.058183e-07,0.0735,0.0175,265
21,features.14,442,active,-0.029467,5.620636e-07,3.791654e-07,0.1488,0.0217,265
21,features.14,443,pruned_before,nan,0.000000e+00,0.000000e+00,0.0000,0.0000,0
21,features.14,444,active,0.019824,4.564810e-07,1.401014e-06,0.1209,0.0801,265
21,features.14,445,active,-0.040670,8.610899e-07,6.926680e-07,0.2280,0.0396,265
21,features.14,446,active,-0.004479,2.505324e-07,3.852317e-07,0.0663,0.0220,265
21,features.14,447,pruned_before,nan,0.000000e+00,0.000000e+00,0.0000,0.0000,0
21,features.14,448,active,-0.020873,4.905010e-07,4.518579e-07,0.1299,0.0258,265
21,features.14,449,pruned_before,nan,0.000000e+00,0.000000e+00,0.0000,0.0000,0
21,features.14,450,active,-0.077661,1.023668e-06,9.117802e-08,0.2710,0.0052,265
21,features.14,451,pruned_before,nan,0.000000e+00,0.000000e+00,0.0000,0.0000,0
21,features.14,452,pruned_before,nan,0.000000e+00,0.000000e+00,0.0000,0.0000,0
21,features.14,453,active,-0.019118,2.999278e-07,1.175492e-07,0.0794,0.0067,265
21,features.14,454,active,-0.036058,6.320035e-07,3.533040e-07,0.1673,0.0202,265
21,features.14,455,active,0.242069,2.050233e-07,6.454026e-06,0.0543,0.3691,265
21,features.14,456,active,-0.008540,4.801561e-07,7.394341e-07,0.1271,0.0423,265
21,features.14,457,pruned_before,nan,0.000000e+00,0.000000e+00,0.0000,0.0000,0
21,features.14,458,active,0.007698,5.842886e-07,1.351709e-06,0.1547,0.0773,265
21,features.14,459,pruned_before,nan,0.000000e+00,0.000000e+00,0.0000,0.0000,0
21,features.14,460,active,-0.031040,7.272704e-07,6.676921e-07,0.1926,0.0382,265
21,features.14,461,pruned_before,nan,0.000000e+00,0.000000e+00,0.0000,0.0000,0
21,features.14,462,active,0.026464,2.675107e-07,1.191926e-06,0.0708,0.0682,265
21,features.14,463,active,-0.087996,1.449970e-06,6.789161e-07,0.3839,0.0388,265
21,features.14,464,active,0.062364,9.096149e-08,1.738422e-06,0.0241,0.0994,265
21,features.14,465,pruned_before,nan,0.000000e+00,0.000000e+00,0.0000,0.0000,0
21,features.14,466,pruned_before,nan,0.000000e+00,0.000000e+00,0.0000,0.0000,0
21,features.14,467,active,-0.012426,2.653755e-07,2.161769e-07,0.0703,0.0124,265
21,features.14,468,pruned_before,nan,0.000000e+00,0.000000e+00,0.0000,0.0000,0
21,features.14,469,pruned_before,nan,0.000000e+00,0.000000e+00,0.0000,0.0000,0
21,features.14,470,pruned_before,nan,0.000000e+00,0.000000e+00,0.0000,0.0000,0
21,features.14,471,pruned_before,nan,0.000000e+00,0.000000e+00,0.0000,0.0000,0
21,features.14,472,active,-0.005138,2.305606e-07,3.291522e-07,0.0610,0.0188,265
21,features.14,473,active,-0.039316,6.239647e-07,2.559605e-07,0.1652,0.0146,265
21,features.14,474,active,-0.008068,1.365924e-07,6.949735e-08,0.0362,0.0040,265
21,features.14,475,active,-0.064802,1.203021e-06,7.683138e-07,0.3185,0.0439,265
21,features.14,476,active,-0.049837,6.987482e-07,1.415194e-07,0.1850,0.0081,265
21,features.14,477,active,-0.018696,6.324894e-07,7.879980e-07,0.1675,0.0451,265
21,features.14,478,pruned_before,nan,0.000000e+00,0.000000e+00,0.0000,0.0000,0
21,features.14,479,active,-0.002763,4.242426e-07,7.728031e-07,0.1123,0.0442,265
21,features.14,480,active,-0.024563,4.969218e-07,3.724188e-07,0.1316,0.0213,265
21,features.14,481,active,-0.058198,8.090677e-07,1.515572e-07,0.2142,0.0087,265
21,features.14,482,active,0.029550,6.352997e-07,1.998819e-06,0.1682,0.1143,265
21,features.14,483,active,-0.017191,6.549524e-07,8.701596e-07,0.1734,0.0498,265
21,features.14,484,active,0.191186,4.257347e-07,5.620851e-06,0.1127,0.3214,265
21,features.14,485,pruned_before,nan,0.000000e+00,0.000000e+00,0.0000,0.0000,0
21,features.14,486,active,-0.061205,1.832739e-06,2.107717e-06,0.4853,0.1205,265
21,features.14,487,active,-0.020126,4.076258e-07,3.060881e-07,0.1079,0.0175,265
21,features.14,488,active,0.012570,7.050552e-07,1.713058e-06,0.1867,0.0980,265
21,features.14,489,pruned_before,nan,0.000000e+00,0.000000e+00,0.0000,0.0000,0
21,features.14,490,pruned_before,nan,0.000000e+00,0.000000e+00,0.0000,0.0000,0
21,features.14,491,active,-0.041429,8.372174e-07,6.263263e-07,0.2217,0.0358,265
21,features.14,492,active,0.006910,3.708994e-07,9.086010e-07,0.0982,0.0520,265
21,features.14,493,pruned_before,nan,0.000000e+00,0.000000e+00,0.0000,0.0000,0
21,features.14,494,active,0.041698,2.453007e-07,1.528417e-06,0.0649,0.0874,265
21,features.14,495,pruned_before,nan,0.000000e+00,0.000000e+00,0.0000,0.0000,0
21,features.14,496,active,-0.031953,1.223868e-06,1.630283e-06,0.3240,0.0932,265
21,features.14,497,active,-0.065814,9.988349e-07,3.378559e-07,0.2645,0.0193,265
21,features.14,498,active,-0.047022,6.526296e-07,1.203495e-07,0.1728,0.0069,265
21,features.14,499,pruned_before,nan,0.000000e+00,0.000000e+00,0.0000,0.0000,0
21,features.14,500,active,-0.017902,5.707786e-07,6.853754e-07,0.1511,0.0392,265
21,features.14,501,active,0.002751,2.554121e-07,5.755246e-07,0.0676,0.0329,265
21,features.14,502,active,-0.042554,9.555146e-07,8.329753e-07,0.2530,0.0476,265
21,features.14,503,active,-0.035436,5.123935e-07,1.315074e-07,0.1357,0.0075,265
21,features.14,504,active,-0.072770,1.226297e-06,6.154421e-07,0.3247,0.0352,265
21,features.14,505,active,-0.008313,7.265107e-07,1.233950e-06,0.1924,0.0706,265
21,features.14,506,active,0.117239,1.837506e-07,3.293410e-06,0.0487,0.1883,265
21,features.14,507,active,0.143663,1.269321e-06,6.107597e-06,0.3361,0.3493,265
21,features.14,508,active,0.095006,1.996373e-08,2.412990e-06,0.0053,0.1380,265
21,features.14,509,active,0.049117,1.057729e-06,3.325848e-06,0.2801,0.1902,265
21,features.14,510,active,0.030085,3.270922e-07,1.400616e-06,0.0866,0.0801,265
21,features.14,511,active,0.011313,4.134346e-07,1.102994e-06,0.1095,0.0631,265
21,features.14,512,active,-0.016204,1.973628e-06,3.511463e-06,0.5226,0.2008,265
21,features.14,513,active,-0.019775,7.290490e-07,9.526406e-07,0.1930,0.0545,265
21,features.14,514,pruned_now,-0.149120,2.624464e-06,1.482498e-06,0.6949,0.0848,265
21,features.14,515,pruned_before,nan,0.000000e+00,0.000000e+00,0.0000,0.0000,0
21,features.14,516,active,-0.023723,4.024238e-07,2.059069e-07,0.1066,0.0118,265
21,features.14,517,pruned_before,nan,0.000000e+00,0.000000e+00,0.0000,0.0000,0
21,features.14,518,active,-0.033927,5.340148e-07,2.121130e-07,0.1414,0.0121,265
21,features.14,519,active,-0.010857,1.317155e-06,2.342390e-06,0.3487,0.1340,265
21,features.14,520,pruned_before,nan,0.000000e+00,0.000000e+00,0.0000,0.0000,0
21,features.14,521,pruned_before,nan,0.000000e+00,0.000000e+00,0.0000,0.0000,0
21,features.14,522,active,-0.002047,4.104027e-07,7.632285e-07,0.1087,0.0436,265
21,features.14,523,pruned_before,nan,0.000000e+00,0.000000e+00,0.0000,0.0000,0
21,features.14,524,active,-0.101121,1.447072e-06,3.452776e-07,0.3831,0.0197,265
21,features.14,525,active,-0.012155,3.037757e-07,2.991252e-07,0.0804,0.0171,265
21,features.14,526,active,-0.016576,5.155364e-07,6.088770e-07,0.1365,0.0348,265
21,features.14,527,pruned_before,nan,0.000000e+00,0.000000e+00,0.0000,0.0000,0
21,features.14,528,pruned_before,nan,0.000000e+00,0.000000e+00,0.0000,0.0000,0
21,features.14,529,active,-0.078788,1.433242e-06,8.757506e-07,0.3795,0.0501,265
21,features.14,530,pruned_before,nan,0.000000e+00,0.000000e+00,0.0000,0.0000,0
21,features.14,531,pruned_before,nan,0.000000e+00,0.000000e+00,0.0000,0.0000,0
21,features.14,532,pruned_before,nan,0.000000e+00,0.000000e+00,0.0000,0.0000,0
21,features.14,533,pruned_before,nan,0.000000e+00,0.000000e+00,0.0000,0.0000,0
21,features.14,534,pruned_before,nan,0.000000e+00,0.000000e+00,0.0000,0.0000,0
21,features.14,535,active,0.000138,2.492393e-07,4.980120e-07,0.0660,0.0285,265
21,features.14,536,active,0.015224,6.827359e-08,5.157839e-07,0.0181,0.0295,265
21,features.14,537,active,-0.014664,7.467766e-07,1.115502e-06,0.1977,0.0638,265
21,features.14,538,active,0.030719,3.308498e-07,1.423892e-06,0.0876,0.0814,265
21,features.14,539,active,-0.015876,3.769985e-07,3.514718e-07,0.0998,0.0201,265
21,features.14,540,active,-0.075411,1.626873e-06,1.344320e-06,0.4307,0.0769,265
21,features.14,541,active,-0.001813,3.188928e-07,5.874746e-07,0.0844,0.0336,265
21,features.14,542,pruned_before,nan,0.000000e+00,0.000000e+00,0.0000,0.0000,0
21,features.14,543,active,0.000000,0.000000e+00,0.000000e+00,0.0000,0.0000,265
21,features.14,544,active,0.063260,2.650658e-07,2.106278e-06,0.0702,0.1204,265
21,features.14,545,active,-0.018435,9.346040e-07,1.394011e-06,0.2475,0.0797,265
21,features.14,546,active,0.001176,5.049210e-07,1.031297e-06,0.1337,0.0590,265
21,features.14,547,active,0.173376,9.803970e-07,6.276554e-06,0.2596,0.3589,265
21,features.14,548,pruned_before,nan,0.000000e+00,0.000000e+00,0.0000,0.0000,0
21,features.14,549,active,0.023636,9.735835e-08,7.836385e-07,0.0258,0.0448,265
21,features.14,550,active,-0.010906,3.611942e-07,4.442767e-07,0.0956,0.0254,265
21,features.14,551,active,-0.024510,3.784320e-07,1.386303e-07,0.1002,0.0079,265
21,features.14,552,active,-0.107459,1.555236e-06,4.015826e-07,0.4118,0.0230,265
21,features.14,553,active,0.052937,1.744644e-07,1.668633e-06,0.0462,0.0954,265
21,features.14,554,active,0.075782,1.424722e-07,2.175840e-06,0.0377,0.1244,265
21,features.14,555,pruned_before,nan,0.000000e+00,0.000000e+00,0.0000,0.0000,0
21,features.14,556,pruned_before,nan,0.000000e+00,0.000000e+00,0.0000,0.0000,0
21,features.14,557,pruned_before,nan,0.000000e+00,0.000000e+00,0.0000,0.0000,0
21,features.14,558,pruned_before,nan,0.000000e+00,0.000000e+00,0.0000,0.0000,0
21,features.14,559,active,0.020025,1.190499e-06,2.862542e-06,0.3152,0.1637,265
21,features.14,560,pruned_before,nan,0.000000e+00,0.000000e+00,0.0000,0.0000,0
21,features.14,561,active,0.017030,2.557843e-07,9.329769e-07,0.0677,0.0534,265
21,features.14,562,pruned_before,nan,0.000000e+00,0.000000e+00,0.0000,0.0000,0
21,features.14,563,pruned_before,nan,0.000000e+00,0.000000e+00,0.0000,0.0000,0
21,features.14,564,active,-0.021275,7.160589e-07,8.893880e-07,0.1896,0.0509,265
21,features.14,565,active,-0.016989,4.713856e-07,5.109697e-07,0.1248,0.0292,265
21,features.14,566,active,-0.022449,4.272872e-07,2.870665e-07,0.1131,0.0164,265
21,features.14,567,pruned_before,nan,0.000000e+00,0.000000e+00,0.0000,0.0000,0
21,features.14,568,pruned_before,nan,0.000000e+00,0.000000e+00,0.0000,0.0000,0
21,features.14,569,pruned_before,nan,0.000000e+00,0.000000e+00,0.0000,0.0000,0
21,features.14,570,active,0.005036,6.059726e-07,1.328235e-06,0.1604,0.0760,265
21,features.14,571,active,-0.037678,5.100021e-07,7.074915e-08,0.1350,0.0040,265
21,features.14,572,active,-0.031307,5.071198e-07,2.241937e-07,0.1343,0.0128,265
21,features.14,573,active,0.000070,8.125383e-08,1.629740e-07,0.0215,0.0093,265
21,features.14,574,pruned_before,nan,0.000000e+00,0.000000e+00,0.0000,0.0000,0
21,features.14,575,active,0.037424,7.001926e-08,1.073849e-06,0.0185,0.0614,265
21,features.15,0,pruned_before,nan,0.000000e+00,0.000000e+00,0.0000,0.0000,0
21,features.15,1,active,-0.028719,5.502448e-08,3.086677e-07,0.1003,0.0020,329
21,features.15,2,pruned_before,nan,0.000000e+00,0.000000e+00,0.0000,0.0000,0
21,features.15,3,pruned_before,nan,0.000000e+00,0.000000e+00,0.0000,0.0000,0
21,features.15,4,pruned_before,nan,0.000000e+00,0.000000e+00,0.0000,0.0000,0
21,features.15,5,pruned_before,nan,0.000000e+00,0.000000e+00,0.0000,0.0000,0
21,features.15,6,active,-0.033826,7.343825e-08,1.419377e-06,0.1339,0.0091,329
21,features.15,7,protected,0.486620,3.900912e-07,1.565867e-04,0.7113,1.0000,329
21,features.15,8,pruned_before,nan,0.000000e+00,0.000000e+00,0.0000,0.0000,0
21,features.15,9,pruned_before,nan,0.000000e+00,0.000000e+00,0.0000,0.0000,0
21,features.15,10,pruned_before,nan,0.000000e+00,0.000000e+00,0.0000,0.0000,0
21,features.15,11,active,-0.030311,5.570314e-08,3.556765e-08,0.1016,0.0002,329
21,features.15,12,active,-0.035118,6.476030e-08,6.837030e-08,0.1181,0.0004,329
21,features.15,13,pruned_before,nan,0.000000e+00,0.000000e+00,0.0000,0.0000,0
21,features.15,14,pruned_before,nan,0.000000e+00,0.000000e+00,0.0000,0.0000,0
21,features.15,15,active,-0.053598,1.052062e-07,8.836053e-07,0.1918,0.0056,329
21,features.15,16,pruned_before,nan,0.000000e+00,0.000000e+00,0.0000,0.0000,0
21,features.15,17,pruned_before,nan,0.000000e+00,0.000000e+00,0.0000,0.0000,0
21,features.15,18,active,-0.079286,1.478054e-07,3.497347e-07,0.2695,0.0022,329
21,features.15,19,pruned_before,nan,0.000000e+00,0.000000e+00,0.0000,0.0000,0
21,features.15,20,active,-0.009025,2.275089e-08,7.649605e-07,0.0415,0.0049,329
21,features.15,21,active,-0.080162,1.510930e-07,5.561938e-07,0.2755,0.0036,329
21,features.15,22,pruned_before,nan,0.000000e+00,0.000000e+00,0.0000,0.0000,0
21,features.15,23,active,-0.028747,6.280173e-08,1.253943e-06,0.1145,0.0080,329
21,features.15,24,pruned_before,nan,0.000000e+00,0.000000e+00,0.0000,0.0000,0
21,features.15,25,pruned_before,nan,0.000000e+00,0.000000e+00,0.0000,0.0000,0
21,features.15,26,pruned_before,nan,0.000000e+00,0.000000e+00,0.0000,0.0000,0
21,features.15,27,pruned_before,nan,0.000000e+00,0.000000e+00,0.0000,0.0000,0
21,features.15,28,pruned_before,nan,0.000000e+00,0.000000e+00,0.0000,0.0000,0
21,features.15,29,pruned_before,nan,0.000000e+00,0.000000e+00,0.0000,0.0000,0
21,features.15,30,active,-0.039523,7.938456e-08,8.724348e-07,0.1447,0.0056,329
21,features.15,31,active,-0.017619,3.882501e-08,8.093464e-07,0.0708,0.0052,329
21,features.15,32,active,-0.009636,2.091960e-08,4.042547e-07,0.0381,0.0026,329
21,features.15,33,pruned_now,-0.299142,5.484443e-07,1.918273e-07,1.0000,0.0012,329
21,features.15,34,pruned_before,nan,0.000000e+00,0.000000e+00,0.0000,0.0000,0
21,features.15,35,active,-0.009647,2.162083e-08,4.875230e-07,0.0394,0.0031,329
21,features.15,36,active,-0.011391,2.203426e-08,1.480207e-07,0.0402,0.0009,329
21,features.15,37,pruned_before,nan,0.000000e+00,0.000000e+00,0.0000,0.0000,0
21,features.15,38,pruned_before,nan,0.000000e+00,0.000000e+00,0.0000,0.0000,0
21,features.15,39,active,-0.068809,1.296040e-07,4.662815e-07,0.2363,0.0030,329
21,features.15,40,pruned_before,nan,0.000000e+00,0.000000e+00,0.0000,0.0000,0
21,features.15,41,active,-0.053719,9.888850e-08,8.355299e-08,0.1803,0.0005,329
21,features.15,42,pruned_before,nan,0.000000e+00,0.000000e+00,0.0000,0.0000,0
21,features.15,43,pruned_before,nan,0.000000e+00,0.000000e+00,0.0000,0.0000,0
21,features.15,44,active,-0.027092,7.291516e-08,2.861733e-06,0.1329,0.0183,329
21,features.15,45,pruned_before,nan,0.000000e+00,0.000000e+00,0.0000,0.0000,0
21,features.15,46,pruned_before,nan,0.000000e+00,0.000000e+00,0.0000,0.0000,0
21,features.15,47,active,-0.038532,7.122823e-08,9.614933e-08,0.1299,0.0006,329
21,features.15,48,active,-0.041742,7.835148e-08,2.496365e-07,0.1429,0.0016,329
21,features.15,49,pruned_before,nan,0.000000e+00,0.000000e+00,0.0000,0.0000,0
21,features.15,50,pruned_before,nan,0.000000e+00,0.000000e+00,0.0000,0.0000,0
21,features.15,51,pruned_before,nan,0.000000e+00,0.000000e+00,0.0000,0.0000,0
21,features.15,52,active,-0.080320,1.475459e-07,8.671813e-08,0.2690,0.0006,329
21,features.15,53,active,-0.127080,2.487307e-07,2.007798e-06,0.4535,0.0128,329
21,features.15,54,active,-0.019066,3.827616e-08,4.186138e-07,0.0698,0.0027,329
21,features.15,55,active,-0.038175,7.344837e-08,4.476930e-07,0.1339,0.0029,329
21,features.15,56,pruned_before,nan,0.000000e+00,0.000000e+00,0.0000,0.0000,0
21,features.15,57,active,-0.012883,2.548492e-08,2.365268e-07,0.0465,0.0015,329
21,features.15,58,pruned_before,nan,0.000000e+00,0.000000e+00,0.0000,0.0000,0
21,features.15,59,active,-0.031241,5.829301e-08,1.443350e-07,0.1063,0.0009,329
21,features.15,60,active,-0.112438,2.065401e-07,1.207822e-07,0.3766,0.0008,329
21,features.15,61,pruned_before,nan,0.000000e+00,0.000000e+00,0.0000,0.0000,0
21,features.15,62,active,-0.049385,1.109391e-07,2.527454e-06,0.2023,0.0161,329
21,features.15,63,active,-0.040133,7.425650e-08,1.084776e-07,0.1354,0.0007,329
21,features.15,64,pruned_before,nan,0.000000e+00,0.000000e+00,0.0000,0.0000,0
21,features.15,65,active,-0.064166,1.543054e-07,4.527369e-06,0.2814,0.0289,329
21,features.15,66,active,-0.049866,9.930810e-08,9.967104e-07,0.1811,0.0064,329
21,features.15,67,pruned_before,nan,0.000000e+00,0.000000e+00,0.0000,0.0000,0
21,features.15,68,pruned_before,nan,0.000000e+00,0.000000e+00,0.0000,0.0000,0
21,features.15,69,pruned_now,-0.173321,3.178267e-07,1.186345e-07,0.5795,0.0008,329
21,features.15,70,pruned_before,nan,0.000000e+00,0.000000e+00,0.0000,0.0000,0
21,features.15,71,active,-0.093549,1.808338e-07,1.200645e-06,0.3297,0.0077,329
21,features.15,72,active,-0.054166,1.032303e-07,5.147464e-07,0.1882,0.0033,329
21,features.15,73,active,-0.046603,8.735632e-08,2.641902e-07,0.1593,0.0017,329
21,features.15,74,active,-0.064347,1.298838e-07,1.498747e-06,0.2368,0.0096,329
21,features.15,75,active,-0.035287,6.571315e-08,1.471255e-07,0.1198,0.0009,329
21,features.15,76,pruned_before,nan,0.000000e+00,0.000000e+00,0.0000,0.0000,0
21,features.15,77,active,-0.067595,1.253009e-07,2.113555e-07,0.2285,0.0013,329
21,features.15,78,active,-0.005636,1.297195e-08,3.265917e-07,0.0237,0.0021,329
21,features.15,79,pruned_before,nan,0.000000e+00,0.000000e+00,0.0000,0.0000,0
21,features.15,80,active,-0.016008,3.160672e-08,2.864828e-07,0.0576,0.0018,329
21,features.15,81,pruned_before,nan,0.000000e+00,0.000000e+00,0.0000,0.0000,0
21,features.15,82,active,-0.038180,7.034578e-08,6.693179e-08,0.1283,0.0004,329
21,features.15,83,pruned_before,nan,0.000000e+00,0.000000e+00,0.0000,0.0000,0
21,features.15,84,pruned_before,nan,0.000000e+00,0.000000e+00,0.0000,0.0000,0
21,features.15,85,pruned_before,nan,0.000000e+00,0.000000e+00,0.0000,0.0000,0
21,features.15,86,active,-0.008831,1.777588e-08,1.996672e-07,0.0324,0.0013,329
21,features.15,87,active,-0.059715,1.133969e-07,5.173502e-07,0.2068,0.0033,329
21,features.15,88,pruned_before,nan,0.000000e+00,0.000000e+00,0.0000,0.0000,0
21,features.15,89,active,-0.098060,2.151101e-07,4.385634e-06,0.3922,0.0280,329
21,features.15,90,pruned_before,nan,0.000000e+00,0.000000e+00,0.0000,0.0000,0
21,features.15,91,pruned_before,nan,0.000000e+00,0.000000e+00,0.0000,0.0000,0
21,features.15,92,active,-0.122315,2.340628e-07,1.279043e-06,0.4268,0.0082,329
21,features.15,93,active,-0.047458,9.022944e-08,4.245360e-07,0.1645,0.0027,329
21,features.15,94,active,-0.014475,3.029431e-08,4.689248e-07,0.0552,0.0030,329
21,features.15,95,active,-0.041072,7.540298e-08,3.871816e-08,0.1375,0.0002,329
21,features.15,96,active,-0.073325,1.596141e-07,3.128256e-06,0.2910,0.0200,329
21,features.15,97,active,-0.015881,2.995092e-08,1.123036e-07,0.0546,0.0007,329
21,features.15,98,pruned_before,nan,0.000000e+00,0.000000e+00,0.0000,0.0000,0
21,features.15,99,active,-0.035537,7.917156e-08,1.738014e-06,0.1444,0.0111,329
21,features.15,100,active,-0.007425,1.533703e-08,2.157806e-07,0.0280,0.0014,329
21,features.15,101,active,-0.056450,1.048663e-07,2.039570e-07,0.1912,0.0013,329
21,features.15,102,active,-0.026506,4.903431e-08,7.061830e-08,0.0894,0.0005,329
21,features.15,103,active,-0.002323,4.454521e-09,2.533834e-08,0.0081,0.0002,329
21,features.15,104,pruned_before,nan,0.000000e+00,0.000000e+00,0.0000,0.0000,0
21,features.15,105,pruned_before,nan,0.000000e+00,0.000000e+00,0.0000,0.0000,0
21,features.15,106,active,-0.021602,4.258126e-08,3.779533e-07,0.0776,0.0024,329
21,features.15,107,active,-0.012564,2.479607e-08,2.235510e-07,0.0452,0.0014,329
21,features.15,108,active,-0.031294,6.476386e-08,9.242063e-07,0.1181,0.0059,329
21,features.15,109,active,-0.081085,1.873608e-07,4.787492e-06,0.3416,0.0306,329
21,features.15,110,pruned_before,nan,0.000000e+00,0.000000e+00,0.0000,0.0000,0
21,features.15,111,pruned_before,nan,0.000000e+00,0.000000e+00,0.0000,0.0000,0
21,features.15,112,active,-0.023684,4.350484e-08,2.521415e-08,0.0793,0.0002,329
21,features.15,113,active,-0.019357,4.560080e-08,1.249792e-06,0.0831,0.0080,329
21,features.15,114,active,-0.006544,1.207029e-08,1.308050e-08,0.0220,0.0001,329
21,features.15,115,pruned_before,nan,0.000000e+00,0.000000e+00,0.0000,0.0000,0
21,features.15,116,active,-0.008974,1.965837e-08,3.978764e-07,0.0358,0.0025,329
21,features.15,117,active,-0.067265,1.256291e-07,3.252084e-07,0.2291,0.0021,329
21,features.15,118,active,-0.075413,1.467007e-07,1.081047e-06,0.2675,0.0069,329
21,features.15,119,pruned_before,nan,0.000000e+00,0.000000e+00,0.0000,0.0000,0
21,features.15,120,pruned_before,nan,0.000000e+00,0.000000e+00,0.0000,0.0000,0
21,features.15,121,active,-0.012640,2.820433e-08,6.235896e-07,0.0514,0.0040,329
21,features.15,122,pruned_before,nan,0.000000e+00,0.000000e+00,0.0000,0.0000,0
21,features.15,123,pruned_before,nan,0.000000e+00,0.000000e+00,0.0000,0.0000,0
21,features.15,124,pruned_before,nan,0.000000e+00,0.000000e+00,0.0000,0.0000,0
21,features.15,125,active,-0.029591,5.665692e-08,3.132528e-07,0.1033,0.0020,329
21,features.15,126,active,-0.105598,1.977123e-07,5.706959e-07,0.3605,0.0036,329
21,features.15,127,pruned_before,nan,0.000000e+00,0.000000e+00,0.0000,0.0000,0
21,features.15,128,pruned_before,nan,0.000000e+00,0.000000e+00,0.0000,0.0000,0
21,features.15,129,active,-0.013843,2.599372e-08,8.391135e-08,0.0474,0.0005,329
21,features.15,130,pruned_before,nan,0.000000e+00,0.000000e+00,0.0000,0.0000,0
21,features.15,131,active,-0.040911,7.745437e-08,3.258161e-07,0.1412,0.0021,329
21,features.15,132,active,-0.075583,1.509543e-07,1.563341e-06,0.2752,0.0100,329
21,features.15,133,active,-0.076902,1.417742e-07,1.451056e-07,0.2585,0.0009,329
21,features.15,134,active,-0.004475,1.608119e-08,9.666403e-07,0.0293,0.0062,329
21,features.15,135,active,-0.041494,8.432979e-08,1.036656e-06,0.1538,0.0066,329
21,features.15,136,active,-0.020052,3.818402e-08,1.867159e-07,0.0696,0.0012,329
21,features.15,137,active,-0.086721,1.589480e-07,5.007430e-08,0.2898,0.0003,329
21,features.15,138,pruned_before,nan,0.000000e+00,0.000000e+00,0.0000,0.0000,0
21,features.15,139,pruned_before,nan,0.000000e+00,0.000000e+00,0.0000,0.0000,0
21,features.15,140,pruned_before,nan,0.000000e+00,0.000000e+00,0.0000,0.0000,0
21,features.15,141,active,-0.054975,1.036347e-07,3.832760e-07,0.1890,0.0024,329
21,features.15,142,active,-0.023852,5.266456e-08,1.108458e-06,0.0960,0.0071,329
21,features.15,143,pruned_before,nan,0.000000e+00,0.000000e+00,0.0000,0.0000,0
21,features.15,144,pruned_before,nan,0.000000e+00,0.000000e+00,0.0000,0.0000,0
21,features.15,145,pruned_before,nan,0.000000e+00,0.000000e+00,0.0000,0.0000,0
21,features.15,146,active,-0.052819,1.175407e-07,2.567142e-06,0.2143,0.0164,329
21,features.15,147,pruned_before,nan,0.000000e+00,0.000000e+00,0.0000,0.0000,0
21,features.15,148,pruned_before,nan,0.000000e+00,0.000000e+00,0.0000,0.0000,0
21,features.15,149,active,-0.015169,3.081362e-08,3.771280e-07,0.0562,0.0024,329
21,features.15,150,active,-0.008604,1.973303e-08,4.897964e-07,0.0360,0.0031,329
21,features.15,151,active,-0.025144,5.251578e-08,8.013719e-07,0.0958,0.0051,329
21,features.15,152,active,-0.047317,8.773092e-08,1.501846e-07,0.1600,0.0010,329
21,features.15,153,active,-0.062217,1.315475e-07,2.178724e-06,0.2399,0.0139,329
21,features.15,154,pruned_before,nan,0.000000e+00,0.000000e+00,0.0000,0.0000,0
21,features.15,155,pruned_before,nan,0.000000e+00,0.000000e+00,0.0000,0.0000,0
21,features.15,156,pruned_now,-0.172643,3.171322e-07,1.852828e-07,0.5782,0.0012,329
21,features.15,157,active,-0.029418,6.392992e-08,1.241977e-06,0.1166,0.0079,329
21,features.15,158,active,-0.018826,3.564553e-08,1.503582e-07,0.0650,0.0010,329
21,features.15,159,active,-0.038356,1.282529e-07,7.113131e-06,0.2338,0.0454,329
21,features.15,160,active,-0.084349,1.545637e-07,4.416428e-08,0.2818,0.0003,329
21,features.15,161,pruned_before,nan,0.000000e+00,0.000000e+00,0.0000,0.0000,0
21,features.15,162,pruned_before,nan,0.000000e+00,0.000000e+00,0.0000,0.0000,0
21,features.15,163,pruned_before,nan,0.000000e+00,0.000000e+00,0.0000,0.0000,0
21,features.15,164,pruned_before,nan,0.000000e+00,0.000000e+00,0.0000,0.0000,0
21,features.15,165,pruned_before,nan,0.000000e+00,0.000000e+00,0.0000,0.0000,0
21,features.15,166,pruned_before,nan,0.000000e+00,0.000000e+00,0.0000,0.0000,0
21,features.15,167,pruned_before,nan,0.000000e+00,0.000000e+00,0.0000,0.0000,0
21,features.15,168,active,-0.054107,9.989331e-08,1.196014e-07,0.1821,0.0008,329
21,features.15,169,active,-0.034834,6.755473e-08,4.739159e-07,0.1232,0.0030,329
21,features.15,170,active,-0.105613,1.971103e-07,4.935935e-07,0.3594,0.0032,329
21,features.15,171,active,-0.022086,7.236481e-08,3.914120e-06,0.1319,0.0250,329
21,features.15,172,active,-0.014256,3.488879e-08,1.080135e-06,0.0636,0.0069,329
21,features.15,173,active,-0.053655,1.029702e-07,5.972954e-07,0.1877,0.0038,329
21,features.15,174,pruned_before,nan,0.000000e+00,0.000000e+00,0.0000,0.0000,0
21,features.15,175,pruned_before,nan,0.000000e+00,0.000000e+00,0.0000,0.0000,0
21,features.15,176,pruned_before,nan,0.000000e+00,0.000000e+00,0.0000,0.0000,0
21,features.15,177,active,-0.068501,1.393781e-07,1.731083e-06,0.2541,0.0111,329
21,features.15,178,pruned_before,nan,0.000000e+00,0.000000e+00,0.0000,0.0000,0
21,features.15,179,pruned_before,nan,0.000000e+00,0.000000e+00,0.0000,0.0000,0
21,features.15,180,active,-0.050069,9.281879e-08,1.571906e-07,0.1692,0.0010,329
21,features.15,181,pruned_before,nan,0.000000e+00,0.000000e+00,0.0000,0.0000,0
21,features.15,182,pruned_before,nan,0.000000e+00,0.000000e+00,0.0000,0.0000,0
21,features.15,183,active,-0.011800,2.695009e-08,6.580126e-07,0.0491,0.0042,329
21,features.15,184,active,-0.070917,1.410720e-07,1.397950e-06,0.2572,0.0089,329
21,features.15,185,active,-0.017846,3.549242e-08,3.507824e-07,0.0647,0.0022,329
21,features.15,186,pruned_before,nan,0.000000e+00,0.000000e+00,0.0000,0.0000,0
21,features.15,187,active,-0.020277,4.852031e-08,1.401168e-06,0.0885,0.0089,329
21,features.15,188,active,-0.091915,1.872129e-07,2.346621e-06,0.3414,0.0150,329
21,features.15,189,pruned_before,nan,0.000000e+00,0.000000e+00,0.0000,0.0000,0
21,features.15,190,active,-0.031821,6.002878e-08,2.269732e-07,0.1095,0.0014,329
21,features.15,191,pruned_before,nan,0.000000e+00,0.000000e+00,0.0000,0.0000,0
21,features.15,192,active,-0.019648,4.374288e-08,9.572642e-07,0.0798,0.0061,329
21,features.15,193,pruned_before,nan,0.000000e+00,0.000000e+00,0.0000,0.0000,0
21,features.15,194,pruned_before,nan,0.000000e+00,0.000000e+00,0.0000,0.0000,0
21,features.15,195,pruned_before,nan,0.000000e+00,0.000000e+00,0.0000,0.0000,0
21,features.15,196,pruned_before,nan,0.000000e+00,0.000000e+00,0.0000,0.0000,0
21,features.15,197,active,-0.049298,9.089590e-08,9.438415e-08,0.1657,0.0006,329
21,features.15,198,active,-0.068150,1.263074e-07,2.104398e-07,0.2303,0.0013,329
21,features.15,199,pruned_before,nan,0.000000e+00,0.000000e+00,0.0000,0.0000,0
21,features.15,200,pruned_before,nan,0.000000e+00,0.000000e+00,0.0000,0.0000,0
21,features.15,201,active,-0.039271,7.871867e-08,8.473527e-07,0.1435,0.0054,329
21,features.15,202,pruned_before,nan,0.000000e+00,0.000000e+00,0.0000,0.0000,0
21,features.15,203,active,-0.044397,8.814926e-08,8.547361e-07,0.1607,0.0055,329
21,features.15,204,active,-0.024160,4.659513e-08,2.970245e-07,0.0850,0.0019,329
21,features.15,205,active,-0.003399,1.319860e-08,8.545969e-07,0.0241,0.0055,329
21,features.15,206,pruned_before,nan,0.000000e+00,0.000000e+00,0.0000,0.0000,0
21,features.15,207,pruned_before,nan,0.000000e+00,0.000000e+00,0.0000,0.0000,0
21,features.15,208,active,-0.008179,2.240848e-08,9.124137e-07,0.0409,0.0058,329
21,features.15,209,pruned_before,nan,0.000000e+00,0.000000e+00,0.0000,0.0000,0
21,features.15,210,active,-0.067142,1.254435e-07,3.301946e-07,0.2287,0.0021,329
21,features.15,211,pruned_before,nan,0.000000e+00,0.000000e+00,0.0000,0.0000,0
21,features.15,212,active,-0.049399,1.003466e-07,1.228342e-06,0.1830,0.0078,329
21,features.15,213,active,-0.054718,1.210665e-07,2.573691e-06,0.2207,0.0164,329
21,features.15,214,pruned_before,nan,0.000000e+00,0.000000e+00,0.0000,0.0000,0
21,features.15,215,active,-0.050847,9.461462e-08,2.028403e-07,0.1725,0.0013,329
21,features.15,216,pruned_before,nan,0.000000e+00,0.000000e+00,0.0000,0.0000,0
21,features.15,217,pruned_before,nan,0.000000e+00,0.000000e+00,0.0000,0.0000,0
21,features.15,218,active,0.002529,4.009569e-09,1.056428e-06,0.0073,0.0067,329
21,features.15,219,active,-0.108436,1.985180e-07,3.434418e-08,0.3620,0.0002,329
21,features.15,220,pruned_before,nan,0.000000e+00,0.000000e+00,0.0000,0.0000,0
21,features.15,221,pruned_before,nan,0.000000e+00,0.000000e+00,0.0000,0.0000,0
21,features.15,222,pruned_before,nan,0.000000e+00,0.000000e+00,0.0000,0.0000,0
21,features.15,223,pruned_before,nan,0.000000e+00,0.000000e+00,0.0000,0.0000,0
21,features.15,224,active,-0.015709,3.263498e-08,4.791375e-07,0.0595,0.0031,329
21,features.15,225,pruned_before,nan,0.000000e+00,0.000000e+00,0.0000,0.0000,0
21,features.15,226,active,-0.063690,1.251891e-07,1.071152e-06,0.2283,0.0068,329
21,features.15,227,active,-0.029749,6.650185e-08,1.482527e-06,0.1213,0.0095,329
21,features.15,228,pruned_before,nan,0.000000e+00,0.000000e+00,0.0000,0.0000,0
21,features.15,229,active,-0.043246,8.276389e-08,4.531779e-07,0.1509,0.0029,329
21,features.15,230,pruned_before,nan,0.000000e+00,0.000000e+00,0.0000,0.0000,0
21,features.15,231,pruned_before,nan,0.000000e+00,0.000000e+00,0.0000,0.0000,0
21,features.15,232,active,-0.056675,1.148474e-07,1.374957e-06,0.2094,0.0088,329
21,features.15,233,active,-0.031914,6.705255e-08,1.065579e-06,0.1223,0.0068,329
21,features.15,234,active,-0.036539,6.710010e-08,3.681551e-08,0.1223,0.0002,329
21,features.15,235,active,-0.046595,9.099153e-08,7.107793e-07,0.1659,0.0045,329
21,features.15,236,active,-0.045112,8.660142e-08,5.054076e-07,0.1579,0.0032,329
21,features.15,237,active,-0.037385,6.927275e-08,1.134298e-07,0.1263,0.0007,329
21,features.15,238,pruned_before,nan,0.000000e+00,0.000000e+00,0.0000,0.0000,0
21,features.15,239,active,-0.032613,5.984543e-08,2.750849e-08,0.1091,0.0002,329
21,features.15,240,active,-0.013733,3.423569e-08,1.117166e-06,0.0624,0.0071,329
21,features.15,241,active,-0.112916,2.194686e-07,1.595754e-06,0.4002,0.0102,329
21,features.15,242,pruned_before,nan,0.000000e+00,0.000000e+00,0.0000,0.0000,0
21,features.15,243,active,-0.071830,1.332918e-07,2.417809e-07,0.2430,0.0015,329
21,features.15,244,pruned_before,nan,0.000000e+00,0.000000e+00,0.0000,0.0000,0
21,features.15,245,active,-0.085873,1.698543e-07,1.574262e-06,0.3097,0.0101,329
21,features.15,246,active,-0.090743,2.370599e-07,8.708164e-06,0.4322,0.0556,329
21,features.15,247,pruned_now,-0.205647,4.000551e-07,2.949027e-06,0.7294,0.0188,329
21,features.15,248,active,-0.002683,1.134599e-08,7.880946e-07,0.0207,0.0050,329
21,features.15,249,pruned_before,nan,0.000000e+00,0.000000e+00,0.0000,0.0000,0
21,features.15,250,active,-0.062666,1.147910e-07,2.798480e-08,0.2093,0.0002,329
21,features.15,251,pruned_before,nan,0.000000e+00,0.000000e+00,0.0000,0.0000,0
21,features.15,252,pruned_before,nan,0.000000e+00,0.000000e+00,0.0000,0.0000,0
21,features.15,253,pruned_before,nan,0.000000e+00,0.000000e+00,0.0000,0.0000,0
21,features.15,254,active,-0.027892,5.373848e-08,3.361359e-07,0.0980,0.0021,329
21,features.15,255,active,-0.038078,1.237600e-07,6.625654e-06,0.2257,0.0423,329
21,features.15,256,pruned_before,nan,0.000000e+00,0.000000e+00,0.0000,0.0000,0
21,features.15,257,pruned_before,nan,0.000000e+00,0.000000e+00,0.0000,0.0000,0
21,features.15,258,active,-0.006046,2.031137e-08,1.132861e-06,0.0370,0.0072,329
21,features.15,259,active,-0.065840,1.208695e-07,6.163542e-08,0.2204,0.0004,329
21,features.15,260,active,-0.043158,7.961684e-08,8.777180e-08,0.1452,0.0006,329
21,features.15,261,active,-0.015551,3.161029e-08,3.891222e-07,0.0576,0.0025,329
21,features.15,262,pruned_before,nan,0.000000e+00,0.000000e+00,0.0000,0.0000,0
21,features.15,263,active,-0.065888,1.260348e-07,6.830741e-07,0.2298,0.0044,329
21,features.15,264,active,-0.067262,1.493414e-07,3.227550e-06,0.2723,0.0206,329
21,features.15,265,active,-0.060300,1.579875e-07,5.842774e-06,0.2881,0.0373,329
21,features.15,266,active,-0.034331,6.726155e-08,5.505893e-07,0.1226,0.0035,329
21,features.15,267,pruned_before,nan,0.000000e+00,0.000000e+00,0.0000,0.0000,0
21,features.15,268,active,-0.010586,2.038525e-08,1.264414e-07,0.0372,0.0008,329
21,features.15,269,pruned_before,nan,0.000000e+00,0.000000e+00,0.0000,0.0000,0
21,features.15,270,pruned_before,nan,0.000000e+00,0.000000e+00,0.0000,0.0000,0
21,features.15,271,pruned_before,nan,0.000000e+00,0.000000e+00,0.0000,0.0000,0
21,features.15,272,active,-0.005086,3.691283e-08,3.379051e-06,0.0673,0.0216,329
21,features.15,273,active,-0.000770,8.906542e-09,9.176561e-07,0.0162,0.0059,329
21,features.15,274,active,-0.029791,5.656267e-08,2.569950e-07,0.1031,0.0016,329
21,features.15,275,active,-0.008642,2.505262e-08,1.132226e-06,0.0457,0.0072,329
21,features.15,276,active,-0.039624,7.729831e-08,5.946512e-07,0.1409,0.0038,329
21,features.15,277,active,-0.072470,1.334981e-07,1.238796e-07,0.2434,0.0008,329
21,features.15,278,active,-0.019845,3.724363e-08,1.178701e-07,0.0679,0.0008,329
21,features.15,279,pruned_now,-0.190865,3.620607e-07,1.606595e-06,0.6602,0.0103,329
21,features.15,280,pruned_before,nan,0.000000e+00,0.000000e+00,0.0000,0.0000,0
21,features.15,281,pruned_before,nan,0.000000e+00,0.000000e+00,0.0000,0.0000,0
21,features.15,282,active,-0.062089,1.337151e-07,2.472475e-06,0.2438,0.0158,329
21,features.15,283,active,-0.022800,4.734427e-08,6.928808e-07,0.0863,0.0044,329
21,features.15,284,active,-0.026008,8.307247e-08,4.347020e-06,0.1515,0.0278,329
21,features.15,285,active,-0.041526,7.693250e-08,1.243336e-07,0.1403,0.0008,329
21,features.15,286,active,-0.042358,7.797070e-08,6.537550e-08,0.1422,0.0004,329
21,features.15,287,active,-0.076321,1.508410e-07,1.384392e-06,0.2750,0.0088,329
21,features.15,288,pruned_before,nan,0.000000e+00,0.000000e+00,0.0000,0.0000,0
21,features.15,289,pruned_before,nan,0.000000e+00,0.000000e+00,0.0000,0.0000,0
21,features.15,290,pruned_before,nan,0.000000e+00,0.000000e+00,0.0000,0.0000,0
21,features.15,291,active,0.007421,3.748469e-08,6.246729e-06,0.0683,0.0399,329
21,features.15,292,active,-0.004535,9.624674e-09,1.631960e-07,0.0175,0.0010,329
21,features.15,293,pruned_before,nan,0.000000e+00,0.000000e+00,0.0000,0.0000,0
21,features.15,294,active,-0.026893,5.863623e-08,1.158874e-06,0.1069,0.0074,329
21,features.15,295,active,-0.131333,2.415810e-07,1.817142e-07,0.4405,0.0012,329
21,features.15,296,active,-0.051413,1.001488e-07,7.534016e-07,0.1826,0.0048,329
21,features.15,297,pruned_before,nan,0.000000e+00,0.000000e+00,0.0000,0.0000,0
21,features.15,298,pruned_before,nan,0.000000e+00,0.000000e+00,0.0000,0.0000,0
21,features.15,299,active,-0.014535,2.702174e-08,5.497400e-08,0.0493,0.0004,329
21,features.15,300,pruned_before,nan,0.000000e+00,0.000000e+00,0.0000,0.0000,0
21,features.15,301,active,-0.037893,6.939690e-08,1.502363e-08,0.1265,0.0001,329
21,features.15,302,pruned_before,nan,0.000000e+00,0.000000e+00,0.0000,0.0000,0
21,features.15,303,pruned_before,nan,0.000000e+00,0.000000e+00,0.0000,0.0000,0
21,features.15,304,active,-0.022399,5.072403e-08,1.196157e-06,0.0925,0.0076,329
21,features.15,305,active,0.002479,2.990572e-08,4.213827e-06,0.0545,0.0269,329
21,features.15,306,pruned_before,nan,0.000000e+00,0.000000e+00,0.0000,0.0000,0
21,features.15,307,active,-0.007667,1.764158e-08,4.436057e-07,0.0322,0.0028,329
21,features.15,308,pruned_before,nan,0.000000e+00,0.000000e+00,0.0000,0.0000,0
21,features.15,309,active,-0.027178,6.740527e-08,2.168135e-06,0.1229,0.0138,329
21,features.15,310,pruned_before,nan,0.000000e+00,0.000000e+00,0.0000,0.0000,0
21,features.15,311,active,-0.020174,5.088875e-08,1.714046e-06,0.0928,0.0109,329
21,features.15,312,active,-0.096006,1.850538e-07,1.167322e-06,0.3374,0.0075,329
21,features.15,313,active,-0.050921,9.533527e-08,2.745962e-07,0.1738,0.0018,329
21,features.15,314,active,-0.012610,2.365852e-08,7.404249e-08,0.0431,0.0005,329
21,features.15,315,pruned_before,nan,0.000000e+00,0.000000e+00,0.0000,0.0000,0
21,features.15,316,active,-0.058200,1.093030e-07,3.553664e-07,0.1993,0.0023,329
21,features.15,317,active,0.012295,1.517126e-08,4.606823e-06,0.0277,0.0294,329
21,features.15,318,pruned_before,nan,0.000000e+00,0.000000e+00,0.0000,0.0000,0
21,features.15,319,pruned_before,nan,0.000000e+00,0.000000e+00,0.0000,0.0000,0
21,features.15,320,pruned_before,nan,0.000000e+00,0.000000e+00,0.0000,0.0000,0
21,features.15,321,pruned_before,nan,0.000000e+00,0.000000e+00,0.0000,0.0000,0
21,features.15,322,active,-0.059559,1.097426e-07,1.052096e-07,0.2001,0.0007,329
21,features.15,323,active,-0.042557,8.298462e-08,6.342601e-07,0.1513,0.0041,329
21,features.15,324,pruned_before,nan,0.000000e+00,0.000000e+00,0.0000,0.0000,0
21,features.15,325,active,-0.032562,6.671620e-08,8.796222e-07,0.1216,0.0056,329
21,features.15,326,active,-0.125115,2.476902e-07,2.320035e-06,0.4516,0.0148,329
21,features.15,327,active,-0.064643,1.275154e-07,1.142744e-06,0.2325,0.0073,329
21,features.15,328,active,-0.128433,2.399323e-07,6.285628e-07,0.4375,0.0040,329
21,features.15,329,active,-0.081796,1.501339e-07,7.327651e-08,0.2737,0.0005,329
21,features.15,330,active,-0.026340,4.982876e-08,2.050864e-07,0.0909,0.0013,329
21,features.15,331,active,-0.087689,1.664919e-07,7.566218e-07,0.3036,0.0048,329
21,features.15,332,active,-0.061589,1.181142e-07,6.755243e-07,0.2154,0.0043,329
21,features.15,333,active,-0.015365,2.891633e-08,1.012134e-07,0.0527,0.0006,329
21,features.15,334,pruned_before,nan,0.000000e+00,0.000000e+00,0.0000,0.0000,0
21,features.15,335,pruned_before,nan,0.000000e+00,0.000000e+00,0.0000,0.0000,0
21,features.15,336,active,-0.079544,1.466987e-07,1.566431e-07,0.2675,0.0010,329
21,features.15,337,pruned_before,nan,0.000000e+00,0.000000e+00,0.0000,0.0000,0
21,features.15,338,pruned_before,nan,0.000000e+00,0.000000e+00,0.0000,0.0000,0
21,features.15,339,pruned_before,nan,0.000000e+00,0.000000e+00,0.0000,0.0000,0
21,features.15,340,active,-0.017985,4.801918e-08,1.852505e-06,0.0876,0.0118,329
21,features.15,341,active,-0.039961,7.752131e-08,5.465420e-07,0.1413,0.0035,329
21,features.15,342,active,-0.066247,1.522913e-07,3.815479e-06,0.2777,0.0244,329
21,features.15,343,active,-0.041573,8.677446e-08,1.318180e-06,0.1582,0.0084,329
21,features.15,344,active,-0.093287,1.768202e-07,7.681559e-07,0.3224,0.0049,329
21,features.15,345,pruned_before,nan,0.000000e+00,0.000000e+00,0.0000,0.0000,0
21,features.15,346,active,-0.043605,8.350823e-08,4.638818e-07,0.1523,0.0030,329
21,features.15,347,active,-0.085564,1.593829e-07,3.621031e-07,0.2906,0.0023,329
21,features.15,348,active,-0.056234,1.042186e-07,1.731301e-07,0.1900,0.0011,329
21,features.15,349,active,-0.016648,4.470363e-08,1.745881e-06,0.0815,0.0111,329
21,features.15,350,pruned_before,nan,0.000000e+00,0.000000e+00,0.0000,0.0000,0
21,features.15,351,pruned_before,nan,0.000000e+00,0.000000e+00,0.0000,0.0000,0
21,features.15,352,pruned_before,nan,0.000000e+00,0.000000e+00,0.0000,0.0000,0
21,features.15,353,pruned_before,nan,0.000000e+00,0.000000e+00,0.0000,0.0000,0
21,features.15,354,pruned_before,nan,0.000000e+00,0.000000e+00,0.0000,0.0000,0
21,features.15,355,active,-0.008200,1.991174e-08,6.021394e-07,0.0363,0.0038,329
21,features.15,356,active,-0.060037,1.157810e-07,7.371416e-07,0.2111,0.0047,329
21,features.15,357,pruned_before,nan,0.000000e+00,0.000000e+00,0.0000,0.0000,0
21,features.15,358,pruned_before,nan,0.000000e+00,0.000000e+00,0.0000,0.0000,0
21,features.15,359,active,-0.013222,5.831633e-08,4.178029e-06,0.1063,0.0267,329
21,features.15,360,pruned_before,nan,0.000000e+00,0.000000e+00,0.0000,0.0000,0
21,features.15,361,pruned_now,-0.235692,4.396942e-07,1.078500e-06,0.8017,0.0069,329
21,features.15,362,pruned_before,nan,0.000000e+00,0.000000e+00,0.0000,0.0000,0
21,features.15,363,pruned_before,nan,0.000000e+00,0.000000e+00,0.0000,0.0000,0
21,features.15,364,pruned_before,nan,0.000000e+00,0.000000e+00,0.0000,0.0000,0
21,features.15,365,active,-0.083923,1.579269e-07,5.510304e-07,0.2880,0.0035,329
21,features.15,366,pruned_before,nan,0.000000e+00,0.000000e+00,0.0000,0.0000,0
21,features.15,367,pruned_before,nan,0.000000e+00,0.000000e+00,0.0000,0.0000,0
21,features.15,368,active,-0.115523,2.694452e-07,7.127696e-06,0.4913,0.0455,329
21,features.15,369,active,-0.063554,1.169393e-07,9.220446e-08,0.2132,0.0006,329
21,features.15,370,active,-0.121293,2.289229e-07,8.786610e-07,0.4174,0.0056,329
21,features.15,371,pruned_before,nan,0.000000e+00,0.000000e+00,0.0000,0.0000,0
21,features.15,372,active,-0.034561,8.595291e-08,2.786116e-06,0.1567,0.0178,329
21,features.15,373,active,-0.003553,6.562352e-09,8.121535e-09,0.0120,0.0001,329
21,features.15,374,active,-0.103998,1.945212e-07,5.381178e-07,0.3547,0.0034,329
21,features.15,375,pruned_now,-0.190910,3.497478e-07,9.008863e-08,0.6377,0.0006,329
21,features.15,376,active,-0.042856,8.257676e-08,5.174595e-07,0.1506,0.0033,329
21,features.15,377,active,-0.054821,1.016665e-07,1.768142e-07,0.1854,0.0011,329
21,features.15,378,pruned_before,nan,0.000000e+00,0.000000e+00,0.0000,0.0000,0
21,features.15,379,pruned_before,nan,0.000000e+00,0.000000e+00,0.0000,0.0000,0
21,features.15,380,active,-0.075662,1.419209e-07,4.404087e-07,0.2588,0.0028,329
21,features.15,381,active,-0.020608,4.075859e-08,3.772950e-07,0.0743,0.0024,329
21,features.15,382,active,-0.016407,4.672643e-08,2.047408e-06,0.0852,0.0131,329
21,features.15,383,pruned_before,nan,0.000000e+00,0.000000e+00,0.0000,0.0000,0
21,features.15,384,pruned_before,nan,0.000000e+00,0.000000e+00,0.0000,0.0000,0
21,features.15,385,active,-0.030050,5.587483e-08,1.147980e-07,0.1019,0.0007,329
21,features.15,386,active,-0.001431,2.879985e-09,3.231234e-08,0.0053,0.0002,329
21,features.15,387,active,-0.006899,1.286019e-08,3.034850e-08,0.0234,0.0002,329
21,features.15,388,pruned_before,nan,0.000000e+00,0.000000e+00,0.0000,0.0000,0
21,features.15,389,pruned_before,nan,0.000000e+00,0.000000e+00,0.0000,0.0000,0
21,features.15,390,active,-0.041845,7.730203e-08,9.828619e-08,0.1409,0.0006,329
21,features.15,391,active,-0.021945,4.791562e-08,9.540130e-07,0.0874,0.0061,329
21,features.15,392,active,-0.019109,3.528563e-08,4.299661e-08,0.0643,0.0003,329
21,features.15,393,active,-0.082043,1.560076e-07,7.367274e-07,0.2845,0.0047,329
21,features.15,394,pruned_before,nan,0.000000e+00,0.000000e+00,0.0000,0.0000,0
21,features.15,395,active,-0.055790,1.032375e-07,1.522875e-07,0.1882,0.0010,329
21,features.15,396,active,-0.004286,1.406697e-08,7.624669e-07,0.0256,0.0049,329
21,features.15,397,active,-0.070001,1.436411e-07,1.917319e-06,0.2619,0.0122,329
21,features.15,398,active,-0.009906,2.274450e-08,5.670584e-07,0.0415,0.0036,329
21,features.15,399,pruned_before,nan,0.000000e+00,0.000000e+00,0.0000,0.0000,0
21,features.15,400,active,-0.071269,1.370908e-07,8.320617e-07,0.2500,0.0053,329
21,features.15,401,active,-0.004769,8.769440e-09,6.183666e-09,0.0160,0.0000,329
21,features.15,402,active,-0.023790,5.327402e-08,1.196938e-06,0.0971,0.0076,329
21,features.15,403,active,-0.036110,6.741358e-08,1.711462e-07,0.1229,0.0011,329
21,features.15,404,pruned_before,nan,0.000000e+00,0.000000e+00,0.0000,0.0000,0
21,features.15,405,pruned_before,nan,0.000000e+00,0.000000e+00,0.0000,0.0000,0
21,features.15,406,pruned_before,nan,0.000000e+00,0.000000e+00,0.0000,0.0000,0
21,features.15,407,active,-0.066470,1.282969e-07,8.296859e-07,0.2339,0.0053,329
21,features.15,408,pruned_before,nan,0.000000e+00,0.000000e+00,0.0000,0.0000,0
21,features.15,409,active,-0.073587,1.349850e-07,5.593963e-08,0.2461,0.0004,329
21,features.15,410,pruned_before,nan,0.000000e+00,0.000000e+00,0.0000,0.0000,0
21,features.15,411,pruned_before,nan,0.000000e+00,0.000000e+00,0.0000,0.0000,0
21,features.15,412,active,-0.032829,6.350586e-08,4.269746e-07,0.1158,0.0027,329
21,features.15,413,active,-0.068662,1.261107e-07,7.182221e-08,0.2299,0.0005,329
21,features.15,414,pruned_before,nan,0.000000e+00,0.000000e+00,0.0000,0.0000,0
21,features.15,415,active,-0.062095,1.153293e-07,2.214289e-07,0.2103,0.0014,329
21,features.15,416,pruned_before,nan,0.000000e+00,0.000000e+00,0.0000,0.0000,0
21,features.15,417,active,-0.095323,1.952337e-07,2.565722e-06,0.3560,0.0164,329
21,features.15,418,active,-0.024100,4.934844e-08,6.474041e-07,0.0900,0.0041,329
21,features.15,419,active,-0.049014,9.614639e-08,8.004674e-07,0.1753,0.0051,329
21,features.15,420,pruned_before,nan,0.000000e+00,0.000000e+00,0.0000,0.0000,0
21,features.15,421,pruned_before,nan,0.000000e+00,0.000000e+00,0.0000,0.0000,0
21,features.15,422,pruned_before,nan,0.000000e+00,0.000000e+00,0.0000,0.0000,0
21,features.15,423,pruned_before,nan,0.000000e+00,0.000000e+00,0.0000,0.0000,0
21,features.15,424,pruned_before,nan,0.000000e+00,0.000000e+00,0.0000,0.0000,0
21,features.15,425,active,-0.013770,2.848454e-08,4.051549e-07,0.0519,0.0026,329
21,features.15,426,pruned_before,nan,0.000000e+00,0.000000e+00,0.0000,0.0000,0
21,features.15,427,active,-0.016880,6.162373e-08,3.764490e-06,0.1124,0.0240,329
21,features.15,428,active,-0.064457,1.331742e-07,1.876715e-06,0.2428,0.0120,329
21,features.15,429,pruned_before,nan,0.000000e+00,0.000000e+00,0.0000,0.0000,0
21,features.15,430,active,-0.010757,2.185032e-08,2.673912e-07,0.0398,0.0017,329
21,features.15,431,pruned_before,nan,0.000000e+00,0.000000e+00,0.0000,0.0000,0
21,features.15,432,active,-0.032963,6.084662e-08,7.152546e-08,0.1109,0.0005,329
21,features.15,433,active,-0.051396,1.046749e-07,1.311077e-06,0.1909,0.0084,329
21,features.15,434,pruned_before,nan,0.000000e+00,0.000000e+00,0.0000,0.0000,0
21,features.15,435,pruned_before,nan,0.000000e+00,0.000000e+00,0.0000,0.0000,0
21,features.15,436,pruned_before,nan,0.000000e+00,0.000000e+00,0.0000,0.0000,0
21,features.15,437,pruned_before,nan,0.000000e+00,0.000000e+00,0.0000,0.0000,0
21,features.15,438,pruned_before,nan,0.000000e+00,0.000000e+00,0.0000,0.0000,0
21,features.15,439,active,-0.015262,3.500793e-08,8.696456e-07,0.0638,0.0056,329
21,features.15,440,active,-0.021524,4.664548e-08,8.928088e-07,0.0851,0.0057,329
21,features.15,441,pruned_before,nan,0.000000e+00,0.000000e+00,0.0000,0.0000,0
21,features.15,442,active,-0.066087,1.250598e-07,5.190562e-07,0.2280,0.0033,329
21,features.15,443,pruned_before,nan,0.000000e+00,0.000000e+00,0.0000,0.0000,0
21,features.15,444,active,-0.013806,3.006067e-08,5.899158e-07,0.0548,0.0038,329
21,features.15,445,pruned_before,nan,0.000000e+00,0.000000e+00,0.0000,0.0000,0
21,features.15,446,pruned_before,nan,0.000000e+00,0.000000e+00,0.0000,0.0000,0
21,features.15,447,pruned_before,nan,0.000000e+00,0.000000e+00,0.0000,0.0000,0
21,features.15,448,pruned_before,nan,0.000000e+00,0.000000e+00,0.0000,0.0000,0
21,features.15,449,active,-0.027273,5.755388e-08,9.415938e-07,0.1049,0.0060,329
21,features.15,450,active,-0.079382,1.500867e-07,6.073435e-07,0.2737,0.0039,329
21,features.15,451,pruned_before,nan,0.000000e+00,0.000000e+00,0.0000,0.0000,0
21,features.15,452,active,-0.051057,1.066376e-07,1.627193e-06,0.1944,0.0104,329
21,features.15,453,active,-0.036209,7.293747e-08,8.250593e-07,0.1330,0.0053,329
21,features.15,454,active,-0.133643,2.481470e-07,4.682692e-07,0.4525,0.0030,329
21,features.15,455,active,-0.010610,2.455455e-08,6.312192e-07,0.0448,0.0040,329
21,features.15,456,pruned_before,nan,0.000000e+00,0.000000e+00,0.0000,0.0000,0
21,features.15,457,active,-0.011095,2.109456e-08,9.930378e-08,0.0385,0.0006,329
21,features.15,458,pruned_before,nan,0.000000e+00,0.000000e+00,0.0000,0.0000,0
21,features.15,459,pruned_before,nan,0.000000e+00,0.000000e+00,0.0000,0.0000,0
21,features.15,460,pruned_before,nan,0.000000e+00,0.000000e+00,0.0000,0.0000,0
21,features.15,461,active,0.001431,1.830898e-08,2.560486e-06,0.0334,0.0164,329
21,features.15,462,active,-0.075252,1.388323e-07,1.541640e-07,0.2531,0.0010,329
21,features.15,463,active,-0.093117,1.731308e-07,3.546652e-07,0.3157,0.0023,329
21,features.15,464,pruned_before,nan,0.000000e+00,0.000000e+00,0.0000,0.0000,0
21,features.15,465,active,-0.005567,2.119151e-08,1.347802e-06,0.0386,0.0086,329
21,features.15,466,active,-0.043667,8.442780e-08,5.626416e-07,0.1539,0.0036,329
21,features.15,467,pruned_before,nan,0.000000e+00,0.000000e+00,0.0000,0.0000,0
21,features.15,468,pruned_before,nan,0.000000e+00,0.000000e+00,0.0000,0.0000,0
21,features.15,469,active,-0.032932,6.120377e-08,1.223436e-07,0.1116,0.0008,329
21,features.15,470,pruned_before,nan,0.000000e+00,0.000000e+00,0.0000,0.0000,0
21,features.15,471,active,-0.004220,1.527200e-08,9.246978e-07,0.0278,0.0059,329
21,features.15,472,pruned_before,nan,0.000000e+00,0.000000e+00,0.0000,0.0000,0
21,features.15,473,active,-0.041626,7.659445e-08,6.074850e-08,0.1397,0.0004,329
21,features.15,474,active,-0.039527,7.977183e-08,9.190578e-07,0.1455,0.0059,329
21,features.15,475,active,0.000188,2.254126e-08,2.800171e-06,0.0411,0.0179,329
21,features.15,476,pruned_before,nan,0.000000e+00,0.000000e+00,0.0000,0.0000,0
21,features.15,477,active,-0.104694,1.934743e-07,2.543101e-07,0.3528,0.0016,329
21,features.15,478,active,0.009175,5.153382e-08,8.358076e-06,0.0940,0.0534,329
21,features.15,479,active,-0.023283,6.316177e-08,2.520163e-06,0.1152,0.0161,329
21,features.15,480,active,-0.115978,2.153643e-07,4.086669e-07,0.3927,0.0026,329
21,features.15,481,active,-0.037197,6.924393e-08,1.519239e-07,0.1263,0.0010,329
21,features.15,482,pruned_before,nan,0.000000e+00,0.000000e+00,0.0000,0.0000,0
21,features.15,483,pruned_before,nan,0.000000e+00,0.000000e+00,0.0000,0.0000,0
21,features.15,484,pruned_now,-0.156714,2.895501e-07,3.736877e-07,0.5279,0.0024,329
21,features.15,485,active,-0.024571,4.908296e-08,5.094446e-07,0.0895,0.0033,329
21,features.15,486,active,0.000836,3.472693e-09,6.118975e-07,0.0063,0.0039,329
21,features.15,487,active,-0.063440,1.164406e-07,5.657852e-08,0.2123,0.0004,329
21,features.15,488,pruned_before,nan,0.000000e+00,0.000000e+00,0.0000,0.0000,0
21,features.15,489,pruned_before,nan,0.000000e+00,0.000000e+00,0.0000,0.0000,0
21,features.15,490,active,-0.011423,2.499846e-08,5.035744e-07,0.0456,0.0032,329
21,features.15,491,pruned_before,nan,0.000000e+00,0.000000e+00,0.0000,0.0000,0
21,features.15,492,active,-0.083798,1.563013e-07,3.800291e-07,0.2850,0.0024,329
21,features.15,493,active,-0.016449,3.667200e-08,8.076012e-07,0.0669,0.0052,329
21,features.15,494,active,-0.001238,3.846099e-09,1.937290e-07,0.0070,0.0012,329
21,features.15,495,pruned_before,nan,0.000000e+00,0.000000e+00,0.0000,0.0000,0
21,features.15,496,pruned_before,nan,0.000000e+00,0.000000e+00,0.0000,0.0000,0
21,features.15,497,pruned_before,nan,0.000000e+00,0.000000e+00,0.0000,0.0000,0
21,features.15,498,active,-0.026174,1.204406e-07,8.882296e-06,0.2196,0.0567,329
21,features.15,499,pruned_before,nan,0.000000e+00,0.000000e+00,0.0000,0.0000,0
21,features.15,500,pruned_before,nan,0.000000e+00,0.000000e+00,0.0000,0.0000,0
21,features.15,501,active,-0.070026,1.324049e-07,5.367883e-07,0.2414,0.0034,329
21,features.15,502,pruned_before,nan,0.000000e+00,0.000000e+00,0.0000,0.0000,0
21,features.15,503,active,-0.126256,2.339167e-07,3.795246e-07,0.4265,0.0024,329
21,features.15,504,active,-0.099711,1.933786e-07,1.357255e-06,0.3526,0.0087,329
21,features.15,505,active,-0.021691,9.721028e-08,7.042681e-06,0.1772,0.0450,329
21,features.15,506,pruned_before,nan,0.000000e+00,0.000000e+00,0.0000,0.0000,0
21,features.15,507,pruned_before,nan,0.000000e+00,0.000000e+00,0.0000,0.0000,0
21,features.15,508,active,-0.028625,6.715923e-08,1.814340e-06,0.1225,0.0116,329
21,features.15,509,active,-0.038927,7.338025e-08,2.711120e-07,0.1338,0.0017,329
21,features.15,510,active,-0.058499,1.123875e-07,6.658433e-07,0.2049,0.0043,329
21,features.15,511,active,-0.003859,9.811557e-09,3.373434e-07,0.0179,0.0022,329
21,features.15,512,active,-0.005023,1.329088e-08,5.026156e-07,0.0242,0.0032,329
21,features.15,513,pruned_before,nan,0.000000e+00,0.000000e+00,0.0000,0.0000,0
21,features.15,514,active,-0.112899,2.174648e-07,1.354338e-06,0.3965,0.0086,329
21,features.15,515,pruned_before,nan,0.000000e+00,0.000000e+00,0.0000,0.0000,0
21,features.15,516,pruned_before,nan,0.000000e+00,0.000000e+00,0.0000,0.0000,0
21,features.15,517,pruned_before,nan,0.000000e+00,0.000000e+00,0.0000,0.0000,0
21,features.15,518,active,-0.009553,2.498630e-08,9.204725e-07,0.0456,0.0059,329
21,features.15,519,active,-0.018957,3.694622e-08,2.802622e-07,0.0674,0.0018,329
21,features.15,520,active,-0.029470,9.372972e-08,4.876569e-06,0.1709,0.0311,329
21,features.15,521,pruned_before,nan,0.000000e+00,0.000000e+00,0.0000,0.0000,0
21,features.15,522,pruned_before,nan,0.000000e+00,0.000000e+00,0.0000,0.0000,0
21,features.15,523,active,-0.126268,2.361308e-07,6.477066e-07,0.4305,0.0041,329
21,features.15,524,active,-0.001161,1.020798e-08,9.892997e-07,0.0186,0.0063,329
21,features.15,525,active,-0.107380,1.988121e-07,3.066218e-07,0.3625,0.0020,329
21,features.15,526,active,-0.002839,1.108565e-08,7.214419e-07,0.0202,0.0046,329
21,features.15,527,active,-0.078731,1.450395e-07,1.355620e-07,0.2645,0.0009,329
21,features.15,528,pruned_before,nan,0.000000e+00,0.000000e+00,0.0000,0.0000,0
21,features.15,529,active,-0.023163,4.348109e-08,1.389713e-07,0.0793,0.0009,329
21,features.15,530,active,-0.138431,2.636173e-07,1.290299e-06,0.4807,0.0082,329
21,features.15,531,active,-0.014253,2.676173e-08,8.627524e-08,0.0488,0.0006,329
21,features.15,532,pruned_before,nan,0.000000e+00,0.000000e+00,0.0000,0.0000,0
21,features.15,533,active,-0.065642,1.337077e-07,1.676971e-06,0.2438,0.0107,329
21,features.15,534,pruned_before,nan,0.000000e+00,0.000000e+00,0.0000,0.0000,0
21,features.15,535,pruned_before,nan,0.000000e+00,0.000000e+00,0.0000,0.0000,0
21,features.15,536,pruned_before,nan,0.000000e+00,0.000000e+00,0.0000,0.0000,0
21,features.15,537,pruned_before,nan,0.000000e+00,0.000000e+00,0.0000,0.0000,0
21,features.15,538,pruned_now,-0.180798,3.322285e-07,2.082185e-07,0.6058,0.0013,329
21,features.15,539,active,-0.013072,8.209413e-08,7.121089e-06,0.1497,0.0455,329
21,features.15,540,pruned_before,nan,0.000000e+00,0.000000e+00,0.0000,0.0000,0
21,features.15,541,active,-0.009511,3.846169e-08,2.578733e-06,0.0701,0.0165,329
21,features.15,542,pruned_before,nan,0.000000e+00,0.000000e+00,0.0000,0.0000,0
21,features.15,543,pruned_before,nan,0.000000e+00,0.000000e+00,0.0000,0.0000,0
21,features.15,544,pruned_before,nan,0.000000e+00,0.000000e+00,0.0000,0.0000,0
21,features.15,545,pruned_before,nan,0.000000e+00,0.000000e+00,0.0000,0.0000,0
21,features.15,546,active,-0.034185,6.453256e-08,2.493803e-07,0.1177,0.0016,329
21,features.15,547,active,-0.121072,2.244548e-07,3.813931e-07,0.4093,0.0024,329
21,features.15,548,active,-0.006172,1.950752e-08,1.006248e-06,0.0356,0.0064,329
21,features.15,549,active,-0.051105,9.579542e-08,2.897281e-07,0.1747,0.0019,329
21,features.15,550,pruned_before,nan,0.000000e+00,0.000000e+00,0.0000,0.0000,0
21,features.15,551,active,-0.045438,8.519449e-08,2.601568e-07,0.1553,0.0017,329
21,features.15,552,active,-0.048597,1.011817e-07,1.509847e-06,0.1845,0.0096,329
21,features.15,553,active,-0.033831,6.224248e-08,4.833221e-08,0.1135,0.0003,329
21,features.15,554,active,-0.015553,2.909769e-08,8.130265e-08,0.0531,0.0005,329
21,features.15,555,active,-0.117888,2.205025e-07,6.100732e-07,0.4021,0.0039,329
21,features.15,556,active,-0.010907,4.019763e-08,2.478837e-06,0.0733,0.0158,329
21,features.15,557,active,-0.006378,1.421865e-08,3.131732e-07,0.0259,0.0020,329
21,features.15,558,pruned_before,nan,0.000000e+00,0.000000e+00,0.0000,0.0000,0
21,features.15,559,pruned_before,nan,0.000000e+00,0.000000e+00,0.0000,0.0000,0
21,features.15,560,active,-0.035309,6.759854e-08,3.729142e-07,0.1233,0.0024,329
21,features.15,561,pruned_before,nan,0.000000e+00,0.000000e+00,0.0000,0.0000,0
21,features.15,562,active,-0.071457,1.331760e-07,3.110905e-07,0.2428,0.0020,329
21,features.15,563,active,-0.093787,1.739594e-07,3.063214e-07,0.3172,0.0020,329
21,features.15,564,active,-0.116002,2.162044e-07,5.059705e-07,0.3942,0.0032,329
21,features.15,565,pruned_before,nan,0.000000e+00,0.000000e+00,0.0000,0.0000,0
21,features.15,566,active,-0.007058,1.487412e-08,2.412496e-07,0.0271,0.0015,329
21,features.15,567,pruned_before,nan,0.000000e+00,0.000000e+00,0.0000,0.0000,0
21,features.15,568,active,-0.062799,1.209457e-07,7.513701e-07,0.2205,0.0048,329
21,features.15,569,active,-0.117729,2.164784e-07,1.533054e-07,0.3947,0.0010,329
21,features.15,570,active,-0.018528,3.566459e-08,2.193233e-07,0.0650,0.0014,329
21,features.15,571,pruned_before,nan,0.000000e+00,0.000000e+00,0.0000,0.0000,0
21,features.15,572,pruned_before,nan,0.000000e+00,0.000000e+00,0.0000,0.0000,0
21,features.15,573,pruned_before,nan,0.000000e+00,0.000000e+00,0.0000,0.0000,0
21,features.15,574,active,-0.075343,1.408354e-07,3.788908e-07,0.2568,0.0024,329
21,features.15,575,pruned_before,nan,0.000000e+00,0.000000e+00,0.0000,0.0000,0
21,features.15,576,active,-0.092132,1.705809e-07,2.629864e-07,0.3110,0.0017,329
21,features.15,577,pruned_before,nan,0.000000e+00,0.000000e+00,0.0000,0.0000,0
21,features.15,578,active,-0.017000,3.195476e-08,1.071971e-07,0.0583,0.0007,329
21,features.15,579,active,-0.062489,1.409336e-07,3.266423e-06,0.2570,0.0209,329
21,features.15,580,active,-0.068990,1.268713e-07,9.137279e-08,0.2313,0.0006,329
21,features.15,581,pruned_before,nan,0.000000e+00,0.000000e+00,0.0000,0.0000,0
21,features.15,582,pruned_before,nan,0.000000e+00,0.000000e+00,0.0000,0.0000,0
21,features.15,583,active,-0.020776,4.034256e-08,2.889571e-07,0.0736,0.0018,329
21,features.15,584,pruned_before,nan,0.000000e+00,0.000000e+00,0.0000,0.0000,0
21,features.15,585,pruned_before,nan,0.000000e+00,0.000000e+00,0.0000,0.0000,0
21,features.15,586,active,-0.046812,8.598595e-08,4.978932e-08,0.1568,0.0003,329
21,features.15,587,pruned_before,nan,0.000000e+00,0.000000e+00,0.0000,0.0000,0
21,features.15,588,pruned_before,nan,0.000000e+00,0.000000e+00,0.0000,0.0000,0
21,features.15,589,active,-0.007018,1.671293e-08,4.750857e-07,0.0305,0.0030,329
21,features.15,590,pruned_before,nan,0.000000e+00,0.000000e+00,0.0000,0.0000,0
21,features.15,591,pruned_before,nan,0.000000e+00,0.000000e+00,0.0000,0.0000,0
21,features.15,592,pruned_before,nan,0.000000e+00,0.000000e+00,0.0000,0.0000,0
21,features.15,593,active,-0.023656,4.336193e-08,1.401878e-08,0.0791,0.0001,329
21,features.15,594,active,-0.012967,2.650110e-08,3.419722e-07,0.0483,0.0022,329
21,features.15,595,pruned_before,nan,0.000000e+00,0.000000e+00,0.0000,0.0000,0
21,features.15,596,pruned_before,nan,0.000000e+00,0.000000e+00,0.0000,0.0000,0
21,features.15,597,active,-0.063254,1.157470e-07,1.336357e-08,0.2110,0.0001,329
21,features.15,598,active,-0.009664,1.877490e-08,1.354475e-07,0.0342,0.0009,329
21,features.15,599,pruned_before,nan,0.000000e+00,0.000000e+00,0.0000,0.0000,0
21,features.15,600,active,-0.069877,1.282605e-07,6.290349e-08,0.2339,0.0004,329
21,features.15,601,active,-0.023594,4.426999e-08,1.390121e-07,0.0807,0.0009,329
21,features.15,602,pruned_before,nan,0.000000e+00,0.000000e+00,0.0000,0.0000,0
21,features.15,603,active,0.000786,3.705880e-09,6.293529e-07,0.0068,0.0040,329
21,features.15,604,active,-0.050225,1.049739e-07,1.609651e-06,0.1914,0.0103,329
21,features.15,605,active,-0.010719,2.057690e-08,1.200508e-07,0.0375,0.0008,329
21,features.15,606,pruned_before,nan,0.000000e+00,0.000000e+00,0.0000,0.0000,0
21,features.15,607,active,-0.046358,8.543421e-08,8.378819e-08,0.1558,0.0005,329
21,features.15,608,active,-0.111408,2.209811e-07,2.118020e-06,0.4029,0.0135,329
21,features.15,609,pruned_before,nan,0.000000e+00,0.000000e+00,0.0000,0.0000,0
21,features.15,610,active,-0.011759,2.587085e-08,5.352221e-07,0.0472,0.0034,329
21,features.15,611,pruned_before,nan,0.000000e+00,0.000000e+00,0.0000,0.0000,0
21,features.15,612,active,-0.047107,8.778907e-08,2.043425e-07,0.1601,0.0013,329
21,features.15,613,active,-0.010916,2.005759e-08,1.235139e-08,0.0366,0.0001,329
21,features.15,614,active,-0.019811,3.830504e-08,2.554162e-07,0.0698,0.0016,329
21,features.15,615,pruned_before,nan,0.000000e+00,0.000000e+00,0.0000,0.0000,0
21,features.15,616,active,-0.073155,1.344830e-07,9.100795e-08,0.2452,0.0006,329
21,features.15,617,active,-0.024340,4.571474e-08,1.490095e-07,0.0834,0.0010,329
21,features.15,618,pruned_before,nan,0.000000e+00,0.000000e+00,0.0000,0.0000,0
21,features.15,619,active,-0.029055,7.388852e-08,2.541694e-06,0.1347,0.0162,329
21,features.15,620,active,-0.010050,2.127113e-08,3.547214e-07,0.0388,0.0023,329
21,features.15,621,pruned_now,-0.213468,3.932076e-07,3.616092e-07,0.7169,0.0023,329
21,features.15,622,pruned_before,nan,0.000000e+00,0.000000e+00,0.0000,0.0000,0
21,features.15,623,pruned_before,nan,0.000000e+00,0.000000e+00,0.0000,0.0000,0
21,features.15,624,active,-0.049284,9.316845e-08,3.755426e-07,0.1699,0.0024,329
21,features.15,625,pruned_before,nan,0.000000e+00,0.000000e+00,0.0000,0.0000,0
21,features.15,626,pruned_before,nan,0.000000e+00,0.000000e+00,0.0000,0.0000,0
21,features.15,627,pruned_before,nan,0.000000e+00,0.000000e+00,0.0000,0.0000,0
21,features.15,628,active,-0.000769,5.782644e-09,5.354514e-07,0.0105,0.0034,329
21,features.15,629,pruned_before,nan,0.000000e+00,0.000000e+00,0.0000,0.0000,0
21,features.15,630,active,-0.082871,1.981801e-07,5.711826e-06,0.3613,0.0365,329
21,features.15,631,active,-0.037227,7.543704e-08,9.030845e-07,0.1375,0.0058,329
21,features.15,632,pruned_before,nan,0.000000e+00,0.000000e+00,0.0000,0.0000,0
21,features.15,633,active,-0.007205,1.647391e-08,4.041304e-07,0.0300,0.0026,329
21,features.15,634,active,-0.044350,8.478715e-08,4.538885e-07,0.1546,0.0029,329
21,features.15,635,active,-0.003200,1.908863e-08,1.619889e-06,0.0348,0.0103,329
21,features.15,636,active,-0.034265,6.868643e-08,7.396209e-07,0.1252,0.0047,329
21,features.15,637,active,-0.004729,1.144303e-08,3.423102e-07,0.0209,0.0022,329
21,features.15,638,active,-0.024163,4.776212e-08,4.391318e-07,0.0871,0.0028,329
21,features.15,639,active,-0.024770,4.727878e-08,2.440582e-07,0.0862,0.0016,329
21,features.15,640,active,-0.043320,8.175099e-08,3.126694e-07,0.1491,0.0020,329
21,features.15,641,active,-0.026281,5.503398e-08,8.550887e-07,0.1003,0.0055,329
21,features.15,642,pruned_before,nan,0.000000e+00,0.000000e+00,0.0000,0.0000,0
21,features.15,643,pruned_before,nan,0.000000e+00,0.000000e+00,0.0000,0.0000,0
21,features.15,644,active,-0.050562,9.500254e-08,3.142475e-07,0.1732,0.0020,329
21,features.15,645,pruned_before,nan,0.000000e+00,0.000000e+00,0.0000,0.0000,0
21,features.15,646,active,-0.065281,1.425422e-07,2.838704e-06,0.2599,0.0181,329
21,features.15,647,active,-0.084897,1.614664e-07,7.662608e-07,0.2944,0.0049,329
21,features.15,648,active,-0.100811,1.927356e-07,1.032455e-06,0.3514,0.0066,329
21,features.15,649,pruned_before,nan,0.000000e+00,0.000000e+00,0.0000,0.0000,0
21,features.15,650,pruned_before,nan,0.000000e+00,0.000000e+00,0.0000,0.0000,0
21,features.15,651,active,-0.018601,8.219288e-08,5.896258e-06,0.1499,0.0377,329
21,features.15,652,pruned_before,nan,0.000000e+00,0.000000e+00,0.0000,0.0000,0
21,features.15,653,active,-0.029888,5.559008e-08,1.163236e-07,0.1014,0.0007,329
21,features.15,654,active,-0.034665,7.450171e-08,1.361811e-06,0.1358,0.0087,329
21,features.15,655,active,-0.019569,3.629244e-08,6.327733e-08,0.0662,0.0004,329
21,features.15,656,pruned_now,-0.158746,2.920880e-07,2.295894e-07,0.5326,0.0015,329
21,features.15,657,active,-0.038668,7.249344e-08,2.206550e-07,0.1322,0.0014,329
21,features.15,658,active,-0.028471,6.243827e-08,1.271306e-06,0.1138,0.0081,329
21,features.15,659,pruned_before,nan,0.000000e+00,0.000000e+00,0.0000,0.0000,0
21,features.15,660,pruned_before,nan,0.000000e+00,0.000000e+00,0.0000,0.0000,0
21,features.15,661,active,-0.028766,7.134066e-08,2.294491e-06,0.1301,0.0147,329
21,features.15,662,active,-0.032462,6.342658e-08,4.994539e-07,0.1156,0.0032,329
21,features.15,663,active,-0.077596,1.471728e-07,6.505033e-07,0.2683,0.0042,329
21,features.15,664,active,-0.019031,3.828359e-08,4.273387e-07,0.0698,0.0027,329
21,features.15,665,active,-0.010646,2.049896e-08,1.269026e-07,0.0374,0.0008,329
21,features.15,666,pruned_before,nan,0.000000e+00,0.000000e+00,0.0000,0.0000,0
21,features.15,667,active,-0.011383,2.350044e-08,3.292891e-07,0.0428,0.0021,329
21,features.15,668,pruned_before,nan,0.000000e+00,0.000000e+00,0.0000,0.0000,0
21,features.15,669,pruned_before,nan,0.000000e+00,0.000000e+00,0.0000,0.0000,0
21,features.15,670,pruned_before,nan,0.000000e+00,0.000000e+00,0.0000,0.0000,0
21,features.15,671,active,-0.016056,3.172443e-08,2.901244e-07,0.0578,0.0019,329
21,features.15,672,pruned_before,nan,0.000000e+00,0.000000e+00,0.0000,0.0000,0
21,features.15,673,active,-0.016139,4.495771e-08,1.890945e-06,0.0820,0.0121,329
21,features.15,674,active,-0.024555,5.414357e-08,1.132271e-06,0.0987,0.0072,329
21,features.15,675,active,-0.015578,2.919783e-08,8.791531e-08,0.0532,0.0006,329
21,features.15,676,pruned_before,nan,0.000000e+00,0.000000e+00,0.0000,0.0000,0
21,features.15,677,active,-0.046663,8.993508e-08,5.662248e-07,0.1640,0.0036,329
21,features.15,678,pruned_before,nan,0.000000e+00,0.000000e+00,0.0000,0.0000,0
21,features.15,679,pruned_before,nan,0.000000e+00,0.000000e+00,0.0000,0.0000,0
21,features.15,680,pruned_before,nan,0.000000e+00,0.000000e+00,0.0000,0.0000,0
21,features.15,681,active,-0.021528,4.704498e-08,9.407662e-07,0.0858,0.0060,329
21,features.15,682,active,-0.022425,4.443746e-08,4.211469e-07,0.0810,0.0027,329
21,features.15,683,active,-0.032017,6.252647e-08,4.888409e-07,0.1140,0.0031,329
21,features.15,684,active,-0.052049,9.819102e-08,3.716264e-07,0.1790,0.0024,329
21,features.15,685,active,-0.072372,1.361209e-07,4.666225e-07,0.2482,0.0030,329
21,features.15,686,pruned_before,nan,0.000000e+00,0.000000e+00,0.0000,0.0000,0
21,features.15,687,pruned_before,nan,0.000000e+00,0.000000e+00,0.0000,0.0000,0
21,features.15,688,active,-0.071170,1.330930e-07,3.649483e-07,0.2427,0.0023,329
21,features.15,689,active,-0.054402,1.063776e-07,8.471549e-07,0.1940,0.0054,329
21,features.15,690,active,-0.014416,2.710813e-08,9.220754e-08,0.0494,0.0006,329
21,features.15,691,active,-0.001164,2.562750e-09,5.325814e-08,0.0047,0.0003,329
21,features.15,692,active,-0.053313,9.791075e-08,5.466447e-08,0.1785,0.0003,329
21,features.15,693,pruned_before,nan,0.000000e+00,0.000000e+00,0.0000,0.0000,0
21,features.15,694,pruned_before,nan,0.000000e+00,0.000000e+00,0.0000,0.0000,0
21,features.15,695,active,-0.019632,3.705965e-08,1.430323e-07,0.0676,0.0009,329
21,features.15,696,active,-0.060390,1.325748e-07,2.713048e-06,0.2417,0.0173,329
21,features.15,697,active,-0.024249,5.092987e-08,8.073776e-07,0.0929,0.0052,329
21,features.15,698,active,-0.019423,3.826586e-08,3.373954e-07,0.0698,0.0022,329
21,features.15,699,pruned_before,nan,0.000000e+00,0.000000e+00,0.0000,0.0000,0
21,features.15,700,active,-0.046516,1.040462e-07,2.325939e-06,0.1897,0.0149,329
21,features.15,701,active,-0.009828,2.045360e-08,3.041564e-07,0.0373,0.0019,329
21,features.15,702,pruned_before,nan,0.000000e+00,0.000000e+00,0.0000,0.0000,0
21,features.15,703,active,-0.029351,5.393896e-08,3.431066e-08,0.0983,0.0002,329
21,features.15,704,active,-0.007726,1.420047e-08,9.379113e-09,0.0259,0.0001,329
21,features.15,705,active,-0.019071,3.505950e-08,2.387592e-08,0.0639,0.0002,329
21,features.15,706,pruned_before,nan,0.000000e+00,0.000000e+00,0.0000,0.0000,0
21,features.15,707,active,-0.011596,3.662440e-08,1.887531e-06,0.0668,0.0121,329
21,features.15,708,active,-0.018728,3.545079e-08,1.484599e-07,0.0646,0.0009,329
21,features.15,709,pruned_before,nan,0.000000e+00,0.000000e+00,0.0000,0.0000,0
21,features.15,710,active,-0.049235,9.047611e-08,5.717606e-08,0.1650,0.0004,329
21,features.15,711,pruned_before,nan,0.000000e+00,0.000000e+00,0.0000,0.0000,0
21,features.15,712,active,-0.018828,3.951683e-08,6.235917e-07,0.0721,0.0040,329
21,features.15,713,pruned_before,nan,0.000000e+00,0.000000e+00,0.0000,0.0000,0
21,features.15,714,pruned_before,nan,0.000000e+00,0.000000e+00,0.0000,0.0000,0
21,features.15,715,active,-0.040987,7.837907e-08,4.220772e-07,0.1429,0.0027,329
21,features.15,716,pruned_before,nan,0.000000e+00,0.000000e+00,0.0000,0.0000,0
21,features.15,717,active,-0.025064,4.746708e-08,2.013441e-07,0.0865,0.0013,329
21,features.15,718,active,-0.008963,2.749990e-08,1.359904e-06,0.0501,0.0087,329
21,features.15,719,pruned_before,nan,0.000000e+00,0.000000e+00,0.0000,0.0000,0
21,features.15,720,pruned_before,nan,0.000000e+00,0.000000e+00,0.0000,0.0000,0
21,features.15,721,active,-0.015725,3.463654e-08,7.206079e-07,0.0632,0.0046,329
21,features.15,722,pruned_before,nan,0.000000e+00,0.000000e+00,0.0000,0.0000,0
21,features.15,723,pruned_before,nan,0.000000e+00,0.000000e+00,0.0000,0.0000,0
21,features.15,724,pruned_before,nan,0.000000e+00,0.000000e+00,0.0000,0.0000,0
21,features.15,725,pruned_before,nan,0.000000e+00,0.000000e+00,0.0000,0.0000,0
21,features.15,726,active,-0.006636,1.320847e-08,1.317703e-07,0.0241,0.0008,329
21,features.15,727,active,-0.103257,2.042573e-07,1.895211e-06,0.3724,0.0121,329
21,features.15,728,active,-0.100448,1.838751e-07,2.945233e-08,0.3353,0.0002,329
21,features.15,729,pruned_before,nan,0.000000e+00,0.000000e+00,0.0000,0.0000,0
21,features.15,730,active,-0.082647,1.530292e-07,2.370898e-07,0.2790,0.0015,329
21,features.15,731,active,0.000717,7.933575e-09,1.131165e-06,0.0145,0.0072,329
21,features.15,732,active,-0.047923,9.063656e-08,3.702600e-07,0.1653,0.0024,329
21,features.15,733,pruned_before,nan,0.000000e+00,0.000000e+00,0.0000,0.0000,0
21,features.15,734,active,-0.038621,7.079375e-08,2.299302e-08,0.1291,0.0001,329
21,features.15,735,active,-0.076642,1.465180e-07,7.836039e-07,0.2672,0.0050,329
21,features.15,736,pruned_before,nan,0.000000e+00,0.000000e+00,0.0000,0.0000,0
21,features.15,737,pruned_before,nan,0.000000e+00,0.000000e+00,0.0000,0.0000,0
21,features.15,738,active,-0.044516,9.679863e-08,1.886352e-06,0.1765,0.0120,329
21,features.15,739,protected,0.086168,8.946542e-08,3.022244e-05,0.1631,0.1930,329
21,features.15,740,active,0.005821,2.647535e-08,4.541775e-06,0.0483,0.0290,329
21,features.15,741,active,-0.037029,7.709773e-08,1.150641e-06,0.1406,0.0073,329
21,features.15,742,pruned_before,nan,0.000000e+00,0.000000e+00,0.0000,0.0000,0
21,features.15,743,pruned_before,nan,0.000000e+00,0.000000e+00,0.0000,0.0000,0
21,features.15,744,active,-0.106628,2.116547e-07,2.046098e-06,0.3859,0.0131,329
21,features.15,745,pruned_before,nan,0.000000e+00,0.000000e+00,0.0000,0.0000,0
21,features.15,746,active,-0.061295,1.155304e-07,4.249616e-07,0.2107,0.0027,329
21,features.15,747,pruned_before,nan,0.000000e+00,0.000000e+00,0.0000,0.0000,0
21,features.15,748,active,-0.027753,5.106762e-08,4.052520e-08,0.0931,0.0003,329
21,features.15,749,active,-0.015927,3.561803e-08,7.955469e-07,0.0649,0.0051,329
21,features.15,750,pruned_before,nan,0.000000e+00,0.000000e+00,0.0000,0.0000,0
21,features.15,751,active,-0.068242,1.270348e-07,2.787808e-07,0.2316,0.0018,329
21,features.15,752,active,-0.013218,2.458587e-08,5.156121e-08,0.0448,0.0003,329
21,features.15,753,active,-0.053519,1.012054e-07,4.116914e-07,0.1845,0.0026,329
21,features.15,754,pruned_before,nan,0.000000e+00,0.000000e+00,0.0000,0.0000,0
21,features.15,755,pruned_before,nan,0.000000e+00,0.000000e+00,0.0000,0.0000,0
21,features.15,756,active,-0.017262,3.469860e-08,3.843601e-07,0.0633,0.0025,329
21,features.15,757,protected,0.136915,3.320639e-07,7.125919e-05,0.6055,0.4551,329
21,features.15,758,pruned_before,nan,0.000000e+00,0.000000e+00,0.0000,0.0000,0
21,features.15,759,active,-0.099285,1.834366e-07,2.358945e-07,0.3345,0.0015,329
21,features.15,760,active,-0.010833,2.249029e-08,3.287016e-07,0.0410,0.0021,329
21,features.15,761,active,-0.047370,9.100159e-08,5.385746e-07,0.1659,0.0034,329
21,features.15,762,active,-0.038181,7.371266e-08,4.786810e-07,0.1344,0.0031,329
21,features.15,763,active,-0.011105,2.570876e-08,6.616010e-07,0.0469,0.0042,329
21,features.15,764,active,-0.031321,5.903693e-08,2.173778e-07,0.1076,0.0014,329
21,features.15,765,active,-0.124295,2.282748e-07,1.279361e-07,0.4162,0.0008,329
21,features.15,766,active,-0.018872,3.642338e-08,2.351342e-07,0.0664,0.0015,329
21,features.15,767,active,-0.004805,9.978359e-09,1.460595e-07,0.0182,0.0009,329
21,features.15,768,pruned_before,nan,0.000000e+00,0.000000e+00,0.0000,0.0000,0
21,features.15,769,active,-0.026772,5.239009e-08,4.217976e-07,0.0955,0.0027,329
21,features.15,770,active,-0.014747,2.891134e-08,2.389074e-07,0.0527,0.0015,329
21,features.15,771,active,-0.078760,2.024896e-07,7.158744e-06,0.3692,0.0457,329
21,features.15,772,pruned_before,nan,0.000000e+00,0.000000e+00,0.0000,0.0000,0
21,features.15,773,pruned_before,nan,0.000000e+00,0.000000e+00,0.0000,0.0000,0
21,features.15,774,pruned_before,nan,0.000000e+00,0.000000e+00,0.0000,0.0000,0
21,features.15,775,pruned_before,nan,0.000000e+00,0.000000e+00,0.0000,0.0000,0
21,features.15,776,active,-0.034421,7.273801e-08,1.200433e-06,0.1326,0.0077,329
21,features.15,777,active,-0.066062,1.260448e-07,6.452497e-07,0.2298,0.0041,329
21,features.15,778,active,-0.013888,3.027824e-08,5.981173e-07,0.0552,0.0038,329
21,features.15,779,active,-0.120302,2.258903e-07,7.293010e-07,0.4119,0.0047,329
21,features.15,780,active,-0.021798,6.937199e-08,3.612452e-06,0.1265,0.0231,329
21,features.15,781,pruned_before,nan,0.000000e+00,0.000000e+00,0.0000,0.0000,0
21,features.15,782,active,-0.139989,2.564402e-07,6.346442e-08,0.4676,0.0004,329
21,features.15,783,pruned_before,nan,0.000000e+00,0.000000e+00,0.0000,0.0000,0
21,features.15,784,pruned_now,-0.150068,2.886687e-07,1.752330e-06,0.5263,0.0112,329
21,features.15,785,active,-0.058109,1.118490e-07,6.872227e-07,0.2039,0.0044,329
21,features.15,786,active,-0.065120,1.246042e-07,6.796143e-07,0.2272,0.0043,329
21,features.15,787,active,-0.037939,7.280588e-08,4.219494e-07,0.1327,0.0027,329
21,features.15,788,pruned_before,nan,0.000000e+00,0.000000e+00,0.0000,0.0000,0
21,features.15,789,active,-0.021914,4.921933e-08,1.120430e-06,0.0897,0.0072,329
21,features.15,790,pruned_before,nan,0.000000e+00,0.000000e+00,0.0000,0.0000,0
21,features.15,791,active,-0.014060,2.764827e-08,2.378243e-07,0.0504,0.0015,329
21,features.15,792,active,-0.023828,4.401020e-08,5.490047e-08,0.0802,0.0004,329
21,features.15,793,pruned_before,nan,0.000000e+00,0.000000e+00,0.0000,0.0000,0
21,features.15,794,pruned_before,nan,0.000000e+00,0.000000e+00,0.0000,0.0000,0
21,features.15,795,active,-0.132286,2.518177e-07,1.220957e-06,0.4591,0.0078,329
21,features.15,796,pruned_before,nan,0.000000e+00,0.000000e+00,0.0000,0.0000,0
21,features.15,797,pruned_before,nan,0.000000e+00,0.000000e+00,0.0000,0.0000,0
21,features.15,798,active,-0.048926,9.117623e-08,2.120081e-07,0.1662,0.0014,329
21,features.15,799,active,-0.033615,6.370061e-08,2.750837e-07,0.1161,0.0018,329
21,features.15,800,active,-0.047160,9.027220e-08,4.962645e-07,0.1646,0.0032,329
21,features.15,801,pruned_before,nan,0.000000e+00,0.000000e+00,0.0000,0.0000,0
21,features.15,802,active,-0.054932,1.021863e-07,2.155984e-07,0.1863,0.0014,329
21,features.15,803,pruned_before,nan,0.000000e+00,0.000000e+00,0.0000,0.0000,0
21,features.15,804,active,-0.018882,5.481898e-08,2.483981e-06,0.1000,0.0159,329
21,features.15,805,pruned_before,nan,0.000000e+00,0.000000e+00,0.0000,0.0000,0
21,features.15,806,active,-0.046396,1.104300e-07,3.133864e-06,0.2014,0.0200,329
21,features.15,807,active,-0.032655,7.622035e-08,2.021571e-06,0.1390,0.0129,329
21,features.15,808,pruned_before,nan,0.000000e+00,0.000000e+00,0.0000,0.0000,0
21,features.15,809,pruned_before,nan,0.000000e+00,0.000000e+00,0.0000,0.0000,0
21,features.15,810,pruned_before,nan,0.000000e+00,0.000000e+00,0.0000,0.0000,0
21,features.15,811,active,-0.031355,6.162185e-08,5.262273e-07,0.1124,0.0034,329
21,features.15,812,active,-0.054313,1.011528e-07,2.276488e-07,0.1844,0.0015,329
21,features.15,813,active,-0.019250,3.681285e-08,1.983617e-07,0.0671,0.0013,329
21,features.15,814,active,-0.055212,1.026159e-07,2.055601e-07,0.1871,0.0013,329
21,features.15,815,pruned_before,nan,0.000000e+00,0.000000e+00,0.0000,0.0000,0
21,features.15,816,active,-0.029490,7.335868e-08,2.379416e-06,0.1338,0.0152,329
21,features.15,817,pruned_before,nan,0.000000e+00,0.000000e+00,0.0000,0.0000,0
21,features.15,818,active,-0.036354,7.199999e-08,6.778691e-07,0.1313,0.0043,329
21,features.15,819,pruned_before,nan,0.000000e+00,0.000000e+00,0.0000,0.0000,0
21,features.15,820,pruned_before,nan,0.000000e+00,0.000000e+00,0.0000,0.0000,0
21,features.15,821,pruned_before,nan,0.000000e+00,0.000000e+00,0.0000,0.0000,0
21,features.15,822,pruned_before,nan,0.000000e+00,0.000000e+00,0.0000,0.0000,0
21,features.15,823,pruned_now,-0.145404,2.666790e-07,1.050404e-07,0.4862,0.0007,329
21,features.15,824,pruned_before,nan,0.000000e+00,0.000000e+00,0.0000,0.0000,0
21,features.15,825,pruned_before,nan,0.000000e+00,0.000000e+00,0.0000,0.0000,0
21,features.15,826,pruned_before,nan,0.000000e+00,0.000000e+00,0.0000,0.0000,0
21,features.15,827,active,-0.046967,8.892789e-08,3.749683e-07,0.1621,0.0024,329
21,features.15,828,active,-0.028710,7.636910e-08,2.922428e-06,0.1392,0.0187,329
21,features.15,829,pruned_before,nan,0.000000e+00,0.000000e+00,0.0000,0.0000,0
21,features.15,830,active,-0.051571,9.508381e-08,9.840051e-08,0.1734,0.0006,329
21,features.15,831,pruned_before,nan,0.000000e+00,0.000000e+00,0.0000,0.0000,0
21,features.15,832,pruned_before,nan,0.000000e+00,0.000000e+00,0.0000,0.0000,0
21,features.15,833,pruned_before,nan,0.000000e+00,0.000000e+00,0.0000,0.0000,0
21,features.15,834,pruned_before,nan,0.000000e+00,0.000000e+00,0.0000,0.0000,0
21,features.15,835,active,-0.104816,1.936308e-07,2.460428e-07,0.3531,0.0016,329
21,features.15,836,active,-0.033727,6.374859e-08,2.558704e-07,0.1162,0.0016,329
21,features.15,837,pruned_before,nan,0.000000e+00,0.000000e+00,0.0000,0.0000,0
21,features.15,838,pruned_before,nan,0.000000e+00,0.000000e+00,0.0000,0.0000,0
21,features.15,839,pruned_before,nan,0.000000e+00,0.000000e+00,0.0000,0.0000,0
21,features.15,840,active,-0.071358,1.493753e-07,2.315341e-06,0.2724,0.0148,329
21,features.15,841,pruned_before,nan,0.000000e+00,0.000000e+00,0.0000,0.0000,0
21,features.15,842,active,-0.046726,1.216552e-07,4.433458e-06,0.2218,0.0283,329
21,features.15,843,pruned_before,nan,0.000000e+00,0.000000e+00,0.0000,0.0000,0
21,features.15,844,active,-0.055530,1.058644e-07,5.318972e-07,0.1930,0.0034,329
21,features.15,845,active,-0.008929,6.173824e-08,5.556942e-06,0.1126,0.0355,329
21,features.15,846,active,-0.030668,6.328845e-08,8.837878e-07,0.1154,0.0056,329
21,features.15,847,pruned_before,nan,0.000000e+00,0.000000e+00,0.0000,0.0000,0
21,features.15,848,active,-0.037069,6.873000e-08,1.177498e-07,0.1253,0.0008,329
21,features.15,849,pruned_before,nan,0.000000e+00,0.000000e+00,0.0000,0.0000,0
21,features.15,850,active,-0.099075,1.815418e-07,5.100427e-08,0.3310,0.0003,329
21,features.15,851,active,-0.056173,1.107812e-07,9.897575e-07,0.2020,0.0063,329
21,features.15,852,pruned_before,nan,0.000000e+00,0.000000e+00,0.0000,0.0000,0
21,features.15,853,pruned_before,nan,0.000000e+00,0.000000e+00,0.0000,0.0000,0
21,features.15,854,active,-0.004535,2.513108e-08,2.060663e-06,0.0458,0.0132,329
21,features.15,855,pruned_now,-0.276948,5.070665e-07,9.337131e-08,0.9246,0.0006,329
21,features.15,856,pruned_before,nan,0.000000e+00,0.000000e+00,0.0000,0.0000,0
21,features.15,857,active,-0.010424,2.410978e-08,6.182747e-07,0.0440,0.0039,329
21,features.15,858,active,0.001498,1.525758e-08,2.201985e-06,0.0278,0.0141,329
21,features.15,859,pruned_before,nan,0.000000e+00,0.000000e+00,0.0000,0.0000,0
21,features.15,860,pruned_before,nan,0.000000e+00,0.000000e+00,0.0000,0.0000,0
21,features.15,861,pruned_before,nan,0.000000e+00,0.000000e+00,0.0000,0.0000,0
21,features.15,862,active,-0.054999,1.033932e-07,3.484173e-07,0.1885,0.0022,329
21,features.15,863,active,-0.066588,1.225807e-07,1.037536e-07,0.2235,0.0007,329
21,features.15,864,active,-0.018647,3.617400e-08,2.551407e-07,0.0660,0.0016,329
21,features.15,865,pruned_before,nan,0.000000e+00,0.000000e+00,0.0000,0.0000,0
21,features.15,866,active,-0.031461,9.481334e-08,4.563738e-06,0.1729,0.0291,329
21,features.15,867,active,-0.067649,1.243430e-07,8.198936e-08,0.2267,0.0005,329
21,features.15,868,active,-0.009392,1.752045e-08,4.280316e-08,0.0319,0.0003,329
21,features.15,869,pruned_before,nan,0.000000e+00,0.000000e+00,0.0000,0.0000,0
21,features.15,870,active,-0.099353,1.927680e-07,1.362673e-06,0.3515,0.0087,329
21,features.15,871,active,-0.062734,1.630239e-07,5.914467e-06,0.2972,0.0378,329
21,features.15,872,pruned_before,nan,0.000000e+00,0.000000e+00,0.0000,0.0000,0
21,features.15,873,active,-0.097679,1.828342e-07,5.215780e-07,0.3334,0.0033,329
21,features.15,874,pruned_now,-0.189009,3.465812e-07,1.278358e-07,0.6319,0.0008,329
21,features.15,875,active,-0.008358,1.670653e-08,1.745993e-07,0.0305,0.0011,329
21,features.15,876,active,-0.036568,6.707886e-08,2.779497e-08,0.1223,0.0002,329
21,features.15,877,active,-0.035690,8.540311e-08,2.466310e-06,0.1557,0.0158,329
21,features.15,878,pruned_before,nan,0.000000e+00,0.000000e+00,0.0000,0.0000,0
21,features.15,879,active,-0.008870,1.724150e-08,1.255937e-07,0.0314,0.0008,329
21,features.15,880,pruned_before,nan,0.000000e+00,0.000000e+00,0.0000,0.0000,0
21,features.15,881,active,-0.128239,2.360566e-07,1.976886e-07,0.4304,0.0013,329
21,features.15,882,active,-0.014379,3.208157e-08,7.089482e-07,0.0585,0.0045,329
21,features.15,883,active,-0.027012,5.112102e-08,2.128190e-07,0.0932,0.0014,329
21,features.15,884,active,0.011721,8.739434e-09,3.691253e-06,0.0159,0.0236,329
21,features.15,885,active,-0.066748,1.239773e-07,2.387264e-07,0.2261,0.0015,329
21,features.15,886,pruned_before,nan,0.000000e+00,0.000000e+00,0.0000,0.0000,0
21,features.15,887,pruned_now,-0.144113,2.671657e-07,4.533783e-07,0.4871,0.0029,329
21,features.15,888,active,-0.013708,2.520678e-08,1.785895e-08,0.0460,0.0001,329
21,features.15,889,active,-0.026005,1.556621e-07,1.322996e-05,0.2838,0.0845,329
21,features.15,890,active,-0.139102,2.561421e-07,2.253880e-07,0.4670,0.0014,329
21,features.15,891,pruned_before,nan,0.000000e+00,0.000000e+00,0.0000,0.0000,0
21,features.15,892,active,-0.102316,2.289954e-07,5.132654e-06,0.4175,0.0328,329
21,features.15,893,active,-0.027972,7.248164e-08,2.611683e-06,0.1322,0.0167,329
21,features.15,894,pruned_before,nan,0.000000e+00,0.000000e+00,0.0000,0.0000,0
21,features.15,895,pruned_before,nan,0.000000e+00,0.000000e+00,0.0000,0.0000,0
21,features.15,896,pruned_before,nan,0.000000e+00,0.000000e+00,0.0000,0.0000,0
21,features.15,897,pruned_before,nan,0.000000e+00,0.000000e+00,0.0000,0.0000,0
21,features.15,898,pruned_before,nan,0.000000e+00,0.000000e+00,0.0000,0.0000,0
21,features.15,899,pruned_before,nan,0.000000e+00,0.000000e+00,0.0000,0.0000,0
21,features.15,900,active,-0.039775,8.581670e-08,1.603225e-06,0.1565,0.0102,329
21,features.15,901,active,-0.025619,1.075123e-07,7.424510e-06,0.1960,0.0474,329
21,features.15,902,active,-0.018900,4.269407e-08,9.962675e-07,0.0778,0.0064,329
21,features.15,903,pruned_before,nan,0.000000e+00,0.000000e+00,0.0000,0.0000,0
21,features.15,904,pruned_before,nan,0.000000e+00,0.000000e+00,0.0000,0.0000,0
21,features.15,905,pruned_before,nan,0.000000e+00,0.000000e+00,0.0000,0.0000,0
21,features.15,906,active,-0.009098,2.204393e-08,6.621735e-07,0.0402,0.0042,329
21,features.15,907,pruned_before,nan,0.000000e+00,0.000000e+00,0.0000,0.0000,0
21,features.15,908,pruned_before,nan,0.000000e+00,0.000000e+00,0.0000,0.0000,0
21,features.15,909,pruned_before,nan,0.000000e+00,0.000000e+00,0.0000,0.0000,0
21,features.15,910,pruned_before,nan,0.000000e+00,0.000000e+00,0.0000,0.0000,0
21,features.15,911,active,-0.021439,4.180426e-08,3.194243e-07,0.0762,0.0020,329
21,features.15,912,pruned_before,nan,0.000000e+00,0.000000e+00,0.0000,0.0000,0
21,features.15,913,active,-0.014184,2.735505e-08,1.743971e-07,0.0499,0.0011,329
21,features.15,914,pruned_before,nan,0.000000e+00,0.000000e+00,0.0000,0.0000,0
21,features.15,915,pruned_before,nan,0.000000e+00,0.000000e+00,0.0000,0.0000,0
21,features.15,916,pruned_before,nan,0.000000e+00,0.000000e+00,0.0000,0.0000,0
21,features.15,917,pruned_before,nan,0.000000e+00,0.000000e+00,0.0000,0.0000,0
21,features.15,918,active,-0.097806,1.871155e-07,1.016918e-06,0.3412,0.0065,329
21,features.15,919,active,-0.009657,2.019894e-08,3.113387e-07,0.0368,0.0020,329
21,features.15,920,pruned_before,nan,0.000000e+00,0.000000e+00,0.0000,0.0000,0
21,features.15,921,pruned_before,nan,0.000000e+00,0.000000e+00,0.0000,0.0000,0
21,features.15,922,active,-0.012021,2.697129e-08,6.112882e-07,0.0492,0.0039,329
21,features.15,923,pruned_before,nan,0.000000e+00,0.000000e+00,0.0000,0.0000,0
21,features.15,924,active,-0.053930,9.971808e-08,1.378323e-07,0.1818,0.0009,329
21,features.15,925,active,-0.013269,2.840957e-08,5.080764e-07,0.0518,0.0032,329
21,features.15,926,pruned_before,nan,0.000000e+00,0.000000e+00,0.0000,0.0000,0
21,features.15,927,active,-0.052200,9.591896e-08,5.986339e-08,0.1749,0.0004,329
21,features.15,928,active,-0.003348,8.077904e-09,2.394041e-07,0.0147,0.0015,329
21,features.15,929,pruned_before,nan,0.000000e+00,0.000000e+00,0.0000,0.0000,0
21,features.15,930,active,-0.057764,1.076795e-07,2.543982e-07,0.1963,0.0016,329
21,features.15,931,pruned_before,nan,0.000000e+00,0.000000e+00,0.0000,0.0000,0
21,features.15,932,pruned_before,nan,0.000000e+00,0.000000e+00,0.0000,0.0000,0
21,features.15,933,active,-0.046401,1.320282e-07,5.775528e-06,0.2407,0.0369,329
21,features.15,934,active,-0.006130,1.310539e-08,2.323183e-07,0.0239,0.0015,329
21,features.15,935,pruned_before,nan,0.000000e+00,0.000000e+00,0.0000,0.0000,0
21,features.15,936,pruned_before,nan,0.000000e+00,0.000000e+00,0.0000,0.0000,0
21,features.15,937,active,-0.103526,2.322662e-07,5.262159e-06,0.4235,0.0336,329
21,features.15,938,active,-0.125599,2.339563e-07,5.313904e-07,0.4266,0.0034,329
21,features.15,939,active,-0.061193,1.747611e-07,7.695425e-06,0.3186,0.0491,329
21,features.15,940,pruned_before,nan,0.000000e+00,0.000000e+00,0.0000,0.0000,0
21,features.15,941,active,-0.056445,1.036230e-07,5.288375e-08,0.1889,0.0003,329
21,features.15,942,pruned_before,nan,0.000000e+00,0.000000e+00,0.0000,0.0000,0
21,features.15,943,pruned_before,nan,0.000000e+00,0.000000e+00,0.0000,0.0000,0
21,features.15,944,active,-0.012909,2.414942e-08,6.726823e-08,0.0440,0.0004,329
21,features.15,945,pruned_before,nan,0.000000e+00,0.000000e+00,0.0000,0.0000,0
21,features.15,946,pruned_before,nan,0.000000e+00,0.000000e+00,0.0000,0.0000,0
21,features.15,947,active,-0.007787,2.372328e-08,1.160966e-06,0.0433,0.0074,329
21,features.15,948,pruned_before,nan,0.000000e+00,0.000000e+00,0.0000,0.0000,0
21,features.15,949,pruned_before,nan,0.000000e+00,0.000000e+00,0.0000,0.0000,0
21,features.15,950,pruned_before,nan,0.000000e+00,0.000000e+00,0.0000,0.0000,0
21,features.15,951,active,-0.072480,1.327426e-07,2.910994e-08,0.2420,0.0002,329
21,features.15,952,active,-0.107580,2.051495e-07,1.037227e-06,0.3741,0.0066,329
21,features.15,953,pruned_before,nan,0.000000e+00,0.000000e+00,0.0000,0.0000,0
21,features.15,954,active,-0.012299,2.486227e-08,2.908952e-07,0.0453,0.0019,329
21,features.15,955,active,-0.087809,1.645879e-07,4.967804e-07,0.3001,0.0032,329
21,features.15,956,pruned_before,nan,0.000000e+00,0.000000e+00,0.0000,0.0000,0
21,features.15,957,pruned_before,nan,0.000000e+00,0.000000e+00,0.0000,0.0000,0
21,features.15,958,active,-0.040983,9.773488e-08,2.791263e-06,0.1782,0.0178,329
21,features.15,959,active,-0.008128,1.698993e-08,2.607467e-07,0.0310,0.0017,329
21,features.16,0,active,-0.081299,3.490395e-07,1.643815e-06,0.2750,0.0017,329
21,features.16,1,active,-0.042048,1.782761e-07,1.252480e-07,0.1405,0.0001,329
21,features.16,2,active,-0.018753,8.192997e-08,8.372689e-07,0.0646,0.0009,329
21,features.16,3,active,-0.073375,3.106449e-07,7.161573e-08,0.2448,0.0001,329
21,features.16,4,active,-0.040813,1.728879e-07,7.187922e-08,0.1362,0.0001,329
21,features.16,5,active,-0.094299,3.996826e-07,2.384331e-07,0.3149,0.0002,329
21,features.16,6,active,-0.003951,1.697999e-08,8.593642e-08,0.0134,0.0001,329
21,features.16,7,active,-0.024785,1.055898e-07,2.372505e-07,0.0832,0.0002,329
21,features.16,8,pruned_before,nan,0.000000e+00,0.000000e+00,0.0000,0.0000,0
21,features.16,9,active,-0.094743,4.033193e-07,8.054573e-07,0.3178,0.0008,329
21,features.16,10,pruned_before,nan,0.000000e+00,0.000000e+00,0.0000,0.0000,0
21,features.16,11,pruned_before,nan,0.000000e+00,0.000000e+00,0.0000,0.0000,0
21,features.16,12,active,-0.001183,5.890047e-09,2.861923e-07,0.0046,0.0003,329
21,features.16,13,active,-0.040213,1.752863e-07,1.664881e-06,0.1381,0.0017,329
21,features.16,14,pruned_before,nan,0.000000e+00,0.000000e+00,0.0000,0.0000,0
21,features.16,15,active,-0.029327,1.248021e-07,2.358353e-07,0.0983,0.0002,329
21,features.16,16,pruned_before,nan,0.000000e+00,0.000000e+00,0.0000,0.0000,0
21,features.16,17,pruned_before,nan,0.000000e+00,0.000000e+00,0.0000,0.0000,0
21,features.16,18,active,-0.018029,7.676009e-08,1.563502e-07,0.0605,0.0002,329
21,features.16,19,pruned_before,nan,0.000000e+00,0.000000e+00,0.0000,0.0000,0
21,features.16,20,pruned_before,nan,0.000000e+00,0.000000e+00,0.0000,0.0000,0
21,features.16,21,active,-0.000548,1.194460e-08,3.106215e-06,0.0094,0.0033,329
21,features.16,22,active,-0.004503,1.961198e-08,1.805965e-07,0.0155,0.0002,329
21,features.16,23,active,-0.008770,3.853217e-08,4.607725e-07,0.0304,0.0005,329
21,features.16,24,pruned_before,nan,0.000000e+00,0.000000e+00,0.0000,0.0000,0
21,features.16,25,active,-0.039312,1.664866e-07,5.536094e-08,0.1312,0.0001,329
21,features.16,26,pruned_before,nan,0.000000e+00,0.000000e+00,0.0000,0.0000,0
21,features.16,27,active,-0.087838,3.723300e-07,2.321302e-07,0.2934,0.0002,329
21,features.16,28,pruned_before,nan,0.000000e+00,0.000000e+00,0.0000,0.0000,0
21,features.16,29,active,-0.040335,1.727346e-07,6.746646e-07,0.1361,0.0007,329
21,features.16,30,pruned_before,nan,0.000000e+00,0.000000e+00,0.0000,0.0000,0
21,features.16,31,pruned_before,nan,0.000000e+00,0.000000e+00,0.0000,0.0000,0
21,features.16,32,active,-0.004302,2.025876e-08,6.640835e-07,0.0160,0.0007,329
21,features.16,33,pruned_before,nan,0.000000e+00,0.000000e+00,0.0000,0.0000,0
21,features.16,34,active,-0.007111,3.236840e-08,7.366704e-07,0.0255,0.0008,329
21,features.16,35,active,-0.036148,1.613031e-07,2.701906e-06,0.1271,0.0028,329
21,features.16,36,pruned_before,nan,0.000000e+00,0.000000e+00,0.0000,0.0000,0
21,features.16,37,active,-0.019386,8.219919e-08,5.962065e-08,0.0648,0.0001,329
21,features.16,38,active,-0.002032,1.500262e-08,2.067448e-06,0.0118,0.0022,329
21,features.16,39,pruned_before,nan,0.000000e+00,0.000000e+00,0.0000,0.0000,0
21,features.16,40,active,-0.035773,1.516373e-07,9.479398e-08,0.1195,0.0001,329
21,features.16,41,pruned_before,nan,0.000000e+00,0.000000e+00,0.0000,0.0000,0
21,features.16,42,pruned_before,nan,0.000000e+00,0.000000e+00,0.0000,0.0000,0
21,features.16,43,pruned_before,nan,0.000000e+00,0.000000e+00,0.0000,0.0000,0
21,features.16,44,active,-0.041478,1.755415e-07,1.974746e-08,0.1383,0.0000,329
21,features.16,45,active,-0.006757,2.860146e-08,5.325156e-09,0.0225,0.0000,329
21,features.16,46,active,-0.040507,1.755473e-07,1.347135e-06,0.1383,0.0014,329
21,features.16,47,pruned_before,nan,0.000000e+00,0.000000e+00,0.0000,0.0000,0
21,features.16,48,pruned_before,nan,0.000000e+00,0.000000e+00,0.0000,0.0000,0
21,features.16,49,pruned_before,nan,0.000000e+00,0.000000e+00,0.0000,0.0000,0
21,features.16,50,pruned_before,nan,0.000000e+00,0.000000e+00,0.0000,0.0000,0
21,features.16,51,pruned_before,nan,0.000000e+00,0.000000e+00,0.0000,0.0000,0
21,features.16,52,active,-0.068432,2.898262e-07,1.015516e-07,0.2284,0.0001,329
21,features.16,53,pruned_before,nan,0.000000e+00,0.000000e+00,0.0000,0.0000,0
21,features.16,54,pruned_before,nan,0.000000e+00,0.000000e+00,0.0000,0.0000,0
21,features.16,55,active,-0.011206,5.025755e-08,9.189377e-07,0.0396,0.0010,329
21,features.16,56,active,-0.002689,1.417799e-08,9.047210e-07,0.0112,0.0009,329
21,features.16,57,pruned_before,nan,0.000000e+00,0.000000e+00,0.0000,0.0000,0
21,features.16,58,pruned_before,nan,0.000000e+00,0.000000e+00,0.0000,0.0000,0
21,features.16,59,active,-0.015922,6.789980e-08,1.747909e-07,0.0535,0.0002,329
21,features.16,60,pruned_before,nan,0.000000e+00,0.000000e+00,0.0000,0.0000,0
21,features.16,61,active,-0.046719,1.979910e-07,1.091480e-07,0.1560,0.0001,329
21,features.16,62,pruned_before,nan,0.000000e+00,0.000000e+00,0.0000,0.0000,0
21,features.16,63,pruned_before,nan,0.000000e+00,0.000000e+00,0.0000,0.0000,0
21,features.16,64,active,-0.051566,2.183292e-07,5.585157e-08,0.1720,0.0001,329
21,features.16,65,active,-0.018133,8.747714e-08,3.472313e-06,0.0689,0.0036,329
21,features.16,66,pruned_before,nan,0.000000e+00,0.000000e+00,0.0000,0.0000,0
21,features.16,67,active,-0.053307,2.261912e-07,2.154831e-07,0.1782,0.0002,329
21,features.16,68,pruned_before,nan,0.000000e+00,0.000000e+00,0.0000,0.0000,0
21,features.16,69,pruned_before,nan,0.000000e+00,0.000000e+00,0.0000,0.0000,0
21,features.16,70,pruned_before,nan,0.000000e+00,0.000000e+00,0.0000,0.0000,0
21,features.16,71,active,-0.019872,9.866589e-08,4.709123e-06,0.0777,0.0049,329
21,features.16,72,pruned_before,nan,0.000000e+00,0.000000e+00,0.0000,0.0000,0
21,features.16,73,active,-0.037990,1.607885e-07,2.196881e-08,0.1267,0.0000,329
21,features.16,74,active,-0.030205,1.284749e-07,2.225390e-07,0.1012,0.0002,329
21,features.16,75,pruned_before,nan,0.000000e+00,0.000000e+00,0.0000,0.0000,0
21,features.16,76,active,-0.020144,8.528555e-08,2.085078e-08,0.0672,0.0000,329
21,features.16,77,active,-0.046687,1.998142e-07,7.414201e-07,0.1574,0.0008,329
21,features.16,78,active,-0.019240,8.147398e-08,2.413147e-08,0.0642,0.0000,329
21,features.16,79,pruned_before,nan,0.000000e+00,0.000000e+00,0.0000,0.0000,0
21,features.16,80,active,0.000000,0.000000e+00,0.000000e+00,0.0000,0.0000,329
21,features.16,81,active,-0.015509,6.634986e-08,2.384258e-07,0.0523,0.0002,329
21,features.16,82,pruned_before,nan,0.000000e+00,0.000000e+00,0.0000,0.0000,0
21,features.16,83,active,-0.013567,5.750641e-08,3.505581e-08,0.0453,0.0000,329
21,features.16,84,pruned_before,nan,0.000000e+00,0.000000e+00,0.0000,0.0000,0
21,features.16,85,active,-0.018947,8.025151e-08,3.013263e-08,0.0632,0.0000,329
21,features.16,86,pruned_before,nan,0.000000e+00,0.000000e+00,0.0000,0.0000,0
21,features.16,87,pruned_before,nan,0.000000e+00,0.000000e+00,0.0000,0.0000,0
21,features.16,88,pruned_before,nan,0.000000e+00,0.000000e+00,0.0000,0.0000,0
21,features.16,89,active,-0.011609,5.001993e-08,2.924278e-07,0.0394,0.0003,329
21,features.16,90,active,-0.006669,2.839547e-08,5.798475e-08,0.0224,0.0001,329
21,features.16,91,pruned_before,nan,0.000000e+00,0.000000e+00,0.0000,0.0000,0
21,features.16,92,active,-0.037280,1.583273e-07,1.967458e-07,0.1247,0.0002,329
21,features.16,93,pruned_before,nan,0.000000e+00,0.000000e+00,0.0000,0.0000,0
21,features.16,94,pruned_before,nan,0.000000e+00,0.000000e+00,0.0000,0.0000,0
21,features.16,95,active,-0.015842,6.752886e-08,1.640172e-07,0.0532,0.0002,329
21,features.16,96,active,-0.067596,2.866564e-07,2.196994e-07,0.2259,0.0002,329
21,features.16,97,active,-0.014125,6.007372e-08,1.022406e-07,0.0473,0.0001,329
21,features.16,98,active,-0.006460,2.773286e-08,1.301130e-07,0.0219,0.0001,329
21,features.16,99,active,-0.075795,3.211325e-07,1.526893e-07,0.2530,0.0002,329
21,features.16,100,pruned_before,nan,0.000000e+00,0.000000e+00,0.0000,0.0000,0
21,features.16,101,active,-0.017904,7.589343e-08,4.739861e-08,0.0598,0.0000,329
21,features.16,102,pruned_before,nan,0.000000e+00,0.000000e+00,0.0000,0.0000,0
21,features.16,103,pruned_before,nan,0.000000e+00,0.000000e+00,0.0000,0.0000,0
21,features.16,104,pruned_before,nan,0.000000e+00,0.000000e+00,0.0000,0.0000,0
21,features.16,105,pruned_before,nan,0.000000e+00,0.000000e+00,0.0000,0.0000,0
21,features.16,106,pruned_before,nan,0.000000e+00,0.000000e+00,0.0000,0.0000,0
21,features.16,107,pruned_before,nan,0.000000e+00,0.000000e+00,0.0000,0.0000,0
21,features.16,108,active,-0.021068,9.028486e-08,3.726580e-07,0.0711,0.0004,329
21,features.16,109,active,-0.017036,7.258917e-08,1.661756e-07,0.0572,0.0002,329
21,features.16,110,pruned_before,nan,0.000000e+00,0.000000e+00,0.0000,0.0000,0
21,features.16,111,pruned_before,nan,0.000000e+00,0.000000e+00,0.0000,0.0000,0
21,features.16,112,pruned_before,nan,0.000000e+00,0.000000e+00,0.0000,0.0000,0
21,features.16,113,pruned_before,nan,0.000000e+00,0.000000e+00,0.0000,0.0000,0
21,features.16,114,pruned_before,nan,0.000000e+00,0.000000e+00,0.0000,0.0000,0
21,features.16,115,pruned_before,nan,0.000000e+00,0.000000e+00,0.0000,0.0000,0
21,features.16,116,pruned_before,nan,0.000000e+00,0.000000e+00,0.0000,0.0000,0
21,features.16,117,active,-0.037820,1.682229e-07,2.652627e-06,0.1325,0.0028,329
21,features.16,118,active,-0.095712,4.070753e-07,6.948061e-07,0.3207,0.0007,329
21,features.16,119,active,-0.050791,2.155047e-07,2.024654e-07,0.1698,0.0002,329
21,features.16,120,pruned_before,nan,0.000000e+00,0.000000e+00,0.0000,0.0000,0
21,features.16,121,active,-0.051745,2.199208e-07,3.246154e-07,0.1733,0.0003,329
21,features.16,122,pruned_before,nan,0.000000e+00,0.000000e+00,0.0000,0.0000,0
21,features.16,123,active,-0.012907,5.485233e-08,8.028084e-08,0.0432,0.0001,329
21,features.16,124,active,-0.026369,1.121941e-07,2.053835e-07,0.0884,0.0002,329
21,features.16,125,active,-0.025731,1.107516e-07,6.107134e-07,0.0873,0.0006,329
21,features.16,126,pruned_before,nan,0.000000e+00,0.000000e+00,0.0000,0.0000,0
21,features.16,127,active,-0.004558,2.055306e-08,4.103784e-07,0.0162,0.0004,329
21,features.16,128,pruned_before,nan,0.000000e+00,0.000000e+00,0.0000,0.0000,0
21,features.16,129,pruned_before,nan,0.000000e+00,0.000000e+00,0.0000,0.0000,0
21,features.16,130,active,-0.046231,1.961780e-07,1.914844e-07,0.1546,0.0002,329
21,features.16,131,active,-0.019816,8.413764e-08,9.726084e-08,0.0663,0.0001,329
21,features.16,132,pruned_before,nan,0.000000e+00,0.000000e+00,0.0000,0.0000,0
21,features.16,133,active,-0.038543,1.633447e-07,9.130937e-08,0.1287,0.0001,329
21,features.16,134,active,-0.007946,4.666382e-08,4.210292e-06,0.0368,0.0044,329
21,features.16,135,pruned_before,nan,0.000000e+00,0.000000e+00,0.0000,0.0000,0
21,features.16,136,active,-0.047661,2.032959e-07,5.359934e-07,0.1602,0.0006,329
21,features.16,137,active,-0.053225,2.272964e-07,6.847243e-07,0.1791,0.0007,329
21,features.16,138,active,-0.008049,3.424147e-08,6.161564e-08,0.0270,0.0001,329
21,features.16,139,active,-0.050361,2.131904e-07,4.220668e-08,0.1680,0.0000,329
21,features.16,140,active,-0.036088,1.527504e-07,2.447245e-08,0.1204,0.0000,329
21,features.16,141,active,-0.014196,6.007566e-08,5.555307e-09,0.0473,0.0000,329
21,features.16,142,pruned_before,nan,0.000000e+00,0.000000e+00,0.0000,0.0000,0
21,features.16,143,active,-0.062775,2.658533e-07,8.882568e-08,0.2095,0.0001,329
21,features.16,144,pruned_before,nan,0.000000e+00,0.000000e+00,0.0000,0.0000,0
21,features.16,145,active,-0.007342,3.279332e-08,5.581922e-07,0.0258,0.0006,329
21,features.16,146,active,-0.039133,1.666188e-07,3.428926e-07,0.1313,0.0004,329
21,features.16,147,pruned_before,nan,0.000000e+00,0.000000e+00,0.0000,0.0000,0
21,features.16,148,pruned_before,nan,0.000000e+00,0.000000e+00,0.0000,0.0000,0
21,features.16,149,active,-0.004911,2.161637e-08,2.715249e-07,0.0170,0.0003,329
21,features.16,150,pruned_before,nan,0.000000e+00,0.000000e+00,0.0000,0.0000,0
21,features.16,151,pruned_before,nan,0.000000e+00,0.000000e+00,0.0000,0.0000,0
21,features.16,152,active,-0.043297,1.835008e-07,1.061578e-07,0.1446,0.0001,329
21,features.16,153,active,-0.035178,1.578297e-07,2.905723e-06,0.1244,0.0030,329
21,features.16,154,active,-0.048209,2.041182e-07,5.264270e-08,0.1608,0.0001,329
21,features.16,155,pruned_before,nan,0.000000e+00,0.000000e+00,0.0000,0.0000,0
21,features.16,156,pruned_before,nan,0.000000e+00,0.000000e+00,0.0000,0.0000,0
21,features.16,157,pruned_before,nan,0.000000e+00,0.000000e+00,0.0000,0.0000,0
21,features.16,158,active,-0.009460,4.005422e-08,9.995734e-09,0.0316,0.0000,329
21,features.16,159,active,-0.012521,5.335793e-08,1.252722e-07,0.0420,0.0001,329
21,features.16,160,pruned_before,nan,0.000000e+00,0.000000e+00,0.0000,0.0000,0
21,features.16,161,active,-0.017537,7.441463e-08,7.153431e-08,0.0586,0.0001,329
21,features.16,162,pruned_now,-0.147651,6.261495e-07,4.814927e-07,0.4933,0.0005,329
21,features.16,163,pruned_before,nan,0.000000e+00,0.000000e+00,0.0000,0.0000,0
21,features.16,164,active,-0.004008,1.756196e-08,1.955311e-07,0.0138,0.0002,329
21,features.16,165,pruned_before,nan,0.000000e+00,0.000000e+00,0.0000,0.0000,0
21,features.16,166,pruned_before,nan,0.000000e+00,0.000000e+00,0.0000,0.0000,0
21,features.16,167,pruned_before,nan,0.000000e+00,0.000000e+00,0.0000,0.0000,0
21,features.16,168,pruned_before,nan,0.000000e+00,0.000000e+00,0.0000,0.0000,0
21,features.16,169,active,-0.039003,1.652820e-07,8.792532e-08,0.1302,0.0001,329
21,features.16,170,pruned_before,nan,0.000000e+00,0.000000e+00,0.0000,0.0000,0
21,features.16,171,pruned_before,nan,0.000000e+00,0.000000e+00,0.0000,0.0000,0
21,features.16,172,pruned_before,nan,0.000000e+00,0.000000e+00,0.0000,0.0000,0
21,features.16,173,pruned_before,nan,0.000000e+00,0.000000e+00,0.0000,0.0000,0
21,features.16,174,pruned_before,nan,0.000000e+00,0.000000e+00,0.0000,0.0000,0
21,features.16,175,active,-0.057202,2.444941e-07,8.047417e-07,0.1926,0.0008,329
21,features.16,176,pruned_before,nan,0.000000e+00,0.000000e+00,0.0000,0.0000,0
21,features.16,177,pruned_before,nan,0.000000e+00,0.000000e+00,0.0000,0.0000,0
21,features.16,178,pruned_before,nan,0.000000e+00,0.000000e+00,0.0000,0.0000,0
21,features.16,179,active,-0.017230,7.726326e-08,1.409326e-06,0.0609,0.0015,329
21,features.16,180,active,-0.002543,1.101833e-08,8.421200e-08,0.0087,0.0001,329
21,features.16,181,pruned_before,nan,0.000000e+00,0.000000e+00,0.0000,0.0000,0
21,features.16,182,pruned_before,nan,0.000000e+00,0.000000e+00,0.0000,0.0000,0
21,features.16,183,pruned_before,nan,0.000000e+00,0.000000e+00,0.0000,0.0000,0
21,features.16,184,pruned_before,nan,0.000000e+00,0.000000e+00,0.0000,0.0000,0
21,features.16,185,active,-0.068648,2.905603e-07,4.412521e-08,0.2289,0.0000,329
21,features.16,186,pruned_before,nan,0.000000e+00,0.000000e+00,0.0000,0.0000,0
21,features.16,187,pruned_before,nan,0.000000e+00,0.000000e+00,0.0000,0.0000,0
21,features.16,188,active,-0.068440,2.895811e-07,1.243767e-08,0.2282,0.0000,329
21,features.16,189,pruned_before,nan,0.000000e+00,0.000000e+00,0.0000,0.0000,0
21,features.16,190,active,-0.054654,2.363239e-07,1.646818e-06,0.1862,0.0017,329
21,features.16,191,pruned_before,nan,0.000000e+00,0.000000e+00,0.0000,0.0000,0
21,features.16,192,pruned_before,nan,0.000000e+00,0.000000e+00,0.0000,0.0000,0
21,features.16,193,pruned_before,nan,0.000000e+00,0.000000e+00,0.0000,0.0000,0
21,features.16,194,pruned_before,nan,0.000000e+00,0.000000e+00,0.0000,0.0000,0
21,features.16,195,active,-0.006480,2.816134e-08,2.410299e-07,0.0222,0.0003,329
21,features.16,196,pruned_before,nan,0.000000e+00,0.000000e+00,0.0000,0.0000,0
21,features.16,197,active,-0.017357,7.383055e-08,1.286786e-07,0.0582,0.0001,329
21,features.16,198,active,-0.001932,8.838925e-09,2.140383e-07,0.0070,0.0002,329
21,features.16,199,pruned_before,nan,0.000000e+00,0.000000e+00,0.0000,0.0000,0
21,features.16,200,active,-0.032365,1.369741e-07,1.586044e-08,0.1079,0.0000,329
21,features.16,201,active,-0.036759,1.563671e-07,2.753846e-07,0.1232,0.0003,329
21,features.16,202,active,-0.018662,7.915703e-08,6.594760e-08,0.0624,0.0001,329
21,features.16,203,active,-0.034864,1.477720e-07,8.866101e-08,0.1164,0.0001,329
21,features.16,204,active,-0.019479,8.314301e-08,2.373214e-07,0.0655,0.0002,329
21,features.16,205,pruned_before,nan,0.000000e+00,0.000000e+00,0.0000,0.0000,0
21,features.16,206,active,-0.019036,8.071049e-08,5.669952e-08,0.0636,0.0001,329
21,features.16,207,active,-0.004071,1.745900e-08,7.686006e-08,0.0138,0.0001,329
21,features.16,208,active,-0.002521,1.098997e-08,1.042995e-07,0.0087,0.0001,329
21,features.16,209,active,-0.019207,8.158345e-08,1.045218e-07,0.0643,0.0001,329
21,features.16,210,active,-0.014840,6.359698e-08,2.633307e-07,0.0501,0.0003,329
21,features.16,211,active,-0.074865,3.192759e-07,8.226633e-07,0.2516,0.0009,329
21,features.16,212,pruned_before,nan,0.000000e+00,0.000000e+00,0.0000,0.0000,0
21,features.16,213,pruned_before,nan,0.000000e+00,0.000000e+00,0.0000,0.0000,0
21,features.16,214,pruned_before,nan,0.000000e+00,0.000000e+00,0.0000,0.0000,0
21,features.16,215,pruned_before,nan,0.000000e+00,0.000000e+00,0.0000,0.0000,0
21,features.16,216,pruned_before,nan,0.000000e+00,0.000000e+00,0.0000,0.0000,0
21,features.16,217,active,-0.038362,1.626824e-07,1.245108e-07,0.1282,0.0001,329
21,features.16,218,pruned_before,nan,0.000000e+00,0.000000e+00,0.0000,0.0000,0
21,features.16,219,pruned_before,nan,0.000000e+00,0.000000e+00,0.0000,0.0000,0
21,features.16,220,active,-0.046816,1.983349e-07,8.761877e-08,0.1563,0.0001,329
21,features.16,221,active,-0.014114,6.092778e-08,3.928357e-07,0.0480,0.0004,329
21,features.16,222,active,-0.031739,1.351666e-07,2.868936e-07,0.1065,0.0003,329
21,features.16,223,pruned_before,nan,0.000000e+00,0.000000e+00,0.0000,0.0000,0
21,features.16,224,active,-0.001673,7.635694e-09,1.802212e-07,0.0060,0.0002,329
21,features.16,225,pruned_before,nan,0.000000e+00,0.000000e+00,0.0000,0.0000,0
21,features.16,226,pruned_before,nan,0.000000e+00,0.000000e+00,0.0000,0.0000,0
21,features.16,227,pruned_before,nan,0.000000e+00,0.000000e+00,0.0000,0.0000,0
21,features.16,228,pruned_before,nan,0.000000e+00,0.000000e+00,0.0000,0.0000,0
21,features.16,229,active,-0.016506,7.340045e-08,1.151197e-06,0.0578,0.0012,329
21,features.16,230,active,-0.035129,1.510164e-07,7.745617e-07,0.1190,0.0008,329
21,features.16,231,active,-0.059120,2.504557e-07,1.100702e-07,0.1973,0.0001,329
21,features.16,232,active,-0.009724,4.713167e-08,1.933289e-06,0.0371,0.0020,329
21,features.16,233,pruned_before,nan,0.000000e+00,0.000000e+00,0.0000,0.0000,0
21,features.16,234,pruned_before,nan,0.000000e+00,0.000000e+00,0.0000,0.0000,0
21,features.16,235,pruned_before,nan,0.000000e+00,0.000000e+00,0.0000,0.0000,0
21,features.16,236,pruned_before,nan,0.000000e+00,0.000000e+00,0.0000,0.0000,0
21,features.16,237,pruned_before,nan,0.000000e+00,0.000000e+00,0.0000,0.0000,0
21,features.16,238,active,-0.024739,1.050254e-07,1.179045e-07,0.0827,0.0001,329
21,features.16,239,active,-0.069308,2.933988e-07,5.807360e-08,0.2312,0.0001,329
21,features.16,240,active,-0.006454,2.746935e-08,5.310291e-08,0.0216,0.0001,329
21,features.16,241,pruned_before,nan,0.000000e+00,0.000000e+00,0.0000,0.0000,0
21,features.16,242,pruned_before,nan,0.000000e+00,0.000000e+00,0.0000,0.0000,0
21,features.16,243,pruned_before,nan,0.000000e+00,0.000000e+00,0.0000,0.0000,0
21,features.16,244,active,-0.024601,1.053021e-07,3.951281e-07,0.0830,0.0004,329
21,features.16,245,active,-0.006735,2.921861e-08,2.345429e-07,0.0230,0.0002,329
21,features.16,246,active,-0.006816,2.910735e-08,8.758833e-08,0.0229,0.0001,329
21,features.16,247,pruned_before,nan,0.000000e+00,0.000000e+00,0.0000,0.0000,0
21,features.16,248,active,-0.078153,3.309404e-07,9.817027e-08,0.2607,0.0001,329
21,features.16,249,active,-0.007481,3.523746e-08,1.157904e-06,0.0278,0.0012,329
21,features.16,250,active,-0.038970,1.715932e-07,2.170703e-06,0.1352,0.0023,329
21,features.16,251,active,-0.010418,4.516960e-08,3.538367e-07,0.0356,0.0004,329
21,features.16,252,active,-0.013337,5.747654e-08,3.390911e-07,0.0453,0.0004,329
21,features.16,253,pruned_before,nan,0.000000e+00,0.000000e+00,0.0000,0.0000,0
21,features.16,254,pruned_before,nan,0.000000e+00,0.000000e+00,0.0000,0.0000,0
21,features.16,255,pruned_before,nan,0.000000e+00,0.000000e+00,0.0000,0.0000,0
21,features.16,256,active,-0.011387,4.923873e-08,3.439455e-07,0.0388,0.0004,329
21,features.16,257,active,-0.014820,6.310702e-08,1.313718e-07,0.0497,0.0001,329
21,features.16,258,pruned_before,nan,0.000000e+00,0.000000e+00,0.0000,0.0000,0
21,features.16,259,pruned_before,nan,0.000000e+00,0.000000e+00,0.0000,0.0000,0
21,features.16,260,active,-0.018865,9.826842e-08,5.955299e-06,0.0774,0.0062,329
21,features.16,261,active,-0.009720,4.142453e-08,9.740603e-08,0.0326,0.0001,329
21,features.16,262,active,-0.041523,1.764589e-07,2.555812e-07,0.1390,0.0003,329
21,features.16,263,pruned_before,nan,0.000000e+00,0.000000e+00,0.0000,0.0000,0
21,features.16,264,pruned_before,nan,0.000000e+00,0.000000e+00,0.0000,0.0000,0
21,features.16,265,active,-0.037516,1.601526e-07,4.635959e-07,0.1262,0.0005,329
21,features.16,266,pruned_before,nan,0.000000e+00,0.000000e+00,0.0000,0.0000,0
21,features.16,267,pruned_before,nan,0.000000e+00,0.000000e+00,0.0000,0.0000,0
21,features.16,268,pruned_before,nan,0.000000e+00,0.000000e+00,0.0000,0.0000,0
21,features.16,269,pruned_before,nan,0.000000e+00,0.000000e+00,0.0000,0.0000,0
21,features.16,270,pruned_before,nan,0.000000e+00,0.000000e+00,0.0000,0.0000,0
21,features.16,271,pruned_before,nan,0.000000e+00,0.000000e+00,0.0000,0.0000,0
21,features.16,272,pruned_before,nan,0.000000e+00,0.000000e+00,0.0000,0.0000,0
21,features.16,273,pruned_before,nan,0.000000e+00,0.000000e+00,0.0000,0.0000,0
21,features.16,274,pruned_before,nan,0.000000e+00,0.000000e+00,0.0000,0.0000,0
21,features.16,275,pruned_before,nan,0.000000e+00,0.000000e+00,0.0000,0.0000,0
21,features.16,276,active,-0.021976,9.432450e-08,4.366891e-07,0.0743,0.0005,329
21,features.16,277,active,-0.036674,1.553093e-07,5.056203e-08,0.1224,0.0001,329
21,features.16,278,active,-0.031291,1.346412e-07,7.287410e-07,0.1061,0.0008,329
21,features.16,279,active,-0.008593,3.650322e-08,4.827228e-08,0.0288,0.0001,329
21,features.16,280,pruned_before,nan,0.000000e+00,0.000000e+00,0.0000,0.0000,0
21,features.16,281,active,-0.088967,3.822243e-07,1.883779e-06,0.3012,0.0020,329
21,features.16,282,pruned_before,nan,0.000000e+00,0.000000e+00,0.0000,0.0000,0
21,features.16,283,pruned_before,nan,0.000000e+00,0.000000e+00,0.0000,0.0000,0
21,features.16,284,pruned_before,nan,0.000000e+00,0.000000e+00,0.0000,0.0000,0
21,features.16,285,active,-0.002786,1.266613e-08,2.839172e-07,0.0100,0.0003,329
21,features.16,286,active,-0.008867,5.388792e-08,5.283141e-06,0.0425,0.0055,329
21,features.16,287,pruned_before,nan,0.000000e+00,0.000000e+00,0.0000,0.0000,0
21,features.16,288,active,-0.051631,2.201230e-07,5.458699e-07,0.1734,0.0006,329
21,features.16,289,pruned_before,nan,0.000000e+00,0.000000e+00,0.0000,0.0000,0
21,features.16,290,active,-0.068604,2.949177e-07,1.509754e-06,0.2324,0.0016,329
21,features.16,291,pruned_before,nan,0.000000e+00,0.000000e+00,0.0000,0.0000,0
21,features.16,292,active,-0.008337,3.536520e-08,3.000378e-08,0.0279,0.0000,329
21,features.16,293,pruned_before,nan,0.000000e+00,0.000000e+00,0.0000,0.0000,0
21,features.16,294,active,-0.001875,8.147063e-09,6.925126e-08,0.0064,0.0001,329
21,features.16,295,pruned_before,nan,0.000000e+00,0.000000e+00,0.0000,0.0000,0
21,features.16,296,pruned_before,nan,0.000000e+00,0.000000e+00,0.0000,0.0000,0
21,features.16,297,active,-0.002987,1.282700e-08,6.123155e-08,0.0101,0.0001,329
21,features.16,298,pruned_before,nan,0.000000e+00,0.000000e+00,0.0000,0.0000,0
21,features.16,299,pruned_before,nan,0.000000e+00,0.000000e+00,0.0000,0.0000,0
21,features.16,300,pruned_before,nan,0.000000e+00,0.000000e+00,0.0000,0.0000,0
21,features.16,301,pruned_before,nan,0.000000e+00,0.000000e+00,0.0000,0.0000,0
21,features.16,302,active,-0.017865,7.814046e-08,8.266200e-07,0.0616,0.0009,329
21,features.16,303,pruned_before,nan,0.000000e+00,0.000000e+00,0.0000,0.0000,0
21,features.16,304,pruned_before,nan,0.000000e+00,0.000000e+00,0.0000,0.0000,0
21,features.16,305,active,-0.021990,9.328118e-08,8.033754e-08,0.0735,0.0001,329
21,features.16,306,active,-0.022711,1.046738e-07,2.772994e-06,0.0825,0.0029,329
21,features.16,307,pruned_before,nan,0.000000e+00,0.000000e+00,0.0000,0.0000,0
21,features.16,308,active,-0.000819,8.740521e-09,1.701931e-06,0.0069,0.0018,329
21,features.16,309,active,-0.091242,3.863859e-07,1.208322e-07,0.3044,0.0001,329
21,features.16,310,active,-0.038845,1.647391e-07,1.294808e-07,0.1298,0.0001,329
21,features.16,311,pruned_before,nan,0.000000e+00,0.000000e+00,0.0000,0.0000,0
21,features.16,312,active,-0.025833,1.093896e-07,3.182057e-08,0.0862,0.0000,329
21,features.16,313,active,-0.010558,4.498406e-08,1.027447e-07,0.0354,0.0001,329
21,features.16,314,active,-0.007225,3.642547e-08,1.890941e-06,0.0287,0.0020,329
21,features.16,315,active,-0.021221,8.997070e-08,6.192037e-08,0.0709,0.0001,329
21,features.16,316,active,-0.004691,2.049317e-08,2.083328e-07,0.0161,0.0002,329
21,features.16,317,pruned_before,nan,0.000000e+00,0.000000e+00,0.0000,0.0000,0
21,features.16,318,pruned_before,nan,0.000000e+00,0.000000e+00,0.0000,0.0000,0
21,features.16,319,active,-0.006163,2.622303e-08,4.766711e-08,0.0207,0.0000,329
21,features.16,320,pruned_before,nan,0.000000e+00,0.000000e+00,0.0000,0.0000,0
21,features.16,321,pruned_before,nan,0.000000e+00,0.000000e+00,0.0000,0.0000,0
21,features.16,322,active,-0.028346,1.227392e-07,9.092956e-07,0.0967,0.0010,329
21,features.16,323,pruned_before,nan,0.000000e+00,0.000000e+00,0.0000,0.0000,0
21,features.16,324,pruned_before,nan,0.000000e+00,0.000000e+00,0.0000,0.0000,0
21,features.16,325,pruned_before,nan,0.000000e+00,0.000000e+00,0.0000,0.0000,0
21,features.16,326,active,-0.049608,2.127078e-07,9.144417e-07,0.1676,0.0010,329
21,features.16,327,active,-0.001598,6.777667e-09,5.576071e-09,0.0053,0.0000,329
21,features.16,328,active,-0.041698,1.772866e-07,2.830125e-07,0.1397,0.0003,329
21,features.16,329,pruned_before,nan,0.000000e+00,0.000000e+00,0.0000,0.0000,0
21,features.16,330,active,-0.055858,2.367577e-07,1.431640e-07,0.1865,0.0001,329
21,features.16,331,active,-0.011297,4.785442e-08,1.909073e-08,0.0377,0.0000,329
21,features.16,332,active,-0.059171,2.507986e-07,1.508808e-07,0.1976,0.0002,329
21,features.16,333,active,-0.081286,3.443601e-07,1.507605e-07,0.2713,0.0002,329
21,features.16,334,pruned_before,nan,0.000000e+00,0.000000e+00,0.0000,0.0000,0
21,features.16,335,pruned_now,-0.157070,6.652367e-07,2.354736e-07,0.5241,0.0002,329
21,features.16,336,pruned_before,nan,0.000000e+00,0.000000e+00,0.0000,0.0000,0
21,features.16,337,pruned_before,nan,0.000000e+00,0.000000e+00,0.0000,0.0000,0
21,features.16,338,pruned_before,nan,0.000000e+00,0.000000e+00,0.0000,0.0000,0
21,features.16,339,active,-0.072501,3.073798e-07,2.109029e-07,0.2422,0.0002,329
21,features.16,340,active,-0.007083,3.101245e-08,3.378348e-07,0.0244,0.0004,329
21,features.16,341,active,-0.007012,2.981142e-08,4.746419e-08,0.0235,0.0000,329
21,features.16,342,active,-0.029013,1.228252e-07,2.604501e-08,0.0968,0.0000,329
21,features.16,343,active,-0.071167,3.025193e-07,4.634869e-07,0.2384,0.0005,329
21,features.16,344,active,-0.024009,1.038831e-07,7.449016e-07,0.0818,0.0008,329
21,features.16,345,pruned_before,nan,0.000000e+00,0.000000e+00,0.0000,0.0000,0
21,features.16,346,active,-0.018921,9.369659e-08,4.403594e-06,0.0738,0.0046,329
21,features.16,347,active,-0.008456,3.582220e-08,1.539920e-08,0.0282,0.0000,329
21,features.16,348,active,0.000000,0.000000e+00,0.000000e+00,0.0000,0.0000,329
21,features.16,349,active,-0.014091,6.711738e-08,2.421111e-06,0.0529,0.0025,329
21,features.16,350,active,-0.025227,1.071001e-07,1.200752e-07,0.0844,0.0001,329
21,features.16,351,pruned_before,nan,0.000000e+00,0.000000e+00,0.0000,0.0000,0
21,features.16,352,active,-0.035598,1.508003e-07,6.452377e-08,0.1188,0.0001,329
21,features.16,353,pruned_before,nan,0.000000e+00,0.000000e+00,0.0000,0.0000,0
21,features.16,354,active,-0.007596,3.323633e-08,3.545526e-07,0.0262,0.0004,329
21,features.16,355,pruned_before,nan,0.000000e+00,0.000000e+00,0.0000,0.0000,0
21,features.16,356,active,-0.006155,3.567379e-08,3.108409e-06,0.0281,0.0033,329
21,features.16,357,pruned_before,nan,0.000000e+00,0.000000e+00,0.0000,0.0000,0
21,features.16,358,pruned_before,nan,0.000000e+00,0.000000e+00,0.0000,0.0000,0
21,features.16,359,pruned_now,-0.184055,7.828115e-07,1.336176e-06,0.6168,0.0014,329
21,features.16,360,pruned_before,nan,0.000000e+00,0.000000e+00,0.0000,0.0000,0
21,features.16,361,pruned_before,nan,0.000000e+00,0.000000e+00,0.0000,0.0000,0
21,features.16,362,pruned_before,nan,0.000000e+00,0.000000e+00,0.0000,0.0000,0
21,features.16,363,active,-0.036267,1.574004e-07,1.280006e-06,0.1240,0.0013,329
21,features.16,364,active,-0.088371,3.751925e-07,4.275502e-07,0.2956,0.0004,329
21,features.16,365,pruned_before,nan,0.000000e+00,0.000000e+00,0.0000,0.0000,0
21,features.16,366,pruned_before,nan,0.000000e+00,0.000000e+00,0.0000,0.0000,0
21,features.16,367,active,-0.014386,6.292401e-08,6.651250e-07,0.0496,0.0007,329
21,features.16,368,active,-0.021787,9.251316e-08,1.093760e-07,0.0729,0.0001,329
21,features.16,369,active,-0.016969,7.193582e-08,4.726072e-08,0.0567,0.0000,329
21,features.16,370,active,-0.016506,8.167773e-08,3.822851e-06,0.0644,0.0040,329
21,features.16,371,active,-0.020248,8.576863e-08,3.405849e-08,0.0676,0.0000,329
21,features.16,372,pruned_before,nan,0.000000e+00,0.000000e+00,0.0000,0.0000,0
21,features.16,373,active,-0.031474,1.334093e-07,8.245288e-08,0.1051,0.0001,329
21,features.16,374,active,-0.014102,6.275694e-08,9.996036e-07,0.0494,0.0010,329
21,features.16,375,pruned_before,nan,0.000000e+00,0.000000e+00,0.0000,0.0000,0
21,features.16,376,pruned_before,nan,0.000000e+00,0.000000e+00,0.0000,0.0000,0
21,features.16,377,pruned_before,nan,0.000000e+00,0.000000e+00,0.0000,0.0000,0
21,features.16,378,pruned_before,nan,0.000000e+00,0.000000e+00,0.0000,0.0000,0
21,features.16,379,active,-0.053085,2.247536e-07,5.453928e-08,0.1771,0.0001,329
21,features.16,380,active,-0.026888,1.177360e-07,1.284453e-06,0.0928,0.0013,329
21,features.16,381,pruned_before,nan,0.000000e+00,0.000000e+00,0.0000,0.0000,0
21,features.16,382,active,-0.071959,3.052938e-07,2.780905e-07,0.2405,0.0003,329
21,features.16,383,pruned_before,nan,0.000000e+00,0.000000e+00,0.0000,0.0000,0
21,features.16,384,active,-0.040223,1.802536e-07,3.254433e-06,0.1420,0.0034,329
21,features.16,385,pruned_before,nan,0.000000e+00,0.000000e+00,0.0000,0.0000,0
21,features.16,386,active,-0.001610,1.123540e-08,1.426893e-06,0.0089,0.0015,329
21,features.16,387,pruned_before,nan,0.000000e+00,0.000000e+00,0.0000,0.0000,0
21,features.16,388,active,-0.009807,4.215905e-08,2.155127e-07,0.0332,0.0002,329
21,features.16,389,active,-0.032813,1.390857e-07,8.521974e-08,0.1096,0.0001,329
21,features.16,390,pruned_now,-0.169384,7.187665e-07,6.984832e-07,0.5663,0.0007,329
21,features.16,391,pruned_before,nan,0.000000e+00,0.000000e+00,0.0000,0.0000,0
21,features.16,392,active,-0.021302,9.054266e-08,1.355958e-07,0.0713,0.0001,329
21,features.16,393,pruned_before,nan,0.000000e+00,0.000000e+00,0.0000,0.0000,0
21,features.16,394,active,-0.043344,1.852874e-07,6.173439e-07,0.1460,0.0006,329
21,features.16,395,active,-0.001644,8.751185e-09,5.788705e-07,0.0069,0.0006,329
21,features.16,396,active,-0.011072,5.021835e-08,1.089095e-06,0.0396,0.0011,329
21,features.16,397,active,-0.022153,9.599314e-08,7.335902e-07,0.0756,0.0008,329
21,features.16,398,pruned_before,nan,0.000000e+00,0.000000e+00,0.0000,0.0000,0
21,features.16,399,pruned_before,nan,0.000000e+00,0.000000e+00,0.0000,0.0000,0
21,features.16,400,pruned_before,nan,0.000000e+00,0.000000e+00,0.0000,0.0000,0
21,features.16,401,pruned_before,nan,0.000000e+00,0.000000e+00,0.0000,0.0000,0
21,features.16,402,pruned_before,nan,0.000000e+00,0.000000e+00,0.0000,0.0000,0
21,features.16,403,active,-0.025346,1.089189e-07,5.454584e-07,0.0858,0.0006,329
21,features.16,404,active,0.000000,0.000000e+00,0.000000e+00,0.0000,0.0000,329
21,features.16,405,pruned_before,nan,0.000000e+00,0.000000e+00,0.0000,0.0000,0
21,features.16,406,protected,0.400000,1.269190e-06,9.555786e-04,1.0000,1.0000,329
21,features.16,407,pruned_before,nan,0.000000e+00,0.000000e+00,0.0000,0.0000,0
21,features.16,408,active,-0.044627,1.891689e-07,1.184804e-07,0.1490,0.0001,329
21,features.16,409,pruned_before,nan,0.000000e+00,0.000000e+00,0.0000,0.0000,0
21,features.16,410,pruned_before,nan,0.000000e+00,0.000000e+00,0.0000,0.0000,0
21,features.16,411,pruned_before,nan,0.000000e+00,0.000000e+00,0.0000,0.0000,0
21,features.16,412,pruned_before,nan,0.000000e+00,0.000000e+00,0.0000,0.0000,0
21,features.16,413,active,-0.008863,3.859696e-08,3.546091e-07,0.0304,0.0004,329
21,features.16,414,active,-0.009572,4.060325e-08,3.488388e-08,0.0320,0.0000,329
21,features.16,415,active,-0.022665,9.641809e-08,1.717122e-07,0.0760,0.0002,329
21,features.16,416,pruned_before,nan,0.000000e+00,0.000000e+00,0.0000,0.0000,0
21,features.16,417,pruned_before,nan,0.000000e+00,0.000000e+00,0.0000,0.0000,0
21,features.16,418,active,-0.009161,3.924382e-08,1.574759e-07,0.0309,0.0002,329
21,features.16,419,active,-0.001974,1.372954e-08,1.735406e-06,0.0108,0.0018,329
21,features.16,420,active,-0.036497,1.577923e-07,1.092957e-06,0.1243,0.0011,329
21,features.16,421,active,-0.011164,4.899517e-08,5.696930e-07,0.0386,0.0006,329
21,features.16,422,active,-0.034563,1.462829e-07,1.875786e-08,0.1153,0.0000,329
21,features.16,423,pruned_before,nan,0.000000e+00,0.000000e+00,0.0000,0.0000,0
21,features.16,424,active,-0.058100,2.465411e-07,2.394801e-07,0.1943,0.0003,329
21,features.16,425,active,-0.008924,3.900240e-08,4.021775e-07,0.0307,0.0004,329
21,features.16,426,active,-0.040846,1.734714e-07,2.147475e-07,0.1367,0.0002,329
21,features.16,427,pruned_before,nan,0.000000e+00,0.000000e+00,0.0000,0.0000,0
21,features.16,428,active,-0.020820,9.465734e-08,2.121836e-06,0.0746,0.0022,329
21,features.16,429,pruned_before,nan,0.000000e+00,0.000000e+00,0.0000,0.0000,0
21,features.16,430,pruned_before,nan,0.000000e+00,0.000000e+00,0.0000,0.0000,0
21,features.16,431,active,-0.080653,3.480884e-07,2.218179e-06,0.2743,0.0023,329
21,features.16,432,pruned_before,nan,0.000000e+00,0.000000e+00,0.0000,0.0000,0
21,features.16,433,active,-0.005283,2.442437e-08,6.698128e-07,0.0192,0.0007,329
21,features.16,434,active,-0.012339,5.296524e-08,2.466940e-07,0.0417,0.0003,329
21,features.16,435,pruned_before,nan,0.000000e+00,0.000000e+00,0.0000,0.0000,0
21,features.16,436,pruned_before,nan,0.000000e+00,0.000000e+00,0.0000,0.0000,0
21,features.16,437,pruned_before,nan,0.000000e+00,0.000000e+00,0.0000,0.0000,0
21,features.16,438,active,-0.034822,1.474428e-07,3.960223e-08,0.1162,0.0000,329
21,features.16,439,pruned_before,nan,0.000000e+00,0.000000e+00,0.0000,0.0000,0
21,features.16,440,pruned_before,nan,0.000000e+00,0.000000e+00,0.0000,0.0000,0
21,features.16,441,pruned_before,nan,0.000000e+00,0.000000e+00,0.0000,0.0000,0
21,features.16,442,active,-0.020575,8.722191e-08,5.729617e-08,0.0687,0.0001,329
21,features.16,443,active,-0.012670,5.786013e-08,1.373655e-06,0.0456,0.0014,329
21,features.16,444,pruned_before,nan,0.000000e+00,0.000000e+00,0.0000,0.0000,0
21,features.16,445,pruned_before,nan,0.000000e+00,0.000000e+00,0.0000,0.0000,0
21,features.16,446,active,-0.011699,5.050133e-08,3.250412e-07,0.0398,0.0003,329
21,features.16,447,active,-0.026551,1.131235e-07,2.571724e-07,0.0891,0.0003,329
21,features.16,448,active,-0.008837,3.750690e-08,3.878989e-08,0.0296,0.0000,329
21,features.16,449,active,-0.004137,1.754366e-08,1.322721e-08,0.0138,0.0000,329
21,features.16,450,pruned_before,nan,0.000000e+00,0.000000e+00,0.0000,0.0000,0
21,features.16,451,active,-0.003014,1.356848e-08,2.641627e-07,0.0107,0.0003,329
21,features.16,452,pruned_before,nan,0.000000e+00,0.000000e+00,0.0000,0.0000,0
21,features.16,453,active,-0.033283,1.414736e-07,2.145315e-07,0.1115,0.0002,329
21,features.16,454,pruned_before,nan,0.000000e+00,0.000000e+00,0.0000,0.0000,0
21,features.16,455,active,-0.016805,7.699209e-08,1.902758e-06,0.0607,0.0020,329
21,features.16,456,active,-0.006432,2.755728e-08,1.115328e-07,0.0217,0.0001,329
21,features.16,457,active,-0.062449,2.643351e-07,4.329612e-08,0.2083,0.0000,329
21,features.16,458,active,-0.053005,2.243582e-07,3.704733e-08,0.1768,0.0000,329
21,features.16,459,pruned_before,nan,0.000000e+00,0.000000e+00,0.0000,0.0000,0
21,features.16,460,pruned_before,nan,0.000000e+00,0.000000e+00,0.0000,0.0000,0
21,features.16,461,pruned_before,nan,0.000000e+00,0.000000e+00,0.0000,0.0000,0
21,features.16,462,active,-0.029804,1.267371e-07,2.082615e-07,0.0999,0.0002,329
21,features.16,463,pruned_before,nan,0.000000e+00,0.000000e+00,0.0000,0.0000,0
21,features.16,464,active,-0.053997,2.387126e-07,3.313689e-06,0.1881,0.0035,329
21,features.16,465,active,-0.041493,1.766411e-07,3.540624e-07,0.1392,0.0004,329
21,features.16,466,active,-0.010450,4.437729e-08,5.336190e-08,0.0350,0.0001,329
21,features.16,467,pruned_before,nan,0.000000e+00,0.000000e+00,0.0000,0.0000,0
21,features.16,468,active,-0.044855,1.902517e-07,1.569559e-07,0.1499,0.0002,329
21,features.16,469,active,-0.074668,3.162593e-07,1.176705e-07,0.2492,0.0001,329
21,features.16,470,pruned_before,nan,0.000000e+00,0.000000e+00,0.0000,0.0000,0
21,features.16,471,pruned_before,nan,0.000000e+00,0.000000e+00,0.0000,0.0000,0
21,features.16,472,active,-0.002481,1.300781e-08,8.099221e-07,0.0102,0.0008,329
21,features.16,473,active,-0.025037,1.069080e-07,3.175307e-07,0.0842,0.0003,329
21,features.16,474,pruned_before,nan,0.000000e+00,0.000000e+00,0.0000,0.0000,0
21,features.16,475,pruned_before,nan,0.000000e+00,0.000000e+00,0.0000,0.0000,0
21,features.16,476,pruned_before,nan,0.000000e+00,0.000000e+00,0.0000,0.0000,0
21,features.16,477,pruned_before,nan,0.000000e+00,0.000000e+00,0.0000,0.0000,0
21,features.16,478,active,-0.034839,1.509977e-07,1.163423e-06,0.1190,0.0012,329
21,features.16,479,active,-0.001194,5.430042e-09,1.221465e-07,0.0043,0.0001,329
21,features.16,480,active,-0.004311,1.918189e-08,3.048380e-07,0.0151,0.0003,329
21,features.16,481,pruned_before,nan,0.000000e+00,0.000000e+00,0.0000,0.0000,0
21,features.16,482,pruned_before,nan,0.000000e+00,0.000000e+00,0.0000,0.0000,0
21,features.16,483,active,-0.006318,2.676052e-08,1.039791e-08,0.0211,0.0000,329
21,features.16,484,pruned_before,nan,0.000000e+00,0.000000e+00,0.0000,0.0000,0
21,features.16,485,pruned_before,nan,0.000000e+00,0.000000e+00,0.0000,0.0000,0
21,features.16,486,pruned_before,nan,0.000000e+00,0.000000e+00,0.0000,0.0000,0
21,features.16,487,pruned_before,nan,0.000000e+00,0.000000e+00,0.0000,0.0000,0
21,features.16,488,pruned_before,nan,0.000000e+00,0.000000e+00,0.0000,0.0000,0
21,features.16,489,active,-0.025348,1.075924e-07,1.140335e-07,0.0848,0.0001,329
21,features.16,490,active,-0.033198,1.405148e-07,2.103490e-08,0.1107,0.0000,329
21,features.16,491,pruned_before,nan,0.000000e+00,0.000000e+00,0.0000,0.0000,0
21,features.16,492,active,-0.020687,8.766997e-08,4.888377e-08,0.0691,0.0001,329
21,features.16,493,active,-0.055425,2.368889e-07,7.760461e-07,0.1866,0.0008,329
21,features.16,494,pruned_before,nan,0.000000e+00,0.000000e+00,0.0000,0.0000,0
21,features.16,495,pruned_before,nan,0.000000e+00,0.000000e+00,0.0000,0.0000,0
21,features.16,496,pruned_before,nan,0.000000e+00,0.000000e+00,0.0000,0.0000,0
21,features.16,497,pruned_before,nan,0.000000e+00,0.000000e+00,0.0000,0.0000,0
21,features.16,498,active,-0.032834,1.422044e-07,1.063937e-06,0.1120,0.0011,329
21,features.16,499,pruned_before,nan,0.000000e+00,0.000000e+00,0.0000,0.0000,0
21,features.16,500,active,-0.035149,1.534899e-07,1.545074e-06,0.1209,0.0016,329
21,features.16,501,pruned_before,nan,0.000000e+00,0.000000e+00,0.0000,0.0000,0
21,features.16,502,pruned_before,nan,0.000000e+00,0.000000e+00,0.0000,0.0000,0
21,features.16,503,pruned_before,nan,0.000000e+00,0.000000e+00,0.0000,0.0000,0
21,features.16,504,pruned_before,nan,0.000000e+00,0.000000e+00,0.0000,0.0000,0
21,features.16,505,pruned_before,nan,0.000000e+00,0.000000e+00,0.0000,0.0000,0
21,features.16,506,pruned_before,nan,0.000000e+00,0.000000e+00,0.0000,0.0000,0
21,features.16,507,pruned_before,nan,0.000000e+00,0.000000e+00,0.0000,0.0000,0
21,features.16,508,active,-0.043402,1.839662e-07,1.129716e-07,0.1449,0.0001,329
21,features.16,509,active,-0.006371,2.772501e-08,2.496025e-07,0.0218,0.0003,329
21,features.16,510,pruned_before,nan,0.000000e+00,0.000000e+00,0.0000,0.0000,0
21,features.16,511,pruned_before,nan,0.000000e+00,0.000000e+00,0.0000,0.0000,0
21,features.16,512,active,-0.047324,2.073418e-07,2.300644e-06,0.1634,0.0024,329
21,features.16,513,active,-0.007704,3.308528e-08,1.584559e-07,0.0261,0.0002,329
21,features.16,514,pruned_before,nan,0.000000e+00,0.000000e+00,0.0000,0.0000,0
21,features.16,515,active,-0.034003,1.445402e-07,2.211735e-07,0.1139,0.0002,329
21,features.16,516,active,-0.020611,8.879316e-08,5.150106e-07,0.0700,0.0005,329
21,features.16,517,active,-0.039597,1.682553e-07,2.375519e-07,0.1326,0.0002,329
21,features.16,518,pruned_before,nan,0.000000e+00,0.000000e+00,0.0000,0.0000,0
21,features.16,519,pruned_before,nan,0.000000e+00,0.000000e+00,0.0000,0.0000,0
21,features.16,520,pruned_before,nan,0.000000e+00,0.000000e+00,0.0000,0.0000,0
21,features.16,521,pruned_before,nan,0.000000e+00,0.000000e+00,0.0000,0.0000,0
21,features.16,522,pruned_before,nan,0.000000e+00,0.000000e+00,0.0000,0.0000,0
21,features.16,523,pruned_before,nan,0.000000e+00,0.000000e+00,0.0000,0.0000,0
21,features.16,524,pruned_before,nan,0.000000e+00,0.000000e+00,0.0000,0.0000,0
21,features.16,525,active,-0.057393,2.438395e-07,3.326346e-07,0.1921,0.0003,329
21,features.16,526,pruned_before,nan,0.000000e+00,0.000000e+00,0.0000,0.0000,0
21,features.16,527,pruned_before,nan,0.000000e+00,0.000000e+00,0.0000,0.0000,0
21,features.16,528,pruned_before,nan,0.000000e+00,0.000000e+00,0.0000,0.0000,0
21,features.16,529,pruned_before,nan,0.000000e+00,0.000000e+00,0.0000,0.0000,0
21,features.16,530,pruned_before,nan,0.000000e+00,0.000000e+00,0.0000,0.0000,0
21,features.16,531,pruned_before,nan,0.000000e+00,0.000000e+00,0.0000,0.0000,0
21,features.16,532,pruned_before,nan,0.000000e+00,0.000000e+00,0.0000,0.0000,0
21,features.16,533,active,-0.001637,7.292199e-09,1.188592e-07,0.0057,0.0001,329
21,features.16,534,active,-0.028990,1.229646e-07,1.026279e-07,0.0969,0.0001,329
21,features.16,535,active,-0.026265,1.118345e-07,2.306641e-07,0.0881,0.0002,329
21,features.16,536,pruned_before,nan,0.000000e+00,0.000000e+00,0.0000,0.0000,0
21,features.16,537,pruned_before,nan,0.000000e+00,0.000000e+00,0.0000,0.0000,0
21,features.16,538,pruned_before,nan,0.000000e+00,0.000000e+00,0.0000,0.0000,0
21,features.16,539,pruned_before,nan,0.000000e+00,0.000000e+00,0.0000,0.0000,0
21,features.16,540,active,-0.021966,9.333760e-08,1.309170e-07,0.0735,0.0001,329
21,features.16,541,pruned_before,nan,0.000000e+00,0.000000e+00,0.0000,0.0000,0
21,features.16,542,active,-0.033265,1.475841e-07,2.210822e-06,0.1163,0.0023,329
21,features.16,543,active,-0.020905,9.048357e-08,6.592193e-07,0.0713,0.0007,329
21,features.16,544,pruned_before,nan,0.000000e+00,0.000000e+00,0.0000,0.0000,0
21,features.16,545,active,-0.010100,5.151401e-08,2.834071e-06,0.0406,0.0030,329
21,features.16,546,pruned_before,nan,0.000000e+00,0.000000e+00,0.0000,0.0000,0
21,features.16,547,active,-0.028666,1.224592e-07,3.819568e-07,0.0965,0.0004,329
21,features.16,548,active,-0.008439,3.736474e-08,5.368326e-07,0.0294,0.0006,329
21,features.16,549,pruned_before,nan,0.000000e+00,0.000000e+00,0.0000,0.0000,0
21,features.16,550,active,-0.023905,1.012020e-07,2.212518e-08,0.0797,0.0000,329
21,features.16,551,pruned_before,nan,0.000000e+00,0.000000e+00,0.0000,0.0000,0
21,features.16,552,active,-0.019508,8.262924e-08,3.166961e-08,0.0651,0.0000,329
21,features.16,553,active,-0.000770,3.335170e-09,2.442335e-08,0.0026,0.0000,329
21,features.16,554,active,-0.005966,2.557469e-08,1.084811e-07,0.0202,0.0001,329
21,features.16,555,pruned_before,nan,0.000000e+00,0.000000e+00,0.0000,0.0000,0
21,features.16,556,pruned_before,nan,0.000000e+00,0.000000e+00,0.0000,0.0000,0
21,features.16,557,pruned_before,nan,0.000000e+00,0.000000e+00,0.0000,0.0000,0
21,features.16,558,active,-0.063970,2.707888e-07,4.939519e-08,0.2134,0.0001,329
21,features.16,559,active,-0.017877,7.754054e-08,6.160590e-07,0.0611,0.0006,329
21,features.16,560,active,-0.022682,9.603713e-08,2.544104e-08,0.0757,0.0000,329
21,features.16,561,active,-0.011666,4.939313e-08,1.231013e-08,0.0389,0.0000,329
21,features.16,562,active,-0.044939,1.907289e-07,1.960700e-07,0.1503,0.0002,329
21,features.16,563,pruned_before,nan,0.000000e+00,0.000000e+00,0.0000,0.0000,0
21,features.16,564,active,-0.007167,3.429735e-08,1.282481e-06,0.0270,0.0013,329
21,features.16,565,pruned_before,nan,0.000000e+00,0.000000e+00,0.0000,0.0000,0
21,features.16,566,pruned_before,nan,0.000000e+00,0.000000e+00,0.0000,0.0000,0
21,features.16,567,active,-0.007831,3.603340e-08,9.363786e-07,0.0284,0.0010,329
21,features.16,568,pruned_before,nan,0.000000e+00,0.000000e+00,0.0000,0.0000,0
21,features.16,569,pruned_before,nan,0.000000e+00,0.000000e+00,0.0000,0.0000,0
21,features.16,570,active,-0.002868,1.284643e-08,2.306334e-07,0.0101,0.0002,329
21,features.16,571,pruned_before,nan,0.000000e+00,0.000000e+00,0.0000,0.0000,0
21,features.16,572,pruned_before,nan,0.000000e+00,0.000000e+00,0.0000,0.0000,0
21,features.16,573,active,-0.006972,3.394914e-08,1.436929e-06,0.0267,0.0015,329
21,features.16,574,pruned_before,nan,0.000000e+00,0.000000e+00,0.0000,0.0000,0
21,features.16,575,pruned_before,nan,0.000000e+00,0.000000e+00,0.0000,0.0000,0
21,features.16,576,active,-0.060357,2.576208e-07,7.331428e-07,0.2030,0.0008,329
21,features.16,577,active,-0.023367,9.920098e-08,1.110327e-07,0.0782,0.0001,329
21,features.16,578,active,-0.048390,2.051244e-07,1.308012e-07,0.1616,0.0001,329
21,features.16,579,active,-0.072908,3.099875e-07,4.975285e-07,0.2442,0.0005,329
21,features.16,580,pruned_before,nan,0.000000e+00,0.000000e+00,0.0000,0.0000,0
21,features.16,581,active,-0.011539,4.897620e-08,5.069076e-08,0.0386,0.0001,329
21,features.16,582,active,-0.009062,4.109272e-08,8.883055e-07,0.0324,0.0009,329
21,features.16,583,pruned_before,nan,0.000000e+00,0.000000e+00,0.0000,0.0000,0
21,features.16,584,active,-0.052641,2.228253e-07,3.947969e-08,0.1756,0.0000,329
21,features.16,585,active,-0.055062,2.347348e-07,5.765940e-07,0.1849,0.0006,329
21,features.16,586,active,-0.018963,8.042117e-08,6.333308e-08,0.0634,0.0001,329
21,features.16,587,pruned_before,nan,0.000000e+00,0.000000e+00,0.0000,0.0000,0
21,features.16,588,pruned_before,nan,0.000000e+00,0.000000e+00,0.0000,0.0000,0
21,features.16,589,active,-0.006516,3.958045e-08,3.876904e-06,0.0312,0.0041,329
21,features.16,590,pruned_before,nan,0.000000e+00,0.000000e+00,0.0000,0.0000,0
21,features.16,591,active,-0.049300,2.091629e-07,1.912145e-07,0.1648,0.0002,329
21,features.16,592,active,-0.019516,8.348994e-08,2.980356e-07,0.0658,0.0003,329
21,features.16,593,active,-0.009259,3.931654e-08,4.625164e-08,0.0310,0.0000,329
21,features.16,594,pruned_before,nan,0.000000e+00,0.000000e+00,0.0000,0.0000,0
21,features.16,595,active,-0.021766,9.357417e-08,4.801710e-07,0.0737,0.0005,329
21,features.16,596,active,-0.015159,6.719560e-08,9.885695e-07,0.0529,0.0010,329
21,features.16,597,active,-0.001406,8.210174e-09,7.297967e-07,0.0065,0.0008,329
21,features.16,598,active,-0.107593,4.573280e-07,6.906453e-07,0.3603,0.0007,329
21,features.16,599,pruned_before,nan,0.000000e+00,0.000000e+00,0.0000,0.0000,0
21,features.16,600,active,-0.120502,5.117027e-07,6.145688e-07,0.4032,0.0006,329
21,features.16,601,pruned_before,nan,0.000000e+00,0.000000e+00,0.0000,0.0000,0
21,features.16,602,pruned_before,nan,0.000000e+00,0.000000e+00,0.0000,0.0000,0
21,features.16,603,active,-0.018228,7.728040e-08,5.339065e-08,0.0609,0.0001,329
21,features.16,604,pruned_before,nan,0.000000e+00,0.000000e+00,0.0000,0.0000,0
21,features.16,605,pruned_before,nan,0.000000e+00,0.000000e+00,0.0000,0.0000,0
21,features.16,606,active,-0.079369,3.369723e-07,3.837243e-07,0.2655,0.0004,329
21,features.16,607,active,-0.042959,1.905215e-07,2.832425e-06,0.1501,0.0030,329
21,features.16,608,pruned_before,nan,0.000000e+00,0.000000e+00,0.0000,0.0000,0
21,features.16,609,pruned_before,nan,0.000000e+00,0.000000e+00,0.0000,0.0000,0
21,features.16,610,pruned_before,nan,0.000000e+00,0.000000e+00,0.0000,0.0000,0
21,features.16,611,pruned_before,nan,0.000000e+00,0.000000e+00,0.0000,0.0000,0
21,features.16,612,active,-0.007432,3.518836e-08,1.209040e-06,0.0277,0.0013,329
21,features.16,613,pruned_before,nan,0.000000e+00,0.000000e+00,0.0000,0.0000,0
21,features.16,614,active,-0.032983,1.407155e-07,3.791400e-07,0.1109,0.0004,329
21,features.16,615,active,-0.136168,5.776946e-07,5.218075e-07,0.4552,0.0005,329
21,features.16,616,pruned_before,nan,0.000000e+00,0.000000e+00,0.0000,0.0000,0
21,features.16,617,pruned_before,nan,0.000000e+00,0.000000e+00,0.0000,0.0000,0
21,features.16,618,active,-0.016622,7.044448e-08,4.014262e-08,0.0555,0.0000,329
21,features.16,619,pruned_before,nan,0.000000e+00,0.000000e+00,0.0000,0.0000,0
21,features.16,620,active,-0.008875,3.904837e-08,4.839277e-07,0.0308,0.0005,329
21,features.16,621,active,-0.083723,3.577684e-07,1.151452e-06,0.2819,0.0012,329
21,features.16,622,active,-0.126997,5.389288e-07,5.331737e-07,0.4246,0.0006,329
21,features.16,623,active,-0.008023,3.521461e-08,4.100414e-07,0.0277,0.0004,329
21,features.16,624,active,-0.007619,3.280234e-08,1.837993e-07,0.0258,0.0002,329
21,features.16,625,active,-0.019423,8.277098e-08,1.932347e-07,0.0652,0.0002,329
21,features.16,626,active,-0.007643,3.331936e-08,3.179146e-07,0.0263,0.0003,329
21,features.16,627,pruned_before,nan,0.000000e+00,0.000000e+00,0.0000,0.0000,0
21,features.16,628,active,-0.011659,5.001258e-08,2.220947e-07,0.0394,0.0002,329
21,features.16,629,pruned_before,nan,0.000000e+00,0.000000e+00,0.0000,0.0000,0
21,features.16,630,pruned_before,nan,0.000000e+00,0.000000e+00,0.0000,0.0000,0
21,features.16,631,active,-0.025603,1.118901e-07,1.152381e-06,0.0882,0.0012,329
21,features.16,632,active,-0.019535,8.344416e-08,2.570561e-07,0.0657,0.0003,329
21,features.16,633,active,-0.009375,3.973689e-08,2.411891e-08,0.0313,0.0000,329
21,features.16,634,active,-0.007445,3.705692e-08,1.793408e-06,0.0292,0.0019,329
21,features.16,635,active,-0.012920,5.470665e-08,1.489917e-08,0.0431,0.0000,329
21,features.16,636,active,-0.026521,1.200131e-07,2.521334e-06,0.0946,0.0026,329
21,features.16,637,active,-0.015799,6.771555e-08,2.830668e-07,0.0534,0.0003,329
21,features.16,638,active,-0.025591,1.095305e-07,4.074179e-07,0.0863,0.0004,329
21,features.16,639,active,-0.009271,3.968499e-08,1.495133e-07,0.0313,0.0002,329
21,features.16,640,active,-0.134976,5.721324e-07,3.545590e-07,0.4508,0.0004,329
21,features.16,641,active,-0.037058,1.572028e-07,1.362794e-07,0.1239,0.0001,329
21,features.16,642,active,-0.003029,1.638017e-08,1.149896e-06,0.0129,0.0012,329
21,features.16,643,active,-0.018177,8.018357e-08,1.060055e-06,0.0632,0.0011,329
21,features.16,644,active,-0.031334,1.330697e-07,1.637149e-07,0.1048,0.0002,329
21,features.16,645,pruned_before,nan,0.000000e+00,0.000000e+00,0.0000,0.0000,0
21,features.16,646,active,-0.003245,1.494393e-08,3.920117e-07,0.0118,0.0004,329
21,features.16,647,pruned_before,nan,0.000000e+00,0.000000e+00,0.0000,0.0000,0
21,features.16,648,active,-0.016892,7.219147e-08,2.342062e-07,0.0569,0.0002,329
21,features.16,649,pruned_before,nan,0.000000e+00,0.000000e+00,0.0000,0.0000,0
21,features.16,650,pruned_before,nan,0.000000e+00,0.000000e+00,0.0000,0.0000,0
21,features.16,651,active,-0.017371,7.374408e-08,8.183974e-08,0.0581,0.0001,329
21,features.16,652,active,-0.003552,1.583326e-08,2.607110e-07,0.0125,0.0003,329
21,features.16,653,active,-0.070604,2.989139e-07,6.937086e-08,0.2355,0.0001,329
21,features.16,654,active,-0.008577,3.825308e-08,6.342266e-07,0.0301,0.0007,329
21,features.16,655,pruned_before,nan,0.000000e+00,0.000000e+00,0.0000,0.0000,0
21,features.16,656,active,-0.079866,3.380781e-07,6.283148e-08,0.2664,0.0001,329
21,features.16,657,active,-0.086383,3.686681e-07,1.036674e-06,0.2905,0.0011,329
21,features.16,658,active,-0.012453,5.371878e-08,3.340892e-07,0.0423,0.0003,329
21,features.16,659,active,-0.002759,1.171358e-08,1.318732e-08,0.0092,0.0000,329
21,features.16,660,active,-0.044236,1.880711e-07,2.980483e-07,0.1482,0.0003,329
21,features.16,661,pruned_before,nan,0.000000e+00,0.000000e+00,0.0000,0.0000,0
21,features.16,662,pruned_before,nan,0.000000e+00,0.000000e+00,0.0000,0.0000,0
21,features.16,663,active,-0.001280,5.489734e-09,2.354916e-08,0.0043,0.0000,329
21,features.16,664,pruned_before,nan,0.000000e+00,0.000000e+00,0.0000,0.0000,0
21,features.16,665,pruned_before,nan,0.000000e+00,0.000000e+00,0.0000,0.0000,0
21,features.16,666,pruned_before,nan,0.000000e+00,0.000000e+00,0.0000,0.0000,0
21,features.16,667,pruned_before,nan,0.000000e+00,0.000000e+00,0.0000,0.0000,0
21,features.16,668,active,-0.015623,6.698891e-08,2.887458e-07,0.0528,0.0003,329
21,features.16,669,active,-0.003749,1.694710e-08,3.498861e-07,0.0134,0.0004,329
21,features.16,670,pruned_before,nan,0.000000e+00,0.000000e+00,0.0000,0.0000,0
21,features.16,671,active,-0.009556,4.220494e-08,5.733988e-07,0.0333,0.0006,329
21,features.16,672,pruned_before,nan,0.000000e+00,0.000000e+00,0.0000,0.0000,0
21,features.16,673,active,-0.002192,1.076991e-08,4.826788e-07,0.0085,0.0005,329
21,features.16,674,pruned_before,nan,0.000000e+00,0.000000e+00,0.0000,0.0000,0
21,features.16,675,pruned_before,nan,0.000000e+00,0.000000e+00,0.0000,0.0000,0
21,features.16,676,pruned_before,nan,0.000000e+00,0.000000e+00,0.0000,0.0000,0
21,features.16,677,pruned_before,nan,0.000000e+00,0.000000e+00,0.0000,0.0000,0
21,features.16,678,pruned_before,nan,0.000000e+00,0.000000e+00,0.0000,0.0000,0
21,features.16,679,active,-0.029957,1.268321e-07,3.059250e-08,0.0999,0.0000,329
21,features.16,680,pruned_before,nan,0.000000e+00,0.000000e+00,0.0000,0.0000,0
21,features.16,681,pruned_before,nan,0.000000e+00,0.000000e+00,0.0000,0.0000,0
21,features.16,682,active,-0.016555,7.067215e-08,2.046516e-07,0.0557,0.0002,329
21,features.16,683,active,-0.014587,6.370097e-08,6.418269e-07,0.0502,0.0007,329
21,features.16,684,pruned_before,nan,0.000000e+00,0.000000e+00,0.0000,0.0000,0
21,features.16,685,active,-0.004921,2.204566e-08,3.963880e-07,0.0174,0.0004,329
21,features.16,686,active,-0.000947,5.111033e-09,3.564572e-07,0.0040,0.0004,329
21,features.16,687,pruned_before,nan,0.000000e+00,0.000000e+00,0.0000,0.0000,0
21,features.16,688,active,-0.025018,1.059972e-07,5.070584e-08,0.0835,0.0001,329
21,features.16,689,pruned_before,nan,0.000000e+00,0.000000e+00,0.0000,0.0000,0
21,features.16,690,active,-0.055127,2.343477e-07,3.635433e-07,0.1846,0.0004,329
21,features.16,691,pruned_before,nan,0.000000e+00,0.000000e+00,0.0000,0.0000,0
21,features.16,692,pruned_before,nan,0.000000e+00,0.000000e+00,0.0000,0.0000,0
21,features.16,693,pruned_before,nan,0.000000e+00,0.000000e+00,0.0000,0.0000,0
21,features.16,694,pruned_before,nan,0.000000e+00,0.000000e+00,0.0000,0.0000,0
21,features.16,695,pruned_before,nan,0.000000e+00,0.000000e+00,0.0000,0.0000,0
21,features.16,696,active,-0.023990,1.019937e-07,1.610471e-07,0.0804,0.0002,329
21,features.16,697,pruned_before,nan,0.000000e+00,0.000000e+00,0.0000,0.0000,0
21,features.16,698,pruned_before,nan,0.000000e+00,0.000000e+00,0.0000,0.0000,0
21,features.16,699,pruned_before,nan,0.000000e+00,0.000000e+00,0.0000,0.0000,0
21,features.16,700,pruned_before,nan,0.000000e+00,0.000000e+00,0.0000,0.0000,0
21,features.16,701,active,-0.049077,2.088132e-07,3.822509e-07,0.1645,0.0004,329
21,features.16,702,active,-0.010035,4.323818e-08,2.526632e-07,0.0341,0.0003,329
21,features.16,703,pruned_before,nan,0.000000e+00,0.000000e+00,0.0000,0.0000,0
21,features.16,704,active,-0.023786,1.015286e-07,2.903730e-07,0.0800,0.0003,329
21,features.16,705,active,-0.028426,1.235888e-07,1.074708e-06,0.0974,0.0011,329
21,features.16,706,pruned_before,nan,0.000000e+00,0.000000e+00,0.0000,0.0000,0
21,features.16,707,active,-0.004295,1.829853e-08,4.099079e-08,0.0144,0.0000,329
21,features.16,708,active,-0.055569,2.396935e-07,1.485287e-06,0.1889,0.0016,329
21,features.16,709,pruned_before,nan,0.000000e+00,0.000000e+00,0.0000,0.0000,0
21,features.16,710,active,-0.049714,2.264930e-07,5.217339e-06,0.1785,0.0055,329
21,features.16,711,pruned_before,nan,0.000000e+00,0.000000e+00,0.0000,0.0000,0
21,features.16,712,active,-0.032048,1.367241e-07,3.681355e-07,0.1077,0.0004,329
21,features.16,713,pruned_before,nan,0.000000e+00,0.000000e+00,0.0000,0.0000,0
21,features.16,714,active,-0.047000,2.077040e-07,2.860318e-06,0.1637,0.0030,329
21,features.16,715,pruned_before,nan,0.000000e+00,0.000000e+00,0.0000,0.0000,0
21,features.16,716,pruned_before,nan,0.000000e+00,0.000000e+00,0.0000,0.0000,0
21,features.16,717,active,-0.025173,1.073988e-07,2.912772e-07,0.0846,0.0003,329
21,features.16,718,active,-0.039033,1.657411e-07,1.961453e-07,0.1306,0.0002,329
21,features.16,719,pruned_before,nan,0.000000e+00,0.000000e+00,0.0000,0.0000,0
21,features.16,720,active,-0.003603,1.614038e-08,2.900914e-07,0.0127,0.0003,329
21,features.16,721,active,-0.046606,1.980764e-07,2.912674e-07,0.1561,0.0003,329
21,features.16,722,pruned_before,nan,0.000000e+00,0.000000e+00,0.0000,0.0000,0
21,features.16,723,active,-0.042614,1.859742e-07,1.836426e-06,0.1465,0.0019,329
21,features.16,724,pruned_before,nan,0.000000e+00,0.000000e+00,0.0000,0.0000,0
21,features.16,725,protected,-0.000623,2.539926e-08,7.344818e-06,0.0200,0.0077,329
21,features.16,726,active,-0.026990,1.148495e-07,2.143892e-07,0.0905,0.0002,329
21,features.16,727,active,-0.088920,3.773672e-07,3.797959e-07,0.2973,0.0004,329
21,features.16,728,active,-0.042664,1.818093e-07,4.241193e-07,0.1432,0.0004,329
21,features.16,729,pruned_before,nan,0.000000e+00,0.000000e+00,0.0000,0.0000,0
21,features.16,730,pruned_before,nan,0.000000e+00,0.000000e+00,0.0000,0.0000,0
21,features.16,731,active,-0.009588,4.062861e-08,2.072265e-08,0.0320,0.0000,329
21,features.16,732,pruned_before,nan,0.000000e+00,0.000000e+00,0.0000,0.0000,0
21,features.16,733,pruned_before,nan,0.000000e+00,0.000000e+00,0.0000,0.0000,0
21,features.16,734,pruned_before,nan,0.000000e+00,0.000000e+00,0.0000,0.0000,0
21,features.16,735,active,-0.013256,5.780609e-08,5.565460e-07,0.0455,0.0006,329
21,features.16,736,active,-0.034678,1.468735e-07,5.296242e-08,0.1157,0.0001,329
21,features.16,737,active,-0.050764,2.165444e-07,5.740781e-07,0.1706,0.0006,329
21,features.16,738,active,-0.056035,2.373187e-07,8.271584e-08,0.1870,0.0001,329
21,features.16,739,pruned_before,nan,0.000000e+00,0.000000e+00,0.0000,0.0000,0
21,features.16,740,active,-0.038026,1.614467e-07,1.846486e-07,0.1272,0.0002,329
21,features.16,741,pruned_before,nan,0.000000e+00,0.000000e+00,0.0000,0.0000,0
21,features.16,742,pruned_before,nan,0.000000e+00,0.000000e+00,0.0000,0.0000,0
21,features.16,743,active,-0.013743,5.849679e-08,1.142792e-07,0.0461,0.0001,329
21,features.16,744,active,-0.023296,1.031192e-07,1.471812e-06,0.0812,0.0015,329
21,features.16,745,active,-0.027826,1.203287e-07,8.411651e-07,0.0948,0.0009,329
21,features.16,746,pruned_before,nan,0.000000e+00,0.000000e+00,0.0000,0.0000,0
21,features.16,747,active,-0.037880,1.644748e-07,1.361311e-06,0.1296,0.0014,329
21,features.16,748,pruned_before,nan,0.000000e+00,0.000000e+00,0.0000,0.0000,0
21,features.16,749,pruned_before,nan,0.000000e+00,0.000000e+00,0.0000,0.0000,0
21,features.16,750,active,-0.015945,6.831080e-08,2.748091e-07,0.0538,0.0003,329
21,features.16,751,active,-0.064861,2.759109e-07,4.863318e-07,0.2174,0.0005,329
21,features.16,752,pruned_before,nan,0.000000e+00,0.000000e+00,0.0000,0.0000,0
21,features.16,753,pruned_before,nan,0.000000e+00,0.000000e+00,0.0000,0.0000,0
21,features.16,754,active,-0.014592,6.189598e-08,5.217229e-08,0.0488,0.0001,329
21,features.16,755,active,-0.021159,9.020219e-08,2.218111e-07,0.0711,0.0002,329
21,features.16,756,pruned_before,nan,0.000000e+00,0.000000e+00,0.0000,0.0000,0
21,features.16,757,active,-0.008406,3.674564e-08,3.822863e-07,0.0290,0.0004,329
21,features.16,758,active,-0.029914,1.327784e-07,2.008200e-06,0.1046,0.0021,329
21,features.16,759,active,-0.033398,1.416855e-07,1.259073e-07,0.1116,0.0001,329
21,features.16,760,active,-0.074219,3.143358e-07,1.098940e-07,0.2477,0.0001,329
21,features.16,761,active,-0.032148,1.361636e-07,5.009037e-08,0.1073,0.0001,329
21,features.16,762,pruned_before,nan,0.000000e+00,0.000000e+00,0.0000,0.0000,0
21,features.16,763,pruned_before,nan,0.000000e+00,0.000000e+00,0.0000,0.0000,0
21,features.16,764,active,-0.010615,5.064414e-08,1.851184e-06,0.0399,0.0019,329
21,features.16,765,active,-0.052775,2.256814e-07,7.779358e-07,0.1778,0.0008,329
21,features.16,766,active,-0.015253,6.509138e-08,1.806446e-07,0.0513,0.0002,329
21,features.16,767,pruned_before,nan,0.000000e+00,0.000000e+00,0.0000,0.0000,0
21,features.16,768,pruned_before,nan,0.000000e+00,0.000000e+00,0.0000,0.0000,0
21,features.16,769,active,-0.015792,6.861185e-08,5.816851e-07,0.0541,0.0006,329
21,features.16,770,active,-0.058642,2.490598e-07,3.125532e-07,0.1962,0.0003,329
21,features.16,771,pruned_before,nan,0.000000e+00,0.000000e+00,0.0000,0.0000,0
21,features.16,772,pruned_before,nan,0.000000e+00,0.000000e+00,0.0000,0.0000,0
21,features.16,773,pruned_before,nan,0.000000e+00,0.000000e+00,0.0000,0.0000,0
21,features.16,774,pruned_before,nan,0.000000e+00,0.000000e+00,0.0000,0.0000,0
21,features.16,775,pruned_before,nan,0.000000e+00,0.000000e+00,0.0000,0.0000,0
21,features.16,776,pruned_before,nan,0.000000e+00,0.000000e+00,0.0000,0.0000,0
21,features.16,777,active,-0.011638,4.929457e-08,1.910566e-08,0.0388,0.0000,329
21,features.16,778,pruned_before,nan,0.000000e+00,0.000000e+00,0.0000,0.0000,0
21,features.16,779,active,-0.004498,1.916432e-08,4.336057e-08,0.0151,0.0000,329
21,features.16,780,pruned_before,nan,0.000000e+00,0.000000e+00,0.0000,0.0000,0
21,features.16,781,pruned_before,nan,0.000000e+00,0.000000e+00,0.0000,0.0000,0
21,features.16,782,active,-0.012941,5.792693e-08,1.025301e-06,0.0456,0.0011,329
21,features.16,783,pruned_before,nan,0.000000e+00,0.000000e+00,0.0000,0.0000,0
21,features.16,784,active,-0.004646,2.008384e-08,1.386734e-07,0.0158,0.0001,329
21,features.16,785,active,-0.028664,1.213637e-07,3.143701e-08,0.0956,0.0000,329
21,features.16,786,active,-0.085266,3.621351e-07,4.532931e-07,0.2853,0.0005,329
21,features.16,787,pruned_before,nan,0.000000e+00,0.000000e+00,0.0000,0.0000,0
21,features.16,788,pruned_before,nan,0.000000e+00,0.000000e+00,0.0000,0.0000,0
21,features.16,789,active,-0.059564,2.528530e-07,2.774498e-07,0.1992,0.0003,329
21,features.16,790,pruned_before,nan,0.000000e+00,0.000000e+00,0.0000,0.0000,0
21,features.16,791,pruned_before,nan,0.000000e+00,0.000000e+00,0.0000,0.0000,0
21,features.16,792,active,-0.028879,1.225559e-07,1.225268e-07,0.0966,0.0001,329
21,features.16,793,pruned_before,nan,0.000000e+00,0.000000e+00,0.0000,0.0000,0
21,features.16,794,active,-0.002510,1.385782e-08,1.045407e-06,0.0109,0.0011,329
21,features.16,795,pruned_before,nan,0.000000e+00,0.000000e+00,0.0000,0.0000,0
21,features.16,796,active,-0.024730,1.046981e-07,2.393952e-08,0.0825,0.0000,329
21,features.16,797,active,-0.088483,3.750562e-07,2.312967e-07,0.2955,0.0002,329
21,features.16,798,active,-0.023372,1.009667e-07,6.738308e-07,0.0796,0.0007,329
21,features.16,799,active,-0.002220,1.253616e-08,1.015121e-06,0.0099,0.0011,329
21,features.16,800,active,-0.018156,7.730898e-08,1.600756e-07,0.0609,0.0002,329
21,features.16,801,pruned_before,nan,0.000000e+00,0.000000e+00,0.0000,0.0000,0
21,features.16,802,pruned_before,nan,0.000000e+00,0.000000e+00,0.0000,0.0000,0
21,features.16,803,pruned_before,nan,0.000000e+00,0.000000e+00,0.0000,0.0000,0
21,features.16,804,pruned_before,nan,0.000000e+00,0.000000e+00,0.0000,0.0000,0
21,features.16,805,active,-0.037214,1.578706e-07,1.389374e-07,0.1244,0.0001,329
21,features.16,806,pruned_before,nan,0.000000e+00,0.000000e+00,0.0000,0.0000,0
21,features.16,807,pruned_before,nan,0.000000e+00,0.000000e+00,0.0000,0.0000,0
21,features.16,808,active,-0.039755,1.715805e-07,1.094944e-06,0.1352,0.0011,329
21,features.16,809,active,-0.007249,3.391256e-08,1.047147e-06,0.0267,0.0011,329
21,features.16,810,active,-0.060118,2.556596e-07,4.262909e-07,0.2014,0.0004,329
21,features.16,811,active,-0.085181,3.644952e-07,1.331193e-06,0.2872,0.0014,329
21,features.16,812,pruned_before,nan,0.000000e+00,0.000000e+00,0.0000,0.0000,0
21,features.16,813,pruned_before,nan,0.000000e+00,0.000000e+00,0.0000,0.0000,0
21,features.16,814,active,0.000000,0.000000e+00,0.000000e+00,0.0000,0.0000,329
21,features.16,815,pruned_before,nan,0.000000e+00,0.000000e+00,0.0000,0.0000,0
21,features.16,816,active,-0.042608,1.824096e-07,6.946092e-07,0.1437,0.0007,329
21,features.16,817,active,-0.015425,6.630853e-08,3.395843e-07,0.0522,0.0004,329
21,features.16,818,pruned_before,nan,0.000000e+00,0.000000e+00,0.0000,0.0000,0
21,features.16,819,pruned_before,nan,0.000000e+00,0.000000e+00,0.0000,0.0000,0
21,features.16,820,pruned_before,nan,0.000000e+00,0.000000e+00,0.0000,0.0000,0
21,features.16,821,active,-0.002138,9.575865e-09,1.710086e-07,0.0075,0.0002,329
21,features.16,822,pruned_before,nan,0.000000e+00,0.000000e+00,0.0000,0.0000,0
21,features.16,823,pruned_before,nan,0.000000e+00,0.000000e+00,0.0000,0.0000,0
21,features.16,824,pruned_before,nan,0.000000e+00,0.000000e+00,0.0000,0.0000,0
21,features.16,825,pruned_before,nan,0.000000e+00,0.000000e+00,0.0000,0.0000,0
21,features.16,826,active,-0.007155,3.079425e-08,1.697163e-07,0.0243,0.0002,329
21,features.16,827,active,-0.045575,1.932654e-07,1.460639e-07,0.1523,0.0002,329
21,features.16,828,pruned_before,nan,0.000000e+00,0.000000e+00,0.0000,0.0000,0
21,features.16,829,pruned_before,nan,0.000000e+00,0.000000e+00,0.0000,0.0000,0
21,features.16,830,pruned_before,nan,0.000000e+00,0.000000e+00,0.0000,0.0000,0
21,features.16,831,pruned_before,nan,0.000000e+00,0.000000e+00,0.0000,0.0000,0
21,features.16,832,active,-0.018016,7.909648e-08,9.284203e-07,0.0623,0.0010,329
21,features.16,833,active,-0.005808,2.461661e-08,1.484132e-08,0.0194,0.0000,329
21,features.16,834,pruned_before,nan,0.000000e+00,0.000000e+00,0.0000,0.0000,0
21,features.16,835,pruned_before,nan,0.000000e+00,0.000000e+00,0.0000,0.0000,0
21,features.16,836,protected,-0.007884,5.856753e-08,8.135707e-06,0.0461,0.0085,329
21,features.16,837,pruned_before,nan,0.000000e+00,0.000000e+00,0.0000,0.0000,0
21,features.16,838,pruned_before,nan,0.000000e+00,0.000000e+00,0.0000,0.0000,0
21,features.16,839,pruned_before,nan,0.000000e+00,0.000000e+00,0.0000,0.0000,0
21,features.16,840,pruned_before,nan,0.000000e+00,0.000000e+00,0.0000,0.0000,0
21,features.16,841,active,-0.017490,7.502582e-08,3.328727e-07,0.0591,0.0003,329
21,features.16,842,active,-0.074808,3.169146e-07,1.390753e-07,0.2497,0.0001,329
21,features.16,843,active,-0.071986,3.099782e-07,1.752013e-06,0.2442,0.0018,329
21,features.16,844,active,-0.047311,2.102210e-07,3.248164e-06,0.1656,0.0034,329
21,features.16,845,active,-0.026963,1.142138e-07,4.637208e-08,0.0900,0.0000,329
21,features.16,846,active,-0.084317,3.749562e-07,5.886199e-06,0.2954,0.0062,329
21,features.16,847,active,-0.007760,3.293994e-08,3.583837e-08,0.0260,0.0000,329
21,features.16,848,pruned_before,nan,0.000000e+00,0.000000e+00,0.0000,0.0000,0
21,features.16,849,active,-0.001134,4.869441e-09,2.344587e-08,0.0038,0.0000,329
21,features.16,850,pruned_before,nan,0.000000e+00,0.000000e+00,0.0000,0.0000,0
21,features.16,851,active,-0.095251,4.033272e-07,1.149345e-07,0.3178,0.0001,329
21,features.16,852,pruned_before,nan,0.000000e+00,0.000000e+00,0.0000,0.0000,0
21,features.16,853,pruned_before,nan,0.000000e+00,0.000000e+00,0.0000,0.0000,0
21,features.16,854,pruned_before,nan,0.000000e+00,0.000000e+00,0.0000,0.0000,0
21,features.16,855,pruned_before,nan,0.000000e+00,0.000000e+00,0.0000,0.0000,0
21,features.16,856,active,-0.032745,1.413103e-07,8.959266e-07,0.1113,0.0009,329
21,features.16,857,pruned_before,nan,0.000000e+00,0.000000e+00,0.0000,0.0000,0
21,features.16,858,active,-0.009117,3.866481e-08,3.031467e-08,0.0305,0.0000,329
21,features.16,859,pruned_before,nan,0.000000e+00,0.000000e+00,0.0000,0.0000,0
21,features.16,860,active,-0.035758,1.516684e-07,1.256304e-07,0.1195,0.0001,329
21,features.16,861,pruned_before,nan,0.000000e+00,0.000000e+00,0.0000,0.0000,0
21,features.16,862,pruned_before,nan,0.000000e+00,0.000000e+00,0.0000,0.0000,0
21,features.16,863,pruned_before,nan,0.000000e+00,0.000000e+00,0.0000,0.0000,0
21,features.16,864,active,-0.006131,2.648705e-08,1.770922e-07,0.0209,0.0002,329
21,features.16,865,pruned_before,nan,0.000000e+00,0.000000e+00,0.0000,0.0000,0
21,features.16,866,pruned_before,nan,0.000000e+00,0.000000e+00,0.0000,0.0000,0
21,features.16,867,pruned_before,nan,0.000000e+00,0.000000e+00,0.0000,0.0000,0
21,features.16,868,pruned_before,nan,0.000000e+00,0.000000e+00,0.0000,0.0000,0
21,features.16,869,active,-0.015534,6.582610e-08,3.483075e-08,0.0519,0.0000,329
21,features.16,870,active,-0.013510,5.758711e-08,1.395867e-07,0.0454,0.0001,329
21,features.16,871,active,-0.016735,7.118532e-08,1.238421e-07,0.0561,0.0001,329
21,features.16,872,active,-0.053512,2.267871e-07,1.288249e-07,0.1787,0.0001,329
21,features.16,873,active,-0.009230,3.913973e-08,2.938249e-08,0.0308,0.0000,329
21,features.16,874,active,-0.011502,4.874182e-08,2.556571e-08,0.0384,0.0000,329
21,features.16,875,active,-0.003252,1.442259e-08,2.137868e-07,0.0114,0.0002,329
21,features.16,876,pruned_before,nan,0.000000e+00,0.000000e+00,0.0000,0.0000,0
21,features.16,877,active,-0.052053,2.215659e-07,4.354001e-07,0.1746,0.0005,329
21,features.16,878,pruned_before,nan,0.000000e+00,0.000000e+00,0.0000,0.0000,0
21,features.16,879,active,-0.016382,7.151927e-08,7.140417e-07,0.0564,0.0007,329
21,features.16,880,pruned_before,nan,0.000000e+00,0.000000e+00,0.0000,0.0000,0
21,features.16,881,pruned_before,nan,0.000000e+00,0.000000e+00,0.0000,0.0000,0
21,features.16,882,pruned_before,nan,0.000000e+00,0.000000e+00,0.0000,0.0000,0
21,features.16,883,active,-0.015841,6.768165e-08,2.147766e-07,0.0533,0.0002,329
21,features.16,884,active,-0.046302,1.962852e-07,1.287155e-07,0.1547,0.0001,329
21,features.16,885,pruned_before,nan,0.000000e+00,0.000000e+00,0.0000,0.0000,0
21,features.16,886,active,-0.049491,2.095421e-07,5.273188e-08,0.1651,0.0001,329
21,features.16,887,active,-0.012145,5.483552e-08,1.114035e-06,0.0432,0.0012,329
21,features.16,888,active,-0.003034,1.426556e-08,4.619976e-07,0.0112,0.0005,329
21,features.16,889,pruned_before,nan,0.000000e+00,0.000000e+00,0.0000,0.0000,0
21,features.16,890,pruned_before,nan,0.000000e+00,0.000000e+00,0.0000,0.0000,0
21,features.16,891,active,-0.001206,5.126700e-09,8.569379e-09,0.0040,0.0000,329
21,features.16,892,active,-0.013326,5.843039e-08,6.618383e-07,0.0460,0.0007,329
21,features.16,893,pruned_before,nan,0.000000e+00,0.000000e+00,0.0000,0.0000,0
21,features.16,894,active,-0.012288,6.003448e-08,2.596869e-06,0.0473,0.0027,329
21,features.16,895,active,-0.022292,9.765385e-08,1.078769e-06,0.0769,0.0011,329
21,features.16,896,pruned_before,nan,0.000000e+00,0.000000e+00,0.0000,0.0000,0
21,features.16,897,active,-0.062726,2.680867e-07,8.757214e-07,0.2112,0.0009,329
21,features.16,898,active,-0.013317,5.642269e-08,2.747796e-08,0.0445,0.0000,329
21,features.16,899,pruned_before,nan,0.000000e+00,0.000000e+00,0.0000,0.0000,0
21,features.16,900,active,-0.003723,1.831870e-08,8.291047e-07,0.0144,0.0009,329
21,features.16,901,pruned_before,nan,0.000000e+00,0.000000e+00,0.0000,0.0000,0
21,features.16,902,active,-0.017472,7.393659e-08,6.710962e-09,0.0583,0.0000,329
21,features.16,903,active,-0.030267,1.301071e-07,6.635884e-07,0.1025,0.0007,329
21,features.16,904,active,-0.010280,4.832670e-08,1.560164e-06,0.0381,0.0016,329
21,features.16,905,active,-0.013311,5.676829e-08,1.462797e-07,0.0447,0.0002,329
21,features.16,906,active,-0.003085,1.421605e-08,3.751833e-07,0.0112,0.0004,329
21,features.16,907,pruned_before,nan,0.000000e+00,0.000000e+00,0.0000,0.0000,0
21,features.16,908,active,-0.009739,4.129233e-08,2.868199e-08,0.0325,0.0000,329
21,features.16,909,pruned_before,nan,0.000000e+00,0.000000e+00,0.0000,0.0000,0
21,features.16,910,pruned_before,nan,0.000000e+00,0.000000e+00,0.0000,0.0000,0
21,features.16,911,active,-0.015387,6.519053e-08,3.027774e-08,0.0514,0.0000,329
21,features.16,912,active,-0.001941,8.966915e-09,2.438103e-07,0.0071,0.0003,329
21,features.16,913,active,-0.007172,3.167144e-08,4.288827e-07,0.0250,0.0004,329
21,features.16,914,active,-0.003713,1.601347e-08,9.901279e-08,0.0126,0.0001,329
21,features.16,915,pruned_before,nan,0.000000e+00,0.000000e+00,0.0000,0.0000,0
21,features.16,916,active,-0.042438,1.798532e-07,1.005703e-07,0.1417,0.0001,329
21,features.16,917,pruned_before,nan,0.000000e+00,0.000000e+00,0.0000,0.0000,0
21,features.16,918,active,-0.032808,1.422251e-07,1.105587e-06,0.1121,0.0012,329
21,features.16,919,active,-0.015360,6.598257e-08,3.227163e-07,0.0520,0.0003,329
21,features.16,920,active,-0.042671,1.811598e-07,2.053300e-07,0.1427,0.0002,329
21,features.16,921,active,-0.021290,9.126787e-08,3.871229e-07,0.0719,0.0004,329
21,features.16,922,active,-0.023876,1.011868e-07,5.648293e-08,0.0797,0.0001,329
21,features.16,923,pruned_before,nan,0.000000e+00,0.000000e+00,0.0000,0.0000,0
21,features.16,924,pruned_before,nan,0.000000e+00,0.000000e+00,0.0000,0.0000,0
21,features.16,925,pruned_before,nan,0.000000e+00,0.000000e+00,0.0000,0.0000,0
21,features.16,926,active,-0.027618,1.181161e-07,4.112933e-07,0.0931,0.0004,329
21,features.16,927,active,-0.062265,2.642109e-07,2.555939e-07,0.2082,0.0003,329
21,features.16,928,pruned_before,nan,0.000000e+00,0.000000e+00,0.0000,0.0000,0
21,features.16,929,pruned_before,nan,0.000000e+00,0.000000e+00,0.0000,0.0000,0
21,features.16,930,active,-0.058400,2.476336e-07,1.818501e-07,0.1951,0.0002,329
21,features.16,931,pruned_before,nan,0.000000e+00,0.000000e+00,0.0000,0.0000,0
21,features.16,932,active,-0.000303,4.204310e-09,9.430333e-07,0.0033,0.0010,329
21,features.16,933,active,-0.029362,1.248017e-07,1.874904e-07,0.0983,0.0002,329
21,features.16,934,pruned_before,nan,0.000000e+00,0.000000e+00,0.0000,0.0000,0
21,features.16,935,active,-0.008602,3.700370e-08,1.971630e-07,0.0292,0.0002,329
21,features.16,936,active,-0.084233,3.614890e-07,1.654726e-06,0.2848,0.0017,329
21,features.16,937,pruned_before,nan,0.000000e+00,0.000000e+00,0.0000,0.0000,0
21,features.16,938,pruned_before,nan,0.000000e+00,0.000000e+00,0.0000,0.0000,0
21,features.16,939,active,-0.033922,1.449968e-07,4.790949e-07,0.1142,0.0005,329
21,features.16,940,pruned_before,nan,0.000000e+00,0.000000e+00,0.0000,0.0000,0
21,features.16,941,active,-0.013279,5.688192e-08,2.271334e-07,0.0448,0.0002,329
21,features.16,942,pruned_before,nan,0.000000e+00,0.000000e+00,0.0000,0.0000,0
21,features.16,943,active,-0.052411,2.255071e-07,1.217813e-06,0.1777,0.0013,329
21,features.16,944,pruned_before,nan,0.000000e+00,0.000000e+00,0.0000,0.0000,0
21,features.16,945,active,-0.009427,5.103582e-08,3.598350e-06,0.0402,0.0038,329
21,features.16,946,pruned_before,nan,0.000000e+00,0.000000e+00,0.0000,0.0000,0
21,features.16,947,pruned_before,nan,0.000000e+00,0.000000e+00,0.0000,0.0000,0
21,features.16,948,active,-0.015377,6.536925e-08,1.020517e-07,0.0515,0.0001,329
21,features.16,949,pruned_before,nan,0.000000e+00,0.000000e+00,0.0000,0.0000,0
21,features.16,950,active,-0.066888,2.846115e-07,5.268943e-07,0.2242,0.0006,329
21,features.16,951,active,-0.015202,6.433287e-08,6.087538e-09,0.0507,0.0000,329
21,features.16,952,active,-0.038982,1.650988e-07,5.804658e-08,0.1301,0.0001,329
21,features.16,953,pruned_before,nan,0.000000e+00,0.000000e+00,0.0000,0.0000,0
21,features.16,954,pruned_before,nan,0.000000e+00,0.000000e+00,0.0000,0.0000,0
21,features.16,955,active,-0.010260,4.410578e-08,2.256338e-07,0.0348,0.0002,329
21,features.16,956,pruned_before,nan,0.000000e+00,0.000000e+00,0.0000,0.0000,0
21,features.16,957,active,-0.007739,3.481567e-08,6.699469e-07,0.0274,0.0007,329
21,features.16,958,active,-0.038340,1.671094e-07,1.583603e-06,0.1317,0.0017,329
21,features.16,959,pruned_before,nan,0.000000e+00,0.000000e+00,0.0000,0.0000,0
21,features.17,0,active,0.006539,7.088574e-08,3.561349e-07,0.0488,0.0302,489
21,features.17,1,active,-0.039996,2.357293e-07,1.458431e-07,0.1622,0.0124,489
21,features.17,2,pruned_before,nan,0.000000e+00,0.000000e+00,0.0000,0.0000,0
21,features.17,3,pruned_before,nan,0.000000e+00,0.000000e+00,0.0000,0.0000,0
21,features.17,4,active,-0.101370,6.702367e-07,6.223502e-07,0.4612,0.0529,489
21,features.17,5,pruned_before,nan,0.000000e+00,0.000000e+00,0.0000,0.0000,0
21,features.17,6,active,-0.130818,8.338897e-07,6.953102e-07,0.5739,0.0591,489
21,features.17,7,active,-0.032859,1.616423e-07,8.613111e-09,0.1112,0.0007,489
21,features.17,8,pruned_before,nan,0.000000e+00,0.000000e+00,0.0000,0.0000,0
21,features.17,9,pruned_before,nan,0.000000e+00,0.000000e+00,0.0000,0.0000,0
21,features.17,10,active,-0.054094,2.733998e-07,3.951927e-08,0.1881,0.0034,489
21,features.17,11,active,-0.011286,7.009303e-08,5.356463e-08,0.0482,0.0045,489
21,features.17,12,active,-0.123211,6.154769e-07,6.485324e-08,0.4236,0.0055,489
21,features.17,13,active,-0.014647,4.965836e-07,1.477994e-06,0.3417,0.1255,489
21,features.17,14,active,-0.014418,7.366474e-08,1.328331e-08,0.0507,0.0011,489
21,features.17,15,active,-0.014577,7.231214e-08,5.924463e-09,0.0498,0.0005,489
21,features.17,16,pruned_before,nan,0.000000e+00,0.000000e+00,0.0000,0.0000,0
21,features.17,17,active,-0.115976,5.934997e-07,1.102280e-07,0.4084,0.0094,489
21,features.17,18,active,-0.016361,8.149171e-08,7.784617e-09,0.0561,0.0007,489
21,features.17,19,active,-0.000382,3.644999e-09,6.234294e-09,0.0025,0.0005,489
21,features.17,20,active,-0.010264,6.384742e-08,4.906977e-08,0.0439,0.0042,489
21,features.17,21,active,-0.024547,1.458514e-07,9.358828e-08,0.1004,0.0079,489
21,features.17,22,pruned_now,-0.188688,1.034768e-06,4.195044e-07,0.7121,0.0356,489
21,features.17,23,pruned_before,nan,0.000000e+00,0.000000e+00,0.0000,0.0000,0
21,features.17,24,pruned_before,nan,0.000000e+00,0.000000e+00,0.0000,0.0000,0
21,features.17,25,active,-0.082575,4.133789e-07,4.655647e-08,0.2845,0.0040,489
21,features.17,26,active,-0.013427,6.731302e-08,7.910371e-09,0.0463,0.0007,489
21,features.17,27,active,-0.017942,9.351895e-08,2.295790e-08,0.0644,0.0019,489
21,features.17,28,active,-0.001821,5.706544e-08,1.675330e-07,0.0393,0.0142,489
21,features.17,29,active,-0.080035,3.937701e-07,2.117918e-08,0.2710,0.0018,489
21,features.17,30,active,-0.016837,1.136052e-07,1.112880e-07,0.0782,0.0095,489
21,features.17,31,active,-0.068813,3.819821e-07,1.690088e-07,0.2629,0.0144,489
21,features.17,32,active,-0.063639,3.552780e-07,1.632987e-07,0.2445,0.0139,489
21,features.17,33,active,0.000000,0.000000e+00,0.000000e+00,0.0000,0.0000,489
21,features.17,34,active,-0.064768,3.190537e-07,1.851722e-08,0.2196,0.0016,489
21,features.17,35,active,-0.038915,1.924688e-07,1.380156e-08,0.1325,0.0012,489
21,features.17,36,pruned_before,nan,0.000000e+00,0.000000e+00,0.0000,0.0000,0
21,features.17,37,active,-0.039120,1.977146e-07,2.856078e-08,0.1361,0.0024,489
21,features.17,38,active,-0.083661,4.266454e-07,7.435852e-08,0.2936,0.0063,489
21,features.17,39,pruned_before,nan,0.000000e+00,0.000000e+00,0.0000,0.0000,0
21,features.17,40,active,-0.040099,2.907306e-07,3.350968e-07,0.2001,0.0285,489
21,features.17,41,pruned_before,nan,0.000000e+00,0.000000e+00,0.0000,0.0000,0
21,features.17,42,active,-0.052198,3.647109e-07,3.884861e-07,0.2510,0.0330,489
21,features.17,43,active,-0.015700,8.053534e-08,1.559231e-08,0.0554,0.0013,489
21,features.17,44,active,-0.031095,1.772405e-07,9.245507e-08,0.1220,0.0079,489
21,features.17,45,active,-0.009368,5.019648e-08,1.674039e-08,0.0345,0.0014,489
21,features.17,46,pruned_now,-0.145202,7.206189e-07,6.006945e-08,0.4959,0.0051,489
21,features.17,47,active,-0.009015,1.126991e-07,2.397061e-07,0.0776,0.0204,489
21,features.17,48,active,-0.023382,1.338901e-07,7.164616e-08,0.0921,0.0061,489
21,features.17,49,active,-0.003130,1.750378e-08,8.135572e-09,0.0120,0.0007,489
21,features.17,50,pruned_before,nan,0.000000e+00,0.000000e+00,0.0000,0.0000,0
21,features.17,51,active,-0.007590,3.940967e-08,9.183308e-09,0.0271,0.0008,489
21,features.17,52,active,-0.050841,2.800567e-07,1.173522e-07,0.1927,0.0100,489
21,features.17,53,pruned_before,nan,0.000000e+00,0.000000e+00,0.0000,0.0000,0
21,features.17,54,active,-0.020801,1.070982e-07,2.203075e-08,0.0737,0.0019,489
21,features.17,55,pruned_before,nan,0.000000e+00,0.000000e+00,0.0000,0.0000,0
21,features.17,56,active,-0.054625,3.363840e-07,2.493073e-07,0.2315,0.0212,489
21,features.17,57,pruned_before,nan,0.000000e+00,0.000000e+00,0.0000,0.0000,0
21,features.17,58,active,-0.043333,2.707233e-07,2.112267e-07,0.1863,0.0179,489
21,features.17,59,pruned_before,nan,0.000000e+00,0.000000e+00,0.0000,0.0000,0
21,features.17,60,active,-0.043913,2.266998e-07,4.860042e-08,0.1560,0.0041,489
21,features.17,61,active,-0.061858,3.542738e-07,1.897720e-07,0.2438,0.0161,489
21,features.17,62,pruned_before,nan,0.000000e+00,0.000000e+00,0.0000,0.0000,0
21,features.17,63,active,-0.016499,8.803188e-08,2.818475e-08,0.0606,0.0024,489
21,features.17,64,active,-0.027988,1.419845e-07,2.228701e-08,0.0977,0.0019,489
21,features.17,65,active,-0.066559,3.448703e-07,7.805131e-08,0.2373,0.0066,489
21,features.17,66,pruned_before,nan,0.000000e+00,0.000000e+00,0.0000,0.0000,0
21,features.17,67,active,-0.025054,1.260403e-07,1.627617e-08,0.0867,0.0014,489
21,features.17,68,active,-0.053114,3.008955e-07,1.514775e-07,0.2071,0.0129,489
21,features.17,69,active,-0.035731,2.142966e-07,1.431480e-07,0.1475,0.0122,489
21,features.17,70,active,-0.004273,5.866204e-08,1.318271e-07,0.0404,0.0112,489
21,features.17,71,pruned_before,nan,0.000000e+00,0.000000e+00,0.0000,0.0000,0
21,features.17,72,active,-0.001056,6.684383e-09,5.446190e-09,0.0046,0.0005,489
21,features.17,73,active,-0.065460,3.506449e-07,1.165875e-07,0.2413,0.0099,489
21,features.17,74,active,-0.041104,2.008048e-07,5.932370e-09,0.1382,0.0005,489
21,features.17,75,active,-0.073891,3.955626e-07,1.307476e-07,0.2722,0.0111,489
21,features.17,76,active,-0.046350,2.384135e-07,4.828384e-08,0.1641,0.0041,489
21,features.17,77,active,-0.037627,2.314609e-07,1.708640e-07,0.1593,0.0145,489
21,features.17,78,pruned_before,nan,0.000000e+00,0.000000e+00,0.0000,0.0000,0
21,features.17,79,pruned_before,nan,0.000000e+00,0.000000e+00,0.0000,0.0000,0
21,features.17,80,active,0.001680,4.470986e-08,1.835088e-07,0.0308,0.0156,489
21,features.17,81,pruned_before,nan,0.000000e+00,0.000000e+00,0.0000,0.0000,0
21,features.17,82,active,-0.064224,4.010666e-07,3.124505e-07,0.2760,0.0265,489
21,features.17,83,pruned_before,nan,0.000000e+00,0.000000e+00,0.0000,0.0000,0
21,features.17,84,active,-0.044065,2.163170e-07,9.994235e-09,0.1489,0.0008,489
21,features.17,85,pruned_before,nan,0.000000e+00,0.000000e+00,0.0000,0.0000,0
21,features.17,86,active,-0.131936,7.395673e-07,3.489843e-07,0.5090,0.0296,489
21,features.17,87,active,-0.029326,1.571496e-07,5.244434e-08,0.1081,0.0045,489
21,features.17,88,active,-0.099678,5.753947e-07,3.214747e-07,0.3960,0.0273,489
21,features.17,89,pruned_before,nan,0.000000e+00,0.000000e+00,0.0000,0.0000,0
21,features.17,90,active,-0.053338,2.903692e-07,1.111713e-07,0.1998,0.0094,489
21,features.17,91,active,-0.010514,5.736322e-08,2.234249e-08,0.0395,0.0019,489
21,features.17,92,pruned_before,nan,0.000000e+00,0.000000e+00,0.0000,0.0000,0
21,features.17,93,active,-0.063050,3.286104e-07,8.059550e-08,0.2261,0.0068,489
21,features.17,94,pruned_before,nan,0.000000e+00,0.000000e+00,0.0000,0.0000,0
21,features.17,95,active,-0.033705,2.186199e-07,1.922364e-07,0.1504,0.0163,489
21,features.17,96,active,-0.020466,1.058315e-07,2.325871e-08,0.0728,0.0020,489
21,features.17,97,active,-0.005940,4.366531e-08,5.171304e-08,0.0300,0.0044,489
21,features.17,98,pruned_before,nan,0.000000e+00,0.000000e+00,0.0000,0.0000,0
21,features.17,99,active,-0.030402,1.737210e-07,9.189307e-08,0.1196,0.0078,489
21,features.17,100,active,-0.015453,1.349075e-07,2.085360e-07,0.0928,0.0177,489
21,features.17,101,pruned_before,nan,0.000000e+00,0.000000e+00,0.0000,0.0000,0
21,features.17,102,pruned_before,nan,0.000000e+00,0.000000e+00,0.0000,0.0000,0
21,features.17,103,active,-0.051130,2.549335e-07,2.524821e-08,0.1754,0.0021,489
21,features.17,104,pruned_before,nan,0.000000e+00,0.000000e+00,0.0000,0.0000,0
21,features.17,105,active,-0.098870,6.176547e-07,4.818174e-07,0.4251,0.0409,489
21,features.17,106,active,-0.007797,4.570333e-08,2.755624e-08,0.0315,0.0023,489
21,features.17,107,active,-0.082917,4.585950e-07,1.978130e-07,0.3156,0.0168,489
21,features.17,108,active,-0.016425,8.938614e-08,3.413069e-08,0.0615,0.0029,489
21,features.17,109,active,-0.055557,3.233220e-07,1.882675e-07,0.2225,0.0160,489
21,features.17,110,pruned_before,nan,0.000000e+00,0.000000e+00,0.0000,0.0000,0
21,features.17,111,active,-0.023329,1.203728e-07,2.560086e-08,0.0828,0.0022,489
21,features.17,112,active,-0.019841,9.996064e-08,1.338483e-08,0.0688,0.0011,489
21,features.17,113,active,-0.019166,1.177038e-07,8.635194e-08,0.0810,0.0073,489
21,features.17,114,active,-0.005663,3.220325e-08,1.657655e-08,0.0222,0.0014,489
21,features.17,115,pruned_before,nan,0.000000e+00,0.000000e+00,0.0000,0.0000,0
21,features.17,116,active,-0.064891,3.380513e-07,8.241533e-08,0.2326,0.0070,489
21,features.17,117,active,-0.017659,1.081724e-07,7.860136e-08,0.0744,0.0067,489
21,features.17,118,active,-0.044227,2.192496e-07,1.745145e-08,0.1509,0.0015,489
21,features.17,119,pruned_before,nan,0.000000e+00,0.000000e+00,0.0000,0.0000,0
21,features.17,120,active,-0.042749,2.115171e-07,1.545145e-08,0.1456,0.0013,489
21,features.17,121,pruned_before,nan,0.000000e+00,0.000000e+00,0.0000,0.0000,0
21,features.17,122,active,-0.013464,8.607864e-08,7.244658e-08,0.0592,0.0062,489
21,features.17,123,active,-0.103573,5.983876e-07,3.358043e-07,0.4118,0.0285,489
21,features.17,124,pruned_before,nan,0.000000e+00,0.000000e+00,0.0000,0.0000,0
21,features.17,125,active,-0.059352,3.035119e-07,5.564269e-08,0.2089,0.0047,489
21,features.17,126,pruned_before,nan,0.000000e+00,0.000000e+00,0.0000,0.0000,0
21,features.17,127,active,-0.043144,2.492471e-07,1.398251e-07,0.1715,0.0119,489
21,features.17,128,pruned_before,nan,0.000000e+00,0.000000e+00,0.0000,0.0000,0
21,features.17,129,active,-0.076855,3.871540e-07,5.169259e-08,0.2664,0.0044,489
21,features.17,130,active,-0.010487,5.393649e-08,1.089733e-08,0.0371,0.0009,489
21,features.17,131,active,-0.031272,1.540121e-07,8.810337e-09,0.1060,0.0007,489
21,features.17,132,active,-0.138398,7.138917e-07,1.511456e-07,0.4913,0.0128,489
21,features.17,133,pruned_before,nan,0.000000e+00,0.000000e+00,0.0000,0.0000,0
21,features.17,134,active,-0.019800,1.447138e-07,1.694724e-07,0.0996,0.0144,489
21,features.17,135,active,-0.026160,1.594710e-07,1.137494e-07,0.1097,0.0097,489
21,features.17,136,active,-0.011460,6.251034e-08,2.431037e-08,0.0430,0.0021,489
21,features.17,137,active,-0.027635,1.503963e-07,5.742397e-08,0.1035,0.0049,489
21,features.17,138,active,-0.010540,5.201406e-08,3.329333e-09,0.0358,0.0003,489
21,features.17,139,active,-0.089823,4.480008e-07,4.486857e-08,0.3083,0.0038,489
21,features.17,140,pruned_before,nan,0.000000e+00,0.000000e+00,0.0000,0.0000,0
21,features.17,141,active,-0.073064,3.687986e-07,5.171899e-08,0.2538,0.0044,489
21,features.17,142,pruned_before,nan,0.000000e+00,0.000000e+00,0.0000,0.0000,0
21,features.17,143,active,-0.136926,6.931875e-07,1.040038e-07,0.4770,0.0088,489
21,features.17,144,active,-0.003886,8.562952e-08,2.319807e-07,0.0589,0.0197,489
21,features.17,145,active,-0.006142,3.439169e-08,1.610975e-08,0.0237,0.0014,489
21,features.17,146,active,-0.043351,2.203105e-07,3.587473e-08,0.1516,0.0030,489
21,features.17,147,pruned_before,nan,0.000000e+00,0.000000e+00,0.0000,0.0000,0
21,features.17,148,pruned_before,nan,0.000000e+00,0.000000e+00,0.0000,0.0000,0
21,features.17,149,active,-0.079014,3.954103e-07,4.405458e-08,0.2721,0.0037,489
21,features.17,150,pruned_before,nan,0.000000e+00,0.000000e+00,0.0000,0.0000,0
21,features.17,151,active,-0.108066,5.454447e-07,7.639256e-08,0.3754,0.0065,489
21,features.17,152,active,-0.021176,1.097568e-07,2.494616e-08,0.0755,0.0021,489
21,features.17,153,active,-0.128691,7.112285e-07,3.051713e-07,0.4894,0.0259,489
21,features.17,154,pruned_before,nan,0.000000e+00,0.000000e+00,0.0000,0.0000,0
21,features.17,155,pruned_before,nan,0.000000e+00,0.000000e+00,0.0000,0.0000,0
21,features.17,156,active,-0.010256,6.889577e-08,6.672980e-08,0.0474,0.0057,489
21,features.17,157,protected,-0.115052,1.435596e-06,3.049863e-06,0.9879,0.2590,489
21,features.17,158,pruned_before,nan,0.000000e+00,0.000000e+00,0.0000,0.0000,0
21,features.17,159,pruned_before,nan,0.000000e+00,0.000000e+00,0.0000,0.0000,0
21,features.17,160,pruned_before,nan,0.000000e+00,0.000000e+00,0.0000,0.0000,0
21,features.17,161,pruned_before,nan,0.000000e+00,0.000000e+00,0.0000,0.0000,0
21,features.17,162,active,-0.026451,1.307740e-07,9.208550e-09,0.0900,0.0008,489
21,features.17,163,pruned_before,nan,0.000000e+00,0.000000e+00,0.0000,0.0000,0
21,features.17,164,active,-0.036792,1.803829e-07,7.541920e-09,0.1241,0.0006,489
21,features.17,165,active,-0.065962,3.456191e-07,9.068329e-08,0.2378,0.0077,489
21,features.17,166,pruned_before,nan,0.000000e+00,0.000000e+00,0.0000,0.0000,0
21,features.17,167,pruned_now,-0.154393,7.843037e-07,1.266100e-07,0.5397,0.0108,489
21,features.17,168,pruned_before,nan,0.000000e+00,0.000000e+00,0.0000,0.0000,0
21,features.17,169,pruned_before,nan,0.000000e+00,0.000000e+00,0.0000,0.0000,0
21,features.17,170,pruned_before,nan,0.000000e+00,0.000000e+00,0.0000,0.0000,0
21,features.17,171,pruned_before,nan,0.000000e+00,0.000000e+00,0.0000,0.0000,0
21,features.17,172,pruned_before,nan,0.000000e+00,0.000000e+00,0.0000,0.0000,0
21,features.17,173,pruned_before,nan,0.000000e+00,0.000000e+00,0.0000,0.0000,0
21,features.17,174,active,-0.007082,4.258737e-08,2.876597e-08,0.0293,0.0024,489
21,features.17,175,active,-0.005158,1.108902e-07,2.982968e-07,0.0763,0.0253,489
21,features.17,176,active,-0.053200,2.699650e-07,4.263455e-08,0.1858,0.0036,489
21,features.17,177,active,-0.000691,1.158443e-08,2.860683e-08,0.0080,0.0024,489
21,features.17,178,pruned_before,nan,0.000000e+00,0.000000e+00,0.0000,0.0000,0
21,features.17,179,active,-0.006071,3.255008e-08,1.091688e-08,0.0224,0.0009,489
21,features.17,180,active,-0.039323,1.966769e-07,2.155627e-08,0.1353,0.0018,489
21,features.17,181,active,-0.037778,2.174135e-07,1.195449e-07,0.1496,0.0102,489
21,features.17,182,pruned_before,nan,0.000000e+00,0.000000e+00,0.0000,0.0000,0
21,features.17,183,active,-0.011215,5.789848e-08,1.241438e-08,0.0398,0.0011,489
21,features.17,184,active,-0.014868,7.469730e-08,9.302897e-09,0.0514,0.0008,489
21,features.17,185,active,-0.095929,4.808139e-07,5.610924e-08,0.3309,0.0048,489
21,features.17,186,active,-0.037399,1.911319e-07,3.465220e-08,0.1315,0.0029,489
21,features.17,187,active,-0.004165,2.240630e-08,7.747903e-09,0.0154,0.0007,489
21,features.17,188,pruned_before,nan,0.000000e+00,0.000000e+00,0.0000,0.0000,0
21,features.17,189,active,-0.005982,4.483488e-08,5.506273e-08,0.0309,0.0047,489
21,features.17,190,active,-0.002576,2.435631e-08,4.125120e-08,0.0168,0.0035,489
21,features.17,191,active,-0.015300,7.599852e-08,6.556115e-09,0.0523,0.0006,489
21,features.17,192,active,-0.022576,2.032921e-07,3.262039e-07,0.1399,0.0277,489
21,features.17,193,active,-0.042457,2.132221e-07,2.628470e-08,0.1467,0.0022,489
21,features.17,194,active,-0.041871,2.422017e-07,1.367776e-07,0.1667,0.0116,489
21,features.17,195,pruned_now,-0.222703,1.197150e-06,4.112455e-07,0.8238,0.0349,489
21,features.17,196,pruned_before,nan,0.000000e+00,0.000000e+00,0.0000,0.0000,0
21,features.17,197,active,-0.093728,5.189263e-07,2.254682e-07,0.3571,0.0192,489
21,features.17,198,active,-0.019515,9.958895e-08,1.757608e-08,0.0685,0.0015,489
21,features.17,199,active,-0.029061,1.457407e-07,1.728285e-08,0.1003,0.0015,489
21,features.17,200,active,-0.057714,2.886264e-07,3.150552e-08,0.1986,0.0027,489
21,features.17,201,pruned_before,nan,0.000000e+00,0.000000e+00,0.0000,0.0000,0
21,features.17,202,active,-0.033354,2.191030e-07,1.998200e-07,0.1508,0.0170,489
21,features.17,203,pruned_now,-0.148870,7.551867e-07,1.184106e-07,0.5197,0.0101,489
21,features.17,204,active,-0.016324,8.093765e-08,6.495357e-09,0.0557,0.0006,489
21,features.17,205,pruned_before,nan,0.000000e+00,0.000000e+00,0.0000,0.0000,0
21,features.17,206,pruned_before,nan,0.000000e+00,0.000000e+00,0.0000,0.0000,0
21,features.17,207,active,-0.079907,3.919228e-07,1.692634e-08,0.2697,0.0014,489
21,features.17,208,pruned_before,nan,0.000000e+00,0.000000e+00,0.0000,0.0000,0
21,features.17,209,active,-0.005643,2.961269e-08,7.911252e-09,0.0204,0.0007,489
21,features.17,210,pruned_before,nan,0.000000e+00,0.000000e+00,0.0000,0.0000,0
21,features.17,211,pruned_before,nan,0.000000e+00,0.000000e+00,0.0000,0.0000,0
21,features.17,212,pruned_before,nan,0.000000e+00,0.000000e+00,0.0000,0.0000,0
21,features.17,213,active,-0.050194,2.470059e-07,1.346544e-08,0.1700,0.0011,489
21,features.17,214,pruned_before,nan,0.000000e+00,0.000000e+00,0.0000,0.0000,0
21,features.17,215,active,-0.011150,5.972080e-08,1.984460e-08,0.0411,0.0017,489
21,features.17,216,active,-0.082403,4.103689e-07,3.899487e-08,0.2824,0.0033,489
21,features.17,217,active,-0.004678,2.567781e-08,1.048253e-08,0.0177,0.0009,489
21,features.17,218,active,-0.048315,2.551582e-07,7.337380e-08,0.1756,0.0062,489
21,features.17,219,active,-0.019105,1.005694e-07,2.788213e-08,0.0692,0.0024,489
21,features.17,220,active,-0.026516,1.375873e-07,3.178096e-08,0.0947,0.0027,489
21,features.17,221,active,-0.016329,1.423667e-07,2.197181e-07,0.0980,0.0187,489
21,features.17,222,pruned_before,nan,0.000000e+00,0.000000e+00,0.0000,0.0000,0
21,features.17,223,pruned_before,nan,0.000000e+00,0.000000e+00,0.0000,0.0000,0
21,features.17,224,active,-0.001382,7.442834e-08,2.352001e-07,0.0512,0.0200,489
21,features.17,225,active,-0.025673,1.357734e-07,3.964814e-08,0.0934,0.0034,489
21,features.17,226,pruned_before,nan,0.000000e+00,0.000000e+00,0.0000,0.0000,0
21,features.17,227,active,-0.040801,2.262456e-07,9.936151e-08,0.1557,0.0084,489
21,features.17,228,active,-0.047720,2.713761e-07,1.396988e-07,0.1868,0.0119,489
21,features.17,229,pruned_before,nan,0.000000e+00,0.000000e+00,0.0000,0.0000,0
21,features.17,230,pruned_before,nan,0.000000e+00,0.000000e+00,0.0000,0.0000,0
21,features.17,231,pruned_now,-0.211820,1.138108e-06,3.892750e-07,0.7832,0.0331,489
21,features.17,232,pruned_before,nan,0.000000e+00,0.000000e+00,0.0000,0.0000,0
21,features.17,233,active,-0.056198,2.856031e-07,4.650847e-08,0.1965,0.0040,489
21,features.17,234,pruned_before,nan,0.000000e+00,0.000000e+00,0.0000,0.0000,0
21,features.17,235,active,-0.058939,4.042516e-07,4.123992e-07,0.2782,0.0350,489
21,features.17,236,active,-0.038347,1.928409e-07,2.464101e-08,0.1327,0.0021,489
21,features.17,237,pruned_before,nan,0.000000e+00,0.000000e+00,0.0000,0.0000,0
21,features.17,238,active,-0.013636,7.201092e-08,2.069469e-08,0.0496,0.0018,489
21,features.17,239,active,-0.051201,2.590285e-07,3.828753e-08,0.1783,0.0033,489
21,features.17,240,pruned_before,nan,0.000000e+00,0.000000e+00,0.0000,0.0000,0
21,features.17,241,pruned_before,nan,0.000000e+00,0.000000e+00,0.0000,0.0000,0
21,features.17,242,active,-0.013038,6.702220e-08,1.343862e-08,0.0461,0.0011,489
21,features.17,243,pruned_before,nan,0.000000e+00,0.000000e+00,0.0000,0.0000,0
21,features.17,244,active,-0.075185,3.698532e-07,1.970816e-08,0.2545,0.0017,489
21,features.17,245,active,-0.009278,4.679006e-08,6.423428e-09,0.0322,0.0005,489
21,features.17,246,pruned_before,nan,0.000000e+00,0.000000e+00,0.0000,0.0000,0
21,features.17,247,active,-0.100743,5.053011e-07,6.016778e-08,0.3477,0.0051,489
21,features.17,248,pruned_before,nan,0.000000e+00,0.000000e+00,0.0000,0.0000,0
21,features.17,249,pruned_before,nan,0.000000e+00,0.000000e+00,0.0000,0.0000,0
21,features.17,250,active,-0.124270,6.447269e-07,1.486097e-07,0.4437,0.0126,489
21,features.17,251,pruned_before,nan,0.000000e+00,0.000000e+00,0.0000,0.0000,0
21,features.17,252,pruned_before,nan,0.000000e+00,0.000000e+00,0.0000,0.0000,0
21,features.17,253,active,-0.043070,2.127851e-07,1.446047e-08,0.1464,0.0012,489
21,features.17,254,active,-0.030400,1.636260e-07,5.685715e-08,0.1126,0.0048,489
21,features.17,255,active,-0.077331,4.329071e-07,2.025666e-07,0.2979,0.0172,489
21,features.17,256,active,-0.056961,2.825219e-07,2.298392e-08,0.1944,0.0020,489
21,features.17,257,active,-0.002294,5.138320e-08,1.398378e-07,0.0354,0.0119,489
21,features.17,258,active,-0.038496,1.967116e-07,3.558092e-08,0.1354,0.0030,489
21,features.17,259,active,-0.060759,3.120711e-07,6.171203e-08,0.2148,0.0052,489
21,features.17,260,active,-0.013209,7.006585e-08,2.112555e-08,0.0482,0.0018,489
21,features.17,261,active,-0.036794,2.422636e-07,2.223801e-07,0.1667,0.0189,489
21,features.17,262,pruned_before,nan,0.000000e+00,0.000000e+00,0.0000,0.0000,0
21,features.17,263,active,-0.024948,1.473680e-07,9.211016e-08,0.1014,0.0078,489
21,features.17,264,active,-0.019749,1.134773e-07,6.187895e-08,0.0781,0.0053,489
21,features.17,265,active,-0.046407,2.392372e-07,5.018180e-08,0.1646,0.0043,489
21,features.17,266,pruned_before,nan,0.000000e+00,0.000000e+00,0.0000,0.0000,0
21,features.17,267,pruned_before,nan,0.000000e+00,0.000000e+00,0.0000,0.0000,0
21,features.17,268,pruned_before,nan,0.000000e+00,0.000000e+00,0.0000,0.0000,0
21,features.17,269,active,-0.063752,3.128924e-07,1.422329e-08,0.2153,0.0012,489
21,features.17,270,active,-0.013347,6.810757e-08,1.201037e-08,0.0469,0.0010,489
21,features.17,271,active,-0.008412,5.369653e-08,4.497944e-08,0.0370,0.0038,489
21,features.17,272,active,-0.022765,1.137464e-07,1.208105e-08,0.0783,0.0010,489
21,features.17,273,pruned_before,nan,0.000000e+00,0.000000e+00,0.0000,0.0000,0
21,features.17,274,pruned_before,nan,0.000000e+00,0.000000e+00,0.0000,0.0000,0
21,features.17,275,active,-0.016572,9.437162e-08,4.896100e-08,0.0649,0.0042,489
21,features.17,276,active,-0.009123,4.552373e-08,4.639367e-09,0.0313,0.0004,489
21,features.17,277,pruned_before,nan,0.000000e+00,0.000000e+00,0.0000,0.0000,0
21,features.17,278,active,-0.063316,3.342817e-07,9.581481e-08,0.2300,0.0081,489
21,features.17,279,pruned_now,-0.171047,8.349089e-07,2.222202e-08,0.5746,0.0019,489
21,features.17,280,pruned_before,nan,0.000000e+00,0.000000e+00,0.0000,0.0000,0
21,features.17,281,active,-0.089806,4.431818e-07,2.841651e-08,0.3050,0.0024,489
21,features.17,282,pruned_before,nan,0.000000e+00,0.000000e+00,0.0000,0.0000,0
21,features.17,283,pruned_before,nan,0.000000e+00,0.000000e+00,0.0000,0.0000,0
21,features.17,284,pruned_before,nan,0.000000e+00,0.000000e+00,0.0000,0.0000,0
21,features.17,285,active,-0.130408,6.490201e-07,6.027767e-08,0.4466,0.0051,489
21,features.17,286,active,-0.045038,2.229561e-07,1.667516e-08,0.1534,0.0014,489
21,features.17,287,pruned_before,nan,0.000000e+00,0.000000e+00,0.0000,0.0000,0
21,features.17,288,active,-0.013843,7.131332e-08,1.479068e-08,0.0491,0.0013,489
21,features.17,289,active,-0.070500,3.638874e-07,7.780204e-08,0.2504,0.0066,489
21,features.17,290,pruned_before,nan,0.000000e+00,0.000000e+00,0.0000,0.0000,0
21,features.17,291,pruned_before,nan,0.000000e+00,0.000000e+00,0.0000,0.0000,0
21,features.17,292,pruned_before,nan,0.000000e+00,0.000000e+00,0.0000,0.0000,0
21,features.17,293,active,-0.008538,8.789962e-08,1.616158e-07,0.0605,0.0137,489
21,features.17,294,pruned_before,nan,0.000000e+00,0.000000e+00,0.0000,0.0000,0
21,features.17,295,active,-0.132937,7.134245e-07,2.413773e-07,0.4910,0.0205,489
21,features.17,296,active,-0.090524,4.462650e-07,2.704914e-08,0.3071,0.0023,489
21,features.17,297,pruned_before,nan,0.000000e+00,0.000000e+00,0.0000,0.0000,0
21,features.17,298,pruned_before,nan,0.000000e+00,0.000000e+00,0.0000,0.0000,0
21,features.17,299,active,-0.035702,1.823186e-07,3.260160e-08,0.1255,0.0028,489
21,features.17,300,active,-0.074793,3.981654e-07,1.246134e-07,0.2740,0.0106,489
21,features.17,301,pruned_before,nan,0.000000e+00,0.000000e+00,0.0000,0.0000,0
21,features.17,302,active,-0.067998,4.064135e-07,2.675521e-07,0.2797,0.0227,489
21,features.17,303,active,-0.059072,3.371270e-07,1.770867e-07,0.2320,0.0150,489
21,features.17,304,pruned_before,nan,0.000000e+00,0.000000e+00,0.0000,0.0000,0
21,features.17,305,pruned_before,nan,0.000000e+00,0.000000e+00,0.0000,0.0000,0
21,features.17,306,active,-0.130026,6.637302e-07,1.177832e-07,0.4568,0.0100,489
21,features.17,307,pruned_before,nan,0.000000e+00,0.000000e+00,0.0000,0.0000,0
21,features.17,308,pruned_before,nan,0.000000e+00,0.000000e+00,0.0000,0.0000,0
21,features.17,309,active,-0.007697,4.050451e-08,1.119303e-08,0.0279,0.0010,489
21,features.17,310,active,-0.028623,1.493237e-07,3.709756e-08,0.1028,0.0032,489
21,features.17,311,active,-0.056281,2.897759e-07,5.960227e-08,0.1994,0.0051,489
21,features.17,312,active,-0.023265,1.213198e-07,2.996413e-08,0.0835,0.0025,489
21,features.17,313,active,0.001384,3.102024e-08,1.309895e-07,0.0213,0.0111,489
21,features.17,314,active,-0.070813,3.508144e-07,2.713011e-08,0.2414,0.0023,489
21,features.17,315,active,-0.001683,9.958431e-09,6.269154e-09,0.0069,0.0005,489
21,features.17,316,active,-0.025479,1.249644e-07,5.392819e-09,0.0860,0.0005,489
21,features.17,317,active,-0.008761,7.343816e-08,1.076505e-07,0.0505,0.0091,489
21,features.17,318,active,-0.015783,9.284146e-08,5.692998e-08,0.0639,0.0048,489
21,features.17,319,pruned_before,nan,0.000000e+00,0.000000e+00,0.0000,0.0000,0
21,features.17,320,pruned_before,nan,0.000000e+00,0.000000e+00,0.0000,0.0000,0
21,features.17,321,pruned_before,nan,0.000000e+00,0.000000e+00,0.0000,0.0000,0
21,features.17,322,pruned_before,nan,0.000000e+00,0.000000e+00,0.0000,0.0000,0
21,features.17,323,pruned_before,nan,0.000000e+00,0.000000e+00,0.0000,0.0000,0
21,features.17,324,pruned_before,nan,0.000000e+00,0.000000e+00,0.0000,0.0000,0
21,features.17,325,active,-0.038271,2.011373e-07,5.473966e-08,0.1384,0.0046,489
21,features.17,326,active,-0.070080,3.922339e-07,1.832884e-07,0.2699,0.0156,489
21,features.17,327,active,-0.131649,7.188056e-07,2.817154e-07,0.4947,0.0239,489
21,features.17,328,active,-0.010439,9.532341e-08,1.554164e-07,0.0656,0.0132,489
21,features.17,329,active,-0.097665,5.500984e-07,2.674964e-07,0.3786,0.0227,489
21,features.17,330,active,-0.047578,2.431167e-07,4.396392e-08,0.1673,0.0037,489
21,features.17,331,active,-0.050671,2.533494e-07,2.747915e-08,0.1743,0.0023,489
21,features.17,332,pruned_before,nan,0.000000e+00,0.000000e+00,0.0000,0.0000,0
21,features.17,333,active,-0.055498,5.055554e-07,8.220523e-07,0.3479,0.0698,489
21,features.17,334,active,-0.067495,3.326390e-07,1.983002e-08,0.2289,0.0017,489
21,features.17,335,active,-0.060662,3.162041e-07,7.768266e-08,0.2176,0.0066,489
21,features.17,336,active,-0.032715,1.786214e-07,6.999409e-08,0.1229,0.0059,489
21,features.17,337,active,-0.057279,2.924939e-07,5.225091e-08,0.2013,0.0044,489
21,features.17,338,pruned_before,nan,0.000000e+00,0.000000e+00,0.0000,0.0000,0
21,features.17,339,active,-0.058137,2.961809e-07,5.062555e-08,0.2038,0.0043,489
21,features.17,340,active,-0.086280,4.376789e-07,6.862008e-08,0.3012,0.0058,489
21,features.17,341,active,-0.065928,3.336935e-07,4.984009e-08,0.2296,0.0042,489
21,features.17,342,active,-0.052073,2.874175e-07,1.221929e-07,0.1978,0.0104,489
21,features.17,343,active,-0.047379,2.590575e-07,1.026660e-07,0.1783,0.0087,489
21,features.17,344,active,-0.007562,4.025014e-08,1.258162e-08,0.0277,0.0011,489
21,features.17,345,pruned_before,nan,0.000000e+00,0.000000e+00,0.0000,0.0000,0
21,features.17,346,active,-0.012656,8.985091e-08,9.913035e-08,0.0618,0.0084,489
21,features.17,347,active,-0.004926,2.600711e-08,7.461322e-09,0.0179,0.0006,489
21,features.17,348,active,-0.020847,1.420995e-07,1.427972e-07,0.0978,0.0121,489
21,features.17,349,active,-0.069155,3.641378e-07,1.012855e-07,0.2506,0.0086,489
21,features.17,350,active,-0.009403,5.289213e-08,2.550386e-08,0.0364,0.0022,489
21,features.17,351,active,-0.016564,9.304463e-08,4.449389e-08,0.0640,0.0038,489
21,features.17,352,pruned_before,nan,0.000000e+00,0.000000e+00,0.0000,0.0000,0
21,features.17,353,active,-0.029898,1.479055e-07,1.072229e-08,0.1018,0.0009,489
21,features.17,354,active,-0.041826,2.114558e-07,3.077378e-08,0.1455,0.0026,489
21,features.17,355,pruned_before,nan,0.000000e+00,0.000000e+00,0.0000,0.0000,0
21,features.17,356,active,-0.032239,1.861908e-07,1.042965e-07,0.1281,0.0089,489
21,features.17,357,active,-0.012159,8.972049e-08,1.070392e-07,0.0617,0.0091,489
21,features.17,358,active,-0.031959,1.608724e-07,2.108408e-08,0.1107,0.0018,489
21,features.17,359,active,-0.137833,7.102053e-07,1.478548e-07,0.4887,0.0126,489
21,features.17,360,active,0.000219,5.172193e-08,1.832892e-07,0.0356,0.0156,489
21,features.17,361,active,-0.067797,3.400419e-07,4.044778e-08,0.2340,0.0034,489
21,features.17,362,active,-0.062639,3.848667e-07,2.828529e-07,0.2649,0.0240,489
21,features.17,363,pruned_before,nan,0.000000e+00,0.000000e+00,0.0000,0.0000,0
21,features.17,364,pruned_before,nan,0.000000e+00,0.000000e+00,0.0000,0.0000,0
21,features.17,365,active,-0.011113,7.531688e-08,7.461936e-08,0.0518,0.0063,489
21,features.17,366,active,-0.091922,4.540741e-07,3.064690e-08,0.3125,0.0026,489
21,features.17,367,pruned_before,nan,0.000000e+00,0.000000e+00,0.0000,0.0000,0
21,features.17,368,active,-0.070756,3.520798e-07,3.248658e-08,0.2423,0.0028,489
21,features.17,369,active,-0.120598,5.955973e-07,3.976266e-08,0.4099,0.0034,489
21,features.17,370,protected,0.662925,1.795814e-07,1.177362e-05,0.1236,1.0000,489
21,features.17,371,active,-0.077714,3.830657e-07,2.305644e-08,0.2636,0.0020,489
21,features.17,372,active,-0.049919,2.678191e-07,9.036987e-08,0.1843,0.0077,489
21,features.17,373,pruned_before,nan,0.000000e+00,0.000000e+00,0.0000,0.0000,0
21,features.17,374,pruned_now,-0.152947,8.045344e-07,2.211878e-07,0.5537,0.0188,489
21,features.17,375,pruned_before,nan,0.000000e+00,0.000000e+00,0.0000,0.0000,0
21,features.17,376,active,-0.038049,1.874269e-07,1.085772e-08,0.1290,0.0009,489
21,features.17,377,pruned_before,nan,0.000000e+00,0.000000e+00,0.0000,0.0000,0
21,features.17,378,active,-0.020867,1.415435e-07,1.405193e-07,0.0974,0.0119,489
21,features.17,379,active,-0.108248,5.546174e-07,1.051868e-07,0.3817,0.0089,489
21,features.17,380,active,-0.026724,1.346601e-07,1.810523e-08,0.0927,0.0015,489
21,features.17,381,pruned_before,nan,0.000000e+00,0.000000e+00,0.0000,0.0000,0
21,features.17,382,active,-0.138554,7.503831e-07,2.752303e-07,0.5164,0.0234,489
21,features.17,383,active,-0.017077,9.053055e-08,2.713467e-08,0.0623,0.0023,489
21,features.17,384,active,-0.092981,4.817871e-07,1.090730e-07,0.3316,0.0093,489
21,features.17,385,active,-0.058332,2.957102e-07,4.570924e-08,0.2035,0.0039,489
21,features.17,386,active,-0.083142,6.631666e-07,9.043872e-07,0.4564,0.0768,489
21,features.17,387,pruned_before,nan,0.000000e+00,0.000000e+00,0.0000,0.0000,0
21,features.17,388,active,-0.042848,2.224909e-07,5.190200e-08,0.1531,0.0044,489
21,features.17,389,active,-0.053146,2.666966e-07,3.219067e-08,0.1835,0.0027,489
21,features.17,390,active,-0.014001,7.934907e-08,4.003811e-08,0.0546,0.0034,489
21,features.17,391,active,-0.079253,4.065584e-07,7.873845e-08,0.2798,0.0067,489
21,features.17,392,active,-0.034497,1.804703e-07,4.645230e-08,0.1242,0.0039,489
21,features.17,393,active,-0.073781,3.837329e-07,9.152594e-08,0.2641,0.0078,489
21,features.17,394,active,-0.047692,2.417526e-07,3.730322e-08,0.1664,0.0032,489
21,features.17,395,active,-0.049469,2.963255e-07,1.969159e-07,0.2039,0.0167,489
21,features.17,396,pruned_now,-0.147332,7.628929e-07,1.710261e-07,0.5250,0.0145,489
21,features.17,397,active,-0.006088,4.595718e-08,5.718010e-08,0.0316,0.0049,489
21,features.17,398,active,-0.021117,1.072822e-07,1.734446e-08,0.0738,0.0015,489
21,features.17,399,pruned_before,nan,0.000000e+00,0.000000e+00,0.0000,0.0000,0
21,features.17,400,pruned_before,nan,0.000000e+00,0.000000e+00,0.0000,0.0000,0
21,features.17,401,active,-0.036827,2.089648e-07,1.061995e-07,0.1438,0.0090,489
21,features.17,402,active,-0.064160,3.421067e-07,1.087926e-07,0.2354,0.0092,489
21,features.17,403,active,-0.007435,3.778179e-08,6.147721e-09,0.0260,0.0005,489
21,features.17,404,pruned_before,nan,0.000000e+00,0.000000e+00,0.0000,0.0000,0
21,features.17,405,active,-0.072492,3.802938e-07,1.012623e-07,0.2617,0.0086,489
21,features.17,406,pruned_now,-0.143842,7.375048e-07,1.415682e-07,0.5075,0.0120,489
21,features.17,407,active,-0.058057,3.010675e-07,6.894327e-08,0.2072,0.0059,489
21,features.17,408,pruned_before,nan,0.000000e+00,0.000000e+00,0.0000,0.0000,0
21,features.17,409,active,-0.128136,6.319738e-07,3.929064e-08,0.4349,0.0033,489
21,features.17,410,active,-0.010932,7.223041e-08,6.694730e-08,0.0497,0.0057,489
21,features.17,411,active,-0.085251,4.602745e-07,1.643829e-07,0.3167,0.0140,489
21,features.17,412,active,-0.121328,7.198152e-07,4.588186e-07,0.4954,0.0390,489
21,features.17,413,active,-0.005966,3.210886e-08,1.115142e-08,0.0221,0.0009,489
21,features.17,414,active,-0.008860,4.558657e-08,9.283242e-09,0.0314,0.0008,489
21,features.17,415,active,-0.025966,1.447295e-07,6.582832e-08,0.0996,0.0056,489
21,features.17,416,pruned_before,nan,0.000000e+00,0.000000e+00,0.0000,0.0000,0
21,features.17,417,pruned_before,nan,0.000000e+00,0.000000e+00,0.0000,0.0000,0
21,features.17,418,active,-0.021985,1.099407e-07,1.197852e-08,0.0757,0.0010,489
21,features.17,419,pruned_before,nan,0.000000e+00,0.000000e+00,0.0000,0.0000,0
21,features.17,420,pruned_before,nan,0.000000e+00,0.000000e+00,0.0000,0.0000,0
21,features.17,421,pruned_before,nan,0.000000e+00,0.000000e+00,0.0000,0.0000,0
21,features.17,422,pruned_before,nan,0.000000e+00,0.000000e+00,0.0000,0.0000,0
21,features.17,423,pruned_before,nan,0.000000e+00,0.000000e+00,0.0000,0.0000,0
21,features.17,424,pruned_before,nan,0.000000e+00,0.000000e+00,0.0000,0.0000,0
21,features.17,425,active,-0.037181,1.834350e-07,1.159772e-08,0.1262,0.0010,489
21,features.17,426,active,-0.025179,1.284183e-07,2.242316e-08,0.0884,0.0019,489
21,features.17,427,pruned_before,nan,0.000000e+00,0.000000e+00,0.0000,0.0000,0
21,features.17,428,pruned_before,nan,0.000000e+00,0.000000e+00,0.0000,0.0000,0
21,features.17,429,pruned_before,nan,0.000000e+00,0.000000e+00,0.0000,0.0000,0
21,features.17,430,pruned_now,-0.173123,9.519329e-07,3.936659e-07,0.6551,0.0334,489
21,features.17,431,active,-0.093612,4.729195e-07,6.766490e-08,0.3255,0.0057,489
21,features.17,432,active,-0.050586,2.498160e-07,1.663403e-08,0.1719,0.0014,489
21,features.17,433,pruned_before,nan,0.000000e+00,0.000000e+00,0.0000,0.0000,0
21,features.17,434,active,-0.037565,2.090414e-07,9.405387e-08,0.1439,0.0080,489
21,features.17,435,active,-0.027493,1.416682e-07,2.951307e-08,0.0975,0.0025,489
21,features.17,436,pruned_before,nan,0.000000e+00,0.000000e+00,0.0000,0.0000,0
21,features.17,437,active,-0.123312,6.404175e-07,1.497531e-07,0.4407,0.0127,489
21,features.17,438,pruned_before,nan,0.000000e+00,0.000000e+00,0.0000,0.0000,0
21,features.17,439,active,-0.043956,2.259097e-07,4.513095e-08,0.1555,0.0038,489
21,features.17,440,active,-0.067830,3.566611e-07,9.761450e-08,0.2454,0.0083,489
21,features.17,441,pruned_before,nan,0.000000e+00,0.000000e+00,0.0000,0.0000,0
21,features.17,442,active,-0.009558,9.053026e-08,1.536018e-07,0.0623,0.0130,489
21,features.17,443,active,-0.035969,1.810433e-07,2.368192e-08,0.1246,0.0020,489
21,features.17,444,active,-0.043284,2.165098e-07,2.379645e-08,0.1490,0.0020,489
21,features.17,445,pruned_before,nan,0.000000e+00,0.000000e+00,0.0000,0.0000,0
21,features.17,446,active,-0.047516,2.596353e-07,1.023622e-07,0.1787,0.0087,489
21,features.17,447,active,-0.014072,7.275097e-08,1.594054e-08,0.0501,0.0014,489
21,features.17,448,pruned_before,nan,0.000000e+00,0.000000e+00,0.0000,0.0000,0
21,features.17,449,active,-0.005710,2.994767e-08,7.959484e-09,0.0206,0.0007,489
21,features.17,450,pruned_before,nan,0.000000e+00,0.000000e+00,0.0000,0.0000,0
21,features.17,451,active,-0.083568,4.115865e-07,2.363187e-08,0.2832,0.0020,489
21,features.17,452,active,-0.034363,1.733789e-07,2.408198e-08,0.1193,0.0020,489
21,features.17,453,active,-0.028878,1.454940e-07,1.950704e-08,0.1001,0.0017,489
21,features.17,454,active,-0.054250,3.748591e-07,3.892109e-07,0.2580,0.0331,489
21,features.17,455,pruned_before,nan,0.000000e+00,0.000000e+00,0.0000,0.0000,0
21,features.17,456,active,-0.008125,4.301367e-08,1.270623e-08,0.0296,0.0011,489
21,features.17,457,active,-0.057208,3.164264e-07,1.365525e-07,0.2178,0.0116,489
21,features.17,458,active,-0.059406,2.945128e-07,2.348520e-08,0.2027,0.0020,489
21,features.17,459,pruned_before,nan,0.000000e+00,0.000000e+00,0.0000,0.0000,0
21,features.17,460,pruned_before,nan,0.000000e+00,0.000000e+00,0.0000,0.0000,0
21,features.17,461,active,-0.022698,1.145486e-07,1.599757e-08,0.0788,0.0014,489
21,features.17,462,pruned_before,nan,0.000000e+00,0.000000e+00,0.0000,0.0000,0
21,features.17,463,pruned_before,nan,0.000000e+00,0.000000e+00,0.0000,0.0000,0
21,features.17,464,pruned_before,nan,0.000000e+00,0.000000e+00,0.0000,0.0000,0
21,features.17,465,active,-0.021434,1.087195e-07,1.701479e-08,0.0748,0.0014,489
21,features.17,466,pruned_before,nan,0.000000e+00,0.000000e+00,0.0000,0.0000,0
21,features.17,467,pruned_before,nan,0.000000e+00,0.000000e+00,0.0000,0.0000,0
21,features.17,468,pruned_before,nan,0.000000e+00,0.000000e+00,0.0000,0.0000,0
21,features.17,469,active,-0.017935,1.161623e-07,1.017113e-07,0.0799,0.0086,489
21,features.17,470,pruned_before,nan,0.000000e+00,0.000000e+00,0.0000,0.0000,0
21,features.17,471,active,-0.007274,6.937000e-08,1.185408e-07,0.0477,0.0101,489
21,features.17,472,active,-0.091653,4.942585e-07,1.747139e-07,0.3401,0.0148,489
21,features.17,473,active,-0.033691,1.966882e-07,1.163249e-07,0.1354,0.0099,489
21,features.17,474,pruned_before,nan,0.000000e+00,0.000000e+00,0.0000,0.0000,0
21,features.17,475,active,-0.012908,3.035212e-07,8.368420e-07,0.2089,0.0711,489
21,features.17,476,active,-0.071990,3.711792e-07,7.805369e-08,0.2554,0.0066,489
21,features.17,477,pruned_before,nan,0.000000e+00,0.000000e+00,0.0000,0.0000,0
21,features.17,478,pruned_before,nan,0.000000e+00,0.000000e+00,0.0000,0.0000,0
21,features.17,479,active,-0.001611,9.463776e-09,5.771433e-09,0.0065,0.0005,489
21,features.17,480,active,-0.057690,3.229805e-07,1.512030e-07,0.2223,0.0128,489
21,features.17,481,active,-0.075863,8.609379e-07,1.713558e-06,0.5925,0.1455,489
21,features.17,482,pruned_before,nan,0.000000e+00,0.000000e+00,0.0000,0.0000,0
21,features.17,483,pruned_before,nan,0.000000e+00,0.000000e+00,0.0000,0.0000,0
21,features.17,484,pruned_before,nan,0.000000e+00,0.000000e+00,0.0000,0.0000,0
21,features.17,485,active,-0.034469,1.722492e-07,1.836870e-08,0.1185,0.0016,489
21,features.17,486,active,-0.030789,1.534490e-07,1.498273e-08,0.1056,0.0013,489
21,features.17,487,active,-0.010355,5.328252e-08,1.086122e-08,0.0367,0.0009,489
21,features.17,488,active,-0.066364,3.839505e-07,2.170303e-07,0.2642,0.0184,489
21,features.17,489,pruned_before,nan,0.000000e+00,0.000000e+00,0.0000,0.0000,0
21,features.17,490,active,-0.010294,7.056403e-08,7.188399e-08,0.0486,0.0061,489
21,features.17,491,pruned_before,nan,0.000000e+00,0.000000e+00,0.0000,0.0000,0
21,features.17,492,active,-0.082322,4.406646e-07,1.455648e-07,0.3033,0.0124,489
21,features.17,493,active,-0.084075,4.881610e-07,2.809913e-07,0.3359,0.0239,489
21,features.17,494,active,-0.028919,1.653252e-07,8.767113e-08,0.1138,0.0074,489
21,features.17,495,pruned_before,nan,0.000000e+00,0.000000e+00,0.0000,0.0000,0
21,features.17,496,active,-0.026066,1.309741e-07,1.638554e-08,0.0901,0.0014,489
21,features.17,497,pruned_before,nan,0.000000e+00,0.000000e+00,0.0000,0.0000,0
21,features.17,498,pruned_before,nan,0.000000e+00,0.000000e+00,0.0000,0.0000,0
21,features.17,499,active,-0.045910,2.320376e-07,3.354711e-08,0.1597,0.0028,489
21,features.17,500,active,-0.003417,1.113485e-07,3.291826e-07,0.0766,0.0280,489
21,features.17,501,active,-0.016956,9.404067e-08,4.135843e-08,0.0647,0.0035,489
21,features.17,502,active,-0.002689,1.490521e-08,6.521164e-09,0.0103,0.0006,489
21,features.17,503,active,-0.032015,1.607091e-07,1.957198e-08,0.1106,0.0017,489
21,features.17,504,pruned_before,nan,0.000000e+00,0.000000e+00,0.0000,0.0000,0
21,features.17,505,active,-0.042950,2.118984e-07,1.340980e-08,0.1458,0.0011,489
21,features.17,506,active,-0.041842,2.096326e-07,2.417070e-08,0.1443,0.0021,489
21,features.17,507,active,-0.070709,3.576164e-07,5.251040e-08,0.2461,0.0045,489
21,features.17,508,active,0.004087,3.063740e-08,1.751199e-07,0.0211,0.0149,489
21,features.17,509,pruned_before,nan,0.000000e+00,0.000000e+00,0.0000,0.0000,0
21,features.17,510,active,-0.082836,4.072475e-07,2.086675e-08,0.2803,0.0018,489
21,features.17,511,active,-0.001342,4.160083e-08,1.218865e-07,0.0286,0.0104,489
21,features.17,512,active,-0.037604,2.006844e-07,6.438779e-08,0.1381,0.0055,489
21,features.17,513,pruned_before,nan,0.000000e+00,0.000000e+00,0.0000,0.0000,0
21,features.17,514,pruned_before,nan,0.000000e+00,0.000000e+00,0.0000,0.0000,0
21,features.17,515,active,-0.078651,3.982738e-07,6.010495e-08,0.2741,0.0051,489
21,features.17,516,active,-0.025230,1.312652e-07,3.145684e-08,0.0903,0.0027,489
21,features.17,517,active,-0.036634,1.811782e-07,1.296266e-08,0.1247,0.0011,489
21,features.17,518,pruned_before,nan,0.000000e+00,0.000000e+00,0.0000,0.0000,0
21,features.17,519,pruned_before,nan,0.000000e+00,0.000000e+00,0.0000,0.0000,0
21,features.17,520,pruned_now,-0.215945,1.107483e-06,2.135511e-07,0.7621,0.0181,489
21,features.17,521,pruned_before,nan,0.000000e+00,0.000000e+00,0.0000,0.0000,0
21,features.17,522,active,-0.051767,2.579750e-07,2.509755e-08,0.1775,0.0021,489
21,features.17,523,active,-0.006725,3.568120e-08,1.079322e-08,0.0246,0.0009,489
21,features.17,524,active,-0.037498,1.891282e-07,2.603684e-08,0.1302,0.0022,489
21,features.17,525,active,-0.030595,1.510898e-07,1.004896e-08,0.1040,0.0009,489
21,features.17,526,pruned_before,nan,0.000000e+00,0.000000e+00,0.0000,0.0000,0
21,features.17,527,active,-0.019578,1.030256e-07,2.844889e-08,0.0709,0.0024,489
21,features.17,528,active,-0.032898,2.035620e-07,1.535319e-07,0.1401,0.0130,489
21,features.17,529,active,0.001034,2.223880e-08,9.460917e-08,0.0153,0.0080,489
21,features.17,530,active,-0.024555,1.280920e-07,3.179314e-08,0.0881,0.0027,489
21,features.17,531,active,-0.027056,1.374981e-07,2.237566e-08,0.0946,0.0019,489
21,features.17,532,active,-0.000599,4.012408e-09,3.858772e-09,0.0028,0.0003,489
21,features.17,533,active,-0.020654,1.166665e-07,5.772707e-08,0.0803,0.0049,489
21,features.17,534,pruned_before,nan,0.000000e+00,0.000000e+00,0.0000,0.0000,0
21,features.17,535,pruned_before,nan,0.000000e+00,0.000000e+00,0.0000,0.0000,0
21,features.17,536,active,-0.035234,1.981265e-07,9.535236e-08,0.1363,0.0081,489
21,features.17,537,pruned_before,nan,0.000000e+00,0.000000e+00,0.0000,0.0000,0
21,features.17,538,active,-0.132239,6.819386e-07,1.437823e-07,0.4693,0.0122,489
21,features.17,539,pruned_before,nan,0.000000e+00,0.000000e+00,0.0000,0.0000,0
21,features.17,540,pruned_before,nan,0.000000e+00,0.000000e+00,0.0000,0.0000,0
21,features.17,541,pruned_before,nan,0.000000e+00,0.000000e+00,0.0000,0.0000,0
21,features.17,542,active,0.005251,1.362128e-07,5.613115e-07,0.0937,0.0477,489
21,features.17,543,active,-0.005072,2.568962e-08,3.890008e-09,0.0177,0.0003,489
21,features.17,544,pruned_before,nan,0.000000e+00,0.000000e+00,0.0000,0.0000,0
21,features.17,545,pruned_before,nan,0.000000e+00,0.000000e+00,0.0000,0.0000,0
21,features.17,546,active,-0.015231,8.316114e-08,3.259573e-08,0.0572,0.0028,489
21,features.17,547,pruned_now,-0.154167,7.783163e-07,1.096330e-07,0.5356,0.0093,489
21,features.17,548,active,-0.096742,4.835367e-07,5.188192e-08,0.3328,0.0044,489
21,features.17,549,active,-0.023258,1.210294e-07,2.907717e-08,0.0833,0.0025,489
21,features.17,550,active,-0.029694,1.622778e-07,6.405240e-08,0.1117,0.0054,489
21,features.17,551,protected,0.122462,1.284287e-06,6.519310e-06,0.8838,0.5537,489
21,features.17,552,active,-0.021591,1.114956e-07,2.401115e-08,0.0767,0.0020,489
21,features.17,553,active,-0.007429,4.005889e-08,1.415710e-08,0.0276,0.0012,489
21,features.17,554,pruned_before,nan,0.000000e+00,0.000000e+00,0.0000,0.0000,0
21,features.17,555,active,-0.011237,5.629727e-08,6.478590e-09,0.0387,0.0006,489
21,features.17,556,active,-0.014082,1.196553e-07,1.786490e-07,0.0823,0.0152,489
21,features.17,557,active,-0.105220,5.272340e-07,6.102421e-08,0.3628,0.0052,489
21,features.17,558,active,-0.000181,1.284539e-08,4.155829e-08,0.0088,0.0035,489
21,features.17,559,active,-0.111796,5.998047e-07,2.024208e-07,0.4128,0.0172,489
21,features.17,560,active,-0.027693,1.464643e-07,4.279876e-08,0.1008,0.0036,489
21,features.17,561,active,-0.003571,1.898056e-08,5.842673e-09,0.0131,0.0005,489
21,features.17,562,active,-0.023787,1.780584e-07,2.182111e-07,0.1225,0.0185,489
21,features.17,563,pruned_before,nan,0.000000e+00,0.000000e+00,0.0000,0.0000,0
21,features.17,564,active,-0.115605,6.796283e-07,4.155397e-07,0.4677,0.0353,489
21,features.17,565,active,-0.063985,3.493246e-07,1.367979e-07,0.2404,0.0116,489
21,features.17,566,pruned_before,nan,0.000000e+00,0.000000e+00,0.0000,0.0000,0
21,features.17,567,active,-0.047401,2.494694e-07,6.900829e-08,0.1717,0.0059,489
21,features.17,568,pruned_before,nan,0.000000e+00,0.000000e+00,0.0000,0.0000,0
21,features.17,569,active,-0.046710,3.361005e-07,3.814498e-07,0.2313,0.0324,489
21,features.17,570,active,-0.123371,6.242632e-07,9.266887e-08,0.4296,0.0079,489
21,features.17,571,active,-0.046320,2.508527e-07,9.197965e-08,0.1726,0.0078,489
21,features.17,572,active,-0.010592,7.625781e-08,8.664719e-08,0.0525,0.0074,489
21,features.17,573,pruned_before,nan,0.000000e+00,0.000000e+00,0.0000,0.0000,0
21,features.17,574,active,-0.056478,2.961019e-07,7.825614e-08,0.2038,0.0066,489
21,features.17,575,active,-0.074239,3.725876e-07,4.511554e-08,0.2564,0.0038,489
21,features.17,576,active,-0.048746,2.456728e-07,3.319154e-08,0.1691,0.0028,489
21,features.17,577,active,-0.016854,9.367140e-08,4.178919e-08,0.0645,0.0035,489
21,features.17,578,active,-0.026868,2.736030e-07,4.981534e-07,0.1883,0.0423,489
21,features.17,579,pruned_before,nan,0.000000e+00,0.000000e+00,0.0000,0.0000,0
21,features.17,580,active,-0.062643,3.538146e-07,1.749744e-07,0.2435,0.0149,489
21,features.17,581,active,-0.017237,8.869917e-08,1.808959e-08,0.0610,0.0015,489
21,features.17,582,active,-0.116396,6.009762e-07,1.291227e-07,0.4136,0.0110,489
21,features.17,583,pruned_now,-0.146494,7.546423e-07,1.564754e-07,0.5193,0.0133,489
21,features.17,584,pruned_before,nan,0.000000e+00,0.000000e+00,0.0000,0.0000,0
21,features.17,585,active,-0.016022,8.406622e-08,2.243655e-08,0.0579,0.0019,489
21,features.17,586,active,-0.006939,8.821129e-08,1.895874e-07,0.0607,0.0161,489
21,features.17,587,pruned_before,nan,0.000000e+00,0.000000e+00,0.0000,0.0000,0
21,features.17,588,active,-0.024778,1.258898e-07,2.038077e-08,0.0866,0.0017,489
21,features.17,589,active,-0.029141,3.369997e-07,6.800657e-07,0.2319,0.0578,489
21,features.17,590,pruned_before,nan,0.000000e+00,0.000000e+00,0.0000,0.0000,0
21,features.17,591,active,-0.023010,1.198307e-07,2.908002e-08,0.0825,0.0025,489
21,features.17,592,active,-0.030274,1.639411e-07,6.007258e-08,0.1128,0.0051,489
21,features.17,593,active,-0.006510,3.457284e-08,1.055888e-08,0.0238,0.0009,489
21,features.17,594,active,-0.043827,2.160334e-07,1.301802e-08,0.1487,0.0011,489
21,features.17,595,active,-0.041716,2.318718e-07,1.035052e-07,0.1596,0.0088,489
21,features.17,596,pruned_before,nan,0.000000e+00,0.000000e+00,0.0000,0.0000,0
21,features.17,597,active,-0.039433,2.086983e-07,6.144023e-08,0.1436,0.0052,489
21,features.17,598,active,-0.062769,3.758248e-07,2.492808e-07,0.2586,0.0212,489
21,features.17,599,active,-0.025086,1.455196e-07,8.336253e-08,0.1001,0.0071,489
21,features.17,600,pruned_before,nan,0.000000e+00,0.000000e+00,0.0000,0.0000,0
21,features.17,601,pruned_before,nan,0.000000e+00,0.000000e+00,0.0000,0.0000,0
21,features.17,602,active,-0.061234,3.050145e-07,2.920688e-08,0.2099,0.0025,489
21,features.17,603,pruned_before,nan,0.000000e+00,0.000000e+00,0.0000,0.0000,0
21,features.17,604,pruned_before,nan,0.000000e+00,0.000000e+00,0.0000,0.0000,0
21,features.17,605,active,-0.021970,1.921299e-07,2.976316e-07,0.1322,0.0253,489
21,features.17,606,active,-0.017966,1.707709e-07,2.908131e-07,0.1175,0.0247,489
21,features.17,607,pruned_before,nan,0.000000e+00,0.000000e+00,0.0000,0.0000,0
21,features.17,608,active,-0.110068,5.439459e-07,3.752071e-08,0.3743,0.0032,489
21,features.17,609,protected,0.008892,1.453122e-06,5.195394e-06,1.0000,0.4413,489
21,features.17,610,pruned_before,nan,0.000000e+00,0.000000e+00,0.0000,0.0000,0
21,features.17,611,pruned_before,nan,0.000000e+00,0.000000e+00,0.0000,0.0000,0
21,features.17,612,active,-0.019598,1.024202e-07,2.601471e-08,0.0705,0.0022,489
21,features.17,613,active,-0.032050,1.592781e-07,1.401688e-08,0.1096,0.0012,489
21,features.17,614,active,-0.000213,1.801862e-08,5.898146e-08,0.0124,0.0050,489
21,features.17,615,active,-0.054910,3.274659e-07,2.135453e-07,0.2254,0.0181,489
21,features.17,616,active,-0.048736,2.582658e-07,7.709738e-08,0.1777,0.0065,489
21,features.17,617,pruned_before,nan,0.000000e+00,0.000000e+00,0.0000,0.0000,0
21,features.17,618,active,-0.025258,1.553452e-07,1.145958e-07,0.1069,0.0097,489
21,features.17,619,active,-0.017655,9.378666e-08,2.872541e-08,0.0645,0.0024,489
21,features.17,620,pruned_before,nan,0.000000e+00,0.000000e+00,0.0000,0.0000,0
21,features.17,621,active,-0.025583,1.786853e-07,1.901831e-07,0.1230,0.0162,489
21,features.17,622,active,-0.047270,2.395091e-07,3.661347e-08,0.1648,0.0031,489
21,features.17,623,pruned_before,nan,0.000000e+00,0.000000e+00,0.0000,0.0000,0
21,features.17,624,active,-0.109591,5.436971e-07,4.467719e-08,0.3742,0.0038,489
21,features.17,625,active,-0.060930,2.985556e-07,1.189185e-08,0.2055,0.0010,489
21,features.17,626,active,-0.019314,1.161256e-07,7.838416e-08,0.0799,0.0067,489
21,features.17,627,active,-0.005549,1.674845e-07,4.882514e-07,0.1153,0.0415,489
21,features.17,628,active,-0.037065,2.414279e-07,2.149200e-07,0.1661,0.0183,489
21,features.17,629,active,-0.027518,1.442129e-07,3.792915e-08,0.0992,0.0032,489
21,features.17,630,active,-0.030453,1.511650e-07,1.270558e-08,0.1040,0.0011,489
21,features.17,631,active,-0.026148,1.366774e-07,3.481142e-08,0.0941,0.0030,489
21,features.17,632,pruned_before,nan,0.000000e+00,0.000000e+00,0.0000,0.0000,0
21,features.17,633,active,-0.030492,1.595012e-07,4.098659e-08,0.1098,0.0035,489
21,features.17,634,active,-0.025286,1.273707e-07,1.698998e-08,0.0877,0.0014,489
21,features.17,635,pruned_before,nan,0.000000e+00,0.000000e+00,0.0000,0.0000,0
21,features.17,636,pruned_before,nan,0.000000e+00,0.000000e+00,0.0000,0.0000,0
21,features.17,637,pruned_before,nan,0.000000e+00,0.000000e+00,0.0000,0.0000,0
21,features.17,638,active,-0.011725,5.846820e-08,5.809997e-09,0.0402,0.0005,489
21,features.17,639,pruned_before,nan,0.000000e+00,0.000000e+00,0.0000,0.0000,0
21,features.17,640,active,-0.051115,2.697364e-07,7.691580e-08,0.1856,0.0065,489
21,features.17,641,active,-0.019990,1.153887e-07,6.446378e-08,0.0794,0.0055,489
21,features.17,642,active,-0.024975,1.228353e-07,6.465929e-09,0.0845,0.0005,489
21,features.17,643,pruned_before,nan,0.000000e+00,0.000000e+00,0.0000,0.0000,0
21,features.17,644,active,-0.028078,1.577918e-07,7.566759e-08,0.1086,0.0064,489
21,features.17,645,active,-0.030200,1.488519e-07,8.934677e-09,0.1024,0.0008,489
21,features.17,646,active,-0.049283,2.442976e-07,1.938511e-08,0.1681,0.0016,489
21,features.17,647,active,-0.006411,7.139446e-08,1.400816e-07,0.0491,0.0119,489
21,features.17,648,active,-0.003439,1.864980e-08,6.917451e-09,0.0128,0.0006,489
21,features.17,649,active,-0.031351,1.599668e-07,2.816444e-08,0.1101,0.0024,489
21,features.17,650,active,-0.020105,9.998723e-08,9.048916e-09,0.0688,0.0008,489
21,features.17,651,pruned_before,nan,0.000000e+00,0.000000e+00,0.0000,0.0000,0
21,features.17,652,pruned_before,nan,0.000000e+00,0.000000e+00,0.0000,0.0000,0
21,features.17,653,active,-0.057652,2.854489e-07,2.152390e-08,0.1964,0.0018,489
21,features.17,654,pruned_before,nan,0.000000e+00,0.000000e+00,0.0000,0.0000,0
21,features.17,655,pruned_before,nan,0.000000e+00,0.000000e+00,0.0000,0.0000,0
21,features.17,656,active,-0.137220,6.959964e-07,1.088177e-07,0.4790,0.0092,489
21,features.17,657,pruned_before,nan,0.000000e+00,0.000000e+00,0.0000,0.0000,0
21,features.17,658,pruned_before,nan,0.000000e+00,0.000000e+00,0.0000,0.0000,0
21,features.17,659,active,-0.044449,2.241638e-07,3.077753e-08,0.1543,0.0026,489
21,features.17,660,pruned_before,nan,0.000000e+00,0.000000e+00,0.0000,0.0000,0
21,features.17,661,active,-0.054135,2.676055e-07,1.871215e-08,0.1842,0.0016,489
21,features.17,662,pruned_before,nan,0.000000e+00,0.000000e+00,0.0000,0.0000,0
21,features.17,663,active,-0.097852,4.921412e-07,6.310228e-08,0.3387,0.0054,489
21,features.17,664,active,-0.054662,2.741844e-07,3.269272e-08,0.1887,0.0028,489
21,features.17,665,active,-0.075849,4.092018e-07,1.451801e-07,0.2816,0.0123,489
21,features.17,666,active,-0.012276,8.615060e-08,9.266653e-08,0.0593,0.0079,489
21,features.17,667,pruned_before,nan,0.000000e+00,0.000000e+00,0.0000,0.0000,0
21,features.17,668,active,-0.054093,2.644223e-07,8.375769e-09,0.1820,0.0007,489
21,features.17,669,active,-0.009275,5.212865e-08,2.501297e-08,0.0359,0.0021,489
21,features.17,670,pruned_before,nan,0.000000e+00,0.000000e+00,0.0000,0.0000,0
21,features.17,671,active,-0.012099,6.024638e-08,5.696475e-09,0.0415,0.0005,489
21,features.17,672,active,-0.037691,2.121867e-07,1.028552e-07,0.1460,0.0087,489
21,features.17,673,active,-0.038587,2.048708e-07,6.238478e-08,0.1410,0.0053,489
21,features.17,674,active,-0.008925,4.567637e-08,8.489195e-09,0.0314,0.0007,489
21,features.17,675,pruned_before,nan,0.000000e+00,0.000000e+00,0.0000,0.0000,0
21,features.17,676,active,-0.006886,3.567665e-08,8.063127e-09,0.0246,0.0007,489
21,features.17,677,active,-0.016490,8.151905e-08,5.715063e-09,0.0561,0.0005,489
21,features.17,678,pruned_now,-0.175877,9.969750e-07,5.037566e-07,0.6861,0.0428,489
21,features.17,679,active,-0.029971,1.739723e-07,1.000080e-07,0.1197,0.0085,489
21,features.17,680,active,0.046383,2.397649e-08,8.633947e-07,0.0165,0.0733,489
21,features.17,681,pruned_before,nan,0.000000e+00,0.000000e+00,0.0000,0.0000,0
21,features.17,682,active,-0.032755,1.604413e-07,6.195910e-09,0.1104,0.0005,489
21,features.17,683,active,-0.043301,2.329701e-07,8.066023e-08,0.1603,0.0069,489
21,features.17,684,active,-0.064161,3.165530e-07,2.004558e-08,0.2178,0.0017,489
21,features.17,685,active,-0.086148,4.478567e-07,1.061709e-07,0.3082,0.0090,489
21,features.17,686,active,-0.009650,6.025500e-08,4.692309e-08,0.0415,0.0040,489
21,features.17,687,active,-0.020725,1.258740e-07,8.850828e-08,0.0866,0.0075,489
21,features.17,688,pruned_before,nan,0.000000e+00,0.000000e+00,0.0000,0.0000,0
21,features.17,689,pruned_before,nan,0.000000e+00,0.000000e+00,0.0000,0.0000,0
21,features.17,690,active,-0.035728,1.789638e-07,2.051803e-08,0.1232,0.0017,489
21,features.17,691,active,-0.040647,2.106571e-07,4.782905e-08,0.1450,0.0041,489
21,features.17,692,active,-0.036030,1.769149e-07,8.317274e-09,0.1217,0.0007,489
21,features.17,693,pruned_before,nan,0.000000e+00,0.000000e+00,0.0000,0.0000,0
21,features.17,694,active,-0.028596,1.424306e-07,1.360070e-08,0.0980,0.0012,489
21,features.17,695,pruned_before,nan,0.000000e+00,0.000000e+00,0.0000,0.0000,0
21,features.17,696,active,-0.013137,6.657173e-08,1.020431e-08,0.0458,0.0009,489
21,features.17,697,pruned_now,-0.221049,1.129911e-06,2.055863e-07,0.7776,0.0175,489
21,features.17,698,active,-0.052238,2.579459e-07,1.708190e-08,0.1775,0.0015,489
21,features.17,699,active,-0.037841,1.890220e-07,1.990250e-08,0.1301,0.0017,489
21,features.17,700,active,-0.028244,1.413832e-07,1.588418e-08,0.0973,0.0013,489
21,features.17,701,active,-0.033724,1.791320e-07,5.479829e-08,0.1233,0.0047,489
21,features.17,702,active,-0.067587,4.064036e-07,2.744301e-07,0.2797,0.0233,489
21,features.17,703,active,-0.066888,3.630665e-07,1.356998e-07,0.2499,0.0115,489
21,features.17,704,active,-0.086532,4.444987e-07,8.806465e-08,0.3059,0.0075,489
21,features.17,705,active,-0.087643,5.348140e-07,3.829915e-07,0.3680,0.0325,489
21,features.17,706,pruned_before,nan,0.000000e+00,0.000000e+00,0.0000,0.0000,0
21,features.17,707,active,-0.004266,2.485049e-08,1.453724e-08,0.0171,0.0012,489
21,features.17,708,active,-0.114450,5.833353e-07,1.005854e-07,0.4014,0.0085,489
21,features.17,709,active,-0.068254,4.098989e-07,2.753453e-07,0.2821,0.0234,489
21,features.17,710,pruned_before,nan,0.000000e+00,0.000000e+00,0.0000,0.0000,0
21,features.17,711,active,-0.001733,2.496798e-08,5.754666e-08,0.0172,0.0049,489
21,features.17,712,pruned_before,nan,0.000000e+00,0.000000e+00,0.0000,0.0000,0
21,features.17,713,active,-0.020801,1.070628e-07,2.190873e-08,0.0737,0.0019,489
21,features.17,714,pruned_before,nan,0.000000e+00,0.000000e+00,0.0000,0.0000,0
21,features.17,715,active,-0.014048,7.355421e-08,1.912447e-08,0.0506,0.0016,489
21,features.17,716,pruned_before,nan,0.000000e+00,0.000000e+00,0.0000,0.0000,0
21,features.17,717,active,-0.021055,1.147977e-07,4.448952e-08,0.0790,0.0038,489
21,features.17,718,active,-0.008726,4.482965e-08,8.908528e-09,0.0309,0.0008,489
21,features.17,719,active,-0.045744,2.409767e-07,6.737625e-08,0.1658,0.0057,489
21,features.17,720,active,-0.010607,7.305934e-08,7.528489e-08,0.0503,0.0064,489
21,features.17,721,active,-0.017531,9.207459e-08,2.485635e-08,0.0634,0.0021,489
21,features.17,722,active,-0.091744,4.521879e-07,2.709114e-08,0.3112,0.0023,489
21,features.17,723,active,-0.079192,4.496858e-07,2.295210e-07,0.3095,0.0195,489
21,features.17,724,active,-0.080962,4.346232e-07,1.474545e-07,0.2991,0.0125,489
21,features.17,725,pruned_before,nan,0.000000e+00,0.000000e+00,0.0000,0.0000,0
21,features.17,726,pruned_before,nan,0.000000e+00,0.000000e+00,0.0000,0.0000,0
21,features.17,727,pruned_before,nan,0.000000e+00,0.000000e+00,0.0000,0.0000,0
21,features.17,728,pruned_before,nan,0.000000e+00,0.000000e+00,0.0000,0.0000,0
21,features.17,729,pruned_before,nan,0.000000e+00,0.000000e+00,0.0000,0.0000,0
21,features.17,730,active,-0.028192,1.723332e-07,1.242413e-07,0.1186,0.0106,489
21,features.17,731,pruned_before,nan,0.000000e+00,0.000000e+00,0.0000,0.0000,0
21,features.17,732,active,-0.091764,4.942951e-07,1.729670e-07,0.3402,0.0147,489
21,features.17,733,active,-0.079316,4.126991e-07,9.900504e-08,0.2840,0.0084,489
21,features.17,734,active,-0.007767,4.033442e-08,9.426862e-09,0.0278,0.0008,489
21,features.17,735,pruned_before,nan,0.000000e+00,0.000000e+00,0.0000,0.0000,0
21,features.17,736,active,-0.057112,3.865267e-07,3.815909e-07,0.2660,0.0324,489
21,features.17,737,active,-0.048975,2.402234e-07,1.042835e-08,0.1653,0.0009,489
21,features.17,738,active,-0.039892,1.993058e-07,2.111483e-08,0.1372,0.0018,489
21,features.17,739,active,-0.006430,3.440254e-08,1.130721e-08,0.0237,0.0010,489
21,features.17,740,pruned_before,nan,0.000000e+00,0.000000e+00,0.0000,0.0000,0
21,features.17,741,active,-0.026393,1.446220e-07,5.826308e-08,0.0995,0.0049,489
21,features.17,742,active,-0.016628,8.521204e-08,1.622461e-08,0.0586,0.0014,489
21,features.17,743,pruned_before,nan,0.000000e+00,0.000000e+00,0.0000,0.0000,0
21,features.17,744,pruned_now,-0.264374,1.287711e-06,2.483529e-08,0.8862,0.0021,489
21,features.17,745,pruned_before,nan,0.000000e+00,0.000000e+00,0.0000,0.0000,0
21,features.17,746,active,-0.019084,9.565837e-08,1.118642e-08,0.0658,0.0010,489
21,features.17,747,pruned_before,nan,0.000000e+00,0.000000e+00,0.0000,0.0000,0
21,features.17,748,active,-0.063764,3.252727e-07,5.700116e-08,0.2238,0.0048,489
21,features.17,749,pruned_before,nan,0.000000e+00,0.000000e+00,0.0000,0.0000,0
21,features.17,750,active,-0.025946,1.750976e-07,1.716150e-07,0.1205,0.0146,489
21,features.17,751,active,-0.006078,3.187470e-08,8.456685e-09,0.0219,0.0007,489
21,features.17,752,pruned_before,nan,0.000000e+00,0.000000e+00,0.0000,0.0000,0
21,features.17,753,pruned_before,nan,0.000000e+00,0.000000e+00,0.0000,0.0000,0
21,features.17,754,pruned_before,nan,0.000000e+00,0.000000e+00,0.0000,0.0000,0
21,features.17,755,active,-0.026438,1.416128e-07,4.706833e-08,0.0975,0.0040,489
21,features.17,756,active,-0.052169,2.554421e-07,9.541110e-09,0.1758,0.0008,489
21,features.17,757,active,-0.020253,1.006512e-07,8.852965e-09,0.0693,0.0008,489
21,features.17,758,active,-0.030134,2.143450e-07,2.374492e-07,0.1475,0.0202,489
21,features.17,759,pruned_before,nan,0.000000e+00,0.000000e+00,0.0000,0.0000,0
21,features.17,760,active,-0.071224,3.502994e-07,1.842760e-08,0.2411,0.0016,489
21,features.17,761,active,-0.016174,8.817618e-08,3.415320e-08,0.0607,0.0029,489
21,features.17,762,active,-0.017653,1.074485e-07,7.619835e-08,0.0739,0.0065,489
21,features.17,763,active,-0.037448,1.948224e-07,4.665410e-08,0.1341,0.0040,489
21,features.17,764,pruned_before,nan,0.000000e+00,0.000000e+00,0.0000,0.0000,0
21,features.17,765,active,-0.024908,1.230125e-07,8.212677e-09,0.0847,0.0007,489
21,features.17,766,active,-0.037064,2.173512e-07,1.313412e-07,0.1496,0.0112,489
21,features.17,767,active,-0.007373,3.764964e-08,6.726142e-09,0.0259,0.0006,489
21,features.17,768,pruned_before,nan,0.000000e+00,0.000000e+00,0.0000,0.0000,0
21,features.17,769,pruned_now,-0.167663,8.590113e-07,1.628368e-07,0.5911,0.0138,489
21,features.17,770,active,-0.088474,7.034434e-07,9.545520e-07,0.4841,0.0811,489
21,features.17,771,active,-0.015785,7.864925e-08,7.606047e-09,0.0541,0.0006,489
21,features.17,772,active,-0.064156,3.695501e-07,2.041588e-07,0.2543,0.0173,489
21,features.17,773,active,-0.002616,1.776835e-08,1.770328e-08,0.0122,0.0015,489
21,features.17,774,pruned_before,nan,0.000000e+00,0.000000e+00,0.0000,0.0000,0
21,features.17,775,active,-0.021807,1.084720e-07,9.882212e-09,0.0746,0.0008,489
21,features.17,776,active,-0.016513,8.483398e-08,1.684495e-08,0.0584,0.0014,489
21,features.17,777,active,-0.033627,1.779572e-07,5.235205e-08,0.1225,0.0044,489
21,features.17,778,active,0.085954,2.467632e-07,2.302557e-06,0.1698,0.1956,489
21,features.17,779,pruned_before,nan,0.000000e+00,0.000000e+00,0.0000,0.0000,0
21,features.17,780,pruned_before,nan,0.000000e+00,0.000000e+00,0.0000,0.0000,0
21,features.17,781,active,-0.012532,8.573487e-08,8.692760e-08,0.0590,0.0074,489
21,features.17,782,pruned_before,nan,0.000000e+00,0.000000e+00,0.0000,0.0000,0
21,features.17,783,active,-0.055646,2.765900e-07,2.450624e-08,0.1903,0.0021,489
21,features.17,784,active,-0.132069,6.526533e-07,4.495241e-08,0.4491,0.0038,489
21,features.17,785,active,-0.047764,2.409191e-07,3.320147e-08,0.1658,0.0028,489
21,features.17,786,active,-0.014345,7.756983e-08,2.808159e-08,0.0534,0.0024,489
21,features.17,787,pruned_now,-0.170220,9.007658e-07,2.648184e-07,0.6199,0.0225,489
21,features.17,788,active,-0.069056,3.467214e-07,4.247035e-08,0.2386,0.0036,489
21,features.17,789,active,-0.007221,3.759642e-08,9.096228e-09,0.0259,0.0008,489
21,features.17,790,active,-0.088261,4.500017e-07,7.807964e-08,0.3097,0.0066,489
21,features.17,791,active,-0.009337,4.857068e-08,1.160702e-08,0.0334,0.0010,489
21,features.17,792,active,-0.075334,4.569531e-07,3.196476e-07,0.3145,0.0271,489
21,features.17,793,active,-0.038963,3.150085e-07,4.384968e-07,0.2168,0.0372,489
21,features.17,794,active,-0.033805,2.842078e-07,4.183037e-07,0.1956,0.0355,489
21,features.17,795,pruned_before,nan,0.000000e+00,0.000000e+00,0.0000,0.0000,0
21,features.17,796,active,-0.119026,6.263672e-07,1.730436e-07,0.4310,0.0147,489
21,features.17,797,active,-0.041341,2.142904e-07,4.877272e-08,0.1475,0.0041,489
21,features.17,798,active,-0.039969,1.966796e-07,1.068858e-08,0.1353,0.0009,489
21,features.17,799,active,-0.010647,5.966476e-08,2.810265e-08,0.0411,0.0024,489
21,features.17,800,active,-0.075764,3.802795e-07,4.617669e-08,0.2617,0.0039,489
21,features.17,801,active,-0.060099,2.979227e-07,2.367656e-08,0.2050,0.0020,489
21,features.17,802,active,-0.057500,2.961903e-07,6.137705e-08,0.2038,0.0052,489
21,features.17,803,pruned_now,-0.146137,7.331812e-07,8.795203e-08,0.5046,0.0075,489
21,features.17,804,active,-0.070651,3.515009e-07,3.223734e-08,0.2419,0.0027,489
21,features.17,805,active,-0.031210,1.541162e-07,1.021123e-08,0.1061,0.0009,489
21,features.17,806,active,-0.051455,2.559576e-07,2.334524e-08,0.1761,0.0020,489
21,features.17,807,pruned_before,nan,0.000000e+00,0.000000e+00,0.0000,0.0000,0
21,features.17,808,active,-0.000192,7.362230e-08,2.524110e-07,0.0507,0.0214,489
21,features.17,809,active,-0.094519,4.735259e-07,5.452067e-08,0.3259,0.0046,489
21,features.17,810,active,-0.033198,1.636361e-07,9.834770e-09,0.1126,0.0008,489
21,features.17,811,active,-0.052665,2.613164e-07,2.160525e-08,0.1798,0.0018,489
21,features.17,812,active,-0.067477,3.346274e-07,2.704501e-08,0.2303,0.0023,489
21,features.17,813,active,-0.033938,1.696644e-07,1.832628e-08,0.1168,0.0016,489
21,features.17,814,active,-0.092824,4.553986e-07,2.008415e-08,0.3134,0.0017,489
21,features.17,815,active,-0.025278,1.294831e-07,2.444822e-08,0.0891,0.0021,489
21,features.17,816,active,-0.081571,4.048595e-07,3.385911e-08,0.2786,0.0029,489
21,features.17,817,active,-0.007052,3.757449e-08,1.185539e-08,0.0259,0.0010,489
21,features.17,818,pruned_before,nan,0.000000e+00,0.000000e+00,0.0000,0.0000,0
21,features.17,819,pruned_now,-0.176050,8.787968e-07,9.047925e-08,0.6048,0.0077,489
21,features.17,820,active,-0.056259,2.772397e-07,1.644774e-08,0.1908,0.0014,489
21,features.17,821,active,-0.050079,2.523237e-07,3.386254e-08,0.1736,0.0029,489
21,features.17,822,active,-0.030766,1.516416e-07,9.087881e-09,0.1044,0.0008,489
21,features.17,823,active,-0.027143,1.521271e-07,7.172527e-08,0.1047,0.0061,489
21,features.17,824,active,-0.001167,3.133065e-08,8.916493e-08,0.0216,0.0076,489
21,features.17,825,active,-0.013084,7.256920e-08,3.192310e-08,0.0499,0.0027,489
21,features.17,826,active,-0.074211,3.635983e-07,1.437816e-08,0.2502,0.0012,489
21,features.17,827,active,-0.052613,3.859383e-07,4.552152e-07,0.2656,0.0387,489
21,features.17,828,active,-0.056216,2.763319e-07,1.401222e-08,0.1902,0.0012,489
21,features.17,829,pruned_before,nan,0.000000e+00,0.000000e+00,0.0000,0.0000,0
21,features.17,830,active,-0.029247,1.456980e-07,1.401198e-08,0.1003,0.0012,489
21,features.17,831,active,-0.043723,2.526574e-07,1.419250e-07,0.1739,0.0121,489
21,features.17,832,active,-0.082436,4.133512e-07,4.878850e-08,0.2845,0.0041,489
21,features.17,833,active,-0.004421,3.131822e-08,3.439225e-08,0.0216,0.0029,489
21,features.17,834,pruned_before,nan,0.000000e+00,0.000000e+00,0.0000,0.0000,0
21,features.17,835,active,-0.026903,1.396338e-07,3.236537e-08,0.0961,0.0027,489
21,features.17,836,active,-0.035291,1.781142e-07,2.490500e-08,0.1226,0.0021,489
21,features.17,837,pruned_now,-0.166352,8.325651e-07,9.305995e-08,0.5729,0.0079,489
21,features.17,838,active,-0.009728,4.990456e-08,9.663278e-09,0.0343,0.0008,489
21,features.17,839,pruned_now,-0.160064,8.131362e-07,1.313591e-07,0.5596,0.0112,489
21,features.17,840,active,-0.015206,7.720041e-08,1.232225e-08,0.0531,0.0010,489
21,features.17,841,pruned_before,nan,0.000000e+00,0.000000e+00,0.0000,0.0000,0
21,features.17,842,active,-0.010496,5.603342e-08,1.803466e-08,0.0386,0.0015,489
21,features.17,843,active,-0.032061,2.073167e-07,1.806369e-07,0.1427,0.0153,489
21,features.17,844,pruned_before,nan,0.000000e+00,0.000000e+00,0.0000,0.0000,0
21,features.17,845,active,-0.007525,3.885894e-08,8.367232e-09,0.0267,0.0007,489
21,features.17,846,active,0.009256,2.365364e-08,2.378092e-07,0.0163,0.0202,489
21,features.17,847,pruned_before,nan,0.000000e+00,0.000000e+00,0.0000,0.0000,0
21,features.17,848,active,-0.041931,2.182643e-07,5.264182e-08,0.1502,0.0045,489
21,features.17,849,pruned_before,nan,0.000000e+00,0.000000e+00,0.0000,0.0000,0
21,features.17,850,pruned_before,nan,0.000000e+00,0.000000e+00,0.0000,0.0000,0
21,features.17,851,active,-0.050800,2.672288e-07,7.350561e-08,0.1839,0.0062,489
21,features.17,852,active,-0.026827,1.417123e-07,4.086924e-08,0.0975,0.0035,489
21,features.17,853,active,-0.121279,6.266897e-07,1.362726e-07,0.4313,0.0116,489
21,features.17,854,active,-0.063550,3.443539e-07,1.268573e-07,0.2370,0.0108,489
21,features.17,855,active,-0.026223,1.463284e-07,6.705956e-08,0.1007,0.0057,489
21,features.17,856,pruned_before,nan,0.000000e+00,0.000000e+00,0.0000,0.0000,0
21,features.17,857,active,-0.083562,4.432499e-07,1.336712e-07,0.3050,0.0114,489
21,features.17,858,active,-0.014414,8.165903e-08,4.112114e-08,0.0562,0.0035,489
21,features.17,859,pruned_before,nan,0.000000e+00,0.000000e+00,0.0000,0.0000,0
21,features.17,860,pruned_before,nan,0.000000e+00,0.000000e+00,0.0000,0.0000,0
21,features.17,861,active,-0.072865,3.720682e-07,6.642527e-08,0.2560,0.0056,489
21,features.17,862,active,-0.055034,4.274040e-07,5.584727e-07,0.2941,0.0474,489
21,features.17,863,active,-0.099261,5.516189e-07,2.459227e-07,0.3796,0.0209,489
21,features.17,864,active,-0.031015,1.680657e-07,6.193223e-08,0.1157,0.0053,489
21,features.17,865,active,-0.036467,1.855378e-07,3.090662e-08,0.1277,0.0026,489
21,features.17,866,active,-0.033610,1.690655e-07,2.176929e-08,0.1163,0.0018,489
21,features.17,867,active,-0.042856,2.255359e-07,6.233352e-08,0.1552,0.0053,489
21,features.17,868,active,-0.012984,1.212735e-07,2.027223e-07,0.0835,0.0172,489
21,features.17,869,active,-0.031055,2.301612e-07,2.768816e-07,0.1584,0.0235,489
21,features.17,870,active,-0.035392,1.889048e-07,6.067632e-08,0.1300,0.0052,489
21,features.17,871,pruned_before,nan,0.000000e+00,0.000000e+00,0.0000,0.0000,0
21,features.17,872,pruned_before,nan,0.000000e+00,0.000000e+00,0.0000,0.0000,0
21,features.17,873,pruned_before,nan,0.000000e+00,0.000000e+00,0.0000,0.0000,0
21,features.17,874,active,-0.008976,7.681557e-08,1.157570e-07,0.0529,0.0098,489
21,features.17,875,active,-0.017630,8.998482e-08,1.593136e-08,0.0619,0.0014,489
21,features.17,876,active,-0.056011,3.391707e-07,2.356603e-07,0.2334,0.0200,489
21,features.17,877,pruned_now,-0.150889,7.659776e-07,1.219237e-07,0.5271,0.0104,489
21,features.17,878,active,-0.025061,1.494783e-07,9.753474e-08,0.1029,0.0083,489
21,features.17,879,pruned_before,nan,0.000000e+00,0.000000e+00,0.0000,0.0000,0
21,features.17,880,active,-0.008859,4.500879e-08,7.280744e-09,0.0310,0.0006,489
21,features.17,881,active,-0.035476,1.985689e-07,9.282428e-08,0.1366,0.0079,489
21,features.17,882,active,-0.020194,1.147449e-07,5.878651e-08,0.0790,0.0050,489
21,features.17,883,active,-0.033328,1.705302e-07,3.158483e-08,0.1174,0.0027,489
21,features.17,884,active,-0.077724,3.865511e-07,3.498749e-08,0.2660,0.0030,489
21,features.17,885,active,-0.118999,6.094667e-07,1.148178e-07,0.4194,0.0098,489
21,features.17,886,active,-0.047216,2.718553e-07,1.498418e-07,0.1871,0.0127,489
21,features.17,887,active,-0.000027,1.409008e-10,3.508876e-11,0.0001,0.0000,489
21,features.17,888,active,-0.021108,1.746839e-07,2.515503e-07,0.1202,0.0214,489
21,features.17,889,pruned_before,nan,0.000000e+00,0.000000e+00,0.0000,0.0000,0
21,features.17,890,active,-0.024972,1.266282e-07,1.968096e-08,0.0871,0.0017,489
21,features.17,891,pruned_before,nan,0.000000e+00,0.000000e+00,0.0000,0.0000,0
21,features.17,892,pruned_before,nan,0.000000e+00,0.000000e+00,0.0000,0.0000,0
21,features.17,893,active,-0.033809,1.674999e-07,1.298397e-08,0.1153,0.0011,489
21,features.17,894,active,-0.010238,5.304376e-08,1.199389e-08,0.0365,0.0010,489
21,features.17,895,active,-0.009502,8.710021e-08,1.426299e-07,0.0599,0.0121,489
21,features.17,896,active,-0.048122,2.441326e-07,3.833927e-08,0.1680,0.0033,489
21,features.17,897,active,-0.035476,1.754089e-07,1.240971e-08,0.1207,0.0011,489
21,features.17,898,pruned_before,nan,0.000000e+00,0.000000e+00,0.0000,0.0000,0
21,features.17,899,pruned_before,nan,0.000000e+00,0.000000e+00,0.0000,0.0000,0
21,features.17,900,pruned_before,nan,0.000000e+00,0.000000e+00,0.0000,0.0000,0
21,features.17,901,active,-0.107378,5.340515e-07,4.840522e-08,0.3675,0.0041,489
21,features.17,902,active,-0.062894,3.246320e-07,6.940713e-08,0.2234,0.0059,489
21,features.17,903,active,-0.096366,4.777771e-07,3.822184e-08,0.3288,0.0032,489
21,features.17,904,active,-0.009690,5.555848e-08,2.994268e-08,0.0382,0.0025,489
21,features.17,905,pruned_before,nan,0.000000e+00,0.000000e+00,0.0000,0.0000,0
21,features.17,906,pruned_before,nan,0.000000e+00,0.000000e+00,0.0000,0.0000,0
21,features.17,907,pruned_before,nan,0.000000e+00,0.000000e+00,0.0000,0.0000,0
21,features.17,908,pruned_before,nan,0.000000e+00,0.000000e+00,0.0000,0.0000,0
21,features.17,909,active,-0.039688,1.958742e-07,1.262672e-08,0.1348,0.0011,489
21,features.17,910,active,-0.029026,1.636726e-07,8.013895e-08,0.1126,0.0068,489
21,features.17,911,pruned_now,-0.169272,9.163763e-07,3.349710e-07,0.6306,0.0285,489
21,features.17,912,active,-0.009333,4.932282e-08,1.428860e-08,0.0339,0.0012,489
21,features.17,913,active,-0.075293,3.780050e-07,4.619294e-08,0.2601,0.0039,489
21,features.17,914,pruned_before,nan,0.000000e+00,0.000000e+00,0.0000,0.0000,0
21,features.17,915,pruned_before,nan,0.000000e+00,0.000000e+00,0.0000,0.0000,0
21,features.17,916,active,-0.018197,9.023454e-08,7.268202e-09,0.0621,0.0006,489
21,features.17,917,pruned_before,nan,0.000000e+00,0.000000e+00,0.0000,0.0000,0
21,features.17,918,active,-0.043510,2.159878e-07,1.819177e-08,0.1486,0.0015,489
21,features.17,919,active,-0.008263,8.863781e-08,1.688098e-07,0.0610,0.0143,489
21,features.17,920,active,-0.025161,1.271960e-07,1.848792e-08,0.0875,0.0016,489
21,features.17,921,active,-0.016475,8.529684e-08,1.908442e-08,0.0587,0.0016,489
21,features.17,922,active,-0.017917,8.964391e-08,9.924370e-09,0.0617,0.0008,489
21,features.17,923,active,-0.005704,2.897141e-08,4.658598e-09,0.0199,0.0004,489
21,features.17,924,pruned_before,nan,0.000000e+00,0.000000e+00,0.0000,0.0000,0
21,features.17,925,active,-0.065502,3.264669e-07,3.191951e-08,0.2247,0.0027,489
21,features.17,926,active,-0.030973,1.691945e-07,6.656243e-08,0.1164,0.0057,489
21,features.17,927,active,-0.076626,3.758570e-07,1.632880e-08,0.2587,0.0014,489
21,features.17,928,pruned_before,nan,0.000000e+00,0.000000e+00,0.0000,0.0000,0
21,features.17,929,pruned_before,nan,0.000000e+00,0.000000e+00,0.0000,0.0000,0
21,features.17,930,active,-0.040653,2.068763e-07,3.460078e-08,0.1424,0.0029,489
21,features.17,931,active,-0.024152,1.228127e-07,2.023768e-08,0.0845,0.0017,489
21,features.17,932,active,-0.045742,2.924174e-07,2.460338e-07,0.2012,0.0209,489
21,features.17,933,active,-0.028603,1.492041e-07,3.701884e-08,0.1027,0.0031,489
21,features.17,934,pruned_before,nan,0.000000e+00,0.000000e+00,0.0000,0.0000,0
21,features.17,935,pruned_before,nan,0.000000e+00,0.000000e+00,0.0000,0.0000,0
21,features.17,936,active,-0.075838,3.975210e-07,1.048084e-07,0.2736,0.0089,489
21,features.17,937,pruned_before,nan,0.000000e+00,0.000000e+00,0.0000,0.0000,0
21,features.17,938,pruned_now,-0.226137,1.263714e-06,5.846351e-07,0.8697,0.0497,489
21,features.17,939,active,-0.023171,1.144085e-07,7.544375e-09,0.0787,0.0006,489
21,features.17,940,active,0.010622,7.192305e-09,2.036256e-07,0.0049,0.0173,489
21,features.17,941,pruned_before,nan,0.000000e+00,0.000000e+00,0.0000,0.0000,0
21,features.17,942,pruned_before,nan,0.000000e+00,0.000000e+00,0.0000,0.0000,0
21,features.17,943,active,-0.057209,2.821200e-07,1.741920e-08,0.1941,0.0015,489
21,features.17,944,active,-0.022908,1.838927e-07,2.532577e-07,0.1265,0.0215,489
21,features.17,945,active,-0.004587,2.440317e-08,7.578758e-09,0.0168,0.0006,489
21,features.17,946,pruned_before,nan,0.000000e+00,0.000000e+00,0.0000,0.0000,0
21,features.17,947,pruned_before,nan,0.000000e+00,0.000000e+00,0.0000,0.0000,0
21,features.17,948,active,-0.068241,3.428441e-07,4.272571e-08,0.2359,0.0036,489
21,features.17,949,active,-0.004827,1.403563e-07,4.061900e-07,0.0966,0.0345,489
21,features.17,950,active,-0.001430,8.430562e-09,5.214321e-09,0.0058,0.0004,489
21,features.17,951,active,-0.016124,1.024247e-07,8.447208e-08,0.0705,0.0072,489
21,features.17,952,active,-0.054346,2.820316e-07,6.525695e-08,0.1941,0.0055,489
21,features.17,953,pruned_before,nan,0.000000e+00,0.000000e+00,0.0000,0.0000,0
21,features.17,954,active,-0.033623,1.735511e-07,3.711905e-08,0.1194,0.0032,489
21,features.17,955,active,-0.005238,2.696682e-08,5.543375e-09,0.0186,0.0005,489
21,features.17,956,active,-0.002615,1.484819e-08,7.569298e-09,0.0102,0.0006,489
21,features.17,957,active,-0.036979,1.963840e-07,5.995928e-08,0.1351,0.0051,489
21,features.17,958,pruned_before,nan,0.000000e+00,0.000000e+00,0.0000,0.0000,0
21,features.17,959,active,-0.047631,2.542625e-07,8.178331e-08,0.1750,0.0069,489
